:0200000460009A
:100000004643464200000156000000000101020084
:1000100000000000000000000000000000000000E0
:1000200000000000000000000000000000000000D0
:1000300000000000000000000000000000000000C0
:1000400000000000010406010000000000000000A4
:100050000000800000000000000000000000000020
:100060000000000000000000000000000000000090
:100070000000000000000000000000000000000080
:10008000EB04180AFF1E04320126000000000000E5
:100090000000000000000000000000000000000060
:1000A0000000000000000000000000000000000050
:1000B0000000000000000000000000000000000040
:1000C0000000000000000000000000000000000030
:1000D0000000000000000000000000000000000020
:1000E0000000000000000000000000000000000010
:1000F0000000000000000000000000000000000000
:1001000000000000000000000000000000000000EF
:1001100000000000000000000000000000000000DF
:1001200000000000000000000000000000000000CF
:1001300000000000000000000000000000000000BF
:1001400000000000000000000000000000000000AF
:10015000000000000000000000000000000000009F
:10016000000000000000000000000000000000008F
:10017000000000000000000000000000000000007F
:10018000000000000000000000000000000000006F
:10019000000000000000000000000000000000005F
:1001A000000000000000000000000000000000004F
:1001B000000000000000000000000000000000003F
:1001C000000100000010000001000000000000001D
:1001D000000001000000000000000000000000001E
:1001E000000000000000000000000000000000000F
:1001F00000000000000000000000000000000000FF
:10020000FFFFFFFFFFFFFFFFFFFFFFFFFFFFFFFFFE
:10021000FFFFFFFFFFFFFFFFFFFFFFFFFFFFFFFFEE
:10022000FFFFFFFFFFFFFFFFFFFFFFFFFFFFFFFFDE
:10023000FFFFFFFFFFFFFFFFFFFFFFFFFFFFFFFFCE
:10024000FFFFFFFFFFFFFFFFFFFFFFFFFFFFFFFFBE
:10025000FFFFFFFFFFFFFFFFFFFFFFFFFFFFFFFFAE
:10026000FFFFFFFFFFFFFFFFFFFFFFFFFFFFFFFF9E
:10027000FFFFFFFFFFFFFFFFFFFFFFFFFFFFFFFF8E
:10028000FFFFFFFFFFFFFFFFFFFFFFFFFFFFFFFF7E
:10029000FFFFFFFFFFFFFFFFFFFFFFFFFFFFFFFF6E
:1002A000FFFFFFFFFFFFFFFFFFFFFFFFFFFFFFFF5E
:1002B000FFFFFFFFFFFFFFFFFFFFFFFFFFFFFFFF4E
:1002C000FFFFFFFFFFFFFFFFFFFFFFFFFFFFFFFF3E
:1002D000FFFFFFFFFFFFFFFFFFFFFFFFFFFFFFFF2E
:1002E000FFFFFFFFFFFFFFFFFFFFFFFFFFFFFFFF1E
:1002F000FFFFFFFFFFFFFFFFFFFFFFFFFFFFFFFF0E
:10030000FFFFFFFFFFFFFFFFFFFFFFFFFFFFFFFFFD
:10031000FFFFFFFFFFFFFFFFFFFFFFFFFFFFFFFFED
:10032000FFFFFFFFFFFFFFFFFFFFFFFFFFFFFFFFDD
:10033000FFFFFFFFFFFFFFFFFFFFFFFFFFFFFFFFCD
:10034000FFFFFFFFFFFFFFFFFFFFFFFFFFFFFFFFBD
:10035000FFFFFFFFFFFFFFFFFFFFFFFFFFFFFFFFAD
:10036000FFFFFFFFFFFFFFFFFFFFFFFFFFFFFFFF9D
:10037000FFFFFFFFFFFFFFFFFFFFFFFFFFFFFFFF8D
:10038000FFFFFFFFFFFFFFFFFFFFFFFFFFFFFFFF7D
:10039000FFFFFFFFFFFFFFFFFFFFFFFFFFFFFFFF6D
:1003A000FFFFFFFFFFFFFFFFFFFFFFFFFFFFFFFF5D
:1003B000FFFFFFFFFFFFFFFFFFFFFFFFFFFFFFFF4D
:1003C000FFFFFFFFFFFFFFFFFFFFFFFFFFFFFFFF3D
:1003D000FFFFFFFFFFFFFFFFFFFFFFFFFFFFFFFF2D
:1003E000FFFFFFFFFFFFFFFFFFFFFFFFFFFFFFFF1D
:1003F000FFFFFFFFFFFFFFFFFFFFFFFFFFFFFFFF0D
:10040000FFFFFFFFFFFFFFFFFFFFFFFFFFFFFFFFFC
:10041000FFFFFFFFFFFFFFFFFFFFFFFFFFFFFFFFEC
:10042000FFFFFFFFFFFFFFFFFFFFFFFFFFFFFFFFDC
:10043000FFFFFFFFFFFFFFFFFFFFFFFFFFFFFFFFCC
:10044000FFFFFFFFFFFFFFFFFFFFFFFFFFFFFFFFBC
:10045000FFFFFFFFFFFFFFFFFFFFFFFFFFFFFFFFAC
:10046000FFFFFFFFFFFFFFFFFFFFFFFFFFFFFFFF9C
:10047000FFFFFFFFFFFFFFFFFFFFFFFFFFFFFFFF8C
:10048000FFFFFFFFFFFFFFFFFFFFFFFFFFFFFFFF7C
:10049000FFFFFFFFFFFFFFFFFFFFFFFFFFFFFFFF6C
:1004A000FFFFFFFFFFFFFFFFFFFFFFFFFFFFFFFF5C
:1004B000FFFFFFFFFFFFFFFFFFFFFFFFFFFFFFFF4C
:1004C000FFFFFFFFFFFFFFFFFFFFFFFFFFFFFFFF3C
:1004D000FFFFFFFFFFFFFFFFFFFFFFFFFFFFFFFF2C
:1004E000FFFFFFFFFFFFFFFFFFFFFFFFFFFFFFFF1C
:1004F000FFFFFFFFFFFFFFFFFFFFFFFFFFFFFFFF0C
:10050000FFFFFFFFFFFFFFFFFFFFFFFFFFFFFFFFFB
:10051000FFFFFFFFFFFFFFFFFFFFFFFFFFFFFFFFEB
:10052000FFFFFFFFFFFFFFFFFFFFFFFFFFFFFFFFDB
:10053000FFFFFFFFFFFFFFFFFFFFFFFFFFFFFFFFCB
:10054000FFFFFFFFFFFFFFFFFFFFFFFFFFFFFFFFBB
:10055000FFFFFFFFFFFFFFFFFFFFFFFFFFFFFFFFAB
:10056000FFFFFFFFFFFFFFFFFFFFFFFFFFFFFFFF9B
:10057000FFFFFFFFFFFFFFFFFFFFFFFFFFFFFFFF8B
:10058000FFFFFFFFFFFFFFFFFFFFFFFFFFFFFFFF7B
:10059000FFFFFFFFFFFFFFFFFFFFFFFFFFFFFFFF6B
:1005A000FFFFFFFFFFFFFFFFFFFFFFFFFFFFFFFF5B
:1005B000FFFFFFFFFFFFFFFFFFFFFFFFFFFFFFFF4B
:1005C000FFFFFFFFFFFFFFFFFFFFFFFFFFFFFFFF3B
:1005D000FFFFFFFFFFFFFFFFFFFFFFFFFFFFFFFF2B
:1005E000FFFFFFFFFFFFFFFFFFFFFFFFFFFFFFFF1B
:1005F000FFFFFFFFFFFFFFFFFFFFFFFFFFFFFFFF0B
:10060000FFFFFFFFFFFFFFFFFFFFFFFFFFFFFFFFFA
:10061000FFFFFFFFFFFFFFFFFFFFFFFFFFFFFFFFEA
:10062000FFFFFFFFFFFFFFFFFFFFFFFFFFFFFFFFDA
:10063000FFFFFFFFFFFFFFFFFFFFFFFFFFFFFFFFCA
:10064000FFFFFFFFFFFFFFFFFFFFFFFFFFFFFFFFBA
:10065000FFFFFFFFFFFFFFFFFFFFFFFFFFFFFFFFAA
:10066000FFFFFFFFFFFFFFFFFFFFFFFFFFFFFFFF9A
:10067000FFFFFFFFFFFFFFFFFFFFFFFFFFFFFFFF8A
:10068000FFFFFFFFFFFFFFFFFFFFFFFFFFFFFFFF7A
:10069000FFFFFFFFFFFFFFFFFFFFFFFFFFFFFFFF6A
:1006A000FFFFFFFFFFFFFFFFFFFFFFFFFFFFFFFF5A
:1006B000FFFFFFFFFFFFFFFFFFFFFFFFFFFFFFFF4A
:1006C000FFFFFFFFFFFFFFFFFFFFFFFFFFFFFFFF3A
:1006D000FFFFFFFFFFFFFFFFFFFFFFFFFFFFFFFF2A
:1006E000FFFFFFFFFFFFFFFFFFFFFFFFFFFFFFFF1A
:1006F000FFFFFFFFFFFFFFFFFFFFFFFFFFFFFFFF0A
:10070000FFFFFFFFFFFFFFFFFFFFFFFFFFFFFFFFF9
:10071000FFFFFFFFFFFFFFFFFFFFFFFFFFFFFFFFE9
:10072000FFFFFFFFFFFFFFFFFFFFFFFFFFFFFFFFD9
:10073000FFFFFFFFFFFFFFFFFFFFFFFFFFFFFFFFC9
:10074000FFFFFFFFFFFFFFFFFFFFFFFFFFFFFFFFB9
:10075000FFFFFFFFFFFFFFFFFFFFFFFFFFFFFFFFA9
:10076000FFFFFFFFFFFFFFFFFFFFFFFFFFFFFFFF99
:10077000FFFFFFFFFFFFFFFFFFFFFFFFFFFFFFFF89
:10078000FFFFFFFFFFFFFFFFFFFFFFFFFFFFFFFF79
:10079000FFFFFFFFFFFFFFFFFFFFFFFFFFFFFFFF69
:1007A000FFFFFFFFFFFFFFFFFFFFFFFFFFFFFFFF59
:1007B000FFFFFFFFFFFFFFFFFFFFFFFFFFFFFFFF49
:1007C000FFFFFFFFFFFFFFFFFFFFFFFFFFFFFFFF39
:1007D000FFFFFFFFFFFFFFFFFFFFFFFFFFFFFFFF29
:1007E000FFFFFFFFFFFFFFFFFFFFFFFFFFFFFFFF19
:1007F000FFFFFFFFFFFFFFFFFFFFFFFFFFFFFFFF09
:10080000FFFFFFFFFFFFFFFFFFFFFFFFFFFFFFFFF8
:10081000FFFFFFFFFFFFFFFFFFFFFFFFFFFFFFFFE8
:10082000FFFFFFFFFFFFFFFFFFFFFFFFFFFFFFFFD8
:10083000FFFFFFFFFFFFFFFFFFFFFFFFFFFFFFFFC8
:10084000FFFFFFFFFFFFFFFFFFFFFFFFFFFFFFFFB8
:10085000FFFFFFFFFFFFFFFFFFFFFFFFFFFFFFFFA8
:10086000FFFFFFFFFFFFFFFFFFFFFFFFFFFFFFFF98
:10087000FFFFFFFFFFFFFFFFFFFFFFFFFFFFFFFF88
:10088000FFFFFFFFFFFFFFFFFFFFFFFFFFFFFFFF78
:10089000FFFFFFFFFFFFFFFFFFFFFFFFFFFFFFFF68
:1008A000FFFFFFFFFFFFFFFFFFFFFFFFFFFFFFFF58
:1008B000FFFFFFFFFFFFFFFFFFFFFFFFFFFFFFFF48
:1008C000FFFFFFFFFFFFFFFFFFFFFFFFFFFFFFFF38
:1008D000FFFFFFFFFFFFFFFFFFFFFFFFFFFFFFFF28
:1008E000FFFFFFFFFFFFFFFFFFFFFFFFFFFFFFFF18
:1008F000FFFFFFFFFFFFFFFFFFFFFFFFFFFFFFFF08
:10090000FFFFFFFFFFFFFFFFFFFFFFFFFFFFFFFFF7
:10091000FFFFFFFFFFFFFFFFFFFFFFFFFFFFFFFFE7
:10092000FFFFFFFFFFFFFFFFFFFFFFFFFFFFFFFFD7
:10093000FFFFFFFFFFFFFFFFFFFFFFFFFFFFFFFFC7
:10094000FFFFFFFFFFFFFFFFFFFFFFFFFFFFFFFFB7
:10095000FFFFFFFFFFFFFFFFFFFFFFFFFFFFFFFFA7
:10096000FFFFFFFFFFFFFFFFFFFFFFFFFFFFFFFF97
:10097000FFFFFFFFFFFFFFFFFFFFFFFFFFFFFFFF87
:10098000FFFFFFFFFFFFFFFFFFFFFFFFFFFFFFFF77
:10099000FFFFFFFFFFFFFFFFFFFFFFFFFFFFFFFF67
:1009A000FFFFFFFFFFFFFFFFFFFFFFFFFFFFFFFF57
:1009B000FFFFFFFFFFFFFFFFFFFFFFFFFFFFFFFF47
:1009C000FFFFFFFFFFFFFFFFFFFFFFFFFFFFFFFF37
:1009D000FFFFFFFFFFFFFFFFFFFFFFFFFFFFFFFF27
:1009E000FFFFFFFFFFFFFFFFFFFFFFFFFFFFFFFF17
:1009F000FFFFFFFFFFFFFFFFFFFFFFFFFFFFFFFF07
:100A0000FFFFFFFFFFFFFFFFFFFFFFFFFFFFFFFFF6
:100A1000FFFFFFFFFFFFFFFFFFFFFFFFFFFFFFFFE6
:100A2000FFFFFFFFFFFFFFFFFFFFFFFFFFFFFFFFD6
:100A3000FFFFFFFFFFFFFFFFFFFFFFFFFFFFFFFFC6
:100A4000FFFFFFFFFFFFFFFFFFFFFFFFFFFFFFFFB6
:100A5000FFFFFFFFFFFFFFFFFFFFFFFFFFFFFFFFA6
:100A6000FFFFFFFFFFFFFFFFFFFFFFFFFFFFFFFF96
:100A7000FFFFFFFFFFFFFFFFFFFFFFFFFFFFFFFF86
:100A8000FFFFFFFFFFFFFFFFFFFFFFFFFFFFFFFF76
:100A9000FFFFFFFFFFFFFFFFFFFFFFFFFFFFFFFF66
:100AA000FFFFFFFFFFFFFFFFFFFFFFFFFFFFFFFF56
:100AB000FFFFFFFFFFFFFFFFFFFFFFFFFFFFFFFF46
:100AC000FFFFFFFFFFFFFFFFFFFFFFFFFFFFFFFF36
:100AD000FFFFFFFFFFFFFFFFFFFFFFFFFFFFFFFF26
:100AE000FFFFFFFFFFFFFFFFFFFFFFFFFFFFFFFF16
:100AF000FFFFFFFFFFFFFFFFFFFFFFFFFFFFFFFF06
:100B0000FFFFFFFFFFFFFFFFFFFFFFFFFFFFFFFFF5
:100B1000FFFFFFFFFFFFFFFFFFFFFFFFFFFFFFFFE5
:100B2000FFFFFFFFFFFFFFFFFFFFFFFFFFFFFFFFD5
:100B3000FFFFFFFFFFFFFFFFFFFFFFFFFFFFFFFFC5
:100B4000FFFFFFFFFFFFFFFFFFFFFFFFFFFFFFFFB5
:100B5000FFFFFFFFFFFFFFFFFFFFFFFFFFFFFFFFA5
:100B6000FFFFFFFFFFFFFFFFFFFFFFFFFFFFFFFF95
:100B7000FFFFFFFFFFFFFFFFFFFFFFFFFFFFFFFF85
:100B8000FFFFFFFFFFFFFFFFFFFFFFFFFFFFFFFF75
:100B9000FFFFFFFFFFFFFFFFFFFFFFFFFFFFFFFF65
:100BA000FFFFFFFFFFFFFFFFFFFFFFFFFFFFFFFF55
:100BB000FFFFFFFFFFFFFFFFFFFFFFFFFFFFFFFF45
:100BC000FFFFFFFFFFFFFFFFFFFFFFFFFFFFFFFF35
:100BD000FFFFFFFFFFFFFFFFFFFFFFFFFFFFFFFF25
:100BE000FFFFFFFFFFFFFFFFFFFFFFFFFFFFFFFF15
:100BF000FFFFFFFFFFFFFFFFFFFFFFFFFFFFFFFF05
:100C0000FFFFFFFFFFFFFFFFFFFFFFFFFFFFFFFFF4
:100C1000FFFFFFFFFFFFFFFFFFFFFFFFFFFFFFFFE4
:100C2000FFFFFFFFFFFFFFFFFFFFFFFFFFFFFFFFD4
:100C3000FFFFFFFFFFFFFFFFFFFFFFFFFFFFFFFFC4
:100C4000FFFFFFFFFFFFFFFFFFFFFFFFFFFFFFFFB4
:100C5000FFFFFFFFFFFFFFFFFFFFFFFFFFFFFFFFA4
:100C6000FFFFFFFFFFFFFFFFFFFFFFFFFFFFFFFF94
:100C7000FFFFFFFFFFFFFFFFFFFFFFFFFFFFFFFF84
:100C8000FFFFFFFFFFFFFFFFFFFFFFFFFFFFFFFF74
:100C9000FFFFFFFFFFFFFFFFFFFFFFFFFFFFFFFF64
:100CA000FFFFFFFFFFFFFFFFFFFFFFFFFFFFFFFF54
:100CB000FFFFFFFFFFFFFFFFFFFFFFFFFFFFFFFF44
:100CC000FFFFFFFFFFFFFFFFFFFFFFFFFFFFFFFF34
:100CD000FFFFFFFFFFFFFFFFFFFFFFFFFFFFFFFF24
:100CE000FFFFFFFFFFFFFFFFFFFFFFFFFFFFFFFF14
:100CF000FFFFFFFFFFFFFFFFFFFFFFFFFFFFFFFF04
:100D0000FFFFFFFFFFFFFFFFFFFFFFFFFFFFFFFFF3
:100D1000FFFFFFFFFFFFFFFFFFFFFFFFFFFFFFFFE3
:100D2000FFFFFFFFFFFFFFFFFFFFFFFFFFFFFFFFD3
:100D3000FFFFFFFFFFFFFFFFFFFFFFFFFFFFFFFFC3
:100D4000FFFFFFFFFFFFFFFFFFFFFFFFFFFFFFFFB3
:100D5000FFFFFFFFFFFFFFFFFFFFFFFFFFFFFFFFA3
:100D6000FFFFFFFFFFFFFFFFFFFFFFFFFFFFFFFF93
:100D7000FFFFFFFFFFFFFFFFFFFFFFFFFFFFFFFF83
:100D8000FFFFFFFFFFFFFFFFFFFFFFFFFFFFFFFF73
:100D9000FFFFFFFFFFFFFFFFFFFFFFFFFFFFFFFF63
:100DA000FFFFFFFFFFFFFFFFFFFFFFFFFFFFFFFF53
:100DB000FFFFFFFFFFFFFFFFFFFFFFFFFFFFFFFF43
:100DC000FFFFFFFFFFFFFFFFFFFFFFFFFFFFFFFF33
:100DD000FFFFFFFFFFFFFFFFFFFFFFFFFFFFFFFF23
:100DE000FFFFFFFFFFFFFFFFFFFFFFFFFFFFFFFF13
:100DF000FFFFFFFFFFFFFFFFFFFFFFFFFFFFFFFF03
:100E0000FFFFFFFFFFFFFFFFFFFFFFFFFFFFFFFFF2
:100E1000FFFFFFFFFFFFFFFFFFFFFFFFFFFFFFFFE2
:100E2000FFFFFFFFFFFFFFFFFFFFFFFFFFFFFFFFD2
:100E3000FFFFFFFFFFFFFFFFFFFFFFFFFFFFFFFFC2
:100E4000FFFFFFFFFFFFFFFFFFFFFFFFFFFFFFFFB2
:100E5000FFFFFFFFFFFFFFFFFFFFFFFFFFFFFFFFA2
:100E6000FFFFFFFFFFFFFFFFFFFFFFFFFFFFFFFF92
:100E7000FFFFFFFFFFFFFFFFFFFFFFFFFFFFFFFF82
:100E8000FFFFFFFFFFFFFFFFFFFFFFFFFFFFFFFF72
:100E9000FFFFFFFFFFFFFFFFFFFFFFFFFFFFFFFF62
:100EA000FFFFFFFFFFFFFFFFFFFFFFFFFFFFFFFF52
:100EB000FFFFFFFFFFFFFFFFFFFFFFFFFFFFFFFF42
:100EC000FFFFFFFFFFFFFFFFFFFFFFFFFFFFFFFF32
:100ED000FFFFFFFFFFFFFFFFFFFFFFFFFFFFFFFF22
:100EE000FFFFFFFFFFFFFFFFFFFFFFFFFFFFFFFF12
:100EF000FFFFFFFFFFFFFFFFFFFFFFFFFFFFFFFF02
:100F0000FFFFFFFFFFFFFFFFFFFFFFFFFFFFFFFFF1
:100F1000FFFFFFFFFFFFFFFFFFFFFFFFFFFFFFFFE1
:100F2000FFFFFFFFFFFFFFFFFFFFFFFFFFFFFFFFD1
:100F3000FFFFFFFFFFFFFFFFFFFFFFFFFFFFFFFFC1
:100F4000FFFFFFFFFFFFFFFFFFFFFFFFFFFFFFFFB1
:100F5000FFFFFFFFFFFFFFFFFFFFFFFFFFFFFFFFA1
:100F6000FFFFFFFFFFFFFFFFFFFFFFFFFFFFFFFF91
:100F7000FFFFFFFFFFFFFFFFFFFFFFFFFFFFFFFF81
:100F8000FFFFFFFFFFFFFFFFFFFFFFFFFFFFFFFF71
:100F9000FFFFFFFFFFFFFFFFFFFFFFFFFFFFFFFF61
:100FA000FFFFFFFFFFFFFFFFFFFFFFFFFFFFFFFF51
:100FB000FFFFFFFFFFFFFFFFFFFFFFFFFFFFFFFF41
:100FC000FFFFFFFFFFFFFFFFFFFFFFFFFFFFFFFF31
:100FD000FFFFFFFFFFFFFFFFFFFFFFFFFFFFFFFF21
:100FE000FFFFFFFFFFFFFFFFFFFFFFFFFFFFFFFF11
:100FF000FFFFFFFFFFFFFFFFFFFFFFFFFFFFFFFF01
:10100000D1002043F1150060000000000000000046
:10101000201000600010006000200260000000004E
:1010200000000060002C020000000000FFFFFFFF36
:10103000FFFFFFFFFFFFFFFFFFFFFFFFFFFFFFFFC0
:10104000FFFFFFFFFFFFFFFFFFFFFFFFFFFFFFFFB0
:10105000FFFFFFFFFFFFFFFFFFFFFFFFFFFFFFFFA0
:10106000FFFFFFFFFFFFFFFFFFFFFFFFFFFFFFFF90
:10107000FFFFFFFFFFFFFFFFFFFFFFFFFFFFFFFF80
:10108000FFFFFFFFFFFFFFFFFFFFFFFFFFFFFFFF70
:10109000FFFFFFFFFFFFFFFFFFFFFFFFFFFFFFFF60
:1010A000FFFFFFFFFFFFFFFFFFFFFFFFFFFFFFFF50
:1010B000FFFFFFFFFFFFFFFFFFFFFFFFFFFFFFFF40
:1010C000FFFFFFFFFFFFFFFFFFFFFFFFFFFFFFFF30
:1010D000FFFFFFFFFFFFFFFFFFFFFFFFFFFFFFFF20
:1010E000FFFFFFFFFFFFFFFFFFFFFFFFFFFFFFFF10
:1010F000FFFFFFFFFFFFFFFFFFFFFFFFFFFFFFFF00
:10110000FFFFFFFFFFFFFFFFFFFFFFFFFFFFFFFFEF
:10111000FFFFFFFFFFFFFFFFFFFFFFFFFFFFFFFFDF
:10112000FFFFFFFFFFFFFFFFFFFFFFFFFFFFFFFFCF
:10113000FFFFFFFFFFFFFFFFFFFFFFFFFFFFFFFFBF
:10114000FFFFFFFFFFFFFFFFFFFFFFFFFFFFFFFFAF
:10115000FFFFFFFFFFFFFFFFFFFFFFFFFFFFFFFF9F
:10116000FFFFFFFFFFFFFFFFFFFFFFFFFFFFFFFF8F
:10117000FFFFFFFFFFFFFFFFFFFFFFFFFFFFFFFF7F
:10118000FFFFFFFFFFFFFFFFFFFFFFFFFFFFFFFF6F
:10119000FFFFFFFFFFFFFFFFFFFFFFFFFFFFFFFF5F
:1011A000FFFFFFFFFFFFFFFFFFFFFFFFFFFFFFFF4F
:1011B000FFFFFFFFFFFFFFFFFFFFFFFFFFFFFFFF3F
:1011C000FFFFFFFFFFFFFFFFFFFFFFFFFFFFFFFF2F
:1011D000FFFFFFFFFFFFFFFFFFFFFFFFFFFFFFFF1F
:1011E000FFFFFFFFFFFFFFFFFFFFFFFFFFFFFFFF0F
:1011F000FFFFFFFFFFFFFFFFFFFFFFFFFFFFFFFFFF
:10120000FFFFFFFFFFFFFFFFFFFFFFFFFFFFFFFFEE
:10121000FFFFFFFFFFFFFFFFFFFFFFFFFFFFFFFFDE
:10122000FFFFFFFFFFFFFFFFFFFFFFFFFFFFFFFFCE
:10123000FFFFFFFFFFFFFFFFFFFFFFFFFFFFFFFFBE
:10124000FFFFFFFFFFFFFFFFFFFFFFFFFFFFFFFFAE
:10125000FFFFFFFFFFFFFFFFFFFFFFFFFFFFFFFF9E
:10126000FFFFFFFFFFFFFFFFFFFFFFFFFFFFFFFF8E
:10127000FFFFFFFFFFFFFFFFFFFFFFFFFFFFFFFF7E
:10128000FFFFFFFFFFFFFFFFFFFFFFFFFFFFFFFF6E
:10129000FFFFFFFFFFFFFFFFFFFFFFFFFFFFFFFF5E
:1012A000FFFFFFFFFFFFFFFFFFFFFFFFFFFFFFFF4E
:1012B000FFFFFFFFFFFFFFFFFFFFFFFFFFFFFFFF3E
:1012C000FFFFFFFFFFFFFFFFFFFFFFFFFFFFFFFF2E
:1012D000FFFFFFFFFFFFFFFFFFFFFFFFFFFFFFFF1E
:1012E000FFFFFFFFFFFFFFFFFFFFFFFFFFFFFFFF0E
:1012F000FFFFFFFFFFFFFFFFFFFFFFFFFFFFFFFFFE
:10130000FFFFFFFFFFFFFFFFFFFFFFFFFFFFFFFFED
:10131000FFFFFFFFFFFFFFFFFFFFFFFFFFFFFFFFDD
:10132000FFFFFFFFFFFFFFFFFFFFFFFFFFFFFFFFCD
:10133000FFFFFFFFFFFFFFFFFFFFFFFFFFFFFFFFBD
:10134000FFFFFFFFFFFFFFFFFFFFFFFFFFFFFFFFAD
:10135000FFFFFFFFFFFFFFFFFFFFFFFFFFFFFFFF9D
:10136000FFFFFFFFFFFFFFFFFFFFFFFFFFFFFFFF8D
:10137000FFFFFFFFFFFFFFFFFFFFFFFFFFFFFFFF7D
:10138000FFFFFFFFFFFFFFFFFFFFFFFFFFFFFFFF6D
:10139000FFFFFFFFFFFFFFFFFFFFFFFFFFFFFFFF5D
:1013A000FFFFFFFFFFFFFFFFFFFFFFFFFFFFFFFF4D
:1013B000FFFFFFFFFFFFFFFFFFFFFFFFFFFFFFFF3D
:1013C000FFFFFFFFFFFFFFFFFFFFFFFFFFFFFFFF2D
:1013D000FFFFFFFFFFFFFFFFFFFFFFFFFFFFFFFF1D
:1013E000FFFFFFFFFFFFFFFFFFFFFFFFFFFFFFFF0D
:1013F000FFFFFFFFFFFFFFFFFFFFFFFFFFFFFFFFFD
:10140000824205D051F8043B40F8043B8242F9D8AF
:10141000704700BF044A05494FF0000342F8043BFF
:101420009142FBD8704700BFC03600204093002097
:1014300008B5BFF34F8F00F06FF9544C544B0820A0
:101440005449C3F85401544AC3F800115348C3F82F
:10145000F0405349FFF7D4FF524A53495348FFF72E
:10146000CFFF534CFFF7D6FF4FF470004FF0E02151
:101470000023504AC1F8880D44F823200133B02BD3
:10148000FAD14D4B80214D4A03F8011B9342FBD109
:101490004FF0E0254A4E4B4A4FF0FF31C5F8084D5A
:1014A000D5F8243D43F4E023C5F8243DF36923F047
:1014B0007F0343F04003F361736A23F07F0343F03B
:1014C000400373629166D1661167516700F02CF991
:1014D0003D4A3E4BA2636322E36300246A61032317
:1014E0003B4AAC612B61C5F8202DD5F8FC2D394B5A
:1014F00042F080723849C5F8FC2D1A6842F00102AA
:101500001A605B680B6000F0DFFA344800F058FCAA
:10151000F16E334B334A41F44051F1661C60C3F81D
:101520000841C3F81841C3F82841C3F83841936B08
:10153000DB0708D442F615632B4951651365936B9D
:1015400043F001039363274A284C936843F0011347
:10155000936000F077F900F05FF800F045FC00F0D0
:10156000E5FA00F0DBF82368132BFCD900F07AFBD6
:101570002368B3F5967FFBD300F0D4F800F0D0F8E1
:1015800000F02EFC00F020FC30BFFDE70C0D111325
:1015900000800D401B101820B8C70100000000009B
:1015A0001C210060C0360020D8E801600000002047
:1015B000003400206935010000E400E0A0E400E010
:1015C00000C00F4000C00A40492401004D24010022
:1015D00000002020001000E0B89100200046C32346
:1015E0000040084000400D400000C056BC91002063
:1015F000054B4FF42A01054A05485A641864054A08
:1016000099639546FFF714FF00C00A40FFAAAAAAF3
:1016100007002000000006200F4B40F2376C0F4AF5
:10162000A020D96E41F44031D966D96E41F44071A1
:10163000D966C2F844C09064936C1B06FCD4084A77
:1016400040F23761A02351649364936C13F08003DC
:10165000FBD1044A1370704700C00F4000400C409B
:1016600000800C400B930020294A00210123C2F87E
:10167000A000C2F8A410C2F8B0305369D907FCD555
:1016800001234FF4803C22495361C2F8A000C2F804
:10169000A4C0C2F8B0304B69DB07FCD501234FF47E
:1016A000003C1B4A4B61C1F8A000C1F8A4C0C1F8BE
:1016B000B0305369D907FCD50123DFF858C014496D
:1016C0005361C2F8A000C2F8A4C0C2F8B0304B69A0
:1016D000DB07FCD5D1F8003145F60D504FF0210C59
:1016E0009AB2C1F814C0824210D045F69D518A4288
:1016F0000AD1C3F34253032B08D0A3F10403B3FA76
:1017000083F35B0918017047002070470820704779
:1017100000402A4004000300704700BF704700BF2C
:10172000704700BF00BF70474FF0E02300214FF02B
:10173000100C3448C3F8941DC3F89CCD4FF0110C25
:10174000C3F8A00D3048C3F89CCD4FF0120CC3F87D
:10175000A00D2E48C3F89CCD2D4AC3F8A00DDFF88C
:10176000D0C042F015022B48C3F89CCDC3F8A00DA1
:10177000DFF8C0C02848C3F89CCDC3F8A00DDFF83F
:10178000B8C0C3F89C2D2548254AC3F8A0CDC3F89E
:101790009C0DC3F8A02D02F5A022DFF8A0C00C32EA
:1017A0002048C3F89CCDC3F8A02D1F4AC3F89C0D58
:1017B000C3F8A02D02F14062DFF884C002321B485A
:1017C000C3F89CCDC3F8A02D0A32C3F89C0DC3F812
:1017D000A02D00BF00BF00BF00BF00BF0122C3F8A3
:1017E000942DBFF34F8FBFF36F8FC3F8501FBFF31C
:1017F0004F8FBFF36F8FD3F8142D42F44032C3F8EC
:10180000142D70473F000010250008070900100044
:101810004093002021000207250008131600202015
:1018200027000B13180000602F000B071A00008020
:1018300013002000140000200900001017000040D1
:101840001900007030B5864B85B0DFF874E21822BD
:10185000844D0120C3F85CE28349C3F86052A5F5CA
:101860008055DFF860C2814CC3F864E2C3F8685267
:101870002125C3F86CC2C3F870C2C3F874C2C3F8A0
:1018800078C248F20C7CDA661A675A679A67DA6798
:10189000C3F88020C3F88420C3F88820C1F82C0343
:1018A000734AC1F83003C1F83403C1F83803C1F8F2
:1018B0003C03C1F85003A1696E4B0A406E486F4962
:1018C00013436F4AA361D4F8843043F00C03C4F887
:1018D00084304FF0FF34036843F002030360036871
:1018E00003EA0C031A43674B026044608A68664C43
:1018F0001340664A43F000538360C36823F07803C3
:10190000C360036A23401A43604B0262026A2240AA
:101910005F4C1343002243628462C46240F2056458
:10192000D1F8B83023F03F0343F00103C0F8B830DA
:10193000D1F8BC30574923F03F0343F00103C0F80E
:10194000BC3002610567C0F880404567C0F884403C
:101950000224036823F00203036081614E4B4F4968
:10196000C46143F8042B8B42FBD1434C236843F002
:1019700001032360256815F00105FBD145480222CB
:1019800040F2F561A06140F29940E26140F26642A6
:10199000C4F8001242F20141C4F81022404AC4F8CF
:1019A0002002C4F8302240F23542C4F834123D48D7
:1019B000C4F840223C4AC4F850022846C4F85422D5
:1019C00042F201223949C4F86012C4F86422FFF7D8
:1019D0004BFE0246002839D0810201234FF48020BB
:1019E00021662549C4F8A050C4F8A400C4F8B0305A
:1019F0004B69D807FCD515050124039228464C6194
:101A0000FFF732FE039A2A4B0244D2B21A7080B119
:101A1000194980024FF4802348660846C1F8A05057
:101A2000C1F8A430C1F8B0404369DB07FCD50123FD
:101A3000436120490024204801230094401A00EB10
:101A400002521E4800F0C4F905B030BD1B4B1849C6
:101A500018600870D860C3E9010005B030BD00BF50
:101A600000801F40F910010000841F4000C00F409B
:101A7000FFFCFF1F0003008000402A4000802A4036
:101A80001200FFFFFF37F70000FFF07C40000080EE
:101A9000FF000F83F05AF05A00422A4000432A40C8
:101AA0009F041830EB06180A063201263806180A79
:101AB0000D9300200000007000000070148F0020C3
:101AC000F9B00100F970010010B5174A4FF48054C5
:101AD0004FF4005E4FF4404C4FF4803043F242012B
:101AE000136913F0020F0DD113F4005F0FD013F43C
:101AF000805F0FD0002BF3DA13F4803F0CD15B062C
:101B00000ED510BDC2F818C050619161E8E7C2F867
:101B100014E0E5E75461E3E74FF480339361DFE7D6
:101B200040235361DCE700BF00800D40414A0320A1
:101B30004149F3EE095AD2F880309FED406A23F014
:101B400001039FED3F5ADFF814C100B5C2F88030A1
:101B5000C2F89000D1F8E010DFF804E1CBB23948C8
:101B6000CEF8003007EE903A0B0DC1F30B21F8EEE2
:101B7000E77A06EE903A07EE101A334BB8EEC77AC2
:101B8000CCF80010F8EEE66A304937EEC66A37EE58
:101B9000C55A76EEC76A77EEE57A26EE266AC3ED79
:101BA000006A25EE265AD2F8803067EEA64AC0EDCC
:101BB000007AC6EE275A264885EE276AC4EEA76A41
:101BC00075EE875AFCEEE55A36EE076A15EE90CAB6
:101BD000BCEEC66A43EA0C5376EE877AC2F88030D0
:101BE00016EE103AD2F890C1FCEEE77A01EA034112
:101BF00041EA0C014FF0000C17EE903AC2F8901138
:101C0000C3F30B03D2F890110B431249C2F8903181
:101C1000D2F8803043F00203C2F880300E4B80F8D7
:101C200040C0C1F840314FF0E0230122C3F8082141
:101C300000BD00BF00810D4000441F400000AA42CB
:101C40000000B4422C910020309100200000FF0FD2
:101C500000E400E0003400204D3701002491002012
:101C600028910020314B40F6617210B5C3F8202155
:101C700040F2044400F0A0F82D4A2E49D2F88030FA
:101C80002D4843F00303C2F880302C4BC1F860416B
:101C900002681A4203D1D1F8A8319A071BD0254A0D
:101CA0004FF00041244B5963D2F8403143F0020316
:101CB000C2F84031D2F840319B07FBD44FF40030DA
:101CC0004FF0E0211C4B4FF00042C1F88C0219206C
:101CD0009A6300F081F8184B0021164C4FF08042B7
:101CE0000A209A634FF480621960C4F8A80114486E
:101CF00000F05EF84FF4800203464FF4810040F29A
:101D000043111860C4F858311A640E4B0E4AC4F8D7
:101D10004811C3F804224FF0E0224FF400310123B0
:101D2000C2F80C11C4F8403110BD00BF00800D4056
:101D300000C00F4000002E4000900D40001C1E000F
:101D400000000020003400205139010008B50E4B7E
:101D50001B6E9B0700D4FBBE72B60C4B00200C4AD6
:101D6000C3F8400103F160430A49A3F55F231164FE
:101D70009D46BFF34F8F4FF40013074A0748DB69B6
:101D800002609B68984700BF00441F4000002E403F
:101D900000C00A4003002000000012EB0080202059
:101DA000F8B500BFF8BC08BC9E46704700000000B4
:101DB0005FF800F0616901005FF800F07140010018
:101DC0005FF800F0592901005FF800F0BD33010011
:101DD0005FF800F0B14C01005FF800F06D2C0100DD
:101DE0005FF800F0B16B01005FF800F04D4B0100AF
:101DF000050100007D820000A183000045960000DF
:081E0000159E000069F00000CE
:101E08006CC00F40030000000E0D000039010100F6
:101E18002A36000014000000130000000100000032
:101E2800F4841F402B32000014000000130000004F
:101E380001000000F8841F402D310000140000004C
:101E48001300000001000000F0841F402CFFFF0079
:101E58001400000000000000000000000100000065
:101E680000000000EC841F4000000000000000009B
:101E78006CC00F4030000000100F00003901010055
:101E880001270000170000001200000000010000F8
:101E980014851F401AFF0000120000000000000017
:101EA8000100000018851F401BFF00001200000001
:101EB800000000000100000010851F400026FF0000
:101EC80017000000120000000000000001010000DF
:101ED800010000000C851F400C851F400000000019
:101EE8006CC00F40C0000000504F00000D02010000
:101EF8000CFF0000130000000000000000000000BC
:101F080024851F400BFF00001300000000000000A4
:101F18000000000028851F400DFF0000130000008E
:101F2800000000000000000020851F400A25240052
:101F3800130000001200000012000000010203005C
:101F48000000000000000000000000000000000089
:101F58000901809611800A3A81550A3601082A0437
:101F6800000000F02B040000014021800A13800AC1
:101F780029800A0010034D0049004D002000500040
:101F88006F00430008034D0049004D000403090495
:101F98000902BA00050100A0FA080B0004FFFFFFC0
:101FA800000904000002FF5D010011210001012564
:101FB80081140000000013020800000705810320B7
:101FC8000004070502032000080904010004FF5D5E
:101FD80003001B2100010101834001042016850034
:101FE800000000000016050000000000000705833F
:101FF80003200002070504032000040705850320C9
:102008000040070505032000100904020001FF5DD8
:102018000200092100010122860700070586032026
:1020280000100904030000FFFD130406410001012C
:102038000309040400010300000009211101000143
:10204800221C000705870340000A00000902BA00A5
:10205800050100A0FA080B0004FFFFFF00090400B7
:102068000002FF5D0100112100010125811400001B
:10207800000013020800000705810320000407057B
:1020880002032000080904010004FF5D03001B216E
:1020980000010101834001042016850000000000B2
:1020A8000016050000000000000705830320000259
:1020B80007050403200004070585032000400705E1
:1020C80005032000100904020001FF5D0200092138
:1020D8000001012286070007058603200010090475
:1020E800030000FFFD130406410001010309040475
:1020F800000103000000092111010001221C000752
:1021080005870340000A00000A060002EF020140AA
:0421180001000000C2
:10211C0000000000000000000000000000000000B3
:10212C0000000000000000000000000000000000A3
:10213C00F8B54FF084439D695A6915400DD0254F71
:10214C0001269D6195FAA5F4B4FA84F457F824306D
:10215C0006FA04F49847A543F4D11F4B9D695A69BC
:10216C0015400DD01D4F01269D6195FAA5F4B4FACA
:10217C0084F457F8243006FA04F49847A543F4D1B4
:10218C00174B9D695A6915400DD0164F01269D615C
:10219C0095FAA5F4B4FA84F457F8243006FA04F44A
:1021AC009847A543F4D1104B9D695A6915400DD041
:1021BC000E4F01269D6195FAA5F4B4FA84F457F8F4
:1021CC00243006FA04F49847A543F4D1BFF34F8F9B
:1021DC00F8BD00BF582E002000400042D82E002031
:1021EC0000800042582F002000C00042D82F002051
:1021FC000548064B1B1AD90F01EBA301491002D05D
:10220C00034B03B118477047C0360020C03600207E
:10221C000000000008B5054B1BB105490548AFF39C
:10222C000080BDE80840FFF7E3BF00BF00000000DE
:10223C00EC900020002C0260704700BF704700BF7C
:10224C00704700BF562802D1034B01229A73034BEF
:10225C001B6803B118477047A0450020D8870020A1
:10226C00562802D1034B00229A73034B1B6803B10F
:10227C0018477047A0450020E88700200023838280
:10228C00C0E90333704700BF704700BF194B1B7880
:10229C001A074CBFF7EE007ADFED177A5A0703D511
:1022AC00B7EE007A77EEC77A03F00202DB07C0EDD7
:1022BC00007A03D5D2B100230B607047002AFAD004
:1022CC000E4B0B60D0ED007AF5EE407AF1EE10FA81
:1022DC000FD09FED0B7A67EE877AC0ED007AD1EDC7
:1022EC00007A67EE877AC1ED007A70474FF07E5323
:1022FC00E7E77047F892002000000000000080BF64
:10230C00F304353F234A2449136870B50133234C39
:10231C00136024680870A0B39CB36FF02E0504F111
:10232C002F0304F13F0CDFF884E02D1B01261A4625
:10233C0013F8011F814207D12A44BEF8001006FA97
:10234C0002F20A43AEF800209C45F0D16FF01A025D
:10235C0004F11B0304F11F05114E141B4FF0010C6B
:10236C001A4613F8011F814205D1224431780CFA28
:10237C0002F20A4332709D42F2D10A4BDB7983425E
:10238C0000D070BD0438C0B2E328FAD8064B012245
:10239C001A7070BD70890020EA920020B88100206C
:1023AC00F8920020688F0020F4920020DA9200202E
:1023BC00244A2549136870B50133244C13602468F2
:1023CC000870B0B3ACB36FF02E0504F12F0304F119
:1023DC003F0CDFF888E02D1B01261A4613F8011F6D
:1023EC00814208D12A44BEF8001006FA02F221EA12
:1023FC000202AEF800209C45EFD16FF01A0204F1F6
:10240C001B0304F11F05124E141B4FF0010C1A464E
:10241C0013F8011F814206D1224431780CFA02F2E2
:10242C0021EA020232709D42F1D10A4BDB798342E0
:10243C0000D070BD0438C0B2E328FAD8064B002295
:10244C001A7070BD70890020EA920020B8810020BB
:10245C00F8920020688F0020F4920020DA9200207D
:10246C00012A57D12DE9F04F85B00E9A082A8CBF5E
:10247C00002201221AB1002005B0BDE8F08FB1F89E
:10248C001EE040F25E4CE645F5D193F805C0BCF178
:10249C00FF0FF0D193F806C0BCF1470FEBD193F8C6
:1024AC0000C00E9C9C4423440CF1060E7345E2D3F1
:1024BC009346904692469146174603921A4604E07C
:1024CC00F4440CF1060E724526D39CF800E0BEF1E4
:1024DC00030F21D99CF80130052BF1D1BEF1060F69
:1024EC00EED99CF8033003F00303032BE8D19CF9DD
:1024FC0002309CF80240002BBCF804509CF806609B
:10250C002DDBB8F1000FDBD104F00F08C5F30A0B7B
:10251C000396D5E7002070473A46002FABD04B46C8
:10252C000D4604460321402B2846CDF804A028BFB5
:10253C004023009301230AF041FBE06000289AD06D
:10254C00174A234604F13401C263402209F08EFF7E
:10255C00B8F1000F0BD10123184663758CE7002FDF
:10256C00AED104F00F07C5F30A09B246A8E75946E5
:10257C00039B42462846052901934FF0000328BFD0
:10258C000521009103210AF019FB23462061002844
:10259C00E1D004490522C163034909F067FFDAE77A
:1025AC00D10A000079010000E02A002008B52DEDC9
:1025BC00048B09EE900A9FED227A40F2E931214812
:1025CC00F8EE697A67EE807A87EE879A12F038F91E
:1025DC0040F2E93108EE900A1A4812F031F908EE8F
:1025EC00100A40F2E9311748F8EEE88A12F028F99F
:1025FC00B8EEC88A07EE100A9FED136A19EE902AFE
:10260C00B8EEC77ADFED116A38EE288A47F6FF7309
:10261C0037EE087AC7EE067A67EE897ABDEC048B42
:10262C0067EEA67AFDEEE77A17EE900A1044984210
:10263C00A8BF18460128B8BF012080B208BD00BF52
:10264C000000C84218FCFFFF00803B452DB25D40E6
:10265C00464AF8B511680023454D04462B5411B178
:10266C008B79002B2FD1434A1378A34201D1002B35
:10267C0078D1414B196829B38B791BB3C87A08B34D
:10268C003E4D002395F800C008E0032A02D1CA7B16
:10269C00012A60D0984201F11A0113D0DAB2013349
:1026AC009445F7D10A7B012AEFD1CA7B012AF1D1DB
:1026BC004A7BA242EED1002331483249FF220370FB
:1026CC000B702A70F8BD304B1B78002BCBD191F8D6
:1026DC0007E0BEF1000FC6D0012301F1080701F19C
:1026EC0009060DE0A44501D1285CD0B1082B18BF18
:1026FC00724503F1010334BF01220022002AB2D03B
:10270C0017F82300DAB20028F0D016F823C0BCF179
:10271C00000FEBD0A042E5D115F80C0008B1A44590
:10272C00E4D188680133DFED197A00EE100A184AFB
:10273C0001EB8303B4EEE70A1568D888F1EE10FAC2
:10274C0002D410B1FFF732FF0544124A0123156081
:10275C000D4A137087E74A7BA242ACD08A7BA24217
:10276C0098D1A8E700231370F8BD00BFB4810020F6
:10277C0064880020F6920020648900202231002019
:10278C00FF920020FA920020FC9200200AD7233CF2
:10279C00BC9100205886002030B500220B7989B0FE
:1027AC00044658070692CDE9042203F001024FEAD1
:1027BC00822248BF42F040021D0748BF42F080020F
:1027CC00D80648BF42F001029D0648BF42F0020203
:1027DC00580648BF42F004021B064B7948BF42F032
:1027EC000802DD0648BF42F01002980648BF42F0CE
:1027FC0020025D0648BF42F48072180623EA93005B
:10280C0048BF42F4007220EAD300C50762D403EA41
:10281C00D300C00733D50123009204F1180C0A89A8
:10282C00C88892014D89B1F80EE080018DF81830FE
:10283C000023ADF80E20A5F500458A89AEF5004EB3
:10284C00098AADF80C00A2F500401A46A1F500412A
:10285C0065F30F0301256EF30F02EE4660F31F4381
:10286C0061F31F42CDE90132BEE80F00ACE80F0066
:10287C009EE807008CE80700257509B030BD03F011
:10288C000105C3F340004FEA530C85F0010580F0BD
:10289C00010005EAD30E1EEA000F1FD10CEAD30E7D
:1028AC001EF0010F18D12CEA930E2EEAD30E1EF057
:1028BC00010F19D10CEA930C1CF0010F10D100EA96
:1028CC00930005420ED103EA930303F00103C3F115
:1028DC000803A1E700239FE703239DE702239BE75F
:1028EC00052399E7062397E7042395E707EE902A3B
:1028FC0090F824209C4607EE101A00B5DFF8D0E1C2
:10290C00DEF80030002A00F0A380816A591A06EE26
:10291C00901AF8EE666AF5EEC06AF1EE10FA07DD71
:10292C009FED666AF4EEC66AF1EE10FA00F1A08033
:10293C0090F88E10B8EEC77A09B1B1EE477A90F8DC
:10294C008F10F8EEE77A09B1F1EE677A002A5FD0C2
:10295C00F5EEC06AF1EE10FA5ADDF7EE005A90ED82
:10296C000C6AB4EEE56AF1EE10FA40F39380B0EE27
:10297C00085AF3EE0E5A26EE056AB4EEE56AF1EE4D
:10298C0010FA00F18B80DFED4E5AB4EEE56AF1EEF1
:10299C0010FACCBF01220022DFED495A002A06FEB4
:1029AC00256ABCEEC66AB8EE466AF4EEC66AF1EE6B
:1029BC0010FA2DD890ED155AD0ED165A90F85220E9
:1029CC0037EE455A77EEE55A012A85EE266A85EEF2
:1029DC00A65A69D9D0ED174A022AD0ED185A80EDC3
:1029EC00196A80ED176A75EE655A80ED1A5A36EE43
:1029FC00646A80ED185A86EE265A85EEA66A80ED3A
:102A0C001B5A80ED1C6A0DD1013280F8522009E06E
:102A1C00002201210266C2650267C26682664266B6
:102A2C0080F852100121027980ED157AC0ED167AEA
:102A3C00436780ED077AC0ED087A80F82410836232
:102A4C00A0F82CC01AB190F87830052B03D000BD3B
:102A5C00DFED1C6A6CE790ED106AD0ED116A36EE72
:102A6C00077A76EEA77A80ED107AC0ED117A00BD68
:102A7C00F7EE005A90ED0C6AB4EEE56AF1EE10FA3E
:102A8C000FD936EEC65ADFED105AA5EE256A80ED49
:102A9C000C6A4DE700229FED0D6A7DE7B0EE656A8A
:102AAC0083E7C0ED0C6A43E780ED196A80ED176A85
:102ABC0080ED1A5A80ED185AA6E700BF0000FA43C1
:102ACC000000484300000000CDCC4C3E00001643F3
:102ADC00BC9100204FF01A0C1B4A01EB81031268C9
:102AEC000CFB0033134493F812C0BCF1000F27D039
:102AFC00DFED167ADFF860C000B5D2F8072083B09E
:102B0C00B3F8130000EE102ADCF80030B4EEE70A3C
:102B1C00F1EE10FA12D430B1CDE90031FFF746FDD9
:102B2C00009B01990344DFF834C00948094ACCF8EA
:102B3C00003001230170137003B000BD0344F2E7B1
:102B4C00034B197000F00CB8648900200AD7233CA1
:102B5C00FB920020FF920020BC910020B486002044
:102B6C0000B5DFF874E09EF800100131C9B20329FA
:102B7C0018D8164B01EB81021B6813441A2202FB76
:102B8C00003303E05FFA8CF104290BD09A7C01F13D
:102B9C00010C0533002AF5D08EF800105DF804EB1B
:102BAC00FFF798BF0A4A137843B9DFF830C0FF200B
:102BBC00084913708CF80030087000BD00218EF8A5
:102BCC0000105DF804EBFFF785BF00BF648900209F
:102BDC00FA92002022310020FB920020FF9200206C
:102BEC00C36B2BB3826803F13401C2F30E422F3A4C
:102BFC00112A18D993F83420202A14D193F83720AD
:102C0C000E2A10D1184600B583B001910093FFF73E
:102C1C00C3FDDDE90031D86858B1402203B05DF83E
:102C2C0004EB09F023BCD86810B1402209F01EBC9B
:102C3C00704703B000BD00BF204A137800B583B0C5
:102C4C000BB100231370DFF884C01A23DFF880E087
:102C5C00DCF800C08EF8000003FB00C3DFF874E062
:102C6C008EF80010997C11B3DCF80700DFED147AB4
:102C7C0000EE100A1349B3F81300B4EEE70A0B6820
:102C8C00F1EE10FA11D428B10193FFF78FFC019BE0
:102C9C000A4A0344DFF840C000200B49CCF800304E
:102CAC0001230870137003B000BD0344F2E7064B18
:102CBC00197003B05DF804EBFFF752BFFF920020D0
:102CCC000AD7233CBC910020FB9200206489002091
:102CDC0022310020FA920020B48600201D4BD3F83C
:102CEC00D82010689168006810B40842137C5468AE
:102CFC0014BF0121002103F00303D4F800C0D068F5
:102D0C0043EA81031CEA000F43F0080118BF0B468D
:102D1C009908013B11740D2B0BD8DFE803F0110C53
:102D2C00070C0A161111160A0C070C115369023301
:102D3C00536110BC70475369013B10BC5361704721
:102D4C005369013310BC536170475369023B10BC8B
:102D5C0053617047C48900201D4BD3F8D4201068F0
:102D6C009168006810B40842137C546814BF0121A8
:102D7C00002103F00303D4F800C0D06843EA8103B8
:102D8C001CEA000F43F0080118BF0B469908013BE1
:102D9C0011740D2B0BD8DFE803F0110C070C0A167D
:102DAC001111160A0C070C1153690233536110BC34
:102DBC0070475369013B10BC536170475369013331
:102DCC0010BC536170475369023B10BC5361704790
:102DDC00C48900201D4BD3F8D0201068916800687E
:102DEC0010B40842137C546814BF0121002103F075
:102DFC000303D4F800C0D06843EA81031CEA000F37
:102E0C0043F0080118BF0B469908013B11740D2BB8
:102E1C000BD8DFE803F0110C070C0A161111160A77
:102E2C000C070C1153690233536110BC7047536982
:102E3C00013B10BC536170475369013310BC5361A3
:102E4C0070475369023B10BC53617047C489002022
:102E5C001D4BD3F8CC2010689168006810B4084260
:102E6C00137C546814BF0121002103F00303D4F830
:102E7C0000C0D06843EA81031CEA000F43F008014C
:102E8C0018BF0B469908013B11740D2B0BD8DFE8CA
:102E9C0003F0110C070C0A161111160A0C070C1171
:102EAC0053690233536110BC70475369013B10BC2A
:102EBC00536170475369013310BC536170475369B8
:102ECC00023B10BC53617047C48900201D4BD3F8E2
:102EDC00C82010689168006810B40842137C5468CC
:102EEC0014BF0121002103F00303D4F800C0D06803
:102EFC0043EA81031CEA000F43F0080118BF0B469C
:102F0C009908013B11740D2B0BD8DFE803F0110C61
:102F1C00070C0A161111160A0C070C11536902330F
:102F2C00536110BC70475369013B10BC536170472F
:102F3C005369013310BC536170475369023B10BC99
:102F4C0053617047C48900201D4BD3F8C42010680E
:102F5C009168006810B40842137C546814BF0121B6
:102F6C00002103F00303D4F800C0D06843EA8103C6
:102F7C001CEA000F43F0080118BF0B469908013BEF
:102F8C0011740D2B0BD8DFE803F0110C070C0A168B
:102F9C001111160A0C070C1153690233536110BC42
:102FAC0070475369013B10BC53617047536901333F
:102FBC0010BC536170475369023B10BC536170479E
:102FCC00C48900201D4BD3F8C0201068916800689C
:102FDC0010B40842137C546814BF0121002103F083
:102FEC000303D4F800C0D06843EA81031CEA000F45
:102FFC0043F0080118BF0B469908013B11740D2BC7
:10300C000BD8DFE803F0110C070C0A161111160A85
:10301C000C070C1153690233536110BC7047536990
:10302C00013B10BC536170475369013310BC5361B1
:10303C0070475369023B10BC53617047C489002030
:10304C001D4BD3F8BC2010689168006810B408427E
:10305C00137C546814BF0121002103F00303D4F83E
:10306C0000C0D06843EA81031CEA000F43F008015A
:10307C0018BF0B469908013B11740D2B0BD8DFE8D8
:10308C0003F0110C070C0A161111160A0C070C117F
:10309C0053690233536110BC70475369013B10BC38
:1030AC00536170475369013310BC536170475369C6
:1030BC00023B10BC53617047C48900201D4BD3F8F0
:1030CC00B82010689168006810B40842137C5468EA
:1030DC0014BF0121002103F00303D4F800C0D06811
:1030EC0043EA81031CEA000F43F0080118BF0B46AA
:1030FC009908013B11740D2B0BD8DFE803F0110C70
:10310C00070C0A161111160A0C070C11536902331D
:10311C00536110BC70475369013B10BC536170473D
:10312C005369013310BC536170475369023B10BCA7
:10313C0053617047C48900201D4BD3F8B42010682C
:10314C009168006810B40842137C546814BF0121C4
:10315C00002103F00303D4F800C0D06843EA8103D4
:10316C001CEA000F43F0080118BF0B469908013BFD
:10317C0011740D2B0BD8DFE803F0110C070C0A1699
:10318C001111160A0C070C1153690233536110BC50
:10319C0070475369013B10BC53617047536901334D
:1031AC0010BC536170475369023B10BC53617047AC
:1031BC00C48900201D4BD3F8B020106891680068BA
:1031CC0010B40842137C546814BF0121002103F091
:1031DC000303D4F800C0D06843EA81031CEA000F53
:1031EC0043F0080118BF0B469908013B11740D2BD5
:1031FC000BD8DFE803F0110C070C0A161111160A94
:10320C000C070C1153690233536110BC704753699E
:10321C00013B10BC536170475369013310BC5361BF
:10322C0070475369023B10BC53617047C48900203E
:10323C001D4BD3F8AC2010689168006810B408429C
:10324C00137C546814BF0121002103F00303D4F84C
:10325C0000C0D06843EA81031CEA000F43F0080168
:10326C0018BF0B469908013B11740D2B0BD8DFE8E6
:10327C0003F0110C070C0A161111160A0C070C118D
:10328C0053690233536110BC70475369013B10BC46
:10329C00536170475369013310BC536170475369D4
:1032AC00023B10BC53617047C48900201D4BD3F8FE
:1032BC00A82010689168006810B40842137C546808
:1032CC0014BF0121002103F00303D4F800C0D0681F
:1032DC0043EA81031CEA000F43F0080118BF0B46B8
:1032EC009908013B11740D2B0BD8DFE803F0110C7E
:1032FC00070C0A161111160A0C070C11536902332C
:10330C00536110BC70475369013B10BC536170474B
:10331C005369013310BC536170475369023B10BCB5
:10332C0053617047C48900201D4BD3F8A42010684A
:10333C009168006810B40842137C546814BF0121D2
:10334C00002103F00303D4F800C0D06843EA8103E2
:10335C001CEA000F43F0080118BF0B469908013B0B
:10336C0011740D2B0BD8DFE803F0110C070C0A16A7
:10337C001111160A0C070C1153690233536110BC5E
:10338C0070475369013B10BC53617047536901335B
:10339C0010BC536170475369023B10BC53617047BA
:1033AC00C48900201D4BD3F8A020106891680068D8
:1033BC0010B40842137C546814BF0121002103F09F
:1033CC000303D4F800C0D06843EA81031CEA000F61
:1033DC0043F0080118BF0B469908013B11740D2BE3
:1033EC000BD8DFE803F0110C070C0A161111160AA2
:1033FC000C070C1153690233536110BC70475369AD
:10340C00013B10BC536170475369013310BC5361CD
:10341C0070475369023B10BC53617047C48900204C
:10342C001D4BD3F89C2010689168006810B40842BA
:10343C00137C546814BF0121002103F00303D4F85A
:10344C0000C0D06843EA81031CEA000F43F0080176
:10345C0018BF0B469908013B11740D2B0BD8DFE8F4
:10346C0003F0110C070C0A161111160A0C070C119B
:10347C0053690233536110BC70475369013B10BC54
:10348C00536170475369013310BC536170475369E2
:10349C00023B10BC53617047C48900201D4BD3F80C
:1034AC00982010689168006810B40842137C546826
:1034BC0014BF0121002103F00303D4F800C0D0682D
:1034CC0043EA81031CEA000F43F0080118BF0B46C6
:1034DC009908013B11740D2B0BD8DFE803F0110C8C
:1034EC00070C0A161111160A0C070C11536902333A
:1034FC00536110BC70475369013B10BC536170475A
:10350C005369013310BC536170475369023B10BCC3
:10351C0053617047C48900201D4BD3F89420106868
:10352C009168006810B40842137C546814BF0121E0
:10353C00002103F00303D4F800C0D06843EA8103F0
:10354C001CEA000F43F0080118BF0B469908013B19
:10355C0011740D2B0BD8DFE803F0110C070C0A16B5
:10356C001111160A0C070C1153690233536110BC6C
:10357C0070475369013B10BC536170475369013369
:10358C0010BC536170475369023B10BC53617047C8
:10359C00C48900201D4BD3F89020106891680068F6
:1035AC0010B40842137C546814BF0121002103F0AD
:1035BC000303D4F800C0D06843EA81031CEA000F6F
:1035CC0043F0080118BF0B469908013B11740D2BF1
:1035DC000BD8DFE803F0110C070C0A161111160AB0
:1035EC000C070C1153690233536110BC70475369BB
:1035FC00013B10BC536170475369013310BC5361DC
:10360C0070475369023B10BC53617047C48900205A
:10361C001D4BD3F88C2010689168006810B40842D8
:10362C00137C546814BF0121002103F00303D4F868
:10363C0000C0D06843EA81031CEA000F43F0080184
:10364C0018BF0B469908013B11740D2B0BD8DFE802
:10365C0003F0110C070C0A161111160A0C070C11A9
:10366C0053690233536110BC70475369013B10BC62
:10367C00536170475369013310BC536170475369F0
:10368C00023B10BC53617047C48900201D4BD3F81A
:10369C00882010689168006810B40842137C546844
:1036AC0014BF0121002103F00303D4F800C0D0683B
:1036BC0043EA81031CEA000F43F0080118BF0B46D4
:1036CC009908013B11740D2B0BD8DFE803F0110C9A
:1036DC00070C0A161111160A0C070C115369023348
:1036EC00536110BC70475369013B10BC5361704768
:1036FC005369013310BC536170475369023B10BCD2
:10370C0053617047C48900201D4BD3F88420106886
:10371C009168006810B40842137C546814BF0121EE
:10372C00002103F00303D4F800C0D06843EA8103FE
:10373C001CEA000F43F0080118BF0B469908013B27
:10374C0011740D2B0BD8DFE803F0110C070C0A16C3
:10375C001111160A0C070C1153690233536110BC7A
:10376C0070475369013B10BC536170475369013377
:10377C0010BC536170475369023B10BC53617047D6
:10378C00C48900201D4BD3F8802010689168006814
:10379C0010B40842137C546814BF0121002103F0BB
:1037AC000303D4F800C0D06843EA81031CEA000F7D
:1037BC0043F0080118BF0B469908013B11740D2BFF
:1037CC000BD8DFE803F0110C070C0A161111160ABE
:1037DC000C070C1153690233536110BC70475369C9
:1037EC00013B10BC536170475369013310BC5361EA
:1037FC0070475369023B10BC53617047C489002069
:10380C001D4BDA6F10689168006810B40842137C85
:10381C00546814BF0121002103F00303D4F800C045
:10382C00D06843EA81031CEA000F43F0080118BF7B
:10383C000B469908013B11740D2B0BD8DFE803F0F4
:10384C00110C070C0A161111160A0C070C115369EE
:10385C000233536110BC70475369013B10BC536178
:10386C0070475369013310BC536170475369023B75
:10387C0010BC5361704700BFC48900201D4B9A6F68
:10388C0010689168006810B40842137C546814BF27
:10389C000121002103F00303D4F800C0D06843EAEF
:1038AC0081031CEA000F43F0080118BF0B4699086E
:1038BC00013B11740D2B0BD8DFE803F0110C070C36
:1038CC000A161111160A0C070C11536902335361B5
:1038DC0010BC70475369013B10BC5361704753696E
:1038EC00013310BC536170475369023B10BC5361E8
:1038FC00704700BFC48900201D4B5A6F1068916837
:10390C00006810B40842137C546814BF01210021D4
:10391C0003F00303D4F800C0D06843EA81031CEA27
:10392C00000F43F0080118BF0B469908013B1174B6
:10393C000D2B0BD8DFE803F0110C070C0A16111134
:10394C00160A0C070C1153690233536110BC7047F3
:10395C005369013B10BC536170475369013310BC70
:10396C00536170475369023B10BC5361704700BFF1
:10397C00C48900201D4B1A6F10689168006810B440
:10398C000842137C546814BF0121002103F0030387
:10399C00D4F800C0D06843EA81031CEA000F43F05E
:1039AC00080118BF0B469908013B11740D2B0BD85D
:1039BC00DFE803F0110C070C0A161111160A0C079C
:1039CC000C1153690233536110BC70475369013BAE
:1039DC0010BC536170475369013310BC536170477D
:1039EC005369023B10BC5361704700BFC48900206F
:1039FC001D4BDA6E10689168006810B40842137C95
:103A0C00546814BF0121002103F00303D4F800C053
:103A1C00D06843EA81031CEA000F43F0080118BF89
:103A2C000B469908013B11740D2B0BD8DFE803F002
:103A3C00110C070C0A161111160A0C070C115369FC
:103A4C000233536110BC70475369013B10BC536186
:103A5C0070475369013310BC536170475369023B83
:103A6C0010BC5361704700BFC48900201D4B9A6E77
:103A7C0010689168006810B40842137C546814BF35
:103A8C000121002103F00303D4F800C0D06843EAFD
:103A9C0081031CEA000F43F0080118BF0B4699087C
:103AAC00013B11740D2B0BD8DFE803F0110C070C44
:103ABC000A161111160A0C070C11536902335361C3
:103ACC0010BC70475369013B10BC5361704753697C
:103ADC00013310BC536170475369023B10BC5361F6
:103AEC00704700BFC48900201D4B5A6E1068916846
:103AFC00006810B40842137C546814BF01210021E3
:103B0C0003F00303D4F800C0D06843EA81031CEA35
:103B1C00000F43F0080118BF0B469908013B1174C4
:103B2C000D2B0BD8DFE803F0110C070C0A16111142
:103B3C00160A0C070C1153690233536110BC704701
:103B4C005369013B10BC536170475369013310BC7E
:103B5C00536170475369023B10BC5361704700BFFF
:103B6C00C48900201D4B1A6E10689168006810B44F
:103B7C000842137C546814BF0121002103F0030395
:103B8C00D4F800C0D06843EA81031CEA000F43F06C
:103B9C00080118BF0B469908013B11740D2B0BD86B
:103BAC00DFE803F0110C070C0A161111160A0C07AA
:103BBC000C1153690233536110BC70475369013BBC
:103BCC0010BC536170475369013310BC536170478B
:103BDC005369023B10BC5361704700BFC48900207D
:103BEC001D4BDA6D10689168006810B40842137CA4
:103BFC00546814BF0121002103F00303D4F800C062
:103C0C00D06843EA81031CEA000F43F0080118BF97
:103C1C000B469908013B11740D2B0BD8DFE803F010
:103C2C00110C070C0A161111160A0C070C1153690A
:103C3C000233536110BC70475369013B10BC536194
:103C4C0070475369013310BC536170475369023B91
:103C5C0010BC5361704700BFC48900201D4B9A6D86
:103C6C0010689168006810B40842137C546814BF43
:103C7C000121002103F00303D4F800C0D06843EA0B
:103C8C0081031CEA000F43F0080118BF0B4699088A
:103C9C00013B11740D2B0BD8DFE803F0110C070C52
:103CAC000A161111160A0C070C11536902335361D1
:103CBC0010BC70475369013B10BC5361704753698A
:103CCC00013310BC536170475369023B10BC536104
:103CDC00704700BFC48900201D4B5A6D1068916855
:103CEC00006810B40842137C546814BF01210021F1
:103CFC0003F00303D4F800C0D06843EA81031CEA44
:103D0C00000F43F0080118BF0B469908013B1174D2
:103D1C000D2B0BD8DFE803F0110C070C0A16111150
:103D2C00160A0C070C1153690233536110BC70470F
:103D3C005369013B10BC536170475369013310BC8C
:103D4C00536170475369023B10BC5361704700BF0D
:103D5C00C48900201D4B1A6D10689168006810B45E
:103D6C000842137C546814BF0121002103F00303A3
:103D7C00D4F800C0D06843EA81031CEA000F43F07A
:103D8C00080118BF0B469908013B11740D2B0BD879
:103D9C00DFE803F0110C070C0A161111160A0C07B8
:103DAC000C1153690233536110BC70475369013BCA
:103DBC0010BC536170475369013310BC5361704799
:103DCC005369023B10BC5361704700BFC48900208B
:103DDC001D4BDA6C10689168006810B40842137CB3
:103DEC00546814BF0121002103F00303D4F800C070
:103DFC00D06843EA81031CEA000F43F0080118BFA6
:103E0C000B469908013B11740D2B0BD8DFE803F01E
:103E1C00110C070C0A161111160A0C070C11536918
:103E2C000233536110BC70475369013B10BC5361A2
:103E3C0070475369013310BC536170475369023B9F
:103E4C0010BC5361704700BFC48900201D4B9A6C95
:103E5C0010689168006810B40842137C546814BF51
:103E6C000121002103F00303D4F800C0D06843EA19
:103E7C0081031CEA000F43F0080118BF0B46990898
:103E8C00013B11740D2B0BD8DFE803F0110C070C60
:103E9C000A161111160A0C070C11536902335361DF
:103EAC0010BC70475369013B10BC53617047536998
:103EBC00013310BC536170475369023B10BC536112
:103ECC00704700BFC48900201D4B5A6C1068916864
:103EDC00006810B40842137C546814BF01210021FF
:103EEC0003F00303D4F800C0D06843EA81031CEA52
:103EFC00000F43F0080118BF0B469908013B1174E1
:103F0C000D2B0BD8DFE803F0110C070C0A1611115E
:103F1C00160A0C070C1153690233536110BC70471D
:103F2C005369013B10BC536170475369013310BC9A
:103F3C00536170475369023B10BC5361704700BF1B
:103F4C00C48900201D4B1A6C10689168006810B46D
:103F5C000842137C546814BF0121002103F00303B1
:103F6C00D4F800C0D06843EA81031CEA000F43F088
:103F7C00080118BF0B469908013B11740D2B0BD887
:103F8C00DFE803F0110C070C0A161111160A0C07C6
:103F9C000C1153690233536110BC70475369013BD8
:103FAC0010BC536170475369013310BC53617047A7
:103FBC005369023B10BC5361704700BFC489002099
:103FCC001D4BDA6B10689168006810B40842137CC2
:103FDC00546814BF0121002103F00303D4F800C07E
:103FEC00D06843EA81031CEA000F43F0080118BFB4
:103FFC000B469908013B11740D2B0BD8DFE803F02D
:10400C00110C070C0A161111160A0C070C11536926
:10401C000233536110BC70475369013B10BC5361B0
:10402C0070475369013310BC536170475369023BAD
:10403C0010BC5361704700BFC48900201D4B9A6BA4
:10404C0010689168006810B40842137C546814BF5F
:10405C000121002103F00303D4F800C0D06843EA27
:10406C0081031CEA000F43F0080118BF0B469908A6
:10407C00013B11740D2B0BD8DFE803F0110C070C6E
:10408C000A161111160A0C070C11536902335361ED
:10409C0010BC70475369013B10BC536170475369A6
:1040AC00013310BC536170475369023B10BC536120
:1040BC00704700BFC48900201D4B5A6B1068916873
:1040CC00006810B40842137C546814BF012100210D
:1040DC0003F00303D4F800C0D06843EA81031CEA60
:1040EC00000F43F0080118BF0B469908013B1174EF
:1040FC000D2B0BD8DFE803F0110C070C0A1611116D
:10410C00160A0C070C1153690233536110BC70472B
:10411C005369013B10BC536170475369013310BCA8
:10412C00536170475369023B10BC5361704700BF29
:10413C00C48900201D4B1A6B10689168006810B47C
:10414C000842137C546814BF0121002103F00303BF
:10415C00D4F800C0D06843EA81031CEA000F43F096
:10416C00080118BF0B469908013B11740D2B0BD895
:10417C00DFE803F0110C070C0A161111160A0C07D4
:10418C000C1153690233536110BC70475369013BE6
:10419C0010BC536170475369013310BC53617047B5
:1041AC005369023B10BC5361704700BFC4890020A7
:1041BC001D4BDA6A10689168006810B40842137CD1
:1041CC00546814BF0121002103F00303D4F800C08C
:1041DC00D06843EA81031CEA000F43F0080118BFC2
:1041EC000B469908013B11740D2B0BD8DFE803F03B
:1041FC00110C070C0A161111160A0C070C11536935
:10420C000233536110BC70475369013B10BC5361BE
:10421C0070475369013310BC536170475369023BBB
:10422C0010BC5361704700BFC48900201D4B9A6AB3
:10423C0010689168006810B40842137C546814BF6D
:10424C000121002103F00303D4F800C0D06843EA35
:10425C0081031CEA000F43F0080118BF0B469908B4
:10426C00013B11740D2B0BD8DFE803F0110C070C7C
:10427C000A161111160A0C070C11536902335361FB
:10428C0010BC70475369013B10BC536170475369B4
:10429C00013310BC536170475369023B10BC53612E
:1042AC00704700BFC48900201D4B5A6A1068916882
:1042BC00006810B40842137C546814BF012100211B
:1042CC0003F00303D4F800C0D06843EA81031CEA6E
:1042DC00000F43F0080118BF0B469908013B1174FD
:1042EC000D2B0BD8DFE803F0110C070C0A1611117B
:1042FC00160A0C070C1153690233536110BC70473A
:10430C005369013B10BC536170475369013310BCB6
:10431C00536170475369023B10BC5361704700BF37
:10432C00C48900201D4B1A6A10689168006810B48B
:10433C000842137C546814BF0121002103F00303CD
:10434C00D4F800C0D06843EA81031CEA000F43F0A4
:10435C00080118BF0B469908013B11740D2B0BD8A3
:10436C00DFE803F0110C070C0A161111160A0C07E2
:10437C000C1153690233536110BC70475369013BF4
:10438C0010BC536170475369013310BC53617047C3
:10439C005369023B10BC5361704700BFC4890020B5
:1043AC001D4BDA6910689168006810B40842137CE0
:1043BC00546814BF0121002103F00303D4F800C09A
:1043CC00D06843EA81031CEA000F43F0080118BFD0
:1043DC000B469908013B11740D2B0BD8DFE803F049
:1043EC00110C070C0A161111160A0C070C11536943
:1043FC000233536110BC70475369013B10BC5361CD
:10440C0070475369013310BC536170475369023BC9
:10441C0010BC5361704700BFC48900201D4B9A69C2
:10442C0010689168006810B40842137C546814BF7B
:10443C000121002103F00303D4F800C0D06843EA43
:10444C0081031CEA000F43F0080118BF0B469908C2
:10445C00013B11740D2B0BD8DFE803F0110C070C8A
:10446C000A161111160A0C070C1153690233536109
:10447C0010BC70475369013B10BC536170475369C2
:10448C00013310BC536170475369023B10BC53613C
:10449C00704700BFC48900201D4B5A691068916891
:1044AC00006810B40842137C546814BF0121002129
:1044BC0003F00303D4F800C0D06843EA81031CEA7C
:1044CC00000F43F0080118BF0B469908013B11740B
:1044DC000D2B0BD8DFE803F0110C070C0A16111189
:1044EC00160A0C070C1153690233536110BC704748
:1044FC005369013B10BC536170475369013310BCC5
:10450C00536170475369023B10BC5361704700BF45
:10451C00C48900201D4B1A6910689168006810B49A
:10452C000842137C546814BF0121002103F00303DB
:10453C00D4F800C0D06843EA81031CEA000F43F0B2
:10454C00080118BF0B469908013B11740D2B0BD8B1
:10455C00DFE803F0110C070C0A161111160A0C07F0
:10456C000C1153690233536110BC70475369013B02
:10457C0010BC536170475369013310BC53617047D1
:10458C005369023B10BC5361704700BFC4890020C3
:10459C001D4BDA6810689168006810B40842137CEF
:1045AC00546814BF0121002103F00303D4F800C0A8
:1045BC00D06843EA81031CEA000F43F0080118BFDE
:1045CC000B469908013B11740D2B0BD8DFE803F057
:1045DC00110C070C0A161111160A0C070C11536951
:1045EC000233536110BC70475369013B10BC5361DB
:1045FC0070475369013310BC536170475369023BD8
:10460C0010BC5361704700BFC48900201D4B9A68D1
:10461C0010689168006810B40842137C546814BF89
:10462C000121002103F00303D4F800C0D06843EA51
:10463C0081031CEA000F43F0080118BF0B469908D0
:10464C00013B11740D2B0BD8DFE803F0110C070C98
:10465C000A161111160A0C070C1153690233536117
:10466C0010BC70475369013B10BC536170475369D0
:10467C00013310BC536170475369023B10BC53614A
:10468C00704700BFC48900201D4B5A6810689168A0
:10469C00006810B40842137C546814BF0121002137
:1046AC0003F00303D4F800C0D06843EA81031CEA8A
:1046BC00000F43F0080118BF0B469908013B117419
:1046CC000D2B0BD8DFE803F0110C070C0A16111197
:1046DC00160A0C070C1153690233536110BC704756
:1046EC005369013B10BC536170475369013310BCD3
:1046FC00536170475369023B10BC5361704700BF54
:10470C00C48900201D4B1A6810689168006810B4A9
:10471C000842137C546814BF0121002103F00303E9
:10472C00D4F800C0D06843EA81031CEA000F43F0C0
:10473C00080118BF0B469908013B11740D2B0BD8BF
:10474C00DFE803F0110C070C0A161111160A0C07FE
:10475C000C1153690233536110BC70475369013B10
:10476C0010BC536170475369013310BC53617047DF
:10477C005369023B10BC5361704700BFC4890020D1
:10478C004B490122F8B54B4C0B782254002B67D1C6
:10479C0049490A78002A71D1484B1E68002E3AD03C
:1047AC00B379002B37D0464BF17A1B681F4691B377
:1047BC0033460AE0BCF1020F2ED193F80DC08445AC
:1047CC0061D001321A338A4225D093F80CC0D5B28D
:1047DC00BCF1010FEED193F80DC08445F1D11A2331
:1047EC0003FB0263D97B012902D0022905D091B9C0
:1047FC002846BDE8F840FEF71FBA32498B5C83F0BF
:10480C0001038B54002B4CD12F4CFF212F48304AE5
:10481C00237003701170F8BDBCF1030FD1D193F864
:10482C000DC0844507D093F80EE08645C9D114F825
:10483C000C30002BEFD01A2303FB0263997B615CD5
:10484C000029E8D0D97B0129D2D00229CFD11D492A
:10485C008B5C83F001038B54002BD5D00121C7E76F
:10486C0000231C4C0A220B70207001461A480FF0D2
:10487C0021FF1948BDE8F8400FF0F4BE154A0B7043
:10488C0010700A22F1E7154B53F8201043F82070F2
:10489C007B1A312BBFD91A2101FB0262128A9A4270
:1048AC00B9D328460021BDE8F840FEF7C5B900BFD2
:1048BC00EF92002064880020E99200206489002097
:1048CC00BC9100207C860020FF920020FA920020F0
:1048DC0022310020F6920020F0290020C481002013
:1048EC0008B5394B02689A4267D10379012B64D120
:1048FC00431D00F13F0C002213F8011F9C4582EA76
:10490C000102F9D14379934257D18379012B54D8C1
:10491C00C279131FDBB2E32B54D9002A52D002F117
:10492C001003DBB2042B48D8B2FA82F2520900EB26
:10493C00420101320B8A03F5FA739BB2B3F57A7F0D
:10494C003BD8CB8B03F5FA739BB2B3F57A7F34D893
:10495C00072AECD1828D40F6B8339A422DD8C28DFD
:10496C009A422AD883689FED197A07EE903AF4EEB2
:10497C00C77AF1EE10FA20D4B2EE0E7AF4EEC77AC2
:10498C00F1EE10FA19DCC36842F21C52A3F5FA736B
:10499C00934212D8036BB7EE007A07EE903AF4EE1E
:1049AC00C77AF1EE10FA08D49FED097AF4EEC77AC3
:1049BC00F1EE10FA01DC012008BD06480FF052FEA2
:1049CC00002008BD0022B2E731534941CDCCCC3D8B
:1049DC0000000044F02900204A4B02689A4210B5AE
:1049EC007ED10379042B7BD1431D00F13F0C0024B5
:1049FC0013F8012F634584EA0204F9D14179A142ED
:104A0C0074D1D0ED027AF5EEC07AF1EE10FA67D4DB
:104A1C00B7EE007AF4EEC77AF1EE10FA60DCD0ED66
:104A2C00037AF5EEC07AF1EE10FA59D4F3EE046A7B
:104A3C00F4EEE67AF1EE10FA52DCD0ED047ADFED0A
:104A4C00326AF4EEE67AF1EE10FA49D4B1EE046A69
:104A5C00F4EEC67AF1EE10FA42DCD0ED057AF4EE03
:104A6C00E67AF1EE10FA3BD4F4EEC77AF1EE10FAD6
:104A7C0036DCB6EE007AD0ED067AF4EEC77AF1EEBB
:104A8C0010FA2DD4B0EE087AF4EEC77AF1EE10FAE3
:104A9C0026DC00F11B0300F11F0413F8011F0A1F91
:104AAC00D2B2002918BFE32A94BF0122002217D8E2
:104ABC009C42F2D190F82C30012B11D800F12F032D
:104ACC0001E0634510D013F8011F081F01F1100419
:104ADC00C0B2E4B2E328F4D90029F2D0062CF0D904
:104AEC000A480FF0BFFD0022104610BD0023102213
:104AFC0006480FF0DFFD00231022214603480FF07B
:104B0C00D9FDEDE7314D4941CDCCCC3DF02900200C
:104B1C00504B10B502689A4240F096800379022BF4
:104B2C0040F09280431D00F13F01002413F8012F47
:104B3C00994284EA0204F9D14179A14279D1002247
:104B4C0000EB420101324B8A03F5FA739BB2B3F5C9
:104B5C007A7F79D80B8C03F5FA739BB2B3F57A7F15
:104B6C0072D8072AECD1428E40F6B8339A426BD8F1
:104B7C00828E9A4268D8D0F806309FED377A07EECD
:104B8C00903AF4EEC77AF1EE10FA5DD4F2EE0E6ABA
:104B9C00F4EEE67AF1EE10FA56DCD0F82E3007EE91
:104BAC00903AF5EEC07AF1EE10FA4DD4F3EE046AB9
:104BBC00F4EEE67AF1EE10FA46DCD0F80A3007EEA5
:104BCC00903AF4EEC77AF1EE10FA3DD4B2EE0E7ACA
:104BDC00F4EEC77AF1EE10FA36DC90F83630053B7D
:104BEC005A2B31D8D0F80E3042F21C52A3F5FA737E
:104BFC00934229D890F83730092B25D890F83830C3
:104C0C00092B21D890F839301F2B1DD8C36BB7EE68
:104C1C00007A07EE903AF4EEC77AF1EE10FA13D45C
:104C2C009FED0E7AF4EEC77AF1EE10FA0CDC01204F
:104C3C0010BD002310220A480FF03CFD0023102267
:104C4C00214607480FF036FD05480FF00BFD0020FC
:104C5C0010BD00BF314D4943CDCCCC3D00000044CC
:104C6C00F0290020704700BF10B5002304460E4AFF
:104C7C000321A382226023630C48C4E90133C4E9F5
:104C8C000333C4E90633C4E90833C4E90A330CF02E
:104C9C00F3FF042106480DF007F8012105480DF03B
:104CAC001DF8204610BD00BF6C1A0020E042002009
:104CBC00E0410020888900202DE9F04700240646B9
:104CCC004FF0FF0A2030FB4D4FF4407834704FF416
:104CDC00687774703562B470C6F86403F470C6F803
:104CEC00800386F804A0B4737462B46286F805A0DD
:104CFC0009F000FC06F58060C6F8005406F58055F6
:104D0C00C6F84407C6F86007C6F80444C6F8084459
:104D1C0009F0F0FBDFF8A49306F5FC6006F61873B7
:104D2C00C6F8E097C6F8680BA6F8588BC6F8183F7B
:104D3C00C6F8E447C6F8E847C6F8384BC6F83C4B0B
:104D4C00C6F8404BC6F8444BC6F8484BC6F84C4B1B
:104D5C00C6F8504BC6F8544B86F85A4B86F81E4F83
:104D6C00A6F81C7F08F05CFD41F2586306F57260F2
:104D7C00C6F8209FF318C6F8244FC6F8284FC5F87C
:104D8C005836A5F8988285F89A42A5F85C7685F88D
:104D9C005E46C5F8A802C5E99E44C5E9A044C5E92C
:104DAC00A244C5E9A44408F03BFD41F6985306F52E
:104DBC00B350C5F86446F318C5F86846C5F8609654
:104DCC00C5F8B849C5F8BC49C5F8C049C5F8C449C7
:104DDC00C5F8C849C5F8CC49C5F8D049C5F8D44977
:104DEC00A5F8D88985F8DA49A5F89C7D85F89E4DFB
:104DFC00C5F8983DC5F8E80908F012FD42F2D84212
:104E0C0005F58053C5F8A44DC5F8A84DB218C5F8E2
:104E1C00A09D06F5ED5006F50055C3E93E44C3E9E7
:104E2C004044C3E94244C3E94444A5F8188183F8DB
:104E3C001A41C5F82801C3F8D824A3F8DC7483F808
:104E4C00DE4408F0EDFC42F2E04042F61843A5F8CF
:104E5C0058883018DFF86882F318C5F8E094A5F884
:104E6C001C7C08F15809C5F8183CC5F8E444C5F891
:104E7C00E844C5F83848C5F83C48C5F84048C5F87A
:104E8C004448C5F84848C5F84C48C5F85048C5F8DA
:104E9C00544885F85A4885F81E4CC5F8680808F03F
:104EAC00BFFC42F6204085F8A24C3018C5F8244CC3
:104EBC00C5F8284CC5F8304C85F8344CC5F8384C3E
:104ECC00C5F83C4CC5F8208CC5F8484CC5F84C4C82
:104EDC0085F87E4C85F8804CC5F88C4CC5F8904C08
:104EEC00C5F8944CC5F8984CC5F89C4CA5F8A04C4A
:104EFC00A5F8A4ACC5F8B04CC5F8B44CC5F8B84C82
:104F0C00C5F8BC4C85F8AF4C85F8A34CC5F82C9C67
:104F1C000CF018FBC5F8C08CDFF8A88106F53350EF
:104F2C0085F8424DC5F8CC9C08F14C09C5F8C44C29
:104F3C00C5F8C84CC5F8D04C85F8D44CC5F8D84C3D
:104F4C00C5F8DC4CC5F8E84CC5F8EC4C85F81E4DA2
:104F5C0085F8204DC5F82C4DC5F8304DC5F8344DAD
:104F6C00C5F8384DC5F83C4DA5F8404D85F8434D76
:104F7C00A5F844AD85F84F4DC5F8504DC5F8544DC6
:104F8C00C5F8584DC5F85C4D0CF0DCFA42F6605093
:104F9C0085F8854D3018C5F8644DC5F8684DC5F8D1
:104FAC00704D85F8744DC5F8784DC5F87C4DC5F835
:104FBC00608DC5F8804D85F8844D85F8864D85F853
:104FCC00874DC5F8884DC5F88C4DC5F8904DC5F882
:104FDC00944DC5F86C9D0DF08BF842F6985085F801
:104FEC00BD4D3018C5F8988DC5F89C4DC5F8A04D31
:104FFC00C5F8A84D85F8AC4DC5F8B04DC5F8B44D05
:10500C00C5F8A49DC5F8B84D85F8BC4D85F8BE4DC6
:10501C0085F8BF4DC5F8C04DC5F8C44DC5F8C84D91
:10502C00C5F8CC4D0DF064F8234B2146C5F8E44D82
:10503C0003F16C02C5F8E03D9833C5F8E84DC5F8AE
:10504C00F04D05F62860C5F8F83D40F20113C5F89F
:10505C00F44DA5F8183E0123C5F8FC4D85F8004E1B
:10506C00C5F8044EC5F8084E85F80C4EC5F8104E20
:10507C00C5F8144EC5F81C4EA5F8204E85F8224EE6
:10508C00C5F8244EC5F8EC2D4FF4807285F81A3E05
:10509C0013F0EEFC05F55E6300200021C3E952011C
:1050AC00C3E95401002140F2FF30C3E95601C5F8B1
:1050BC00404F09E0481C0020B01A0020A81800201E
:1050CC00841B0020E4190020C5F8444FC5F8484F54
:1050DC00C5F84C4F0FF0A8FE85F8544FC5F8500F8B
:1050EC0006F5405542F6E05085F875423018C5F883
:1050FC0076420AF0EBF843F220303018FFF7B4FD9B
:10510C0085F894433046C6F80640C6F80A40BDE818
:10511C00F08700BF00B583B0019006F01BFF01982B
:10512C00064A00F50050064BC0F8482CC0F8E82C95
:10513C00C0F84C3CC0F8EC3C03B000BD350100009D
:10514C005101000010B5044682B0019107F0DCFE5D
:10515C0004F500530199D3F8682DBAB3012204F574
:10516C00405080F8942393F8852D5ABB93F8BD3D9D
:10517C0003F0FF000BB902B010BD42F69850201896
:10518C0090F827206FF07E040A70826A7F2AA8BFED
:10519C007F22A242B8BF22464A80D0E90B237F2A45
:1051AC00A8BF7F227F2BA8BF7F23A242B8BF224675
:1051BC00A342B8BF23468A808B710CF0A5FF012057
:1051CC0002B010BD42F660502018D9E7D3F8A02DDC
:1051DC00003A18BF0122C2E7704700BF00F54050EB
:1051EC0090F89403704700BF2DE9F04F044689B046
:1051FC000D4607F089FE04F5005E9EF8223ECBB901
:10520C0004F5405C9CF8340310B909B0BDE8F08F8C
:10521C000CF54E7403F0FF06AE460FCCAEE80F0053
:10522C0094E807008EE807008CF83463012009B07D
:10523C00BDE8F08F42F6246342F64C6CDEF8241E77
:10524C002A46E318A44442F8021B53F8040F9C4569
:10525C0022F8020FF9D19EF80C3E033B012B0CD91E
:10526C00B5F916309AB2092A28BFFF232B7642F6DD
:10527C00E05020180AF080FBD8E7B5F9043040F272
:10528C00FF3EB5F9080001F48079A3F50046002330
:10529C00A0F50040B5F906209C46069301F4806AFF
:1052AC0060F30F0C47F6FF70CDE90433821A66F3F6
:1052BC000F0362F31F43B5F90E20801A6A897245F9
:1052CC0060F31F4CC1F3C02028BF72464FEA82180E
:1052DC00AA89724528BF72464E05C1F3002E4FEACB
:1052EC00821218D4BEF1000F1BD0EE468DF81800B8
:1052FC00ADF80C80ADF80E20CDE9013C21F47063C3
:10530C00AC460093BEE80F00ACE80F009EE8070027
:10531C008CE80700ABE7BEF1000F02D008B101200A
:10532C00E3E701F400764F46B3462FB920B14E4562
:10533C000CBF02200320D8E74FEA5B27BBF1000F1C
:10534C0000D0C0B911F4406F00D1B7B94FEA9A2020
:10535C0017B108B10520C8E7BBF1000F14BF002638
:10536C0000F0010616B1B9F1000F08D00EEA000EDC
:10537C00CEF10800B9E70320B7E70420B5E7062013
:10538C00B3E700BF00F50053D3F8F43D0BB1012097
:10539C00704700F5405090F83503704700F5005009
:1053AC00D0F8283C0BB101207047D0F8C80CC01ABB
:1053BC0018BF0120704700BF0138022808B505D876
:1053CC0008480FF04FF907480FF04CF905480FF05B
:1053DC0049F964200FF0D2FC0248BDE808400FF0F8
:1053EC0041B900BFF0290020FFEE007A70B5B4EE91
:1053FC00E70A86B0F1EE10FA00F1C180F7EE007A00
:10540C009FED707AB4EEE70AF1EE10FA77FE807A2F
:10541C0067EE877AFDEEE77A17EE90CAFFEE007A18
:10542C005FFA8CF1CCF3072CF4EEE70AF1EE10FAEC
:10543C0000F1B080F7EE007A9FED627AF4EEE70AA5
:10544C00F1EE10FA77FEA07A67EE877AFDEEE77A36
:10545C0017EE904AFFEE007A5FFA84FEB4EEE71A7C
:10546C00240AF1EE10FA00F1A080F7EE007A9FED1D
:10547C00557AB4EEE71AF1EE10FA77FE817A67EE00
:10548C00877AFDEEE77A17EE902AFFEE007A160A7D
:10549C00F4EEE71AF1EE10FA00F19180F7EE007AD3
:1054AC009FED487AF4EEE71AF1EE10FA77FEA17A46
:1054BC0067EE877AFDEEE77A17EE903AC3F307258D
:1054CC008DF80A20020A8DF80C30030A02F0020251
:1054DC008DF80B6003F0810306011343020A06F0FA
:1054EC00100602F004021A4300230193049305935F
:1054FC0065F307038DF81140440A61F30F23C108CB
:10550C006CF317434FEA102C6EF31F630CF0080C6E
:10551C00CDF80D30C0F30013334343EAC11142EA16
:10552C000C0304F01002C409134304F02004020A13
:10553C002343040102F0400204F020041343020947
:10554C0002F002028DF8063041EA02030101C0F3B9
:10555C008012C0F3C010234301F04001404252427C
:10556C000B4314218DF8090001A88DF808208DF843
:10557C0007308DF8051010F0EDFE06B070BDFFEE93
:10558C00007A4FF0800C0121F4EEE70AF1EE10FAEC
:10559C007FF550AFFFEE007A80244FF0010EB4EE91
:1055AC00E71AF1EE10FA7FF560AFFFEE007A802675
:1055BC000122F4EEE71AF1EE10FA7FF56FAF8025B9
:1055CC0001237DE700FEFF460B4611460022D3F86F
:1055DC0000C003601846DCF81C30184770B5044650
:1055EC00006818B3002604F117050CE0A27E531CCA
:1055FC002244DBB2082BA376507403D9637E6683F6
:10560C000A2B14D0206803681B69984770B1206876
:10561C0003685B699847E37EC0B2002BE6D1FE2895
:10562C00F0D140F2011360746383EBE770BD04F1B9
:10563C001103002213F8011FAB4282EA0102F9D1D7
:10564C00237E9342DED1E38AC82BDBD8B4F9142035
:10565C002046B4F91210FDF749F9D3E70268002A85
:10566C0031D0DFF864C070B5037A82B0DCF800404A
:10567C008B4226461FD00D461168044610468A6898
:10568C009047032815DDFD2220688DF805508DF814
:10569C0004200A228DF80720EA438DF806200268C0
:1056AC00536804220DEB0201984701222572E66033
:1056BC00227402B070BD037C002BDCD0C368E31AEB
:1056CC00312BF6D9D7E77047BC910020B5EEC00A54
:1056DC00002330B5F1EE10FA0B80138019D9F3EEDC
:1056EC00045A90ED126AB7EE007AD0ED137AC6EE3A
:1056FC00006A0023836480EE256A76EEE76AB4EED6
:10570C00C76AF1EE10FA37FE067AE7EE267AC0ED9C
:10571C00137A0379002B00F0E5810368002B00F06D
:10572C00E18190F82430002B00F0DC8190F8793086
:10573C00012B00F0D381022B03D1C379002B00F095
:10574C00D181F7EE006ADFF8D8E390ED0C7ADEF841
:10575C000030B4EEE67A846A1B1BF1EE10FA07EE09
:10576C00903AF8EE677A40F3C381B4EEE77AF1EE43
:10577C0010FA33DAF0EE086AB3EE0E6A67EE266AB8
:10578C00F4EEC66AF1EE10FA00F175829FEDE06A54
:10579C00F4EEC66AF1EE10FACCBF012300239FEDA4
:1057AC00DC6A002B46FE866AFCEEE66AF8EE666A58
:1057BC00F4EEE67AF1EE10FA80F2948176EEC76A96
:1057CC0077EEC77AB7EE006A87EEA67A76EE476A6E
:1057DC00F5EEC06AF1EE10FA40F2848190F8783060
:1057EC00052B00F0A781B0F88AC0D0ED077ABCF188
:1057FC00000F0BD007EE10CAB0EEE76ABBEEEF7AE3
:10580C00B4EEC76AF1EE10FA00F37E81B0F88CC0EA
:10581C0090ED087ABCF1000F0BD006EE10CAF0EE3A
:10582C00C75ABBEEEF6AF4EEC65AF1EE10FA00F36B
:10583C006B81B0F886C0BCF1000F12D006EE10CA16
:10584C00F0EEE75AB8EE466AF4EEC65AF1EE10FAEC
:10585C0007D5F0EEC75AB4EEE56AF1EE10FA00F394
:10586C00538190F894C0BCF1000F00F0898090F83F
:10587C0095C0BCF1000F00F0838090F85240012CD1
:10588C007ED9B7EE006AF4EEC66AF1EE10FA77DB59
:10589C00B6EE004A90ED1B5A848D06EE10CADFED71
:1058AC00A43A25EE045A04EE104AB8EE466ADFED2F
:1058BC00985AB8EE444AD0ED194A24EE066A86EEA0
:1058CC00234AB4EEE54AF1EE10FA35FE846A65EE31
:1058DC00065A66EE244A65EE865AB0EEE45AF4EEA9
:1058EC00C55AF1EE10FA07DCB1EE455AB4EEE55AA2
:1058FC00F1EE10FA35FE255A74EE854ADFED8A5A20
:10590C00F4EEE54AF1EE10FA00F35482DFED815A21
:10591C00F4EEE45AF1EE10FA75FEA44AB6EE004A23
:10592C00D0ED1C5A90ED1A5A77EEA47A65EE845A93
:10593C0026EE055A65EE865AF0EEC54A25EE866AC5
:10594C00B4EEE46AF1EE10FA07DCF1EE644AF4EE20
:10595C00C64AF1EE10FA74FE864A35EE245A9FEDD3
:10596C00726AB4EEC65AF1EE10FA07DC9FED696A62
:10597C00B4EEC56AF1EE10FA36FE056A37EE067A19
:10598C0090F89040DFED6A5A06EE104AB0F892C0DB
:10599C00B8EE466A86EE255ABCF1000F1CD0B0F862
:1059AC0050404FF6FF75AC4200F0948106EE104A61
:1059BC00F8EE464A06EE10CAF7EE005AB8EE466A02
:1059CC0084EE864AB4EEE54AF1EE10FA35FE844ACE
:1059DC0075EEC45A25EE255AB5EEC05AF1EE10FA02
:1059EC0040F29280B0F87AC0BCF1000F40F04681D2
:1059FC00B7EE006A022B00F04E81012B00F0AC8157
:105A0C0090F87C309FED4A4A04EE903AF8EE644AE6
:105A1C00C4EE845A67EEA57A27EE257A67EEA67A4D
:105A2C0027EE267A67EE807A27EE007AC7EE865A42
:105A3C00C7EE066AB0F89630DFED3C4A07EE103A36
:105A4C00B0F8983007EE903A25EE856AB8EE477AB2
:105A5C00B0F88830F8EE675A66EE856AC7EE247A9D
:105A6C0085EEA47A67EE867A27EE267A002B40F034
:105A7C00558190ED0E6AD0ED0D6A37EE067A77EE11
:105A8C00A67AF8FE476AFDEEE66AB8FE676ABDEED6
:105A9C00C66A16EE903A16EE104A1BB20C801380B2
:105AAC0006EE903AB1F900C0F8EEE66A06EE10CABE
:105ABC00BCF17F0FB8EEC66A37EE667A77EEC67A1F
:105ACC0080ED0E7AC0ED0D7A00F3CC80B1F9003088
:105ADC006FF07E008342B8BF0346C4E08379002B8D
:105AEC007FF42FAE0023436403648363436330BDB0
:105AFC009FED097AF4EEC77AF1EE10FA7FF66EAEEE
:105B0C000023DFED066A4AE600238363436330BD5E
:105B1C00000048430000FEC200004842000016434B
:105B2C00BC910020000000000000FE4200007A44FE
:105B3C000000C84290F890305FED036A07EE103A0F
:105B4C00B0F89230B8EE477AC7EE267AE3B1B0F8E7
:105B5C0050C04FF6FF7EF44500F0F78007EE10CAF8
:105B6C00B8EE476A07EE103AF7EE006AB8EE477ADD
:105B7C00C6EE075AF4EEE65AF1EE10FA76FEA55A86
:105B8C0076EEE56A67EEA67AF5EEC07AF1EE10FADB
:105B9C00A8D9B0F88830D0ED116A90ED107A002BAE
:105BAC0000F09F8026EEA65A06EE103AB8EE466A32
:105BBC00A7EE075AF1EEC55AB4EEE56AF1EE10FA0B
:105BCC0005DAF5EE405AF1EE10FA40F098801FED30
:105BDC002B4AF0EE443AB0F8983026EEA76A5FED07
:105BEC002D4A67EE277A05EE103AB0F8963080ED24
:105BFC00104AB8EE455A05EE903AD0ED0E6AF8EE22
:105C0C00655A90ED0D7A85EE244AC0ED113A85EE79
:105C1C00A45AE6EE046AA7EE857AF8FE667AFDEEE3
:105C2C00E77A17EE903AB8FE476ABDEEC66A1BB229
:105C3C0016EE104A07EE903A0C80F8EEE77A1380D5
:105C4C00B1F900C076EEE76A06EE10CABCF17F0F20
:105C5C00B8EEC66AC0ED0E6A37EE467A80ED0D7A64
:105C6C007FF734AF7F230B80B2F900307F2B0ADD36
:105C7C007F23138030BDF0EE466A99E506EE10CA1C
:105C8C00B8EEC66AB6E613807F33BFF630AF4FF678
:105C9C008173138030BDDEF800C0C36BB0F882E0B6
:105CAC00ACEB03037345FFF422AF90F884305FED47
:105CBC00604A05EE903AC0F83CC0F8EE655A85EEA5
:105CCC00A46A67EE865A27EE066A65EEA65A66EE59
:105CDC00266AAFE6D0ED134A1FED6C6A64EE864A75
:105CEC0068E626EEA65A1FED706AA7EE075AF1EE8B
:105CFC00C55AF4EEC65AF1EE10FA7FF668AF86EE8E
:105D0C00255A65EE075A25EE266A37EE654A76EE79
:105D1C00C63AB0EE657AF0EE466A5CE727EE076AA3
:105D2C0006EE903AF8EE666AA7EEA76AF1EEC65A4E
:105D3C00F4EEE65AF1EE10FA7FF79BAE86EEA56A0A
:105D4C0067EE867A27EE067A93E690ED136A1FEDDE
:105D5C00897A26EE076A05E767EE075AB0F88030B5
:105D6C00E7EEA75AB1EEE53A2BB105EE903AF8EE14
:105D7C00E55A83EE253A90F87D305FED932A04EED8
:105D8C00103A90F87E3003EE903AB8EE444AF7EEB3
:105D9C00004AF8EE633AC4EE225A83EEA24AB4EEFD
:105DAC00E43AF1EE10FA74FE834A34EE654AE4EEFE
:105DBC00245A2FE6F0EE654AB0E500BF8B795A1EE7
:105DCC00012A00B503D91A1F012A88BF042380F8C1
:105DDC007830CB79032B28BF002380F879300B89DE
:105DEC00092B40F29F80B3F57A7FA8BF4FF47A73EA
:105DFC00A0F87A3047F230528B7A4FF0000C642BBB
:105E0C0028BF6423012B38BF012380F87C30CB7A68
:105E1C00642B28BF6423012B38BF012380F87D300D
:105E2C000B7B642B28BF6423012B38BF012380F824
:105E3C007E30B1F80D30002B08BF6423A0F8803001
:105E4C0091F810E0CB7B43EA0E23B3F5FA7F28BF21
:105E5C004FF4FA73012B38BF0123A0F882304B7C2E
:105E6C00642B28BF6423012B38BF012380F88430B6
:105E7C004B8AA0F886308B8AA0F88830CB8AA0F8A1
:105E8C008A300B8BA0F88C308B7E003B18BF012323
:105E9C0080F88E30CB7E003B18BF012380F88F300A
:105EAC000B7F642B28BF642380F890304B7F91F8D4
:105EBC001EE043EA0E23934228BF1346A0F892300B
:105ECC00CB7F003B18BF012380F8943091F8203031
:105EDC00642B28BF642380F8953091F8222091F828
:105EEC00213043EA0223B3F5FA6F28BF4FF4FA636B
:105EFC00642B38BF6423A0F8963091F8233091F8C6
:105F0C002420C0F844C043EA0223C0F840C0B3F5D3
:105F1C00FA6F28BF4FF4FA63642B38BF6423A0F8E0
:105F2C00983000BD0A2363E708B50B46362800F20B
:105F3C00B782DFE810F0AB02A10297028D02830258
:105F4C0079026F0265025B02510247023D02330285
:105F5C00D201C801BE01B401AA01A00196018C01B5
:105F6C00820178016E0164015A01500146013C0125
:105F7C00320128011E0114010A010001F600EC0097
:105F8C00E200D800CE00C400BA00B000A6009C000D
:105F9C00920088007E0074006A00600056004C007D
:105FAC0042003700DFF8F0C30422D1493620CCF888
:105FBC00D8300FF0F9F9012008BDDFF8DCC304225A
:105FCC00CC493520CCF8D4300FF0EEF9F3E7DFF8FC
:105FDC00C8C30422C8493420CCF8D0300FF0E4F9FF
:105FEC00E9E7DFF8B4C30422C4493320CCF8CC3041
:105FFC000FF0DAF9DFE7DFF8A0C30422C049322042
:10600C00CCF8C8300FF0D0F9D5E7DFF88CC30422F8
:10601C00BC493120CCF8C4300FF0C6F9CBE7DFF81F
:10602C0078C30422B8493020CCF8C0300FF0BCF94A
:10603C00C1E7DFF864C30422B4492F20CCF8BC308C
:10604C000FF0B2F9B7E7DFF850C30422B0492E20A5
:10605C00CCF8B8300FF0A8F9ADE7DFF83CC3042258
:10606C00AC492D20CCF8B4300FF09EF9A3E7DFF843
:10607C0028C30422A8492C20CCF8B0300FF094F996
:10608C0099E7DFF814C30422A4492B20CCF8AC30D8
:10609C000FF08AF98FE7DFF800C30422A0492A2009
:1060AC00CCF8A8300FF080F985E7DFF8ECC20422B9
:1060BC009C492920CCF8A4300FF076F97BE7DFF867
:1060CC00D8C2042298492820CCF8A0300FF06CF9E3
:1060DC0071E7DFF8C4C2042294492720CCF89C3025
:1060EC000FF062F967E7DFF8B0C20422904926206E
:1060FC00CCF898300FF058F95DE7DFF89CC2042219
:10610C008C492520CCF894300FF04EF953E7DFF88A
:10611C0088C2042288492420CCF890300FF044F92E
:10612C0049E7DFF874C2042284492320CCF88C3070
:10613C000FF03AF93FE7DFF860C2042280492220D1
:10614C00CCF888300FF030F935E7DFF84CC2042278
:10615C007C492120CCF884300FF026F92BE7DFF8AE
:10616C0038C2042278492020CCF880300FF01CF97A
:10617C0021E7DFF824C2042274491F20CCF87C30BC
:10618C000FF012F917E7DFF810C2042270491E2035
:10619C00CCF878300FF008F90DE7DFF8FCC10422D9
:1061AC006C491D20CCF874300FF0FEF803E7DFF8D3
:1061BC00E8C1042268491C20CCF870300FF0F4F8C8
:1061CC00F9E6DFF8D4C1042264491B20CCF86C300A
:1061DC000FF0EAF8EFE6DFF8C0C1042260491A209C
:1061EC00CCF868300FF0E0F8E5E6DFF8ACC104223B
:1061FC005C491920CCF864300FF0D6F8DBE6DFF8F8
:10620C0098C1042258491820CCF860300FF0CCF813
:10621C00D1E6DFF884C1042254491720CCF85C3055
:10622C000FF0C2F8C7E6DFF870C1042250491620FF
:10623C00CCF858300FF0B8F8BDE6DFF85CC104229A
:10624C004C491520CCF854300FF0AEF8B3E6DFF81B
:10625C0048C1042248491420CCF850300FF0A4F85F
:10626C00A9E6DFF834C1042244491320CCF84C30A1
:10627C000FF09AF89FE6DFF820C104224049122063
:10628C00CCF848300FF090F895E6DFF80CC10422FA
:10629C003C491120CCF844300FF086F88BE6DFF83F
:1062AC00F8C0042238491020CCF840300FF07CF8AC
:1062BC0081E6DFF8E4C0042234490F20CCF83C30EE
:1062CC000FF072F877E6DFF8D0C0042230490E20C8
:1062DC00CCF838300FF068F86DE6DFF8BCC004225B
:1062EC002C490D20CCF834300FF05EF863E600BF7B
:1062FC00CD0B0000490C0000C50C0000410D000046
:10630C00BD0D0000390E0000B50E0000310F00006D
:10631C00AD0F000029100000A51000002111000095
:10632C009D110000191200009512000011130000BD
:10633C008D130000091400008514000001150000E5
:10634C007D150000F915000075160000F11600000F
:10635C006D170000E917000065180000E118000037
:10636C005D190000D9190000551A0000D11A00005F
:10637C004D1B0000C91B0000451C0000C11C000087
:10638C003D1D0000B91D0000351E0000B11E0000AF
:10639C002D1F0000A91F0000C4890020DFF838C1A0
:1063AC00042240490C20CCF830300EF0FDFF02E600
:1063BC00DFF824C104223C490B20CCF82C300EF021
:1063CC00F3FFF8E5DFF810C1042238490A20CCF8B5
:1063DC0028300EF0E9FFEEE5DFF8FCC0042234496A
:1063EC000920CCF824300EF0DFFFE4E5DFF8E8C03C
:1063FC00042230490820CCF820300EF0D5FFDAE525
:10640C00DFF8D4C004222C490720CCF81C300EF045
:10641C00CBFFD0E5DFF8C0C0042228490620CCF819
:10642C0018300EF0C1FFC6E5DFF8ACC004222449D9
:10643C000520CCF814300EF0B7FFBCE50422DFF8D1
:10644C0098C020491046CCF810300EF0ADFFB2E5E4
:10645C00DFF884C004221C490320CCF80C300EF069
:10646C00A3FFA8E5DFF870C0042218490220CCF87D
:10647C0008300EF099FF9EE5DFF85CC00422144949
:10648C000120CCF804300EF08FFF94E5DFF848C003
:10649C00042210490020CCF800300EF085FF8AE56C
:1064AC00002008BD25200000A12000001D210000B7
:1064BC009921000015220000912200000D230000FC
:1064CC00892300000524000081240000FD24000025
:1064DC0079250000F5250000C48900202DE9F04144
:1064EC000E4615460446022130460EF0FBFC0221F6
:1064FC0028460EF0F7FC234B3201234953F8028057
:10650C0003EB0612D76803EB0512C4F80080A760F2
:10651C00D2F80CC02A0153F802E000231B4A636135
:10652C00C4F80CC01A4B48681268C4F804E0A3FB0A
:10653C0002324FF4FA63920C03FB02F24B681B1A03
:10654C009A42FBD8D8F800302146DEF800203046BD
:10655C001F4214BF012300231CEA020F43F0020266
:10656C0018BF13462374FFF7DFFC03462146284669
:10657C002376FFF7D9FC227E831820462376BDE8CC
:10658C00F08100BF1C1E0020001000E0FC28002041
:10659C0083DE1B43022110B5044608460EF0A2FC14
:1065AC00022105200EF09EFC02200EF089FC034611
:1065BC00052084F820300EF083FC002302460548A9
:1065CC00636284F82120E362A386BDE810400EF0DC
:1065DC0049B800BFF0290020A94AAA4930B5137E5A
:1065EC0083B004460D68012B40F2B48072B6536937
:1065FC0062B6002B1846B8BFD81C80101AD072B6E1
:10660C00D3F1000C03F003010CF0030C58BFCCF1D8
:10661C000001516162B6226862B1B3F5007F06DAFF
:10662C0013F5007F40F32081404240B201E06FF04F
:10663C007E009047944A137E012B51D972B6536950
:10664C0062B6002B1846B8BFD81C80101AD072B690
:10665C00D3F1000C03F003010CF0030C58BFCCF188
:10666C000001516162B6626862B1B3F5007F06DA6F
:10667C0013F5007F40F3FA80404240B201E06FF026
:10668C007E00904702200EF01BFC94F820308342D1
:10669C0003D0636AEB1A312B18D805200EF010FCCE
:1066AC0094F8213083420FD0E36AEB1A312B0BD9CB
:1066BC00E562002840F0A48001232563E56184F89D
:1066CC003530237684F8210003B030BD6562002894
:1066DC007CD10123A56284F8343084F82000DCE7F7
:1066EC0072B6D2E900130968186893681942137CD2
:1066FC0014BF0121002103F0030343EA8103D16895
:10670C00084243F0080118BF0B469808591E5369FC
:10671C0010740D2994D801A050F821F03B470000CB
:10672C003547000047470000354700003145000061
:10673C00414700003B4700003B4700004147000039
:10674C003145000035470000474700003547000041
:10675C003B47000072B6D2E90013096818689368C9
:10676C001942137C14BF0121002103F0030343EAF7
:10677C008103D168084243F0080118BF0B46980802
:10678C00591E536910740D293FF632AF01A050F811
:10679C0021F000BF2F47000029470000534700009D
:1067AC0029470000E14400004D4700002F4700003E
:1067BC002F4700004D470000E1440000294700002E
:1067CC0053470000294700002F47000094F834304D
:1067DC00002B82D00022A36A84F83420EB1A40F2FA
:1067EC00DB52934244D8294B1B78002B7FF475AFB6
:1067FC00A368002B3FF471AF0190984701986CE7A8
:10680C00002394F835202376002A3FF45BAF1F4A0F
:10681C0084F835301378002B7FF454AF226B40F2A0
:10682C00DB53AD1A9D4227D96369002B3FF44AAF65
:10683C0001909847019845E7013B5361D8E6013335
:10684C005361D5E6013B5361FAE601335361F7E638
:10685C00023B5361F4E602335361F1E6023B5361B0
:10686C00C6E602335361C3E67F20E2E67F2008E7E9
:10687C00E368002BC0D130E72369002BD8D121E786
:10688C0000880020BC9100201C8800202A310020A8
:10689C0010B501210A200EF025FB01210A200EF073
:1068AC00EDFA012125200EF01DFB012125200EF013
:1068BC00E5FA012107200EF015FB012107200EF04F
:1068CC00DDFA00234FF48C72F02116480DF090FC89
:1068DC00012114480DF022FC002112480BF0E0FFBE
:1068EC00104800224FF0FF3304460321C276436167
:1068FC000CF0DEFC0C4B03220C49204623610DF0FE
:10690C007FFE204602210CF0D3FC094B20460D22C1
:10691C00084923610DF074FE0748BDE810400DF0E6
:10692C00A1BE00BFC49100203C005A00E809002021
:10693C003C007D00EC090020F029002010B501215D
:10694C0022200EF0CFFA012122200EF097FA00231C
:10695C004FF48C72F02116480DF04AFC01211448BA
:10696C000DF0DCFB002112480BF09AFF10480022BE
:10697C006FF0F82304460321C27643610CF098FCB7
:10698C000C4B03220C49204623610DF039FE2046A6
:10699C0002210CF08DFC094B20460B220849236187
:1069AC000DF02EFE0748BDE810400DF05BBE00BF99
:1069BC00489200203C005A00E809002054007D0059
:1069CC00FC090020F0290020034608461146062B3E
:1069DC0014D90D2B0AD90E3B00B583B0062B43D826
:1069EC00DFE803F04038362B1F1B1300DFF8BCC068
:1069FC00073B204A3CF9133011F0C4BEDFF8B0C09D
:106A0C001C4A3CF9133011F0BDBE1B4B1B4A1B68D2
:106A1C0003B05DF804EB11F0B5BE194B194A1B78A5
:106A2C00F6E7194B93ED007A184AB7EEC77A8DED5D
:106A3C00007B11F0A7FE03B000BD154B154A93ED7A
:106A4C00007AB7EEC77A8DED007B11F09BFEF2E772
:106A5C00114BE7E7114B124A1B8803B05DF804EBAE
:106A6C0011F090BE0F4BF6E70F4A03B05DF804EB44
:106A7C0011F088BE080A0020542E00203C0A002089
:106A8C0029310020340A0020442E00201C0A00204A
:106A9C00C8900020280A00204C2E0020E4920020F0
:106AAC00140A0020E2920020440A0020DC9000200E
:106ABC00CC900020374A43B2C1EB01112DE9F041D3
:106ACC00064692F900004C0086B0984204F1180278
:106ADC0054D0314BB3F900309E4207D0062E51D919
:106AEC000D2E53D84FF6A041002302E000214FF6A3
:106AFC00FF730027294D01931E2361F30F072846CE
:106B0C0000934FF48C7361F31F4700210CF0AEFE21
:106B1C00022128466F610CF0CBFB214B042204F1BF
:106B2C001F0853F826702A82A5F812803FB1384608
:106B3C0012F0CEF93946024628460DF061FD02A945
:106B4C0030460E22FFF740FF982302A8A5F81280CA
:106B5C002B8212F0BDF942F20415024602A90F482D
:106B6C000DF04EFD4FF48C7304F1350200210B48EF
:106B7C0000950CF0FFFD06B0BDE8F08100214FF44C
:106B8C00FC63B6E740F25F410023B2E74FF6FF71BA
:106B9C000023AEE727310020E0920020C4910020B2
:106BAC00B01200202DE9F04F2DED048B8FB0002892
:106BBC0000F0158240F25F42924BDFF89482029211
:106BCC00B3F800A0904A0492029B0026002063F3C5
:106BDC000F0663F31F46049B9F1E03F10C043946FA
:106BEC0031F9023F5A4212B233EA230328BF13464B
:106BFC009842B8BF18468C42F2D1642840F3808288
:106C0C00C82840F3F781B0F5967F40F392829FED50
:106C1C007F8A4FF0FA0B4FF4FA797D4C0021162540
:106C2C0020460BF03DFE00220F2320461146CDE9F5
:106C3C0000534FF48C730CF019FE022120460CF01B
:106C4C0037FB744B414607222046666123610DF0E9
:106C5C00D7FC714B012120464FF0CC0863610CF03E
:106C6C0027FB6E4A4B46142109A8126841F6C3064D
:106C7C0000926B4A11F086FD09A812F029F908213F
:106C8C0040F215130246618200EB40012046A3EB53
:106C9C00410309A923820DF0B3FC40F641032A46B7
:106CAC001C212046CDE90083FA230CF0DFFD44F2D1
:106CBC0008237C221C2120460093FA230CF05AFD59
:106CCC00FA2349221C21204600960CF053FDFA238E
:106CDC00AF221C21204600960CF04CFD42F204130E
:106CEC002A461C2100932046FA230CF043FDBAF1EE
:106CFC00000F04D0494A1268524500F20882012163
:106D0C0043480CF0D5FA474B474A0721636107A863
:106D1C004B46002511F036FD4FF4B01307A89FED3C
:106D2C00439A236112F0D4F807A9024638484FF071
:106D3C0001080DF065FC5B463B4A072107A8DFED17
:106D4C003C9A11F01FFD4FF48A0307A8DFED398A36
:106D5C00236112F0BDF807A902462D482E460DF00E
:106D6C004FFC354B02223549294823610DF048FC74
:106D7C005B46334A072107A811F004FD4FF42B039F
:106D8C0007A84FF01C0B236112F0A2F807A90246CA
:106D9C001F480DF035FC4B46294A072107A84FF038
:106DAC007C0911F0EFFC4FF45A0307A8236112F091
:106DBC008FF807A9024616480DF022FC214B012240
:106DCC002149134823610DF01BFC144B14211F4A5D
:106DDC0009A81B6811F0D6FC09A812F079F8E42375
:106DEC00024609A9638200EB400309485B00C3F526
:106DFC008B7323820DF004FC05480CF021FC0597E5
:106E0C003FE000BFE2920020CC9000200000FA434B
:106E1C00489200200900030018C618C6542E002002
:106E2C00580A002010841084680A0020000000001A
:106E3C000000CC420000F842040078006C0A0020EC
:106E4C00700A00201C00E400740A0020780A00205C
:106E5C00480A0020E12C05F11C03A8BFE1241BB259
:106E6C0027B2B8F1000F00F0958002354FF0000802
:106E7C0046F10006A5F1FC02324300F0D780B9467A
:106E8C009B46AF4BFA221C680023A4FB050110F0B3
:106E9C000BFD5045C0F0B580844240F2B280A0EBAF
:106EAC000A00A4EB0A04B1EE086A049907EE900AF2
:106EBC00B8EE677A07EE904AF8EE677AC7EE276A63
:106ECC0066EE867ABDEEE77A17EE102A052A13468F
:106EDC00A8BF052331F9130007EE103A01EB430369
:106EEC00B8EEC77A05EE100AB3F90210B8EEC55A1F
:106EFC0004EE901A77EEC77AF8EEE44A002A40F0D6
:106F0C00838074EEC53AB3F90430B6EE007A05EE20
:106F1C00903AF8EEE55A75EEC55A65EE875A67EE6B
:106F2C00A76AB0EE086AF0EE002A27EEA64A26EE13
:106F3C00866AB7EE002AB0EE447AB0EE463AA4EE7A
:106F4C00626AA6EEE27A94EE223A74EE666A37EE44
:106F5C00277A73EE027A27EE237AA5EE277AA4EE2F
:106F6C00867AA6EEA57A27EE297AC7EE087A78EE0D
:106F7C00E77AFDEEE77A17EE903A1CB2152C3FF744
:106F8C0069AF162705F11C033C461BB2B8F1000F84
:106F9C007FF46BAF029909F1FF326A480191611ECF
:106FAC0012B2039309B20134009159460BF078FBED
:106FBC004A46644824B2DDE90213CDE90071594612
:106FCC000BF06EFB029809F10102039B594612B2B9
:106FDC00CDE900405B480BF063FB039B45E74FF6A4
:106FEC00A042594BDFF880810292584AB3F800A0B6
:106FFC000492E9E59FED568A4FF0640B4FF0C809F7
:10700C000BE6B0EE497AB0E733F9021CB6EE007A23
:10701C00042A03EE901AF8EEE33A74EEE33A63EEC8
:10702C00873A7FF770AF74EEC55A78E74548444607
:10703C00059F0CF0C3F99FED479ADFED478A474D4A
:10704C004CE0191841F10001A5FB016C2CF0010674
:10705C0006EB5C06891B5B1AA3FB053660F100018D
:10706C00580805FB016340EAC3705044FA21002321
:10707C00A0FB010110F018FC1C2140F21512084471
:10708C0003B280B21B2B03DD9042A8BF104601B2A5
:10709C0037F9023F4FF6FF722A4807EE103A00927A
:1070AC000423B8EEC77A27EE097AC7EE087A78EE91
:1070BC00E77AFDEEE77A17EE902A12B2E12AA8BF22
:1070CC00E122162AB8BF16220BF004FE18F10108B3
:1070DC0044F10004A8F1070323430CD0184B1A68A1
:1070EC00A2EB0A035245A3FB0830AAD80AB91C210B
:1070FC00CEE75046BAE70FB0BDEC048BBDE8F08F7D
:10710C009FED178A4FF0320B4FF0640985E5FA209A
:10711C000023AAFB000110F0C7FB00F11C0147F68D
:10712C00EF3043462A4609B2009020460CF0A8FAEC
:10713C00E5E59FED0C8A4FF0960B4FF496796CE5D4
:10714C00542E002048920020E4920020DC90002075
:10715C00000048430000CC420000F842ABAAAAAAA7
:10716C000000C84200009643500A00202DE9F04F61
:10717C00844C8FB000214FF00F0820464FF0FF35A4
:10718C000BF08EFB002216214FF48C73204607AEB9
:10719C0005AF4FF01B09CDE9001811460CF066FB4A
:1071AC00022120460CF084F8774B072277492046C1
:1071BC00C4E904350DF024FA754B012120466361B6
:1071CC000CF076F8734B10227349204623610DF0B6
:1071DC0017FA724B724AADF818500025059293E8D5
:1071EC00070086E80700012120460CF061F85C23BB
:1071FC00162229B22046CDE900980CF037FB37F85F
:10720C00021B0023AA1C4FF01F0C56F804AB61F3B1
:10721C000F0322825046A4F812C061F31F4363612E
:10722C00BAF1000F06D011F053FE5146024620462B
:10723C000DF0E6F95D3540F21713ADB29D42D6D193
:10724C00584B0026DFF874B14FF01B09DFF870A122
:10725C00039306EB460516F0010F40F641084FF07C
:10726C005C0305EBC50518BF4FF00008002145482D
:10727C0005F13107CDF80090CDF804803A353FB2D6
:10728C003A460CF0F3FA484B484A4FF6FF711B781C
:10729C00107840F25F42C3EBC30365823344DBB228
:1072AC00834208BF0A4600230E210AA862F30F038B
:1072BC0062F31F433E4A63613BF9023F0093022392
:1072CC002382334611F05EFA0AA811F001FE0AA9D6
:1072DC0002462C480DF094F95C233A465D2129486E
:1072EC00CDE900980CF0C2FA3AF9023F65820E2102
:1072FC0000930AA82F4B304A63615F2323823346E5
:10730C0011F040FA0AA811F0E3FD0AA902461D4843
:10731C000DF076F93A465D23BA211A48CDF804806F
:10732C00CDF800900CF0A2FA4FF0FF3306F10E00EE
:10733C000E226361BC23C0B20AA965822382FFF7C7
:10734C0043FB039B53F8045F03933DB1284611F0B4
:10735C00BFFD294602460B480DF052F93A21094867
:10736C000BF00CFF01360AA811F0B2FD0AA9024677
:10737C0004480DF045F9072E7FF46BAF0FB0BDE854
:10738C00F08F00BF4892002009000300F40A00208F
:10739C0018C618C678000800800A00206009002072
:1073AC005F04A0FCE412002010930020E092002067
:1073BC00940A0020A0FCA0FCA00A0020CA90002087
:1073CC00DA900020DFF884C0034608461146DCF84A
:1073DC000820042B00B58BB0DCF814E00592DCF827
:1073EC000C20CDF820E00692DCF810200792DCF897
:1073FC00182009921CD803EB830C104A0DEB830365
:10740C0002EB8C0293ED057A1369B7EEC77A1A7802
:10741C003AB10B4A02938DED007B11F0B3F90BB02E
:10742C0000BD084A8DED007B11F0ACF90BB000BD2E
:10743C00054A0BB05DF804EB11F0A4B9A0110020C3
:10744C00B40A0020AC0A0020440A0020288F002037
:10745C00C1EB011104282DE9F0414FEA410486B03B
:10746C0004F1180212B257D8334943B2064691F9C7
:10747C00001099424CD0314BB3F90030984257D0A0
:10748C0040F2FF71002300272D4D01931E2361F361
:10749C000F07284600934FF48C7361F31F470021AC
:1074AC000CF0E4F9022128466F610BF001FF254B2B
:1074BC00042204F11F0853F826702A82A5F81280C2
:1074CC003FB1384611F004FD3946024628460DF00E
:1074DC0097F802A930460E22FFF774FF982302A8F2
:1074EC00A5F812802B8211F0F3FC42F2041502462F
:1074FC0002A913480DF084F84FF48C7304F1350293
:10750C0000210F4800950CF035F906B0BDE8F0816C
:10751C0000214FF4FC63B6E700211E204FF48C735E
:10752C00CDE9000106480CF0A1F906B0BDE8F081E8
:10753C0000214FF6FF73A6E727310020E0920020D0
:10754C00C49100209C120020F0B5002287B01F21AE
:10755C0018264FF48C733A480191114600964FF05F
:10756C00FF340CF083F936480221052507464461A7
:10757C000BF09EFE334B0322334938463B610DF032
:10758C003FF8324B0A22324938463B610DF038F84D
:10759C00012138467C610BF08BFE2E4B0C212E4AC0
:1075AC00B3F900300DEB01000095013311F0EAF84E
:1075BC002A4B03A83B6111F08BFC03A90246384609
:1075CC000DF01EF8264B274A1B6812689A421AD9EE
:1075DC00254B1B88312B20D84FF478724FF48C73C9
:1075EC00174801920022009611460CF03FF91448FE
:1075FC00022144610BF05CFE1C492A461C4B1048CE
:10760C0003610CF0FDFF0024E1B201340846FFF7E2
:10761C001FFF072CF8D107B0F0BD00224FF400413A
:10762C004FF48C730648CDE9006111460CF01EF93D
:10763C000348022144610BF03BFE07220D49DDE7B4
:10764C00C491002009000400D00A0020410004006D
:10765C00D40A0020E0920020E00A0020DE000A009C
:10766C00BC910020C48D0020D8920020C80A0020B4
:10767C0055000400C00A0020634B1B78022B00F05D
:10768C00A78000220F2118204FF48C73F0B587B01F
:10769C004FF0FF365D4C0191114600905C480CF0A8
:1076AC00E5F85B480221074646610BF001FE594B99
:1076BC000322594938463B610CF0A2FF574A237804
:1076CC0052F82350002B7BD140F25F4200235049EB
:1076DC0062F30F0362F31F43514AC1E904232846A6
:1076EC0011F0F6FB2946024649480CF089FF484840
:1076FC0001214C4E0725074646610BF0D9FD237836
:10770C000821494AA3EBC3030DEB01001288009535
:10771C001344464A0133DBB211F034F8444B02A84F
:10772C003B6111F0D5FB02A9024638460CF068FF0C
:10773C00022138467E610BF0BBFD23783D4A0821BF
:10774C00013304A811F01EF83B4B04A83B6111F067
:10775C00BFFB04A9024638460CF052FF374B384A9F
:10776C001B6812689A421DD9364B1B88312B31D8B5
:10777C0000224FF4787018214FF48C73CDE900106F
:10778C00114623480CF072F84FF0FF3320480221C9
:10779C0043610BF08DFD05222B492C4B1C480361DA
:1077AC000CF02EFF25780024C5EBC505E1B20134A1
:1077BC006818C0B2FFF77EF9072CF7D107B0F0BDFF
:1077CC00012B1ED0164BC7E90436002D8FD086E74F
:1077DC00FFF7BABE18234FF400420D48CDE9003232
:1077EC0000224FF48C7311460CF040F8084A4FF00D
:1077FC00FF330221104653610BF05AFD14492A46FF
:10780C00CBE74FF6A04261E728310020109300200F
:10781C00C491002009000400E80900209411002004
:10782C004100040018C618C6E0920020E00A0020AF
:10783C00A2000A00E80A0020DA000400BC91002033
:10784C00C48D0020D8920020C80A002055000400E6
:10785C00C00A00202DE9F04F574C8FB00021574F34
:10786C002046DFF878910BF01BF800221F21162020
:10787C004FF48C73482601911146009020460BF072
:10788C00F5FF0221204600250BF012FD4C4B4FF06A
:10789C00FF300B224B49DFF848B1C4E904302046D5
:1078AC000CF0AEFE484B0121204663610BF000FD4D
:1078BC00464B0E224649204623610CF0A1FE15F0E2
:1078CC00010F40F64102BBF900004FF024030CBF3E
:1078DC0011460021A6F10E02A8425FFA85FA12B2F7
:1078EC005BD02046CDE900314FF48C7300210BF0B6
:1078FC00BDFF40F2FF72002301212046B04662F327
:10790C000F0362F31F4363610BF0D2FC042359F89D
:10791C00041B66820846238239B1059111F0D8FA0E
:10792C000599024620460CF06BFE0E2206A9504625
:10793C000135FFF747FD822306A8A4F812802382A5
:10794C0011F0C6FA06A90246204624360CF058FE61
:10795C0097ED026A97ED017A1021B7EEC66A1D4ABF
:10796C00B7EEC77A0AA814378DED026B8DED007B4C
:10797C0010F008FFC323184A0AA823826261A4F8F6
:10798C00128011F0A5FA0AA9024620460CF038FE26
:10799C00052D94D10FB0BDE8F08F242343F286114E
:1079AC002046CDE900314FF48C7300210BF05EFFC3
:1079BC004FF6FF729FE700BF48920020A0110020F5
:1079CC0009000300F00A002018C618C6B40008000D
:1079DC00FC0A00200C0B00204D6B4D6B9C12002000
:1079EC00E0920020094B1B78022B0CD0084B1B7823
:1079FC0033B1012B01D0FFF7B9BB0020FFF7D2B890
:107A0C000120FFF7CFB8FFF725BF00BF28310020BA
:107A1C001093002040F2DB5398422DE9F0410E46C2
:107A2C0082B035D86421344B4FF48A7201FB00F4D8
:107A3C003248A3FB04135B0902FB03F598460022B2
:107A4C001823CDE900322E4BA3FB051311465F0919
:107A5C004FF48C730BF00AFF2A4B9C423CD8632DDD
:107A6C002DD8022E25484FF6FF734FF00101044626
:107A7C000CBF254D254D43610BF01AFC244B0622FF
:107A8C0029462046236102B0BDE8F0410CF0B8BD98
:107A9C00002218204FF48C73114600900192174865
:107AAC000BF0E4FE4FF48A734FF680211020042271
:107ABC00CDE90001022111480BF0D8FED1E7C8EB4B
:107ACC0048110F4A3BB24900A2FB01214909C902E6
:107ADC0041F4FC6189B2E9E75622A8F132013BB2CC
:107AEC0002FB01F16422B1FBF2F1C1F13F01C9B219
:107AFC00490141F47841D9E7F1197605C491002088
:107B0C001F85EB51D32A01001C0B0020240B0020F5
:107B1C007A000800014B1888704700BFD8920020EB
:107B2C000146002008B50DF08DFB0120A5210DF0BC
:107B3C0089FB0248BDE808400CF094BDF0290020F8
:107B4C0000B5012083B00DF063FAA52803D0002303
:107B5C00184603B000BD00200DF05AFA0021019028
:107B6C0001200DF06FFB019B5A1ED2B2042AEED8F5
:107B7C0002480CF077FD019BEAE700BFF0290020DA
:107B8C00492201214D2310B58270322490F8372000
:107B9C0043708A420470C370017102D9002380F8CB
:107BAC003730431D00F137014FF0000C13F8012F53
:107BBC008B428CEA020CF9D10D4C382280F805C0AE
:107BCC0004210DF0DFFB21880A48013189B22180A4
:107BDC000CF03CFD07480CF045FD2388322B01D0FE
:107BEC00012010BD03480CF03DFD012010BD00BF6D
:107BFC00D8920020F029002070B58EB006460EAB4E
:107C0C006C46C3F13C0560190DF002FA0EAB04F89A
:107C1C00010B9C42F7D16C4B009A9A4240F09C802D
:107C2C009DF80430012B40F097800DF105030DF108
:107C3C003701002413F8012F8B4284EA0204F9D196
:107C4C009DF805108C427CD104AA0DF11E0132F86E
:107C5C00023F03F5FA739BB2B3F57A7F7CD8D389D4
:107C6C0003F5FA739BB2B3F57A7F75D89142EED1D6
:107C7C00BDF8322040F6B8339A426DD8BDF83420A6
:107C8C009A4269D8DDF806309FED507A07EE903AAB
:107C9C00F4EEC77AF1EE10FA5ED4F2EE0E6AF4EE60
:107CAC00E67AF1EE10FA57DCDDF82E3007EE903A5A
:107CBC00F5EEC07AF1EE10FA4ED4F3EE046AF4EE5F
:107CCC00E67AF1EE10FA47DCDDF80A3007EE903A6E
:107CDC00F4EEC77AF1EE10FA3ED4B2EE0E7AF4EE70
:107CEC00C77AF1EE10FA37DC9DF83630053B5A2B8B
:107CFC0032D8DDF80E3042F21C52A3F5FA739342DF
:107D0C002AD86D460DF1300C2C46103610350FCCA0
:107D1C00644546F8100C46F80C1C46F8082C46F83E
:107D2C00043CF1D100230A2203CD306071600121A3
:107D3C0027480CF0BFFC26480CF094FC01200EB038
:107D4C0070BD0023102222480CF0B4FC002310223A
:107D5C0021461F480CF0AEFC1D4800240CF082FCA0
:107D6C004FF07E533222C6F812401946C6F8063040
:107D7C004D2332704FF00102C6F80A1073706FF089
:107D8C007701F3700023B2801322C6F82E304FF027
:107D9C004603C6F81640F3864923C6F81A40C6F8BF
:107DAC001E40C6F82240C6F82640C6F82A40C6F83F
:107DBC003240B1733474F2737474B37004480CF0C1
:107DCC0051FC20460EB070BD324D494DCDCCCC3D52
:107DDC00F029002010B50021134C0422431D00F1A2
:107DEC003F0CC1800460027113F8012F634581EAD6
:107DFC000201F9D140220D4C417111460DF0C2FA2D
:107E0C0021880B48013189B221800CF01FFC0848F5
:107E1C000CF028FC2388322B01D0012010BD044823
:107E2C000CF020FC012010BD314D4941D8920020AE
:107E3C00F0290020F0B591B006466C46C4F140051F
:107E4C0060190DF0E5F810AB04F8010B9C42F7D16A
:107E5C006846FCF7C1FD0746C0B16D4634460FCDF0
:107E6C000FC40FCD0FC40FCD0FC495E80F0084E8DD
:107E7C000F0000230A229DF8041016480CF01AFC7F
:107E8C0014480CF0EFFB384611B0F0BD4FF07E53A8
:107E9C004FF080421049F2604FF07D523361B36174
:107EAC0004237261736001230C4A0D4C3160306203
:107EBC007062B062F261F3620FCCF363094B306312
:107ECC007163B263B36003480CF0CCFB384611B05D
:107EDC00F0BD00BFF0290020314D49411A160407AE
:107EEC002C0B00209A99993E08B531224D234FF066
:107EFC00490C4321027002224370431D80F802C0DA
:107F0C004FF0000CC17000F13F01027113F8012F0A
:107F1C008B428CEA020CF9D180F805C040228021FA
:107F2C000DF030FA064B07481988013189B21980D7
:107F3C000CF08CFB03480CF095FB012008BD00BF36
:107F4C00D8920020F029002070B590B006466C46FF
:107F5C00C4F1800560190DF05BF810AB04F8010B4F
:107F6C009C42F7D16846FCF7D3FD0546E8B16C4658
:107F7C00A44610361034BCE80F0046F8043C10AB95
:107F8C0046F8100C9C4546F80C1C46F8082CEFD112
:107F9C0000230A229DF8041020480CF08BFB1F488C
:107FAC000CF060FB284610B070BD31224D234FF011
:107FBC007E51C6F812003270492273704323B2709E
:107FCC004FF00202F370164BB2800022C6F8063056
:107FDC006FF07703C6F80A101321C6F82E20B3737E
:107FEC004FF085430F4AC6F81600C6F81A00C6F8BB
:107FFC001E00C6F82200C6F82600C6F82A00C6F8ED
:10800C00320030747074F173C6F836207587F363E0
:10801C0002480CF027FB284610B070BDF029002058
:10802C00CDCCCC3D4602030008B5312253234FF092
:10803C00490C4121027001224370431D80F802C09B
:10804C004FF0000CC17000F13F01027113F8012FC9
:10805C008B428CEA020CF9D180F805C040224FF417
:10806C00CE710DF08FF9064B06481988013189B293
:10807C0019800CF0EBFA03480CF0F4FA012008BD5F
:10808C00D8920020F029002070B590B006466C46BE
:10809C00C4F5CE7560190CF0BBFF10AB04F8010BE6
:1080AC009C42F7D16846FCF71BFC0446E8B16D46D0
:1080BC00AC4610361035BCE80F0046F8043C10AB4B
:1080CC0046F8100C9C4546F80C1C46F8082CEFD1D1
:1080DC0000230A229DF8041017480CF0EBFA1648FE
:1080EC000CF0C0FA204610B070BD53233122492148
:1080FC00B073737041233270F370104A104BB1702F
:10810C006FF0770172601322B3600E4BF073317312
:10811C00727334617461B461F46134627462B46218
:10812C00F46233637463B463F46303480CF09AFA37
:10813C00204610B070BD00BFF0290020010000F0F7
:10814C00CDCCCC3D0000C84233224D234B214FF007
:10815C00000C10B54924027043700322C170431DFA
:10816C0000F1DB018470027113F8012F8B428CEA51
:10817C00020CF9D10D4CDC2280F805C0C0210DF0A9
:10818C0001F921880A48013189B221800CF05EFA8C
:10819C0007480CF067FA2388322B01D0012010BD60
:1081AC0003480CF05FFA012010BD00BFD8920020EC
:1081BC00F0290020F0B5B9B007466C4637AEC4F1D3
:1081CC00C00560190CF024FF04F8010BB442F8D17F
:1081DC00414B009A9A4248D19DF80430032B44D16C
:1081EC000DF105030DF1DB01002413F8012F8B4277
:1081FC0084EA0204F9D19DF805108C422AD19DF82D
:10820C000B40082C31D8DDF8073007EE903AF5EE2C
:10821C00C07AF1EE10FA28D49FED307AF4EEC77ADA
:10822C00F1EE10FA21DC6946DC2238460DF056F9E5
:10823C0000230A2203212A480CF03CFA00230A22CC
:10824C00214627480CF036FA25480CF00BFA012091
:10825C0039B0F0BD0023102221480CF02BFA00237A
:10826C00102221461E480CF025FA1D4800240CF063
:10827C00F9F933214D231B4A397049217B704B236B
:10828C00C7F807204FF0010EB97007F11402FB700C
:10829C004FF01A0C4FF0030321466FF00506124DF8
:1082AC00BC71FC72BB800CFB0470A2F1140342F88D
:1082BC0008EC0674417499740533C3F80E509A4255
:1082CC00F9D101341A32082CEDD105480CF0CAF959
:1082DC00002039B0F0BD00BF334D494B000048427F
:1082EC00F02900200000A04050003C00F0B58BB0FD
:1082FC0007460AAB6C460DF12506C3F512756019DD
:10830C000CF086FE04F8010BB442F8D1314B009A04
:10831C009A4232D19DF80430062B2ED19DF805409F
:10832C000DF1050309A8002213F8011F984282EAF7
:10833C000102F9D1944220D19DF80630581E043B1D
:10834C00012B88BF012894BF0124002415D86E4648
:10835C000DF1200C3546103710360FCD654547F81A
:10836C00100C47F80C1C47F8082C47F8043CF1D1CA
:10837C003068337938603B7128E03222642356210F
:10838C0000207A704522144CFA7028223B73397005
:10839C0043213B7703F520233A7245F26402B9700E
:1083AC004FF448517C6004467A811422C7F80D3092
:1083BC000A4B7872C7F81200C7F8160078837877E2
:1083CC00B877A7F81F107A74C7F8213020460BB085
:1083DC00F0BD00BF5632434506000400E803E80335
:1083EC00F0B58DB007460CAB6C460BAEC3F50475FF
:1083FC0060190CF00DFE04F8010BB442F8D1304BAF
:10840C00009A9A4222D04B225423002453213A70D2
:10841C0043227B700223B97007F10C002146FA70DD
:10842C007B602022BC6010F023FB7B1D07F12B002E
:10843C00214613F8012F984281EA0201F9D1797192
:10844C0020480CF00FF900200DB0F0BD9DF8043061
:10845C00022BD8D19DF805400DF105030DF12B0031
:10846C00002213F8011F984282EA0102F9D19442CA
:10847C00C9D16D4608AE2C46103710350FCCB4421E
:10848C0047F8100C47F80C1C47F8082C47F8043C2C
:10849C00F1D1002307CD386079600221BA600A223D
:1084AC0008480CF007F900230A229DF8071005482C
:1084BC000CF000F903480CF0D5F801200DB0F0BD1C
:1084CC004B545343F0290020044B012004491B68F2
:1084DC00044A03F5FA63087013607047BC910020DE
:1084EC00EC9200206C860020074A107850B1074BA4
:1084FC0007491B6809685B1A002B02DB0023137009
:10850C0070470020704700BFEC920020BC91002007
:10851C006C86002000220023026042608360C260EF
:10852C000261C361C0E90533704700BF38B5054629
:10853C0017200CF03FFA04460CF076FC60400CF06F
:10854C0079F9652114200CF07BF9024B1B68184457
:10855C00A86038BDBC91002008B52DED028B9FEDB5
:10856C00228A224901200CF06BF907EE900AF8EEF2
:10857C00E77AC7EE888AF5EE408AF1EE10FAF0D071
:10858C001A4900200CF05CF907EE900AB0EE680A6C
:10859C00F8EEE77AC7EE888A0EF07AFCF8EE007AED
:1085AC0020EE270AB5EE400AF1EE10FA10D4B1EE27
:1085BC00C08AB7EEE80A9FED0A7B20EE070BB7EEF8
:1085CC00C00B0EF05DFE20EE080ABDEC028B08BD60
:1085DC000EF036FCB0EE408AEBE700BFAFF3008044
:1085EC00182D4454FB2119400024744941420F00BA
:1085FC00514BDFED527A00B52DED048BD3F80A20E8
:10860C0083B0D3F82E1007EE102A08EE101AB4EE31
:10861C00E77AF1EE10FA4BDBB4EEE78AF1EE10FAE2
:10862C0064DADFED477A9FED477AF4EEC87A464A72
:10863C00F1EE10FA77FE887AC7EE278A93F8363077
:10864C00D2ED007A08EE103A9FED409A4048B8EE11
:10865C00488A68EE277AC7EE899AFFF77DFFF1EE1C
:10866C00047AA0EE298AB4EEE78AF1EE10FA38D437
:10867C00DFED387AB7EE007AB4EEE78AF1EE10FA55
:10868C0077FE886AC6EE897A37EE677A68EEA77A43
:10869C00314A68EE878A314BFCEEE77AFCEEE88AC9
:1086AC00C2ED007AC3ED008A03B0BDEC048B00BDB3
:1086BC00DFED237AB4EEE78AF1EE10FA03D5224A05
:1086CC00DFED278ABAE7F3EE047A9FED1E7A1E4A95
:1086DC00B4EEE78AF1EE10FA77FE887AC7EE278AB5
:1086EC00ACE79FED207ADFED207ACFE7164A9FEDBD
:1086FC00177AD2ED007A164868EE277A0192C7EE07
:10870C00878AFFF729FFDFED0E7A019A0A4BA0EE5C
:10871C00288AB4EEE78AF1EE10FAD1D4F3EE047A9B
:10872C009FED087AB4EEE78AF1EE10FA77FE887ABC
:10873C00C7EE278A82E700BFA88F00206F12833A0A
:10874C00CDCCCC3D00247449642A00200000C842E2
:10875C00408800200000BE42C885002064860020AE
:10876C008096184B3333733FCDCC4C3D10B504463B
:10877C002DED028BFFF7F0FE2046F0EE408AFFF75E
:10878C00EBFEB0EE408A2046FFF7E6FE28EE088AA4
:10879C00A8EEA88AA0EE008AB0EE480ABDEC028BC7
:1087AC0010BD00BF2DE9F04F2DED028B83B01C46A0
:1087BC00BDF93850BDF93C30BDF84070AB46BDF842
:1087CC00446099462B4347EA06051D43ADB235B9C3
:1087DC00DFED737AB4EEE70AF1EE10FA2DD4DFF880
:1087EC00D8818A4681680346D8F80050A94240F2E5
:1087FC009A8042EA040109B241BB1AF0010125D169
:10880C0099829FED687A0021F0EE476A084602448F
:10881C00C3ED036A83ED047A47F6FF7321449A4251
:10882C00A8BF1A469942A8BF19465F4B9A42B8BFD7
:10883C001A469942B8BF19460C46129B1A80139BD4
:10884C001C8003B0BDEC028BBDE8F08F197D69BBB9
:10885C000121587D9D611975002800F08C80996963
:10886C00691A8F422DD807EE90BAD3ED006A9FEDAE
:10887C004F6AF8EEE77A93ED037A597D77EEA67A94
:10888C00C7EE866A76EE876A00293DD0D969691AE7
:10889C00B14239D3FDEEE67A17EE901A08B207EE24
:1088AC00900AF8EEE77A76EEE76A11E0597D11B995
:1088BC000121DD6159759869281A87425ED9002912
:1088CC009FD0D969691AB1429BD3DFED366A00207B
:1088DC0007EE909A93ED017ADFED345AF8EEE77AD1
:1088EC0093ED046A77EE877A87EEA57A37EE067AEF
:1088FC00FDEEC77A17EE901A09B207EE901AF8EE51
:10890C00E77A37EE677A82E7FDEEE67A9FED257A15
:10891C00002117EE900A00B207EE900AF8EEE77A03
:10892C0076EEE76A73E79FED226AB0EE087ADFED28
:10893C00216AC0EE067A0192009067EEA67A87EE65
:10894C00878AFFF709FE009B184620EE080A83ED84
:10895C00000AFFF701FE20EE080A009B6521142097
:10896C0083ED010A0BF06CFFD8F80010009B084453
:10897C00019A98603DE75975DD6170E707EE90BA92
:10898C00D3ED006A9FED096AF8EEE77A93ED037A6E
:10899C0077EEA67AC7EE866A76EE876A76E700BF30
:1089AC006F12833A000000000180FFFF00007A4440
:1089BC000000C8420000FA43BC910020B0EEC07A1F
:1089CC00D0ED037AF0EE606AF4EEC77A70B5F1EE92
:1089DC0010FA04460D4616462DED048B82B001DBD1
:1089EC009FED3A0AB0EEE67AF4EEC77AF1EE10FAA1
:1089FC0001DBDFED366AB7EE006AD4ED025A344A79
:108A0C00344B76EE657A92ED007A94ED048A93ED10
:108A1C00005A27EE877AD4ED060A67EE857AA5EE22
:108A2C00807AE5EEA67A28EE070A82ED007A28EE27
:108A3C00278AC3ED007AB5EEC00AF1EE10FA3EDBE0
:108A4C00F0EE468AB0EEC00ACDED010A0EF08CFABB
:108A5C00B5EEC08A60EE288ADDED010AF1EE10FA5F
:108A6C0030DBB7EE009AB0EEC80A0EF07DFAD4ED0A
:108A7C00057A20EE090AF4EEE87AF1EE10FA07D442
:108A8C00F1EE677AF4EEE87AF1EE10FA77FEA87A56
:108A9C00C5ED007AD4ED057AF4EEC07AF1EE10FA59
:108AAC0007D4F1EE677AF4EEC07AF1EE10FA77FEA5
:108ABC00807AC6ED007A02B0BDEC048B70BDFFEE7F
:108ACC00008ABFE7BFEE009ACDE700BF00000000B0
:108ADC00E4850020E885002000221149114800237C
:108AEC0010B40A60104902600A6010481049037003
:108AFC000B80104C1049114822600A600260104C27
:108B0C001049114A23700B70104C13701048114906
:108B1C00114A2370037013700B6010BC704700BFB8
:108B2C00E8850020E4850020C0810020FD92002013
:108B3C00DA920020BC810020E0850020DC8500203A
:108B4C00F8920020E7920020F4920020ED92002091
:108B5C00EB920020CC860020F29200202DE9F04F01
:108B6C00BA4EBB4ABB4DBC4CD2F8008095ED007A96
:108B7C00D4ED006A2DED028BB37991B0002B40F04F
:108B8C000A81B5EE407A00220023B4492260F1EE4E
:108B9C0010FA2A60F5EE406AB14A0B7013700CBFE4
:108BAC001A460122F1EE10FA0CAB0CBF934642F0C0
:108BBC00010BAC4E327822B1AB4A1268904580F072
:108BCC008180AA4AAA4FD2F8281C002900F03582CD
:108BDC001946A848FCF7B6FA002840F06B813E888D
:108BEC00A54AA64BB6B211881B78B142A449DBB298
:108BFC0006D10878984203D1BBF1000F00F0F28146
:108C0C00168007A89F4ABFEE000A0B7008A91368CC
:108C1C0001331360F9F73AFB9B4B95ED007AD3EDDA
:108C2C00007A77EE877AF4EEC07AF1EE10FA07D478
:108C3C00B7EE000AF4EEC07AF1EE10FA30FE270A15
:108C4C00924BFFEE000A94ED007AD3ED007A77EEAA
:108C5C00877AF4EEE07AF1EE10FA07D4F7EE000A18
:108C6C00F4EEE07AF1EE10FA70FEA70A884B4FF0A2
:108C7C000008884A6FF02E0C93F80090F025ACEBAE
:108C8C00020C40464FF0010E07E008F101080135D7
:108C9C00B8F1070FEDB200F0AA8129FA08F3D90751
:108CAC00F3D57D4901F1100701EB0C0311F8014FCD
:108CBC000EFA03F303439BB2AC4208BF1846B94209
:108CCC00F2D1E2E7754A194608A8019317780022F9
:108CDC00BFEE000A32706E4A1770F9F7D7FA6A4A7B
:108CEC0095ED007AD2ED007A019B77EE877AF4EE5F
:108CFC00C07AF1EE10FA07D4B7EE000AF4EEC07A9F
:108D0C00F1EE10FA30FE270A604AFFEE000A94EDED
:108D1C00007AD2ED007A77EE877AF4EEE07AF1EE13
:108D2C0010FA07D4F7EE000AF4EEE07AF1EE10FA3E
:108D3C0070FEA70A574A6FF02E0ECDF804804FF044
:108D4C00F00CAEEB020E00204FF001094FF00008C2
:108D5C00CDE902323A4609E008F101080CF1010CA8
:108D6C00B8F1070F5FFA8CFC00F0508122FA08F37F
:108D7C00DF07F1D5484901F1100701EB0E0311F89B
:108D8C0001AF09FA03F303439BB2E24508BF18464F
:108D9C008F42F2D1E0E7F37903F11002D2B2042A48
:108DAC0040F25E81043BDBB2E32B3FF6EAAE3C4B78
:108DBC001B785FFA83FBBBF1000F3FF4E2AE274B4D
:108DCC001A7812B9374AC2F80080374A0121197053
:108DDC001368984500F04C81324BC2F800801F6834
:108DEC00D6F80CC0A8EB0707336B6745C0F05C8165
:108DFC00DFED2E5A07EE903A9FED2D6A0CABC7EEC5
:108E0C00A57A67EE867AF0EE675AC5ED007AB7EE72
:108E1C00006AF4EEC67AF1EE10FA76FE277A104A62
:108E2C000121C4ED007A1170B4EE657AF1EE10FAFE
:108E3C007FF4BFAED4ED007AF4EE667AF1EE10FA60
:108E4C0014BF4FF0010B4FF0000BB2E6688F0020FF
:108E5C00BC910020DC850020E0850020ED920020F4
:108E6C00E7920020EB920020CC860020A065002029
:108E7C00DA920020A0450020DE920020F89200201B
:108E8C000793002060880020BC810020C081002056
:108E9C00FD920020288F0020578F0020F292002096
:108EAC00F492002078860020708600200050434702
:108EBC0000000000704871490268BDF9323001327F
:108ECC0007EE903A02600A68B8EEE70A6C48134461
:108EDC0006AA0B6005A9BDF9343000EE903A0023C8
:108EEC00F8EEE00A05930693FFF768FD9DF8302035
:108EFC00644B02F01F021A709DF93630002B40F3C0
:108F0C00A58008F13C0020215F4B3170186042EACB
:108F1C0001065E4B9DED056A08A91E7007A85C4B07
:108F2C00BFEE000ADDED066A83ED006A594BC3ED16
:108F3C00006AF9F7ABF9D5ED007A76EE277AF4EE04
:108F4C00C07AF1EE10FA07D4B7EE000AF4EEC07A4C
:108F5C00F1EE10FA30FE270AD4ED007AFFEE000A8B
:108F6C0076EEA77AF4EEE07AF1EE10FA07D4F7EE8B
:108F7C00000AF4EEE07AF1EE10FA70FEA70A4FF058
:108F8C0000093F4A6FF02E0EF02548464FF00108BD
:108F9C00AEEB020E06E009F101090135B9F1070F3C
:108FAC00EDB214D026FA09F3DB07F4D53A4901F1F6
:108FBC00100C01EB0E0311F8014F08FA03F30343F5
:108FCC009BB2AC4208BF18466145F2D1E3E73B883F
:108FDC00DDED081A18439DED071A92F82C1080B29B
:108FEC00FCF702FA11B0BDEC028BBDE8F08F3043F8
:108FFC00DDED081A9DED071A92F82C1080B2FCF7E3
:10900C00F3F911B0BDEC028BBDE8F08F039A234F3E
:10901C0092F82C103A88DDED0C1A10439DED081ACD
:10902C00DDE9018380B20193FCF7DEF91C4A019B58
:10903C00D2F8281C00297FF4CBADD2F8C82C002A1A
:10904C007FF4C6AD17493A800A70C1E506D008F125
:10905C003C0340210C483170036058E7317856E7E7
:10906C000A4AF03B127842FA03F303F0010BA2E632
:10907C00F0EE475A0CABD7E6608600205C860020E9
:10908C00288F0020F2920020CC860020FD92002038
:10909C00BC810020C0810020578F0020DA92002074
:1090AC00A0650020F8920020DFF8C4920DF1200E8C
:1090BC00306907EE903AD9F804100CABD9F80820B7
:1090CC009FEDA96AAEE80700B9F80C20C7EE867AC6
:1090DC00D9F81210AEF800209E46D9F81620D6F812
:1090EC001E00AEE80700B9F81A20AEF80020B28DC9
:1090FC00F18D9742C0F0E480B81AACEB0202F1EEAD
:10910C00084A10AE05EE900A06EE102AF8EE655AE3
:10911C00B8EE466A85EE865A25EE245ABDEEC56A2F
:10912C0016EE100A05280246A8BF052206EE102AE4
:10913C0006EB420232F9206CB8EEC66A01EE906A78
:10914C0032F91E6C35EE465A02EE106AF8EEE11A50
:10915C00B8EEC22A002840F0DB8032EE614A32F9C8
:10916C001C2CB6EE006A04EE902AF8EEE44A74EE7B
:10917C00E14A64EE864A65EE053A8F42F0EE082A23
:10918C00F0EE000A25EE231A63EEA22AF7EE005A3F
:10919C00B0EE416A31EE633AA3EEE06AF0EE623A69
:1091AC00E1EE602AD1EE203A36EE056A26EE046A2C
:1091BC0033EEA55AA1EE856AA2EE226AA3EE246ACA
:1091CC00F0EE463AC0F09280ACEB01027F1AF1EE61
:1091DC00084A10A805EE902A06EE107AF8EE655AA9
:1091EC00B8EE466A86EE255A25EE245ABDEEC56ABF
:1091FC0016EE101A05290A46A8BF052206EE102AFB
:10920C0000EB4202B8EEC66A32F9100C35EE465A43
:10921C0006EE100A32F90E0CF8EEC62A00EE100A11
:10922C00B8EEC00A002950D130EE624A32F90C2C4B
:10923C00B6EE006A04EE902AF8EEE44A74EEE24AC6
:10924C0064EE864A25EE052AB0EE086AF0EE000AB6
:10925C0025EE023A22EE066AF7EE001A63EEA73A02
:10926C00B0EE461AA3EE606AFFEE005A93EE201A97
:10927C00F4EEE53AB0EE468AB0EE436AF1EE10FA3F
:10928C0033EE423AA2EE606A36EE056A31EE215AAE
:10929C0026EE046AA2EE856AA0EE086AA3EE246AA2
:1092AC005AD566EE277AC5ED005ABFEE006AF4EE89
:1092BC00C67AF1EE10FA7FF5AAADF0EE467AAEE57D
:1092CC008F4237D3DFED293A7EE732F9120CB6EE36
:1092DC00006A042904EE100AB8EEC44A30EE444A7F
:1092EC0024EE064AA2DD70EE624AABE766EE273A40
:1092FC009FED1E6ABFEE005A67EE867AF4EEC53A11
:10930C00F1EE10FA1FD5F0EE455A85ED005A7EE5C8
:10931C0032F9226CB6EE006A042804EE106AB8EE3C
:10932C00C44A32EE444A24EE064A7FF718AF72EE76
:10933C00614A20E79FED0D6A67EE867AF0EE675A78
:10934C00C5ED007A63E5F4EEE53AF1EE10FA75FE40
:10935C00A35AC5ED005A5AE5F4EEE13AF1EE10FAD3
:10936C0071FEA35A9DE700BF005043470000000068
:10937C00788F0020002216491648002310B40A608A
:10938C001549164C0A601649026016480B8022607B
:10939C001549164C0370164823700A60154C164973
:1093AC000260164A16480B7023701649164C13703F
:1093BC000370164A16480B6023701649164C106041
:1093CC00164B174A0C6017481A6010BC0BF04AB9C0
:1093DC00E8850020E4850020C0810020BC810020AD
:1093EC00DA920020FD920020E0850020F892002007
:1093FC00DC850020ED920020E7920020F492002002
:10940C00EB920020CC860020F2920020B881002044
:10941C00288F0020D8870020F5010000E887002065
:10942C00A1020000F029002038B51B4B1A78E2B1DC
:10943C001A49002308681A4A1A4C1B491B4D236011
:10944C0008601B4C1B492B70D2F80A00D2F806C0DE
:10945C00194AC4F800C0086001211360174C184861
:10946C00184A23600370117038BD172001250BF0CA
:10947C00A1FA04460BF0D8FC60400BF0DBF9652137
:10948C0014200BF0DDF905490F4A0C68024B2044FF
:10949C001D709060CDE700BFF7920020BC910020BA
:1094AC00A88F0020C486002054860020F192002052
:1094BC00602A0020642A00206C8900206889002022
:1094CC00F9920020243100204088002000B587B09C
:1094DC00FFF7AAFF0023142101A80593CDE901335E
:1094EC00CDE903338DF805100CF034FF07B000BD47
:1094FC0070B5DFF8CCE392B09EF800C0BCF1000F61
:10950C0027D00CF0FF034FF0000C102B8EF800C08E
:10951C0021D903F17F0C5FFA8CFCBCF1100F18D829
:10952C00813B102B15D8DFE813F024010101140046
:10953C00DE001400140014001400140014001400B5
:10954C001400140014001400D7003F00CE480BF098
:10955C0089F812B070BD013B15460C4606460F2B20
:10956C00F7D801A252F823F063780000C577000009
:10957C0043740000D976000043740000437400006B
:10958C0043740000437400004374000043740000F3
:10959C0043740000437400004374000043740000E3
:1095AC00437400009D7600009121B84BB84A597065
:1095BC00B8491288DFF80CC3B74892B2D1F8284CDE
:1095CC00DCF800E00068002C00F022824FF0010C67
:1095DC00B249FFEE007AC3F806E091F800E00021F2
:1095EC006CF30701DFF8E0C29CF894C36CF30F2115
:1095FC00DFF8C0C262F31741120A62F31F61002246
:10960C00C3F802106EF307029CF800104FEA102EFC
:10961C00DFF8B8C261F30F22A149DCF800C0096879
:10962C00C3F80FC0DFF8A8C2003983F80EE09CED38
:10963C00007A18BF0121B4EEE77A61F31742994919
:10964C0060F31F62F1EE10FA0968C3F80A20C3F840
:10965C00131000F1E981F7EE007ADFED936AB4EEB6
:10966C00E77AF1EE10FA77FE877A67EEA67AFDEECE
:10967C00E77A17EE902A5FFA82FEC2F307228B4933
:10968C00FFEE007A91ED007AB4EEE77AF1EE10FA83
:10969C0000F1C681F7EE007ADFED836AB4EEE77A6B
:1096AC00F1EE10FA77FE877A67EEA67AFDEEE77A8E
:1096BC0017EE901A5FFA81FC090AD9767C49087872
:1096CC00002160F307016EF30F2162F317416CF375
:1096DC001F61C3F817103CE7764A90216B4B127848
:1096EC0059709A7035E769484FF0840C931D3632E7
:1096FC00811C80F801C01868103353F80CEC103141
:10970C00044653F808CC53F8040C934241F8104C1F
:10971C0041F80CEC41F808CC41F8040CEBD118687A
:10972C005A6808604A601B890B8112E757484FF052
:10973C00820C8B1D3631821C80F801C018681033E6
:10974C0053F80CEC1032044653F808CC53F8040CC4
:10975C008B4242F8104C42F80CEC42F808CC42F820
:10976C00040CEBD118685968106051601B89138187
:10977C00EFE646494FF0810C831D36308A1C81F888
:10978C0001C01968103353F80CEC10320C4653F826
:10979C0008CC53F8041C834242F8104C42F80CECF1
:1097AC0042F808CC42F8041CEBD1DBE7374B987835
:1097BC00831E012B3FF6CDAE3E4B01901870FEF789
:1097CC00AFF9019803287FF4C4AEFFF72DFE0023F8
:1097DC00142102A80693CDE90233CDE904338DF8A8
:1097EC0009100CF0B7FDB4E60121334B33480DF1F1
:1097FC000E02ADF80C1003F1300102901868103312
:10980C00103242F8100C8B4253F80C0C42F80C0C32
:10981C0053F8080C42F8080C53F8040C42F8040CEA
:10982C00ECD15868D3F800C019890DF10D035060C4
:10983C000DF14700C2F800C01181002213F8011F7E
:10984C00984282EA0102F9D102A88DF80D20FBF7AB
:10985C0047F800283FF47AAE02ACAC46A6460CF1B1
:10986C00100C1034BEE80F004CF8043C12AB4CF852
:10987C00100C9E454CF80C1C4CF8082CEED12846CC
:10988C00FEF7D2FB65E600BFF0290020EC8D00202E
:10989C00DA920020A065002060880020EA92002067
:1098AC00B88100205C86002000FEFF46E085002089
:1098BC00E792002028310020EE8D002031534941E1
:1098CC000C93002070890020A07500206086002079
:1098DC00DC8500200221564B56480DF10E02ADF8E6
:1098EC000C1003F13001029018681033103242F85A
:1098FC00100C8B4253F80C0C42F80C0C53F8080C5F
:10990C0042F8080C53F8040C42F8040CECD15868DB
:10991C00D3F800C019890DF10D0350600DF147000B
:10992C00C2F800C01181002213F8011F834282EAA1
:10993C000102F9D102A88DF80D20FBF7E9F80028F7
:10994C003FF404AE02ADA446AE460CF1100C10353B
:10995C00BEE80F004CF8043C12AB4CF8100C9E45C2
:10996C004CF80C1C4CF8082CEED12046FEF7BCFA37
:10997C00EFE504212E4B30480DF10E02ADF80C1022
:10998C0003F13001029018681033103242F8100CB9
:10999C008B4253F80C0C42F80C0C53F8080C42F8A0
:1099AC00080C53F8040C42F8040CECD15868D3F8AA
:1099BC0000C019890DF10D0350600DF14700C2F87C
:1099CC0000C01181002213F8011F834282EA0102B8
:1099DC00F9D102A88DF80D20FAF7FEFF00283FF40C
:1099EC00B5AD0DF1080CB646BCE80F00AEE80F00A3
:1099FC00BCE80F00AEE80F00BCE80F00AEE80F00AB
:109A0C009CE80F008EE80F003046FEF7E3F9A0E566
:109A1C00D1F8C81CB1EB040C18BF4FF0010CD7E502
:109A2C0080214FF0010C48E680224FF0010E26E613
:109A3C00EE8D0020314D4943314D49412DE9F04F18
:109A4C00C34C93B006462378002B00F06881C14BC1
:109A5C00C14F1A68D7F82E30DFEDC07A07EE103AF6
:109A6C003568B4EEE77AF1EE10FA0ED497F8394077
:109A7C00012304F01F0403FA04F415EA040140F076
:109A8C009F80B7480170B7490B7034893560A4F5D5
:109A9C000044758984EAE473A5F50045A3EBE473EF
:109AAC00B3F5486F07DC85EAE573A3EBE573B3F513
:109ABC00486F40F3A980AC4B1B78002B00F0B180B1
:109ACC00DFF8C0C2DCF800309A4200F02181A74BCD
:109ADC00DFF8BC921B68CCF80020A2EB0308D7F887
:109AEC000E20B7F832C042459246B7F834E000F287
:109AFC00698100210EAB0DF1280B0A460793002C4F
:109B0C0020460695B8BF04F17F00002D4FEAE01007
:109B1C00C0F21A81079B804699ED000ACDE904B387
:109B2C000023ADF82830ADF83830069BCDE9002184
:109B3C0043F3CF1302B201218D48CDE902CEFEF7DB
:109B4C0031FE069ABDF93830F96BA3EBE213BDF97F
:109B5C00282007EE101A874907EE903AA2EB08026C
:109B6C00F8EEE77A67EE877AFDEEE77A17EE903A31
:109B7C0007EE902AF8EEE77A1D4467EE877AFDEE41
:109B8C00E77A17EE902AC1ED007A14447A4A1360F2
:109B9C007A4A47F6FF739442B8BF14469542B8BF51
:109BAC0015469C42A8BF1C469D42A8BF1D46A4F565
:109BBC000044A5F500453481758113B0BDE8F08FE4
:109BCC0006920BF031F966490123069A91F800C010
:109BDC00BCF1000F00F0F181DFF8BCC1DCF8001023
:109BEC00A0EB010E5F490978002900F0D780644B87
:109BFC001B68734500F2E48000235A49CCF800003E
:109C0C000B7025EA040540E7574800235D490370B3
:109C1C00086882427CD00A60574A1360554A136028
:109C2C00B6E7524B52481A60CDE90832D7F8068095
:109C3C00FEF792FC4E488DED070AFEF78DFC4C4862
:109C4C008DED060AFEF788FCDDED067ADDED076A80
:109C5C0067EEA77A9FED4C6A9FED4C7AE6EEA67AFA
:109C6C0006EE908ADDE90832E0EE007AE7EE866ACD
:109C7C00F4EEC76AF1EE10FA07D4B2EE0E7AF4EEF7
:109C8C00C76AF1EE10FA37FE267ACDE90823404B6D
:109C9C00374883ED007A9946D7F80A80FEF75CFCCA
:109CAC0033488DED070AFEF757FC31488DED060A57
:109CBC00FEF752FCDDED067ADDED076A67EEA77A5A
:109CCC009FED316A9FED317AE6EEA67A06EE908A28
:109CDC00DDE90823E0EE007AE7EE866AF4EEC76A67
:109CEC00F1EE10FA07D4B2EE0E7AF4EEC76AF1EE8A
:109CFC0010FA37FE267A2748DFF888C01A4980ED1B
:109D0C00007A01200870DCF8000090427FF4E2AE8B
:109D1C00184A194B12681B6814441D4438E7172065
:109D2C000AF048FE05460BF07FF868400AF082FD09
:109D3C00652114200AF084FD064B1A681044012298
:109D4C0022700B4A906083E605F17F030693E1E6EF
:109D5C00F7920020BC910020A88F00206F12833A4C
:109D6C00F992002024310020F1920020C4860020BA
:109D7C0040880020688900206C8900200180FFFF4A
:109D8C00C8850020548600206F12033DCDCCCC3DFD
:109D9C00602A0020642A0020C485002099490968A3
:109DAC0071453FF62EAF0692974ACCF8000013701F
:109DBC00FEF71EFC944A1378069A002B3FF421AF51
:109DCC00254362E60EAA91490AABD7F81200079216
:109DDC00C4458A689B46496807C38C49386A8A8996
:109DEC001A80D1F81620079BD1F8121007C3874AA6
:109DFC00528B1A8000F2EE80A8EB0C03B1EE086ACD
:109E0C0006EE903AAAEB0C0307EE903AF8EE666A6F
:109E1C0012ABF8EE677A86EEA77A27EE067AFDEE9D
:109E2C00C77A17EE901A05290A46A8BF052207EE35
:109E3C00902A03EB420232F9203CF8EEE77A05EE69
:109E4C00103A32F91E3C37EE677A04EE903AB8EECF
:109E5C00C55AF8EEE44A002900F0B98032F9223CE8
:109E6C00F6EE007A042903EE903AF8EEE33A74EE3B
:109E7C00E33A63EEA73A00F3C28032F91C3CF6EEEB
:109E8C00007A05EE903AF8EEE55A75EEC55A65EE95
:109E9C00A75A67EE076AB0EE086AF0EE002A27EEC2
:109EAC00264A26EE866AB7EE002AF0EE447AB0EE29
:109EBC00463AA4EE626AE6EEE27A94EE223A74EE48
:109ECC00666A77EE877A33EE027A67EEA37AE5EE6E
:109EDC00077AE4EE867AE6EEA57AFDEEE77A17EEDF
:109EEC00903A1AB2C64577D8A8EB0E03B1EE086AC1
:109EFC0007EE903AAAEB0E0307EE103AF8EE677AEB
:109F0C0012ABB8EE477AC7EE876A26EE867AFDEE7C
:109F1C00C77A17EE900A05280146A8BF052107EE5F
:109F2C00901A03EB410131F9103CF8EEE77A05EE9B
:109F3C00103A31F90E3C37EE677A04EE903AB8EEEF
:109F4C00C55AF8EEE44A002848D174EEC53A31F906
:109F5C000C3CF6EE007A05EE903AF8EEE55A75EE0A
:109F6C00C55A65EEA75A67EE076AB0EE086AF0EEBE
:109F7C00002A27EE264A26EE866AB7EE002AF0EE75
:109F8C00447AB0EE463AA4EE626AE6EEE27A94EED9
:109F9C00223A74EE666A77EE877A33EE027A67EECF
:109FAC00A37AE5EE077AE4EE867AE6EEA57AFDEE84
:109FBC00E77A17EE903A19B2A1E50B7025431249D6
:109FCC000B70134B1860FEF713FB069A5DE574EEED
:109FDC00C53A52E7002285E7002190E531F9123CA1
:109FEC00F6EE007A042803EE903AF8EEE33A74EEBB
:109FFC00E33A63EEA73AAADD74EEC55AB3E774EE02
:10A00C00C55A46E76486002024310020BA8F002010
:10A01C00C485002030B58FB06D4807A9FBF7E4F874
:10A02C0088B96C4A127862B16B4A6C4912780C6828
:10A03C00002A00F09C806A4A1268A41A322C00F2A2
:10A04C00B4800FB030BD654800226649046807A88B
:10A05C00614B0C6001211A705E4B1970FFF7EEFC1E
:10A06C009DF83410002214230829029205928DF8D1
:10A07C0009300692079B00F2A8805B4A525C900064
:10A08C00C2F3C00100F0040001435008920000F03C
:10A09C00020002F00802014341EA02059908BDF8EA
:10A0AC0020E09A08BDF822C01C0101F0100102F05A
:10A0BC0020028EF4004E04F010048CF4004C11437A
:10A0CC00C3F3001202A822435C0A41EAC4119C08A3
:10A0DC0004F040042143DC0842EAC41229431C0961
:10A0EC0004F0020422431C0104F0400304F0200499
:10A0FC0022430024134361F30704BDF824201421E8
:10A10C0063F30F24002382F400426EF307034EF333
:10A11C00072E6EF30F236CF317434CF3072C6CF3E1
:10A12C001F634FF0000CCDF80E3062F3070CBDF836
:10A13C00263042F3072283F4004362F30F2CBDF860
:10A14C00282063F3174C43F30723120A63F31F6CA5
:10A15C00BDF82A3062F317441B0ACDF812C063F322
:10A16C001F64CDF80A400CF0F5F80FB030BD1D4B54
:10A17C0040F6B8311B68E31A8B427FF662AF1421AC
:10A18C00102302A80692CDE90222CDE904228DF813
:10A19C0009108DF80B300CF0DDF812490122104B30
:10A1AC000C600D491C600A704BE71421069001905D
:10A1BC00CDE90200CDE9040002A88DF809100CF0DD
:10A1CC00C9F8054A019B13703BE7154666E700BFCB
:10A1DC00A04500200893002009930020BC9100208A
:10A1EC00AC8A0020A88A00203C18002008B5144B2B
:10A1FC004FF480720021186012480EF039FC4FF4B5
:10A20C008062002110480EF033FC00230F4A4FF0FF
:10A21C00FF0C0F490F480B7080F800C00E49DFF897
:10A22C004CC00E48C1F800C0C2E900330C4A137090
:10A23C000C4B0D4A1A60BDE808400AF013BA00BF77
:10A24C006489002064880020C48100207C86002062
:10A25C00FF92002022310020D8870020F029002016
:10A26C00FA920020E88700204105000071260000CA
:10A27C00014B1860704700BFB4810020354B1A7831
:10A28C0010B532B1344A354912680968521A002A9D
:10A29C002ADA334B1A7842B12F4A324912680968CC
:10A2AC00521A002A01DB00221A702F4B1A7842B185
:10A2BC00294A2E4912680968521A002A01DB002229
:10A2CC001A702B4A137873B12A49087807280AD8D0
:10A2DC002949096839B1DFF880C0012BDCF800404E
:10A2EC0011D0022B06D010BD002224481A700AF09F
:10A2FC00B9F9CEE7224B1B68E31A002BF3DBBDE860
:10A30C001040F8F72DBC1E4B1B68E31A002BEADB40
:10A31C00D1F807304FF01A0CDFED1A7A00EE103A34
:10A32C00194B1B78B4EEE70A03EB8303F1EE10FA3A
:10A33C000CFB00331944B1F8150009D418B1F8F727
:10A34C0035F90B4A044402230D4913700C6010BDFF
:10A35C000444F8E7E9920020BC91002074860020A8
:10A36C00EF920020C0860020FC920020588600202E
:10A37C00FF9200202231002064890020F029002067
:10A38C00B48600200AD7233CFB92002038B53E4807
:10A39C000024FAF791FC00250AF016FE3B4B3C49D1
:10A3AC004FF6FF723B489A85A3F8502064221C722A
:10A3BC00DC601C745C83DD611D6283F824409C624C
:10A3CC001D635D639D63DC631D645D649D64DD647E
:10A3DC0083F852405D659D65DD651D665D669D6615
:10A3EC00DD661D67C3E91D4145F26401A3F87C10CD
:10A3FC0001F51B21C3E9004483F87E20C3F88010CB
:10A40C00142183F890204FF47A7283F88410C3F8E7
:10A41C0094002149A3F898200122C3F88640C3F880
:10A42C008A40A3F88E40A3F8924040F201138C8628
:10A43C000B621A48C1E90044C1E90244C1E9044471
:10A44C00C1E90644C1E90944C1E90B442146FCF7C2
:10A45C0045F8042203211248FCF740F8082309228E
:10A46C000A21104809F0ACFE2323242225210E4892
:10A47C0009F0A6FE0D4B1D605D609C60DD601D61EA
:10A48C00DC61C3E9054438BDA0450020788E00206E
:10A49C00040028000032E803348E002000880020DD
:10A4AC001C880020C4910020489200204088002085
:10A4BC000AF08ABD284A9FED297AD2ED006A284B12
:10A4CC00F4EEC76AD3ED007AF1EE10FA07D4F4EE8D
:10A4DC00C77AF1EE10FA12D59FED220A70479FED64
:10A4EC00217AF4EEC77AF1EE10FAF5D4B3EE040A41
:10A4FC00F4EEC07AF1EE10FA30FE270A70471A4AD1
:10A50C009FED1A7AD2ED006A194867EEA67A00B56B
:10A51C00C7EE876A83B0CDED016AFEF71DF8104BCC
:10A52C00DDED016AD3ED007A9FED0E7AE0EE267A2E
:10A53C00F4EEC77AF1EE10FA09D4B3EE040AF4EE95
:10A54C00C07AF1EE10FA30FE270A03B000BD9FED81
:10A55C00050A03B000BD00BF442E00206F12833AE1
:10A56C00C8900020CDCCCC3D482E00200000C84225
:10A57C00CC8D00201C4B1B784BBB1C4B1C4A1978F8
:10A58C00B2F90030022923D0DFF878C019499CF8C1
:10A59C0000C0CCEBCC0CA3EB0C03184481FB0031BA
:10A5AC000B18C117C1EBA301134BC1EBC101401A2E
:10A5BC000730A3FB0013C11A03EB51039B08C3EB39
:10A5CC00C303C01A60440D4B0121108019707047F1
:10A5DC0018440B49431D81FB0301D817C0EB6100E4
:10A5EC0000EB8000181AEEE72A31002028310020F9
:10A5FC00E092002093244992254992242631002090
:10A60C0067666666109300200D4B9B7B9BB90D4BC8
:10A61C00DFED0D7A93ED007AB4EEE77AF1EE10FAF5
:10A62C0009D4C30707D5094B1B782BB1084B1B78F2
:10A63C0013B900F0FE00704740F00100704700BFF6
:10A64C00A0450020C89000206F12833AE6920020AB
:10A65C00FE9200206B4B1B7803B170476A4A6B4B20
:10A66C0030B5117887B0B3F9003002299AB220D0F6
:10A67C00062A1CD9073A062A47D8073B644931F900
:10A68C001320DFF8C4C10244B2F5FA7FA8BF4FF41F
:10A69C00FA726245B8BF624621F81320FDF714FF29
:10A6AC0001235C495C4A0B70137007B030BD5B49E9
:10A6BC00E5E7042AF4D80DEB8305594A03EB830331
:10A6CC00DFF888E107EE900A0DF1040C02EB83042D
:10A6DC00B8EEE76AD4ED036A94ED017ABEE80F0098
:10A6EC00ACE80F00DEF80030CCF800306B68D3ED2E
:10A6FC00007AE6EE267AF4EEC77AF1EE10FA0DD572
:10A70C0083ED007AFDF7E0FECAE70E3B062BC5D8B9
:10A71C00DFE803F0736361482D1F0D0094ED027A9E
:10A72C00F4EEC77AF1EE10FA37FE277AE8E73D4BE4
:10A73C004FF0190C42F21072196810FB0C10904279
:10A74C00A8BF1046B0F5FA7FB8BF4FF4FA70186086
:10A75C00A4E7354A4FF00503117810FB03135F2B68
:10A76C00A8BF5F23052BB8BF0523137096E72F4BAB
:10A77C0007EE900A93ED007AF8EEE76ADFED2C7A9B
:10A78C00A6EEA77AB4EEE77AF1EE10FA07D4F2EE61
:10A79C000E7AB4EEE77AF1EE10FA77FE877AC3ED13
:10A7AC00007A7BE707EE900A224B9FED217AF8EEB8
:10A7BC00E76AD3ED007AE6EE877AF5EEC07AF1EE31
:10A7CC0010FA1CD4B3EE047AF4EEC77AF1EE10FA58
:10A7DC0077FE277AE3E7184BCAE7184AB2F800C0AD
:10A7EC004FF0050340F6B83110FB03C38B42A8BFF2
:10A7FC000B4623EAE373138050E7114AEEE7DFEDD3
:10A80C00117ACCE72A31002028310020E092002078
:10A81C00DC900020263100202B310020CC90002031
:10A82C0004120020542E002029310020442E002038
:10A83C00CDCCCC3DC89000204C2E0020E4920020C2
:10A84C00E2920020000000000CFEFFFF6C090020CB
:10A85C0008B5144B1B78022B23D013484FF0010C76
:10A86C00124B0178DFF854E06144A3FB0123104A3A
:10A87C0082F800C003F4FF7202EB53030D4AC91AAD
:10A88C0082F800C00A22C1EBC10301700A48AEF87D
:10A89C000030002309F00EFF0748BDE8084009F01E
:10A8AC00E1BE08BD2831002010930020ABAAAAAA53
:10A8BC00263100202B310020F0290020E0920020CE
:10A8CC00124A08B5137883F00103137063B10021A9
:10A8DC0007200AF0D3FA222000210AF0CFFA0C4804
:10A8EC00BDE8084009F0BEBE012107200AF0C6FAF7
:10A8FC00012122200AF0C2FA01230649064A0B70F4
:10A90C0013700348BDE8084009F0ACBE2A310020A2
:10A91C00F0290020263100202B3100203B4B10B5B4
:10A92C001A783B4C022AB4F9003027D09AB2062A86
:10A93C001BD8384A002122F81310FDF7C5FD364B01
:10A94C00B4F9001001221B68344C3548C83321700F
:10A95C000360344C344B354822701A7009F076FE83
:10A96C003248BDE8104009F07DBE073A062A0CD8E3
:10A97C002F4A073B002122F81310DEE7042BDCD80A
:10A98C00DFE803F011151A1F0C000E3B062BD4D870
:10A99C00DFE803F037332E2A25211C004FF07E52BE
:10A9AC00244B9A61C9E7234B234A9A60C5E74FF0C1
:10A9BC008042204BDA60C0E74FF07E521D4B1A618B
:10A9CC00BBE74FF07D521B4B5A61B6E71B4B41F274
:10A9DC0088321A60B1E71A4B46221A70ADE74FF075
:10A9EC007E52184B1A60A8E7174B00221A60A4E796
:10A9FC004FF07E52154B1A609FE7154B00221A80C0
:10AA0C009BE7144B00221A8097E700BF28310020E7
:10AA1C00E0920020CC900020BC9100202731002037
:10AA2C00248F0020263100202B310020F02900201B
:10AA3C00DC900020288F00209A99993E542E0020FB
:10AA4C0029310020442E0020C89000204C2E0020DC
:10AA5C00E4920020E292002038B50E4C0E48237888
:10AA6C00012B14BF0125022509F0FCFD2378AB4214
:10AA7C000ED02846FDF754F8074809F0F3FD3220B4
:10AA8C000AF07CF94FF0E023044AC3F80C2DFEE7E2
:10AA9C0038BD00BF28310020F02900200400FA0541
:10AAAC002DE9F047AA4C90B0AA4EAB4F94F80E800B
:10AABC0035683A78B8F1000F17D0002A00F03A81C7
:10AACC000CA9A34887F80080FAF73CFBC0B9A34B4C
:10AADC00DFF8C8821A68AA4253D198F80060002E99
:10AAEC0000F0FD8010B0BDE8F087002AE8D09C4A49
:10AAFC00CDF83A8012788DF83E8022F001021DE1EB
:10AB0C00BDF93420BDF93230002A954F9549B8BFB4
:10AB1C005242002B91ED127A92B2B8BF5B429DF873
:10AB2C00300012FA83F307EE903A3B78F8EEE77AAE
:10AB3C0003F0010383F0010277EE877A0240C1ED46
:10AB4C00127A00F0010140F02B8181F00101DFF855
:10AB5C004C820B4240F0E980834B38701D60A37B24
:10AB6C001BB140F001008DF83000FFF74DFD0CA932
:10AB7C008DF830007648FAF72FFB784B1A68AA420A
:10AB8C00ABD0774F1D60A37B3978002B40F0EB8165
:10AB9C00764ADFED777A92ED007AB4EEE77AF1EE51
:10ABAC0010FA02D4CA0700F14181724B1A78002ABC
:10ABBC0040F0C3810DF1380A6F4B1B788BBBDFF86B
:10ABCC00D8C198F800209CF80030EAB9ADF82A20DA
:10ABDC00ADF82C2053BB694A1688694AB2F800C0FC
:10ABEC001A466848CDE90032674BCDE9026C93ED0B
:10ABFC00000A0BAB05930DF12A03049300231A46AC
:10AC0C00FDF7D0FD397811E05BB960483268006817
:10AC1C00121A5F480068904200F2F08101238CF810
:10AC2C0000300023ADF82A30ADF82C304D4E01F039
:10AC3C000103B371C1F340033046F371FAF70EFD13
:10AC4C004FF0000352460DF12E01B7EE000A3046CC
:10AC5C00ADF82E30ADF83830FAF738FDBDF82A10C3
:10AC6C00BDF82E30BDF82C201944BDF838301A44EC
:10AC7C00ADF82A1041EA0203ADF82C209BB2002B50
:10AC8C003FF42BAF3878FFF7BFFC4FF00003ADF863
:10AC9C003A1051468DF838002D488DF83E30ADF8FD
:10ACAC003C20FAF799FA7379002B3FF416AFBDF9F3
:10ACBC002A10384809F0CAFCBDF92C10354809F0A7
:10ACCC00C5FC00230A222946324809F0F3FC31481E
:10ACDC0009F0C8FC98F80060002E7FF403AF1C4804
:10ACEC00FAF77CFA00283FF4FDAE1F4A1368EB1A02
:10ACFC00B3F57A6FFFF4F6AE19480EA9A37B156075
:10AD0C00027813481343CDF83A608DF83E608DF805
:10AD1C003830FAF761FA33460A2204211D4809F04B
:10AD2C00C9FC1C4809F09EFCDCE61B4B88F8002093
:10AD3C001A7011E7CDF839200F92012220460EA986
:10AD4C008DF83820FAF748FA124809F08BFCB7E670
:10AD5C00A0450020BC910020F0920020B08A002079
:10AD6C00EE920020788E0020E4870020C89000200E
:10AD7C006F12833AE692002011930020E292002099
:10AD8C00E4920020CC8D0020502E0020C490002096
:10AD9C00542E0020F02900200F9300200E93002049
:10ADAC003268814BDFF850821A60012300227F4801
:10ADBC0088F800307E4B1A70FDF7D8FC7D4BDFED28
:10ADCC007E6A93ED007ADFED7D7AA0EE267AB4EE02
:10ADDC00E77AF1EE10FA07D4F2EE0E7AB4EEE77AD7
:10ADEC00F1EE10FA77FE877A754B7048C3ED007A56
:10ADFC00FDF7BCFC734BDFED706A93ED007ADFED71
:10AE0C006F7AA0EE267AB4EEE77AF1EE10FA07D458
:10AE1C00F2EE0E7AB4EEE77AF1EE10FA77FE877A5C
:10AE2C00694B9DF83000C3ED007A95E6069309F066
:10AE3C00FBFF664A069B1178002900F0CE81644A1C
:10AE4C00DFF8B0E11168A0EB010C9EF800100029AE
:10AE5C0040F098805F4B1968614500F2BA81106030
:10AE6C0001215D4A8EF8001092F800901170FFF7E6
:10AE7C0021FB5A49DFED5A7A0B7887EE807A5249DA
:10AE8C0007EE903A9FED576AD1ED006A47488DED79
:10AE9C00096AF8EE677A67EEA66ACDED077AC6EE18
:10AEAC00865A8DED087ACDED065AFDF755FBDDED92
:10AEBC00065AF1EE046ADDED077A9DED087AE5EEAF
:10AECC00807A454A434BF4EEE67AF1EE10FA00F143
:10AEDC00DD81DFED455AF7EE006A9DED096AF4EE6F
:10AEEC00E57AF1EE10FA75FEA75AC5EE867A76EE83
:10AEFC00E76A67EE277A107827EE267A3B4A814577
:10AF0C003978FCEEE77ABCEEC77AC2ED007A83EDB5
:10AF1C00007A3FF44FAE002842D041F001010023EB
:10AF2C008DF838100EA93248CDF83A308A468DF893
:10AF3C003E30FAF751F939783EE6002221F0010152
:10AF4C002B481A70244B8DF838100EA91A70CDF8B6
:10AF5C003A208A46274B8DF83E2001221A70FAF7C8
:10AF6C003BF9397828E6194B1A78002A3FF422AEBF
:10AF7C0000220DF1380A1A70174B1A7001221D4B62
:10AF8C001A7019E619490968614500F222811060AE
:10AF9C00114A8EF8003011781370002900F01981D5
:10AFAC00397801F0FE01BAE7C4900020CC8D002066
:10AFBC000F9300204C2E00206F12033DCDCCCC3DC6
:10AFCC00502E0020442E0020482E0020E692002017
:10AFDC00C886002068860020FE92002029310020BF
:10AFEC00002474490000C8420000BE42CC850020F9
:10AFFC00A0450020233100200E930020BE4E368841
:10B00C0096426CD8931BB1EE086ADFF828E306EE83
:10B01C00903A831B0EF1020C07EE903AF8EE666A3A
:10B02C00F8EE677A86EEA77A27EE067AFDEEC77AF7
:10B03C0017EE903ACDED067A052BA8BF05233CF907
:10B04C0013C007EE903A994604EE90CA3EF913C02D
:10B05C00F8EEE77A069B05EE10CAF8EEE44A37EEF6
:10B06C00677AB8EEC55A002B40F01C8174EEC53AD5
:10B07C00DFF8C4C2F6EE007A3CF9193006EE903ACD
:10B08C00F8EEE66A76EEC56A66EEA76A27EE076A00
:10B09C00F0EE085AF0EE002A27EE064A66EE255A24
:10B0AC00B7EE002AF0EE447AB0EE653AE4EE625A5E
:10B0BC00E6EE627A94EE223A34EE466A77EE877ABE
:10B0CC0033EE027A67EEA37AE5EE077AE4EEA57A20
:10B0DC00E6EE267AFDEEE77A17EE903A1BB2DFF831
:10B0EC005CC2BCF800C0944500F2DA80A2EB0C0202
:10B0FC00A0EB0C00B1EE086ADFF844E207EE902AF0
:10B10C0007EE100A0EF10200F8EE677AB8EE477AF5
:10B11C00C7EE876A26EE867AFDEEC77A17EE902A7E
:10B12C00CDED067A052AA8BF052230F9129007EE5C
:10B13C00902A069804EE909A3EF91290F8EEE77A6F
:10B14C0005EE109AF8EEE44A37EE677AB8EEC55A77
:10B15C00002840F0BC8074EEC53A6848F6EE007AE0
:10B16C0030F9122006EE902AF8EEE66A76EEC56A01
:10B17C0066EEA76A27EE076AF0EE085AF0EE002A90
:10B18C0027EE064A66EE255AB7EE002AF0EE447A10
:10B19C00B0EE653AE4EE625AE6EE627A94EE223A4A
:10B1AC0034EE466A77EE877A33EE027A67EEA37A4C
:10B1BC00E5EE077AE4EEA57AE6EE267AFDEEE77A7E
:10B1CC0017EE902A12B20020ADF82A00ADF82C0030
:10B1DC0007E539780DF1380AEEE401231370484A7B
:10B1EC001370484A1370484B1860FFF763F9474BCC
:10B1FC00DFED477A1B7887EE807A9FED466A07EE83
:10B20C00903A454B4548D3ED006A8DED096AF8EE4E
:10B21C00677A67EEA66ACDED077AC6EE865A8DED93
:10B22C00087ACDED065AFDF797F9DDED065AF1EEE9
:10B23C00046ADDED077A9DED087AE5EE807AF4EE8E
:10B24C00E67AF1EE10FA26D4DFED355AF7EE006A05
:10B25C009DED096AF4EEE57AF1EE10FA75FEA75A47
:10B26C00C5EE867A76EEE76A67EE277A2D4A27EEE8
:10B27C00267A2D4B39780DF1380AFCEEE77ABCEEC4
:10B28C00C77AC2ED007A83ED007A95E4DFED276A88
:10B29C00DFED277A2DE6DFED256ADFED257AE3E792
:10B2AC00002290E7AEF1020EF6EE007A3EF919306C
:10B2BC0003EE903A069BF8EEE33A042B74EEE33A75
:10B2CC0063EEA73A7FF7D4AE74EEC56ADEE6AEF154
:10B2DC00020EF6EE007A3EF9120003EE900A069882
:10B2EC00F8EEE33A042874EEE33A63EEA73A7FF7FC
:10B2FC0034AF74EEC56A3DE7E2920020E090002086
:10B30C0023310020FE920020C88600202931002025
:10B31C00002474490000C842482E0020CC8D002027
:10B32C000000BE42CC850020688600203333733F7A
:10B33C00CDCC4C3DCC900020D0900020E49200204D
:10B34C00DC9000200B4A1278824212D008B5431EC2
:10B35C00042B00D908BDFCF7E3FB074809F082F980
:10B36C00322009F00BFD4FF0E023044AC3F80C2DFA
:10B37C00FEE7704728310020F02900200400FA0570
:10B38C002DE9F04F924E91B092483468FBF724F9B6
:10B39C009148FAF723F9062009F092FD8F4A1378A9
:10B3AC00834204D08E490B68E31A312B1DD88D4D86
:10B3BC008D4A8E498E48FEF79BF8FDF795F848B9F3
:10B3CC008C4F2B78023B032B00F2A581DFE803F0B6
:10B3DC005B3E1C1A2B78023B032B00F25C81DFE8EE
:10B3EC0013F0DF00E3009400550007460C600028C2
:10B3FC0000F0BB80804B1978002940F02D81794DED
:10B40C001770D5E7FFF74CFBFEF738FF714A397818
:10B41C00137E11B3794A1370794A92F90030002BDC
:10B42C0009DB784B1B68E31A002B04DBFF20764BFF
:10B43C00012110701970754CA36823B13368B3F5F2
:10B44C00FA7F80F0B58011B0BDE8F08FFEF7E2FD19
:10B45C00604A3978137E0029DCD16D480168611A85
:10B46C00312973D8654A13706A4B1A78002AD3D0E5
:10B47C0069490A68A21A312ACED900220C601A70C6
:10B48C00FCF7B0FAC8E7FDF769FBBFE7634A0DF1BB
:10B49C00280C634BB2F80080624AB2F80090624A02
:10B4AC00D2F800B0614AD2F800A0614AD2F800E0AC
:10B4BC00604A12780092604A1168604A01911778CC
:10B4CC0007CB1B88CDF81A00ADF826305C4BCDF8B5
:10B4DC001E10CDF822200FCBACE80700009A02A872
:10B4EC00ACF80030ADF83A80ADF83C90CDF80EB029
:10B4FC00CDF836A0CDF812E08DF83E2001998DF8EC
:10B50C003F70CDF81610FCF73BFB4E48FCF71CFEC9
:10B51C00384F3B7833B94C4B04F2DC521A600123A0
:10B52C00394A1370FCF7F6FA31287FF64AAF4748D0
:10B53C0009F098F83B78002B7FF443AF424B04F5AD
:10B54C00FA621A600123304A13703AE70460A3B917
:10B55C002A4D2A78002A35D02B4A002100931170ED
:10B56C00FCF78AF83A78009B15E0394B01211D4D08
:10B57C001C60214B177019701AE72978D0690129C2
:10B58C000093A4EB00001D4D14BF01210221FCF718
:10B59C0041FA3A78009B2B70002A3FF465AF3BE7E9
:10B5AC001348FCF717FCB3E71048FCF79DFCAFE71A
:10B5BC00264809F057F82749204611B0BDE8F04F4E
:10B5CC0009F0E4B9104A11780029C6D129704BE76B
:10B5DC00BC910020348E0020788E00202531002074
:10B5EC00A08A002028310020688F0020A88F00201E
:10B5FC00288F00202A31002005930020049300207E
:10B60C0027310020248F002026310020D0850020F7
:10B61C00888600202B310020BC860020E29200207E
:10B62C00CC900020E49200204C2E0020C8900020EA
:10B63C00442E002029310020542E0020119300208C
:10B64C00DC900020E88F0020C48D0020F029002021
:10B65C00A48A0020D80D002030490020304D096804
:10B66C00187040F2DB53611A2878994209D90238D4
:10B67C0001288CBF02200120FFF764FE294A1770B5
:10B68C0096E6FCF74DFA4FF0E0232749254AC3F81C
:10B69C000C1D17708CE6254A0DF1280C244BB2F8C2
:10B6AC000080244AB2F80090234AD2F800B0234A12
:10B6BC00D2F800A0224AD2F800E0224A1278009276
:10B6CC00214A1168214A0191177807CB1B88CDF8C4
:10B6DC001A00ADF826301E4BCDF81E10CDF82220E6
:10B6EC000FCBACE80700009A02A8ACF80030ADF81C
:10B6FC003A80ADF83C90CDF80EB0CDF836A0CDF830
:10B70C0012E08DF83E2001998DF83F70CDF816109F
:10B71C00FCF736FAFCE6FFF7C3F977E6A48A0020BB
:10B72C0028310020253100200400FA05E292002087
:10B73C00CC900020E49200204C2E0020C8900020D9
:10B74C00442E002029310020542E0020119300207B
:10B75C00DC90002008B509F037FC0748FCF7DAFE4E
:10B76C000021064809F0ACF8054A06490348BDE833
:10B77C0008400BF0D7BE00BFCC8D0020D085002038
:10B78C00502B0020FD2701002DE9F04FB948BFB028
:10B79C00F9F7C0FCB84F4FF4167009F0EFFAB74840
:10B7AC003B6808F05FFFFCF7CBF90646002800F079
:10B7BC00E88107ACB24D30462E70F9F7FDFDAF486D
:10B7CC0008F050FF2046FCF717FA002840F096814D
:10B7DC00AC4BAD4FAD4E0493D7F800B0AC4BD6F894
:10B7EC0000E0DFF8FCA2DFF8FC92DFF8FC820393A8
:10B7FC00A84B2046C3F800B0A74BC3F800E0FCF7F9
:10B80C0019FB002800F07A82A646DFF8E0C2BEE8F9
:10B81C000F00ACE80F00BEE80F00ACE80F00BEE86C
:10B82C000F00ACE80F009EE80F008CE80F002046DC
:10B83C00FCF78AFB002800F03682A646DFF8B0C27F
:10B84C00BEE80F00ACE80F00BEE80F00ACE80F003C
:10B85C00BEE80F00ACE80F009EE80F008CE80F006C
:10B86C008E48FCF711FC2046FCF7A4FC002800F0E5
:10B87C00F981DC2221468A4809F030FE2046FCF78B
:10B88C00AFFD0146002800F0D081A646DFF864C267
:10B89C00BEE80F00ACE80F00BEE80F00ACE80F00EC
:10B8AC009EE807008CE80700FAF7F2FFFBF746F872
:10B8BC002B78012B00F0AB81013BDBB2042B40F267
:10B8CC0052821F23DFF830B20022019318237548EF
:10B8DC0011460093F02307F0C9FF724A002302219E
:10B8EC001046536107F0E4FC6F4B58466D4A1361E8
:10B8FC000DF0EEFA594602466A4808F081FE012125
:10B90C00072009F0BBFA6948FCF710FE2B78022BD4
:10B91C0000F01382032B00F02382043B012B40F236
:10B92C001282634A634B10461360634B5360634B44
:10B93C009360634BD360634B1361634B5361FAF7B2
:10B94C0029FE0221062009F0CDFA2046FCF7CEFC98
:10B95C0021465E48FAF732FA4FF4E1325C495B4813
:10B96C00F9F732FE5B4B1B78002B40F055814348B6
:10B97C00002408F077FE414808F074FE564D3F480D
:10B98C0008F070FE3D4808F06DFE00230A222146A7
:10B99C003A4808F08FFE013435F9021F374808F099
:10B9AC0055FE364808F05EFE072CEED14B4D0024B8
:10B9BC0000230A222146314808F07CFE013435F977
:10B9CC00021F2E4808F042FE2C4808F04BFE072CB4
:10B9DC00EED1BAF80010294808F038FE274808F0D4
:10B9EC0041FEB9F80010254808F030FE234808F055
:10B9FC0039FE97ED000A01212048B7EEC00A08F085
:10BA0C0067FE1E4808F02EFE98ED000A01211B4827
:10BA1C00B7EEC00A08F05CFE184808F023FE96ED5D
:10BA2C00000A01211548B7EEC00A08F051FE134870
:10BA3C0008F018FE049900230A2209780F4808F030
:10BA4C0039FE0E4808F00EFE039900230A220968FD
:10BA5C000A4808F02FFE094808F004FE0548F9F7DB
:10BA6C00BDFB064808F0FEFD04483FB0BDE8F04FB2
:10BA7C0008F0F8BDA0450020BC910020F029002062
:10BA8C0028310020293100204C2E0020442E00208B
:10BA9C00542E0020502E0020482E0020688F0020AD
:10BAAC00E88F0020C491002008000400CC8D0020F9
:10BABC00348E00206584000045850000418700001D
:10BACC00B18700000D88000049890000788E0020A5
:10BADC00002A00202A310020CA900020DA90002091
:10BAEC00E2920020E4920020C8900020288F0020D1
:10BAFC00A88F0020708100202C0C0020DDF82E0077
:10BB0C00DDF83210DDF836209A4BDFF8CCA2DFF8E6
:10BB1C00CC92994FDFF8C882984EDFF8C8C207C3A1
:10BB2C00BDF83A100FAA96481980BDF84E109DF832
:10BB3C005330AAF80010BDF85010A3F10103049083
:10BB4C00A9F80010B3FA83F3DDF822B05B09C7F84B
:10BB5C0000B0DDF84A10C8F800109DF85210DDF85E
:10BB6C0026E00170C6F800E08648DDF82A10039044
:10BB7C00016085490B700FCAACE80700ACF80030C7
:10BB8C0036E6824808F06EFD3B683A6803F5966825
:10BB9C00904540F2ED8007AC0CE0F9F7F3FB06435F
:10BBAC007B48F9F7FBFB0A2009F0E8F83B6898455D
:10BBBC0040F2D38021467648F9F7C4FA7448F9F775
:10BBCC000DFB0346724813B1F9F7E8FBE8B970486E
:10BBDC00F9F704FB03466E48002BDED03D683B684A
:10BBEC0005F5C8759D4205D80FE009F0C7F83B680C
:10BBFC009D420AD921466648F9F7A4FA6448F9F738
:10BC0C00CDFB03460A20002BEFD00226D2E5DFF84D
:10BC1C00D8B14FF4FC6357E60021072009F02EF948
:10BC2C000021222009F02AF9A1E6DFF8A4B10223B1
:10BC3C00584A05900BF10C00CBE90023002320227D
:10BC4C00CBF808300CF014FF05980BF105030BF141
:10BC5C002B0113F8012F994280EA0200F9D18BF8DD
:10BC6C00050021E64C4A03234C494FF0010B4FF0E1
:10BC7C00FA0E8446C2E90013494B1432494942F882
:10BC8C000C3CA2F1140342F808BC22F804EC83F833
:10BC9C0012C00533C3F80E109A42F8D101301A3293
:10BCAC000828EED1EAE5404B4FF07E52C3F80A204B
:10BCBC003E4AC3F812001A600222C3F816009A809A
:10BCCC003B4AC3F81A00C3F806200022C3F81E0032
:10BCDC00C3F82E2041F28832C3F82200DA81354AAB
:10BCEC00C3F82600C3F836204FF08542C3F82A006B
:10BCFC00C3F8320018825887DA63B1E52E4B4FF047
:10BD0C007E512E4A196103F1300C99614FF080413C
:10BD1C009862D9604FF07D515961294919602949C0
:10BD2C009960042159602849D9610121C3E90800AF
:10BD3C00D9620FCA8CE80F0079E52448FDF71AFB8D
:10BD4C00FCF7CAFEEDE51448FEF750FA2048FEF762
:10BD5C008FFA0120F8F786FFE3E5B51CEEB229E572
:10BD6C00FDF7B4FBDDE51B4A52F823B01F23ABE50E
:10BD7C0002261EE5CC9000204C2E0020442E0020E4
:10BD8C0029310020542E002011930020F02900208E
:10BD9C00A04500204B545343E88F0020334D494BB2
:10BDAC0000A0400050003C00A88F0020314D4943BA
:10BDBC00CDCCCC3D46020300288F00202C0B00205C
:10BDCC00314D49419A99993E1A160407C88D0020A5
:10BDDC0070810020C0090020E2920020E492002033
:10BDEC00C8900020DC900020200C0020704700BF81
:10BDFC00704700BF704700BF00207047704700BFFE
:10BE0C00002070470020704701207047064A00212F
:10BE1C00136841602BB11A465B68002BFBD1506054
:10BE2C0070471060704700BFC089002070B584B0A7
:10BE3C00DDF820C010B10BB1A2B199B91E46154660
:10BE4C000446624603910A480A4908F025FC0A494F
:10BE5C00039B22460648CDE9005608F01DFC002045
:10BE6C0004B070BD04B0BDE8704000F0FFBA00BF74
:10BE7C00F0290020580C0020B00C002030B59D1C7F
:10BE8C00044685B0D0F8C40740D05D1C35D0DD1C0D
:10BE9C0000D1838B808D04F6A14584F8A73C1B0A46
:10BEAC0084F8A52C84F8A83C002360F30703C0F3A6
:10BEBC00032040F0200060F30F23101D60F31743A4
:10BECC00001260F31F630020C4F8A13C84F8A60C98
:10BEDC00AAB90F4B083229461868D2B2D3F800C061
:10BEEC0040F6B21300932346D4F89C0B094CC4F8CB
:10BEFC0000C0FFF79BFF05B030BD438BCAE704F6CB
:10BF0C00A940039209F0EAFA039AE2E7038BC1E72E
:10BF1C00BC910020308E0020D0F8C43783F8381044
:10BF2C00704700BF08B509F04FF8044B0449186876
:10BF3C00044A1B680860136008BD00BFBC91002058
:10BF4C00308E00202C8E002000207047002070477F
:10BF5C00704700BF38B5534A4FF4805E4FF400551C
:10BF6C004FF440444FF4803043F24201136A13F013
:10BF7C00020F40F0878013F4005F00F0878013F409
:10BF8C00805F00F08580002BF0DA13F4803C40F0E9
:10BF9C0082805B0640F18380434C444AD4F8801085
:10BFAC00434B41F003014348C4F880104FF040412B
:10BFBC0091634FF4404151630521C2F800C008223F
:10BFCC00C0F8B4104FF08061C0F8A4220A205A685F
:10BFDC000A435A60C3F8841008F0D0FE364AD2F8EF
:10BFEC00403143F00203C2F84031D2F840319B0794
:10BFFC00FBD4324D05F0BAFD01242B1F05F17C0258
:10C00C0043F8044F9342FBD14FF4807200212C482B
:10C01C000CF02EFD00222B49274B0A700321C3F88C
:10C02C009040C3F8A8112849C3F84821C3F85451CB
:10C03C00C3F84C21C3F85821C3F84011D3F884211C
:10C04C002249234842F48052C3F88421D3F8582162
:10C05C00D3F85421C1F800021E4A4FF0E0214FF4EE
:10C06C008030C1F80C01C3F84821D3F8482142F0C4
:10C07C001202C3F84821D3F8482142F44022C3F8F5
:10C08C00482138BD9462506291626FE755626DE74A
:10C09C00C2F824E06AE74FF48033936266E74023EA
:10C0AC00536263E700800D4000C00F4000A00D40BC
:10C0BC000080004200801F4000022E400040002003
:10C0CC00D8860020E8920020158B01000034002057
:10C0DC0091A5000004000003C368002B32D0632933
:10C0EC008CBF002301236BBB10B582B004460091BA
:10C0FC00019308F099FEDFF8B8E0A060DEF80000CC
:10C10C00DDE90013002841D0DFF8A0C0DCF88C205A
:10C11C0022F07F42914216D34369891A23B92DE04C
:10C12C005869891A58B303461A698A42F8D998692A
:10C13C00521A1A61A061C4E904139C61A3695C6181
:10C14C0002B010BD704772B64FF00070CCF88C3056
:10C15C00521ACCF84401A361DEF800302161013998
:10C16C0063611A614FF04042CEF800409C61CCF8FC
:10C17C008810CCF88C2062B602B010BD03460022A9
:10C18C002161C4E905235C6102B010BD074B01F1CC
:10C19C00FF3C4FF04042A061CEF80040C4E90410CF
:10C1AC00C3F888C0C3F88C20CAE700BF00022E4039
:10C1BC008486002072B6184A136873B183420ED07D
:10C1CC005B6953B198425B69FBD181694B6123B1C7
:10C1DC0000691A69996102441A6162B670470F4886
:10C1EC004FF0000C5B69C0F88CC09BB1D0F88C1080
:10C1FC0010B421F07F411C6921441961C0F88810EA
:10C20C004FF04041C0F88C10C3F818C0136062B6F0
:10C21C0010BC70471360E0E78486002000022E40BB
:10C22C0003698C469A68510670B5054603D41B68A1
:10C23C009A685206FBD54022DCF80860DCF83CE03A
:10C24C00CCF80820DCF800201A60DCF804205A60D6
:10C25C00DCF80C20DA60DCF810201A61DCF8142011
:10C26C005A61DCF818209A61DCF81C209D62DA61B6
:10C27C00DCF82C201C68DA62012CDCF83020DCE9BC
:10C28C000D011A631A46C3F83CE0C3E90D0103D053
:10C29C00126811680129FBD1C2F800C00122CCF848
:10C2AC0000201A6894451A462DD04FF0000E1068E5
:10C2BC00114604680246C1F824E08E46A445086283
:10C2CC00F5D151620021116295F8341011F0FD0F77
:10C2DC0008D10E480168596279B10B6202600120E5
:10C2EC009E6070BD0A48016859620029F5D1094960
:10C2FC000B60026001209E6070BD07490B600260FC
:10C30C0001209E6070BD0021DBE700BFEC870020A0
:10C31C00F4870020F8870020F08700202DE9F047F3
:10C32C000C46C98882B0B1F5804F03D9002002B009
:10C33C00BDE8F08790469946054605F063FC002859
:10C34C00F4D0009005F05EFC00990346002876D0EE
:10C35C00E08800283BD1DFF80CA1D5F800E00B6099
:10C36C00DFF804C101223C4F04EA0C0C2568666816
:10C37C004A608F60CC600CF580540C610CF5005455
:10C38C004C610CF540548C610CF58044CC6100245C
:10C39C005A60C3F808A0DC604FF48054C3F83C909A
:10C3AC001C614FF40054C3F828E05C614FF4405416
:10C3BC00C3E90B809C6170464FF48044C3E90D5671
:10C3CC00DC611A6002B0BDE8F047FFF729BFCDE988
:10C3DC00001305F017FC0246DDE9001398B394F83E
:10C3EC0000C0E0884FEADC1CD5F800E01B4D4FEA9A
:10C3FC000C268CF0010746EA004C4CEA05054FF080
:10C40C00010CC2F804C0DFF860C0956008EA0C0C9F
:10C41C00C2F80C800CF5805515610CF50055556172
:10C42C000CF540550CF5804C9561C2F81CC00A60A7
:10C43C001360C2F828E00A4A42EA072A90E7084645
:10C44C0005F0E8FB72E70846009305F0E3FB009863
:10C45C0005F0E0FB6AE700BF800208008000008066
:10C46C00808000808081008000F0FFFF2DE9F84F74
:10C47C004FF0E0254FF4803A80468946D5F80C7190
:10C48C009B46C5F88CA1164607EA0A0705F0BAFBCD
:10C49C0000287FD006F1FF3A04465FEA9A3A04D1AD
:10C4AC0014E0BAF1010A286010D0054605F0AAFB89
:10C4BC000028F6D126462468304605F0ABFBAE4288
:10C4CC00F8D1002F5FD10020BDE8F88F00234FF08A
:10C4DC00010EC0F83CB00663C0F800E03049C0E97A
:10C4EC000D33C0E90A892F4B98F8350043EA002A2E
:10C4FC002346000209EA0102B6F5804F02F5805B83
:10C50C0002F5005C02F5405502F5804222D840EA63
:10C51C000646234A48F280054FF0010C09EA020254
:10C52C0021463543C3F804C002F5805602F5405449
:10C53C009D6002F5005502F58042C3F80C90404610
:10C54C001E615D619C61DA61FFF76AFEA7B901208B
:10C55C00BDE8F88FC3F804E0A6F58046C3F808A040
:10C56C00C3F80C9009F58049C3F810B0C3F814C097
:10C57C009D61DA611B68BDE74FF0E0234FF4803218
:10C58C00C3F80C21E3E74FF0E0234FF48032C3F8FB
:10C59C000C2198E7002F96D0C5F80CA193E700BFAB
:10C5AC0000F0FFFF800000402DE9F843DFF8EC902D
:10C5BC00D9F800505DB14FF00008AB682E6A1A062E
:10C5CC0002D413F07C0F04D13546002EF5D1BDE812
:10C5DC00F8836B6A002B5CD01E62AF6A002E47D0CA
:10C5EC00736233462846996AB942C5E908881A6AC3
:10C5FC0005D092B11346996A1A6AB942F9D1596AAF
:10C60C0041B30A6252B39E425162C3E90888036285
:10C61C001846EFD116461346EDE703462C6A1A6806
:10C62C001B683B61C7F80C80C7F818802CB12046FA
:10C63C00246A05F0EFFA002CF9D13A6C1AB12846AD
:10C64C00C5F8208090472846354605F0E3FA002EC1
:10C65C00B3D1BCE7C9F80020002AD4D19E4208BF50
:10C66C001646C3E908220C4A036211602C6AD6E70D
:10C67C002A682A680849C5E908663A613A6CFE607E
:10C68C000B60BE61002ADAD12846BDE8F84305F0FC
:10C69C00C1BAC9F80060A0E7EC870020F087002041
:10C6AC00874B30B5D3F8444183B06103C3F84441A0
:10C6BC0009D5844B1B6833B19A6812F0FC0F5CD01F
:10C6CC001B6A002BF8D1230309D57F4B1B6833B1B0
:10C6DC009A6812F0FC0F66D01B6A002BF8D1A007E9
:10C6EC0000F18F8061070FD5754BD3F8845145F05D
:10C6FC002A02C3F88421AA0769D42B0704D4734BEC
:10C70C001A78022A00F09F80E20107D56F4B1A7845
:10C71C00012A00F0BF80032A00F0AE80A3012AD5C5
:10C72C00DFF8C4E1DEF800202AB3536994460025F3
:10C73C000EE019699D61042900F2B680586919B19F
:10C74C0010B104690C440461CCF814309C460346C7
:10C75C00CCF81450002BECD1CEF800305C4D0024FA
:10C76C0011465269C86803689B68AB42C1E905442D
:10C77C0055D1002AF4D103B030BD120406D59A6A03
:10C78C001846D26B12B101939047019BD3E9085123
:10C79C00002941D00D621846002D38D0696205F091
:10C7AC0039FA2B4688E7150406D59A6A1846D26BD7
:10C7BC0012B101939047019BD3E9085121B30D624B
:10C7CC001846BDB1696205F025FA2B4680E715F0D5
:10C7DC0001022AD03D4A117801298ED801203D4909
:10C7EC0024F0807410704FF04042C3F88010C3F8EE
:10C7FC00842093E7384A116005F00CFAA0077FF506
:10C80C0071AFFFF7D1FE6DE72F4A1560D8E7334AB9
:10C81C00116005F0FFF956E72A4A1560BBE7019253
:10C82C009847019A002A9BD1A5E728492C4B0A70FE
:10C83C000221019299632B4B186800F03FFE294BA3
:10C84C00019A1A6059E768077FF568AF03251C4900
:10C85C0004F080701D7042F21075C1F880504FF0DA
:10C86C004045C1F88450D1F88411890501D51C4983
:10C87C004A6300283FF452AF04201149002218707B
:10C88C00D1F884011146C0F3816000F069FB154BAF
:10C89C00186043E70A4A02211970D2F8843143F434
:10C8AC008073C2F8843139E7CEF80030013904487E
:10C8BC004FF04043C0F88810C0F88C304EE700BFF2
:10C8CC0000022E40F0870020F8870020E89200201C
:10C8DC002D010000A0860100F4870020EC870020C9
:10C8EC0000A00D403C88002084860020036B012AA8
:10C8FC002DE9F04F8C4C38BF01221B7D89B004FB15
:10C90C0001F1022B4FEA114500F0A680052301210D
:10C91C0041EA5104A24240F2EB80013B4FEA410153
:10C92C00F6D120231C46039390F83530A0F84440F0
:10C93C00002B40F0D88005F1840102254FEA5119F3
:10C94C00039A002A00F084804FF0FF370023D200B6
:10C95C007649BA4600930292CDE906408C46984639
:10C96C00DDF80CE0CDE904139CF8030066469CF856
:10C97C0002B000214419CDF804C016F8012B0BEBC2
:10C98C00050C834623464A44F078944500EB050495
:10C99C0057D3A34238BF2346634538BF6346BB42D7
:10C9AC0002D2C2461F46009101310429E5D1F04460
:10C9BC00DDF804C0029BB8F11F0F9C44D4D9039A34
:10C9CC00DDE90413013308319A42C7D1BB2FDDF8DE
:10C9DC0000B0DDE906403BD8BAF11F0F5646A0F86F
:10C9EC004840A0F84CB080F84E9080F84F50A0F81A
:10C9FC004AA016D84D4A029F02EB0B0101EBCA016B
:10CA0C000C789A448A784C44BAF11F0F2A440C7063
:10CA1C008A70CC780A792C442A44CC700A71394437
:10CA2C00EED901221C23A0F8466002FA0BF203FA9D
:10CA3C000BF380F8362080F83730012009B0BDE8C0
:10CA4C00F08F934238BF1346A34238BF2346A6E764
:10CA5C00002009B0BDE8F08F0F2A4FF0010328BF6A
:10CA6C000F22541E03FA04F4B4F5807F43DCE20871
:10CA7C0000D013464FF0FF3E573500262B4FF4469F
:10CA8C00A0F8443033460021FA5C234402EB5512E3
:10CA9C00914238BF1146FF2BF6D9714501D28E4613
:10CAAC00B4460136A642EDD1BEF1BB0FD0D86D090C
:10CABC00BCF1FF0FA0F84840A0F84AC080F84E50D7
:10CACC0006D86346FA5C2A44FA542344FF2BF9D95E
:10CADC00012C14D0022C1DD0042C20D80CF00302F5
:10CAEC00112393400CE066354FF002096D0927E7DE
:10CAFC000C46039118E720234FF48074BAE7FF2308
:10CB0C004FEADC0C002280F83630A0F846C080F8E2
:10CB1C00372092E70CF0010255239340F0E70CF01C
:10CB2C00070201239340EBE7AB2A0100D8860020D3
:10CB3C00B0F846C0BCF11F0F3DD8F0B5B0F844E0DA
:10CB4C0040F002051C4C07E0BE452ED90260A551F1
:10CB5C00F444BCF11F0F20D854F82C204FEA8C065B
:10CB6C00D107F3D402F0060122F01F030229B3F817
:10CB7C004470E9D0BE4518D91A468242E8D01168F3
:10CB8C001F2921F01F02F8D81A68F4440260BCF186
:10CB9C001F0F40F002021A60DED9F0BD1B6823F0B3
:10CBAC001F03B3F844207245E6D39842D0D01A68DC
:10CBBC00D207E1D4F2E77047004000202DE9F8439A
:10CBCC0006460F461546994605F00CF800287BD012
:10CBDC00044605F017F88046002872D06022002128
:10CBEC0020460BF045FF3C22002108F104000BF01D
:10CBFC003FFF01234022032FC8F80030C8F808205B
:10CC0C00C4F8108084F835906361266384F834701E
:10CC1C005ED03DB17368002B65D01A469B6B002B20
:10CC2C00FBD19463317D002F3BD101294FF480401F
:10CC3C008CBF00230123DA062B0243EA0133089947
:10CC4C0043EA0143717D0B430343134394F83720AC
:10CC5C0043F070436360B37DF17D1B0443EAC15321
:10CC6C0043EA022394F83620134343F08043A36035
:10CC7C0037F0020318D1264BD3F85821CAB9616892
:10CC8C0044F00202204641F4004161602260C3F886
:10CC9C005841D3F8402142F02002C3F84021BDE8AE
:10CCAC00F88300221046C7E7032F1ED02046BDE8AC
:10CCBC00F883116844F00203204621601360BDE83C
:10CCCC00F883204604F096FF00242046BDE8F88344
:10CCDC00DDE908122046FFF709FE90B14DB9317D10
:10CCEC002A462846A8E774609CE72046FFF720FFF9
:10CCFC00DCE77368002B90D11A46317D18467460BE
:10CD0C009AE7404604F086FF204604F073FFDBE709
:10CD1C0000022E40F8B590F83430044613F0FD0FA5
:10CD2C004DD1036823F01F03984200F0C6801A68A7
:10CD3C00194622F01F039C42F9D163681D0400F1CF
:10CD4C00AD802368694A0B60D2F8403143F0400350
:10CD5C00C2F84031D2F844319806FBD52023C2F8F2
:10CD6C004431634E3568E5B128462D6A836AA34287
:10CD7C00F9D1436A002B00F0B2801D62002D00F047
:10CD8C00AB806B6223691F2B03D804E01B681F2B3D
:10CD9C0001D98342FAD19842E5D004F03BFF002D33
:10CDAC00E2D125691F2D05D928462D6804F032FFE4
:10CDBC001F2DF9D82046BDE8F84004F01BBF4D48A4
:10CDCC0000F1800550F8042FD1070CD422F01F027B
:10CDDC00944203D158E08C425BD00A46136823F08E
:10CDEC001F01DB07F7D58542ECD1236B94F84E601D
:10CDFC001B7DB4F848E0022BB4F84A2053D01F2A0C
:10CE0C001BD8B4F84C303C4994F84FC00B4403EB9E
:10CE1C00C2031F7872449D78D878BF1B1979A5EB93
:10CE2C000C05A0EB0C001F2AA1EB0C011F709D70D0
:10CE3C00D870197103EBCE03EBD9304E3568002D49
:10CE4C00AFD028462D6A836AA34206D0002DA8D005
:10CE5C0028462D6A836AA342F8D1436A002B43D03B
:10CE6C001D62002D3DD06B6223691F2B03D804E09B
:10CE7C001B681F2B01D98342FAD19842E6D004F0EB
:10CE8C00C9FE002DE4D18CE723688542036099D15B
:10CE9C00ABE723688542136094D1A6E74B6843F453
:10CEAC0000434B604DE7FF2AC7D813498B5C9B1B93
:10CEBC008B547244FF2AF9D9BFE70C4AD2F840319F
:10CECC0023F02003C2F84031D2F8443113F400436C
:10CEDC00FAD1C2F8583144E7094A136052E7356079
:10CEEC004CE7084A1360BFE73560BAE700022E40F2
:10CEFC00F0870020FC3F0020D8860020F887002017
:10CF0C00EC870020F48700200B4B70B51E688EB1A7
:10CF1C000A4DF46814B90AE0646844B12368DB680C
:10CF2C00AB42F9D0204698476468002CF6D1B6681D
:10CF3C00002EEED170BD00BF3888002031010000FA
:10CF4C00064900220B68C0E901222BB11A465B6826
:10CF5C00002BFBD15060704708607047DC870020C5
:10CF6C00F0B583B007460E46154604F02BFE00289C
:10CF7C003CD02822002104460BF07AFD0023082027
:10CF8C002775A6751A46E57519460090204601933B
:10CF9C00FFF714FE206030B304F044FE2368154AFA
:10CFAC00206115491548DA630122186483F835208D
:10CFBC0013480B680270A3B11A469B68002BFBD177
:10CFCC00946000230F484FF400210F4A2376C2E9E6
:10CFDC0000010E4A20460C49FFF7A0F9204603B089
:10CFEC00F0BD0C60EDE7204604F0F4FD0024204673
:10CFFC0003B0F0BD41B20000388800207DB00000C5
:10D00C00039300208006000140810020407900201D
:10D01C0010B5037E092B00F29480DFE803F0162292
:10D02C003D404C61697073054F4B504993F805C0F6
:10D03C0000234FEA0C4C1A464B604CF4106CBDE8C4
:10D04C001040C1F800C0FFF769B99FED3F7B474A1C
:10D05C000023464982ED007BBDE81040424AFFF7B1
:10D06C005DB9DFF81CE1424B9EF80010D3F800C00C
:10D07C000131802928BF0121BCF1000F53D0634638
:10D08C0002E09B68002B4ED05A7D9142F9D10131C0
:10D09C00802908BF0121F2E79FED2D7BD7E79FED9B
:10D0AC002E7B324A0023314982ED007BBDE81040D3
:10D0BC00304AFFF733B92C4AB0F822E02B4912F86A
:10D0CC0004CB2D4B43EA0C43DFF8B8C04EEA0C0CF2
:10D0DC000B600023C1F804C0BDE81040FFF71EB977
:10D0EC00214AB0F822E0214992F801C00432E8E765
:10D0FC001D4AB0F822E01D4992F802C0F6E79FEDF8
:10D10C00187BA4E7184A1D495388184C0B801B0444
:10D11C00DFF874C0214663600023C4F800C0BDE88A
:10D12C001040FFF7FBB80B048EF800100F4943F4C6
:10D13C00A0630B600023BDE810401A464B60FFF75C
:10D14C00EDB810BDAFF300808006000100000800B0
:10D15C008006000100001200800600030000FC079E
:10D16C008006000200000900407900204081002068
:10D17C00388800204479002080060003DC920020CF
:10D18C000A9300200000FC0780060002836A186BDB
:10D19C0090F824300133DBB2182B80F8243003D9FB
:10D1AC00024B00221A707047FFF732BF0393002026
:10D1BC0070B50E69002E3AD00546D36A002837D0D8
:10D1CC00315C0131C9B293B35A78032A2FD1C1F122
:10D1DC00320271551C78520001EB5400D2B2312846
:10D1EC00C8BF1446022C13D9302911D806F1020CF1
:10D1FC00A3F1020E04238C440131DAB21EF80300B1
:10D20C000233C9B20CF8010F312918BF9442F3D87C
:10D21C00681C73180022C0B2DA70022807D8C5F156
:10D22C0002023044D2B2BDE870400BF021BC70BD9C
:10D23C000146C8E7424B2DE9F04F1C6885B0064605
:10D24C00002C79D04FF00009DFF8008101E0646810
:10D25C00A4B1A26831463B4B2046002AF7D1B8F85E
:10D26C000050D4F800C0093D0095DCF80050A847E8
:10D27C00002851D1A1466468002CEAD1324BB8F891
:10D28C0000B003F109059B44AB4503D822E04544AB
:10D29C00AB451FD96B7895F80080042BF7D1B8F10A
:10D2AC00090FF4D1264B1C68002CF0D04FF000096C
:10D2BC00ABEB050ACDF80CB0A7682B460122314622
:10D2CC00204657B16468002CF6D1DDF80CB045440B
:10D2DC00AB45DFD805B0BDE8F08FD4F800C0CDF871
:10D2EC0000A0DCF800B0D847636868B1B9F1000F52
:10D2FC000FD0C9F80430F368A1466360F460A660EF
:10D30C001C46002CD8D1E0E7A1461C46002CD3D1FA
:10D31C00DBE70B4A1360EEE76368B9F1000F08D046
:10D32C00C9F804300023C4E90136F46005B0BDE847
:10D33C00F08F034A1360F5E7DFF810809EE700BF1B
:10D34C00DC8700204979002040790020DC92002005
:10D35C00C36B2BB11A68544952688A421DD170476D
:10D36C00816A0246096B00B5087E83B081F82430CF
:10D37C00092810D8DFE800F01427354F5E6C87764B
:10D38C00810508460191FFF755FF0A20474B002203
:10D39C0001991A70087603B000BD01461846104773
:10D3AC0008680123DFF80CC142689CF807C06FF3D2
:10D3BC001A4242EA0C42426008460B7603B05DF812
:10D3CC0004EBFFF725BE3A4A02230868B2F802C004
:10D3DC0081F815C0426822F07F0242EA0C024260DA
:10D3EC00EAE7344B988893F80FC09A7BA1F81900A0
:10D3FC00986842EA0C0293F806C0C1F81E00187C2B
:10D40C0081F81BC098701043B3F80EC0A3F800C08D
:10D41C0008D00323D0E7274B1A79032A02D95A796B
:10D42C00032A36D0072308460B7603B05DF804EBCD
:10D43C00FFF7EEBD00200191FFF7BAFE1D4B0199DD
:10D44C005A78002A2CD19B78002BEBD00623B3E71B
:10D45C0001200191FFF7ACFE164B01999B78002B34
:10D46C00F4D1DFE7134A082313485288B2F5006F52
:10D47C0028BF4FF4006202809EE70E4A0923B2F8DF
:10D48C0007208A8398E702200191FFF791FE01990A
:10D49C00C8E7D8881A78488422B95A78002AD2D09A
:10D4AC00052389E7042387E7290100000393002063
:10D4BC004081002040790020DC920020002835D0EB
:10D4CC00F8B5C46806466CB1194D00272368204690
:10D4DC001B69984723462A68A76064682B605A60CA
:10D4EC00002CF3D174682CB12046A46BFFF712FC0E
:10D4FC00002CF9D13068FFF70DFC0E490B6893B185
:10D50C00002201E0224673B11C469B68A642F9D169
:10D51C0052B19360206908B104F08EFB2046BDE83F
:10D52C00F84004F057BBF8BD0B60F3E7704700BF41
:10D53C00DC87002038880020704700BF704700BF90
:10D54C00704700BF704700BFCB0800EBD10C11F047
:10D55C00070102D1DAB1084607E0C05C0841C1F10D
:10D56C000801914209D20CF1010C1CF8013B8B40D3
:10D57C0008318A4240EA0300F7D88A4206D20123D6
:10D58C009340013B03401F2A98BF18467047104632
:10D59C00704700BF2DE9F04F85B00E9C182C03D9B5
:10D5AC00013A18BF01221AB1002005B0BDE8F08F76
:10D5BC0093F804C00CF1FF3EBEF1010FF4D893F8C0
:10D5CC0005E0BEF1030FEFD15C7A082C2746EBD9AE
:10D5DC009D7A212DE8D19D7B002DE5D0062615FBEB
:10D5EC000E6EA645E0D109340E9EB442A046DBD89F
:10D5FC0005EB450603F10F0502E003329642D3D04A
:10D60C0015F802E0BEF1220FF7D11A44B0F83C47EE
:10D61C00557C127C42EA05229442A0F8BC20C3D36C
:10D62C00CCEBCC020E9D44464244AA42BCD8BCF181
:10D63C00010F99460E4680461B5D7CD0072BB3D15B
:10D64C0009EB07039A7A052AAED11A7B032AABD1D0
:10D65C00DC7A14F00F0C2746A6D01A7C072AA3D12B
:10D66C005A7C052AA0D1D97C03299DD19A7C1546D8
:10D67C0012F00F0298D093F80EE0587B40EA0E2A75
:10D68C00187D93F815E040EA0E2B04F0F000DC7BDB
:10D69C0080289B7D0294039379D00F2F84D805F0BA
:10D6AC00F003802B80D1039B30460391CDE900B36E
:10D6BC000123FFF783FA029B3A4603990193002357
:10D6CC00C8F80C003046CDF800A0FFF777FA5946A1
:10D6DC005246A8F82E203B4AA8F82C10C8F8100087
:10D6EC00C263D8F80C303046374A3849DA63002325
:10D6FC00C8E90533C8E90733C8E9093399F80220AA
:10D70C00B8F8BC3088F83E2799F8062088F8302005
:10D71C0099F8072088F8312099F8022042EA034250
:10D72C004346C8E90D1208F5667208F13401FEF79C
:10D73C00F5FD012039E7072B7FF436AF09EB070025
:10D74C00837A052B7FF430AF017B03297FF42CAF58
:10D75C00C37A13F00F023FF427AF03F0F003802BD2
:10D76C007FF422AF90F80EE0634690F80DC0C07BBA
:10D77C004CEA0E24CDE900403046FFF71FFA002397
:10D78C00A8F82C40C8F80C00C8F81030A9E70F2DE9
:10D79C003FF60AAF6246012330460194CDF800A053
:10D7AC000291FFF70BFA039B2A460299019300237F
:10D7BC00C8F80C003046CDF800B0FFF7FFF9514621
:10D7CC005A4686E791B70000EDC1000081060022A1
:10D7DC00406920B10368034A1B6A934200D1704729
:10D7EC00184700BF419E0000F0B500F1100383B054
:10D7FC0007460A4E002500F1280453F8040F20B107
:10D80C000268D269B24204D11D60A342F5D103B0C3
:10D81C00F0BD0193B9689047019BF5E735B4000062
:10D82C0010B504460321C03004F026FA04F5F0705C
:10D83C00052104F039FA04F54870012104F04EFA80
:10D84C002046BDE81040FFF77BBB00BFD0F8682333
:10D85C00CB6A934214D0D0F86C23934218D0D0F8F2
:10D86C007023934216D0D0F874239A4214D0406996
:10D87C0020B10368094A9B68934200D1704718474E
:10D88C00012290F8783323EA020380F87833EEE72C
:10D89C000222F6E70422F4E70822F2E73D9E00009C
:10D8AC00C36B1BB101461846FFF7D0BF704700BFD2
:10D8BC00C38D002B4DD070B50C46016982B0002988
:10D8CC0044D0D0F86813002945D090F879E390F84B
:10D8DC0078133EEA010C39D0B2F1FF3F14BF154664
:10D8EC001D464FF0000C012313EA0E0F0CF1010240
:10D8FC002CD019423ED05FFA82FC5B00BCF1040FC5
:10D90C00F2D1D0F868331E462A46019021463046A3
:10D91C0007F0E4FD1C4A019B96420FD926F01F012B
:10D92C007019BFF34F8F4FF0E022C2F8701F2031F7
:10D93C008842FAD8BFF34F8FBFF36F8F2A46314618
:10D94C00186902B0BDE87040FEF790BD002002B02F
:10D95C0070BD00207047D0F838174FF0030EC91A6D
:10D96C0080F879E3C0F86813C91AC0F86C13C0F8D2
:10D97C003817ACE70B430CF1DA0C80F8783350F81D
:10D98C002C301E46C0E700BFFFFF1F2000B5DDE9AD
:10D99C0001CE11B3C0F8681301210B462AB1013333
:10D9AC00DA31DBB240F821201946BCF1000F05D06A
:10D9BC000133DA31DBB240F821C01946BEF1000F59
:10D9CC0005D0013301F1DA0CD9B240F82CE0012377
:10D9DC008B40013B80F8793300BD0B46DEE700BF7E
:10D9EC0041EA0221009A41EA0341019B42EA034CBD
:10D9FC000346029AC0E90D1C00F134018068FEF761
:10DA0C008DBC00BF064A0021136841602BB11A4639
:10DA1C005B68002BFBD1506070471060704700BFF3
:10DA2C0074890020F8B50D4B1C687CB105460F4677
:10DA3C0001E0646854B120683B46AA682946066830
:10DA4C002046B0470028F4D0022801D02046F8BD6B
:10DA5C000123204685F87A33F8BD00BF7489002075
:10DA6C002DE9F04300F56672B0F8BC40002583B098
:10DA7C001444074680F8BE50A24229D22E462946AD
:10DA8C00A8464FF001091378FE2B37D003F00300A2
:10DA9C0002283DD0032837D0012832D00132002093
:10DAAC00A24213D803F0FC03842B41D01ED9B02B17
:10DABC003AD031D8902B37D0A02B05D10EB9052DEB
:10DACC0039D901360021F6B29442DCD8052D3FD865
:10DADC00C5F10602681D0021D2B2C0B2920007EB5C
:10DAEC00800003B0BDE8F0430AF0C2BF082B1DD084
:10DAFC00802B19D0042B08BF8046E5E702F20112F7
:10DB0C00E2E750780232CBE7D2F801000532C7E7E2
:10DB1C00B2F801000332C3E7C02BD5D1002E18BFD9
:10DB2C00013E0021F6B2CFE70021CDE781B2CBE771
:10DB3C0087F8BE90C8E741EA084138460192FFF7E2
:10DB4C0071FF6B1C07EB8505019A6861DDB2B8E7C4
:10DB5C0003B0BDE8F08300BF034640690A4610B528
:10DB6C0082B028B10468DFF8D4C0E46864454ED1B3
:10DB7C002F49506B884201D002B010BDB3F8BC10D5
:10DB8C00126B8A42F8D118460093FFF769FF009B8D
:10DB9C00D3F858139A8D002941D0D8680093FEF71A
:10DBAC0065FC009BD3F85C1321B19A8DD868FEF705
:10DBBC005DFC009BD3F8601329B19A8DD868009353
:10DBCC00FEF754FC009BD3F8641329B19A8DD868E6
:10DBDC000093FEF74BFC009B986840F24C52C18BB3
:10DBEC009142C9D1028CB2F51A7F03D040F22F4179
:10DBFC008A42C1D10F494FF48022C3E90D120E4A5B
:10DC0C0003F1340102B0BDE81040FEF787BBCDE94B
:10DC1C000031A047DDE900320028ADD1A8E7D3F8E8
:10DC2C003817891A881AC3E9D610C3F83807B4E72D
:10DC3C00810600222109F403442B0020F19C0000F2
:10DC4C002DE9F04FB0F8BC3000F56675A7B08146F1
:10DC5C00EC180D911AA80A92002130220AF008FF44
:10DC6C00A54250D20026CDF82C903746B246B3468A
:10DC7C00B046089604960F960796099603960C964E
:10DC8C000E96CDE905662B78FE2B00F0588103F03B
:10DC9C000301022900F06181032900F05A81012956
:10DCAC0000F0548101350022A5422CD803F0FC036E
:10DCBC00A02B00F25681732B70D8043BD8B22428C9
:10DCCC001FD8242B1DD8DFE803F0641C1C1C531C2C
:10DCDC001C1C1C1C1C1C1C1C1C1C491C1C1C3A1C2D
:10DCEC001C1C1C1C1C1C1C1C1C1C301C1C1C21006B
:10DCFC00002E00F052810136F6B200231F469A46E0
:10DD0C001A93A542BFD327B0BDE8F08FBAF1FF0F2D
:10DD1C0000F06B810223A5424FF000074FF0FF0A81
:10DD2C00ADF86A200393AED3EDE7012900F08581AD
:10DD3C00022900F08881A5420892A4D3E3E7BAF146
:10DD4C00FF0F00F065810123A5424FF000074FF053
:10DD5C00FF0AADF86820039395D3D4E7012900F0AE
:10DD6C006681022900F07281A54204928BD3CAE726
:10DD7C00BAF1170FC5D81F2AC3D90DEB4A03A54218
:10DD8C000AF1010AA3F868205FFA8AFAFFF47BAF64
:10DD9C00B9E7A5420792FFF476AFB4E7743B2C2B9E
:10DDAC00AFD801A151F823F017BE0000F3BB00005F
:10DDBC00F3BB0000F3BB0000F3BB0000F3BB00009F
:10DDCC00F3BB0000F3BB0000F3BB0000F3BB00008F
:10DDDC00F3BB0000F3BB000059BD0000F3BB000017
:10DDEC00F3BB0000F3BB00004DBD0000F3BB000013
:10DDFC00F3BB0000F3BB0000F3BB0000F3BB00005F
:10DE0C00F3BB0000F3BB0000F3BB0000F3BB00004E
:10DE1C00F3BB0000F3BB0000EBBB0000F3BB000046
:10DE2C00F3BB0000F3BB000023BE0000F3BB0000FB
:10DE3C00F3BB0000F3BB0000F3BB0000F3BB00001E
:10DE4C00F3BB0000F3BB0000F3BB0000F3BB00000E
:10DE5C00F3BB0000F3BB0000E1BB0000D3B2A54252
:10DE6C000993FFF410AF4EE70B9B93F8BE30002BD9
:10DE7C0040F0A780B8F1000F00F0AE80D30700F19E
:10DE8C00AB80D8F80030D3F81090AF4B994540F0E8
:10DE9C00C18112F0020940F02B81002F00F0D980D3
:10DEAC00069B012B40F0D580059B002B3FF425AF42
:10DEBC00BDF86A2003EB0B0A0799CDF84090BDF82A
:10DECC006890139414964C461646DFF88492CDE96C
:10DEDC0011750F0416E0651C012259460A983C4343
:10DEEC00FFF732FB049AD8F80030002A5B69C0F2C5
:10DEFC00E0804B4540F0EC800BF1010BDA4500F073
:10DF0C00EC802C46B442E6D3DDE910329A4240F262
:10DF1C00DD805A1CD3B20DEB83021093B2F868501B
:10DF2C00B2F86A60D8E793B2A5420693FFF4ABAEA1
:10DF3C00E9E693B2A5420593FFF4A5AEE3E66B7850
:10DF4C0003331D44A542FFF49EAEDCE66A7802352D
:10DF5C00AAE6D5F801200535A6E6B5F8012003356B
:10DF6C00A2E6B02B3FF4C9AEC02B7FF4CAAE002E94
:10DF7C003FF4C3AE013E16F0FF067FF4BEAEB8F11F
:10DF8C00000F3FF4BAAED8F80030704A9B69934248
:10DF9C0040F03D810026B046AFE6BDF86830079AE8
:10DFAC0043EA02430E930C9B052B3CD80B9A01368B
:10DFBC0002EB83020133F6B2DBB2D2F814800C937D
:10DFCC009BE69DF83430099999423FF453AF0023F6
:10DFDC001F469A461A9394E6DDE9053202FB03BB11
:10DFEC0000231F469A461A938BE6039B43F00201CB
:10DFFC000DEB870303290391A3F86A207FF481AE0C
:10E00C0001370023A542FFB20393FFF43CAE7AE63E
:10E01C00039B43F001010DEB870303290391A3F844
:10E02C006820EDD06DE6B0460136F6B265E653B227
:10E03C00A5420493FFF427AE65E653B2A5420893BC
:10E04C00FFF421AE5FE613B208935AE613B20493C1
:10E05C0057E6059B002B3FF450AE5F46109511948C
:10E06C00DFF8ECA0059D069CCDE9126B049EDDF853
:10E07C0028B000E09946224639465846FFF764FA24
:10E08C00B04207DB089B984204DCD8F800305B698F
:10E09C00534526D109F1010327449D42EAD1069A42
:10E0AC00DDE9126BDDE9105402EB0B0309FB023BBB
:10E0BC0023E610F0010F0CBF02464FF0FF324B4528
:10E0CC003FF41AAF21464046984715E7254603E72B
:10E0DC0002462146404698470EE7DDE91254149E4D
:10E0EC000BE6079A40EA0241012240469847D1E7E5
:10E0FC00BAF1180F40F297800123BDF86890BDF873
:10E10C006AE01093059B002B3FF4F7AD069B4FF094
:10E11C00000A0F4903F1FF3C079A0F910121CDF83A
:10E12C0064B001FA0CF1CDF84CA01497CDF844E092
:10E13C00CDF848C0CDE91515CDE917461D465C460E
:10E14C004FEA024B22E000BF29B4000031B40000BA
:10E15C002DB40000119B994537D24E4609F10109A7
:10E16C002A4621460A984BEA0607FFF7EDF9049A6E
:10E17C00D8F80030002A5B6917DB0F9A934234D130
:10E18C000AF1010A059B2C44534535D9109B002BF1
:10E19C00E0D10DEB490309F10109B9F1170FB3F8FF
:10E1AC00686028BF4FF01709DAE7129A1E2AE4D8E4
:10E1BC00159A02424FF0010202FA05F2C2F1000276
:10E1CC0042EA000218BF1046D7E7DDE913329A4243
:10E1DC0010D95A1C4E46D3B20DEB83021393B2F8EE
:10E1EC006A30B2F868901193BAE702463946404655
:10E1FC009847C5E74E46B3E7DDF864B00F96189E16
:10E20C00DDE90523DDE9165402FB03BB75E5404649
:10E21C009847BFE6089B4046109200930E99049BCA
:10E22C00C847109A35E6059B012B8CBF01230023B0
:10E23C00BAF1010F88BF0023109353B1BAF1010F4B
:10E24C000CD00F9B4FF6FF7E03F47F4909F58079C4
:10E25C005CE74FF6FF7EDDF8409053E7BDF8689021
:10E26C004FF6FF7E52E700BF30B50446406983B0DD
:10E27C00D1E90B5328B10268DFF87CC052686245C3
:10E28C0032D194F8BE20F2B1012B23D8194B9D4208
:10E29C0010D9A28D25F01F032A44BFF34F8F4FF0E6
:10E2AC00E021C1F8703F20339A42FAD8BFF34F8F68
:10E2BC00BFF36F8F2346A28D2946E06803B0BDE8FB
:10E2CC003040FEF7D3B82A464FF480712046FFF752
:10E2DC00B7FCDBE72A46013B204612F8011B41F450
:10E2EC008071FFF7ADFCD1E701939047019B0028AB
:10E2FC00CCD1C6E7FFFF1F20399E0000C36B1BB1BA
:10E30C0001461846FFF7B0BF704700BF002A77D10F
:10E31C005B4ADFF870C1C0F83823C0F854C34A7E9A
:10E32C00092A6DD18A7E002A6AD191F81BC0BCF1F2
:10E33C00020F65D838B580F8B023049A0F2A61D93A
:10E34C0022F00F0C03F11002634403F1100E02E0F3
:10E35C001032724558D012F810CCBCF1090FF7D11D
:10E36C0012F80F3C042BF3D112F80C3C012BEFD11B
:10E37C0012F80B3C092BEBD112F8093C022BE7D815
:10E38C0012F807CCBCF1070FE2D112F806CCBCF1A5
:10E39C00050FDDD112F805CC0CF0F00CBCF1800FA0
:10E3AC00D6D112F804CCBCF1030FD1D112F803CCA6
:10E3BC00BCF1010FCCD112F802CCBCF1000FC7D1CB
:10E3CC0090F8B0C3BCF1000F4FD112F80E3C80F89E
:10E3DC00B13312F80D3C80F8B23312F8093C80F8D6
:10E3EC00B33312F8053C03F00F0380F8B43312F882
:10E3FC00013C80F8B5330CF1010C80F8B0C3A7E7F1
:10E40C0000207047002038BD90F8B033002BF9D0B5
:10E41C0003460022DFF870E04FF4801CC3F8BC23E5
:10E42C00084683F8B62303F55C71C3F87823C3F868
:10E43C009823A3F8B923C3F8BF23C3F87C23C3F8EC
:10E44C008023C3F88423C3F88823C3F88C23C3F830
:10E45C009023C3F8942303F56872C3F870E3C3F8F0
:10E46C0074C3FDF75BFF012038BD90F8B14312F87F
:10E47C000E5CAC42CCD190F8B3439C42BBD2A8E723
:10E48C00F00C0020D80C0020A006002970B590F8E4
:10E49C00B633044663B100F55E76002556F8040FDA
:10E4AC0018B1FFF70BF894F8B6330135AB42F5D839
:10E4BC000023C4F8BC3384F8B633C4F87833C4F8FA
:10E4CC009833A4F8B933C4F8BF33C4F87C33C4F818
:10E4DC008033C4F88433C4F88833C4F88C33C4F85C
:10E4EC009033C4F89433C4F8C333C4F8C73384F8F6
:10E4FC00CB3370BD10B5044607210C3003F0A4FBE0
:10E50C0004F5A070022103F0B7FB04F500700421A0
:10E51C0003F0CAFB04F54070012103F0DFFB204639
:10E52C00BDE81040FEF70CBD09B390F8B6338B4232
:10E53C001DD34FF0010C10B590F8B92382B00CFA32
:10E54C0001F4AAB9034680F8B9C30D480193C3E995
:10E55C00DC0103F55C719868FDF7E0FE019B93F814
:10E56C00C32322EA040283F8C32302B010BD704710
:10E57C0090F8C333234380F8C33302B010BD00BFFF
:10E58C002303080090F8B6338B422CD3012210B52C
:10E59C0090F8B93382B002FA01F4EBB900290346C2
:10E5AC0080F8B92341F480210CBFA020A32003F5EF
:10E5BC006772C3F87413C3F8700303F55C71986841
:10E5CC000193FDF7ABFE019B93F8C42322EA0402EE
:10E5DC0083F8C42302B010BD90F8C433234380F8F1
:10E5EC00C43302B010BD704730B5044683B00091FF
:10E5FC0006F01AFC04F54E7200998A4227D004F5F5
:10E60C005573994201D003B030BD94F8BA23002A57
:10E61C00F9D0531E234493F8BC130829F3D1A168F5
:10E62C004FF0000594F8BB0384F8BA53497D01936D
:10E63C000092FEF795FC009A174904EB8204019BAB
:10E64C0009220D70C4F8780383F8BC23DBE794F837
:10E65C00CB331D46002BD6D094F8B603A0B10121C4
:10E66C0002E0013188420FD301238B402B42F8D0BA
:10E67C002046CDE90012FFF785FF94F8B603DDE9DB
:10E68C00001201318842EFD244F62061104603B0EB
:10E69C00BDE83040FDF720BD0293002070B5C56B7E
:10E6AC0005B30024012604E0013495F8B6339C42EE
:10E6BC000ED806FA04F2D5F898331A42F4D0214653
:10E6CC002846FFF75FFF013495F8B6339C42F0D92A
:10E6DC002B4605F56671D5F878030122BDE870402C
:10E6EC00FDF7C4BE70BD00BF09B390F8B6338B42C2
:10E6FC001DD34FF0010C10B590F8B92382B00CFA71
:10E70C0001F4AAB9034680F8B9C30D480193C3E9D3
:10E71C00DC0103F55C719868FDF700FE019B93F832
:10E72C00C52322EA040283F8C52302B010BD70474A
:10E73C0090F8C533234380F8C53302B010BD00BF39
:10E74C002301100009B390F8B6338B421DD34FF060
:10E75C00010C10B590F8B92382B00CFA01F4AAB9E7
:10E76C00034680F8B9C30D480193C3E9DC0103F5F6
:10E77C005C719868FDF7D2FD019B93F8C62322EAE1
:10E78C00040283F8C62302B010BD704790F8C6335C
:10E79C00234380F8C63302B010BD00BF2301110023
:10E7AC0009B390F8B6338B421DD34FF0010C10B562
:10E7BC0090F8B92382B00CFA01F4AAB9034680F898
:10E7CC00B9C30D480193C3E9DC0103F55C7198688A
:10E7DC00FDF7A4FD019B93F8C72322EA040283F8FA
:10E7EC00C72302B010BD704790F8C733234380F89D
:10E7FC00C73302B010BD00BF2301120009B390F85B
:10E80C00B6338B421DD34FF0010C10B590F8B923E1
:10E81C0082B00CFA01F4AAB9034680F8B9C30D48CA
:10E82C000193C3E9DC0103F55C719868FDF776FD93
:10E83C00019B93F8C82322EA040283F8C82302B090
:10E84C0010BD704790F8C833234380F8C83302B02A
:10E85C0010BD00BF2301130009B390F8B6338B42EF
:10E86C001DD34FF0010C10B590F8B92382B00CFAFF
:10E87C0001F4AAB9034680F8B9C30D480193C3E962
:10E88C00DC0103F55C719868FDF748FD019B93F87A
:10E89C00C92322EA040283F8C92302B010BD7047D1
:10E8AC0090F8C933234380F8C93302B010BD00BFC0
:10E8BC002301140009B390F8B6338B421DD34FF0EB
:10E8CC00010C10B590F8B92382B00CFA01F4AAB976
:10E8DC00034680F8B9C30D480193C3E9DC0103F585
:10E8EC005C719868FDF71AFD019B93F8CA2322EA24
:10E8FC00040283F8CA2302B010BD704790F8CA33E3
:10E90C00234380F8CA3302B010BD00BF23030400B8
:10E91C004B1E034470B5044693F8BC0382B00D46FD
:10E92C00092809D8DFE800F01D1D0A0A0A0A0A3274
:10E93C00054D12F001025CD002B070BDD60766D551
:10E94C000130C0B2072883F8BC03F5D1454A1178D1
:10E95C0019B945490978002972D0062283F8BC23DD
:10E96C00EAE7D207E8D5022283F8BC2394F8CB332C
:10E97C00002B5CD0012229462046AA40134384F880
:10E98C00CB3302B0BDE87040FFF7AEBE9107D0D5D7
:10E99C0029462046CDE90032FFF75EFF009B082197
:10E9AC00019A83F8BC1393053DD5012246F2A811B8
:10E9BC0004F5557084F8BB2302B0BDE87040FDF738
:10E9CC008BBB12F00102B7D1CDE9002304EB850318
:10E9DC00D3F878031E46FEF771FD009A29462046AF
:10E9EC00C6F87823FFF780FE0122019B83F8BC2335
:10E9FC00A2E729462046CDE90023FFF775FE19480A
:10EA0C000121009A019B027083F8BC1394E7012149
:10EA1C0094F8CB2301FA05F522EA050284F8CB23FE
:10EA2C0083F8BC1388E7C2F380225200BEE744F699
:10EA3C00206104F54E70FDF74FFB94F8CB3399E74A
:10EA4C0001211170A94094F8CB2322EA0102294636
:10EA5C0084F8CB2383F8BC032046FFF72BFF84F804
:10EA6C00BA5369E7029300200393002000222DE99A
:10EA7C00F041864D82B080F8B92304464B6B0E8F63
:10EA8C00AB426BD0824DAB4236D0A32B03D10B6B78
:10EA9C00042B00F0B78094F8C313002940F0868053
:10EAAC0094F8C513002940F0BF8094F8C6130029D0
:10EABC0040F09E8094F8C713002940F0BF8094F872
:10EACC00C813002940F0CE8094F8C913002940F0F7
:10EADC00D38094F8C413002940F0BA8094F8CA1378
:10EAEC00002960D091FAA1F12046B1FA81F102B06F
:10EAFC00BDE8F041FFF7DEBE94F8B013B0F8A233D6
:10EB0C00012990F8A503A4F8B63384F8B80357D8B4
:10EB1C00DBB2002BBFD001252F4614E05B4884F8F4
:10EB2C00B973C4E9DC05A068FDF7F8FB94F8C333AE
:10EB3C0023EA0603013594F8B61394F8B923A942D5
:10EB4C0084F8C3332CD3234604F55C7107FA05F61D
:10EB5C00002AE3D094F8C3333343EBE790F8B63391
:10EB6C00B34298D1D0F87833002B94D1012590F88A
:10EB7C00B50394F8B42303212B46CDE90050A068CB
:10EB8C00FEF71CF8434B01462A46C4F87803496843
:10EB9C0004F56671C3632346FDF768FC94F8B9234A
:10EBAC00002A3FF478AF02B0BDE8F08191FAA1F1F0
:10EBBC002046B1FA81F102B0BDE8F041FFF7B4BCD8
:10EBCC0094F8B23340F6013194F8B10341EA0341B1
:10EBDC002346C4E9DC1004F55C71A068FDF79EFBCC
:10EBEC00012294F8B63384F8B923002B93D1DAE7D9
:10EBFC0091FAA1F12046B1FA81F102B0BDE8F041E1
:10EC0C00FFF7A0BD002E3FF446AF90F8B6339E42FE
:10EC1C003FF641AFCB6A31461A68FFF779FE94F89C
:10EC2C00B923002ABFD136E791FAA1F12046B1FAF7
:10EC3C0081F102B0BDE8F041FFF756BD91FAA1F1A8
:10EC4C002046B1FA81F102B0BDE8F041FFF7A8BD52
:10EC5C0091FAA1F12046B1FA81F102B0BDE8F04180
:10EC6C00FFF790BC91FAA1F12046B1FA81F102B004
:10EC7C00BDE8F041FFF7C2BD91FAA1F12046B1FA0F
:10EC8C0081F102B0BDE8F041FFF7E6BD23030800B7
:10EC9C00A00600298DC50000704700BF4FEA114C3B
:10ECAC008BB2BCF1090F30B516D1ABB1202B18D8F3
:10ECBC00013B4FF0010C416C0CFA03F303EA010E1B
:10ECCC00002A40F08380BEF1000F04D021EA03013A
:10ECDC0080F841C0416430BDBCF1010FA3F1300E8E
:10ECEC0045D0B0F860E1E645F5D1B0F862C19C457D
:10ECFC00F1D8B0F864E1E6449E45ECD9CCF10A0CAD
:10ED0C008C441FFA8CF33F2BE5D800EB83044FF0B7
:10ED1C00010EA3F12001C3F1200CA56C0EFA03F334
:10ED2C000EFA01F12EFA0CFC954241EA0C0117D0B7
:10ED3C00A264D0F85441D0F8502141EA040CD0F828
:10ED4C0058411A43C0F854C1C0F850212240D0F8A1
:10ED5C005C410CEA040C52EA0C0218BF80F841E04A
:10ED6C00D0E9524223430A43C0E9523230BDBEF1CE
:10ED7C00090FB6D80121D0F8484100EB830301FA02
:10ED8C000EFE44EA0E0CD0F84C41C0F848C144EADF
:10ED9C00EE7CC0F84CC153F8784C94429BD043F8AD
:10EDAC00782CD0F85841D0E954324EEA030342EAA9
:10EDBC00EE72C0F850312340D0F85C41C0F85421B9
:10EDCC002240134387D080F8411030BDBEF1000FB4
:10EDDC0081D10B4380F841C0436430BDA0F10C00DD
:10EDEC00FFF75CBF90F8413013B1012380F842303B
:10EDFC00704700BF01207047704700BF704700BFCD
:10EE0C0000220023C0E95223C0E95423704700BFFD
:10EE1C000368DFF810C0DB69634501D1FFF73EBF23
:10EE2C00184700BF8DCB000000234362436380F87A
:10EE3C006C3180F82030704770B50D4682B00646B4
:10EE4C0011492B6B11480193EB6A0093D5E90D2303
:10EE5C0005F022FCEC6A74B12B8E63B1102B94BFBD
:10EE6C00E51804F1100514F8012B0949074805F0C1
:10EE7C0013FCAC42F7D10749044805F00DFC002007
:10EE8C0086F8240502B070BD000D0020F02900208A
:10EE9C002C0D0020BC0D0020A0F10C00FFF7CCBF06
:10EEAC0090F87431013BDBB280F874313BB94361AB
:10EEBC0003639FED037B80ED527B80ED547B7047A9
:10EECC00000000000000000070B50D4682B0114635
:10EEDC001E46044602462B461148CDE90016114940
:10EEEC0005F0DAFB606910B1002002B070BDA36AB6
:10EEFC000BB1AB42F9D10C4BF318012B02D90B4BD4
:10EF0C009E42F1D10A49064805F0C6FBAA6823685F
:10EF1C0020469B6CC4E909259847012002B070BDBE
:10EF2C00F0290020340D0020FCFFFEFF080001003A
:10EF3C00800D0020A0F11800FFF7C6BFD0F800C06C
:10EF4C0000B5DCF818E0DFF810C0E64500D100BDD4
:10EF5C00F4465DF804EB604789CB0000704700BFB6
:10EF6C00012070470023C360C36180F854310372E1
:10EF7C00704700BF02680649526A8A4207D190F86E
:10EF8C0041201AB1012280F8422070477047104787
:10EF9C00D5CC000090F8353013B1012380F8363011
:10EFAC00704700BF0000000090F86831013BDBB2F5
:10EFBC0080F868313BB9836043629FED037B80ED41
:10EFCC004F7B80ED517B704700000000000000007B
:10EFDC0003680D4A9B6A934210D190F87431013B3F
:10EFEC00DBB280F8743143B9436103639FED047B5A
:10EFFC0080ED527B80ED547B70477047184700BF03
:10F00C00000000000000000091CD000050F8182C0A
:10F01C00034607491838526A8A4207D193F82920C7
:10F02C001AB1012283F82A2070477047104700BF9D
:10F03C00D5CC00000000000050F8183C0E4A9B6A2A
:10F04C00934211D190F85C31013BDBB280F85C311A
:10F05C004BB940F8043C83619FED057B80ED4C7B04
:10F06C0080ED4E7B7047704718381847AFF300801F
:10F07C00000000000000000091CD000050F8183C8A
:10F08C001838DB69184700BFA0F1180C50F8180CA1
:10F09C0000B5D0F818E00448864504D06046F44624
:10F0AC005DF804EB604700BD89CB0000002B18BF56
:10F0BC00002801D012B109B900207047FDF7D6B96C
:10F0CC002DE9F04F0F46416985B019B1002005B00C
:10F0DC00BDE8F08F81680029F8D1013A18BF0122F0
:10F0EC00002AF3D1F98B3C8CDFF8C8C104E0013263
:10F0FC000CF1060C0F2AE9D0BCF800E08E45F6D1D5
:10F10C00BCF802E0A645F2D16A4902EB420201EBDF
:10F11C00420251790029D9D111790E9A8946162AC1
:10F12C00D4D9B1FA81F252090029CFD01979012929
:10F13C00CCD95979FF29C9D180F89524C0F89624E7
:10F14C009A7A222A00F0818009214FF0000B4FF0AF
:10F15C00000A4FF000080E9A8A42B7D95A5C03EBAA
:10F16C00010C072A4DD0114490F89524B8F1000FEA
:10F17C00F1D0B2FA82F67609002AECD0CDF804A0D0
:10F18C000446B0F8963402F00F020321384600937F
:10F19C000123FDF713FDC4F89C04002896D0CDF88C
:10F1AC0004B04246B4F898343846032100933346F1
:10F1BC00FDF704FDC4F8A004002887D0D4F89C0403
:10F1CC0004F2A4413C4BB4F89624C3632346FDF7E8
:10F1DC004DF93A4BD4F8A004B9F1030FC36345D0F1
:10F1EC00B9F1040F4ED0B9F1070F56D04FF480721D
:10F1FC00002104F1480009F03BFC012084F82C901C
:10F20C0065E79CF801E0BEF1050FACD19CF803E07A
:10F21C00BEF1030FA7D10D1D5C5D402CA646A2D8F4
:10F22C009CF80540002C9ED19CF902608A1D9CF82C
:10F23C000240002E03940EDBA0F898E49A5CDDF8F3
:10F24C000C8093469CF800208DE75A7A142A7FF4A0
:10F25C003DAF1D2179E780F8954413F805E0A0F83F
:10F26C0096E49A5C92469CF800207CE740F20142BE
:10F27C002346134900920522FFF718FF012384F857
:10F28C006C31B3E740F204430C220E490093234641
:10F29C00FFF70CFF84F86C61A8E740F207422346A5
:10F2AC00094900920222FFF701FF012384F86C3117
:10F2BC009CE700BFE82A002021E80000EDCC00000C
:10F2CC00CC2A0020D42A0020C82A002010B50446DD
:10F2DC00032100F5C07002F0CFFC04F52870072163
:10F2EC0002F0E2FC012104F58C6002F0F7FC2046F0
:10F2FC00FDF726FE04F10C00FEF784FB04F1180068
:10F30C00BDE81040FCF782BD30B5046B97B054B328
:10F31C0001901E2200210DF10A0009F0A9FB019BAE
:10F32C004FF605724FF0000C93F866112046ADF8BD
:10F33C00082061F3070C93F8672102A962F30F2CE4
:10F34C0093F8692162F3174C93F86A2193F86B31A7
:10F35C0062F31F6C20228DF81030CDF80CC0FEF734
:10F36C00A7FA17B030BD426B154612B9104617B04C
:10F37C0030BD214601904C220DF10B0009F078FBB9
:10F38C0041F25212019B2846ADF80820802293F8D6
:10F39C006AC102A98DF80A20FF228DF80C2093F87F
:10F3AC00662162F3070493F8672162F30F2493F844
:10F3BC00692162F3174493F86B2140236CF31F64AB
:10F3CC008DF813204F22CDF80F40FCF757FD01208C
:10F3DC0017B030BD2DE9F041066B84B08446002E89
:10F3EC0044D000F2E447444D3C46AE461034103550
:10F3FC00BEE80F0044F8043C404B44F8100C9E450A
:10F40C0044F80C1C44F8082CEFD19CF866310BBB6B
:10F41C001A468CF8E6348CF8E5249CF867211AB36C
:10F42C009CF868318CF8E73400249CF86B3121216E
:10F43C008CF8E82430225B000297019209228CF8A8
:10F44C00ED3440F2012330460094FEF7C9FA04B0C3
:10F45C00BDE8F0819CF868218CF8E6348CF8E52442
:10F46C009CF86721002ADBD11346DBE7446BCCB355
:10F47C00214F4FF4A97300F2E44800F2E64607F17D
:10F48C00300EA0F8E4343D46103610370FCD7545DC
:10F49C0046F8100C46F80C1C46F8082C46F8043CB0
:10F4AC00F1D19CF866310BBB1A468CF8E7249CF81A
:10F4BC0067218CF8E834E2B19CF868318CF8E934B7
:10F4CC0020469CF86B3141468CF8EA2432225B00D2
:10F4DC008CF8EF344FF0FF33FCF7D0FC012004B074
:10F4EC00BDE8F081204604B0BDE8F0819CF86821AD
:10F4FC00DBE71346E2E700BF80090020B0090020DB
:10F50C000146006B08B598B1B1F86931022291F847
:10F51C006BC1A1F8E63491F8663101F2E4410A704E
:10F52C00072281F804C08B71BDE80840FEF7C0B912
:10F53C00486B00B908BD40F2A222B1F8693191F8CC
:10F54C006BC1A1F8E42491F8662101F2E441A1F821
:10F55C0003306FF00103CA71322281F805C0FCF749
:10F56C008DFC012008BD00BF70B590F8694182B0D8
:10F57C008C4212D0044690F82C000D4684F86B3166
:10F58C00431E84F8691184F86A21062B0DD8DFE834
:10F59C0003F0353B0C41580C0F0090F86A41944233
:10F5AC00E8D190F86B419C42E4D1002002B070BDD0
:10F5BC00636B002B4BD03222002104F2E440019308
:10F5CC0009F056FA3E4A84F8F0544FF4D17513788A
:10F5DC0004F2E441019884F8E6340133A4F8E454CD
:10F5EC0003F00F03137030226FF0010384F8EF2443
:10F5FC003222FCF743FC012002B070BD204602B061
:10F60C00BDE87040FFF7E6BE204602B0BDE8704092
:10F61C00FFF77ABE00234FF400624031D4F8A00407
:10F62C00A4F8E524C4F8E83484F8E714C4F8EC34FE
:10F63C000028E0D023460C2204F2E441FCF716FF2C
:10F64C00D9E7204602B0BDE87040FFF759BF1D4A0C
:10F65C004FF0010CC4F8E634C4F8EE34C4F8EA34C4
:10F66C00C4F8F234A4F8F6341378206B84F8E5343B
:10F67C00634484F8EF1404F2E4411370402344F221
:10F68C00010284F8E4C484F8E9340F4BA4F8E724AD
:10F69C00C4F8EB3418B11422FEF70AF985E7D4F854
:10F6AC00A004002881D023461422FCF7DFFE00289A
:10F6BC007FF47BAF0549064804F0EEFF75E700BF09
:10F6CC00F5920020F392002001404030A80D00205C
:10F6DC00F0290020F8B5164690F82C2080F86831F7
:10F6EC000446531E0D4680F8661180F86761062BA0
:10F6FC0000F29980DFE803F04145497B93970400C1
:10F70C00436B1F46002B00F0AD80322200F2E44721
:10F71C00002100F2E44009F0ABF941F2A203A4F895
:10F72C00E4348A4B1A78102A00F2CE80511C01F076
:10F73C000F011970334684F8E6242A46844985481B
:10F74C0004F0AAFF55EA06030BD0002E40F0D1803E
:10F75C00002D00F0CF80804A804BC4F8E724C4F819
:10F76C00EB344FF000006FF0010332223946A4F85D
:10F77C00EF04606BFCF782FB37E0BDE8F840FFF765
:10F78C0029BEBDE8F840FFF7BFBD406B00284CD048
:10F79C0040F2A2334FF06401714AA4F8E4340F2311
:10F7AC0084F8E63440F2FF1315FB013516FB0131EA
:10F7BC00FF2384F8EB3482FB05632B4482FB01525C
:10F7CC000A445B120021521284F8E73484F8E934BD
:10F7DC006FF0010384F8E82484F8EA240A22A4F8E0
:10F7EC00EC1404F2E441FCF749FB0120F8BD0023C2
:10F7FC005C49002265F30F23C0F8E414D0F8A00490
:10F80C0066F31743C4F8EC24C4F8E8340028ECD0B1
:10F81C0023460C2204F2E441FCF728FEE5E7BDE8A0
:10F82C00F840FFF76DBE0020F8BD03464E4A84F841
:10F83C00F00461F30703C4F8E424D4F8A0044FF4F3
:10F84C00706266F30F23C4F8E82443F47F03C4F812
:10F85C00EC340028C9D023460D2204F2E441FCF715
:10F86C0005FEC2E70A46334640493A4804F014FF05
:10F87C001022364B04F2E44184F8E4241A78C4F8DC
:10F88C00E674102AC4F8EA74C4F8EE74C4F8F2747E
:10F89C001DD8501C00F00F00187055EA060384F8B0
:10F8AC00E5240BD076BB75B3314846F28802612350
:10F8BC00C4F8E704A4F8EB2484F8ED34206B48B1C9
:10F8CC001222FDF7F5FF90E70121002231E73A46BD
:10F8DC000120E1E7D4F8A004002886D023460C22AE
:10F8EC00FCF7C4FD002880D122491A4804F0D4FE4C
:10F8FC007BE7BDB99EB1194A174BC4F8E724C4F88D
:10F90C00EB342EE7CDB9B6B1134844F201024023D3
:10F91C00C4F8E604A4F8EB2484F8ED34CEE7002D0B
:10F92C003FF41FAF002E3FF41CAF0B4BC4F8E73471
:10F93C00C4F8EB3415E7002DC0D0002EBED0064B1A
:10F94C00C4F8E634C4F8EA34B8E700BFF5920020F6
:10F95C00C00D0020F0290020288860610001404083
:10F96C000308208000010FC009000009DC0D0020F5
:10F97C0001404028A80D002000210022002380F81F
:10F98C00421080F84110C0E95423C0E9522370475B
:10F99C0038B50C46054613222349204609F0ACF82D
:10F9AC0020B9022385F82C30012038BD0F221F49C5
:10F9BC00204609F0A1F820B90123012085F82C304C
:10F9CC0038BD15221A49204609F096F80028F3D0C4
:10F9DC0011221849204609F08FF818B9052385F82B
:10F9EC002C30E1E70D221449204609F085F8B0B11E
:10F9FC000D221249204609F07FF860B10B22104904
:10FA0C00204609F079F830B10B220E49204609F056
:10FA1C0073F80028C8D1072385F82C30C4E70323DA
:10FA2C0085F82C30C0E700BFFC0D0020100E002024
:10FA3C00200E0020380E00204C0E00205C0E002002
:10FA4C006C0E0020780E0020F0B5044683B00D46F5
:10FA5C00214822491F46164604F01EFEA36A23B114
:10FA6C00AB4202D0002003B0F0BD60690028F9D190
:10FA7C0006F47063B3F5A06FF5D106F03C0397B1B3
:10FA8C00394620460193FFF783FF019B082B0CD1CD
:10FA9C0094F82C30013B062B19D8DFE803F0080B47
:10FAAC000B1808180B00082B04D00120DBE70423EB
:10FABC0084F820300A49084804F0EEFDA8680121BA
:10FACC006063C4E90905FCF727FA0220CBE7089B21
:10FADC00012BEAD1EEE700BFF0290020840E0020B4
:10FAEC00B80E0020A0F11800FFF7AEBF10B5044609
:10FAFC00FFF74EFF94F82C30022B0AD003F0FB03D7
:10FB0C00012B01D0012010BD0423012084F82030EA
:10FB1C0010BD0123012084F8203010BD10B504461F
:10FB2C001838FFF735FF237D022B07D003F0FB03BA
:10FB3C00012B01D104232372012010BD01230120CC
:10FB4C00237210BD2DE9F04100F2E44704468846CB
:10FB5C0082B016460021322238461D4608F088FF36
:10FB6C004023294A84F8EF8484F8E93484F8EA3491
:10FB7C0084F8ED3484F8EE34137884F8E6340133E9
:10FB8C0003F00F031370002384F8E73484F8EB348C
:10FB9C00012384F8E83484F8EC344FF4D173A4F8DE
:10FBAC00E4344DB1334604F2EF42701913F8011BE3
:10FBBC00834202F8011FF9D1606BB0B1089B63B9A5
:10FBCC006FF0010332223946FCF758F905F02CF995
:10FBDC00C4F8700102B0BDE8F081A06A194600F5C6
:10FBEC006A70FCF779FA606BEAE7334642460749DC
:10FBFC000095074804F050FD05F016F9C4F87001A3
:10FC0C0002B0BDE8F08100BFF5920020E80E0020A4
:10FC1C00F029002090F82C300022013B30B504462E
:10FC2C0085B080F86D21062B14D8DFE803F0042D85
:10FC3C001313251315001C4A002301200292ADF862
:10FC4C000C3005F09BF84FF0FF33062202A9606BD5
:10FC5C00FCF714F905B030BD1449012302AA009138
:10FC6C004FF000010D468DF808100221FFF76AFFD6
:10FC7C0084F86D5105B030BD0023FF22194605B044
:10FC8C00BDE83040FFF770BC40F243230120ADF8D3
:10FC9C00083005F073F84FF0FF33022202A9606BB5
:10FCAC00FCF7ECF805B030BD53F4420390D00300E0
:10FCBC00A0F11800FFF7AEBF10B5036B802480F8DD
:10FCCC00E51480F8E44480F86E119BB1044652B9F7
:10FCDC00022204F2E4411846FDF7EAFD05F0A4F80F
:10FCEC00C4F8700110BD03F55F701146FCF7F4F910
:10FCFC00236BEDE7D0F8A044002CF3D0034600F2C0
:10FD0C00E44112222046BDE81040FCF7AFBB00BF17
:10FD1C00DFF824C19C44BCF1010F30B5964685B088
:10FD2C0005D9404A934202D0002005B030BD43694A
:10FD3C000BB17345F8D18268002AF5D190F874C1E3
:10FD4C0004464FF0010501630CF1010CC0F814E0FE
:10FD5C004023084604F2E4410392CDE9002284F8E2
:10FD6C0074C184F84150FDF711FE636984F86C513D
:10FD7C00039AD88BB3F820C02B4B03E00132063327
:10FD8C000F2A16D019888142F8D159886145F5D1CE
:10FD9C0002EB4202244B03EB42031A79531E84F804
:10FDAC002C20062B08D8DFE803F01D3307071D07AE
:10FDBC002700002384F82C304FF0090C212105205A
:10FDCC0040F2FF320023A4F86211A4F86401174931
:10FDDC00A4F860C11648C4E9562304F05DFC012068
:10FDEC0005B030BD4FF0010C4FF4807127204FF05F
:10FDFC00FF324FF0FF33E6E70E4A02212046FFF7B1
:10FE0C005BFF0122002384F8382084F86D31D3E79E
:10FE1C004FF47F4C212136206FF440624FF0FF33BA
:10FE2C00D1E700BF08000100E82A0020800D002067
:10FE3C00F029002090D00300FCFFFEFFA0F10C0085
:10FE4C00FFF766BF2DE9F04182B005460F46144618
:10FE5C0000211E2200F2E6400193089E08F008FEE5
:10FE6C0001210022019B61F3070285F8E414402173
:10FE7C0061F30F2285F8E91461F31742264967F301
:10FE8C001F62C5F8EB2444F20102A5F8E7240A78B6
:10FE9C00013202F00F020A7085F8E5245BB1013BD8
:10FEAC00621E05F2EE4114FA83F312F8010F9A4226
:10FEBC0001F8010FF9D1286B78B1202205F2E44149
:10FECC00FDF7F6FCDEB904F0AFFFC5F87001642055
:10FEDC0002B0BDE8F04104F051BFD5F8A00428B140
:10FEEC002B4605F2E4412022FCF7C0FA04F09CFFFB
:10FEFC00C5F87001002EEAD002B0BDE8F081286B85
:10FF0C00314600F55F70FCF7E7F804F08DFFC5F89B
:10FF1C00700102B0BDE8F081F59200208B7B102BB4
:10FF2C0000D07047F0B5CB7B89B0202B00F0A180BE
:10FF3C00802B00F089803D2B40F08B800B7C602B5C
:10FF4C0040F085804B7D91F816E01A02087D4FEA4F
:10FF5C00131CCC7D02F470630A7E4CEA0E1C4FEA33
:10FF6C00022E0343C87E12090EF4706E44EA0E048E
:10FF7C004FEA002E0009E61A0EF4706E4B7E0296C4
:10FF8C008E7E42EA031591F8242046EA0E0EA5EB6C
:10FF9C000C0791F81EC004EB0E0691F82130019469
:10FFAC004FEA1C1403964FF0000E0E7F049440EAA7
:10FFBC0006104FEA0C264FEA022C2844120906F4CC
:10FFCC0070641E0207920CF4706206F4706691F86D
:10FFDC001DC00692724605964CEA040C029E67F30D
:10FFEC000F02049C1B0960F31F4266F30F0EC87FBF
:04FFFC00039E66F307
:02000004600199
:100000001F4E44EA001691F82000059C2043069CF0
:10001000ACEB000791F8220043EA001391F82300AB
:1000200091F8251004430798F31A40EA01100CEBED
:100030000401029130443049019CCD818C81A1F8AA
:1000400000C04E808F800B814881C1E904E2029A92
:10005000CA8002E00B7C602B3FD009B0F0BD862B3C
:1000600001D0982BF9D10B7C602BF6D10B7ECA7D89
:100070001B02214903F4706313430B83EDE70B7CF0
:10008000602BEAD14FF0000C1C4862468B181432EA
:10009000D2B293F815E08A5C42EA0E2220F8022BD5
:1000A00093F81BE09A7E42EA0E22828093F821E0C8
:1000B00093F8202042EA0E220CF1020E428193F8BE
:1000C000272093F8263043EA022362465FFA8EFC2B
:1000D0000382BCF1060FD9D1BFE701F11403074831
:1000E00017311A7813F801CF42EA0C22994220F80E
:1000F000022BF6D1B1E700BF488100209C8100208F
:1001000010B5044686B041B30B78812B04D0212B67
:1001100002D0002006B010BD206B039100F55F7087
:10012000FCF74EF803990B78812B23D194F83830E3
:10013000002B40D094F86E2194F86D31812A04D0C0
:1001400094F86F21002A00F0928001330022DBB284
:1001500084F86F2184F86D311BE023B390F83830B8
:100160004BB390F86D3180F86F110133DBB280F83A
:100170006D310EE02046FFF7D7FE94F83830D3B14A
:1001800094F86D310022013384F86F21DBB284F8DA
:100190006D310A2B0FD8DFE803F0645E585241330B
:1001A00009261809110090F86D31F2E7324A04214E
:1001B0002046FFF787FD012006B010BD6322002313
:1001C00084F86D2184F83830F5E7DFF8ACC03021D1
:1001D000012304AA8DF8101020460321CDF800C099
:1001E000FFF736FEE7E7DFF890C0012304AA4821B5
:1001F0002046CDF800C08DF81030FFF729FEDAE771
:1002000006201D49012304AA84F86D0120460091AF
:1002100040218DF81030FFF71BFECCE7DFF858C007
:1002200046F23D011922049105238DF81420204641
:1002300004AA1021CDF800C0FFF70AFEBBE7DFF8E3
:1002400038C04FF4C1410622EDE7DFF82CC046F27A
:1002500020011822E7E7084A02212046FFF732FD75
:10026000A9E7054A03212046FFF72CFDA3E7012259
:1002700084F86F218DE700BF90D00300036B6BB152
:1002800010B5044603F55F70FBF79AFF0022204685
:1002900001231146BDE81040FFF732BF704700BF91
:1002A000436A8BB100B583B0019003F55F70FBF733
:1002B00087FF019900220123A1F10C00114603B030
:1002C0005DF804EBFFF71CBF704700BF10B5044694
:1002D00086B0002936D00B78212B02D0002006B042
:1002E00010BD806A039100F56A70FBF769FF0399FE
:1002F0002046FFF719FE94F83A3003B394F86D31B5
:100300000133DBB284F86D31013B0A2B17D8DFE8EB
:1003100003F02F063D42474D53606D742200DFF815
:10032000F8C046F286011222049105238DF81420AC
:10033000204604AA1021CDF800C0FFF709FC0120D7
:1003400006B010BD23B190F83A30002BD6D1F6E7B5
:1003500090F86D31D8E7FF2320461A461946FFF77B
:10036000BFF90022FF2384F83A2084F86D31E6E7D4
:10037000DFF8A4C00021012304AA8DF81010204644
:100380000821CDF800C0FFF7E3FBD8E7DFF888C00D
:1003900046F29801C7E7DFF880C046F23D01C2E7A8
:1003A000DFF874C046F220011822BDE7DFF868C00C
:1003B0004FF4C1411822B7E7DFF85CC0012304AA5B
:1003C00040212046CDF800C08DF81030FFF7C0FB6B
:1003D000B5E7DFF844C0012304AA48212046CDF840
:1003E00000C08DF81030FFF7B3FBA8E70023012110
:1003F00020461A46FFF7BEF8A1E7DFF81CC03021FF
:10040000012304AA8DF8101020460321CDF800C066
:10041000FFF79EFB93E700BF90D00300836A6BB1A8
:1004200010B5044603F56A70FBF7CAFE00222046A9
:1004300001231146BDE81040FFF748BF704700BFD9
:1004400003698BB100B583B0019003F56A70FBF7C7
:10045000B7FE019900220123A1F11800114603B053
:100460005DF804EBFFF732BF704700BF2DE9F041A4
:100470009DF81C409046BDF918004C4D002C64D0EE
:10048000B5F91020B5F91240B5F90C60B5F914C0F2
:10049000B5F916E0B5F90E509342B8BF1346604562
:1004A000B8BF6046A342A8BF23467045A3EB06072A
:1004B000A8BF70469E4206EE907AF8EEE66A6ADCC5
:1004C000A41B07EE904AB8EEE77AC6EE877A431B84
:1004D000854205EE903A27EEA76AF8EEE55A4BDC26
:1004E000AEEB050E07EE10EAB8EEC77AC5EE876AE6
:1004F000B0EE467AA6EEA67AB1EEC76A9FED2C7AE8
:10050000B4EEC76AF1EE10FA2CDD36EE477A9FEDB5
:10051000294AF7EE005A9FED285AC7EE044AF4EE36
:10052000E54AF1EE10FA75FEA45A85EE867A67EE7A
:10053000877A27EE267A67EE857A27EE057AC1ED6F
:10054000007A88ED007ABDE8F081B5F90420B5F9AC
:100550000640B5F90060B5F908C0B5F90AE0B5F98B
:10056000025099E7DFED157AB0EE677AC1ED007AB7
:1005700088ED007ABDE8F081ACEB050C07EE10CAFF
:10058000B8EEC77AC5EE876AB0EE467AA6EEA67ACE
:10059000F1EE666AB0E7921B07EE902AB8EEE77AB2
:1005A000C6EE877AF1EE677A91E700BF48810020B6
:1005B0009A99193E9A99593F0000004500000000A1
:1005C0000000000090F82C30032B70B5044686B074
:1005D00071D0042B0D4610D0072B00F0C480D4F846
:1005E0009C04002865D02346B4F8962404F2A44164
:1005F00006B0BDE87040FBF73FBFCB6A19785A7868
:10060000082900F09D80012AE9D1D988406C8842F0
:1006100002D0616484F8412004F1440003F1080E23
:1006200000229FEDC07B84ED527B9FEDC07B84ED6B
:10063000547B3EF9021F50F804CF8C4512D0016064
:100640004FF00105012184F841509140D4F85051F8
:1006500045EA010CD4F8545145EAE171C4F850C19F
:10066000C4F854110132042AE3D1197AD4E91620CE
:100670008A4200F04D81D4F85021A165012142F059
:10068000100284F84110C4F850215B7AD4F8541158
:10069000834207D042F020020120E36584F8410044
:1006A000C4E954210123D4F89C0484F84230002882
:1006B00099D106B070BD9FED9B7BCA6A80ED527BDD
:1006C0009FED9A7B80ED547B1378202B87D10B6BA9
:1006D000112B84D99388416C8B4205D0012143644E
:1006E00080F8411080F842100432DFF84CE200211B
:1006F00032F9023F01294FF0010501F101011846CD
:1007000098BF98B21EF8013B04EB830C05FA03F383
:10071000DCF84850854210D0CCF848004FF001007A
:1007200084F84100D4F850011843C4F85001D4F8BB
:10073000540140EAE370C4F854010629D8D1B1E766
:1007400090F86C3193423FF44AAF80F86C21002A54
:100750003FF445AF90F8953400225B081146023310
:10076000FEF708FF3BE790F83830BBB190F86D31E9
:10077000052B13D8DFE803F0C4BCAFA2030D0021A2
:100780003022012300913F218DF8102004AAFFF7A9
:100790005FFB002384F86D3184F83830EB6A626CBB
:1007A0001E465B885BBA9BB29A4203D00122636407
:1007B00084F841203F22002304F1440106F1040C97
:1007C0004FF0010EC4E9522300230022C4E9542350
:1007D00000233CF9022F51F8040F90420FD00A6019
:1007E0000EFA03F2D4F8500184F841E01043C4F843
:1007F0005001D4F8540140EAE270C4F854010133C6
:10080000042BE6D1B4F94C30012502A903AA2046F5
:10081000CDE90035B4F94830FFF728FE9DED027AA6
:10082000DDED037A03AAB8FE477ABDEEC77AF8FE7B
:10083000677AFDEEE77A01952046B4F9543084EDED
:10084000127AC4ED137A0093B4F95030FFF70EFE1C
:100850009DED027ADDED037AB8FE477ABDEEC77AE8
:10086000F8FE677AFDEEE77A226E84ED147AC4ED25
:10087000157A3379E16D9A4217D023664FF0010261
:10088000D4E9543084F8412043F01003C4F85031C7
:1008900072798A423FF406AF43F020030121E265FA
:1008A00084F84110C4E95430FCE672798A4235D1AB
:1008B00094F84130002B3FF492AEF3E6002101237F
:1008C00004AA009148218DF81030FFF7C1FA0423E3
:1008D00084F86D3162E70021012304AA00914021D0
:1008E0008DF81030FFF7B4FA032384F86D3155E723
:1008F000104A0421FFF7E6F9022384F86D314DE731
:100900000C4A0221FFF7DEF9012384F86D3145E737
:100910005B7A8342CCD0D4E95421BBE6D4E954308D
:10092000BAE700BF3F000000000000000000000028
:100930000000000090D0030034130020C36B1BB1F3
:1009400001461846FFF73EBE704700BF2DE9F0474D
:100950000B788EB03F2B61D0302B03D000200EB02F
:10096000BDE8F08747F6FF74002590F83920C0E90C
:10097000524500240025C0E954454B790C791B04ED
:1009800043EA0423CC782343002A40F09A80C26BC8
:100990009B1A426C9A4205D00122436480F84120A0
:1009A00080F84220CA79402B8E794FEA02254FEA1F
:1009B00012148A7A05F4706546EA05050E7A2F4608
:1009C00044EA0614ADF81C504FEA0225A046ADF8E3
:1009D0001E4005F470654C7A4FEA121244EA050491
:1009E000A146ADF82040CC7A42EA04129246ADF816
:1009F000222000F03E810022B3F5800FADF82620C2
:100A000000F03D81B3F1401FADF8242064D0B3F570
:100A1000000F40F03981FF230A9361E0B1F8013003
:100A200040F2FF140025426CC0E9524593424FF05A
:100A300000044FF00005C0E9544505D0012243648D
:100A400080F8412080F84220CA78C46EA24208D0C3
:100A50004FF400740025C2660122C0E9544580F8B5
:100A60004120A3F50043914E00224FF0010EB3FA4E
:100A700083F35B09C0E9183316F8013B01EB420C24
:100A8000013200EB8304BCF804500EFA03F3A76CA8
:100A9000AF420DD0A564D0F8504180F841E01C432E
:100AA000C0F85041D0F8544144EAE374C0F85441CE
:100AB000042AE1D1012380F8423000200EB0BDE8C5
:100AC000F087A3F500420024B2FA82F280F83940A0
:100AD0005209D203C2635BE74FF0FF130A920993F6
:100AE000B1F90D30826E934208D0836601234FF432
:100AF000807280F841300023C0E95423B1F90F30EF
:100B0000C26E934209D0C366D0F8503143F40073EB
:100B1000C0F85031012380F84130B1F91130026F33
:100B2000934209D00367D0F8503143F48063C0F892
:100B30005031012380F84130B1F91330426F9342B4
:100B400009D04367D0F8503143F40063C0F8503106
:100B5000012380F84130B1F91530826F934209D0FA
:100B60008367D0F8503143F48053C0F850310123EB
:100B700080F84130B1F91730C26F934209D0C36792
:100B8000D0F8503143F40053C0F85031012380F8BD
:100B900041308B78D0F880201909B2EB131F0AD0AE
:100BA000D0F85031C0F8801043F48043C0F8503181
:100BB000012380F841300DF11A0C00F1440200F1DC
:100BC000640400214FF0010E52F8046F0EFA01F593
:100BD0003CF8023F0131B3420DD01360D0F85031E0
:100BE00080F841E02B43C0F85031D0F8543143EA4B
:100BF000E575C0F85451A242E6D101243B4606AA4D
:100C000005A9CDF8008001940390FFF72FFC9DED1E
:100C1000057A4B46DDED067A06AAB8FE477ABDEEA8
:100C2000C77AF8FE677AFDEEE77A0398CDF800A060
:100C3000019480ED127AC0ED137AFFF717FC9DED59
:100C4000057ADDED067A0023B8FE477ABDEEC77A55
:100C5000F8FE677AFDEEE77A039880F8424080F864
:100C6000383080ED147AC0ED157A00200EB0BDE862
:100C7000F0874FF480320023CDE9092330E70123C8
:100C80000A92ADF824302BE7802BADF8282003D151
:100C9000FF23ADF82A3023E7B3F1801F03D14FF0D3
:100CA000FF130A931CE7ADF82A2019E75C1C00200B
:100CB00030B5CC6A83B023781BB1012B80F840306B
:100CC00005D090F82C3091F83020072B02D000206E
:100CD00003B030BD0023214601920546FFF710FA0C
:100CE000019A08B10120F3E721462846FFF72EFEBE
:100CF000F8E700BF2DE9F04F83B00D469646044655
:100D00000B7800AF012B80F8403000F0C080112B31
:100D1000164609D090F82C30072B00F005810020F2
:100D20000C37BD46BDE8F08F002200236946C7F8A6
:100D300000D0C0E95223C0E95423731DAEF1020272
:100D4000DB08002AA1EBC3039D46E84603DDA91C8E
:100D5000684604F0C9FB98F8051098F807200B09BD
:100D600098F8065002F0010201F00F0088F80530F3
:100D700043EA051388F8072043EA02330A0788F894
:100D80000A0003D4C64A52F820201343626C9A42E8
:100D900003D00122636484F842202722002304F157
:100DA000440104F1500C4646C4E9522301230022B9
:100DB00051F8040F16F8015FA8420AD0D4F8500188
:100DC0001843C4F85001D4F854011043C4F8540136
:100DD0000D60DB1852418C45EAD198F80420E36D90
:100DE000934206D0D4F85031E26543F02003C4F8B2
:100DF000503198F80820636D934206D0D4F85031F2
:100E0000626543F00803C4F8503198F80920A36DD7
:100E1000934206D0D4F85031A26543F01003C4F8D1
:100E200050314FF0000E08F1050C04F1600104F59B
:100E3000A4794FF027080123724651F804AB4EEA1B
:100E400002051CF8010F48EA0306AE467D605045D6
:100E5000B0460BD0D4F8505145EA030AD4F85451A7
:100E600045EA020BC4E954AB41F8040CDB185241CB
:100E70004945E2D17A680123C4F84861C4F84C219D
:100E800084F8423084F86C31D7F800D047E7BEF1DF
:100E9000400F90F82C20F44628BF4FF0400C012A58
:100EA0004DD0052A00F0BF80032A00F0FB8000200F
:100EB0000021C4E95201BEF1000F00F038814FF06B
:100EC000000E013D04F14408F14671467246D4E932
:100ED000540643EA0E0E42EA090958F804AF0131FC
:100EE000C4E952E915F801BF89B2D34507D01843C8
:100EF0001643C4E9540695F800A0C8F800A0DB1812
:100F000052418C45E5D8D4E9563203403240134370
:100F100002D0012384F84230012384F86C3101208F
:100F20000C37BD46BDE8F08F0023FFF7CFF900284E
:100F3000F5D1324629462046FFF708FDEFE609794C
:100F40006B8843EA0143416C994202D0436480F8C4
:100F500042202722002304F1440105F1050804F191
:100F60005009C4E95223D4E954060123002218F899
:100F700001AF51F804BFD34507D018431643C4E965
:100F8000540698F800A0C1F800A0DB18524149456A
:100F9000EDD16A7AE36D934205D040F02000C4F8A9
:100FA00050016B7AE365AA7C636D934205D040F0F3
:100FB0000800C4F85001AB7C6365EA7CA36D9342E2
:100FC00005D040F01000C4F85001EB7CA365BEF1E1
:100FD0000A0F98D909354FF0000804F16C0A4FF058
:100FE0002709AE464FF48061434641EA090943EAC6
:100FF00008085AF8042FC4E952981EF801BF934517
:1010000007D008431E43C4E954069EF80020CAF8DE
:1010100000200EF10A024918A2EB05025B4192B2D0
:101020006245E2D36FE7C978B5F8012042EA014290
:10103000416C914202D0426480F842300022002389
:10104000BEF1050FC4E9522371D94FF000080435F1
:1010500004F1440A4FF48063AE46C1464246D4E9E7
:10106000540643EA080842EA09095AF8041FC4E989
:1010700052891EF801BF8B4507D018431643C4E9B7
:1010800054069EF80010CAF800100EF10501DB1896
:10109000A1EB0501524189B28C45E2D833E700BF8C
:1010A000601C00204FF03F084FF00009416CC0E980
:1010B00052894FF000084FF00009C0E95489D5F873
:1010C0000D208A4204D0426480F8413080F84230DA
:1010D000DFF860C000224FF0010E05EB4203032A47
:1010E00002F10102B3F901101CF8013B98BF89B26B
:1010F00004EB83060EFA03F388BF09B2B06C884292
:101100000DD0B164D4F85001D4F85461184384F878
:1011100041E046EAE373C4F85001C4F85431062AAA
:10112000DBD10123D4E9540684F84230EBE6D4E95C
:101130005406E8E6801C0020A0F11800FFF7DABD95
:1011400030B5CC6A83B023781BB1012B80F83430E2
:1011500005D090F8203091F83020072B02D00020E5
:1011600003B030BD0C380023214601920546FEF73E
:10117000C7FF019A08B10120F2E721462846FFF790
:10118000E5FBF8E7074A084B106BB2F834C0918FC3
:10119000C3F80600906BA3F80AC0D982C3F8120006
:1011A000704700BF800900209C81002010B4019C82
:1011B000C1660221C0E91C2301220023C0E91E41AF
:1011C00080F8822080F8833010BC704703685B6928
:1011D000184700BF03689B69184700BF002383615D
:1011E000704700BF704700BF704700BF08460F221E
:1011F000034908B507F086FC003818BF012008BD78
:10120000100E0020D0F81CC08C4504D0BCF1000F9B
:1012100001D00020704730B5846883B014B100203D
:1012200003B030BD02F4706CBCF5A06FF7D19C46E2
:1012300014460B460546BCF1000F07D001910F2262
:1012400060460C4907F05EFC019B80B162060CD53C
:10125000012283F83820069A012A06D19A680220D2
:10126000C5E90623C5F89020DAE70120D8E7A86190
:10127000D5E700BF100E002090F88030013BDBB2B4
:1012800080F8803023B98360C0F8943080F88130D2
:10129000704700BF826812B1002210467047D0F834
:1012A0001CC0BCF1000F01D08C45F6D1094A934215
:1012B00005D0094A934202D0084A9342ECD190F8F3
:1012C00080300122C161134480F880308B688361D3
:1012D000104670478000010001000C00060001006C
:1012E00030B5846885B024B1944202D0002005B0A6
:1012F00030BD15460446F9B191F83120022AF5D0E7
:1013000091F8300001281BD0164A93421AD0164A91
:10131000934206D01548181AB0FA80F04009002808
:10132000E5D0C4F8981094F880300120A5600344FB
:1013300084F8803005B030BD0A4A9342E7D1F2E725
:10134000012AE1D1D4F89430002BECD1C4F89410E8
:1013500008460A2221210093CDE90133FCF746FB20
:10136000E1E700BF0600010001000C008000010061
:1013700030B504680B4DD4F810E0039CAE450CD199
:10138000C1660221C0E91C230122002380F88220CB
:1013900080F88330C0E91E4130BDF4460394BDE8B7
:1013A0003040604791F00000704700BF704700BFB9
:1013B0000023C360704700BF0368094ADB6993429A
:1013C0000DD190F88030013BDBB280F880302BB932
:1013D0008360C0F8943080F88130704770471847B8
:1013E0005DF1000008460F22034908B507F08AFBAB
:1013F000003818BF012008BD100E002050F80C3C2A
:101400000C389B69184700BF50F80C3C0A4ADB694E
:1014100093420ED190F87430013BDBB280F8743007
:1014200033B940F8043CC0F8883080F87530704714
:1014300070470C38184700BF5DF1000050F80C3CB5
:101440000C385B69184700BF844650F80C0C30B567
:10145000D0F810E00C4C0398A6450DD1CCF86010E4
:101460000221CCE91923012200238CF876208CF884
:101470007730CCE91B0130BD0390ACF10C00F44691
:10148000BDE83040604700BF91F0000050F8042CE8
:1014900012B1002210467047D0F810C0614502D04A
:1014A000BCF1000FF6D10A4A934205D0094A934293
:1014B00002D0094A9342ECD190F8743001220161C4
:1014C000134480F874308B68C3601046704700BFC7
:1014D0008000010001000C0006000100D0F810C0DF
:1014E000614504D0BCF1000F01D00020704730B539
:1014F00050F8044C83B014B1002003B030BD02F4A6
:10150000706CBCF5A06FF7D19C4614460B4605469F
:10151000BCF1000F07D001910F2260460B4907F084
:10152000F1FA019B80B162060CD5012283F83820C4
:10153000069A012A06D19A680220C5E90323C5F854
:101540008420DAE70120D8E7E860D5E7100E002014
:1015500000B583B00190FCF75BFA01980C3003B042
:101560005DF804EBFAF758BC704700BF10B50C46A5
:1015700051060CD50023DFF8A4E003EB430C013344
:101580001EF80C10F44491422ED0102BF5D10023FC
:10159000DFF88CE001E0192B08D01EF813C00EEB29
:1015A000430101339445F6D1487810BD51062BD440
:1015B00090F8603014F0220F174818BF42F0400234
:1015C0009B074FF0000348BF82F0400202E0013366
:1015D000602B19D0017801309142F8D114F0110F2D
:1015E00014D003F01F0010BD90F86030DB0708D462
:1015F0009CF901209CF80130002A0ADA03F07F02EE
:10160000C5E79CF8020010BD002010BD203398B241
:1016100010BD184610BD00BF8C210020041300200F
:101620006812002010B50446D0F8940086B078B156
:10163000012260344FF0000C4FF400732121CDF8EB
:1016400000C0CDE901240922FCF7D0F906B010BD95
:10165000D4F89030002BF9D094F860304FF4D17268
:101660000120ADF814208DF8163003F08DFB6FF0DB
:101670000103032205A9D4F89000FAF705FC06B08F
:1016800010BD00BF532A80F85E1080F85F201CD088
:10169000392A0FD0472A2DD000B583B00190FFF72B
:1016A00065FF019B5A6AA3F85C009AB303B05DF82A
:1016B00004EB104790F86010C1F34002944682F0AA
:1016C0000102D2B294450FD1704790F86020D14307
:1016D00002F0010C01F001018C45F5D061F300022C
:1016E00080F86020FFF79EBF62F3410180F8601030
:1016F000FFF798BF90F86010C1F38002944682F023
:101700000102D2B29445DFD062F3820180F860100A
:10171000FFF788BFFFF728FF03B000BD464BCB188B
:10172000072B70B5044682B036D9A1F5E023732BA0
:1017300002D9002002B070BD90F88130002B55D046
:1017400001F007030120CDB2C1F3C4019840631832
:10175000064693F84C100140002A53D0002932D19C
:101760002A4694F85E10204684F85F500193FFF7F4
:10177000FDFE226AA4F85C00002A59D09047019B24
:10178000A26A1AB1284601939047019B93F84C2016
:10179000324383F84C2016E001F00701012390F852
:1017A0005EC08B4003EA0C0082B960B1E26A32B1DC
:1017B00001F167000193904794F85EC0019B2CEA09
:1017C000030C84F85EC0012002B070BD0028FAD17D
:1017D000A26A32B101F167000193904794F85EC0AC
:1017E000019B43EA0C0384F85E30ECE7036F9B0730
:1017F000A6D4C36F072BE6D85A1C0344C26783F8EC
:101800003C10E0E70029DED02A4694F85E1020461E
:101810000193FFF737FFE26A019B12B12846904718
:10182000019B93F84C2022EA060283F84C20CAE779
:10183000FFF79AFE019BA3E720FFF8FFDFF820C126
:1018400001EA0C0CBCF17F4F50D0454B70B5D0F87D
:101850006CE082B0044616460EEA03030D46B3F56B
:10186000803F3ED0BEF5402F02D13E4B9D4254D02A
:10187000AAB2002A38D0012394F8851084F8833066
:10188000002963D004F18400002304E001335FFAEF
:1018900083FC61452BD930F802CF6245F6D11EBBDF
:1018A000A26EDEB232B1A9B270460193904794F8AD
:1018B0008510019B481EC0B2B04284F8850013D940
:1018C0008A1B03F144014333023A04EB410104EB68
:1018D0004300D2B20132520002B0BDE8704007F0BE
:1018E0003BB8FFF71BFFA8B102B070BD7047002ED8
:1018F000FAD0636E23B1A9B27046984794F8851068
:101900000329F1D84B1C04EB410184F88530A1F880
:101910008650E9E7D4F86CE0A4E7D4E91D32D21A86
:10192000002A19D0A6EB03034FF064001146B8BF9C
:10193000511C00FB03F303EB610303FB02F10029DD
:1019400093FBF2F30ADB84F88430CDE7002ECBD092
:10195000636E002BCFD1D5E73223F4E7013BF2E7EA
:101960000000FFFF200006002DE9F84304460E4664
:10197000904600F1450700F14B0917F8015F032D70
:101980001BD9B378AB4218D0F378AB4215D033797A
:10199000AB4212D073792A462046AB420DD0B379C0
:1019A000AB420AD0F379AB4207D094F84410FFF76A
:1019B00069FEE36A284603B19847B945DDD1B8F11D
:1019C000000F14D0E36A93B10025012707FA05F34D
:1019D00094F84420134207D0327805F1670013428F
:1019E000C0B201D1E36A98470135082DEED1771CCA
:1019F00006F1070917F8015F032D29D994F846303D
:101A0000AB4225D094F84730AB4221D094F848300F
:101A1000AB421DD094F84930AB4219D094F84A300B
:101A2000AB4215D094F84B30AB4211D031782A46F6
:101A3000204684F85F5084F85E10FFF797FD236A14
:101A4000A4F85C0023B39847A36A0BB128469847D3
:101A5000B945CFD1B8F1000F14D0A36A93B10025D6
:101A6000012707FA05F394F84420134207D132788E
:101A700005F167001342C0B201D0A36A984701354F
:101A8000082DEED1326873686264A364BDE8F88300
:101A9000FFF76AFDD8E700BF10B5D0F8942082B0F8
:101AA000CC6B944202D0002002B010BD0A6B082A11
:101AB000F9D10122C96A0190FFF756FF0122019B6B
:101AC000104683F88120EFE790F882301BB390F83E
:101AD000813010B50446FBB194F88330BBB9A26ED7
:101AE00092B194F885300BB90EE0A26E013BE06E26
:101AF000DBB204EB430184F88530B1F886109047DF
:101B000094F88530002BF0D1002384F88530002331
:101B100084F8823010BD7047026F12F00202DBD1F0
:101B2000C36F022BD8D900F13C01FFF71DFFEEE790
:101B3000012380F881300A789A4201D00020704752
:101B400000B583B019440192FFF70EFF019803B06E
:101B500000BD00BF012380F875300A789A4201D099
:101B60000020704700B583B019440C380192FFF78C
:101B7000FBFE019803B000BDDFF850C00E490F4ACC
:101B80000F4B104810B4DCF80040CCF80020146073
:101B9000D1F800C00C4A04680A601946C2F800C0B7
:101BA0001A4603F1400C1C601B6442F880CF41F8D8
:101BB000C02F016010BC7047B88600208C860020C2
:101BC000E0400020E087002080400020D0860020F8
:101BD000024B186808B102681A607047D08600206E
:101BE000024B1A6818600260704700BFD086002060
:101BF000024B186808B102681A607047B886002066
:101C0000024B1A6818600260704700BFB886002057
:101C1000024B186808B102681A607047E08700201C
:101C2000024B1A6818600260704700BFE08700200E
:101C3000034B186818B101680022196002607047F0
:101C4000D4860020024B1A6818600260704700BFFB
:101C5000D486002001EB810100EBC10188420DD246
:101C6000DFF81CC0DCF8002000E01846034643F80B
:101C7000282B99420246F8D8CCF80000704700BFE4
:101C8000D086002001EB410100EB411188420DD2CA
:101C9000DFF81CC0DCF8002000E01846034643F8DB
:101CA000602B99420246F8D8CCF80000704700BF7C
:101CB000B886002000EB811C604511D2024610B5A9
:101CC000084C4FEA811E2168134643F8401B9C458F
:101CD00011461A46F8D8AEF140010844206010BD04
:101CE000704700BFE0870020352303FB01018842D5
:101CF0000DD2DFF81CC0DCF8002000E018460346D7
:101D000043F8352B99420246F8D8CCF800007047CA
:101D1000D486002090F82430013BDBB280F82430D8
:101D200003B98360704700BF012380F826307047F5
:101D30004FEA114C8BB2BCF1090F0FD173B1082BD4
:101D400012D8013B4FF0010C90F827100CFA03F366
:101D500022BB21EA030180F827107047BCF1010F74
:101D600003D0144B99421DD07047303B082BFBD851
:101D700001A151F823F000BF95FC000091FC000088
:101D800089FC00004DFC00004DFC00004DFC0000F3
:101D90004DFC00004DFC00008DFC0000194380F854
:101DA000271070474263704702637047C2627047F2
:101DB0008262704738020C0090F826302BB1012265
:101DC000002380F8252080F82630704700238361A7
:101DD000704700BF0368DFF810C05B69634501D13D
:101DE000FFF7A6BF184700BF15FC0000A3F10113C1
:101DF0000146012B03D883681BB19A4201D0002011
:101E0000704791F8243001208A60034481F824301F
:101E1000704700BF034612B10878022801D00020A5
:101E200070474878042A83F8270091F902009862E5
:101E300091F90300D86207D991F90400052A1863C3
:101E400002D091F905205A630122104683F825201B
:101E5000704700BF70B504460D4612481646124939
:101E600002F020FCE3691BB1AB4201D0002070BD41
:101E7000A0680028FAD106F47063B3F5A06FF6D11C
:101E8000330602D5049B012B01D0012070BD074908
:101E9000044802F007FCAB6802202362C4E906355F
:101EA00070BD00BFF0290020240F00205C0F00202F
:101EB00070B50E4682B011461D46044602463346B2
:101EC0000E48CDE900150E4902F0ECFBA06810B1F8
:101ED000002002B070BDE3690BB1B342F9D1A5F1A6
:101EE0000115012DF4D80749044802F0DBFBB36863
:101EF0000120C4E9063602B070BD00BFF029002001
:101F0000840F0020CC0F002030B50568064CD5F8B2
:101F100010E0A64503D1012380F8263030BDF446F9
:101F2000BDE83040604700BF0DFC00000023C360E7
:101F3000704700BF0268084992698A420AD190F846
:101F4000262032B10121002280F8251080F82620B9
:101F500070477047104700BF9DFC00000368074AA8
:101F6000DB69934209D190F82430013BDBB280F861
:101F700024300BB98360704770471847F9FB0000A5
:101F800050F80C2C034607490C3892698A4207D155
:101F90009A7E22B10121002259769A7670477047C5
:101FA000104700BF9DFC000050F80C3C074ADB695D
:101FB000934208D1037E013BDBB2037613B940F8AC
:101FC000043C704770470C38184700BFF9FB00000D
:101FD000034612B10878022801D0002070474878E3
:101FE000042AD87691F90200D86191F903001862A9
:101FF00007D991F90400052A586202D091F9052009
:102000009A62012210465A76704700BF50F80C3C85
:102010000C385B69184700BF844650F80C0C10B5AB
:10202000D0F810E00648864503D101238CF81A3019
:1020300010BDACF10C00F446BDE81040604700BF95
:102040000DFC000070B50E4682B011461D460446D8
:10205000A0F10C0233460F48CDE900150E4902F0FD
:1020600021FB54F8040C10B1002002B070BD2369AC
:102070000BB19E42F9D1A5F10115012DF4D8074904
:10208000044802F00FFBB3680120C4E9033602B034
:1020900070BD00BFF0290020840F0020CC0F00206D
:1020A00070B504460D4612481646124902F0FAFA77
:1020B00023699D4202D00BB1002070BD54F8040C7E
:1020C0000028F9D106F47063B3F5A06FF5D133069B
:1020D00002D5049B012B01D0012070BD06490448A4
:1020E00002F0E0FAAB6802206361C4E9033570BD19
:1020F000F0290020240F00205C0F002000B583B0E1
:102100000190FBF785FC01980C3003B05DF804EBFF
:10211000F9F782BE002380F8253080F82730C0E927
:102120000A33C0E90C33704710B483B00B46CDE9D5
:102130000012C27C002A30D072B6C27CD40708D507
:102140004FF0E02C4469DCF8801121408162CCF82A
:102150008011910708D54FF0E02C8469DCF88411D8
:102160002140C162CCF88411540708D54FF0E02C0F
:10217000C469DCF8881121400163CCF8881111078B
:1021800008D54FF0E02C046ADCF88C112140416343
:10219000CCF88C11D2063AD462B68268934240D011
:1021A000234A836092692349C2F3011CC2F382620D
:1021B00051F82CC00132BCFBF2F103B38B4232D890
:1021C000B1FBF3F2B1FBF2F18B422ED3B2F5817F7A
:1021D0001BD2022A27D9023A530803EB032342EA0F
:1021E0000323C360026803210020106151620121B2
:1021F0001364019B1366116103B010BC70479445D2
:10220000EFD34A1CB2F5817FE3D30B4BE9E74FF0E4
:10221000E021446AD1F8902122408263C1F89021E4
:10222000BAE7C368DEE70023DBE71146E9E700BF52
:1022300000C00F40881C0020FF7F7F0090F81CC06A
:102240004160BCF1020FC26001D18368184702F0FF
:102250001DB900BF304B314910B5D3E9114E9EF87E
:102260000400C8771A6C94F804C081F81CC0087781
:1022700052B1B2F5004F23D329495118274A1964A6
:10228000D07682F81BC010BD19680F24D86C8C65FD
:1022900040F20134CA610C614FF47C544C6103215B
:1022A0000468246883F83D101E4B9C4220D1037FB4
:1022B0004260022BC26020D18368BDE810401847FD
:1022C0002468E18B090421D4E283DEF80010B4F81D
:1022D0001EE0A4F816E0CC8B240412D4CA83CA8B67
:1022E000CA8200210D4A1964D07682F81BC010BD45
:1022F00023461146BDE810401847BDE8104002F0E3
:10230000C5B8CC8B62F30804CC83E8E7E18B62F3B9
:102310000801E183D9E700BF5029002000800E406A
:102320000180FFFF21010100304B314910B5D3E995
:10233000114E9EF80400C8771A6C94F804C081F816
:102340001CC0087752B1B2F5004F23D32949511868
:10235000274A1964D07682F81BC010BD19680F2473
:10236000D86C8C6540F20134CA610C614FF47C5426
:102370004C6103210468246883F83D101E4B9C4285
:1023800020D1037F4260022BC26020D18368BDE868
:10239000104018472468E18B090421D4E283DEF859
:1023A0000010B4F81EE0A4F816E0CC8B240412D47C
:1023B000CA83CA8BCA8200210D4A1964D07682F87A
:1023C0001BC010BD23461146BDE810401847BDE8AC
:1023D000104002F05BB8CC8B62F30804CC83E8E7D2
:1023E000E18B62F30801E183D9E700BF00290020F7
:1023F00000800E400180FFFF2101010043682DE9AC
:10240000F04FD3E90041814D4FF0B80922684FF0F9
:102410000F0B22EA01027E492260AA6911407D4A1F
:102420000A43AA6190F810E07B4A03EB0E0603EB27
:102430008E0E317C02EB01118968C1F8009090F892
:1024400011C003EB0C050CF10A0C95F8241002EBFB
:1024500001118968C1F80090817C03EB010803EB4E
:10246000810198F838A002EB0A1ADAF808A0CAF835
:102470000090D4F800905F6849EA0709C4F800901A
:10248000347CDEF814E002EB04146468C4F800E065
:1024900095F8244053F82CC002EB04146468C4F887
:1024A00000C098F83840C96B02EB04125268116002
:1024B0009A6C98F8441011601A6A317F5B6B116056
:1024C00095F830201A60022203681A61C3F858B0E8
:1024D000C27C002A32D072B6C37CDD0708D54FF02B
:1024E000E0214469D1F8802122408262C1F8802134
:1024F0009C0708D54FF0E0218469D1F8842122405F
:10250000C262C1F88421590708D54FF0E021C4699F
:10251000D1F8882122400263C1F888211A0708D522
:102520004FF0E021046AD1F88C2122404263C1F8C7
:102530008C21DF065CD462B6C27C0368374D8168AB
:10254000A9425FD0314985608969354CC1F30117D3
:10255000C1F38261334E54F827400131B4FBF1F4EA
:10256000B44230D80021C16000241C6103245C62A5
:102570000724196401211C66196112B3D60704D51A
:10258000816A4FF0E023C3F80011950704D5C16AB2
:102590004FF0E023C3F80411540704D5016B4FF04A
:1025A000E023C3F80811110704D5416B4FF0E02375
:1025B000C3F80C11D30604D5826B4FF0E023C3F8A7
:1025C0001021BDE8F08F1849A1FB0461090DB4FB8F
:1025D000F1F4AC4288BF0131B1F5817F14D20229F8
:1025E000C0D902394C0804EB042441EA0421BAE7BB
:1025F0004FF0E022416AD2F890310B408363C2F879
:10260000903198E7C168AFE70849ACE700C00F40D8
:10261000CFFFFFE3100000081C1E002000093D0052
:10262000881C0020FF083D0083DE1B43FF7F7F00E6
:10263000704700BFD0F800C000B5DCF810E0F446E9
:102640005DF804EB604700BF00B5D0F800C0BDF8EE
:1026500004E0CDF804E0DCF838E0F4465DF804EB83
:10266000604700BF00B5D0F800C0BDF804E0CDF869
:1026700004E0DCF83CE0F4465DF804EB604700BFA2
:10268000704700BF01F0030CC907B0F90820B0F98A
:102690000A3080F81AC002D48281C381704719467B
:1026A00013460A46C3818281704700BF2DE9F0417D
:1026B0001C4686B08646D0F800C0A142BDF9305015
:1026C000BDF8343026D0AA4215D0DCF8146080461C
:1026D000234FBE423AD14046CDE900532346DCF8B1
:1026E0002840A047D8F800301D4ADB6A934228D121
:1026F00006B0BDE8F081A1421FDD01310C93DCF88A
:102700003C5070460B1B2146AC461BB206B0BDE8E0
:10271000F0416047AA420CDD0C93531CDCF83840B2
:102720002A465B1B7046A4461BB206B0BDE8F041CA
:102730006047284615460246EEE720460C4601460D
:10274000DBE7404606B0BDE8F0411847CDE9042379
:102750000391B047D8F800C00399DDE90423BAE734
:1027600015050100D0F800C0F0B5134D87B0DCF8B6
:1027700014600446BDF83070AE420ED1013B0197A3
:10278000009220460B44DCF828601BB2B047236857
:10279000DB6AAB420BD107B0F0BDCDE90423039156
:1027A000B047D4F800C00399DDE90423E6E72046EA
:1027B00007B0BDE8F040184715050100D0F800C08B
:1027C000F0B5144D87B0DCF814600446BDF83070E5
:1027D000AE420FD1013B0197204613441BB2009338
:1027E0000B46DCF82860B0472368DB6AAB420BD1AC
:1027F00007B0F0BDCDE904230391B047D4F800C081
:102800000399DDE90423E5E7204607B0BDE8F04081
:10281000184700BF15050100D0F800C02DE9F04FA2
:1028200090469B46DCF8142083B01E4B05460C46B0
:10283000BDF930709A42BDF8349029D1A344A34524
:102840001EDDDFF864A00AE00134CDF80090DCF86A
:10285000386024B2B047D5F800C05C4510DADCF827
:1028600020603B464246214656452846ECD001347E
:10287000CDF80090B047D5F800C024B25C45EEDB3F
:10288000DCF82C30074A934206D103B0BDE8F08F44
:102890009047D5F800C0D1E7284603B0BDE8F04F17
:1028A000184700BF150501002D0501000268B0F9A9
:1028B0000C30B0F90EC010B5146C82B0094A9442C5
:1028C00007D10022CDE900C11146FFF7A5FF02B0F4
:1028D00010BD00220191CDF800C01146A04702B002
:1028E00010BD00BFFD06010030B50468094DD4F8E5
:1028F00040E0BDF90CC0BDF81040AE45CDE903C4C1
:1029000003D1BDE83040FFF787BFF446BDE8304053
:10291000604700BFFD0601002DE9F04F1D4603682A
:10292000884616462C4983B05A690446BDF9309052
:102930008A42BDF8347041D1D3F824B03246DFF872
:102940009CA0414600972046D34508BFD3F83CB031
:102950002B46D847236809F1FF32D3F824B032441C
:102960000097D34512B231D1D3F83CA041462B4653
:102970002046D04723683246DFF864A04146D3F8AA
:1029800020B020460097D34508BFD3F838B04B4657
:10299000D8472268691E4B46156A20464144009775
:1029A000554509B208BF956B3246A84723680A4AC5
:1029B000DB6A934205D103B0BDE8F08F90472368EE
:1029C000BAE7204603B0BDE8F04F18472B46414612
:1029D0002046D847CEE700BF150501004905010094
:1029E0002D0501002DE9F04F85B091468046581A1B
:1029F000BDF938401D46BDF83CB0A21A002AB8BF48
:102A000052420028B8BF4042824263DCA4464E4690
:102A1000A2464F461C46894665463146A1454EDDD5
:102A2000A942D4BF4FF0FF330123A9EB040CA7EB5D
:102A30000A0A0FFA8CF6002EB8BF0136BAF1000F61
:102A40004FEA6606B8BFCAF1000ACDE90020CDE919
:102A5000023C15E0224A944528D10F6922462946B6
:102A60004046B847A6EB0A030134029A1EB2AA18E0
:102A700024B2002E02DA15B2039AD6184C4512DCA5
:102A8000D8F800105B462A46D1F818C0DDE90007E7
:102A9000B842DFDC124B9C455B460CD10F694046C7
:102AA0002146B847DEE705B0BDE8F08F224629464B
:102AB0004046E047D6E721464046E047D2E7264673
:102AC000A9423D464C465746B146AA460D4604DA51
:102AD0000123AAE79A460F46A0E74FF0FF33A4E789
:102AE00019050100002361F30F03002162F31F4366
:102AF0004FF0FF324160016101770162C0E90233AA
:102B0000024BC0E90523024B03607047010100013D
:102B1000501800202DE9F04F8FB0BDF868509DF897
:102B200060C006951D1EBDF964406ADDC5F1010354
:102B300096460027621C1BB282469146F3460393D9
:102B4000C5EBC5337E1C08915B000A920295059384
:102B50000CF00103CDF824C00793039BCDF82CE0C3
:102B6000002B4ADB059A37B20232134405927200F9
:102B7000013213441BB20393029B5C1E24B2BC427D
:102B800047DA099B03F002030493079BABB1DDF81E
:102B90002080029B0FFA8BF2DAF8000098444F4B2A
:102BA000066A0FFA88F19E4240F08280069B0093ED
:102BB0000FFA89F3866B5046B047049B93B1089B8C
:102BC000029A46489D1A0FFA8BF20FFA89F329B23E
:102BD000DAF800502E6A864206980090504608BFE8
:102BE000AE6BB047BC420BF1FF3B09F10209029406
:102BF00007DD039B7E1C002BB4DA37B2029CBC427B
:102C000002DA0FB0BDE8F08F03EB460301331BB2CD
:102C10000393099B079A03F00203049312BB002B52
:102C2000E0D00B9BDDF820801A1B0A9B03EB4403CA
:102C300012B21BB2A8EB0606DAF80000274935B23B
:102C4000066A8E423BD1069900912946866B504612
:102C5000B047029B9C42C5D0079B002BAFD00223FC
:102C6000049396E7DDF820800B9B08EB0601DAF869
:102C700000501A1B19480FFA81FC0A9B296A12B2EC
:102C800003EB440381421BB21DD1069900916146BA
:102C9000A86BCDE90C2305465046A847DDE90C2377
:102CA00004990029C6D1029B9C427FF472AF99E738
:102CB00006980FFA89F300905046B0477DE70698D2
:102CC00029460090C3E706980D466146009050469D
:102CD000CDE90C23A847DDE90C23E1E72D05010030
:102CE000D0F800C02DE9F0431D461C4EDCF814302E
:102CF00087B004461746B342BDF8388023D1DCF8CC
:102D000020906B0016487A1B0133CDF80080814576
:102D100012B21BB2204608BFDCF838900591C847B4
:102D20002B460320002505993A46CDF80880CDE9C9
:102D300000052046FFF7EEFE2368DB6AB34208D1A8
:102D400007B0BDE8F08305919847D4F800C0059915
:102D5000D5E7204607B0BDE8F04318471505010048
:102D60002D0501002DE9F04F93B082460291BDF888
:102D700070100D9203919DF87810026A08919DF8E9
:102D80007C10BDF874900591002A00F0B980117A8A
:102D90005B1A0599D2E900B0DBB2089A114300EB47
:102DA000C30230F8337092F802800129D37892F987
:102DB000050092F906200E9309900F9256D8002331
:102DC000A24E10930A93DAF800305A69B24255D1F4
:102DD0000E9A002A00F08380B8F1000F7FD0089986
:102DE0001A46059800254FF000090023012908BF65
:102DF000012811960CBF01210021049110991E4653
:102E00000D98059C494401FB0401002409B2079177
:102E10000F994118494409B2CDE90B93069105E099
:102E200001346D00E4B2EDB2A0454CD916F0070FA5
:102E300006F1010603D17B1C1BF807509FB22B063D
:102E4000EED5049BFBB1029B50460999D2F818902D
:102E500059187F4B21449945039B08BFD2F8109025
:102E600009B2069AC847DAF80020D9E7DAF8003044
:102E7000764E10925A690A90B242A9D050469047B5
:102E8000DAF80030A4E70A9B02981919089BD2F8D7
:102E90001C9001FB03010FFA83FC6E4B09B2BDF9D4
:102EA0001400994522D1D2F840906B4B039A994572
:102EB000009001926346079A50461DD1FFF7ACFC83
:102EC000DAF80020ACE7DDE90B930E9909F1010C6B
:102ED00043445FFA8CF9894590D31346119EDB6A0F
:102EE000B34240F0058113B0BDE8F08F039A63460A
:102EF000009050460192079AC847DAF800208FE701
:102F0000B0F90C2002998A42EDDDB0F90E200D9C3B
:102F1000A242E8DD4FF00602089D15FB0212002ACE
:102F2000E1DD059A04EBC202002ADCDD027F474E98
:102F300082F00102AF2B94BF002202F001021A447A
:102F40000368D4B25A69B24240F00B81029F04EB8D
:102F50008404089D7A1D4149BC46BE4690B2059A3C
:102F60002144CDF81890012D08BF012AD146039FB6
:102F70008A460CBF4FF0010B4FF0000BDDF8348098
:102F8000CDF810B093460C900E961AF8016B0FFA1C
:102F90008EF2082400250992CDF81CC0CDE90AEA7A
:102FA0001AE00499002934D0D3F818A018FA85F251
:102FB000274812B2BDF91C108245484608BFD3F815
:102FC00010A03B46D047D9F80030013C01357608C7
:102FD00014F0FF046DB260D0F207E2D40698874285
:102FE000F3D0049900293BD018FA85F2D3F818A041
:102FF000BDF91C100FFA82FC154A924540F08F80F3
:10300000D3F810A0624603464846D047D9F80030AE
:10301000DBE71BFB0582D3F81CA0BDF920100FFADB
:103020008BF00FFA82FC0B4A924566D1D3F840A090
:103030006246094B009048469A4501970B4609990C
:1030400027D1FFF7E9FBD9F80030BEE715050100ED
:1030500019050100CD070100FD0601003C13002009
:103060001BFB0582D3F81CA0BDF920100FFA8BF0D2
:103070000FFA82FC414A924549D1D3F840A06246FA
:103080003F4B009048469A450B4606990191099995
:10309000D7D0D047D9F8003097E7DDF81CC0089AA0
:1030A0000CF1010CDDE90AEA1FFA8CFC96440C9A3B
:1030B00062457FF46AAFCA46039ADDF81890DDF8DE
:1030C00010B04A450E9E3FF40AAFBBF1000F2DD061
:1030D0001C6A50462B4ACDF800909442BDF930103E
:1030E0000D9A08BF9C6B0823A047DAF80030F6E67B
:1030F000504613B0BDE8F04F18470B4600906246AB
:10310000099948460197D047D9F800305DE70B464A
:10311000069900906246019148460999B9E7069BD5
:1031200062464846D047D9F800304EE70899059ADC
:103130000298D500DC6901EB8102821808B211B255
:103140000E4A944211D11C6C0D4B0D9A9C420346C1
:103150005046CDE900590DD1FFF75EFBDAF800309B
:10316000BDE69047DAF80030F0E603460D9A504687
:10317000CDE90059A047DAF80030B0E6CD070100EC
:10318000FD0601002D050100036AF0B587B0002B94
:1031900055D00A2946D00D294ED01A7A91424BD3E8
:1031A00093F80AC08C4547D38A1A5C68D2B204EB04
:1031B000C204E27894F802C06AB3BCF1000F2AD0CE
:1031C000C27EB0F910E0057EB0F91260477E8AB188
:1031D00094F905209444B0F90C2005FB0CEC9445BF
:1031E00008DD4FF0000EA0F810E01B7B03FB076327
:1031F0001EB243820B46324671460590CDE9025716
:10320000B0F816C0CDF804C0B0F814C0CDF800C0B6
:10321000FFF7A8FD05982179038A027E01FB02339E
:10322000038209E04FF0000C428A417EA0F810C0F2
:103230001B7B01FB03234382012007B0F0BD0A2959
:1032400032D00D29F8D0C57EB0F910C090F818E042
:10325000B0F91220447E65B10625B0F90C601EFB62
:1032600005C5B54205DD02EBC4029C46038212B2DD
:10327000428203940B46CDF808E06146B0F816C0D0
:103280000590CDF804C0B0F814C0CDF800C0FFF729
:1032900069FD0598037E028A03EB430302EB4303B7
:1032A0000382012007B0F0BD428A417E038202EB17
:1032B000C1034382012007B0F0BD00BF01294FF0D8
:1032C000000338BF012161F3070361F30F23038378
:1032D000704700BF30B590F868308E46090AB3B920
:1032E000A2B1436B5FFA8EFE501E1B685966DA6D01
:1032F00012F4F81FFBD05A6FC3F864E0DA6D12F4D1
:10330000F81FFBD001385A6F451CEFD130BD012B9F
:1033100024D05FFA8EFC61453DD0002AF6D0531EC2
:103320001FFA8CF511E01160826C446D1460426CE0
:10333000446D1460426B1560826C013B446D1460F7
:10334000426C446D14605A1CE0D090F85FC0426B30
:10335000BCF1000FE7D0A2F800E0EDE7002AD5D0DD
:1033600002F1FF3C724610231404816C03F1FF3319
:103370004FEA42024CBF846BC46B9BB22160016C6C
:10338000C46C0C60416CC46C0C60002BECD1BCF1C3
:10339000010CE7D230BD90F85F30D0F834C07BB973
:1033A0005200CCF80010002AB0D0531E826C013BB2
:1033B000416D1160416D426C1160591CF6D130BDF8
:1033C000ACF800E0EFE700BF90F96A30002B02DBB9
:1033D000436A026E1A6090F8683003B17047426B1E
:1033E000D37C002BFAD0D80704D5906A4FF0E021A7
:1033F000C1F80001990704D5D06A4FF0E021C1F867
:103400000401580704D5106B4FF0E021C1F8080102
:10341000190704D5506B4FF0E021C1F80C01DB0611
:10342000DCD5926B4FF0E023C3F81021D6E700BF44
:1034300070B5002A84B0BDF8206006DB1C461D462E
:10344000B0F90E30934200DD0CB904B070BD002C11
:1034500005DAA3B2013119445B4209B21DB2B0F9D9
:103460000C308B42F1DD1FFA81FE0EEB050404F1F6
:10347000FF3C0FFA8CFCBCF1000FE6DB002902DAFE
:1034800025B24FF0000E0168634592B24C6D15DC19
:10349000A3EB0E034FF0010C71469BB2CDF800C0B8
:1034A000CDE90203A047039B02981AB2002BCCD0AF
:1034B000314604B0BDE87040FFF70CBF0123029015
:1034C00071460093ABB2A0472A460298F0E700BFCE
:1034D00070B5002984B0BDF8206006DB1C461D468F
:1034E000B0F90C308B4200DD0CB904B070BD002C7B
:1034F00005DAA3B201321A445B4212B21DB2B0F92E
:103500000E309342F1DD1FFA82FE0EEB050404F14A
:10351000FF3C0FFA8CFCBCF1000FE6DB002A02DA5C
:1035200025B24FF0000E0268634589B2546D11DC7C
:10353000A3EB0E03724603909DB201230095A047B2
:1035400003982AB2002DD0D0314604B0BDE87040B7
:10355000FFF7C0BEABB27246039000930123A047B1
:103560002A460398F0E700BF2DE9F04F85B0BDF97A
:103570003850BDF83C80002B43D0002D41D0002BAB
:103580001C4641DBB0F90C308B423ADD002D46DBA6
:10359000B0F90EC0944534DD14FA81F61FFA81F9B2
:1035A00006F1FF3E0FFA8EFEBEF1000F29DB97B247
:1035B000BA462F44BB46013F3FB2002F21DB002912
:1035C00002DA34B24FF00009002A03DA0FFA8BF561
:1035D0004FF0000A73452DDDA3B2BC452FDDAAB222
:1035E00000924946066852460390766DB04704FB48
:1035F00005F232B14146039805B0BDE8F04FFFF740
:1036000069BE05B0BDE8F08F9CB20131B0F90C3055
:103610002144644209B224B28B42F2DDB6E7ADB276
:103620000132B0F90EC02A446D4212B22DB2944557
:10363000E7DDB1E7A3EB0904A3B224B2CDE7ACEB1D
:103640000A0C1FFA8CF20FFA8CF5C9E790F8682083
:10365000034642B190F96A20002A03DB826A036EB6
:1036600013607047704700B583B0406BD3E90E120A
:103670000193FEF759FD019B93F96A20002A02DBB2
:103680009A6A1B6E136003B000BD00BF2DE9F043C2
:103690001C4685B01E460B1EBDF8307004DBB0F929
:1036A0000C10994200DD14B905B0BDE8F083002C80
:1036B00005DAA1B201320A44494212B20EB2B0F99F
:1036C0000E109142F0DD16FA82FE1FFA82F80EF11A
:1036D000FF3C0FFA8CFCBCF1000FE5DB002A03DA9B
:1036E0000FFA8EF64FF0000861452BDD1FFA86F9C0
:1036F000044605460068204942698A4231D194F85F
:1037000068202AB395F96A20002A02DBAA6A296E8A
:10371000116099B2CDF800904246446D01232846CD
:10372000A04726B1324639462846FFF7D3FD2B681D
:103730002846124ADB6A934219D105B0BDE8F0432E
:10374000FFF742BEA1EB08011FFA81F90EB2CFE7E5
:1037500004F13400039307C8FEF7E6FC2068039BDE
:10376000D0E72046039390472068039BD1E705B03C
:10377000BDE8F043184700BF31150100AD1201004C
:103780002DE9F043002A85B0BDF8307006DB1C46F9
:103790001E46B0F90E30934200DD14B905B0BDE805
:1037A000F083002C154605DAA3B2013119445B42BF
:1037B00009B21EB2B0F90C308B42EFDD16FA81FC73
:1037C0001FFA81F90CF1FF3212B2002AE6DB002960
:1037D00003DA0FFA8CF64FF0000993422FDDB3B2F3
:1037E000044680460068224942698A4235D194F8ED
:1037F00068204AB398F96A20002A04DBD8F8282008
:10380000D8F8601011604FF0010CAAB24946CDF80B
:1038100000C0406D04464046A04726B132463946B6
:103820004046FFF757FDD8F800304046114ADB6AA2
:10383000934218D105B0BDE8F043FFF7C5BDA3EB37
:10384000090293B216B2CBE704F13400039307C820
:10385000FEF76AFC2068039BCCE720460393904761
:103860002068039BCFE705B0BDE8F043184700BFD1
:1038700031150100AD1201002DE9F04F85B0BDF901
:103880003850BDF83C80002B5ED0002D5CD0002B62
:103890001C465CDBB0F90C308B4255DD002D61DB42
:1038A000B0F90EC094454FDD14FA81F61FFA81F984
:1038B00006F1FF3E0FFA8EFEBEF1000F44DB97B219
:1038C000BA462F44BB46013F3FB2002F3CDB0029E4
:1038D00002DA34B24FF00009002A03DA0FFA8BF54E
:1038E0004FF0000A73454FDDA3B2BC4545DD1FFA1A
:1038F00085FB0646074600682F4942698A4255D132
:1039000096F86820002A44D097F96A20002A02DB42
:10391000BA6A396E11605246CDF800B04946466D1C
:103920003846B04704FB05F21AB141463846FFF766
:10393000D1FC3B683846214ADB6A934232D105B05C
:10394000BDE8F04FFFF740BD05B0BDE8F08F9CB279
:103950000131B0F90C302144644209B224B28B42E7
:10396000F2DD9BE7ADB20132B0F90EC02A446D42E0
:1039700012B22DB29445E7DD96E7ACEB0A0C1FFAC4
:103980008CFB0FFA8CF5B4E7A3EB090293B214B2E7
:10399000ABE706F13400039307C8FEF7C5FB3068B8
:1039A000039BB1E705B0BDE8F04F184730460393DD
:1039B00090473068039BAEE731150100AD1201005E
:1039C00070B582B012B209B204469DF918509DF943
:1039D0001C600193FFF786F81A481B4A1B4984F8BC
:1039E0006B5062632A01019B00EB051521600021E9
:1039F00084F8696084F86A308B4284F86810A4F80F
:103A0000701082586167ED68E166656602F18405B1
:103A100002F18802C4E90B520DDB1A0100EB03131B
:103A200082582046DB6802F1840588322366C4E9A7
:103A3000095202B070BD20462166C4E9095202B0A5
:103A400070BD00BF1C1E002000290020C4180020EB
:103A500070B5554B044690F96A0082B0002914BF36
:103A60000E461E461546002808DB0121C0B201F0B3
:103A70003FFA012194F86A0001F006FA012194F856
:103A80006B0001F035FA012194F86B0001F0FCF9AC
:103A900094F86830D3B92907606B25644CBF434B59
:103AA00007236A07424A48BF43F08043C4E90E63D4
:103AB000404B984218BF90424FD03F4B98424CD059
:103AC00094F96900002829DA02B070BD012B4CD0AE
:103AD00094F85F30E26B002B42D0636B4FF6FF70BF
:103AE000002110801980012194F85D0001F000FA96
:103AF00094F85D00012101F0C7F994F95E000028F7
:103B0000DEDB0121C0B201F0F3F994F85E0001217F
:103B100001F0BAF994F969000028D5DB0121C0B29F
:103B200001F0E6F9012194F8690001F0ADF9642093
:103B300001F02AF9002194F8690001F0A5F9642048
:103B400001F022F994F86900012101F09DF9C820E3
:103B500002B0BDE8704001F017B9FEF74FFCAFE7C7
:103B6000FF211160626B1360BDE7194694F85400A1
:103B7000019301F0BDF9002194F8540001F084F99B
:103B8000019994F8560001F0B3F994F85600002119
:103B900001F07AF994F95500002891DB0021C0B2B8
:103BA00001F0A6F98CE700BF0024F40007000080B4
:103BB0005029002000290020A029002090F868301A
:103BC00043B9436B1A685166D36D13F4F81FFBD0E9
:103BD000536F7047012B0BD090F85F20436BF2B10D
:103BE0001980836C426D1A60436C426D1A60704795
:103BF000082310B40C06826C03F1FF334FEA410135
:103C00004CBF846BC46B13F0FF032260026CC46C66
:103C10001460426CC46C1460ECD110BC7047196025
:103C2000DFE700BF0368314A5B69934270B5044621
:103C30000D4656D190F86830002B4DD094F96A307B
:103C4000002B02DBA36A226E1A60D5B194F87010C3
:103C5000236B2046626E1A60FFF7B0FF2368E26AAA
:103C6000616EDB6A1160224A93423CD194F96A305A
:103C7000002B02DB636A226E1A6094F868301BB175
:103C800070BD94F87110E3E7626BD37C002BF7D022
:103C9000DD0704D5906A4FF0E021C1F800019C07D0
:103CA00004D5D06A4FF0E021C1F80401580704D5CB
:103CB000106B4FF0E021C1F80801190704D5506BD3
:103CC0004FF0E021C1F80C01DB06D9D5926B4FF023
:103CD000E023C3F8102170BD343007C8FEF724FA82
:103CE000ACE79847B1E7BDE87040184731150100CF
:103CF000AD120100426E08B5036B1A60FFF75EFF5C
:103D0000C36A426E1A6008BD90F8683083B9436B8D
:103D10000A0A1B685A66DA6D12F4F81FFBD0C9B2A2
:103D20005A6F5966DA6D12F4F81FFBD05B6F70475B
:103D3000012B0BD090F85F20436BF2B11980836C9C
:103D4000426D1A60436C426D1A607047102310B4C4
:103D50000C04826C03F1FF334FEA41014CBF846BCA
:103D6000C46B13F0FF032260026CC46C1460426CDD
:103D7000C46C1460ECD110BC7047C1F30F221A6000
:103D8000836C426D1A60436C426D1A60436B19601C
:103D9000D5E700BF002909DB70B5B0F90CE082B0AF
:103DA0008E4501DD002A02DA02B070BD7047B0F91D
:103DB0000EE09645F8DD1E460123044692B20093BC
:103DC00089B205686D6DA8473146204602B0BDE84E
:103DD0007040FFF799BF00BFF0B51C460B1E85B0C1
:103DE00005DBB0F90CE09E4501DD002A01DA05B0E3
:103DF000F0BDB0F90E109142F9DDD0F800C01646C2
:103E00001D492746DCF81420044605468A4228D17D
:103E100090F86820E2B195F96A20002A02DBAA6ACC
:103E2000296E116099B20123B2B228460093DCF8E2
:103E30005440A04739462846FFF766FF2B680F4AD3
:103E4000DB6A934213D105B0BDE8F040FFF7BCBA7E
:103E50003430039307C8FEF767F9D4F800C0039B1A
:103E6000D9E703939047D4F800C0039BDAE705B085
:103E7000BDE8F040184700BF31150100AD12010048
:103E8000F8B51F4690F8683004460D461646002BDC
:103E90005DD094F96A30002B02DBA36A226E1A60AF
:103EA000236B2946626E20461A60FFF787FEE36A9D
:103EB000626E1A60C7B1002506E0013516F8011BD5
:103EC000FFF77CFEBD420FD094F868302046022BED
:103ED000F3D194F85F30002BEFD0013536F8021B98
:103EE000FFF712FFBD42EFD194F96A30002B02DBDD
:103EF000636A226E1A6094F8683003B1F8BD626B91
:103F0000D37C002BFAD0DD0704D5906A4FF0E02176
:103F1000C1F800019C0704D5D06A4FF0E021C1F838
:103F20000401580704D5106B4FF0E021C1F80801D7
:103F3000190704D5506B4FF0E021C1F80C01DB06E6
:103F4000DCD5926B4FF0E023C3F81021F8BD34307C
:103F500007C8FEF7E9F89CE72DE9F041984690F88C
:103F6000683004460D461746002B3AD094F96A3063
:103F7000002B02DBA36A226E1A60236B2946626E55
:103F800020461A60FFF71AFEE36A626E1A60B8F103
:103F9000000F1AD0002607E0013615F8011BFFF7C5
:103FA0000DFE46452F4610D094F868303D46204619
:103FB000022BF1D194F85F30002BEDD0013637F8A9
:103FC000021BFFF7A1FE4645EED194F96A30002BA3
:103FD00002DB636A226E1A6094F8683033B1BDE880
:103FE000F081343007C8FEF79FF8BFE7626BD37CDF
:103FF000002BF4D0DD0704D5906A4FF0E021C1F822
:1040000000019C0704D5D06A4FF0E021C1F80401FB
:10401000580704D5106B4FF0E021C1F808011907CB
:1040200004D5506B4FF0E021C1F80C01DB06D6D56A
:10403000926B4FF0E023C3F81021D0E790F868307E
:1040400003BB436B0A0E1B685A66DA6D12F4F81F45
:10405000FBD0C1F30742586F5A66DA6D12F4F81FAD
:10406000FBD0C1F30722586F5A66DA6D12F4F81FBD
:10407000FBD0C9B25A6F5966DA6D12F4F81FFBD043
:104080005B6F7047012B10B419D090F85FC00B0C18
:10409000426BBCF1000F28D0D0F848C01380436DAC
:1040A000CCF80030436C426D1A60436B1980836C0E
:1040B000426D1A60436C426D10BC1A607047202339
:1040C0000029826C03F1FF334FEA4101B4BF846BD6
:1040D000C46B13F0FF032260026CC46C1460426C6A
:1040E000C46C1460ECD110BC70474FEA116CC2F87C
:1040F00000C0826C446D1460426C446D14600A0A06
:10410000446B2360836C446D1C60436C446D1C6085
:10411000436B1A60836C426D1A60436C426D1A6087
:10412000436B1960C3E700BF01F003010023B0F93E
:104130007E20022900B583B081768DF80730B0F972
:10414000803028D0032917D001292FD04FF0C00C80
:1041500090F87810C38190F8793082818DF807C08B
:10416000A0F86C10A0F86E3001230DF10702362183
:10417000FFF786FE03B000BD4FF0600C90F87C1096
:10418000838190F87830C2818DF807C0A0F86C1058
:10419000A0F86E30E8E790F87BC090F87C10828140
:1041A000C381A0F86CC0A0F86E10DDE74FF0A00C42
:1041B00090F87910838190F87B30C2818DF807C028
:1041C000A0F86C10A0F86E30CEE700BF10B59C468A
:1041D00082B004460B460092F0214FF4A072CDF855
:1041E00004C000F0EFF8044A4FF0000320462260BC
:1041F000A4F87B3002B010BD2419002030B585B082
:104200000D4680F87A3000210192044600F01CF936
:10421000019AF02DA2F1F003B3FA83F34FEA53139E
:104220002ED16BB34FF000014FF4A043A4F87B10E4
:10423000A4F87830A4F8802020462749A4F87E50BE
:1042400000F0DAF82368254A1B6B93423DD194F8BD
:1042500079300022D4F87E00C02194F878508DF88F
:104260000F103621A2760DF10F02A4F86E30012353
:10427000E0602046A4F86C50FFF702FE05B030BDA8
:10428000872D09D143B142F6350142F63403A4F833
:104290007810A4F87B30CDE7D2F5A0734FF0000082
:1042A00048BF0133D5F1F00148BF0131C3F34703E3
:1042B000C1F3470184F8793061F3070084F878107E
:1042C00063F30F20A4F87B00B4E70021204605B07B
:1042D000BDE83040184700BF581F00600D200100A6
:1042E000064B42F22102002918BF0B46A0F87020AD
:1042F00090F87A2019464367FFF7AABB0048E80107
:10430000B0F86CC0614489B20B44013B70B543EA1C
:104310000145B0F86E3004462A211A44BDF8103029
:1043200092B21344013B43EA0246FFF7E3FC2946FD
:104330002046FFF783FE20462B21FFF7DBFC3146AA
:104340002046FFF77BFE20462C21BDE87040FFF79A
:10435000D1BC00BF01F00301002390F878200229AE
:1043600090F879C000B583B081768DF807301CD005
:10437000032911D001291DD062F30F03C0216CF372
:104380001F438DF80710C36601230DF10702362184
:10439000FFF776FD03B000BD6CF30F03602162F3FD
:1043A0001F438DF80710C366EEE7A0F86C20A0F855
:1043B0006EC0E9E7A023A0F86E20A0F86CC08DF8CD
:1043C0000730E1E710B582B004469DF910C0CDF882
:1043D00000C09DF914C0CDF804C0FFF7F1FA002326
:1043E000044A2046A4F8783084F87A30226002B07B
:1043F00010BD00BF841900202DE9F8430D7805B3E6
:1044000007464C1C013D94F8019004F10208217804
:10441000384609F07F064246334608EB0604FFF7AC
:104420009BFD19F0800F08D018F806000134FF2812
:1044300008BF4FF4FA7000F0A7FC013DEDB2FF2D6C
:10444000E1D1BDE8F88300BF38B5036804460D4AE2
:104450000D461B6D934211D10B4942F2210390F896
:104460007A204167A0F87030FFF7F2FA2DB12946A3
:104470002046BDE83840FFF7BFBF38BD0021984750
:10448000F4E700BFC52101000048E801EFF3108206
:1044900072B6437F33B9017F012907D0032911D0B8
:1044A000012343770AB962B670477047DFF868C0E6
:1044B000DCF80010F9B1164943610B6808608361AC
:1044C0005861EDE700B5DFF854E01249DEF800C0AE
:1044D000BCF1000F16D043610B68836158614FF047
:1044E000E0234FF0805C0860C3F804CD01234377DC
:1044F00002B962B600BD064BCCF800001860C0E9F6
:104500000511CDE7C0E905CCCEF80000E7E700BF14
:10451000848900207C8900207889002080890020FF
:1045200070B5EFF3108272B60C4C206880B10C4E5F
:1045300000254369236073B19D6102B962B6836847
:1045400045779847EFF3108272B620680028F0D1C3
:1045500002B962B670BD3360EFE700BF808900200A
:104560007C890020FFF7DCBF0449054A4968054BF8
:104570001960136801331360704700BF001000E03A
:10458000BC910020B8910020014802F093BA00BF0E
:10459000002A002001207047012A70B508BF0A22B6
:1045A0008AB005461E4659B34FF0210C01E05FFA70
:1045B00084FC0CF1FF34B1FBF2F302FB131EBEF1DD
:1045C000090F0EF1370098BF0EF130000DEB0C0E05
:1045D000914219468EF80400E9D23EB10CF1FF3C3D
:1045E0002D225FFA8CFC0DEB0C031A712B6801A9CC
:1045F000CCF1220228465B68614498470AB070BD3E
:1046000030234FF0210C8DF82530E6E72DE9F041FD
:104610000C46C9B1E2B1064601EB020800250D4F78
:1046200002E0444505440CD03368013401201B6886
:10463000BB42F6D014F8011C304698474445054467
:10464000F2D12846BDE8F0810D462846BDE8F0814C
:104650001546F6E779240100002903DB00230A222E
:10466000FFF79ABF49422D230A22FFF795BF00BFEB
:1046700000B5036883B040F60D2C022201A95B68E7
:10468000ADF804C0984703B000BD00BF044B02283A
:1046900088BF0346D3F800C01846DCF8043018473A
:1046A000F02900200EB400B582B003AA52F8041B12
:1046B000019204F00BF902B05DF804EB03B070470F
:1046C00032B90368044A1B68934203D10120704742
:1046D000FFF762BFC9B2184779240100B4EE400B5E
:1046E00070B5F1EE10FA86B0864680F18280B0EEA9
:1046F000C07B9FED486BB4EE467BF1EE10FA6CDCAC
:104700009FED467BB4EEC70BF1EE10FA5CDC9FED3B
:10471000457BB4EEC70BF1EE10FA55D4B5EEC00BE5
:10472000F1EE10FA61D40023B6EE007B002964D0CC
:104730004FF0000C9FED3D6B0CF1010C27EE067B5A
:104740006145F9D130EE070B0C460A2270467646D9
:10475000FCEEC07BB8EE676B17EE901A30EE460B9E
:104760008DED000BFFF718FF0F2C21464FF02E03A5
:1047700028BF0F2105468DF808300DF10903481EAA
:10478000B2EE046B02AA53FA80F09DED000B20EE0E
:10479000060BFCEEC07BCDED007A9DF8003007EEF5
:1047A000903A3033B8EEE77B02F8013F904230EEAA
:1047B000470BECD133684A1C304602A95B68D2B281
:1047C0009847284606B070BDDEF80030032219492C
:1047D0005B6806B0BDE870401847036803221649BD
:1047E0005B6806B0BDE870401847B1EE400B01238E
:1047F0009AE7036803221149EAE730EE070B0A2221
:104800007046FCEEC07B17EE901A06B0BDE8704013
:10481000FFF7C2BEFFFFFFFFFFFFEF7F000000E0DA
:10482000FFFFEF41000000E0FFFFEFC19A99999967
:104830009999B93FF80F0020F40F0020F00F0020E5
:1048400008B1014B18607047FC870020884200DBEC
:104850007047DFF86CC0091ADCF8003003B3164A61
:1048600000B582FB032EDA179E44C2EB2E42DFF81E
:1048700054E00EFB1233DFF850E00EFB02F244F27C
:10488000A71E0EFB0322002A13DA6FF00043D31891
:10489000CCF80030B3FBF1F201FB1233184400BD39
:1048A000064BB3FBF1F2CCF8003001FB1233184495
:1048B00070471346ECE700BF5F0B4E8342CE0C1FE0
:1048C000FC8700201DF30100ECF4FFFF0022C0E98B
:1048D0000022826061B110B582B00090084601915B
:1048E00004F0FCFA009B044618B9184602B010BD4B
:1048F0007047013003F0C4F9009B0028F5D0002276
:10490000019918600270C3E9014404F01BFA009B8E
:10491000184602B010BD00BF10B50446006803F091
:10492000B7F9204610BD00BF30B5144683B003462A
:10493000026834B902B11470002218469A6003B0BC
:1049400030BD0D4641688C420DD90090611C104667
:1049500003F088FC009B024678B19968C3E9000423
:1049600009B901701A689C6029461046009304F04A
:10497000E9F9009B184603B030BD186830B1CDE9A5
:10498000002303F085F9DDE900231A6000221846B0
:10499000C3E9012203B030BD10B5044682B059B15D
:1049A0000846019104F09AFA019902462046FFF761
:1049B000BBFF204602B010BD8160204602B010BD92
:1049C0002A284AD8264B70B51B780646E3B9254BF2
:1049D0009B5DFF2B2AD0244A02EB061291680A68DD
:1049E00002F44050B0F5805F31D01C0620D41F4C3B
:1049F0002360236AD80704D401F032FD236AD90763
:104A0000FAD51A4B586A70BD184C194D01E001F0E7
:104A100027FDA36C1B06FAD4AB6C13F08003F6D110
:104A20000F4A13700F4B9B5DFF2BD4D1002070BD3C
:104A30000F4C03F07F032360236ADA0704D401F0EC
:104A40000FFD236ADB07FAD5094B586A70BD22F4C3
:104A500080521C060A60EBD4C9E70020704700BFF3
:104A60000B930020F82100201C1E002000400C4069
:104A700000800C40A94AAA4B90422DE9F047A94C6E
:104A8000D3F814E09969D4F80CC000F2088103F15E
:104A9000437303F5F4530333A3FB0023DB0D03EB54
:104AA000830303EB830202F2B63240F227639A4299
:104AB00028BF1A469C4BA3FB0232D208203A984DDD
:104AC0000CF01F04D5F88030944243F0C003C5F8C1
:104AD00080300BD22CF01F0C924C4CEA020CC4F824
:104AE0000CC02368002BFCDA0CF01F041EF00073CE
:104AF00027D18E4D2E698E4DB54300F0FA8081F49A
:104B0000805576464FF4805716F0605F06D02EF041
:104B1000605E4EEA030E824BC3F814E015F4405F6A
:104B200007D021F440517E4D3943A961AB6C1B077E
:104B3000FCD44EF0007E7A49C1F814E08B6C9F06DD
:104B4000FCD47C49884200F2DF80012635460EE025
:104B5000082D0CD1042E00F291800136022506FBAF
:104B600000F38B4200F2C3805B008B4206D8013514
:104B700006FB05F300FB03F38B42E9D9771E05F131
:104B8000FF384FEA872A8EEA87276B4959186B4B03
:104B900099427CD9DFF8E4916C2369486349B0FB02
:104BA000F5F0684DB0FBF6F00E6835404D4508D085
:104BB00043F400534FF480550D600B600B68002BDD
:104BC000FCDA57490B6903F00703434504D0C1F8E9
:104BD00010808B6CDE03FCD417F4E05F0BD02EF456
:104BE000E05E0AF4E0534E4943EA0E0EC1F814E0C9
:104BF0008B6C9D07FCD4544D544945198D4239D8CE
:104C0000534BED09A3FB05352D0B6B1E1B028EEAE2
:104C1000030111F4407F07D02EF4407E03F440736B
:104C20003F4943EA0E034B613D494B6923F0007352
:104C30004B618B6C9B06FCD4464BA242A3FB00133A
:104C40004FF0FF314FEA9343B0FBF5F5B1FBF3F3BF
:104C50004149086041490D6041490B6008D22CF080
:104C60001F0C30494CEA0202CA600B68002BFCDAC8
:104C7000BDE8F0874FF440730425C8E7771E2E493E
:104C80004FF007084FEA872A59188EEA8727294BE1
:104C900099421CD8DFF8E890362332487EE7324B41
:104CA000984201D80E220AE7304B984228D9304A60
:104CB000904227D9821A2F4B120AA3FB0232D20943
:104CC00002EB820202EB820202F2E242EDE6A3F183
:104CD00082532948DFF8AC90A3F589337E3BA3FBD0
:104CE00001310B0D03FB00F043EA090956E70125EA
:104CF00044E71F468EF0C0560D464FF0C05303E701
:104D00000F22DCE61222DAE6012603464FF0000A03
:104D100077464FF00008354637E700BF001C4E0EBF
:104D200000C00F40000008401F85EB5100800D407F
:104D300040300080FFB19F26808D5B00FF7EF64DE6
:104D400000643F4D7F3001807FD1F0087F17B42C85
:104D50009F10E50083DE1B43FC280020F82800207C
:104D60003491002000B29F26FF0A6B1B00A4781F1D
:104D70000046C32323B24C00001BB7006C20008008
:104D8000362000800020008000B970472DE9F84FE0
:104D900001218146224C234E234D54E8003F3268C6
:104DA000286844E80013002BF7D120494B684FF4E2
:104DB0007A7BDFF87CA01B1A01270BFB02F8DAF8DC
:104DC0000020A2FB03235B4594BF9844D84454E8D9
:104DD000003F3268286844E80073002BF7D14B6825
:104DE000DAF800C01B1A0BFB02F2ACFB03C3B3F5ED
:104DF0007A7F94BFD21802F57A72A2EB0802B2F55C
:104E00007A7F08D3B9F1010F08F57A7809F1FF39F3
:104E1000DDD1BDE8F88F01F023FB0449D7E700BFDF
:104E2000C0910020BC910020B8910020001000E04B
:104E30003491002010B50F4B4FF0010C0E4CDFF8F1
:104E400044E053E8002F2068DEF8001043E800C279
:104E5000002AF6D1094B5B68094A5B1A4FF47A7154
:104E6000126801FB00F0A2FB03238B4294BFC01821
:104E7000401810BDC0910020BC910020001000E03F
:104E800034910020B8910020362812D802010C4B32
:104E900003EB00109B58C268D3F804C01CEA020F51
:104EA00003D039B1C3F884207047836829B9054A13
:104EB0001A607047C3F888207047034A1A60704729
:104EC0001C1E00203830010038F0010036280BD8B5
:104ED000064B020103EB00109A58C36892681A420D
:104EE00014BF012000207047002070471C1E0020C6
:104EF000362831D802011B4B012903EB00109B58C7
:104F000000B55A68D0E902EC12D0042910D022EA88
:104F10000C025A60C9B102291FD003294FF01502B3
:104F20000CBF114B114BCEF8003043681A6000BD26
:104F300042EA0C0201295A6007D040F63803CEF845
:104F40000030436815221A6000BD38231522CEF8C0
:104F5000003043681A6000BD7047054BCEF8003042
:104F6000EFE700BF1C1E00203830010038000100B0
:104F700038F0010010B4134A0020134B0121134CE8
:104F8000DFF84CC0C2F8F032C2F8F402C2F8B81030
:104F9000C2F8A000C2F8A440C2F8B0105369DB0701
:104FA000FCD551619CF80030DB07EFD4136805494C
:104FB00043F0010313600B68DB07FCD462B610BC3E
:104FC000704700BF00802A400504012401000F0043
:104FD00000812A4010B5DFF840E04FF6FF7C0C4816
:104FE0000EF17E04A0F58053002203E0834202F11B
:104FF000010203D2198802336145F7D12EF8022F3E
:10500000A64500F58050EDD1024B01221A7010BD6B
:1050100000107C60139300203691002041F2BB0306
:10502000984238D81D4B10B51B7882B05BB382080C
:105030001B4BDFF874C0A3FB0213D11A03EB51031F
:1050400018495B09C3EB831E1C46A2EB0E033CF818
:1050500013C059184FEA4C0C0A030CEB013CBCEB93
:10506000013F15D900F0030EFF204EEA840E1346CF
:1050700002321B88D9B21B0A8E4508BF18469445D8
:10508000F5D802B010BD0190FFF7A4FF0198CEE75C
:10509000FF2002B010BDFF20704700BF1393002017
:1050A00005411004C00706003891002030B583B0D8
:1050B00072B6334B40F20645324C9C610224DC61EF
:1050C0000024C3F8A040C3F8F0528518C3F8F44296
:1050D000C3F8F842C3F8FC424FF47024C3F8A4406C
:1050E0000124C3F8B04020F01F03BFF34F8F4FF0EF
:1050F000E024C4F85C3F20339D42FAD8BFF34F8FC1
:10510000BFF36F8F1E4D6B69DC07FCD50123DFF801
:105110007CC094B220F07F406B6144F47024C5F8E9
:10512000F0C242F2012CC5F8F4C2C5F8BC30C5F893
:10513000A000C5F8A440124CC5F8B03001E05B06F1
:105140000AD4636913F00105F9D04123636103B008
:10515000BDE83040FFF70EBF082A0DD842B10A481B
:10516000CDE9001200F0C0F9DDE9001211442A4631
:10517000034B40205861E4E7A2F108050822EEE75E
:1051800000802A40F05AF05A80812A4032041808E0
:1051900000B5864672B6294B022129480022986143
:1051A0004FF47020D96140F20641C3F8F01201219A
:1051B000C3F8F422C3F8F822C3F8FC22C3F8A020F5
:1051C000204AC3F8A4000EEA0202C3F8B010BFF3ED
:1051D0004F8F02F1200302F580514FF0E02C8B42FB
:1051E0002CBF0121802102EB41118B42CCF85C2FB6
:1051F0001A4603F12003F8D1BFF34F8FBFF36F8F2F
:105200000E4A5369D907FCD501200F490F4B4FF4C3
:10521000702C50610EEA0303C2F8F0120749C2F87D
:10522000A030C2F8A4C0C2F8B0004B69DB07FCD5BF
:1052300001235DF804EB4B61FFF79CBE00802A4020
:10524000F05AF05A00F0FFFF2004180800F0FF00A9
:1052500041F2BB03984200F28E80484B2DE9F047A3
:105260001B78C2B00E460546002B00F08180AB08CB
:10527000434F05F00305A7FB0327DA1B07EB520793
:10528000404A7F0945EA8705C7EB8717DF1B3E4B7E
:1052900032F81740FB1860004FEA033800EB033088
:1052A000B0EB033F68D94246FF21134602321B8808
:1052B0005FFA83FC1B0AAC4508BF19468242F4D34F
:1052C0008E4244D0B4F5006F44D302AC4FF48072E8
:1052D000FF21204603F0D2FB08F1020208F58053BB
:1052E0002A48934294BF01234FF40063424603EBE4
:1052F000C72318184000134602321B888242D9B2D5
:105300004FEA13236354F6D10DF1070966550DF2E8
:10531000071A00254C464046FFF73AFF14F801CF24
:1053200002220DF1060108EB4500631EBCF1FF0FE0
:10533000A3EB090306D043EA0C230135ADF8063090
:10534000FFF7B4FE5445E9D10E4B23F8175042B095
:10535000BDE8F08702A945EA0625022201340D8046
:10536000FFF7A4FE074B23F8174042B0BDE8F087D3
:10537000FFF730FE7BE77047FF21A1E71393002082
:105380000541100438910020C007060000003E309F
:1053900062B170B505460C468E182046013415F8EA
:1053A000011BFFF755FFA642F7D170BD704700BF44
:1053B000704700BF36285CD8DFF808C1000170B51F
:1053C0005CF80030DFF800E173455BD052D8B3F1F0
:1053D000844F55D0AEF5804E734549D1344E60446C
:1053E000344CDFF8E8C0C4F8B4C2D0E9015CC0684E
:1053F0004FF0E02E4FF00054042ACEF8104137D879
:10540000D3F814E02EEA000EC3F814E04FF0050EB6
:10541000C5F800E0DCF800E04EF4803ECCF800E097
:10542000D3F804C02CEA000CC3F804C0DFF8A0C015
:105430005CF822C090FAA0F2B2FA82F246F822108A
:1054400022D0D9690F2A21EA0001D96120DC52005B
:105450004FF0030ED9680CFA02FC0EFA02F221EAB0
:10546000020242EA0C02DA6098615A6902435A6108
:1054700070BD7047DFF85CE07345F9D10E4EAEE7C2
:105480000E4EACE70E4EAAE7DA690243DA61EBE7AB
:10549000103A4FF0030E196952000CFA02FC0EFA92
:1054A00002F221EA020242EA0C021A61DCE700BFC2
:1054B000D82E002000340020D82F0020582E0020A5
:1054C000582F00201C1E00200080004221000000F8
:1054D000D409002000C0004208B5F6F75BF9F5F7E3
:1054E00055FF00F0BDFFFAE7844641EA000313F0E0
:1054F00003036DD1403A41D351F8043B40F8043BDB
:1055000051F8043B40F8043B51F8043B40F8043B9D
:1055100051F8043B40F8043B51F8043B40F8043B8D
:1055200051F8043B40F8043B51F8043B40F8043B7D
:1055300051F8043B40F8043B51F8043B40F8043B6D
:1055400051F8043B40F8043B51F8043B40F8043B5D
:1055500051F8043B40F8043B51F8043B40F8043B4D
:1055600051F8043B40F8043B51F8043B40F8043B3D
:1055700051F8043B40F8043B403ABDD2303211D3DD
:1055800051F8043B40F8043B51F8043B40F8043B1D
:1055900051F8043B40F8043B51F8043B40F8043B0D
:1055A000103AEDD20C3205D351F8043B40F8043BDD
:1055B000043AF9D2043208D0D2071CBF11F8013BDB
:1055C00000F8013B01D30B8803806046704700BFA1
:1055D000082A13D38B078DD010F003038AD0C3F1B0
:1055E0000403D21ADB071CBF11F8013B00F8013B92
:1055F00080D331F8023B20F8023B7BE7043AD9D351
:10560000013A11F8013B00F8013BF9D20B78037025
:105610004B7843708B7883706046704701F1FF3C94
:1056200070B566464FF0000E01E00EF1010EB0FBC2
:10563000F2F402FB1403092B03F1370598BF03F1C1
:1056400030059042204606F8015FEED201EB0E03D2
:1056500000225A70BEF1000F11D0481C70440CF1AA
:1056600002021CF8014F10F8015DA1EB0C03521A65
:105670008CF80050013B047073449A42EFDB0846FB
:1056800070BD00BF72B6EFF30583524CC4F884308E
:105690001EF0040F0CBFEFF30882EFF309824FF006
:1056A000E0234D4DD3F8280DD3F82C1DC4E9220179
:1056B000D3F8341DD3F8383DC4E924139369A834D2
:1056C00044F8103CD36944F80C3C00F0CFF804EDEA
:1056D000020A01F043FB0B2344F8040C4FF0FF32A5
:1056E0003E4844F8283C2B68202104355A4042F3B8
:1056F0000003013903EA000383EA5202F7D1A5420D
:10570000F1D1344BC3F8A820BFF34F8F4FF0E02303
:105710003149334AC3F8701FC3F8702FBFF34F8F5E
:10572000BFF36F8F2F4A02242F48D36E2F4943F4C3
:105730004053D3660460D3692D4823F07F0343F0C0
:105740004003D3610B68834240D8274D00204FF0BF
:10575000E0234FF0FF3228600121C5F808012548F9
:105760000C460E46C5F80001C5F80811C3F88021A3
:10577000C3F88421C3F88821C3F88C21C3F8902191
:1057800001E000F073F9D5F80C31002BF9D04F2C63
:10579000C5F80C6104F10104F3D9174B0220174935
:1057A0004FF00042C1F840015A63D5F80C313BB9C3
:1057B000134814490C4A0163D2F80C31002BFAD07B
:1057C0004FF0E023104AC3F80C2DFEE7FFF752F923
:1057D000BBE700BF00FF272080FF27202083B8ED14
:1057E000A0FF272000C00F4000400840FC280020F8
:1057F000803DCD0B009F240000900D4000002E4006
:1058000000800F40F100AD0B0400FA05094A08B50D
:105810000346106823B1034407498B4201D8136043
:1058200008BD03F04DFA0C2203464FF0FF301A601A
:1058300008BD00BF4C2B002000002820002070472E
:105840004FF0FF30704700BF4FF4005300204B6013
:10585000704700BF012070474FF0FF30704700BF16
:1058600030BFFDE730BFFDE7FFF70CBF124AD2F8AB
:1058700080305B07FBD5D2F880301048C3F30B2390
:105880000F4990ED007A07EE903A91ED006AB8EE7C
:10589000477A0C4AF8EEE77A0B4BD2ED006A77EEC6
:1058A000C77A93ED007AB8EE477A67EE867A87EE8C
:1058B000A60A37EE400A704700810D40249100206F
:1058C0002C9100203091002028910020836B70B52E
:1058D00086460E4610461BB1536843F4004353609E
:1058E00072B6DEF8342042B31B4B1060D3F8B021FF
:1058F00032421ED1194C656805E06268A2EB050CC6
:10590000BCF5166F0BD2D3F8402142F48042C3F8A5
:105910004021D3F8B811D3F840215204EDD53140DD
:1059200007D10D4ACEE90201D2F8B0313343C2F8B3
:10593000B031CEF8340062B670BD0749CEE902023C
:10594000D1F8B0313343C1F8B031CEF83000CEF8E1
:10595000340062B670BD00BF00002E40001000E0B1
:1059600070B5056B95B12B46002403E01B6801342C
:10597000012B0CD05A681206F8D5036306462CB1E9
:105980002846B36B2D689847013CF9D170BD0022C1
:105990000023C0E90C23F1E700B501BBDFF8A0C08C
:1059A000234B0021234A4FF0010E4FF00110996064
:1059B000C3F800E0CCE902314FF0800CC3F804C01A
:1059C000C2F8BC01D2F8B0311B4843EA0E03C2F85A
:1059D000B0310160D2F8B031002BFBD100BD090419
:1059E000164BDFF85CC04FF0010E41F0800198606B
:1059F000104A596000F58051C3F800E0D96000F505
:105A00000051CCF84830196100F5405100F5804054
:105A1000596100219861CCF84C10D2F8B03143F4B0
:105A20008033C2F8B031D2F8B031002BFBD1B7E7E8
:105A30002044002000002E406C8E002040440020B6
:105A400000000020074901220B78824023EA02036C
:105A50000B7033B9044AD2F8483123F08003C2F8FE
:105A6000483170471693002000002E402DE9F04782
:105A7000AB4C82B0D4F84461F107C4F8446147D517
:105A8000D4F8AC31002B3ED0A64D4FF00117DFF813
:105A9000AC82C4F8AC31D5E90A20D4F8403143F4E3
:105AA0000053C4F84031D4F840319B04F5D5D4F804
:105AB000403123F40053C4F84031C4F8B471D4F831
:105AC000B43113F00113FAD191B28446C8F8003012
:105AD000B1F5A06F00F08A8100F28E80B1F5817F70
:105AE00000F0A28100F2DB80802900F07981822918
:105AF00003D110F0780300F01082C4F8C071D4F81C
:105B0000AC31002BC5D1864AD2F8BC31002B43D131
:105B1000720614D5824AD2F8AC31C2F8AC31D2F850
:105B2000BC31C2F8BC31D2F8B031002BFBD14FF000
:105B3000FF307D49C2F8B401D2F884210B60F40132
:105B400003D57A4B1B6803B19847B00103D5784B56
:105B50001B6803B19847710708D5714BD3F884319E
:105B600013F4007315D0734B01221A706C4BD3F8E9
:105B700048311A060AD5330608D56F4A13782BB177
:105B8000013BDBB21370002B00F0368202B0BDE89F
:105B9000F087684A1370E9E76849C2F8BC310868C1
:105BA000034240F0CC81604A12681340B0D01C0C14
:105BB0005C4D1FFA83F810D094FAA4F7B7FA87F770
:105BC00005EBC7104030FFF7CBFE012303FA07F7C0
:105BD000BC43F1D1B8F1000F9AD0012798FAA8F48C
:105BE000B4FA84F405EBC41007FA04F4FFF7B8FE26
:105BF00038EA0408F2D18BE7B1F5106F00F0AE80FF
:105C00003AD840F2816399427DD8B1F5D06FFFF464
:105C100074AF4B4B596800293FF46FAF1FFA8CFEED
:105C2000120C04E019690C3300293FF466AFB3F895
:105C300000C09445F6D1B3F802C0F445F2D14FEA62
:105C4000122C000CBCF1030F00F0CC811B898342A5
:105C500028BF0346B2F5007F9A4640F09C81354B41
:105C60001B78002B40F0C681364952463648DFF893
:105C7000D890FFF739FC9FE140F6211E714500F0F6
:105C8000FD804FF6C00399427FF437AF83B2FF2BFC
:105C90003FF633AF43F46E4363F30F0CB9E740F2C2
:105CA000A113994200F0908040F2023399427FF4B0
:105CB00024AF10F0780F7FF420AF00F07F02234B69
:105CC000000653F822104CBF41F4803141F001012D
:105CD00043F8221000211E4BE96499600121AB6456
:105CE000196080210E4A59604FF00113C2F8BC318F
:105CF000D2F8B03143F48033C2F8B031D2F8B031C9
:105D0000002BFBD1FBE6B1F5086F7FF4F6AE114B2B
:105D1000012111481B780370FFF73EFEEFE600BF3C
:105D200000002E4000000020708E0020CC92002049
:105D3000D09200201A9300201B9300206C8E00202C
:105D400024220020981F006000002020C0012E4067
:105D50002044002019930020049100204FEA124CA7
:105D6000A84A4FF44C01CC2082F800C04FF0CC126E
:105D70000193C4F8C411C4F8C801C4F8CC11C4F824
:105D8000D001C4F8D421C4F8D811C4F8DC1100F053
:105D9000A7FA9D4A0121019BAA64116080219360AA
:105DA00051604FF00112EB64C4F8BC21D4F8B0216B
:105DB00042F48032C4F8B021944AC8F80030D2F8D6
:105DC000B031002BFBD19AE683B2042B7FF495AE61
:105DD000010C8F483F2928BF3F21FFF7DDFD8EE6EC
:105DE0008C4802210380FFF7D7FD88E68649EB64E3
:105DF0008B600123A9640B6080234B604FF001137B
:105E00008249C4F8BC31D4F8B03143F48033C4F8CB
:105E1000B031D1F8B031002BFBD1130C5B0643F04D
:105E20008073C1F854316AE610F0780F7FF465AEE4
:105E300000F07F02784B000653F822104CBF21F48B
:105E4000803121F0010143F8221000216E4BE964FA
:105E500099600121AB64196080216C4A59604FF050
:105E60000113C2F8BC31D2F8B03143F48033C2F828
:105E7000B031D2F8B031002BFBD140E681B2042919
:105E80007FF43BAEB0F5820F4FEA1041BFF435AE60
:105E9000DFF88CC1CCE9002009B30A04EB605F4B4A
:105EA00042F08002AB605A6001221A60584A9A6040
:105EB000D4F8B01141F00101C4F8B01102F58051DD
:105EC000D96002F50051196102F5405102F5804296
:105ED00059619A614D4AD2F8B031002BFBD14A4B3F
:105EE00000214A4A9960E9640121AB64196048F2D3
:105EF000800159604FF00113C2F8BC31D2F8B031C3
:105F000043F48033C2F8B0314FF48033C8F8003026
:105F1000D2F8B031002BFBD1F1E500F07F013E4A11
:105F2000000652F821103B4A138031D5C90301D530
:105F30000123137002213748FFF72EFDDFE5002013
:105F400040F62114086036490D88A5427FF42BAE37
:105F5000898804297FF427AE2D49324D4C782A498F
:105F60008860C5E902103048047001200860802074
:105F700048604FF00111C2F8BC11D2F8B01141F0E5
:105F80000101C2F8B011D2F8B0110029FBD10AE624
:105F9000CB07CFD5CCE7B2F5E06F7FF466AE234BED
:105FA0001B782BBB2249DFF88C9052464846FFF7FE
:105FB0009BFA072389F8013029F01F0309EB0A0235
:105FC000BFF34F8F4FF0E021C1F8703F20339A426A
:105FD000FAD8BFF34F8FBFF36F8F16485146FFF7C4
:105FE000DBFC8CE50B78834228BF03469A463CE6EF
:105FF0001149D8E70E4938E60520FFF723FD08F0E0
:1060000061FC00BF199300202044002000002E40B6
:10601000EC8D002004910020C0012E40404400205F
:1060200068810020000000200C9300201A930020BB
:106030005420006000002020981F00602DE9F043EC
:10604000441E83B0062C02D903B0BDE8F083124D84
:1060500090460F46C60105EBC0143C22002101907A
:10606000201D994602F00AFDB8FA88F23904520957
:1060700041EA42710122A951C4F83890A260B9F1F5
:10608000000FE1D00549019B9A400B681A430A6052
:1060900003B0BDE8F08300BF00000020708E002038
:1060A0002DE9F04300F1FF3E83B0BEF1060F02D9A7
:1060B00003B0BDE8F0839146C201124F884602F159
:1060C000400605463C220021F4190193201D02F0F0
:1060D000D5FCB9FA89FC4FEA0842019B4FEA5C1CE7
:1060E00042EA4C72BA510122A363A260002BDFD0B6
:1060F000054905F110000B6882401A430A6003B09D
:10610000BDE8F08300000020708E002012044FF0E4
:10611000010C816042F08002C0F800C0C36101F54B
:10612000805C01F54053426001F5005201F5804169
:10613000C0F80CC08161C0E904237047431E062BE0
:1061400000D9704700F1100C064B0A4603EBC01053
:1061500000B54FF0010E0EFA0CF15DF804EBFFF7FD
:10616000B5BB00BF40000020431E062B00D970477E
:106170004FF0010C034B0A460CFA00F103EBC01080
:10618000FFF7A4BB0000002040687047144B0A22B0
:10619000DFF850C0D3F8200220F07F4000EB8003EE
:1061A00000B55B0085B0604538BF18466946FFF70B
:1061B00035FADFF834C06B460022604619780132A8
:1061C000013341B10A2A20F8021FF7D116228CF8B8
:1061D000002005B000BD52008CF8002005B000BDC5
:1061E00000441F40809698005830002000207047DF
:1061F0004FF0FF30704700BF4FF0FF30704700BFD7
:10620000704700BF704700BF1046704700207047BE
:1062100030B5164D4FF0E02415494FF4003205EB30
:10622000401583B001EBC001C4F88C21034608225D
:1062300028460191FFF76AFF019921F01F030831F9
:10624000BFF34F8FC4F85C3F20339942FAD8BFF3B5
:106250004F8FBFF36F8F02202946FFF785FF4FF462
:106260000033C4F80C3103B030BD00BF60440020DF
:10627000C00020204368C069C3F30E43C3F1080384
:10628000002B1EDD104910B50A78104C013224F89D
:106290001030062A12D814460C700D490C6823449D
:1062A0000C4C0B6024680C4B985434B10B4B0122FE
:1062B0001A70A0470022094B1A7010BD0024224614
:1062C000EAE7FFF7A5BF00BF14930020109100205C
:1062D0000C910020D49200201C91002012930020E9
:1062E00010B5802200211548002402F0C7FB144895
:1062F00023461421224604700120FFF7D1FEC0225C
:106300002146104802F0BAFB0F49104A0C70104B9E
:10631000104811491C70146004600220546094609D
:1063200022460C7008210D4BFFF788FE20460134F1
:10633000FFF76EFF062CF9D110BD00BF20450020ED
:106340001893002060440020149300201091002036
:10635000159300200C910020129300205941010058
:10636000202968D82DE9F04F344E83B03378002BC4
:106370005CD0DFF8E8A08B46314C9AF80090314DA4
:1063800004EB4914304FD5F8008001900CE03B78C5
:10639000002B4BD12B68A3EB0803FA2B44D833789E
:1063A000002B43D000F05CF82046FFF7EDFE10F024
:1063B0008000ECD12549264B387048681B68254D74
:1063C0001B0CC3EB031222F00042A5FB0252120A7F
:1063D0004B681B1A9A42FBD81F4D5A46019905EB90
:1063E00049152846FFF780F85A46002329462046DB
:1063F000FFF78CFEBFF34F8F4FF0E023C3F8705FC1
:10640000BFF34F8FBFF36F8F01202146FFF796FE3A
:1064100009F101090020B9F1030F88BF81468AF80C
:10642000009003B0BDE8F08F01233B704FF0FF30C8
:1064300003B0BDE8F08F4FF0FF3070471993002094
:1064400020450020BC91002017930020001000E0A0
:10645000FC28002011239708000120201893002019
:10646000284B2DE9F0411E7876B1DFF8B08098F81E
:1064700000404CB90123B20788F8003024D400232F
:1064800088F80030730701D4BDE8F0811E4B1A680C
:10649000002AF9D0EFF30582002AF5D1EFF3108539
:1064A00072B6186830B3194C217819BB01222270DA
:1064B00042691A6012B3916105B962B6002583681A
:1064C000457798472570DFE7114B1B78002BD6D016
:1064D000104F57F8045F2B6828461B69984710B186
:1064E0006B699B6898470A4B01341A78E3B29A4269
:1064F000EFD8C4E7002DC7D162B6C5E7064B1A60D6
:10650000DAE700BF1C930020788900200093002068
:1065100001930020FC430020848900200693002082
:1065200001207047B0F84630B0F848209BB292B2D4
:10653000934202D2013AD01A7047416B01390A44A2
:10654000D01A7047016972B6B0F84A20B0F84C30E2
:1065500092B29BB29A423CBF806B1218C86AD31A9F
:1065600062B6C0F302601844704700BFB0F84A102A
:106570000246B0F84C3089B29BB2994210D0013338
:10658000906B116B984298BF0023994203D9126A0D
:10659000D05CC0B270475B1A526AD05CC0B2704720
:1065A000D0F810C072B6B0F84A0080B2814201D073
:1065B00062B6E4E7DCF82C3013F0E06F03D14FF063
:1065C000FF3062B67047DCF81C0000214FF0010C70
:1065D000136AC0F30900A2F84AC0A2F84C10587020
:1065E000EFE700BFB0F84AC00146B0F84C301FFAE0
:1065F0008CFC9BB29C4525D0013310B5D1F838E016
:106600009E4515D90A6B1C469A4216D90A6AD25C75
:10661000D0B28A6DA1F84C404AB19C451DD3ACEB79
:106620000303CC6B9C4202D3CB6DC2F8883010BD03
:1066300000240A6B23469A42E8D8486A9A1A825C78
:10664000D0B2E6E76246006972B6B1F84AC01FFAF6
:106650008CFC624505D062B6CEE7E644AEEB0303A0
:10666000DFE7C36A13F0E06F03D14FF0FF3062B68B
:106670007047C069C0F30900F9E700BF90F84430E3
:1066800043B110B50446FFF7EBFE94F84430002BFD
:10669000F9D110BD704700BF38B54369D3E9031283
:1066A000096811422DD00169044690F844200D4636
:1066B00032B1FFF7D5FE94F84430002BF9D163696D
:1066C0000021104AA961207E03EB0010007D02EB3F
:1066D0000010D0F804C00520CCF8000094F819C0D0
:1066E00003EB0C1393F8343002EB0312A36D5268E2
:1066F0001060A4F84A10A4F84C1013B1E26DC3F86E
:10670000842038BD1C1E002007EE901A9FED947A5D
:106710000421B6EE005AF8EE677A9FED926A41F6D0
:10672000FF7CC7EE275A2DE9F04315468E4601221D
:10673000046907EE901AF8EEE77A85EEA77A77EE0D
:10674000057AFDEEE77A17EE903A6345A8BF6346F7
:10675000012BB8BF012307EE903AF8EEE76A76EE18
:10676000C76AC6EE877AF5EEC07AF1EE10FA01D567
:10677000F1EE677AF4EEC67AF1EE10FA03D8B0EED5
:10678000676A8E461A4601312129D2D14169002318
:10679000866BB1F85870A0F84A30F71BA0F84C305F
:1067A000A0F84630C763B1F85A70A0F84830F61B1D
:1067B00080F844300664D1E903763B683343AE0584
:1067C0003B60C5F34023837600F1A580077EDFF8A8
:1067D000C08101EB0717644B97F814C0D7F81C90E1
:1067E00008EB0C1CDCF80860DCF804C03360BB6903
:1067F000CCF80030B9F1000F02D03F6AC9F8007040
:10680000477ED92301EB071797F834C008EB0C1C1F
:10681000DCF808603360BF6BDCF804301F60437E37
:1068200001EB0313DF6B0FB11B6C3B60BEF1080F74
:106830000EF1FF3CCCBF4FF0000E4FF0010E42EACC
:106840004E434FEA0C6202F0F852134300222361D8
:106850004B7849681033E260444A42F82310426999
:106860004FF0010E424905F0030C5778B2F856205C
:10687000404B7A544FF0021741694A7803EB5213A8
:1068800002F01F029B000EFA02F21A60E762A36A8E
:1068900043F08803A3626B0734D44CF47013AF0643
:1068A000827E2AD543F08053002A3CD12E07A36173
:1068B00003D5236943F0005323616369EA0654BF9B
:1068C00023F0805343F080536361EB0503D52369C4
:1068D00043F4005323618B686BB1274D2C78002C57
:1068E0003CD0264B03EB840101E08B422AD053F8C5
:1068F000042F9042F9D1BDE8F083002AD6D043F0AE
:10690000A003D3E705F00F03042B14BF1C4B1D4B52
:106910004CEA0303C3E7477E4FF2D903DFF87080E8
:1069200001EB071770E7427E43F0A00301EB021270
:1069300092F8342008EB0216B668326822F440421E
:106940003260B3E7611C104A104B297043F82400F1
:10695000137843F002031370BDE8F0830121F2E7DE
:10696000001BB74BEC78AD6038F00100003400201C
:1069700000E400E04038003801930020FC43002090
:1069800010003C0010003C401C93002000440020FC
:106990001C1E0020EFF31380B8B9EFF310834BB93E
:1069A000EFF305823AB94FF48073EFF3118050B1E1
:1069B000984208D270470F2A02D8EFF3118270472D
:1069C000034B9B5CF1E7184670474FF0FF30F1E74F
:1069D000F0E300E0036D2DE9F041884604460669C6
:1069E00013B1426DC3F88420A37E2BB172B6B36994
:1069F00043F00053B36162B6B4F84650636BADB276
:106A00000135AB424CD800273D46B4F848309BB224
:106A10009D4219D029E073691B0210D5B4F84830A3
:106A2000626B9BB201339A4237D91A46E16A9942A6
:106A30002ED9E169CB5CDBB2F361A4F84820B4F84D
:106A400048309BB2AB4210D1FFF7A4FF6369B3F8A3
:106A500056308342DFDAB0F5807FF0D1FFF700FDDA
:106A6000B4F848309BB2AB42EED0E26AAA4219D9E0
:106A7000E26902F8058072B6012084F84400A4F8A7
:106A80004670B36943F40003B36162B6BDE8F081B8
:106A90005B1AA16ACB5CDBB2CEE700221346C5E7E6
:106AA0002F46B2E7AD1AA26A02F80580E3E700BFFD
:106AB000FFF790BF0269536913F4401F70B537D0D8
:106AC000D36A13F0E06FC3F3026E2ED0B0F84A40E1
:106AD000B0F84C30A4B29EB2D2F81CC0631CB0F81F
:106AE0004C10856BCCF3090C89B29D4298BF0023F2
:106AF000994208D0016B9942A3EB010166D9016A62
:106B000001F803C01C460EF1FF3313F0FF0EE3D172
:106B1000836DA0F84A4043B1B4425BD3A41B016C1F
:106B2000A14202D8C16DC3F884105369DD0248D474
:106B3000D2F818E01EF4000F28D053691C0225D5A6
:106B4000B0F846C0B0F848301FFA8CFC9BB206E0A3
:106B5000C169C95CC9B2D161D16A490512D4634522
:106B60003CD0446B0133C16A9C4298BF00239942D8
:106B7000A3EB0104ECD8816A095DC9B2D161D16A85
:106B80004905ECD56345A0F8483029D01EF4800FA4
:106B900016D053695B0213D50021036D80F84410B1
:106BA00013B1416DC3F88810837E2BB172B693691F
:106BB00023F00053936162B6936923F480039361D9
:106BC00070BD536943F480135361B1E7446A04F81C
:106BD00001C097E7816B891B0C44A0E7A0F84830FF
:106BE000936923F400039361936943F480039361F1
:106BF000CCE700BF10B500234FF470440F224FF4D0
:106C0000806EA0F88C411946A0F88E214FF46044A4
:106C1000A0F890310A46B0F8883148F2B82C43F019
:106C2000F003A0F8883101EB4103013100EB43137D
:106C300004299C80A3F806E05A841A865A805A8157
:106C4000A3F80EC05A82DA825A83DA83EBD1B0F805
:106C5000883143F00F03A0F88831B0F8883143F44D
:106C60007063A0F8883110BD374B384A996F3848A7
:106C700041F47F0170B5996741F20106D3F88010A5
:106C800045F6C05543F226040A43C3F88020FFF7B7
:106C9000B1FF00F58040FFF7ADFF00F58040FFF742
:106CA000A9FF00F58040FFF7A5FF0022A0F5031023
:106CB0004FF00F0E114600EB42134FEA421C013217
:106CC0009981042A5981A3F80EE09E82DD8020F884
:106CD0000C1019829C81EED100221E484FF00F0E3D
:106CE00041F20106114645F6C05543F2260400EB79
:106CF00042134FEA421C01329981042A5981A3F8B8
:106D00000EE09E82DD8020F80C1019829C81EED16D
:106D1000002211480F2641F20105114645F6C054E4
:106D200043F2260E00EB42134FEA421C01329981D6
:106D3000042A5981DE819D82DC8020F80C101982A2
:106D4000A3F80CE0EED170BD00C00F40000003FCC2
:106D500000C03D4000001E4000401E40074A506AEF
:106D6000936A19468446506A936A9942F9D18445D8
:106D7000F7D1DB0B43EA4040704700BF00400D40B5
:106D800008B5D0E900325BB1BAB10F4BA3FB0213D7
:106D9000DB0803EB4303B2EB83030AD1012008BDF8
:106DA000094BA3FB0213DB0803EB4303B2EB8303A2
:106DB00001D0D21A4260F02AF0D801F081FF1C22E3
:106DC000034600201A6008BDABAAAAAA30B583B05A
:106DD00060B3044621B11D46B2FA82F35B09A2B941
:106DE000206818B362680AB3164B174902FB03F315
:106DF000B1EBB30F1AD3A368FBB900232360636020
:106E0000A360E360012003B030BD0193069BC0E99D
:106E10000012C360FFF7B4FF60B1002DF2D06268CA
:106E200001992068A56001F029FEEBE701F048FF19
:106E300016230360002003B030BD002101F01EFEC8
:106E4000DBE700BFABAAAAAA5555551500B52DED35
:106E5000028BB0EE408A83B000F066FBB4EE488A45
:106E6000F1EE10FA06D6DFED0C7AB4EEE78AF1EE19
:106E700010FA03D403B0BDEC028B00BDCDED017A56
:106E800001F01EFFDDED017A87EEA70A21230360E2
:106E900003B0BDEC028B00BD0000000082B08DEDA0
:106EA000010A019AB2F17E5F39D0A2F50003B3F175
:106EB000FE4F38D2BFEE000B02F140432A4903F5E2
:106EC0004D03C3F3C34001EB001091ED404B91ED36
:106ED000445B91ED467B91ED426BD90DC90590ED78
:106EE000002B521A03EE902A90ED021BDB15B7EE31
:106EF000E33AA2EE030B03EE903A20EE002BA5EE50
:106F0000007BB8EEE33BA6EE027BA3EE041B30EE63
:106F1000010BA2EE070BB7EEC00B02B070479FED5E
:106F2000130A02B07047530017D0B2F1FF4F18D0C8
:106F3000002A0DDBB3F17F4F0AD2DFED0D7A9DED14
:106F4000017A67EE277A17EE902AA2F13862B1E74C
:106F50009DED010A02B000F0D7BA012002B000F0A6
:106F6000C1BA9DED010AD8E74805002000000000E5
:106F70000000004B10EE101A10EE902AA1F5000C44
:106F80005000BCF1FE4F00F1FF336FF0807C7ED2E9
:106F9000634538BF002080F0B980BFEE001B01F1CF
:106FA000404303F54D03C3F3C3426FF31603C91AFD
:106FB00007EE901ADB15B7EEE75A07EE903AAF4BA3
:106FC00003EB021292ED024B92ED002B00B5A2EE04
:106FD000051B93ED403B93ED426B93ED442BA1EEEB
:106FE000036B93ED465BB8EEE77B37EE047B93EDE6
:106FF000484BA1EE025B2DED028BA1EE047B21EE4E
:10700000018BB7EEE00A28EE083BA8EE057BA6EE62
:10701000037B20EE077B17EE903A48F2BF01C3F3E3
:10702000CF338B4283B04CD2B7EE000B944B93ED31
:10703000402B37EE023B13EE102A33EE423B02F0B8
:107040001F01801803EBC10293ED424B37EE437BE7
:1070500053F831C0D2F804E093ED446B93ED465BF6
:10706000A7EE046B27EE074B002111EB0C020EEB91
:10707000C033A7EE050B43EC172BA6EE040B20EE56
:10708000070BB7EEC00B03B0BDEC028B00BD634530
:1070900080F0B1804B00581E604580F0938000293D
:1070A0004BDB0020B1F5000FBFF477AFDFED757A51
:1070B00020EE270A10EE103A23F00043A3F13861C6
:1070C0006BE79FED666BB4EEC67BF1EE10FA16DC53
:1070D0009FED646BB4EEC67BF1EE10FA43DD4FF02A
:1070E0004C53002860D00193DDED016ABFEE006AC9
:1070F00076EE666AF4EE466AF1EE10FA94D003B0CA
:10710000BDEC028B5DF804EB00F0E6B9002869D015
:10711000B1F17E5F3FD0B0F17F4F69D14B00B3F149
:10712000FE4F6FEA020234BF00230123D20F9342C5
:1071300000F08F809FED540A7047C2F3C7537E2B37
:1071400027D9962B64D80120C3F1960300FA03F3E4
:10715000581E10421DD1134214BF0120002000040C
:1071600021F000419EE79FED416BB4EEC67BF1EE4E
:1071700010FA30D99FED3F6BB4EEC67BF1EE10FAFA
:107180007FF552AF03B0BDEC028B5DF804EB00F06D
:107190009DB900F0B9B982F480035B0013F5000FCC
:1071A00026D8B7EE000A70470093DDED006AB7EE0F
:1071B000006A76EE866AF4EE466AF1EE10FA3FF463
:1071C00033AF9CE7002920EE000A23DB0020BBBB85
:1071D0009A423CDB704703B0BDEC028B5DF804EBD8
:1071E00000F06EB981F480035B0013F5000FD8D96D
:1071F00030EE200A70470028F4D04B00B3F17F4FE7
:10720000F6D8B0F17F4FF3D1B3F1FE4F87D1C8E785
:107210000020A5E7C2F3C751A1F17F001728D5D8F8
:10722000C1F19600012101FA00F000F1FF3C1CEAD7
:10723000020FCBD11040CAD0B1EE400A0846C6E7D3
:10724000002AC7DAF7EE007A87EE800A704700F06E
:1072500049B920EEA00A7047AFF3008071D5D1FF85
:10726000FFFF5F40E2AAA3FFFFFF5F4000000000B6
:1072700000C062C00000000000A062C058070020EB
:10728000000400200000004B0000000010EE102A57
:10729000C2F30A53B3F57D7FB7EEC07A1ED2B3F5C1
:1072A000667F72D327EE077B27EE071B734B93EDA8
:1072B000142B93ED125B93ED0E3BA7EE025B27EED2
:1072C000012B93ED0C6B93ED104BA7EE036BA1EE2E
:1072D000046BA5EE026BB7EEC60B704740F22E4171
:1072E0008B4255D8654A92ED086B27EE066BFDEE92
:1072F000C66B92ED0A5B16EE903A03F500031B167F
:10730000990706EE903A54BF114602F17001D80772
:10731000B8EEE66BA6EE457B27EE076B1CD503F0B7
:10732000030302EBC30291ED185B92ED000B91EDAC
:107330001A3B27EE000BB0EE457B91ED164BA6EE07
:10734000037B20EE065B26EE056BA5EE040BA7EE95
:10735000060BB7EEC00B704791ED144B26EE065BA3
:1073600091ED127B91ED0E2BA6EE047B26EE054BE4
:1073700091ED0C0B91ED103BA6EE020BA5EE030B6D
:10738000A7EE040BB7EEC00B7047B7EE000A7047CC
:10739000B3F5FF6F53D2C2F38361394B03EB810C1A
:1073A00053F82110C2F31603C2F3C25043F4000392
:1073B00010B58340DCF82000DCF810C003FB01F1BD
:1073C000A3FB00E0E3FB0C0101F1005382B09C0F32
:1073D00003F04043C91A8DED010A00F03DFA019A0D
:1073E0009FED246B04EBD27241EC170B900754BF56
:1073F000224B244B27EE067BE10727EE076B20D5B7
:107400001E4902F0030201EBC20293ED185B92EDFC
:10741000000B93ED1A3B27EE000BB0EE457B93ED8E
:10742000164BA6EE037B20EE065B26EE056BA5EE63
:10743000040BA7EE060BB7EEC00B02B010BD00F0B8
:1074400063B893ED144B26EE065B93ED127B93ED40
:107450000E2BA6EE047B26EE054B93ED0C0B93ED65
:10746000103BA6EE020BA5EE030BA7EE040BE2E722
:10747000AFF30080182D4454FB21193C80080020F4
:10748000981C0020F008002010B582B08DED010A94
:10749000044601F015FC9DED010A046002B010BD28
:1074A00030B1F1EE407A27EE800A2220FFF7ECBFE0
:1074B000F0EE407A27EE800A2220FFF7E5BF00BFFA
:1074C0009FED010AFFF7ECBF000000109FED010ADD
:1074D000FFF7E6BF0000201A9FED010AFFF7E0BFAB
:1074E000000000709FED070AF7EE007ABFEE007A09
:1074F00000284FF0220047FE877A87EE800AFFF7C8
:10750000C3BF00BF0000000070EE407AB4EE400A36
:1075100087EEA77AF1EE10FAB0EE470A02D62120E4
:10752000FFF7B2BF704700BFB1EEC00A704700BF9F
:1075300003460846194601F035B800BF81F0004106
:1075400002E000BF83F0004330B54FEA41044FEA48
:10755000430594EA050F08BF90EA020F1FBF54EAE3
:10756000000C55EA020C7FEA645C7FEA655C00F07F
:10757000E2804FEA5454D4EB5555B8BF6D420CDD50
:107580002C4480EA020281EA030382EA000083EAD3
:10759000010180EA020281EA0303362D88BF30BD73
:1075A00011F0004F4FEA01314FF4801C4CEA1131C9
:1075B00002D0404261EB410113F0004F4FEA033328
:1075C0004CEA133302D0524263EB430394EA050FB3
:1075D00000F0A780A4F10104D5F1200E0DDB02FA22
:1075E0000EFC22FA05F2801841F1000103FA0EF2B6
:1075F000801843FA05F359410EE0A5F120050EF17C
:10760000200E012A03FA0EFC28BF4CF0020C43FAAC
:1076100005F3C01851EBE37101F0004507D54FF0B9
:10762000000EDCF1000C7EEB00006EEB0101B1F509
:10763000801F1BD3B1F5001F0CD349085FEA30004F
:107640004FEA3C0C04F101044FEA445212F5800F5A
:1076500080F09A80BCF1004F08BF5FEA500C50F1F7
:10766000000041EB045141EA050130BD5FEA4C0CDA
:10767000404141EB0101013C28BFB1F5801FE9D237
:1076800091F0000F04BF01460020B1FA81F308BF5A
:107690002033A3F10B03B3F120020CDA0C3208DD26
:1076A00002F1140CC2F10C0201FA0CF021FA02F101
:1076B0000CE002F11402D8BFC2F1200C01FA02F171
:1076C00020FA0CFCDCBF41EA0C019040E41AA2BF96
:1076D00001EB0451294330BD6FEA04041F3C1CDA5E
:1076E0000C340EDC04F11404C4F1200220FA04F07E
:1076F00001FA02F340EA030021FA04F345EA030128
:1077000030BDC4F10C04C4F1200220FA02F001FAE9
:1077100004F340EA0300294630BD21FA04F029466B
:1077200030BD94F0000F83F4801306BF81F4801104
:107730000134013D4EE77FEA645C18BF7FEA655C77
:1077400029D094EA050F08BF90EA020F05D054EA49
:10775000000C04BF1946104630BD91EA030F1EBF4E
:107760000021002030BD5FEA545C05D14000494152
:1077700028BF41F0004130BD14F580043CBF01F545
:10778000801130BD01F0004545F0FE4141F470012B
:107790004FF0000030BD7FEA645C1ABF1946104606
:1077A0007FEA655C1CBF0B46024650EA013406BF07
:1077B00052EA033591EA030F41F4002130BD00BFC6
:1077C00090F0000F04BF0021704730B54FF4806483
:1077D00004F132044FF000054FF0000150E700BF04
:1077E00090F0000F04BF0021704730B54FF4806463
:1077F00004F1320410F0004548BF40424FF0000150
:107800003EE700BF42004FEAE2014FEA31014FEA92
:1078100002701FBF12F07F4393F07F4F81F06051E1
:10782000704732F07F4208BF704793F07F4F04BF2C
:1078300041F40021704730B54FF4607401F0004509
:1078400021F000411CE700BF50EA010208BF704769
:1078500030B54FF000050AE050EA010208BF70475A
:1078600030B511F0004502D5404261EB41014FF4C3
:10787000806404F132045FEA915C3FF4D8AE4FF0CB
:1078800003025FEADC0C18BF03325FEADC0C18BFAE
:10789000033202EBDC02C2F1200300FA03FC20FAFF
:1078A00002F001FA03FE40EA0E0021FA02F114444C
:1078B000BDE600BF53B94AB9002908BF00281CBF64
:1078C0004FF0FF314FF0FF3000F09CB9ADF1080CE4
:1078D0006DE904CE00F006F8DDF804E0DDE90223EE
:1078E00004B070472DE9F04782B00646DDF828E085
:1078F0000846B4460D46002B4ED18A4214466DD937
:10790000B2FA82F242B1C2F12003954026FA03F3A3
:1079100094401D4306FA02FC260CA7B2B5FBF6F113
:107920004FEA1C4306FB115543EA054301FB07F0F0
:10793000984209D9E31801F1FF3580F0038198429C
:1079400040F20081023923441B1A1FFA8CFCB3FB5E
:10795000F6F006FB10334CEA034C00FB07F36345DB
:107960000AD914EB0C0C00F1FF3580F0ED80634573
:1079700040F2EA80A444023840EA0140ACEB030C38
:107980000021BEF1000F04D02CFA02F30022CEE950
:10799000003202B0BDE8F0878B4209D9BEF1000F7A
:1079A00001D0CEE900610021084602B0BDE8F087B1
:1079B000B3FA83F1174600294DD1834202D3B24274
:1079C00000F20F81B6EB070C60EB030301201D46AC
:1079D000BEF1000FDDD0CEE900C5DAE7002A00F0E5
:1079E00098801A46B4FA84F3002B40F0AF800B1B4A
:1079F000270CA6B20121B3FBF7F54FEA1C4007FBA9
:107A0000153340EA034306FB05F8984507D9E31808
:107A100005F1FF3002D2984500F2E8800546A3EB5D
:107A200008031FFA8CFCB3FBF7F007FB10334CEA9A
:107A3000034C06FB00F3634508D914EB0C0C00F172
:107A4000FF3602D2634500F2CE803046ACEB030C29
:107A500040EA054095E7C1F120058B4022FA05FC7C
:107A60004CEA030C00FA01F426FA05F3E84002FAA6
:107A700001F943EA04084FEA1C4206FA01FAB0FB96
:107A8000F2F71FFA8CF602FB17004FEA184444EA9B
:107A9000004407FB06F0A0420AD91CEB040407F1DE
:107AA000FF3380F09C80A04240F29980023F644402
:107AB000241A1FFA88F3B4FBF2F002FB104443EAE5
:107AC000044300FB06F69E4209D91CEB030300F1B8
:107AD000FF3480F082809E427FD90238634440EABE
:107AE0000740A0FB09749B1BA3423E46A04664D3FB
:107AF00061D0BEF1000F0AD0BAEB060263EB0803B7
:107B000003FA05F5CA401543CB40CEE900530021E6
:107B10003FE7730843EAC1734A08190C41EA02417E
:107B20004FEAC67C9BB2B2FBF4F02646A04627463D
:107B30001F2243EA0143B1FBF4F1A3EB080341EA3E
:107B4000004158E72946FFE6284615E71A46C3F1E3
:107B500020019C4026FA01F320FA01F190400343F2
:107B6000270C06FA02FCB1FBF7F0A6B207FB1015D2
:107B7000190C41EA054100FB06F58D423BD961181D
:107B800001D28D4220D8491B0138B1FBF7F5019590
:107B900005FB06F8019D9BB207FB151143EA014363
:107BA000434526D2E31805F1FF31C6D24345C4D27E
:107BB000A91E2344C1E7BA459BD2B7EB090664EB83
:107BC0000C040138A04694E7651B29440238B1FB38
:107BD000F7F5019505FB06F8DCE720467FE71F4631
:107BE00066E70846F4E6A44402382FE7023D234442
:107BF00015E70199A1E7491BB1FBF7F5019505FBD5
:107C000006F8C7E7704700BF10B5A1FB021482B0A9
:107C100074BB00F045F8034670B350F8042C22F012
:107C20000302043A242A10D8132A16D91B2AC0E9C1
:107C300000441AD9242AC0E902440ABFC0E9044416
:107C400000F1100100F1180108E02146019000F058
:107C500015FF019B184602B010BD014600221846D0
:107C6000C1E900228A6002B010BD00F10801F5E709
:107C700001F026F80C2303600023184602B010BD63
:107C8000024B0146186800F00BB800BFBC2D002065
:107C9000024B0146186801F025BA00BFBC2D002038
:107CA0002DE9F04F01F10B02162A85B0804624D849
:107CB000102900F2AB8000F0C9FA02251821102229
:107CC000B74C2144A1F108004E68864200F0628161
:107CD0007268F168B46822F003023244E1608C609B
:107CE000516841F001014046516000F0B5FA06F1DB
:107CF0000804204605B0BDE8F08F32F0070200F11D
:107D00008580914200F28280019200F09FFA019AF0
:107D1000B2F5FC7FC0F0BA81570A7FD0042F00F281
:107D20007281970907F139052BB207F1380CDB0096
:107D30009B4C2344A3F108065B689E4207D10DE0EB
:107D40000028DF6880F21381BE4207D03B465968A5
:107D500021F00301881A0F28F2DD65462369914955
:107D60008B4200F0F1805E6826F00306B11A0F29FD
:107D700000F391818B480029C4E9040080F27981E5
:107D8000B6F5007F676880F01981F10801310FFABC
:107D900081FC76090121B14054F83C0098600F4302
:107DA00004EBCC010839D960676044F83C30C3600B
:107DB000AB1001269E40BE4236D83E4206D125F089
:107DC000030576003E4205F10405FAD004EBC50A2E
:107DD00004EBC507A946F9680EE0486820F0030ED9
:107DE000AEEB020CBCF10F0F0B46C96800F3188113
:107DF000BCF1000F80F22D818F42EED109F1010913
:107E000019F0030F07F10807E5D17FE10C23C8F84B
:107E100000300024204605B0BDE8F08F4FF4007319
:107E200040254FF03F0C83E7A768796821F00303F2
:107E300093429A4603D3991A0F2900F387805A492F
:107E40005A4E0968103111440820CDE9011200F0A2
:107E50006BFF01994B1E03444542834630681D4029
:107E6000B0F1FF3F18BF29464046019100F000FFE6
:107E7000411C0546DDE9011200F02B8107EB0A0CDD
:107E8000844500F224814A4B186800EB01090BF18C
:107E9000FF3EC3F8009000F08981306801301BBFBD
:107EA000A5EB0C0C09EB0C003560186015F0070011
:107EB000814600F04881C0F108000544CDE9012366
:107EC0006B1803EA0E015844401A00EA0E063146C8
:107ED00040469B4600F0CCFE421CDDE9012300F049
:107EE0009581401B304440F001011868A56000EB0B
:107EF0000609A7426960C3F8009017D0BAF10F0FC6
:107F000040F25E81AAF10C0121F0070C796801F0C2
:107F1000010141EA0C017960052607EB0C01BCF177
:107F20000F0FC1E9016600F263816968214B1E6889
:107F30004E4538BFC3F800901F4B1E684E4501D216
:107F4000C3F800902F46C6E0676831E7BD1841F0DE
:107F5000010142F001027A604046A560696000F0CC
:107F60007BF907F10804204605B0BDE8F08F9A6858
:107F700001931944D760BA604A6842F00102404652
:107F80004A6000F069F9019B03F10804204605B03E
:107F9000BDE8F08FCE68B1427FF49AAE0235DDE6DF
:107FA000F0220020F8220020848C0020A82D002040
:107FB000548C00207C8C0020808C0020B6F5206F33
:107FC0004FEA56207CD3142800F2D38000F15C01E4
:107FD00009B25B30C90004EB010C6158ACF1080C2C
:107FE0008C4503D1A8E089688C4504D0486820F00E
:107FF0000300B042F7D8D1F80CC0C3E9021CCCF89A
:108000000830CB60D4E6142F72D9542F00F2BA8016
:10801000170B07F16F052BB207F16E0CDB0087E63B
:108020009D1842F001025A609E68864AF1608E6097
:10803000C4E90455C5E902224CF001026A604046D9
:1080400043F80EC0019300F007F9019B03F1080407
:10805000E0E69E441C46DEF8043043F00103CEF80F
:10806000043054F8083F4046D9608B6000F0F4F8C3
:10807000D0E61E4440467268019342F001027260ED
:1080800000F0EAF8019B03F10804C3E6D508691C77
:1080900009B2C90014E69D1842F001025A60694A0B
:1080A0000193C4E90455C5E9022241F001026A6066
:1080B0004046995100F0D0F8019B03F10804A9E66D
:1080C000B00900F1390109B23830C90083E7A7428D
:1080D00063D0A768796821F003009042A0EB020109
:1080E00002D30F293FF732AF404600F0B5F890E6D3
:1080F00007F15C052BB207F15B0CDB0018E651467B
:1081000051F808398B428A4640F09A8015F0030FE7
:1081100005F1FF35F3D1636823EA06036360760057
:108120009E423FF681AE1EB97EE6760009F1040953
:108130001E42FAD04D4649E68010012606FA00F0AC
:108140000743676059E7CDE902236B1803EA0E0184
:10815000ABEB010606EA0E0631464046019300F0FD
:1081600087FD431C019B04BF4E461846DDE90223F0
:10817000B7E6542827D8300B00F16F0109B26E30F2
:10818000C90028E7B7F5AA7F27D8D70B07F17805EC
:108190002BB207F1770CDB00CAE52B4B186800EB1C
:1081A00001090BF1FF3EC3F8009076E615EA0E0FC9
:1081B0007FF473AEA568514441F001016960B5E6F2
:1081C00001236B6090E7B0F5AA7F25D8F00B00F192
:1081D000780109B27730C900FDE640F254539F425E
:1081E00024D8930C03F17D0503F17C0CEB009FE593
:1081F00007F108014046CDE9012300F073FFA568AF
:10820000029B6968D3F80090019A8FE6A9F10801F2
:108210000BEB0100002664E640F2545188420BD873
:10822000B00C00F17D01C9007C30D4E64FF47E73C0
:108230007F254FF07E0C7BE54FF47E717E20CAE6F1
:1082400063686CE7F8220020548C0020014800F09D
:1082500067BD00BF4C8C0020014800F063BD00BF2B
:108260004C8C0020DFF80CC00A460146DCF8000008
:1082700000F002B8BC2D0020002900F09F802DE9FD
:10828000F04383B00C4600928046FFF7DFFF009971
:1082900001F10B03162B60D81023994260D854F8D3
:1082A00004EC2EF003029A42A4F1080565DAB34803
:1082B000806805EB020C6045DCF8046000F09080FB
:1082C00026F0010060444068C0076CD426F0030625
:1082D000901983424CDD1EF0010F0FD154F8080CA9
:1082E000281A0746406820F0030006441644B342AB
:1082F00040F3EF801618B34240F3C9804046CDE901
:108300000023FFF7CDFCDDE900230646002800F03E
:10831000178154F8041C21F001012944A0F1080C34
:10832000614500F0AE80043A242A00F2CE80132A80
:1083300000F29C800346224611681960516859601A
:1083400092689A602146404600F0CCFE4046FFF716
:1083500083FF304603B0BDE8F08333F007039CD5BC
:108360000C23C8F800300026304603B0BDE8F08387
:108370000246DCE90201C16088606968D01A0F28F2
:1083800001F0010105EB02061BD811436960736817
:1083900043F0010373604046FFF75EFF2646304618
:1083A00003B0BDE8F0831EF0010FA7D154F8080C0C
:1083B000281A0746406820F003009BE71146FFF7A4
:1083C0006FBC19436960E91840F0010048607368A8
:1083D00043F0010308317360404600F083FEDAE7A2
:1083E00026F00306B01803F1100C604580F28B8074
:1083F0001EF0010F82D154F8080C281A0746406875
:1084000020F0030006441644B445B1463FF772AF6E
:108410003E46F96856F8080F043A242AC16088607D
:1084200000F2A580132A40F2A0802168B96061683B
:10843000F9601B2A00F2A480083407F110022168B9
:10844000116061685160A1689160F918A9EB03029D
:108450004A4D42F00102A9604A607A6802F00102C6
:10846000134340467B60FFF7F7FE98E723680360FD
:10847000636843601B2A3BD804F1080200F108033B
:108480005AE750F8041C21F003010A4475E7043A46
:108490003D46F96855F8080F242AC160886020D845
:1084A000132A1CD92168B9606168F9601B2A3DD87C
:1084B000083407F110022168116061685160A168F9
:1084C00091602C4632463D4657E7214600F044FA7B
:1084D00038E7DCE90201043AC1608860D8E72A463F
:1084E000E9E721462846009300F036FA009BE8E7CA
:1084F000A3688360E368C360242A25D004F11002D6
:1085000000F1100318E71D4A1D449560C21A42F09D
:1085100001026A6054F8042C02F001021343404641
:1085200044F8043CFFF798FE264638E7A168396115
:10853000E1687961242A10D0103407F11802BAE7F3
:108540004046FFF789FE0EE72369036161694161D7
:1085500004F1180200F11803EEE62269BA616269BB
:10856000FA61183407F12002A5E7324667E7214691
:108570003046009300F0F0F9009B66E7F0220020FF
:10858000A1683961E1687961242A03D0103407F1C8
:10859000180254E72269BA616269FA61183407F176
:1085A00020024CE713460A460146022000F002BDB5
:1085B000024A0349034800F0C9B800BFB02D0020AB
:1085C000AD9A0100F82600200C4B4168994210B585
:1085D000044601D003F0F8FAA168094B994202D091
:1085E000204603F0F1FAE168064B994204D0204698
:1085F000BDE8104003F0E8BA10BD00BF888C002031
:10860000F08C0020588D00202DE9F843314A324C7F
:108610003249DFF8DC90DFF8DC80314F1160002553
:1086200004232946082204F15C00C4E903352D4ED9
:10863000A560C4E90055C4E90555656600F01EFA59
:1086400004F15800C4E90749C4E90987E66200F06B
:1086500063FB2946244B6367082204F1C400C4E984
:108660001A55C4E91E552567C4F8CC50C4F880508B
:1086700000F004FA04F1680304F1C000C4F8843087
:10868000C4E92298C4E9247600F046FB174BC4F8ED
:10869000DC30294604F596700822C4E93455C4E953
:1086A0003855C4F8D850C4F83451C4F8E85000F034
:1086B000E5F904F1D003C4E93D87C4F8F09004F56E
:1086C0009470C4F8FC60C4F8EC30BDE8F84300F0E6
:1086D00023BB00BFC08D0020888C00209564010062
:1086E000396701005D670100090001001200020006
:1086F000D5660100F966010010B504460A4800F08D
:108700000FFB636B23B9094B094A1B68626323B1F2
:10871000BDE81040044800F005BBFFF775FFBDE859
:108720001040014800F0FEBA508C0020C08D00209F
:10873000AD640100014800F0F3BA00BF508C002086
:10874000014800F0EFBA00BF508C00202DE9F8433B
:108750000746884616464FF000097568013D11D45A
:10876000B468A389012B08D9B4F90E30013321462E
:10877000384602D0C04749EA0009013D6B1C04F1AC
:108780006804EED13668002EE7D14846BDE8F8838C
:108790000CB430B5144B0D1E1C689DB01FDB14BF0C
:1087A00001220022AA1A114B0593002121AB1B9133
:1087B000029006900492079202A9209A0193204603
:1087C00001F0B4F9431CBCBF8B23236015B1029B9D
:1087D00000221A701DB0BDE8304002B070478B23F4
:1087E00023604FF0FF30F5E7BC2D00200802FFFFAB
:1087F00010B50C46B1F90E1000F024FA002803DB86
:10880000236D0344236510BDA38923F48053A38102
:1088100010BD00BF2DE9F0411F46B1F90C301646DE
:10882000DA050C4605460BD423F48053A381B4F932
:108830000E103B4632462846BDE8F04100F02ABA09
:108840000223B1F90E10002200F0E6F9B4F90C3061
:10885000EAE700BF10B50C46B1F90E1000F0DCF9E4
:10886000B4F90C30421C0EBF23F4805343F4805300
:108870002065A38110BD00BFB1F90E1000F0BAB998
:1088800070B5ADF5067D0E46009313464FF40072A9
:10889000059206A905AA054600F028F898B10246F7
:1088A000059B03903146284600F0F4F9039A0590A1
:1088B00006AB9A4204D02846114600F013FC0598F6
:1088C0000DF5067D70BD4FF0FF30F9E700B5DFF81C
:1088D00018E084461346DEF800005DF804EB0A4613
:1088E0006146FFF7CDBF00BFBC2D002010B59AB088
:1088F00021B1D2F800C0BCF1000F1CD100214FF40F
:10890000227CADF80CC01991009104914FF6FF7CC8
:1089100002910591144669461A461C9BADF80EC09B
:1089200001F004F9002814DB009B206000221A707B
:1089300004981AB010BD0091049161464FF4C16CC7
:10894000ADF80CC04FF0000CCDF864C0DEDA8B231C
:10895000036000201AB010BD884270B531D98B1861
:1089600083422ED9032A00EB02011DD941EA030CF0
:108970001CF0030F1D4618D14FEA920C0CF1FF3684
:10898000A1EB8C048C4653F804ED4CF804EDA4459F
:10899000F9D1C6EB867301EB830105EB830CACF1D7
:1089A0000403043902F0030252B102F1FF3C6FEA02
:1089B0000C0C9C4413F8012D01F8012D6345F9D1ED
:1089C00070BD032A50D941EA00039B074ED10F2AFC
:1089D00051D922F00F0301F1100601F1100C103BE8
:1089E000203100F1100E19445CF8104C4EF8104C78
:1089F0005CF80C4C4EF80C4C5CF8084C4EF8084CEB
:108A00005CF8044C4EF8044C0CF1100C8C450EF143
:108A1000100EE9D1F11812F00C0F034402F00F050B
:108A200003F1100325D025F0030CACF10404264615
:108A30001A1F1C198C465CF804EB42F804EFA242A2
:108A4000F9D1043104333144334405F00302002AE0
:108A5000B6D0013A0132013B0A4411F801CB03F8C8
:108A600001CF9142F9D170BD0346F0E7013A0346C8
:108A7000F0E72A46EBE703461546D4E730B584070E
:108A80008646034606D0A2B303F8011B980702F1FD
:108A9000FF32F8D1032A26D95FFA81FC0CEB0C2CAB
:108AA0000F2A0CEB0C402AD922F00F0C9C44C3E98E
:108AB0000000C3E9020010336345F8D112F00C0F37
:108AC00002F00F0417D04FEA940C0CF1FF351A4650
:108AD00003EB8C0C42F8040B6245FBD1043304F029
:108AE000030203EB850322B11A4403F8011B9A42E7
:108AF000FBD1704630BD2246002AF5D1F9E7144675
:108B0000E1E700BF8AB340EA01039B0730B50446A2
:108B10008E4618D1032A07D815E0043A23D01CF05A
:108B2000803F20D1032A26D92368DEF80050A3F124
:108B30000131AB4221EA030C2046714604F10404E2
:108B40000EF1040EE9D003780C78A3420FD1013A5C
:108B5000024406E06BB110F8013F11F8014FA34247
:108B600005D19042F6D1002030BD10467047181B49
:108B700030BD184630BD20467146E4E710B50446C6
:108B80000843830701D1032A19D8A44601F1FF3E07
:108B900007E01EF8011F03F8011B501E31B19C466F
:108BA00002466346002AF4D1204610BD94440028B2
:108BB000FAD003F8011B6345FBD1204610BD0B46DC
:108BC000A44618681946A0F1013323EA000313F004
:108BD000803F01F10403D9D1043A032A4CF8040B75
:108BE000EFD81946D2E700BF014B93F81002704747
:108BF000542B002038B5074C002305460846236057
:108C0000FCF71EFE431C00D038BD2368002BFBD0B0
:108C10002B6038BD748E002038B58C46084C114648
:108C200005461A46604600232360FCF715FE431CE8
:108C300000D038BD2368002BFBD02B6038BD00BFAF
:108C4000748E002038B58C46084C114605461A46ED
:108C5000604600232360FCF7F1FD431C00D038BDC3
:108C60002368002BFBD02B6038BD00BF748E002022
:108C700038B5074C0023054608462360FCF7C6FDBF
:108C8000431C00D038BD2368002BFBD02B6038BDBF
:108C9000748E002038B58C46084C114605461A469D
:108CA000604600232360FBF7F1FC431C00D038BD75
:108CB0002368002BFBD02B6038BD00BF748E0020D2
:108CC000014B1868704700BFBC2D002070B50E4ED8
:108CD0000E4DAE4208D0761BB610002455F8043B6A
:108CE00001349847A642F9D8094E0A4D05F0E6FD31
:108CF000AE4208D0761BB610002455F8043B013470
:108D00009847A642F9D870BDF01D0060F01D0060C4
:108D1000081E0060F01D0060704700BF704700BF74
:108D2000704700BF704700BF082802D14FF4805041
:108D3000704708B5FFF7C4FF162303604FF0FF30FC
:108D400008BD00BF80EA0102844612F0030F4FD134
:108D500011F0030F32D14DF8044D11F0040F51F80A
:108D6000043B0BD0A3F101329A4312F0803F04BFC1
:108D70004CF8043B51F8043B16D100BF51F8044BAA
:108D8000A3F101329A4312F0803FA4F101320BD1DA
:108D90004CF8043BA24312F0803F04BF51F8043B5F
:108DA0004CF8044BEAD023460CF8013B13F0FF0FBC
:108DB0004FEA3323F8D15DF8044B704711F0010FEF
:108DC00006D011F8012B0CF8012B002A08BF7047C0
:108DD00011F0020FBFD031F8022B12F0FF0F16BFB7
:108DE0002CF8022B8CF8002012F47F4FB3D170477F
:108DF00011F8012B0CF8012B002AF9D1704700BFA4
:108E000000000000000000000000000001F0FF0171
:108E1000102A2BDB10F0070F08D010F8013B013AA5
:108E20008B422DD010F0070F42B3F6D1F0B441EAD7
:108E3000012141EA014122F007047FF000070023ED
:108E4000F0E80256083C85EA010586EA010685FA43
:108E500047F5A3FA87F586FA47F6A5FA87F68EB99D
:108E6000EED1F0BC01F0FF0102F0070232B110F8C0
:108E7000013B013A83EA010313B1F8D100207047A6
:108E800001387047002D06BF35460338073815F006
:108E9000010F07D1013015F4807F02BF013015F4B6
:108EA000C03F0130F0BC0138704700BF0000000037
:108EB00000000000000000000000000000000000B2
:108EC00000000000000000000000000000000000A2
:108ED00000000000000000000000000030B490F826
:108EE00000F020F007016FF0000C10F0070491F87B
:108EF00020F040F048804FF000046FF00700D1E907
:108F0000002391F840F000F1080082FA4CF2A4FA34
:108F10008CF283FA4CF3A2FA8CF34BBBD1E9022317
:108F200082FA4CF200F10800A4FA8CF283FA4CF3B6
:108F3000A2FA8CF3E3B9D1E9042382FA4CF200F1EE
:108F40000800A4FA8CF283FA4CF3A2FA8CF37BB9F2
:108F5000D1E9062301F1200182FA4CF200F1080068
:108F6000A4FA8CF283FA4CF3A2FA8CF3002BC6D04D
:108F7000002A04BF04301A4612BAB2FA82F200EB99
:108F8000D20030BC7047D1E9002304F00305C4F1DE
:108F900000004FEAC50514F0040F91F840F00CFAF8
:108FA00005F562EA05021CBF63EA050362464FF05D
:108FB0000004AAE7F0B51D4C83B005462068019176
:108FC00016461F46FFF7ACFE194A0199136823B3F2
:108FD0005A6820681F2A23DC4DB9541C02325C6099
:108FE00043F82210FFF79EFE002003B0F0BD03EB14
:108FF000820E0124CEF88860D3F88861944046EA56
:10900000040C022DC3F888C1CEF80871E5D1D3F85D
:109010008C512543C3F88C51DFE7064B1360D7E72B
:10902000FFF780FE4FF0FF30DFE700BF482B002046
:10903000B48A0020B88A0020F8B5064608200C46FD
:10904000FFF772FE07463046FFF700F9224A9368A1
:109050005D6825F00305A5F111031C1B3C44B4FB1E
:10906000F7F4013C07FB04F4A74208DC002130467A
:10907000FFF7FEFD184A93682B44984204D030460F
:10908000FFF7EAF80020F8BD61423046FFF7F0FD37
:109090000130114A0DD0114993682D1B45F001058F
:1090A0005D600B6830461B1B0B60FFF7D5F8012095
:1090B000F8BD00213046FFF7DBFD074A9268831AAE
:1090C0000F2BDCDD43F001035360054B03491B68A4
:1090D000C01A0860D3E700BFF0220020548C0020A3
:1090E000A82D0020002965D02DE9F0410C46074647
:1090F000FFF7ACF854F804EC7D49A4F1080C2EF00D
:1091000001030CEB03028D685068954220F00300C8
:109110000EF0010600F08B80151850606D6805F0A8
:109120000105A846AEBB54F8084CACEB040C234434
:10913000DCF8084001F1080E74456BD0DCF80C50E7
:10914000E560AC60B8F1000F00F08C8043F00100E6
:10915000CCF804001360B3F5007F35D2DA08486814
:109160005C090132012312B2A34003434B6051F862
:109170003200CCF8080001EBC203083BCCF80C30FD
:1091800041F832C0C0F80CC03846BDE8F041FFF7E6
:1091900063B885B9034401F1080E9068704543F047
:1091A00001047AD0D268C2609060CCF804404CF8D8
:1091B0000330D0E770474EF00102B3F5007F44F86A
:1091C000042C4CF80330C9D3B3F5206F4FEA532079
:1091D0004AD2980900F1390212B200F13804D200E3
:1091E00088188A580838904203D15FE0926890420C
:1091F00004D0516821F003019942F7D8D068CCE936
:109200000220C0F808C03846C2F80CC0BDE8F041E2
:10921000FFF722B8A5BB1844D2E90223D3609A60B5
:1092200040F00103CCF804304CF80000ACE71844DF
:1092300046B954F8083CACEB030C1844DCE90223B3
:10924000D3609A6040F00103CCF80430294BC1F898
:1092500008C01B68834297D8274B38461968FFF728
:10926000EBFE91E7034498E714280FD9542824D83B
:10927000180B00F16F0212B200F16E04D200AFE7DA
:1092800043F00101CCF8041013607DE700F15C02AB
:1092900012B200F15B04D200A2E7C1E904CCCCE930
:1092A00002EECCF804404CF803306DE7A410012323
:1092B000A3404C6823434B60A1E7B0F5AA7F07D8D1
:1092C000D80B00F1780212B200F17704D20087E7E0
:1092D00040F25452904206D8980C00F17D0200F101
:1092E0007C04D2007CE74FF47E727E2478E700BFD6
:1092F000F0220020AC2D0020848C002082B049B1E7
:109300005AB16BB113780B601278101E18BF012090
:1093100002B0704701A9002AF3D1104602B070478D
:109320006FF00100F4E700BF30B5436C83B0054631
:109330000C4653B153F8240088B1026843F8242046
:109340000023C0E9033303B030BD21220421FEF71E
:109350005BFC034668640028ECD10020F3E70121A0
:1093600001FA04F35A1D920028460193FEF74CFCC3
:109370000028F2D0019B44608360E1E731B1436C87
:109380004A6853F82200086043F82210704700BF73
:109390002DE9F0410E6917460D461C4601F11402F5
:1093A0004FF0000E11688BB207FB03434FEA134CDA
:1093B000090C07FB01CC0EF1010E9BB203EB0C4331
:1093C000764542F8043B4FEA1C44EBDC3CB1AB6809
:1093D000B34207DD05EB860301365C612E6128464A
:1093E000BDE8F081696801318046FFF79DFF0746BF
:1093F000B0B12A69023205F10C0192000C30FCF781
:1094000073F8D8F844306A6853F82210296043F89A
:1094100022503D4605EB860301365C612E61DEE796
:10942000024B03483A46BA2102F04CFD401000209E
:1094300054100020B0F5803F034636BF03040020DF
:109440001020B3F1807F3CBF1B020830B3F1805F76
:1094500006D3B3F1804F0FD29A0012D40330704775
:109460001A01B2F1804F00F1040006D29B0108D42A
:109470005B00F3D4202070471A46002AFBDB013042
:1094800070470230704700BF0368590708D0DA07F9
:109490001FD499072AD55B08036001221046704744
:1094A0009AB282B91B0CDAB2B2B11022190701D1FB
:1094B00004321B09990714D0D90701D401325B0883
:1094C000036010467047DAB24AB11A0717D1042276
:1094D000EFE700221046704718221B0AE6E7082231
:1094E000FBE7590707D502329B08E9E79B080222F0
:1094F000036010467047DB0804D12022CEE7DB086A
:109500000322DDE70332DBE738B5436C04460D4642
:109510004BB15868B0B102685A6000220123C0E91B
:109520000323456138BD21220421FEF76DFB03466C
:1095300060640028EDD1094B0948002240F2451132
:1095400002F0C0FC1C2201212046FEF75DFB002832
:10955000F1D001220223C0E90123DEE74010002000
:10956000541000202DE9F04F0F691569AF4285B006
:109570000E46904605DB2A4643463D46884617463A
:109580001E46D8F80830D8F80410EC19A342B8BF2A
:109590000131FFF7C9FE8446002800F09C8014309A
:1095A00000EB840E704505D20346002143F8041BEE
:1095B0009E45FBD8143606EB870296427CD208F112
:1095C000140707EB8505A5EB080308F11508A84566
:1095D000A3F11503CDE902E44FEA930A8CBF0024FE
:1095E00001249146E34605E0090C34D1B14500F170
:1095F00004005ED956F8041B8AB2002AF4D0CDE9E3
:109600000090B8468646002358F8041BDEF8000098
:109610001FFA81F94FEA114C81B202FB0911000CCB
:10962000194402FB0C0000EB114089B241EA0041F1
:1096300045454EF8041B4FEA1043E5D8DDE900909C
:10964000002C4FEA8A0208BF00220244536056F8F9
:10965000041C090CCAD00368CDF800908846BC46AB
:10966000864600221946BCF8009008FB092909EB40
:1096700011499BB243EA09434EF8043B5CF8043BB2
:10968000DEF800101B0C8AB208FB032303EB19431E
:1096900065454FEA1342E6D8002C4FEA8A02DDF80E
:1096A000009008BF00220244B145536000F104005D
:1096B000A0D8DDE902E4DC46002C02DC05E0013C38
:1096C00003D05EF8043D002BF9D06046CCF8104082
:1096D00005B0BDE8F08F034B034862464FF4B1710B
:1096E00002F0F0FB4010002054100020F8B512F0FA
:1096F0000303144607462FD10E46A4102AD03D6C12
:10970000002D32D004F0010364103BB92868B8B1D1
:10971000054604F001036410002BF7D02A463146B9
:109720003846FFF71FFF36B17B6C716853F8212074
:10973000326043F8216074B1064628680028E7D1FA
:109740002A4629463846FFF70DFF002328600360AC
:109750000546DEE73046F8BD013B0F4A52F82320AC
:109760000023FFF715FE0646C7E701213846FFF73D
:10977000DBFD054640B1012340F27122C0E904320D
:10978000002338640360BDE7044B05482A4640F2D5
:10979000451102F097FB00BFEC2100204010002093
:1097A000541000202DE9F0470D4691462E69AB6814
:1097B000496806EB6216741C9C4207464FEA621821
:1097C00004DD5B009C4201F10101FADC3846FFF741
:1097D000ABFD844600284FD0B8F1000F00F1140013
:1097E0000BDD08F105010CEB81010346002243F873
:1097F000042B8B42FBD100EB8800296905F114038F
:1098000019F01F0803EB810E2ED0C8F12009024683
:109810004FF0000A196801FA08F141EA0A0142F81A
:10982000041B53F8041B9E4521FA09FAF2D8AEEB4B
:109830000503153B23F0030305F11502964538BFD8
:109840000023043340F803A0BAF1000F00D13446DE
:109850007B6C6A68CCF8104053F82210296060468F
:1098600043F82250BDE8F087043853F8042B40F841
:10987000042F9E45F9D8EAE7034B044862464FF4AB
:10988000EF7102F01FFB00BF4010002054100020B9
:1098900003690A6900B5B3EB020E12D100F1140C92
:1098A00014310CEB820301EB820101E09C4508D2EC
:1098B00053F8040D51F8042D9042F7D003D24FF025
:1098C000FF3E704600BD4FF0010E704600BD00BF68
:1098D0002DE9F04F17460A693B69A2EB0308B8F17E
:1098E000000F83B00C4615D1143107F1140505EBB8
:1098F000830501EB830302E0994280F0858053F8F1
:10990000046D55F8042D9642F6D080F08A804FF011
:10991000010805E0FBDB3B464FF000080F461C4604
:109920007968FFF701FD002800F086803A69266912
:10993000C0F80C8007F1100107F11408834600F10C
:10994000140704F1140008EB820E944600EB86061F
:109950000023B946C2460A46019450F8041B52F847
:10996000045F8CB21FFA85F8A8EB0408090C984430
:10997000C1EB154101EB28411FFA88F848EA014480
:10998000864249F8044B4FEA2143E6D8A146019CA0
:10999000301B1538153420F00300A64238BF0020D4
:1099A0000AEB00010431C4198E4562460846DC46C4
:1099B00098BF23461AD9A7EB0A070434C61950F8F2
:1099C000045B13FA85F82B442D0C05EB28459BB25C
:1099D00043EA05498645C6F800904FEA2543EDD88D
:1099E0000EF1FF335B1A23F003032344B9F1000F98
:1099F00004D153F8041D013A0029FAD06046CCF88E
:109A0000102003B0BDE8F08F0021FFF78DFC8446E5
:109A100058B101220023C0E90423604603B0BDE829
:109A2000F08F3B4627461C467AE7074B07486246BD
:109A300040F2372102F046FA0246034B034840F257
:109A4000452102F03FFA00BF4010002054100020D2
:109A50002DE9F043894683B0012157EC106B904605
:109A6000FFF762FC0446002846D0C7F30A55C7F347
:109A700013030DB143F480130193331E15D101A8D4
:109A8000FFF702FD019B636101212030216115B3C5
:109A9000A5F233450544C0F13500C9F80050C8F8B7
:109AA0000000204603B0BDE8F08368460093FFF74E
:109AB000EBFCDDE9002328B1C0F1200103FA01F13C
:109AC0000A43C340002B0CBF012102216261A36144
:109AD0002161002DDCD104EB8103A0F23240C9F8F2
:109AE00000001869FFF7A6FCC0EB4110C8F80000A1
:109AF000204603B0BDE8F083034B0448224640F201
:109B00000F3102F0DFF900BF401000205410002098
:109B100049B1FF2A02D80A70012070478A230360E6
:109B20004FF0FF3070470846704700BF2DE9F04FF7
:109B30002DED028BD1B00C460791904609938246D9
:109B400002F076F9036811931846FFF7C7F9082267
:109B50001090002120A8FEF791FFA389180603D5D5
:109B60002369002B01F06E8000239FED728BCDE9FD
:109B70002533CDE9143327AA0D9324921746129367
:109B80001393059345462C466C4BD3F8CC61FFF7F5
:109B90002BF820AA034600921AA922465046B04745
:109BA000002800F09880C0F28E801A9A252A034679
:109BB00001D01C44E8E7B4EB0508064640F08F806E
:109BC00000234FF0FF328DF85F309B46069301343F
:109BD0002378049201349946A9F120035A2B00F20C
:109BE000AF80DFE813F0FE02AD00AD00FA02AD0079
:109BF000AD00AD00DD02AD00AD00A802B702AD00C2
:109C0000B302C002AD00BC025B005B005B005B0006
:109C10005B005B005B005B005B00AD00AD00AD0076
:109C2000AD00AD00AD00AD002101AD009C01AC0365
:109C3000210121012101AD00AD00AD00AD00A8035F
:109C4000AD00AD000803AD00AD00AD007302AD0086
:109C50006103AD00AD009807AD00AD00AD00AD00F3
:109C6000AD00AD00AD00AD002101AD009C0187014C
:109C7000210121012101ED0387016C00AD000804E1
:109C8000AD00F8033D0413046C00AD0073026A00DC
:109C90008303AD00AD00FB07AD006A00A9F13003FE
:109CA000002214F8019B02EB820203EB4202A9F1AD
:109CB0003003092BF5D906928EE723788AE72378BB
:109CC0004BF0200B86E70822002120A8FEF7D6FEE5
:109CD00001231C4458E7B4EB0508064610D025992B
:109CE000269B013143440729C7E900582693259153
:109CF00017DC0837059B43440593002E7FF460AFC3
:109D0000269B002B41F00383079B9B8903F04003B4
:109D1000002B41F0CF86059851B0BDEC028BBDE819
:109D2000F08F079924AA504601F022FF0028EBD1BA
:109D300027AFDFE70000000000000000542B0020E8
:109D4000B9F1000FDCD00023CDE90B3301228DF8EF
:109D5000DC908DF85F3008930A9204930E9337AD30
:109D60000292269A1BF08403904600F005819DF82C
:109D70005F1009B3DDF894C000260CF10101012049
:109D80000132786007290DF15F00CDE925123860B6
:109D900000F33E8408377EB1DDF894C00CF1010178
:109DA00018A80232386007294FF00200CDE92512C9
:109DB000786000F320840837802B00F06583049BD3
:109DC0000A995E1A002E00F3E8801BF4807F40F0B1
:109DD00021810A9B7B601A44259B3D600133072B40
:109DE0002692259300F3BC8308371BF0040F05D09F
:109DF000069B02995D1A002D00F31884DDE90531F8
:109E000002988142ACBF5B181B180593002A40F0F2
:109E1000778300232593089B1BB108995046FFF7D1
:109E200061F927AF2546AEE6099B073323F0070308
:109E3000B3EC028B9FEDA17BB0EEC86BB4EE476B29
:109E4000F1EE10FA099300F33986B4EE488BF1EE87
:109E500010FA81F14685B9F1610F01F07A83B9F109
:109E6000410F01F07084049B013301F07F82B9F14E
:109E7000670F18EE903A4BF4807801F0F584B9F151
:109E8000470F01F0F1840023089318EE903A002B5D
:109E9000C1F20885B0EE487B0026A9F14103252BCD
:109EA00001F2DD81DFE813F0A50CDB09DB09DB093A
:109EB000700ADD0ADB09DB09DB09DB09DB09DB09E9
:109EC000DB09DB09DB09DB09DB09DB09DB09DB0972
:109ED000DB09DB09DB09DB09DB09DB09DB09DB0962
:109EE000DB09DB09DB09DB09A50CDB09DB09DB0985
:109EF000700ADD0A1BF0200F40F0DE85099A1BF086
:109F0000100F52F8046B41F01C861BF0400F0992B1
:109F100001F08E8046F3C038434636B21FE2B9F1F5
:109F2000430F03D01BF0100F00F0658608220021BC
:109F300022A8FEF7A3FD099A37AD126822AB294685
:109F4000504602F089FF0A90013001F0AE850A9B6D
:109F500023EAE3730293099B269A043309930023AF
:109F6000CDE90B338DF85F30089304930E931BF00B
:109F7000840390467FF4FBAE0699029E8E1B002E52
:109F800000F321849DF85F1000297FF4F3AE049B59
:109F90000A995E1A002E7FF718AF4A49259B0F9148
:109FA000102E27DD39464FF0100837462E4625463D
:109FB000079C04E0103F102F01F1080116DD01336A
:109FC00040481032072BC1E90008CDE92532F1DD08
:109FD00024AA2146504601F0CBFD002840F098828B
:109FE000103F102FDDE9253227A9E8DC2C46354645
:109FF0003E460F4601330F9939603244072BCDE9B5
:10A0000025327E6000F364841BF4807F07F108072B
:10A010003FF4DFAEB9F1650F40F3AC82B5EE408B93
:10A02000F1EE10FA40F05283259B27493960013345
:10A0300001320121072B26922593796000F37F8757
:10A040000837199B0D998B4280F2EB84109B119974
:10A050001A44C7E90013259B26920133072B259349
:10A0600000F3D38508370D9B5D1E002D7FF7BDAE35
:10A070001449259B0F91102D40F39787A146DDF8D9
:10A080001C8010260C4604E00837103D102D40F3CC
:10A090008B8701331032072BC7E90046CDE9253203
:10A0A000F2DD24AA4146504601F062FD002840F04E
:10A0B0002F82DDE9253227AFE7E700BFFFFFFFFF73
:10A0C000FFFFEF7FCC220020740A0020DDF82480FF
:10A0D00058F8045B00238DF85F30002D00F0A18557
:10A0E000B9F1530F00F037871BF010030B9340F0CA
:10A0F0003287049B002BC1F2FC801A460B9928463C
:10A10000FEF784FE9DF85F300890002801F0488437
:10A11000089A521B0A9222EAE27202920BB10132B1
:10A1200002920B9BCDF8248004930E930C9308931A
:10A130004FF0730915E6099B53F8042B0692002A89
:10A1400080F27584069A09935242069223784BF066
:10A15000040B3FE52B238DF85F3023783AE5237815
:10A160004BF0800B36E5214611F8019BB9F12A0F1F
:10A1700001F09084A9F13003092B98BF002201F26D
:10A18000DD8211F8019B02EB820203EB4202A9F18E
:10A190003003092BF5D942EAE27304930C461BE520
:10A1A000504601F045FE436813931846FEF796FEAD
:10A1B00015900646504601F03BFE826823781492C3
:10A1C000002E3FF407AD002A3FF404AD1278002AB8
:10A1D0003FF400AD4BF4806BFCE423784BF0010BB3
:10A1E000F8E49DF85F202378002A7FF4F3AC202266
:10A1F0008DF85F20EEE41BF0200F4BF0100000F014
:10A200002884099B073323F007031A46596852F83C
:10A21000083B099200228DF85F20049A002A18DB7F
:10A2200053EA010220F4906B15D1049A9AB910F008
:10A2300001031A46029300F0738630238DF83F31F4
:10A24000049B0A92CDE90B330E9308930DF23F1550
:10A2500087E520F4806B50AD03F00702DB0843EA8A
:10A260004173C908303253EA0106284605F8012D2A
:10A27000F2D11BF0010F00F01582302A00F012829B
:10A280003023049905F8013C023850AB1B1A99425F
:10A290004FF00002B8BF1946CDE90B2208920A938D
:10A2A000054602910E925CE51BF0200F4BF0100169
:10A2B00021D1099B1A1D099B04981B684FF00008C7
:10A2C00040458DF85F801E4659DB21F0800B002B46
:10A2D00040F08C850992002840F0E983CDE90B001D
:10A2E0000A900E900290089050AD3AE51BF0200FB6
:10A2F00000F0BE835946099B073323F00702002371
:10A300008DF85F30049BD2F8048052F8086B0992F4
:10A31000002B35DB56EA080321F0800B31D1049B7A
:10A32000002B40F0C483CDE90B330A930E930293C4
:10A33000089350AD15E523784BF0080B4AE41BF069
:10A34000200F4BF0100300F07A83099A073222F0B5
:10A3500007029B46536852F8086B09929846002BF7
:10A36000C0F2C282049A002A0BDB56EA08032BF0E3
:10A37000800B06D1002A00F04187302607E00992C1
:10A380008B460A2E78F1000380F0BF823036049AA3
:10A390009DF85F308DF83F61012AB8BF012202921B
:10A3A00001220A920DF23F15002B01F06D83029BF2
:10A3B000013302930023CDE90B3308930E93D0E4CD
:10A3C0002378682B03BF63784BF4007B01344BF098
:10A3D000400BFFF7FFBB099A1BF0200F02F10403AB
:10A3E00000F08883126805991160C91751600993BC
:10A3F0002546FFF7C8BB23786C2B03BF63784BF06F
:10A40000200B01344BF0100BFFF7E4BB099A049EBC
:10A4100052F8041B002047F630038642ADF8603046
:10A420008DF85F000B46C0F2DB832BF0800545F012
:10A43000020B002940F0D683002E00F0E686099238
:10A4400030230122CDE90A210E918DF83F31029689
:10A450000DF23F154FF078098E4608910C91A5E357
:10A460001BF0200F40F02583099A1BF0100F52F8C3
:10A47000043B41F05E831BF0400F00F0E9859BB286
:10A48000099258460021C5E6069B02995E1A002EE5
:10A490007FF795AC8B49259B0F91102E24DD384614
:10A4A0004FF010082F4619462546864C04E0103E12
:10A4B000102E00F1080013DD013110320729C0E928
:10A4C0000048CDE92512F2DD079924AA504601F093
:10A4D0004FFBE8B9103E102EDDE9251227A8EBDC72
:10A4E0002C460B463D46074601330F9939603244EE
:10A4F000072BCDE925327E6000F3638508375EE4E3
:10A50000079924AA504601F033FB00283FF481ACA0
:10A51000089B002B3FF4F8AB08995046FEF7E2FD8C
:10A52000079B9B8903F04003FFF7F2BB109B119937
:10A530001A44C7E90013259B26920133072B259364
:10A5400000F3068707F108010028C1F21E810D986B
:10A550000D6001330244072BCDE92532486046DD0A
:10A56000079924AA504601F003FB0028D0D1269A6F
:10A5700027AF3AE40D98259B012802F1010203F16F
:10A58000010307F1080140F364810120072BCDE9A5
:10A5900025323D60786000F32C821098119E0133C3
:10A5A0000244072BC1E90060CDE9253200F32D827A
:10A5B00008310D98B5EE408BF1EE10FA00F1FF3640
:10A5C00000F05F81013301353244072BCDE925329C
:10A5D0000D604E6000F349810831129848600133E4
:10A5E0000244072B1CA8CDE925320860B8DC01F134
:10A5F0000807FFF7FABB07990F9324AA504601F00A
:10A60000B7FA002884D1269A0F9B27AFFFF7D4BB57
:10A6100007990F9324AA504601F0AAFA00287FF464
:10A6200077AF269A0F9B27AFFFF7B5BB102D259B61
:10A6300041F3D580A046DDF81C90234C102604E0A1
:10A64000103D102D07F1080715DD01331032072BDF
:10A65000C7E90046CDE92532F2DD24AA4946504635
:10A6600001F086FA00287FF453AF103D102DDDE98C
:10A67000253227AFE9DC21464446884601332A4487
:10A68000072BC7E90085CDE925327FF7B7AB0799DE
:10A6900024AA504601F06CFA00287FF439AF269ABC
:10A6A000FFF7ACBB049950AA521B91424FF0000334
:10A6B000B8BF1146CDE90B3308930A9202910E936D
:10A6C000FFF74FBBCC220020FC1D0020199800286A
:10A6D00040F300840B9B0D998B42A8BF0B46002BC7
:10A6E00098460ADD1A44C7E90053259B2692013398
:10A6F000072B259300F3B48708370B9EB8F1000FA2
:10A70000A8BFA6EB0806002E00F3AB820B9B1BF440
:10A71000806F03EB050940F0CA82199B0D998B42AB
:10A7200003DB1BF0010F00F07D85109911980A449E
:10A73000C7E900012599269201310729259100F3E7
:10A740009B8708370D996E18A6EB0906CD1AAE4205
:10A75000A8BF2E46002E0BDD259BC7F800900133C5
:10A760003244072B7E602692259300F3D387083767
:10A77000002EA8BFAD1B002D7FF737ABB949259B35
:10A780000F91102D40F31184A146DDF81C80102696
:10A790000C4604E00837103D102D40F305840133CA
:10A7A0001032072BC7E90046CDE92532F2DD24AA95
:10A7B0004146504601F0DCF900287FF4A9AEDDE9FE
:10A7C000253227AFE7E72599102E404640F36187F1
:10A7D0000F943A46A846079CA34D1F4604E0103E3E
:10A7E000102E02F1080216DD013110301023072966
:10A7F000CDE9251015605360F1DD24AA21465046AD
:10A8000001F0B6F900287FF483AE103E102EDDE98A
:10A81000251027AAE8DC3B460F9C17462A464546EA
:10A82000904601F1010C3218BCF1070FCDE925C2A9
:10A83000C7F800807E6000F336839DF85F1008370C
:10A84000002940F0F880002B3FF4B9AA0B46FFF72F
:10A85000A5BA1BF0010F7FF498AE0120072BCDE9BC
:10A8600025323D6078607FF7B8AE079924AA50463C
:10A8700001F07EF900287FF44BAEDDE9253227A9EF
:10A88000ABE60D9801287FF7A8AE112875480F9008
:10A8900040F3B783A046079F1025044604E0083123
:10A8A000103E102E40F3AC8301331032072BC1E968
:10A8B0000045CDE92532F2DD24AA3946504601F0A3
:10A8C00057F900287FF424AEDDE9253227A9E7E710
:10A8D000079924AA504601F04BF900287FF418AEDE
:10A8E000269A27AFFFF771BA2D238DF85F30049BAE
:10A8F000764268EB4808002BFFF643AD0A2E78F14C
:10A9000000032BF0800BFFF441AD0294CDF82890AA
:10A9100050A9DDF8509008974FF0000C0BF48064BC
:10A9200026E016EB0803514843F10003A0FB032087
:10A9300020F0030202EB90029B1AF31A4B484FF0EF
:10A94000CC32B646474602FB03F268F1000800FB32
:10A950000822A3FB0063BEF10A0F13444FEA560618
:10A9600077F10007294646EAC3764FEA53082DD30C
:10A970003E4D16EB080343F10003A5FB032020F036
:10A98000030202EB90029B1AF31AA3FB053268F153
:10A99000000005FB00225B0843EAC27303EB83035C
:10A9A000A6EB430330330CF1010C01F8013C4D1EC2
:10A9B000002CB6D099F800306345B2D1BCF1FF0F3E
:10A9C000AFD00A2E78F1000380F0B3830499029C83
:10A9D000CDF8509050AB5A1B9142B8BF1146DDF8EC
:10A9E0002890089F9DF85F30CDF834C00A920291FC
:10A9F000DAE4079924AA504601F0BAF800287FF457
:10AA000087ADDDE9253227A9C7E5079924AA504675
:10AA100001F0AEF800287FF47BADDDE9253227A9EF
:10AA2000C7E51BF0010F3FF4E0A9FFF70FBB099347
:10AA30002378FFF7CFB81E460023FFF79EB9099A87
:10AA40000432099909920E684FEAE6789B4643461C
:10AA500085E4099B1A1D099B09921B680021FFF7D9
:10AA6000D9BB00BFCC220020FC1D0020CDCCCCCC1B
:10AA7000099A1BF0100052F8043B41F057801BF07C
:10AA8000400100F0A8818DF85F009BB204994FF05F
:10AA9000000841451E46C0F2A9812BF0800B002B17
:10AAA00040F0A481049B0992002B3FF43CAC0026AB
:10AAB0006CE45846FFF7A5BB5B4646E4B5EEC08B99
:10AAC000F1EE10FA2BF0800B00F11E839DF85F3041
:10AAD000B9F1470FCCBFA44DA44D002B40F05287D5
:10AAE0000322CDE90B3308930A9204930E9302924A
:10AAF000FFF737B91BF0100F40F07C821BF0400FBE
:10AB000040F0A7831BF4007F00F07482099A059936
:10AB1000126811706BE4964E1BF0200F00F07D81DF
:10AB2000099B073323F007031A46586852F8083B7D
:10AB300009921BF0010140F05C81049A8DF85F10CE
:10AB4000002AC0F28B8153EA00022BF4906B00F0D4
:10AB5000948103F00F02B25C8DF83F211B0943EA98
:10AB60000073020953EA10100DF23F150BD003F0E9
:10AB70000F001B09305C05F8010D43EA027312094E
:10AB800053EA0200F3D1049A50AB4FF0000E5B1B66
:10AB90009A42CDE90BEEB8BF1A460A930292CDF85D
:10ABA00020E0CDF838E000293FF4DBA8029BDDE986
:10ABB00025C2023302931BF084039046614604D100
:10ABC000069E0298361A002E06DCBEF1000F3FF4F6
:10ABD000E5A80226FFF7D1B80223F5E5654E9BE70D
:10ABE0004BF0020B0992634E03F00F020221B25C9C
:10ABF0004FF07809B0E7099B1B688DF8DC30012322
:10AC000002930A9337ADFFF7A6B9079924AA5046D5
:10AC100000F0AEFF00287FF47BAC269A27AFFFF749
:10AC200022BA049B0895062B28BF062302930A9399
:10AC30002B460495CDE90B334F4DCDF824800E9370
:10AC4000FFF78FB840215046FDF72AF8079B1860A0
:10AC50001861002800F06087079A40235361FEF7CF
:10AC600083BF102E259B40F32E874448DDF81C80BF
:10AC70000F9039464FF01009074604E00831103EA6
:10AC8000102E40F32B8201331032072BC1E90079DB
:10AC9000CDE92532F2DD24AA4146504600F068FF96
:10ACA00000287FF435ACDDE9253227A9E7E70D9BC5
:10ACB000DDF83880CDF83CB0EB1804930C9BDDF840
:10ACC0001CB00B94002B4E463946DDF85090159F72
:10ACD0000E9531DDB8F1000F40F32B8108F1FF38FC
:10ACE0002598139B01303A440728C1E90037269282
:10ACF000259000F39F800831049B99F800009D1B6C
:10AD00008542A8BF0546002D0CDD259801302A4458
:10AD10000728C1E900652692259000F35E8199F825
:10AD200000000831002DACBF441B0446002C14DC8D
:10AD300006440C9B002BCDDCB8F1000FCEDCDDE926
:10AD40000D35EB189E42CDF850900B9CDDF83CB0D1
:10AD5000B1460F4628BF9946DFE4102C2598074BD3
:10AD60002BDD10250A9310E0F40F0020B010002016
:10AD7000CC100020B8100020E0100020CC220020D1
:10AD8000103C102C01F1080116DD0130AE4B1032E1
:10AD90000728C1E90035CDE92502F1DD24AA59468D
:10ADA000504600F0E5FE00287FF4B2AB103C102CBA
:10ADB000DDE9250227A9E8DC0A9B0B60013022446B
:10ADC0000728CDE925024C6000F3588399F800006C
:10ADD00008310644ADE71BF4007840F03282049954
:10ADE0008DF85F8000291E46BFF657AE0992FFF727
:10ADF000C8BA53EA000237D030228DF86020002212
:10AE00008DF85F20049A8DF86190002A23DB2BF4E3
:10AE1000906242F0020B02219BE6099A1BF0100F90
:10AE200052F8043B099214D11BF0400F0DD09BB295
:10AE300000207EE624AA5946504600F099FE0028DC
:10AE40007FF466AB269A27A956E71BF4007F40F0F3
:10AE5000F58100206DE64BF0020B022103F00F029A
:10AE60002BF4806BB25C77E6049B00218B428DF85B
:10AE70005F10C0F241812BF4906B049A002A00F01D
:10AE8000CB80012A33788DF83F31B8BF01220023EF
:10AE900002920122CDE90B3308930A920E930DF230
:10AEA0003F15FEF75EBF07990F9324AA504600F0A6
:10AEB0005FFE00287FF42CAB9DF85F10269A0F9B55
:10AEC000002900F0AC801E46DDF894C0034627AF91
:10AED000FEF753BF259B5D493960013301320121E3
:10AEE000072B26922593796000F37C810837002890
:10AEF0007FF41CAB0D990BF001030B433EF475AFCF
:10AF0000109B11991A44C7E90013259B269201331F
:10AF1000072B259300F31C8207F10801FFF717BBED
:10AF2000049B0A93CDE90B330E93089350ADFEF7C3
:10AF300018BF0C9B013B09F1FF390C93D0E6079930
:10AF400024AA504600F014FE00287FF4E1AA269AB5
:10AF500027AFFFF776B80822002122A81B95FDF73E
:10AF60008DFD049B002B7DDB00260294CDF8208014
:10AF7000344698460EE037A9504601F06DFF411C5B
:10AF8000204400F09484404509DC06F1040600F0FA
:10AF9000008504461B9A925922AB002AEBD10A94F1
:10AFA000DDF82080029C6AE04C4601330F9939603D
:10AFB0002A44072B7D60CDE925327EF715AFFFF7D8
:10AFC000CFBA079924AA504600F0D2FD00287FF49A
:10AFD0009FAA269A27AFFEF7F2BE24AA59465046EA
:10AFE00000F0C6FD00287FF493AA99F80000269A85
:10AFF00027A997E6099A059912681160FFF7F7B932
:10B00000444601330F9808603244072BCDE92532BE
:10B010004E607FF7E1AA28E4049BFFF784B9002B78
:10B0200000F00981DDF894C00B4627AFFEF7B6BEED
:10B030001BF4007F16BF46F3C0184FEAE67876B2DD
:10B040004346FFF78CB900BFCC220020740A0020D1
:10B050001BF4007100F0F980DBB209925846002120
:10B06000FFF7D8B822AB009300231BAA194650461D
:10B0700001F01AFF0A90013000F019841B950A9B19
:10B08000002B00F09F80632B00F34C81002308937A
:10B0900037AD0822002122A8FDF7F0FC0A9E22AB62
:10B0A00000931BAA33462946504601F0FDFE864216
:10B0B00040F042850A9A0023AB5422EAE2720292DF
:10B0C0009DF85F20049312B1029A01320292CDE9F9
:10B0D0000B33CDF824800E93FEF743BE0F460133A9
:10B0E0000F9939603244072BCDE925327E6000F399
:10B0F00023810837FFF70ABB33788DF83F312BF4F3
:10B10000806B0DF23F153EE52D238DF85F30B9F1D0
:10B11000470F4FF000030893049340F3E6800322A7
:10B12000964D0A92CDE90B330E9304230293FEF75A
:10B1300018BE159A1399AD1A2846FDF71FFD99F808
:10B1400001300BB109F101098D4A16EB080343F1F7
:10B150000003A2FB030727F0030000EB97001B1A74
:10B16000F31A4FF0CC3168F1000803FB01F102FB48
:10B170000811A3FB023001445B0843EAC1764FEAA1
:10B18000510816EB080343F10003A2FB031020F063
:10B19000030101EB90015B1AF31AA3FB023168F182
:10B1A00000005B0802FB001243EAC27303EB830357
:10B1B000A6EB4303303305F8013C4FF0010C013D91
:10B1C000FFF7F8BB9DF85F30CDF82480003B18BF37
:10B1D000012302930A9B0493CDE90B330E9308934A
:10B1E000FEF7BFBD079924AA504600F0C1FC002815
:10B1F0007FF48EA91998269A27AF78E69DF85F30DC
:10B2000002920A9250ADFFF7CFB8049B0992CDE9A4
:10B210000A330E930C93029350AD4FF078099E467B
:10B220000893C3E46E18A6EB0906CD1AAE42A8BF78
:10B230002E46FFF79DBA27AFFEF7C1BDDBB2002057
:10B2400077E48DF85F10DBB220E409925846FEF7F0
:10B25000E1BF099A059912681180FFF7C8B822ABBF
:10B2600001931BAB0093B0EE470B049A19AB02217C
:10B2700050468DED027B00F0D9FE9DED027B054628
:10B280001BF0010F40F05582229B5A1B199B0D9217
:10B29000D81C0B93C0F2018204999942C0F20B8131
:10B2A0009A4200F392820B9B0A931BF4806F03D0A7
:10B2B0000B9B002B00F32D830A9B23EAE373C34609
:10B2C00002934FF0670900230E930C930BF00201D9
:10B2D000002E00F0CA804FF02D0E8DF85FE0029B2B
:10B2E00001330293002304935DE40322254D0A9267
:10B2F00018E72846FDF7F2FD9DF85F300A9020EA36
:10B30000E0720292002B3EF40CAFFEF708BF079CE0
:10B3100024AA2146504600F02BFCA38903F04003E9
:10B32000FEF7F6BC591C5046FCF7BAFC054600284F
:10B3300000F0F6830890ACE6079924AA504600F086
:10B3400017FC00287FF4E4A8269A27AFFFF7DEB9A0
:10B35000079924AA504600F00BFC00287FF4D8A8D7
:10B36000DDE92532199827A9FFF7EEB800230893E5
:10B37000062304934BF48078FEF787BDF40F00207A
:10B38000CDCCCCCCB0100020049B01330D93022116
:10B3900022AB01931BAB0093B0EE470B19AB0D9A98
:10B3A00050468DED027B00F041FE0D9B29F0200CF4
:10B3B000BCF1460F9DED027B054600EB030100F05A
:10B3C0009880B5EE407BF1EE10FA00F0D882229B17
:10B3D000994288BF4FF0450C40F2CF8230205A1C72
:10B3E00022921870229B8B42F9D35B1B0D93BCF108
:10B3F000470F199B0B9356D0BCF1460F00F08F807E
:10B400000B9B8DF87090013B002B1993C0F24C817F
:10B410002B22092B8DF8712000F34F8130228DF8FB
:10B4200072200DF17302303302F8013B1CABD31ACA
:10B4300012930D9B129A012B1A440A9240F34182F7
:10B440000A9B109A13440A930A9A2BF4806343F4DC
:10B45000807B22EAE2720023CDE90B330E93029245
:10B4600034E7049B0D93032192E79DF85FE0BEF162
:10B47000000F7FF434AF0496FFF795BB24AA59461A
:10B48000504600F075FB00287FF442A899F80000B0
:10B49000269A27A906444CE4199B0B934B1BBCF13D
:10B4A000470F0D933BD10B9B0333C0F2F680049BF7
:10B4B0000B9A93420FDA0B9B013BA9F10209002B77
:10B4C0008DF870901993A3DA0B9B2D22C3F1010321
:10B4D0008DF87120A2E70D9B0B9A934200F37581C2
:10B4E0001BF0010F0B9B00F0B282109A13440A93D9
:10B4F000DBE62B78302B00F06182199B1944B5EE06
:10B50000407BF1EE10FAC7D0229B8B42FFF466AF6E
:10B510005B1B0D93BCF1470F199B0B93C3D00B9989
:10B52000049A0BF00103002943EA020340F3CF829F
:10B53000002B40F01A820B9B0A934FF066091BF414
:10B54000806F40F0E8810A9B23EAE373C3460293CD
:10B55000B9E647F63003ADF86030049B632B4BF03F
:10B56000020B00F35C8118EE903A002BC0F23B8195
:10B57000B0EE480B19A800F061FCB4EE007B20EEA1
:10B58000077BB5EE407BF1EE10FA40F040820123DC
:10B590000026199337AD0896AE480499B3EE004BD8
:10B5A0002B4606E0B5EE407BF1EE10FA00F00F827C
:10B5B000114627EE047BFDEEC76B4A1E16EE90CABD
:10B5C00010F80CE0B8EEE65B9C4637EE457B03F8DE
:10B5D00001EB0029E6D1B6EE005BB4EEC57BF1EEDF
:10B5E00010FA08DCB4EE457BF1EE10FA1ED116EE2F
:10B5F000902AD2071AD5CDF888C013F8011C90F80C
:10B600000FC08C451A460AD14FF0300E02F801ECFB
:10B61000229A511E229112F8011C6145F6D0392957
:10B6200016BF0131817AC9B202F8011C199A5B1B5D
:10B630000D93B9F1610F02F1FF33199300F01F82EE
:10B6400050214FF04109002B8DF87010C0F20E828E
:10B650002B22092B8DF871202FDC0DF17202E2E60E
:10B66000079924AA504600F083FA00287EF450AFD0
:10B67000269A27AFFFF741B8079924AA504600F051
:10B6800077FA00287EF444AF199B269A27AFFFF77C
:10B6900059B8DFF8CC81FFF7C4B80B9BA9F10209B8
:10B6A000013B8DF8709019930B9A2D238DF8713012
:10B6B000C2F101030832BFF6B1AE0DF17F0CDFF825
:10B6C000A4E162461046AEFB0312D20802EB8201EF
:10B6D000A3EB41013031632B00F8011C134600F14C
:10B6E000FF32EFDC303302F8013C831E634580F00B
:10B6F000C8810DF1710213F8011B02F8011F6345A7
:10B70000F9D103F5A0736B44CC3B1B1A1CAA9B1AFE
:10B7100012938EE6079924AA504600F029FA0028D1
:10B720007EF4F6AE199D0D9B269A5D1B27AFFFF7A1
:10B730001FB8049B4FF0470CE918E0E600230C46C5
:10B740000493FEF749BA45F63003ADF86030049B28
:10B75000632B4BF0020B62DC18EE903A002B42DBBD
:10B76000B0EE480B19A800F069FBB4EE007B20EEA8
:10B77000077BB5EE407BF1EE10FA01D1012319935E
:10B7800000263548089637AD07E746421030334863
:10B790000F9052DA1027804603E00831103E102E39
:10B7A0004BDD01331032072BC1E90087CDE925328B
:10B7B000F3DD079924AA504600F0DAF900287EF458
:10B7C000A7AEDDE9253227A9E8E70D9B109A9A1864
:10B7D0000B9B0A92002B79DD4FF06709AFE6DFF88B
:10B7E0008080FEF74BBF0023089337AD2D26B1EEC6
:10B7F000487BB0EE470B19A800F020FBB4EE007BAD
:10B8000020EE077BB5EE407BF1EE10FA04BF01237A
:10B810001993B9F1610F3FF4BFAE0F48BDE6049B29
:10B820005046591CFCF73CFA0546002800F03D81C3
:10B8300008904BF48078FEF728BB01330F9808601E
:10B840003244072BCDE925324E6000F302810831E6
:10B85000FEF77DBEB8100020CC100020CC220020C6
:10B86000FC1D0020CDCCCCCC049A002A00F0D48062
:10B87000002BC0F22481B0EE487B002622AB01935E
:10B880001BAB0093B0EE470B19AB049A0221504654
:10B890008DED027B00F0CAFB00239DED027B054687
:10B8A0000893EDE42D26B1EE487BFEF7F6BA079B30
:10B8B0009B890022089243F04003079A9381FEF788
:10B8C00027BE1BF0010F3FF4BFADB9E5C3F1010383
:10B8D0001A4422EAE273C3460A9202934FF06709C0
:10B8E000F1E418EE903A13F000432BF0800B0B9329
:10B8F00000F09A802D238DF85F30B9F1470F4FF09B
:10B9000000030893049340F3F8800322944D0A92B5
:10B9100008E44FF0670914990B78FF2B00F0F880CA
:10B9200000200B9A0E90844603E001300131FF2B7A
:10B9300009D0934207DAD21A4B78002BF5D10B7855
:10B940000CF1010CF3E7CDE90B201491CDF838C0D0
:10B950000C9A0E9B159913440A9A01FB03230A9330
:10B9600023EAE373C3460293B0E4109B02EB0109A0
:10B970004B440A934FF06609E1E55B1B0D93199B5D
:10B980000B933DE50023032208930A920493FFF7EB
:10B99000C9BB049B029CDDF820800A93FFF76FBBB4
:10B9A000CDF824801BB3049B0A935A1C0292049086
:10B9B0000E900C904FF07309FEF7D3B9B5EE407BB3
:10B9C000F1EE10FA1ED1199B0B93194466E5002A7B
:10B9D0000491FFF62BAE0499302001EB030C1946BD
:10B9E00001F8010B6145FBD11A44531C1EE6049B70
:10B9F0000A930293089B0E930C9304934FF07309E0
:10BA0000FEF7AFB90D9BC3F10103199376E500264C
:10BA10005448089637ADC0E5934273DBB0EE487BDF
:10BA20000123049E049329E79DF85F30B9F1470F85
:10BA3000CCBF4B4D4C4D002B40F08680032204932D
:10BA40000A920E930C9308930292FEF78AB90A9316
:10BA50002BE4079924AA504600F08AF800287EF4C7
:10BA600057ADDDE9253227A9FEF771BD2D238DF8ED
:10BA70007130C2F101030832FFF61FAEEDE570210F
:10BA8000E1E502231293D4E4CDE90B3308930E933E
:10BA9000FEF767B9099A63780C4652F8041B0992BD
:10BAA00041EAE1710491FEF795B8079A938943F052
:10BAB000400393814FF0FF330593FEF72CB92D26F9
:10BAC000B1EE487BDAE629490F91FFF708BBC34680
:10BAD00033B9012302934FF066090A93FFF7F3BBD2
:10BAE000109B03F10109049B4B440A9323EAE3737F
:10BAF00002934FF06609FFF7E6BB03221A4D0A9244
:10BB0000FFF710BB01232D260493B1EE487BB5E669
:10BB100000230E930C931BE70C23CAF80030C9E7EF
:10BB2000079B08909B8943F04003C6E65946FEF701
:10BB3000C2BB5846FEF78FBF079B9B8943F040036B
:10BB4000BBE65B46FEF77DBF002304930E930C9388
:10BB5000089303230A9304230293FEF702B900BF5C
:10BB6000F00F0020B8100020B4100020CC220020DC
:10BB70002DE9F0411546926802B32C6807468846C5
:10BB8000083401E00834C9B16B68581E002B114617
:10BB9000686013DD54F8046C002EF3D0334654F87B
:10BBA000082C4146384602F015FB431C07D0AA6812
:10BBB000921B1146AA6008340029E5D10020002319
:10BBC000C5E90133BDE8F08170B5002941D00646D2
:10BBD0000C4610B1436B002B3ED0FCF7ABFD636EFF
:10BBE000B4F90C20DD0730D4900538D52146304615
:10BBF00000F04CF8E36A054633B1E16930469847F6
:10BC00000028B8BF4FF0FF35A3891A0639D4216B3D
:10BC100041B104F14003994202D03046FDF762FA87
:10BC200000232363616C21B13046FDF75BFA0023EA
:10BC30006364636E0022DB07A2811ED5A06DFDF751
:10BC40006DF8FCF77DFD284670BD002ACED1FCF7CB
:10BC500077FD0025284670BDFCF74EFDBDE7A06DC1
:10BC6000FDF75EF8B4F90C30002BBFD1636ED90735
:10BC7000EDD4A06DFDF756F8E9E7A06DFDF752F899
:10BC8000DCE721693046FDF72DFAC0E7B1F90C2059
:10BC90002DE9F041804610070C4650D4496842F423
:10BCA00000630029A38164DDA66A002E44D0002130
:10BCB00012F48052D8F80050C8F8001065D1E1693C
:10BCC00001234046B047411C02466CD0B4F90C3009
:10BCD000A66A5B0705D56368D21A236B0BB1E36BC9
:10BCE000D21A0023E1694046B047471CB4F90C3032
:10BCF0004DD1D8F800101D2940D8304ACA40D60787
:10BD00003CD52269226023F40062A281D9044FF05D
:10BD10000002626003D5D8F80030002B41D0216BBF
:10BD2000C8F8005041B104F14003994202D04046A6
:10BD3000FDF7D8F9002323630020BDE8F0810E69E8
:10BD4000002EF9D00D680E6092070CBF4B690023DE
:10BD5000AD1B8B600AE02B463246E169676A4046BC
:10BD6000B8470028A5EB0005064406DD002DF2DCEF
:10BD7000E2E7E16B002997DCDEE7A38943F04003AB
:10BD8000A3814FF0FF30BDE8F081226DA1E7226969
:10BD9000226023F40062A281DB044FF000026260A3
:10BDA000BDD52065BBE7D8F80030002B8ED01D2B09
:10BDB00001D0162BE1D1C8F80050BDE701004020AA
:10BDC00000B5034683B008B1426B52B3B1F90C0021
:10BDD00098B14A6ED20701D4820512D51846009157
:10BDE000FFF754FF00994A6E0346D00702D48A89B0
:10BDF00092050ED5184603B000BD0346184603B0A1
:10BE000000BD886D01930091FCF78AFFDDE9001306
:10BE1000E4E7886D0093FCF785FF009B184603B0AC
:10BE200000BDCDE90001FCF767FCDDE90031CDE79D
:10BE3000004870472C2D0020000000004DF804BD84
:10BE400083B08DED000B019ADFF870C022F0004343
:10BE500000216345016025D8DDF800C053EA0C0CD1
:10BE600020D0DFF85CC002EA0C0CBCF1000F0AD154
:10BE70009FED107B20EE077B8DED007B019A6FF02C
:10BE8000350122F00043DDE900BC6FF31E5242F0A1
:10BE90007F5C1B154CF4001CA3F2FE33CDE900BC03
:10BEA0000B4403609DED000B03B05DF804BB7047CD
:10BEB000AFF300800000000000005043FFFFEF7F61
:10BEC0000000F07F00B50B4C2468864685B0E06822
:10BED0009C460C4652B108490094CDE901127346C4
:10BEE0000649624600F0ECFFF9F7BCFC04490A463B
:10BEF000F2E700BFBC2D0020E8100020F810002061
:10BF0000D80D00202DE9F04F03690C69A34283B0DE
:10BF1000C0F28880013C01F1140500F1140855F8C5
:10BF2000243058F82420013308EB84069A42009606
:10BF30004FEA840B05EB8407B2FBF3F63AD30023F8
:10BF40000191C64629469C4651F8042BDEF8009024
:10BF50001FFA82FA06FB0A334FEA134A120C06FB59
:10BF600002A29BB21FFA89FAAAEB030363441FFAE9
:10BF700082FCCCEB234C0CEB194C9BB243EA0C43F8
:10BF80008F424EF8043B4FEA2C4C4FEA1243DBD26F
:10BF900058F80B3001996BB9009B043B984504D3CA
:10BFA00007E0984504F1FF3403D21A68043B002AE5
:10BFB000F7D004618146FDF76BFC00282EDB0136CB
:10BFC0004146002255F8040BD1F800C01FFA80FE4C
:10BFD0001FFA8CF3A3EB0E031344020CC2EB2342B3
:10BFE00002EB1C429BB243EA0243AF4241F8043BDE
:10BFF0004FEA2242E6D258F8242008EB84036AB9BB
:10C00000043B984504D307E0984504F1FF3403D27C
:10C010001A68043B002AF7D0C9F81040304603B034
:10C02000BDE8F08F002003B0BDE8F08F2DE9F04FA0
:10C0300093B08DED000B0491816B1C9D069257EC23
:10C04000106B0446089341B1C26B4A6001239340D0
:10C050008B60FDF793F90023A363B7F10008B4BF29
:10C06000012300232B60A34BBCBF28F00048CDF870
:10C07000048033EA080300F092809DED007BB5EE6A
:10C08000407BF1EE10FA0DD1089A012313601D9B3D
:10C0900013B11D9A984B1360984B0293029813B0FA
:10C0A000BDE8F08F10AAB0EE470B11A920468DED28
:10C0B000027BFDF7CDFC5FEA18539DED027B109AE1
:10C0C000834640F08280119B134403F232412029C1
:10C0D00040F3E281C1F1400108FA01F803F2124194
:10C0E00026FA01F148EA010106EE101AB8EE466B95
:10C0F000013B16EE901A4FF00108A1F1F8719FED87
:10C10000772BB7EE081B9FED775B9FED784B06EE24
:10C11000901A03EE903A36EE416BB8EEE33BA6EE92
:10C12000025BB0EE456BA3EE046BFDEEC65BB5EEB5
:10C13000C06BF1EE10FACDED055A00F1C080059903
:10C14000D21A162902F1FF3A00F2A4806C4B03EBDD
:10C15000C10393ED006BB4EEC67BF1EE10FA00F173
:10C16000A281002A40F3C0840027CDE90A178A443F
:10C1700000230993049B092B3DD8052BC4BF043B26
:10C180000493049BA3F10203CCBF00250125032BDC
:10C1900033D8DFE813F0FA01F701ED019201089AB4
:10C1A000C8F3130842F20F7358EA060813601BD154
:10C1B0001D9B002B00F04286524B029308331D9AC0
:10C1C0000298136013B0BDE8F08F17EE901AB0EE2E
:10C1D000476BC1F3130141F07F51A3F2FF3341F4E8
:10C1E00040114FF000088AE71D9B002B40F0618151
:10C1F000454B029352E7002304930025E56329464B
:10C2000020468DED067BFDF78FF89DED067B0290B5
:10C21000002800F0B485119A029BA363002A75DB05
:10C2200005990E2972DC364B03EBC10393ED003BFD
:10C2300087EE036BBDEEC66B029916EE103A3033F3
:10C2400001F8013B4FF0FF39B8EEC65BA5EE437B2A
:10C250000123B2EE044B11E087EE036BBDEEC66B1B
:10C26000013316EE102A4B4502F13002B8EEC65BE0
:10C2700001F8012BA5EE437B00F0A38427EE047B9D
:10C28000B5EE407BF1EE10FAE6D1059B0133049345
:10C290000D46ECE001230B93059BBAF1000FBABFEA
:10C2A000C2F101074FF0000A0027002B80F2F18055
:10C2B000059BFF1A5B42099300230A935AE7B8EEE5
:10C2C000E55BB4EE465BF1EE10FA3FF438AF05994A
:10C2D0000139059133E700BFAFF3008061436F631D
:10C2E000A787D23FB3C8608B288AC63FFB799F508F
:10C2F0001344D33F0000F07F750A0020740A002029
:10C300009006002028110020341100204FF0FF3942
:10C310000695CDF83090B8F1000F00F0E984DDF813
:10C32000248002F23342012120469244BD18FDF7D9
:10C33000EBF80646002F40F09F82099B002B00F08F
:10C340009383B8F1000F40F077835946099A20464D
:10C35000FDF7CCF901238346099301212046FDF71F
:10C36000D3F80A9B8046002B40F04582049B012BAA
:10C3700040F3AA820120504410F01F0000F0088111
:10C380001B2800F3D582C0F11C00054407448244F9
:10C39000002D05DD59462A462046FDF703FA83465F
:10C3A000BAF1000F05DD414652462046FDF7FAF985
:10C3B00080460B9B002B40F00082B9F1000F40F348
:10C3C000D781099B002B40F02481059B0133049306
:10C3D000029F012507E0594600230A222046FCF768
:10C3E000D7FF0135834641465846FFF78BFD4D4543
:10C3F00000F1300A07F801ABEDDB029BB9F1000F49
:10C4000003F1010209F1FF394FF00003D8BF4FF0EB
:10C41000000991440093594601222046FDF7C2F9D4
:10C4200041468346FDF734FA002840F32083029A00
:10C4300002E0914500F026834D4609F1FF3915F8D9
:10C44000013C392BF5D0013389F8003041462046B4
:10C45000FCF794FF5EB1009B2BB1B34203D01946A9
:10C460002046FCF78BFF31462046FCF787FF5946F4
:10C470002046FCF783FF00232B70089B049A1A6068
:10C480001D9B002B3FF40AAE02981D6013B0BDE85F
:10C49000F08F9A440A936BE6C1F1200106FA01F18C
:10C4A00006EE101A22E6059B013B059300230B9331
:10C4B000F2E6AC4B0293033381E601230D93DDE9F1
:10C4C0000523134403F101094E46012E0C93B8BF16
:10C4D0000126172E40F39C84012204235B0003F104
:10C4E0001400B042114602F10102F7D9E16320467F
:10C4F0008DED0E7BFCF718FF0290002800F03F84C2
:10C50000B9F10E0F9DED0E7BA06346D8002D44D0EF
:10C510000599002940F3F182934B01F00F0203EBE0
:10C52000C203CD0593ED006B4FEA211340F18A83DE
:10C530008E4A92ED085B03F00F03032187EE054B53
:10C54000002B00F0FB81894A01E05B100832D8071C
:10C5500003D45B100832DE07F7D592ED005B5B1069
:10C5600001F1010126EE056B00F0E8810832F2E7E7
:10C5700001230D93069B002B40F38B81069E0C96A6
:10C58000B146A6E700230D9399E700230D93F1E749
:10C590001C20054407448244FAE6119A002AC0F29E
:10C5A0004081059B0E2B00F33C816F4B059A03EBFA
:10C5B000C20393ED003B069B002B80F2ED82B9F1A4
:10C5C000000F00F3E98240F08682B1EE046B23EEA7
:10C5D000066BB4EEC67BF1EE10FA494640F27C825F
:10C5E000029D312305F8013B2046FCF7C7FE059B61
:10C5F000023304933BE7314600230A222046FCF72E
:10C60000C7FE0C9B002B064640F3FA83DDF8309002
:10C610000595002F05DD31463A462046FDF7C2F864
:10C6200006460A9B002B40F0F6823746029D6B1EA1
:10C630004B440A93009B03F001030C934146584678
:10C64000FFF760FC31460B9000F1300A5846FDF7C9
:10C650001FF9414681463A462046FDF739F9C3683D
:10C660000146002B36D109905846FDF711F909997A
:10C6700006902046FCF782FE069A002A5AD1049BB7
:10C680001BB90C9B002B00F0A483B9F1000F43DB16
:10C690000A9BA9469D4209F801AB00F0D782594692
:10C6A00000230A222046FCF773FEBE428346314631
:10C6B0004FF000034FF00A02204635D0FCF768FE29
:10C6C0003946064600230A222046FCF761FE4D4605
:10C6D0000746B3E72046FCF751FEB9F1000F08DB2F
:10C6E000009B03F00102049B49EA030952EA090294
:10C6F0002ED1594601222046FDF754F84146834683
:10C70000FDF7C6F8002840F34183BAF1390F00F075
:10C7100024830B9B03F1310A05F801AB059B0096BE
:10C72000013304933E4691E6FCF732FE4D46064641
:10C73000074683E7B9F1000FC0F28483049B49EAFE
:10C7400003090C9B53EA090900F07C83002A9FDD52
:10C75000BAF1390F00F001830AF1010305F8013B3A
:10C76000DCE700BF3411002090060020680600209E
:10C77000049B022B7FF725AEB9F1000F40F0008239
:10C7800041464B4605222046FCF702FE0146804604
:10C790005846FDF77DF8484540F3F281029D31236C
:10C7A00005F8013B41462046FCF7E8FD059B0233B6
:10C7B0000493002E7FF457AE59E641465846FDF7E4
:10C7C00067F80028BFF6F9AD594600230A22204633
:10C7D000059DFCF7DDFD099B013D8346002B7FF4A1
:10C7E0000AAF0C9B002B40F3FE82059BDDF83090D6
:10C7F00004930595ECE51A4601462046FCF776FFC2
:10C80000049B012B804640F3F98100230A93D8F85A
:10C81000103008EB83031869FCF70CFEC0F1200010
:10C82000A9E50D9B73B9002F67D1099B002B74D12B
:10C830001D461E4691E5119A002A03DB05990E2933
:10C840007FF7B4AE049B012B7FF765AD099B09F11F
:10C85000FF384345C0F27781B9F1000FA3EB080818
:10C8600080F2BE82A7EB0903012120460D93FCF75D
:10C870004BFE3D460D9F0646BAF1000F7FF75DADBA
:10C8800057453B46A8BF5346ED1AFF1AAAEB030AC9
:10C8900053E50021E16320468DED067BFCF744FD66
:10C8A0009DED067B0290002800F06982029BA36345
:10C8B000002D40F09F81119AAA42C0F27C82012390
:10C8C0000C93994606936CE6009B002B7FF452ADC7
:10C8D000019BC3F31303002B7FF44CAD019B23F0AA
:10C8E00000431B0D1B05002B3FF444AD0123013514
:10C8F0000AF1010A0A9318463DE5BAF1000F00F06B
:10C90000FE8157453B46099EA8BF5346FD1AAAEB38
:10C91000030A2F46002E3FF420AD5946099A2046BF
:10C92000FCF7E4FE0023834609933D461E4614E5CA
:10C930001C283FF42DADC0F13C002AE684EE065BD6
:10C940000B9B3BB1B7EE006BB4EEC65BF1EE10FA99
:10C9500000F1E081B1EE0C4B06EE901AB8EEE66BFA
:10C96000A6EE054B14EE901A53EC142BA1F1507364
:10C97000B9F1000F00F09B80DDF814C0484643EC8D
:10C98000142BB64B029DFDEEC53B03EBC00212ED2E
:10C99000022B13EE902A02F1300E0D9A691CB8EEAC
:10C9A000E36B0E4635EE466B002A00F05B81B6EE77
:10C9B000003B83EE025B35EE445BB4EEC65BF1EE0A
:10C9C00010FA85F800E000F32782B7EE001BB2EE04
:10C9D000043B002518E001358542BFF62CAF26EE5A
:10C9E000036B25EE035BFDEEC64B14EE902AB8EE0A
:10C9F000E42B303236EE426BB4EEC56BF1EE10FA3A
:10CA000001F8012B00F1DF8131EE464BB4EEC54B4E
:10CA1000F1EE10FADFD5029A0CF1010C02E091421E
:10CA200000F097810D4611F8013D392BF7D0013305
:10CA30000B70CDF810C01AE5314642462046FCF78F
:10CA400055FE5A46014606462046FCF78BFD5946E0
:10CA50000D902046FCF792FC099BDDF834B0B3EB57
:10CA6000080309937FF471AC0123099375E403D1A2
:10CA70001AF0010F7FF4DBAC4D4619F8013D302B65
:10CA8000FAD0E3E4059B029A023304933123137036
:10CA9000DCE406EE901AB1EE0C4BB8EEE66BA5EEB8
:10CAA000064B14EE901A53EC142BA1F1507343EC87
:10CAB000142BB1EE046B35EE466BB4EEC46BF1EEA5
:10CAC00010FA00F35681B1EE444BB4EEC46BF1EEB4
:10CAD00010FA7FF562AD00212046FCF74FFC069B63
:10CAE000029D5B420493C2E4059B0A939A4600238D
:10CAF000C2F101070B93FFF73BBB00F00781059ADA
:10CB0000564B524202F00F0103EBC10393ED005B61
:10CB1000131127EE055B00F07981514A022101E0F3
:10CB20005B100832DD0703D45B100832D807F7D555
:10CB300092ED006B5B1001F1010125EE065B3FF405
:10CB4000FFAE0832F2E7099B0A9AA8EB03031A44E6
:10CB5000012120460A92FCF7D7FCCA4407EB0905DD
:10CB60000646CDF82480002F3FF4EFAB57453B46F7
:10CB7000A8BF5346ED1AFF1AAAEB030AFFF7E5BB5D
:10CB800041462046FCF7FAFB069B029D5B4204935C
:10CB9000002E7FF468AC6AE4029B5E1C87EE036B98
:10CBA000BDEEC66B029A16EE103AB9F1010F03F111
:10CBB0003003B8EEC65B31461370A3EE457B7FF4BD
:10CBC00047AB37EE077BB4EEC37B059BF1EE10FA63
:10CBD00003F1010304939C4608DCB4EE437BF1EEC1
:10CBE00010FA05D116EE103ADB0701D5029A19E7C3
:10CBF0000D463CE40C95A946069589E4009B002B64
:10CC00007FF403AEDDE90012C2F31303002B00F042
:10CC1000C4800A91FBE571682046FCF785FB054658
:10CC2000002800F00481336902339A0006F10C01F8
:10CC30000C30F8F759FC294601222046FCF7B2FDDA
:10CC40000746F3E40221B0EE474B79E4059B0096DA
:10CC500001333E460493FFF7DEBB00BF9006002081
:10CC600068060020029A24EE022B012882F800E0D8
:10CC700014D0B2EE043B029A151826EE036BFDEEBB
:10CC8000C65B15EE902A303201F8012BA942B8EEAE
:10CC9000E54B36EE446BF0D1711E0144B6EE005BFD
:10CCA00032EE054BB4EEC64BF1EE10FA3FF5B3AEE3
:10CCB00035EE425BB4EEC65BF1EE10FA0DDC119A74
:10CCC000002AFFF6B0AD059A0E2A3FF7ACAD059AE3
:10CCD00003EBC20393ED003B60E70D46013915F805
:10CCE000013C302BF9D00CF101030493FFF7BFBBDB
:10CCF000109ADDF82480C2F13602FFF714BB099EBA
:10CD0000002E7FF40AAE3D46FFF727BB0221B0EEAE
:10CD1000475B15E6B9F1000F3FF4BBAE0C98002855
:10CD20007FF73BACB2EE043BB1EE0C4B013106EEAB
:10CD3000901A25EE035B059BB8EEE66BA5EE064B5D
:10CD400014EE901A03F1FF3C53EC142BA1F1507335
:10CD500015E60CF1010C31236AE6A946392309F8DE
:10CD6000013B059B00960133029A04933E46FFF770
:10CD700063BB029D312305F8013B002134E4334BB2
:10CD80003348002240F2AF11FFF79CF87FF4C4ACA7
:10CD90001AF0010F7FF4B9ACBEE4019B23F000430D
:10CDA0001B0D1B05002B3FF431AD012301350AF1AA
:10CDB000010A0A932BE50D9B002B33D101230C9321
:10CDC000994606932FE50CF1010304930D46FFF7F6
:10CDD0004EBBBAF1390FC0D091453FF79AAC9BE4F6
:10CDE0004A46FFF7A0BA049A022A05DC059A049283
:10CDF00099460595FFF7ECBA0595DDF83090BBE450
:10CE0000049A0595022AF8DC994602E4022197E586
:10CE10000021E163FFF76BBB0CF1010304930D46A6
:10CE2000FFF725BB0D9B069399460C930EE5074B28
:10CE300007482A4640F2EF21FFF744F8054B0293DA
:10CE4000FFF72CB9002A3FF754AC65E440100020EE
:10CE5000381100202811002030B5044687B05BB19E
:10CE600010480193D0F8C85171B12046A847421C20
:10CE7000019B10D007B030BD00F5827309480193C3
:10CE8000D0F8C8510029F0D10A46204603A9A84786
:10CE9000421C019BEED100218A221960226007B05A
:10CEA00030BD00BF542B002010B582B0049CCDE9EA
:10CEB00000344FF0FF3301F055FC02B010BD00BF4D
:10CEC0000EB400B582B003ABDFF81CC053F8042BDE
:10CED00001930146DCF8000000F008F802B05DF8AC
:10CEE00004EB03B0704700BFBC2D00202DE9F04FCC
:10CEF000C5B00DF1500A8346049116460021082260
:10CF000050461C460B93FBF7B9FDBBF1000F04D054
:10CF1000DBF83430002B00F04987049B5A6EB3F9DC
:10CF20000C30D00740F14181990400F1A9850499A2
:10CF300043F4005322F400528B814A66930401F1BA
:10CF4000AE80049BB3F90C301D0740F1BD80049AFC
:10CF50001269002A00F0B88003F01A020A2A00F0D1
:10CF6000C2800023CDE91933CDE90E331BAADFF8C7
:10CF70006C980D93189217460793B0464546D9F81A
:10CF8000CC41FBF731FECDF800A003462A4612A99A
:10CF90005846A047002800F0C580C0F2BB80129A16
:10CFA000252A034601D01D44E9E7B5EB08060446EF
:10CFB00040F0BC80002319468DF8433008934FF0B1
:10CFC000FF326B78059205F10108039108F1010821
:10CFD0001946A1F120035A2B00F2F280DFE813F08A
:10CFE000E603F000F000DF03F000F000F000BF0304
:10CFF000F000F00007025302F00012020004F000FB
:10D00000F1035B005B005B005B005B005B005B00AF
:10D010005B005B00F000F000F000F000F000F000BA
:10D02000F000F000F000D8019F03F000F000F000E5
:10D03000F000F000F000F000F000F000F000190245
:10D04000F000F000F000AA01F000FB02F000F00098
:10D05000BA05F000F000F000F000F000F000F00081
:10D06000F000F000F000D8016801F000F000F000DE
:10D07000950368016D00F0008B03F0007D036A03E7
:10D0800020036D00F000AA016A005902F000F000D0
:10D09000FB05F0006A00A1F13003002218F8011B23
:10D0A00002EB820203EB4202A1F13003092BF5D916
:10D0B00008928EE798F8003088E7039B43F020033E
:10D0C000039398F8003081E7049D5846294601F003
:10D0D0005FFA002840F0F687B5F90C3003F01A0229
:10D0E0000A2A7FF43EAF0499B1F90E20002AFFF618
:10D0F00038AF4A6ED20702D49F0540F19087049959
:10D1000023463246584601F015F80790079845B077
:10D11000BDE8F08F082200215046FBF7AFFC012349
:10D120001D442CE7B5EB0806044610D01A9B334487
:10D130001A93199B0133072BC7E90086199310DC5A
:10D140000837079B33440793002C7FF433AF1A9BB7
:10D15000002B40F06E87049B0022B3F90C3019922B
:10D1600018E0049918AA584601F024F878B91BAFC2
:10D17000E7E7049918AA584601F01CF8002800F0C7
:10D180008380099B1BB109995846FBF7ABFF049BB1
:10D19000B3F90C30049A526ED0077FD55B0600F1CC
:10D1A0006687079845B0BDE8F08F9F0540F1148170
:10D1B0009D047FF5BCAE90047FF5C6AE00F071BF54
:10D1C0000029C4D0002301228DF8AC108DF8433023
:10D1D00009930A9205932BAD0692DDE919C0039CD1
:10D1E00014F084060146624626D1089B069C1C1B4F
:10D1F000002C00F3ED839DF8433003B300260C961A
:10D200000132012301317B60072A0DF14303CDE98F
:10D2100019213B6000F3868308370C9B63B1013210
:10D2200011AB02313B60072A4FF00203CDE919210F
:10D230007B6000F36B830837802E00F0EE82059B45
:10D240000A981C1A002C00F326830A9B3D600132C9
:10D250001944072ACDE919217B6000F34C83083774
:10D26000039B5C0705D5089B069A9C1A002C00F3CB
:10D270006583DDE9073206988242ACBF9B181B1814
:10D28000079300297FF475AF00231993099B1BB105
:10D2900009995846FBF726FF1BAF6FE69A053FF545
:10D2A0007DAF049CA06DFBF73DFDB4F90C3075E734
:10D2B000039B980640F13C840B9B073323F0070245
:10D2C000536852F8084B0B921E46002BC0F238826E
:10D2D000059A002A07DB039B23F08003039354EA9B
:10D2E000060300F08C840A2C76F1000380F0F780AE
:10D2F0003034059A9DF843308DF80F41012AB8BFAC
:10D3000001220692002B00F0AF83069B013300251B
:10D3100006930123CDE909530DF20F15DDE919211B
:10D32000039B13F08406084694463FF45EAF002347
:10D330000C9365E70B9E00238DF8433056F8043BB1
:10D340000993002B00F05585532900F07284039B4C
:10D3500013F0100440F06D84059A002AC0F2138582
:10D3600009982146FBF752FD9DF84330099D00289E
:10D3700000F08B86421B0A9222EAE2720692002B90
:10D3800000F00E850132059406920B960994C5E7CC
:10D39000432903D0039BDD0640F1278408220021A6
:10D3A00016A8FBF76BFB0B9A2BAD126816AB294640
:10D3B0005846FFF751FD0A90013000F04F860A9B56
:10D3C00023EAE37306930B9B04330B9300238DF83E
:10D3D00043300993059300E7049DA86DFBF7A0FC7B
:10D3E000B5F90C306A6E99043FF5A8AD9FE50B9B2B
:10D3F00053F8042B0892002A80F23D83089A0B937D
:10D4000052420892039B43F00403039398F80030C0
:10D41000DCE5039B43F010009B0640F14E830B9B21
:10D42000073323F007031A46596852F8083B0B925A
:10D4300000228DF84320059A002AC0F2118320F4BF
:10D440009062039253EA010200F01E8344AD03F0A0
:10D450000702DB0843EA4173C908303253EA01048A
:10D46000284605F8012DF2D1039B13F0010340F08B
:10D470009E82059A099344AB5B1B9A42B8BF1A4639
:10D480000A930692A9E62B238DF8433098F80030D2
:10D490009CE503998E0600F1A48003990B9A11F084
:10D4A000100052F8043B40F02783039911F040012B
:10D4B00000F0CA848DF843009BB205990026B14262
:10D4C0001C4606DB039921F080010391002B00F03C
:10D4D0007B850A2C76F100030B92FFF409AF039BC6
:10D4E00009970020CDF830B044A9DDF834B006909B
:10D4F00003F48067CDF8288025E00690A319B5488D
:10D5000043F10003A0FB032C2CF0030202EB9C026E
:10D510009B1AE31A4FF0CC32A046B64602FB03F248
:10D5200066F1000600FB0622A3FB0043B8F10A0FD8
:10D5300013444FEA54047EF1000E294644EAC374B2
:10D540004FEA53062ED3069BA24A01330693A31932
:10D5500043F100031046A2FB032525F0030202EB72
:10D5600095029B1AE31AA3FB003266F1000500FB4B
:10D5700005225B0843EAC27303EB8303A4EB430376
:10D58000303301F8013C4D1E002FB7D006989BF8B0
:10D5900000308342B1D1FF28AFD00A2C76F10003CE
:10D5A00080F0AF8405999DF84330CDF834B044AA9B
:10D5B000521B9142B8BF1146DDE90978DDF830B061
:10D5C0000A920691002B00F0EE83069B013306932E
:10D5D00000230993A2E6039B43F010019B0640F150
:10D5E00089820B9B073323F0070200238DF8433019
:10D5F000059B566852F8084B0B92002BC0F2EE8246
:10D6000021F08003039354EA06037FF46CAE059B7C
:10D61000002B40F0DE840A930693099344ADDCE5C9
:10D62000059C0B990398002247F630039442ADF80D
:10D6300044308DF8432051F8043BC0F2D28220F0F0
:10D64000800040F002000390002B00F0E58303F01F
:10D650000F0461481B09045D8DF80F410B9100F028
:10D660005685022106910DF20F1503F00F011B09DB
:10D67000415C05F8011D43EA0273120953EA0201F5
:10D68000F3D144AB5A1B059B0A929342B8BF134691
:10D69000069A002A00F03985DDE91921039C02333E
:10D6A00014F0840606930846944600F0E9820023AD
:10D6B0000993B4E5039886063FF5B1AE03990B9A3A
:10D6C000CD0652F8043B00F114850398440640F15E
:10D6D000C8839BB20B920021AAE603990B9A8C0691
:10D6E00002F1040340F1F081126807991160C91733
:10D6F00051600B9342E498F800306C2B00F08F825D
:10D70000039A42F01002039260E498F80030682B0C
:10D7100000F07B82039A42F04002039256E4039A9F
:10D72000940642F0100300F100820B9A04320B9928
:10D7300003930C680B92E6173346002BBFF6C8AD77
:10D740002D238DF84330059B644266EB4606002B83
:10D75000FFF6C9AD039B23F080030393C3E558464E
:10D76000FEF766FB43680F931846FBF7B7FB0E9076
:10D7700004465846FEF75CFB826898F800300D922C
:10D78000002C3FF423AC002A3FF420AC1278002A8E
:10D790003FF41CAC039A42F48062039216E4039BAC
:10D7A00043F00103039398F800300FE49DF8432001
:10D7B00098F80030002A7FF409AC20228DF843202D
:10D7C00004E4039B43F08003039398F80030FFF7D1
:10D7D000FDBB00BFCDCCCCCCB8100020542B00201A
:10D7E000404610F8011B2A2900F07784A1F130038C
:10D7F000092B98BF002200F2178410F8011B02EBDE
:10D80000820203EB4202A1F13003092BF5D942EA6F
:10D81000E27305938046FFF7DCBB089B06981C1A51
:10D82000002C7FF70CAD102C40F3268438460C9565
:10D83000AE4F049D102604E0103C102C00F10800AF
:10D8400015DD01321031072AC0E90076CDE9192132
:10D85000F2DD18AA2946584600F0ACFC00287FF4F7
:10D8600090AC103C102CDDE919211BA8E9DC0C9DC3
:10D870003B46074601322144072ACDE919213B6086
:10D880007C6000F3A482059B0A981C1A002C07F107
:10D8900008077FF7DAAC102C40F3ED8238461026EB
:10D8A000924F04E0103C102C00F1080016DD01320C
:10D8B0008E4B1031072AC0E90036CDE91921F1DD80
:10D8C000049918AA584600F075FC00287FF459AC5A
:10D8D000103C102CDDE919211BA8E8DC3B4607466B
:10D8E00001322144072ACDE919213B607C6000F315
:10D8F000AA800837A9E4049918AA584600F05AFCEF
:10D9000000287FF43EAC1A991BAFA9E4049918AA29
:10D91000584600F04FFC00287FF433ACDDE91921B4
:10D920001BAF89E4049918AA584600F043FC00286C
:10D930007FF427ACDDE919211BAF6EE4102C199B95
:10D9400040F381833A46049E694F102504E0103C61
:10D95000102C02F1080215DD01331031072BC2E94A
:10D960000075CDE91931F2DD18AA3146584600F0AC
:10D9700021FC00287FF405AC103C102CDDE91931A6
:10D980001BAAE9DC3E46174601332144072BC7E9B1
:10D990000064CDE919317FF76CAC049918AA584698
:10D9A00000F008FC00287FF4ECAB1A9961E4302AFF
:10D9B00000F001823023059A05F8013C023844AB9F
:10D9C0001B1A9A42B8BF1A460A9306920546EFE020
:10D9D00000230C93102C464E624623DD394610235B
:10D9E0002F46049D04E0103C102C01F1080117DDC6
:10D9F00001321030072AC1E90063CDE91920F2DDB8
:10DA000018AA2946584600F0D5FB00287FF4B9AB88
:10DA1000103C102CDDE919201BA94FF01003E7DCA6
:10DA20003D460F4601322118072ACDE919213E60F3
:10DA30007C6000F37A819DF843600837002E36D071
:10DA40000026FFF7DDBB049918AA584600F0B2FB88
:10DA500000287FF496ABDDE919211BAFFFF7F5BB7A
:10DA600020F480620392F1E4099301230A930DF2FA
:10DA70000F15FFF7B2BB0B9398F80030FFF7A6BA6B
:10DA800092047FF561AAF2E2059A002A7FF4DEACE7
:10DA900010F00102069200F0428130238DF80F3120
:10DAA000059B0A9209930DF20F15FFF796BB0C9B8D
:10DAB000002B7FF4B4ABFFF7C2BB0B9B1A1D0B9B73
:10DAC0000B921B680021B3E4039AD00600F18C810D
:10DAD000039A510600F19582039A920540F18481E0
:10DAE0000B9A07991268117003E600BFDC22002030
:10DAF0000C1E00200B9B1A1D0B9B05981B68002613
:10DB0000B0428DF843601C4667DB21F08001039131
:10DB1000002B7FF4DEAC0B92002840F05A820A9072
:10DB20000690099044ADFFF758BB0393FFF7C4BBC1
:10DB3000039B0B9AD90652F8044B3FF5F8AD039BB3
:10DB40005E0640F1768144F3C0360B9224B2334630
:10DB5000FFF7BBBBAD48039B9D0640F1B5800B9B17
:10DB6000073323F007031A465C6852F8083B0B9210
:10DB7000039A12F00102069240F08C808DF8432047
:10DB8000059A002AC0F2B780039A22F490620392A9
:10DB900053EA040240F0F380059A002A00F0F6816F
:10DBA00003788DF80F31012306920A930DF20F15B9
:10DBB000DDE91921039B13F084060846944600F022
:10DBC000A1829DF84330002B00F0AB820023099323
:10DBD0000C93FFF715BB8E48BDE70B920391FFF73F
:10DBE00082BB40F00200039031E50B9B1B688DF86F
:10DBF000AC30012306930A932BADFFF7E4BB002A58
:10DC000000F0D4813024FFF774BB039B43F400730E
:10DC1000039308F1010898F80030FFF7D7B9039B88
:10DC200043F02003039308F1010898F80030FFF750
:10DC3000CDB9099B13930822002116A8FAF71EFFFD
:10DC4000059B002BC0F219810024069725461F462C
:10DC50000EE02BA95846FFF7FFF8411C284400F0BE
:10DC6000FD81B84209DC04F1040400F00882054695
:10DC7000139A125916AB002AEBD1069F05950AE1BB
:10DC8000089C069B0996E41A002C7FF7C8AA022379
:10DC90000C939FE653EA04025ED100238DF84330D3
:10DCA000059B002BC0F22181039B23F49063039317
:10DCB00000F0878103788DF80F31069B0A93059B4E
:10DCC00006930DF20F1573E70B9A52F8043B0B9273
:10DCD000039AD40608D4520602D59BB2002447E723
:10DCE000039A960500F18181002441E742F0020287
:10DCF000039202220692039A22F48062039203F0B6
:10DD00000F02825C8DF80F211B0943EA047322097C
:10DD100053EA14147FF4A7AC0DF20F15B1E4059B80
:10DD200044ADCDE90933FFF758BA049918AA58460B
:10DD300000F040FA064600287FF423AA9DF84330FD
:10DD4000DDE91921002B40F089800C9B1BAF002BD3
:10DD50007FF465AAFFF773BA30228DF844200022C1
:10DD60008DF84320059A8DF84510002A039ABDDBF3
:10DD700022F4906242F0020203920222069203F021
:10DD80000F02825CBEE7099D2846FBF7A7F89DF8C5
:10DD900043300A9020EAE0720692002B7FF4F2AA48
:10DDA000099D05930B960993FFF717BA5846FAF7A2
:10DDB000A3FCFFF7B2B8059A44AB5B1B9A42B8BF0D
:10DDC0001A460A93002306920993FFF706BA0499AC
:10DDD00018AA584600F0EEF900287FF4D2A9DDE930
:10DDE00019211BAFFFF72BBA0B9A07991268116024
:10DDF0007FE4059B074D0B96062B28BF0623069351
:10DE00000A93099B0593FFF7E8B900BFCC100020E7
:10DE1000B8100020E01000200B91002C00F0DC80F6
:10DE2000302301228DF80F310DF20F1523460A928F
:10DE300032E4039B0B929D054ABF44F3C016E617DC
:10DE400064B23346FFF741BA039810F4007600F04D
:10DE5000CF808DF84310DBB2FFF72FBB1BAFFFF76E
:10DE6000CFB9039810F4007100F0BB80DBB20B92C5
:10DE70000021FFF7DDBAAC4B32E516AB009300236F
:10DE800013AA19465846FFF70FF80590013000F025
:10DE9000E580099B1393059B002B7CD0632B00F33B
:10DEA000B680002309932BAD0822002116A8FAF7AB
:10DEB000E5FD059C16AB009313AA23462946584658
:10DEC000FEF7F2FF844240F01681059900236B545F
:10DED00021EAE17206929DF84320002A40F0B580C5
:10DEE000CDE90A160592FFF778B903788DF80F315E
:10DEF000039B23F480630393069B0A930DF20F1593
:10DF000056E60E9A0F99AD1A2846FAF737FE9BF897
:10DF100001300BB10BF1010B844AA31943F100034B
:10DF2000A2FB030C2CF0030000EB9C001B1AE31A6D
:10DF30004FF0CC3166F1000603FB01F102FB061144
:10DF4000A3FB023001445B0843EAC1744E08A319E5
:10DF500043F10003A2FB031020F0030101EB900149
:10DF60005B1AE31AA3FB023166F1000002FB001208
:10DF70005B0843EAC27303EB8303A4EB4303303330
:10DF800005F8013C0120013DFFF701BB059B0A9309
:10DF900044A805460CE69DF84330099D0B96003BCE
:10DFA00018BF01230693059B0A9301E69DF84330B1
:10DFB0003BB1059BCDE90933012344AD0693FFF73F
:10DFC000ADB9059BFFF727BB059B0B92002B3FF4D8
:10DFD00022AB0024FFF78CB9059B0A9344ADFFF7F1
:10DFE0005BBB03980B92FFF723BADBB20024BFE5BB
:10DFF00005998DF8436000291C46BFF663AAFFF718
:10E0000068BA0B9A079912681180FFF772BB591C06
:10E010005846F9F745FE054600B3099044E7886D78
:10E02000FAF780FEFFF76BB8002380460593FEF7F2
:10E03000D0BF049918AA584600F0BCF800283FF455
:10E040008AA8FFF7A4B83A4E9EE4059A0A92069A67
:10E050000B96013206920593FFF760B90498B0F968
:10E060000C30426E43F04001D207818109D54FF058
:10E07000FF330793FFF795B82B4BFFF7FBBB069FCA
:10E0800009E79905F3D4FFF70CB99BB1059B0B96F3
:10E090005A1C06920A9305900990FFF73FB9D707DB
:10E0A000E5D4049B9B899E05E1D4049B986DFAF707
:10E0B00039FEDCE7059A0993CDE905320B960A9201
:10E0C000FFF78BB8049A536ED807D0D4938999057B
:10E0D000CDD4906DFAF726FEC9E70B9A98F8013077
:10E0E00052F8041B0B9241EAE17180460591FEF75C
:10E0F0006DBF0846E3E4049A938943F0400393819B
:10E10000FFF73FB80996FFF770B8069350E5059BF7
:10E110000122012BB8BF01230DF20F150A92FFF760
:10E12000BBBA0993FFF788B8DC220020CDCCCCCC59
:10E130000C1E0020F0B50D46ADF2744D16468989CF
:10E140006A6E1B92EA89ADF8162021F00201EA6995
:10E15000ADF8141009921CA96A6A0291074606914B
:10E160000B924FF48061002218A80193049107914B
:10E170000892FAF7D1FD3246019B02A93846FEF714
:10E18000B5FE061E07DB02A93846FDF719FE00287A
:10E1900018BF4FF0FF36BDF814305B0603D5AB89CE
:10E1A00043F04003AB811898FAF7B8FD30460DF202
:10E1B000744DF0BD936810B514461BB91846002382
:10E1C000636010BD00F068F80023A3600023636063
:10E1D00010BD00BF2DE9F0438E681D46AE420B68AE
:10E1E00083B00C4690463AD8B1F90CC01CF4906F3D
:10E1F0000FD13546184641462A46FAF7ADFBA368CB
:10E200009E1B2368A6602B440020236003B0BDE85A
:10E21000F0834A69096902EB42025E1A02EBD2728C
:10E220006B1C52103344934294BF17461F469342CF
:10E2300088BF1A461CF4806F814612D01146F9F748
:10E240002FFDF0B1324621690190F7F74DF9A2890F
:10E25000019B22F4906242F08002A28105E02E46EA
:10E26000C8E7FAF709F8034638B123613344BE1B07
:10E27000A660676123602E46BCE721694846FAF72D
:10E2800031FFA3890C2243F04003C9F800204FF06E
:10E29000FF30A381BAE700BF9368002B00F0B7807E
:10E2A0002DE9F04FB1F90CC01CF0080F83B00C46FB
:10E2B000804617462DD00B695BB31CF002033E6805
:10E2C00033D04FF0000ADFF8C4B25546B9465D4579
:10E2D0002B46524628BF5B464046B5B1E169676AA6
:10E2E000B847002840F38B80D9F808301B1A8244C5
:10E2F000C9F80830002B79D02D1A5D452B465246BF
:10E3000028BF5B464046002DE8D1D6E900A5083677
:10E31000DDE72146404600F03BF9002874D1B4F90E
:10E320000CC03E681CF00203CBD11CF0010A70D176
:10E33000236800975546002D54D01CF4007FD4F874
:10E340000890184600F0AB80A945CB4600F2E48067
:10E350001CF4906F34D021696269A3EB010902EBD0
:10E36000420202EBD27209F1010352102B44934294
:10E3700094BF93469B46934288BF1A461CF4806F15
:10E3800000F0E98011464046F9F78AFC002800F0C9
:10E39000F7804A4621690190F7F7A6F8A289019B08
:10E3A00022F4906242F08002A28103EB0900236113
:10E3B000ABEB0903C4F814B0A3602060A946AB46D8
:10E3C00051465A46FAF7C8FAA2682368A2EB090236
:10E3D000A260009A91685B44491B2360916029B157
:10E3E000B4F90CC0D6E900A50836A4E7002003B0B4
:10E3F000BDE8F08F21464046FDF7E2FC68B3B4F972
:10E400000C3043F04003A3814FF0FF30EFE70020D2
:10E4100070471D469A461846B946009365B30028D2
:10E4200031D05246D4E904132068AA4228BF2A46B4
:10E43000884204D9A16803EB010B5A457CDC934266
:10E440006DDCE169009A676A4046B847B0F1000B9D
:10E45000D5DDBAEB0B0ACDD00120D9F80830A3EBFB
:10E460000B03C9F80830002BC0D0009BA5EB0B05AF
:10E470005B440093002DD2D1756833460836002DD9
:10E48000FAD01B680093009F2A460A213846FAF703
:10E49000BDFC002871D00130A0EB070AC1E722695A
:10E4A0009A4221D36269AA421ED86FF00043AB4260
:10E4B00028BF2B46E16993FBF2F3676A02FB03F383
:10E4C00040465246B847B0F1000998DD009A93687B
:10E4D000A3EB0903A5EB09059360002B86D0B4F9E3
:10E4E0000CC02368CA4426E7A94528BFA946184698
:10E4F0004A465146FAF730FAA2682368A2EB0902AD
:10E500004B44A2602360002AE0D121464046FDF73B
:10E5100057FC0028DAD072E7A946AB4650E70099CD
:10E520000192FAF719FA019AA3689B1AA36023686B
:10E530001344236093468CE700995A46FAF70CFA85
:10E5400023685B44236021464046FDF739FC0028E0
:10E550003FF47FAF53E74046F9F78EFE03460028AD
:10E560007FF423AF21694046FAF7BCFDA3890C2252
:10E57000C8F8002023F0800343E76A1C924651E765
:10E580000C22B4F90C30C8F800203AE700FCFF7FF9
:10E5900010B5354B0446186882B00B4610B1426B7B
:10E5A000002A53D0B3F90C20110711D51869C8B14E
:10E5B000B3F90C2012F0010126D059694FF0000C7C
:10E5C0004942C3F808C0996120B3002002B010BDD1
:10E5D000D00640D5510723D4186942F008029A8129
:10E5E0000028E5D19A8902F42072B2F5007FDFD0CD
:10E5F00019462046019300F0C9F8019BB3F90C209D
:10E60000186912F00101D8D1940758BF596999606F
:10E610000028DAD11106D9D542F040029A811FE0D4
:10E62000196B61B103F14000814206D0204601938D
:10E63000FAF758FD019BB3F90C2000211963186902
:10E640000021C3E9000122F02402C6E70191FAF794
:10E6500053F8019BA6E7092142F0400221609A810C
:10E660004FF0FF30B2E700BFBC2D00202DE9F04F86
:10E670008BB0DDE91589149F02901C46B8F1000F9C
:10E6800057D0166801960029C34608BF4FF0FF37E0
:10E69000002588460391924606E0019B53F8040B3F
:10E6A0000193002837D06546AF423ED9002C3CD0BC
:10E6B000DBF800300493DBF804300593019B0298EB
:10E6C0001A68D9F8C8615B4606A9B047431C33D025
:10E6D00000EB050CBC453AD8039B013C002BDCD079
:10E6E00000280DDD08F1FF32019E06A900EB020EA5
:10E6F00011F8013B02F8013F7245F9D101968044BF
:10E70000019BDAF8002053F8040B01930432CAF895
:10E7100000200028C7D10399D84609B1CAF80000E3
:10E720000022C8F800200CF1FF3528460BB0BDE8E8
:10E73000F08F00F58678A4E7029B05468A21002227
:10E7400028461960CBF800200BB0BDE8F08FD84602
:10E75000DDF810A0DDF814B02846C8E900AB0BB016
:10E76000BDE8F08F00B585B0DFF81CC006980090BA
:10E770000798019003480068CDF808C0FFF776FFBE
:10E7800005B000BDBC2D0020542B0020B1F90C2099
:10E79000930706D501F143030122C1E904320B605E
:10E7A000704730B50B46B1F90E10002999B00446F8
:10E7B00032DB02AA009300F05BF80028009B29DB03
:10E7C0004FF4806120460093039DF9F769FA009B9E
:10E7D000B3F90C20002839D005F4704142F08002D2
:10E7E00018601861B1F5005F4FF480609A8158613C
:10E7F0003AD1B3F90E100093204600F04DF8009B7B
:10E80000B3F90C2080B322F0030242F001024FF46E
:10E81000006117E0B3F90C20019312F0800F0CBFD8
:10E820004FF48061402120460091F9F739FA019BAD
:10E830000099B3F90C2048B1C3E9040142F0800209
:10E84000186000210A439A8119B030BD9105FBD4AC
:10E8500022F0030203F1430142F002020120C3E966
:10E8600004109A811960EFE74FF40061EAE700BFF6
:10E8700038B5084C00230546084611462360F6F7D4
:10E88000E3FF431C00D038BD2368002BFBD02B6076
:10E8900038BD00BF748E002038B5074C00230546F4
:10E8A00008462360F6F7D6FF431C00D038BD236826
:10E8B000002BFBD02B6038BD748E00205FF800F079
:0CE8C000A11D00605FF800F04D1D00601D
:04E8CC00F8B500BFDC
:08E8D000608CFF7F01000000D5
:10E8D8000000000000000000000000000000000030
:10E8E8000000000000000000000000000000000020
:10E8F8000000000000000000000000000000000010
:10E9080000000000000000000000000000000000FF
:10E9180000000000000000000000000000000000EF
:10E9280000000000000000000000000000000000DF
:10E9380000000000000000000000000000000000CF
:10E9480000000000000000000000000000000000BF
:10E9580000000000000000000000000000000000AF
:10E96800000000000000000000000000000000009F
:10E97800000000000000000000000000000000008F
:10E98800000000000000000000000000000000007F
:10E99800000000000000000000000000000000006F
:10E9A800000000000000000000000000000000005F
:10E9B800000000000000000000000000000000004F
:10E9C800000000000000000000000000000000003F
:10E9D800000000000000000000000000000000002F
:10E9E800000000000000000000000000000000001F
:10E9F800000000000000000000000000000000000F
:10EA080000000000000000000000000000000000FE
:10EA180000000000000000000000000000000000EE
:10EA280000000000000000000000000000000000DE
:10EA380000000000000000000000000000000000CE
:10EA480000000000000000000000000000000000BE
:10EA580000000000000000000000000000000000AE
:10EA6800000000000000000000000000000000009E
:10EA7800000000000000000000000000000000008E
:10EA8800000000000000000000000000000000007E
:10EA9800000000000000000000000000000000006E
:10EAA800000000000000000000000000000000005E
:10EAB800000000000000000000000000000000004E
:10EAC800000000000000000000000000000000003E
:10EAD800000000000000000000000000000000002E
:10EAE800000000000000000000000000000000001E
:10EAF800000000000000000000000000000000000E
:10EB080000000000000000000000000000000000FD
:10EB180000000000000000000000000000000000ED
:10EB280000000000000000000000000000000000DD
:10EB380000000000000000000000000000000000CD
:10EB480000000000000000000000000000000000BD
:10EB580000000000000000000000000000000000AD
:10EB6800000000000000000000000000000000009D
:10EB7800000000000000000000000000000000008D
:10EB8800000000000000000000000000000000007D
:10EB9800000000000000000000000000000000006D
:10EBA800000000000000000000000000000000005D
:10EBB800000000000000000000000000000000004D
:10EBC800000000000000000000000000000000003D
:10EBD800000000000000000000000000000000002D
:10EBE800000000000000000000000000000000001D
:10EBF800000000000000000000000000000000000D
:10EC080000000000000000000000000000000000FC
:10EC180000000000000000000000000000000000EC
:10EC280000000000000000000000000000000000DC
:10EC380000000000000000000000000000000000CC
:10EC480000000000000000000000000000000000BC
:10EC580000000000000000000000000000000000AC
:10EC6800000000000000000000000000000000009C
:10EC7800000000000000000000000000000000008C
:10EC8800000000000000000000000000000000007C
:10EC9800000000000000000000000000000000006C
:10ECA800000000000000000000000000000000005C
:10ECB800000000000000000000000000000000004C
:10ECC800000000000000000000000000000000003C
:10ECD800000000000000F03F748515D3B0D9EF3F65
:10ECE8000F89F96C58B5EF3F515B12D00193EF3F94
:10ECF8007B517D3CB872EF3FAAB968318754EF3F2A
:10ED08003862756E7A38EF3FE1DE1FF59D1EEF3FE2
:10ED180015B7310AFE06EF3FCBA93A37A7F1EE3F08
:10ED28002234124CA6DEEE3F2D89616008CEEE3FFC
:10ED3800272A36D5DABFEE3F824F9D562BB4EE3FD9
:10ED4800295448DD07ABEE3F85553AB07EA4EE3F27
:10ED5800CD3B7F669EA0EE3F745FECE8759FEE3F6B
:10ED68008701EB7314A1EE3F13CE4C9989A5EE3FB2
:10ED7800DBA02A42E5ACEE3FE5C5CDB037B7EE3FA4
:10ED880090F0A38291C4EE3F5D253EB203D5EE3FDD
:10ED9800ADD35A999FE8EE3F475EFBF276FFEE3F10
:10EDA8009C5285DD9B19EF3F6990EFDC2037EF3FE0
:10EDB80087A4FBDC1858EF3F5F9B7B33977CEF3FC2
:10EDC800DA90A4A2AFA4EF3F40456E5B76D0EF3F48
:10EDD800000000000000E8429423914BF86AAC3F21
:10EDE800F3C4FA50CEBFCE3FD6520CFF422EE63FB8
:10EDF8000000000000003843FE822B65471547409D
:10EE08009423914BF86ABC3EF3C4FA50CEBF2E3F10
:10EE1800D6520CFF422E963FBEF3F879EC61F63FCE
:10EE2800DEAA8C80F77BD5BF3D88AF4AED71F53FF0
:10EE3800DB6DC0A7F0BED2BFB010F0F03995F43F3B
:10EE4800673A517FAE1ED0BF8503B8B095C9F33F6E
:10EE5800E92482A6D831CBBFA564880C190DF33FED
:10EE68005877C00A4F57C6BFA08E0B7B225EF23F71
:10EE780000819CC72BAAC1BF3F341A4A4ABBF13F45
:10EE88005E0E8CCE764EBABFBAE58AF05823F13FB3
:10EE9800CC1C615A3C97B1BFA70099413F95F03F00
:10EEA8001E0CE138F452A2BF000000000000F03F41
:10EEB8000000000000000000AC479AFD8C60EE3FA7
:10EEC8008459F25DAAA5AA3FA06A021FB3A4EC3F29
:10EED800B42E36AA535EBC3FE6FC6A573620EB3F99
:10EEE80008DB2077E526C53F2DAAA163D1C2E93FFB
:10EEF8007047220D86C2CB3FED417803E686E83F96
:10EF0800E17EA0C88B05D13F624853F5DC67E73F37
:10EF180009EEB6573004D43FEF39FAFE422EE63FE9
:10EF28003483B848A30ED0BF6A0BE00B5B57D53FBC
:10EF380023410AF2FEFFDFBF0080E03779C3414377
:10EF4800176E05B5B5B89346F5F93FE9034F384D47
:10EF5800321D30F94877825A3CBF737FDD4F1575F3
:10EF6800000000000000F03F000000000000244006
:10EF780000000000000059400000000000408F40E1
:10EF8800000000000088C34000000000006AF8404C
:10EF98000000000080842E4100000000D012634170
:10EFA8000000000084D797410000000065CDCD41E6
:10EFB800000000205FA00242000000E876483742C7
:10EFC800000000A2941A6D42000040E59C30A24265
:10EFD8000000901EC4BCD64200003426F56B0C43DA
:10EFE8000080E03779C3414300A0D8855734764381
:10EFF80000C84E676DC1AB43003D9160E458E143E2
:10F00800408CB5781DAF154450EFE2D6E41A4B4456
:10F0180092D54D06CFF08044F64AE1C7022DB5449B
:10F02800B49DD9794378EA44BEF3F879EC61F63FA8
:10F038001930965BC6FEDEBF3D88AF4AED71F53FDD
:10F04800A4FCD432680BDBBFB010F0F03995F43F64
:10F058007BB71F0A8B41D7BF8503B8B095C9F33F6B
:10F068007BCF6D1AE99DD3BFA564880C190DF33FBA
:10F0780031B6F2F39B1DD0BFA08E0B7B225EF23F10
:10F08800F07A3B1B1D7CC9BF3F341A4A4ABBF13F8B
:10F098009F3CAF93E3F9C2BFBAE58AF05823F13F2A
:10F0A8005C8D78BFCB60B9BFA70099413F95F03F11
:10F0B800CE5F47B69D6FAABF000000000000F03F7A
:10F0C8000000000000000000AC479AFD8C60EE3F95
:10F0D8003DF5249FCA38B33FA06A021FB3A4EC3F92
:10F0E800BA913854A976C43FE6FC6A573620EB3FFC
:10F0F800D2E4C44A0B84CE3F2DAAA163D1C2E93F12
:10F108001C65C6F04506D43FED417803E686E83F26
:10F11800F89F1B2C9C8ED83F624853F5DC67E73F6D
:10F12800CC7BB14EA4E0DC3F0B6E49C91676D23FCA
:10F138007AC675A06919D7BFDDBAA76C0AC7DE3FC2
:10F14800C8F6BE484715E7BF2BB82A654715F73FED
:10F15800000000000000F03F000000000000F0BFC9
:10F16800000000000000F0BF000000000000F03FB9
:10F1780083C8C96D305F6441182D4454FB21F93FA1
:10F18800000000000000F03F1C620CFDFFFFDFBF25
:10F19800198F06E15355A53F9D359AE887C056BF9C
:10F1A800C3F87B024393F93E03A695595455C5BF4E
:10F1B800C40B23057610813F24CF7437EB9429BF05
:10F1C800000000000000F03F000000000000F0BF59
:10F1D800000000000000F0BF000000000000F03F49
:10F1E80083C8C96D305F6441182D4454FB21F93F31
:10F1F800000000000000F0BF1C620CFDFFFFDF3FB5
:10F20800198F06E15355A5BF9D359AE887C0563F2B
:10F21800C3F87B024393F9BE03A695595455C5BF5D
:10F22800C40B23057610813F24CF7437EB9429BF94
:10F23800400B0020500B0020600B0020308F002076
:10F24800348F0020388F00203C8F0020408F002012
:10F2580000000000000000000000FF27100032FF3F
:10F2680027100032FF27100032FF2710003200005D
:10F278000000000000000000000000000000000086
:10F288000040004000400000E73BE73BE73B000050
:10F29800200C00202C0C0020380C0020440C0020EE
:10F2A800500C0020000000000100000003000000D6
:10F2B80002000000000000004D494D0076322E315A
:10F2C800312E312D616C70686100000047726170E9
:10F2D8006820726561647900252B35642070782F69
:10F2E80073000000253564206D73000025352E312C
:10F2F800662025250000000025352E316620487A35
:10F3080000000000253564202525000025356C7592
:10F31800206D73002D2D2D00582D537065656400E8
:10F32800592D5370656564002B2F2D2564202054BA
:10F338003D256C756D7300002B256400203000009E
:10F348002D25640030000000256C75206D730000C9
:10F3580045313A70616765202045323A65646974C1
:10F3680000000000765825643A252B35640000001B
:10F37800765925643A252B356400000025372E334D
:10F388006600000025362E32662025730000000036
:10F398005752205741524E005341564544000000F1
:10F3A80041494D0041494D20506172616D73000023
:10F3B8002025642F256400005025642F33000000A9
:10F3C80041494D2053756D6D6172790045313A6E32
:10F3D80061762045323A6564697400005B252E32F7
:10F3E800662E2E252E32665D000000002D3E20413F
:10F3F800494D00002D3E204D494D0000F0F1F3F439
:10F408001408E12C1E1F20212B29E0F20000000027
:10F41800582D5370656564202870782F7329000073
:10F42800592D5370656564202870782F7329000062
:10F43800506172616D6574657273000076583000B2
:10F4480076583100765832007658330076583400B2
:10F45800765835007658360076593000765931009E
:10F46800765932007659330076593400765935008A
:10F4780076593600582D44656C617900592D4465DC
:10F488006C6179005369676D6100000052462D4830
:10F498007A00000052462D537072640052462D4483
:10F4A80075747900542D456E64000000454D412D5A
:10F4B800416C7068610000004E6F6973652D47618B
:10F4C8007465000053656E73697469762E000000D8
:10F4D8004D61782D4465666C0000000043757276B6
:10F4E800652D45787000000070782F7300000000CB
:10F4F8004D494D204D4F44450000000041494D20E5
:10F508004D4F44450000000043494D204D4F4445B0
:10F51800000000004B494D204D4F444500000000BD
:10F528004D494D2B4B494D000A20212121212121F4
:10F53800212121212120426C7565746F6F74684305
:10F548006F6E74726F6C6C65723A3A717565756539
:10F558005F446174615F5472616E736665722063A3
:10F56800616C6C65642077697468206261642064EA
:10F57800617461206C696E653A2025750A00000087
:10F588000920706970653A25702062756666657233
:10F598003A2570206C656E3A257520647269766527
:10F5A800723A25700A00000048656C6C6F2C20497F
:10F5B800276D20726573657474696D65720000004B
:10F5C8004465626F756E63652054696D65720000ED
:10F5D8005553424849445061727365723A3A636FB1
:10F5E8006E74726F6C206D73673A202578202578C9
:10F5F800203A202578202575203A00002025303231
:10F60800780000004A6F79737469636B436F6E7496
:10F61800726F6C6C65723A3A62745F636C61696DA3
:10F628005F636F6C6C656374696F6E282570292041
:10F63800436F6E6E656374696F6E3A257020636CF4
:10F648006173733A257820546F703A25780A000060
:10F65800094A6F79737469636B436F6E74726F6C68
:10F668006C657220636C61696D20636F6C6C656397
:10F6780074696F6E0A0000005377697463682074B8
:10F6880072616E73666572206661696C0A000000BB
:10F698005365742052756D626C6520646174613ABB
:10F6A8002025642C2025640A00000000536574207E
:10F6B80052756D626C6520646174612028555342EF
:10F6C800293A2025642C2025640A000057697265B0
:10F6D8006C65737320436F6E74726F6C6C65720027
:10F6E800504C415953544154494F4E2852293300E4
:10F6F8004E617669676174696F6E20436F6E7472CC
:10F708006F6C6C65720000004D6F74696F6E2043FA
:10F718006F6E74726F6C6C657200000058626F785F
:10F7280020576972656C65737300000050726F2012
:10F73800436F6E74726F6C6C657200004A6F792D3E
:10F74800436F6E20285229004A6F792D436F6E202F
:10F75800284C29004A6F79737469636B436F6E7420
:10F76800726F6C6C65723A3A636C61696D5F626C5A
:10F778007565746F6F7468202D20436C61737320F6
:10F7880025782025730A00004A6F79737469636BC2
:10F79800436F6E74726F6C6C65723A3A636C616930
:10F7A8006D5F626C7565746F6F746820496E7465FF
:10F7B80072666163650A00000A2323232323232337
:10F7C8002073775F73656E64434D44282578202540
:10F7D80070202575292063616C6C656420776974D5
:10F7E800682062746472697665725F203D3D2030DE
:10F7F800200000004D6F757365436F6E74726F6CF7
:10F808006C657220436F6E74726F6C6C65723A3AF5
:10F81800636C61696D5F626C7565746F6F74682085
:10F828002D20436C6173732025780A004D6F757322
:10F8380065436F6E74726F6C6C65723A3A636C6193
:10F84800696D5F626C7565746F6F7468205452558A
:10F85800450A00004D6F757365436F6E74726F6C67
:10F868006C65723A3A62745F636C61696D5F636F6D
:10F878006C6C656374696F6E2825702920436F6E00
:10F888006E656374696F6E3A257020636C6173737B
:10F898003A257820546F703A25780A00094D6F751B
:10F8A8007365436F6E74726F6C6C657220636C6104
:10F8B800696D20636F6C6C656374696F6E0A000014
:10F8C8006E616E00696E66006F7666004C435F433A
:10F8D8004F4C4C41544500004C435F4354595045EC
:10F8E800000000004C435F4D4F4E455441525900B3
:10F8F8004C435F4E554D4552494300004C435F54BD
:10F90800494D45004C435F4D4553534147455300CE
:10F9180042616C6C6F6320737563636565646564CD
:10F92800000000002F646174612F6A656E6B696E58
:10F93800732F776F726B73706163652F474E552D08
:10F94800746F6F6C636861696E2F61726D2D3135EC
:10F958002D352F7372632F6E65776C69622D63790D
:10F968006777696E2F6E65776C69622F6C69626361
:10F978002F7374646C69622F6D707265632E6300F7
:10F98800494E46004E414E00303132333435363719
:10F9980038396162636465660000000030313233D3
:10F9A8003435363738394142434445460000000073
:10F9B800286E756C6C2900002C2066756E6374695E
:10F9C8006F6E3A2000000000617373657274696F8E
:10F9D8006E2022257322206661696C65643A206670
:10F9E800696C6520222573222C206C696E652025A0
:10F9F80064257325730A0000496E66696E69747917
:10FA0800000000004E614E002F646174612F6A652A
:10FA18006E6B696E732F776F726B73706163652F8E
:10FA2800474E552D746F6F6C636861696E2F6172F4
:10FA38006D2D31352D352F7372632F6E65776C6997
:10FA4800622D63796777696E2F6E65776C69622FAF
:10FA58006C6962632F7374646C69622F64746F617C
:10FA68002E630000480A0020500A0020D80A00200F
:10FA7800DC0B0020000000000000803FCDCC4C3D96
:10FA8800D80D0020E80B0020000000000000A04175
:10FA98000000003F180C0020F40B0020CDCCCC3D1A
:10FAA8000000A040CDCCCC3D300D0020000C002043
:10FAB800CDCCCC3D0000803FCDCC4C3DD80D0020B6
:10FAC8000C0C00200000003F00004040CDCCCC3D95
:10FAD800D80D0020DC0B0020000000000000803F53
:10FAE800CDCC4C3DD80D0020E80B002000000000D4
:10FAF8000000A0410000003F180C0020F40B00207B
:10FB0800CDCCCC3D0000A040CDCCCC3D300D00206C
:10FB1800000C0020CDCCCC3D0000803FCDCC4C3D2E
:10FB2800D80D00200C0C00200000003F00004040D1
:10FB3800CDCCCC3DD80D0020280A291B2B0952DA40
:10FB480051D950D84FD749D14CD44BD34ED64AD29D
:10FB58004DD53AC23BC33CC43DC53EC63FC740C86D
:10FB680041C942CA43CB44CC45CD0000DC0B002040
:10FB7800E80B0020F40B0020000C00200C0C0020E7
:10FB88006C0B0020700B0020740B0020780B0020F9
:10FB98007C0B0020800B0020840B0020880B0020A9
:10FBA8008C0B0020900B0020940B0020980B002059
:10FBB8009C0B0020A00B0020A40B0020AC0B002005
:10FBC800B40B0020BC0B0020C40B0020CC0B002081
:10FBD800D40B0020542F2F552A2A562D2D572B2B66
:10FBE800580A0A59CD315AD1325BCE335CD0345DD4
:10FBF80000355ECF365FCA3760D23861CB3962C90B
:10FC08003063CC2E03040001020500000000000050
:10FC1800003E5B4F5B3E3E6B4F6B3E1C3E7C3E1C8A
:10FC2800183C7E3C181C577D571C1C5E7F5E1C00D0
:10FC3800183C1800FFE7C3E7FF0018241800FFE787
:10FC4800DBE7FF30483A060E2629792926407F054A
:10FC58000507407F05253F5A3CE73C5A7F3E1C1C60
:10FC680008081C1C3E7F14227F22145F5F005F5F20
:10FC780006097F017F006689956A6060606060940C
:10FC8800A2FFA29408047E040810207E2010080811
:10FC98002A1C08081C2A08081E101010100C1E0C1C
:10FCA8001E0C30383E3830060E3E0E0600000000AE
:10FCB8000000005F00000007000700147F147F1495
:10FCC800242A7F2A122313086462364956205000DA
:10FCD80008070300001C2241000041221C002A1CC6
:10FCE8007F1C2A08083E08080080703000080808B1
:10FCF8000808000060600020100804023E514945D1
:10FD08003E00427F400072494949462141494D33EE
:10FD18001814127F1027454545393C4A4949314155
:10FD2800211109073649494936464949291E000023
:10FD38001400000040340000000814224114141478
:10FD48001414004122140802015909063E415D5964
:10FD58004E7C1211127C7F494949363E414141226D
:10FD68007F4141413E7F494949417F090909013E97
:10FD7800414151737F0808087F00417F41002040BE
:10FD8800413F017F081422417F404040407F021CD0
:10FD9800027F7F0408107F3E4141413E7F090909E7
:10FDA800063E4151215E7F091929462649494932B3
:10FDB80003017F01033F4040403F1F2040201F3F79
:10FDC8004038403F631408146303047804036159FE
:10FDD800494D43007F414141020408102000414140
:10FDE800417F0402010204404040404000030708EC
:10FDF8000020545478407F284444383844444428E8
:10FE0800384444287F385454541800087E0902188E
:10FE1800A4A49C787F0804047800447D4000204016
:10FE2800403D007F1028440000417F40007C04785A
:10FE380004787C080404783844444438FC182424A2
:10FE48001818242418FC7C08040408485454542422
:10FE580004043F44243C4040207C1C2040201C3C9F
:10FE68004030403C44281028444C9090907C446496
:10FE7800544C440008364100000077000000413629
:10FE8800080002010204023C2623263C1EA1A161AF
:10FE9800123A4040207A38545455592155557941E1
:10FEA8002254547842215554784020545579400CB6
:10FEB8001E52721239555555593954545459395599
:10FEC8005454580000457C410002457D42000145DC
:10FED8007C407D1211127DF0282528F07C54554570
:10FEE800002054547C547C0A097F493249494932DC
:10FEF8003A4444443A324A4848303A4141217A3AED
:10FF080042402078009DA0A07D3D4242423D3D40B8
:10FF180040403D3C24FF2424487E4943662B2FFC67
:10FF28002F2BFF0929F620C0887E09032054547915
:10FF3800410000447D413048484A32384040227AE6
:10FF4800007A0A0A727D0D19317D2629292F282663
:10FF58002929292630484D4020380808080808086B
:10FF68000808382F10C8ACBA2F102834FA00007BC4
:10FF7800000008142A142222142A140855005500D7
:10FF880055AA55AA55AAFF55FF55FF000000FF00C6
:10FF9800101010FF00141414FF001010FF00FF10C1
:10FFA80010F010F0141414FC001414F700FF0000F3
:10FFB800FF00FF1414F404FC141417101F10101F72
:10FFC800101F1414141F00101010F0000000001F60
:10FFD800101010101F10101010F010000000FF106B
:10FFE8001010101010101010FF10000000FF140067
:08FFF80000FF00FF00001F10D4
:02000004600298
:10000000170000FC04F414141710171414F404F46B
:100010000000FF00F714141414141414F700F7145C
:100020001414171410101F101F141414F4141010AB
:10003000F010F000001F101F0000001F140000004F
:10004000FC140000F010F01010FF10FF141414FF47
:10005000141010101F00000000F010FFFFFFFFFF42
:10006000F0F0F0F0F0FFFFFF0000000000FFFF0FD6
:100070000F0F0F0F3844443844FC4A4A4A347E027A
:10008000020606027E027E026355494163384444FB
:100090003C04407E201E2006027E020299A5E7A5B0
:1000A000991C2A492A1C4C7201724C304A4D4D3021
:1000B0003048784830BC625A463D3E494949007E46
:1000C0000101017E2A2A2A2A2A44445F44444051DD
:1000D0004A444040444A51400000FF0103E080FF91
:1000E000000008086B6B083612362436060F090F1D
:1000F00006000018180000001010003040FF010139
:10010000001F01011E00191D1712003C3C3C3C0061
:1001100000000000080A02060405010900000000B2
:1001200000000000000000006D100100F12401003B
:10013000E99C0000ED9C0000453701001505010019
:1001400019050100CD0701002D0501004905010039
:10015000C9080100150501006905010065050100D8
:10016000A106010049060100FD06010091070100FA
:1001700091050100FD0701000000000000000000E3
:1001800085B4000049BA0000C1B60000310100008A
:10019000D9B6000000000000000000006D10010052
:1001A000F1240100E99C0000ED9C0000BD1C010051
:1001B00031150100791C01004D140100B513010037
:1001C00015130100C9080100AD1201006905010005
:1001D000091B010071150100651601005D17010082
:1001E0009107010091050100FD070100453701005D
:1001F0004537010000000000000000006D10010004
:10020000F1240100E99C0000ED9C0000BD1C0100F0
:1002100031150100791C01004D140100B5130100D6
:1002200015130100C9080100AD1201000D200100E5
:10023000091B010071150100651601005D17010021
:100240009107010091050100FD070100C521010092
:10025000E521010000000000000000006D10010019
:10026000F1240100E99C0000ED9C0000BD1C010090
:1002700031150100791C01004D140100B513010076
:1002800015130100C9080100AD1201003922010057
:10029000091B010071150100651601005D170100C1
:1002A0009107010091050100FD070100C521010032
:1002B000E52101000000000000000000D1FC00006A
:1002C000399E00003D9E0000F19C00000DFC0000E6
:1002D00015FC00009DFC0000F9FB0000419E0000A1
:1002E00039FD0000F9FC0000B1FC000095FD0000A4
:1002F000EDFD0000B9FC000019FE000041FE000009
:10030000F4FFFFFF00000000F59C000085FF0000E7
:10031000B5FE000011FE0000F99C0000DD9C00000D
:10032000E19C000029FF0000FDFE0000F1FE00003E
:1003300065FE00008DFE0000E59C0000000000004E
:100340000000000051030000290100002D01000001
:10035000310100006D0100000000000000000000FD
:1003600079240100ED400100F1400100E540010069
:10037000D1400100D5400100DD400100E94001000D
:100380000000000000000000B1CF0000E9CC000038
:100390002D01000031010000F1CC000001DC000063
:1003A00089CB00008DCB000029CD0000D5CC00000A
:1003B00091CD0000E5CC000095EB000061E100006C
:1003C00039D90000D9EB000019CD0000DDD90000BB
:1003D00005DB0000B9CD00002DCE000001CD0000EE
:1003E00065CE0000C1CE000001E30000F4FFFFFF76
:1003F000000000002DDD000025F0000051CE0000BF
:1004000089CD00004DCE0000CDCC000085CE00008F
:1004100099CE000085E10000E8FFFFFF000000002A
:10042000F59C0000D5D900001DF0000055CE00005D
:100430000DDA0000A1DB0000E19C000025CE0000E9
:1004400079CF00006DCF0000FDCE000029CF000065
:1004500025E300000000000000000000C5F10000DE
:100460007DF900003D9E0000F19C000091F000002D
:1004700021F70000ADF900005DF10000419E000091
:10048000E9F0000015FA0000D1F00000C1F0000012
:10049000C9F00000CDF0000079F1000055F2000035
:1004A000B1F00000B9F000009DF20000F4FFFFFF82
:1004B00000000000F59C0000C1F3000039FA0000C4
:1004C00095F20000C9F200008DF2000091F20000E8
:1004D00071F300002DF3000021F30000E1F20000B1
:1004E000EDF20000E59C00000000000000000000AC
:1004F00095490100F1240100094401006145010012
:1005000029440100C944010051440100ED450100A6
:100510007D450100054401000000000000000000CE
:10052000FDC100005DC90000D9C400003101000018
:100530007DC3000000010203000001000000030071
:1005400000000200000006000000040000000C0093
:10055000000008000000090000010203040500007B
:10056000D8399D270054EA2A00A4781F007B9A17E7
:10057000A2000000F9A2000083F9A2006E83F9A294
:100580004E6E83F9444E6E8315444E6E2915444ECB
:10059000FC29154427FC29155727FC29D15727FC8E
:1005A000F5D1572734F5D157DD34F5D1C0DD34F519
:1005B000DBC0DD3462DBC0DD9562DBC0999562DBB8
:1005C0003C999562433C999590433C994190433CBA
:1005D0000020202020202020202028282828282013
:1005E000202020202020202020202020202020200B
:1005F0002088101010101010101010101010101073
:100600001004040404040404040404101010101062
:10061000101041414141414101010101010101012C
:10062000010101010101010101010101101010107E
:1006300010104242424242420202020202020202FE
:100640000202020202020202020202021010101052
:10065000200000000000000000000000000000007A
:10066000000000000000000000000000000000008A
:10067000000000000000000000000000000000007A
:10068000000000000000000000000000000000006A
:10069000000000000000000000000000000000005A
:1006A000000000000000000000000000000000004A
:1006B000000000000000000000000000000000003A
:1006C000000000000000000000000000000000002A
:1006D000000000002020202020202020202020209A
:1006E000202020202020202020202020202020200A
:1006F0002020202000000042C8801F40B8821F40F8
:100700000800000000000042C4801F40B4821F4067
:100710000400000000C0004224801F4014821F40DB
:100720001000000000C0004228801F4018821F40B7
:100730002000000000C000422C801F401C821F408F
:100740004000000000C0004234801F4024821F404F
:10075000000100000040004264811F4054831F409C
:10076000000400000040004280811F4070831F4051
:1007700000000200004000427C811F406C831F404B
:10078000000001000040004268811F4058831F4064
:1007900000080000004000423C811F402C831F40A5
:1007A000010000000040004244811F4034831F408C
:1007B000040000000040004240811F4030831F4081
:1007C000020000000040004248811F4038831F4063
:1007D000080000000000004204811F40F4821F4016
:1007E000000004000000004208811F40F8821F4002
:1007F000000008000000004218811F4008831F40CD
:10080000000080000000004214811F4004831F404C
:10081000000040000000004200811F40F0821F40A5
:100820000000020000000042FC801F40EC821F40DC
:10083000000001000000004224811F4014831F407B
:10084000000000040000004228811F4018831F4060
:1008500000000008000000421C811F400C831F4064
:10086000000000010000004220811F4010831F4053
:100870000000000200000042EC801F40DC821F40AC
:100880000010000000000042F0801F40E0821F4086
:10089000002000000000004234811F4024831F40DC
:1008A000000000400000004238811F4028831F40A4
:1008B000000000800080004294801F4084821F401E
:1008C0000000040000C0004290801F4080821F4052
:1008D0000000008000800042A8801F4098821F40D6
:1008E0000000800000800042A4801F4094821F40CE
:1008F00000004000004000426C811F405C831F40AC
:100900000010000000C0004230801F4020821F40C5
:100910008000000000400042B0811F40A0831F40C3
:100920000000002000400042AC811F409C831F401B
:10093000000000100040004284811F4074831F406B
:10094000000004000040004288811F4078831F405F
:1009500000000800000000422C811F401C831F4043
:10096000000000100000004230811F4020831F4023
:1009700000000020000000420C811F40FC821F404C
:10098000000010000000004210811F4000831F4043
:100990000000200000800042C8811F40B8831F4033
:1009A0000080000000800042C4811F40B4831F40CB
:1009B0000040000000800042C0811F40B0831F4003
:1009C0000020000000800042BC811F40AC831F401B
:1009D0000010000000800042D0811F40C0831F40F3
:1009E0000000020000800042CC811F40BC831F40F9
:1009F0000000010000C0004274801F4064821F405C
:100A00000000000100C0004280801F4070821F4033
:100A10000000000800C0004284801F4074821F4014
:100A20000000001000C000426C801F405C821F402C
:100A30000000400000C000427C801F406C821F40CC
:100A40000000000400C0004278801F4068821F4000
:100A50000000000200C0004288801F4078821F40D2
:100A6000000000202C5E7460616264346667656E0D
:100A7000362D3738271E1F202122232425267333A5
:100A8000762E77785F4445464748494A4B4C4D4E51
:100A90004F505152535455565758595A5B5C5D2F1D
:100AA0003130636D350405060708090A0B0C0D0E7D
:100AB0000F101112131415161718191A1B1C1D6F7D
:100AC0007170752A05000000190000007D0000000B
:100AD00007080C0B06050F000D0E010283840708A2
:100AE0000C0B06050F000D0E01028384FFFFFFFFB4
:100AF000FFFFFFFFFFFF8182090A000000010000E5
:100B0000302E0020120000000006000010210060BE
:100B10000A0000000002000054200060BA0000003B
:100B200000070000981F0060BA000000EE030000FC
:100B3000002E002012000000000004EEC02D002056
:100B40004000000000220400142E00201C000000C1
:100B500000210400FE2000600900000000030000E6
:100B6000941F006000000000010309048C1F006056
:100B700000000000020309047C1F00600000000068
:100B80000303090458300020000000000403090496
:100B90007030002000000000000000000000000095
:100BA0000000000030303030303030303030303005
:100BB0003030303030303030303030303030303035
:100BC0003030303000000000000000000000000065
:100BD000F0220020F0220020F8220020F82200203D
:100BE00000230020002300200823002008230020E9
:100BF0001023002010230020182300201823002099
:100C00002023002020230020282300202823002048
:100C100030230020302300203823002038230020F8
:100C200040230020402300204823002048230020A8
:100C30005023002050230020582300205823002058
:100C40006023002060230020682300206823002008
:100C500070230020702300207823002078230020B8
:100C60008023002080230020882300208823002068
:100C70009023002090230020982300209823002018
:100C8000A0230020A0230020A8230020A8230020C8
:100C9000B0230020B0230020B8230020B823002078
:100CA000C0230020C0230020C8230020C823002028
:100CB000D0230020D0230020D8230020D8230020D8
:100CC000E0230020E0230020E8230020E823002088
:100CD000F0230020F0230020F8230020F823002038
:100CE00000240020002400200824002008240020E4
:100CF0001024002010240020182400201824002094
:100D00002024002020240020282400202824002043
:100D100030240020302400203824002038240020F3
:100D200040240020402400204824002048240020A3
:100D30005024002050240020582400205824002053
:100D40006024002060240020682400206824002003
:100D500070240020702400207824002078240020B3
:100D60008024002080240020882400208824002063
:100D70009024002090240020982400209824002013
:100D8000A0240020A0240020A8240020A8240020C3
:100D9000B0240020B0240020B8240020B824002073
:100DA000C0240020C0240020C8240020C824002023
:100DB000D0240020D0240020D8240020D8240020D3
:100DC000E0240020E0240020E8240020E824002083
:100DD000F0240020F0240020F8240020F824002033
:100DE00000250020002500200825002008250020DF
:100DF000102500201025002018250020182500208F
:100E0000202500202025002028250020282500203E
:100E100030250020302500203825002038250020EE
:100E2000402500204025002048250020482500209E
:100E3000502500205025002058250020582500204E
:100E400060250020602500206825002068250020FE
:100E500070250020702500207825002078250020AE
:100E6000802500208025002088250020882500205E
:100E7000902500209025002098250020982500200E
:100E8000A0250020A0250020A8250020A8250020BE
:100E9000B0250020B0250020B8250020B82500206E
:100EA000C0250020C0250020C8250020C82500201E
:100EB000D0250020D0250020D8250020D8250020CE
:100EC000E0250020E0250020E8250020E82500207E
:100ED000F0250020F0250020F8250020F82500202E
:100EE00000260020002600200826002008260020DA
:100EF000102600201026002018260020182600208A
:100F00002026002020260020282600202826002039
:100F100030260020302600203826002038260020E9
:100F20004026002040260020482600204826002099
:100F30005026002050260020582600205826002049
:100F400060260020602600206826002068260020F9
:100F500070260020702600207826002078260020A9
:100F60008026002080260020882600208826002059
:100F70009026002090260020982600209826002009
:100F8000A0260020A0260020A8260020A8260020B9
:100F9000B0260020B0260020B8260020B826002069
:100FA000C0260020C0260020C8260020C826002019
:100FB000D0260020D0260020D8260020D8260020C9
:100FC000E0260020E0260020E8260020E826002079
:100FD00000000000888C0020F08C0020588D00203C
:100FE0000000000000000000000000000000000001
:100FF00000000000000000000000000000000000F1
:1010000000000000000000000000000000000000E0
:1010100000000000000000000000000000000000D0
:1010200000000000000000000000000000000000C0
:1010300000000000000000000000000000000000B0
:1010400000000000000000000000000000000000A0
:101050000000000000000000000000000000000090
:10106000000000000000000001000000000000007F
:101070000E33CDAB34126DE6ECDE05000B00000044
:101080000000000000000000000000000000000060
:101090000000000000000000000000000000000050
:1010A0000000000000000000000000000000000040
:1010B0000000000000000000000000000000000030
:1010C0000000000000000000000000000000000020
:1010D0000000000000000000000000000000000010
:1010E0000000000000000000000000000000000000
:1010F00000000000000000000000000000000000F0
:1011000000000000000000000000000000000000DF
:1011100000000000000000000000000000000000CF
:1011200000000000000000000000000000000000BF
:1011300000000000000000000000000000000000AF
:10114000000000000000000000000000000000009F
:10115000000000000000000000000000000000008F
:10116000000000000000000000000000000000007F
:10117000000000000000000000000000000000006F
:10118000000000000000000000000000000000005F
:10119000000000000000000000000000000000004F
:1011A000000000000000000000000000000000003F
:1011B000000000000000000000000000000000002F
:1011C000000000000000000000000000000000001F
:1011D0000029DE07007B9A1700003A40E81E0060F5
:1011E00000000000000000000000000000000000FF
:1011F00000000000000000000000000000000000EF
:1012000000000000000000000000000000000000DE
:1012100000000000000000000000000000000000CE
:10122000000000000000000000C03940781E00608F
:1012300000000000000000000000000000000000AE
:10124000000000000000000000000000000000009E
:10125000000000000000000000000000000000008E
:10126000000000000000000000000000000000007E
:10127000000000000000000000403940081E00602F
:10128000000000000000000000000000000000005E
:10129000000000000000000000000000000000004E
:1012A000000000000000000000000000000000003E
:1012B000000000000000000000000000000000002E
:1012C0000000000000000000881A0020000000005C
:1012D000E803000000000000181C002000000000CF
:1012E000E80300000000000000801840682A002089
:1012F000000000002C860020EC850020000000008B
:10130000000000002800000040000000280000004D
:10131000400000000000000000000000000000008D
:1013200000000000000000000000000000000000BD
:1013300000000000000000000000803F0000803F2F
:10134000021500006D2401000000000068C00F407D
:10135000000000300F000000020000002C851F403C
:1013600001000000FF000000FF000000000000007E
:10137000000000000E0000000200000030851F4049
:1013800001000000FF000000FF000000000000005E
:101390000000000013024000260018007800000042
:1013A00080020000052000010000000008000FC0BE
:1013B0000000000000000000052000010000000007
:1013C0005E04DD0203005E04EA0203005E04120B09
:1013D00003005E04190704005E048E0207007E0508
:1013E0000920070179001C2007004C056802010153
:1013F0004C052F0401014C05D50305014C05C4051E
:1014000002014C05CC0902015C0AE82102016D04CD
:1014100026C606016D0428C606010000420C000025
:10142000488C0020800120200000000043000000C4
:1014300000000000000000000000000000000000AC
:101440000000000000000000000000004300000059
:10145000000000000000000000000000000000008C
:101460000000000000000000000000004300000039
:10147000000000000000000000000000000000006C
:101480000000000000000000000000004300000019
:10149000000000000000000000000000000000004C
:1014A00000000000000000000000000043000000F9
:1014B000000000000000000000000000000000002C
:1014C00000000000000000000000000043000000D9
:1014D000000000000000000000000000000000000C
:1014E00000000000000000000000000043000000B9
:1014F00000000000000000000000000000000000EC
:101500000000000000000000000000004300000098
:1015100000000000000000000000000000000000CB
:1015200000000000000000000000000000000000BB
:1015300000000000000000000000000000000000AB
:10154000000000000000000000000000000000009B
:10155000000000000000000000000000000000008B
:10156000000000000000000000000000000000007B
:10157000000000000000000000000000000000006B
:10158000000000000000000000000000000000005B
:10159000000000000000000000000000000000004B
:1015A000000000000000000000000000000000003B
:1015B000000000000000000000000000000000002B
:1015C000000000000000000000000000000000001B
:1015D000000000000000000000000000000000000B
:1015E00000000000000000000000000000000000FB
:1015F00000000000F5790100E17101000000000029
:10160000F81C0020FC0B0020D80D0020D80D002075
:10161000D80D0020D80D0020D80D0020D80D0020B6
:10162000D80D0020D80D0020D80D0020FFFFFFFFAF
:10163000FFFFFFFFFFFFFFFFFFFF0000010041531F
:1016400043494900000000000000000000000000C5
:1016500000000000000000000000000000004153F6
:1016600043494900000000000000000000000000A5
:10167000000000000000000000000000000000006A
:10168000FFFFFFFF00000200000000000300000059
:10169000888C0020F8260020400000000001040093
:1016A0000200000000000000000158555342323093
:1016B000000000000000000000000000000000002A
:1016C0000401000000000000000000000000000015
:1016D000000000000000000012034D00530046000F
:1016E0005400310030003000F80000000600FF090F
:1016F00001A10185010901150025FF7508953FB17C
:10170000020902953F8102C012010002EF0201406E
:101710000912C0AB14010102030100000000803F68
:101720000000803F0000803F0000803F88130000E1
:101730009532010095320100953201009532010089
:101740009532010095320100953201009532010079
:101750009532010095320100953201009532010069
:101760009532010095320100953201009532010059
:101770009532010095320100953201009532010049
:101780009532010095320100953201009532010039
:101790009532010095320100953201009532010029
:1017A0009532010095320100953201009532010019
:1017B0009532010095320100953201009532010009
:1017C00095320100953201009532010095320100F9
:1017D00095320100953201009532010095320100E9
:1017E00095320100953201009532010095320100D9
:1017F00095320100953201009532010095320100C9
:1018000095320100953201009532010095320100B8
:1018100095320100953201009532010095320100A8
:101820009532010095320100953201009532010098
:101830009532010095320100953201009532010088
:101840009532010095320100953201009532010078
:101850009532010095320100953201009532010068
:101860009532010095320100953201009532010058
:101870009532010095320100953201009532010048
:101880009532010095320100953201009532010038
:101890009532010095320100953201009532010028
:1018A0009532010095320100953201009532010018
:1018B0009532010095320100953201009532010008
:1018C00095320100953201009532010095320100F8
:1018D00095320100953201009532010095320100E8
:1018E00095320100953201009532010095320100D8
:1018F00095320100953201009532010095320100C8
:1019000095320100953201009532010095320100B7
:1019100095320100953201009532010095320100A7
:101920009532010095320100953201009532010097
:101930000C03000000000000000000000000000098
:101940000000000000000000B203580062006F00B9
:101950007800200053006500630075007200690084
:101960007400790020004D006500740068006F006D
:101970006400200033002C00200056006500720037
:10198000730069006F006E00200031002E003000EF
:1019900030002C002000A900200032003000300070
:1019A000350020004D006900630072006F00730075
:1019B0006F0066007400200043006F00720070002A
:1019C0006F0072006100740069006F006E002E00ED
:1019D000200041006C006C0020007200690067006C
:1019E00068007400730020007200650073006500D9
:1019F00072007600650064002E00FF01010101FF06
:101A0000014601010000000000000000000000008D
:101A100000000000000000000000000000000000C6
:101A200000000000000000000000000000000000B6
:101A300000000000000000000000000000000000A6
:101A40000000000000000000000000000000000096
:101A50000000000000000000000000000000000086
:101A60000000000000000000000000000000000076
:101A70000000000000000000000000000000000066
:101A80000000000000000000000000000000000056
:101A90000000000000000000000000000000000046
:101AA0000000000000000000000000000000000036
:101AB0000000000000000000000000000000000026
:101AC0000000000000000000000000000000000016
:101AD0000000000000000000000000000000000006
:101AE00000000000000000000000000000000000F6
:101AF00000000000000000000000000000000000E6
:101B000000000000000000000000000000000000D5
:101B100000000000000000000000000000000000C5
:101B200000000000000000000000000000000000B5
:101B300000000000000000000000000000000000A5
:101B40000000000000000000000000000000000095
:101B50000000000000000000000000000000000085
:101B60000000000000000000000000000000000075
:101B70000000000000000000000000000000000065
:101B80000000000000000000000000000000000055
:101B90000000000000000000000000000000000045
:101BA0000000000000000000000000000000000035
:101BB0000000000000000000000000000000000025
:101BC0000000000000000000000000000000000015
:101BD0000000000000000000000000000000000005
:101BE00000000000000000000000000000000000F5
:101BF00000000000000000000000000000000000E5
:101C000000000000000000000000000000000000D4
:101C100000000000000000000000000000000000C4
:101C200000000000000000000000000000000000B4
:101C300000000000000000000000000000000000A4
:101C40000000000000000000000000000000000094
:101C50000000000000000000000000000000000084
:101C60000000000000000000000000000000000074
:101C70000000000000000000000000000000000064
:101C80000000000000000000000000000000000054
:101C90000000000000000000000000000000000044
:101CA0000000000000000000000000000000000034
:101CB0000000000000000000000000000000000024
:101CC0000000000000000000000000000000000014
:101CD0000000000000000000000000000000000004
:101CE00000000000000000000000000000000000F4
:101CF00000000000000000000000000000000000E4
:101D000000000000000000000000000000000000D3
:101D100000000000000000000000000000000000C3
:101D200000000000000000000000000000000000B3
:101D300000000000000000000000000000000000A3
:101D40000000000000000000000000000000000093
:101D50000000000000000000000000000000000083
:101D60000000000000000000000000000000000073
:101D70000000000000000000000000000000000063
:101D80000000000000000000000000000000000053
:101D90000000000000000000000000000000000043
:101DA0000000000000000000000000000000000033
:101DB0000000000000000000000000000000000023
:101DC0000000000000000000000000000000000013
:101DD0000000000000000000000000000000000003
:101DE00000000000000000000000000000000000F3
:101DF00000000000000000000000000000000000E3
:101E000000000000000000000000000000000000D2
:101E100000000000000000000000000000000000C2
:101E200000000000000000000000000000000000B2
:101E300000000000000000000000000000000000A2
:101E40000000000000000000000000000000000092
:101E50000000000000000000000000000000000082
:101E60000000000000000000000000000000000072
:101E70000000000000000000000000000000000062
:101E80000000000000000000000000000000000052
:101E90000000000000000000000000000000000042
:101EA0000000000000000000000000000000000032
:101EB0000000000000000000000000000000000022
:101EC0000000000000000000000000000000000012
:101ED0000000000000000000000000000000000002
:101EE00000000000000000000000000000000000F2
:101EF00000000000000000000000000000000000E2
:101F000000000000000000000000000000000000D1
:101F100000000000000000000000000000000000C1
:101F200000000000000000000000000000000000B1
:101F300000000000000000000000000000000000A1
:101F40000000000000000000000000000000000091
:101F50000000000000000000000000000000000081
:101F60000000000000000000000000000000000071
:101F70000000000000000000000000000000000061
:101F80000000000000000000000000000000000051
:081F9000000000000000000049
:101F9800FFFFFFFFFFFFFFFFFFFFFFFFFFFFFFFF49
:101FA800FFFFFFFFFFFFFFFFFFFFFFFFFFFFFFFF39
:101FB800FFFFFFFFFFFFFFFFFFFFFFFFFFFFFFFF29
:101FC800FFFFFFFFFFFFFFFFFFFFFFFFFFFFFFFF19
:101FD800FFFFFFFFFFFFFFFFFFFFFFFFFFFFFFFF09
:101FE800FFFFFFFFFFFFFFFFFFFFFFFFFFFFFFFFF9
:101FF800FFFFFFFFFFFFFFFF0000000000000000E1
:1020080000000000000000000000000000000000C8
:1020180000000000000000000000000000000000B8
:1020280000000000000000000000000000000000A8
:102038000000000000000000000000000000000098
:102048000000000000000000000000000000000088
:102058000000000000000000000000000000000078
:102068000000000000000000000000000000000068
:102078000000000000000000000000000000000058
:102088000000000000000000000000000000000048
:102098000000000000000000000000000000000038
:1020A8000000000000000000000000000000000028
:1020B8000000000000000000000000000000000018
:1020C8000000000000000000000000000000000008
:1020D80000000000000000000000000000000000F8
:1020E80000000000000000000000000000000000E8
:1020F80000000000000000000000000000000000D8
:1021080000000000000000000000000000000000C7
:1021180000000000000000000000000000000000B7
:1021280000000000000000000000000000000000A7
:102138000000000000000000000000000000000097
:102148000000000000000000000000000000000087
:102158000000000000000000000000000000000077
:102168000000000000000000000000000000000067
:102178000000000000000000000000000000000057
:102188000000000000000000000000000000000047
:102198000000000000000000000000000000000037
:1021A8000000000000000000000000000000000027
:1021B8000000000000000000000000000000000017
:1021C8000000000000000000000000000000000007
:1021D80000000000000000000000000000000000F7
:1021E80000000000000000000000000000000000E7
:1021F80000000000000000000000000000000000D7
:1022080000000000000000000000000000000000C6
:1022180000000000000000000000000000000000B6
:1022280000000000000000000000000000000000A6
:102238000000000000000000000000000000000096
:102248000000000000000000000000000000000086
:102258000000000000000000000000000000000076
:102268000000000000000000000000000000000066
:102278000000000000000000000000000000000056
:102288000000000000000000000000000000000046
:102298000000000000000000000000000000000036
:1022A8000000000000000000000000000000000026
:1022B8000000000000000000000000000000000016
:1022C8000000000000000000000000000000000006
:1022D80000000000000000000000000000000000F6
:1022E80000000000000000000000000000000000E6
:1022F80000000000000000000000000000000000D6
:1023080000000000000000000000000000000000C5
:1023180000000000000000000000000000000000B5
:1023280000000000000000000000000000000000A5
:102338000000000000000000000000000000000095
:102348000000000000000000000000000000000085
:102358000000000000000000000000000000000075
:102368000000000000000000000000000000000065
:102378000000000000000000000000000000000055
:102388000000000000000000000000000000000045
:102398000000000000000000000000000000000035
:1023A8000000000000000000000000000000000025
:1023B8000000000000000000000000000000000015
:1023C8000000000000000000000000000000000005
:1023D80000000000000000000000000000000000F5
:1023E80000000000000000000000000000000000E5
:1023F80000000000000000000000000000000000D5
:1024080000000000000000000000000000000000C4
:1024180000000000000000000000000000000000B4
:1024280000000000000000000000000000000000A4
:102438000000000000000000000000000000000094
:102448000000000000000000000000000000000084
:102458000000000000000000000000000000000074
:102468000000000000000000000000000000000064
:102478000000000000000000000000000000000054
:102488000000000000000000000000000000000044
:102498000000000000000000000000000000000034
:1024A8000000000000000000000000000000000024
:1024B8000000000000000000000000000000000014
:1024C8000000000000000000000000000000000004
:1024D80000000000000000000000000000000000F4
:1024E80000000000000000000000000000000000E4
:1024F80000000000000000000000000000000000D4
:1025080000000000000000000000000000000000C3
:1025180000000000000000000000000000000000B3
:1025280000000000000000000000000000000000A3
:102538000000000000000000000000000000000093
:102548000000000000000000000000000000000083
:102558000000000000000000000000000000000073
:102568000000000000000000000000000000000063
:102578000000000000000000000000000000000053
:102588000000000000000000000000000000000043
:102598000000000000000000000000000000000033
:1025A8000000000000000000000000000000000023
:1025B8000000000000000000000000000000000013
:1025C8000000000000000000000000000000000003
:1025D80000000000000000000000000000000000F3
:1025E80000000000000000000000000000000000E3
:1025F80000000000000000000000000000000000D3
:1026080000000000000000000000000000000000C2
:1026180000000000000000000000000000000000B2
:1026280000000000000000000000000000000000A2
:102638000000000000000000000000000000000092
:102648000000000000000000000000000000000082
:102658000000000000000000000000000000000072
:102668000000000000000000000000000000000062
:102678000000000000000000000000000000000052
:102688000000000000000000000000000000000042
:102698000000000000000000000000000000000032
:1026A8000000000000000000000000000000000022
:1026B8000000000000000000000000000000000012
:1026C8000000000000000000000000000000000002
:1026D80000000000000000000000000000000000F2
:1026E80000000000000000000000000000000000E2
:1026F80000000000000000000000000000000000D2
:1027080000000000000000000000000000000000C1
:1027180000000000000000000000000000000000B1
:1027280000000000000000000000000000000000A1
:102738000000000000000000000000000000000091
:102748000000000000000000000000000000000081
:102758000000000000000000000000000000000071
:102768000000000000000000000000000000000061
:102778000000000000000000000000000000000051
:102788000000000000000000000000000000000041
:102798000000000000000000000000000000000031
:1027A8000000000000000000000000000000000021
:1027B8000000000000000000000000000000000011
:1027C8000000000000000000000000000000000001
:1027D80000000000000000000000000000000000F1
:1027E80000000000000000000000000000000000E1
:1027F80000000000000000000000000000000000D1
:1028080000000000000000000000000000000000C0
:1028180000000000000000000000000000000000B0
:1028280000000000000000000000000000000000A0
:102838000000000000000000000000000000000090
:102848000000000000000000000000000000000080
:102858000000000000000000000000000000000070
:102868000000000000000000000000000000000060
:102878000000000000000000000000000000000050
:102888000000000000000000000000000000000040
:102898000000000000000000000000000000000030
:1028A8000000000000000000000000000000000020
:1028B8000000000000000000000000000000000010
:1028C8000000000000000000000000000000000000
:1028D80000000000000000000000000000000000F0
:1028E80000000000000000000000000000000000E0
:1028F80000000000000000000000000000000000D0
:1029080000000000000000000000000000000000BF
:1029180000000000000000000000000000000000AF
:10292800000000000000000000000000000000009F
:10293800000000000000000000000000000000008F
:10294800000000000000000000000000000000007F
:10295800000000000000000000000000000000006F
:10296800000000000000000000000000000000005F
:10297800000000000000000000000000000000004F
:10298800000000000000000000000000000000003F
:10299800000000000000000000000000000000002F
:1029A800000000000000000000000000000000001F
:1029B800000000000000000000000000000000000F
:1029C80000000000000000000000000000000000FF
:1029D80000000000000000000000000000000000EF
:1029E80000000000000000000000000000000000DF
:1029F80000000000000000000000000000000000CF
:102A080000000000000000000000000000000000BE
:102A180000000000000000000000000000000000AE
:102A2800000000000000000000000000000000009E
:102A3800000000000000000000000000000000008E
:102A4800000000000000000000000000000000007E
:102A5800000000000000000000000000000000006E
:102A6800000000000000000000000000000000005E
:102A7800000000000000000000000000000000004E
:102A8800000000000000000000000000000000003E
:102A9800000000000000000000000000000000002E
:102AA800000000000000000000000000000000001E
:102AB800000000000000000000000000000000000E
:102AC80000000000000000000000000000000000FE
:102AD80000000000000000000000000000000000EE
:102AE80000000000000000000000000000000000DE
:102AF80000000000000000000000000000000000CE
:102B080000000000000000000000000000000000BD
:102B180000000000000000000000000000000000AD
:102B2800000000000000000000000000000000009D
:102B3800000000000000000000000000000000008D
:102B4800000000000000000000000000000000007D
:102B5800000000000000000000000000000000006D
:102B6800000000000000000000000000000000005D
:102B7800000000000000000000000000000000004D
:102B8800000000000000000000000000000000003D
:102B9800000000000000000000000000000000002D
:102BA800000000000000000000000000000000001D
:102BB800000000000000000000000000000000000D
:102BC80000000000000000000000000000000000FD
:102BD80000000000000000000000000000000000ED
:102BE80000000000000000000000000000000000DD
:082BF8000000000000000000D5
:040000056000100087
:00000001FF
