:0200000460009A
:100000004643464200000156000000000101020084
:1000100000000000000000000000000000000000E0
:1000200000000000000000000000000000000000D0
:1000300000000000000000000000000000000000C0
:1000400000000000010406010000000000000000A4
:100050000000800000000000000000000000000020
:100060000000000000000000000000000000000090
:100070000000000000000000000000000000000080
:10008000EB04180AFF1E04320126000000000000E5
:100090000000000000000000000000000000000060
:1000A0000000000000000000000000000000000050
:1000B0000000000000000000000000000000000040
:1000C0000000000000000000000000000000000030
:1000D0000000000000000000000000000000000020
:1000E0000000000000000000000000000000000010
:1000F0000000000000000000000000000000000000
:1001000000000000000000000000000000000000EF
:1001100000000000000000000000000000000000DF
:1001200000000000000000000000000000000000CF
:1001300000000000000000000000000000000000BF
:1001400000000000000000000000000000000000AF
:10015000000000000000000000000000000000009F
:10016000000000000000000000000000000000008F
:10017000000000000000000000000000000000007F
:10018000000000000000000000000000000000006F
:10019000000000000000000000000000000000005F
:1001A000000000000000000000000000000000004F
:1001B000000000000000000000000000000000003F
:1001C000000100000010000001000000000000001D
:1001D000000001000000000000000000000000001E
:1001E000000000000000000000000000000000000F
:1001F00000000000000000000000000000000000FF
:10020000FFFFFFFFFFFFFFFFFFFFFFFFFFFFFFFFFE
:10021000FFFFFFFFFFFFFFFFFFFFFFFFFFFFFFFFEE
:10022000FFFFFFFFFFFFFFFFFFFFFFFFFFFFFFFFDE
:10023000FFFFFFFFFFFFFFFFFFFFFFFFFFFFFFFFCE
:10024000FFFFFFFFFFFFFFFFFFFFFFFFFFFFFFFFBE
:10025000FFFFFFFFFFFFFFFFFFFFFFFFFFFFFFFFAE
:10026000FFFFFFFFFFFFFFFFFFFFFFFFFFFFFFFF9E
:10027000FFFFFFFFFFFFFFFFFFFFFFFFFFFFFFFF8E
:10028000FFFFFFFFFFFFFFFFFFFFFFFFFFFFFFFF7E
:10029000FFFFFFFFFFFFFFFFFFFFFFFFFFFFFFFF6E
:1002A000FFFFFFFFFFFFFFFFFFFFFFFFFFFFFFFF5E
:1002B000FFFFFFFFFFFFFFFFFFFFFFFFFFFFFFFF4E
:1002C000FFFFFFFFFFFFFFFFFFFFFFFFFFFFFFFF3E
:1002D000FFFFFFFFFFFFFFFFFFFFFFFFFFFFFFFF2E
:1002E000FFFFFFFFFFFFFFFFFFFFFFFFFFFFFFFF1E
:1002F000FFFFFFFFFFFFFFFFFFFFFFFFFFFFFFFF0E
:10030000FFFFFFFFFFFFFFFFFFFFFFFFFFFFFFFFFD
:10031000FFFFFFFFFFFFFFFFFFFFFFFFFFFFFFFFED
:10032000FFFFFFFFFFFFFFFFFFFFFFFFFFFFFFFFDD
:10033000FFFFFFFFFFFFFFFFFFFFFFFFFFFFFFFFCD
:10034000FFFFFFFFFFFFFFFFFFFFFFFFFFFFFFFFBD
:10035000FFFFFFFFFFFFFFFFFFFFFFFFFFFFFFFFAD
:10036000FFFFFFFFFFFFFFFFFFFFFFFFFFFFFFFF9D
:10037000FFFFFFFFFFFFFFFFFFFFFFFFFFFFFFFF8D
:10038000FFFFFFFFFFFFFFFFFFFFFFFFFFFFFFFF7D
:10039000FFFFFFFFFFFFFFFFFFFFFFFFFFFFFFFF6D
:1003A000FFFFFFFFFFFFFFFFFFFFFFFFFFFFFFFF5D
:1003B000FFFFFFFFFFFFFFFFFFFFFFFFFFFFFFFF4D
:1003C000FFFFFFFFFFFFFFFFFFFFFFFFFFFFFFFF3D
:1003D000FFFFFFFFFFFFFFFFFFFFFFFFFFFFFFFF2D
:1003E000FFFFFFFFFFFFFFFFFFFFFFFFFFFFFFFF1D
:1003F000FFFFFFFFFFFFFFFFFFFFFFFFFFFFFFFF0D
:10040000FFFFFFFFFFFFFFFFFFFFFFFFFFFFFFFFFC
:10041000FFFFFFFFFFFFFFFFFFFFFFFFFFFFFFFFEC
:10042000FFFFFFFFFFFFFFFFFFFFFFFFFFFFFFFFDC
:10043000FFFFFFFFFFFFFFFFFFFFFFFFFFFFFFFFCC
:10044000FFFFFFFFFFFFFFFFFFFFFFFFFFFFFFFFBC
:10045000FFFFFFFFFFFFFFFFFFFFFFFFFFFFFFFFAC
:10046000FFFFFFFFFFFFFFFFFFFFFFFFFFFFFFFF9C
:10047000FFFFFFFFFFFFFFFFFFFFFFFFFFFFFFFF8C
:10048000FFFFFFFFFFFFFFFFFFFFFFFFFFFFFFFF7C
:10049000FFFFFFFFFFFFFFFFFFFFFFFFFFFFFFFF6C
:1004A000FFFFFFFFFFFFFFFFFFFFFFFFFFFFFFFF5C
:1004B000FFFFFFFFFFFFFFFFFFFFFFFFFFFFFFFF4C
:1004C000FFFFFFFFFFFFFFFFFFFFFFFFFFFFFFFF3C
:1004D000FFFFFFFFFFFFFFFFFFFFFFFFFFFFFFFF2C
:1004E000FFFFFFFFFFFFFFFFFFFFFFFFFFFFFFFF1C
:1004F000FFFFFFFFFFFFFFFFFFFFFFFFFFFFFFFF0C
:10050000FFFFFFFFFFFFFFFFFFFFFFFFFFFFFFFFFB
:10051000FFFFFFFFFFFFFFFFFFFFFFFFFFFFFFFFEB
:10052000FFFFFFFFFFFFFFFFFFFFFFFFFFFFFFFFDB
:10053000FFFFFFFFFFFFFFFFFFFFFFFFFFFFFFFFCB
:10054000FFFFFFFFFFFFFFFFFFFFFFFFFFFFFFFFBB
:10055000FFFFFFFFFFFFFFFFFFFFFFFFFFFFFFFFAB
:10056000FFFFFFFFFFFFFFFFFFFFFFFFFFFFFFFF9B
:10057000FFFFFFFFFFFFFFFFFFFFFFFFFFFFFFFF8B
:10058000FFFFFFFFFFFFFFFFFFFFFFFFFFFFFFFF7B
:10059000FFFFFFFFFFFFFFFFFFFFFFFFFFFFFFFF6B
:1005A000FFFFFFFFFFFFFFFFFFFFFFFFFFFFFFFF5B
:1005B000FFFFFFFFFFFFFFFFFFFFFFFFFFFFFFFF4B
:1005C000FFFFFFFFFFFFFFFFFFFFFFFFFFFFFFFF3B
:1005D000FFFFFFFFFFFFFFFFFFFFFFFFFFFFFFFF2B
:1005E000FFFFFFFFFFFFFFFFFFFFFFFFFFFFFFFF1B
:1005F000FFFFFFFFFFFFFFFFFFFFFFFFFFFFFFFF0B
:10060000FFFFFFFFFFFFFFFFFFFFFFFFFFFFFFFFFA
:10061000FFFFFFFFFFFFFFFFFFFFFFFFFFFFFFFFEA
:10062000FFFFFFFFFFFFFFFFFFFFFFFFFFFFFFFFDA
:10063000FFFFFFFFFFFFFFFFFFFFFFFFFFFFFFFFCA
:10064000FFFFFFFFFFFFFFFFFFFFFFFFFFFFFFFFBA
:10065000FFFFFFFFFFFFFFFFFFFFFFFFFFFFFFFFAA
:10066000FFFFFFFFFFFFFFFFFFFFFFFFFFFFFFFF9A
:10067000FFFFFFFFFFFFFFFFFFFFFFFFFFFFFFFF8A
:10068000FFFFFFFFFFFFFFFFFFFFFFFFFFFFFFFF7A
:10069000FFFFFFFFFFFFFFFFFFFFFFFFFFFFFFFF6A
:1006A000FFFFFFFFFFFFFFFFFFFFFFFFFFFFFFFF5A
:1006B000FFFFFFFFFFFFFFFFFFFFFFFFFFFFFFFF4A
:1006C000FFFFFFFFFFFFFFFFFFFFFFFFFFFFFFFF3A
:1006D000FFFFFFFFFFFFFFFFFFFFFFFFFFFFFFFF2A
:1006E000FFFFFFFFFFFFFFFFFFFFFFFFFFFFFFFF1A
:1006F000FFFFFFFFFFFFFFFFFFFFFFFFFFFFFFFF0A
:10070000FFFFFFFFFFFFFFFFFFFFFFFFFFFFFFFFF9
:10071000FFFFFFFFFFFFFFFFFFFFFFFFFFFFFFFFE9
:10072000FFFFFFFFFFFFFFFFFFFFFFFFFFFFFFFFD9
:10073000FFFFFFFFFFFFFFFFFFFFFFFFFFFFFFFFC9
:10074000FFFFFFFFFFFFFFFFFFFFFFFFFFFFFFFFB9
:10075000FFFFFFFFFFFFFFFFFFFFFFFFFFFFFFFFA9
:10076000FFFFFFFFFFFFFFFFFFFFFFFFFFFFFFFF99
:10077000FFFFFFFFFFFFFFFFFFFFFFFFFFFFFFFF89
:10078000FFFFFFFFFFFFFFFFFFFFFFFFFFFFFFFF79
:10079000FFFFFFFFFFFFFFFFFFFFFFFFFFFFFFFF69
:1007A000FFFFFFFFFFFFFFFFFFFFFFFFFFFFFFFF59
:1007B000FFFFFFFFFFFFFFFFFFFFFFFFFFFFFFFF49
:1007C000FFFFFFFFFFFFFFFFFFFFFFFFFFFFFFFF39
:1007D000FFFFFFFFFFFFFFFFFFFFFFFFFFFFFFFF29
:1007E000FFFFFFFFFFFFFFFFFFFFFFFFFFFFFFFF19
:1007F000FFFFFFFFFFFFFFFFFFFFFFFFFFFFFFFF09
:10080000FFFFFFFFFFFFFFFFFFFFFFFFFFFFFFFFF8
:10081000FFFFFFFFFFFFFFFFFFFFFFFFFFFFFFFFE8
:10082000FFFFFFFFFFFFFFFFFFFFFFFFFFFFFFFFD8
:10083000FFFFFFFFFFFFFFFFFFFFFFFFFFFFFFFFC8
:10084000FFFFFFFFFFFFFFFFFFFFFFFFFFFFFFFFB8
:10085000FFFFFFFFFFFFFFFFFFFFFFFFFFFFFFFFA8
:10086000FFFFFFFFFFFFFFFFFFFFFFFFFFFFFFFF98
:10087000FFFFFFFFFFFFFFFFFFFFFFFFFFFFFFFF88
:10088000FFFFFFFFFFFFFFFFFFFFFFFFFFFFFFFF78
:10089000FFFFFFFFFFFFFFFFFFFFFFFFFFFFFFFF68
:1008A000FFFFFFFFFFFFFFFFFFFFFFFFFFFFFFFF58
:1008B000FFFFFFFFFFFFFFFFFFFFFFFFFFFFFFFF48
:1008C000FFFFFFFFFFFFFFFFFFFFFFFFFFFFFFFF38
:1008D000FFFFFFFFFFFFFFFFFFFFFFFFFFFFFFFF28
:1008E000FFFFFFFFFFFFFFFFFFFFFFFFFFFFFFFF18
:1008F000FFFFFFFFFFFFFFFFFFFFFFFFFFFFFFFF08
:10090000FFFFFFFFFFFFFFFFFFFFFFFFFFFFFFFFF7
:10091000FFFFFFFFFFFFFFFFFFFFFFFFFFFFFFFFE7
:10092000FFFFFFFFFFFFFFFFFFFFFFFFFFFFFFFFD7
:10093000FFFFFFFFFFFFFFFFFFFFFFFFFFFFFFFFC7
:10094000FFFFFFFFFFFFFFFFFFFFFFFFFFFFFFFFB7
:10095000FFFFFFFFFFFFFFFFFFFFFFFFFFFFFFFFA7
:10096000FFFFFFFFFFFFFFFFFFFFFFFFFFFFFFFF97
:10097000FFFFFFFFFFFFFFFFFFFFFFFFFFFFFFFF87
:10098000FFFFFFFFFFFFFFFFFFFFFFFFFFFFFFFF77
:10099000FFFFFFFFFFFFFFFFFFFFFFFFFFFFFFFF67
:1009A000FFFFFFFFFFFFFFFFFFFFFFFFFFFFFFFF57
:1009B000FFFFFFFFFFFFFFFFFFFFFFFFFFFFFFFF47
:1009C000FFFFFFFFFFFFFFFFFFFFFFFFFFFFFFFF37
:1009D000FFFFFFFFFFFFFFFFFFFFFFFFFFFFFFFF27
:1009E000FFFFFFFFFFFFFFFFFFFFFFFFFFFFFFFF17
:1009F000FFFFFFFFFFFFFFFFFFFFFFFFFFFFFFFF07
:100A0000FFFFFFFFFFFFFFFFFFFFFFFFFFFFFFFFF6
:100A1000FFFFFFFFFFFFFFFFFFFFFFFFFFFFFFFFE6
:100A2000FFFFFFFFFFFFFFFFFFFFFFFFFFFFFFFFD6
:100A3000FFFFFFFFFFFFFFFFFFFFFFFFFFFFFFFFC6
:100A4000FFFFFFFFFFFFFFFFFFFFFFFFFFFFFFFFB6
:100A5000FFFFFFFFFFFFFFFFFFFFFFFFFFFFFFFFA6
:100A6000FFFFFFFFFFFFFFFFFFFFFFFFFFFFFFFF96
:100A7000FFFFFFFFFFFFFFFFFFFFFFFFFFFFFFFF86
:100A8000FFFFFFFFFFFFFFFFFFFFFFFFFFFFFFFF76
:100A9000FFFFFFFFFFFFFFFFFFFFFFFFFFFFFFFF66
:100AA000FFFFFFFFFFFFFFFFFFFFFFFFFFFFFFFF56
:100AB000FFFFFFFFFFFFFFFFFFFFFFFFFFFFFFFF46
:100AC000FFFFFFFFFFFFFFFFFFFFFFFFFFFFFFFF36
:100AD000FFFFFFFFFFFFFFFFFFFFFFFFFFFFFFFF26
:100AE000FFFFFFFFFFFFFFFFFFFFFFFFFFFFFFFF16
:100AF000FFFFFFFFFFFFFFFFFFFFFFFFFFFFFFFF06
:100B0000FFFFFFFFFFFFFFFFFFFFFFFFFFFFFFFFF5
:100B1000FFFFFFFFFFFFFFFFFFFFFFFFFFFFFFFFE5
:100B2000FFFFFFFFFFFFFFFFFFFFFFFFFFFFFFFFD5
:100B3000FFFFFFFFFFFFFFFFFFFFFFFFFFFFFFFFC5
:100B4000FFFFFFFFFFFFFFFFFFFFFFFFFFFFFFFFB5
:100B5000FFFFFFFFFFFFFFFFFFFFFFFFFFFFFFFFA5
:100B6000FFFFFFFFFFFFFFFFFFFFFFFFFFFFFFFF95
:100B7000FFFFFFFFFFFFFFFFFFFFFFFFFFFFFFFF85
:100B8000FFFFFFFFFFFFFFFFFFFFFFFFFFFFFFFF75
:100B9000FFFFFFFFFFFFFFFFFFFFFFFFFFFFFFFF65
:100BA000FFFFFFFFFFFFFFFFFFFFFFFFFFFFFFFF55
:100BB000FFFFFFFFFFFFFFFFFFFFFFFFFFFFFFFF45
:100BC000FFFFFFFFFFFFFFFFFFFFFFFFFFFFFFFF35
:100BD000FFFFFFFFFFFFFFFFFFFFFFFFFFFFFFFF25
:100BE000FFFFFFFFFFFFFFFFFFFFFFFFFFFFFFFF15
:100BF000FFFFFFFFFFFFFFFFFFFFFFFFFFFFFFFF05
:100C0000FFFFFFFFFFFFFFFFFFFFFFFFFFFFFFFFF4
:100C1000FFFFFFFFFFFFFFFFFFFFFFFFFFFFFFFFE4
:100C2000FFFFFFFFFFFFFFFFFFFFFFFFFFFFFFFFD4
:100C3000FFFFFFFFFFFFFFFFFFFFFFFFFFFFFFFFC4
:100C4000FFFFFFFFFFFFFFFFFFFFFFFFFFFFFFFFB4
:100C5000FFFFFFFFFFFFFFFFFFFFFFFFFFFFFFFFA4
:100C6000FFFFFFFFFFFFFFFFFFFFFFFFFFFFFFFF94
:100C7000FFFFFFFFFFFFFFFFFFFFFFFFFFFFFFFF84
:100C8000FFFFFFFFFFFFFFFFFFFFFFFFFFFFFFFF74
:100C9000FFFFFFFFFFFFFFFFFFFFFFFFFFFFFFFF64
:100CA000FFFFFFFFFFFFFFFFFFFFFFFFFFFFFFFF54
:100CB000FFFFFFFFFFFFFFFFFFFFFFFFFFFFFFFF44
:100CC000FFFFFFFFFFFFFFFFFFFFFFFFFFFFFFFF34
:100CD000FFFFFFFFFFFFFFFFFFFFFFFFFFFFFFFF24
:100CE000FFFFFFFFFFFFFFFFFFFFFFFFFFFFFFFF14
:100CF000FFFFFFFFFFFFFFFFFFFFFFFFFFFFFFFF04
:100D0000FFFFFFFFFFFFFFFFFFFFFFFFFFFFFFFFF3
:100D1000FFFFFFFFFFFFFFFFFFFFFFFFFFFFFFFFE3
:100D2000FFFFFFFFFFFFFFFFFFFFFFFFFFFFFFFFD3
:100D3000FFFFFFFFFFFFFFFFFFFFFFFFFFFFFFFFC3
:100D4000FFFFFFFFFFFFFFFFFFFFFFFFFFFFFFFFB3
:100D5000FFFFFFFFFFFFFFFFFFFFFFFFFFFFFFFFA3
:100D6000FFFFFFFFFFFFFFFFFFFFFFFFFFFFFFFF93
:100D7000FFFFFFFFFFFFFFFFFFFFFFFFFFFFFFFF83
:100D8000FFFFFFFFFFFFFFFFFFFFFFFFFFFFFFFF73
:100D9000FFFFFFFFFFFFFFFFFFFFFFFFFFFFFFFF63
:100DA000FFFFFFFFFFFFFFFFFFFFFFFFFFFFFFFF53
:100DB000FFFFFFFFFFFFFFFFFFFFFFFFFFFFFFFF43
:100DC000FFFFFFFFFFFFFFFFFFFFFFFFFFFFFFFF33
:100DD000FFFFFFFFFFFFFFFFFFFFFFFFFFFFFFFF23
:100DE000FFFFFFFFFFFFFFFFFFFFFFFFFFFFFFFF13
:100DF000FFFFFFFFFFFFFFFFFFFFFFFFFFFFFFFF03
:100E0000FFFFFFFFFFFFFFFFFFFFFFFFFFFFFFFFF2
:100E1000FFFFFFFFFFFFFFFFFFFFFFFFFFFFFFFFE2
:100E2000FFFFFFFFFFFFFFFFFFFFFFFFFFFFFFFFD2
:100E3000FFFFFFFFFFFFFFFFFFFFFFFFFFFFFFFFC2
:100E4000FFFFFFFFFFFFFFFFFFFFFFFFFFFFFFFFB2
:100E5000FFFFFFFFFFFFFFFFFFFFFFFFFFFFFFFFA2
:100E6000FFFFFFFFFFFFFFFFFFFFFFFFFFFFFFFF92
:100E7000FFFFFFFFFFFFFFFFFFFFFFFFFFFFFFFF82
:100E8000FFFFFFFFFFFFFFFFFFFFFFFFFFFFFFFF72
:100E9000FFFFFFFFFFFFFFFFFFFFFFFFFFFFFFFF62
:100EA000FFFFFFFFFFFFFFFFFFFFFFFFFFFFFFFF52
:100EB000FFFFFFFFFFFFFFFFFFFFFFFFFFFFFFFF42
:100EC000FFFFFFFFFFFFFFFFFFFFFFFFFFFFFFFF32
:100ED000FFFFFFFFFFFFFFFFFFFFFFFFFFFFFFFF22
:100EE000FFFFFFFFFFFFFFFFFFFFFFFFFFFFFFFF12
:100EF000FFFFFFFFFFFFFFFFFFFFFFFFFFFFFFFF02
:100F0000FFFFFFFFFFFFFFFFFFFFFFFFFFFFFFFFF1
:100F1000FFFFFFFFFFFFFFFFFFFFFFFFFFFFFFFFE1
:100F2000FFFFFFFFFFFFFFFFFFFFFFFFFFFFFFFFD1
:100F3000FFFFFFFFFFFFFFFFFFFFFFFFFFFFFFFFC1
:100F4000FFFFFFFFFFFFFFFFFFFFFFFFFFFFFFFFB1
:100F5000FFFFFFFFFFFFFFFFFFFFFFFFFFFFFFFFA1
:100F6000FFFFFFFFFFFFFFFFFFFFFFFFFFFFFFFF91
:100F7000FFFFFFFFFFFFFFFFFFFFFFFFFFFFFFFF81
:100F8000FFFFFFFFFFFFFFFFFFFFFFFFFFFFFFFF71
:100F9000FFFFFFFFFFFFFFFFFFFFFFFFFFFFFFFF61
:100FA000FFFFFFFFFFFFFFFFFFFFFFFFFFFFFFFF51
:100FB000FFFFFFFFFFFFFFFFFFFFFFFFFFFFFFFF41
:100FC000FFFFFFFFFFFFFFFFFFFFFFFFFFFFFFFF31
:100FD000FFFFFFFFFFFFFFFFFFFFFFFFFFFFFFFF21
:100FE000FFFFFFFFFFFFFFFFFFFFFFFFFFFFFFFF11
:100FF000FFFFFFFFFFFFFFFFFFFFFFFFFFFFFFFF01
:10100000D1002043F1150060000000000000000046
:101010002010006000100060003C03600000000031
:10102000000000600048030000000000FFFFFFFF19
:10103000FFFFFFFFFFFFFFFFFFFFFFFFFFFFFFFFC0
:10104000FFFFFFFFFFFFFFFFFFFFFFFFFFFFFFFFB0
:10105000FFFFFFFFFFFFFFFFFFFFFFFFFFFFFFFFA0
:10106000FFFFFFFFFFFFFFFFFFFFFFFFFFFFFFFF90
:10107000FFFFFFFFFFFFFFFFFFFFFFFFFFFFFFFF80
:10108000FFFFFFFFFFFFFFFFFFFFFFFFFFFFFFFF70
:10109000FFFFFFFFFFFFFFFFFFFFFFFFFFFFFFFF60
:1010A000FFFFFFFFFFFFFFFFFFFFFFFFFFFFFFFF50
:1010B000FFFFFFFFFFFFFFFFFFFFFFFFFFFFFFFF40
:1010C000FFFFFFFFFFFFFFFFFFFFFFFFFFFFFFFF30
:1010D000FFFFFFFFFFFFFFFFFFFFFFFFFFFFFFFF20
:1010E000FFFFFFFFFFFFFFFFFFFFFFFFFFFFFFFF10
:1010F000FFFFFFFFFFFFFFFFFFFFFFFFFFFFFFFF00
:10110000FFFFFFFFFFFFFFFFFFFFFFFFFFFFFFFFEF
:10111000FFFFFFFFFFFFFFFFFFFFFFFFFFFFFFFFDF
:10112000FFFFFFFFFFFFFFFFFFFFFFFFFFFFFFFFCF
:10113000FFFFFFFFFFFFFFFFFFFFFFFFFFFFFFFFBF
:10114000FFFFFFFFFFFFFFFFFFFFFFFFFFFFFFFFAF
:10115000FFFFFFFFFFFFFFFFFFFFFFFFFFFFFFFF9F
:10116000FFFFFFFFFFFFFFFFFFFFFFFFFFFFFFFF8F
:10117000FFFFFFFFFFFFFFFFFFFFFFFFFFFFFFFF7F
:10118000FFFFFFFFFFFFFFFFFFFFFFFFFFFFFFFF6F
:10119000FFFFFFFFFFFFFFFFFFFFFFFFFFFFFFFF5F
:1011A000FFFFFFFFFFFFFFFFFFFFFFFFFFFFFFFF4F
:1011B000FFFFFFFFFFFFFFFFFFFFFFFFFFFFFFFF3F
:1011C000FFFFFFFFFFFFFFFFFFFFFFFFFFFFFFFF2F
:1011D000FFFFFFFFFFFFFFFFFFFFFFFFFFFFFFFF1F
:1011E000FFFFFFFFFFFFFFFFFFFFFFFFFFFFFFFF0F
:1011F000FFFFFFFFFFFFFFFFFFFFFFFFFFFFFFFFFF
:10120000FFFFFFFFFFFFFFFFFFFFFFFFFFFFFFFFEE
:10121000FFFFFFFFFFFFFFFFFFFFFFFFFFFFFFFFDE
:10122000FFFFFFFFFFFFFFFFFFFFFFFFFFFFFFFFCE
:10123000FFFFFFFFFFFFFFFFFFFFFFFFFFFFFFFFBE
:10124000FFFFFFFFFFFFFFFFFFFFFFFFFFFFFFFFAE
:10125000FFFFFFFFFFFFFFFFFFFFFFFFFFFFFFFF9E
:10126000FFFFFFFFFFFFFFFFFFFFFFFFFFFFFFFF8E
:10127000FFFFFFFFFFFFFFFFFFFFFFFFFFFFFFFF7E
:10128000FFFFFFFFFFFFFFFFFFFFFFFFFFFFFFFF6E
:10129000FFFFFFFFFFFFFFFFFFFFFFFFFFFFFFFF5E
:1012A000FFFFFFFFFFFFFFFFFFFFFFFFFFFFFFFF4E
:1012B000FFFFFFFFFFFFFFFFFFFFFFFFFFFFFFFF3E
:1012C000FFFFFFFFFFFFFFFFFFFFFFFFFFFFFFFF2E
:1012D000FFFFFFFFFFFFFFFFFFFFFFFFFFFFFFFF1E
:1012E000FFFFFFFFFFFFFFFFFFFFFFFFFFFFFFFF0E
:1012F000FFFFFFFFFFFFFFFFFFFFFFFFFFFFFFFFFE
:10130000FFFFFFFFFFFFFFFFFFFFFFFFFFFFFFFFED
:10131000FFFFFFFFFFFFFFFFFFFFFFFFFFFFFFFFDD
:10132000FFFFFFFFFFFFFFFFFFFFFFFFFFFFFFFFCD
:10133000FFFFFFFFFFFFFFFFFFFFFFFFFFFFFFFFBD
:10134000FFFFFFFFFFFFFFFFFFFFFFFFFFFFFFFFAD
:10135000FFFFFFFFFFFFFFFFFFFFFFFFFFFFFFFF9D
:10136000FFFFFFFFFFFFFFFFFFFFFFFFFFFFFFFF8D
:10137000FFFFFFFFFFFFFFFFFFFFFFFFFFFFFFFF7D
:10138000FFFFFFFFFFFFFFFFFFFFFFFFFFFFFFFF6D
:10139000FFFFFFFFFFFFFFFFFFFFFFFFFFFFFFFF5D
:1013A000FFFFFFFFFFFFFFFFFFFFFFFFFFFFFFFF4D
:1013B000FFFFFFFFFFFFFFFFFFFFFFFFFFFFFFFF3D
:1013C000FFFFFFFFFFFFFFFFFFFFFFFFFFFFFFFF2D
:1013D000FFFFFFFFFFFFFFFFFFFFFFFFFFFFFFFF1D
:1013E000FFFFFFFFFFFFFFFFFFFFFFFFFFFFFFFF0D
:1013F000FFFFFFFFFFFFFFFFFFFFFFFFFFFFFFFFFD
:10140000824205D051F8043B40F8043B8242F9D8AF
:10141000704700BF044A05494FF0000342F8043BFF
:101420009142FBD8704700BFC05A0020E0C60020A0
:1014300008B5BFF34F8F00F06FF9544C544B0820A0
:101440005449C3F85401544AC3F800115348C3F82F
:10145000F0405349FFF7D4FF524A53495348FFF72E
:10146000CFFF534CFFF7D6FF4FF470004FF0E02151
:101470000023504AC1F8880D44F823200133B02BD3
:10148000FAD14D4B80214D4A03F8011B9342FBD109
:101490004FF0E0254A4E4B4A4FF0FF31C5F8084D5A
:1014A000D5F8243D43F4E023C5F8243DF36923F047
:1014B0007F0343F04003F361736A23F07F0343F03B
:1014C000400373629166D1661167516700F02CF991
:1014D0003D4A3E4BA2636322E36300246A61032317
:1014E0003B4AAC612B61C5F8202DD5F8FC2D394B5A
:1014F00042F080723849C5F8FC2D1A6842F00102AA
:101500001A605B680B6000F0DFFA344800F050FCB2
:10151000F16E334B334A41F44051F1661C60C3F81D
:101520000841C3F81841C3F82841C3F83841936B08
:10153000DB0708D442F615632B4951651365936B9D
:1015400043F001039363274A284C936843F0011347
:10155000936000F077F900F05FF800F03DFC00F0D8
:10156000E5FA00F0DBF82368132BFCD900F07AFBD6
:101570002368B3F5967FFBD300F0D4F800F0D0F8E1
:1015800000F02EFC00F01CFC30BFFDE70C0D111329
:1015900000800D401B10182058BD02000000000004
:1015A00004220060C05A002060DF026000000020BA
:1015B00000580020C1F9010000E400E0A0E400E0D0
:1015C00000C00F4000C00A4081E6010085E601002E
:1015D00000002020001000E028C500200046C323A2
:1015E0000040084000400D400000C0562CC50020BF
:1015F000054B4FF42A01054A05485A641864054A08
:1016000099639546FFF714FF00C00A40FFAFAAAAEE
:1016100007002000000005200F4B40F2376C0F4AF6
:10162000A020D96E41F44031D966D96E41F44071A1
:10163000D966C2F844C09064936C1B06FCD4084A77
:1016400040F23761A02351649364936C13F08003DC
:10165000FBD1044A1370704700C00F4000400C409B
:1016600000800C409CC60020294A00210123C2F8BA
:10167000A000C2F8A410C2F8B0305369D907FCD555
:1016800001234FF4803C22495361C2F8A000C2F804
:10169000A4C0C2F8B0304B69DB07FCD501234FF47E
:1016A000003C1B4A4B61C1F8A000C1F8A4C0C1F8BE
:1016B000B0305369D907FCD50123DFF858C014496D
:1016C0005361C2F8A000C2F8A4C0C2F8B0304B69A0
:1016D000DB07FCD5D1F8003145F60D504FF0210C59
:1016E0009AB2C1F814C0824210D045F69D518A4288
:1016F0000AD1C3F34253032B08D0A3F10403B3FA76
:1017000083F35B0918017047002070470820704779
:1017100000402A4004000300704700BF704700BF2C
:10172000704700BF00BF70474FF0E02300214FF02B
:10173000100C3448C3F8941DC3F89CCD4FF0110C25
:10174000C3F8A00D3048C3F89CCD4FF0120CC3F87D
:10175000A00D2E48C3F89CCD2D4AC3F8A00DDFF88C
:10176000D0C042F015022B48C3F89CCDC3F8A00DA1
:10177000DFF8C0C02848C3F89CCDC3F8A00DDFF83F
:10178000B8C0C3F89C2D2548254AC3F8A0CDC3F89E
:101790009C0DC3F8A02D02F5A022DFF8A0C00C32EA
:1017A0002048C3F89CCDC3F8A02D1F4AC3F89C0D58
:1017B000C3F8A02D02F14062DFF884C002321B485A
:1017C000C3F89CCDC3F8A02D0A32C3F89C0DC3F812
:1017D000A02D00BF00BF00BF00BF00BF0122C3F8A3
:1017E000942DBFF34F8FBFF36F8FC3F8501FBFF31C
:1017F0004F8FBFF36F8FD3F8142D42F44032C3F8EC
:10180000142D70473F000010250008070900100044
:10181000E0C6002021000207250008131600202042
:1018200027000B13180000602F000B071A00008020
:1018300013002000140000200900001017000040D1
:101840001900007030B5864B85B0DFF874E21822BD
:10185000844D0120C3F85CE28349C3F86052A5F5CA
:101860008055DFF860C2814CC3F864E2C3F8685267
:101870002125C3F86CC2C3F870C2C3F874C2C3F8A0
:1018800078C248F20C7CDA661A675A679A67DA6798
:10189000C3F88020C3F88420C3F88820C1F82C0343
:1018A000734AC1F83003C1F83403C1F83803C1F8F2
:1018B0003C03C1F85003A1696E4B0A406E486F4962
:1018C00013436F4AA361D4F8843043F00C03C4F887
:1018D00084304FF0FF34036843F002030360036871
:1018E00003EA0C031A43674B026044608A68664C43
:1018F0001340664A43F000538360C36823F07803C3
:10190000C360036A23401A43604B0262026A2240AA
:101910005F4C1343002243628462C46240F2056458
:10192000D1F8B83023F03F0343F00103C0F8B830DA
:10193000D1F8BC30574923F03F0343F00103C0F80E
:10194000BC3002610567C0F880404567C0F884403C
:101950000224036823F00203036081614E4B4F4968
:10196000C46143F8042B8B42FBD1434C236843F002
:1019700001032360256815F00105FBD145480222CB
:1019800040F2F561A06140F29940E26140F26642A6
:10199000C4F8001242F20141C4F81022404AC4F8CF
:1019A0002002C4F8302240F23542C4F834123D48D7
:1019B000C4F840223C4AC4F850022846C4F85422D5
:1019C00042F201223949C4F86012C4F86422FFF7D8
:1019D0004BFE0246002839D0810201234FF48020BB
:1019E00021662549C4F8A050C4F8A400C4F8B0305A
:1019F0004B69D807FCD515050124039228464C6194
:101A0000FFF732FE039A2A4B0244D2B21A7080B119
:101A1000194980024FF4802348660846C1F8A05057
:101A2000C1F8A430C1F8B0404369DB07FCD50123FD
:101A3000436120490024204801230094401A00EB10
:101A400002521E4800F0D0F905B030BD1B4B1849BA
:101A500018600870D860C3E9010005B030BD00BF50
:101A600000801F40F910010000841F4000C00F409B
:101A7000FFFCFF1F0003008000402A4000802A4036
:101A80001200FFFFFF37F70000FFF07C40000080EE
:101A9000FF000F83F05AF05A00422A4000432A40C8
:101AA0009F041830EB06180A063201263806180A79
:101AB0009DC600200000007000000070ACC2002035
:101AC000F9B00100F970010010B5174A4FF48054C5
:101AD0004FF4005E4FF4404C4FF4803043F242012B
:101AE000136913F0020F0DD113F4005F0FD013F43C
:101AF000805F0FD0002BF3DA13F4803F0CD15B062C
:101B00000ED510BDC2F818C050619161E8E7C2F867
:101B100014E0E5E75461E3E74FF480339361DFE7D6
:101B200040235361DCE700BF00800D40414A0320A1
:101B30004149F3EE095AD2F880309FED406A23F014
:101B400001039FED3F5ADFF814C100B5C2F88030A1
:101B5000C2F89000D1F8E010DFF804E1CBB23948C8
:101B6000CEF8003007EE903A0B0DC1F30B21F8EEE2
:101B7000E77A06EE903A07EE101A334BB8EEC77AC2
:101B8000CCF80010F8EEE66A304937EEC66A37EE58
:101B9000C55A76EEC76A77EEE57A26EE266AC3ED79
:101BA000006A25EE265AD2F8803067EEA64AC0EDCC
:101BB000007AC6EE275A264885EE276AC4EEA76A41
:101BC00075EE875AFCEEE55A36EE076A15EE90CAB6
:101BD000BCEEC66A43EA0C5376EE877AC2F88030D0
:101BE00016EE103AD2F890C1FCEEE77A01EA034112
:101BF00041EA0C014FF0000C17EE903AC2F8901138
:101C0000C3F30B03D2F890110B431249C2F8903181
:101C1000D2F8803043F00203C2F880300E4B80F8D7
:101C200040C0C1F840314FF0E0230122C3F8082141
:101C300000BD00BF00810D4000441F400000AA42CB
:101C40000000B4429CC40020A0C400200000FF0F8C
:101C500000E400E000580020A5FB010094C400202F
:101C600098C40020314B40F6617210B5C3F82021B2
:101C700040F2044400F0A8F82D4A2E49D2F88030F2
:101C80002D4843F00303C2F880302C4BC1F860416B
:101C900002681A4203D1D1F8A8319A071BD0254A0D
:101CA0004FF00041244B5963D2F8403143F0020316
:101CB000C2F84031D2F840319B07FBD44FF40030DA
:101CC0004FF0E0211C4B4FF00042C1F88C0219206C
:101CD0009A6300F07DF8184B0021164C4FF08042BB
:101CE0000A209A634FF480621960C4F8A80114486E
:101CF00000F062F84FF4800203464FF4810040F296
:101D000043111860C4F858311A640E4B0E4AC4F8D7
:101D10004811C3F804224FF0E0224FF400310123B0
:101D2000C2F80C11C4F8403110BD00BF00800D4056
:101D300000C00F4000002E4000900D40001C1E000F
:101D4000000000200058002061FE010008B50E4B85
:101D50001B6E9B0700D4FBBE72B60C4B00200C4AD6
:101D6000C3F8400103F160430A49A3F55F231164FE
:101D70009D46BFF34F8F4FF40013074A0748DB69B6
:101D800002609B68984700BF00441F4000002E403F
:101D900000C00A4003002000000012EB0080202059
:101DA000F8B500BFF8BC08BC9E46704700000000B4
:101DB0005FF800F0B1ED01005FF800F001500200A3
:101DC0005FF800F015F801005FF800F0BD050200B3
:101DD0005FF800F0C5F001005FF800F0CD1D0200D3
:101DE0005FF800F0515202005FF800F0311F02006E
:101DF000050100004D910000893001002D440100D3
:081E00004D600100A1B20100D8
:101E0800CDCCCC3D0AD7233C17B7D13877CC2B3271
:101E18009595E6241FB14F0A000020410000C842F2
:101E280000401C4620BCBE4CCA1B0E5AAEC59D7451
:101E38009A9999999999B93F7B14AE47E17A843F69
:101E48002D431CEBE2361A3F3A8C30E28E79453E40
:101E5800BC89D897B2D29C3C33A7A8D523F6493978
:101E68003DA7F444FD0FA5329D978CCF08BA5B259A
:101E7800436FAC642806C80A000000000000244034
:101E88000000000000005940000000000088C34026
:101E98000000000084D797410080E03779C34143B0
:101EA800176E05B5B5B89346F5F93FE9034F384DB8
:101EB800321D30F94877825A3CBF737FDD4F157564
:101EC8006CC00F40030000000E0D000071C301003C
:101ED8002A36000014000000130000000100000072
:101EE800F4841F402B32000014000000130000008F
:101EF80001000000F8841F402D310000140000008C
:101F08001300000001000000F0841F402CFFFF00B8
:101F180014000000000000000000000001000000A4
:101F280000000000EC841F400000000000000000DA
:101F38006CC00F4030000000100F000071C301009A
:101F48000127000017000000120000000001000037
:101F580014851F401AFF0000120000000000000056
:101F68000100000018851F401BFF00001200000040
:101F7800000000000100000010851F400026FF003F
:101F8800170000001200000000000000010100001E
:101F9800010000000C851F400C851F400000000058
:101FA8006CC00F40C0000000504F000045C4010045
:101FB8000CFF0000130000000000000000000000FB
:101FC80024851F400BFF00001300000000000000E4
:101FD8000000000028851F400DFF000013000000CE
:101FE800000000000000000020851F400A25240092
:101FF800130000001200000012000000010203009C
:1020080000000000000000000000000000000000C8
:102018000901809611800A3A81550A3601082A0476
:10202800000000F02B040000014021800A13800A00
:1020380029800A003E0353006500720069006100B0
:102048006C002F004B006500790062006F00610092
:10205800720064002F004D006F007500730065006A
:102068002F004A006F007900730074006900630054
:102078006B00000018035400650065006E007300D3
:1020880079006400750069006E006F00040309049C
:102098000902AF00060100C032080B00020202016B
:1020A80000090400000102020100052400100105D6
:1020B8002401010104240206052406000107058203
:1020C8000310001009040100020A000000070503BC
:1020D80002400000070583024000000904020001D5
:1020E80003010100092111010001223F00070584B5
:1020F800030800010904030001030000000921117D
:10210800010001225400070586030800020904049F
:1021180000010300000009211101000122550007F8
:102128000587030C000109040500010300000009EC
:102138002111010001222800070585030800040079
:102148000902AF00060100C032080B0002020201BA
:102158000009040000010202010005240010010525
:102168002401010104240206052406000107058252
:102178000310000509040100020A00000007050316
:1021880002000200070583020002000904020001A0
:1021980003010100092111010001223F0007058404
:1021A80003080001090403000103000000092111CC
:1021B80001000122540007058603080002090404EF
:1021C8000001030000000921110100012255000748
:1021D8000587030C0001090405000103000000093C
:1021E80021110100012228000705850308000400C9
:0C21F8000A060002EF0201400100000096
:1022040000000000000000000000000000000000CA
:1022140000000000000000000000000000000000BA
:10222400F8B54FF084439D695A6915400DD0254F88
:1022340001269D6195FAA5F4B4FA84F457F8243084
:1022440006FA04F49847A543F4D11F4B9D695A69D3
:1022540015400DD01D4F01269D6195FAA5F4B4FAE1
:1022640084F457F8243006FA04F49847A543F4D1CB
:10227400174B9D695A6915400DD0164F01269D6173
:1022840095FAA5F4B4FA84F457F8243006FA04F461
:102294009847A543F4D1104B9D695A6915400DD058
:1022A4000E4F01269D6195FAA5F4B4FA84F457F80B
:1022B400243006FA04F49847A543F4D1BFF34F8FB2
:1022C400F8BD00BFA0510020004000422052002071
:1022D40000800042A052002000C000422053002091
:1022E4000548064B1B1AD90F01EBA301491002D074
:1022F400034B03B118477047C05A0020C05A00204E
:102304000000000008B5054B1BB105490548AFF3B3
:102314000080BDE80840FFF7E3BF00BF00000000F5
:1023240044C4002000480360704700BF704700BFEA
:10233400704700BF00238382C0E90333704700BFA6
:10234400704700BF194B1B781A074CBFF7EE007A91
:10235400DFED177A5A0703D5B7EE007A77EEC77A1E
:1023640003F00202DB07C0ED007A03D5D2B10023EB
:102374000B607047002AFAD00E4B0B60D0ED007A48
:10238400F5EE407AF1EE10FA0FD09FED0B7A67EE7E
:10239400877AC0ED007AD1ED007A67EE877AC1EDD5
:1023A400007A70474FF07E53E7E7704786C60020F7
:1023B40000000000000080BFF304353F1D4A1E49A1
:1023C400136870B501331D4C13602468087080B322
:1023D4007CB36FF02E0504F12F0304F13F0CDFF8FA
:1023E40064E02D1B01261A4613F8011F814207D110
:1023F4002A44BEF8001006FA02F20A43AEF800209E
:102404009C45F0D16FF01A0204F11B0304F11F057F
:102414000B4E141B4FF0010C1A4613F8011F814296
:1024240005D1224431780CFA02F20A4332709D42FB
:10243400F2D170BD48BC002077C6002090A40020D3
:1024440086C6002062C600201E4A1F49136870B564
:1024540001331E4C13602468087090B38CB36FF082
:102464002E0504F12F0304F13F0CDFF868E02D1B67
:1024740001261A4613F8011F814208D12A44BEF8E6
:10248400001006FA02F221EA0202AEF800209C458E
:10249400EFD16FF01A0204F11B0304F11F050C4E77
:1024A400141B4FF0010C1A4613F8011F814206D188
:1024B400224431780CFA02F221EA020232709D427F
:1024C400F1D170BD48BC002077C6002090A4002044
:1024D40086C6002062C60020012A57D12DE9F04F9C
:1024E40085B00E9A082A8CBF002201221AB100205E
:1024F40005B0BDE8F08FB1F81EE040F25E4CE64551
:10250400F5D193F805C0BCF1FF0FF0D193F806C0E4
:10251400BCF1470FEBD193F800C00E9C9C442344BC
:102524000CF1060E7345E2D39346904692469146CB
:10253400174603921A4604E0F4440CF1060E724561
:1025440026D39CF800E0BEF1030F21D99CF801309A
:10255400052BF1D1BEF1060FEED99CF8033003F040
:102564000303032BE8D19CF902309CF80240002BB2
:10257400BCF804509CF806602DDBB8F1000FDBD1E9
:1025840004F00F08C5F30A0B0396D5E70020704743
:102594003A46002FABD04B460D4604460321402B50
:1025A4002846CDF804A028BF40230093012316F049
:1025B40099FCE06000289AD0174A234604F13401BC
:1025C400C263402216F0E6F8B8F1000F0BD10123E4
:1025D400184663758CE7002FAED104F00F07C5F3DE
:1025E4000A09B246A8E75946039B424628460529EC
:1025F40001934FF0000328BF05210091032116F039
:1026040071FC234620610028E1D004490522C163FE
:10261400034916F0BFF8DAE71D0900004101000084
:10262400944E002008B52DED048B09EE900A9FED21
:10263400227A40F2E9312148F8EE697A67EE807A2D
:1026440087EE879A1EF07CFA40F2E93108EE900A90
:102654001A481EF075FA08EE100A40F2E9311748DC
:10266400F8EEE88A1EF06CFAB8EEC88A07EE100A93
:102674009FED136A19EE902AB8EEC77ADFED116A5E
:1026840038EE288A47F6FF7337EE087AC7EE067AE3
:1026940067EE897ABDEC048B67EEA67AFDEEE77AE5
:1026A40017EE900A10449842A8BF18460128B8BFF4
:1026B400012080B208BD00BF0000C84218FCFFFF23
:1026C40000803B452DB25D4030B500220B7989B0C6
:1026D400044658070692CDE9042203F001024FEAAA
:1026E400822248BF42F040021D0748BF42F08002E8
:1026F400D80648BF42F001029D0648BF42F00202DC
:10270400580648BF42F004021B064B7948BF42F00A
:102714000802DD0648BF42F01002980648BF42F0A6
:1027240020025D0648BF42F48072180623EA930033
:1027340048BF42F4007220EAD300C50762D403EA1A
:10274400D300C00733D50123009204F1180C0A8981
:10275400C88892014D89B1F80EE080018DF81830D7
:102764000023ADF80E20A5F500458A89AEF5004E8C
:10277400098AADF80C00A2F500401A46A1F5004103
:1027840065F30F0301256EF30F02EE4660F31F435A
:1027940061F31F42CDE90132BEE80F00ACE80F003F
:1027A4009EE807008CE80700257509B030BD03F0EA
:1027B4000105C3F340004FEA530C85F0010580F096
:1027C400010005EAD30E1EEA000F1FD10CEAD30E56
:1027D4001EF0010F18D12CEA930E2EEAD30E1EF030
:1027E400010F19D10CEA930C1CF0010F10D100EA6F
:1027F400930005420ED103EA930303F00103C3F1EE
:102804000803A1E700239FE703239DE702239BE737
:10281400052399E7062397E7042395E7F8B5284BA2
:10282400284F93F87E5C93F81E1D97F900300D43F2
:102834003A7835EA030619D0002402E00134082C62
:102844000BD026FA04F3DA07F8D51F4B33F814003B
:10285400013420F085FA082CF3D11C4B3A781B681C
:1028640032431B4932333A700B601346154204D08D
:10287400164A1749126832320A6023EA050313F034
:10288400FF045DB21BD0114B114A1B6812689B1ADE
:10289400002B14DB002602E00136082E0BD024FAAC
:1028A40006F2D307F8D5084B33F81600013620F0AA
:1028B400AFF9082EF3D13B7823EA05033B70F8BD4A
:1028C4006088002089C600207C3900202CC50020A7
:1028D40048B90020562802D10C4B00229A730C4BA5
:1028E4001B7863B100B583B00190FFF797FF094BE4
:1028F40001981B683BB103B05DF804EB1847054B26
:102904001B6813B1184703B000BD7047606800200E
:1029140081C60020C0BA0020562802D10C4B0122E7
:102924009A730C4B1B7863B100B583B00190FFF729
:1029340075FF094B01981B683BB103B05DF804EBCC
:102944001847054B1B6813B1184703B000BD704707
:102954006068002081C60020ACBA0020DFF8B8C14E
:1029640007EE902A027F07EE101ADCF8001010B46C
:10297400002A00F09F80046A0C1B06EE904AF8EED1
:10298400666AF5EEC06AF1EE10FA07DD9FED5D6A46
:10299400F4EEC66AF1EE10FA00F18F8090F87EC072
:1029A400B8EEC77ABCF1000F01D0B1EE477A90F8C7
:1029B4007FC0F8EEE77ABCF1000F01D0F1EE677A40
:1029C400002A5DD0F5EEC06AF1EE10FA58DDF7EE9C
:1029D400005A90ED0A6AB4EEE56AF1EE10FA7EDD73
:1029E400B0EE085AF3EE0E5A26EE056AB4EEE56A26
:1029F400F1EE10FA77D4DFED445AB4EEE56AF1EE65
:102A040010FACCBF01220022DFED3F5A002A06FE55
:102A1400256ABCEEC66AB8EE466AF4EEC66AF1EE02
:102A240010FA2DD890ED115AD0ED125A90F8422098
:102A340037EE455A77EEE55A012A85EE266A85EE89
:102A4400A65A56D9D0ED134A022AD0ED145A80ED75
:102A5400156A80ED136A75EE655A80ED165A36EEE6
:102A6400646A80ED145A86EE265A85EEA66A80EDD5
:102A7400175A80ED186A0ED1013280F842200AE01C
:102A840000224FF0010C0265C2640266C2658265D1
:102A9400426580F842C0012280ED117AC0ED127ABD
:102AA400416680ED057AC0ED067A0277016283847F
:102AB40010BC7047DFED156A70E7F7EE005A90ED31
:102AC4000A6AB4EEE56AF1EE10FA0FD936EEC65A88
:102AD400DFED0F5AA5EE256A80ED0A6A5EE7002253
:102AE4009FED0C6A90E7B0EE656A96E7C0ED0A6A5E
:102AF40054E780ED156A80ED136A80ED165A80ED77
:102B0400145AB9E70000FA430000484300000000EB
:102B1400CDCC4C3E000016432CC50020C36B2BB318
:102B2400826803F13401C2F30E422F3A112A18D9F4
:102B340093F83420202A14D193F837200E2A10D188
:102B4400184600B583B001910093FFF7BDFDDDE9A0
:102B54000031D86858B1402203B05DF804EB15F099
:102B640019BED86810B1402215F014BE704703B0E6
:102B740000BD00BF10B5044682B049B108460191BA
:102B840024F0DEFE23680246019920465B689847DC
:102B9400204602B0BDE810401DF0E8BE30B501EBA0
:102BA4008103324C4FF01A0C83B022680CFB0033C3
:102BB40013449B7C002B42D00546181F192834D996
:102BC400A3F11E00082841D9272B4CD0A3F13A00C9
:102BD4000B2844D9283BDBB2BF2B3AD91346D3F890
:102BE400073001EB8100DFED227A00EE103A214B31
:102BF400B4EEE70A1C681A2303FB0500F1EE10FA91
:102C04000244B2F813000ED420B10091FFF70AFD7C
:102C140000990444184A1948194B117001220460A0
:102C24001A7003B030BD0444F4E703F15D00CDE94C
:102C3400002120F095F82368DDE90021CFE70E4B51
:102C4400197003B0BDE8304000F01EB803F1130062
:102C5400EDE70C4830F813000028BFD0E7E7A3F5F0
:102C6400805398B2E3E73020E1E700BF3CBC00208A
:102C74000AD7233C2CC500208BC6002088B900202D
:102C84008FC600201C0A002000B5DFF884E083B062
:102C94009EF800100131C9B2032919D8194B01EB70
:102CA40081021B6813441A2202FB003303E05FFA1B
:102CB4008CF104290CD09A7C01F1010C0533002A13
:102CC400F5D08EF8001003B05DF804EBFFF766BF93
:102CD4000D4A13783BB100218EF8001003B05DF863
:102CE40004EBFFF75BBF01931FF052FF019BFF2032
:102CF400DFF820C00549044A8CF8003013700870CE
:102D040003B000BD3CBC00208AC60020CA54002089
:102D14008BC600208FC600202DE9F0417C4F002394
:102D24007C4D82B0396804462B5411B18B79002B49
:102D340052D1794A137813B1A34200F0C780774B7C
:102D4400196859B38B794BB3C87A38B3744D0023DF
:102D540095F800C009E0032A03D1CA7B012A00F0D8
:102D64009E80984201F11A0118D0DAB201339445D9
:102D7400F7D10A7B012AEED1CA7B012AF1D14A7B21
:102D8400A242EED11FF004FF00236648FF226649E9
:102D940003700B702A7002B0BDE8F081231F192B59
:102DA40040F28680A4F11E03082B40F28880272C71
:102DB40000F09980A4F13A030B2B40F28C80A4F12B
:102DC4002803DBB2BF2BE6D8584A32F81300002898
:102DD40070D102B0BDE8F081554B1B78002BA8D10F
:102DE40091F807C0BCF1000FA3D0012301F1080E34
:102DF40001F109080FE0A64203D12E5C002E00F079
:102E04008580082B18BF944503F101038CBF012270
:102E14000022002A8DD01EF82300DAB20028F0D058
:102E240018F82360002EECD0A042E4D1A85D08B1CC
:102E3400A642E6D15D1E331F192B56D9A6F11E03F7
:102E4400082B5AD9272E5FD0A6F13A030B2B57D95A
:102E5400A6F12803DBB2BF2B04D8344A32F813009E
:102E6400002844D10A46AB1CDFED327A01EB830320
:102E740031490E709268D88800EE102A2F4AB4EEB9
:102E8400E70A1568F1EE10FA02D410B1FFF7CAFB95
:102E940005442B4A01231560254A137049E74A7BF0
:102EA400A2423FF46FAF8A7BA2427FF45AAF69E734
:102EB40004F15D0002B0BDE8F0411FF0A9BE04F1C9
:102EC400130002B0BDE8F0411FF0A2BE002313704E
:102ED40002B0BDE8F081A4F58054A0B202B0BDE810
:102EE400F0411FF095BE3020E4E706F15D0001914A
:102EF4001FF036FF3A680199B5E706F11300F6E7CB
:102F0400A6F5805080B2F2E73020F0E7064691E75C
:102F14008CA400203CBB002083C600203CBC0020C5
:102F2400CA5400208FC600208AC600201C0A002034
:102F34008CC600200AD7233C84C600202CC5002060
:102F440028A900201D4BD3F8D82010689168006888
:102F540010B40842137C546814BF0121002103F00B
:102F64000303D4F800C0D06843EA81031CEA000FCD
:102F740043F0080118BF0B469908013B11740D2B4F
:102F84000BD8DFE803F0110C070C0A161111160A0E
:102F94000C070C1153690233536110BC7047536919
:102FA400013B10BC536170475369013310BC53613A
:102FB40070475369023B10BC536170479CBC0020AE
:102FC4001D4BD3F8D42010689168006810B40842EF
:102FD400137C546814BF0121002103F00303D4F8C7
:102FE40000C0D06843EA81031CEA000F43F00801E3
:102FF40018BF0B469908013B11740D2B0BD8DFE861
:1030040003F0110C070C0A161111160A0C070C1107
:1030140053690233536110BC70475369013B10BCC0
:10302400536170475369013310BC5361704753694E
:10303400023B10BC536170479CBC00201D4BD3F86D
:10304400D02010689168006810B40842137C54685A
:1030540014BF0121002103F00303D4F800C0D06899
:1030640043EA81031CEA000F43F0080118BF0B4632
:103074009908013B11740D2B0BD8DFE803F0110CF8
:10308400070C0A161111160A0C070C1153690233A6
:10309400536110BC70475369013B10BC53617047C6
:1030A4005369013310BC536170475369023B10BC30
:1030B400536170479CBC00201D4BD3F8CC20106892
:1030C4009168006810B40842137C546814BF01214D
:1030D400002103F00303D4F800C0D06843EA81035D
:1030E4001CEA000F43F0080118BF0B469908013B86
:1030F40011740D2B0BD8DFE803F0110C070C0A1622
:103104001111160A0C070C1153690233536110BCD8
:1031140070475369013B10BC5361704753690133D5
:1031240010BC536170475369023B10BC5361704734
:103134009CBC00201D4BD3F8C8201068916800681F
:1031440010B40842137C546814BF0121002103F019
:103154000303D4F800C0D06843EA81031CEA000FDB
:1031640043F0080118BF0B469908013B11740D2B5D
:103174000BD8DFE803F0110C070C0A161111160A1C
:103184000C070C1153690233536110BC7047536927
:10319400013B10BC536170475369013310BC536148
:1031A40070475369023B10BC536170479CBC0020BC
:1031B4001D4BD3F8C42010689168006810B408420D
:1031C400137C546814BF0121002103F00303D4F8D5
:1031D40000C0D06843EA81031CEA000F43F00801F1
:1031E40018BF0B469908013B11740D2B0BD8DFE86F
:1031F40003F0110C070C0A161111160A0C070C1116
:1032040053690233536110BC70475369013B10BCCE
:10321400536170475369013310BC5361704753695C
:10322400023B10BC536170479CBC00201D4BD3F87B
:10323400C02010689168006810B40842137C546878
:1032440014BF0121002103F00303D4F800C0D068A7
:1032540043EA81031CEA000F43F0080118BF0B4640
:103264009908013B11740D2B0BD8DFE803F0110C06
:10327400070C0A161111160A0C070C1153690233B4
:10328400536110BC70475369013B10BC53617047D4
:103294005369013310BC536170475369023B10BC3E
:1032A400536170479CBC00201D4BD3F8BC201068B0
:1032B4009168006810B40842137C546814BF01215B
:1032C400002103F00303D4F800C0D06843EA81036B
:1032D4001CEA000F43F0080118BF0B469908013B94
:1032E40011740D2B0BD8DFE803F0110C070C0A1630
:1032F4001111160A0C070C1153690233536110BCE7
:1033040070475369013B10BC5361704753690133E3
:1033140010BC536170475369023B10BC5361704742
:103324009CBC00201D4BD3F8B8201068916800683D
:1033340010B40842137C546814BF0121002103F027
:103344000303D4F800C0D06843EA81031CEA000FE9
:1033540043F0080118BF0B469908013B11740D2B6B
:103364000BD8DFE803F0110C070C0A161111160A2A
:103374000C070C1153690233536110BC7047536935
:10338400013B10BC536170475369013310BC536156
:1033940070475369023B10BC536170479CBC0020CA
:1033A4001D4BD3F8B42010689168006810B408422B
:1033B400137C546814BF0121002103F00303D4F8E3
:1033C40000C0D06843EA81031CEA000F43F00801FF
:1033D40018BF0B469908013B11740D2B0BD8DFE87D
:1033E40003F0110C070C0A161111160A0C070C1124
:1033F40053690233536110BC70475369013B10BCDD
:10340400536170475369013310BC5361704753696A
:10341400023B10BC536170479CBC00201D4BD3F889
:10342400B02010689168006810B40842137C546896
:1034340014BF0121002103F00303D4F800C0D068B5
:1034440043EA81031CEA000F43F0080118BF0B464E
:103454009908013B11740D2B0BD8DFE803F0110C14
:10346400070C0A161111160A0C070C1153690233C2
:10347400536110BC70475369013B10BC53617047E2
:103484005369013310BC536170475369023B10BC4C
:10349400536170479CBC00201D4BD3F8AC201068CE
:1034A4009168006810B40842137C546814BF012169
:1034B400002103F00303D4F800C0D06843EA810379
:1034C4001CEA000F43F0080118BF0B469908013BA2
:1034D40011740D2B0BD8DFE803F0110C070C0A163E
:1034E4001111160A0C070C1153690233536110BCF5
:1034F40070475369013B10BC5361704753690133F2
:1035040010BC536170475369023B10BC5361704750
:103514009CBC00201D4BD3F8A8201068916800685B
:1035240010B40842137C546814BF0121002103F035
:103534000303D4F800C0D06843EA81031CEA000FF7
:1035440043F0080118BF0B469908013B11740D2B79
:103554000BD8DFE803F0110C070C0A161111160A38
:103564000C070C1153690233536110BC7047536943
:10357400013B10BC536170475369013310BC536164
:1035840070475369023B10BC536170479CBC0020D8
:103594001D4BD3F8A42010689168006810B4084249
:1035A400137C546814BF0121002103F00303D4F8F1
:1035B40000C0D06843EA81031CEA000F43F008010D
:1035C40018BF0B469908013B11740D2B0BD8DFE88B
:1035D40003F0110C070C0A161111160A0C070C1132
:1035E40053690233536110BC70475369013B10BCEB
:1035F400536170475369013310BC53617047536979
:10360400023B10BC536170479CBC00201D4BD3F897
:10361400A02010689168006810B40842137C5468B4
:1036240014BF0121002103F00303D4F800C0D068C3
:1036340043EA81031CEA000F43F0080118BF0B465C
:103644009908013B11740D2B0BD8DFE803F0110C22
:10365400070C0A161111160A0C070C1153690233D0
:10366400536110BC70475369013B10BC53617047F0
:103674005369013310BC536170475369023B10BC5A
:10368400536170479CBC00201D4BD3F89C201068EC
:103694009168006810B40842137C546814BF012177
:1036A400002103F00303D4F800C0D06843EA810387
:1036B4001CEA000F43F0080118BF0B469908013BB0
:1036C40011740D2B0BD8DFE803F0110C070C0A164C
:1036D4001111160A0C070C1153690233536110BC03
:1036E40070475369013B10BC536170475369013300
:1036F40010BC536170475369023B10BC536170475F
:103704009CBC00201D4BD3F8982010689168006879
:1037140010B40842137C546814BF0121002103F043
:103724000303D4F800C0D06843EA81031CEA000F05
:1037340043F0080118BF0B469908013B11740D2B87
:103744000BD8DFE803F0110C070C0A161111160A46
:103754000C070C1153690233536110BC7047536951
:10376400013B10BC536170475369013310BC536172
:1037740070475369023B10BC536170479CBC0020E6
:103784001D4BD3F8942010689168006810B4084267
:10379400137C546814BF0121002103F00303D4F8FF
:1037A40000C0D06843EA81031CEA000F43F008011B
:1037B40018BF0B469908013B11740D2B0BD8DFE899
:1037C40003F0110C070C0A161111160A0C070C1140
:1037D40053690233536110BC70475369013B10BCF9
:1037E400536170475369013310BC53617047536987
:1037F400023B10BC536170479CBC00201D4BD3F8A6
:10380400902010689168006810B40842137C5468D2
:1038140014BF0121002103F00303D4F800C0D068D1
:1038240043EA81031CEA000F43F0080118BF0B466A
:103834009908013B11740D2B0BD8DFE803F0110C30
:10384400070C0A161111160A0C070C1153690233DE
:10385400536110BC70475369013B10BC53617047FE
:103864005369013310BC536170475369023B10BC68
:10387400536170479CBC00201D4BD3F88C2010680A
:103884009168006810B40842137C546814BF012185
:10389400002103F00303D4F800C0D06843EA810395
:1038A4001CEA000F43F0080118BF0B469908013BBE
:1038B40011740D2B0BD8DFE803F0110C070C0A165A
:1038C4001111160A0C070C1153690233536110BC11
:1038D40070475369013B10BC53617047536901330E
:1038E40010BC536170475369023B10BC536170476D
:1038F4009CBC00201D4BD3F8882010689168006898
:1039040010B40842137C546814BF0121002103F051
:103914000303D4F800C0D06843EA81031CEA000F13
:1039240043F0080118BF0B469908013B11740D2B95
:103934000BD8DFE803F0110C070C0A161111160A54
:103944000C070C1153690233536110BC704753695F
:10395400013B10BC536170475369013310BC536180
:1039640070475369023B10BC536170479CBC0020F4
:103974001D4BD3F8842010689168006810B4084285
:10398400137C546814BF0121002103F00303D4F80D
:1039940000C0D06843EA81031CEA000F43F0080129
:1039A40018BF0B469908013B11740D2B0BD8DFE8A7
:1039B40003F0110C070C0A161111160A0C070C114E
:1039C40053690233536110BC70475369013B10BC07
:1039D400536170475369013310BC53617047536995
:1039E400023B10BC536170479CBC00201D4BD3F8B4
:1039F400802010689168006810B40842137C5468F1
:103A040014BF0121002103F00303D4F800C0D068DF
:103A140043EA81031CEA000F43F0080118BF0B4678
:103A24009908013B11740D2B0BD8DFE803F0110C3E
:103A3400070C0A161111160A0C070C1153690233EC
:103A4400536110BC70475369013B10BC536170470C
:103A54005369013310BC536170475369023B10BC76
:103A6400536170479CBC00201D4BDA6F106891684D
:103A7400006810B40842137C546814BF012100216B
:103A840003F00303D4F800C0D06843EA81031CEABE
:103A9400000F43F0080118BF0B469908013B11744D
:103AA4000D2B0BD8DFE803F0110C070C0A161111CB
:103AB400160A0C070C1153690233536110BC70478A
:103AC4005369013B10BC536170475369013310BC07
:103AD400536170475369023B10BC5361704700BF88
:103AE4009CBC00201D4B9A6F10689168006810B44C
:103AF4000842137C546814BF0121002103F003031E
:103B0400D4F800C0D06843EA81031CEA000F43F0F4
:103B1400080118BF0B469908013B11740D2B0BD8F3
:103B2400DFE803F0110C070C0A161111160A0C0732
:103B34000C1153690233536110BC70475369013B44
:103B440010BC536170475369013310BC5361704713
:103B54005369023B10BC5361704700BF9CBC0020FA
:103B64001D4B5A6F10689168006810B40842137CAA
:103B7400546814BF0121002103F00303D4F800C0EA
:103B8400D06843EA81031CEA000F43F0080118BF20
:103B94000B469908013B11740D2B0BD8DFE803F099
:103BA400110C070C0A161111160A0C070C11536993
:103BB4000233536110BC70475369013B10BC53611D
:103BC40070475369013310BC536170475369023B1A
:103BD40010BC5361704700BF9CBC00201D4B1A6F82
:103BE40010689168006810B40842137C546814BFCC
:103BF4000121002103F00303D4F800C0D06843EA94
:103C040081031CEA000F43F0080118BF0B46990812
:103C1400013B11740D2B0BD8DFE803F0110C070CDA
:103C24000A161111160A0C070C1153690233536159
:103C340010BC70475369013B10BC53617047536912
:103C4400013310BC536170475369023B10BC53618C
:103C5400704700BF9CBC00201D4BDA6E1068916851
:103C6400006810B40842137C546814BF0121002179
:103C740003F00303D4F800C0D06843EA81031CEACC
:103C8400000F43F0080118BF0B469908013B11745B
:103C94000D2B0BD8DFE803F0110C070C0A161111D9
:103CA400160A0C070C1153690233536110BC704798
:103CB4005369013B10BC536170475369013310BC15
:103CC400536170475369023B10BC5361704700BF96
:103CD4009CBC00201D4B9A6E10689168006810B45B
:103CE4000842137C546814BF0121002103F003032C
:103CF400D4F800C0D06843EA81031CEA000F43F003
:103D0400080118BF0B469908013B11740D2B0BD801
:103D1400DFE803F0110C070C0A161111160A0C0740
:103D24000C1153690233536110BC70475369013B52
:103D340010BC536170475369013310BC5361704721
:103D44005369023B10BC5361704700BF9CBC002008
:103D54001D4B5A6E10689168006810B40842137CB9
:103D6400546814BF0121002103F00303D4F800C0F8
:103D7400D06843EA81031CEA000F43F0080118BF2E
:103D84000B469908013B11740D2B0BD8DFE803F0A7
:103D9400110C070C0A161111160A0C070C115369A1
:103DA4000233536110BC70475369013B10BC53612B
:103DB40070475369013310BC536170475369023B28
:103DC40010BC5361704700BF9CBC00201D4B1A6E91
:103DD40010689168006810B40842137C546814BFDA
:103DE4000121002103F00303D4F800C0D06843EAA2
:103DF40081031CEA000F43F0080118BF0B46990821
:103E0400013B11740D2B0BD8DFE803F0110C070CE8
:103E14000A161111160A0C070C1153690233536167
:103E240010BC70475369013B10BC53617047536920
:103E3400013310BC536170475369023B10BC53619A
:103E4400704700BF9CBC00201D4BDA6D1068916860
:103E5400006810B40842137C546814BF0121002187
:103E640003F00303D4F800C0D06843EA81031CEADA
:103E7400000F43F0080118BF0B469908013B117469
:103E84000D2B0BD8DFE803F0110C070C0A161111E7
:103E9400160A0C070C1153690233536110BC7047A6
:103EA4005369013B10BC536170475369013310BC23
:103EB400536170475369023B10BC5361704700BFA4
:103EC4009CBC00201D4B9A6D10689168006810B46A
:103ED4000842137C546814BF0121002103F003033A
:103EE400D4F800C0D06843EA81031CEA000F43F011
:103EF400080118BF0B469908013B11740D2B0BD810
:103F0400DFE803F0110C070C0A161111160A0C074E
:103F14000C1153690233536110BC70475369013B60
:103F240010BC536170475369013310BC536170472F
:103F34005369023B10BC5361704700BF9CBC002016
:103F44001D4B5A6D10689168006810B40842137CC8
:103F5400546814BF0121002103F00303D4F800C006
:103F6400D06843EA81031CEA000F43F0080118BF3C
:103F74000B469908013B11740D2B0BD8DFE803F0B5
:103F8400110C070C0A161111160A0C070C115369AF
:103F94000233536110BC70475369013B10BC536139
:103FA40070475369013310BC536170475369023B36
:103FB40010BC5361704700BF9CBC00201D4B1A6DA0
:103FC40010689168006810B40842137C546814BFE8
:103FD4000121002103F00303D4F800C0D06843EAB0
:103FE40081031CEA000F43F0080118BF0B4699082F
:103FF400013B11740D2B0BD8DFE803F0110C070CF7
:104004000A161111160A0C070C1153690233536175
:1040140010BC70475369013B10BC5361704753692E
:10402400013310BC536170475369023B10BC5361A8
:10403400704700BF9CBC00201D4BDA6C106891686F
:10404400006810B40842137C546814BF0121002195
:1040540003F00303D4F800C0D06843EA81031CEAE8
:10406400000F43F0080118BF0B469908013B117477
:104074000D2B0BD8DFE803F0110C070C0A161111F5
:10408400160A0C070C1153690233536110BC7047B4
:104094005369013B10BC536170475369013310BC31
:1040A400536170475369023B10BC5361704700BFB2
:1040B4009CBC00201D4B9A6C10689168006810B479
:1040C4000842137C546814BF0121002103F0030348
:1040D400D4F800C0D06843EA81031CEA000F43F01F
:1040E400080118BF0B469908013B11740D2B0BD81E
:1040F400DFE803F0110C070C0A161111160A0C075D
:104104000C1153690233536110BC70475369013B6E
:1041140010BC536170475369013310BC536170473D
:104124005369023B10BC5361704700BF9CBC002024
:104134001D4B5A6C10689168006810B40842137CD7
:10414400546814BF0121002103F00303D4F800C014
:10415400D06843EA81031CEA000F43F0080118BF4A
:104164000B469908013B11740D2B0BD8DFE803F0C3
:10417400110C070C0A161111160A0C070C115369BD
:104184000233536110BC70475369013B10BC536147
:1041940070475369013310BC536170475369023B44
:1041A40010BC5361704700BF9CBC00201D4B1A6CAF
:1041B40010689168006810B40842137C546814BFF6
:1041C4000121002103F00303D4F800C0D06843EABE
:1041D40081031CEA000F43F0080118BF0B4699083D
:1041E400013B11740D2B0BD8DFE803F0110C070C05
:1041F4000A161111160A0C070C1153690233536184
:1042040010BC70475369013B10BC5361704753693C
:10421400013310BC536170475369023B10BC5361B6
:10422400704700BF9CBC00201D4BDA6B106891687E
:10423400006810B40842137C546814BF01210021A3
:1042440003F00303D4F800C0D06843EA81031CEAF6
:10425400000F43F0080118BF0B469908013B117485
:104264000D2B0BD8DFE803F0110C070C0A16111103
:10427400160A0C070C1153690233536110BC7047C2
:104284005369013B10BC536170475369013310BC3F
:10429400536170475369023B10BC5361704700BFC0
:1042A4009CBC00201D4B9A6B10689168006810B488
:1042B4000842137C546814BF0121002103F0030356
:1042C400D4F800C0D06843EA81031CEA000F43F02D
:1042D400080118BF0B469908013B11740D2B0BD82C
:1042E400DFE803F0110C070C0A161111160A0C076B
:1042F4000C1153690233536110BC70475369013B7D
:1043040010BC536170475369013310BC536170474B
:104314005369023B10BC5361704700BF9CBC002032
:104324001D4B5A6B10689168006810B40842137CE6
:10433400546814BF0121002103F00303D4F800C022
:10434400D06843EA81031CEA000F43F0080118BF58
:104354000B469908013B11740D2B0BD8DFE803F0D1
:10436400110C070C0A161111160A0C070C115369CB
:104374000233536110BC70475369013B10BC536155
:1043840070475369013310BC536170475369023B52
:1043940010BC5361704700BF9CBC00201D4B1A6BBE
:1043A40010689168006810B40842137C546814BF04
:1043B4000121002103F00303D4F800C0D06843EACC
:1043C40081031CEA000F43F0080118BF0B4699084B
:1043D400013B11740D2B0BD8DFE803F0110C070C13
:1043E4000A161111160A0C070C1153690233536192
:1043F40010BC70475369013B10BC5361704753694B
:10440400013310BC536170475369023B10BC5361C4
:10441400704700BF9CBC00201D4BDA6A106891688D
:10442400006810B40842137C546814BF01210021B1
:1044340003F00303D4F800C0D06843EA81031CEA04
:10444400000F43F0080118BF0B469908013B117493
:104454000D2B0BD8DFE803F0110C070C0A16111111
:10446400160A0C070C1153690233536110BC7047D0
:104474005369013B10BC536170475369013310BC4D
:10448400536170475369023B10BC5361704700BFCE
:104494009CBC00201D4B9A6A10689168006810B497
:1044A4000842137C546814BF0121002103F0030364
:1044B400D4F800C0D06843EA81031CEA000F43F03B
:1044C400080118BF0B469908013B11740D2B0BD83A
:1044D400DFE803F0110C070C0A161111160A0C0779
:1044E4000C1153690233536110BC70475369013B8B
:1044F40010BC536170475369013310BC536170475A
:104504005369023B10BC5361704700BF9CBC002040
:104514001D4B5A6A10689168006810B40842137CF5
:10452400546814BF0121002103F00303D4F800C030
:10453400D06843EA81031CEA000F43F0080118BF66
:104544000B469908013B11740D2B0BD8DFE803F0DF
:10455400110C070C0A161111160A0C070C115369D9
:104564000233536110BC70475369013B10BC536163
:1045740070475369013310BC536170475369023B60
:1045840010BC5361704700BF9CBC00201D4B1A6ACD
:1045940010689168006810B40842137C546814BF12
:1045A4000121002103F00303D4F800C0D06843EADA
:1045B40081031CEA000F43F0080118BF0B46990859
:1045C400013B11740D2B0BD8DFE803F0110C070C21
:1045D4000A161111160A0C070C11536902335361A0
:1045E40010BC70475369013B10BC53617047536959
:1045F400013310BC536170475369023B10BC5361D3
:10460400704700BF9CBC00201D4BDA69106891689C
:10461400006810B40842137C546814BF01210021BF
:1046240003F00303D4F800C0D06843EA81031CEA12
:10463400000F43F0080118BF0B469908013B1174A1
:104644000D2B0BD8DFE803F0110C070C0A1611111F
:10465400160A0C070C1153690233536110BC7047DE
:104664005369013B10BC536170475369013310BC5B
:10467400536170475369023B10BC5361704700BFDC
:104684009CBC00201D4B9A6910689168006810B4A6
:104694000842137C546814BF0121002103F0030372
:1046A400D4F800C0D06843EA81031CEA000F43F049
:1046B400080118BF0B469908013B11740D2B0BD848
:1046C400DFE803F0110C070C0A161111160A0C0787
:1046D4000C1153690233536110BC70475369013B99
:1046E40010BC536170475369013310BC5361704768
:1046F4005369023B10BC5361704700BF9CBC00204F
:104704001D4B5A6910689168006810B40842137C04
:10471400546814BF0121002103F00303D4F800C03E
:10472400D06843EA81031CEA000F43F0080118BF74
:104734000B469908013B11740D2B0BD8DFE803F0ED
:10474400110C070C0A161111160A0C070C115369E7
:104754000233536110BC70475369013B10BC536171
:1047640070475369013310BC536170475369023B6E
:1047740010BC5361704700BF9CBC00201D4B1A69DC
:1047840010689168006810B40842137C546814BF20
:104794000121002103F00303D4F800C0D06843EAE8
:1047A40081031CEA000F43F0080118BF0B46990867
:1047B400013B11740D2B0BD8DFE803F0110C070C2F
:1047C4000A161111160A0C070C11536902335361AE
:1047D40010BC70475369013B10BC53617047536967
:1047E400013310BC536170475369023B10BC5361E1
:1047F400704700BF9CBC00201D4BDA6810689168AC
:10480400006810B40842137C546814BF01210021CD
:1048140003F00303D4F800C0D06843EA81031CEA20
:10482400000F43F0080118BF0B469908013B1174AF
:104834000D2B0BD8DFE803F0110C070C0A1611112D
:10484400160A0C070C1153690233536110BC7047EC
:104854005369013B10BC536170475369013310BC69
:10486400536170475369023B10BC5361704700BFEA
:104874009CBC00201D4B9A6810689168006810B4B5
:104884000842137C546814BF0121002103F0030380
:10489400D4F800C0D06843EA81031CEA000F43F057
:1048A400080118BF0B469908013B11740D2B0BD856
:1048B400DFE803F0110C070C0A161111160A0C0795
:1048C4000C1153690233536110BC70475369013BA7
:1048D40010BC536170475369013310BC5361704776
:1048E4005369023B10BC5361704700BF9CBC00205D
:1048F4001D4B5A6810689168006810B40842137C14
:10490400546814BF0121002103F00303D4F800C04C
:10491400D06843EA81031CEA000F43F0080118BF82
:104924000B469908013B11740D2B0BD8DFE803F0FB
:10493400110C070C0A161111160A0C070C115369F5
:104944000233536110BC70475369013B10BC53617F
:1049540070475369013310BC536170475369023B7C
:1049640010BC5361704700BF9CBC00201D4B1A68EB
:1049740010689168006810B40842137C546814BF2E
:104984000121002103F00303D4F800C0D06843EAF6
:1049940081031CEA000F43F0080118BF0B46990875
:1049A400013B11740D2B0BD8DFE803F0110C070C3D
:1049B4000A161111160A0C070C11536902335361BC
:1049C40010BC70475369013B10BC53617047536975
:1049D400013310BC536170475369023B10BC5361EF
:1049E400704700BF9CBC0020F8B58A4B01278A4E53
:1049F40004461D783754002D77D1884B1A78002A45
:104A040040F0A580864B1F68002F33D0BB798BB351
:104A1400844BF87AD3F800E060B33B4610E00229F7
:104A240041D0032908D1597BA14200F0C38093F8F7
:104A34000EC0A44500F0BA8001321A33824219D064
:104A4400197BD5B20129EAD1597BA142F4D11A23A9
:104A540003FB0273DC7B012C00F0C180022C00F00C
:104A64009380FCB9704E3378002B34D01EF090F84C
:104A7400347030E0231F192B5FD9A4F11E03082BD7
:104A84007CD9272C00F0B980A4F13A030B2B5AD916
:104A9400A4F12803DBB2BF2B04D8644A32F8130014
:104AA40000284CD1F8BD597BA142C5D1604B53F8C5
:104AB400241043F824E0AEEB010EBEF1310FD9D936
:104AC4001A2303FB02731B8A7345D3D3564C2378F2
:104AD400002B40F09980574B0021574A2846197003
:104AE4001570BDE8F840FEF759B8544A0025107017
:104AF4001D701EF05BFE524B1B78002BD2D0514B25
:104B04001B78DA07CED5474B4F4A1B6812689B1AAD
:104B14000E2BC7D910214D481EF0CCFD2B46214643
:104B24000A224B481BF04AFF39464A481EF0C2FD90
:104B34004748BDE8F8401BF019BF04F15D00BDE82B
:104B4400F8401EF00DB9A4F58054A0B2F7E73B4A33
:104B54001D7010701EF02AFE394B1B78002BA1D05B
:104B6400384B1B78DB079DD52E4B374A1B681268E0
:104B74009B1A0E2B96D911213748CDE704F1130067
:104B8400BDE8F8401EF0ECB834498B5C83F00103B7
:104B94008B54002B9AD11DF0FBFF234C0023254896
:104BA400254AFF21237003701170F8BD735C002B3C
:104BB4003FF460AF1A2303FB0273997B715C0029F5
:104BC4003FF458AFDC7B012C09D0022C7FF449AFB1
:104BD40022498B5C83F001038B54002BDBD0124CF5
:104BE400237863B914480122124B0021057028462A
:104BF4001A70BDE8F840FDF7D1BF30209FE71DF0E3
:104C0400C7FF00232370EDE71DF0C2FF00232370CC
:104C140061E700BF7BC600203CBB002076C60020B5
:104C24003CBC00202CC500208FC600201C0A00209C
:104C34009CA400208AC60020CA54002083C60020F9
:104C4400B2C60020B1C6002044C60020DC0B002000
:104C5400A04D002094240020F00B00204CB900202B
:104C6400014610B1114B1870704710B5104C82B04A
:104C74002278B2B1034603E00133082B0FD0227827
:104C8400DA40D207F8D50B4A019132F813000093A9
:104C94001DF0BEFFDDE900310133082BEFD1002305
:104CA4002370024B197002B010BD00BF81C60020F2
:104CB40089C600207C39002010B5002304460E4A22
:104CC4000321A382226023630C48C4E90133C4E9AD
:104CD4000333C4E90633C4E90833C4E90A3319F0D9
:104CE4005FF90421064819F073F90121054819F008
:104CF40089F9204610BD00BFBC3C0020E0620020C2
:104D0400E061002060BC00202DE9F0470024064645
:104D14004FF0FF0A2030FB4D4FF4407834704FF4CD
:104D2400687774703562B470C6F86403F470C6F8BA
:104D3400800386F804A0B4737462B46286F805A094
:104D440015F06CFD06F58060C6F8005406F5805534
:104D5400C6F84407C6F86007C6F80444C6F8084411
:104D640015F05CFDDFF8A49306F5FC6006F61873F5
:104D7400C6F8E097C6F8680BA6F8588BC6F8183F33
:104D8400C6F8E447C6F8E847C6F8384BC6F83C4BC3
:104D9400C6F8404BC6F8444BC6F8484BC6F84C4BD3
:104DA400C6F8504BC6F8544B86F85A4B86F81E4F3B
:104DB400A6F81C7F14F0C8FE41F2586306F5726031
:104DC400C6F8209FF318C6F8244FC6F8284FC5F834
:104DD4005836A5F8988285F89A42A5F85C7685F845
:104DE4005E46C5F8A802C5E99E44C5E9A044C5E9E4
:104DF400A244C5E9A44414F0A7FE41F6985306F56D
:104E0400B350C5F86446F318C5F86846C5F860960B
:104E1400C5F8B849C5F8BC49C5F8C049C5F8C4497E
:104E2400C5F8C849C5F8CC49C5F8D049C5F8D4492E
:104E3400A5F8D88985F8DA49A5F89C7D85F89E4DB2
:104E4400C5F8983DC5F8E80914F07EFE42F2D84250
:104E540005F58053C5F8A44DC5F8A84DB218C5F89A
:104E6400A09D06F5ED5006F50055C3E93E44C3E99F
:104E74004044C3E94244C3E94444A5F8188183F893
:104E84001A41C5F82801C3F8D824A3F8DC7483F8C0
:104E9400DE4414F059FE42F2E04042F61843A5F80D
:104EA40058883018DFF86882F318C5F8E094A5F83C
:104EB4001C7C08F15809C5F8183CC5F8E444C5F849
:104EC400E844C5F83848C5F83C48C5F84048C5F832
:104ED4004448C5F84848C5F84C48C5F85048C5F892
:104EE400544885F85A4885F81E4CC5F8680814F0EB
:104EF4002BFE42F6204085F8A24C3018C5F8244C0D
:104F0400C5F8284CC5F8304C85F8344CC5F8384CF5
:104F1400C5F83C4CC5F8208CC5F8484CC5F84C4C39
:104F240085F87E4C85F8804CC5F88C4CC5F8904CBF
:104F3400C5F8944CC5F8984CC5F89C4CA5F8A04C01
:104F4400A5F8A4ACC5F8B04CC5F8B44CC5F8B84C39
:104F5400C5F8BC4C85F8AF4C85F8A34CC5F82C9C1F
:104F640018F084FCC5F8C08CDFF8A88106F533502E
:104F740085F8424DC5F8CC9C08F14C09C5F8C44CE1
:104F8400C5F8C84CC5F8D04C85F8D44CC5F8D84CF5
:104F9400C5F8DC4CC5F8E84CC5F8EC4C85F81E4D5A
:104FA40085F8204DC5F82C4DC5F8304DC5F8344D65
:104FB400C5F8384DC5F83C4DA5F8404D85F8434D2E
:104FC400A5F844AD85F84F4DC5F8504DC5F8544D7E
:104FD400C5F8584DC5F85C4D18F048FC42F66050D1
:104FE40085F8854D3018C5F8644DC5F8684DC5F889
:104FF400704D85F8744DC5F8784DC5F87C4DC5F8ED
:10500400608DC5F8804D85F8844D85F8864D85F80A
:10501400874DC5F8884DC5F88C4DC5F8904DC5F839
:10502400944DC5F86C9D19F0F7F942F6985085F83F
:10503400BD4D3018C5F8988DC5F89C4DC5F8A04DE8
:10504400C5F8A84D85F8AC4DC5F8B04DC5F8B44DBC
:10505400C5F8A49DC5F8B84D85F8BC4D85F8BE4D7E
:1050640085F8BF4DC5F8C04DC5F8C44DC5F8C84D49
:10507400C5F8CC4D19F0D0F9234B2146C5F8E44DC1
:1050840003F16C02C5F8E03D9833C5F8E84DC5F866
:10509400F04D05F62860C5F8F83D40F20113C5F857
:1050A400F44DA5F8183E0123C5F8FC4D85F8004ED3
:1050B400C5F8044EC5F8084E85F80C4EC5F8104ED8
:1050C400C5F8144EC5F81C4EA5F8204E85F8224E9E
:1050D400C5F8244EC5F8EC2D4FF4807285F81A3EBD
:1050E40022F08EF805F55E6300200021C3E9520129
:1050F400C3E95401002140F2FF30C3E95601C5F869
:10510400404F09E0983E0020003D0020F83A00207E
:10511400D43D0020343C0020C5F8444FC5F8484F26
:10512400C5F84C4F1CF024F985F8544FC5F8500FBE
:1051340006F5405542F6E05085F875423018C5F83A
:10514400764216F057FA43F220303018FFF7B4FDD8
:1051540085F894433046C6F80640C6F80A40BDE8D0
:10516400F08700BF00B583B0019013F087F8019871
:10517400064A00F50050064BC0F8482CC0F8E82C4D
:10518400C0F84C3CC0F8EC3C03B000BD190700006B
:10519400D506000038B504460D4614F049F8234BF3
:1051A4001B780BB1FDF73AFB04F50053D3F8682DD7
:1051B400AAB3012204F5405181F8942393F8852D74
:1051C4004ABB93F8BD3D03F0FF0003B938BD42F676
:1051D4009850201890F827206FF07E012A70826A78
:1051E4007F2AA8BF7F228A42B8BF0A466A80D0E9D4
:1051F4000B237F2AA8BF7F227F2BA8BF7F238A424D
:10520400B8BF0A468B42B8BF0B46AA80AB7119F0EF
:105214000FF9012038BD42F660502018DAE7D3F8C0
:10522400A02D003A18BF0122C4E700BF81C60020A8
:10523400234A10B5087882B013780C4683420DD007
:10524400C0F300111070C0F3C003C0F3400200911A
:10525400C0F3800100F001001DF090FEB4F90200DB
:10526400B4F9041094F9062088B901B37F28A8BFC3
:105274007F2011F17F0F40B211DB7F29A8BF7F216E
:1052840049B2002302B0BDE810401DF0ADBE10F1DC
:105294007F0FEBDA11F17F0F6FF07E00EDDA6FF024
:1052A4007E01002302B0BDE810401DF09DBE2AB16E
:1052B4007F290846A8BF7F2149B2E2E702B010BDAA
:1052C400CE54002000F5405090F89403704700BF7E
:1052D4002DE9F04F044689B00D4613F0A9FF04F5FB
:1052E400005E9EF8223ECBB904F5405C9CF8340382
:1052F40010B909B0BDE8F08F0CF54E7403F0FF0649
:10530400AE460FCCAEE80F0094E807008EE8070025
:105314008CF83463012009B0BDE8F08F42F62463B1
:1053240042F64C6CDEF8241E2A46E318A44442F8E4
:10533400021B53F8040F9C4522F8020FF9D19EF882
:105344000C3E033B012B0CD9B5F916309AB2092A4D
:1053540028BFFF232B7642F6E050201816F0A0FC5D
:10536400D8E7B5F9043040F2FF3EB5F9080001F47E
:105374008079A3F500460023A0F50040B5F9062086
:105384009C46069301F4806A60F30F0C47F6FF70A5
:10539400CDE90433821A66F30F0362F31F43B5F9B0
:1053A4000E20801A6A89724560F31F4CC1F3C02035
:1053B40028BF72464FEA8218AA89724528BF7246EE
:1053C4004E05C1F3002E4FEA821218D4BEF1000F2D
:1053D4001BD0EE468DF81800ADF80C80ADF80E2009
:1053E400CDE9013C21F47063AC460093BEE80F00A4
:1053F400ACE80F009EE807008CE80700ABE7BEF1BD
:10540400000F02D008B10120E3E701F400764F4613
:10541400B3462FB920B14E450CBF02200320D8E774
:105424004FEA5B27BBF1000F00D0C0B911F4406F05
:1054340000D1B7B94FEA9A2017B108B10520C8E7DF
:10544400BBF1000F14BF002600F0010616B1B9F13C
:10545400000F08D00EEA000ECEF10800B9E70320D1
:10546400B7E70420B5E70620B3E700BF00F5005313
:10547400D3F8F43D0BB10120704700F5405090F88B
:105484003503704700F50050D0F8283C0BB10120DB
:105494007047D0F8C80CC01A18BF0120704700BF6D
:1054A40000F5005393F87E0C93F81E3D18437047A3
:1054B400012810B582B073D0821E012A35D9454C1B
:1054C4001EF074F923781BB1434B1B78DA071DD403
:1054D40064201BF0F7FE1EF069F92378A3B13E4B5C
:1054E4001B78DB0710D53D4B3D4A1B6812689B1A9D
:1054F4000E2B09D90B213B481EF0DCF83A4802B0C8
:10550400BDE810401BF032BA02B010BD334B344A30
:105514001B6812689B1A0E2BDAD9252133481EF01A
:10552400C9F831481BF022FAD2E7314A012401902C
:105534003048314904705068304C00F00F009460DA
:105544000143244C51601DF091F91EF02FF922788B
:10555400002AB5D0204A1278D107B1D51F4A204974
:1055640012680968521A0E2AAAD90E2124481EF07C
:10557400A1F8019B0321032B0CBF224822481EF0F3
:1055840099F8212121481EF095F817481BF0EEF9EF
:1055940035211F481EF08EF813481BF0E7F98FE7FA
:1055A4000C4C1EF003F92378002B89D00A4B1B788E
:1055B400D80785D5094B0A4A1B6812689B1A0E2B1B
:1055C4007FF67EAF232113481EF074F806481BF0C3
:1055D400CDF975E7B2C60020B1C600202CC5002065
:1055E40044C60020C40C0020A04D00209C0C0020C8
:1055F40048C6002091C600200020800002082080B8
:10560400300C0020040C0020080C0020400C00206A
:10561400640C00200C0C0020DFED757A20EE270AC4
:1056240060EEA70ABDEEC00AFDEEE00A10EE103AE5
:1056340010EE902A03F500732DE9F04140F2FF3893
:1056440002F500746B4D074643456B4E84B06A689F
:10565400A8BF434644453078A8BF444623EAE373D1
:1056640024EAE47461B96FF30D1242EA03126A602A
:1056740000285AD06FF3973242EA84326A6033E0EA
:1056840022F07F4242EA03626A60AA6822F00302BF
:1056940042EA1323AB60002856D06FF38B0343EA2E
:1056A4008403AB60DFED527A6A6821EE271A6FF348
:1056B4000D12BDEEC11A11EE103A03F5007383F317
:1056C4000A0342EA0312DFED4A7A6FF3973261EE7E
:1056D400A71AFDEEE11A11EE903A03F5007383F375
:1056E4000A0342EA83336B6000244FF0010803E0AD
:1056F4000134102C14D0307847FA04F32A6808FADD
:1057040004F113F0010F22EA010318BF41EA020376
:105714002B600028ECD101341DF0A8F8102CEAD13C
:1057240004B0BDE8F0411DF0A1B81DF09FF86B680E
:1057340030786FF3973343EA84336B600028D3D116
:105744001DF094F83078CFE7CDED021A8DED011AF3
:10575400CDED037A1DF08AF8AB6830786FF38B03D4
:105764009DED011ADDED021A43EA8403AB600028C3
:1057740098D11DF07BF89DED011ADDED037A6B687D
:1057840021EE271A1D4A30781A40DDED021ABDEECB
:10579400C11A11EE103A03F500734345A8BF4346FE
:1057A40023EAE37342EA03126A6000288BD1CDED49
:1057B400011ACDED027A1DF059F8DDED011ADDED87
:1057C400027A6B6861EEA71A0D4A30781A40FDEE32
:1057D400E11A11EE903A03F500734345A8BF43461E
:1057E40023EAE37342EA83336B600028A8D07BE7A3
:1057F4000080FF4348C6002091C600200FC0FFFF71
:10580400FF3F00FF0B4611460022D3F800C003609F
:105814001846DCF81C30184770B50446006820B3FD
:10582400002504F10E060DE0627C531C2244DBB219
:10583400082B6374107204D9237CA5740A2B657435
:1058440014D0206803681B69984770B12068036806
:105854005B699847A37CC0B2002BE5D1FE28F0D148
:10586400012320726374A374EBE770BD04F1080391
:10587400002213F8011FB34282EA0102F9D1E37B4B
:105884009342DED1B4F80D30C82BDAD8B4F90B202A
:105894002046B4F90910FDF761F8D2E790F8843096
:1058A400EBB1838C4FF6FF72934218D090F88520A9
:1058B40007EE103ADFED0B6A07EE902AB8EE477A4E
:1058C4009FED090AF8EE677A67EE877A87EEA67A83
:1058D400B4EEC07AF1EE10FA30FE070A70479FED7D
:1058E400030A70470000C84200004843000000005B
:1058F4000346007FE0B1B7EE007AD3ED0A7A1A4985
:105904001A6AF4EEC77A0868801AF1EE10FA10DD0C
:10591400F0EE086AB3EE0E7A67EEA67AF4EEC77A72
:10592400F1EE10FA16D51E2398422CBF0020012058
:1059340070470023DFED0D7A002B9FED0D7A47FEB3
:10594400877AFCEEE77A17EE903A98422CBF002053
:10595400012070479FED067AF4EEC77AF1EE10FA53
:10596400CCBF01230023E7E72CC500200000164329
:10597400000048434FF6FF72B0F84030934204D021
:1059840007EE903AB8EE670A704790ED0F0ADFED24
:10599400027A20EE270A704700007A44B5EEC00A66
:1059A40000230B80F1EE10FA138019D9F3EE045A98
:1059B40090ED0E6AB7EE007AD0ED0F7AC6EE006A6B
:1059C4000023836380EE256A76EEE76AB4EEC76A45
:1059D400F1EE10FA37FE067AE7EE267AC0ED0F7A7A
:1059E4000379002B00F0C9810368002B00F0C58106
:1059F400037F002B00F0C18190F86930012B00F087
:105A0400B881022B03D1C379002B00F0B681F7EEE5
:105A1400006ADFF8C0C390ED0A7ADCF80030B4EE17
:105A2400E67A10B5046AF1EE10FAA3EB040307EE6C
:105A3400903AF8EE677A40F3A481B4EEE77AF1EE97
:105A440010FA80F2B581F0EE086AB3EE0E6A67EEE2
:105A5400266AF4EEC66AF1EE10FA00F1AC819FED0D
:105A6400D76AF4EEC66AF1EE10FACCBF0123002324
:105A74009FEDD26A002B46FE866AFCEEE66AF8EEDB
:105A8400666AF4EEE67AF1EE10FA80F28D8177EE32
:105A9400C77A76EEC76AB7EE006A87EEA67A36EE64
:105AA400476AB5EEC06AF1EE10FA40F27D81B0F8B3
:105AB4007A3090ED057A5BB107EE903AF0EEC76A62
:105AC400FBEEEF7AF4EEE76AF1EE10FA00F36C8184
:105AD400B0F87C30D0ED066A5BB107EE903AF0EE98
:105AE400E65AFBEEEF7AF4EEE75AF1EE10FA00F321
:105AF4005B81B0F876305BB107EE903AF0EEC75AAE
:105B0400F8EE677AF4EEE75AF1EE10FA00F1448108
:105B140090F88430002B00F0898090F88530002BB9
:105B240000F0848090F842E0BEF1010F7ED9F7EED8
:105B3400007AB4EEE76AF1EE10FA77DBB6EE004ACB
:105B440007EE903A90ED175A838CF8EE677A25EEBB
:105B5400045ADFEDA13A04EE103ADFED985AD0ED85
:105B6400154AB8EE444A64EE277A87EEA34AB4EEA7
:105B7400E54AF1EE10FA75FE847A65EE275A67EE6F
:105B8400A44A65EEA75AB0EEE45AF4EEC55AF1EE13
:105B940010FA07DCB1EE455AB4EEE55AF1EE10FA0C
:105BA40035FE255A74EE855A9FED855AF4EEC55A92
:105BB400F1EE10FA00F384819FED825AB4EEE55AB7
:105BC400F1EE10FA75FE254AB6EE004AD0ED185AE9
:105BD40090ED165A37EE247A65EE845A27EE855AEC
:105BE40065EEA75AF0EEC54A65EEA77AF4EEE47ABC
:105BF400F1EE10FA07DCF1EE644AF4EEE74AF1EE56
:105C040010FA74FEA74A75EE247ADFED6D5AF4EEAD
:105C1400E57AF1EE10FA07DCDFED6A5AF4EEE75AA2
:105C2400F1EE10FA75FEA75A76EEA56A90F8803068
:105C34009FED695A07EE903AB0F88230F8EE677A31
:105C4400C7EE855AF3B1B0F840404FF6FF7E744575
:105C540040F0C980D0ED0F4ADFED5B7A64EEA74ACD
:105C640007EE903AB7EE005AF8EE677A84EEA74A48
:105C7400B4EEC54AF1EE10FA35FE044A35EE445A44
:105C840065EE855AF5EEC05AF1EE10FA40F28C80BA
:105C9400B0F86A30002B40F0A180B7EE005A90F8BB
:105CA4006830022B00F0A980012B00F0DB8090F813
:105CB4006C309FED494A07EE903AF8EE677AC7EEEA
:105CC400844A67EE247A66EEA46A67EE867A66EE04
:105CD400866A67EE807A66EE806A87EE857AC6EE1B
:105CE400857AB0F8783027EE257A67EEA57A002B0E
:105CF40040F0A18090ED0C6AD0ED0B6A77EE867AC5
:105D040037EE267AF8FE676AFDEEE66AB8FE476A61
:105D1400BDEEC66A16EE903A16EE104A1BB20C801F
:105D2400138006EE903AB1F900C0F8EEE66A06EE8A
:105D340010CABCF17F0FB8EEC66A77EEE67A37EE8A
:105D4400467AC0ED0C7A80ED0B7A54DCB1F9003060
:105D54006FF07E008342B8BF03460B80B2F9003077
:105D64007F2B45DC13F17F0F43DA4FF681731380E9
:105D740010BD8379002B7FF44AAE00230363C36212
:105D840070479FED127AF4EEC77AF1EE10FA0FD94C
:105D94000023DFED0F6A6BE6F0EEE65AF4EEE57AE7
:105DA400F1EE10FA7FF7B4AE00230363C36210BDB3
:105DB400B0EE666A7BE6F0EE466A62E600004843AF
:105DC4000000FE420000FEC200007A440000484287
:105DD400000016432CC500200000C84207EE903A8C
:105DE400B8EEE75A5BE707EE904AF8EE674A37E702
:105DF4007F23138010BD7F23AFE7DCF800C0436B23
:105E0400B0F872E0ACEB03037345B1D390F874308F
:105E14005FED0F4A05EE103AC0F834C0B8EE455AAB
:105E2400C5EE247A27EE277A66EEA77A27EE067A5D
:105E340067EE867A55E727EEA76A06EE903AF8EE03
:105E4400666AA7EE076AF1EEC65AF4EEE65AF1EE78
:105E540010FA7FF74FAF86EEA56A27EE067A67EE53
:105E6400867A47E766EEA67AB0F87030E7EE077AEE
:105E7400B1EEE74A2BB107EE903AF8EEE77A84EEFA
:105E8400274A90F86D305FED2C2A03EE903A90F893
:105E94006E3003EE103AF8EE633AF7EE007AB8EE9D
:105EA400433AC3EEA24AC3EE223AB4EEE74AF1EE15
:105EB40010FA77FE847A33EEE44AE4EE274A00E7E8
:105EC400F0EE454A80E600BF017169B9002301770D
:105ED40080F842100363C362836143610365C36452
:105EE4000366C36583654365704700BF4FF0560C76
:105EF40032210023642280F800C04FF0430C41702B
:105F0400452180F802C0C1702821DFF83CC04372EB
:105F14000273C0F81230C0F816304383C0F804C0CE
:105F240045F2640C02774FF44852017243770549F5
:105F340083771423A0F80AC0C0F80D10A0F81F201E
:105F44004374704764000A00050004008B795A1EEC
:105F5400022A28BF042380F86830CB79032B28BF9A
:105F6400002380F869300B89092B78D9B3F57A7F3F
:105F7400A8BF4FF47A73A0F86A3047F230528B7A94
:105F8400642B28BF6423012B38BF012380F86C30B5
:105F9400CB7A642B28BF6423012B38BF012380F8FC
:105FA4006D300B7B642B28BF6423012B38BF012386
:105FB40080F86E30B1F80D30002B08BF6423A0F8D0
:105FC400703091F810C0CB7B43EA0C23B3F5FA7F11
:105FD40028BF4FF4FA73012B38BF0123A0F87230A5
:105FE4004B7C642B28BF6423012B38BF012380F82A
:105FF40074304B8AA0F876308B8AA0F87830CB8A3C
:10600400A0F87A300B8BA0F87C308B7E003B18BF55
:10601400012380F87E30CB7E003B18BF012380F83B
:106024007F300B7F642B28BF642380F880304B7F44
:1060340091F81EC043EA0C23934228BF1346A0F8EC
:106044008230CB7F003B18BF012380F8843091F865
:106054002030642B28BF642380F8853070470A23DE
:1060640089E700BF562232234FF0430C0A704FF0E9
:1060740005024B7045238A8081F802C0CB7090F8EA
:1060840068308B7190F86930CB71B0F86A300B814D
:1060940090F86C308B7290F86D30CB7290F86E3053
:1060A4000B73B0F87030A1F80D30B0F87230A1F86D
:1060B4000F3090F874304B74B0F8762090F87E303E
:1060C4004A82B0F878208A82B0F87A20CA82B0F87E
:1060D4007C200A838B7690F87F30CB7690F88030E2
:1060E4000B7790F88430B0F88220CB77A1F81D208C
:1060F40090F8853081F82030704700BF08B50B4612
:10610400362800F2B782DFE810F0AB02A102970252
:106114008D02830279026F0265025B02510247021B
:106124003D023302D201C801BE01B401AA01A0019B
:1061340096018C01820178016E0164015A015001BB
:1061440046013C01320128011E0114010A0100012B
:10615400F600EC00E200D800CE00C400BA00B000A3
:10616400A6009C00920088007E0074006A00600013
:1061740056004C0042003700DFF8F0C30422D14936
:106184003620CCF8D8301BF0B3FB012008BDDFF873
:10619400DCC30422CC493520CCF8D4301BF0A8FB56
:1061A400F3E7DFF8C8C30422C8493420CCF8D03060
:1061B4001BF09EFBE9E7DFF8B4C30422C449332093
:1061C400CCF8CC301BF094FBDFE7DFF8A0C304224B
:1061D400C0493220CCF8C8301BF08AFBD5E7DFF881
:1061E4008CC30422BC493120CCF8C4301BF080FBA2
:1061F400CBE7DFF878C30422B8493020CCF8C030AC
:106204001BF076FBC1E7DFF864C30422B4492F20F6
:10621400CCF8BC301BF06CFBB7E7DFF850C30422AA
:10622400B0492E20CCF8B8301BF062FBADE7DFF8A4
:106234003CC30422AC492D20CCF8B4301BF058FBED
:10624400A3E7DFF828C30422A8492C20CCF8B030F7
:106254001BF04EFB99E7DFF814C30422A4492B205A
:10626400CCF8AC301BF044FB8FE7DFF800C304220A
:10627400A0492A20CCF8A8301BF03AFB85E7DFF8C8
:10628400ECC204229C492920CCF8A4301BF030FB3A
:106294007BE7DFF8D8C2042298492820CCF8A03044
:1062A4001BF026FB71E7DFF8C4C2042294492720BF
:1062B400CCF89C301BF01CFB67E7DFF8B0C204226B
:1062C40090492620CCF898301BF012FB5DE7DFF8EC
:1062D4009CC204228C492520CCF894301BF008FB86
:1062E40053E7DFF888C2042288492420CCF8903090
:1062F4001BF0FEFA49E7DFF874C204228449232024
:10630400CCF88C301BF0F4FA3FE7DFF860C20422CB
:1063140080492220CCF888301BF0EAFA35E7DFF810
:106324004CC204227C492120CCF884301BF0E0FAD2
:106334002BE7DFF838C2042278492020CCF88030DB
:106344001BF0D6FA21E7DFF824C2042274491F2087
:10635400CCF87C301BF0CCFA17E7DFF810C204222B
:1063640070491E20CCF878301BF0C2FA0DE7DFF834
:10637400FCC104226C491D20CCF874301BF0B8FA1F
:1063840003E7DFF8E8C1042268491C20CCF8703028
:106394001BF0AEFAF9E6DFF8D4C1042264491B20ED
:1063A400CCF86C301BF0A4FAEFE6DFF8C0C104228D
:1063B40060491A20CCF868301BF09AFAE5E6DFF859
:1063C400ACC104225C491920CCF864301BF090FA6B
:1063D400DBE6DFF898C1042258491820CCF8603075
:1063E4001BF086FAD1E6DFF884C104225449172051
:1063F400CCF85C301BF07CFAC7E6DFF870C10422ED
:1064040050491620CCF858301BF072FABDE6DFF87C
:106414005CC104224C491520CCF854301BF068FAB6
:10642400B3E6DFF848C1042248491420CCF85030C0
:106434001BF05EFAA9E6DFF834C1042244491320B4
:10644400CCF84C301BF054FA9FE6DFF820C104224C
:1064540040491220CCF848301BF04AFA95E6DFF8A0
:106464000CC104223C491120CCF844301BF040FA02
:106474008BE6DFF8F8C0042238491020CCF840300D
:106484001BF036FA81E6DFF8E4C0042234490F2019
:10649400CCF83C301BF02CFA77E6DFF8D0C00422AD
:1064A40030490E20CCF838301BF022FA6DE6DFF8C4
:1064B400BCC004222C490D20CCF834301BF018FA4F
:1064C40063E600BF450D0000C10D00003D0E000055
:1064D400B90E0000350F0000B10F00002D100000B0
:1064E400A910000025110000A11100001D120000D8
:1064F4009912000015130000911300000D14000000
:10650400891400000515000081150000FD15000028
:1065140079160000F516000071170000ED17000051
:1065240069180000E518000061190000DD19000079
:10653400591A0000D51A0000511B0000CD1B0000A1
:10654400491C0000C51C0000411D0000BD1D0000C9
:10655400391E0000B51E0000311F0000AD1F0000F1
:1065640029200000A5200000212100009CBC00205F
:10657400DFF838C1042240490C20CCF830301BF03D
:10658400B7F902E6DFF824C104223C490B20CCF819
:106594002C301BF0ADF9F8E5DFF810C104223849BE
:1065A4000A20CCF828301BF0A3F9EEE5DFF8FCC094
:1065B400042234490920CCF824301BF099F9E4E58D
:1065C400DFF8E8C0042230490820CCF820301BF062
:1065D4008FF9DAE5DFF8D4C004222C490720CCF87F
:1065E4001C301BF085F9D0E5DFF8C0C0042228492F
:1065F4000620CCF818301BF07BF9C6E5DFF8ACC0F8
:10660400042224490520CCF814301BF071F9BCE5B0
:106614000422DFF898C020491046CCF810301BF053
:1066240067F9B2E5DFF884C004221C490320CCF8E2
:106634000C301BF05DF9A8E5DFF870C0042218499E
:106644000220CCF808301BF053F99EE5DFF85CC05B
:10665400042214490120CCF804301BF049F994E5D4
:10666400DFF848C0042210490020CCF800301BF0A9
:106674003FF98AE5002008BD9D2100001922000091
:1066840095220000112300008D230000092400003E
:1066940085240000012500007D250000F925000067
:1066A40075260000F12600006D2700009CBC002028
:1066B4002DE9F0410E4615460446022130461AF0F3
:1066C400B5FE022128461AF0B1FE234B32012349BC
:1066D40053F8028003EB0612D76803EB0512C4F8E3
:1066E4000080A760D2F80CC02A0153F802E000230E
:1066F4001B4A6361C4F80CC01A4B48681268C4F89A
:1067040004E0A3FB02324FF4FA63920C03FB02F29F
:106714004B681B1A9A42FBD8D8F800302146DEF8A1
:10672400002030461F4214BF012300231CEA020F3D
:1067340043F0020218BF13462374FFF7DFFC03463D
:10674400214628462376FFF7D9FC227E831820466B
:106754002376BDE8F08100BF80410020001000E0F6
:10676400AC4C002083DE1B43022110B504460846CE
:106774001AF05CFE022105201AF058FE02201AF0DD
:1067840043FE0346052084F820301AF03DFE002322
:1067940084F821006362E362A3861DF007F80C4BC2
:1067A4001B789BB10B4B1B78DB070FD50A4B0B4AAD
:1067B4001B6812689B1A0E2B08D9272108481CF065
:1067C40079FF0848BDE810401AF0D0B810BD00BFEA
:1067D400B2C60020B1C600202CC5002044C600204B
:1067E400D00C0020A04D0020A94AAA4930B5137E40
:1067F40083B004460D68012B40F2B48072B653692D
:1068040062B6002B1846B8BFD81C80101AD072B6D6
:10681400D3F1000C03F003010CF0030C58BFCCF1CE
:106824000001516162B6226862B1B3F5007F06DAF5
:1068340013F5007F40F32081404240B201E06FF045
:106844007E009047944A137E012B51D972B6536946
:1068540062B6002B1846B8BFD81C80101AD072B686
:10686400D3F1000C03F003010CF0030C58BFCCF17E
:106874000001516162B6626862B1B3F5007F06DA65
:1068840013F5007F40F3FA80404240B201E06FF01C
:106894007E00904702201AF0B7FD94F8203083421E
:1068A40003D0636AEB1A312B18D805201AF0ACFD1B
:1068B40094F8213083420FD0E36AEB1A312B0BD9C1
:1068C400E562002840F0A48001232563E56184F893
:1068D4003530237684F8210003B030BD656200288A
:1068E4007CD10123A56284F8343084F82000DCE7ED
:1068F40072B6D2E900130968186893681942137CC8
:1069040014BF0121002103F0030343EA8103D1688A
:10691400084243F0080118BF0B469808591E5369F2
:1069240010740D2994D801A050F821F05B480000A0
:1069340055480000674800005548000051460000D3
:10694400614800005B4800005B48000061480000AB
:1069540051460000554800006748000055480000B3
:106964005B48000072B6D2E900130968186893689E
:106974001942137C14BF0121002103F0030343EAED
:106984008103D168084243F0080118BF0B469808F8
:10699400591E536910740D293FF632AF01A050F807
:1069A40021F000BF4F480000494800007348000030
:1069B40049480000014600006D4800004F480000AF
:1069C4004F4800006D48000001460000494800009F
:1069D40073480000494800004F48000094F83430E0
:1069E400002B82D00022A36A84F83420EB1A40F2F0
:1069F400DB52934244D8294B1B78002B7FF475AFAC
:106A0400A368002B3FF471AF0190984701986CE79D
:106A1400002394F835202376002A3FF45BAF1F4A05
:106A240084F835301378002B7FF454AF226B40F296
:106A3400DB53AD1A9D4227D96369002B3FF44AAF5B
:106A440001909847019845E7013B5361D8E601332B
:106A54005361D5E6013B5361FAE601335361F7E62E
:106A6400023B5361F4E602335361F1E6023B5361A6
:106A7400C6E602335361C3E67F20E2E67F2008E7DF
:106A8400E368002BC0D130E72369002BD8D121E77C
:106A9400D8BA00202CC50020F4BA0020D35400201A
:106AA40010B501210A201AF0C1FC01210A201AF0B4
:106AB40089FC012125201AF0B9FC012125201AF0B6
:106AC40081FC012107201AF0B1FC012107201AF0F2
:106AD40079FC00234FF48C72F021204819F01CFD3E
:106AE40001211E4819F0AEFC00211C4818F06CF876
:106AF4001A4800224FF0FF3304460321C276436153
:106B040018F06AFD164B032216492046236119F03A
:106B1400CFFE0221204618F05FFD134B0D221349CE
:106B24002046236119F0C4FE1CF040FE104B1B7874
:106B34009BB1104B1B78DB070FD50F4B0F4A1B681B
:106B440012689B1A0E2B08D916210D481CF0B2FDB1
:106B54000C48BDE8104019F009BF10BD34C5002031
:106B64003C005A00F80C00203C007D00FC0C002086
:106B7400B2C60020B1C600202CC5002044C60020A7
:106B84000C0D0020A04D002010B5012122201AF088
:106B94004DFC012122201AF015FC00234FF48C72C5
:106BA400F021204819F0B8FC01211E4819F04AFCD4
:106BB40000211C4818F008F81A4800226FF0F82346
:106BC40004460321C276436118F006FD164B0322E6
:106BD40016492046236119F06BFE0221204618F065
:106BE400FBFC134B0B2213492046236119F060FE72
:106BF4001CF0DCFD104B1B789BB1104B1B78DB07A2
:106C04000FD50F4B0F4A1B6812689B1A0E2B08D91D
:106C140016210D481CF04EFD0C48BDE8104019F03B
:106C2400A5BE10BDB8C500203C005A00F80C0020D9
:106C340054007D00240D0020B2C60020B1C60020FF
:106C44002CC5002044C60020300D0020A04D00209B
:106C5400034608461146062B14D90D2B0AD90E3BC0
:106C640000B583B0062B43D8DFE803F04038362B59
:106C74001F1B1300DFF8BCC0073B204A3CF913304C
:106C840020F048B9DFF8B0C01C4A3CF9133020F0BA
:106C940041B91B4B1B4A1B6803B05DF804EB20F0A1
:106CA40039B9194B194A1B78F6E7194B93ED007A59
:106CB400184AB7EEC77A8DED007B20F02BF903B0AC
:106CC40000BD154B154A93ED007AB7EEC77A8DEDEA
:106CD400007B20F01FF9F2E7114BE7E7114B124A52
:106CE4001B8803B05DF804EB20F014B90F4BF6E7F2
:106CF4000F4A03B05DF804EB20F00CB9480D0020F6
:106D04009C5100207C0D0020D2540020740D0020E2
:106D14008C5100205C0D002020C40020680D002050
:106D2400945100206CC60020540D00206AC6002037
:106D3400981A002034C4002024C40020374A43B2E7
:106D4400C1EB01112DE9F041064692F900004C0017
:106D540086B0984204F1180254D0314BB3F9003094
:106D64009E4207D0062E51D90D2E53D84FF6A0417E
:106D7400002302E000214FF6FF730027294D019301
:106D84001E2361F30F07284600934FF48C7361F3BD
:106D94001F47002118F0FEFE022128466F6118F0FB
:106DA4001BFC214B042204F11F0853F826702A828D
:106DB400A5F812803FB1384620F0C2FD394602469C
:106DC400284619F075FD02A930460E22FFF740FF50
:106DD400982302A8A5F812802B8220F0B1FD42F27C
:106DE4000415024602A90F4819F062FD4FF48C7392
:106DF40004F1350200210B48009518F04FFE06B04F
:106E0400BDE8F08100214FF4FC63B6E740F25F4136
:106E14000023B2E74FF6FF710023AEE7D054002001
:106E240068C6002034C50020F03300202DE9F04F5F
:106E34002DED048B8FB0002800F0158240F25F42E4
:106E4400924BDFF894820292B3F800A0904A049225
:106E5400029B0026002063F30F0663F31F46049B86
:106E64009F1E03F10C04394631F9023F5A4212B213
:106E740033EA230328BF13469842B8BF18468C420E
:106E8400F2D1642840F38082C82840F3F781B0F53A
:106E9400967F40F392829FED7F8A4FF0FA0B4FF476
:106EA400FA797D4C00211625204617F08DFE00222C
:106EB4000F2320461146CDE900534FF48C7318F08C
:106EC40069FE0221204618F087FB744B41460722D5
:106ED40020466661236119F0EBFC714B01212046C9
:106EE4004FF0CC08636118F077FB6E4A4B461421CF
:106EF40009A8126841F6C30600926B4A20F00AF80A
:106F040009A820F01DFD082140F2151302466182F4
:106F140000EB40012046A3EB410309A9238219F0A9
:106F2400C7FC40F641032A461C212046CDE90083D4
:106F3400FA2318F02FFE44F208237C221C21204659
:106F44000093FA2318F0AAFDFA2349221C212046B3
:106F5400009618F0A3FDFA23AF221C2120460096C8
:106F640018F09CFD42F204132A461C21009320468B
:106F7400FA2318F093FDBAF1000F04D0494A1268BD
:106F8400524500F208820121434818F025FB474B83
:106F9400474A0721636107A84B4600251FF0BAFF43
:106FA4004FF4B01307A89FED439A236120F0C8FC67
:106FB40007A9024638484FF0010819F079FC5B46EE
:106FC4003B4A072107A8DFED3C9A1FF0A3FF4FF4CB
:106FD4008A0307A8DFED398A236120F0B1FC07A9F1
:106FE40002462D482E4619F063FC354B02223549E2
:106FF4002948236119F05CFC5B46334A072107A842
:107004001FF088FF4FF42B0307A84FF01C0B2361DC
:1070140020F096FC07A902461F4819F049FC4B468C
:10702400294A072107A84FF07C091FF073FF4FF48A
:107034005A0307A8236120F083FC07A902461648D7
:1070440019F036FC214B012221491348236119F020
:107054002FFC144B14211F4A09A81B681FF05AFF68
:1070640009A820F06DFCE423024609A9638200EB21
:10707400400309485B00C3F58B73238219F018FCA5
:10708400054818F071FC05973FE000BF6AC6002070
:1070940024C400200000FA43B8C5002009000300FE
:1070A40018C618C69C510020940D0020108410842A
:1070B400A40D0020000000000000CC420000F842B3
:1070C40004007800A80D0020AC0D00201C00E40092
:1070D400B00D0020B40D0020840D0020E12C05F13A
:1070E4001C03A8BFE1241BB227B2B8F1000F00F0C3
:1070F400958002354FF0000846F10006A5F1FC0228
:10710400324300F0D780B9469B46AF4BFA221C6845
:107114000023A4FB05011DF08DFE5045C0F0B58091
:10712400844240F2B280A0EB0A00A4EB0A04B1EE60
:10713400086A049907EE900AB8EE677A07EE904A57
:10714400F8EE677AC7EE276A66EE867ABDEEE77ACE
:1071540017EE102A052A1346A8BF052331F9130098
:1071640007EE103A01EB4303B8EEC77A05EE100AB6
:10717400B3F90210B8EEC55A04EE901A77EEC77A46
:10718400F8EEE44A002A40F0838074EEC53AB3F97D
:107194000430B6EE007A05EE903AF8EEE55A75EE54
:1071A400C55A65EE875A67EEA76AB0EE086AF0EE34
:1071B400002A27EEA64A26EE866AB7EE002AB0EE2B
:1071C400447AB0EE463AA4EE626AA6EEE27A94EE0F
:1071D400223A74EE666A37EE277A73EE027A27EE65
:1071E400237AA5EE277AA4EE867AA6EEA57A27EE70
:1071F400297AC7EE087A78EEE77AFDEEE77A17EE99
:10720400903A1CB2152C3FF769AF162705F11C0301
:107214003C461BB2B8F1000F7FF46BAF029909F141
:10722400FF326A480191611E12B2039309B201341C
:107234000091594617F0C8FB4A46644824B2DDE978
:107244000213CDE90071594617F0BEFB029809F10B
:107254000102039B594612B2CDE900405B4817F086
:10726400B3FB039B45E74FF6A042594BDFF88081FF
:107274000292584AB3F800A00492E9E59FED568AB9
:107284004FF0640B4FF0C8090BE6B0EE497AB0E753
:1072940033F9021CB6EE007A042A03EE901AF8EED3
:1072A400E33A74EEE33A63EE873A7FF770AF74EE35
:1072B400C55A78E745484446059F18F013FA9FEDF0
:1072C400479ADFED478A474D4CE0191841F1000118
:1072D400A5FB016C2CF0010606EB5C06891B5B1A0E
:1072E400A3FB053660F10001580805FB016340EA81
:1072F400C3705044FA210023A0FB01011DF09AFD44
:107304001C2140F21512084403B280B21B2B03DD8A
:107314009042A8BF104601B237F9023F4FF6FF7200
:107324002A4807EE103A00920423B8EEC77A27EEF3
:10733400097AC7EE087A78EEE77AFDEEE77A17EE77
:10734400902A12B2E12AA8BFE122162AB8BF162257
:1073540017F054FE18F1010844F10004A8F10703E2
:1073640023430CD0184B1A68A2EB0A035245A3FB23
:107374000830AAD80AB91C21CEE75046BAE70FB0A4
:10738400BDEC048BBDE8F08F9FED178A4FF0320BF4
:107394004FF0640985E5FA200023AAFB00011DF0E3
:1073A40049FD00F11C0147F6EF3043462A4609B275
:1073B4000090204618F0F8FAE5E59FED0C8A4FF0AE
:1073C400960B4FF496796CE59C510020B8C50020CB
:1073D4006CC6002034C40020000048430000CC42A6
:1073E4000000F842ABAAAAAA0000C84200009643D3
:1073F4008C0D00202DE9F04F844C8FB000214FF00C
:107404000F0820464FF0FF3517F0DEFB002216214F
:107414004FF48C73204607AE05AF4FF01B09CDE93E
:107424000018114618F0B6FB0221204618F0D4F8D3
:10743400774B072277492046C4E9043519F038FA16
:10744400754B01212046636118F0C6F8734B102276
:1074540073492046236119F02BFA724B724AADF836
:1074640018500025059293E8070086E807000121DB
:10747400204618F0B1F85C23162229B22046CDE943
:10748400009818F087FB37F8021B0023AA1C4FF062
:107494001F0C56F804AB61F30F0322825046A4F884
:1074A40012C061F31F436361BAF1000F06D020F0EC
:1074B40047FA51460246204619F0FAF95D3540F282
:1074C4001713ADB29D42D6D1584B0026DFF874B1E4
:1074D4004FF01B09DFF870A1039306EB460516F085
:1074E400010F40F641084FF05C0305EBC50518BFDA
:1074F4004FF000080021454805F13107CDF8009010
:10750400CDF804803A353FB23A4618F043FB484B75
:10751400484A4FF6FF711B78107840F25F42C3EB84
:10752400C30365823344DBB2834208BF0A460023A7
:107534000E210AA862F30F0362F31F433E4A6361FC
:107544003BF9023F00930223238233461FF0E2FCFF
:107554000AA820F0F5F90AA902462C4819F0A8F95E
:107564005C233A465D212948CDE9009818F012FBC6
:107574003AF9023F65820E2100930AA82F4B304A44
:1075840063615F23238233461FF0C4FC0AA820F002
:10759400D7F90AA902461D4819F08AF93A465D232B
:1075A400BA211A48CDF80480CDF8009018F0F2FA08
:1075B4004FF0FF3306F10E000E226361BC23C0B20C
:1075C4000AA965822382FFF743FB039B53F8045FF8
:1075D40003933DB1284620F0B3F9294602460B48EF
:1075E40019F066F93A21094817F05CFF01360AA838
:1075F40020F0A6F90AA90246044819F059F9072E01
:107604007FF46BAF0FB0BDE8F08F00BFB8C50020AA
:10761400090003002C0E002018C618C678000800C4
:10762400BC0D0020880900205F04A0FC2434002045
:10763400A0C6002068C60020D00D0020A0FCA0FC3D
:10764400DC0D002022C4002032C40020DFF884C0F6
:10765400034608461146DCF80820042B00B58BB01D
:10766400DCF814E00592DCF80C20CDF820E006925A
:10767400DCF810200792DCF8182009921CD803EBE0
:10768400830C104A0DEB830302EB8C0293ED057A15
:107694001369B7EEC77A1A783AB10B4A02938DEDA3
:1076A400007B1FF037FC0BB000BD084A8DED007B5A
:1076B4001FF030FC0BB000BD054A0BB05DF804EBC5
:1076C4001FF028BCE0320020F00D0020E80D00205F
:1076D400981A0020C0C20020C1EB011104282DE932
:1076E400F0414FEA410486B004F1180212B257D8AF
:1076F400334943B2064691F9001099424CD0314BBC
:10770400B3F90030984257D040F2FF7100230027AC
:107714002D4D01931E2361F30F07284600934FF468
:107724008C7361F31F47002118F034FA02212846B4
:107734006F6117F051FF254B042204F11F0853F821
:1077440026702A82A5F812803FB1384620F0F8F856
:1077540039460246284619F0ABF802A930460E22F3
:10776400FFF774FF982302A8A5F812802B8220F05B
:10777400E7F842F20415024602A9134819F098F8F2
:107784004FF48C7304F1350200210F48009518F072
:1077940085F906B0BDE8F08100214FF4FC63B6E73B
:1077A40000211E204FF48C73CDE90001064818F027
:1077B400F1F906B0BDE8F08100214FF6FF73A6E7AA
:1077C400D054002068C6002034C50020DC330020DB
:1077D400F0B5002287B01F2118264FF48C733A4865
:1077E4000191114600964FF0FF3418F0D3F9364852
:1077F400022105250746446117F0EEFE334B0322B0
:10780400334938463B6119F053F8324B0A22324966
:1078140038463B6119F04CF8012138467C6117F079
:10782400DBFE2E4B0C212E4AB3F900300DEB010088
:10783400009501331FF06EFB2A4B03A83B6120F037
:107844007FF803A90246384619F032F8264B274A36
:107854001B6812689A421AD9254B1B88312B20D8F1
:107864004FF478724FF48C731748019200220096FB
:10787400114618F08FF914480221446117F0ACFE48
:107884001C492A461C4B1048036119F011F80024C6
:10789400E1B201340846FFF71FFF072CF8D107B007
:1078A400F0BD00224FF400414FF48C730648CDE93B
:1078B4000061114618F06EF903480221446117F083
:1078C4008BFE07220D49DDE734C5002009000400C2
:1078D400080C0020410004000C0E002068C60020A3
:1078E400180E0020DE000A002CC50020A8C10020CC
:1078F4005EC60020040E002055000400FC0D00208C
:10790400634B1B78022B00F0A78000220F21182064
:107914004FF48C73F0B587B04FF0FF365D4C019196
:10792400114600905C4818F035F95B48022107467F
:10793400466117F051FE594B0322594938463B61C1
:1079440018F0B6FF574A237852F82350002B7BD106
:1079540040F25F420023504962F30F0362F31F4376
:10796400514AC1E9042328461FF0EAFF294602468A
:10797400494818F09DFF484801214C4E0725074609
:10798400466117F029FE23780821494AA3EBC30373
:107994000DEB0100128800951344464A0133DBB213
:1079A4001FF0B8FA444B02A83B611FF0C9FF02A9BB
:1079B4000246384618F07CFF022138467E6117F0F3
:1079C4000BFE23783D4A0821013304A81FF0A2FAD4
:1079D4003B4B04A83B611FF0B3FF04A902463846A1
:1079E40018F066FF374B384A1B6812689A421DD953
:1079F400364B1B88312B31D800224FF47870182174
:107A04004FF48C73CDE900101146234818F0C2F8E6
:107A14004FF0FF3320480221436117F0DDFD0522BA
:107A24002B492C4B1C48036118F042FF2578002495
:107A3400C5EBC505E1B201346818C0B2FFF77EF9A1
:107A4400072CF7D107B0F0BD012B1ED0164BC7E9A8
:107A54000436002D8FD086E7FFF7BABE18234FF403
:107A640000420D48CDE9003200224FF48C731146D8
:107A740018F090F8084A4FF0FF3302211046536182
:107A840017F0AAFD14492A46CBE74FF6A04261E756
:107A9400D1540020A0C6002034C5002009000400F1
:107AA400F80C0020D00B00204100040018C618C6B2
:107AB40068C60020180E0020A2000A00200E002034
:107AC400DA0004002CC50020A8C100205EC60020F6
:107AD400040E002055000400FC0D00202DE9F04F99
:107AE400574C8FB00021574F2046DFF8789117F09C
:107AF4006BF800221F2116204FF48C734826019145
:107B040011460090204618F045F802212046002531
:107B140017F062FD4C4B4FF0FF300B224B49DFF85E
:107B240048B1C4E90430204618F0C2FE484B012194
:107B34002046636117F050FD464B0E22464920460D
:107B4400236118F0B5FE15F0010F40F64102BBF9B0
:107B540000004FF024030CBF11460021A6F10E02D1
:107B6400A8425FFA85FA12B25BD02046CDE9003113
:107B74004FF48C73002118F00DF840F2FF720023CB
:107B840001212046B04662F30F0362F31F43636191
:107B940017F022FD042359F8041B66820846238249
:107BA40039B105911FF0CCFE05990246204618F024
:107BB4007FFE0E2206A950460135FFF747FD8223BA
:107BC40006A8A4F8128023821FF0BAFE06A9024672
:107BD4002046243618F06CFE97ED026A97ED017A80
:107BE4001021B7EEC66A1D4AB7EEC77A0AA8143741
:107BF4008DED026B8DED007B1FF08CF9C323184AC9
:107C04000AA823826261A4F812801FF099FE0AA9CF
:107C14000246204618F04CFE052D94D10FB0BDE865
:107C2400F08F242343F286112046CDE900314FF42E
:107C34008C73002117F0AEFF4FF6FF729FE700BF71
:107C4400B8C50020E032002009000300280E0020FF
:107C540018C618C6B4000800340E0020440E0020D4
:107C64004D6B4D6BDC33002068C60020094B1B783C
:107C7400022B0CD0084B1B7833B1012B01D0FFF73A
:107C8400B9BB0020FFF7D2B80120FFF7CFB8FFF748
:107C940025BF00BFD1540020A0C6002040F2DB5312
:107CA40098422DE9F0410E4682B035D86421344B18
:107CB4004FF48A7201FB00F43248A3FB04135B09FE
:107CC40002FB03F5984600221823CDE900322E4B1F
:107CD400A3FB051311465F094FF48C7317F05AFF89
:107CE4002A4B9C423CD8632D2DD8022E25484FF6B2
:107CF400FF734FF0010104460CBF254D254D436130
:107D040017F06AFC244B062229462046236102B060
:107D1400BDE8F04118F0CCBD002218204FF48C735C
:107D2400114600900192174817F034FF4FF48A73FC
:107D34004FF6802110200422CDE9000102211148D0
:107D440017F028FFD1E7C8EB48110F4A3BB24900AE
:107D5400A2FB01214909C90241F4FC6189B2E9E7A6
:107D64005622A8F132013BB202FB01F16422B1FBBD
:107D7400F2F1C1F13F01C9B2490141F47841D9E7B7
:107D8400F119760534C500201F85EB51D32A010073
:107D9400540E00205C0E00207A000800014B188865
:107DA400704700BF5EC6002010B50446002021467F
:107DB40019F0ECFCA521012019F0E8FC1BF0F6FCFD
:107DC400144B1B780BB3144B1B78DB071DD5134BDB
:107DD400134A1B6812689B1A0E2B16D9023C1621F3
:107DE4001048E4B21BF066FC032C0FD80E4B53F87A
:107DF400244020461FF0A4FD014620461BF05AFCF7
:107E04000A48BDE8104018F0B1BD10BD1221084C5D
:107E1400F3E700BFB2C60020B1C600202CC5002085
:107E240044C60020780E0020B00B0020A04D002096
:107E3400640E002000B5012083B019F08DFBA52845
:107E440003D00023184603B000BD002019F084FBC2
:107E540000210090012019F099FC009B5A1ED2B217
:107E6400042AEED81BF0A2FC174A009B1278002AC1
:107E7400E8D0164A1278D207E4D5154A1549126893
:107E84000968521A0E2ADDD9182113481BF012FC76
:107E9400009B9A1ED2B2032A13D81049019351F8B9
:107EA4002220104600921FF04BFD0146DDE900231D
:107EB400104600931BF0FEFB094818F057FD009B89
:107EC400C0E70321074AF3E7B2C60020B1C6002089
:107ED4002CC5002044C60020900E0020C00B0020BA
:107EE400A04D0020F80C0020492201214D2310B59B
:107EF4008270322490F8372043708A420470C37031
:107F0400017102D9002380F83730431D00F1370195
:107F14004FF0000C13F8012F8B428CEA020CF9D1BC
:107F2400244C3822042180F805C019F0CFFC2388A2
:107F3400013323801BF03AFC1F4B1A781AB11F4AF5
:107F44001278D20704D42288322A1AD0012010BD14
:107F54001B4A1C4912680968521A0E2AF3D92B21AC
:107F640019481BF0A7FB2188184818F0F3FC0121DD
:107F740017481BF09FFB154818F0F8FC2288322A9A
:107F8400E4D11BF013FC0C4B1B78002BDED00B4B05
:107F94001B78DB07DAD50A4B0A4A1B6812689B1A5E
:107FA4000E2BD3D930210B481BF084FB074818F063
:107FB400DDFCCBE75EC60020B2C60020B1C60020BF
:107FC4002CC5002044C60020AC0E0020A04D00208B
:107FD400B0260020D80E002070B590B0064610AB35
:107FE40002ACC3F13C05601919F0B6FA10AB04F801
:107FF400010B9C42F7D1B14B029A9A4240F0F380B4
:108004009DF80C30012B40F097800DF10D030DF11C
:108014003F01002413F8012F994284EA0204F9D1A4
:108024009DF80D20944240F0188106AA0DF1260116
:1080340032F8023F03F5FA739BB2B3F57A7F00F28C
:108044005981D38903F5FA739BB2B3F57A7F00F2B1
:10805400A8819142ECD1BDF83A2040F6B8339A4257
:1080640000F2E280BDF83C209A4200F2DD80DDF8A7
:108074000E309FED937A07EE903AF4EEC77AF1EE64
:1080840010FA00F1AA81F2EE0E6AF4EEE67AF1EE4D
:1080940010FA00F3A281DDF8363007EE903AF5EEDF
:1080A400C07AF1EE10FA00F14181F3EE046AF4EEC5
:1080B400E67AF1EE10FA00F33981DDF8123007EEBA
:1080C400903AF4EEC77AF1EE10FA00F1A281B2EE22
:1080D4000E7AF4EEC77AF1EE10FA00F39A819DF865
:1080E4003E30053B5A2B00F2B081DDF8163042F2E7
:1080F4001C52A3F5FA73934200F2C38102AD0DF151
:10810400380C2C46103610350FCC644546F8100C4C
:1081140046F80C1C46F8082C46F8043CF1D103CD73
:10812400306071601BF042FB664B1B78002B40F003
:108134001981012010B070BD624D1BF037FB2B7804
:108144008BB1614B1B78DA070DD5604B604A1B6815
:1081540012689B1A0E2B06D931215E481BF0AAFA2D
:108164005D4818F003FC00234D2232210020727078
:10817400F2704FF0010231704FF07E51C6F81230A8
:10818400C6F81630C6F81A30C6F81E30C6F82230C3
:10819400C6F82630C6F82A30C6F832303374737401
:1081A4004FF04603B2801322C6F80610C6F80A1030
:1081B4006FF07701F3864923C6F82E00B370B173CC
:1081C400F2731BF0F3FA2B7853B13F4B1B78DA07A9
:1081D40006D53E4B3E4A1B6812689B1A0E2B1BD8D1
:1081E400002010B070BD374D1BF0E0FA2B78002B47
:1081F400B9D0354B1B78D907B5D5344B344A1B68F5
:1082040012689B1A0E2BAED92F2134481BF052FA58
:10821400314818F0ABFBA6E72F2131481BF04AFA8E
:108224002D4818F0A3FBDBE7264D1BF0BFFA2B7893
:10823400002B98D0244B1B78D90794D5234B244A80
:108244001B6812689B1A0E2B8DD9332125481BF00D
:1082540031FA214818F08AFB85E71A4D01921BF088
:10826400A5FA2B78002B3FF47EAF174B1B78DB0766
:108274007FF579AF154B16491B6809685B1A0E2BFD
:108284007FF671AF302118481BF014FA00230199CE
:108294001022114818F092FB0B2114481BF00AFA23
:1082A4000023102221460C4818F088FB01211048B5
:1082B4001BF000FA084818F059FB54E7324D494DB9
:1082C400CDCCCC3DB2C60020B1C600202CC50020C8
:1082D40044C600203C0F0020A04D00200C0F0020BD
:1082E4006011002018100020700F0020A40F00203F
:1082F400B02600206F4D1BF059FA2B78002B3FF469
:1083040032AF6D4B1B78DC077FF52DAF6B4B6C4A9E
:108314001B6812689B1A0E2B7FF625AF3021694823
:108324001BF0C8F9684818F021FB1CE7614D1BF0ED
:108334003DFA2B78002B3FF416AF5F4B1B78DB071D
:108344007FF511AF5D4B5E4A1B6812689B1A0E2BBA
:108354007FF609AF32215D481BF0ACF95A4818F09A
:1083640005FB00E7544B1B78DB077FF5E2AE534B6C
:10837400534A1B6812689B1A0E2B7FF6DAAE1E2135
:1083840053481BF097F900230A2201214E4818F0A4
:1083940015FB01214F481BF08DF94B4818F0E6FA04
:1083A400C7E6444D1BF002FA2B78002B3FF4DBAEFA
:1083B400414B1B78D8077FF5D6AE404B404A1B682B
:1083C40012689B1A0E2B7FF6CEAE302142481BF06A
:1083D40071F93D4818F0CAFAC5E6364D1BF0E6F9C6
:1083E4002B78002B3FF4BFAE334B1B78DA077FF5B5
:1083F400BAAE324B324A1B6812689B1A0E2B7FF6B8
:10840400B2AE362135481BF055F92F4818F0AEFAB4
:10841400A9E6284D1BF0CAF92B78002B3FF4A3AE34
:10842400254B1B78DC077FF59EAE244B244A1B6842
:1084340012689B1A0E2B7FF696AE362128481BF045
:1084440039F9214818F092FA8DE61A4D1BF0AEF96D
:108454002B78002B3FF487AE174B1B78D8077FF59A
:1084640082AE164B164A1B6812689B1A0E2B7FF6B7
:108474007AAE37211B481BF01DF9134818F076FA21
:1084840071E60C4D1BF092F92B78002B3FF46BAE88
:10849400094B1B78D9077FF566AE084B084A1B6861
:1084A40012689B1A0E2B7FF65EAE0F490648FAF748
:1084B40061FB58E6B2C60020B1C600202CC50020DE
:1084C40044C60020B00F0020A04D002084100020DE
:1084D40090110020B0260020E40F00204C10002052
:1084E400B8100020F01000202811002010B5002141
:1084F4002B4C0422431D00F13F0CC1800460027127
:1085040013F8012F634581EA0201F9D14022254C79
:108514004171114619F0DAF92388013323801BF0E5
:1085240045F9214B1A781AB1204A1278D20704D49B
:108534002288322A1AD0012010BD1D4A1D49126812
:108544000968521A0E2AF3D92B211B481BF0B2F8E2
:1085540021881A4818F0FEF9012119481BF0AAF8DD
:10856400164818F003FA2288322AE4D11BF01EF9C7
:108574000D4B1B78002BDED00C4B1B78DB07DAD5B8
:108584000B4B0C4A1B6812689B1A0E2BD3D9302153
:108594000C481BF08FF8094818F0E8F9CBE700BF46
:1085A400314D49415EC60020B2C60020B1C600204C
:1085B4002CC5002044C60020B0110020A04D00208E
:1085C400B0260020D80E0020F0B593B0064612ABBA
:1085D40002ACC3F18005601918F0BEFF12AB04F8B9
:1085E400010B9C42F7D1A44B029A9A4240F00981B4
:1085F4009DF80C30042B40F0BC800DF10D030DF1FF
:108604004701002413F8012F8B4284EA0204F9D1B4
:108614009DF80D20944240F04F81DDED047AF5EE93
:10862400C07AF1EE10FA00F10581B7EE007AF4EEAB
:10863400C77AF1EE10FA00F3FD80DDED057AF5EE70
:10864400C07AF1EE10FA00F16881F3EE046AF4EEF8
:10865400E67AF1EE10FA00F36081DDED067ADFEDE3
:10866400876AF4EEE67AF1EE10FA00F17281B1EE67
:10867400046AF4EEC67AF1EE10FA00F36A81DDEDD5
:10868400077AF4EEE67AF1EE10FA00F17E81F4EE68
:10869400C77AF1EE10FA00F37881B6EE007ADDEDD8
:1086A400087AF4EEC77AF1EE10FA00F18A81B0EE9E
:1086B400087AF4EEC77AF1EE10FA00F382810DF134
:1086C40023020DF1270412F8010F031FDBB2002867
:1086D40018BFE32B94BF012300231F4600F2A68199
:1086E4009442F0D19DF83430012B00F286810DF1D3
:1086F400370313F8010F041F00F11002E4B2D2B2E1
:10870400E32C03D910B1062A00F2A9819942F0D1D1
:1087140002AD34460FCD0FC40FCD0FC40FCD0FC41F
:1087240095E80F0084E80F001BF040F8544B1B78C9
:10873400002B63D0534B1B78DB075FD5524B534A56
:108744001B6812689B1A0E2B58D91E2150481AF028
:10875400B1FF00230A2204214E4818F02FF9012109
:108764004D481AF0A7FF4B4818F000F9384613B0EB
:10877400F0BD434D1BF01AF82B788BB1414B1B789D
:10878400DB070DD5404B414A1B6812689B1A0E2B20
:1087940006D9312141481AF08DFF3E4818F0E6F819
:1087A4004FF07D534FF07E524FF080403249736159
:1087B4000023F0600420316032613949B2613362D0
:1087C400384A7362B3620123374C7060B160F2615E
:1087D400F3620FCCF36330637163B2631AF0E6FFA4
:1087E4002B7853B1274B1B78DA0706D5264B274A3B
:1087F4001B6812689B1A0E2B35D80027384613B015
:10880400F0BD1F4D1AF0D2FF2B78002BC8D01D4BA2
:108814001B78DA07C4D51C4B1C4A1B6812689B1AC8
:108824000E2BBDD92F2121481AF044FF194818F006
:108834009DF8B5E7124D1AF0B9FF2B78002BAFD095
:10884400104B1B78D807ABD50F4B104A1B68126826
:108854009B1A0E2BA4D9372115481AF02BFF0D486B
:1088640018F084F89CE72F2112481AF023FF0948D6
:1088740018F07CF8C1E700BF314D4941CDCCCC3D67
:10888400B2C60020B1C600202CC5002044C600207A
:1088940080140020A04D0020B02600200C120020DF
:1088A4009A99993E1A160407A0140020DC1100209E
:1088B4007412002050140020754D01921AF076FFB6
:1088C4002B78002B3FF46CAF724B1B78DF077FF5DE
:1088D40067AF714B71491B6809685B1A0E2B7FF6F1
:1088E4005FAF30216E481AF0E5FE00230199102293
:1088F4006C4818F063F80B216B481AF0DBFE002378
:1089040010222146674818F059F8012167481AF0E7
:10891400D1FE644818F02AF842E75D4D1AF046FF8C
:108924002B78002B3FF43CAF5A4B1B78D9077FF5CB
:1089340037AF594B594A1B6812689B1A0E2B7FF6A6
:108944002FAF38215A481AF0B5FE564818F00EF8E1
:1089540026E74F4D1AF02AFF2B78002B3FF420AF67
:108964004C4B1B78DA077FF51BAF4B4B4B4A1B680C
:1089740012689B1A0E2B7FF613AF39214D481AF05B
:1089840099FE484817F0F2FF0AE7414D1AF00EFF2E
:108994002B78002B3FF404AF3E4B1B78DB077FF5AD
:1089A400FFAE3D4B3D4A1B6812689B1A0E2B7FF6A7
:1089B400F7AE392140481AF07DFE3A4817F0D6FF49
:1089C400EEE6334D1AF0F2FE2B78002B3FF4E8AEBE
:1089D400304B1B78DF077FF5E3AE2F4B2F4A1B6824
:1089E40012689B1A0E2B7FF6DBAE372133481AF040
:1089F40061FE2C4817F0BAFFD2E6254D1AF0D6FED8
:108A04002B78002B3FF4CCAE224B1B78D8077FF594
:108A1400C7AE214B214A1B6812689B1A0E2B7FF6A6
:108A2400BFAE27491F48FAF7A5F8B9E6184D1AF062
:108A3400BDFE2B78002B3FF4B3AE164B1B78DC073E
:108A44007FF5AEAE144B154A1B6812689B1A0E2BA9
:108A54007FF6A6AE1B491348FAF78CF8A0E60C4D36
:108A64001AF0A4FE2B78002B3FF49AAE094B1B7826
:108A7400D9077FF595AE084B084A1B6812689B1A04
:108A84000E2B7FF68DAE10490648FAF773F887E689
:108A9400B2C60020B1C600202CC5002044C6002068
:108AA40040120020A04D0020A40F0020B02600207A
:108AB400AC120020E81200202413002060130020D0
:108AC400D8130020981300201414002031224D23C1
:108AD40043214FF0000C10B5492402704370022268
:108AE400C170431D00F13F018470027113F8012F1E
:108AF4008B428CEA020CF9D1154C4022802180F87B
:108B040005C018F0E3FE2388013323801AF04EFEDB
:108B1400104B1B78CBB1104B1B78DB0715D50F4BD3
:108B24000F4A1B6812689B1A0E2B0ED92B210D4875
:108B34001AF0C0FD21880C4817F00CFF01210B48E6
:108B44001AF0B8FD084817F011FF012010BD00BF4E
:108B54005EC60020B2C60020B1C600202CC500208D
:108B640044C60020B4140020A04D0020B0260020EC
:108B740070B592B0064612AB02ACC3F1C0056019E1
:108B840018F0EAFC12AB04F8010B9C42F7D1AA4B93
:108B9400029A9A4240F016819DF80C30022B40F064
:108BA400B4800DF10D030DF14701002413F8012FDA
:108BB400994284EA0204F9D19DF80D20944240F0D0
:108BC400578106AA0DF1260132F8023F03F5FA7324
:108BD4009BB2B3F57A7F00F27C81D38903F5FA73F3
:108BE4009BB2B3F57A7F00F2CB818A42ECD1BDF817
:108BF4003A2040F6B8339A4200F20581BDF83C2091
:108C04009A4200F20081DDF80E309FED8C7A07EE77
:108C1400903AF4EEC77AF1EE10FA00F1CD81F2EE5B
:108C24000E6AF4EEE67AF1EE10FA00F3C581DDF88F
:108C3400363007EE903AF5EEC07AF1EE10FA00F114
:108C44006481F3EE046AF4EEE67AF1EE10FA00F3CE
:108C54005C81DDF8123007EE903AF4EEC77AF1EE5B
:108C640010FA00F1C581B2EE0E7AF4EEC77AF1EE95
:108C740010FA00F3BD819DF83E30053B5A2B00F2FB
:108C8400EF81DDF8163042F21C52A3F5FA739342D9
:108C940000F202829DF83F30092B00F2C5819DF855
:108CA4004030092B00F2C0819DF841301F2B00F2A7
:108CB4004982B7EE007ADDED117AF4EEC77AF1EE6F
:108CC40010FA00F102829FED5E7AF4EEC77AF1EEBB
:108CD40010FA00F3FA8102AD2C46103610350FCC91
:108CE40046F8043C12AB46F8100C9C4246F80C1CA7
:108CF40046F8082CF0D11AF059FD524B1B78002B82
:108D040040F01F81012012B070BD4E4D1AF04EFD8F
:108D14002B788BB14C4B1B78DC070DD54B4B4C4A55
:108D24001B6812689B1A0E2B06D9312149481AF088
:108D3400C1FC494817F01AFE31214FF07E5200233E
:108D440031704D21C6F80A206FF077027170492105
:108D5400B2731322B1704321F273F1704FF0020128
:108D64003E4AB1803E49C6F836204FF08542C6F8E7
:108D740006100021C6F81230C6F81630C6F81A30AC
:108D8400C6F81E30C6F82230C6F82630C6F82A3097
:108D9400C6F83230337473747387C6F82E10F263D6
:108DA4001AF004FD2B7853B1274B1B78DA0706D54C
:108DB400264B274A1B6812689B1A0E2B1BD80020CF
:108DC40012B070BD1F4D1AF0F1FC2B78002BB3D0FC
:108DD4001D4B1B78DB07AFD51C4B1D4A1B68126863
:108DE4009B1A0E2BA8D92F211E481AF063FC1A488F
:108DF40017F0BCFDA0E72F211B481AF05BFC1648B6
:108E040017F0B4FDDBE70F4D1AF0D0FC2B78002BE4
:108E140092D00D4B1B78DB078ED50C4B0C4A1B688C
:108E240012689B1A0E2B87D9332110481AF042FC82
:108E3400094817F09BFD7FE7314D4943CDCCCC3D2C
:108E440000000044B2C60020B1C600202CC500209A
:108E540044C6002010150020A04D00204602030047
:108E6400CDCCCC3DE0140020DC170020E015002020
:108E7400A24D01921AF09AFC2B78002B3FF45CAFC0
:108E84009F4B1B78D8077FF557AF9E4B9E491B68B5
:108E940009685B1A0E2B7FF64FAF30219B481AF0FE
:108EA40009FC002301991022994817F087FD0B2132
:108EB40098481AF0FFFB002310222146944817F02B
:108EC4007DFD012194481AF0F5FB914817F04EFD01
:108ED40032E78A4D1AF06AFC2B78002B3FF42CAF52
:108EE400874B1B78D9077FF527AF864B864A1B68CB
:108EF40012689B1A0E2B7FF61FAF302187481AF099
:108F0400D9FB834817F032FD16E77C4D1AF04EFC6E
:108F14002B78002B3FF410AF794B1B78D8077FF5E3
:108F24000BAF784B784A1B6812689B1A0E2B7FF69E
:108F340003AF32217A481AF0BDFB754817F016FDCD
:108F4400FAE66F4B1B78DB077FF5DCAE6D4B6E4AA0
:108F54001B6812689B1A0E2B7FF6D4AE1E21714833
:108F64001AF0A8FB00230A220221694817F026FD03
:108F7400012169481AF09EFB654817F0F7FCC1E629
:108F84005E4D1AF013FC2B78002B3FF4D5AE5C4BEE
:108F94001B78DA077FF5D0AE5A4B5B4A1B68126820
:108FA4009B1A0E2B7FF6C8AE30215F481AF082FB65
:108FB400574817F0DBFCBFE6504D1AF0F7FB2B784F
:108FC400002B3FF4B9AE4E4B1B78DC077FF5B4AEF3
:108FD4004C4B4D4A1B6812689B1A0E2B7FF6ACAEA5
:108FE400362152481AF066FB494817F0BFFCA3E645
:108FF400424D1AF0DBFB2B78002B3FF49DAE404B27
:109004001B78D9077FF598AE3E4B3F4A1B68126820
:109014009B1A0E2B7FF690AE362145481AF04AFB78
:109024003B4817F0A3FC87E6344D1AF0BFFB2B78BE
:10903400002B3FF481AE324B1B78DC077FF57CAE0E
:10904400304B314A1B6812689B1A0E2B7FF674AEA4
:10905400382138481AF02EFB2D4817F087FC6BE6B0
:10906400264D1AF0A3FB2B78002B3FF465AE244B5E
:109074001B78DA077FF560AE224B234A1B6812681F
:109084009B1A0E2B7FF658AE37212B481AF012FB91
:109094001F4817F06BFC4FE6184D1AF087FB2B782E
:1090A400002B3FF449AE164B1B78DB077FF544AE2B
:1090B400144B154A1B6812689B1A0E2B7FF63CAEA4
:1090C4001E491348F9F756FD36E60C4D1AF06EFBAF
:1090D4002B78002B3FF430AE094B1B78D9077FF572
:1090E4002BAE084B084A1B6812689B1A0E2B7FF69E
:1090F40023AE13490648F9F73DFD1DE6B2C600202C
:10910400B1C600202CC5002044C600204415002010
:10911400A04D0020A40F0020B026002078150020C8
:109124004C1600200C180020AC150020141600204A
:109134008016002028170020B8160020F016002002
:109144009C1700200C4D1AF031FB2B78002B3FF4B8
:10915400F3AD0A4B1B78D8077FF5EEAD084B094AEF
:109164001B6812689B1A0E2B7FF6E6AD064907486A
:10917400F9F700FDE0E500BFB2C60020B1C600204B
:109184002CC5002044C6002064170020A04D0020F8
:1091940033224D234B214FF0000C10B549240270AB
:1091A40043700322C170431D00F1DB01847002711E
:1091B40013F8012F8B428CEA020CF9D1244CDC22E7
:1091C400C02180F805C018F081FB23880133238077
:1091D4001AF0ECFA1F4B1A781AB11F4A1278D20708
:1091E40004D42288322A1AD0012010BD1B4A1C49FB
:1091F40012680968521A0E2AF3D92B2119481AF059
:1092040059FA2188184817F0A5FB012117481AF0CC
:1092140051FA154817F0AAFB2288322AE4D11AF031
:10922400C5FA0C4B1B78002BDED00B4B1B78DB07ED
:10923400DAD50A4B0A4A1B6812689B1A0E2BD3D93B
:1092440030210B481AF036FA074817F08FFBCBE7AA
:109254005EC60020B2C60020B1C600202CC5002086
:1092640044C600202C180020A04D0020B026002069
:10927400D80E00202DE9F041B8B007466C4637AE51
:10928400C4F1C005601918F067F904F8010BB44281
:10929400F8D1A54B009A9A4240F089809DF8043099
:1092A400032B35D10DF105030DF1DB01002413F877
:1092B400012F994284EA0204F9D19DF80560B44271
:1092C40040F0E6809DF80B40082C00F21181DDF897
:1092D400073007EE903AF5EEC07AF1EE10FA00F19D
:1092E400BB809FED927AF4EEC77AF1EE10FA00F3A8
:1092F400B380DC226946384618F094FB1AF056FA1B
:109304008B4B1B78002B6BD1012038B0BDE8F0816A
:10931400874D1AF04BFA2B78002B40F088803323CA
:109324000024844A4FF001083B704D23C7F80720FE
:109334004FF01A0E7B70492307F114022146BB70CB
:109344004B236FF0050C7C4EFB704FF00303BC7194
:10935400FC72BB800EFB0470A2F1140342F8088C6B
:1093640080F810C0417499740533C3F80E609A42B2
:10937400F9D101341A32082CECD11AF017FA2B78EF
:109384008BB16E4B1B78DA070DD56D4B6D4A1B689C
:1093940012689B1A0E2B06D92F216B481AF08AF9F2
:1093A4006A4817F0E3FA002038B0BDE8F081604D58
:1093B4001AF0FCF92B78002BB1D0604B1B78D9073D
:1093C400ADD55F4B5F4A1B6812689B1A0E2BA6D95A
:1093D4002F215F481AF06EF95C4817F0C7FA9EE730
:1093E400564B1B78DB078FD5554B564A1B681268C2
:1093F4009B1A0E2B88D91E2156481AF05BF90023BC
:109404000A220321514817F0D9FA0B2152481AF0C5
:1094140051F900230A2221464C4817F0CFFA0121C2
:109424004E481AF047F9494817F0A0FA6CE7434B45
:109434001B78DA077FF573AF414B424A1B68126809
:109444009B1A0E2B7FF66BAF312145481AF032F987
:109454003E4817F08BFA62E7354D1AF0A7F92B78DE
:10946400002B3FF45CAF354B1B78D9077FF557AF22
:10947400334B344A1B6812689B1A0E2B7FF64FAF8E
:10948400372138481AF016F9304817F06FFA46E7D2
:10949400274D1AF08BF92B78002B3FF440AF274B64
:1094A4001B78DB077FF53BAF254B264A1B68126808
:1094B4009B1A0E2B7FF633AF30212B481AF0FAF8A3
:1094C400002331461022214817F078FA0B2127484F
:1094D4001AF0F0F80023102221461C4817F06EFA07
:1094E40001211E481AF0E6F8184817F03FFA16E76B
:1094F4000F4D1AF05BF92B78002B3FF410AF0F4B94
:109504001B78D8077FF50BAF0D4B0E4A1B6812680A
:109514009B1A0E2B7FF603AF372115481AF0CAF8B1
:109524000A4817F023FAFAE6334D494B0000484243
:10953400B2C600200000A04050003C00B1C600208C
:109544002CC5002044C6002060190020A04D002036
:109554005818002090190020B0190020B0260020CF
:109564008818002028190020BC180020A40F00200F
:10957400F018002010B5332204464D234B21492016
:10958400227063700322E170631D04F1DB014FF06C
:10959400000CA070227113F8012F8B428CEA020C8C
:1095A400F9D1DC22C021204684F805C018F08EF9D8
:1095B400124A1388013313801AF0F8F8104B1B7801
:1095C400BBB1104B1B78DB0713D50F4B0F4A1B683D
:1095D40012689B1A0E2B0CD91B210D481AF06AF83D
:1095E400A37943B908210B481AF064F80A4817F024
:1095F400BDF9012010BD06210848F5E75EC600202C
:10960400B2C60020B1C600202CC5002044C60020EC
:10961400C8190020BC190020A04D0020AC1D00205A
:1096240056224FF0430C452108B53223027005221F
:1096340080F802C043704FF0000CC170831800F131
:109644002001027113F8012F8B428CEA020CF9D12C
:1096540080F805C021224FF4087118F037F9034A45
:10966400012013880344138008BD00BF5EC6002098
:10967400F0B58BB007460AAB6C460DF12106C3F575
:109684001275601917F068FF04F8010BB442F8D1A1
:109694002E4B009A9A422FD19DF80430052B2BD1E2
:1096A4009DF805000DF1050308AD002213F8011F14
:1096B400AB4282EA0102F9D190421DD19DF80630F5
:1096C400581E042B18BF012894BF0124002413D86A
:1096D400EC46664610370CF1100C0FCEAE4247F83C
:1096E400100C47F80C1C47F8082C47F8043CF0D140
:1096F4009CF800303B7025E0562164233222002080
:1097040039704321124C3B737A704522B970282179
:109714003B7703F52023FA704FF448527C600446EB
:10972400397245F26401C7F80D3014237872C7F812
:109734001200C7F81600788378777981B877A7F88C
:109744001F207B7420460BB0F0BD00BF563243454A
:10975400050004004B22542343214FF0000C10B5A4
:109764005324027043700222C170431D00F12B0187
:109774008470027113F8012F8B428CEA020CF9D128
:10978400154C2C224FF4F07180F805C018F09EF8A7
:109794002388013323801AF009F8104B1B78CBB1CE
:1097A4000F4B1B78DB0715D50E4B0F4A1B6812684D
:1097B4009B1A0E2B0ED92A210C4819F07BFF218805
:1097C4000B4817F0C7F801210A4819F073FF08483D
:1097D40017F0CCF8012010BD5EC60020B2C60020F0
:1097E400B1C600202CC5002044C60020E419002086
:1097F400A04D0020B0260020F0B58DB007460CAB7C
:109804006C460BAEC3F50475601917F0A5FE04F899
:10981400010BB442F8D1494B009A9A422FD04B2203
:109824005423002453213A7043227B700223B970DD
:1098340007F10C002146FA707B602022BC601DF009
:10984400DFFC7B1D07F12B00214613F8012F984202
:1098540081EA0201F9D1797119F0A8FF384B1B781C
:1098640053B1384B1B78DA0706D5374B374A1B6898
:1098740012689B1A0E2B31D800200DB0F0BD9DF854
:109884000430022BCBD19DF805400DF105030DF1F9
:109894002B00002213F8011F984282EA0102F9D139
:1098A4009442BCD16D4608AE2C46103710350FCC0F
:1098B400B44247F8100C47F80C1C47F8082C47F83A
:1098C400043CF1D107CD38607960BA6019F06EFFBD
:1098D4001B4B1B7853B901200DB0F0BD2E211C4841
:1098E40019F0E8FE1B4817F041F8C5E7154B1B7843
:1098F400DB07F0D5144B154A1B6812689B1A0E2B14
:10990400E9D91D21144819F0D5FE00230A220221A9
:10991400104817F053F80921104819F0CBFE002322
:109924000A229DF807100B4817F048F801210C484B
:1099340019F0C0FE074817F019F8CCE74B5453430D
:10994400B2C60020B1C600202CC5002044C60020A9
:10995400101A0020A04D0020401A0020601A002098
:10996400B0260020044B012004491B68044A03F577
:10997400FA630870136070472CC5002079C6002074
:109984003CA90020074A107850B1074B07491B68CF
:1099940009685B1A002B02DB002313707047002058
:1099A400704700BF79C600202CC500203CA90020C8
:1099B40000220023026042608360C2600261C361CE
:1099C400C0E90533704700BF38B50546172017F0C6
:1099D40095FA044617F0CCFC604017F0ABF865210B
:1099E400142017F0ADF8024B1B681844A86038BD6A
:1099F4002CC500200000000008B52DED028B9FED62
:109A0400228A2249012017F09BF807EE900AF8EE0B
:109A1400E77AC7EE888AF5EE408AF1EE10FAF0D0C4
:109A24001A49002017F08CF807EE900AB0EE680A85
:109A3400F8EEE77AC7EE888A1AF0E2FBF8EE007ACD
:109A440020EE270AB5EE400AF1EE10FA10D4B1EE7A
:109A5400C08AB7EEE80A9FED0A7B20EE070BB7EE4B
:109A6400C00B1AF0C5FD20EE080ABDEC028B08BD40
:109A74001AF09EFBB0EE408AEBE700BFAFF3008024
:109A8400182D4454FB2119400024744941420F000D
:109A9400514BDFED527A00B52DED048BD3F80A203B
:109AA40083B0D3F82E1007EE102A08EE101AB4EE85
:109AB400E77AF1EE10FA4BDBB4EEE78AF1EE10FA36
:109AC40064DADFED477A9FED477AF4EEC87A464AC6
:109AD400F1EE10FA77FE887AC7EE278A93F83630CB
:109AE400D2ED007A08EE103A9FED409A4048B8EE65
:109AF400488A68EE277AC7EE899AFFF77DFFF1EE70
:109B0400047AA0EE298AB4EEE78AF1EE10FA38D48A
:109B1400DFED387AB7EE007AB4EEE78AF1EE10FAA8
:109B240077FE886AC6EE897A37EE677A68EEA77A96
:109B3400314A68EE878A314BFCEEE77AFCEEE88A1C
:109B4400C2ED007AC3ED008A03B0BDEC048B00BD06
:109B5400DFED237AB4EEE78AF1EE10FA03D5224A58
:109B6400DFED278ABAE7F3EE047A9FED1E7A1E4AE8
:109B7400B4EEE78AF1EE10FA77FE887AC7EE278A08
:109B8400ACE79FED207ADFED207ACFE7164A9FED10
:109B9400177AD2ED007A164868EE277A0192C7EE5A
:109BA400878AFFF729FFDFED0E7A019A0A4BA0EEB0
:109BB400288AB4EEE78AF1EE10FAD1D4F3EE047AEF
:109BC4009FED087AB4EEE78AF1EE10FA77FE887A10
:109BD400C7EE278A82E700BF00C300206F12833AD2
:109BE400CDCCCC3D00247449144E00200000C84262
:109BF40018BB00200000BE42A0A8002034A9002009
:109C04008096184B3333733FCDCC4C3D10B504468E
:109C14002DED028BFFF7F0FE2046F0EE408AFFF7B1
:109C2400EBFEB0EE408A2046FFF7E6FE28EE088AF7
:109C3400A8EEA88AA0EE008AB0EE480ABDEC028B1A
:109C440010BD00BF2DE9F04F2DED028B83B01C46F3
:109C5400BDF93850BDF93C30BDF84070AB46BDF895
:109C6400446099462B4347EA06051D43ADB235B916
:109C7400DFED737AB4EEE70AF1EE10FA2DD4DFF8D3
:109C8400D8818A4681680346D8F80050A94240F238
:109C94009A8042EA040109B241BB1AF0010125D1BC
:109CA40099829FED687A0021F0EE476A08460244E3
:109CB400C3ED036A83ED047A47F6FF7321449A42A5
:109CC400A8BF1A469942A8BF19465F4B9A42B8BF2B
:109CD4001A469942B8BF19460C46129B1A80139B28
:109CE4001C8003B0BDEC028BBDE8F08F197D69BB0D
:109CF4000121587D9D611975002800F08C809969B7
:109D0400691A8F422DD807EE90BAD3ED006A9FED01
:109D14004F6AF8EEE77A93ED037A597D77EEA67AE7
:109D2400C7EE866A76EE876A00293DD0D969691A3A
:109D3400B14239D3FDEEE67A17EE901A08B207EE77
:109D4400900AF8EEE77A76EEE76A11E0597D11B9E8
:109D54000121DD6159759869281A87425ED9002965
:109D64009FD0D969691AB1429BD3DFED366A0020CE
:109D740007EE909A93ED017ADFED345AF8EEE77A24
:109D840093ED046A77EE877A87EEA57A37EE067A42
:109D9400FDEEC77A17EE901A09B207EE901AF8EEA4
:109DA400E77A37EE677A82E7FDEEE67A9FED257A69
:109DB400002117EE900A00B207EE900AF8EEE77A57
:109DC40076EEE76A73E79FED226AB0EE087ADFED7C
:109DD400216AC0EE067A0192009067EEA67A87EEB9
:109DE400878AFFF709FE009B184620EE080A83EDD8
:109DF400000AFFF701FE20EE080A009B65211420EB
:109E040083ED010A16F09CFED8F80010009B08446C
:109E1400019A98603DE75975DD6170E707EE90BAE5
:109E2400D3ED006A9FED096AF8EEE77A93ED037AC1
:109E340077EEA67AC7EE866A76EE876A76E700BF83
:109E44006F12833A000000000180FFFF00007A4493
:109E54000000C8420000FA432CC5002038B52DED9F
:109E6400068B9FED3F9A2F2105464FF47A74F0EE4E
:109E7400499A3C489FED3C8A19F01CFCDFED3B8A73
:109E84009FED3BAA3B4816F071FD2846FFF7B4FD51
:109E940020EE0A0AF4EEC08AA0EE009A79EE809AC7
:109EA400F1EE10FAB4EEC80A70FE288AF1EE10FA48
:109EB40030FE088A013CE8D1DFED2F7A89EEA7AAAB
:109EC40089EE270AAAEE4A0AB5EE400AF1EE10FA24
:109ED40040D4B1EEC09A0B21284819F0EBFB0321C2
:109EE4002448B7EEE80A16F073FD224816F03EFD4A
:109EF4000B21234819F0DEFBB7EEC80A03211D48E5
:109F040016F066FD1B4816F031FD0C211D4819F0B2
:109F1400D1FBB7EECA0A0321164816F059FD1548BD
:109F240016F024FD0E21184819F0C4FBB7EEC90A37
:109F34000321104816F04CFD0E4816F017FD2F2192
:109F4400124819F0B7FB0B48BDEC068BBDE838404E
:109F540016F00CBD1AF02CF9B0EE409ABBE700BF26
:109F6400000000006C1A0020286B6ECE286B6E4E29
:109F740055550541A04D002000007A449C1A00204C
:109F8400A81A0020B41A0020C41A0020D41A0020F1
:109F9400B0EEC07AD0ED037AF0EE606AF4EEC77AE0
:109FA40070B5F1EE10FA04460D4616462DED048BFD
:109FB40082B001DB9FED3A0AB0EEE67AF4EEC77A9E
:109FC400F1EE10FA01DBDFED366AB7EE006AD4ED8C
:109FD400025A344A344B76EE657A92ED007A94ED67
:109FE400048A93ED005A27EE877AD4ED060A67EEC9
:109FF400857AA5EE807AE5EEA67A28EE070A82ED48
:10A00400007A28EE278AC3ED007AB5EEC00AF1EE95
:10A0140010FA3EDBF0EE468AB0EEC00ACDED010A3E
:10A024001AF05AF9B5EEC08A60EE288ADDED010A0D
:10A03400F1EE10FA30DBB7EE009AB0EEC80A1AF06F
:10A044004BF9D4ED057A20EE090AF4EEE87AF1EE44
:10A0540010FA07D4F1EE677AF4EEE87AF1EE10FA2A
:10A0640077FEA87AC5ED007AD4ED057AF4EEC07ACD
:10A07400F1EE10FA07D4F1EE677AF4EEC07AF1EE5D
:10A0840010FA77FE807AC6ED007A02B0BDEC048B3C
:10A0940070BDFFEE008ABFE7BFEE009ACDE700BFB8
:10A0A40000000000B4A80020B8A8002000220B493A
:10A0B4000B48002310B40A600A4C0B49226002606A
:10A0C4000A600A4A0A4C13800A480B490B4A237057
:10A0D400037013700B6010BC704700BFB8A8002059
:10A0E40094A40020B4A8002098A4002062C60020F4
:10A0F4008DC6002078C60020A0B900207EC60020AE
:10A104002DE9F04FA14E87B0A14A337817681BB1EF
:10A11400A04B1B689F4258D29F4B04AD9F4CD3F871
:10A12400282C002A00F0208129469D48FBF732F8AC
:10A13400002840F0938026889A4A9B4BB6B2118837
:10A144001B78B1429949DBB203D10878984200F0F8
:10A154008280974C02A80B7003A923686FF02E0726
:10A1640016800133DFF864922360F8F7EBF8914925
:10A174004FF0000E904AF024904BA7EB090791EDA5
:10A18400000A4FF0010CD2ED000A714693F80080EA
:10A1940007E00EF1010E0134BEF1070FE4B200F046
:10A1A400C38028FA0EF3DA07F3D5854A02F11005C5
:10A1B400D31912F8010F0CFA03F30B439BB2A0421C
:10A1C40008BF19469542F3D1E3E77E4B04AD4FF047
:10A1D400000A03A81C782946784B4FF0010886F83A
:10A1E40000A01C70F8F7AEF8724B6FF02E0CDFF87D
:10A1F400DC91F02193ED000A50466F4BACEB090C57
:10A20400D3ED000A07E00AF1010A0131BAF1070FA0
:10A21400C9B200F0978024FA0AF3DB07F3D5684A41
:10A2240002F1100E02EB0C0312F801BF08FA03F35B
:10A2340003439BB28B4508BF18469645F2D1E2E72B
:10A244002388DDED031A18439DED021A99F82C10AA
:10A2540080B2FBF7E1F907B0BDE8F08F5A4A5B48DA
:10A264001368013313605A4ABDF91230116807EEBE
:10A27400903A0B446946B8EEE70A136001AABDF9A7
:10A28400143000EE903A0023F8EEE00A00930193B4
:10A29400FFF77EFE9DF810304A4A03F01F03137047
:10A2A4009DF91620002A68DD20253C37394A35708F
:10A2B40017601D4341499DED000A4FF000083D4AD7
:10A2C4006FF02E06DDED010A02A83B4B0127DFF8F3
:10A2D400FC900D7003A982ED000AA6EB0906C3EDFC
:10A2E400000AF8F72FF84FF0F00C404608E008F1A8
:10A2F40001080CF1010CB8F1070F5FFA8CFC9FD038
:10A3040025FA08F3DB07F2D52D4A02F1100E931952
:10A3140012F8011F07FA03F303439BB2614508BF18
:10A3240018467245F3D1E2E746EA0100DDED031A6F
:10A334009DED021A99F82C1080B2FBF76DF907B065
:10A34400BDE8F08F154CDDED041A23889DED031A4A
:10A35400184399F82C1080B2FBF75EF90E4BD3F832
:10A36400282C002A7FF4E0AED3F8C83C002B7FF4FD
:10A37400DBAE0D4A23801370D6E605D040253C376A
:10A38400044A3570176094E7357892E778C6002060
:10A394002CC50020A0B900206088002062C60020DF
:10A3A4006068002066C6002086C6002098C600208B
:10A3B40038BB002094A4002098A400208DC600205F
:10A3C400EFC200207EC6002030A90020C0C20020B9
:10A3D4002CA9002000221B491B48002310B50A6049
:10A3E4001A4C1B4922600A6002601A4C1A4A1B4824
:10A3F4002370138003701A491A4A1B481B4C0B60C4
:10A4040010601B491B481C4A23701C4B08601A60CF
:10A4140019F0CCF91A4B1B789BB11A4B1B78DB074C
:10A424000FD5194B194A1B6812689B1A0E2B08D9B1
:10A434001821174819F03EF91648BDE8104016F0E7
:10A4440095BA10BDB8A8002094A40020B4A8002098
:10A4540098A400208DC6002062C6002078C6002083
:10A46400A0B9002090A40020C0C200207EC6002015
:10A47400ACBA0020BD01000049020000C0BA0020AF
:10A48400B2C60020B1C600202CC5002044C600205E
:10A49400041B0020A04D002038B51B4B1A78E2B1F4
:10A4A4001A49002308681A4A1A4C1B491B4D236099
:10A4B40008601B4C1B492B70D2F80A00D2F806C066
:10A4C400194AC4F800C0086001211360174C1848E9
:10A4D400184A23600370117038BD1720012516F047
:10A4E4000DFD044616F044FF604016F023FB652181
:10A4F400142016F025FB05490F4A0C68024B204432
:10A504001D709060CDE700BF85C600202CC50020DB
:10A5140000C3002098B9002024A900207DC6002093
:10A52400104E0020144E002044BC002040BC0020EB
:10A5340087C60020CC54002018BB0020F8B5424D3B
:10A54400FFF7AAFF414A6B68414E1A40317842F442
:10A5540000526A6071B303F00F033E4A1A43AB68BA
:10A5640023F003036A6043F002033B4A1A4042F4B7
:10A5740000623A4B134043F40013C3F3150343F052
:10A584000043AB600024012703E00134202C0DD0EC
:10A5940031782B6807FA04F223EA02032B600029BE
:10A5A400F3D1013418F062F9202CF1D1BDE8F84060
:10A5B40018F05CB918F05AF96A68294B31781340DD
:10A5C40043F400036B60002933D118F04FF931785C
:10A5D400D5E9012323F0030322F07F4243F0020371
:10A5E400C5E901230029C0D118F040F9AB681D4A20
:10A5F40031781A4042F40062AA600029B9D118F0F7
:10A6040035F9AB6831786FF3153343F40013AB605D
:10A614000029B2D118F02AF9AB683178C3F31503D5
:10A6240043F00043AB600029ACD118F01FF9317836
:10A63400A8E7C2F30D02AB6842F4000223F003035F
:10A644006A6043F0020390E748C600200FC0FFFF92
:10A6540091C600200020800002F0FFFF0308C0FF25
:10A66400FF3F00FF03F0FFFF2DE9F04FC34C93B011
:10A6740006462378002B00F06881C14BC14F1A684D
:10A68400D7F82E30DFEDC07A07EE103A3568B4EE15
:10A69400E77AF1EE10FA0ED497F83940012304F06A
:10A6A4001F0403FA04F415EA040140F09F80B7483C
:10A6B4000170B7490B7034893560A4F5004475897D
:10A6C40084EAE473A5F50045A3EBE473B3F5486F9E
:10A6D40007DC85EAE573A3EBE573B3F5486F40F354
:10A6E400A980AC4B1B78002B00F0B180DFF8C0C20E
:10A6F400DCF800309A4200F02181A74BDFF8BC92CD
:10A704001B68CCF80020A2EB0308D7F80E20B7F89A
:10A7140032C042459246B7F834E000F26981002124
:10A724000EAB0DF1280B0A460793002C2046069524
:10A73400B8BF04F17F00002D4FEAE010C0F21A8187
:10A74400079B804699ED000ACDE904B30023ADF8D8
:10A754002830ADF83830069BCDE9002143F3CF1300
:10A7640002B201218D48CDE902CEFFF76BFA069AB9
:10A77400BDF93830F96BA3EBE213BDF9282007EEDD
:10A78400101A874907EE903AA2EB0802F8EEE77A2E
:10A7940067EE877AFDEEE77A17EE903A07EE902A95
:10A7A400F8EEE77A1D4467EE877AFDEEE77A17EE56
:10A7B400902AC1ED007A14447A4A13607A4A47F623
:10A7C400FF739442B8BF14469542B8BF15469C42E5
:10A7D400A8BF1C469D42A8BF1D46A4F50044A5F58C
:10A7E40000453481758113B0BDE8F08F069216F0F0
:10A7F400BFFD66490123069A91F800C0BCF1000F21
:10A8040000F0F181DFF8BCC1DCF80010A0EB010E10
:10A814005F490978002900F0D780644B1B687345B1
:10A8240000F2E48000235A49CCF800000B7025EABA
:10A83400040540E7574800235D49037008688242D5
:10A844007CD00A60574A1360554A1360B6E7524BEE
:10A8540052481A60CDE90832D7F80680FFF7CCF8E1
:10A864004E488DED070AFFF7C7F84C488DED060AF0
:10A87400FFF7C2F8DDED067ADDED076A67EEA77A29
:10A884009FED4C6A9FED4C7AE6EEA67A06EE908A2E
:10A89400DDE90832E0EE007AE7EE866AF4EEC76A94
:10A8A400F1EE10FA07D4B2EE0E7AF4EEC76AF1EEC6
:10A8B40010FA37FE267ACDE90823404B374883ED5A
:10A8C400007A9946D7F80A80FFF796F833488DED59
:10A8D400070AFFF791F831488DED060AFFF78CF867
:10A8E400DDED067ADDED076A67EEA77A9FED316A42
:10A8F4009FED317AE6EEA67A06EE908ADDE908232A
:10A90400E0EE007AE7EE866AF4EEC76AF1EE10FA3A
:10A9140007D4B2EE0E7AF4EEC76AF1EE10FA37FEFF
:10A92400267A2748DFF888C01A4980ED007A01208A
:10A934000870DCF8000090427FF4E2AE184A194B2C
:10A9440012681B6814441D4438E7172016F0D6FA21
:10A95400054616F00DFD684016F0ECF8652114204C
:10A9640016F0EEF8064B1A681044012222700B4AC6
:10A97400906083E605F17F030693E1E685C6002037
:10A984002CC5002000C300206F12833A87C6002024
:10A99400CC5400207DC6002098B9002018BB0020AC
:10A9A40040BC002044BC00200180FFFFA0A8002080
:10A9B40024A900206F12033DCDCCCC3D104E0020C5
:10A9C400144E00209CA800209949096871453FF65F
:10A9D4002EAF0692974ACCF800001370FFF758F890
:10A9E400944A1378069A002B3FF421AF254362E67C
:10A9F4000EAA91490AABD7F812000792C4458A6897
:10AA04009B46496807C38C49386A8A891A80D1F8F9
:10AA14001620079BD1F8121007C3874A528B1A805D
:10AA240000F2EE80A8EB0C03B1EE086A06EE903A51
:10AA3400AAEB0C0307EE903AF8EE666A12ABF8EE56
:10AA4400677A86EEA77A27EE067AFDEEC77A17EEC6
:10AA5400901A05290A46A8BF052207EE902A03EB9F
:10AA6400420232F9203CF8EEE77A05EE103A32F968
:10AA74001E3C37EE677A04EE903AB8EEC55AF8EE0B
:10AA8400E44A002900F0B98032F9223CF6EE007A5B
:10AA9400042903EE903AF8EEE33A74EEE33A63EEF7
:10AAA400A73A00F3C28032F91C3CF6EE007A05EEB8
:10AAB400903AF8EEE55A75EEC55A65EEA75A67EE78
:10AAC400076AB0EE086AF0EE002A27EE264A26EE60
:10AAD400866AB7EE002AF0EE447AB0EE463AA4EE67
:10AAE400626AE6EEE27A94EE223A74EE666A77EEF1
:10AAF400877A33EE027A67EEA37AE5EE077AE4EE1C
:10AB0400867AE6EEA57AFDEEE77A17EE903A1AB267
:10AB1400C64577D8A8EB0E03B1EE086A07EE903A63
:10AB2400AAEB0E0307EE103AF8EE677A12ABB8EE12
:10AB3400477AC7EE876A26EE867AFDEEC77A17EE65
:10AB4400900A05280146A8BF052107EE901A03EBD9
:10AB5400410131F9103CF8EEE77A05EE103A31F98B
:10AB64000E3C37EE677A04EE903AB8EEC55AF8EE2A
:10AB7400E44A002848D174EEC53A31F90C3CF6EEAB
:10AB8400007A05EE903AF8EEE55A75EEC55A65EE90
:10AB9400A75A67EE076AB0EE086AF0EE002A27EEBD
:10ABA400264A26EE866AB7EE002AF0EE447AB0EE24
:10ABB400463AA4EE626AE6EEE27A94EE223A74EE43
:10ABC400666A77EE877A33EE027A67EEA37AE5EE69
:10ABD400077AE4EE867AE6EEA57AFDEEE77A17EEDA
:10ABE400903A19B2A1E50B70254312490B70134B2F
:10ABF4001860FEF74DFF069A5DE574EEC53A52E71C
:10AC0400002285E7002190E531F9123CF6EE007A46
:10AC1400042803EE903AF8EEE33A74EEE33A63EE76
:10AC2400A73AAADD74EEC55AB3E774EEC55A46E7EF
:10AC340034A90020CC54002012C300209CA800207A
:10AC44002DE9F0418AB0A54803A9FAF741FB18BBE6
:10AC5400A34DA44A2B78146853B9A34E40F6B832D6
:10AC64003368E31A934200F2C3800AB0BDE8F0816E
:10AC74009E4B1B68E41A322CF7D99D4A9D491368F0
:10AC8400097823F001031360002900F06E8117F0A6
:10AC9400EDFD00232B70E8E7924A0024904903A8B5
:10ACA400914B12680C701A60FFF7DEFCBDF810308F
:10ACB4008F4EC3EB8322904C7368A4FB02128D4D1C
:10ACC4006FF30D13D20B297843EA02137360002942
:10ACD40000F0DD80BDF812206FF39733C2EB8222BF
:10ACE400A4FB0242D20B43EA8230BDF81420824C0A
:10ACF400C2EB8222A4FB0232B36823F0030343EACB
:10AD0400D253520260F31702C6E90123002900F06E
:10AD14008380BDF816206FF38B03C2EB8222A4FB61
:10AD24000242D20B43EA8203BDF818206FF31533B5
:10AD34007148C2EB8222A0FB0202D20B43EA023327
:10AD4400BDF81A206C48C2EB8222A0FB0202D20199
:10AD540063F31502B26032680024012702E0013473
:10AD64001C2C11D0039B07FA04F0E340DB074CBF13
:10AD74000243824332600029F1D1013417F076FD99
:10AD840032681C2C2978EDD19DF82430082B20D86A
:10AD94005A48C35C180740F1F18042F08052C3F373
:10ADA400400703F00104C3F380083260002900F077
:10ADB400A780002F00F0DC8042F00052B8F1000FB1
:10ADC40000F0888042F0804254B142F00042326088
:10ADD40009E022F080533360002970D022F0E04271
:10ADE40022F00042326017F041FD0AB0BDE8F08164
:10ADF4003F4A136843F0010313603E4B1B78002B5A
:10AE040000F0B08017F032FD0122384B34602A7014
:10AE14001C600AB0BDE8F08117F028FDBDF81620CB
:10AE2400B368C2EB822229786FF38B03A4FB02027E
:10AE3400D20B43EA8203B36000297FF475AF17F0A5
:10AE440015FDBDF81820B368C2EB822229786FF390
:10AE54001533A4FB0202D20B43EA0233B360002988
:10AE64007FF46EAF17F002FDBDF81A30B268C3EB81
:10AE740083232978A4FB0343DB0162F31503B36046
:10AE840000297FF468AF17F0F1FC297863E717F025
:10AE9400EDFCBDF812207368C2EB822229786FF3AF
:10AEA4009733A4FB0242D20B43EA8230706000293C
:10AEB4007FF41BAF17F0DAFC7068297815E701916D
:10AEC40017F0D4FC32682B7822F000523260002B49
:10AED4003DD0019C22F0804276E700BF60680020EC
:10AEE40099C600202CC5002080BE002084BE00200E
:10AEF40048C6002091C60020018000808C3A0020C2
:10AF040017F0B4FC32682B78002F34D042F0005292
:10AF14003260002B7FF452AF17F0A8FC32682B7814
:10AF2400B8F1000F18D042F080423260002B7FF459
:10AF34004BAF17F09BFC33682A7884B143F000438D
:10AF44003360002A7FF44FAF17F090FC4BE717F003
:10AF54008DFC32682B78019C22F08042E5E723F0D7
:10AF64000043EDE717F082FC4CE717F07FFC8EE618
:10AF740022F0005222E722F00052C9E722F0805268
:10AF84000DE700BF08B51D4B4FF480720021186017
:10AF94001B481CF035F94FF48062002119481CF05D
:10AFA4002FF90023184A4FF0FF0C184918480B706A
:10AFB40080F800C017491848C2E90033174A0860EE
:10AFC4001370174B174A1A6018F0F0FB164B1B78D6
:10AFD4009BB1164B1B78DB070FD5154B154A1B6825
:10AFE40012689B1A0E2B08D91821134818F062FB1B
:10AFF4001248BDE8084015F0B9BC08BD3CBC0020AF
:10B004003CBB00209CA400204CB900208FC600202B
:10B01400CA540020ACBA0020E92700008AC60020E8
:10B02400C0BA0020190B0000B2C60020B1C600202F
:10B034002CC5002044C60020201B0020A04D002069
:10B04400014B1860704700BF3CBC002010B5124C87
:10B054000120124A2368124903F5FA530870136059
:10B064000022104B1A7018F0A1FB0F4B1B7893B100
:10B074000E4B1B78DB070ED50D4A236812689B1A0A
:10B084000E2B08D912210B4818F014FB0A48BDE80E
:10B09400104015F06BBC10BD2CC5002044B9002035
:10B0A40076C6002083C60020B2C60020B1C60020A8
:10B0B40044C600203C1B0020A04D0020014B18601A
:10B0C400704700BF8CA4002010B5124C0120124A16
:10B0D4002368124903F5FA53087013600022104BD9
:10B0E4001A7018F063FB0F4B1B7893B10E4B1B784F
:10B0F400DB070ED50D4A236812689B1A0E2B08D95C
:10B1040011210B4818F0D6FA0A48BDE8104015F092
:10B114002DBC10BD2CC5002094B900207BC6002096
:10B1240083C60020B2C60020B1C6002044C6002059
:10B13400501B0020A04D0020704B1A7830B583B00E
:10B1440032B16F496F480A680068121A002A4ADA55
:10B154006D4B1A7842B16A4A6C4912680968521AEE
:10B16400002A01DB00221A70694B1A783AB3644A48
:10B17400684912680968521A002A20DB664A107866
:10B18400021F192A15D9A0F11E02082A40F296803E
:10B19400272800F0A780A0F13A020B2A40F29E80F3
:10B1A4002838C0B2BF2808D85C4A32F8100020B151
:10B1B40000E05D3017F02CFD554B00221A70584A00
:10B1C400137873B15749097807290AD85648006893
:10B1D400054630B14A48012B0068044629D0022BA9
:10B1E4001CD003B030BD00221A7018F0DFFA4F4BA8
:10B1F4001B78002BACD04E4B1B78DB07A8D54D4AEF
:10B204003F490B6812689B1A0E2BA1D916214A4894
:10B2140018F050FA494815F0A9FB99E7484B1B6808
:10B22400C31A002BDDDB084603B0BDE83040F7F756
:10B234002BBD434B1B68C31A002BD2DB414B1A2096
:10B2440093F800E00EEB8E034FEA8E0C00FB013303
:10B25400EB18987C031F192B32D9A0F11E03082B7D
:10B2640044D9272848D0A0F13A030B2B40D9A0F1A8
:10B274002803DBB2BF2B03D8284830F8130000BBE7
:10B284002B46D3F80730F444DFED2F7A00EE103A62
:10B294001A23B4EEE70A03FB01CC05EB0C03F1EE31
:10B2A40010FAB3F815001FD418B1F7F7BBF91C4A0C
:10B2B40004440223224913700C6092E7133079E7A7
:10B2C4005D30019117F0A4FC1E4B019993F800E046
:10B2D400154B4FEA8E0C124A1B68D2E7A0F580503A
:10B2E40080B267E7302065E70444E2E71330E8E71B
:10B2F400A0F5805080B2E4E73020E2E776C6002073
:10B304002CC5002044B900207BC6002094B900203D
:10B314008CC6002028A9002084C600201C0A002016
:10B324008FC60020CA5400203CBC0020B2C60020B6
:10B33400B1C6002044C60020641B0020A04D00209C
:10B3440088B900208BC600200AD7233C38B53A4878
:10B354000024F9F7D9FC394B39494FF6FF7200251F
:10B364004FF448509A84A3F8402064225C7483F814
:10B374006E209C745D619D611C771C629D62DD6220
:10B384001D635C639D63DD6383F842405D649D647B
:10B39400DD641D655D659D65DD651D66C3F87640EC
:10B3A400C3E9194145F26401A3F86C1001F51B21AE
:10B3B40019671421C3E9004483F87410C3F87A4070
:10B3C4002049A3F8840083F880200122A3F87E405A
:10B3D400A3F8824040F201130C638C861A48C1E939
:10B3E4000834C1E90044C1E90244C1E90444C1E9A3
:10B3F4000644C1E90A442146FBF75AF90422032111
:10B404001248FBF755F916F083F8082309220A219C
:10B414000F4815F069F82323242225210D4815F03F
:10B4240063F80D4B1D605D609C60DD601D61DC6137
:10B43400C3E9054438BD00BF6068002024C2002071
:10B4440004002800D8C10020D8BA0020F4BA002093
:10B4540034C50020B8C5002018BB0020084611469A
:10B464001AF0C4B9084619F0D7BE00BF084619F04F
:10B47400CBBE00BF2DE9F043CB8C17468A8C83B03A
:10B484000D4604469A424ED0096ADFF82891531CAF
:10B4940001EBC2069BB2B3F5007FAB8436D03B68A8
:10B4A4004FF480604FF080081B684B4536D1019102
:10B4B40019F0AAFE019900284FF00003706008BF3C
:10B4C4004FF000087380A6F80080AB8C013B9BB260
:10B4D40001EBC300426822B131F8335041888D42F8
:10B4E40008D800224FF6FF7320462260A38003B0E1
:10B4F400BDE8F08302EBC10201EBC313013122600A
:10B5040041802046A38003B0BDE8F0833B684FF43C
:10B514007E704FF07F081B684B45C8D00146384603
:10B524009847296AC7E7B2F5007FDAD0086A520063
:10B534003B6896B2A8424FEAC6010ED09B681C4AEB
:10B5440093422AD11AF052F901460029C9D0DFF8F2
:10B554006490AA8CEE84296299E7164A1B68914686
:10B56400934220D1084619F04FFE01460029B8D075
:10B57400D5F800C06868AA68EB68C1F800C04860E4
:10B584008A60CB60D5F810C06869AA69EB69C1F814
:10B5940010C048618A61CB61DBE70A460146384640
:10B5A40098470146D1E7384698470146DEE700BF91
:10B5B4005D9200006D920000002966D000882DE99C
:10B5C400F84F4FF6FF7948453DD0D3F82C80C40995
:10B5D40000F07F0308EBC400406810EBC30032D0D6
:10B5E400551E92460F46B0F806B00D440126CEB162
:10B5F4000379042B42D0052B3BD0022B26D10446E1
:10B604001CF09EF982450DD1BAF1000F21D07B1EAA
:10B61400601E01E09D421CD013F8011F10F8012F99
:10B624009142F7D0CB450ED04FEADB130BF07F0BE2
:10B6340008EBC303586810EBCB0004D086F0010676
:10B64400B0F806B0D3E70020BDE8F88FBAF1000FD8
:10B65400E8D14FF6FF739B45F5D04FEADB130BF0AF
:10B664007F0B08EBC308D8F8040000EBCB00BDE85F
:10B67400F88F036803F10804D888C3E704682046F8
:10B68400002CBFD01CF05CF9BCE70020704700BF61
:10B694002DE9F84304468068276890B1274D03E0FC
:10B6A40019F0BAFDA06858B13B6802685B68A260F3
:10B6B400AB42F5D0014638469847A0680028F3D13C
:10B6C4002768238EFBB10025E36ADFF87090A84653
:10B6D4000BE019F0A1FDE36A0135C6F80080218E64
:10B6E400AAB2C6F8048091420ED903EBC50671686C
:10B6F40008460029F0D03B685B684B45E9D03846E2
:10B704009847E36AE8E7E36A4FF6FF720021A286EE
:10B7140004F10C022186934207D03A680749526823
:10B724008A4205D1184619F077FD2046BDE8F88312
:10B734003846194690472046BDE8F88365920000D4
:10B744004FF6FF728B8E934230B50C4683B005469C
:10B754002AD10B8E0A6883B904F10C016846FFF7FD
:10B7640089FE009A002A32D101214FF6FF73284640
:10B774002A602171AB8003B030BD013BC86A9BB223
:10B7840000EBC30CDCF804100029E5D030F833E0FA
:10B79400BCF802008645DFD901EBC00200EBC313FD
:10B7A4000130ACF802000BE0D909E26A02EBC102F5
:10B7B40003F07F01526832F8310002EBC102A08627
:10B7C400044928462A60AB80516003B030BDBDF8FF
:10B7D4000430F5E70000FFFF2DE9F843D0E9017ECE
:10B7E400BEF1030F14D81EF0FF0367D0013BFE1D0A
:10B7F40007F1080C0022DDB23346AC4413F8014FC4
:10B80400002C08BF42F001026345F7D1002A46D05C
:10B814000023BE4405460E468EF80830036884684B
:10B8240098689846C8B1E11D39440737C3889C42DB
:10B8340010D164B33B46C21D01E0994227D013F8EE
:10B8440001EF12F801CFE645F7D0006828B1C388AC
:10B854009C42EFD000680028E8D16868B4F5803FC6
:10B86400D8F8007081463A6830D2936804F109022E
:10B8740020498B4225D1114619F0B8FF28B32B6813
:10B884000022C4809968016098606A6002E083883D
:10B8940001338380052330603371BDE8F8830223CC
:10B8A4000D440B714B1E16F8012F03F8012F9D4216
:10B8B400F9D1002301F80E30BDE8F88302230B719F
:10B8C400F7E7014638469847D8E73A6852680A4984
:10B8D4008A420AD04946384690472A680121002303
:10B8E400926888F804101A60FFDE484619F094FC48
:10B8F400F3E700BF5D9200006592000043687BB1EE
:10B9040082682DE9F0410D46D98882B004468A4206
:10B9140007D0511C1344A1601D7202B0BDE8F08130
:10B92400704752000168501C88460968B0F5803F92
:10B9340006460F4612D209680A3289680846144935
:10B9440088421DD118461146019319F04FFF019BFF
:10B9540020B1C6800346A2686060DAE73A680D4900
:10B9640052688A4208D1184619F056FC0122002375
:10B9740088F804206360D0E7194638469047F5E715
:10B9840019460193034638469847019BE0E700BFF8
:10B994005D920000659200002DE9F0470D460179A3
:10B9A4008146CA0743D4CB062AD411F0600F22D0B3
:10B9B400B9F800404FF6FF739C4218D0EA6A4FF67C
:10B9C400FF7800E0EA6AE30904F07F07A24629460B
:10B9D40002EBC3035E6806EBC700C488FFF7DCFF15
:10B9E400AB8E444526F83730A5F834A0EAD14FF0A1
:10B9F400FF33C9F80030002389F80430BDE8F0872C
:10BA0400B9F800304FF6FF7293423AD0EA6AD80987
:10BA1400AE8E03F07F0402EBC00011F0600F4068AB
:10BA240020F83460AB86E6D0B9F80040C7E7A868D0
:10BA34000028B8D0D9F80020002404E003680446A4
:10BA4400002BB0D018468242F8D183882A68013B83
:10BA54009BB28380002BA6D1036854B12360136882
:10BA640009495B688B4206D119F0D6FB99F804109A
:10BA740099E7AB60F3E701461046984799F804103C
:10BA840091E700231B80FFDE6592000000000000A8
:10BA94002DE9F84391F800E00446BEF12B0F00F0C5
:10BAA400DD80BEF12D0F40F0B58091F801E04FF03C
:10BAB40001090131AEF13006F6B2BEF12E0F18BF06
:10BAC400092E8CBF4FF0010E4FF0000E00F2AB8038
:10BAD400092E00F20C8170467246B54F12E011F83F
:10BAE40001CFF318ACF1300645F100051846F6B263
:10BAF4002A46092E00F29C8013F1663F75EB070875
:10BB040080F0968095004FF0000C830045EA907514
:10BB14001B1842EB0505DB186D4116EB03081846AC
:10BB240055F100082A4628BF4FF0010CBCF1000F64
:10BB3400D5D04FF0000C9F4D4FF0CC3783181646EC
:10BB44000CF1010C43F100030FFA8CFCA5FB032854
:10BB540028F0030202EB98029B1AC31A66F1000252
:10BB640007FB03F0B6F5200F05FB0200A3FB05322B
:10BB740010444FEA53034FEA500243EAC070DDD247
:10BB84000D78A5F13003092B0B460CD81F4613F88A
:10BB9400015FA5F13006092EF8D9C1F10101614414
:10BBA4000F440FFA87FC2E2D00F0A5801D7805F0B8
:10BBB400DF016746452935D15D782D2D00F08D8054
:10BBC4002B2D00F0E780A5F13006F1B2092929D820
:10BBD4000133002108E013F8015FA5F130065FFA94
:10BBE40086F8B8F1090F18D801EB810106EB410181
:10BBF40001EB0C07B7F59A7FEDDDBEF1000F00F005
:10BC0400B780B9F1000F40F0BD8000220123A2608B
:10BC140023700AE04FF000094CE7BEF1000F01D099
:10BC2400ACEB010705B3002323702046BDE8F8837D
:10BC3400BCF1000F40F09580B9F1000F46D04FF0F1
:10BC440000469C45AE41FFF474AF5B424FF00202E4
:10BC540065EB45052270C4E90235E6E791F801E099
:10BC64004FF00009013125E707F1260387EAE7755C
:10BC74004C2BA5EBE77505D8B0F5000F72F1000366
:10BC8400C0F0A480114618F091FF002F41EC170B6F
:10BC94007DDD494B03F1480105F001026D1022B12D
:10BCA40093ED006B27EE067B25B108338B42F3D16D
:10BCB4009FED3D7BB9F1000F01D0B1EE477B04232A
:10BCC400204684ED027B2370BDE8F88303222046DE
:10BCD400C4E902352270BDE8F8839D78A5F13006E9
:10BCE400F1B209299ED802334FF0010E71E70B46D9
:10BCF40070467246F4465D785F1CA5F13006F6B2D4
:10BD0400092E1DD8DFF8C080B0F1993F0CF1FF3344
:10BD140072EB080116D2910017F8015F0FFA83FC49
:10BD2400830041EA90711B1842EB0101DB18494181
:10BD3400F018A5F1300641F10002F6B2092EE3D95C
:10BD44003B4634E77D787B1CA5F1300109293FF699
:10BD54002EAF17F8025FA5F13003092BF2D93B4649
:10BD640025E7B5F5801FBFF4E4AE4FF0000C07E7FC
:10BD74000020B9F1000F08D110490423C4E90201DD
:10BD8400237052E74FF0004240E70D49F5E791D0A8
:10BD94000C4B7FE79D78A5F13006F1B209293FF6F7
:10BDA40041AF023315E700BF000000000000F87F38
:10BDB40099999919CDCCCCCC801E00600000F07FFD
:10BDC4000000F0FF381E00609999010007EE900A08
:10BDD400002FF8EEE77A1ADD0E4B03F1180105F097
:10BDE40001026D1022B193ED007A67EE877A25B1D6
:10BDF40004339942F3D1DFED087AB9F1000F01D091
:10BE0400F1EE677A0123C4ED027A23700DE7F4D0D2
:10BE1400024BE2E7201E00600000C07F081E0060A5
:10BE2400036863B3197911F0100200B511D01A88B0
:10BE34004FF6FF7C624548D0D0F804E04FEAD21CAC
:10BE440002F07F00DEF82C2002EBCC02526802EBF9
:10BE5400C0021E2911D8DFE801F0361010101010AE
:10BE64003410101014101410201010101010101092
:10BE740010101010191019102A00012000BD1846C6
:10BE840070471868003818BF012000BDD2E900329D
:10BE9400134314BF0120002000BDD3ED007AF5EE5A
:10BEA400407AF1EE10FA14BF0120002000BD92ED9B
:10BEB400007BB5EE407BF1EE10FA14BF01200020A8
:10BEC40000BD187800BD002000BD0022C1E700BFFE
:10BED400016899B30B7913F0100200B585B012D044
:10BEE4000A884FF6FF7C624500F09E80D0F804E09B
:10BEF4004FEAD21C02F07F00DEF82C2002EBCC02C9
:10BF0400526802EBC002023B1C2B14D8DFE803F09A
:10BF1400191318694013131325130F132C13131338
:10BF24001313131313131313601342134C000868F1
:10BF3400B0F5803F35D3002005B000BD08467047FA
:10BF440009686846FFF7A4FD9DF80030013B032B08
:10BF5400F1D8DFE803F0615951490868B0F5803F32
:10BF640028BF002080B2E7E7D1ED007AF5EEC07A71
:10BF7400F1EE10FADFDB9FED307AF4EEC77AF1EEE2
:10BF840010FAD8D8FCEEE77A17EE903A98B2D3E7D5
:10BF94000878D1E7D2E90003B0F5803F73F10003DC
:10BFA400C9D280B205B000BD92ED007BB5EEC07B76
:10BFB400F1EE10FABFDB9FED1E6BB4EEC67BF1EE23
:10BFC40010FAB8D8BCEEC77B17EE103A98B2B3E7B4
:10BFD400D2E90003B0F5803F73F10003E1D3002000
:10BFE400DFE709680831ACE79DED027BB5EEC07B65
:10BFF400F1EE10FADFDA9EE7DDE90203B0F5803FE7
:10C0040073F10003CDD3EAE7DDE90203B0F5803F25
:10C0140073F100038FD2C4E7DDED027AF5EEC07A46
:10C02400F1EE10FAA7DA86E700226CE7AFF300809E
:10C0340000000000E0FFEF4000FF7F470000000029
:10C04400016891B30B7913F0100200B587B012D0D8
:10C054000A884FF6FF7C624500F09F80D0F804E028
:10C064004FEAD21C02F07F00DEF82C2002EBCC0257
:10C07400526802EBC002023B1C2B13D8DFE803F02A
:10C084001812176A4012121224120F122B121212D3
:10C094001212121212121212611242124C00086889
:10C0A400FF2836D9002007B000BD0846704709684C
:10C0B40002A8FFF7EDFC9DF80830013B032BF1D8F3
:10C0C400DFE803F0635B534B0868B0F5807F28BF5B
:10C0D4000020C0B2E7E7D1ED007AF5EEC07AF1EEC8
:10C0E40010FADFDB9FED307AF4EEC77AF1EE10FA46
:10C0F400D8D8FCEEE77ACDED017A9DF80400D2E7BA
:10C104000878D0E7D2E90003B0F5807F73F100032B
:10C11400C8D2C0B207B000BD92ED007BB5EEC07BC3
:10C12400F1EE10FABEDB9FED1E6BB4EEC67BF1EEB2
:10C1340010FAB7D8FCEEC77BCDED017A9DF8040068
:10C14400B1E7D2E90003B0F5807F73F10003E0D3D7
:10C154000020DEE709680831AAE79DED047BB5EE0F
:10C16400C07BF1EE10FADEDA9CE7DDE90403B0F5FA
:10C17400807F73F10003CCD3EAE7DDE90403B0F573
:10C18400807F73F100038DD2C3E7DDED047AF5EE11
:10C19400C07AF1EE10FAA5DA84E700226BE700BF5B
:10C1A4000000000000E06F4000007F4370B584B0E1
:10C1B40004AC04E90E0000297BD09DF80C200D4648
:10C1C400002A48D1029C0646032C4AD814F0FF00EA
:10C1D40072D0013801F1FF3C51FA80F0634613F844
:10C1E400011F002908BF42F001028342F7D1002A4F
:10C1F4004CD0089B986840B1C3889C4238D00068F2
:10C20400002832D1B4F5803F50D2089B04F10900D4
:10C214002D491A6813681B688B4250D118F0F4FF3B
:10C22400002843D001236A1EC11DC4808380931C4F
:10C2340012F801CF5B1B01F801CF9C42F7D8002311
:10C2440004442372089B9B680360089B9860052341
:10C254003060337102E0042301600371012004B0F3
:10C2640070BD089B98680028CCD0C3889C42C6D176
:10C274006A1EC11D01E09C4214D9931C11F801CF20
:10C2840012F801EF5B1BE645F5D0B8E702233371E2
:10C29400731E1CF8012F844503F8012FF9D10023E4
:10C2A4003355DBE7838801338380D0E70123089A81
:10C2B4001371002004B070BD02233371EFE701460F
:10C2C40010469847ACE700BF6D9200002DE9F04797
:10C2D40045688EB035B300F10C0203468E460DF16D
:10C2E400140CD0E9026407CA8CE80700D4B12A7997
:10C2F400DAB1202A16D108AF99463346F0469CE8B5
:10C30400070087E807002146069A2846FFF754F9F4
:10C31400044680B131462046FFF73EFB0A23C4F8A9
:10C32400008023710EB0BDE8F08720222A714FF0FF
:10C33400FF322A60DFE7B48E4FF6FF7397E80700F9
:10C344009C420BAFA24687E8070036D0E209F36AA5
:10C3540003EBC2035A6804F07F0303AC32F83310D2
:10C3640002EBC302B1862A4B20463146174653607E
:10C37400FFF7E6F9039C002CD4D00BAB00963846AB
:10C384000ECBFFF713FF0028CCD0BDF810204FF6DA
:10C39400FF71D9F80800FA806B888B4230D0F16ABB
:10C3A400DE0903F07F0301EBC6010646496801EB91
:10C3B400C303A3F806A06A80ACE7338E32689BB14E
:10C3C400013BF16A9BB201EBC300446864B131F8EC
:10C3D40033C041888C4507D904EBC10203AC01EB9F
:10C3E400C31A01314180BEE703AC06F10C012046BB
:10C3F400FFF740F8039B1A463BB90123337191E7D9
:10C404000646A5F800A06A8084E7BDF810A0AAE754
:10C414000000FFFF2DE9F04745688EB035B300F109
:10C424000C0203468E460DF1140CD0E9026407CACF
:10C434008CE80700D4B12A79DAB1202A16D108AFE2
:10C4440099463346F0469CE8070087E807002146F2
:10C45400069A2846FFF7B0F8044680B131462046D4
:10C46400FFF79AFA0A23C4F8008023710EB0BDE8DE
:10C47400F08720222A714FF0FF322A60DFE7B48E62
:10C484004FF6FF7397E807009C420BAFA24687E87C
:10C49400070036D0E209F36A03EBC2035A6804F0DA
:10C4A4007F0303AC32F8331002EBC302B1862A4B8C
:10C4B4002046314617465360FFF742F9039C002C8F
:10C4C400D4D00BAB009638460ECBFFF76FFE002896
:10C4D400CCD0BDF810204FF6FF71D9F80800FA80CF
:10C4E4006B888B4230D0F16ADE0903F07F0301EBE5
:10C4F400C6010646496801EBC303A3F806A06A8097
:10C50400ACE7338E32689BB1013BF16A9BB201EB1D
:10C51400C300446864B131F833C041888C4507D9FD
:10C5240004EBC10203AC01EBC31A01314180BEE745
:10C5340003AC06F10C012046FEF79CFF039B1A4650
:10C544003BB90123337191E70646A5F800A06A8040
:10C5540084E7BDF810A0AAE70000FFFF0000000078
:10C56400037913F0100200B585B010D002884FF69D
:10C57400FF7C624500F09780D1F82CC04FEAD21EB0
:10C5840002F07F010CEBCE02526802EBC102023BC7
:10C594001C2B17D8DFE803F02E166D847E161616B2
:10C5A40080166F1671161616161616161616161609
:10C5B4000F167B161900D2E90003B0F1004F73F196
:10C5C400000300D3002005B000BD92ED007B9FED79
:10C5D400386BB4EEC67BF1EE10FAF3DB9FED366BED
:10C5E400B4EEC67BF1EE10FAECD8FDEEC77B17EE85
:10C5F400900AE8E701466846FFF74AFA9DF80030DA
:10C60400013B032BDED8DFE803F01F140C029FED7F
:10C61400286B9DED027BB4EEC67BF1EE10FAD1DB04
:10C62400DCE7DDE90203B0F1004F73F10003CAD384
:10C63400C8E7DDE9020310F1004243F10003002BD7
:10C6440018BF002005B000BDDDED027A9FED1C7A15
:10C65400F4EEC77AF1EE10FAB4DB9FED1A7AF4EE39
:10C66400C77AF1EE10FAADD8FDEEE77A17EE900A2C
:10C67400A9E70168BFE70068A5E7D0ED007A9FED60
:10C68400107AF4EEC77AF1EE10FA9BDBE5E7D2E913
:10C694000003D0E7007896E7006820EAE07092E7AC
:10C6A40001680831A7E7002271E700BFAFF30080FB
:10C6B400000000000000E0C10000C0FFFFFFDF41F8
:10C6C400000000CFFFFFFF4E037913F0100200B506
:10C6D40085B010D002884FF6FF7C624500F0978049
:10C6E400D1F82CC04FEAD21E02F07F010CEBCE022F
:10C6F400526802EBC102023B1C2B17D8DFE803F09F
:10C704002E166D847E16161680166F167116161662
:10C7140016161616161616160F167B161900D2E9DB
:10C724000003B0F1004F73F1000300D3002005B003
:10C7340000BD92ED007B9FED386BB4EEC67BF1EE4D
:10C7440010FAF3DB9FED366BB4EEC67BF1EE10FA14
:10C75400ECD8FDEEC77B17EE900AE8E70146684681
:10C76400FFF796F99DF80030013B032BDED8DFE894
:10C7740003F01F140C029FED286B9DED027BB4EEB9
:10C78400C67BF1EE10FAD1DBDCE7DDE90203B0F1A0
:10C79400004F73F10003CAD3C8E7DDE9020310F1C7
:10C7A400004243F10003002B18BF002005B000BD78
:10C7B400DDED027A9FED1C7AF4EEC77AF1EE10FA01
:10C7C400B4DB9FED1A7AF4EEC77AF1EE10FAADD825
:10C7D400FDEEE77A17EE900AA9E70168BFE7006863
:10C7E400A5E7D0ED007A9FED107AF4EEC77AF1EE6A
:10C7F40010FA9BDBE5E7D2E90003D0E7007896E77F
:10C80400006820EAE07092E701680831A7E7002297
:10C8140071E700BFAFF30080000000000000E0C13A
:10C824000000C0FFFFFFDF41000000CFFFFFFF4E0D
:10C83400037913F0100200B587B010D002884FF6C8
:10C84400FF7C624500F09D80D1F82CC04FEAD21ED7
:10C8540002F07F010CEBCE02526802EBC102023BF4
:10C864001C2B13D8DFE803F02A1259838112121209
:10C8740086120F125B1212121212121212121212DA
:10C884007012791215000068FF2833D9002007B010
:10C8940000BD92ED007BB5EEC07BF1EE10FAF5DB46
:10C8A4009FED396BB4EEC67BF1EE10FAEED8FCEED8
:10C8B400C77BCDED017A9DF80400E8E7014602A8A4
:10C8C400FFF7E6F89DF80830013B032BDED8DFE8DC
:10C8D40003F01C140A029DED047BB5EEC07BF1EE5F
:10C8E40010FADDDAD2E7DDE90403B0F5807F73F1F5
:10C8F400000330D2C0B207B000BDDDE90403B0F5D7
:10C90400807F73F10003C1D2F4E7DDED047AF5EE24
:10C91400C07AF1EE10FA09DAB8E70168CFE7D0ED92
:10C92400007AF5EEC07AF1EE10FAAFDB9FED187ADB
:10C93400F4EEC77AF1EE10FAA8D8FCEEE77ACDED62
:10C94400017A9DF80400A2E7D2E90003B0F5807FE4
:10C9540073F10003CED30020CCE7D2E90003B0F595
:10C96400807F73F1000391D2C4E700788FE70168F8
:10C974000831A4E70068B0F5807F28BF0020C0B26A
:10C9840085E700226BE700BF0000000000E06F4075
:10C9940000007F4300000000037913F0100200B58B
:10C9A40085B010D002884FF6FF7C624500F09C8071
:10C9B400D1F82CC04FEAD21E02F07F010CEBCE025C
:10C9C400526802EBC102023B1C2B14D8DFE803F0CF
:10C9D4002A1359828013131385130F135B13131334
:10C9E40013131313131313136F1378131600006820
:10C9F400B0F5803F32D3002005B000BD92ED007B3E
:10CA0400B5EEC07BF1EE10FAF5DB9FED396BB4EEB9
:10CA1400C67BF1EE10FAEED8BCEEC77B17EE103AE7
:10CA240098B2E9E701466846FFF732F89DF800300E
:10CA3400013B032BDFD8DFE803F01C140A029DED51
:10CA4400027BB5EEC07BF1EE10FADEDAD3E7DDE966
:10CA54000203B0F5803F73F100032FD280B205B01A
:10CA640000BDDDE90203B0F5803F73F10003C2D2DB
:10CA7400F4E7DDED027AF5EEC07AF1EE10FA09DAA8
:10CA8400B9E70168CFE7D0ED007AF5EEC07AF1EEB0
:10CA940010FAB0DB9FED187AF4EEC77AF1EE10FAD3
:10CAA400A9D8FCEEE77A17EE903A98B2A4E7D2E957
:10CAB4000003B0F5803F73F10003CFD30020CDE72E
:10CAC400D2E90003B0F5803F73F1000393D2C5E7C8
:10CAD400007891E701680831A5E70068B0F5803F68
:10CAE40028BF002080B287E700226CE7AFF3008004
:10CAF40000000000E0FFEF4000FF7F4700F10C0260
:10CB04002DE9F04FD0E9013587B007CA8DE8070059
:10CB1400002B4BD006AC04E907001A79202A44D133
:10CB24008146002841D01B884FF6FF7843453CD00E
:10CB3400DA09EF6A03F07F0307EBC202506810EBD7
:10CB4400C30032D04D1E8A46B0F806B001264D44CB
:10CB5400D6B10379042B46D0052B3FD0022B29D123
:10CB640004461AF0EDFE50450ED1BAF1000F24D060
:10CB740009F1FF33601E01E0AB421ED013F8011F20
:10CB840010F8012F9142F7D0C3450ED04FEADB13C2
:10CB94000BF07F0B07EBC303586810EBCB0004D0FA
:10CBA40086F00106B0F806B0D2E70023184607B0B5
:10CBB400BDE8F08FBAF1000FE6D14FF6FF739B4545
:10CBC400F3D04FEADB130BF07F0B07EBC3077B6853
:10CBD40003EBCB03184607B0BDE8F08F036803F1FD
:10CBE4000804D888BFE704682046002CBBD01AF09C
:10CBF400A7FEB8E710B584B00446FFF77FFF48B33B
:10CC0400037913F0100211D002884FF6FF718A42A3
:10CC140072D0D4F808E04FEAD21C02F07F01DEF8AB
:10CC24002C2002EBCC02526802EBC102023B1C2B0B
:10CC340010D8DFE803F0180F25272A0F0F0F300F45
:10CC4400350F3A0F0F0F0F0F0F0F0F0F0F0F3D0F71
:10CC5400440F13009FED290A04B010BD92ED000BA0
:10CC6400B7EEC00BF8E701466846FEF711FF9DF8E2
:10CC74000030013B032BEDD8DFE803F03B342D28D3
:10CC84000168F1E701680831EEE7037800EE103A35
:10CC9400B8EE400AE0E790ED000AB8EE400ADBE7A0
:10CCA40090ED000AB8EEC00AD6E790ED000AD3E78B
:10CCB400D2E9000118F078F800EE100ACCE7D2E9C6
:10CCC400000118F079F800EE100AC5E79DED020B9B
:10CCD400B7EEC00BC0E7DDE9020118F065F800EE1D
:10CCE400100AB9E7DDE9020118F066F800EE100A4F
:10CCF400B2E79DED020AAFE7002297E700000000CB
:10CD04002DE9F04F456893B050F8046B09AB07C8A0
:10CD140083E80700002D67D096F83C20002A67D0EE
:10CD2400202A40F0A08006F138020392039A4FF6BD
:10CD3400FF77148893E80700BC420CAB83E8070034
:10CD440060D0E309D6F82C9004F07F0409EBC30308
:10CD5400586810EBC40055D0DDF828800124B0F8E1
:10CD640006A0F4B10379042B00F08B80052B00F0AE
:10CD74008380022B7CD183461AF0E2FD804510D1DA
:10CD8400B8F1000F21D06B1E0BF1FF3008EB030C40
:10CD940001E09C4519D013F8011F10F8012F9142AE
:10CDA400F7D0BA452ED04FEADA130AF07F0A09EB1E
:10CDB400C303586810EBCA0024D084F00104B0F80F
:10CDC40006A0CEE7B8F1000FEBD14FF6FF739A45FA
:10CDD40018D04FEADA130AF07F0A09EBC309D9F82D
:10CDE400045015EBCA050DD0284613B0BDE8F08FEA
:10CDF40020224FF0FF3106F13800B163039086F82A
:10CE04003C2093E70CAB93E807000FAB83E80700E3
:10CE1400314605A8FEF794FC059C24B3314607A8C7
:10CE2400FEF78EFC079DF5B10FAB009620460ECBA6
:10CE3400FFF7BCF9B8B1BDF820204FF6FF71039B92
:10CE4400E2805B88BDF818008B4223D0F16ADC09CC
:10CE540003F07F0301EBC401496801EBC303D880ED
:10CE6400039B5A80C0E70025284613B0BDE8F08F25
:10CE7400B8F1000F95D1A8E7036803F1080BD8882F
:10CE84007CE7D0F800B0BBF1000F9BD058461AF0F5
:10CE940057FD73E7039B1880E2E700BFF8B505462A
:10CEA4000C46FFF72DFF06462F684CB338B32046D7
:10CEB4001AF046FD054639463046FEF76DFD032D52
:10CEC40064D815F0FF0069D0013804F1FF3C00225A
:10CED40054FA80F0634613F8011F002908BF42F09A
:10CEE40001028342F7D18AB902233371731E1CF8FD
:10CEF400012F844503F8012FF9D100237355F8BDA0
:10CF04000028FCD03946FEF747FDF8BDB868A8B143
:10CF1400C3889D420CD1631EC21D05EB030E01E0C4
:10CF24009E452CD013F801CF12F8011F8C45F7D081
:10CF340000680028ECD1B5F5803F1DD23A6805F1B0
:10CF44000900184913681B688B4223D118F05CF957
:10CF540090B10123013CC58083802919C31D14F8B5
:10CF6400012FA14203F8012FF9D1002305442B72AC
:10CF7400BB680360B86005E001233B71F8BD83889A
:10CF840001338380052330603371F8BDB86800280D
:10CF9400BED1D0E7014610469847D9E70223337142
:10CFA400ABE700BF6D9200002DE9F043446891B0F7
:10CFB400F4B100F10C030DF11C0CD0E9025E93E80E
:10CFC40007008CE80700BEF1000F1CD023799BB149
:10CFD400202B18D127460AAE2B469CE8070086E88A
:10CFE400070020467146089AFEF7E6FA044678B12F
:10CFF400204611B0BDE8F0832023274623714FF06B
:10D00400FF332360E7E70024204611B0BDE8F08336
:10D01400AE8E4FF6FF730AAA0DF1340C9E42B04651
:10D0240007CA8CE8070034D0F209EB6A05A803EBC1
:10D03400C2035A6806F07F0332F8331002EBC302CE
:10D04400A9862B4B294616465360FEF779FB059BB0
:10D054009946002BCCD00DAB009530460ECBFFF794
:10D06400A5F80028C4D0BDF818204FF6FF71F2804F
:10D074007B888B4234D0E96AD80903F07F034C469D
:10D0840001EBC001496801EBC303A3F806807A8071
:10D09400AEE72B8E2A68B3B1013BE96A9BB201EB80
:10D0A400C300D0F804C0BCF1000F0CD031F833E059
:10D0B40041888E4507D90CEBC10201EBC31801313D
:10D0C400418005A8BDE705A805F10C010390FEF712
:10D0D400D1F9059B03981A463BB901232B7187E7C5
:10D0E4004C46A7F800807A8082E7BDF81880A8E74C
:10D0F4000000FFFF2DE9F04F50F8044B87B094F87F
:10D104003C3006AD07C8202B8DE8070005E9070071
:10D1140044D18146002841D0238F4FF6FF78434500
:10D124003CD0DA09E76A03F07F0307EBC2025068D8
:10D1340010EBC30032D04D1E8A46B0F806B001266B
:10D144004D44D6B10379042B44D0052B3DD0022B9A
:10D1540028D104461AF0F4FB50450ED1BAF1000F61
:10D1640023D009F1FF33601E01E0AB421DD013F858
:10D17400011F10F8012F9142F7D0C3450ED04FEA9A
:10D18400DB130BF07F0B07EBC303586810EBCB00EA
:10D1940004D086F00106B0F806B0D2E7002007B04C
:10D1A400BDE8F08FBAF1000FE7D14FF6FF739B454E
:10D1B400F4D04FEADB130BF07F0B07EBC30778685F
:10D1C40000EBCB0007B0BDE8F08F036803F108045F
:10D1D400D888C1E704682046002CBDD01AF0B0FB03
:10D1E400BAE700BF08B5FFF785FF20B10079B0FAB0
:10D1F40080F0400908BD012008BD00BF10B582B011
:10D20400044608460191FFF775FF01990B6818B1B0
:10D214000279202A18BF0020C4E90003204602B086
:10D2240010BD00BF00B583B00191FFF763FF019902
:10D2340050B103791A1F012A01D9022B04D1042BFE
:10D2440005D0052B05D00146084603B000BD016892
:10D25400FAE701680831F7E738B505460C46FFF7E9
:10D2640049FF78B30379296813F010020ED00288BD
:10D274004FF6FF7C624543D04FEAD21E02F07F0C8A
:10D28400CA6A02EBCE02526802EBCC020A3B122BB2
:10D2940018D8DFE803F025172C17171717171717D7
:10D2A4001717171717170A1719001368B3F5803FD4
:10D2B400536873F1000334BF0123002313B1FFF754
:10D2C4006BFB0446204638BDD2E900C3002BF9DBD2
:10D2D400BCF5803F73F10003B4BF01230023EDE7E5
:10D2E4000368B3F5803F2CBF00230123E6E70368FE
:10D2F400002BE7DBB3F5803FACBF00230123DDE760
:10D304000022C3E700000000037913F0100200B507
:10D3140085B00FD002884FF6FF7C62457ED0D1F8ED
:10D324002CC04FEAD21E02F07F010CEBCE025268F1
:10D3340002EBC102023B1C2B1ED8DFE803F0271DC1
:10D344004F6A6D1D1D1D511D531D571D1D1D1D1D96
:10D354001D1D1D1D1D1D201D201D0F0092ED007B98
:10D36400B5EEC07BF1EE10FA06DB9FED316BB4EE47
:10D37400C67BF1EE10FA53D9002005B000BDD2E906
:10D384000003002B18BF002005B000BD014668460D
:10D39400FEF77EFB9DF80030013B032BECD8DFE861
:10D3A40003F015100A029DED027BB5EEC07BF1EE91
:10D3B40010FADADAE0E7DDE90203002B18BF0020F7
:10D3C400DBE7039B002BD7D10298D6E7DDED027A89
:10D3D400F5EEC07AF1EE10FA0FDACDE70168D6E780
:10D3E4000068CAE7006820EAE070C6E7D0ED007A7A
:10D3F400F5EEC07AF1EE10FABEDB9FED0F7AF4EE93
:10D40400C77AF1EE10FAB7D8FCEEE77A17EE900A75
:10D41400B3E701680831BAE70078AEE7002289E78C
:10D42400FCEEC77B17EE900AA7E700BFAFF30080BE
:10D434000000E0FFFFFFEF41FFFF7F4F38B50546D7
:10D444000C46FFF757FE38B30379296813F010022E
:10D454000ED002884FF6FF7C624523D04FEAD21EDD
:10D4640002F07F0CCA6A02EBCE02526802EBCC02D5
:10D474000A3B122B10D8DFE803F00C0F110F0F0F2B
:10D484000F0F0F0F0F0F0F0F0F0F0A0F0A00536824
:10D4940013B9FFF739FF0446204638BD0368002B53
:10D4A400F7DAF9E70022E3E7437E024663B1037E3D
:10D4B400B3B1093BDBB2172B16D80F4921FA03F39A
:10D4C400DB0711D500235376D2E904318B420FD206
:10D4D400581C012110611B7851761376002BE8D17A
:10D4E400107B0130C0B270470123002013737047D2
:10D4F4004FF480731383F3E7130080000346407EE8
:10D5040008B1187E7047D3E904218A4202D2511C23
:10D5140019611078012218765A767047437E2DE9F6
:10D52400F041044688B08846002B3FD0037E00219A
:10D5340004F11F00A34F01268E4617E02A2B27FA79
:10D5440002F220D9D2071ED53F291CD084F819E055
:10D554005FFA8CF100F8013F236965695A1CAB42FC
:10D5640080F0DA8022611B7866762376A3F130029C
:10D5740001F1010C092AE7D9A3F12B02452BD2B200
:10D58400DCD9652BE0D06318002204F1200104A843
:10D5940083F82020FEF77CFA9DF81030013B032B22
:10D5A40000F20D81DFE803F035271E0DD0E90421D8
:10D5B4008A4202D2531C03611378012223766276D5
:10D5C400B5E79DED067BF7EEC76BB7EEE65AB4EE12
:10D5D400457BF1EE10FA52D10E23C8ED006A88F8AB
:10D5E40004301CE0DDE90676EEB90A23C8F80070C1
:10D5F40088F8043013E0DDE9066716F1004347F1CB
:10D604000003002B60D10C23C8F8006088F80430B4
:10D6140005E0069A0E23C8F8002088F8043000209C
:10D6240008B0BDE8F081E4694FF6FF73A28E9A4218
:10D6340040F08380238E2268002B00F0B280013BEF
:10D64400E06A99B200EBC10CDCF80430002B00F066
:10D65400A88030F831E0BCF80200864540F2A18091
:10D6640003EBC00300EBC1120130ACF80200A8F8D0
:10D6740000201A2288F80420C3E90076CFE7E46981
:10D684004FF6FF72A38E934264D1238E2268002B3F
:10D694006DD0013BE06A9BB200EBC30671680029C0
:10D6A40065D030F833707088874260D901EBC002CE
:10D6B40000EBC313013070801E21A8F8003088F8F5
:10D6C400041082ED007BAAE7E4694FF6FF73A28E93
:10D6D4009A4225D1238E2268002B57D0013BE06A61
:10D6E40099B200EBC10CDCF80430002B4ED030F8BA
:10D6F40031E0BCF80200864548D903EBC00300EBD7
:10D70400C1120130ACF80200A8F800201C2288F8ED
:10D714000420C3E9006782E74FF48073238332E770
:10D72400D109E36A03EBC10302F07F015B6833F8BC
:10D73400310003EBC103A086E6E7D109E36A03EBFA
:10D74400C10302F07F015B6833F8310003EBC103CE
:10D75400A0868CE7D909E26A02EBC10203F07F01DB
:10D76400526832F8310002EBC102A086A4E704F14A
:10D774000C0102A88DED007BFDF77CFE029A9DED65
:10D78400007BCAB901230420237149E704F10C0189
:10D7940002A8FDF76FFE029B002BF3D0BDF80C200E
:10D7A400B2E704F10C0102A8FDF764FE029B002B12
:10D7B400E8D0BDF80C205AE7BDF80C307CE7032014
:10D7C4002EE700BF0D0000042DE9F0410646006875
:10D7D40088462221036817461B68984773680344E8
:10D7E4007360B7B147441D4D18F8011B22241C4B2C
:10D7F4005A788A421ED013F8024F9D42F8D13068FD
:10D80400036881B11B68984773681844B845706011
:10D81400EAD13068222103681B689847736803447F
:10D824007360BDE8F0815B6806220E49984773680F
:10D834001844EBE730680368002CE2D01B685C21D5
:10D8440098472146D6E90023034414681046226809
:10D854007360904773681844D8E700BFCA1C00205F
:10D86400BC1C0020CC1C00202DE9F04F467E87B064
:10D874000446002E00F0B080067E00224FF0010A1C
:10D884001346934617466276EBB96069236983426F
:10D8940080F0C6805A1C22611D786776B5422576D1
:10D8A40015D0002D00F0C1805C2D1AD06368B3B18F
:10D8B400A168DA88914271D00B444A1CA2601D729F
:10D8C400637E002BE1D0257E6776B542E9D160689E
:10D8D400B0FA80F04009800007B0BDE8F08F637EA5
:10D8E400D2E7D4E90430834280F02E815A1C2261AD
:10D8F4001A7884F819A02276002A00F09680752AF6
:10D9040012D0994B2F2103F112008A4207D013F849
:10D91400021F8342F9D1032007B0BDE8F08F5D7880
:10D92400002DF8D06776C1E700254FF0040E677626
:10D93400AC462369984203F1010240F2F38022616C
:10D944001A7822F020032276002A00F0ED80373B7B
:10D95400402ADBB201DC303AD3B243EA05110F2B83
:10D964000EF1FF3E8DB264D81EF0FF0E84F819C08C
:10D97400DFD105F520539BB2B3F5806F45D305F590
:10D9840010539BB2B3F5806F59D37F2D2B465CD8CF
:10D99400C9B22046FDF7B2FF637E75E749002268ED
:10D9A40001F10108D2F800900192B8F5803F1CD231
:10D9B400D9F800200A31926810466C4A904227D167
:10D9C4001846029317F012FF029B70B1A0F806806C
:10D9D4000346A16860606FE7D0E90432934202D243
:10D9E4005A1C02611E78267647E7D9F80020604960
:10D9F40052688A4279D1184617F00EFC0123019A25
:10DA0400137100236360637E3EE7C1F3090B3DE7B6
:10DA14000A4602931946034648469847029BD4E7B0
:10DA240000232383002E3FF452AF022007B0BDE849
:10DA3400F08F03200123637607B0BDE8F08FC1F3B4
:10DA4400090343EA8B2303F5803303F03F029B0968
:10DA540062F07F021F2B8DF811204FF000028DF829
:10DA6400102046D903F03F0262F07F028DF81220A5
:10DA7400C3F389129BB20F2A58D862F01F020DF12A
:10DA84001408D5B28DF8135008F1FF38019607E059
:10DA94001E440133A360357218F8015D002D30D0A7
:10DAA4006668002EF8D0A368F2889342F0D15A0039
:10DAB400236802F1010902931B68B9F5803F23D260
:10DAC40002F10A011A68926810469446274A904265
:10DAD4003ED13046039317F089FE039BA0B1A0F812
:10DAE40006900646A3686060D2E719464846904708
:10DAF40084E763F03F030DF11308DDB28DF8125093
:10DB0400C2E7019E637EBFE61A68194952688A42D9
:10DB140025D1304617F080FB0123029A13710023AC
:10DB24006360B9E700232376022083E702F03F0213
:10DB34001B0B0DF1150862F07F0243F0F0058DF820
:10DB440013208DF814509FE74FF4807323836CE700
:10DB54000A46184603933146E047039BBEE7314625
:10DB640018469047D8E700BFB81C00205D9200001B
:10DB740065920000437E2DE9F047964688B0A3B134
:10DB840090F818C0BCF1000F1FD0ACF10904754621
:10DB94000A460346E4B2172C1ED8DFF86CC32CFAED
:10DBA40004F4E40758D500224276D0E904329342C3
:10DBB40080F044825A1C0261012293F800C042762C
:10DBC40080F818C0BCF1000FDFD1047B0134E4B24B
:10DBD400204608B0BDE8F08701210173417E61B998
:10DBE400D3E90410814280F07582481C1861012039
:10DBF40091F800C0587683F818C0BCF17B0F30D878
:10DC0400BCF15A0F40F26881ACF15B0CBCF1200FFF
:10DC140027D8DFE81CF0EF002600260026002600A7
:10DC240026002600260026002600260036012600AF
:10DC34002600260026002600260026001A012600BB
:10DC44002600260026002600FA00260026002600CC
:10DC54002600260026002C000120597E1873002976
:10DC6400BED011461846FFF759FC0446B0E7202001
:10DC74004FF0FF315FFA85FC10711160BCF1000FA9
:10DC840000F0C18059694FF0010E0D4619694FF03B
:10DC940000009D4CA942587601F1010080F01781E3
:10DCA4001861097883F819E0A1F1090019760029AF
:10DCB40000F01081C0B2172824FA00F400F29A810F
:10DCC400E107E3D483F80CE067461C4616460022BD
:10DCD4006368A260002B00F01682637E002B00F0C4
:10DCE400DA81237E272B00F0CE81222B00F0CB811A
:10DCF4002046FFF703FCA0F130020346D2B2092A02
:10DD04000AD9A0F15F02D2B21B2A05D9A0F14102BF
:10DD1400D2B2192A00F2D780626815464FF0000289
:10DD240029466276002D00F05381A268E888824279
:10DD340000F08A8111440132A2600B72637E002BD1
:10DD440000F044816268237E1546A3F13002D2B20A
:10DD5400092AE3D9A3F15F02D2B21B2ADED9A3F1C7
:10DD64004102D2B2192AD9D9002D00F06B81204684
:10DD7400FFF79AFB00283BD1637E002B00F09781CC
:10DD8400237E3A2B40F09F8000223046D4E90131B3
:10DD940062760B441A726168E3690831A2680193E0
:10DDA400FDF70AFC0199002800F0BE810190FDF7FF
:10DDB400F3FD019A114620467A1EFFF7DBFEB8B93F
:10DDC4002046FFF771FB98B901902046FFF796FBB8
:10DDD4007D2800F07D812046FFF790FB2C2872D12E
:10DDE400019B20466376FFF75FFB00283FF46FAF8B
:10DDF4000446EDE640244FF0FF30E9B214711060A0
:10DE0400002940F08F800524E2E6012106201170EC
:10DE1400597E1071002900F0FA80197E3B4A0029CE
:10DE240058D0107888424ED10132394900208A42B4
:10DE340058764AD0D3E90410814248D24C1C0120C0
:10DE44001C61097858761976E9E75A7E002A00F0B1
:10DE5400DC80197E2F4A00293CD01078884232D1C8
:10DE640001322D4900208A4258762ED0D3E904107D
:10DE740081422CD24C1C01201C61097858761976F9
:10DE8400E9E7002106201170597E1071002900F085
:10DE9400BA80197E214AE9B11078884213D101323F
:10DEA4001F4900208A4258760FD0D3E904108142DA
:10DEB4000DD24C1C01201C61097858761976EAE7CA
:10DEC4004FF480722283032482E6002480E64FF418
:10DED40080721A8302247BE6BCF1220F72D10020E7
:10DEE40059689860002900F09480184602920193C2
:10DEF400FFF7BAFC044600287FF46AAEDDE90101AD
:10DF0400FDF76AFC64E600BF13008000D41C002007
:10DF1400D81C0020E41C0020E81C0020DC1C00208D
:10DF2400E11C00200024184603925C76CDE90131FF
:10DF3400FFF7BAFA044600287FF44AAE0198FFF7C7
:10DF4400DDFA5D28019B52D00299A046039E1C462F
:10DF54004F1EE26906A811460192FDF7F1FB0699EE
:10DF640000296FD073884FF6FF72BDF81C009342EE
:10DF740000F0A980019A4FEAD31C03F07F03D26A10
:10DF840002EBCC02526802EBC303D88070803A469D
:10DF94002046FFF7EFFD01462046002940F00881A6
:10DFA400FFF782FA0546002840F000812046FFF77B
:10DFB400A5FA5D2819D02046FFF7A0FA2C2882D1B3
:10DFC4006576C6E7BCF1270F89D04AE663681D462B
:10DFD400D4E90432934280F0ED805A1C22614FF060
:10DFE40001021B7862762376AFE62346444600227C
:10DFF4005A76EDE57D2983F80CE07FF465AE0022C6
:10E0040014465A76E4E56F4A4FE76F4A2EE76F4AA3
:10E0140010E71C682068016809680D466C498D4248
:10E02400CDE901325AD1282017F0EEF8DDE90132AA
:10E0340000284AD067494160586056E74FF480731E
:10E044000383C2E50424C3E552002168501C8A46B8
:10E054000968B0F5803F8046894644D209680A328F
:10E064000193896808465C49884240F08B801146D8
:10E07400284617F0BBFB019B0146A1B3A1F806801B
:10E08400A268616056E62046FFF7EEFB00283FF4E5
:10E094006EAE04469CE5D4E90432934280F08E804F
:10E0A4005A1C226101221B78627623761AE6D4E98F
:10E0B40004329342BFF404AF5A1C226101221B783C
:10E0C400627623765DE6308060E701212171B3E753
:10E0D400234694E74FF480711983C2E52821A847A9
:10E0E400DDE90132A4E7D9F800303C4A5B68934289
:10E0F40052D1284617F090F801238AF804300023FF
:10E104006360637E1BE62368314A18681D46036812
:10E114001B68934244D1282017F076F8002838D0A1
:10E124002C4A42606060D8E504A8FDF709FB049A14
:10E134001546002A86D0019906A8FDF701FB069A28
:10E14400002A3FF47FAFBDF81C004FF6FF7EBDF8F8
:10E1540014C0E8807188714525D0019B4FEAD11E17
:10E1640001F07F01DB6A03EBCE035B6803EBC103C1
:10E17400A3F806C07080294620460192FDF72CFBC7
:10E18400019A17E60346294648469847019B0146EB
:10E1940073E701222A71C5E7294648469847ABE749
:10E1A40028219847BAE7A6F800C0E3E704460FE53C
:10E1B4000C460DE54FF480732383D5E54FF480734B
:10E1C400238395E5DC1C0020E41C0020D41C0020E3
:10E1D4006D92000001001F005D9200006592000036
:10E1E40010B50446006803681B68984763680344D5
:10E1F400636010BD00000000B4EE400B2DE9F04157
:10E20400F1EE10FA8AB006460CD1B5EE400B0B467F
:10E21400F1EE10FA12D030EE007BB4EE470BF1EEC3
:10E2240010FA0BD130680422BB4903685B68984735
:10E234007368034473600AB0BDE8F081B5EEC00BA7
:10E24400F1EE10FA00F12E811946002B00F04981FD
:10E25400012202EB820201394FEA4202F9D19FED19
:10E26400A87BB4EEC70BF1EE10FAC0F2C180DFF860
:10E27400BCC20025A94C4FF480700CF14001471931
:10E28400401091ED007BB4EEC07BF1EE10FA04D89F
:10E294003DB294ED007B20EE070B6145A4F1080428
:10E2A400A1F10801EBD1FCEEC07B17EE90CABCF1E2
:10E2B400090F0ED961469A4CA4FB02020846013BA1
:10E2C400A4FB017163284FEAD2025BB24FEAD10189
:10E2D400F2D807EE902AB8EE676B07EE90CAB8EE54
:10E2E400677B30EE470B20EE060BFCEEC07BB8EEEE
:10E2F400676B17EE904A30EE460B30EE000BBCEE27
:10E30400C00B10EE101A0C44944210D30CF1010C03
:10E31400002D18BFBCF1090F8CBF0122002240F26E
:10E32400D680013500244FF0010C2DB208E07C4A60
:10E334007C4904FB02F2B1EB720F2CBF01220022D4
:10E34400002B0FDD72B1764A764F00E050B1A2FB8C
:10E354000414013BE408D8B202FB04F15BB2B7EB4E
:10E36400710FF3D20DF12607DFF8B4813946A8FB0B
:10E374000C20BCF1090F4FEAD00000EB8002ACEB9B
:10E384004202844602F1300201F8012DEFD83068D0
:10E394007A1A0093D0F800C0DCF80480C047726891
:10E3A400009B02447260002B51D1002D3FF443AF17
:10E3B40030686521ACB203681B6898477368002D08
:10E3C40003447360C0F286803946554DA5FB043280
:10E3D400092C4FEAD20202EB8203A4EB430394B26A
:10E3E40003F1300301F8013DF0D830687A1A1CE7D4
:10E3F400B5EEC00BF1EE10FA27DD9FED437BB4EED2
:10E40400C70BF1EE10FA20D8DFF824C1B2EE046B8A
:10E41400454C4FF480700CF1400100252F1A401038
:10E4240091ED007B27EE067BB4EEC07BF1EE10FA93
:10E4340004DD3DB294ED007B20EE070B6145A4F1B1
:10E444000804A1F10801E9D12DE700252BE7013BE0
:10E454000DF12008324ADBB2C446C3F11F010DEBB3
:10E46400010EA2FB0410C00800EB8001A4EB4101E3
:10E47400044630310CF8011DF445F2D16A46306887
:10E48400A8EB03012E24D31A02399C770368A8EB66
:10E4940001025B689847736803447360002D3FF47E
:10E4A400CAAE85E730682D21039302688DED000B19
:10E4B400126890477268039B0244194672609DED8E
:10E4C400000BB1EE407B73B1B0EE470BC0E6012206
:10E4D400002435E764422D213046A4B2FFF780FEC4
:10E4E40072E70122BBE69FED0A6B0122B4EEC60B74
:10E4F400B0EE470BF1EE10FA7FF6B9AE7DE700BF40
:10E5040000000000D0126341F168E388B5F8E43EEE
:10E5140000000000D01263C1E41C0020781E0060DB
:10E52400CDCCCCCC99999919C01E0060801E006096
:10E53400381E006003792DE9F0470C4613F01001F2
:10E5440088B005460FD001884FF6FF70814200F075
:10E55400D481C809D26A01F07F0102EBC00252687B
:10E5640002EBC1021146023B3E2B40D8DFE813F018
:10E574004B0054005A0067006E003F003F003F000C
:10E584007C003F00B6003F00F1003F003F003F0029
:10E594003F003F003F003F003F003F003F003F007F
:10E5A400FA003F002F013F0066013F006D013F006C
:10E5B4003F003F003F003F003F003F003F003F005F
:10E5C4003F003F003F003F003F003F003F003F004F
:10E5D4003F003F003F003F003F003F003F003F003F
:10E5E4003F003F003F003F003F003F00960120688E
:10E5F4000422C74903685B689847636803446360FF
:10E6040008B0BDE8F087284619F09AF92946024671
:10E614002046FFF7D9F8F3E729682068CA8808314B
:10E624000368E8E72D68002D00F07081284619F092
:10E6340087F9024629462046FFF7C6F8E0E729682D
:10E644002046CA880831FFF7BFF8D9E720682B783D
:10E6540002685568002B00F052810422AD49A84796
:10E66400636803446360CBE70DF11E022B684FF02F
:10E674000009A94D11464FF0CC3E052713EB0908BC
:10E684009C464E4648F10008A5FB080A2AF0030000
:10E6940000EB9A00A8EB0008B3EB080369F1000053
:10E6A4000EFB03F905FB0099A3FB0530814403F03D
:10E6B40001005B08A0FB070A43EAC97310EB0800DA
:10E6C400BCF10A0F4FEA590900F1300076F1000657
:10E6D40001F8010DD2D22068521A8BE72B68DD179E
:10E6E400002BC0F227810DF11E028B4E4FF0CC3867
:10E6F4004FF0050C114613EB05099E462F4649F1D0
:10E704000009A6FB090A2AF0030000EB9A00A9EB12
:10E714000009B3EB090365F1000008FB03F506FBF0
:10E724000055A3FB0630054403F001005B08A0FB81
:10E734000C0A43EAC57310EB0900BEF10A0F4FEA55
:10E74400550500F1300077F1000701F8010DD2D230
:10E75400C1E795ED000A06212046B7EEC00AFFF78F
:10E764004BFD4DE70DF11E02DFF8ACC14FF0CC3983
:10E774004FF00508D1E9003611469D199A46B64670
:10E7840045F10005ACFB050727F0030000EB9700FB
:10E794002D1A5B1B66F1000009FB03F60CFB0066F7
:10E7A400A3FB0C30064403F001005B08A0FB080740
:10E7B40043EAC6734019BAF10A0F4FEA560600F14C
:10E7C40030007EF1000E01F8010DD6D283E7D1E9C5
:10E7D4000035002DC0F2A4800DF11E024E4E4FF004
:10E7E400CC394FF0050E11465F199A46AC4647F1F5
:10E7F4000007A6FB070828F0030000EB98003F1A67
:10E80400DB1B65F1000009FB03F506FB0055A3FBC8
:10E814000630054403F001005B08A0FB0E0843EA40
:10E82400C573C019BAF10A0F4FEA550500F130005B
:10E834007CF1000C01F8010DD6D24CE791ED000BF0
:10E8440020460921FFF7D8FCDAE67B212046FFF7B2
:10E85400C7FC4FF6FF762D88B54247D00127A26842
:10E86400E80905F07F052146D36A03EBC003586825
:10E8740000EBC5052846FFF75DFEED88B54235D0AF
:10E884002068002F87F0010703680CBF2C213A2170
:10E894001B689847636803446360E0E75B21204694
:10E8A400FFF79EFC4FF6FF762D88B54207D118E09E
:10E8B400206803681B689847636803446360A26820
:10E8C400E90905F07F05D36A03EBC10321465868C3
:10E8D40000EBC5052846FFF72DFEED882C21B54237
:10E8E400E6D15D212046FFF77BFC89E67D212046A9
:10E8F400FFF776FC08B0BDE8F087002232E6052277
:10E904000649A84763680344636079E62A4691E6AA
:10E91400E41C0020D41C0020CDCCCCCCDC1C00207A
:10E924002D2120460193FFF75BFC019B5B4265EBC5
:10E93400450551E72D2120460193FFF751FC019B2A
:10E944005B4265EB4505CEE600B5024685B0084856
:10E95400002301A9019002F13800CDE90232FFF74A
:10E96400E9FD0A2005B05DF804EB14F08FBE00BF8A
:10E97400A04D00202DE9F043002395B0674A8DF89F
:10E98400143004AC04924FF4802206934FF6FF73C4
:10E994001092A2F5A022ADF844300DF11C08604B92
:10E9A40068461392062201930123CDF83C8000941B
:10E9B40002928DF80C30FEF7A3F938B100990546A0
:10E9C400FCF7EAFF04232B71564B2B600623564AAF
:10E9D400684602930123CDE900428DF80C30FEF71E
:10E9E4008FF9054630B10099FCF7D6FF04232B714B
:10E9F4004E4B2B600A234E4A684602930123CDE90D
:10EA040000428DF80C30FEF77BF9054630B10099D1
:10EA1400FCF7C2FF04232B71464B2B60464B0921A4
:10EA2400464AD3F82032464818F074FA0523454A7A
:10EA340068460293012342498DF80C30CDE9004227
:10EA4400FEF72CFA404B1B78023BDBB2032B5CD85D
:10EA54003E4A52F823103E4B6846CDE90043042356
:10EA6400029301238DF80C30FEF718FA2046FFF7C5
:10EA74006BFF0698049E90B1364C03E016F0CCFB75
:10EA8400069858B1336802685B680692A342F5D0D1
:10EA940001463046984706980028F3D1049EBDF8F5
:10EAA40040200F9BEAB10024DFF8A89027460AE033
:10EAB40016F0B2FB0F9B01342F60BDF84010A2B2D8
:10EAC4006F6091420DD903EBC405696808460029BB
:10EAD400F1D033685B684B45EAD0304698470F9BCA
:10EAE400E9E700214FF6FF724345ADF84010ADF859
:10EAF400442007D03268174952688A4207D1184621
:10EB040016F08AFB15B0BDE8F0830849A3E719465F
:10EB14003046904715B0BDE8F08300BFF84E0020A2
:10EB2400F81F0020EC1C0020F01C0020F80C002032
:10EB3400F81C0020041D002000441F40141D002068
:10EB440088BE00201C1D0020D1540020E8090020AC
:10EB5400E41E0020659200002DE9F04F00239FB0D1
:10EB6400B94A8DF83C300EAD0E924FF480221093CA
:10EB74004FF6FF731A92A2F5A022ADF86C3011A9DA
:10EB8400B24B08A81D9206220993012319910895F6
:10EB94000A928DF82C30FEF7B3F838B129460446B2
:10EBA400FCF7FAFE04232371A94B23600623A94A28
:10EBB40008A80A930123CDE908528DF82C30FEF7FA
:10EBC4009FF8044630B12946FCF7E6FE042323717E
:10EBD400A14B23600A23A14A08A80A930123CDE983
:10EBE40008528DF82C30FEF78BF8044630B12946D4
:10EBF400FCF7D2FE04232371994B23600623994A20
:10EC040008A80A930123CDE908528DF82C30FEF7A9
:10EC140077F8064638B12946FCF7BEFE2023337147
:10EC24004FF0FF333360904B08A80B9302230C93EF
:10EC34000123CDE909658DF83430FEF7B5F9834633
:10EC440048B12946FCF7A8FE40238BF804304FF066
:10EC5400FF33CBF80030854FBBF1000F39D04FF6AE
:10EC6400FF78BA4603964FF00C09BDF86C40444552
:10EC740000F0BA81E209199B03EBC2035F6804F058
:10EC84007F0337F8332007EBC307ADF86C20784BCC
:10EC9400294638460AF1020A7B603AF9026CFCF70D
:10ECA4007BFE87F804903E60BBF80230434500F0D9
:10ECB400C681199AD90903F07F0302EBC102526895
:10ECC40002EBC303DC806B4BABF802409A45CCD11A
:10ECD400039E002E00F020823379002B00F0BC81CB
:10ECE400202B40F019822B46022230466249FCF761
:10ECF40063FC0446002800F0298229462046FCF7DC
:10ED04004BFE4023A24623714FF0FF332360DFF80C
:10ED140090B1BAF1000F3AD04FF6FF7703964FF057
:10ED24000C08BDF86C40BC4200F09C81E209199BC0
:10ED340003EBC20304F07F025B6833F8321003EB89
:10ED4400C209ADF86C104A4B294648460BF1020B38
:10ED5400C9F804303BF9026CFCF71EFE89F8048004
:10ED6400C9F80060BAF80230BB4200F0BD81199ABC
:10ED7400D90903F07F0302EBC102526802EBC3031B
:10ED8400DC803E4BAAF802409B45CAD1039E3C4B13
:10ED940008A80B9306230C9301238DF83430394BC8
:10EDA400CDE909651F88FEF7FFF8044628B1294616
:10EDB400FCF7F2FD0A2327602371334B08A80B9359
:10EDC40006230C9301238DF83430304BCDE90965CB
:10EDD4001F88FEF7E9F8044628B12946FCF7DCFD54
:10EDE4000A2327602371002E00F09982284B1C68A7
:10EDF4003379002B40F08481202333714FF0FF33AB
:10EE040033602B46082230462249FCF7D5FB0746DF
:10EE1400002800F0448229463846FCF7BDFD0E2345
:10EE24003C603B711C4B08A80B9304230C930123F7
:10EE34008DF83430194BCDE909651F68FEF7B4F835
:10EE44000446A8B32EE000BFF84E0020F81F0020AF
:10EE5400EC1C0020F01C0020F80C0020F81C002002
:10EE6400041D002058210020241D002024C400205B
:10EE74000000FFFF32C40020281D002042C40020EF
:10EE84002C1D00206AC60020341D00206CC6002002
:10EE9400945100203C1D0020781D002020C4002037
:10EEA40034C400202946FCF777FD0E232760237124
:10EEB4009B4B1C683379002B40F02681202333714F
:10EEC4004FF0FF3333602B46082230469549FCF758
:10EED40073FB0746002800F0A88129463846FCF752
:10EEE4005BFD0E233C603B718F4B012408A80B9300
:10EEF40009238DF834400C938C4B1978CDE90965BE
:10EF0400FDF7E4F98A4B8DF8344008A81C78894B46
:10EF14000B930F23CDE909650C93FEF745F80746DB
:10EF240040B12946FCF738FDB4FA84F35B093B7021
:10EF340006233B71DEB1804B1F683379002B40F010
:10EF4400E780202333714FF0FF3333602B460622D2
:10EF540030467A49FCF730FB0446002800F02A8149
:10EF640029462046FCF718FD0A232760237128460A
:10EF7400FFF7EAFC10980E9E90B1714C03E016F076
:10EF84004BF9109858B1336802685B681092A34239
:10EF9400F5D001463046984710980028F3D10E9ECC
:10EFA400BDF86820199B002A00F088800024DFF84F
:10EFB400908127460AE016F02FF9199B01342F603F
:10EFC400BDF86810A2B26F60914277D903EBC40513
:10EFD400696808460029F1D033685B684345EAD084
:10EFE40030469847199BE9E7BDF868300E9A5BB143
:10EFF400013B19999BB201EBC300476827B131F873
:10F00400334041888C4212D811A908A8FCF732FA7F
:10F01400089F002F40F07D8101230AF1020A8DF838
:10F024003C30484B53457FF41EAE039E51E601EB42
:10F03400C31307EBC10701319CB2418027E60023CB
:10F0440064F30F0364F31F43CBF800303D4B534587
:10F054007FF40BAE039E3CE6202333714FF0FF3365
:10F06400336040E6BDF868300E9A9BB1013B1999B4
:10F074009BB201EBC300446864B131F833C04188EA
:10F084008C4507D901EBC31304EBC10901319CB2D0
:10F09400418058E611A908A8FCF7ECF9DDF82090A6
:10F0A400B9F1000F40F0388101230BF1020B8DF808
:10F0B4003C30254B5B457FF432AE67E64FF6FF727A
:10F0C4000021ADF86C2011AAADF86810934208D065
:10F0D40032681B4952688A4240F03A81184616F059
:10F0E4009BF81FB0BDE8F08F002364F30F0364F3B3
:10F0F4001F43CAF80030144B9B457FF412AE45E61B
:10F10400202B3FF47EAE8DE6202B3FF4DCAEEBE605
:10F11400202B3FF41BAF2AE74FF0000AF7E500BFAE
:10F124008C510020481D0020541D0020D254002082
:10F13400A1C60020601D00209C510020701D0020ED
:10F144006592000032C4002042C40020874B294647
:10F1540004A808930223099301238DF82830FCF7AF
:10F16400EFFA049F002FD7D0294606A8FCF7E8FA47
:10F17400069C002CD0D008AB009538460ECBFDF78A
:10F1840015F80028C8D0BDF81C104FF6FF72BDF862
:10F194001400F9807388934200F0E080199ADF0923
:10F1A40003F07F0302EBC702526802EBC303D8806B
:10F1B4007180A2E56E4B294604A80893062309939F
:10F1C40001238DF82830FCF7BBFADDF81080B8F184
:10F1D400000F3FF4CCAE294606A8FCF7B1FA069C12
:10F1E400002C3FF4C4AE08AB009540460ECBFCF7B0
:10F1F400DDFF00283FF4BBAEBDF81C104FF6FF72D4
:10F20400BDF81400A8F806107388934200F0AC808F
:10F21400199A4FEAD31C03F07F0302EBCC02526825
:10F2240002EBC303D88071809AE6524B294604A8A6
:10F2340008930823099301238DF82830FCF780FAFA
:10F24400DDF81080B8F1000F3FF44EAE294606A851
:10F25400FCF776FA069F002F3FF446AE08AB009504
:10F2640040460ECBFCF7A2FF00283FF43DAEBDF8AC
:10F274001C104FF6FF72BDF81400A8F8061073882E
:10F2840093426FD0199A4FEAD31C03F07F0302EB29
:10F29400CC02526802EBC303D88071801DE6364B62
:10F2A400294604A808930823099301238DF82830DC
:10F2B400FCF746FADDF81080B8F1000F3FF4B2AD68
:10F2C400294606A8FCF73CFA069F002F3FF4AAAD96
:10F2D40008AB009540460ECBFCF768FF00283FF4CE
:10F2E400A1ADBDF81C104FF6FF72BDF81400A8F8CC
:10F2F40006107388934233D0199A4FEAD31C03F053
:10F304007F0302EBCC02526802EBC303D880718006
:10F3140081E5BDF82440BAE4BDF8244013E5174B59
:10F3240008A80B9304230C9301238DF83430144B59
:10F33400CDE909651F68FDF737FE044600283FF450
:10F34400D3AD2946FCF728FB0E2327602371CBE5B8
:10F354001946304690471FB0BDE8F08F308027E74C
:10F364003080D4E7308098E730805CE7281D0020A7
:10F37400701D0020481D00203C1D0020781D002029
:10F3840020C400202DE9F043002395B0AC4A8DF849
:10F39400143004AC04924FF4802206934FF6FF73AA
:10F3A4001092A2F5A022ADF844300DF11C08A54B33
:10F3B40068461392062201930123CDF83C80009401
:10F3C40002928DF80C30FDF79BFC38B1009905468C
:10F3D400FCF7E2FA04232B719B4B2B609B4B684692
:10F3E4009B4A0193092316680293012300948DF824
:10F3F4000C30FDF785FC054628B10099FCF7CCFAE2
:10F404000A232E602B7107F0FBF8924B06466846E0
:10F41400CDE900430A23029301238DF80C30FDF754
:10F424006FFC054628B10099FCF7B6FA06232E7046
:10F434002B7107F0DFF8884B06466846CDE9004398
:10F444000D23029301238DF80C30FDF759FC05467A
:10F4540028B10099FCF7A0FA0A232E602B717F4A89
:10F464000A23684602937E4BCDE9004201221E78AE
:10F474008DF80C20FDF744FC054628B10099FCF7F3
:10F484008BFA06232E702B7107F0CAF8754B0646CB
:10F494006846CDE900430A23029301238DF80C301A
:10F4A400FDF72EFC054628B10099FCF775FA0623F2
:10F4B4002E702B716C48F5F705FF6C4B06466846B9
:10F4C400CDE900430F23029301238DF80C30FDF79F
:10F4D40017FC054628B10099FCF75EFA06232E7046
:10F4E4002B716148F5F7CEFF614B06466846CDE9BE
:10F4F40000431223029301238DF80C30FDF700FC26
:10F50400054628B10099FCF747FA06232E702B71A3
:10F514005548F5F7ABFF574B06466846CDE900431F
:10F524001123029301238DF80C30FDF7E9FB054606
:10F5340028B10099FCF730FA06232E702B714A4843
:10F54400F5F7AEFF4C4B06466846CDE900430D2364
:10F55400029301238DF80C30FDF7D2FB054628B148
:10F564000099FCF719FA0A232E602B71434A0E23E3
:10F57400684602933C4BCDE9004201229E7B8DF804
:10F584000C20FDF7BDFB054628B10099FCF704FAF1
:10F5940006232E702B712046FFF7D6F90698049E99
:10F5A40090B1374C03E015F037FE069858B1336834
:10F5B40002685B680692A342F5D00146304698473C
:10F5C40006980028F3D1049EBDF840200F9BEAB1B1
:10F5D4000024DFF8AC9027460AE015F01DFE0F9BCF
:10F5E40001342F60BDF84010A2B26F6091420DD972
:10F5F40003EBC405696808460029F1D033685B68E9
:10F604004B45EAD0304698470F9BE9E700214FF677
:10F61400FF724345ADF84010ADF8442007D032687E
:10F62400174952688A4205D1184615F0F5FD15B000
:10F63400BDE8F08319463046904715B0BDE8F08325
:10F64400F84E0020F81F0020EC1C0020801D002034
:10F654002CC500208C1D0020981D0020A81D002012
:10F664009EC60020B41D002060680020C01D00203C
:10F67400D01D0020E41D0020F81D0020081E0020DD
:10F68400659200002DE9F043002395B0704A8DF88F
:10F69400143004AC04924FF4802206934FF6FF73A7
:10F6A4001092A2F5A022ADF844300DF11C08694B6C
:10F6B40068461392062201930123CDF83C800094FE
:10F6C40002928DF80C30FDF71BFB38B1214605463C
:10F6D400FCF762F904232B715F4B2B6009235F4A0B
:10F6E4005F4D684602930123AF688DF80C30CDE975
:10F6F4000042FDF705FB064628B12146FCF74CF90C
:10F704000E2337603371574B6846EF68CDE90043E9
:10F714000A23029301238DF80C30FDF7F1FA064613
:10F7240028B12146FCF738F90E23376033714E4B6C
:10F7340068462F69CDE900430B23029301238DF81A
:10F744000C30FDF7DDFA064628B12146FCF724F912
:10F754000E2337603371454B68466F69CDE900432A
:10F764000B23029301238DF80C30FDF7C9FA0646EA
:10F7740028B12146FCF710F90E23376033713C4B56
:10F784006846AE69CDE900430923029301238DF84D
:10F794000C30FDF7B5FA054628B12146FCF7FCF814
:10F7A4000E232E602B712046FFF7CEF80698049E98
:10F7B40090B1304C03E015F02FFD069858B1336832
:10F7C40002685B680692A342F5D00146304698472A
:10F7D40006980028F3D1049EBDF840200F9BEAB19F
:10F7E4000024DFF8909027460AE015F015FD0F9BE2
:10F7F40001342F60BDF84010A2B26F6091420DD960
:10F8040003EBC405696808460029F1D033685B68D6
:10F814004B45EAD0304698470F9BE9E700214FF665
:10F82400FF724345ADF84010ADF8442007D032686C
:10F83400104952688A4205D1184615F0EDFC15B0FE
:10F84400BDE8F08319463046904715B0BDE8F08313
:10F85400F84E0020F81F0020EC1C0020181E002089
:10F86400C0C20020241E0020301E00203C1E0020A8
:10F87400481E0020659200002DE9F04F002397B048
:10F88400AC4A8DF81C3006AF06924FF480220893E0
:10F894004FF6FF731292A2F5A022ADF84C3009A9DD
:10F8A400A54B02A8159206220393012311910297F6
:10F8B40004928DF81430FDF723FA38B13946044622
:10F8C400FCF76AF8042323719C4B23609C4A0B23A6
:10F8D40002A804939B4BCDE90272012293F82C50A9
:10F8E4008DF81420FDF70CFA044628B13946FCF7CC
:10F8F40053F80A23256023710523934A02A804932D
:10F904000123CDE902728DF81430FDF7F9F983462D
:10F9140048B13946FCF740F840228BF804204FF0F8
:10F92400FF32CBF80020BBF1000F39D04FF6FF7641
:10F93400DFF828924FF00A08BDF84C40B44200F0BA
:10F94400C580E209119B03EBC20304F07F025D68EA
:10F9540035F8323005EBC205ADF84C307B4B3946F7
:10F96400284609F101096B6019F801ACFCF714F899
:10F97400C5F800A0BBF8023085F80480B34200F05B
:10F98400CD80119AD90903F07F0302EBC1025268BA
:10F9940002EBC303DC806E4BABF802409945CBD13C
:10F9A4000A236C4A02A804930123CDE902728DF85C
:10F9B4001430FDF7A5F9824648B13946FBF7ECFF50
:10F9C40040228AF804204FF0FF32CAF80020DFF802
:10F9D4009081BAF1000F39D04FF6FF76DFF884B189
:10F9E4004FF00A09BDF84C40B44200F0BD80E20972
:10F9F400119B03EBC2035D6804F07F0335F83320E9
:10FA040005EBC305ADF84C20504B394628460BF1A5
:10FA1400010B6B601BF8013C0193FBF7BDFF019BDD
:10FA240085F804902B60BAF80230B34200F0D88015
:10FA3400119AD90903F07F03C34502EBC10252684E
:10FA440002EBC303DC80AAF80240CBD13846FEF7B0
:10FA54007BFF0898069D90B13F4C03E015F0DCFB5A
:10FA6400089858B12B6802685B680892A342F5D0E5
:10FA740001462846984708980028F3D1069DBDF80A
:10FA84004820119B002A00F096800024324E27461D
:10FA94000DE015F0C1FB119B0134C8F80070BDF8EE
:10FAA4004810A2B2C8F80470914240F2848003EB7B
:10FAB400C408D8F8041008460029EDD02B685B6808
:10FAC400B342E6D028469847119BE5E7BDF8483095
:10FAD400069A9BB1013B11999BB201EBC3004568A7
:10FAE40065B131F8334041888C4207D901EBC31327
:10FAF40005EBC10501319CB241802FE709A902A899
:10FB0400FBF7B8FC029D002D75D1012399448DF8B3
:10FB14001C300F4B99457FF40DAF41E7002364F38C
:10FB24000F0364F31F43CBF80030094B99457FF46E
:10FB340003AF35E7F84E0020F81F0020EC1C00202E
:10FB4400541E0020C0C20020601E00200000FFFFE1
:10FB540000C30020681E002065920000F0C200204F
:10FB6400E0C20020DCC20020BDF84830069A9BB1F8
:10FB7400013B11999BB201EBC300456865B131F8B3
:10FB8400334041888C4207D901EBC31305EBC1050F
:10FB940001319CB2418037E709A902A8FBF76AFC4E
:10FBA400029D8DBB0BF1010B0123C3458DF81C3065
:10FBB4007FF416AF4AE74FF6FF720021ADF84C20F0
:10FBC40009AAADF84810934207D02A681049526830
:10FBD4008A4213D1184615F01FFB17B0BDE8F08F09
:10FBE4000023C34564F30F0364F31F43CAF80030D2
:10FBF4007FF4F8AE2AE7BDF80C40AFE61946284674
:10FC0400904717B0BDE8F08FBDF80C40FCE600BF8C
:10FC1400659200002DE9F04F002397B0B24A8DF8A9
:10FC24001C3006AD06924FF4802208934FF6FF7302
:10FC34001292A2F5A022ADF84C3009A9AB4B02A850
:10FC440015920622039301231191029504928DF8D3
:10FC54001430FDF755F838B129460446FBF79CFEED
:10FC640004232371A24B23600723A24AA24E02A8B5
:10FC74000493012396F837708DF81430CDE90252BD
:10FC8400FDF73EF8044628B12946FBF785FE0A2312
:10FC940027602371994B02A896F83870CDE9025376
:10FCA4000723049301238DF81430FDF729F8044643
:10FCB40028B12946FBF770FE0A2327602371904B75
:10FCC40002A896F83970CDE902530823049301235E
:10FCD4008DF81430FDF714F8044628B12946FBF7D3
:10FCE4005BFE0A2327602371864B02A8D6F82E7088
:10FCF400039304230295049301238DF81430FCF735
:10FD0400FFFF044628B12946FBF746FE0E23276071
:10FD140023717D4B02A896F83670CDE9025309236E
:10FD2400049301238DF81430FCF7EAFF044628B14C
:10FD34002946FBF731FE0A2327602371734B02A87F
:10FD4400D6F80A70039308230295049301238DF8CF
:10FD54001430FCF7D5FF044628B12946FBF71CFEF6
:10FD64000E23276023716A4B02A8D6F8067003930A
:10FD740008230295049301238DF81430FCF7C0FF87
:10FD8400044628B12946FBF707FE0E23276023719A
:10FD9400604B02A8D6F80E700393062302950493D1
:10FDA40001238DF81430FCF7ABFF044628B1294633
:10FDB400FBF7F2FD0A2327602371574B02A8778EC5
:10FDC400039306230295049301238DF81430FCF762
:10FDD40097FF044628B12946FBF7DEFD0A23276076
:10FDE40023714E4B02A8B78E039306230295049306
:10FDF40001238DF81430FCF783FF044628B129460B
:10FE0400FBF7CAFD0A2327602371454B02A8F76B51
:10FE140003930B230295049301238DF81430FCF70C
:10FE24006FFF044628B12946FBF7B6FD0E23276071
:10FE340023713C4B02A8CDE902530223049301230E
:10FE44008DF81430FCF75CFF8246002800F0B9807E
:10FE54002946D346FBF7A0FD40224FF6FF778AF8E8
:10FE640004204FF0FF32CAF800204FF0000AB6F920
:10FE74001280CDF80480BDF84C905C464FF00C081D
:10FE8400D346B9455DD04FEAD911119A02EBC102AC
:10FE940009F07F01526832F8310002EBC10AADF873
:10FEA4004C00214B294650460BF1010BCAF8043093
:10FEB400FBF772FD019B8AF80480CAF8003062885F
:10FEC400BA4275D01199D00902F07F02BBF1070F35
:10FED40001EBC001496801EBC202A2F80690A4F844
:10FEE40002906ED022E000BFF84E0020F81F0020E0
:10FEF400EC1C0020741E002000C300207C1E002087
:10FF0400841E0020781D0020541D0020481D002060
:10FF14003C1D0020701D00202C1D0020341D0020DD
:10FF2400301E0020241D00200000FFFF0BF10802FA
:10FF3400BDF84C9006EB4202B945B2F90230019388
:10FF4400A1D1BDF84810069A69B10139119889B256
:10FF540000EBC10CDCF804302BB130F831E0BCF814
:10FF6400020086451AD809A902A8FBF783FADDF82E
:10FF740008A0BAF1000F40F00681DA460122A34638
:10FF840092448DF81C20BAF1070F1AD00AF1080226
:10FF940006EB4202B2F9023001936CE700EBC111A7
:10FFA40003EBC00A01301FFA81F9ACF8020078E7CC
:10FFB4000022BBF1070F69F30F0269F31F422260AD
:10FFC400B4D1774B02A8CDE9025302230493012351
:10FFD4008DF81430FCF794FE8246002800F08380EC
:10FFE4002946D346FBF7D8FC40224FF6FF778AF820
:0CFFF40004204FF0FF32CAF800204FF04C
:02000004600199
:10000000000AB6F92080BDF84C40BC4236D0E20967
:10001000119B03EBC20304F07F025B6833F83210DC
:1000200003EBC209ADF84C105F4B294648460AF174
:10003000010AC9F80430FBF7B1FC4FF00C03C9F812
:10004000008089F80430BBF80230BB4243D0119ADB
:10005000D90903F07F03BAF1070F02EBC10252681E
:1000600002EBC303DC80ABF802403ED0BDF84C404D
:100070000AF11003BC4236F91380C8D1BDF84830EC
:10008000069A5BB1013B11999BB201EBC300446836
:1000900024B131F833C041888C4514D809A902A88D
:1000A000FBF7EAF9DDF80890B9F1000F70D10122F1
:1000B00092448DF81C20BAF1070F16D00AF11002F5
:1000C00036F912809FE701EBC31304EBC10901313C
:1000D0009CB24180A8E70023BAF1070F64F30F0335
:1000E00064F31F43CBF80030C0D12846FEF72EFC46
:1000F0000898069E90B12D4C03E015F08FF80898F3
:1001000058B1336802685B680892A342F5D0014693
:100110003046984708980028F3D1069EBDF848203D
:10012000119BEAB10024DFF8848027460AE015F02D
:1001300075F8119B01342F60BDF84810A2B26F60B2
:1001400091420DD903EBC405696808460029F1D036
:1001500033685B684345EAD030469847119BE9E72E
:100160004FF6FF720021ADF84C2009AAADF84810F7
:10017000934207D032680D4952688A420BD1184623
:1001800015F04CF817B0BDE8F08FBDF80C908AE67A
:10019000BDF80C4048E719463046904717B0BDE817
:1001A000F08F00BF281D00200000FFFF65920000B7
:1001B0002DE9F04F0023A3B0B64A8DF84C300DF175
:1001C000480912924FF4802214934FF6FF731E9247
:1001D000A2F5A022ADF87C3015A9AF4B0EA8219254
:1001E00006220F9301231D91CDF8389010928DF8BF
:1001F0004430FCF787FD38B149460446FBF7CEFB97
:1002000004232371A54B2360A54B0A250EA8109546
:10021000CDE90E9301238DF84430A24B9E79FCF773
:1002200071FD044620B14946FBF7B8FB25712660F5
:100230009C4B0EA8D3F807509B4BCDF838900F93EA
:100240000923109301238DF84430FCF75BFD04462D
:1002500028B14946FBF7A2FB0E2325602371934B7F
:100260000EA8CDE90E930923109301238DF8443095
:100270008C4BDD7AFCF746FD044628B14946FBF776
:100280008DFB0A2325602371894B0EA8CDE90E93BF
:100290000723109301238DF84430FCF733FD034608
:1002A00048B149460390FBF779FB4022039B1A7142
:1002B0004FF0FF321A607B4AD27A002A00F0CB81DD
:1002C0004FF0010BDFF8DCA1CDE904B3049B5E1E07
:1002D000059B002B00F0AD81BDF87C304FF6FF721E
:1002E000934200F01D83D9091D9A02EBC1025468A4
:1002F00003F07F0234F8321004EBC204ADF87C1036
:100300006C4A4FF6FF716260059A52888A4200F08B
:100310002D841D99D00902F07F0201EBC0014968CC
:1003200001EBC202D380059A494620465380FBF771
:1003300035FB20230422604923714FF0FF33204610
:1003400023604B46FBF73AF99AF80C7005460028F3
:1003500000F0538549462846FBF720FB0A232F600F
:100360002B7123799AF80D70002B40F00F83202316
:1003700023714FF0FF3323604B46082220464F493C
:10038000FBF71CF90546002800F0838449462846FF
:10039000FBF704FB0A232F602B7123799AF80E7068
:1003A000002B40F0DF83202323714FF0FF332360C5
:1003B0004B46082220464249FBF700F90546002833
:1003C00000F0DF8449462846FBF7E8FA0A232F604D
:1003D0002B7123799AF80F70002B00F0D182202B1B
:1003E00040F027814B460C2220463649FBF7E6F8C1
:1003F0000546002800F0108449462846FBF7CEFA4F
:100400000A232F602B711A23264A03FB06231F8A17
:100410002379002B00F0AE82202B40F00A814B465E
:10042000062220462849FBF7C9F80546002800F0B7
:10043000B78349462846FBF7B1FA0A232F602B7190
:100440002379002B00F09082202B40F0F2804B4665
:10045000052220461D49FBF7B1F88346002800F02D
:10046000558449465846FBF799FA40238BF80430E7
:100470004FF0FF33CBF80030BBF1000F00F0D98014
:100480001A23D046CDF81CA003FB06F300260393E5
:10049000A1E000BFF84E0020F81F0020EC1C002057
:1004A000901E002040C300209C1E0020A81E00209B
:1004B000B41E00200000FFFFBC1E0020C41E002050
:1004C000D01E0020DC1E0020EC1E0020F41E0020A8
:1004D000D9091D9A02EBC102546803F07F0234F877
:1004E000321004EBC204ADF87C10AF4A4FF6FF7136
:1004F0006260BBF802208A4200F0FB801D99D0099F
:1005000002F07F0201EBC001496801EBC202D38017
:1005100049462046ABF80230FBF740FA2023072279
:10052000A24923714FF0FF33204623604B46FBF76F
:1005300045F898F812700546002800F09981494660
:100540002846FBF72BFA0A232F602B71039A06EB40
:100550008603B5001344964A1344B3F813A02379D5
:10056000002B5FD1202323714FF0FF3323604B46D4
:10057000072220468F49FBF721F80746002800F0A4
:100580001F8149463846FBF709FA0A23C7F800A03D
:100590003B71039B35441D44854B1D442379B5F8BD
:1005A0001570002B38D0202B3ED14B460822204618
:1005B0008149FBF703F80546002800F09D800136CD
:1005C00049462846FBF7EAF90A23042E2F602B71CF
:1005D0002DD008F10508BDF87C304FF6FF7293422C
:1005E0007FF476AFBDF87830129A002B71D0013BC2
:1005F0001D999BB201EBC3004468002C69D031F80F
:10060000335041888D4264D901EBC31304EBC1041C
:1006100001319BB2418068E7202323714FF0FF3303
:100620002360C2E7202BA2D00136042ED1D1DDF801
:100630001CA004990AF11A0A5D4BCAB2DB7A082998
:1006400018BF934201F101028CBF012300230492E1
:10065000002B7FF43BAE4846FEF778F91498129EC3
:1006600090B1564C03E014F0D9FD149858B133689A
:1006700002685B681492A342F5D001463046984761
:1006800014980028F3D1129EBDF878201D9B002AF3
:1006900000F070820024DFF8248127460BE014F07C
:1006A000BDFD1D9B01342F60BDF87810A2B26F60B4
:1006B000914240F25F8203EBC40569680846002955
:1006C000F0D033685B684345E9D0304698471D9BBE
:1006D000E8E715A90EA8FAF7CFFE0E9C002C40F013
:1006E000DF8301360123042E8DF84C307FF471AF87
:1006F0009DE7ABF800300BE72F4BBDF87CA00E93C5
:1007000008230F9301238DF840304FF6FF739A456D
:1007100000F067814FEADA121D9B03EBC2030AF077
:100720007F025B6833F8321003EBC203ADF87C1034
:100730000693069B1C4A5A604FF6FF73BDF87C1067
:100740009942089100F0E981CA091D9B03EBC2039D
:100750005D6801F07F0335F8332005EBC305ADF884
:100760007C20114B06986B600EABCDF800900ECB41
:10077000FBF71EFD00283FF457AF069B089ADA806E
:100780004FF6FF726388934200F073831D9AD90974
:1007900003F07F0302EBC102526802EBC303A3F82C
:1007A00006A0089B63800AE70000FFFFFC1E0020F4
:1007B00040C30020041F00200C1F00206592000091
:1007C000A94BBDF87C100E93072308910F930123CA
:1007D0008DF840304FF6FF73994200F0DB80CA0974
:1007E0001D9B03EBC20301F07F025B6833F83210FC
:1007F00003EBC203ADF87C100693069B9B4A5A603C
:100800004FF6FF73BDF87C109942099100F06081AA
:10081000CA091D9B03EBC2035F6801F07F0337F831
:10082000332007EBC307ADF87C20904B0EAA069847
:100830007B60CDF800900ECAFBF7BAFC00283FF4AD
:10084000A8AE069B099ADA804FF6FF72638893423E
:1008500000F015831D9AD90903F07F0302EBC10252
:10086000526802EBC303089ADA80099B638088E62A
:100870007F4BBDF87CA00E9307230F9301238DF8C7
:1008800040304FF6FF739A4500F0D1804FEADA12FC
:100890001D9B03EBC2030AF07F025B6833F8321042
:1008A00003EBC203ADF87C100693069B6F4A5A60B7
:1008B0004FF6FF73BDF87C109942089100F0E48078
:1008C000CA091D9B03EBC2035D6801F07F0335F885
:1008D000332005EBC305ADF87C20644B0EAA0698C7
:1008E0006B60CDF800900ECAFBF762FC00283FF465
:1008F0002DAE069B089ADA804FF6FF72638893420A
:1009000000F0BA821D9AD90903F07F0302EBC102FD
:10091000526802EBC303A3F806A0089B63800EE6AF
:10092000BDF87830129A5BB1013B1D999BB201EB87
:10093000C300446824B131F8335041888D420BD84C
:1009400015A90EA8FAF798FD0E9C002C40F0B8826D
:1009500001238DF84C306CE601EBC31304EBC104AA
:1009600001319BB24180CBE4202323714FF0FF3350
:1009700023606CE5202323714FF0FF3323604EE5A5
:10098000202323714FF0FF3323602BE5202B3FF40E
:10099000F3AC4EE6BDF87830129A5BB1013B1D997D
:1009A0009BB201EBC300476827B131F833C04188DF
:1009B0008C450CD815A90CA8FAF75EFD0C9B069384
:1009C000002B40F08A8201238DF84C30E1E507EBE3
:1009D000C10201EBC31306924A1C9BB242800893EA
:1009E0000BE7BDF87830129A5BB1013B1D999BB2C1
:1009F00001EBC300456825B131F833C041888C450F
:100A00000BD815A90CA8FAF737FD0C9B0693002B01
:100A10003FF467AEBDF834A08BE605EBC10201EBF5
:100A2000C31306924A1C1FFA83FA428081E6BDF87E
:100A30007830129A5BB1013B1D999BB201EBC30068
:100A4000456825B131F833C041888C4512D815A9C5
:100A50000CA8FAF711FD0C9B0693002B40F03A828C
:100A600001238DF84C3071E5041F00200000FFFFCA
:100A7000FC1E002005EBC10201EBC31306924A1CC9
:100A80001FFA83FA428010E7BDF87830129A5BB102
:100A9000013B1D999BB201EBC300456825B131F8BC
:100AA00033C041888C450AD815A90CA8FAF7E4FC94
:100AB0000C9D002DD4D0BDF8343008930DE701EB28
:100AC000C31305EBC10501319BB24180089304E7D4
:100AD000BDF87830129A5BB1013B1D999BB201EBD6
:100AE000C300476827B131F833C041888C450BD823
:100AF00015A90CA8FAF7C0FC0C9F002F3FF463AFB8
:100B0000BDF83430099390E601EBC3134A1C07EBA0
:100B1000C1079BB24280099387E6BDF87830129AEC
:100B20005BB1013B1D999BB201EBC300456825B148
:100B300031F833C041888C450BD815A90CA8FAF7B9
:100B40009BFC0C9D002D3FF4CCADBDF834300893D8
:100B500007E601EBC3134A1C05EBC1059BB24280BB
:100B60000893FEE5202B3FF423AC62E5059A138041
:100B7000FFF7D9BB4FF6FF720021ADF87C2015AA14
:100B8000ADF87810934208D03268BE4952688A4264
:100B900040F09A81184614F041FB23B0BDE8F08F75
:100BA000B94B49460AA80E9306230F9301238DF8EB
:100BB0004030FAF7C7FDDDF82880B8F1000F3FF4A8
:100BC0003FAC49460CA8FAF7BDFD0C9D002D3FF443
:100BD00037AC0EABCDF8009040460ECBFBF7E8FAF1
:100BE00000283FF42DACBDF834204FF6FF71BDF85E
:100BF0002C00A8F8062063888B4200F055811D99CF
:100C00004FEAD31C03F07F0301EBCC01496801EBF1
:100C1000C303D88062800CE49C4B49460AA80E931B
:100C20000C230F9301238DF84030FAF78BFDDDF88C
:100C30002880B8F1000F3FF4E6AB49460CA8FAF75C
:100C400081FD0C9D002D3FF4DEAB0EABCDF8009086
:100C500040460ECBFBF7ACFA00283FF4D4ABBDF80E
:100C600034104FF6FF72BDF82C00A8F80610638808
:100C7000934200F01B811D9A4FEAD31C03F07F03BF
:100C800002EBCC02526802EBC303D8806180FFF70D
:100C9000B3BB7F4B49460AA80E9308230F93012349
:100CA0008DF84030FAF74EFDDDF82880B8F1000FDE
:100CB0003FF473AB49460CA8FAF744FD0C9D002D98
:100CC0003FF46BAB0EABCDF8009040460ECBFBF77C
:100CD0006FFA00283FF461ABBDF834104FF6FF7295
:100CE000BDF82C00A8F806106388934200F0E0805D
:100CF0001D9A4FEAD31C03F07F0302EBCC0252682B
:100D000002EBC303D8806180FFF740BB614B4946CB
:100D10000AA80E9305230F9301238DF84030FAF7AC
:100D200011FD0A9D002D3FF484AC49460CA8FAF74A
:100D300009FDDDF830B0BBF1000F3FF47AAC0EAB2B
:100D4000CDF8009028460ECBFBF732FA00283FF48E
:100D500070ACBDF834104FF6FF72BDF82C00E9807E
:100D60006388934200F0A6801D9ADD0903F07F039B
:100D700002EBC502526802EBC303D8806180FFF723
:100D800070BB454B49460AA80E9308230F930123D5
:100D90008DF84030FAF7D6FCDDF82880B8F1000F66
:100DA0003FF417AB49460CA8FAF7CCFC0C9D002D7C
:100DB0003FF40FAB0EABCDF8009040460ECBFBF7E7
:100DC000F7F900283FF405ABBDF834104FF6FF7279
:100DD000BDF82C00A8F80610638893426CD01D9AC9
:100DE0004FEAD31C03F07F0302EBCC02526802EB04
:100DF000C303D8806180FFF7E5BA284B49460AA8AB
:100E00000E9304230F9301238DF84030FAF79AFCD8
:100E1000DDF82880B8F1000F3FF4A3AA49460CA8DA
:100E2000FAF790FC0C9D002D3FF49BAA0EABCDF879
:100E3000009040460ECBFBF7BBF900283FF491AA87
:100E4000BDF834104FF6FF72BDF82C00A8F806105C
:100E50006388934232D01D9A4FEAD31C03F07F037C
:100E600002EBCC02526802EBC303D8806180FFF72B
:100E700071BAA4F800A094E4A4F800A04DE5089B82
:100E80002380F2E465920000EC1E0020DC1E0020AE
:100E9000C41E0020F41E0020D01E0020BC1E002016
:100EA000BDF83C30FFF721BB2080B3E62080EDE6A3
:100EB000208028E7208061E720809BE72080D5E71D
:100EC000BDF83C30FFF71CBA19463046904723B0B6
:100ED000BDE8F08FBDF834A0E7E4BDF834300893E6
:100EE0008BE400BF2DE9F043002395B03D494FF45A
:100EF00080228DF8143004AC06934FF6FF730DF189
:100F00001C080491ADF844306846374B3749CDE9A9
:100F10000F82CDE9004306220123139102928DF83E
:100F20000C30FBF7EFFE38B121460546FAF736FDE7
:100F300004222F4B2A712B602046FDF707FD0698EF
:100F4000049E90B12B4C03E014F068F9069858B158
:100F5000336802685B680692A342F5D001463046CA
:100F6000984706980028F3D1049EBDF840200F9BB7
:100F7000EAB10024DFF87C9027460AE014F04EF92D
:100F80000F9B01342F60BDF84010A2B26F609142F8
:100F90000DD903EBC405696808460029F1D0336810
:100FA0005B684B45EAD0304698470F9BE9E7002144
:100FB0004FF6FF724345ADF84010ADF8442007D01E
:100FC00032680C4952688A4205D1184614F026F955
:100FD00015B0BDE8F08319463046904715B0BDE81E
:100FE000F08300BFF84E0020F81F00200000FFFF34
:100FF000EC1C0020659200002DE9F04F91B0DFF865
:10100000DC8302250127064605900C46CDF81C809E
:10101000089506918DF82470CDE9020104A8FBF72C
:101020006FFD00287FD00379002B7CD00E950AAD90
:10103000CDF8348028468DF83C70CDE90B64FBF781
:101040005FFD002870D00379402B6DD12846FBF757
:1010500057FD8646002800F09C820379402B40F023
:10106000988203884FF6FF78434500F09282E26A47
:10107000D90903F07F0002EBC101496811EBC001FF
:1010800000F08782C9884FF0000C00E0C988C809C9
:10109000414501F07F070CF1010C02EBC00003D0C9
:1010A000416811EBC701F1D1BCF1070FA8BF4FF0A8
:1010B000070C1CF0FF0100F06C82B34688460195D6
:1010C0004FF6FF772546DFF818A39146002619460C
:1010D0007446B94200F08182C80901F07F0109EB32
:1010E000C000406810EBC10014D0C188334600E056
:1010F000C188CA0901F07F0C002B00F07F82B94241
:1011000009EBC20203F1FF3300F06782506810EB75
:10111000CC00EDD101362AF8020FF1B2884540F239
:1011200035822188D5E70AAD00279C4A02234FF07B
:10113000010804A8079208938DF82480CDE905647E
:10114000FBF7DEFC88B1017979B1944A0223284685
:101150008DF83C800D920E93CDE90B64FBF7D0FC2B
:1011600018B10379402B00F0A7818D4B28460D93D1
:1011700006230E930123CDE90B648DF83C30FBF779
:10118000BFFC90B1037983B12846FBF7B9FC48B1A5
:101190002146FBF7E7F940F6B8339842A8BF184656
:1011A00020EAE0707F4B012718807F4B28460D9383
:1011B00006230E930123CDE90B648DF83C30FBF739
:1011C0009FFC90B1037983B12846FBF799FC48B1A5
:1011D0002146FBF7C7F940F6B8339842A8BF184636
:1011E00020EAE070714B01271880714B28460D935F
:1011F00008230E930123CDE90B648DF83C30FBF7F7
:101200007FFC80B1037973B12846FBF7F5FCDFED75
:10121000697AB4EEE70AF1EE10FA40F13181664BDB
:101220000127C3ED007A654B28460D9304230E93E6
:101230000123CDE90B648DF83C30FBF761FCB0B1C4
:101240000379A3B12846FBF7D7FCB5EEC00AF1EE4F
:1012500010FA00F12981F3EE047AB4EEE70AF1EE18
:1012600010FA37FE800A564B012783ED000A554BD2
:1012700028460D9308230E930123CDE90B648DF8C6
:101280003C30FBF73DFC80B1037973B12846FBF796
:10129000B3FCDFED487AB4EEE70AF1EE10FA40F164
:1012A000E280494B0127C3ED007A484B28460D9355
:1012B00009230E930123CDE90B648DF83C30FBF735
:1012C0001FFCE0B10379D3B12846FBF719FC0028D5
:1012D00000F0ED802146FBF745F93D4B023083FBE2
:1012E0000032C317C3EB620303EB83035F2BA8BF7A
:1012F0005F23052BB8BF0523364A01271370364BF1
:101300004FF0010828460D930F238DF83C800E9373
:10131000CDE90B64FBF7F4FB002871D00379002BB7
:101320006ED02846FBF7ECFB002865D0027912F05E
:1013300010030ED003884FF6FF718B4200F06E81D0
:10134000DF0903F07F01E36A03EBC7035B6803EB8C
:10135000C1031E2A00F2A180DFE812F05D019F00A8
:101360009F009F009F009F003C019F009F009F00E7
:101370001D019F001D019F0024019F009F009F00F1
:101380009F009F009F009F009F009F009F009F0065
:1013900044009F0044009F00300100BF281D002032
:1013A0002C1D00206AC60020341D00206CC60020C1
:1013B0003C1D0020CDCCCC3D94510020781D002058
:1013C00020C40020481D00208C510020541D002006
:1013D00067666666D2540020601D0020241D002030
:1013E00022C40020D3E900231A4314BF4FF00108A0
:1013F0004FF0000888F00108894B012783F800802E
:10140000884B062228460D9301230E928DF83C301E
:10141000CDE90B64FBF774FBF0B10379E3B1284627
:10142000FBF76EFB002844D02146FBF74FF942F250
:1014300010739842A8BF1846B0F5FA7FB8BF4FF4B2
:10144000FA70794B1860F8F78FFA05F0E1F811B0EF
:10145000BDE8F04FFFF746BD002FF8D0F8F784FA4B
:1014600005F0D6F8F3E7F2EE0E7A704B0127B4EEF2
:10147000E70AF1EE10FA77FE807AC3ED007A14E7FE
:10148000F2EE0E7A6A4B0127B4EEE70AF1EE10FA9B
:1014900077FE807AC3ED007AC5E64FF00008604B16
:1014A000012783F80080ABE79FED620ADBE60523A6
:1014B00022E74FF4FA70C4E72846FBF721FB864683
:1014C000002861D00379402B5ED103884FF6FF7866
:1014D000434559D0E76ADA0903F07F0107EBC202FE
:1014E000526812EBC1024FD0D2884FF0000C00E0DE
:1014F000D288D109424502F07F000CF1010C07EBC4
:10150000C10103D04A6812EBC002F1D1BCF1070F50
:10151000A8BF4FF0070C1CF0FF0135D0B346A24620
:1015200001950C464FF6FF784FF00009424E1946E0
:101530007546414553D0C80901F07F0107EBC00053
:10154000406810EBC10012D0C1884B4600E0C18852
:10155000CA0901F07F0C002B43D0414507EBC202C2
:1015600003F1FF333BD0506810EBCC00EFD109F111
:10157000010926F8020F5FFA89F1A14201D22988F8
:10158000D7E75E465446019D0127EEE52C465E46B0
:10159000019D0127C9E50368B3F1000818BF4FF0AA
:1015A000010827E7D0ED007AF5EE407AF1EE10FA67
:1015B00014BF4FF001084FF000081BE793ED007BCC
:1015C000B5EE407BF1EE10FA14BF4FF001084FF07A
:1015D00000080FE790F800800CE700209AE5002053
:1015E000C5E75146FAF7BEFFB0F5FA7F134BA8BF27
:1015F0004FF4FA709842B8BF1846B8E72946FAF790
:10160000B1FFB0F5FA7F0D4BA8BF4FF4FA709842C6
:10161000B8BF18467EE54FF00108EDE6002398E6D6
:10162000A1C60020701D00209C5100208C5100207C
:10163000945100200000000032C400200CFEFFFF87
:1016400070B5092388B06A4A0546069301230390C2
:101650000C468DF81C30CDE9000102A8CDE904123A
:10166000FBF74EFA002800F0C1800379002B00F050
:10167000BD8002A8FBF7C0FAB5EEC00AF1EE10FA81
:1016800000F1A780F7EE007AB4EEE70AF1EE10FA67
:1016900037FE800A574B012683ED020A564B02A8FB
:1016A00005930A2306930123CDE903548DF81C30DA
:1016B000FBF726FAB0B10379A3B102A8FBF79CFAB5
:1016C000B5EEC00AF1EE10FA00F18D80F3EE047A67
:1016D000B4EEE70AF1EE10FA37FE800A454B012618
:1016E00083ED030A454B02A805930B2306930123C0
:1016F000CDE903548DF81C30FBF702FAB8B1037939
:10170000ABB102A8FBF778FADFED3D7AB4EEE70A59
:10171000F1EE10FA07D4F1EE047AB4EEE70AF1EE36
:1017200010FA77FE807A334B0126C3ED047A354BED
:1017300002A805930B2306930123CDE903548DF8EA
:101740001C30FBF7DDF9B8B10379ABB102A8FBF7A8
:1017500053FADFED2B7AB4EEE70AF1EE10FA07D474
:10176000F7EE007AB4EEE70AF1EE10FA77FE807A2F
:10177000204B0126C3ED057A23490922012302A843
:10178000CDE90354CDE905128DF81C30FBF7B8F90B
:1017900010B3037903B302A8FBF72EFAF6EE007A32
:1017A000B4EEE70AF1EE10FA07D4F0EE087AB4EEE0
:1017B000E70AF1EE10FA77FE807A0E4BC3ED067A57
:1017C000F8F7D2F804F024FF08B0BDE87040FFF746
:1017D00089BB9FED0E0A5DE7002EF1D108B0BDE890
:1017E0007040FFF77FBB9FED090A77E7002655E7BA
:1017F000181E0020C0C20020241E0020301E002021
:10180000CDCCCC3D3C1E0020481E00200000000036
:101810002DE9F04F91B0DFF8EC820A26012705464A
:1018200005900C46CDF81C80089606918DF8247022
:10183000CDE9020104A8FBF763F9002800F08280DB
:101840000379002B7ED00E960AAECDF83480304658
:101850008DF83C70CDE90B54FBF752F9002872D09B
:101860000379402B6FD13046FBF74AF90246002836
:1018700000F021810079402840F01D8113884FF647
:10188000FF7E734500F01781D909E76A03F07F03F3
:1018900007EBC101496811EBC30100F00C81CB8853
:1018A0004FF0000900E0DB88D909734503F07F0C95
:1018B00009F1010907EBC10103D04B6813EBCC031D
:1018C000F1D1B9F1040FA8BF4FF0040919F0FF03DB
:1018D0009B4600F0F08040284FF000094FF6FF785B
:1018E0002ED1118841452BD0C80901F07F0107EBAB
:1018F000C000406810EBC10015D0C1884B4600E025
:10190000C1884FEAD11A01F07F0E002B00F0E3806E
:10191000414507EBCA0A03F1FF3311D0DAF804009E
:1019200010EBCE00ECD1734B03F8090009F101096B
:101930005FFA89F18B4540F2BE8010794028D0D003
:101940000020F0E70AAE4FF00009DFF8BCA14FF02D
:101950000508012704A8CDF81CA0CDF820808DF83B
:101960002470CDE90554FBF7CBF870B1037963B16E
:1019700030468DF83C70CDE90DA8CDE90B54FBF74E
:10198000BFF810B10379402B2BD05B4B0B223046B4
:101990000D9301230E928DF83C30CDE90B54FBF7EB
:1019A000AFF8B0B10379A3B13046FBF7A9F820B185
:1019B0002146FAF7D7FD80F30100504B83F82C0045
:1019C000F7F7D2FF04F024FE11B0BDE8F04FFFF7A7
:1019D00089BAB9F1000FF7D0F7F7C6FF04F018FE87
:1019E000F2E73046FBF78CF80746002860D0017913
:1019F00040295DD103884FF6FF7E734558D0DA0940
:101A0000D4F82C8003F07F0308EBC202526812EB7B
:101A1000C3024DD0D3884FF0000C00E0DB88DA0918
:101A2000734503F07F000CF1010C08EBC20203D0F8
:101A3000536813EBC003F1D1BCF1100FA8BF4FF0F6
:101A4000100C1CF0FF039B4632D040294FF00002DF
:101A50004FF6FF7A2AD13988514527D0C809D4F8E2
:101A60002CE001F07F010EEBC000406810EBC100DC
:101A700013D0C188134600E0C1884FEAD11901F0A4
:101A80007F08DBB151450EEBC90903F1FF330DD0DF
:101A9000D9F8040010EBC800EED1194B985401326C
:101AA000D1B28B4504D939794029D4D00020F4E74C
:101AB0004FF0010969E74FF0010946E7214601921D
:101AC000FAF750FD019AC0B2011FC9B2E329E4D967
:101AD0000028E4D1E1E721460192FAF743FD019A9B
:101AE000C0B2011FC9B2E3297FF61DAF00287FF401
:101AF0001DAF18E7DCC20020541E0020C0C2002029
:101B0000F0C20020681E0020601E00202DE9F04772
:101B1000072390B0A54A06460E9301230B900C466E
:101B20008DF83C30CDE902010AA8CDE90C12FAF794
:101B3000E7FF002800F0FD810379002B00F0F98118
:101B40000AA8FAF7DDFF38B12146FAF70BFD09289C
:101B5000A8BF092020EAE070954D85F837000125DF
:101B6000944B0AA80D9307230E930123CDE90B6430
:101B70008DF83C30FAF7C4FF88B103797BB10AA82D
:101B8000FAF7BEFF38B12146FAF7ECFC0928A8BFE6
:101B9000092020EAE070864D85F838000125864B43
:101BA0000AA80D9308230E930123CDE90B648DF849
:101BB0003C30FAF7A5FF70B1037963B10AA8FAF7D0
:101BC0009FFF20B12146FAF7CDFC80F30500784D48
:101BD00085F839000125794B0AA80D9304230E934B
:101BE0000123CDE90B648DF83C30FAF789FFC0B1D1
:101BF0000379B3B10AA8FAF7FFFFB5EEC00AF1EE18
:101C000010FA00F19381F3EE047AB4EEE70AF1EEF4
:101C100010FA37FE800A664D10EE103AC5F82E30E5
:101C20000125674B0AA80D9309230E930123CDE9E3
:101C30000B648DF83C30FAF763FFE8B10379DBB150
:101C40000AA8FAF75DFF002800F075812146FAF72F
:101C500089FC5C4B023083FB0032C317C3EB620389
:101C600003EB83035F2BA8BF5F23052BB8BF0523BE
:101C70004F4D85F836300125534B0AA80D930823A4
:101C80000E930123CDE90B648DF83C30FAF738FF51
:101C900090B1037983B10AA8FAF7AEFFDFED4B7A72
:101CA000B4EEE70AF1EE10FA40F13181404D17EE43
:101CB000903AC5F80A300125454B0AA80D93082330
:101CC0000E930123CDE90B648DF83C30FAF718FF31
:101CD00090B1037983B10AA8FAF78EFFDFED3B7A62
:101CE000B4EEE70AF1EE10FA40F10281304D17EE42
:101CF000903AC5F806300125364B0AA80D93062305
:101D00000E930123CDE90B648DF83C30FAF7F8FE11
:101D1000C0B10379B3B10AA8FAF7F2FE002800F0C7
:101D20000C812146FAF7D2FC42F210739842A8BF08
:101D30001846B0F5FA7FB8BF4FF4FA701C4DC5F8DD
:101D40000E000125244B0AA80D9306230E930123B0
:101D5000CDE90B648DF83C30FAF7D2FE90B10379EF
:101D600083B10AA8FAF7CCFE48B12146FAF7FAFB8C
:101D700040F6B8339842A8BF184620EAE0700C4DF0
:101D800068860125154B0AA80D9306230E9301239F
:101D9000CDE90B648DF83C30FAF7B2FE68B30379F5
:101DA0005BB30AA8FAF7ACFE20B319E0741E00205A
:101DB00000C300207C1E0020841E0020781D00200F
:101DC000541D002067666666481D0020CDCCCC3DC2
:101DD0003C1D0020701D00202C1D0020341D002003
:101DE0002146FAF7BFFB40F6B8339842A8BF184621
:101DF00020EAE070A44DA8860125A44B0AA80D9303
:101E00000B230E930123CDE90B648DF83C30FAF7D8
:101E100077FEC0B10379B3B10AA8FAF7EDFEF7EE89
:101E2000007AB4EEE70AF1EE10FA07D4DFED987A03
:101E3000B4EEE70AF1EE10FA77FE807A924D17EED3
:101E4000903AEB630125934B4FF00208012704A859
:101E50000793CDF820808DF82470CDE90564FAF75A
:101E60004FFE78B102796AB18A4B0AA88DF83C70AE
:101E7000CDE90D38CDE90B64FAF742FE10B10379D4
:101E8000402B5DD00223844F04A8089301230797B9
:101E90008DF82430CDE90564FAF732FE80B103797C
:101EA00073B102230AA80B960E930123CDE90C47C8
:101EB0008DF83C30FAF724FE10B10379402B05D0A1
:101EC0006DB910B0BDE8F047FFF70CB80AA8FAF7F3
:101ED00017FE824618B10379402B00F09880F7F77F
:101EE00043FD04F095FB10B0BDE8F047FEF7FABFE4
:101EF000F2EE0E7A644DB4EEE70AF1EE10FA77FED8
:101F0000807A17EE903AC5F806300125F4E6F2EE35
:101F10000E7A5D4DB4EEE70AF1EE10FA77FE807AA4
:101F200017EE903AC5F80A300125C5E69FED5B0A29
:101F300071E6002514E605239AE64FF4FA70FDE6F3
:101F40000AA8FAF7DDFD8246002800F0C580037973
:101F5000402B40F0C18001884FF6FF7C614500F0C6
:101F6000BB80E36ACA0901F07F0003EBC20252683A
:101F700012EBC00200F0B080D288002700E0D288C7
:101F8000D009624502F07F0507F1010703EBC000AD
:101F900003D0426812EBC502F1D1072FA8BF072773
:101FA00017F0FF02914600F097800027364D4FF65C
:101FB000FF72914200F0A580C80901F07F0103EB98
:101FC000C000406810EBC10017D0C188BC4600E0DB
:101FD000C1884FEAD11801F07F0EBCF1000F00F06C
:101FE0009480914203EBC8080CF1FF3C00F089801B
:101FF000D8F8040010EBCE00EAD105EB4701013719
:102000004882F9B2494567D2BAF80010D1E7018891
:102010004FF6FF77B9423FF462AFE36ACA0901F0B5
:102020007F0003EBC202526812EBC0023FF457AFCD
:10203000D288002600E0D288D009BA4202F07F059B
:1020400006F1010603EBC00003D0426812EBC502A3
:10205000F1D1072EA8BF072616F0FF0291463FF4E4
:102060003EAF0026084D4FF6FF7841454BD0C809DA
:1020700001F07F0103EBC000406810EBC1001FD0EE
:10208000C18832460DE000BF00C30020301E002092
:1020900000000044241D0020281D00200000000036
:1020A000C188CF0901F07F0E002A3FD0414503EBE4
:1020B000C70702F1FF3226D0786810EBCE00EFD1CF
:1020C00006F11001013625F81100F1B24945BFF4BF
:1020D00006AFBAF80010C8E702231C4F04A8089303
:1020E000012307978DF82430CDE90564FAF708FD40
:1020F00000283FF4F4AE0379002B3FF4F0AE012545
:10210000CFE6002079E70020DAE721460193FAF7CD
:1021100029FAB0F5FA7F0E4B4FF6FF72A8BF4FF4C5
:10212000FA709842B8BF1846019B66E721460193B2
:10213000FAF718FAB0F5FA7F054BA8BF4FF4FA701A
:102140009842B8BF1846019BBAE700BF281D00207F
:102150000CFEFFFF2DE9F04F99B0A94F0A2601258B
:1021600004460D9088460F9710960E918DF84450B6
:10217000CDE90A010CA8FAF7C3FC002846D0037980
:10218000002B43D00DF148091597169648468DF857
:102190005C50CDE91348FAF7B3FCC8B3027912F0EA
:1021A00010030FD003884FF6FF718B4200F07A8541
:1021B000DD0903F07F01D8F82C3003EBC5035B6821
:1021C00003EBC1031E2A00F2B980DFE812F0210000
:1021D000B700B700B700B700B7009F03B700B7005C
:1021E000B7008403B7008403B700AB00B700B700A3
:1021F000B700B700B700B700B700B700B700B70027
:10220000B7007A03B7007A03B70092030DF14809CB
:102210007C4B484615930A2316930123CDE91348B6
:102220008DF85C30FAF76CFCB0B10379A3B1484685
:10223000FAF766FC002800F078834146FAF7FAFACC
:10224000031E18BF0123704882799A4204D083711B
:102250000126F8F7F7FE00E000266C4B4846159380
:10226000092316930123CDE913488DF85C30FAF762
:1022700047FC002853D00379002B50D04846FAF78A
:10228000BBFCB5EEC00AF1EE10FA00F14B83DFEDB6
:10229000607AB4EEE70AF1EE10FA37FE800A5A4A85
:1022A00010EE103A4FF0010AC2F80730DFF864B1BF
:1022B000072701250CA8CDF83CB010978DF84450A5
:1022C000CDE90D48FAF71CFC78B103796BB14846AB
:1022D00013948DF85C50CDF85080CDE915B7FAF71E
:1022E0000FFC10B10379402B2DD04EB9BAF1000F7D
:1022F0000CD104F08DF919B0BDE8F04FFEF7F2BD36
:102300004148F7F739F9BAF1000FF2D0F7F72CFB93
:1023100004F07EF919B0BDE8F04FFEF7E3BD4FF0D1
:10232000000AC3E7D0ED007AF5EE407AF1EE10FA3C
:1023300014BF01230023002B3FF46AAF19B0BDE89E
:10234000F04FF8F785BE4846FAF7DAFB019000280F
:1023500000F0C9820379402B40F0C58203884FF614
:10236000FF74A34200F0BF82DA09D8F82C5003F0C2
:102370007F0305EBC202526812EBC30200F0B38286
:10238000D388002000E0DB88DA09A34203F07F0154
:1023900000F1010005EBC20203D0536813EBC10347
:1023A000F1D10828DFF860E0A8BF0820C3B202938B
:1023B0008EF80B30002B00F0B081079600270EF14D
:1023C00014044FF6FF7A4FF0010B4646CDF800E0BB
:1023D000019A1379402B40F09E821388534500F0F8
:1023E0009A82DA09D6F82CC003F07F030CEBC20204
:1023F000556815EBC30521D0EB8839460DE000BFC9
:10240000181F0020901E002040C300209C1E0020AA
:1024100000004842B41E0020EB88DA0903F07F0078
:10242000002900F07A8253450CEBC20201F1FF3122
:1024300000F07182556815EBC005EDD11A21009BA3
:10244000A4F1140244F808BC01FB07336FF0050146
:10245000039219744FF00001597413464FF00002B3
:1024600005335A738D4AC3F80E20A342F6D18C4B24
:1024700048468DF85CB015930423CDE913561693A6
:10248000FAF73EFB48B3037913F010020DD002882F
:10249000524500F005844FEAD21CF16A02F07F0E2B
:1024A00001EBCC014A6802EBCE020A3B122B14D896
:1024B000DFE813F001021300F8011300130013000A
:1024C0001300130013001300130013001300130074
:1024D00013001300EE011300DB010120714B04F81F
:1024E000080C4846159308238DF85CB01693CDE987
:1024F0001356FAF705FB50B3037913F010020DD011
:102500000288524500F0CA834FEAD21CF16A02F0F9
:102510007F0E01EBCC014A6802EBCE020A3B122B84
:1025200014D8DFE813F070011300670113001300E3
:102530001300130013001300130013001300130003
:102540001300130013005D0113004A010020564BD5
:1025500004F8070C4846159308238DF85CB01693D1
:10256000CDE91356FAF7CCFA50B3037913F0100201
:102570000DD00288524500F08F834FEAD21CF16AD9
:1025800002F07F0E01EBCC014A6802EBCE020A3B5F
:10259000122B14D8DFE813F0630113005A01130063
:1025A0001300130013001300130013001300130093
:1025B0001300130013001300500113003D0100200D
:1025C0003A4B04F8060C484615930C238DF85CB082
:1025D0001693CDE91356FAF793FA70B3037913F013
:1025E00010020DD00288524500F054834FEAD21CED
:1025F000F16A02F07F0E01EBCC014A6802EBCE02D9
:102600000A3B122B18D8DFE813F013001700CF0095
:102610001700170017001700170017001700170002
:1026200017001700170017001700C5001700B200A9
:102630000368FF2B40F2AA8000201D4B04F8050C14
:102640004846159306238DF85CB01693CDE91356D2
:10265000FAF756FA002832D0037913F010020DD0A1
:102660000288524500F014834FEAD21CF16A02F04E
:102670007F0E01EBCC014A6802EBCE020A3B122B23
:102680001DD8DFE803F0171C5C1C1C1C1C1C1C1C48
:102690001C1C1C1C1C1C681C540000BF50003C006F
:1026A000BC1E0020C41E0020D01E0020DC1E002006
:1026B000EC1E00200368DB43DB0F002B3FD1FA2028
:1026C0009B4B1A21009A4FF005080F9301FB07233B
:1026D0008DF844B018820CA8CDF84080CDE90D5695
:1026E000FAF70EFA88B103797BB1914B48461395FE
:1026F000CDF85880149615938DF85CB0FAF700FA6F
:1027000018B10379402B00F019810137029A1A346D
:10271000FBB29A423FF65CAE079E8648F8F792FC01
:10272000002E3FF4F3AD8348F6F726FFEEE513687D
:1027300013F10043536843F10003002BBFD131462E
:10274000F9F710FFB0F5FA7FA8BF4FF4FA703228FE
:10275000B8BF3220B4E71368B3F1004F536873F188
:10276000000334BF01230023002BE8D1A7E7D2E9FF
:102770000023002BFFF660AFB2F5807F73F10003FA
:10278000B4BF01230023002B3FF456AF3146FAF7C4
:1027900051F852E71368B3F5807F536873F1000373
:1027A00034BF01230023EEE70368002BFFF644AF9C
:1027B000FF2BCCBF00230123E5E7D2E90023002B48
:1027C000FFF6C4AEB2F5807F73F10003B4BF0123FE
:1027D0000023002B3FF4BAAE3146FAF72BF8B6E6E9
:1027E0001368B3F5807F536873F1000334BF01238E
:1027F0000023EEE70368002BFFF6A8AEFF2BCCBF4B
:1028000000230123E5E70368FF2B8CBF002301238E
:10281000DFE7D2E90023002BFFF6D1AEB2F5807FCF
:1028200073F10003B4BF01230023002B3FF4C7AEB4
:102830003146F9F7FFFFC3E61368B3F5807F5368AD
:1028400073F1000334BF01230023EEE70368002B7C
:10285000FFF6B5AEFF2BCCBF00230123E5E70368ED
:10286000FF2B8CBF00230123DFE7D2E90023002BDD
:10287000FFF633AEB2F5807F73F10003B4BF0123DE
:102880000023002B3FF429AE3146F9F7D3FF25E6AC
:102890001368B3F5807F536873F1000334BF0123DD
:1028A0000023EEE70368002BFFF617AEFF2BCCBF2B
:1028B00000230123E5E70368FF2B8CBF00230123DE
:1028C000DFE7D3E900231A4314BF01230023002BC1
:1028D0003FF49EAC32E50368003B18BF0123002B98
:1028E0003FF496AC2AE5DFF84CE000238EF80B307D
:1028F00013E793ED007BB5EE407BF1EE10FA14BFC9
:1029000001230023002B3FF483AC17E50378002B51
:102910003FF47EAC12E5002590E52B79202B18BF03
:102920000D468BE59FED040AB9E403468BE400BF36
:10293000F41E002040C30020000000004846FAF7C3
:10294000DFF8059000283FF4E0AE0579402D7FF4D4
:10295000DCAE03884FF6FF7C63453FF4D6AEDA0960
:10296000D6F82CE003F07F030EEBC202526812EBA4
:10297000C3023FF4CAAED388002000E0DB88DA0946
:10298000634503F07F0100F101000EEBC20203D0AA
:10299000536813EBC103F1D10428A8BF042010F041
:1029A000FF0306933FF4B1AE1A2308974FF6FF7862
:1029B000099403FB07F3002704932B46039D402B48
:1029C00040F0E880059B1B88434500F0E380DA096E
:1029D000D6F82CC003F07F030CEBC202546814EB52
:1029E000C30414D0E388394600E0E388DA0903F031
:1029F0007F00002900F03C8143450CEBC20201F14D
:102A0000FF3100F0C780546814EBC004EDD1954B42
:102A100048461593072316934FF00103CDE913465B
:102A20008DF85C30FAF76CF878B3037913F0100284
:102A30000DD00188414500F038814FEAD11CF26A7F
:102A400001F07F0102EBCC02526802EBC1020A3BAB
:102A5000122B19D8DFE813F000011800F700180056
:102A600018001800180018001800180018001800A6
:102A70001800180018001800E70018001300D2E929
:102A80000023002B80F2FC800020774BA87448467E
:102A90001593072316934FF00103CDE913468DF8E4
:102AA0005C30FAF72DF828B3037913F010020DD03B
:102AB0000188414500F0FD804FEAD11CF26A01F027
:102AC0007F0102EBCC02526802EBC1020A3B122BDF
:102AD00010D8DFE803F00A0F610F0F0F0F0F0F0F71
:102AE0000F0F0F0F0F0F9C0F90000368DB43DB0FDE
:102AF000002B51D150205D4B049A15930823169357
:102B00004FF001038DF85C3007EB87031344009A04
:102B10001344A3F813004846CDE91346BC00F9F767
:102B2000EFFF28B3037913F010020DD0028842455D
:102B300000F0BD804FEAD21EF16A02F07F0C01EB7B
:102B4000CE014A6802EBCC020A3B122B0FD8DFE819
:102B500003F00A0E2F0E0E0E0E0E0E0E0E0E0E0EA1
:102B60000E0E460E3A000368DB43DB0F03BB00206A
:102B70003C44049B0137069A1C44009B1C44FBB256
:102B80009A42A4F8150078D9059B05351B79402B8E
:102B90003FF418AF00243AE73146F9F7E3FCB0F50B
:102BA000FA6FA8BF4FF4FA600128B8BF0120A2E76E
:102BB0003146F9F7D7FCB0F5FA6FA8BF4FF4FA60C9
:102BC00020EAE070D4E7136813F10043536843F13F
:102BD0000003B3FA83F35B09002BE9D1C7E713685D
:102BE000B3F1004F536873F1000334BF0123002396
:102BF000002BDDD1BBE7136813F10043536843F1A9
:102C00000003B3FA83F35B09002BC5D172E71368A5
:102C1000B3F1004F536873F1000334BF0123002365
:102C2000002BB9D166E71368B3F5807F536873F161
:102C3000000334BF01230023002B3FF425AF3146AE
:102C4000F9F7F8FD21E70368002BFFF61DAFFF2B16
:102C5000CCBF00230123EFE70368FF2B8CBF0023C9
:102C60000123E9E7FC1E0020041F00200C1F0020A8
:102C70002379202B18BF0C46C9E6DDE9087444E52A
:102C8000B2F5807F73F10003B4BF01230023D3E7C3
:102C90000022F3E40022B3E4002278E400223DE4C1
:102CA000002202E40023FFF78DBA0022CFE60022C3
:102CB0004AE700220AE700BF2DE9F04F91B0DFF8A4
:102CC00074830A270126044605900D46CDF81C8022
:102CD000089706918DF82460CDE9020104A8F9F760
:102CE0000FFF002845D00379002B42D00E970AAF82
:102CF000CDF8348038468DF83C60CDE90B45F9F7C6
:102D0000FFFEB8B3027912F010030ED003884FF61D
:102D1000FF718B4200F0C882DE0903F07F01EB6A8D
:102D200003EBC6035B6803EBC1031E2A00F2CF80EE
:102D3000DFE812F02000CD00CD00CD00CD00CD00A9
:102D4000A502CD00CD00CD008702CD008702CD00C9
:102D5000C100CD00CD00CD00CD00CD00CD00CD0017
:102D6000CD00CD00CD00CD007D02CD007D02CD0097
:102D700098020AAFAA4B38460D930A230E930123FB
:102D8000CDE90B458DF83C30F9F7BAFE002800F08C
:102D900090800379002B00F08C803846F9F7B0FE64
:102DA00028B12946F9F746FD003818BF01209D4B90
:102DB000012698719C4B38460D930C230E930123EA
:102DC000CDE90B458DF83C30F9F79AFE00285CD030
:102DD0000379002B59D03846F9F70EFFB5EEC00A3B
:102DE000F1EE10FA00F15782DFED907AB4EEE70AC7
:102DF000F1EE10FA37FE800A10EE103A894ADFF839
:102E0000388201269360052304A8CDF81C8008931E
:102E10008DF82460CDE90545F9F772FE68B30379B2
:102E20005BB3052338460B940E930123CDE90C5870
:102E30008DF83C30F9F764FE10B10379402B4BD08C
:102E4000DEB911B0BDE8F04FFEF74CB80368DB43C4
:102E5000DB0F002B40F070817820724B09F10409E0
:102E6000009A03EB880308F10108D8815FFA88F320
:102E70009A4277D86B48F8F723F96A48F6F76CFC62
:102E800011B0BDE8F04FFEF72DB80523DFF8A8819B
:102E900004A808930123CDF81C808DF82430CDE9D7
:102EA0000545F9F72DFE0028CAD00379002BB8D1CB
:102EB000C6E700267EE7D0ED007AF5EE407AF1EE27
:102EC00010FA14BF01230023002B3FF453AF11B0BD
:102ED000BDE8F04FF8F7FAB83846F9F711FE0346A7
:102EE000002800F0B6810279402A40F0B2810288C1
:102EF0004FF6FF7C624500F0AC81D109EE6A02F02A
:102F00007F0206EBC101496811EBC20100F0A1810B
:102F1000CA88002400E0D288D109624502F07F000F
:102F200004F1010406EBC10103D04A6812EBC002B0
:102F3000F1D1082C01933B4B4FF02002A8BF08248D
:102F4000002103F10C00E4B20094DC7114F05AF992
:102F5000002C8FD0DFF8CC904FF000084FF6FF7BAD
:102F60004FF0010A019A1379402B40F08D811388AC
:102F70005B4500F08981DA0903F07F0306EBC202AA
:102F8000546814EBC30414D0E288404600E0E288A1
:102F9000D30902F07F01002800F078815A4506EB42
:102FA000C30300F1FF3000F06F815C6814EBC104D3
:102FB000EDD11F4B38468DF83CA00D930523CDE98C
:102FC0000B450E93F9F79CFD002838D0027912F0DA
:102FD00010010CD00188594500F060814FEAD11EE4
:102FE00001F07F0C06EBCE01496801EBCC010A3AF7
:102FF000122A23D8DFE812F0150122000C0122006A
:1030000022002200220022002200220022002200B0
:10301000220022002200220002012200EF0000BF55
:10302000241F002030A40020301F00200000484250
:10303000481F0020181F0020401F002000209B4B2D
:1030400089F80C0038460D9305238DF83CA00E93AB
:10305000CDE90B45F9F754FD00B3027912F01001E8
:103060000CD00188594500F01D814FEAD11E01F0B6
:103070007F0C06EBCE01496801EBCC010A3A122A1B
:103080000BD8DFE802F0A20A990A0A0A0A0A0A0A19
:103090000A0A0A0A0A0A8F0A7D000020844B89F86E
:1030A0000D0038460D9306238DF83CA00E93CDE914
:1030B0000B45F9F725FD00283FF4CEAE037913F058
:1030C00010020BD002885A4500F0EA80D10902F0C4
:1030D0007F0206EBC101496801EBC2020A3B122BD9
:1030E0003FF6BAAE01A151F823F000BF490C010030
:1030F000550C0100350F0100550C0100550C010065
:10310000550C0100550C0100550C0100550C010037
:10311000550C0100550C0100550C0100550C010027
:10312000550C0100550C0100550C0100650F010004
:10313000550C01004D0F01002946F9F713FAB0F5BF
:10314000FA6FA8BF4FF4FA600A28B8BF0A2084E6D5
:10315000136813F10043536843F10003B3FA83F398
:103160005B09002BE8D177E61368B3F1004F536891
:1031700073F1000334BF01230023002BDCD16BE685
:10318000D1E90012002A88DBB1F5807F72F10002DC
:10319000B4BF01220022002A3FF47FAF2946F9F78D
:1031A00049FB7BE70A68B2F5807F4A6872F100024A
:1031B00034BF01220022EEE70268002AFFF66DAF5D
:1031C000FF2ACCBF00220122E5E70268FF2A8CBF5C
:1031D00000220122DFE7D1E90012002AFFF62EAF1C
:1031E000B1F5807F72F10002B4BF01220022002AF3
:1031F0003FF424AF2946F9F71DFB20E70A68B2F532
:10320000807F4A6872F1000234BF01220022EEE79B
:103210000268002AFFF612AFFF2ACCBF002201226B
:10322000E5E70268FF2A8CBF00220122DFE7D3E92D
:1032300000231A4314BF01230023002B3FF49AAD4F
:1032400045E60368003B18BF0123002B3FF492AD15
:103250003DE6184B0021202203F10C00D97113F038
:10326000D1FF07E693ED007BB5EE407BF1EE10FA5F
:1032700014BF01230023002B3FF47CAD27E6037825
:10328000002B3FF477AD22E6002492E62279202A33
:1032900018BF04468DE69FED080AADE50021A6E6BD
:1032A00000221BE70021E9E600233EE5501F002035
:1032B000581F002030A40020000000002DE9F0433A
:1032C000002395B0444A06468DF8143004AC0693AA
:1032D0004FF480230DF11C08684610934FF6FF73DE
:1032E0000492ADF844303D4BCDF83C8013933C4BF9
:1032F000009401930623029301238DF80C30F9F713
:1033000001FD38B121460546F8F748FB04232B712F
:10331000344B2B60344B31466846CDE900430723DC
:10332000029301238DF80C30F9F7BAFD2046FBF724
:103330000DFB0698049E90B12C4C03E011F06EFF3B
:10334000069858B1336802685B680692A342F5D0CC
:1033500001463046984706980028F3D1049EBDF8F0
:1033600040200F9BEAB10024DFF8809027460AE056
:1033700011F054FF0F9B01342F60BDF84010A2B232
:103380006F6091420DD903EBC405696808460029B6
:10339000F1D033685B684B45EAD0304698470F9BC5
:1033A000E9E700214FF6FF724345ADF84010ADF854
:1033B000442007D032680D4952688A4205D1184628
:1033C00011F02CFF15B0BDE8F08319463046904748
:1033D00015B0BDE8F08300BFF84E00200000FFFFED
:1033E000F81F0020601F0020681F00206592000069
:1033F0002DE9F0476D4994B0054614F073F880B19B
:103400006B49284614F06EF8002840F0AF80694BF5
:1034100001271B78BB4209D114B0BDE8F047FDF786
:1034200061BD0227634B1B78BB42F5D000230DF131
:103430001C08614A04AC8DF81430684606934FF4BA
:10344000802304920094CDE90F834FF6FF73ADF80B
:1034500044305A4B13935A4B019306230293012392
:103460008DF80C30F9F74EFC064630B12146F8F7DE
:1034700095FA04233371534B3360534B68460094E1
:1034800001930623029301238DF80C30F9F73AFCDF
:10349000064630B12146F8F781FA042333714B4BCD
:1034A00033604B4B294668460094019304230293F2
:1034B00001238DF80C30F9F7F3FC2046FBF746FAB0
:1034C0000698049E90B1434C03E011F0A7FE0698C5
:1034D00058B1336802685B680692A342F5D0014692
:1034E0003046984706980028F3D1049EBDF8402046
:1034F0000F9BFAB10024DFF8DC90A2460CE011F03B
:103500008DFE0F9B0134C5F800A0BDF84010A2B29B
:10351000C5F804A091420DD903EBC40569680846BB
:103520000029EFD033685B684B45E8D030469847B8
:103530000F9BE7E700224345ADF840204FF6FF72AE
:10354000ADF8442007D03268224952688A4220D11F
:10355000184611F063FE10F0DDF850200DF0B4FEB7
:10356000384614B0BDE8F04703F038B81A49284689
:1035700013F0B8FF58B11949284613F0B3FF60B1F2
:103580001749284613F0AEFF48B905274AE7032735
:1035900048E7194630469047DDE7042742E71148DF
:1035A00014B0BDE8F047FFF789BE00BF080C00204B
:1035B000F80C0020D1540020F84E00200000FFFF3E
:1035C000F81F0020EC1C0020B41F0020BC1F0020AE
:1035D000E41E002065920000040C0020042B002053
:1035E0007C1B0020701F00202DE9F04F00234FF4BA
:1035F0008022DFF8ECA22DED028BCBB00DF1940808
:103600008DF88C302493A3F58033CDF888A03193C6
:103610000368CDE92D824FF6FF72ADF8BC208268B9
:10362000002B00F0D8831A4432AC22AE369300232C
:10363000379230A94FF00A022046329639968DF81B
:10364000D4308DF8E130CDE93333FAF795FA0546F9
:1036500020B99DF8E030002B40F09F80339850B1A6
:10366000329BDFF880921A6813685B684B4540F024
:10367000B48311F0D3FDBDF8B820229B002A40F09E
:10368000DE802D98404514D0BDF8B810BDF8BA20A2
:103690008A420ED01A68C900D2F80890814A914532
:1036A00040F0B88312F0A4F8BDF8B8302D90ADF812
:1036B000BA30002D40F0E7807B4B2046CDE93263E5
:1036C0000323349301238DF8D430F9F715FD28B185
:1036D00003791A1F012A67D9022B65D0734D7449EB
:1036E000284613F0FFFE8146002800F0FD80714956
:1036F000284613F0F7FE002800F09A836E4928460A
:1037000013F0F0FE002800F0D8836C49284613F02F
:10371000E9FE002800F096836949284613F0E2FE8E
:10372000002800F0E4836749284613F0DBFE0028F8
:1037300000F02E856449284613F0D4FE002800F0DE
:10374000FE876249284613F0CDFE002840F0CA8764
:1037500004235F4D1B9301238DF8703019AB18467D
:103760000593CDE91965F9F7C7FC90B1037983B1E9
:103770004FF0040901272046CDF8D0908DF8D47081
:10378000CDE93265F9F7B8FC18B10379202B01F0C7
:10379000E3805048FFF792FD78E09DF8C43013F0C5
:1037A000080F18BF032559E7042B00F03883052BB9
:1037B00074D005464849284613F094FE002840F08E
:1037C0001783FBF7D9F82498229E98B1DFF814915B
:1037D00003E011F023FD249858B1336802685B6858
:1037E00024924B45F5D0014630469847249800284E
:1037F000F3D1229EBDF8B8302D99002B00F0D48271
:103800000024DFF8E09027460BE011F007FD2D992A
:1038100001342F60BDF8B820A3B26F609A4240F225
:10382000C38201EBC40568680028F1D033685B6887
:103830004B45EAD00146304698472D99E8E76FF0AE
:1038400060412D9851181A680390926800EBC109E5
:103850008B461746134AB9F802109742D9F804006C
:103860004FEAC10140F0DD82049311F0C1FF049BD7
:1038700000283FF406AFB9F802200399C9F8040004
:1038800021F83B20FDE61548FFF718FD3046F7F715
:1038900001FF4BB0BDEC028BBDE8F08F0568083529
:1038A00088E700BF5D920000DC1F0020B02E0020E2
:1038B00000200020502100206021002070210020E5
:1038C0008021002090210020A8210020B821002084
:1038D000CC21002038220020E01F0020C81F00203B
:1038E000F84E00206592000019A9D048F2F7BCFB01
:1038F0004FF4802340AD35AA3E93A3F5A0238DF865
:10390000CC902146CDF8D0904FF6FF7928469346CB
:103910003D924193CDF8C8A0ADF8FC90F8F73EF881
:1039200020230622C24928468DF804314FF0FF3388
:1039300040932346F7F742FE0746002800F06983CC
:1039400013AE21463846F8F729F804233B71B94BEA
:103950003B60B94B3046DFF8D49216930723179398
:1039600001238DF8603099F80430CDE914540393A5
:10397000F9F71CFB074630B12146F8F70FF8039B17
:103980003B7006233B71A948F1F7B4FFAB4B82466D
:10399000304616930C2317930123CDE914548DF868
:1039A0006030F9F703FB0746002800F095822146B6
:1039B000F7F7F4FF062387F800A0B9F824903B71CD
:1039C0009DF80431002B00F03682202B11D12346C4
:1039D000092228469A49F7F7F1FD0746002800F02A
:1039E000898221463846F7F7D9FF0C23C7F80090A3
:1039F0003B71944B01279DF86A10304616930923BA
:103A00004FF008098DF860701793CDE91454F8F75A
:103A10005FFC8D4B9DF86B1030468DF860701693EF
:103A2000CDF85C90CDE91454F8F752FC874BBDF803
:103A30006C10304616930B238DF860701793CDE908
:103A40001454F8F7E9FC0623814A30469DF86E10BD
:103A500017938DF860701692CDE91454F8F738FC7E
:103A60007C4A9DF86F10304616920D228DF86070DA
:103A70001792CDE91454F8F72BFC0D229DF8701025
:103A800030461792744A8DF860701692CDE914543E
:103A9000F8F71EFC0B23BDF87110304617936F4BDF
:103AA0008DF860701693CDE91454F8F7B5FC6C4BA3
:103AB000BDF873103046169310238DF8607017937D
:103AC000CDE91454F8F7A8FC664B9DF87510304604
:103AD000CDF85C908DF860701693CDE91454F8F72A
:103AE000F7FB614BBDF876103046CDF85C908DF851
:103AF00060701693CDE91454F8F78EFC5B4BBDF85B
:103B000078103046CDF85C908DF860701693CDE952
:103B10001454F8F781FC564BBDF87A1030461693D2
:103B20000A238DF860701793CDE91454F8F774FCEC
:103B30000A23BDF87C10304617934E4B8DF8607009
:103B40001693CDE91454F8F767FC4B4B3046CDF88B
:103B50005C908DF860709DF87E901693CDE91454BA
:103B6000F9F724FA0746002800F0B9812146F7F753
:103B700015FFB9F100094FF0060318BF4FF0010916
:103B80003B7187F800909DF87F30B3F1000918BFB2
:103B90004FF001099DF80431002B40F0958120235E
:103BA0008DF804314FF0FF33409323460822284616
:103BB0003249F7F703FD0746002800F0A2822146AC
:103BC0003846F7F7EBFE062387F800903B712C4B45
:103BD00001279DF88010304616930A234FF00E09F6
:103BE0008DF860701793CDE91454F8F771FB254BED
:103BF000BDF8811030468DF860701693CDF85C905A
:103C0000CDE91454F8F708FC1F4B3046CDF85C9012
:103C10008DF860709DF883901693CDE91454F9F7F0
:103C2000C5F9074600283ED030E000BF24C200207E
:103C3000F81F0020EC1C0020681D0020142000202C
:103C400024200020302000203C200020482000209C
:103C5000542000205C2000206C2000207C200020CC
:103C6000882000209C200020A8200020B4200020D4
:103C7000C0200020CC200020D8200020E4200020FC
:103C8000F0200020FC2000200C2100202146F7F726
:103C900085FEB9F100094FF0060318BF4FF0010986
:103CA0003B7187F80090B24B30469DF88410169314
:103CB000112317930123CDE914548DF86030F8F7E0
:103CC00007FBAC48F1F758FE9DF80431B0EE408A8E
:103CD000002B40F0FD8020238DF804314FF0FF339E
:103CE000409323460A222846A349F7F767FC074674
:103CF000002800F0C98121463846F7F74FFEF6EE5E
:103D0000007A0C2378EE277A3B71FDEEE77AC7ED57
:103D1000007A9848F1F7C4FD9DF80431B0EE408A6E
:103D2000002B40F0CD8020238DF804314FF0FF337D
:103D300040932346112228469049F7F73FFC074657
:103D4000002800F0298121463846F7F727FEF6EED5
:103D5000007A0C2378EE277A3B71FDEEE77AC7ED07
:103D6000007A2246002315943146854C2846149348
:103D70001394FAF7E1FB20460CF0FAFD3498329EDA
:103D8000002863D0DFF8FC9104E011F047FA349882
:103D900000285AD0336802685B6834924B45F4D0EF
:103DA000014630469847F2E700224FF6FF7341453F
:103DB000ADF8B820ADF8BC303FF46BAD3368714A54
:103DC0005B6893420DD1084611F028FA4BB0BDEC68
:103DD000028BBDE8F08F6C4B25E4014610469847F6
:103DE00049E4304698474BB0BDEC028BBDE8F08FFC
:103DF0006649284613F076FB10B9FAF7AFFEE2E405
:103E00006349284613F06EFB00287FF468ACFBF78B
:103E1000BBFAD8E40A4601461846C84744E4056898
:103E2000C8E40A46049301461846B847049B1FE5B8
:103E3000FBF72AFCC7E420238DF804314FF0FF3351
:103E40004093C4E5FBF7E8FEBDE4329EBDF8F830D0
:103E50003D99EBB10024DFF82C9127460AE011F0E0
:103E6000DDF93D990134C5E90077A3B2BDF8F8202A
:103E70009A420DD901EBC40568680028F2D0336876
:103E80005B684B45EBD00146304698473D99E9E7E2
:103E900000235945ADF8F8304FF6FF73ADF8FC300C
:103EA0003FF491AC3368DFF8DC905B684B4540F041
:103EB0006A83084611F0B2F985E4FBF7DFFC82E47F
:103EC000202B3FF436AF4CE7202B3FF46EAE7EE65E
:103ED000202B3FF406AF1CE7B9F8249070E59DF85D
:103EE0007F30B3EB000918BF4FF0010952E6FCF731
:103EF0005FF968E4274B21460FA813930923149315
:103F000001238DF85430F7F71DFC0F9B0393002B12
:103F10003FF46FAD214611A8F7F714FC119F002F55
:103F20003FF467ADDDF80CA00094504696E80E0013
:103F3000F8F73EF900283FF45CADBDF848104FF6A5
:103F4000FF72BDF84000AAF80610BDF80231934296
:103F500000F0BA843D9A4FEAD31C03F07F0302EBD2
:103F6000CC02526802EBC303D880ADF8021138E5E9
:103F70001C21002024C20020302100203C210020F0
:103F8000A04D0020659200009C460020E81F002004
:103F9000F41F002024200020794B21460FA8139302
:103FA0001123149301238DF85430F7F7CBFBDDF880
:103FB0003C90B9F1000F3FF4D4AE214611A8F7F7B9
:103FC000C1FB119F002F3FF4CCAE0094484696E809
:103FD0000E00F8F7EDF800283FF4C3AEBDF8481026
:103FE0004FF6FF72BDF84000A9F80610BDF8023187
:103FF000934200F096843D9A4FEAD31C03F07F036E
:1040000002EBCC02526802EBC303D880ADF8021178
:1040100099E65C4B21460FA81393062314930123C2
:104020008DF85430F7F78EFB0F9B9A46002B00F06B
:10403000FA83214611A8F7F785FB119F002F00F0A6
:10404000F28313AE0094504696E80E00F8F7B0F8ED
:1040500000283FF47EACBDF84820BDF84000AAF827
:104060000620BDF802314B4500F00C843D994FEA23
:10407000D31C03F07F0301EBCC01496801EBC303C0
:10408000D880ADF802215CE43F4B21460FA8139382
:104090000A23149301238DF85430F7F753FBDDF80E
:1040A0003C90B9F1000F3FF434AE214611A8F7F768
:1040B00049FB119F002F3FF42CAE0094484696E830
:1040C0000E00F8F775F800283FF423AEBDF848104D
:1040D0004FF6FF72BDF84000A9F80610BDF8023196
:1040E000934200F0CC833D9A4FEAD31C03F07F0348
:1040F00002EBCC02526802EBC303D880ADF8021188
:10410000F9E5224B21460FA81393082314930123AA
:104110008DF85430F7F716FB0F9B0393002B3FF4F9
:1041200056AD214611A8F7F70DFB119F002F3FF464
:104130004EADDDF80CA00094504696E80E00F8F75E
:1041400037F800283FF443ADBDF848104FF6FF7232
:10415000BDF84000AAF80610BDF80231934200F005
:10416000DD833D9A4FEAD31C03F07F0302EBCC02C0
:10417000526802EBC303D880ADF802111FE500BFFF
:104180003C210020F81F002030210020E4200020E6
:104190004FF4802335AA8DF8CC003E934FF6FF7381
:1041A000349019A8ADF8FC3093469D4BCDF8C8A0CB
:1041B00041939C4B05901A9306233D921B93012338
:1041C00019948DF87030F8F79DFD054630B1214601
:1041D000F7F7E4FB04232B71934B2B60934B0A26D8
:1041E00005981B96CDE9194301238DF87030904B4B
:1041F0009F79F8F787FD054620B12146F7F7CEFBFA
:104200002E712F608B4B05981A930C2319941B93D6
:1042100001238DF87030864B9E68F8F773FD0546D4
:1042200028B12146F7F7BAFB0E232E602B71824B83
:1042300005981A93072319941B9301238DF8703066
:104240007B4BDE79F8F75EFD054628B12146F7F78E
:10425000A5FB0A232E602B71784B05981A93052332
:1042600019941B9301238DF87030F8F74BFD054628
:10427000039038B12146F7F791FB40232B714FF0A3
:10428000FF332B606A4BDB79002B00F02A81684FEB
:104290004FF001098CE0D9093D9A02EBC102556843
:1042A00003F07F0235F8321005EBC205ADF8FC10C3
:1042B0005B4A4FF6FF716A60039A52888A4200F0A7
:1042C0005F813D99D00902F07F0201EBC00149688E
:1042D00001EBC202D380039A214628465380F7F7A8
:1042E0005DFB2023052256492B714FF0FF332846F2
:1042F0002B6023463E7B0496F7F760F906460028BC
:1043000000F0A48021463046F7F748FB049B336059
:104310000A2333717A7B2B790492002B6AD12023F4
:104320002B714FF0FF332B6009F1FF362346052236
:10433000444928460696F7F741F90646002800F05A
:10434000268121463046F7F729FB049B33600A2378
:10435000337109F10103364A02EB8303DB880493CE
:104360002B79002B49D0202B11D123460622284639
:104370003549F7F723F90646002800F05381214616
:104380003046F7F70BFB049B33600A233371284B4D
:104390005FFA89F20437DB79B9F1080F18BF93424D
:1043A00009F101098CBF01230023002B00F0998043
:1043B000039B002BEBD0BDF8FC304FF6FF7293420D
:1043C0007FF469AFBDF8F830329AE3B1013B3D9913
:1043D0009BB201EBC3004568ADB131F83360418851
:1043E0008E4210D901EBC31305EBC10501319BB21D
:1043F00041805DE7202B97D0C9E720232B714FF038
:10440000FF332B60B1E759460598F7F735F8199D4A
:10441000002D40F0578401238DF8CC30B7E700BF62
:104420000000FFFFF81F0020EC1C0020241F0020CC
:1044300030A40020301F0020A0210020401F0020B9
:10444000481F0020501F0020581F0020A04BBDF81F
:10445000FC101993052306911A9301238DF86C30F3
:104460004FF6FF73994200F08981CA093D9B13AE54
:1044700003EBC2035A6801F07F0332F8331002EBFA
:10448000C303ADF8FC100793924B3046079A2146C0
:104490005360F7F757F9139E002E3FF43BAFDDF85A
:1044A0001CA0059B009450460ECBF7F781FE002818
:1044B0003FF430AFBDF850104FF6FF72AAF8061067
:1044C0006B88934200F037823D9AD80903F07F034E
:1044D00002EBC002526802EBC303069ADA806980DD
:1044E00010E72046FAF732FA3498329C88B1DFF8A8
:1044F000E89103E010F092FE349848B12368026816
:104500005B6834924B45F5D0014620469847F3E767
:10451000329CBDF8F8303D99EBB100266E4D374620
:104520000AE010F07BFE3D990136C9E90077B3B28D
:10453000BDF8F8209A420ED901EBC609D9F804005B
:104540000028F1D023685B68AB42EAD001462046E0
:1045500098473D99E8E700235945ADF8F8304FF604
:10456000FF73ADF8FC303FF42EA92368DFF86891A3
:104570005B684B453FF49DAC20469847FFF723B955
:10458000039A1380A7E630469847FFF71CB9534BB0
:10459000BDF8FC101993052307911A9301238DF898
:1045A0006C304FF6FF73994200F00581CA093D9BBC
:1045B00013AE03EBC2035A6801F07F0332F83310E5
:1045C00002EBC303ADF8FC100693424B3046069A4B
:1045D00021465360F7F7B6F8139E002E3FF4B9AEAC
:1045E000DDF818A0059B009450460ECBF7F7E0FDD0
:1045F00000283FF4AEAEBDF850104FF6FF72AAF897
:1046000006106B88934200F093813D9AD80903F01D
:104610007F0302EBC002526802EBC303079ADA8001
:1046200069808EE62E4BBDF8FC1019930623069187
:104630001A9301238DF86C304FF6FF73994200F006
:104640008280CA093D9B03EBC20301F07F025B68D5
:1046500033F8321003EBC20AADF8FC101D4BCAF858
:1046600004304FF6FF73BDF8FC109942079100F03B
:10467000BF80CA093D9B03EBC2035E6801F07F0364
:1046800036F8332006EBC306ADF8FC20114B50463C
:104690007360059B00940ECBF7F78AFD00283FF46A
:1046A00076AE079AAAF806204FF6FF726B889342FF
:1046B00000F03B813D9AD90903F07F0302EBC10270
:1046C000526802EBC303069ADA80079B6B8056E6BA
:1046D000481F00200000FFFF65920000501F0020CF
:1046E000581F00209549284612F0FCFE002800F0D3
:1046F000D9809349284612F0F5FE002840F0E88062
:10470000DFF850920427012519A81B978DF87050E7
:10471000CDE91969F8F768FD60B9204634978DF83E
:10472000D450CDE93269F8F7E7FC18B10379202BB2
:1047300000F032838348FEF7C1FDFFF7A7B8F6F714
:1047400087FCFFF740B8BDF8F830329A002B7BD0D9
:10475000013B3D999BB201EBC3004668002E73D02C
:1047600031F833C041888C456ED901EBC3134A1C24
:1047700006EBC10A9BB2428006936FE7BDF8F830A2
:10478000329A002B6DD0013B3D999BB201EBC300E7
:104790004668002E65D031F833C041888C4560D919
:1047A00001EBC31306EBC10201319BB213AE0792BA
:1047B0004180069368E6BDF8F830329A002B35D078
:1047C000013B3D999BB201EBC3004668002E2DD002
:1047D00031F833C041888C4528D906EBC10213AEAD
:1047E00001EBC31306924A1C9BB242800793ECE68E
:1047F000BDF8F830329A002B48D0013B3D999BB26E
:1048000001EBC3004668002E40D031F833C0418828
:104810008C453BD901EBC3134A1C06EBC1069BB286
:104820004280079332E713AEFFF793B813AE5946B1
:104830003046F6F721FE139B0693002B40F0DB83F6
:1048400001238DF8CC3084E5594613A8F6F714FE01
:10485000139B9A46002B3FF4DEADBDF85030069313
:10486000FCE613AE59463046F6F706FE139B079357
:10487000002B40F0C58301238DF8CC304AE5ADF81C
:1048800000013BE4ADF80001FFF7FBBB594613A85C
:10489000F6F7F2FD139E002E3FF4BDADBDF850308B
:1048A0000793F3E62046F1F723FB21462648F1F76C
:1048B0004FFB25482146F1F7D7FB2046F4F7B2FE1F
:1048C000FCF710FBFEF77FBFADF80001FFF74DBB13
:1048D0001E49284612F006FE002840F0F781DFF856
:1048E00074900427012519A81B978DF87050CDE905
:1048F0001969F8F779FC60B9204634978DF8D450DF
:10490000CDE93269F8F7F8FB18B10379202B00F0F4
:104910005E830F48FEF7D2FCFEF7B8BFADF800018A
:104920002AE4ADF80001FFF771BB069B2B80CCE6B3
:10493000079B2B8074E6069B2B80D0E56422002029
:104940007C2200208822002024C20020AC220020EB
:10495000BC220020CC21002013A909A8CDF8549036
:104960008DF85870CDE91365F8F74AFC059996481B
:10497000DDE90969F1F778FB002EA1D033884FF605
:10498000FF7293429CD0DA09D9F82C1003F07F0310
:1049900001EBC202566816EBC30691D00023F788DC
:1049A00007930B463279042A00F04981052A00F06A
:1049B0004381022A18BF00264FF6FF72974200F08B
:1049C0005181FA090693FD09804903EBC20207F001
:1049D0007F033046039552689A469B4602EBC30517
:1049E000049212F07FFD049A069B002800F09C8040
:1049F000774930460493069212F074FD049B002818
:104A00007ED1069A002D45D02E7916F010010FD0D8
:104A100032F83AC04FF6FF718C4500F0C9814FEA79
:104A2000DC110CF07F0003EBC101496801EBC00110
:104A30001E2E11D8DFE806F02E10101010105F1097
:104A40001010571057105210101010101010101096
:104A50001010491049103D005B4A01215171BDF809
:104A60000C2003EBC202526812EBCB0200F0118162
:104A7000D2884FF6FF718A4200F00B81D10902F013
:104A80007F0203EBC1014E6816EBC20600F0018104
:104A9000F78887E74C4B00225A714FF6FF739F420D
:104AA00000F0F780FA09D9F82C3007F07F0B039259
:104AB000D5E791ED007BB5EE407BF1EE10FA424A6E
:104AC00014BF012100215171C9E7D1E900210A4336
:104AD0003D4A14BF012100215171C0E7D5ED007A94
:104AE000F5EE407AE9E752F83A203749003A18BF24
:104AF00001224A71B3E712F83A10334A5171AEE716
:104B000034493046049312F0EDFC00287CD1049B1C
:104B1000002D00F0C48028464946F7F73FFF2A4A97
:104B2000049BA2F840009AE775B32E7916F01001A5
:104B300000F0968032F83A104FF6FF7C614500F0A5
:104B40003581C80901F07F0103EBC0035B6803EB0B
:104B5000C1031E2E11D8DFE806F017101010101038
:104B60004F101010441044103F101010101010106F
:104B7000101010102B102B101C0001211248F1F7FF
:104B8000A5F9D9F82C306AE700210F48F1F79EF912
:104B900083E793ED007BB5EE407BF1EE10FA0A4817
:104BA00014BF01210021F1F791F9D9F82C3056E713
:104BB000D3E9002304481A4314BF01210021F1F76F
:104BC00085F9D9F82C304AE724C20020681D00205E
:104BD000D4210020E0210020D5ED007AF5EE407AC6
:104BE000DBE752F83A10A348003918BF0121F1F76A
:104BF0006DF9D9F82C3032E712F83A109D48F1F7E8
:104C000065F9D9F82C302AE79B49304612F06AFC46
:104C1000C0B9002D00F01A8128464946F7F70AFE70
:104C2000431EDBB2012B02D9042840F00F818DF81E
:104C30006A000123079330E736680836BCE6366819
:104C4000BAE600258D49304612F04CFC58BB25B120
:104C500028464946F7F7EEFD05468DF86B50E8E724
:104C60000B4676E78649304612F03CFC00288BD094
:104C70008449304612F036FC00283FF40BAF8249DD
:104C8000304612F02FFC002840F0D980794BA3F871
:104C90004000079B002B3FF413AE059C05E6754AC8
:104CA000A2F84050DBE67949304612F01BFC0028A0
:104CB00056D125B128464946F7F770FE0546ADF8AE
:104CC0006C50B6E7BDF86830FFF7F2BA7049284675
:104CD00012F008FCF0B9DFF8EC910427012519A8BF
:104CE0001B978DF87050CDE91969F8F77DFA60B916
:104CF000204634978DF8D450CDE93269F8F7FCF9A5
:104D000018B10379202B00F06C816248FEF7D6FAC7
:104D1000FEF7BCBD6049284612F0E4FB002840F0D5
:104D2000D380DFF8A0910427012519A81B978DF8DF
:104D30007050CDE91969F8F757FA60B920463497F1
:104D40008DF8D450CDE93269F8F7D6F918B1037966
:104D5000202B00F06E815148FEF7B0FAFEF796BDA9
:104D60004F49304612F0BEFB40B925B128464946AE
:104D7000F7F760FD05468DF86E505AE74949304611
:104D800012F0B0FBB0B925B128464946F7F752FDFD
:104D900005468DF86F504CE721460BA8F8F730FA1E
:104DA000DDE90B01FCF728F9FEF70DBD0346D0E65F
:104DB00001463DE63C49304612F094FB40B925B12E
:104DC00028464946F7F736FD05468DF8705030E71E
:104DD0003649304612F086FB40B925B1284649468F
:104DE000F7F7DCFD0546ADF8715022E73049304653
:104DF00012F078FB40B925B128464946F7F7CEFDB9
:104E00000546ADF8735014E72A49304612F06AFBA4
:104E100040B925B128464946F7F70CFD05468DF8FF
:104E2000755006E72449304612F05CFB98B92046DD
:104E3000CDE93259F7F74EF8ADF87600F9E60E49AC
:104E4000304612F04FFB00287FF4FBAE1B48FEF704
:104E500035FAFEF7B8BC1A49304612F043FB002879
:104E600040F0F1802046CDE93259F7F733F8ADF83C
:104E70007800DEE624C20020302000203C20002004
:104E8000681D0020D4210020E021002048200020BF
:104E9000E4220020F42200201C2300202C230020E8
:104EA000542000205C2000206C2000207C2000206A
:104EB000882000209C200020A8200020F421002031
:104EC000B4200020CC210020B949284612F00AFB6A
:104ED000F0B9DFF8E8920427012519A81B978DF88F
:104EE0007050CDE91969F8F77FF960B92046349719
:104EF0008DF8D450CDE93269F8F7FEF818B103798E
:104F0000202B00F08280AB48FEF7D8F9FEF7BEBC3C
:104F1000A949284612F0E6FAF8B9A84B4FF004095F
:104F2000012719A8CDF86C908DF87070CDE9196340
:104F3000F8F75AF960B9A14B204632968DF8D47033
:104F4000CDE93339F8F7D8F810B10379202B66D0C2
:104F50009B48FEF7B3F9FEF799BC9A49284612F030
:104F6000C1FA002800F0CE809749284612F0BAFA1C
:104F7000002800F0BE809549284612F0B3FA074693
:104F8000002800F0CF809249284612F0ABFA07467D
:104F9000002800F088808F49284612F0A3FA0028E4
:104FA00063D08D49284612F09DFA002858D18B4BCA
:104FB00006228B4920463492CDE9326301238DF8D5
:104FC000D430F8F731F903F07FF8FEF7FCBB214647
:104FD0000DA8F8F715F9DDE90D01FCF731FBFEF737
:104FE000F2BB21460FA8F8F70BF9DDE90F01FCF73A
:104FF0000FFCFEF7E8BBBDF850300793FFF7E5BAAA
:10500000BDF850300693FFF73FBA214613A8F8F7D2
:10501000F7F8DDE91301FDF79DF8FEF7D4BB214653
:1050200019A8F8F7EDF8DDE91901FDF745FEFEF7DF
:10503000CABB214611A8F8F7E3F8DDE91101FCF736
:1050400065FDFEF7C0BB6749304612F04BFAE0B988
:105050002046CDE93259F6F73DFFADF87A00E8E594
:105060006148FEF72BF9FEF7AEBB604B052200212D
:1050700020463492CDE9326301238DF8D430F8F71D
:10508000DFF902F0ABFFFEF79EBB5949304612F044
:1050900029FA002864D12046CDE93259F6F71AFFE3
:1050A000ADF87C00C5E5454B0125524920468DF8F9
:1050B000D450CDE9326304233493F8F7B5F84E4B5E
:1050C0008146394619A81A9303238DF870501B9313
:1050D0001996F8F7C3F8494B0546394620463393ED
:1050E000F8F7AEF94A460146284602F035FEFEF7CB
:1050F0006ABBFBF7F7FE0EF00DFB32200CF0E4F874
:1051000018F01CFF3E4B04223A4920463492CDE968
:10511000326301238DF8D430F8F786F8FEF768F98A
:10512000FEF751BB374B0125014619A88DF8705089
:10513000CDE919630B231B93F8F782F9324B8146B3
:105140003946204633930A2332968DF8D45034934F
:10515000F8F784F80146484602F076FDFEF733BBC7
:105160002A49304612F0BEF938B92046CDE9325905
:10517000F6F758FE8DF87E005BE52549304612F0C3
:10518000B1F938B92046CDE93259F6F74BFE8DF822
:105190007F004EE51F49304612F0A4F9E0BB2046DF
:1051A000CDE93259F6F74EFF8DF8800041E500BF9A
:1051B00054230020642300208C230020CC210020D5
:1051C0009C230020C4230020D0230020E4230020BF
:1051D0000824002020240020342400204024002023
:1051E00048240020C0200020582400202C24002027
:1051F000CC200020B02E00201424002018240020F1
:10520000E41E0020F0230020FC230020D8200020F2
:10521000E4200020F02000201849304612F062F906
:1052200038B92046CDE93259F6F754FEADF8810081
:10523000FFE41349304612F055F938B92046CDE95C
:105240003259F6F7EFFD8DF88300F2E40D49304650
:1052500012F048F938B92046CDE93259F6F7F2FE96
:105260008DF88400E5E43346074A4021204611F0DA
:1052700053FE2046FEF722F8FEF7A5BAFC200020D8
:105280000C2100201C210020282200200CF042B913
:10529000284A9FED297AD2ED006A284BF4EEC76ABE
:1052A000D3ED007AF1EE10FA07D4F4EEC77AF1EEFE
:1052B00010FA12D59FED220A70479FED217AF4EE85
:1052C000C77AF1EE10FAF5D4B3EE040AF4EEC07A20
:1052D000F1EE10FA30FE270A70471A4A9FED1A7A4B
:1052E000D2ED006A194867EEA67A00B5C7EE876A64
:1052F00083B0CDED016AF4F781FB104BDDED016A5F
:10530000D3ED007A9FED0E7AE0EE267AF4EEC77ABE
:10531000F1EE10FA09D4B3EE040AF4EEC07AF1EE1D
:1053200010FA30FE270A03B000BD9FED050A03B056
:1053300000BD00BF8C5100206F12833A20C40020B2
:10534000CDCCCC3D905100200000C842B0C100201F
:105350001C4B1B784BBB1C4B1C4A1978B2F9003014
:10536000022923D0DFF878C019499CF800C0CCEBA3
:10537000CC0CA3EB0C03184481FB00310B18C117B4
:10538000C1EBA301134BC1EBC101401A0730A3FBD2
:105390000013C11A03EB51039B08C3EBC303C01AEC
:1053A00060440D4B012110801970704718440B495F
:1053B000431D81FB0301D817C0EB610000EB8000A7
:1053C000181AEEE7D3540020D154002068C60020FC
:1053D0009324499225499224CF540020676666663B
:1053E000A0C600200D4B9B7B9BB90D4BDFED0D7ACA
:1053F00093ED007AB4EEE77AF1EE10FA09D4C30720
:1054000007D5094B1B782BB1084B1B7813B900F05B
:10541000FE00704740F00100704700BF6068002048
:1054200020C400206F12833A74C600208EC600206C
:105430006B4B1B7803B170476A4A6B4B30B51178E0
:1054400087B0B3F9003002299AB220D0062A1CD9BD
:10545000073A062A47D8073B644931F91320DFF899
:10546000C4C10244B2F5FA7FA8BF4FF4FA72624594
:10547000B8BF624621F81320F4F776FA01235C499D
:105480005C4A0B70137007B030BD5B49E5E7042A36
:10549000F4D80DEB8305594A03EB8303DFF888E169
:1054A00007EE900A0DF1040C02EB8304B8EEE76AF4
:1054B000D4ED036A94ED017ABEE80F00ACE80F006A
:1054C000DEF80030CCF800306B68D3ED007AE6EE01
:1054D000267AF4EEC77AF1EE10FA0DD583ED007A54
:1054E000F4F742FACAE70E3B062BC5D8DFE803F013
:1054F000736361482D1F0D0094ED027AF4EEC77AB4
:10550000F1EE10FA37FE277AE8E73D4B4FF0190C21
:1055100042F21072196810FB0C109042A8BF10469E
:10552000B0F5FA7FB8BF4FF4FA701860A4E7354AB7
:105530004FF00503117810FB03135F2BA8BF5F2307
:10554000052BB8BF0523137096E72F4B07EE900A83
:1055500093ED007AF8EEE76ADFED2C7AA6EEA77AF3
:10556000B4EEE77AF1EE10FA07D4F2EE0E7AB4EE6A
:10557000E77AF1EE10FA77FE877AC3ED007A7BE7DF
:1055800007EE900A224B9FED217AF8EEE76AD3ED01
:10559000007AE6EE877AF5EEC07AF1EE10FA1CD4C6
:1055A000B3EE047AF4EEC77AF1EE10FA77FE277ABA
:1055B000E3E7184BCAE7184AB2F800C04FF00503FA
:1055C00040F6B83110FB03C38B42A8BF0B4623EA59
:1055D000E373138050E7114AEEE7DFED117ACCE771
:1055E000D3540020D154002068C6002034C40020C9
:1055F000CF540020D454002024C400204433002081
:105600009C510020D25400208C510020CDCCCC3DA8
:1056100020C40020945100206CC600206AC60020DF
:10562000000000000CFEFFFF94090020044608B5AE
:10563000F2F7BCFB1A2113480EF03EF8631EDBB2F2
:10564000032B18D8104A52F8234034B1204612F0E8
:1056500079F9014620460EF02FF80C480BF088F936
:105660000EF058F832200BF02FFE4FF0E023084ADE
:10567000C3F80C2DFEE7074C072120460EF01CF85E
:10568000EBE700BF68240020F8090020A04D0020AF
:105690000400FA057C1B002010B5044682B049B115
:1056A0000846019112F04EF92368024601992046FE
:1056B0005B689847204602B0BDE810400BF058B92F
:1056C00010B5204C237883F0010323701BB3002115
:1056D00007200BF079FE002122200BF075FE0EF062
:1056E00067F8194B1B78ABB1184B1B78DB0711D54A
:1056F000174B184A1B6812689B1A0E2B0AD923787D
:10570000BBB1112114480DF0D7FF1448BDE810407B
:105710000BF02EB910BD012107200BF055FE012121
:1057200022200BF051FE01230D490E4A0B7013701D
:10573000D5E710210C480DF0BFFF0848BDE8104028
:105740000BF016B9D3540020B2C60020B1C6002019
:105750002CC5002044C6002084240020A04D002039
:10576000CF540020D45400209824002038B5164D82
:105770002B78012B14BF012402240EF019F8134BCF
:105780001B781BB1124B1B78DB0706D42B78A34286
:1057900002D02046FFF74AFF38BD0E4B0E4A1B6869
:1057A00012689B1A0E2BF1D927210C480DF084FFAB
:1057B000022C4FF003010CBF09480A480DF07CFF92
:1057C00009480BF0D5F8E1E7D1540020B2C600201B
:1057D000B1C600202CC5002044C60020AC24002007
:1057E000080C0020F80C0020A04D00201E4B1B7858
:1057F000022B37D001201D4ADFF898C010B51C4C91
:1058000023780344A2FB03121A49087002F4FF71C3
:1058100001EB52029B1AC3EBC3022370164BACF888
:10582000002018700DF0C4FF144B1B78CBB1144B43
:105830001B78DB0715D5134B134A1B6812689B1A9C
:105840000E2B0ED90F2111480DF036FF21780023C1
:105850000A220F480BF0B4F80D48BDE810400BF0D9
:1058600087B810BD704700BFD1540020ABAAAAAAC8
:10587000A0C60020CF540020D4540020B2C600207F
:10588000B1C600202CC5002044C60020D42400202E
:10589000A04D002068C6002038B5454B454C1A780D
:1058A000B4F90030022A3CD09AB2062A2FD8424AD4
:1058B000002122F81310F4F757F8404D21880122F7
:1058C0003F4B19702B683F49C8330B603E4B3F4933
:1058D0001A700A700DF06CFF3D4B1B7803B33D4B03
:1058E0001B78DB071CD53C4A2B6812689B1A0E2BD1
:1058F00016D9152139480DF0DFFEB4F900103848EB
:105900000BF02AF83648BDE838400BF031B8073ABA
:10591000062A0DD8334A073B002122F81310CAE7A4
:1059200038BD042BC7D8DFE803F011151A1F0C008F
:105930000E3B062BBFD8DFE803F037332E2A252194
:105940001C004FF07E52284B9A61B4E7264B274A41
:105950009A60B0E74FF08042234BDA60ABE74FF03C
:105960007E52214B1A61A6E74FF07D521E4B5A61C1
:10597000A1E71F4B41F288321A609CE71D4B46227B
:105980001A7098E74FF07E521B4B1A6093E71B4B3F
:1059900000221A608FE74FF07E52194B1A608AE797
:1059A000184B00221A8086E7174B00221A8082E7E4
:1059B000D154002068C6002024C400202CC500203B
:1059C000D0540020BCC20020D4540020CF5400206A
:1059D000B2C60020B1C6002044C60020E424002046
:1059E000A04D002034C40020C0C200209A99993EE6
:1059F0009C510020D25400208C51002020C4002053
:105A0000945100206CC600206AC6002038B52921B8
:105A100076480DF051FE76480AF0AAFF132175482A
:105A200000240DF049FE72480AF0A2FF724D2921B0
:105A30006E480DF041FE6E480AF09AFF04216F484F
:105A40000DF03AFE00230A222146694801340AF08B
:105A5000B7FF03216A480DF02FFE35F9021F644895
:105A60000AF07AFF052167480DF026FE60480AF02B
:105A70007FFF072CE2D1644D0024042163480DF020
:105A80001BFE00230A222146594801340AF098FFE0
:105A900003215B480DF010FE35F9021F54480AF04F
:105AA0005BFF052157480DF007FE51480AF060FFE3
:105AB000072CE2D10C2156480DF0FEFD554B4C4809
:105AC00019880AF049FF032153480DF0F5FD4848B5
:105AD0000AF04EFF0C2151480DF0EEFD504B4448AA
:105AE00019880AF039FF03214B480DF0E5FD4048C5
:105AF0000AF03EFF0C214B480DF0DEFD4A4B012120
:105B00003B4893ED000AB7EEC00A0AF063FF02219A
:105B100046480DF0D1FD36480AF02AFF0C214448D2
:105B20000DF0CAFD434B0121314893ED000AB7EE59
:105B3000C00A0AF04FFF03213F480DF0BDFD2C487D
:105B40000AF016FF0C213D480DF0B6FD3C4B01213B
:105B5000274893ED000AB7EEC00A0AF03BFF022186
:105B600032480DF0A9FD22480AF002FF0C21354809
:105B70000DF0A2FD344900230A2209781C480AF0DE
:105B80001FFF022129480DF097FD19480AF0F0FE89
:105B90000C212E480DF090FD2D4900230A220968A2
:105BA00013480AF00DFF03211B480DF085FD104836
:105BB0000AF0DEFE0C2127480DF07EFD2648EFF7A7
:105BC00083FB78B1092125480DF076FD08480AF0DD
:105BD000CFFE292105480DF06FFD0548BDE838408E
:105BE0000AF0C6BE0D211E48EEE700BF0C250020BE
:105BF000A04D00203825002022C400204C25002084
:105C0000542500204C0D002032C4002058250020CF
:105C1000602500206AC60020800D0020702500202D
:105C20006CC6002080250020945100209025002083
:105C30009425002020C40020A4250020A8250020B1
:105C40008C510020B8250020D2540020C825002007
:105C50009C510020D82500206068002000250020ED
:105C6000FC2400202DE9F047694C90B0694E6A4F42
:105C700094F80E8035683A78B8F1000F18D0002AF1
:105C800000F095810CA9624887F80080EFF784FA4C
:105C9000002835D1614BDFF8C8811A68AA4270D15B
:105CA00098F80060002E00F04F8110B0BDE8F0873A
:105CB000002AE7D05A4A0EA92046CDF83A80127839
:105CC0008DF83E8022F001028DF83820EFF7B2FA0D
:105CD0000DF06EFD534A1278002AD3D0524A127842
:105CE000D107CFD5514932680968521A0E2AC9D94D
:105CF00018214F480DF0E0FC4E480AF039FEC1E78C
:105D0000BDF93420BDF93230002A454F4A49B8BFA9
:105D10005242002B91ED0E7A92B2B8BF5B429DF8D1
:105D2000300012FA83F307EE903A3B78F8EEE77A08
:105D300003F0010383F0010277EE877A0240C1EDA0
:105D40000E7A00F0010140F0578181F00101DFF887
:105D500010810B4240F02681384B38701D60A37BC8
:105D60001BB140F001008DF83000FFF73BFB0CA9A0
:105D70008DF830002648EFF75DFA284B1A68AA42E2
:105D80008ED0274F1D60A37B3978002B40F04582D1
:105D90002B4ADFED2C7A92ED007AB4EEE77AF1EE41
:105DA00010FA02D4CA0700F19B81274B1A78002A07
:105DB00040F01D820DF1380A244B1B78002B60D176
:105DC000DFF8A0C098F800209CF80030002A4BD1E2
:105DD000ADF82A20ADF82C20002B57D11C4A16888C
:105DE0001C4AB2F800C01A461B48CDE900321B4BD2
:105DF000CDE9026C93ED000A0BAB05930DF12A037C
:105E0000049300231A46F3F71FFF39783EE000BFE2
:105E1000606800202CC500207CC6002094BE0020B5
:105E20007AC60020B2C60020B1C6002044C60020B9
:105E300000260020A04D002024C20020BCBA002073
:105E400020C400206F12833A74C60020A1C600202F
:105E50006AC600206CC60020B0C100209851002006
:105E60009EC600209FC600205BB986483268006845
:105E7000121A85480068904200F2F08101238CF8E4
:105E800000300023ADF82A30ADF82C307F4B01F004
:105E90000102C1F34001002618469A71D971524699
:105EA0000DF12E01B7EE000AADF82E60ADF83860A6
:105EB000EFF776FDBDF82A10BDF82E00BDF82C20B6
:105EC0000144BDF838000244ADF82A1041EA02004E
:105ED000ADF82C2080B200283FF4E2AE3878FFF70E
:105EE00081FAADF83A108DF8380051466848ADF89F
:105EF0003C208DF83E60EFF79DF9644B5B79002BF9
:105F00003FF4CEAE022163480DF0D6FBBDF92A1056
:105F100061480AF021FD20200DF0BAFBBDF92C10DC
:105F20005D480AF019FD20200DF0B2FB33460A222D
:105F3000294659480AF044FD57480AF019FD98F8D7
:105F40000060002E7FF4B1AE5148EFF7BDF9002894
:105F50003FF4ABAE514A1368EB1AB3F57A6FFFF416
:105F6000A4AE4F480EA9A37B15600278484813439E
:105F7000CDF83A608DF83E608DF83830EFF75AF979
:105F8000152148480DF098FB33460A220421424867
:105F90000AF016FD0D2144480DF08EFB3E480AF034
:105FA000E7FC82E6414B88F800201A70D4E6CDF871
:105FB00039200EA90F92012220468DF83820EFF7E4
:105FC00039F90DF0F5FB3A4A1278002A3FF45AAE3F
:105FD000384A1278D0077FF555AE374932680968DC
:105FE000521A0E2A7FF64EAE162134480DF064FB8D
:105FF00029480AF0BDFC45E63268224BDFF8DC8018
:106000001A60012300222E4888F80030274B1A70AE
:10601000F3F7FEFD2B4BDFED2C6A93ED007ADFEDFD
:106020002B7AA0EE267AB4EEE77AF1EE10FA07D4D6
:10603000F2EE0E7AB4EEE77AF1EE10FA77FE877A96
:10604000234B1F48C3ED007AF3F7E2FD214BDFED50
:106050001E6A93ED007ADFED1D7AA0EE267AB4EE8B
:10606000E77AF1EE10FA07D4F2EE0E7AB4EEE77AA0
:10607000F1EE10FA77FE877A174B9DF83000C3EDEA
:10608000007A69E61CC400209C51002024C2002034
:10609000606800201C260020A04D0020BCBA002013
:1060A0007AC6002020260020382600209FC6002027
:1060B000B2C60020B1C6002044C60020E82500205A
:1060C000B0C10020945100206F12033DCDCCCC3DD7
:1060D000985100208C510020905100209EC6002035
:1060E00006930BF047F9D54A069B1178002900F07A
:1060F000CB81D34ADFF874E31168A0EB010C9EF862
:106100000010002940F09880CE4B1968614500F2DC
:10611000908110600121CC4A8EF8001092F8009016
:106120001170FFF7B5F8C949DFEDC97A0B7887EE32
:10613000807AC84907EE903A9FEDC76AD1ED006AB0
:10614000C6488DED096AF8EE677A67EEA66ACDED6E
:10615000077AC6EE865A8DED087ACDED065AF3F72A
:106160004DFCDDED065AF1EE046ADDED077A9DED9A
:10617000087AE5EE807AB44AB24BF4EEE67AF1EEB4
:1061800010FA00F1DA81DFEDB65AF7EE006A9DED04
:10619000096AF4EEE57AF1EE10FA75FEA75AC5EE3B
:1061A000867A76EEE76A67EE277A107827EE267A07
:1061B000AC4A81453978FCEEE77ABCEEC77AC2ED8D
:1061C000007A83ED007A3FF4F5AD002842D041F02B
:1061D000010100238DF838100EA9A348CDF83A30FC
:1061E0008A468DF83E30EFF725F83978E4E500224D
:1061F00021F001019C481A70934B8DF838100EA9BC
:106200001A70CDF83A208A46984B8DF83E2001222C
:106210001A70EFF70FF83978CEE5884B1A78002A14
:106220003FF4C8AD00220DF1380A1A70864B1A707F
:1062300001228E4B1A70BFE58A490968614500F258
:10624000F8801060804A8EF80030117813700029B1
:1062500000F0EF80397801F0FE01BAE7844E36880D
:1062600096426CD8931BB1EE086ADFF80CE206EE9A
:10627000903A831B0EF1020C07EE903AF8EE666A34
:10628000F8EE677A86EEA77A27EE067AFDEEC77AF1
:1062900017EE903ACDED067A052BA8BF05233CF901
:1062A00013C007EE903A994604EE90CA3EF913C027
:1062B000F8EEE77A069B05EE10CAF8EEE44A37EEF0
:1062C000677AB8EEC55A002B40F0438174EEC53AA8
:1062D000DFF8A8C1F6EE007A3CF9193006EE903AE4
:1062E000F8EEE66A76EEC56A66EEA76A27EE076AFA
:1062F000F0EE085AF0EE002A27EE064A66EE255A1E
:10630000B7EE002AF0EE447AB0EE653AE4EE625A57
:10631000E6EE627A94EE223A34EE466A77EE877AB7
:1063200033EE027A67EEA37AE5EE077AE4EEA57A19
:10633000E6EE267AFDEEE77A17EE903A1BB2DFF82A
:1063400040C1BCF800C0944500F20181A2EB0C02F0
:10635000A0EB0C00B1EE086ADFF828E107EE902A06
:1063600007EE100A0EF10200F8EE677AB8EE477AEF
:10637000C7EE876A26EE867AFDEEC77A17EE902A78
:10638000CDED067A052AA8BF052230F9129007EE56
:10639000902A069804EE909A3EF91290F8EEE77A69
:1063A00005EE109AF8EEE44A37EE677AB8EEC55A71
:1063B000002840F0E38074EEC53A2E48F6EE007AED
:1063C00030F9122006EE902AF8EEE66A76EEC56AFB
:1063D00066EEA76A27EE076AF0EE085AF0EE002A8A
:1063E00027EE064A66EE255AB7EE002AF0EE447A0A
:1063F000B0EE653AE4EE625AE6EE627A94EE223A44
:1064000034EE466A77EE877A33EE027A67EEA37A45
:10641000E5EE077AE4EEA57AE6EE267AFDEEE77A77
:1064200017EE902A12B20020ADF82A00ADF82C0029
:10643000DAE439780DF1380ABEE400BF74C60020F2
:106440009CB9002038A900208EC60020D25400201C
:1064500000247449905100200000C842B0C10020BF
:106460000000BE42A4A8002060680020CB54002099
:106470006AC6002038C4002024C4002028C400209C
:106480006CC6002034C4002001231370464A1370E8
:10649000464A1370464B1860FEF7FAFE454BDFED97
:1064A000467A1B7887EE807A9FED446A07EE903A31
:1064B000434B4448D3ED006A8DED096AF8EE677AE4
:1064C00067EEA66ACDED077AC6EE865A8DED087A9C
:1064D000CDED065AF3F792FADDED065AF1EE046AB5
:1064E000DDED077A9DED087AE5EE807AF4EEE67A46
:1064F000F1EE10FA26D4DFED345AF7EE006A9DED86
:10650000096AF4EEE57AF1EE10FA75FEA75AC5EEC7
:10651000867A76EEE76A67EE277A2C4A27EE267AA5
:106520002B4B39780DF1380AFCEEE77ABCEEC77ACE
:10653000C2ED007A83ED007A3EE4DFED266ADFEDFE
:10654000267A30E6DFED236ADFED237AE3E70022E7
:1065500069E7AEF1020EF6EE007A3EF9193003EE6D
:10656000903A069BF8EEE33A042B74EEE33A63EEBE
:10657000A73A7FF7ADAE74EEC56AB7E6AEF1020E8C
:10658000F6EE007A3EF9120003EE900A0698F8EE55
:10659000E33A042874EEE33A63EEA73A7FF70DAFCF
:1065A00074EEC56A16E700BFCB5400208EC60020EB
:1065B0009CB90020D2540020002474490000C84235
:1065C00090510020B0C100200000BE42A4A80020CD
:1065D00038A900203333733FCDCC4C3D054A1278A7
:1065E000824206D008B5431E042B00D908BDFFF730
:1065F0001DF87047D1540020014B1868704700BF48
:10660000BCBA00200148EEF75FBE00BF6068002002
:1066100001230249024A0B7013707047CF540020C7
:10662000D4540020014B1878704700BFD354002089
:1066300008B50AF06FFF0748F3F7BCF900210648D8
:106640000AF0C0FA054A06490348BDE808400EF0C2
:1066500023B900BFB0C10020A8A80020084F002027
:1066600051EA01002DE9F0435748BBB0574CEEF713
:106670007BFD4FF41670564D0AF026FE554F2668E6
:1066800040F2EE28DFF85C910DF092F82B78002BA9
:1066900077D03B78DA0774D52368D9F800209B1AA5
:1066A0000E2B6ED926684B4FDFF838810DF080F83D
:1066B0002B78002B6FD03B78DB076CD52368D8F89C
:1066C00000209B1A0E2B66D9242143480CF0F4FFBE
:1066D00042480AF04DF9F1F7AFFB002864D10DF004
:1066E00067F82B78002B40F09C812768236807F51A
:1066F00096679F4240F2E782002603ADB04612E063
:10670000EEF7B6FE40EA08032F485FFA83F8EEF78B
:10671000BBFE40EA06030A20DEB20AF0D5FD23687C
:106720009F4240F2B48229462748EEF735FD2648BD
:10673000EEF7CAFD0346244813B1EEF7A5FEF0B903
:106740002148EEF7C1FD03461F48002BD8D026682C
:10675000236806F5C8769E4206D89CE20AF0B4FD8E
:1067600023689E4240F2978229461748EEF714FDAF
:106770001548EEF789FE03460A20002BEED00520CF
:1067800013E023682A789B1B5AB1B3F5FA6F89D8B6
:106790000DF00EF878E723689B1BB3F5FA6F85D3ED
:1067A00092E74345F4D97DE703AD0D4E3070EEF727
:1067B00081FE3378023B032B00F28782DFE813F07F
:1067C00029012101DD001400606800202CC5002093
:1067D000B2C60020B1C6002060260020A04D0020D7
:1067E000D154002044C6002032219A480CF064FFA6
:1067F00099480AF0BDF82846F1F7F0FB002840F070
:10680000C980964A964BD2F800C01F68954B28461F
:10681000C3F800C0944B1F60F1F7D8FE002800F0C9
:1068200069812F46914C0FCF0FC40FCF0FC40FCFEC
:106830000FC497E80F0084E80F002846F2F79AF992
:10684000002800F07A812F46894C0FCF0FC40FCF5C
:106850000FC40FCF0FC497E80F0084E80F0028463D
:10686000F2F70AFD002800F09881DC2229468148D1
:106870000BF0DAF82846F2F7C1FF0446002800F0D2
:10688000B1812F467C4C0FCF0FC40FCF0FC497E8B8
:10689000070084E80700F0F705F9F0F777F9337897
:1068A000012B00F0D280013BDBB2042B40F20282CC
:1068B0001F22724C182301920022714F704811461A
:1068C0000093F02309F068F90023022138467B6128
:1068D00008F084FE6B4B20463B6111F033F82146F3
:1068E0000246384609F0E6FF012107200AF06CFD58
:1068F0006548F3F76BF83378022B00F0BC81032B6B
:1069000000F0D581043B012B40F2C7815F49604A0A
:10691000604B0846C1E900235F4A604BC1E902238E
:106920005F4B604AC1E90423EFF720FF02210620F4
:106930000AF07EFD2846F2F79DFE29465A48EFF7F9
:1069400007FB4FF4E13259495748EEF75DFF584BCA
:106950001B78002B40F05F813378023B012B40F223
:106960006781172153480CF0A7FE3B480AF000F856
:106970003BB0BDE8F043FFF749B820214E480CF08A
:106980009BFE354809F0F4FF2846F1F727FB002865
:106990003FF437AFDDF81E00DDF82210DDF82620C9
:1069A000464B474C07C3BDF82A100BAABDF83E0062
:1069B000198044499DF8433008804349A3F10103FD
:1069C000BDF84000B3FA83F3088024495B09DDF881
:1069D00012C0C1F800C03D49DDF83A000860204906
:1069E000DDF816709DF842000F603949087039498A
:1069F000DDF81A00086038490B700FCA07C42380FD
:106A000004E7222135480CF057FE134809F0B0FF87
:106A1000F1E61D2132480CF04FFE0F4809F0A8FFA7
:106A2000E9E6304B1B78DD077FF55FAE2E4A236821
:106A300012689B1A0E2B7FF658AE29212B480CF0BA
:106A40003BFE054809F094FF4FE6294C4FF4FC62E9
:106A500030E700BF1C270020A04D002094510020EB
:106A60008C5100209851002090510020C0C200207D
:106A700000C3002040C3002030A400205426002082
:106A800034C5002008000400B0C10020D8C1002097
:106A90004D3101002D320100E9350100BD34010006
:106AA000693501009536010024C20020B04D002058
:106AB000D354002098270020F826002024C400206A
:106AC00034C400206AC600206CC6002020C4002008
:106AD000D25400209C510020A1C60020B4260020E2
:106AE000D8260020B1C6002044C6002088260020F9
:106AF00048260020794C7A497A4AA1604FF08041BB
:106B000022600122E1604FF07E51E2622161A161C9
:106B10000421754A616075492062E1614FF07D5141
:106B2000C4E90900616130340FCA84E80F002846C7
:106B3000F2F720F800287FF486AE6D4B4FF08541C8
:106B40006C4AD96341F288311A600222C3F81200FC
:106B50009A80694AC3F81600C3F806200022C3F8D9
:106B60001A00C3F82E204FF07E52C3F81E00C3F85F
:106B70000A20624AC3F82200C3F82600C3F82A009C
:106B8000C3F83200188258872846D981C3F83620C6
:106B9000F2F772FB00287FF468AE594A0323594983
:106BA0004FF0010CFA270446C2E90013564B143289
:106BB000564942F80C3CA2F1140342F808CC22F8E2
:106BC000047C9C740533C3F80E109A42F9D101304D
:106BD0001A320828EFD12846F2F710FE04460028A2
:106BE0007FF44FAE4A4F02234A4A014607F10C0098
:106BF000C7E9002300232022BB6010F003FB7B1DAC
:106C0000214607F12B0013F8012F834281EA02018C
:106C1000F9D179713FE6002107200AF0D5FB002168
:106C200022200AF0D1FB3378023B012B3FF699AECC
:106C3000394C4FF496700AF047FB384D23682A7898
:106C400043F001032360FAB10BF012FE50200AF06A
:106C50003BFB23682A7823F0010323608AB10BF001
:106C600007FE33782E49032B2E480CBF2E4A2F4A9D
:106C700009F098FE75E62E48F3F7AEFBF3F718FA25
:106C800044E60BF0F5FDEAE70BF0F2FDDCE7B8F1C6
:106C9000000F16D19EB9012087E51948F4F774F961
:106CA0001B48F4F70DFA0120EDF7DCFF2EE6F3F7B1
:106CB00047FC2BE61F491F2251F82340FAE5042028
:106CC00073E5032071E503ADE5E70A211A480CF0EE
:106CD000F3FC144809F04CFE8DE500BFC0C2002053
:106CE0009A99993E314D4941A01400201A16040783
:106CF00000C30020314D4943CDCCCC3D46020300BA
:106D000040C30020334D494B00A0400050003C00E0
:106D100030A400204B54534348C6002091C60020A5
:106D20005C270020A04D0020040C0020080C00204F
:106D3000ACC10020080A0020502700202DE9F04FA8
:106D40009E4DA1B09E482C68EFF750FD9D48EEF790
:106D500065FD06200AF05AFB9B4A1378834204D053
:106D60009A490B68E31A312B1AD8994EF2F70CFEA8
:106D700058B9984F3378023B032B00F2C186DFE805
:106D800013F0C901C6011E001C003378023B032B1F
:106D900000F2BA86DFE813F0720276023B02FC01D1
:106DA00007460C60002800F0EB818B4B1978002916
:106DB00040F00183864E1770D8E7FEF753FFF4F7D3
:106DC000BDF97F4B3A7893F81880002A00F0D18003
:106DD000824B83F80080824A92F90030002B09DB55
:106DE000804B1B68E31A002B04DBFF207E4B012144
:106DF000107019707D4EB3683BB17D4A2B681268E4
:106E00009B1AB3F5FA7F80F0BB82794F0CF0EAFB56
:106E100000282FD00CF02CFCC1B274480D2918BFEB
:106E20000A290CBF0124002427D10AF02DF8B368E9
:106E3000002B00F0BB806F4912A809F0E9FE12A9EF
:106E40006A4809F0D1FF804612A809F003FFB8F1A3
:106E5000000F40F0A8806849644809F0ADFF88B190
:106E6000FEF7D4FD6549614809F034FF0CF0BAFB28
:106E70000028CFD121B0BDE8F08F09F08DFF2B683D
:106E80003B60C3E75E49594809F096FF804618B158
:106E90005C48F2F7E5FFE5E75B49544809F08CFFF1
:106EA000814668B143464246404664210CF09EF854
:106EB000242156480CF000FC554809F059FDD1E753
:106EC00054494A4809F078FF002800F0B98050245E
:106ED0004FF478434A4649464F48CDE900434FF4C2
:106EE0008C7308F059FE4FF4FC6322464946009427
:106EF00001934FF48C73484808F04EFE51231F2233
:106F000049464548444CCDE900324FF48C73A022E9
:106F100008F042FE0221404808F060FB4FF0FF33CA
:106F20000B223E4963614FF008132046236109F0AC
:106F3000C1FC3B4B0B223B492046236109F0BAFCC4
:106F4000394B20460B223949236109F0B3FC2B68E9
:106F50002821374A03F6B83336481360364A13609F
:106F6000364B83F800900CF0A7FB294809F000FD90
:106F700078E731490A68A21A312A00F2B780174B24
:106F800083F800802D4B1A78002A3FF424AF28495B
:106F90000A68A21A312A7FF61EAF00220C601A700E
:106FA000F0F766FE17E71148FCF71EFB13490F4880
:106FB00021B0BDE8F04F09F08DBE00BF2CC5002008
:106FC000D8C1002024C20020CD54002078BE00206B
:106FD000D1540020D354002096C6002095C600202E
:106FE000D0540020BCC20020CF540020A8A800200C
:106FF000B0BA002020280020641E0020B02E0020FF
:107000005C1D0020B0C1002024280020282800207A
:10701000A04D002050280020B8C500205C2800208A
:1070200008005800682800200800A80074280020E4
:1070300090B900208028002058B90020D4540020A6
:10704000B04912A809F0BEFD12A9AF4809F0CCFE64
:1070500050B1B368032B07D90321AB4809F0D8FE20
:1070600003783A2B00F0128112A809F0F3FDA7492A
:1070700012A809F0A7FD12A9A34809F0B5FE00283F
:107080004BD112A809F0E6FDA14912A809F09AFD1A
:1070900012A99D4809F0A8FE804612A809F0DAFD61
:1070A000B8F1000F00F0A0819749032212A809F05F
:1070B000BDFE12A809F014FF044612A809F0CAFD8B
:1070C00040F6B833204610219C42924CA8BF184687
:1070D00020EAE070208090480CF0EEFA21888F487A
:1070E00009F03AFC8D4809F043FCBBE60C60B8F1AE
:1070F000000F40F0B1808A4E3378002B00F06D8194
:10710000884B00221A70F0F7FDFB3B78B0E0F3F7F4
:1071100099FD56E6F2F7F6FF53E6B368032BB0D9B4
:107120000321794809F074FE03783A2BA9D112A8FB
:1071300009F090FD0221744809F06AFE0478303CA1
:10714000062C3FF68FAE7049042212A809F06EFE9D
:1071500012A809F0C5FE804612A809F07BFDB8F51B
:10716000FA7F4046704BA8BF4FF4FA70DFF8EC810D
:1071700008219842B8BF184628F814006B48ADE0C3
:107180006B4B01216B4E1C606B4B17701970EDE55A
:10719000604A1AAF694BB2F800A0694AB2F800B071
:1071A000684AD2ED007A684ACDED027AD2F800E062
:1071B000664AD2F800C0664A92F80090654A1268A2
:1071C0000392654A92F8008007CB1B88CDF85A00DD
:1071D000ADF86630614BCDF85E10CDF862200FCB74
:1071E00007C73B8012A8029BADF87AA0ADF87CB02F
:1071F000CDF84E30CDF876E0CDF852C08DF87E90C7
:10720000039A8DF87F80CDF85620F0F76FFE544832
:10721000F1F7C0FF534F3B7833B9534B04F2DC52C4
:107220001A6001223F4B1A70F0F7BAFD31287FF641
:10723000A1AD2E214D480CF03FFA384809F098FBDB
:107240003B78002B7FF496AD474B04F5FA621A6049
:107250000122344B1A708DE53278D869012A304EFC
:10726000A4EB000014BF01210221F0F719FD3B78C7
:1072700086F80080002B3FF485AEACE53C48F1F782
:1072800037F9C7E73B48F1F723FCC3E712A809F039
:10729000E1FC02211C4809F0BBFD0478303C062CBF
:1072A0003FF6E0AD1849042212A809F0BFFD12A86C
:1072B00009F016FE804612A809F0CCFCB8F5FA7F5A
:1072C0004046194BA8BF4FF4FA70DFF870800821D0
:1072D0009842B8BF184628F8140027480CF0ECF97B
:1072E00021460E4809F038FB032124480CF0E4F94C
:1072F00038F91410094809F02FFB084809F038FB49
:10730000B0E500BFAC280020A8A80020B0280020CD
:10731000C02800206AC60020D0280020A04D0020F0
:1073200095C60020CF5400200CFEFFFFC42800208B
:107330007CBE0020D154002096C6002024C400202A
:107340006CC600209451002020C400208C510020E5
:10735000D25400209C510020A1C6002034C400203B
:1073600040C30020D3540020A8C10020C027002023
:10737000C0C2002000C30020B4280020342900200F
:107380000CF016FAAE4B1B7883B1AE4B1B78D907C5
:107390000CD5AD4A2B6812689B1A0E2B06D92E21EC
:1073A000AA480CF089F9AA4809F0E2FAA949AA48C2
:1073B00009F090FC29E5A9490020A94E0968187038
:1073C00040F2DB53611A3078994234D902380128EF
:1073D0008CBF02200120FEF729F9A24B1A78002A5F
:1073E0007FF48FAE3270CDE59F4912A809F0EAFB19
:1073F00012A9994809F0F8FC804612A809F02AFC65
:10740000B8F1000F21D09449032212A809F00EFD13
:1074100012A809F065FD044612A809F01BFC40F60D
:10742000B83310219148A342A8BF2346904C23EAC9
:10743000E373238050E6F0F7B9FC4FF0E0238D4969
:107440008D4AC3F80C1D177090E48C4912A809F0FE
:10745000B9FB12A9804809F0C7FC804612A809F0C0
:10746000F9FBB8F1000F33D002227B4912A809F0D2
:10747000DDFC12A809F03AFD12A88DED020A09F010
:10748000E9FBDFED7F7A9DED020AB4EEE70AF1EE4B
:1074900010FA07D4F2EE0E7AB4EEE70AF1EE10FA23
:1074A00077FE807A774C0E217748C4ED007A0CF095
:1074B00003F994ED000A01216548B7EEC00A09F00E
:1074C00089FA25200CF0E4F8614809F051FAC9E482
:1074D0006E4912A809F076FB12A95F4809F084FCF6
:1074E000804612A809F0B6FBB8F1000F33D0032292
:1074F000594912A809F09AFC12A809F0F7FC12A841
:107500008DED020A09F0A6FB9DED020AB5EEC00A58
:10751000F1EE10FA00F19080F3EE047AB4EEE70A8F
:10752000F1EE10FA77FE807A594C0E215948C4EDDD
:10753000007A0CF0C1F894ED000A01214448B7EE3E
:10754000C00A09F047FA032153480CF0B5F8404847
:1075500009F00EFA86E4514912A809F033FB12A98A
:107560003D4809F041FC804612A809F073FBB8F1D0
:10757000000F23D00422384912A809F057FC12A8A2
:1075800009F0B4FC12A88DED020A09F063FBDFEDEF
:107590003C7A9DED020AB4EEE70AF1EE10FA07D448
:1075A000F2EE0E7AB4EEE70AF1EE10FA77FE807A88
:1075B0003B4C0F213B48C4ED007A78E73A4912A8CA
:1075C00009F000FB12A9244809F00EFC814612A81C
:1075D00009F040FBB9F1000F72D01F49042212A834
:1075E00009F024FC12A809F07BFC044612A809F05B
:1075F00031FBA31C2D4A2E4C82FB0312DB171021FA
:107600002C48C3EB620303EB83035F2BA8BF5F230C
:10761000052BB8BF052323700CF04EF843462178A4
:107620000A220B4809F0CCF9022123480CF044F857
:10763000074809F09DF915E4DFED207A74E700BFF3
:10764000B2C60020B1C6002044C60020F0270020AA
:10765000A04D0020B02E0020A8A800207CBE002055
:10766000D1540020CF540020E4280020E828002036
:107670006CC600200400FA05CD5400200C1A00202E
:10768000CDCCCC3D94510020FC2800200C290020BA
:1076900020C4002010290020A4250020202900203B
:1076A0008C51002028290020382900206766666652
:1076B000D254002040290020902500200000000026
:1076C0001E4912A809F07EFA12A91D4809F08CFB88
:1076D000804612A809F0BEFAB8F1000F3AD0032292
:1076E000174912A8DFF8688009F0A0FB12A809F07A
:1076F000F7FB044612A809F0ADFA42F210730E220D
:107700001049A342A8BF23460F4CB3F5FA7F204689
:10771000B8BF4FF4FA73C8F8003023685B68984725
:10772000D8F800104B460A22204609F049F92046B5
:107730000649FDF7B1FFFFF795BB00BF54290020B4
:10774000A8A8002058290020A04D0020800D00206E
:107750009C510020CB49CC4809F02EFB002800F0BA
:107760007C815621C9484FF004080BF0A5FFC8489A
:1077700009F0FEF8404608F10108FF210AF008F878
:10778000B8F13C0FF6D112A8F0F728FC002840F021
:107790006A81DDF84E30F7EE007A07EE103AB4EE6B
:1077A000677AF1EE10FA40F05E81BDF87A8024210C
:1077B000B8480BF081FFB8F1000F40F05881A146A6
:1077C000B54804210BF078FFB14809F0D1F84FF02B
:1077D0007E5304A8CDF81630CDF81A300023CDF82A
:1077E0002230CDF82630CDF82A30CDF82E30CDF825
:1077F0003230CDF83630CDF83A30ADF82030A74BE6
:1078000004930123ADF814300023CDF83E3041F24B
:107810008833ADF81E30A24BCDF842302D23ADF8A1
:107820004630F0F763FB12A8F0F7D8FB804630B182
:10783000BDF87A2040F2D2439A4200F04D812521D2
:1078400098480BF039FF4FF00008974804214FF09B
:10785000460A0BF031FF8E4809F08AF808EB09035D
:1078600001224FF0000802934FF07E5304A8ADF8B8
:107870001420CDF81630CDF81A30884BCDF8228080
:1078800004930023CDF82680CDF83E3041F28833B2
:10789000CDF82A80ADF81E30CDF82E80CDF832809C
:1078A000CDF83680CDF83A80CDF84280ADF8208012
:1078B000ADF846A0F0F71AFB0E2009F04FFEC143C9
:1078C0000E20C9B209F064FF12A8F0F787FB80F020
:1078D0000109242175480BF0EFFE6F495FFA89F921
:1078E0007148C14518BF084604210BF0E5FE684801
:1078F00009F03EF8029A04A89144F0F7F7FA674BB2
:10790000012204A8ADF846A0049341F28833ADF8F3
:107910001420ADF81E30664BCDF82280CDF81A3019
:10792000644BCDF82680CDF81630634BCDF82A8015
:10793000CDF83E30CDF82E80CDF83280CDF83680AF
:10794000CDF83A80CDF84280ADF82080F0F7CEFA3D
:1079500012A8F0F743FBDDF84E30DFED586A07EE72
:10796000903A9FED577A77EEE67AF0EEE77AF4EE0A
:10797000C77AF1EE10FA7ED5DDF87630DFED516A88
:1079800007EE903A77EEE67AF0EEE77AF4EEC77A11
:10799000F1EE10FA6FD5DDF85230F1EE026A2521D2
:1079A000494807EE903A8DED037A77EEE67AF0EEED
:1079B000E77ACDED027A0BF07FFEDDED027A9DEDE8
:1079C000037AF4EEC77AF1EE10FA58D53248042162
:1079D000A1440BF071FE2E4808F0CAFF4FF07E5311
:1079E000002404A8CDF81630CDF81A302B4BCDF872
:1079F000224004930123CDF82640ADF81430002333
:107A0000CDF82A40CDF83E3041F28833CDF82E40F3
:107A1000ADF81E304623CDF83240ADF84630CDF8F3
:107A20003640CDF83A40CDF84240ADF82040F0F76E
:107A30005DFA162125480BF03FFE23465FFA89F1D7
:107A40000A22134808F0BCFF382121480BF034FE0D
:107A50000F4808F08DFFFFF705BA1E490C48FDF7E7
:107A60001BFEFFF7FFB924210A480BF025FE4FF05B
:107A700000090D48A5E6252113480BF01DFE002442
:107A80000948A4E768290020A8A80020742900203C
:107A9000A04D0020CC290020B0270020324D494DB8
:107AA000D2043702F4290020B82700201C2A002025
:107AB000000090409A99E94033334B419A99E9404C
:107AC0006F12833A33334B41442A00206C2A002042
:107AD000842A0020C02A0020BDF87C2040F23723F1
:107AE0009A427FF4ACAE9DF87E3025212748029360
:107AF0000BF0E2FD029B2D2B7FF4A5AE2448A5E6FA
:107B0000FEF7B0F8FFF75DB9224A1AAF224BB2F880
:107B100000A0224AB2F800B0214AD2ED007A214AF0
:107B2000CDED027AD2F800E01F4AD2F800C01F4A19
:107B300092F800901E4A126803921E4A92F8008042
:107B400007CB1B88CDF85A00ADF866301A4BCDF83C
:107B50005E10CDF862200FCB07C73B8012A8029BB6
:107B6000ADF87AA0ADF87CB0CDF84E30CDF876E027
:107B7000CDF852C08DF87E90039A8DF87F80CDF8B5
:107B80005620F0F7B3F9FFF745BB00BFF4290020FA
:107B9000B02700206AC6002024C400206CC6002044
:107BA0009451002020C400208C510020D254002089
:107BB0009C510020A1C6002034C4002000B5A1B013
:107BC0000346084A802168460FF0A6F968460FF080
:107BD000B9FE014668460BF06FFD034808F0C8FE89
:107BE00021B000BD082B0020A04D002000B5A3B09F
:107BF0000346094A009102A880210FF08DF902A8DE
:107C00000FF0A0FE014602A80BF056FD034808F055
:107C1000AFFE23B000BD00BF242B0020A04D0020EC
:107C200010B5044682B049B1084601910FF08AFEB2
:107C300023680246019920465B689847204602B0B7
:107C4000BDE8104008F094BEB1F5807F70B50C46D9
:107C500096B019D0292130480BF02EFD21462F482F
:107C600008F07AFE0B212E480BF026FD4FF48071B0
:107C70002A4808F071FE294808F07AFE294816B013
:107C8000BDE87040FFF79ABF064600F1FF020125EC
:107C90002548120A00230570244D25492A80254ACB
:107CA00009681380244A25481360254A1370254A21
:107CB00011604FF0FF31244A11604FF48052FF21D0
:107CC0000FF0A0FA152121480BF0F6FC00230A2240
:107CD0003146124808F074FE0F211D480BF0ECFCF1
:107CE00029880E4808F038FE0C4808F041FE288824
:107CF0002346184A5021009002A80FF00DF902A85F
:107D00000FF020FE014602A80BF0D6FC034808F055
:107D10002FFE16B070BD00BF482B0020A04D0020E4
:107D2000A40F0020742B002088C600205CC6002011
:107D30002CC5002060C6002040A9002044A90020D6
:107D400080C6002084B90020784E0020882B0020B7
:107D5000A02B0020B02B00202DE9F043874D8FB0E1
:107D60002B78012B40F09F8094460C46844A804635
:107D7000844941F2883610680B681B1AB34204D953
:107D8000814B1B88002B40F0D2800B689CF80010C0
:107D90001360002900F0EE8000227C4E7C4F1346D9
:107DA000104608E0FF2A02F1010200F3E3807D544F
:107DB0001CF8011FB9B1715603F1060EB1F1FF3F76
:107DC000CDB2F5D00231A3F1020345EA801011468D
:107DD00009D0BEF1070F20FA03F5E3DC1CF8011F00
:107DE00073460029E7D1002A00F0C480694D91460E
:107DF000674F2968684BD6196FEA010E384610F8AC
:107E0000011B8EEA010E08214EF3000C01390CEA29
:107E1000030C8CEA5E0EF7D18642F0D16FEA0E03B6
:107E2000B4F5805F2B6044D222445C485849B2F5D7
:107E3000805F204488BFC4F5805901244A4609F078
:107E4000F3FD574B0C2157481C700BF035FC08EB29
:107E50000401554808F080FD214654480BF02CFCE5
:107E6000534B5148198808F077FD132151480BF006
:107E700023FC4D4808F07CFD434843464E4A0188A8
:107E800001310180302102A80FF046F802A80FF05E
:107E900059FD014602A80BF00FFC434808F068FDAD
:107EA0000FB0BDE8F08345490FB0BDE8F043FFF7E0
:107EB0009DBE434804F1C045424B204019688142B1
:107EC00006D0186000F1C040019209F001FC019A4F
:107ED00028462F4996B2019209F088FB019A2A445C
:107EE00025F01F05BFF34F8F4FF0E021C1F85C5F15
:107EF0002035AA42FAD8BFF34F8FBFF36F8F1EB35E
:107F0000314B751EC7F1C04013FA85F5013B01E006
:107F10009D4219D01A1919780133125C8A42F7D0A0
:107F20002A4940460FB0BDE8F043FFF75FBE1D2170
:107F300027480BF0C1FB1C4808F01AFD2548FFF745
:107F40003DFE00232B70ABE70C2116480BF0B4FB71
:107F500008F10101144808F0FFFC012113480BF05F
:107F6000ABFB134B1048198808F0F6FC0E4808F0DC
:107F7000FFFC81E718494046D4E700BF88C60020CF
:107F800084B900202CC5002060C600208C39002058
:107F900078BD002040A900202083B8ED44A900202E
:107FA00080C60020242C0020A04D0020342C00206E
:107FB0005CC60020382C00204C2C0020DC2B00203C
:107FC00000F0FFFF784E002079BD0020642C0020D7
:107FD000EC2B00200C2C0020142C002070B52C4C15
:107FE0002378012B29D12B4D06462B68834207D1DC
:107FF000294B1D7835BB2948FFF7E0FD257070BD82
:10800000262127480BF058FB002310222968254819
:1080100008F0D6FC0D2124480BF04EFB0023102263
:108020003146204808F0CCFC1E4808F0A1FC1F484F
:10803000FFF7C4FD0023237070BD1D48BDE87040EC
:10804000FFF7BCBD1B494FF0C0441648FFF7E8FDE1
:1080500019491448FFF7E4FD184D0BF05BFB642051
:1080600009F032F94FF0C04009F032FB144B2046C2
:108070004FF48072191904F5807409F0B7FAAC4214
:10808000F4D14FF0E0230F4AC3F80C2DFEE700BFF8
:1080900088C6002040A9002080C60020C02C0020F7
:1080A000782C0020A04D0020A02C0020B02C002017
:1080B000DC2B0020D02C0020002D002000100060C0
:1080C00044A900C00400FA0510B5044610210C486C
:1080D0000BF0F2FA8CB120460FF034FC014620463A
:1080E0000BF0EAFA074808F043FC0023064807496A
:1080F000074A03700B80137010BD0921054CEEE791
:108100001C2D0020A04D002088C6002060C6002045
:1081100080C60020102D0020704700BF704700BFB0
:10812000704700BF00207047704700BF00207047B5
:108130000020704701207047064A00211368416003
:108140002BB11A465B68002BFBD150607047106062
:10815000704700BF98BC002070B584B0DDF820C027
:1081600010B10BB1A2B199B91E461546044662463C
:1081700003910A480A4908F015FC0A49039B224664
:108180000648CDE9005608F00DFC002004B070BD93
:1081900004B0BDE8704000F0FFBA00BFA04D002061
:1081A000302D0020882D002030B59D1C044685B060
:1081B000D0F8C40740D05D1C35D0DD1C00D1838BC6
:1081C000808D04F6A14584F8A73C1B0A84F8A52CF1
:1081D00084F8A83C002360F30703C0F3032040F0B9
:1081E000200060F30F23101D60F31743001260F3AB
:1081F0001F630020C4F8A13C84F8A60CAAB90F4B59
:10820000083229461868D2B2D3F800C040F6B2133B
:1082100000932346D4F89C0B094CC4F800C0FFF728
:108220009BFF05B030BD438BCAE704F6A94003921B
:1082300009F0FAFB039AE2E7038BC1E72CC50020A3
:10824000D4C10020D0F8C43783F83810704700BF7D
:1082500008B509F05FF9044B04491868044A1B6823
:108260000860136008BD00BF2CC50020D4C10020E9
:10827000D0C100200020704700207047704700BF29
:1082800038B5534A4FF4805E4FF400554FF44044E4
:108290004FF4803043F24201136A13F0020F40F0B2
:1082A000878013F4005F00F0878013F4805F00F094
:1082B0008580002BF0DA13F4803C40F082805B066E
:1082C00040F18380434C444AD4F88010434B41F042
:1082D00003014348C4F880104FF0404191634FF4CC
:1082E000404151630521C2F800C00822C0F8B41013
:1082F0004FF08061C0F8A4220A205A680A435A60ED
:10830000C3F8841008F0E0FF364AD2F8403143F059
:108310000203C2F84031D2F840319B07FBD4324D02
:1083200005F0BAFD01242B1F05F17C0243F8044F30
:108330009342FBD14FF4807200212C480EF062FF73
:1083400000222B49274B0A700321C3F89040C3F841
:10835000A8112849C3F84821C3F85451C3F84C2147
:10836000C3F85821C3F84011D3F884212249234887
:1083700042F48052C3F88421D3F85821D3F8542111
:10838000C1F800021E4A4FF0E0214FF48030C1F8DE
:108390000C01C3F84821D3F8482142F01202C3F877
:1083A0004821D3F8482142F44022C3F8482138BD7F
:1083B0009462506291626FE755626DE7C2F824E003
:1083C0006AE74FF48033936266E74023536263E7C2
:1083D00000800D4000C00F4000A00D400080004212
:1083E00000801F4000022E4000600020ACB9002039
:1083F00075C60020158B010000580020C9670100D8
:1084000004000003C368002B32D063298CBF002313
:1084100001236BBB10B582B004460091019308F0B4
:10842000A9FFDFF8B8E0A060DEF80000DDE9001386
:10843000002841D0DFF8A0C0DCF88C2022F07F4279
:10844000914216D34369891A23B92DE05869891AD4
:1084500058B303461A698A42F8D99869521A1A61C0
:10846000A061C4E904139C61A3695C6102B010BD02
:10847000704772B64FF00070CCF88C30521ACCF8BE
:108480004401A361DEF800302161013963611A61A2
:108490004FF04042CEF800409C61CCF88810CCF8F8
:1084A0008C2062B602B010BD034600222161C4E9EF
:1084B00005235C6102B010BD074B01F1FF3C4FF09A
:1084C0004042A061CEF80040C4E90410C3F888C05F
:1084D000C3F88C20CAE700BF00022E4054B9002028
:1084E00072B6184A136873B183420ED05B6953B1F8
:1084F00098425B69FBD181694B6123B100691A69BC
:10850000996102441A6162B670470F484FF0000C3F
:108510005B69C0F88CC09BB1D0F88C1010B421F00E
:108520007F411C6921441961C0F888104FF0404117
:10853000C0F88C10C3F818C0136062B610BC704746
:108540001360E0E754B9002000022E4003698C4616
:108550009A68510670B5054603D41B689A6852069E
:10856000FBD54022DCF80860DCF83CE0CCF80820C1
:10857000DCF800201A60DCF804205A60DCF80C20DB
:10858000DA60DCF810201A61DCF814205A61DCF89B
:1085900018209A61DCF81C209D62DA61DCF82C203E
:1085A0001C68DA62012CDCF83020DCE90D011A636A
:1085B0001A46C3F83CE0C3E90D0103D01268116804
:1085C0000129FBD1C2F800C00122CCF800201A68B2
:1085D00094451A462DD04FF0000E106811460468DD
:1085E0000246C1F824E08E46A4450862F5D15162E6
:1085F0000021116295F8341011F0FD0F08D10E48DA
:108600000168596279B10B62026001209E6070BD01
:108610000A48016859620029F5D109490B600260D6
:1086200001209E6070BD07490B60026001209E60C2
:1086300070BD0021DBE700BFC4BA0020CCBA002027
:10864000D0BA0020C8BA00202DE9F0470C46C988EE
:1086500082B0B1F5804F03D9002002B0BDE8F087A9
:1086600090469946054605F063FC0028F4D000903A
:1086700005F05EFC00990346002876D0E0880028CB
:108680003BD1DFF80CA1D5F800E00B60DFF804C1A6
:1086900001223C4F04EA0C0C256866684A608F6032
:1086A000CC600CF580540C610CF500544C610CF559
:1086B00040548C610CF58044CC6100245A60C3F8AE
:1086C00008A0DC604FF48054C3F83C901C614FF468
:1086D0000054C3F828E05C614FF44054C3E90B80B8
:1086E0009C6170464FF48044C3E90D56DC611A600A
:1086F00002B0BDE8F047FFF729BFCDE9001305F050
:1087000017FC0246DDE9001398B394F800C0E08836
:108710004FEADC1CD5F800E01B4D4FEA0C268CF02C
:10872000010746EA004C4CEA05054FF0010CC2F87F
:1087300004C0DFF860C0956008EA0C0CC2F80C8039
:108740000CF5805515610CF5005555610CF540553B
:108750000CF5804C9561C2F81CC00A601360C2F829
:1087600028E00A4A42EA072A90E7084605F0E8FBB3
:1087700072E70846009305F0E3FB009805F0E0FB84
:108780006AE700BF800208008000008080800080CF
:108790008081008000F0FFFF2DE9F84F4FF0E025C9
:1087A0004FF4803A80468946D5F80C719B46C5F84F
:1087B0008CA1164607EA0A0705F0BAFB00287FD00D
:1087C00006F1FF3A04465FEA9A3A04D114E0BAF19E
:1087D000010A286010D0054605F0AAFB0028F6D152
:1087E00026462468304605F0ABFBAE42F8D1002F98
:1087F0005FD10020BDE8F88F00234FF0010EC0F8D4
:108800003CB00663C0F800E03049C0E90D33C0E970
:108810000A892F4B98F8350043EA002A23460002C4
:1088200009EA0102B6F5804F02F5805B02F5005CB3
:1088300002F5405502F5804222D840EA0646234A16
:1088400048F280054FF0010C09EA02022146354347
:10885000C3F804C002F5805602F540549D6002F54D
:10886000005502F58042C3F80C9040461E615D61E0
:108870009C61DA61FFF76AFEA7B90120BDE8F88FB5
:10888000C3F804E0A6F58046C3F808A0C3F80C902E
:1088900009F58049C3F810B0C3F814C09D61DA61CE
:1088A0001B68BDE74FF0E0234FF48032C3F80C2182
:1088B000E3E74FF0E0234FF48032C3F80C2198E750
:1088C000002F96D0C5F80CA193E700BF00F0FFFF82
:1088D000800000402DE9F843DFF8EC90D9F8005013
:1088E0005DB14FF00008AB682E6A1A0602D413F08F
:1088F0007C0F04D13546002EF5D1BDE8F8836B6AB4
:10890000002B5CD01E62AF6A002E47D073623346E4
:108910002846996AB942C5E908881A6A05D092B111
:108920001346996A1A6AB942F9D1596A41B30A627F
:1089300052B39E425162C3E9088803621846EFD1E0
:1089400016461346EDE703462C6A1A681B683B611E
:10895000C7F80C80C7F818802CB12046246A05F0AF
:10896000EFFA002CF9D13A6C1AB12846C5F82080EC
:1089700090472846354605F0E3FA002EB3D1BCE710
:10898000C9F80020002AD4D19E4208BF1646C3E988
:1089900008220C4A036211602C6AD6E72A682A680A
:1089A0000849C5E908663A613A6CFE600B60BE6131
:1089B000002ADAD12846BDE8F84305F0C1BAC9F863
:1089C0000060A0E7C4BA0020C8BA0020874B30B5C9
:1089D000D3F8444183B06103C3F8444109D5844BC3
:1089E0001B6833B19A6812F0FC0F5CD01B6A002B35
:1089F000F8D1230309D57F4B1B6833B19A6812F075
:108A0000FC0F66D01B6A002BF8D1A00700F18F8005
:108A100061070FD5754BD3F8845145F02A02C3F88E
:108A20008421AA0769D42B0704D4734B1A78022A2D
:108A300000F09F80E20107D56F4B1A78012A00F001
:108A4000BF80032A00F0AE80A3012AD5DFF8C4E17D
:108A5000DEF800202AB35369944600250EE0196918
:108A60009D61042900F2B680586919B110B10469FA
:108A70000C440461CCF814309C460346CCF81450E6
:108A8000002BECD1CEF800305C4D00241146526929
:108A9000C86803689B68AB42C1E9054455D1002A08
:108AA000F4D103B030BD120406D59A6A1846D26BD1
:108AB00012B101939047019BD3E90851002941D09D
:108AC0000D621846002D38D0696205F039FA2B4640
:108AD00088E7150406D59A6A1846D26B12B101933D
:108AE0009047019BD3E9085121B30D621846BDB1EF
:108AF000696205F025FA2B4680E715F001022AD0BD
:108B00003D4A117801298ED801203D4924F0807416
:108B100010704FF04042C3F88010C3F8842093E7F0
:108B2000384A116005F00CFAA0077FF571AFFFF726
:108B3000D1FE6DE72F4A1560D8E7334A116005F082
:108B4000FFF956E72A4A1560BBE701929847019A58
:108B5000002A9BD1A5E728492C4B0A7002210192DB
:108B600099632B4B186800F03FFE294B019A1A605D
:108B700059E768077FF568AF03251C4904F080704A
:108B80001D7042F21075C1F880504FF04045C1F899
:108B90008450D1F88411890501D51C494A63002805
:108BA0003FF452AF0420114900221870D1F884011B
:108BB0001146C0F3816000F069FB154B186043E774
:108BC0000A4A02211970D2F8843143F48073C2F842
:108BD000843139E7CEF80030013904484FF0404382
:108BE000C0F88810C0F88C304EE700BF00022E405D
:108BF000C8BA0020D0BA002075C600202D010000A0
:108C0000A0860100CCBA0020C4BA002000A00D400C
:108C100014BB002054B90020036B012A2DE9F04F4A
:108C20008C4C38BF01221B7D89B004FB01F1022B63
:108C30004FEA114500F0A6800523012141EA5104C5
:108C4000A24240F2EB80013B4FEA4101F6D12023E2
:108C50001C46039390F83530A0F84440002B40F0B8
:108C6000D88005F1840102254FEA5119039A002AA0
:108C700000F084804FF0FF370023D2007649BA46D7
:108C800000930292CDE906408C469846DDF80CE050
:108C9000CDE904139CF8030066469CF802B000215D
:108CA0004419CDF804C016F8012B0BEB050C8346D4
:108CB00023464A44F078944500EB050457D3A34279
:108CC00038BF2346634538BF6346BB4202D2C24623
:108CD0001F46009101310429E5D1F044DDF804C0BC
:108CE000029BB8F11F0F9C44D4D9039ADDE9041309
:108CF000013308319A42C7D1BB2FDDF800B0DDE95E
:108D000006403BD8BAF11F0F5646A0F84840A0F8DD
:108D10004CB080F84E9080F84F50A0F84AA016D87A
:108D20004D4A029F02EB0B0101EBCA010C789A44F9
:108D30008A784C44BAF11F0F2A440C708A70CC78A0
:108D40000A792C442A44CC700A713944EED90122A4
:108D50001C23A0F8466002FA0BF203FA0BF380F82A
:108D6000362080F83730012009B0BDE8F08F9342FB
:108D700038BF1346A34238BF2346A6E7002009B0F8
:108D8000BDE8F08F0F2A4FF0010328BF0F22541EB9
:108D900003FA04F4B4F5807F43DCE20800D0134604
:108DA0004FF0FF3E573500262B4FF446A0F84430D5
:108DB00033460021FA5C234402EB5512914238BF3E
:108DC0001146FF2BF6D9714501D28E46B4460136C5
:108DD000A642EDD1BEF1BB0FD0D86D09BCF1FF0F9B
:108DE000A0F84840A0F84AC080F84E5006D8634624
:108DF000FA5C2A44FA542344FF2BF9D9012C14D0ED
:108E0000022C1DD0042C20D80CF003021123934017
:108E10000CE066354FF002096D0927E70C46039117
:108E200018E720234FF48074BAE7FF234FEADC0CE5
:108E3000002280F83630A0F846C080F8372092E74C
:108E40000CF0010255239340F0E70CF007020123D8
:108E50009340EBE7AB2A0100ACB90020B0F846C064
:108E6000BCF11F0F3DD8F0B5B0F844E040F002056A
:108E70001C4C07E0BE452ED90260A551F444BCF15C
:108E80001F0F20D854F82C204FEA8C06D107F3D4BA
:108E900002F0060122F01F030229B3F84470E9D062
:108EA000BE4518D91A468242E8D011681F2921F020
:108EB0001F02F8D81A68F4440260BCF11F0F40F09A
:108EC00002021A60DED9F0BD1B6823F01F03B3F85D
:108ED00044207245E6D39842D0D01A68D207E1D434
:108EE000F2E77047006000202DE9F84306460F4680
:108EF0001546994605F00CF800287BD0044605F08D
:108F000017F88046002872D06022002120460EF01B
:108F100079F93C22002108F104000EF073F90123D5
:108F20004022032FC8F80030C8F80820C4F8108089
:108F300084F835906361266384F834705ED03DB167
:108F40007368002B65D01A469B6B002BFBD1946392
:108F5000317D002F3BD101294FF480408CBF00238D
:108F60000123DA062B0243EA0133089943EA01435D
:108F7000717D0B430343134394F8372043F0704350
:108F80006360B37DF17D1B0443EAC15343EA0223CE
:108F900094F83620134343F08043A36037F0020374
:108FA00018D1264BD3F85821CAB9616844F002029F
:108FB000204641F4004161602260C3F85841D3F873
:108FC000402142F02002C3F84021BDE8F88300228E
:108FD0001046C7E7032F1ED02046BDE8F88311686E
:108FE00044F00203204621601360BDE8F883204668
:108FF00004F096FF00242046BDE8F883DDE908125E
:109000002046FFF709FE90B14DB9317D2A4628462A
:10901000A8E774609CE72046FFF720FFDCE7736851
:10902000002B90D11A46317D184674609AE740466D
:1090300004F086FF204604F073FFDBE700022E40B9
:10904000F8B590F83430044613F0FD0F4DD10368A5
:1090500023F01F03984200F0C6801A68194622F0D8
:109060001F039C42F9D163681D0400F1AD802368A1
:10907000694A0B60D2F8403143F04003C2F84031F6
:10908000D2F844319806FBD52023C2F84431634E10
:109090003568E5B128462D6A836AA342F9D1436A4F
:1090A000002B00F0B2801D62002D00F0AB806B62DF
:1090B00023691F2B03D804E01B681F2B01D98342AF
:1090C000FAD19842E5D004F03BFF002DE2D12569AA
:1090D0001F2D05D928462D6804F032FF1F2DF9D821
:1090E0002046BDE8F84004F01BBF4D4800F1800564
:1090F00050F8042FD1070CD422F01F02944203D160
:1091000058E08C425BD00A46136823F01F01DB074E
:10911000F7D58542ECD1236B94F84E601B7DB4F8F3
:1091200048E0022BB4F84A2053D01F2A1BD8B4F8C9
:109130004C303C4994F84FC00B4403EBC2031F78FA
:1091400072449D78D878BF1B1979A5EB0C05A0EB6C
:109150000C001F2AA1EB0C011F709D70D8701971B3
:1091600003EBCE03EBD9304E3568002DAFD0284647
:109170002D6A836AA34206D0002DA8D028462D6A06
:10918000836AA342F8D1436A002B43D01D62002DAD
:109190003DD06B6223691F2B03D804E01B681F2B93
:1091A00001D98342FAD19842E6D004F0C9FE002DDD
:1091B000E4D18CE723688542036099D1ABE723684B
:1091C0008542136094D1A6E74B6843F400434B609B
:1091D0004DE7FF2AC7D813498B5C9B1B8B54724405
:1091E000FF2AF9D9BFE70C4AD2F8403123F0200317
:1091F000C2F84031D2F8443113F40043FAD1C2F836
:10920000583144E7094A136052E735604CE7084A91
:109210001360BFE73560BAE700022E40C8BA0020ED
:10922000FC5F0020ACB90020D0BA0020C4BA0020F6
:10923000CCBA00200B4B70B51E688EB10A4DF46895
:1092400014B90AE0646844B12368DB68AB42F9D022
:10925000204698476468002CF6D1B668002EEED1FF
:1092600070BD00BF10BB0020310100000649002284
:109270000B68C0E901222BB11A465B68002BFBD1B9
:109280005060704708607047B4BA0020F0B583B0F2
:1092900007460E46154604F02BFE00283CD0282237
:1092A000002104460DF0AEFF002308202775A675A7
:1092B0001A46E5751946009020460193FFF714FE03
:1092C000206030B304F044FE2368154A206115493C
:1092D0001548DA630122186483F8352013480B68B7
:1092E0000270A3B11A469B68002BFBD19460002347
:1092F0000F484FF400210F4A2376C2E900010E4ABD
:1093000020460C49FFF7A0F9204603B0F0BD0C60E1
:10931000EDE7204604F0F4FD0024204603B0F0BD44
:109320007974010010BB0020B572010094C60020C2
:109330008006000100A40020009C002010B5037EE0
:10934000092B00F29480DFE803F016223D404C61C7
:10935000697073054F4B504993F805C000234FEADD
:109360000C4C1A464B604CF4106CBDE81040C1F830
:1093700000C0FFF769B99FED3F7B474A002346498C
:1093800082ED007BBDE81040424AFFF75DB9DFF88F
:109390001CE1424B9EF80010D3F800C00131802937
:1093A00028BF0121BCF1000F53D0634602E09B6847
:1093B000002B4ED05A7D9142F9D10131802908BF4E
:1093C0000121F2E79FED2D7BD7E79FED2E7B324AFF
:1093D0000023314982ED007BBDE81040304AFFF7A1
:1093E00033B92C4AB0F822E02B4912F804CB2D4BAC
:1093F00043EA0C43DFF8B8C04EEA0C0C0B600023C4
:10940000C1F804C0BDE81040FFF71EB9214AB0F80A
:1094100022E0214992F801C00432E8E71D4AB0F881
:1094200022E01D4992F802C0F6E79FED187BA4E701
:10943000184A1D495388184C0B801B04DFF874C070
:10944000214663600023C4F800C0BDE81040FFF768
:10945000FBB80B048EF800100F4943F4A0630B60B7
:109460000023BDE810401A464B60FFF7EDB810BD71
:10947000AFF30080800600010000080080060001B4
:1094800000001200800600030000FC0780060002B6
:1094900000000900009C002000A4002010BB002058
:1094A000049C00208006000364C600209BC60020A8
:1094B0000000FC0780060002836A186B90F82430D5
:1094C0000133DBB2182B80F8243003D9024B002281
:1094D0001A707047FFF732BF94C6002070B50E694E
:1094E000002E3AD00546D36A002837D0315C0131CE
:1094F000C9B293B35A78032A2FD1C1F13202715500
:109500001C78520001EB5400D2B23128C8BF144677
:10951000022C13D9302911D806F1020CA3F1020E46
:1095200004238C440131DAB21EF803000233C9B2BD
:109530000CF8010F312918BF9442F3D8681C731836
:109540000022C0B2DA70022807D8C5F10202304406
:10955000D2B2BDE870400DF055BE70BD0146C8E7FF
:10956000424B2DE9F04F1C6885B00646002C79D09F
:109570004FF00009DFF8008101E06468A4B1A2683F
:1095800031463B4B2046002AF7D1B8F80050D4F8BA
:1095900000C0093D0095DCF80050A847002851D1D3
:1095A000A1466468002CEAD1324BB8F800B003F150
:1095B00009059B44AB4503D822E04544AB451FD980
:1095C0006B7895F80080042BF7D1B8F1090FF4D12E
:1095D000264B1C68002CF0D04FF00009ABEB050ABD
:1095E000CDF80CB0A7682B4601223146204657B172
:1095F0006468002CF6D1DDF80CB04544AB45DFD8EB
:1096000005B0BDE8F08FD4F800C0CDF800A0DCF8BC
:1096100000B0D847636868B1B9F1000F0FD0C9F83E
:109620000430F368A1466360F460A6601C46002C19
:10963000D8D1E0E7A1461C46002CD3D1DBE70B4A8A
:109640001360EEE76368B9F1000F08D0C9F8043081
:109650000023C4E90136F46005B0BDE8F08F034A89
:109660001360F5E7DFF810809EE700BFB4BA002072
:10967000099C0020009C002064C60020C36B2BB115
:109680001A68544952688A421DD17047816A02465D
:10969000096B00B5087E83B081F82430092810D802
:1096A000DFE800F01427354F5E6C877681050846A9
:1096B0000191FFF755FF0A20474B002201991A70CC
:1096C000087603B000BD014618461047086801231C
:1096D000DFF80CC142689CF807C06FF31A4242EAF7
:1096E0000C42426008460B7603B05DF804EBFFF7CE
:1096F00025BE3A4A02230868B2F802C081F815C0B4
:10970000426822F07F0242EA0C024260EAE7344BF0
:10971000988893F80FC09A7BA1F81900986842EADC
:109720000C0293F806C0C1F81E00187C81F81BC01B
:1097300098701043B3F80EC0A3F800C008D00323FC
:10974000D0E7274B1A79032A02D95A79032A36D04F
:10975000072308460B7603B05DF804EBFFF7EEBD78
:1097600000200191FFF7BAFE1D4B01995A78002A9B
:109770002CD19B78002BEBD00623B3E7012001917D
:10978000FFF7ACFE164B01999B78002BF4D1DFE775
:10979000134A082313485288B2F5006F28BF4FF4CC
:1097A000006202809EE70E4A0923B2F807208A83EE
:1097B00098E702200191FFF791FE0199C8E7D88848
:1097C0001A78488422B95A78002AD2D0052389E72A
:1097D000042387E72901000094C6002000A400208C
:1097E000009C002064C60020002835D0F8B5C4686D
:1097F00006466CB1194D0027236820461B6998471F
:1098000023462A68A76064682B605A60002CF3D155
:1098100074682CB12046A46BFFF712FC002CF9D120
:109820003068FFF70DFC0E490B6893B1002201E090
:10983000224673B11C469B68A642F9D152B193608F
:10984000206908B104F08EFB2046BDE8F84004F022
:1098500057BBF8BD0B60F3E7704700BFB4BA0020F8
:1098600010BB0020704700BF704700BF704700BFAB
:10987000704700BFCB0800EBD10C11F0070102D1FB
:10988000DAB1084607E0C05C0841C1F10801914225
:1098900009D20CF1010C1CF8013B8B4008318A42C3
:1098A00040EA0300F7D88A4206D201239340013BE5
:1098B00003401F2A98BF184670471046704700BFE4
:1098C0002DE9F04F85B00E9C182C03D9013A18BF32
:1098D00001221AB1002005B0BDE8F08F93F804C052
:1098E0000CF1FF3EBEF1010FF4D893F805E0BEF194
:1098F000030FEFD15C7A082C2746EBD99D7A212DF6
:10990000E8D19D7B002DE5D0062615FB0E6EA64501
:10991000E0D109340E9EB442A046DBD805EB4506E3
:1099200003F10F0502E003329642D3D015F802E0AE
:10993000BEF1220FF7D11A44B0F83C47557C127C97
:1099400042EA05229442A0F8BC20C3D3CCEBCC025F
:109950000E9D44464244AA42BCD8BCF1010F994630
:109960000E4680461B5D7CD0072BB3D109EB070365
:109970009A7A052AAED11A7B032AABD1DC7A14F08D
:109980000F0C2746A6D01A7C072AA3D15A7C052A99
:10999000A0D1D97C03299DD19A7C154612F00F02E3
:1099A00098D093F80EE0587B40EA0E2A187D93F881
:1099B00015E040EA0E2B04F0F000DC7B80289B7D54
:1099C0000294039379D00F2F84D805F0F003802BF5
:1099D00080D1039B30460391CDE900B30123FFF70B
:1099E00083FA029B3A46039901930023C8F80C00BE
:1099F0003046CDF800A0FFF777FA59465246A8F84E
:109A00002E203B4AA8F82C10C8F81000C263D8F8E2
:109A10000C303046374A3849DA630023C8E9053349
:109A2000C8E90733C8E9093399F80220B8F8BC300F
:109A300088F83E2799F8062088F8302099F8072002
:109A400088F8312099F8022042EA03424346C8E9E7
:109A50000D1208F5667208F13401FEF7F5FD0120DC
:109A600039E7072B7FF436AF09EB0700837A052B24
:109A70007FF430AF017B03297FF42CAFC37A13F05E
:109A80000F023FF427AF03F0F003802B7FF422AFE7
:109A900090F80EE0634690F80DC0C07B4CEA0E24AF
:109AA000CDE900403046FFF71FFA0023A8F82C400C
:109AB000C8F80C00C8F81030A9E70F2D3FF60AAF20
:109AC0006246012330460194CDF800A00291FFF7D1
:109AD0000BFA039B2A46029901930023C8F80C0055
:109AE0003046CDF800B0FFF7FFF951465A4686E7F9
:109AF000C97901002584010081060022406920B156
:109B00000368034A1B6A934200D17047184700BF9D
:109B100079600100F0B500F1100383B007460A4EEA
:109B2000002500F1280453F8040F20B10268D2691F
:109B3000B24204D11D60A342F5D103B0F0BD019340
:109B4000B9689047019BF5E76D76010010B50446B2
:109B50000321C03004F026FA04F5F070052104F06A
:109B600039FA04F54870012104F04EFA2046BDE8A8
:109B70001040FFF77BBB00BFD0F86823CB6A93424D
:109B800014D0D0F86C23934218D0D0F870239342AD
:109B900016D0D0F874239A4214D0406920B10368DB
:109BA000094A9B68934200D170471847012290F8F8
:109BB000783323EA020380F87833EEE70222F6E7EF
:109BC0000422F4E70822F2E775600100C36B1BB1C1
:109BD00001461846FFF7D0BF704700BFC38D002B6A
:109BE0004DD070B50C46016982B0002944D0D0F840
:109BF0006813002945D090F879E390F878133EEA8D
:109C0000010C39D0B2F1FF3F14BF15461D464FF08D
:109C1000000C012313EA0E0F0CF101022CD01942A3
:109C20003ED05FFA82FC5B00BCF1040FF2D1D0F8A9
:109C300068331E462A4601902146304607F0F4FE5E
:109C40001C4A019B96420FD926F01F017019BFF3E1
:109C50004F8F4FF0E022C2F8701F20318842FAD8AF
:109C6000BFF34F8FBFF36F8F2A463146186902B09A
:109C7000BDE87040FEF790BD002002B070BD00202E
:109C80007047D0F838174FF0030EC91A80F879E3FF
:109C9000C0F86813C91AC0F86C13C0F83817ACE7DD
:109CA0000B430CF1DA0C80F8783350F82C301E4658
:109CB000C0E700BFFFFF1F2000B5DDE901CE11B3F3
:109CC000C0F8681301210B462AB10133DA31DBB247
:109CD00040F821201946BCF1000F05D00133DA31DC
:109CE000DBB240F821C01946BEF1000F05D00133A8
:109CF00001F1DA0CD9B240F82CE001238B40013B92
:109D000080F8793300BD0B46DEE700BF41EA02214F
:109D1000009A41EA0341019B42EA034C0346029A3E
:109D2000C0E90D1C00F134018068FEF78DBC00BF56
:109D3000064A0021136841602BB11A465B68002B6C
:109D4000FBD1506070471060704700BF4CBC0020D2
:109D5000F8B50D4B1C687CB105460F4601E0646800
:109D600054B120683B46AA68294606682046B04799
:109D70000028F4D0022801D02046F8BD0123204657
:109D800085F87A33F8BD00BF4CBC00202DE9F043C4
:109D900000F56672B0F8BC40002583B01444074655
:109DA00080F8BE50A24229D22E462946A8464FF03E
:109DB00001091378FE2B37D003F0030002283DD0B1
:109DC000032837D0012832D001320020A24213D814
:109DD00003F0FC03842B41D01ED9B02B3AD031D8EC
:109DE000902B37D0A02B05D10EB9052D39D90136CE
:109DF0000021F6B29442DCD8052D3FD8C5F1060209
:109E0000681D0021D2B2C0B2920007EB800003B0FF
:109E1000BDE8F0430DF0F6B9082B1DD0802B19D00A
:109E2000042B08BF8046E5E702F20112E2E7507812
:109E30000232CBE7D2F801000532C7E7B2F80100E1
:109E40000332C3E7C02BD5D1002E18BF013E00213D
:109E5000F6B2CFE70021CDE781B2CBE787F8BE901D
:109E6000C8E741EA084138460192FFF771FF6B1CD1
:109E700007EB8505019A6861DDB2B8E703B0BDE87C
:109E8000F08300BF034640690A4610B582B028B18E
:109E90000468DFF8D4C0E46864454ED12F49506BA4
:109EA000884201D002B010BDB3F8BC10126B8A42D8
:109EB000F8D118460093FFF769FF009BD3F85813B9
:109EC0009A8D002941D0D8680093FEF765FC009B6D
:109ED000D3F85C1321B19A8DD868FEF75DFC009B26
:109EE000D3F8601329B19A8DD8680093FEF754FC1B
:109EF000009BD3F8641329B19A8DD8680093FEF7BC
:109F00004BFC009B986840F24C52C18B9142C9D1E6
:109F1000028CB2F51A7F03D040F22F418A42C1D1A0
:109F20000F494FF48022C3E90D120E4A03F13401A8
:109F300002B0BDE81040FEF787BBCDE90031A04775
:109F4000DDE900320028ADD1A8E7D3F83817891A27
:109F5000881AC3E9D610C3F83807B4E7810600228F
:109F60002109F403FC4E0020295F01002DE9F04F88
:109F7000B0F8BC3000F56675A7B08146EC180D91BD
:109F80001AA80A92002130220DF03CF9A54250D2C5
:109F90000026CDF82C903746B246B346B046089618
:109FA00004960F960796099603960C960E96CDE9A1
:109FB00005662B78FE2B00F0588103F0030102297F
:109FC00000F06181032900F05A81012900F05481D9
:109FD00001350022A5422CD803F0FC03A02B00F28F
:109FE0005681732B70D8043BD8B224281FD8242B59
:109FF0001DD8DFE803F0641C1C1C531C1C1C1C1C1B
:10A000001C1C1C1C1C1C491C1C1C3A1C1C1C1C1C45
:10A010001C1C1C1C1C1C301C1C1C2100002E00F0D5
:10A0200052810136F6B200231F469A461A93A54282
:10A03000BFD327B0BDE8F08FBAF1FF0F00F06B81FE
:10A040000223A5424FF000074FF0FF0AADF86A2047
:10A050000393AED3EDE7012900F08581022900F0DA
:10A060008881A5420892A4D3E3E7BAF1FF0F00F07C
:10A0700065810123A5424FF000074FF0FF0AADF8BC
:10A080006820039395D3D4E7012900F06681022963
:10A0900000F07281A54204928BD3CAE7BAF1170F80
:10A0A000C5D81F2AC3D90DEB4A03A5420AF1010AFC
:10A0B000A3F868205FFA8AFAFFF47BAFB9E7A542FC
:10A0C0000792FFF476AFB4E7743B2C2BAFD801A115
:10A0D00051F823F04F8001002B7E01002B7E010000
:10A0E0002B7E01002B7E01002B7E01002B7E0100C8
:10A0F0002B7E01002B7E01002B7E01002B7E0100B8
:10A100002B7E0100917F01002B7E01002B7E010040
:10A110002B7E0100857F01002B7E01002B7E01003C
:10A120002B7E01002B7E01002B7E01002B7E010087
:10A130002B7E01002B7E01002B7E01002B7E010077
:10A140002B7E0100237E01002B7E01002B7E01006F
:10A150002B7E01005B8001002B7E01002B7E010025
:10A160002B7E01002B7E01002B7E01002B7E010047
:10A170002B7E01002B7E01002B7E01002B7E010037
:10A180002B7E0100197E0100D3B2A5420993FFF492
:10A1900010AF4EE70B9B93F8BE30002B40F0A7802A
:10A1A000B8F1000F00F0AE80D30700F1AB80D8F813
:10A1B0000030D3F81090AF4B994540F0C18112F0B8
:10A1C000020940F02B81002F00F0D980069B012B63
:10A1D00040F0D580059B002B3FF425AFBDF86A20E9
:10A1E00003EB0B0A0799CDF84090BDF868901394E3
:10A1F00014964C461646DFF88492CDE911750F048B
:10A2000016E0651C012259460A983C43FFF732FBD1
:10A21000049AD8F80030002A5B69C0F2E0804B4510
:10A2200040F0EC800BF1010BDA4500F0EC802C469D
:10A23000B442E6D3DDE910329A4240F2DD805A1C86
:10A24000D3B20DEB83021093B2F86850B2F86A6093
:10A25000D8E793B2A5420693FFF4ABAEE9E693B21A
:10A26000A5420593FFF4A5AEE3E66B7803331D44E6
:10A27000A542FFF49EAEDCE66A780235AAE6D5F880
:10A2800001200535A6E6B5F801200335A2E6B02B7E
:10A290003FF4C9AEC02B7FF4CAAE002E3FF4C3AE6C
:10A2A000013E16F0FF067FF4BEAEB8F1000F3FF49A
:10A2B000BAAED8F80030704A9B69934240F03D81B5
:10A2C0000026B046AFE6BDF86830079A43EA02437D
:10A2D0000E930C9B052B3CD80B9A013602EB8302A4
:10A2E0000133F6B2DBB2D2F814800C939BE69DF8F2
:10A2F0003430099999423FF453AF00231F469A46E0
:10A300001A9394E6DDE9053202FB03BB00231F46E6
:10A310009A461A938BE6039B43F002010DEB8703E9
:10A3200003290391A3F86A207FF481AE013700234B
:10A33000A542FFB20393FFF43CAE7AE6039B43F0E1
:10A3400001010DEB870303290391A3F86820EDD0E9
:10A350006DE6B0460136F6B265E653B2A542049307
:10A36000FFF427AE65E653B2A5420893FFF421AE91
:10A370005FE613B208935AE613B2049357E6059BBF
:10A38000002B3FF450AE5F4610951194DFF8ECA01F
:10A39000059D069CCDE9126B049EDDF828B000E017
:10A3A0009946224639465846FFF764FAB04207DB21
:10A3B000089B984204DCD8F800305B69534526D1ED
:10A3C00009F1010327449D42EAD1069ADDE9126BA7
:10A3D000DDE9105402EB0B0309FB023B23E610F00E
:10A3E000010F0CBF02464FF0FF324B453FF41AAF4E
:10A3F00021464046984715E7254603E70246214691
:10A40000404698470EE7DDE91254149E0BE6079A82
:10A4100040EA0241012240469847D1E7BAF1180FBD
:10A4200040F297800123BDF86890BDF86AE0109370
:10A43000059B002B3FF4F7AD069B4FF0000A0F4938
:10A4400003F1FF3C079A0F910121CDF864B001FAA6
:10A450000CF1CDF84CA01497CDF844E0CDF848C0ED
:10A46000CDE91515CDE917461D465C464FEA024B6E
:10A4700022E000BF61760100697601006576010087
:10A48000119B994537D24E4609F101092A462146CA
:10A490000A984BEA0607FFF7EDF9049AD8F800305E
:10A4A000002A5B6917DB0F9A934234D10AF1010A43
:10A4B000059B2C44534535D9109B002BE0D10DEB67
:10A4C000490309F10109B9F1170FB3F8686028BF12
:10A4D0004FF01709DAE7129A1E2AE4D8159A0242B9
:10A4E0004FF0010202FA05F2C2F1000242EA000254
:10A4F00018BF1046D7E7DDE913329A4210D95A1C2B
:10A500004E46D3B20DEB83021393B2F86A30B2F821
:10A5100068901193BAE70246394640469847C5E726
:10A520004E46B3E7DDF864B00F96189EDDE90523CB
:10A53000DDE9165402FB03BB75E540469847BFE6CC
:10A54000089B4046109200930E99049BC847109AAE
:10A5500035E6059B012B8CBF01230023BAF1010FC7
:10A5600088BF0023109353B1BAF1010F0CD00F9B99
:10A570004FF6FF7E03F47F4909F580795CE74FF6DB
:10A58000FF7EDDF8409053E7BDF868904FF6FF7E00
:10A5900052E700BF30B50446406983B0D1E90B53A0
:10A5A00028B10268DFF87CC05268624532D194F865
:10A5B000BE20F2B1012B23D8194B9D4210D9A28D98
:10A5C00025F01F032A44BFF34F8F4FF0E021C1F85D
:10A5D000703F20339A42FAD8BFF34F8FBFF36F8F8B
:10A5E0002346A28D2946E06803B0BDE83040FEF75F
:10A5F000D3B82A464FF480712046FFF7B7FCDBE75B
:10A600002A46013B204612F8011B41F48071FFF7F6
:10A61000ADFCD1E701939047019B0028CCD1C6E760
:10A62000FFFF1F2071600100C36B1BB1014618467C
:10A63000FFF7B0BF704700BF002A77D15B4ADFF851
:10A6400070C1C0F83823C0F854C34A7E092A6DD1BE
:10A650008A7E002A6AD191F81BC0BCF1020F65D82E
:10A6600038B580F8B023049A0F2A61D922F00F0C74
:10A6700003F11002634403F1100E02E01032724540
:10A6800058D012F810CCBCF1090FF7D112F80F3CDA
:10A69000042BF3D112F80C3C012BEFD112F80B3C38
:10A6A000092BEBD112F8093C022BE7D812F807CCA2
:10A6B000BCF1070FE2D112F806CCBCF1050FDDD1D9
:10A6C00012F805CC0CF0F00CBCF1800FD6D112F8CA
:10A6D00004CCBCF1030FD1D112F803CCBCF1010FB3
:10A6E000CCD112F802CCBCF1000FC7D190F8B0C3A6
:10A6F000BCF1000F4FD112F80E3C80F8B13312F8C4
:10A700000D3C80F8B23312F8093C80F8B33312F8EC
:10A71000053C03F00F0380F8B43312F8013C80F8D5
:10A72000B5330CF1010C80F8B0C3A7E700207047E7
:10A73000002038BD90F8B033002BF9D0034600223A
:10A74000DFF870E04FF4801CC3F8BC23084683F8A0
:10A75000B62303F55C71C3F87823C3F89823A3F8F4
:10A76000B923C3F8BF23C3F87C23C3F88023C3F8FD
:10A770008423C3F88823C3F88C23C3F89023C3F839
:10A78000942303F56872C3F870E3C3F874C3FDF74C
:10A790005BFF012038BD90F8B14312F80E5CAC426B
:10A7A000CCD190F8B3439C42BBD2A8E7C82D00207F
:10A7B000B02D0020A006002970B590F8B6330446ED
:10A7C00063B100F55E76002556F8040F18B1FFF767
:10A7D0000BF894F8B6330135AB42F5D80023C4F832
:10A7E000BC3384F8B633C4F87833C4F89833A4F88B
:10A7F000B933C4F8BF33C4F87C33C4F88033C4F829
:10A800008433C4F88833C4F88C33C4F89033C4F864
:10A810009433C4F8C333C4F8C73384F8CB3370BD62
:10A8200010B5044607210C3003F0A4FB04F5A0701A
:10A83000022103F0B7FB04F50070042103F0CAFB0A
:10A8400004F54070012103F0DFFB2046BDE8104015
:10A85000FEF70CBD09B390F8B6338B421DD34FF011
:10A86000010C10B590F8B92382B00CFA01F4AAB922
:10A87000034680F8B9C30D480193C3E9DC0103F531
:10A880005C719868FDF7E0FE019B93F8C32322EA10
:10A89000040283F8C32302B010BD704790F8C3339D
:10A8A000234380F8C33302B010BD00BF2303080068
:10A8B00090F8B6338B422CD3012210B590F8B933FF
:10A8C00082B002FA01F4EBB90029034680F8B923FB
:10A8D00041F480210CBFA020A32003F56772C3F8C8
:10A8E0007413C3F8700303F55C7198680193FDF766
:10A8F000ABFE019B93F8C42322EA040283F8C4232D
:10A9000002B010BD90F8C433234380F8C43302B0C2
:10A9100010BD704730B5044683B0009106F02AFDA3
:10A9200004F54E7200998A4227D004F55573994276
:10A9300001D003B030BD94F8BA23002AF9D0531ED9
:10A94000234493F8BC130829F3D1A1684FF0000504
:10A9500094F8BB0384F8BA53497D01930092FEF743
:10A9600095FC009A174904EB8204019B09220D70A3
:10A97000C4F8780383F8BC23DBE794F8CB331D4697
:10A98000002BD6D094F8B603A0B1012102E001312A
:10A9900088420FD301238B402B42F8D02046CDE9CB
:10A9A0000012FFF785FF94F8B603DDE900120131CC
:10A9B0008842EFD244F62061104603B0BDE8304033
:10A9C000FDF720BD93C6002070B5C56B05B300240C
:10A9D000012604E0013495F8B6339C420ED806FAFD
:10A9E00004F2D5F898331A42F4D021462846FFF7EE
:10A9F0005FFF013495F8B6339C42F0D92B4605F53C
:10AA00006671D5F878030122BDE87040FDF7C4BE39
:10AA100070BD00BF09B390F8B6338B421DD34FF021
:10AA2000010C10B590F8B92382B00CFA01F4AAB960
:10AA3000034680F8B9C30D480193C3E9DC0103F56F
:10AA40005C719868FDF700FE019B93F8C52322EA2C
:10AA5000040283F8C52302B010BD704790F8C533D7
:10AA6000234380F8C53302B010BD00BF230110009E
:10AA700009B390F8B6338B421DD34FF0010C10B5DB
:10AA800090F8B92382B00CFA01F4AAB9034680F811
:10AA9000B9C30D480193C3E9DC0103F55C71986803
:10AAA000FDF7D2FD019B93F8C62322EA040283F846
:10AAB000C62302B010BD704790F8C633234380F818
:10AAC000C63302B010BD00BF2301110009B390F8D6
:10AAD000B6338B421DD34FF0010C10B590F8B9235B
:10AAE00082B00CFA01F4AAB9034680F8B9C30D4844
:10AAF0000193C3E9DC0103F55C719868FDF7A4FDDF
:10AB0000019B93F8C72322EA040283F8C72302B00B
:10AB100010BD704790F8C733234380F8C73302B0A5
:10AB200010BD00BF2301120009B390F8B6338B4269
:10AB30001DD34FF0010C10B590F8B92382B00CFA78
:10AB400001F4AAB9034680F8B9C30D480193C3E9DB
:10AB5000DC0103F55C719868FDF776FD019B93F8C5
:10AB6000C82322EA040283F8C82302B010BD70474C
:10AB700090F8C833234380F8C83302B010BD00BF3B
:10AB80002301130009B390F8B6338B421DD34FF065
:10AB9000010C10B590F8B92382B00CFA01F4AAB9EF
:10ABA000034680F8B9C30D480193C3E9DC0103F5FE
:10ABB0005C719868FDF748FD019B93F8C92322EA70
:10ABC000040283F8C92302B010BD704790F8C9335E
:10ABD000234380F8C93302B010BD00BF2301140025
:10ABE00009B390F8B6338B421DD34FF0010C10B56A
:10ABF00090F8B92382B00CFA01F4AAB9034680F8A0
:10AC0000B9C30D480193C3E9DC0103F55C71986891
:10AC1000FDF71AFD019B93F8CA2322EA040283F888
:10AC2000CA2302B010BD704790F8CA33234380F89E
:10AC3000CA3302B010BD00BF230304004B1E0344FF
:10AC400070B5044693F8BC0382B00D46092809D8B4
:10AC5000DFE800F01D1D0A0A0A0A0A32054D12F04B
:10AC600001025CD002B070BDD60766D50130C0B21B
:10AC7000072883F8BC03F5D1454A117819B945492D
:10AC80000978002972D0062283F8BC23EAE7D207AC
:10AC9000E8D5022283F8BC2394F8CB33002B5CD098
:10ACA000012229462046AA40134384F8CB3302B040
:10ACB000BDE87040FFF7AEBE9107D0D529462046CB
:10ACC000CDE90032FFF75EFF009B0821019A83F86F
:10ACD000BC1393053DD5012246F2A81104F5557029
:10ACE00084F8BB2302B0BDE87040FDF78BBB12F0C7
:10ACF0000102B7D1CDE9002304EB8503D3F8780333
:10AD00001E46FEF771FD009A29462046C6F87823B4
:10AD1000FFF780FE0122019B83F8BC23A2E72946AE
:10AD20002046CDE90023FFF775FE19480121009A5E
:10AD3000019B027083F8BC1394E7012194F8CB23A4
:10AD400001FA05F522EA050284F8CB2383F8BC1347
:10AD500088E7C2F380225200BEE744F6206104F582
:10AD60004E70FDF74FFB94F8CB3399E7012111703A
:10AD7000A94094F8CB2322EA0102294684F8CB2388
:10AD800083F8BC032046FFF72BFF84F8BA5369E72A
:10AD900093C6002094C6002000222DE9F041864D84
:10ADA00082B080F8B92304464B6B0E8FAB426BD058
:10ADB000824DAB4236D0A32B03D10B6B042B00F09A
:10ADC000B78094F8C313002940F0868094F8C51327
:10ADD000002940F0BF8094F8C613002940F09E80FF
:10ADE00094F8C713002940F0BF8094F8C8130029D5
:10ADF00040F0CE8094F8C913002940F0D38094F835
:10AE0000C413002940F0BA8094F8CA13002960D016
:10AE100091FAA1F12046B1FA81F102B0BDE8F0410A
:10AE2000FFF7DEBE94F8B013B0F8A233012990F812
:10AE3000A503A4F8B63384F8B80357D8DBB2002BC7
:10AE4000BFD001252F4614E05B4884F8B973C4E9EC
:10AE5000DC05A068FDF7F8FB94F8C33323EA06038A
:10AE6000013594F8B61394F8B923A94284F8C33392
:10AE70002CD3234604F55C7107FA05F6002AE3D0CB
:10AE800094F8C3333343EBE790F8B633B34298D129
:10AE9000D0F87833002B94D1012590F8B50394F8BD
:10AEA000B42303212B46CDE90050A068FEF71CF81F
:10AEB000434B01462A46C4F87803496804F5667195
:10AEC000C3632346FDF768FC94F8B923002A3FF4D6
:10AED00078AF02B0BDE8F08191FAA1F12046B1FA55
:10AEE00081F102B0BDE8F041FFF7B4BC94F8B23391
:10AEF00040F6013194F8B10341EA03412346C4E925
:10AF0000DC1004F55C71A068FDF79EFB012294F84B
:10AF1000B63384F8B923002B93D1DAE791FAA1F183
:10AF20002046B1FA81F102B0BDE8F041FFF7A0BDC3
:10AF3000002E3FF446AF90F8B6339E423FF641AF45
:10AF4000CB6A31461A68FFF779FE94F8B923002AD4
:10AF5000BFD136E791FAA1F12046B1FA81F102B0F2
:10AF6000BDE8F041FFF756BD91FAA1F12046B1FAD4
:10AF700081F102B0BDE8F041FFF7A8BD91FAA1F15F
:10AF80002046B1FA81F102B0BDE8F041FFF790BC74
:10AF900091FAA1F12046B1FA81F102B0BDE8F04189
:10AFA000FFF7C2BD91FAA1F12046B1FA81F102B0DA
:10AFB000BDE8F041FFF7E6BD23030800A006002925
:10AFC000C5870100704700BF4FEA114C8BB2BCF13E
:10AFD000090F30B516D1ABB1202B18D8013B4FF07B
:10AFE000010C416C0CFA03F303EA010E002A40F055
:10AFF0008380BEF1000F04D021EA030180F841C034
:10B00000416430BDBCF1010FA3F1300E45D0B0F862
:10B0100060E1E645F5D1B0F862C19C45F1D8B0F8E1
:10B0200064E1E6449E45ECD9CCF10A0C8C441FFA4D
:10B030008CF33F2BE5D800EB83044FF0010EA3F116
:10B040002001C3F1200CA56C0EFA03F30EFA01F1F6
:10B050002EFA0CFC954241EA0C0117D0A264D0F8FC
:10B060005441D0F8502141EA040CD0F858411A4319
:10B07000C0F854C1C0F850212240D0F85C410CEA1D
:10B08000040C52EA0C0218BF80F841E0D0E95242A9
:10B0900023430A43C0E9523230BDBEF1090FB6D88E
:10B0A0000121D0F8484100EB830301FA0EFE44EA87
:10B0B0000E0CD0F84C41C0F848C144EAEE7CC0F810
:10B0C0004CC153F8784C94429BD043F8782CD0F87C
:10B0D0005841D0E954324EEA030342EAEE72C0F816
:10B0E00050312340D0F85C41C0F854212240134332
:10B0F00087D080F8411030BDBEF1000F81D10B43E5
:10B1000080F841C0436430BDA0F10C00FFF75CBF84
:10B1100090F8413013B1012380F84230704700BFEE
:10B1200001207047704700BF704700BF0022002316
:10B13000C0E95223C0E95423704700BF0368DFF819
:10B1400010C0DB69634501D1FFF73EBF184700BF60
:10B15000C58D010000234362436380F86C3180F8A1
:10B160002030704770B50D4682B0064611492B6BF2
:10B1700011480193EB6A0093D5E90D2305F012FC09
:10B18000EC6A74B12B8E63B1102B94BFE51804F1F7
:10B19000100514F8012B0949074805F003FCAC42DF
:10B1A000F7D10749044805F0FDFB002086F8240587
:10B1B00002B070BDD82D0020A04D0020042E00202C
:10B1C00094270020A0F10C00FFF7CCBF90F8743159
:10B1D000013BDBB280F874313BB9436103639FEDFF
:10B1E000037B80ED527B80ED547B704700000000B4
:10B1F0000000000070B50D4682B011461E460446A0
:10B2000002462B461148CDE90016114905F0CAFB4C
:10B21000606910B1002002B070BDA36A0BB1AB42EF
:10B22000F9D10C4BF318012B02D90B4B9E42F1D1F3
:10B230000A49064805F0B6FBAA68236820469B6CBD
:10B24000C4E909259847012002B070BDA04D002037
:10B250000C2E0020FCFFFEFF08000100582E0020ED
:10B26000A0F11800FFF7C6BFD0F800C000B5DCF8A9
:10B2700018E0DFF810C0E64500D100BDF4465DF8E7
:10B2800004EB6047C18D0100704700BF012070478B
:10B290000023C360C36180F854310372704700BF5C
:10B2A00002680649526A8A4207D190F841201AB1D1
:10B2B000012280F842207047704710470D8F01002F
:10B2C00090F8353013B1012380F83630704700BF55
:10B2D0000000000090F86831013BDBB280F8683173
:10B2E0003BB9836043629FED037B80ED4F7B80ED34
:10B2F000517B7047000000000000000003680D4A09
:10B300009B6A934210D190F87431013BDBB280F814
:10B31000743143B9436103639FED047B80ED527B3D
:10B3200080ED547B70477047184700BF0000000055
:10B3300000000000C98F010050F8182C034607498F
:10B340001838526A8A4207D193F829201AB101228B
:10B3500083F82A2070477047104700BF0D8F010007
:10B360000000000050F8183C0E4A9B6A934211D12D
:10B3700090F85C31013BDBB280F85C314BB940F8AE
:10B38000043C83619FED057B80ED4C7B80ED4E7B23
:10B390007047704718381847AFF30080000000006E
:10B3A00000000000C98F010050F8183C1838DB6914
:10B3B000184700BFA0F1180C50F8180C00B5D0F8D1
:10B3C00018E00448864504D06046F4465DF804EB76
:10B3D000604700BDC18D0100002B18BF002801D0BF
:10B3E00012B109B900207047FDF7D6B92DE9F04F29
:10B3F0000F46416985B019B1002005B0BDE8F08F56
:10B4000081680029F8D1013A18BF0122002AF3D13E
:10B41000F98B3C8CDFF8C8C104E001320CF1060C5A
:10B420000F2AE9D0BCF800E08E45F6D1BCF802E066
:10B43000A645F2D16A4902EB420201EB4202517980
:10B440000029D9D111790E9A8946162AD4D9B1FA90
:10B4500081F252090029CFD019790129CCD9597923
:10B46000FF29C9D180F89524C0F896249A7A222A17
:10B4700000F0818009214FF0000B4FF0000A4FF0DF
:10B4800000080E9A8A42B7D95A5C03EB010C072ACE
:10B490004DD0114490F89524B8F1000FF1D0B2FAD4
:10B4A00082F67609002AECD0CDF804A00446B0F864
:10B4B000963402F00F020321384600930123FDF772
:10B4C00013FDC4F89C04002896D0CDF804B0424681
:10B4D000B4F898343846032100933346FDF704FD51
:10B4E000C4F8A004002887D0D4F89C0404F2A44136
:10B4F0003C4BB4F89624C3632346FDF74DF93A4B11
:10B50000D4F8A004B9F1030FC36345D0B9F1040F17
:10B510004ED0B9F1070F56D04FF48072002104F1DC
:10B5200048000BF06FFE012084F82C9065E79CF832
:10B5300001E0BEF1050FACD19CF803E0BEF1030FB2
:10B54000A7D10D1D5C5D402CA646A2D89CF80540F5
:10B55000002C9ED19CF902608A1D9CF80240002EAE
:10B5600003940EDBA0F898E49A5CDDF80C80934617
:10B570009CF800208DE75A7A142A7FF43DAF1D21F4
:10B5800079E780F8954413F805E0A0F896E49A5C12
:10B5900092469CF800207CE740F201422346134982
:10B5A00000920522FFF718FF012384F86C31B3E7FE
:10B5B00040F204430C220E4900932346FFF70CFF90
:10B5C00084F86C61A8E740F20742234609490092DB
:10B5D0000222FFF701FF012384F86C319CE700BFD2
:10B5E0009C4E002059AA0100258F0100804E0020AA
:10B5F000884E00207C4E002010B50446032100F543
:10B60000C07002F0CFFC04F52870072102F0E2FCC4
:10B61000012104F58C6002F0F7FC2046FDF726FEC0
:10B6200004F10C00FEF784FB04F11800BDE81040A3
:10B63000FCF782BD30B5046B97B054B301901E2265
:10B6400000210DF10A000BF0DDFD019B4FF60572A4
:10B650004FF0000C93F866112046ADF8082061F316
:10B66000070C93F8672102A962F30F2C93F8692164
:10B6700062F3174C93F86A2193F86B3162F31F6CF5
:10B6800020228DF81030CDF80CC0FEF7A7FA17B0C5
:10B6900030BD426B154612B9104617B030BD214679
:10B6A00001904C220DF10B000BF0ACFD41F2521257
:10B6B000019B2846ADF80820802293F86AC102A9B0
:10B6C0008DF80A20FF228DF80C2093F8662162F392
:10B6D000070493F8672162F30F2493F8692162F35A
:10B6E000174493F86B2140236CF31F648DF81320EB
:10B6F0004F22CDF80F40FCF757FD012017B030BDA9
:10B700002DE9F041066B84B08446002E44D000F24F
:10B71000E447444D3C46AE4610341035BEE80F00B9
:10B7200044F8043C404B44F8100C9E4544F80C1C73
:10B7300044F8082CEFD19CF866310BBB1A468CF804
:10B74000E6348CF8E5249CF867211AB39CF868313C
:10B750008CF8E73400249CF86B3121218CF8E82424
:10B7600030225B000297019209228CF8ED3440F2FE
:10B77000012330460094FEF7C9FA04B0BDE8F08119
:10B780009CF868218CF8E6348CF8E5249CF8672155
:10B79000002ADBD11346DBE7446BCCB3214F4FF4D7
:10B7A000A97300F2E44800F2E64607F1300EA0F873
:10B7B000E4343D46103610370FCD754546F8100C71
:10B7C00046F80C1C46F8082C46F8043CF1D19CF8CD
:10B7D00066310BBB1A468CF8E7249CF867218CF87D
:10B7E000E834E2B19CF868318CF8E93420469CF8E2
:10B7F0006B3141468CF8EA2432225B008CF8EF343E
:10B800004FF0FF33FCF7D0FC012004B0BDE8F0811D
:10B81000204604B0BDE8F0819CF86821DBE71346C0
:10B82000E2E700BFA8090020D80900200146006B0C
:10B8300008B598B1B1F86931022291F86BC1A1F84D
:10B84000E63491F8663101F2E4410A70072281F88A
:10B8500004C08B71BDE80840FEF7C0B9486B00B961
:10B8600008BD40F2A222B1F8693191F86BC1A1F88C
:10B87000E42491F8662101F2E441A1F803306FF06D
:10B880000103CA71322281F805C0FCF78DFC01204A
:10B8900008BD00BF70B590F8694182B08C4212D0EB
:10B8A000044690F82C000D4684F86B31431E84F852
:10B8B000691184F86A21062B0DD8DFE803F0353BC7
:10B8C0000C41580C0F0090F86A419442E8D190F86E
:10B8D0006B419C42E4D1002002B070BD636B002B31
:10B8E0004BD03222002104F2E44001930BF08AFC99
:10B8F0003E4A84F8F0544FF4D175137804F2E441D1
:10B90000019884F8E6340133A4F8E45403F00F03FB
:10B91000137030226FF0010384F8EF243222FCF719
:10B9200043FC012002B070BD204602B0BDE870406B
:10B93000FFF7E6BE204602B0BDE87040FFF77ABED2
:10B9400000234FF400624031D4F8A004A4F8E524A9
:10B95000C4F8E83484F8E714C4F8EC340028E0D0E4
:10B9600023460C2204F2E441FCF716FFD9E72046F7
:10B9700002B0BDE87040FFF759BF1D4A4FF0010CFF
:10B98000C4F8E634C4F8EE34C4F8EA34C4F8F23447
:10B99000A4F8F6341378206B84F8E534634484F813
:10B9A000EF1404F2E4411370402344F2010284F8DE
:10B9B000E4C484F8E9340F4BA4F8E724C4F8EB346A
:10B9C00018B11422FEF70AF985E7D4F8A00400287C
:10B9D00081D023461422FCF7DFFE00287FF47BAFE2
:10B9E0000549064804F0DEFF75E700BF82C6002067
:10B9F0007FC6002001404030802E0020A04D002056
:10BA0000F8B5164690F82C2080F868310446531E8D
:10BA10000D4680F8661180F86761062B00F2998068
:10BA2000DFE803F04145497B93970400436B1F46D1
:10BA3000002B00F0AD80322200F2E447002100F23A
:10BA4000E4400BF0DFFB41F2A203A4F8E4348A4B9C
:10BA50001A78102A00F2CE80511C01F00F011970E3
:10BA6000334684F8E6242A468449854804F09AFF40
:10BA700055EA06030BD0002E40F0D180002D00F0D7
:10BA8000CF80804A804BC4F8E724C4F8EB344FF0F1
:10BA900000006FF0010332223946A4F8EF04606B16
:10BAA000FCF782FB37E0BDE8F840FFF729BEBDE8B0
:10BAB000F840FFF7BFBD406B00284CD040F2A233E6
:10BAC0004FF06401714AA4F8E4340F2384F8E6349B
:10BAD00040F2FF1315FB013516FB0131FF2384F8FB
:10BAE000EB3482FB05632B4482FB01520A445B1258
:10BAF0000021521284F8E73484F8E9346FF001032E
:10BB000084F8E82484F8EA240A22A4F8EC1404F265
:10BB1000E441FCF749FB0120F8BD00235C49002209
:10BB200065F30F23C0F8E414D0F8A00466F31743BC
:10BB3000C4F8EC24C4F8E8340028ECD023460C22E6
:10BB400004F2E441FCF728FEE5E7BDE8F840FFF722
:10BB50006DBE0020F8BD03464E4A84F8F00461F340
:10BB60000703C4F8E424D4F8A0044FF4706266F329
:10BB70000F23C4F8E82443F47F03C4F8EC3400280E
:10BB8000C9D023460D2204F2E441FCF705FEC2E7CA
:10BB90000A46334640493A4804F004FF1022364B27
:10BBA00004F2E44184F8E4241A78C4F8E674102A14
:10BBB000C4F8EA74C4F8EE74C4F8F2741DD8501CCA
:10BBC00000F00F00187055EA060384F8E5240BD046
:10BBD00076BB75B3314846F288026123C4F8E704A6
:10BBE000A4F8EB2484F8ED34206B48B11222FDF761
:10BBF000F5FF90E70121002231E73A460120E1E715
:10BC0000D4F8A004002886D023460C22FCF7C4FDFB
:10BC1000002880D122491A4804F0C4FE7BE7BDB950
:10BC20009EB1194A174BC4F8E724C4F8EB342EE749
:10BC3000CDB9B6B1134844F201024023C4F8E6047A
:10BC4000A4F8EB2484F8ED34CEE7002D3FF41FAFC9
:10BC5000002E3FF41CAF0B4BC4F8E734C4F8EB34B0
:10BC600015E7002DC0D0002EBED0064BC4F8E63438
:10BC7000C4F8EA34B8E700BF82C60020982E00203E
:10BC8000A04D00202888606100014040030820800A
:10BC900000010FC009000009B42E00200140402817
:10BCA000802E002000210022002380F8421080F81E
:10BCB0004110C0E95423C0E95223704738B50C46FF
:10BCC00005461322234920460BF0E0FA20B902234F
:10BCD00085F82C30012038BD0F221F4920460BF07B
:10BCE000D5FA20B90123012085F82C3038BD152262
:10BCF0001A4920460BF0CAFA0028F3D0112218493D
:10BD000020460BF0C3FA18B9052385F82C30E1E77B
:10BD10000D22144920460BF0B9FAB0B10D22124998
:10BD200020460BF0B3FA60B10B22104920460BF00D
:10BD3000ADFA30B10B220E4920460BF0A7FA0028CD
:10BD4000C8D1072385F82C30C4E7032385F82C30AD
:10BD5000C0E700BFD42E0020E82E0020F82E0020DF
:10BD6000102F0020242F0020342F0020442F0020EB
:10BD7000502F0020F0B5044683B00D4621482249DB
:10BD80001F46164604F00EFEA36A23B1AB4202D052
:10BD9000002003B0F0BD60690028F9D106F470639B
:10BDA000B3F5A06FF5D106F03C0397B139462046B4
:10BDB0000193FFF783FF019B082B0CD194F82C30E3
:10BDC000013B062B19D8DFE803F0080B0B18081805
:10BDD0000B00082B04D00120DBE7042384F820307B
:10BDE0000A49084804F0DEFDA86801216063C4E93F
:10BDF0000905FCF727FA0220CBE7089B012BEAD1C3
:10BE0000EEE700BFA04D00205C2F0020902F002007
:10BE1000A0F11800FFF7AEBF10B50446FFF74EFFC4
:10BE200094F82C30022B0AD003F0FB03012B01D035
:10BE3000012010BD0423012084F8203010BD01230F
:10BE4000012084F8203010BD10B504461838FFF7E3
:10BE500035FF237D022B07D003F0FB03012B01D11B
:10BE600004232372012010BD01230120237210BD81
:10BE70002DE9F04100F2E4470446884682B01646B8
:10BE80000021322238461D460BF0BCF94023294AD6
:10BE900084F8EF8484F8E93484F8EA3484F8ED34E3
:10BEA00084F8EE34137884F8E634013303F00F039A
:10BEB0001370002384F8E73484F8EB34012384F80A
:10BEC000E83484F8EC344FF4D173A4F8E4344DB181
:10BED000334604F2EF42701913F8011B834202F853
:10BEE000011FF9D1606BB0B1089B63B96FF001031A
:10BEF00032223946FCF758F905F03CFAC4F87001D3
:10BF000002B0BDE8F081A06A194600F56A70FCF73E
:10BF100079FA606BEAE733464246074900950748DD
:10BF200004F040FD05F026FAC4F8700102B0BDE847
:10BF3000F08100BF82C60020C02F0020A04D00204D
:10BF400090F82C300022013B30B5044685B080F8D3
:10BF50006D21062B14D8DFE803F0042D13132513ED
:10BF600015001C4A002301200292ADF80C3005F0A8
:10BF7000ABF94FF0FF33062202A9606BFCF714F90E
:10BF800005B030BD1449012302AA00914FF0000111
:10BF90000D468DF808100221FFF76AFF84F86D51F5
:10BFA00005B030BD0023FF22194605B0BDE8304082
:10BFB000FFF770BC40F243230120ADF8083005F0D4
:10BFC00083F94FF0FF33022202A9606BFCF7ECF813
:10BFD00005B030BD53F4420390D00300A0F1180027
:10BFE000FFF7AEBF10B5036B802480F8E51480F82E
:10BFF000E44480F86E119BB1044652B9022204F267
:10C00000E4411846FDF7EAFD05F0B4F9C4F8700103
:10C0100010BD03F55F701146FCF7F4F9236BEDE7F3
:10C02000D0F8A044002CF3D0034600F2E4411222E1
:10C030002046BDE81040FCF7AFBB00BFDFF824C1CD
:10C040009C44BCF1010F30B5964685B005D9404AF5
:10C05000934202D0002005B030BD43690BB1734557
:10C06000F8D18268002AF5D190F874C104464FF0E7
:10C07000010501630CF1010CC0F814E040230846EF
:10C0800004F2E4410392CDE9002284F874C184F8FB
:10C090004150FDF711FE636984F86C51039AD88B07
:10C0A000B3F820C02B4B03E0013206330F2A16D021
:10C0B00019888142F8D159886145F5D102EB4202D5
:10C0C000244B03EB42031A79531E84F82C20062BD1
:10C0D00008D8DFE803F01D3307071D0727000023FA
:10C0E00084F82C304FF0090C2121052040F2FF325A
:10C0F0000023A4F86211A4F864011749A4F860C1F0
:10C100001648C4E9562304F04DFC012005B030BDAB
:10C110004FF0010C4FF4807127204FF0FF324FF0A9
:10C12000FF33E6E70E4A02212046FFF75BFF0122BC
:10C13000002384F8382084F86D31D3E74FF47F4C26
:10C14000212136206FF440624FF0FF33D1E700BF6A
:10C15000080001009C4E0020582E0020A04D002019
:10C1600090D00300FCFFFEFFA0F10C00FFF766BFBC
:10C170002DE9F04182B005460F46144600211E22EB
:10C1800000F2E6400193089E0BF03CF801210022EA
:10C19000019B61F3070285F8E414402161F30F224B
:10C1A00085F8E91461F31742264967F31F62C5F861
:10C1B000EB2444F20102A5F8E7240A78013202F0E8
:10C1C0000F020A7085F8E5245BB1013B621E05F29F
:10C1D000EE4114FA83F312F8010F9A4201F8010FAD
:10C1E000F9D1286B78B1202205F2E441FDF7F6FC85
:10C1F000DEB905F0BFF8C5F87001642002B0BDE8F3
:10C20000F04105F061B8D5F8A00428B12B4605F23D
:10C21000E4412022FCF7C0FA05F0ACF8C5F8700143
:10C22000002EEAD002B0BDE8F081286B314600F55F
:10C230005F70FCF7E7F805F09DF8C5F8700102B0F3
:10C24000BDE8F08182C600208B7B102B00D07047A8
:10C25000F0B5CB7B89B0202B00F0A180802B00F0C3
:10C2600089803D2B40F08B800B7C602B40F08580DB
:10C270004B7D91F816E01A02087D4FEA131CCC7D25
:10C2800002F470630A7E4CEA0E1C4FEA022E03434E
:10C29000C87E12090EF4706E44EA0E044FEA002EB6
:10C2A0000009E61A0EF4706E4B7E02968E7E42EA0C
:10C2B000031591F8242046EA0E0EA5EB0C0791F821
:10C2C0001EC004EB0E0691F8213001944FEA1C14B5
:10C2D00003964FF0000E0E7F049440EA06104FEADA
:10C2E0000C264FEA022C2844120906F470641E0240
:10C2F00007920CF4706206F4706691F81DC0069205
:10C30000724605964CEA040C029E67F30F02049CE9
:10C310001B0960F31F4266F30F0EC87F039E66F38E
:10C320001F4E44EA001691F82000059C2043069C0D
:10C33000ACEB000791F8220043EA001391F82300C8
:10C3400091F8251004430798F31A40EA01100CEB0A
:10C350000401029130443049019CCD818C81A1F8C7
:10C3600000C04E808F800B814881C1E904E2029AAF
:10C37000CA8002E00B7C602B3FD009B0F0BD862B59
:10C3800001D0982BF9D10B7C602BF6D10B7ECA7DA6
:10C390001B02214903F4706313430B83EDE70B7C0D
:10C3A000602BEAD14FF0000C1C4862468B18143207
:10C3B000D2B293F815E08A5C42EA0E2220F8022BF2
:10C3C00093F81BE09A7E42EA0E22828093F821E0E5
:10C3D00093F8202042EA0E220CF1020E428193F8DB
:10C3E000272093F8263043EA022362465FFA8EFC48
:10C3F0000382BCF1060FD9D1BFE701F1140307484E
:10C4000017311A7813F801CF42EA0C22994220F82A
:10C41000022BF6D1B1E700BF08A4002074A40020CD
:10C4200010B5044686B041B30B78812B04D0212B84
:10C4300002D0002006B010BD206B039100F55F70A4
:10C44000FCF74EF803990B78812B23D194F8383000
:10C45000002B40D094F86E2194F86D31812A04D0DD
:10C4600094F86F21002A00F0928001330022DBB2A1
:10C4700084F86F2184F86D311BE023B390F83830D5
:10C480004BB390F86D3180F86F110133DBB280F857
:10C490006D310EE02046FFF7D7FE94F83830D3B167
:10C4A00094F86D310022013384F86F21DBB284F8F7
:10C4B0006D310A2B0FD8DFE803F0645E5852413328
:10C4C00009261809110090F86D31F2E7324A04216B
:10C4D0002046FFF787FD012006B010BD6322002330
:10C4E00084F86D2184F83830F5E7DFF8ACC03021EE
:10C4F000012304AA8DF8101020460321CDF800C0B6
:10C50000FFF736FEE7E7DFF890C0012304AA4821D1
:10C510002046CDF800C08DF81030FFF729FEDAE78D
:10C5200006201D49012304AA84F86D0120460091CC
:10C5300040218DF81030FFF71BFECCE7DFF858C024
:10C5400046F23D011922049105238DF8142020465E
:10C5500004AA1021CDF800C0FFF70AFEBBE7DFF800
:10C5600038C04FF4C1410622EDE7DFF82CC046F297
:10C5700020011822E7E7084A02212046FFF732FD92
:10C58000A9E7054A03212046FFF72CFDA3E7012276
:10C5900084F86F218DE700BF90D00300036B6BB16F
:10C5A00010B5044603F55F70FBF79AFF00222046A2
:10C5B00001231146BDE81040FFF732BF704700BFAE
:10C5C000436A8BB100B583B0019003F55F70FBF750
:10C5D00087FF019900220123A1F10C00114603B04D
:10C5E0005DF804EBFFF71CBF704700BF10B50446B1
:10C5F00086B0002936D00B78212B02D0002006B05F
:10C6000010BD806A039100F56A70FBF769FF03991A
:10C610002046FFF719FE94F83A3003B394F86D31D1
:10C620000133DBB284F86D31013B0A2B17D8DFE808
:10C6300003F02F063D42474D53606D742200DFF832
:10C64000F8C046F286011222049105238DF81420C9
:10C65000204604AA1021CDF800C0FFF709FC0120F4
:10C6600006B010BD23B190F83A30002BD6D1F6E7D2
:10C6700090F86D31D8E7FF2320461A461946FFF798
:10C68000BFF90022FF2384F83A2084F86D31E6E7F1
:10C69000DFF8A4C00021012304AA8DF81010204661
:10C6A0000821CDF800C0FFF7E3FBD8E7DFF888C02A
:10C6B00046F29801C7E7DFF880C046F23D01C2E7C5
:10C6C000DFF874C046F220011822BDE7DFF868C029
:10C6D0004FF4C1411822B7E7DFF85CC0012304AA78
:10C6E00040212046CDF800C08DF81030FFF7C0FB88
:10C6F000B5E7DFF844C0012304AA48212046CDF85D
:10C7000000C08DF81030FFF7B3FBA8E7002301212C
:10C7100020461A46FFF7BEF8A1E7DFF81CC030211B
:10C72000012304AA8DF8101020460321CDF800C083
:10C73000FFF79EFB93E700BF90D00300836A6BB1C5
:10C7400010B5044603F56A70FBF7CAFE00222046C6
:10C7500001231146BDE81040FFF748BF704700BFF6
:10C7600003698BB100B583B0019003F56A70FBF7E4
:10C77000B7FE019900220123A1F11800114603B070
:10C780005DF804EBFFF732BF704700BF2DE9F041C1
:10C790009DF81C409046BDF918004C4D002C64D00B
:10C7A000B5F91020B5F91240B5F90C60B5F914C00F
:10C7B000B5F916E0B5F90E509342B8BF134660457F
:10C7C000B8BF6046A342A8BF23467045A3EB060747
:10C7D000A8BF70469E4206EE907AF8EEE66A6ADCE2
:10C7E000A41B07EE904AB8EEE77AC6EE877A431BA1
:10C7F000854205EE903A27EEA76AF8EEE55A4BDC43
:10C80000AEEB050E07EE10EAB8EEC77AC5EE876A02
:10C81000B0EE467AA6EEA67AB1EEC76A9FED2C7A04
:10C82000B4EEC76AF1EE10FA2CDD36EE477A9FEDD2
:10C83000294AF7EE005A9FED285AC7EE044AF4EE53
:10C84000E54AF1EE10FA75FEA45A85EE867A67EE97
:10C85000877A27EE267A67EE857A27EE057AC1ED8C
:10C86000007A88ED007ABDE8F081B5F90420B5F9C9
:10C870000640B5F90060B5F908C0B5F90AE0B5F9A8
:10C88000025099E7DFED157AB0EE677AC1ED007AD4
:10C8900088ED007ABDE8F081ACEB050C07EE10CA1C
:10C8A000B8EEC77AC5EE876AB0EE467AA6EEA67AEB
:10C8B000F1EE666AB0E7921B07EE902AB8EEE77ACF
:10C8C000C6EE877AF1EE677A91E700BF08A40020F0
:10C8D0009A99193E9A99593F0000004500000000BE
:10C8E0000000000090F82C30032B70B5044686B091
:10C8F00071D0042B0D4610D0072B00F0C480D4F863
:10C900009C04002865D02346B4F8962404F2A44180
:10C9100006B0BDE87040FBF73FBFCB6A19785A7884
:10C92000082900F09D80012AE9D1D988406C88420D
:10C9300002D0616484F8412004F1440003F1080E40
:10C9400000229FEDC07B84ED527B9FEDC07B84ED88
:10C95000547B3EF9021F50F804CF8C4512D0016081
:10C960004FF00105012184F841509140D4F8505115
:10C9700045EA010CD4F8545145EAE171C4F850C1BC
:10C98000C4F854110132042AE3D1197AD4E91620EB
:10C990008A4200F04D81D4F85021A165012142F076
:10C9A000100284F84110C4F850215B7AD4F8541175
:10C9B000834207D042F020020120E36584F8410061
:10C9C000C4E954210123D4F89C0484F8423000289F
:10C9D00099D106B070BD9FED9B7BCA6A80ED527BFA
:10C9E0009FED9A7B80ED547B1378202B87D10B6BC6
:10C9F000112B84D99388416C8B4205D0012143646B
:10CA000080F8411080F842100432DFF84CE2002137
:10CA100032F9023F01294FF0010501F101011846E9
:10CA200098BF98B21EF8013B04EB830C05FA03F3A0
:10CA3000DCF84850854210D0CCF848004FF0010097
:10CA400084F84100D4F850011843C4F85001D4F8D8
:10CA5000540140EAE370C4F854010629D8D1B1E783
:10CA600090F86C3193423FF44AAF80F86C21002A71
:10CA70003FF445AF90F8953400225B08114602332D
:10CA8000FEF708FF3BE790F83830BBB190F86D3106
:10CA9000052B13D8DFE803F0C4BCAFA2030D0021BF
:10CAA0003022012300913F218DF8102004AAFFF7C6
:10CAB0005FFB002384F86D3184F83830EB6A626CD8
:10CAC0001E465B885BBA9BB29A4203D00122636424
:10CAD00084F841203F22002304F1440106F1040CB4
:10CAE0004FF0010EC4E9522300230022C4E954236D
:10CAF00000233CF9022F51F8040F90420FD00A6036
:10CB00000EFA03F2D4F8500184F841E01043C4F85F
:10CB10005001D4F8540140EAE270C4F854010133E2
:10CB2000042BE6D1B4F94C30012502A903AA204612
:10CB3000CDE90035B4F94830FFF728FE9DED027AC3
:10CB4000DDED037A03AAB8FE477ABDEEC77AF8FE98
:10CB5000677AFDEEE77A01952046B4F9543084ED0A
:10CB6000127AC4ED137A0093B4F95030FFF70EFE39
:10CB70009DED027ADDED037AB8FE477ABDEEC77A05
:10CB8000F8FE677AFDEEE77A226E84ED147AC4ED42
:10CB9000157A3379E16D9A4217D023664FF001027E
:10CBA000D4E9543084F8412043F01003C4F85031E4
:10CBB00072798A423FF406AF43F020030121E26517
:10CBC00084F84110C4E95430FCE672798A4235D1C8
:10CBD00094F84130002B3FF492AEF3E6002101239C
:10CBE00004AA009148218DF81030FFF7C1FA042300
:10CBF00084F86D3162E70021012304AA00914021ED
:10CC00008DF81030FFF7B4FA032384F86D3155E73F
:10CC1000104A0421FFF7E6F9022384F86D314DE74D
:10CC20000C4A0221FFF7DEF9012384F86D3145E754
:10CC30005B7A8342CCD0D4E95421BBE6D4E95430AA
:10CC4000BAE700BF3F000000000000000000000045
:10CC50000000000090D0030074340020C36B1BB1AF
:10CC600001461846FFF73EBE704700BF2DE9F0476A
:10CC70000B788EB03F2B61D0302B03D000200EB04C
:10CC8000BDE8F08747F6FF74002590F83920C0E929
:10CC9000524500240025C0E954454B790C791B040A
:10CCA00043EA0423CC782343002A40F09A80C26BE5
:10CCB0009B1A426C9A4205D00122436480F84120BD
:10CCC00080F84220CA79402B8E794FEA02254FEA3C
:10CCD00012148A7A05F4706546EA05050E7A2F4625
:10CCE00044EA0614ADF81C504FEA0225A046ADF800
:10CCF0001E4005F470654C7A4FEA121244EA0504AE
:10CD0000A146ADF82040CC7A42EA04129246ADF832
:10CD1000222000F03E810022B3F5800FADF82620DE
:10CD200000F03D81B3F1401FADF8242064D0B3F58D
:10CD3000000F40F03981FF230A9361E0B1F8013020
:10CD400040F2FF140025426CC0E9524593424FF077
:10CD500000044FF00005C0E9544505D001224364AA
:10CD600080F8412080F84220CA78C46EA24208D0E0
:10CD70004FF400740025C2660122C0E9544580F8D2
:10CD80004120A3F50043914E00224FF0010EB3FA6B
:10CD900083F35B09C0E9183316F8013B01EB420C41
:10CDA000013200EB8304BCF804500EFA03F3A76CC5
:10CDB000AF420DD0A564D0F8504180F841E01C434B
:10CDC000C0F85041D0F8544144EAE374C0F85441EB
:10CDD000042AE1D1012380F8423000200EB0BDE8E2
:10CDE000F087A3F500420024B2FA82F280F83940BD
:10CDF0005209D203C2635BE74FF0FF130A92099313
:10CE0000B1F90D30826E934208D0836601234FF44E
:10CE1000807280F841300023C0E95423B1F90F300B
:10CE2000C26E934209D0C366D0F8503143F4007308
:10CE3000C0F85031012380F84130B1F91130026F50
:10CE4000934209D00367D0F8503143F48063C0F8AF
:10CE50005031012380F84130B1F91330426F9342D1
:10CE600009D04367D0F8503143F40063C0F8503123
:10CE7000012380F84130B1F91530826F934209D017
:10CE80008367D0F8503143F48053C0F85031012308
:10CE900080F84130B1F91730C26F934209D0C367AF
:10CEA000D0F8503143F40053C0F85031012380F8DA
:10CEB00041308B78D0F880201909B2EB131F0AD0CB
:10CEC000D0F85031C0F8801043F48043C0F850319E
:10CED000012380F841300DF11A0C00F1440200F1F9
:10CEE000640400214FF0010E52F8046F0EFA01F5B0
:10CEF0003CF8023F0131B3420DD01360D0F85031FD
:10CF000080F841E02B43C0F85031D0F8543143EA67
:10CF1000E575C0F85451A242E6D101243B4606AA69
:10CF200005A9CDF8008001940390FFF72FFC9DED3B
:10CF3000057A4B46DDED067A06AAB8FE477ABDEEC5
:10CF4000C77AF8FE677AFDEEE77A0398CDF800A07D
:10CF5000019480ED127AC0ED137AFFF717FC9DED76
:10CF6000057ADDED067A0023B8FE477ABDEEC77A72
:10CF7000F8FE677AFDEEE77A039880F8424080F881
:10CF8000383080ED147AC0ED157A00200EB0BDE87F
:10CF9000F0874FF480320023CDE9092330E70123E5
:10CFA0000A92ADF824302BE7802BADF8282003D16E
:10CFB000FF23ADF82A3023E7B3F1801F03D14FF0F0
:10CFC000FF130A931CE7ADF82A2019E7C03E0020A2
:10CFD00030B5CC6A83B023781BB1012B80F8403088
:10CFE00005D090F82C3091F83020072B02D000208B
:10CFF00003B030BD0023214601920546FFF710FA29
:10D00000019A08B10120F3E721462846FFF72EFEDA
:10D01000F8E700BF2DE9F04F83B00D469646044671
:10D020000B7800AF012B80F8403000F0C080112B4E
:10D03000164609D090F82C30072B00F0058100200F
:10D040000C37BD46BDE8F08F002200236946C7F8C3
:10D0500000D0C0E95223C0E95423731DAEF102028F
:10D06000DB08002AA1EBC3039D46E84603DDA91CAB
:10D07000684604F0D9FC98F8051098F807200B09C9
:10D0800098F8065002F0010201F00F0088F8053010
:10D0900043EA051388F8072043EA02330A0788F8B1
:10D0A0000A0003D4C64A52F820201343626C9A4205
:10D0B00003D00122636484F842202722002304F174
:10D0C000440104F1500C4646C4E9522301230022D6
:10D0D00051F8040F16F8015FA8420AD0D4F85001A5
:10D0E0001843C4F85001D4F854011043C4F8540153
:10D0F0000D60DB1852418C45EAD198F80420E36DAD
:10D10000934206D0D4F85031E26543F02003C4F8CE
:10D11000503198F80820636D934206D0D4F850310E
:10D12000626543F00803C4F8503198F80920A36DF4
:10D13000934206D0D4F85031A26543F01003C4F8EE
:10D1400050314FF0000E08F1050C04F1600104F5B8
:10D15000A4794FF027080123724651F804AB4EEA38
:10D1600002051CF8010F48EA0306AE467D605045F3
:10D17000B0460BD0D4F8505145EA030AD4F85451C4
:10D1800045EA020BC4E954AB41F8040CDB185241E8
:10D190004945E2D17A680123C4F84861C4F84C21BA
:10D1A00084F8423084F86C31D7F800D047E7BEF1FC
:10D1B000400F90F82C20F44628BF4FF0400C012A75
:10D1C0004DD0052A00F0BF80032A00F0FB8000202C
:10D1D0000021C4E95201BEF1000F00F038814FF088
:10D1E000000E013D04F14408F14671467246D4E94F
:10D1F000540643EA0E0E42EA090958F804AF013119
:10D20000C4E952E915F801BF89B2D34507D01843E4
:10D210001643C4E9540695F800A0C8F800A0DB182E
:10D2200052418C45E5D8D4E956320340324013438D
:10D2300002D0012384F84230012384F86C310120AC
:10D240000C37BD46BDE8F08F0023FFF7CFF900286B
:10D25000F5D1324629462046FFF708FDEFE6097969
:10D260006B8843EA0143416C994202D0436480F8E1
:10D2700042202722002304F1440105F1050804F1AE
:10D280005009C4E95223D4E954060123002218F8B6
:10D2900001AF51F804BFD34507D018431643C4E982
:10D2A000540698F800A0C1F800A0DB185241494587
:10D2B000EDD16A7AE36D934205D040F02000C4F8C6
:10D2C00050016B7AE365AA7C636D934205D040F010
:10D2D0000800C4F85001AB7C6365EA7CA36D9342FF
:10D2E00005D040F01000C4F85001EB7CA365BEF1FE
:10D2F0000A0F98D909354FF0000804F16C0A4FF075
:10D300002709AE464FF48061434641EA090943EAE2
:10D3100008085AF8042FC4E952981EF801BF934533
:10D3200007D008431E43C4E954069EF80020CAF8FB
:10D3300000200EF10A024918A2EB05025B4192B2ED
:10D340006245E2D36FE7C978B5F8012042EA0142AD
:10D35000416C914202D0426480F8423000220023A6
:10D36000BEF1050FC4E9522371D94FF0000804350E
:10D3700004F1440A4FF48063AE46C1464246D4E904
:10D38000540643EA080842EA09095AF8041FC4E9A6
:10D3900052891EF801BF8B4507D018431643C4E9D4
:10D3A00054069EF80010CAF800100EF10501DB18B3
:10D3B000A1EB0501524189B28C45E2D833E700BFA9
:10D3C000C43E00204FF03F084FF00009416CC0E917
:10D3D00052894FF000084FF00009C0E95489D5F890
:10D3E0000D208A4204D0426480F8413080F84230F7
:10D3F000DFF860C000224FF0010E05EB4203032A64
:10D4000002F10102B3F901101CF8013B98BF89B287
:10D4100004EB83060EFA03F388BF09B2B06C8842AE
:10D420000DD0B164D4F85001D4F85461184384F895
:10D4300041E046EAE373C4F85001C4F85431062AC7
:10D44000DBD10123D4E9540684F84230EBE6D4E979
:10D450005406E8E6E43E0020A0F11800FFF7DABD2C
:10D4600030B5CC6A83B023781BB1012B80F83430FF
:10D4700005D090F8203091F83020072B02D0002002
:10D4800003B030BD0C380023214601920546FEF75B
:10D49000C7FF019A08B10120F2E721462846FFF7AD
:10D4A000E5FBF8E7074A084B106BB2F834C0918FE0
:10D4B000C3F80600906BA3F80AC0D982C3F8120023
:10D4C000704700BFA809002074A4002010B4019C7C
:10D4D000C1660221C0E91C2301220023C0E91E41CC
:10D4E00080F8822080F8833010BC704703685B6945
:10D4F000184700BF03689B69184700BF002383617A
:10D50000704700BF704700BF704700BF08460F223A
:10D51000034908B509F0BAFE003818BF012008BD5C
:10D52000E82E0020D0F81CC08C4504D0BCF1000FC0
:10D5300001D00020704730B5846883B014B100205A
:10D5400003B030BD02F4706CBCF5A06FF7D19C46FF
:10D5500014460B460546BCF1000F07D001910F227F
:10D5600060460C4909F092FE019B80B162060CD521
:10D57000012283F83820069A012A06D19A680220EF
:10D58000C5E90623C5F89020DAE70120D8E7A861AD
:10D59000D5E700BFE82E002090F88030013BDBB2D9
:10D5A00080F8803023B98360C0F8943080F88130EF
:10D5B000704700BF826812B1002210467047D0F851
:10D5C0001CC0BCF1000F01D08C45F6D1094A934232
:10D5D00005D0094A934202D0084A9342ECD190F810
:10D5E00080300122C161134480F880308B688361F0
:10D5F000104670478000010001000C000600010089
:10D6000030B5846885B024B1944202D0002005B0C2
:10D6100030BD15460446F9B191F83120022AF5D003
:10D6200091F8300001281BD0164A93421AD0164AAE
:10D63000934206D01548181AB0FA80F04009002825
:10D64000E5D0C4F8981094F880300120A560034418
:10D6500084F8803005B030BD0A4A9342E7D1F2E742
:10D66000012AE1D1D4F89430002BECD1C4F8941005
:10D6700008460A2221210093CDE90133FCF746FB3D
:10D68000E1E700BF0600010001000C00800001007E
:10D6900030B504680B4DD4F810E0039CAE450CD1B6
:10D6A000C1660221C0E91C230122002380F88220E8
:10D6B00080F88330C0E91E4130BDF4460394BDE8D4
:10D6C00030406047C9B20100704700BF704700BFDB
:10D6D0000023C360704700BF0368094ADB699342B7
:10D6E0000DD190F88030013BDBB280F880302BB94F
:10D6F0008360C0F8943080F88130704770471847D5
:10D7000095B3010008460F22034908B509F0BEFD94
:10D71000003818BF012008BDE82E002050F80C3C4E
:10D720000C389B69184700BF50F80C3C0A4ADB696B
:10D7300093420ED190F87430013BDBB280F8743024
:10D7400033B940F8043CC0F8883080F87530704731
:10D7500070470C38184700BF95B3010050F80C3CD7
:10D760000C385B69184700BF844650F80C0C30B584
:10D77000D0F810E00C4C0398A6450DD1CCF8601001
:10D780000221CCE91923012200238CF876208CF8A1
:10D790007730CCE91B0130BD0390ACF10C00F446AE
:10D7A000BDE83040604700BFC9B2010050F8042C0A
:10D7B00012B1002210467047D0F810C0614502D067
:10D7C000BCF1000FF6D10A4A934205D0094A9342B0
:10D7D00002D0094A9342ECD190F8743001220161E1
:10D7E000134480F874308B68C3601046704700BFE4
:10D7F0008000010001000C0006000100D0F810C0FC
:10D80000614504D0BCF1000F01D00020704730B555
:10D8100050F8044C83B014B1002003B030BD02F4C2
:10D82000706CBCF5A06FF7D19C4614460B460546BC
:10D83000BCF1000F07D001910F2260460B4909F09F
:10D8400025FD019B80B162060CD5012283F83820AA
:10D85000069A012A06D19A680220C5E90323C5F871
:10D860008420DAE70120D8E7E860D5E7E82E002039
:10D8700000B583B00190FCF75BFA01980C3003B05F
:10D880005DF804EBFAF758BC704700BF10B50C46C2
:10D8900051060CD50023DFF8A4E003EB430C013361
:10D8A0001EF80C10F44491422ED0102BF5D1002319
:10D8B000DFF88CE001E0192B08D01EF813C00EEB46
:10D8C000430101339445F6D1487810BD51062BD45D
:10D8D00090F8603014F0220F174818BF42F0400251
:10D8E0009B074FF0000348BF82F0400202E0013383
:10D8F000602B19D0017801309142F8D114F0110F4A
:10D9000014D003F01F0010BD90F86030DB0708D47E
:10D910009CF901209CF80130002A0ADA03F07F020A
:10D92000C5E79CF8020010BD002010BD203398B25E
:10D9300010BD184610BD00BF18450020443400201B
:10D94000A833002010B50446D0F8940086B078B112
:10D95000012260344FF0000C4FF400732121CDF808
:10D9600000C0CDE901240922FCF7D0F906B010BDB2
:10D97000D4F89030002BF9D094F860304FF4D17285
:10D980000120ADF814208DF8163003F09DFC6FF0E7
:10D990000103032205A9D4F89000FAF705FC06B0AC
:10D9A00010BD00BF532A80F85E1080F85F201CD0A5
:10D9B000392A0FD0472A2DD000B583B00190FFF748
:10D9C00065FF019B5A6AA3F85C009AB303B05DF847
:10D9D00004EB104790F86010C1F34002944682F0C7
:10D9E0000102D2B294450FD1704790F86020D14324
:10D9F00002F0010C01F001018C45F5D061F3000249
:10DA000080F86020FFF79EBF62F3410180F860104C
:10DA1000FFF798BF90F86010C1F38002944682F03F
:10DA20000102D2B29445DFD062F3820180F8601027
:10DA3000FFF788BFFFF728FF03B000BD464BCB18A8
:10DA4000072B70B5044682B036D9A1F5E023732BBD
:10DA500002D9002002B070BD90F88130002B55D063
:10DA600001F007030120CDB2C1F3C401984063184F
:10DA7000064693F84C100140002A53D0002932D1B9
:10DA80002A4694F85E10204684F85F500193FFF711
:10DA9000FDFE226AA4F85C00002A59D09047019B41
:10DAA000A26A1AB1284601939047019B93F84C2033
:10DAB000324383F84C2016E001F00701012390F86F
:10DAC0005EC08B4003EA0C0082B960B1E26A32B1F9
:10DAD00001F167000193904794F85EC0019B2CEA26
:10DAE000030C84F85EC0012002B070BD0028FAD19A
:10DAF000A26A32B101F167000193904794F85EC0C9
:10DB0000019B43EA0C0384F85E30ECE7036F9B074C
:10DB1000A6D4C36F072BE6D85A1C0344C26783F808
:10DB20003C10E0E70029DED02A4694F85E1020463B
:10DB30000193FFF737FFE26A019B12B12846904735
:10DB4000019B93F84C2022EA060283F84C20CAE796
:10DB5000FFF79AFE019BA3E720FFF8FFDFF820C143
:10DB600001EA0C0CBCF17F4F50D0454B70B5D0F89A
:10DB70006CE082B0044616460EEA03030D46B3F588
:10DB8000803F3ED0BEF5402F02D13E4B9D4254D047
:10DB9000AAB2002A38D0012394F8851084F8833083
:10DBA000002963D004F18400002304E001335FFA0C
:10DBB00083FC61452BD930F802CF6245F6D11EBBFC
:10DBC000A26EDEB232B1A9B270460193904794F8CA
:10DBD0008510019B481EC0B2B04284F8850013D95D
:10DBE0008A1B03F144014333023A04EB410104EB85
:10DBF0004300D2B20132520002B0BDE8704009F0D9
:10DC00006FBAFFF71BFFA8B102B070BD7047002EBE
:10DC1000FAD0636E23B1A9B27046984794F8851084
:10DC20000329F1D84B1C04EB410184F88530A1F89D
:10DC30008650E9E7D4F86CE0A4E7D4E91D32D21AA3
:10DC4000002A19D0A6EB03034FF064001146B8BFB9
:10DC5000511C00FB03F303EB610303FB02F10029FA
:10DC600093FBF2F30ADB84F88430CDE7002ECBD0AF
:10DC7000636E002BCFD1D5E73223F4E7013BF2E707
:10DC80000000FFFF200006002DE9F84304460E4681
:10DC9000904600F1450700F14B0917F8015F032D8D
:10DCA0001BD9B378AB4218D0F378AB4215D0337997
:10DCB000AB4212D073792A462046AB420DD0B379DD
:10DCC000AB420AD0F379AB4207D094F84410FFF787
:10DCD00069FEE36A284603B19847B945DDD1B8F13A
:10DCE000000F14D0E36A93B10025012707FA05F36A
:10DCF00094F84420134207D0327805F167001342AC
:10DD0000C0B201D1E36A98470135082DEED1771CE6
:10DD100006F1070917F8015F032D29D994F8463059
:10DD2000AB4225D094F84730AB4221D094F848302C
:10DD3000AB421DD094F84930AB4219D094F84A3028
:10DD4000AB4215D094F84B30AB4211D031782A4613
:10DD5000204684F85F5084F85E10FFF797FD236A31
:10DD6000A4F85C0023B39847A36A0BB128469847F0
:10DD7000B945CFD1B8F1000F14D0A36A93B10025F3
:10DD8000012707FA05F394F84420134207D13278AB
:10DD900005F167001342C0B201D0A36A984701356C
:10DDA000082DEED1326873686264A364BDE8F8831D
:10DDB000FFF76AFDD8E700BF10B5D0F8942082B015
:10DDC000CC6B944202D0002002B010BD0A6B082A2E
:10DDD000F9D10122C96A0190FFF756FF0122019B88
:10DDE000104683F88120EFE790F882301BB390F85B
:10DDF000813010B50446FBB194F88330BBB9A26EF4
:10DE000092B194F885300BB90EE0A26E013BE06E42
:10DE1000DBB204EB430184F88530B1F886109047FB
:10DE200094F88530002BF0D1002384F8853000234E
:10DE300084F8823010BD7047026F12F00202DBD10D
:10DE4000C36F022BD8D900F13C01FFF71DFFEEE7AD
:10DE5000012380F881300A789A4201D0002070476F
:10DE600000B583B019440192FFF70EFF019803B08B
:10DE700000BD00BF012380F875300A789A4201D0B6
:10DE80000020704700B583B019440C380192FFF7A9
:10DE9000FBFE019803B000BDDFF850C00E490F4AE9
:10DEA0000F4B104810B4DCF80040CCF80020146090
:10DEB000D1F800C00C4A04680A601946C2F800C0D4
:10DEC0001A4603F1400C1C601B6442F880CF41F8F5
:10DED000C02F016010BC70478CB900205CB90020D5
:10DEE000E0600020B8BA002080600020A4B90020C3
:10DEF000024B186808B102681A607047A4B9002084
:10DF0000024B1A6818600260704700BFA4B9002075
:10DF1000024B186808B102681A6070478CB900207B
:10DF2000024B1A6818600260704700BF8CB900206D
:10DF3000024B186808B102681A607047B8BA00202E
:10DF4000024B1A6818600260704700BFB8BA002020
:10DF5000034B186818B1016800221960026070470D
:10DF6000A8B90020024B1A6818600260704700BF11
:10DF7000A8B9002001EB810100EBC10188420DD25C
:10DF8000DFF81CC0DCF8002000E01846034643F828
:10DF9000282B99420246F8D8CCF80000704700BF01
:10DFA000A4B9002001EB410100EB411188420DD2E0
:10DFB000DFF81CC0DCF8002000E01846034643F8F8
:10DFC000602B99420246F8D8CCF80000704700BF99
:10DFD0008CB9002000EB811C604511D2024610B5BF
:10DFE000084C4FEA811E2168134643F8401B9C45AC
:10DFF00011461A46F8D8AEF140010844206010BD21
:10E00000704700BFB8BA0020352303FB01018842E6
:10E010000DD2DFF81CC0DCF8002000E018460346F3
:10E0200043F8352B99420246F8D8CCF800007047E7
:10E03000A8B9002090F82430013BDBB280F82430EE
:10E0400003B98360704700BF012380F82630704712
:10E050004FEA114C8BB2BCF1090F0FD173B1082BF1
:10E0600012D8013B4FF0010C90F827100CFA03F383
:10E0700022BB21EA030180F827107047BCF1010F91
:10E0800003D0144B99421DD07047303B082BFBD86E
:10E0900001A151F823F000BFCDBE0100C9BE0100AF
:10E0A000C1BE010085BE010085BE010085BE010024
:10E0B00085BE010085BE0100C5BE0100194380F880
:10E0C000271070474263704702637047C26270470F
:10E0D0008262704738020C0090F826302BB1012282
:10E0E000002380F8252080F82630704700238361C4
:10E0F000704700BF0368DFF810C05B69634501D15A
:10E10000FFF7A6BF184700BF4DBE0100A3F10113E2
:10E110000146012B03D883681BB19A4201D000202D
:10E12000704791F8243001208A60034481F824303C
:10E13000704700BF034612B10878022801D00020C2
:10E1400070474878042A83F8270091F90200986202
:10E1500091F90300D86207D991F90400052A1863E0
:10E1600002D091F905205A630122104683F8252038
:10E17000704700BF70B504460D4612481646124956
:10E1800002F010FCE3691BB1AB4201D0002070BD6E
:10E19000A0680028FAD106F47063B3F5A06FF6D139
:10E1A000330602D5049B012B01D0012070BD074925
:10E1B000044802F0F7FBAB6802202362C4E906358D
:10E1C00070BD00BFA04D0020FC2F00203430002087
:10E1D00070B50E4682B011461D46044602463346CF
:10E1E0000E48CDE900150E4902F0DCFBA06810B125
:10E1F000002002B070BDE3690BB1B342F9D1A5F1C3
:10E200000115012DF4D80749044802F0CBFBB3688F
:10E210000120C4E9063602B070BD00BFA04D002049
:10E220005C300020A430002030B50568064CD5F8DD
:10E2300010E0A64503D1012380F8263030BDF44616
:10E24000BDE83040604700BF45BE01000023C36009
:10E25000704700BF0268084992698A420AD190F863
:10E26000262032B10121002280F8251080F82620D6
:10E2700070477047104700BFD5BE01000368074ACA
:10E28000DB69934209D190F82430013BDBB280F87E
:10E2900024300BB9836070477047184731BE0100C6
:10E2A00050F80C2C034607490C3892698A4207D172
:10E2B0009A7E22B10121002259769A7670477047E2
:10E2C000104700BFD5BE010050F80C3C074ADB697F
:10E2D000934208D1037E013BDBB2037613B940F8C9
:10E2E000043C704770470C38184700BF31BE01002E
:10E2F000034612B10878022801D000207047487800
:10E30000042AD87691F90200D86191F903001862C5
:10E3100007D991F90400052A586202D091F9052025
:10E320009A62012210465A76704700BF50F80C3CA2
:10E330000C385B69184700BF844650F80C0C10B5C8
:10E34000D0F810E00648864503D101238CF81A3036
:10E3500010BDACF10C00F446BDE81040604700BFB2
:10E3600045BE010070B50E4682B011461D460446FA
:10E37000A0F10C0233460F48CDE900150E4902F01A
:10E3800011FB54F8040C10B1002002B070BD2369D9
:10E390000BB19E42F9D1A5F10115012DF4D8074921
:10E3A000044802F0FFFAB3680120C4E9033602B062
:10E3B00070BD00BFA04D00205C300020A4300020C4
:10E3C00070B504460D4612481646124902F0EAFAA4
:10E3D00023699D4202D00BB1002070BD54F8040C9B
:10E3E0000028F9D106F47063B3F5A06FF5D13306B8
:10E3F00002D5049B012B01D0012070BD06490448C1
:10E4000002F0D0FAAB6802206361C4E9033570BD45
:10E41000A04D0020FC2F00203430002000B583B038
:10E420000190FBF785FC01980C3003B05DF804EB1C
:10E43000F9F782BE002380F8253080F82730C0E944
:10E440000A33C0E90C33704710B483B00B46CDE9F2
:10E450000012C27C002A30D072B6C27CD40708D524
:10E460004FF0E02C4469DCF8801121408162CCF847
:10E470008011910708D54FF0E02C8469DCF88411F5
:10E480002140C162CCF88411540708D54FF0E02C2C
:10E49000C469DCF8881121400163CCF888111107A8
:10E4A00008D54FF0E02C046ADCF88C112140416360
:10E4B000CCF88C11D2063AD462B68268934240D02E
:10E4C000234A836092692349C2F3011CC2F382622A
:10E4D00051F82CC00132BCFBF2F103B38B4232D8AD
:10E4E000B1FBF3F2B1FBF2F18B422ED3B2F5817F97
:10E4F0001BD2022A27D9023A530803EB032342EA2C
:10E500000323C360026803210020106151620121CE
:10E510001364019B1366116103B010BC70479445EE
:10E52000EFD34A1CB2F5817FE3D30B4BE9E74FF001
:10E53000E021446AD1F8902122408263C1F8902101
:10E54000BAE7C368DEE70023DBE71146E9E700BF6F
:10E5500000C00F40EC3E0020FF7F7F0090F81CC001
:10E560004160BCF1020FC26001D18368184702F01C
:10E570001DB900BF304B314910B5D3E9114E9EF89B
:10E580000400C8771A6C94F804C081F81CC008779E
:10E5900052B1B2F5004F23D329495118274A1964C3
:10E5A000D07682F81BC010BD19680F24D86C8C651A
:10E5B00040F20134CA610C614FF47C544C61032178
:10E5C0000468246883F83D101E4B9C4220D1037FD1
:10E5D0004260022BC26020D18368BDE8104018471A
:10E5E0002468E18B090421D4E283DEF80010B4F83A
:10E5F0001EE0A4F816E0CC8B240412D4CA83CA8B84
:10E60000CA8200210D4A1964D07682F81BC010BD61
:10E6100023461146BDE810401847BDE8104002F0FF
:10E62000C5B8CC8B62F30804CC83E8E7E18B62F3D6
:10E630000801E183D9E700BF004D002000800E40B3
:10E640000180FFFF59C30100304B314910B5D3E9B8
:10E65000114E9EF80400C8771A6C94F804C081F833
:10E660001CC0087752B1B2F5004F23D32949511885
:10E67000274A1964D07682F81BC010BD19680F2490
:10E68000D86C8C6540F20134CA610C614FF47C5443
:10E690004C6103210468246883F83D101E4B9C42A2
:10E6A00020D1037F4260022BC26020D18368BDE885
:10E6B000104018472468E18B090421D4E283DEF876
:10E6C0000010B4F81EE0A4F816E0CC8B240412D499
:10E6D000CA83CA8BCA8200210D4A1964D07682F897
:10E6E0001BC010BD23461146BDE810401847BDE8C9
:10E6F000104002F05BB8CC8B62F30804CC83E8E7EF
:10E70000E18B62F30801E183D9E700BFB04C002040
:10E7100000800E400180FFFF59C3010043682DE9CE
:10E72000F04FD3E90041814D4FF0B80922684FF016
:10E730000F0B22EA01027E492260AA6911407D4A3C
:10E740000A43AA6190F810E07B4A03EB0E0603EB44
:10E750008E0E317C02EB01118968C1F8009090F8AF
:10E7600011C003EB0C050CF10A0C95F8241002EB18
:10E7700001118968C1F80090817C03EB010803EB6B
:10E78000810198F838A002EB0A1ADAF808A0CAF852
:10E790000090D4F800905F6849EA0709C4F8009037
:10E7A000347CDEF814E002EB04146468C4F800E082
:10E7B00095F8244053F82CC002EB04146468C4F8A4
:10E7C00000C098F83840C96B02EB0412526811601F
:10E7D0009A6C98F8441011601A6A317F5B6B116073
:10E7E00095F830201A60022203681A61C3F858B005
:10E7F000C27C002A32D072B6C37CDD0708D54FF048
:10E80000E0214469D1F8802122408262C1F8802150
:10E810009C0708D54FF0E0218469D1F8842122407B
:10E82000C262C1F88421590708D54FF0E021C469BC
:10E83000D1F8882122400263C1F888211A0708D53F
:10E840004FF0E021046AD1F88C2122404263C1F8E4
:10E850008C21DF065CD462B6C27C0368374D8168C8
:10E86000A9425FD0314985608969354CC1F30117F0
:10E87000C1F38261334E54F827400131B4FBF1F407
:10E88000B44230D80021C16000241C6103245C62C2
:10E890000724196401211C66196112B3D60704D537
:10E8A000816A4FF0E023C3F80011950704D5C16ACF
:10E8B0004FF0E023C3F80411540704D5016B4FF067
:10E8C000E023C3F80811110704D5416B4FF0E02392
:10E8D000C3F80C11D30604D5826B4FF0E023C3F8C4
:10E8E0001021BDE8F08F1849A1FB0461090DB4FBAC
:10E8F000F1F4AC4288BF0131B1F5817F14D2022915
:10E90000C0D902394C0804EB042441EA0421BAE7D7
:10E910004FF0E022416AD2F890310B408363C2F895
:10E92000903198E7C168AFE70849ACE700C00F40F5
:10E93000CFFFFFE3100000088041002000093D00E8
:10E94000EC3E0020FF083D0083DE1B43FF7F7F007D
:10E95000704700BFD0F800C000B5DCF810E0F44606
:10E960005DF804EB604700BF00B5D0F800C0BDF80B
:10E9700004E0CDF804E0DCF838E0F4465DF804EBA0
:10E98000604700BF00B5D0F800C0BDF804E0CDF886
:10E9900004E0DCF83CE0F4465DF804EB604700BFBF
:10E9A000704700BF01F0030CC907B0F90820B0F9A7
:10E9B0000A3080F81AC002D48281C3817047194698
:10E9C00013460A46C3818281704700BF2DE9F0419A
:10E9D0001C4686B08646D0F800C0A142BDF9305032
:10E9E000BDF8343026D0AA4215D0DCF81460804639
:10E9F000234FBE423AD14046CDE900532346DCF8CE
:10EA00002840A047D8F800301D4ADB6A934228D13D
:10EA100006B0BDE8F081A1421FDD01310C93DCF8A6
:10EA20003C5070460B1B2146AC461BB206B0BDE8FD
:10EA3000F0416047AA420CDD0C93531CDCF83840CF
:10EA40002A465B1B7046A4461BB206B0BDE8F041E7
:10EA50006047284615460246EEE720460C4601462A
:10EA6000DBE7404606B0BDE8F0411847CDE9042396
:10EA70000391B047D8F800C00399DDE90423BAE751
:10EA80004DC70100D0F800C0F0B5134D87B0DCF8D9
:10EA900014600446BDF83070AE420ED1013B0197C0
:10EAA000009220460B44DCF828601BB2B047236874
:10EAB000DB6AAB420BD107B0F0BDCDE90423039173
:10EAC000B047D4F800C00399DDE90423E6E7204607
:10EAD00007B0BDE8F04018474DC70100D0F800C0AE
:10EAE000F0B5144D87B0DCF814600446BDF8307002
:10EAF000AE420FD1013B0197204613441BB2009355
:10EB00000B46DCF82860B0472368DB6AAB420BD1C8
:10EB100007B0F0BDCDE904230391B047D4F800C09D
:10EB20000399DDE90423E5E7204607B0BDE8F0409E
:10EB3000184700BF4DC70100D0F800C02DE9F04FC5
:10EB400090469B46DCF8142083B01E4B05460C46CD
:10EB5000BDF930709A42BDF8349029D1A344A34541
:10EB60001EDDDFF864A00AE00134CDF80090DCF887
:10EB7000386024B2B047D5F800C05C4510DADCF844
:10EB800020603B464246214656452846ECD001349B
:10EB9000CDF80090B047D5F800C024B25C45EEDB5C
:10EBA000DCF82C30074A934206D103B0BDE8F08F61
:10EBB0009047D5F800C0D1E7284603B0BDE8F04F34
:10EBC000184700BF4DC7010065C701000268B0F9D2
:10EBD0000C30B0F90EC010B5146C82B0094A9442E2
:10EBE00007D10022CDE900C11146FFF7A5FF02B011
:10EBF00010BD00220191CDF800C01146A04702B01F
:10EC000010BD00BF35C9010030B50468094DD4F806
:10EC100040E0BDF90CC0BDF81040AE45CDE903C4DD
:10EC200003D1BDE83040FFF787BFF446BDE8304070
:10EC3000604700BF35C901002DE9F04F1D4603684C
:10EC4000884616462C4983B05A690446BDF930906F
:10EC50008A42BDF8347041D1D3F824B03246DFF88F
:10EC60009CA0414600972046D34508BFD3F83CB04E
:10EC70002B46D847236809F1FF32D3F824B0324439
:10EC80000097D34512B231D1D3F83CA041462B4670
:10EC90002046D04723683246DFF864A04146D3F8C7
:10ECA00020B020460097D34508BFD3F838B04B4674
:10ECB000D8472268691E4B46156A20464144009792
:10ECC000554509B208BF956B3246A84723680A4AE2
:10ECD000DB6A934205D103B0BDE8F08F904723680B
:10ECE000BAE7204603B0BDE8F04F18472B4641462F
:10ECF0002046D847CEE700BF4DC7010081C70100BD
:10ED000065C701002DE9F04F85B091468046581A3D
:10ED1000BDF938401D46BDF83CB0A21A002AB8BF64
:10ED200052420028B8BF4042824263DCA4464E46AD
:10ED3000A2464F461C46894665463146A1454EDDF2
:10ED4000A942D4BF4FF0FF330123A9EB040CA7EB7A
:10ED50000A0A0FFA8CF6002EB8BF0136BAF1000F7E
:10ED60004FEA6606B8BFCAF1000ACDE90020CDE936
:10ED7000023C15E0224A944528D10F6922462946D3
:10ED80004046B847A6EB0A030134029A1EB2AA18FD
:10ED900024B2002E02DA15B2039AD6184C4512DCC2
:10EDA000D8F800105B462A46D1F818C0DDE9000704
:10EDB000B842DFDC124B9C455B460CD10F694046E4
:10EDC0002146B847DEE705B0BDE8F08F2246294668
:10EDD0004046E047D6E721464046E047D2E7264690
:10EDE000A9423D464C465746B146AA460D4604DA6E
:10EDF0000123AAE79A460F46A0E74FF0FF33A4E7A6
:10EE000051C70100002361F30F03002162F31F4388
:10EE10004FF0FF324160016101770162C0E90233C6
:10EE2000024BC0E90523024B03607047010100015A
:10EE3000A03A00202DE9F04F8FB0BDF868509DF842
:10EE400060C006951D1EBDF964406ADDC5F1010371
:10EE500096460027621C1BB282469146F3460393F6
:10EE6000C5EBC5337E1C08915B000A9202950593A1
:10EE70000CF00103CDF824C00793039BCDF82CE0E0
:10EE8000002B4ADB059A37B2023213440592720016
:10EE9000013213441BB20393029B5C1E24B2BC429A
:10EEA00047DA099B03F002030493079BABB1DDF83B
:10EEB0002080029B0FFA8BF2DAF8000098444F4B47
:10EEC000066A0FFA88F19E4240F08280069B00930A
:10EED0000FFA89F3866B5046B047049B93B1089BA9
:10EEE000029A46489D1A0FFA8BF20FFA89F329B25B
:10EEF000DAF800502E6A864206980090504608BF05
:10EF0000AE6BB047BC420BF1FF3B09F10209029422
:10EF100007DD039B7E1C002BB4DA37B2029CBC4297
:10EF200002DA0FB0BDE8F08F03EB460301331BB2EA
:10EF30000393099B079A03F00203049312BB002B6F
:10EF4000E0D00B9BDDF820801A1B0A9B03EB4403E7
:10EF500012B21BB2A8EB0606DAF80000274935B258
:10EF6000066A8E423BD1069900912946866B50462F
:10EF7000B047029B9C42C5D0079B002BAFD0022319
:10EF8000049396E7DDF820800B9B08EB0601DAF886
:10EF900000501A1B19480FFA81FC0A9B296A12B209
:10EFA00003EB440381421BB21DD1069900916146D7
:10EFB000A86BCDE90C2305465046A847DDE90C2394
:10EFC00004990029C6D1029B9C427FF472AF99E755
:10EFD00006980FFA89F300905046B0477DE70698EF
:10EFE00029460090C3E706980D46614600905046BA
:10EFF000CDE90C23A847DDE90C23E1E765C7010053
:10F00000D0F800C02DE9F0431D461C4EDCF814304A
:10F0100087B004461746B342BDF8388023D1DCF8E8
:10F0200020906B0016487A1B0133CDF80080814593
:10F0300012B21BB2204608BFDCF838900591C847D1
:10F040002B460320002505993A46CDF80880CDE9E6
:10F0500000052046FFF7EEFE2368DB6AB34208D1C5
:10F0600007B0BDE8F08305919847D4F800C0059932
:10F07000D5E7204607B0BDE8F04318474DC701006B
:10F0800065C701002DE9F04F93B082460291BDF8AB
:10F0900070100D9203919DF87810026A08919DF806
:10F0A0007C10BDF874900591002A00F0B980117AA7
:10F0B0005B1A0599D2E900B0DBB2089A114300EB64
:10F0C000C30230F8337092F802800129D37892F9A4
:10F0D000050092F906200E9309900F9256D800234E
:10F0E000A24E10930A93DAF800305A69B24255D111
:10F0F0000E9A002A00F08380B8F1000F7FD00899A3
:10F100001A46059800254FF000090023012908BF81
:10F11000012811960CBF01210021049110991E466F
:10F120000D98059C494401FB0401002409B2079194
:10F130000F994118494409B2CDE90B93069105E0B6
:10F1400001346D00E4B2EDB2A0454CD916F0070FC2
:10F1500006F1010603D17B1C1BF807509FB22B065A
:10F16000EED5049BFBB1029B50460999D2F818904A
:10F1700059187F4B21449945039B08BFD2F8109042
:10F1800009B2069AC847DAF80020D9E7DAF8003061
:10F19000764E10925A690A90B242A9D050469047D2
:10F1A000DAF80030A4E70A9B02981919089BD2F8F4
:10F1B0001C9001FB03010FFA83FC6E4B09B2BDF9F1
:10F1C0001400994522D1D2F840906B4B039A99458F
:10F1D000009001926346079A50461DD1FFF7ACFCA0
:10F1E000DAF80020ACE7DDE90B930E9909F1010C88
:10F1F00043445FFA8CF9894590D31346119EDB6A2C
:10F20000B34240F0058113B0BDE8F08F039A634626
:10F21000009050460192079AC847DAF800208FE71D
:10F22000B0F90C2002998A42EDDDB0F90E200D9C58
:10F23000A242E8DD4FF00602089D15FB0212002AEB
:10F24000E1DD059A04EBC202002ADCDD027F474EB5
:10F2500082F00102AF2B94BF002202F001021A4497
:10F260000368D4B25A69B24240F00B81029F04EBAA
:10F270008404089D7A1D4149BC46BE4690B2059A59
:10F280002144CDF81890012D08BF012AD146039FD3
:10F290008A460CBF4FF0010B4FF0000BDDF83480B5
:10F2A000CDF810B093460C900E961AF8016B0FFA39
:10F2B0008EF2082400250992CDF81CC0CDE90AEA97
:10F2C0001AE00499002934D0D3F818A018FA85F26E
:10F2D000274812B2BDF91C108245484608BFD3F832
:10F2E00010A03B46D047D9F80030013C01357608E4
:10F2F00014F0FF046DB260D0F207E2D406988742A2
:10F30000F3D0049900293BD018FA85F2D3F818A05D
:10F31000BDF91C100FFA82FC154A924540F08F800F
:10F32000D3F810A0624603464846D047D9F80030CB
:10F33000DBE71BFB0582D3F81CA0BDF920100FFAF8
:10F340008BF00FFA82FC0B4A924566D1D3F840A0AD
:10F350006246094B009048469A4501970B46099929
:10F3600027D1FFF7E9FBD9F80030BEE74DC7010010
:10F3700051C7010005CA010035C901007C340020D5
:10F380001BFB0582D3F81CA0BDF920100FFA8BF0EF
:10F390000FFA82FC414A924549D1D3F840A0624617
:10F3A0003F4B009048469A450B46069901910999B2
:10F3B000D7D0D047D9F8003097E7DDF81CC0089ABD
:10F3C0000CF1010CDDE90AEA1FFA8CFC96440C9A58
:10F3D00062457FF46AAFCA46039ADDF81890DDF8FB
:10F3E00010B04A450E9E3FF40AAFBBF1000F2DD07E
:10F3F0001C6A50462B4ACDF800909442BDF930105B
:10F400000D9A08BF9C6B0823A047DAF80030F6E697
:10F41000504613B0BDE8F04F18470B4600906246C7
:10F42000099948460197D047D9F800305DE70B4667
:10F43000069900906246019148460999B9E7069BF2
:10F4400062464846D047D9F800304EE70899059AF9
:10F450000298D500DC6901EB8102821808B211B272
:10F460000E4A944211D11C6C0D4B0D9A9C420346DE
:10F470005046CDE900590DD1FFF75EFBDAF80030B8
:10F48000BDE69047DAF80030F0E603460D9A5046A4
:10F49000CDE90059A047DAF80030B0E605CA01000E
:10F4A00035C9010065C70100036AF0B587B0002BBC
:10F4B00055D00A2946D00D294ED01A7A91424BD305
:10F4C00093F80AC08C4547D38A1A5C68D2B204EB21
:10F4D000C204E27894F802C06AB3BCF1000F2AD0EB
:10F4E000C27EB0F910E0057EB0F91260477E8AB1A5
:10F4F00094F905209444B0F90C2005FB0CEC9445DC
:10F5000008DD4FF0000EA0F810E01B7B03FB076343
:10F510001EB243820B46324671460590CDE9025732
:10F52000B0F816C0CDF804C0B0F814C0CDF800C0D3
:10F53000FFF7A8FD05982179038A027E01FB0233BB
:10F54000038209E04FF0000C428A417EA0F810C00F
:10F550001B7B01FB03234382012007B0F0BD0A2976
:10F5600032D00D29F8D0C57EB0F910C090F818E05F
:10F57000B0F91220447E65B10625B0F90C601EFB7F
:10F5800005C5B54205DD02EBC4029C46038212B2FA
:10F59000428203940B46CDF808E06146B0F816C0ED
:10F5A0000590CDF804C0B0F814C0CDF800C0FFF746
:10F5B00069FD0598037E028A03EB430302EB4303D4
:10F5C0000382012007B0F0BD428A417E038202EB34
:10F5D000C1034382012007B0F0BD00BF01294FF0F5
:10F5E000000338BF012161F3070361F30F23038395
:10F5F000704700BF30B590F868308E46090AB3B93D
:10F60000A2B1436B5FFA8EFE501E1B685966DA6D1D
:10F6100012F4F81FFBD05A6FC3F864E0DA6D12F4ED
:10F62000F81FFBD001385A6F451CEFD130BD012BBC
:10F6300024D05FFA8EFC61453DD0002AF6D0531EDF
:10F640001FFA8CF511E01160826C446D1460426CFD
:10F65000446D1460426B1560826C013B446D146014
:10F66000426C446D14605A1CE0D090F85FC0426B4D
:10F67000BCF1000FE7D0A2F800E0EDE7002AD5D0FA
:10F6800002F1FF3C724610231404816C03F1FF3336
:10F690004FEA42024CBF846BC46B9BB22160016C89
:10F6A000C46C0C60416CC46C0C60002BECD1BCF1E0
:10F6B000010CE7D230BD90F85F30D0F834C07BB990
:10F6C0005200CCF80010002AB0D0531E826C013BCF
:10F6D000416D1160416D426C1160591CF6D130BD15
:10F6E000ACF800E0EFE700BF90F96A30002B02DBD6
:10F6F000436A026E1A6090F8683003B17047426B3B
:10F70000D37C002BFAD0D80704D5906A4FF0E021C3
:10F71000C1F80001990704D5D06A4FF0E021C1F883
:10F720000401580704D5106B4FF0E021C1F808011F
:10F73000190704D5506B4FF0E021C1F80C01DB062E
:10F74000DCD5926B4FF0E023C3F81021D6E700BF61
:10F7500070B5002A84B0BDF8206006DB1C461D464B
:10F76000B0F90E30934200DD0CB904B070BD002C2E
:10F7700005DAA3B2013119445B4209B21DB2B0F9F6
:10F780000C308B42F1DD1FFA81FE0EEB050404F113
:10F79000FF3C0FFA8CFCBCF1000FE6DB002902DA1B
:10F7A00025B24FF0000E0168634592B24C6D15DC36
:10F7B000A3EB0E034FF0010C71469BB2CDF800C0D5
:10F7C000CDE90203A047039B02981AB2002BCCD0CC
:10F7D000314604B0BDE87040FFF70CBF0123029032
:10F7E00071460093ABB2A0472A460298F0E700BFEB
:10F7F00070B5002984B0BDF8206006DB1C461D46AC
:10F80000B0F90C308B4200DD0CB904B070BD002C97
:10F8100005DAA3B201321A445B4212B21DB2B0F94A
:10F820000E309342F1DD1FFA82FE0EEB050404F167
:10F83000FF3C0FFA8CFCBCF1000FE6DB002A02DA79
:10F8400025B24FF0000E0268634589B2546D11DC99
:10F85000A3EB0E03724603909DB201230095A047CF
:10F8600003982AB2002DD0D0314604B0BDE87040D4
:10F87000FFF7C0BEABB27246039000930123A047CE
:10F880002A460398F0E700BF2DE9F04F85B0BDF997
:10F890003850BDF83C80002B43D0002D41D0002BC8
:10F8A0001C4641DBB0F90C308B423ADD002D46DBC3
:10F8B000B0F90EC0944534DD14FA81F61FFA81F9CF
:10F8C00006F1FF3E0FFA8EFEBEF1000F29DB97B264
:10F8D000BA462F44BB46013F3FB2002F21DB00292F
:10F8E00002DA34B24FF00009002A03DA0FFA8BF57E
:10F8F0004FF0000A73452DDDA3B2BC452FDDAAB23F
:10F9000000924946066852460390766DB04704FB64
:10F9100005F232B14146039805B0BDE8F04FFFF75C
:10F9200069BE05B0BDE8F08F9CB20131B0F90C3072
:10F930002144644209B224B28B42F2DDB6E7ADB293
:10F940000132B0F90EC02A446D4212B22DB2944574
:10F95000E7DDB1E7A3EB0904A3B224B2CDE7ACEB3A
:10F960000A0C1FFA8CF20FFA8CF5C9E790F86820A0
:10F97000034642B190F96A20002A03DB826A036ED3
:10F9800013607047704700B583B0406BD3E90E1227
:10F990000193FEF759FD019B93F96A20002A02DBCF
:10F9A0009A6A1B6E136003B000BD00BF2DE9F043DF
:10F9B0001C4685B01E460B1EBDF8307004DBB0F946
:10F9C0000C10994200DD14B905B0BDE8F083002C9D
:10F9D00005DAA1B201320A44494212B20EB2B0F9BC
:10F9E0000E109142F0DD16FA82FE1FFA82F80EF137
:10F9F000FF3C0FFA8CFCBCF1000FE5DB002A03DAB8
:10FA00000FFA8EF64FF0000861452BDD1FFA86F9DC
:10FA1000044605460068204942698A4231D194F87B
:10FA200068202AB395F96A20002A02DBAA6A296EA7
:10FA3000116099B2CDF800904246446D01232846EA
:10FA4000A04726B1324639462846FFF7D3FD2B683A
:10FA50002846124ADB6A934219D105B0BDE8F0434B
:10FA6000FFF742BEA1EB08011FFA81F90EB2CFE702
:10FA700004F13400039307C8FEF7E6FC2068039BFB
:10FA8000D0E72046039390472068039BD1E705B059
:10FA9000BDE8F043184700BF69D70100E5D4010075
:10FAA0002DE9F043002A85B0BDF8307006DB1C4616
:10FAB0001E46B0F90E30934200DD14B905B0BDE822
:10FAC000F083002C154605DAA3B2013119445B42DC
:10FAD00009B21EB2B0F90C308B42EFDD16FA81FC90
:10FAE0001FFA81F90CF1FF3212B2002AE6DB00297D
:10FAF00003DA0FFA8CF64FF0000993422FDDB3B210
:10FB0000044680460068224942698A4235D194F809
:10FB100068204AB398F96A20002A04DBD8F8282024
:10FB2000D8F8601011604FF0010CAAB24946CDF828
:10FB300000C0406D04464046A04726B132463946D3
:10FB40004046FFF757FDD8F800304046114ADB6ABF
:10FB5000934218D105B0BDE8F043FFF7C5BDA3EB54
:10FB6000090293B216B2CBE704F13400039307C83D
:10FB7000FEF76AFC2068039BCCE72046039390477E
:10FB80002068039BCFE705B0BDE8F043184700BFEE
:10FB900069D70100E5D401002DE9F04F85B0BDF92A
:10FBA0003850BDF83C80002B5ED0002D5CD0002B7F
:10FBB0001C465CDBB0F90C308B4255DD002D61DB5F
:10FBC000B0F90EC094454FDD14FA81F61FFA81F9A1
:10FBD00006F1FF3E0FFA8EFEBEF1000F44DB97B236
:10FBE000BA462F44BB46013F3FB2002F3CDB002901
:10FBF00002DA34B24FF00009002A03DA0FFA8BF56B
:10FC00004FF0000A73454FDDA3B2BC4545DD1FFA36
:10FC100085FB0646074600682F4942698A4255D14E
:10FC200096F86820002A44D097F96A20002A02DB5F
:10FC3000BA6A396E11605246CDF800B04946466D39
:10FC40003846B04704FB05F21AB141463846FFF783
:10FC5000D1FC3B683846214ADB6A934232D105B079
:10FC6000BDE8F04FFFF740BD05B0BDE8F08F9CB296
:10FC70000131B0F90C302144644209B224B28B4204
:10FC8000F2DD9BE7ADB20132B0F90EC02A446D42FD
:10FC900012B22DB29445E7DD96E7ACEB0A0C1FFAE1
:10FCA0008CFB0FFA8CF5B4E7A3EB090293B214B204
:10FCB000ABE706F13400039307C8FEF7C5FB3068D5
:10FCC000039BB1E705B0BDE8F04F184730460393FA
:10FCD00090473068039BAEE769D70100E5D4010087
:10FCE00070B582B012B209B204469DF918509DF960
:10FCF0001C600193FFF786F81A481B4A1B4984F8D9
:10FD00006B5062632A01019B00EB05152160002105
:10FD100084F8696084F86A308B4284F86810A4F82B
:10FD2000701082586167ED68E166656602F18405CE
:10FD300002F18802C4E90B520DDB1A0100EB031338
:10FD400082582046DB6802F1840588322366C4E9C4
:10FD5000095202B070BD20462166C4E9095202B0C2
:10FD600070BD00BF80410020B04C0020143B00203B
:10FD700070B5554B044690F96A0082B0002914BF53
:10FD80000E461E461546002808DB0121C0B201F0D0
:10FD90004FFB012194F86A0001F016FB012194F851
:10FDA0006B0001F045FB012194F86B0001F00CFBA6
:10FDB00094F86830D3B92907606B25644CBF434B76
:10FDC00007236A07424A48BF43F08043C4E90E63F1
:10FDD000404B984218BF90424FD03F4B98424CD076
:10FDE00094F96900002829DA02B070BD012B4CD0CB
:10FDF00094F85F30E26B002B42D0636B4FF6FF70DC
:10FE0000002110801980012194F85D0001F010FBA1
:10FE100094F85D00012101F0D7FA94F95E00002802
:10FE2000DEDB0121C0B201F003FB94F85E0001218A
:10FE300001F0CAFA94F969000028D5DB0121C0B2AB
:10FE400001F0F6FA012194F8690001F0BDFA64208E
:10FE500001F03AFA002194F8690001F0B5FA642043
:10FE600001F032FA94F86900012101F0ADFAC820DE
:10FE700002B0BDE8704001F027BAFEF74FFCAFE7D3
:10FE8000FF211160626B1360BDE7194694F85400BE
:10FE9000019301F0CDFA002194F8540001F094FA96
:10FEA000019994F8560001F0C3FA94F85600002125
:10FEB00001F08AFA94F95500002891DB0021C0B2C4
:10FEC00001F0B6FA8CE700BF0024F40007000080C0
:10FED000004D0020B04C0020504D002090F86830BC
:10FEE00043B9436B1A685166D36D13F4F81FFBD006
:10FEF000536F7047012B0BD090F85F20436BF2B12A
:10FF00001980836C426D1A60436C426D1A607047B1
:10FF1000082310B40C06826C03F1FF334FEA410151
:10FF20004CBF846BC46B13F0FF032260026CC46C83
:10FF30001460426CC46C1460ECD110BC7047196042
:10FF4000DFE700BF0368314A5B69934270B504463E
:10FF50000D4656D190F86830002B4DD094F96A3098
:10FF6000002B02DBA36A226E1A60D5B194F87010E0
:10FF7000236B2046626E1A60FFF7B0FF2368E26AC7
:10FF8000616EDB6A1160224A93423CD194F96A3077
:10FF9000002B02DB636A226E1A6094F868301BB192
:10FFA00070BD94F87110E3E7626BD37C002BF7D03F
:10FFB000DD0704D5906A4FF0E021C1F800019C07ED
:10FFC00004D5D06A4FF0E021C1F80401580704D5E8
:10FFD000106B4FF0E021C1F80801190704D5506BF0
:10FFE0004FF0E021C1F80C01DB06D9D5926B4FF040
:10FFF000E023C3F8102170BD343007C8FEF724FA9F
:02000004600298
:10000000ACE79847B1E7BDE87040184769D70100F1
:10001000E5D40100426E08B5036B1A60FFF75EFF7E
:10002000C36A426E1A6008BD90F8683083B9436BAA
:100030000A0A1B685A66DA6D12F4F81FFBD0C9B2BF
:100040005A6F5966DA6D12F4F81FFBD05B6F704778
:10005000012B0BD090F85F20436BF2B11980836CB9
:10006000426D1A60436C426D1A607047102310B4E1
:100070000C04826C03F1FF334FEA41014CBF846BE7
:10008000C46B13F0FF032260026CC46C1460426CFA
:10009000C46C1460ECD110BC7047C1F30F221A601D
:1000A000836C426D1A60436C426D1A60436B196039
:1000B000D5E700BF002909DB70B5B0F90CE082B0CC
:1000C0008E4501DD002A02DA02B070BD7047B0F93A
:1000D0000EE09645F8DD1E460123044692B20093D9
:1000E00089B205686D6DA8473146204602B0BDE86B
:1000F0007040FFF799BF00BFF0B51C460B1E85B0DE
:1001000005DBB0F90CE09E4501DD002A01DA05B0FF
:10011000F0BDB0F90E109142F9DDD0F800C01646DE
:100120001D492746DCF81420044605468A4228D19A
:1001300090F86820E2B195F96A20002A02DBAA6AE9
:10014000296E116099B20123B2B228460093DCF8FF
:100150005440A04739462846FFF766FF2B680F4AF0
:10016000DB6A934213D105B0BDE8F040FFF7BCBA9B
:100170003430039307C8FEF767F9D4F800C0039B37
:10018000D9E703939047D4F800C0039BDAE705B0A2
:10019000BDE8F040184700BF69D70100E5D4010071
:1001A000F8B51F4690F8683004460D461646002BF9
:1001B0005DD094F96A30002B02DBA36A226E1A60CC
:1001C000236B2946626E20461A60FFF787FEE36ABA
:1001D000626E1A60C7B1002506E0013516F8011BF2
:1001E000FFF77CFEBD420FD094F868302046022B0A
:1001F000F3D194F85F30002BEFD0013536F8021BB5
:10020000FFF712FFBD42EFD194F96A30002B02DBF9
:10021000636A226E1A6094F8683003B1F8BD626BAD
:10022000D37C002BFAD0DD0704D5906A4FF0E02193
:10023000C1F800019C0704D5D06A4FF0E021C1F855
:100240000401580704D5106B4FF0E021C1F80801F4
:10025000190704D5506B4FF0E021C1F80C01DB0603
:10026000DCD5926B4FF0E023C3F81021F8BD343099
:1002700007C8FEF7E9F89CE72DE9F041984690F8A9
:10028000683004460D461746002B3AD094F96A3080
:10029000002B02DBA36A226E1A60236B2946626E72
:1002A00020461A60FFF71AFEE36A626E1A60B8F120
:1002B000000F1AD0002607E0013615F8011BFFF7E2
:1002C0000DFE46452F4610D094F868303D46204636
:1002D000022BF1D194F85F30002BEDD0013637F8C6
:1002E000021BFFF7A1FE4645EED194F96A30002BC0
:1002F00002DB636A226E1A6094F8683033B1BDE89D
:10030000F081343007C8FEF79FF8BFE7626BD37CFB
:10031000002BF4D0DD0704D5906A4FF0E021C1F83E
:1003200000019C0704D5D06A4FF0E021C1F8040118
:10033000580704D5106B4FF0E021C1F808011907E8
:1003400004D5506B4FF0E021C1F80C01DB06D6D587
:10035000926B4FF0E023C3F81021D0E790F868309B
:1003600003BB436B0A0E1B685A66DA6D12F4F81F62
:10037000FBD0C1F30742586F5A66DA6D12F4F81FCA
:10038000FBD0C1F30722586F5A66DA6D12F4F81FDA
:10039000FBD0C9B25A6F5966DA6D12F4F81FFBD060
:1003A0005B6F7047012B10B419D090F85FC00B0C35
:1003B000426BBCF1000F28D0D0F848C01380436DC9
:1003C000CCF80030436C426D1A60436B1980836C2B
:1003D000426D1A60436C426D10BC1A607047202356
:1003E0000029826C03F1FF334FEA4101B4BF846BF3
:1003F000C46B13F0FF032260026CC46C1460426C87
:10040000C46C1460ECD110BC70474FEA116CC2F898
:1004100000C0826C446D1460426C446D14600A0A22
:10042000446B2360836C446D1C60436C446D1C60A2
:10043000436B1A60836C426D1A60436C426D1A60A4
:10044000436B1960C3E700BF01F003010023B0F95B
:100450007E20022900B583B081768DF80730B0F98F
:10046000803028D0032917D001292FD04FF0C00C9D
:1004700090F87810C38190F8793082818DF807C0A8
:10048000A0F86C10A0F86E3001230DF107023621A0
:10049000FFF786FE03B000BD4FF0600C90F87C10B3
:1004A000838190F87830C2818DF807C0A0F86C1075
:1004B000A0F86E30E8E790F87BC090F87C1082815D
:1004C000C381A0F86CC0A0F86E10DDE74FF0A00C5F
:1004D00090F87910838190F87B30C2818DF807C045
:1004E000A0F86C10A0F86E30CEE700BF10B59C46A7
:1004F00082B004460B460092F0214FF4A072CDF872
:1005000004C000F0EFF8044A4FF0000320462260D8
:10051000A4F87B3002B010BD743B002030B585B02C
:100520000D4680F87A3000210192044600F01CF953
:10053000019AF02DA2F1F003B3FA83F34FEA5313BB
:100540002ED16BB34FF000014FF4A043A4F87B1001
:10055000A4F87830A4F8802020462749A4F87E50DB
:1005600000F0DAF82368254A1B6B93423DD194F8DA
:1005700079300022D4F87E00C02194F878508DF8AC
:100580000F103621A2760DF10F02A4F86E30012370
:10059000E0602046A4F86C50FFF702FE05B030BDC5
:1005A000872D09D143B142F6350142F63403A4F850
:1005B0007810A4F87B30CDE7D2F5A0734FF000009F
:1005C00048BF0133D5F1F00148BF0131C3F3470300
:1005D000C1F3470184F8793061F3070084F878109B
:1005E00063F30F20A4F87B00B4E70021204605B098
:1005F000BDE83040184700BF1820006045E2010008
:10060000064B42F22102002918BF0B46A0F87020C9
:1006100090F87A2019464367FFF7AABB0048E80123
:10062000B0F86CC0614489B20B44013B70B543EA39
:100630000145B0F86E3004462A211A44BDF8103046
:1006400092B21344013B43EA0246FFF7E3FC29461A
:100650002046FFF783FE20462B21FFF7DBFC3146C7
:100660002046FFF77BFE20462C21BDE87040FFF7B7
:10067000D1BC00BF01F00301002390F878200229CB
:1006800090F879C000B583B081768DF807301CD022
:10069000032911D001291DD062F30F03C0216CF38F
:1006A0001F438DF80710C36601230DF107023621A1
:1006B000FFF776FD03B000BD6CF30F03602162F31A
:1006C0001F438DF80710C366EEE7A0F86C20A0F872
:1006D0006EC0E9E7A023A0F86E20A0F86CC08DF8EA
:1006E0000730E1E710B582B004469DF910C0CDF89F
:1006F00000C09DF914C0CDF804C0FFF7F1FA002343
:10070000044A2046A4F8783084F87A30226002B097
:1007100010BD00BFD43B00202DE9F8430D7805B390
:1007200007464C1C013D94F8019004F10208217821
:10073000384609F07F064246334608EB0604FFF7C9
:100740009BFD19F0800F08D018F806000134FF282F
:1007500008BF4FF4FA7000F0B7FD013DEDB2FF2D78
:10076000E1D1BDE8F88300BF38B5036804460D4AFF
:100770000D461B6D934211D10B4942F2210390F8B3
:100780007A204167A0F87030FFF7F2FA2DB12946C0
:100790002046BDE83840FFF7BFBF38BD002198476D
:1007A000F4E700BFFDE301000048E801EFF3108229
:1007B00072B6437F33B9017F012907D0032911D0D5
:1007C000012343770AB962B670477047DFF868C003
:1007D000DCF80010F9B1164943610B6808608361C9
:1007E0005861EDE700B5DFF854E01249DEF800C0CB
:1007F000BCF1000F16D043610B68836158614FF064
:10080000E0234FF0805C0860C3F804CD01234377F8
:1008100002B962B600BD064BCCF800001860C0E912
:100820000511CDE7C0E905CCCEF80000E7E700BF31
:100830005CBC002054BC002050BC002058BC0020F0
:1008400070B5EFF3108272B60C4C206880B10C4E7C
:1008500000254369236073B19D6102B962B6836864
:1008600045779847EFF3108272B620680028F0D1E0
:1008700002B962B670BD3360EFE700BF58BC00201C
:1008800054BC0020FFF7DCBF0449054A4968054B0A
:100890001960136801331360704700BF001000E057
:1008A0002CC5002028C50020014803F0B7BA00BFBE
:1008B000B04D0020F8B50C4671B182B106468F18D4
:1008C00000253368304614F8011B1B689847BC426A
:1008D0000544F6D12846F8BD0D462846F8BD154614
:1008E000F8E700BF012A70B508BF0A228AB00546A2
:1008F0001E4659B34FF0210C01E05FFA84FC0CF165
:10090000FF34B1FBF2F302FB131EBEF1090F0EF12F
:10091000370098BF0EF130000DEB0C0E91421946D6
:100920008EF80400E9D23EB10CF1FF3C2D225FFAB3
:100930008CFC0DEB0C031A712B6801A9CCF122027F
:1009400028465B68614498470AB070BD30234FF079
:10095000210C8DF82530E6E7002903DB00230A226D
:10096000FFF7C0BF49422D230A22FFF7BBBF00BFDC
:1009700000B5036883B040F60D2C022201A95B6824
:10098000ADF804C0984703B000BD00BF044B022877
:1009900088BF0346D3F800C01846DCF80430184777
:1009A000A04D00200EB400B582B003AA52F8041B7B
:1009B000019206F04FFB02B05DF804EB03B0704704
:1009C0001AB90368C9B21B681847FFF78BBF00BF8D
:1009D00000000000B4EE400B70B5F1EE10FA86B0E6
:1009E000864680F18280B0EEC07B9FED486BB4EE0E
:1009F000467BF1EE10FA6CDC9FED467BB4EEC70B44
:100A0000F1EE10FA5CDC9FED457BB4EEC70BF1EE26
:100A100010FA55D4B5EEC00BF1EE10FA61D40023F4
:100A2000B6EE007B002964D04FF0000C9FED3D6BCB
:100A30000CF1010C27EE067B6145F9D130EE070B76
:100A40000C460A2270467646FCEEC07BB8EE676B19
:100A500017EE901A30EE460B8DED000BFFF742FFBC
:100A60000F2C21464FF02E0328BF0F2105468DF88D
:100A700008300DF10903481EB2EE046B02AA53FAC6
:100A800080F09DED000B20EE060BFCEEC07BCDED63
:100A9000007A9DF8003007EE903A3033B8EEE77BED
:100AA00002F8013F904230EE470BECD133684A1C0C
:100AB000304602A95B68D2B29847284606B070BD9E
:100AC000DEF80030032219495B6806B0BDE87040CB
:100AD00018470368032216495B6806B0BDE87040FA
:100AE0001847B1EE400B01239AE70368032211492E
:100AF000EAE730EE070B0A227046FCEEC07B17EEE9
:100B0000901A06B0BDE87040FFF7ECBEFFFFFFFF94
:100B1000FFFFEF7F000000E0FFFFEF41000000E07B
:100B2000FFFFEFC19A9999999999B93FD030002068
:100B3000CC300020C830002008B1014B186070474D
:100B4000D4BA0020884200DB7047DFF86CC0091A75
:100B5000DCF8003003B3164A00B582FB032EDA1727
:100B60009E44C2EB2E42DFF854E00EFB1233DFF856
:100B700050E00EFB02F244F2A71E0EFB0322002AF5
:100B800013DA6FF00043D318CCF80030B3FBF1F266
:100B900001FB1233184400BD064BB3FBF1F2CCF855
:100BA000003001FB1233184470471346ECE700BFD6
:100BB0005F0B4E8342CE0C1FD4BA00201DF3010000
:100BC000ECF4FFFF0022C0E90022826061B110B5A1
:100BD00082B000900846019106F0B4FE009B0446E6
:100BE00018B9184602B010BD7047013004F00EFB72
:100BF000009B0028F5D00022019918600270C3E91B
:100C0000014406F0DFFD009B184602B010BD00BF96
:100C100070B50446002582B00E46C0E9005508466E
:100C2000A56006F08FFE10B9204602B070BD0346E5
:100C30000130019304F0EAFA0028F5D0019B314617
:100C400005702060C4E9013306F0BCFD204602B007
:100C500070BD00BF10B50446006804F0DFFA2046FE
:100C600010BD00BF30B5144683B00346026834B9E6
:100C700002B11470002218469A6003B030BD0D46D0
:100C800041688C420DD90090611C104604F0B0FD03
:100C9000009B024678B19968C3E9000409B9017064
:100CA0001A689C6029461046009306F08BFD009B55
:100CB000184603B030BD186830B1CDE9002304F008
:100CC000ADFADDE900231A6000221846C3E90122CB
:100CD00003B030BD10B5044682B059B10846019149
:100CE00006F030FE019902462046FFF7BBFF204682
:100CF00002B010BD8160204602B010BD034680687E
:100D0000F0B50C46196883B08518A14204D9002AB1
:100D100034D1184603B0F0BD0844A04227D9002AB8
:100D2000F7D05E68B54219D9671A01260846691CD2
:100D3000CDE9003204F05CFD009B84460028E8D039
:100D4000019AC3E90005986820B98CF80000D3F82F
:100D500000C098686044AEB10CEB070421460093D4
:100D600000F062FE009B00211A6851550FE0002A36
:100D7000CFD05E68B54205D90026D7E75E68B54298
:100D8000FAD808442146009306F01CFD009B184643
:100D90009D6003B0F0BD00BF10B582B000230446D3
:100DA00001228DF8041001A98DF80530FFF7A6FF88
:100DB000204602B010BD00BF826808B53AB1006895
:100DC00059B106F08FFBB0FA80F0400908BD49B177
:100DD0000878B0FA80F0400908BD0078B0FA80F0D9
:100DE000400908BD012008BD8A6808B583689342A0
:100DF00009D3006830B1096839B106F047FAB0FA92
:100E000080F0400908BD002008BD084608BD00BFAD
:100E100083688B4203D9006808B108447047024BCD
:100E2000002218461A7070479AC6002070B50D4609
:100E3000896882B00446914202D30B4611461A4695
:100E40000020C4E90100AB6820608B4215D39342B7
:100E500028BF13462A68D65CD0542A6851180FD090
:100E600008460193009106F06DFD00990246204668
:100E7000FFF7F8FE2A68019BD654204602B070BDE9
:100E8000A160D654F9E700BF2DE9F0410768064696
:100E9000E7B18468D4B1B846454618F8010B05F0AF
:100EA00043FF0028F8D1013C3C4402E0A54205D8AC
:100EB000013C207805F038FF0028F7D1621CAF42D2
:100EC000A2EB0502B26004D30023BB543046BDE858
:100ED000F0813846294600F0A7FD3768B268F3E78D
:100EE000006808B104F052B9704700BF006810B143
:100EF000002105F00FBE9FED010A704700000000C1
:100F00002A284AD8264B70B51B780646E3B9254BEC
:100F10009B5DFF2B2AD0244A02EB061291680A68D7
:100F200002F44050B0F5805F31D01C0620D41F4C35
:100F30002360236AD80704D402F03AFC236AD90755
:100F4000FAD51A4B586A70BD184C194D01E002F0E1
:100F50002FFCA36C1B06FAD4AB6C13F08003F6D104
:100F60000F4A13700F4B9B5DFF2BD4D1002070BD37
:100F70000F4C03F07F032360236ADA0704D402F0E6
:100F800017FC236ADB07FAD5094B586A70BD22F4B7
:100F900080521C060A60EBD4C9E70020704700BFEE
:100FA0009CC60020844500208041002000400C4069
:100FB00000800C40A94AAA4B90422DE9F047A94C69
:100FC000D3F814E09969D4F80CC000F2088103F159
:100FD000437303F5F4530333A3FB0023DB0D03EB4F
:100FE000830303EB830202F2B63240F227639A4294
:100FF00028BF1A469C4BA3FB0232D208203A984DD8
:101000000CF01F04D5F88030944243F0C003C5F8BB
:1010100080300BD22CF01F0C924C4CEA020CC4F81E
:101020000CC02368002BFCDA0CF01F041EF00073C8
:1010300027D18E4D2E698E4DB54300F0FA8081F494
:10104000805576464FF4805716F0605F06D02EF03C
:10105000605E4EEA030E824BC3F814E015F4405F65
:1010600007D021F440517E4D3943A961AB6C1B0779
:10107000FCD44EF0007E7A49C1F814E08B6C9F06D8
:10108000FCD47C49884200F2DF80012635460EE020
:10109000082D0CD1042E00F291800136022506FBAA
:1010A00000F38B4200F2C3805B008B4206D801350F
:1010B00006FB05F300FB03F38B42E9D9771E05F12C
:1010C000FF384FEA872A8EEA87276B4959186B4BFE
:1010D00099427CD9DFF8E4916C2369486349B0FBFD
:1010E000F5F0684DB0FBF6F00E6835404D4508D080
:1010F00043F400534FF480550D600B600B68002BD8
:10110000FCDA57490B6903F00703434504D0C1F8E3
:1011100010808B6CDE03FCD417F4E05F0BD02EF450
:10112000E05E0AF4E0534E4943EA0E0EC1F814E0C3
:101130008B6C9D07FCD4544D544945198D4239D8C8
:10114000534BED09A3FB05352D0B6B1E1B028EEADD
:10115000030111F4407F07D02EF4407E03F4407366
:101160003F4943EA0E034B613D494B6923F000734D
:101170004B618B6C9B06FCD4464BA242A3FB001335
:101180004FF0FF314FEA9343B0FBF5F5B1FBF3F3BA
:101190004149086041490D6041490B6008D22CF07B
:1011A0001F0C30494CEA0202CA600B68002BFCDAC3
:1011B000BDE8F0874FF440730425C8E7771E2E4939
:1011C0004FF007084FEA872A59188EEA8727294BDC
:1011D00099421CD8DFF8E890362332487EE7324B3C
:1011E000984201D80E220AE7304B984228D9304A5B
:1011F000904227D9821A2F4B120AA3FB0232D2093E
:1012000002EB820202EB820202F2E242EDE6A3F17D
:1012100082532948DFF8AC90A3F589337E3BA3FBCA
:1012200001310B0D03FB00F043EA090956E70125E4
:1012300044E71F468EF0C0560D464FF0C05303E7FB
:101240000F22DCE61222DAE6012603464FF0000AFE
:1012500077464FF00008354637E700BF001C4E0EBA
:1012600000C00F40000008401F85EB5100800D407A
:1012700040300080FFB19F26808D5B00FF7EF64DE1
:1012800000643F4D7F3001807FD1F0087F17B42C80
:101290009F10E50083DE1B43AC4C0020A84C0020CF
:1012A000A4C4002000B29F26FF0A6B1B00A4781F75
:1012B0000046C32323B24C00001BB7006C20008003
:1012C000362000800020008000B970472DE9F84FDB
:1012D00001218146224C234E234D54E8003F3268C1
:1012E000286844E80013002BF7D120494B684FF4DD
:1012F0007A7BDFF87CA01B1A01270BFB02F8DAF8D7
:101300000020A2FB03235B4594BF9844D84454E8D3
:10131000003F3268286844E80073002BF7D14B681F
:10132000DAF800C01B1A0BFB02F2ACFB03C3B3F5E7
:101330007A7F94BFD21802F57A72A2EB0802B2F556
:101340007A7F08D3B9F1010F08F57A7809F1FF39EE
:10135000DDD1BDE8F88F02F02BFA0449D7E700BFD2
:1013600030C500202CC5002028C50020001000E05A
:10137000A4C4002010B50F4B4FF0010C0E4CDFF849
:1013800044E053E8002F2068DEF8001043E800C274
:10139000002AF6D1094B5B68094A5B1A4FF47A714F
:1013A000126801FB00F0A2FB03238B4294BFC0181C
:1013B000401810BD30C500202CC50020001000E0F2
:1013C000A4C4002028C50020362812D802010C4BE6
:1013D00003EB00109B58C268D3F804C01CEA020F4C
:1013E00003D039B1C3F884207047836829B9054A0E
:1013F0001A607047C3F888207047034A1A60704724
:10140000804100203830010038F0010036280BD828
:10141000064B020103EB00109A58C36892681A4207
:1014200014BF012000207047002070478041002039
:10143000362831D802011B4B012903EB00109B58C1
:1014400000B55A68D0E902EC12D0042910D022EA83
:101450000C025A60C9B102291FD003294FF01502AE
:101460000CBF114B114BCEF8003043681A6000BD21
:1014700042EA0C0201295A6007D040F63803CEF840
:101480000030436815221A6000BD38231522CEF8BB
:10149000003043681A6000BD7047054BCEF800303D
:1014A000EFE700BF80410020383001003800010024
:1014B00038F0010010B4134A0020134B0121134CE3
:1014C000DFF84CC0C2F8F032C2F8F402C2F8B8102B
:1014D000C2F8A000C2F8A440C2F8B0105369DB07FC
:1014E000FCD551619CF80030DB07EFD41368054947
:1014F00043F0010313600B68DB07FCD462B610BC39
:10150000704700BF00802A400504012401000F003D
:1015100000812A4010B5DFF840E04FF6FF7C0C4810
:101520000EF17E04A0F58053002203E0834202F115
:10153000010203D2198802336145F7D12EF8022F38
:10154000A64500F58050EDD1024B01221A7010BD66
:1015500000107C60A2C60020A6C4002041F2BB039C
:10156000984238D81D4B10B51B7882B05BB3820807
:101570001B4BDFF874C0A3FB0213D11A03EB51031A
:1015800018495B09C3EB831E1C46A2EB0E033CF813
:1015900013C059184FEA4C0C0A030CEB013CBCEB8E
:1015A000013F15D900F0030EFF204EEA840E1346CA
:1015B00002321B88D9B21B0A8E4508BF18469445D3
:1015C000F5D802B010BD0190FFF7A4FF0198CEE757
:1015D000FF2002B010BDFF20704700BFA2C6002050
:1015E00005411004C0070600A8C4002030B583B030
:1015F00072B6334B40F20645324C9C610224DC61EA
:101600000024C3F8A040C3F8F0528518C3F8F44290
:10161000C3F8F842C3F8FC424FF47024C3F8A44066
:101620000124C3F8B04020F01F03BFF34F8F4FF0E9
:10163000E024C4F85C3F20339D42FAD8BFF34F8FBB
:10164000BFF36F8F1E4D6B69DC07FCD50123DFF8FC
:101650007CC094B220F07F406B6144F47024C5F8E4
:10166000F0C242F2012CC5F8F4C2C5F8BC30C5F88E
:10167000A000C5F8A440124CC5F8B03001E05B06EC
:101680000AD4636913F00105F9D04123636103B003
:10169000BDE83040FFF70EBF082A0DD842B10A4816
:1016A000CDE9001200F0C0F9DDE9001211442A462C
:1016B000034B40205861E4E7A2F108050822EEE759
:1016C00000802A40F05AF05A80812A4032041808DB
:1016D00000B5864672B6294B02212948002298613E
:1016E0004FF47020D96140F20641C3F8F012012195
:1016F000C3F8F422C3F8F822C3F8FC22C3F8A020F0
:10170000204AC3F8A4000EEA0202C3F8B010BFF3E7
:101710004F8F02F1200302F580514FF0E02C8B42F5
:101720002CBF0121802102EB41118B42CCF85C2FB0
:101730001A4603F12003F8D1BFF34F8FBFF36F8F29
:101740000E4A5369D907FCD501200F490F4B4FF4BE
:10175000702C50610EEA0303C2F8F0120749C2F878
:10176000A030C2F8A4C0C2F8B0004B69DB07FCD5BA
:1017700001235DF804EB4B61FFF79CBE00802A401B
:10178000F05AF05A00F0FFFF2004180800F0FF00A4
:1017900041F2BB03984200F28E80484B2DE9F0479E
:1017A0001B78C2B00E460546002B00F08180AB08C6
:1017B000434F05F00305A7FB0327DA1B07EB52078E
:1017C000404A7F0945EA8705C7EB8717DF1B3E4B79
:1017D00032F81740FB1860004FEA033800EB033083
:1017E000B0EB033F68D94246FF21134602321B8803
:1017F0005FFA83FC1B0AAC4508BF19468242F4D34A
:101800008E4244D0B4F5006F44D302AC4FF48072E2
:10181000FF21204605F0F6FC08F1020208F580538E
:101820002A48934294BF01234FF40063424603EBDE
:10183000C72318184000134602321B888242D9B2CF
:101840004FEA13236354F6D10DF1070966550DF2E3
:10185000071A00254C464046FFF73AFF14F801CF1F
:1018600002220DF1060108EB4500631EBCF1FF0FDB
:10187000A3EB090306D043EA0C230135ADF806308B
:10188000FFF7B4FE5445E9D10E4B23F8175042B090
:10189000BDE8F08702A945EA0625022201340D8041
:1018A000FFF7A4FE074B23F8174042B0BDE8F087CE
:1018B000FFF730FE7BE77047FF21A1E7A2C60020BB
:1018C00005411004A8C40020C007060000003E30F7
:1018D00062B170B505460C468E182046013415F8E5
:1018E000011BFFF755FFA642F7D170BD704700BF3F
:1018F000704700BF36285CD8DFF808C1000170B51A
:101900005CF80030DFF800E173455BD052D8B3F1EA
:10191000844F55D0AEF5804E734549D1344E604466
:10192000344CDFF8E8C0C4F8B4C2D0E9015CC06848
:101930004FF0E02E4FF00054042ACEF8104137D873
:10194000D3F814E02EEA000EC3F814E04FF0050EB1
:10195000C5F800E0DCF800E04EF4803ECCF800E092
:10196000D3F804C02CEA000CC3F804C0DFF8A0C010
:101970005CF822C090FAA0F2B2FA82F246F8221085
:1019800022D0D9690F2A21EA0001D96120DC520056
:101990004FF0030ED9680CFA02FC0EFA02F221EAAB
:1019A000020242EA0C02DA6098615A6902435A6103
:1019B00070BD7047DFF85CE07345F9D10E4EAEE7BD
:1019C0000E4EACE70E4EAAE7DA690243DA61EBE7A6
:1019D000103A4FF0030E196952000CFA02FC0EFA8D
:1019E00002F221EA020242EA0C021A61DCE700BFBD
:1019F000205200200058002020530020A051002039
:101A0000A052002080410020008000422100000000
:101A10009C0B002000C0004208B5F4F723FEF5F748
:101A20008DF901F0C5FEFAE7844641EA000313F0A0
:101A300003036DD1403A41D351F8043B40F8043BD5
:101A400051F8043B40F8043B51F8043B40F8043B98
:101A500051F8043B40F8043B51F8043B40F8043B88
:101A600051F8043B40F8043B51F8043B40F8043B78
:101A700051F8043B40F8043B51F8043B40F8043B68
:101A800051F8043B40F8043B51F8043B40F8043B58
:101A900051F8043B40F8043B51F8043B40F8043B48
:101AA00051F8043B40F8043B51F8043B40F8043B38
:101AB00051F8043B40F8043B403ABDD2303211D3D8
:101AC00051F8043B40F8043B51F8043B40F8043B18
:101AD00051F8043B40F8043B51F8043B40F8043B08
:101AE000103AEDD20C3205D351F8043B40F8043BD8
:101AF000043AF9D2043208D0D2071CBF11F8013BD6
:101B000000F8013B01D30B8803806046704700BF9B
:101B1000082A13D38B078DD010F003038AD0C3F1AA
:101B20000403D21ADB071CBF11F8013B00F8013B8C
:101B300080D331F8023B20F8023B7BE7043AD9D34B
:101B4000013A11F8013B00F8013BF9D20B78037020
:101B50004B7843708B7883706046704701F1FF3C8F
:101B600070B566464FF0000E01E00EF1010EB0FBBD
:101B7000F2F402FB1403092B03F1370598BF03F1BC
:101B800030059042204606F8015FEED201EB0E03CD
:101B900000225A70BEF1000F11D0481C70440CF1A5
:101BA00002021CF8014F10F8015DA1EB0C03521A60
:101BB0008CF80050013B047073449A42EFDB0846F6
:101BC00070BD00BF72B6EFF30583524CC4F8843089
:101BD0001EF0040F0CBFEFF30882EFF309824FF001
:101BE000E0234D4DD3F8280DD3F82C1DC4E9220174
:101BF000D3F8341DD3F8383DC4E924139369A834CD
:101C000044F8103CD36944F80C3C00F0CFF804EDE4
:101C1000020A02F057FA0B2344F8040C4FF0FF328B
:101C20003E4844F8283C2B68202104355A4042F3B2
:101C30000003013903EA000383EA5202F7D1A54207
:101C4000F1D1344BC3F8A820BFF34F8F4FF0E023FE
:101C50003149334AC3F8701FC3F8702FBFF34F8F59
:101C6000BFF36F8F2F4A02242F48D36E2F4943F4BE
:101C70004053D3660460D3692D4823F07F0343F0BB
:101C80004003D3610B68834240D8274D00204FF0BA
:101C9000E0234FF0FF3228600121C5F808012548F4
:101CA0000C460E46C5F80001C5F80811C3F880219E
:101CB000C3F88421C3F88821C3F88C21C3F890218C
:101CC00001E000F0CFF9D5F80C31002BF9D04F2C02
:101CD000C5F80C6104F10104F3D9174B0220174930
:101CE0004FF00042C1F840015A63D5F80C313BB9BE
:101CF000134814490C4A0163D2F80C31002BFAD076
:101D00004FF0E023104AC3F80C2DFEE7FFF752F91D
:101D1000BBE700BF00FF272080FF27202083B8ED0E
:101D2000A0FF272000C00F4000400840AC4C00201E
:101D3000803DCD0B009F240000900D4000002E4000
:101D400000800F40F100AD0B0400FA05094A08B508
:101D50000346106823B1034407498B4201D813603E
:101D600008BD05F071FB0C2203464FF0FF301A60EE
:101D700008BD00BF044F002000002820002070474D
:101D80004FF0FF30704700BF4FF4005300204B600E
:101D9000704700BF012070474FF0FF30704700BF11
:101DA00030BFFDE730BFFDE7FFF70CBF124AD2F8A6
:101DB00080305B07FBD5D2F880301048C3F30B238B
:101DC0000F4990ED007A07EE903A91ED006AB8EE77
:101DD000477A0C4AF8EEE77A0B4BD2ED006A77EEC1
:101DE000C77A93ED007AB8EE477A67EE867A87EE87
:101DF000A60A37EE400A704700810D4094C40020C7
:101E00009CC40020A0C4002098C4002000B521BBC1
:101E1000DFF8ACC0264B002A4FF0010048F28001E9
:101E200008BF8021CCF848301860002059601204A7
:101E3000CCF84C004FF0011C1E499860C1F8BCC1A1
:101E4000D1F8B0311C4843F48033C1F8B03102609E
:101E5000D1F8B031002BFBD100BD0904174B4FF076
:101E6000010C4FF0000E41F080019860C3F800C0F3
:101E7000596000F58051DFF848C0D96000F5005185
:101E8000CCF80CE0196100F5405100F58040CCF829
:101E90000830596107499861D1F8B03143F0010326
:101EA000C1F8B031D1F8B031002BFBD1B2E700BF9F
:101EB0002064002000002E4018C200204064002052
:101EC00000000020836B70B586460E4610461BB19D
:101ED000536843F40043536072B6DEF8342042B3D3
:101EE0001B4B1060D3F8B02132421ED1194C6568EB
:101EF00005E06268A2EB050CBCF5166F0BD2D3F8B7
:101F0000402142F48042C3F84021D3F8B811D3F8FD
:101F100040215204EDD5314007D10D4ACEE90201EE
:101F2000D2F8B0313343C2F8B031CEF8340062B6E3
:101F300070BD0749CEE90202D1F8B0313343C1F890
:101F4000B031CEF83000CEF8340062B670BD00BFBC
:101F500000002E40001000E070B5056B95B12B46D7
:101F6000002403E01B680134012B0CD05A681206D0
:101F7000F8D5036306462CB12846B36B2D68984705
:101F8000013CF9D170BD00220023C0E90C23F1E728
:101F900000B501BBDFF8A0C0234B0021234A4FF05E
:101FA000010E4FF001109960C3F800E0CCE9023156
:101FB0004FF0800CC3F804C0C2F8BC01D2F8B031B5
:101FC0001B4843EA0E03C2F8B0310160D2F8B031C9
:101FD000002BFBD100BD0904164BDFF85CC04FF0AD
:101FE000010E41F080019860104A596000F580515F
:101FF000C3F800E0D96000F50051CCF84830196111
:1020000000F5405100F58040596100219861CCF8FD
:102010004C10D2F8B03143F48033C2F8B031D2F86A
:10202000B031002BFBD1B7E72064002000002E4028
:1020300018C200204064002000000020074901224F
:102040000B78824023EA02030B7033B9044AD2F8BA
:10205000483123F08003C2F848317047A7C60020FA
:1020600000002E402DE9F047AC4C82B0D4F844611A
:10207000F507C4F8446150D5D4F8AC31002B47D0F3
:10208000A74D4FF00117DFF8C082DFF8C092C4F807
:10209000AC31D5E90A02D4F8403143F40053C4F816
:1020A0004031D4F840319904F5D5D4F8403123F4C7
:1020B0000053C4F84031C4F8B471D4F8B43113F00B
:1020C0000113FAD11FFA80FCC8F80030BCF5086F84
:1020D00000F0558100F29A8040F202318C4500F008
:1020E000AA8100F2AA80BCF1820F00F0FA81BCF54F
:1020F000817F00F0CB81BCF1800F40F09B8089484C
:1021000002210380FFF744FFD4F8AC31002BBED18D
:10211000824BD3F8BC41002C42D1700616D57F4BC0
:10212000D3F8AC21C3F8AC21D3F8BC21C3F8BC214F
:10213000D3F8B041002CFBD14FF0FF32C3F8B421EB
:10214000D3F8843101F03CF9774B1C60F40103D5DE
:10215000764B1B6803B19847B00103D5744B1B68DD
:1021600003B19847710708D56C4BD3F8843113F449
:10217000007348D06F4B01221A70684BD3F8483176
:102180001A060AD5330608D56B4A13782BB1013BE2
:10219000DBB21370002B00F03A8202B0BDE8F0878A
:1021A000DFF8A481C3F8BC41D8F80020144240F005
:1021B000AE815D4B1B681C40AFD01FFA84F8584DB0
:1021C000240C11D04FF0010994FAA4F7B7FA87F75D
:1021D00005EBC71009FA07F74030FFF7BDFEBC4317
:1021E000F2D1B8F1000F98D0012798FAA8F4B4FA08
:1021F00084F405EBC41007FA04F4FFF7ADFE38EAE7
:102200000408F2D189E74B4A1370B6E742F2210184
:102210008C4500F09D805FD8BCF5106F00F0B78052
:1022200040F621139C4505D1B2F5102F4FEA12411B
:10223000C0F0A381C4F8C07166E7BCF5A06F00F0E0
:10224000DC80ACF5D06CBCF1010FF3D83B4B596886
:102250000029EFD0000C1FFA82FE03E019690C334D
:102260000029E7D0B3F800C08445F7D1B3F802C025
:10227000F445F3D14FEA102C120CBCF1030F00F01F
:1022800087811B899A4228BF1A46B0F5007F40F02B
:10229000A781284B1B78002B40F0B581284929489D
:1022A0000192FFF7C1FBDFF89CA0019A2AF01F03FF
:1022B0000AEB0201BFF34F8F4FF0E020C0F8703FF0
:1022C00020339942FAD8BFF34F8FBFF36F8F1D4869
:1022D0001146FFF75DFE17E742F221239C4543D0EC
:1022E00042F221339C45A5D10023C5F84890EB6408
:1022F000C9F808300123C9F800308023C9F8043038
:10230000C4F8BC71D4F8B03143F48033C4F8B031B0
:10231000D4F8B031002BFBD1F6E600BF00002E4010
:10232000000000205CC400201CC2002054C6002015
:1023300058C60020B3C60020B5C60020B045002016
:10234000982000600000202018C200202064002097
:10235000110C07297FF46EAFAF4BC3E900020122D5
:10236000AE48FFF753FDCFE692B2002ABCD1AC4B8A
:10237000000C1A68AB4B1A60AB4B1870B4E7AB4B50
:102380000121AB481B780370FFF702FEBCE6000C8E
:10239000A649A84A08704FF0C8110193C4F8C82193
:1023A000C4F8CC11C4F8D021C4F8D421C4F8D82181
:1023B000C4F8DC2101F006F800F082FB00F0CCFD4F
:1023C00000F042FA9C4A0121019BAA64116080211D
:1023D000936051604FF00112EB64C4F8BC21D4F853
:1023E000B02142F48032C4F8B021944AC8F80030D9
:1023F000D2F8B031002BFBD186E68F4AEB649360B4
:102400000123AA641360802353604FF001138B4AA9
:10241000C4F8BC31D4F8B03143F48033C4F8B031DF
:10242000D2F8B031002BFBD1030C5B0643F0807374
:10243000C2F8543168E612F0780F7FF4FBAE02F078
:102440007F017F4B12F0800F53F8212014BF42F41C
:10245000803242F0010243F821200021764BE964EA
:1024600099600121AB6419608021744A59604FF072
:102470000113C2F8BC31D2F8B03143F48033C2F852
:10248000B031D2F8B031002BFBD13DE612F0780F1D
:102490007FF4D0AE02F07F01694B12F0800F53F849
:1024A000212014BF22F4803222F0010243F82120BF
:1024B0000021614BE96499600121AB6419608021BE
:1024C0005E4A59604FF00113C2F8BC31D2F8B03106
:1024D00043F48033C2F8B031D2F8B031002BFBD1D5
:1024E00012E612F078037FF4A5AE554902F07F00A2
:1024F00051F820004E490B8013063BD5C20301D58D
:1025000001230B7002214A48FFF742FDFCE500223F
:10251000414942F22100C8F80020D1E9002591B2DA
:1025200081423AD0474B9A427FF443AE464B9D429C
:102530007FF43FAE394A0021444B1278444D1A7063
:1025400001233D4A13608023916053603B4BC5E9F2
:1025500002214FF00112C3F8BC21D3F8B02142F0A0
:102560000102C3F8B021C8F80010D3F8B021002A46
:10257000FBD11EE6C307C5D5C2E7274BC3E900025E
:10258000264AE923104613700122FFF73FFCBBE502
:102590000B789A4228BF1A4681E6A9B20029C1D118
:1025A0001E492C4F03C9B98086284FEA1141386073
:1025B000B971B7D172B62848017841F04001017075
:1025C000D3F848110F0606D441F080018020C3F8EB
:1025D0004401C3F8481162B6204B50211970A1E79D
:1025E000B0F5E06F7FF45BAE1D4B1B786BB91D49F6
:1025F000DFF878A001925046FFF716FA07238AF811
:102600000130019A52E6174949E61749F0E70620DA
:10261000FFF714FD0BF092FC28A4002010C200204C
:102620002CC5002044C60020B1C60020B2C6002040
:102630005CC400200200CC002064002000002E407A
:10264000C0012E402109000202000100A3C60020A3
:10265000000000203CC60020A7C60020B5C6002010
:10266000B3C60020482100609820006000002020B0
:102670002DE9F043441E83B0062C02D903B0BDE817
:10268000F083124D90460F46C60105EBC0143C2264
:1026900000210190201D994604F0B4FDB8FA88F29B
:1026A0003904520941EA42710122A951C4F8389013
:1026B000A260B9F1000FE1D00549019B9A400B6877
:1026C0001A430A6003B0BDE8F08300BF0000002099
:1026D0001CC200202DE9F04300F1FF3E83B0BEF1A3
:1026E000060F02D903B0BDE8F0839146C201124F34
:1026F000884602F1400605463C220021F419019368
:10270000201D04F07FFDB9FA89FC4FEA0842019BC5
:102710004FEA5C1C42EA4C72BA510122A363A260E8
:10272000002BDFD0054905F110000B6882401A43E9
:102730000A6003B0BDE8F083000000201CC2002046
:1027400012044FF0010C816042F08002C0F800C01A
:10275000C36101F5805C01F54053426001F5005210
:1027600001F58041C0F80CC08161C0E904237047C5
:10277000431E062B00D9704700F1100C064B0A4689
:1027800003EBC01000B54FF0010E0EFA0CF15DF82E
:1027900004EBFFF797BB00BF40000020431E062B51
:1027A00000D970474FF0010C034B0A460CFA00F1B8
:1027B00003EBC010FFF786BB0000002040687047A5
:1027C000144B0A22DFF850C0D3F8200220F07F40DB
:1027D00000EB800300B55B0085B0604538BF18464C
:1027E0006946FFF7BBF9DFF834C06B46002260464C
:1027F00019780132013341B10A2A20F8021FF7D1BA
:1028000016228CF8002005B000BD52008CF8002084
:1028100005B000BD00441F4080969800B4540020CD
:1028200000F0EEBE00F0BCBE00F022BF00F0DABE49
:1028300000F070BF00F04ABF0846114600F03CBFF0
:10284000084600F025BF00BF80220021064810B5D1
:1028500004F0D8FC002305480C211A460370072019
:10286000BDE81040FFF736BF60650020ACC6002011
:102870002DE9F047304E3378002B58D0DFF8DCA03C
:102880002E4C2F4D9AF80090D5F8008004EB491497
:102890002C4F0CE03B78002B49D12B68A3EB0803AD
:1028A0001E2B42D83378002B41D000F081FF204608
:1028B000FFF784FF10F08000ECD12349234B3870E0
:1028C00048681B681B0CC3EB0312214B22F000422B
:1028D000A3FB0232120A4B681B1A9A42FBD81D4D09
:1028E00000231D4A05EB491507CA85E807000C229D
:1028F00029462046FFF724FFBFF34F8F4FF0E02318
:10290000C3F8705FBFF34F8FBFF36F8F072021466F
:10291000FFF72EFF09F101090020B9F1030F88BF6D
:1029200081468AF80090BDE8F08701233B704FF0A4
:10293000FF30BDE8F08700BFB2C600206065002010
:102940002CC50020A8C60020001000E0AC4C0020E0
:1029500011239708C000202048C60020ACC60020E4
:102960002DE9F04F334E83B03378002B5CD0DFF885
:10297000E4A08346304C9AF80090304D04EB4914A3
:102980002F4FD5F8008001910CE03B78002B4BD104
:102990002B68A3EB0803322B44D83378002B43D0A9
:1029A00000F006FF2046FFF709FF10F08000ECD191
:1029B0002449254B387048681B68244D1B0CC3EB19
:1029C000031222F00042A5FB0252120A4B681B1AA6
:1029D0009A42FBD81E4D019B05EB491518685968B2
:1029E0002A46002303C2082229462046FFF7A8FEF4
:1029F000BFF34F8F4FF0E023C3F8705FBFF34F8FEB
:102A0000BFF36F8F58462146FFF7B2FE09F1010967
:102A10000020B9F10B0F88BF81468AF8009003B0FF
:102A2000BDE8F08F01233B704FF0FF3003B0BDE8ED
:102A3000F08F00BFB2C60020E06500202CC500204A
:102A4000A9C60020001000E0AC4C0020112397081C
:102A500040012020ADC6002017494FF0000C0A8825
:102A60004B8862F3070CC2F3012200B542EA8302ED
:102A7000B1F804E0C3F38313C988CEF3051062F301
:102A80000F2C43EA0E1383B040EA81108A0863F3E7
:102A9000174C0A4B694660F31F6C8DF804201A88A6
:102AA00005209B78CDF800C0ADF805208DF80730E3
:102AB000FFF756FF03B000BD68A4002070A40020FB
:102AC00010B54FF4C0720021094804F09BFB0023AD
:102AD000084808211A4603700420FFF7FBFD002375
:102AE000082105201A46BDE81040FFF7F3BD00BFDE
:102AF000E0650020ADC600200C4B00220C4800B55C
:102B000083B090F800C018888DF8012069465A8873
:102B10009B88ADF8020004208DF800C0ADF80420B9
:102B2000ADF80630FFF71CFF03B000BD60A4002025
:102B3000A4C6002000B551B1144A137831EA030C41
:102B400005D00B431370C8B14FF0010E02E0C8B1BD
:102B50004FF0000E0E4A02F1060C134619780133AD
:102B6000814208D09C45F9D100231178013251B13E
:102B70000133062BF9D1BEF1000F03D05DF804EB51
:102B8000FFF7BABF00BD024AD054F7E7A4C6002041
:102B900060A4002008B51B4B00201B4903F1060C64
:102BA0000A780870197803F8010B634542EA0102BC
:102BB000F8D102BB154B002203F1080E104619880C
:102BC0004FF0000C23F8020B002918BF42F001025D
:102BD0007345F4D10E4B93F800E05978188041EA20
:102BE0000E01987883F802C0084318BF42F0010232
:102BF000D2B21AB908BDFFF77FFFDBE7BDE8084096
:102C0000FFF72ABF60A40020A4C6002068A400200B
:102C100070A40020B0F5424F00B519D3030ADF2B92
:102C200015D9F02B5ED0E02B4ED0E22B70D01C33A8
:102C3000DBB2032B0BD8C0F3090040B10022444B98
:102C400019880233814277D00132042AF8D100BDBD
:102C50001F2819D80A2842D00B28F8D100222B208F
:102C60003C4B4FF0000E03F1060C13F8011B8142A0
:102C700002D1012203F801EC9C45F6D1002AE6D0EE
:102C80005DF804EBFFF738BF7F28E0D8324B0344F0
:102C900013F8203C002BDAD003F03F0013F0400380
:102CA00003D10028D3D01A46DAE72C490B7813F069
:102CB000020206D023F002030B700028E0D00122AC
:102CC000CEE70028CCD100BD10F0FF02BFD02349D1
:102CD0000B781A42BBD023EA00030B70D0E7002226
:102CE0002820BDE710F0FF00B1D01A4B4FF0000CC8
:102CF000991DE64613F8012B904203D14FF0010CC9
:102D000003F801EC9942F5D1BCF1000FB8D19EE770
:102D100010F0FF009BD0124B1A78824214D05A78E0
:102D2000824213D09A78824291D102220021995492
:102D30005DF804EBFFF790BE002305495DF804EB56
:102D400021F81230FFF788BE0022EFE70122EDE7FD
:102D500068A4002060A4002018450020A4C600201C
:102D600070A40020B0F5424F24D3030ADF2B27D9EB
:102D7000F02B48D0E02B37D0E22B48D01C33DBB20D
:102D8000032B1DD8C0F30900D0B1314A00B502F1C0
:102D9000080C9646134619880233814209D09C4597
:102DA000F9D1002311880232002947D00133042BC6
:102DB000F8D100BD1F2804D80A2821D00B2810D034
:102DC00070477F28FCD8234B034413F8200C0028BD
:102DD000F6D0C0F3801100F03F004900C9B2FFF700
:102DE000A9BE2B200021FAE710F0FF00E8D01A4B13
:102DF0001A7830EA0201E3D010431870FFF77CBE66
:102E000028200021EBE70021C0B2FFF793BE10F0AD
:102E1000FF00D5D0114B19788842D1D05A78904212
:102E2000CED093F802C06045CAD079B162B1BCF18E
:102E3000000FC5D102229854FFF70EBE2EF81300E2
:102E40005DF804EBFFF708BE0122F4E70A46F2E75B
:102E500068A4002018450020A4C6002070A400200B
:102E60002DE9F04F334E83B03378002B5DD0DFF87F
:102E7000E4A08346304C9AF80090304D04EB49149E
:102E80002F4FD5F8008001910CE03B78002B4CD1FE
:102E90002B68A3EB08031E2B45D83378002B44D0B6
:102EA00000F086FC2046FFF789FC10F08000ECD192
:102EB0002449254B387048681B68244D1B0CC3EB14
:102EC000031222F00042A5FB0252120A4B681B1AA1
:102ED0009A42FBD81E4D5946019E05EB49153246D4
:102EE0002846FEF7A1FD3246002329462046FFF77B
:102EF00027FCBFF34F8F4FF0E023C3F8705FBFF3A1
:102F00004F8FBFF36F8F06202146FFF731FC09F189
:102F100001090020B9F1030F88BF81468AF80090AB
:102F200003B0BDE8F08F01233B704FF0FF3003B0DA
:102F3000BDE8F08FB2C60020606700202CC50020DD
:102F4000AAC60020001000E0AC4C00201123970816
:102F5000C0022020AEC6002080220021064810B505
:102F600004F050F90023054808211A460370062092
:102F7000BDE81040FFF7AEBB60670020AEC6002082
:102F8000B0F1000C4FF0000010B518BF4FF0010C6D
:102F900082B0DFF854E0ADF80200ADF804004CF068
:102FA00004009DF81040002918BF844668464CF084
:102FB0000201002A18BF8C4601214CF008028DF84E
:102FC00000100621D2B2002B18BF94464CF010031B
:102FD000DBB2002C18BF9C468EF800C08DF801C0F3
:102FE000FFF73EFF02B010BDB4C6002000B54FF0A1
:102FF000010C83B08DF800C0DFF844C09CF800C01D
:103000008DF801C06FF07E0C6045B8BF6046614529
:10301000B8BF614662458DF802006846B8BF624697
:1030200063458E464FF00601B8BF63468DF8042015
:103030008DF803E08DF80530FFF712FF03B000BDF7
:10304000B4C6002070B5164D4FF0E02415494FF47A
:103050000032154E05EB401582B001EB4021C4F85B
:103060008C210346328828460191FFF769FB0199BC
:1030700033880B44BFF34F8FC4F85C1F20318B4261
:10308000FAD8BFF34F8FBFF36F8F03202946FFF7A6
:1030900085FB4FF40033C4F80C3102B070BD00BFA3
:1030A00060640020400320206EC60020264B1A8852
:1030B0004368C3F30E43D21A002AF0B5C46983B043
:1030C00028DD2248224D01782D78CBB2DFF894C05C
:1030D000A942204D09D01CF803100F4635F81110F5
:1030E0000E46C1F500718A421AD90133002125F834
:1030F0001420082B184D88BF0B4625F8141098BFD4
:1031000019460CF80340154B017019680A441A60FF
:1031100003B0F0BD204603B0BDE8F040FFF792BF1A
:103120000F4906EB47200192084401EB4421FEF7CA
:103130007BFC019A09492046B31825F817300B6823
:1031400013440B60E7E700BF6EC60020A5C6002051
:10315000A6C6002068C4002078C4002064C40020F3
:103160004003202088C40020224B1A78002A3FD137
:1031700002F0FF03204A1278002A39D01F4A128831
:10318000002A35D01E49C2F5006210B5087884B017
:103190001C4901EB40141C4901EBC0212046CDE93C
:1031A00002230191FFF7CCFADDE901120A44BFF3D3
:1031B0004F8F4FF0E020039BC0F8701F20318A42F0
:1031C000FAD80193BFF34F8FBFF36F8F03202146CF
:1031D000FFF7CEFA0A480021084B02781980013225
:1031E000019BD2B2032A98BF1346037004B010BDEE
:1031F000704700BFB0C60020B2C6002070C60020D5
:10320000AFC60020E0670020401320202DE9F04FDA
:1032100087B00490002900F0BF8000235F4C604F0E
:103220004FF00109DFF890A15E4E029303915E4BCF
:103230005E4A1D783B8802EB451284F800900192AB
:10324000002B40F0A58098461D469B460198FFF74D
:10325000B5FA10F0800000F08B80BFF34F8F9AF822
:10326000003084F800B00DB9D6F80080002B7BD177
:103270003368A3EB0803782B00F283804C4B1B7858
:10328000002B71D000F094FA3B88012584F800905F
:10329000002BDBD044491A46C3F500600D78039932
:1032A00000EBC520DFF814B19142584417D20593C2
:1032B000DDE903210192FEF7B7FB019A4FF040418F
:1032C000059B9B1A3B803B4BC3F88410BFF34F8F89
:1032D000029800231044237007B0BDE8F08F0499D2
:1032E000FEF7A2FB00230BEBC5214FF4006201980F
:1032F000FFF726FA0BEBC521BFF34F8F01F1200238
:1033000001F50063934294BF012340234FF0E02274
:1033100001EB4313C2F8701F20318B42FAD1BFF387
:103320004F8FBFF36F8F03200199FFF721FA1E4AD9
:1033300013780133DBB2042B28BF002313703B88C2
:10334000039AD11A029A1A4403910292049A1A44D7
:1033500000230492174A3B80C2F88430BFF34F8F9A
:10336000237000297FF463AF029807B0BDE8F08FA7
:103370004FF400620C4B8AF800001D7813463A8027
:103380008DE7012302988AF8003007B0BDE8F08F7E
:103390001A46C3F5006082E70846E6E7B0C600209B
:1033A00070C600202CC50020AFC60020E0670020BA
:1033B000B2C6002000002E40ABC6002040132020E3
:1033C000704700BF2D4B002180222D4870B51B781F
:1033D00000242C4E8B420CBF40234FF400732A4D27
:1033E00033802B8003F00EFF284A2146284B1470AF
:1033F0004FF4807227481C8003F004FF264A1021F6
:10340000264B0220C2E90044C2E90244244AC3E92F
:1034100000441470234AC3E90244234B1C70234622
:1034200014602246FFF756F9204B224631880320CC
:10343000FFF71EF92346012229880320FFF74AF9E6
:1034400020460134FFF7FEFD082CF9D1184B00216E
:103450004A221848184C0460C3F88410C3F880202E
:10346000D3F84821154942F08072C3F8482121B1B0
:10347000134A137843F00103137070BDB3C60020E4
:10348000E06700206EC6002072C60020AFC6002094
:1034900070C600206064002068C4002078C400204A
:1034A000A5C6002064C40020A6C60020A90E020004
:1034B00000002E4054C60020650F020000000000EE
:1034C000B6C600202DE9F84F4FF400324FF0E0234C
:1034D000C3F88C212B4B1C78002950D082468B4698
:1034E000E4B20027DFF8B490274B5046274AABEBF5
:1034F00007081B78A34204F1010437D0092C244BA0
:10350000244928BF00241E5D39F8163031F81650C2
:1035100003EB4621ED1A1144A8452A4617D21E4C4A
:1035200042465046FEF780FA236839F8161058468E
:10353000A3EB0B0388443B4429F8168023604FF02B
:10354000E0234FF40032C3F80C21BDE8F88FFEF7FA
:103550006BFA114A2F4430461368AA445B1B136070
:10356000084A1470FFF76EFDBB45BDD84FF0E0234D
:103570004FF400323846C3F80C21BDE8F88F0846F6
:10358000DDE700BFA6C60020A5C60020400320201E
:1035900088C4002068C4002064C4002078C40020CF
:1035A0000B4B0C4A12781978D3B28A420DD00133F2
:1035B00009480A4A092B0A4928BF0023C35C31F88D
:1035C000131002EB4323585C70474FF0FF307047F5
:1035D000A5C60020A6C6002088C4002040032020E5
:1035E00078C40020054B186800B1704700B583B05F
:1035F000019000F0DDF8019803B000BD64C4002024
:103600002DE9F84F144E154D33782A78934220D087
:10361000DCB2DFF85090DFF850B0DFF85080104F88
:103620000134082CA24601D90024A24619F804004E
:10363000DBF8003038F8102037F81010521A9B1AB7
:10364000CBF80030FFF7FEFC86F800A02B78A342F1
:10365000E6D1BDE8F88F00BFA6C60020A5C60020B1
:1036600078C4002088C4002064C4002068C40020FE
:1036700000B583B001210DF10700FFF723FF18B15A
:103680009DF8070003B000BD4FF0FF30FAE700BF20
:10369000084B00B583B01B788DF8070033B10121CA
:1036A0000DF10700FFF7B2FD03B000BD03F0FF000E
:1036B00003B000BDB2C60020034B1B780BB1FFF76F
:1036C000A5BD03F0FF007047B2C600202DE9F04110
:1036D00000240D4E01230D4DA0460D4F33703B7855
:1036E0002846A34205D0FFF769F8030658BF08F53E
:1036F000006801342035042CF1D1BFF34F8F002333
:1037000040463370BDE8F081B0C60020E06700207D
:10371000AFC60020204B1B7813B1204B1A8802B98A
:1037200070471F4BC2F500621E481F4930B51B7819
:1037300083B01E4C00EB431001EBC321012305466F
:1037400023700023CDE90012FEF7FAFFDDE9001235
:103750000A44BFF34F8F4FF0E023C3F8701F2031AE
:103760008A42FAD8BFF34F8FBFF36F8F03202946E9
:10377000FEF7FEFF0A49002208480B780280013359
:10378000DBB2042B28BF13460B70BFF34F8F074BE0
:103790001A7003B030BD00BFB2C6002070C6002052
:1037A000AFC60020E067002040132020B0C60020F4
:1037B0002E4B2DE9F0411E7886B1DFF8C88098F8CD
:1037C00000305BB90123F10788F8003040D4B2071C
:1037D00027D4002388F80030730701D4BDE8F081B6
:1037E000234B1A68002AF9D0EFF30582002AF5D19D
:1037F000EFF3108572B61868002830D01D4C217880
:1038000000292CD10122227042691A60002A2AD094
:10381000916105B962B600258368457798472570A0
:10382000DCE7154B1B78002BD3D0144F002557F83D
:10383000044F236820461B69984710B163699B6851
:1038400098470D4B01351A78EBB29A42EFD8C0E792
:10385000FFF7C8FE0028BAD0AFF30080B7E7002D0D
:10386000BCD162B6BAE7064B1A60D2E7B6C60020F2
:1038700050BC002090C6002092C60020FC630020AF
:103880005CBC002097C6002001207047B0F846308D
:10389000B0F848209BB292B2934202D2013AD01AB9
:1038A0007047416B01390A44D01A7047016972B6FA
:1038B000B0F84A20B0F84C3092B29BB29A423CBF6A
:1038C000806B1218C86AD31A62B6C0F3026018443B
:1038D000704700BFB0F84A100246B0F84C3089B2C9
:1038E0009BB2994210D00133906B116B984298BFF4
:1038F0000023994203D9126AD05CC0B270475B1AA8
:10390000526AD05CC0B27047D0F810C072B6B0F83E
:103910004A0080B2814201D062B6E4E7DCF82C3084
:1039200013F0E06F03D14FF0FF3062B67047DCF860
:103930001C0000214FF0010C136AC0F30900A2F82B
:103940004AC0A2F84C105870EFE700BFB0F84AC068
:103950000146B0F84C301FFA8CFC9BB29C4525D038
:10396000013310B5D1F838E09E4515D90A6B1C46D5
:103970009A4216D90A6AD25CD0B28A6DA1F84C403C
:103980004AB19C451DD3ACEB0303CC6B9C4202D3E4
:10399000CB6DC2F8883010BD00240A6B23469A42D2
:1039A000E8D8486A9A1A825CD0B2E6E762460069B3
:1039B00072B6B1F84AC01FFA8CFC624505D062B6F7
:1039C000CEE7E644AEEB0303DFE7C36A13F0E06F34
:1039D00003D14FF0FF3062B67047C069C0F30900F1
:1039E000F9E700BF90F8443043B110B50446FFF743
:1039F000DFFE94F84430002BF9D110BD704700BFB2
:103A000038B54369D3E90312096811422DD0016921
:103A1000044690F844200D4632B1FFF7C9FE94F8F1
:103A20004430002BF9D163690021104AA961207E3E
:103A300003EB0010007D02EB0010D0F804C005205D
:103A4000CCF8000094F819C003EB0C1393F8343051
:103A500002EB0312A36D52681060A4F84A10A4F898
:103A60004C1013B1E26DC3F8842038BD80410020B2
:103A700007EE901A9FED947A0421B6EE005AF8EE04
:103A8000677A9FED926A41F6FF7CC7EE275A2DE9CF
:103A9000F04315468E460122046907EE901AF8EEAF
:103AA000E77A85EEA77A77EE057AFDEEE77A17EEEC
:103AB000903A6345A8BF6346012BB8BF012307EEC8
:103AC000903AF8EEE76A76EEC76AC6EE877AF5EEC8
:103AD000C07AF1EE10FA01D5F1EE677AF4EEC67A0B
:103AE000F1EE10FA03D8B0EE676A8E461A4601313D
:103AF0002129D2D141690023866BB1F85870A0F812
:103B00004A30F71BA0F84C30A0F84630C763B1F834
:103B10005A70A0F84830F61B80F844300664D1E9AA
:103B200003763B683343AE053B60C5F340238376A1
:103B300000F1A580077EDFF8C08101EB0717644B19
:103B400097F814C0D7F81C9008EB0C1CDCF8086040
:103B5000DCF804C03360BB69CCF80030B9F1000F69
:103B600002D03F6AC9F80070477ED92301EB0717DE
:103B700097F834C008EB0C1CDCF808603360BF6BAE
:103B8000DCF804301F60437E01EB0313DF6B0FB1E1
:103B90001B6C3B60BEF1080F0EF1FF3CCCBF4FF039
:103BA000000E4FF0010E42EA4E434FEA0C6202F063
:103BB000F8521343002223614B7849681033E260C6
:103BC000444A42F8231042694FF0010E424905F081
:103BD000030C5778B2F85620404B7A544FF0021736
:103BE00041694A7803EB521302F01F029B000EFA60
:103BF00002F21A60E762A36A43F08803A3626B07CC
:103C000034D44CF47013AF06827E2AD543F080532F
:103C1000002A3CD12E07A36103D5236943F000534A
:103C200023616369EA0654BF23F0805343F0805355
:103C30006361EB0503D5236943F4005323618B686B
:103C40006BB1274D2C78002C3CD0264B03EB840124
:103C500001E08B422AD053F8042F9042F9D1BDE8FD
:103C6000F083002AD6D043F0A003D3E705F00F037A
:103C7000042B14BF1C4B1D4B4CEA0303C3E7477EC8
:103C80004FF2D903DFF8708001EB071770E7427E2F
:103C900043F0A00301EB021292F8342008EB021665
:103CA000B668326822F440423260B3E7611C104AC1
:103CB000104B297043F82400137843F0020313706B
:103CC000BDE8F0830121F2E7001BB74BEC78AD6053
:103CD00038F001000058002000E400E040380038CF
:103CE00092C60020FC63002010003C0010003C4005
:103CF000B6C600200064002080410020EFF313804E
:103D0000B8B9EFF310834BB9EFF305823AB94FF42A
:103D10008073EFF3118050B1984208D270470F2A98
:103D200002D8EFF311827047034B9B5CF1E7184612
:103D300070474FF0FF30F1E7F0E300E0036D2DE94D
:103D4000F04188460446066913B1426DC3F88420E9
:103D5000A37E2BB172B6B36943F00053B36162B670
:103D6000B4F84650636BADB20135AB424CD8002776
:103D70003D46B4F848309BB29D4219D029E07369A2
:103D80001B0210D5B4F84830626B9BB201339A42E3
:103D900037D91A46E16A99422ED9E169CB5CDBB288
:103DA000F361A4F84820B4F848309BB2AB4210D17C
:103DB000FFF7A4FF6369B3F856308342DFDAB0F54A
:103DC000807FF0D1FFF7F4FCB4F848309BB2AB42EF
:103DD000EED0E26AAA4219D9E26902F8058072B609
:103DE000012084F84400A4F84670B36943F400034A
:103DF000B36162B6BDE8F0815B1AA16ACB5CDBB24D
:103E0000CEE700221346C5E72F46B2E7AD1AA26AF5
:103E100002F80580E3E700BFFFF790BF026953692E
:103E200013F4401F70B537D0D36A13F0E06FC3F3BB
:103E3000026E2ED0B0F84A40B0F84C30A4B29EB218
:103E4000D2F81CC0631CB0F84C10856BCCF3090C85
:103E500089B29D4298BF0023994208D0016B9942D4
:103E6000A3EB010166D9016A01F803C01C460EF1FB
:103E7000FF3313F0FF0EE3D1836DA0F84A4043B146
:103E8000B4425BD3A41B016CA14202D8C16DC3F83C
:103E900084105369DD0248D4D2F818E01EF4000FF4
:103EA00028D053691C0225D5B0F846C0B0F8483078
:103EB0001FFA8CFC9BB206E0C169C95CC9B2D16132
:103EC000D16A490512D463453CD0446B0133C16AC1
:103ED0009C4298BF00239942A3EB0104ECD8816A6D
:103EE000095DC9B2D161D16A4905ECD56345A0F835
:103EF000483029D01EF4800F16D053695B0213D5C9
:103F00000021036D80F8441013B1416DC3F888108F
:103F1000837E2BB172B6936923F00053936162B62E
:103F2000936923F48003936170BD536943F4801354
:103F30005361B1E7446A04F801C097E7816B891BBC
:103F40000C44A0E7A0F84830936923F40003936180
:103F5000936943F480039361CCE700BF10B500235D
:103F60004FF470440F224FF4806EA0F88C41194634
:103F7000A0F88E214FF46044A0F890310A46B0F8C2
:103F8000883148F2B82C43F0F003A0F8883101EBF7
:103F90004103013100EB431304299C80A3F806E0A0
:103FA0005A841A865A805A81A3F80EC05A82DA823D
:103FB0005A83DA83EBD1B0F8883143F00F03A0F8CD
:103FC0008831B0F8883143F47063A0F8883110BDAF
:103FD000374B384A996F384841F47F0170B599677B
:103FE00041F20106D3F8801045F6C05543F226048D
:103FF0000A43C3F88020FFF7B1FF00F58040FFF7C8
:10400000ADFF00F58040FFF7A9FF00F58040FFF706
:10401000A5FF0022A0F503104FF00F0E114600EB94
:1040200042134FEA421C01329981042A5981A3F8B4
:104030000EE09E82DD8020F80C1019829C81EED16A
:1040400000221E484FF00F0E41F20106114645F6C0
:10405000C05543F2260400EB42134FEA421C0132E2
:104060009981042A5981A3F80EE09E82DD8020F810
:104070000C1019829C81EED1002211480F2641F2CA
:104080000105114645F6C05443F2260E00EB4213DB
:104090004FEA421C01329981042A5981DE819D82B6
:1040A000DC8020F80C101982A3F80CE0EED170BD72
:1040B00000C00F40000003FC00C03D4000001E4057
:1040C00000401E40074A506A936A19468446506A67
:1040D000936A9942F9D18445F7D1DB0B43EA40401A
:1040E000704700BF00400D4008B5D0E900325BB119
:1040F000BAB10F4BA3FB0213DB0803EB4303B2EB94
:1041000083030AD1012008BD094BA3FB0213DB087E
:1041100003EB4303B2EB830301D0D21A4260F02ACF
:10412000F0D803F091F91C22034600201A6008BD64
:10413000ABAAAAAA30B583B060B3044621B11D462C
:10414000B2FA82F35B09A2B9206818B362680AB3B5
:10415000164B174902FB03F3B1EBB30F1AD3A36855
:10416000FBB9002323606360A360E360012003B018
:1041700030BD0193069BC0E90012C360FFF7B4FF96
:1041800060B1002DF2D0626801992068A56003F04B
:1041900039F8EBE703F058F916230360002003B069
:1041A00030BD002103F02EF8DBE700BFABAAAAAABE
:1041B0005555551500B52DED028BB0EE408A83B0F4
:1041C00000F066FBB4EE488AF1EE10FA06D6DFED99
:1041D0000C7AB4EEE78AF1EE10FA03D403B0BDEC2A
:1041E000028B00BDCDED017A03F02EF9DDED017AF1
:1041F00087EEA70A2123036003B0BDEC028B00BD4C
:104200000000000082B08DED010A019AB2F17E5FDC
:1042100039D0A2F50003B3F1FE4F38D2BFEE000B48
:1042200002F140432A4903F54D03C3F3C34001EBB8
:10423000001091ED404B91ED445B91ED467B91ED8B
:10424000426BD90DC90590ED002B521A03EE902A4E
:1042500090ED021BDB15B7EEE33AA2EE030B03EE83
:10426000903A20EE002BA5EE007BB8EEE33BA6EEE5
:10427000027BA3EE041B30EE010BA2EE070BB7EEA0
:10428000C00B02B070479FED130A02B07047530095
:1042900017D0B2F1FF4F18D0002A0DDBB3F17F4FDA
:1042A0000AD2DFED0D7A9DED017A67EE277A17EEDF
:1042B000902AA2F13862B1E79DED010A02B000F048
:1042C000D7BA012002B000F0C1BA9DED010AD8E7CB
:1042D00048050020000000000000004B10EE101AFE
:1042E00010EE902AA1F5000C5000BCF1FE4F00F139
:1042F000FF336FF0807C7ED2634538BF002080F0B2
:10430000B980BFEE001B01F1404303F54D03C3F339
:10431000C3426FF31603C91A07EE901ADB15B7EE06
:10432000E75A07EE903AAF4B03EB021292ED024BC5
:1043300092ED002B00B5A2EE051B93ED403B93EDF3
:10434000426B93ED442BA1EE036B93ED465BB8EE0D
:10435000E77B37EE047B93ED484BA1EE025B2DED3E
:10436000028BA1EE047B21EE018BB7EEE00A28EE72
:10437000083BA8EE057BA6EE037B20EE077B17EE3D
:10438000903A48F2BF01C3F3CF338B4283B04CD293
:10439000B7EE000B944B93ED402B37EE023B13EE40
:1043A000102A33EE423B02F01F01801803EBC102DA
:1043B00093ED424B37EE437B53F831C0D2F804E023
:1043C00093ED446B93ED465BA7EE046B27EE074B32
:1043D000002111EB0C020EEBC033A7EE050B43ECF2
:1043E000172BA6EE040B20EE070BB7EEC00B03B0A5
:1043F000BDEC028B00BD634580F0B1804B00581EC0
:10440000604580F0938000294BDB0020B1F5000F60
:10441000BFF477AFDFED757A20EE270A10EE103A81
:1044200023F00043A3F138616BE79FED666BB4EEB8
:10443000C67BF1EE10FA16DC9FED646BB4EEC67B22
:10444000F1EE10FA43DD4FF04C53002860D0019399
:10445000DDED016ABFEE006A76EE666AF4EE466A4A
:10446000F1EE10FA94D003B0BDEC028B5DF804EBD2
:1044700000F0E6B9002869D0B1F17E5F3FD0B0F11D
:104480007F4F69D14B00B3F1FE4F6FEA020234BF98
:1044900000230123D20F934200F08F809FED540A36
:1044A0007047C2F3C7537E2B27D9962B64D80120BF
:1044B000C3F1960300FA03F3581E10421DD11342B4
:1044C00014BF01200020000421F000419EE79FED71
:1044D000416BB4EEC67BF1EE10FA30D99FED3F6B25
:1044E000B4EEC67BF1EE10FA7FF552AF03B0BDEC2F
:1044F000028B5DF804EB00F09DB900F0B9B982F4CD
:1045000080035B0013F5000F26D8B7EE000A704752
:104510000093DDED006AB7EE006A76EE866AF4EE8F
:10452000466AF1EE10FA3FF433AF9CE7002920EE23
:10453000000A23DB0020BBBB9A423CDB704703B080
:10454000BDEC028B5DF804EB00F06EB981F48003E2
:104550005B0013F5000FD8D930EE200A7047002811
:10456000F4D04B00B3F17F4FF6D8B0F17F4FF3D1C9
:10457000B3F1FE4F87D1C8E70020A5E7C2F3C751CA
:10458000A1F17F001728D5D8C1F19600012101FAC9
:1045900000F000F1FF3C1CEA020FCBD11040CAD062
:1045A000B1EE400A0846C6E7002AC7DAF7EE007AFD
:1045B00087EE800A704700F049B920EEA00A7047E4
:1045C000AFF3008071D5D1FFFFFF5F40E2AAA3FFE8
:1045D000FFFF5F400000000000C062C0000000005C
:1045E00000A062C058070020000400200000004B1B
:1045F0000000000010EE102AC2F30A53B3F57D7FCD
:10460000B7EEC07A1ED2B3F5667F72D327EE077B72
:1046100027EE071B734B93ED142B93ED125B93ED79
:104620000E3BA7EE025B27EE012B93ED0C6B93ED97
:10463000104BA7EE036BA1EE046BA5EE026BB7EE79
:10464000C60B704740F22E418B4255D8654A92ED19
:10465000086B27EE066BFDEEC66B92ED0A5B16EE5D
:10466000903A03F500031B16990706EE903A54BFE3
:10467000114602F17001D807B8EEE66BA6EE457B55
:1046800027EE076B1CD503F0030302EBC30291ED89
:10469000185B92ED000B91ED1A3B27EE000BB0EE8C
:1046A000457B91ED164BA6EE037B20EE065B26EED6
:1046B000056BA5EE040BA7EE060BB7EEC00B70471B
:1046C00091ED144B26EE065B91ED127B91ED0E2BD6
:1046D000A6EE047B26EE054B91ED0C0B91ED103B05
:1046E000A6EE020BA5EE030BA7EE040BB7EEC00B74
:1046F0007047B7EE000A7047B3F5FF6F53D2C2F3AD
:104700008361394B03EB810C53F82110C2F316037C
:10471000C2F3C25043F4000310B58340DCF820001C
:10472000DCF810C003FB01F1A3FB00E0E3FB0C018C
:1047300001F1005382B09C0F03F04043C91A8DED84
:10474000010A00F03DFA019A9FED246B04EBD2724E
:1047500041EC170B900754BF224B244B27EE067BEE
:10476000E10727EE076B20D51E4902F0030201EB9B
:10477000C20293ED185B92ED000B93ED1A3B27EE0E
:10478000000BB0EE457B93ED164BA6EE037B20EEBF
:10479000065B26EE056BA5EE040BA7EE060BB7EE47
:1047A000C00B02B010BD00F063B893ED144B26EEC1
:1047B000065B93ED127B93ED0E2BA6EE047B26EEAB
:1047C000054B93ED0C0B93ED103BA6EE020BA5EE03
:1047D000030BA7EE040BE2E7AFF30080182D44545F
:1047E000FB21193C80080020FC3F0020F00800203D
:1047F00010B582B08DED010A044602F025FE9DED54
:10480000010A046002B010BD30B1F1EE407A27EE2B
:10481000800A2220FFF7ECBFF0EE407A27EE800AF4
:104820002220FFF7E5BF00BF9FED010AFFF7ECBFB5
:10483000000000109FED010AFFF7E6BF0000201AFC
:104840009FED010AFFF7E0BF000000709FED070A2F
:10485000F7EE007ABFEE007A00284FF0220047FE04
:10486000877A87EE800AFFF7C3BF00BF0000000011
:1048700070EE407AB4EE400A87EEA77AF1EE10FAB5
:10488000B0EE470A02D62120FFF7B2BF704700BF43
:10489000B1EEC00A704700BF03460846194602F051
:1048A0003DBA00BF81F0004102E000BF83F0004349
:1048B00030B54FEA41044FEA430594EA050F08BFBB
:1048C00090EA020F1FBF54EA000C55EA020C7FEA7F
:1048D000645C7FEA655C00F0E2804FEA5454D4EBFC
:1048E0005555B8BF6D420CDD2C4480EA020281EAC6
:1048F000030382EA000083EA010180EA020281EAFE
:104900000303362D88BF30BD11F0004F4FEA01314F
:104910004FF4801C4CEA113102D0404261EB41015E
:1049200013F0004F4FEA03334CEA133302D05242E4
:1049300063EB430394EA050F00F0A780A4F10104A0
:10494000D5F1200E0DDB02FA0EFC22FA05F28018DA
:1049500041F1000103FA0EF2801843FA05F35941C0
:104960000EE0A5F120050EF1200E012A03FA0EFC3F
:1049700028BF4CF0020C43FA05F3C01851EBE37169
:1049800001F0004507D54FF0000EDCF1000C7EEB86
:1049900000006EEB0101B1F5801F1BD3B1F5001FC4
:1049A0000CD349085FEA30004FEA3C0C04F10104E3
:1049B0004FEA445212F5800F80F09A80BCF1004F0C
:1049C00008BF5FEA500C50F1000041EB045141EA8E
:1049D000050130BD5FEA4C0C404141EB0101013C57
:1049E00028BFB1F5801FE9D291F0000F04BF014646
:1049F0000020B1FA81F308BF2033A3F10B03B3F118
:104A000020020CDA0C3208DD02F1140CC2F10C02A7
:104A100001FA0CF021FA02F10CE002F11402D8BF05
:104A2000C2F1200C01FA02F120FA0CFCDCBF41EAD1
:104A30000C019040E41AA2BF01EB0451294330BDA0
:104A40006FEA04041F3C1CDA0C340EDC04F114047D
:104A5000C4F1200220FA04F001FA02F340EA030054
:104A600021FA04F345EA030130BDC4F10C04C4F19A
:104A7000200220FA02F001FA04F340EA030029467A
:104A800030BD21FA04F0294630BD94F0000F83F4C4
:104A9000801306BF81F480110134013D4EE77FEAA7
:104AA000645C18BF7FEA655C29D094EA050F08BFF3
:104AB00090EA020F05D054EA000C04BF19461046D4
:104AC00030BD91EA030F1EBF0021002030BD5FEA18
:104AD000545C05D14000494128BF41F0004130BD40
:104AE00014F580043CBF01F5801130BD01F0004594
:104AF00045F0FE4141F470014FF0000030BD7FEA07
:104B0000645C1ABF194610467FEA655C1CBF0B4601
:104B1000024650EA013406BF52EA033591EA030F18
:104B200041F4002130BD00BF90F0000F04BF002110
:104B3000704730B54FF4806404F132044FF0000543
:104B40004FF0000150E700BF90F0000F04BF0021BC
:104B5000704730B54FF4806404F1320410F0004522
:104B600048BF40424FF000013EE700BF42004FEA1D
:104B7000E2014FEA31014FEA02701FBF12F07F439A
:104B800093F07F4F81F06051704732F07F4208BF51
:104B9000704793F07F4F04BF41F40021704730B558
:104BA0004FF4607401F0004521F000411CE700BFA4
:104BB00050EA010208BF704730B54FF000050AE027
:104BC00050EA010208BF704730B511F0004502D528
:104BD000404261EB41014FF4806404F132045FEA2A
:104BE000915C3FF4D8AE4FF003025FEADC0C18BFD3
:104BF00003325FEADC0C18BF033202EBDC02C2F1C5
:104C0000200300FA03FC20FA02F001FA03FE40EA56
:104C10000E0021FA02F11444BDE600BF80F000400E
:104C200002E000BF81F0004142001FBF5FEA410384
:104C300092EA030F7FEA226C7FEA236C6AD04FEA84
:104C40001262D2EB1363C1BFD218414048404140C9
:104C5000B8BF5B42192B88BF704710F0004F40F47B
:104C6000000020F07F4018BF404211F0004F41F497
:104C7000000121F07F4118BF494292EA030F3FD063
:104C8000A2F1010241FA03FC10EB0C00C3F1200376
:104C900001FA03F100F0004302D5494260EB400005
:104CA000B0F5000F13D3B0F1807F06D340084FEA70
:104CB000310102F10102FE2A51D2B1F1004F40EB65
:104CC000C25008BF20F0010040EA030070474900CD
:104CD00040EB0000013A28BFB0F5000FEDD2B0FA6A
:104CE00080FCACF1080CB2EB0C0200FA0CF0AABF8D
:104CF00000EBC25052421843BCBFD040184370472B
:104D000092F0000F81F4000106BF80F40000013230
:104D1000013BB5E74FEA41037FEA226C18BF7FEA07
:104D2000236C21D092EA030F04D092F0000F08BF49
:104D30000846704790EA010F1CBF0020704712F030
:104D40007F4F04D1400028BF40F00040704712F16F
:104D500000723CBF00F50000704700F0004343F0D4
:104D6000FE4040F4000070477FEA226216BF08460A
:104D70007FEA23630146420206BF5FEA412390EACD
:104D8000010F40F4800070474FF0000304E000BFC3
:104D900010F0004348BF40425FEA000C08BF704774
:104DA00043F0964301464FF000001CE050EA010238
:104DB00008BF70474FF000030AE000BF50EA01024D
:104DC00008BF704711F0004302D5404261EB41013A
:104DD0005FEA010C02BF84460146002043F0B6435F
:104DE00008BFA3F18053A3F50003BCFA8CF2083A84
:104DF000A3EBC25310DB01FA02FC634400FA02FC8D
:104E0000C2F12002BCF1004F20FA02F243EB020093
:104E100008BF20F00100704702F1200201FA02FCF5
:104E2000C2F1200250EA4C0021FA02F243EB0200E8
:104E300008BF20EADC70704753B94AB9002908BF9F
:104E400000281CBF4FF0FF314FF0FF3000F09CB93D
:104E5000ADF1080C6DE904CE00F006F8DDF804E0D1
:104E6000DDE9022304B070472DE9F04782B0064621
:104E7000DDF828E00846B4460D46002B4ED18A42A4
:104E800014466DD9B2FA82F242B1C2F120039540C4
:104E900026FA03F394401D4306FA02FC260CA7B23F
:104EA000B5FBF6F14FEA1C4306FB115543EA0543F7
:104EB00001FB07F0984209D9E31801F1FF3580F0B2
:104EC0000381984240F20081023923441B1A1FFAE1
:104ED0008CFCB3FBF6F006FB10334CEA034C00FBF2
:104EE00007F363450AD914EB0C0C00F1FF3580F091
:104EF000ED80634540F2EA80A444023840EA014074
:104F0000ACEB030C0021BEF1000F04D02CFA02F32D
:104F10000022CEE9003202B0BDE8F0878B4209D909
:104F2000BEF1000F01D0CEE900610021084602B0B9
:104F3000BDE8F087B3FA83F1174600294DD18342CB
:104F400002D3B24200F20F81B6EB070C60EB030311
:104F500001201D46BEF1000FDDD0CEE900C5DAE725
:104F6000002A00F098801A46B4FA84F3002B40F02F
:104F7000AF800B1B270CA6B20121B3FBF7F54FEA5C
:104F80001C4007FB153340EA034306FB05F8984530
:104F900007D9E31805F1FF3002D2984500F2E88006
:104FA0000546A3EB08031FFA8CFCB3FBF7F007FBE5
:104FB00010334CEA034C06FB00F3634508D914EBAD
:104FC0000C0C00F1FF3602D2634500F2CE80304671
:104FD000ACEB030C40EA054095E7C1F120058B409E
:104FE00022FA05FC4CEA030C00FA01F426FA05F358
:104FF000E84002FA01F943EA04084FEA1C4206FAC3
:1050000001FAB0FBF2F71FFA8CF602FB17004FEA29
:10501000184444EA004407FB06F0A0420AD91CEBFE
:10502000040407F1FF3380F09C80A04240F2998095
:10503000023F6444241A1FFA88F3B4FBF2F002FB27
:10504000104443EA044300FB06F69E4209D91CEBD8
:10505000030300F1FF3480F082809E427FD9023842
:10506000634440EA0740A0FB09749B1BA3423E46F1
:10507000A04664D361D0BEF1000F0AD0BAEB06029D
:1050800063EB080303FA05F5CA401543CB40CEE9AC
:10509000005300213FE7730843EAC1734A08190C23
:1050A00041EA02414FEAC67C9BB2B2FBF4F02646CD
:1050B000A04627461F2243EA0143B1FBF4F1A3EBCC
:1050C000080341EA004158E72946FFE6284615E76C
:1050D0001A46C3F120019C4026FA01F320FA01F19F
:1050E00090400343270C06FA02FCB1FBF7F0A6B28E
:1050F00007FB1015190C41EA054100FB06F58D422E
:105100003BD9611801D28D4220D8491B0138B1FB2F
:10511000F7F5019505FB06F8019D9BB207FB1511FC
:1051200043EA0143434526D2E31805F1FF31C6D2D5
:105130004345C4D2A91E2344C1E7BA459BD2B7EB6D
:10514000090664EB0C040138A04694E7651B29446A
:105150000238B1FBF7F5019505FB06F8DCE72046C0
:105160007FE71F4666E70846F4E6A44402382FE7C7
:10517000023D234415E70199A1E7491BB1FBF7F56F
:10518000019505FB06F8C7E7704700BF0A2200211A
:1051900001F0B4BD10B5A1FB021482B074BB00F0E5
:1051A00045F8034670B350F8042C22F00302043A89
:1051B000242A10D8132A16D91B2AC0E900441AD968
:1051C000242AC0E902440ABFC0E9044400F11001E6
:1051D00000F1180108E02146019002F013F8019B4C
:1051E000184602B010BD014600221846C1E900224F
:1051F0008A6002B010BD00F10801F5E702F024F961
:105200000C2303600023184602B010BD024B014678
:10521000186800F00BB800BF74510020024B014623
:10522000186802F0A1BC00BF745100202DE9F04FB6
:1052300001F10B02162A85B0804624D8102900F20D
:10524000AB8000F0C9FA022518211022B74C214486
:10525000A1F108004E68864200F062817268F16830
:10526000B46822F003023244E1608C60516841F07E
:1052700001014046516000F0B5FA06F108042046ED
:1052800005B0BDE8F08F32F0070200F18580914251
:1052900000F28280019200F09FFA019AB2F5FC7F41
:1052A000C0F0BA81570A7FD0042F00F272819709AB
:1052B00007F139052BB207F1380CDB009B4C234476
:1052C000A3F108065B689E4207D10DE00028DF6865
:1052D00080F21381BE4207D03B46596821F003019A
:1052E000881A0F28F2DD6546236991498B4200F048
:1052F000F1805E6826F00306B11A0F2900F3918150
:105300008B480029C4E9040080F27981B6F5007F5A
:10531000676880F01981F10801310FFA81FC760984
:105320000121B14054F83C0098600F4304EBCC01DC
:105330000839D960676044F83C30C360AB1001267F
:105340009E40BE4236D83E4206D125F00305760087
:105350003E4205F10405FAD004EBC50A04EBC5078B
:10536000A946F9680EE0486820F0030EAEEB020C87
:10537000BCF10F0F0B46C96800F31881BCF1000F98
:1053800080F22D818F42EED109F1010919F0030F4E
:1053900007F10807E5D17FE10C23C8F800300024AD
:1053A000204605B0BDE8F08F4FF4007340254FF064
:1053B0003F0C83E7A768796821F0030393429A467C
:1053C00003D3991A0F2900F387805A495A4E096866
:1053D000103111440820CDE9011202F069F8019959
:1053E0004B1E03444542834630681D40B0F1FF3FE9
:1053F00018BF29464046019101F0FEFF411C0546B9
:10540000DDE9011200F02B8107EB0A0C844500F264
:1054100024814A4B186800EB01090BF1FF3EC3F8E9
:10542000009000F08981306801301BBFA5EB0C0CA7
:1054300009EB0C003560186015F00700814600F09C
:105440004881C0F108000544CDE901236B1803EA47
:105450000E015844401A00EA0E06314640469B466B
:1054600001F0CAFF421CDDE9012300F09581401BD9
:10547000304440F001011868A56000EB0609A7421E
:105480006960C3F8009017D0BAF10F0F40F25E8147
:10549000AAF10C0121F0070C796801F0010141EA41
:1054A0000C017960052607EB0C01BCF10F0FC1E977
:1054B000016600F263816968214B1E684E4538BF62
:1054C000C3F800901F4B1E684E4501D2C3F80090F0
:1054D0002F46C6E0676831E7BD1841F0010142F090
:1054E00001027A604046A560696000F07BF907F12F
:1054F0000804204605B0BDE8F08F9A68019319446E
:10550000D760BA604A6842F0010240464A6000F043
:1055100069F9019B03F10804204605B0BDE8F08F4E
:10552000CE68B1427FF49AAE0235DDE6A046002097
:10553000A846002068C000206051002038C000202C
:1055400060C0002064C00020B6F5206F4FEA5620EE
:105550007CD3142800F2D38000F15C0109B25B30E7
:10556000C90004EB010C6158ACF1080C8C4503D167
:10557000A8E089688C4504D0486820F00300B04258
:10558000F7D8D1F80CC0C3E9021CCCF80830CB60C6
:10559000D4E6142F72D9542F00F2BA80170B07F1FA
:1055A0006F052BB207F16E0CDB0087E69D1842F009
:1055B00001025A609E68864AF1608E60C4E9045513
:1055C000C5E902224CF001026A60404643F80EC071
:1055D000019300F007F9019B03F10804E0E69E4403
:1055E0001C46DEF8043043F00103CEF8043054F8D2
:1055F000083F4046D9608B6000F0F4F8D0E61E44C6
:1056000040467268019342F00102726000F0EAF8CD
:10561000019B03F10804C3E6D508691C09B2C9005F
:1056200014E69D1842F001025A60694A0193C4E9E8
:105630000455C5E9022241F001026A6040469951D1
:1056400000F0D0F8019B03F10804A9E6B00900F1CD
:10565000390109B23830C90083E7A74263D0A7688F
:10566000796821F003009042A0EB020102D30F29D8
:105670003FF732AF404600F0B5F890E607F15C0521
:105680002BB207F15B0CDB0018E6514651F80839E4
:105690008B428A4640F09A8015F0030F05F1FF35E2
:1056A000F3D1636823EA0603636076009E423FF607
:1056B00081AE1EB97EE6760009F104091E42FAD0D9
:1056C0004D4649E68010012606FA00F00743676060
:1056D00059E7CDE902236B1803EA0E01ABEB010693
:1056E00006EA0E0631464046019301F085FE431C52
:1056F000019B04BF4E461846DDE90223B7E6542855
:1057000027D8300B00F16F0109B26E30C90028E7CD
:10571000B7F5AA7F27D8D70B07F178052BB207F189
:10572000770CDB00CAE52B4B186800EB01090BF185
:10573000FF3EC3F8009076E615EA0E0F7FF473AED5
:10574000A568514441F001016960B5E601236B6031
:1057500090E7B0F5AA7F25D8F00B00F1780109B2E7
:105760007730C900FDE640F254539F4224D8930C91
:1057700003F17D0503F17C0CEB009FE507F10801C7
:105780004046CDE9012302F0EFF9A568029B696864
:10579000D3F80090019A8FE6A9F108010BEB010004
:1057A000002664E640F2545188420BD8B00C00F158
:1057B0007D01C9007C30D4E64FF47E737F254FF025
:1057C0007E0C7BE54FF47E717E20CAE663686CE751
:1057D000A846002038C00020014801F065BE00BF87
:1057E00030C00020014801F061BE00BF30C0002081
:1057F000DFF80CC00A460146DCF8000000F002B8F1
:1058000074510020002900F09F802DE9F04383B0FF
:105810000C4600928046FFF7DFFF009901F10B0371
:10582000162B60D81023994260D854F804EC2EF05F
:1058300003029A42A4F1080565DAB348806805EBD3
:10584000020C6045DCF8046000F0908026F0010056
:1058500060444068C0076CD426F003069019834268
:105860004CDD1EF0010F0FD154F8080C281A074622
:10587000406820F0030006441644B34240F3EF8032
:105880001618B34240F3C9804046CDE90023FFF724
:10589000CDFCDDE900230646002800F0178154F80E
:1058A000041C21F001012944A0F1080C614500F01D
:1058B000AE80043A242A00F2CE80132A00F29C80A3
:1058C00003462246116819605168596092689A60CF
:1058D0002146404602F048F94046FFF783FF304634
:1058E00003B0BDE8F08333F007039CD50C23C8F860
:1058F00000300026304603B0BDE8F0830246DCE904
:105900000201C16088606968D01A0F2801F00101A6
:1059100005EB02061BD811436960736843F001036D
:1059200073604046FFF75EFF2646304603B0BDE891
:10593000F0831EF0010FA7D154F8080C281A07466F
:10594000406820F003009BE71146FFF76FBC194346
:105950006960E91840F001004860736843F0010392
:1059600008317360404602F0FFF8DAE726F00306DC
:10597000B01803F1100C604580F28B801EF0010F0F
:1059800082D154F8080C281A0746406820F003001A
:1059900006441644B445B1463FF772AF3E46F96837
:1059A00056F8080F043A242AC160886000F2A580E6
:1059B000132A40F2A0802168B9606168F9601B2A4F
:1059C00000F2A480083407F11002216811606168B8
:1059D0005160A1689160F918A9EB03024A4D42F0A9
:1059E0000102A9604A607A6802F00102134340464E
:1059F0007B60FFF7F7FE98E7236803606368436006
:105A00001B2A3BD804F1080200F108035AE750F8BA
:105A1000041C21F003010A4475E7043A3D46F96885
:105A200055F8080F242AC160886020D8132A1CD991
:105A30002168B9606168F9601B2A3DD8083407F114
:105A400010022168116061685160A16891602C4664
:105A500032463D4657E7214601F042FB38E7DCE994
:105A60000201043AC1608860D8E72A46E9E7214686
:105A70002846009301F034FB009BE8E7A3688360AD
:105A8000E368C360242A25D004F1100200F110035A
:105A900018E71D4A1D449560C21A42F001026A606F
:105AA00054F8042C02F001021343404644F8043C2D
:105AB000FFF798FE264638E7A1683961E168796109
:105AC000242A10D0103407F11802BAE74046FFF735
:105AD00089FE0EE7236903616169416104F11802DF
:105AE00000F11803EEE62269BA616269FA611834BE
:105AF00007F12002A5E7324667E7214630460093CA
:105B000001F0EEFA009B66E7A0460020A16839612B
:105B1000E1687961242A03D0103407F1180254E7B0
:105B20002269BA616269FA61183407F120024CE710
:105B3000000000002DE9F04F2DED068B804697B058
:105B4000184600240023CDE90434894600219246FA
:105B500012914A461192164612F8013B2D2B5FD83E
:105B600001A151F823F000BF953B02001D3A02004D
:105B70001D3A02001D3A02001D3A02001D3A0200C1
:105B80001D3A02001D3A02001D3A0200513902007E
:105B900051390200513902005139020051390200D5
:105BA0001D3A02001D3A02001D3A02001D3A020091
:105BB0001D3A02001D3A02001D3A02001D3A020081
:105BC0001D3A02001D3A02001D3A02001D3A020071
:105BD0001D3A02001D3A02001D3A02001D3A020061
:105BE0001D3A02001D3A0200513902001D3A02001E
:105BF0001D3A02001D3A02001D3A02001D3A020041
:105C00001D3A02001D3A02001D3A02001D3A020030
:105C10001D3A0200333E02001D3A0200473E0200D8
:105C200000220692302B00F08280002207922F2B58
:105C300040F2C5844FF0000B1F4630465D465C467F
:105C400016E0082CC8BF0BEB8B0B00F10100C8BF9E
:105C500003EB4B031190C8BFA3F1300B0378D8BFFF
:105C6000A2F130052F2B04F101041F4640F3A2805E
:105C700005EB8502392B03EB4202E2DDB3490893C1
:105C8000012201F003FB002860D1119A531C1193EB
:105C900051781A460846002C40F0DB80302840F04E
:105CA0000F851346002201331193187830281146CE
:105CB00002F10102F7D0A0F13104082C00F2AE810C
:105CC0008A1C0992A0F1300C1E464FF0000E0124F0
:105CD00005EB85050CEB450500220133119319787E
:105CE000A1F13000092802F1010700F23584844651
:105CF000002800F0FB860999012F3944099100F032
:105D0000F886671C394606E045000131081B01385A
:105D1000824240F34484481E082805EB8500F3DDE9
:105D20000BEB8B0040001029D8BF8346EDE773785A
:105D300003F0DF03582B00F0D78301361196337838
:105D4000302BFAD06BB10122079270E7089B652BCC
:105D50001AD0452B18D0002C32D1079B002B00F015
:105D6000B7809FED788BBAF1000F02D0119BCAF873
:105D70000030069BBBB1B1EE488BB0EE480B17B0BC
:105D8000BDEC068BBDE8F08F002C72D1A6460994BD
:105D9000079B002B40F0BB829FED6A8BBAF1000F8E
:105DA00001D0CAF80090B0EE480B17B0BDEC068BDE
:105DB000BDE8F08F6549012201F068FA002844D05F
:105DC00007EE905AB8EE677B092C8DED047B40F30B
:105DD000A3820022102C23460892A8BF1023A646B7
:105DE000914609925A4A02EBC30212ED125B06EE8B
:105DF00090BA0F2CB8EE666BA5EE076B8DED046BB9
:105E000000F3AC80089A002A00F08682089A40F3DA
:105E10006E82162A40F31E840899C4F125028A4234
:105E2000C0F29C804A4BC4F10F040A1B03EBC4046C
:105E300003EBC20394ED008B93ED007B9DED046BAF
:105E400028EE068B28EE078B8DE7119A531C1193D1
:105E50005178A1F13002092A00F2D5800992A646B4
:105E6000002A00F040860121DDF824C00991224675
:105E700097E30022CDE90822119BA646591C1191F7
:105E80005F782B2F00F0BC802D2F00F0B3804FF0F7
:105E9000000CA7F13009B9F1090F36D8302F11994C
:105EA00040F0D880013111910F78302FFAD0A7F14E
:105EB0003100082840F2CC804FF000095CBB079904
:105EC00011437FF44EAF089A002A40F0F4839946BC
:105ED000692F00F0CF8300F3C883492F00F0CA83F5
:105EE0004E2F7FF459AF1B4911A802F09DFA0028EC
:105EF0003FF452AF119B1B78282B00F023851648E6
:105F000001F08CFDB0EE408B2DE711934FF00009AE
:105F1000D4E74FF0000907EE905A099BB8EE677B73
:105F2000A9EB0303BEF1000F08BFA646102C08938F
:105F30002346A8BF1023092C8DED047B3FF752AFF9
:105F400060E700BF0000000000000000C00C00205F
:105F500090060020E0300020B02E0020089AE31ABE
:105F60001344002B40F3998023F00F0213F00F032A
:105F700040F00683B2F59A7F00F39283102A4FEA2D
:105F8000221300F0F38455489DED047B0021024666
:105F900013F0010F01F101014FEA630303D092ED09
:105FA000006B27EE067B012B02F10802F0D18DED8C
:105FB000047B059BA3F15473059300EBC1009DED99
:105FC000046B90ED007B464B27EE067B17EE902A84
:105FD000444913408B428DED047B00F26183A1F5AF
:105FE00080118B4240F262843F4B4FF0FF32CDE98B
:105FF000042354E04FF0010C991C11919F7848E75D
:106000004FF0000CF8E701F0DF0145297FF4D8AE2E
:1060100000220121A646099208912FE700F0DF0037
:1060200045287FF49EAE4FF0000E0121CDF824E00C
:106030007446089122E700230693721C119273782C
:10604000002B3FF4A9AE1646ECE501230693F4E7D6
:10605000A7F13009481C11904F782F2FC8BF0C931F
:1060600007DCC1E20130119007782F2FA3F130092E
:1060700005DD09EB8903392F07EB4303F2DD401AF5
:1060800008280C9B40F3B08244F61F69BCF1000F56
:106090003FF414AFC9F1000910E740F0AB820023D0
:1060A00007930095234672463146404602F066FB50
:1060B0008346002800F0F482089A099BCDF83CA0A2
:1060C000002AA3EB0903A8BF002309934FF000099E
:1060D00022EAE2730C934C46CCE000BF6806002035
:1060E0000000F07F0000A07CFFFFEF7F991A1F3BAC
:1060F0009A42A5EB0105C0F27981012202FA01F36F
:106100000A9300230D932F44079B5544AA455246FA
:106110001F44A8BF2A46BA42A8BF3A46002A03DD58
:10612000AD1ABF1AAAEB020A099B002B00F30381E8
:10613000002D00F31A81089B002B00F34D81002FE6
:1061400000F33D81BAF1000F08DD2146524640467A
:1061500002F020FD0446002800F03A8112993246F0
:10616000404602F0ADFD8146002800F03181002359
:10617000C768C360214602F083FD0028C0F29B83FC
:10618000059D00F036832146484602F04BFFB0EEF5
:10619000007BB4EEC70BF1EE10FA00F2C080002FC6
:1061A00040F02C81049B002B40F0C881C5F3130301
:1061B000002B40F05781B7EE007BB4EEC70BF1EE39
:1061C00010FA00F1D082B6EE007B20EE077BB0EE35
:1061D00047ABB1EE477BBD48DFF808C328406045B8
:1061E00053EC172B00F00F810799F1B1B0F1D46F88
:1061F0001BD89FEDB06BB4EEC6ABF1EE10FA11D820
:10620000BCEECA7B17EE103A012B38BF012307EE14
:10621000103AB8EE477BB0EE47AB0FB9B1EE477B13
:1062200053EC172B03F1D6610B1AB0EE480B43EC7D
:10623000192B0A9002F004FEA9EE008B8DED048B61
:1062400018EE905A0A98079B23B9A04B2B4098420E
:1062500000F00F811299404602F034FA3146404670
:1062600002F030FA2146404602F02CFA49464046F8
:1062700002F028FADBF80410404602F0F9F906466D
:10628000002800F0A580DBF81020023292000BF10C
:106290000C010C30FBF7C8FB9DED048B14AA13A96D
:1062A0004046B0EE480B02F05DFE1290002865D02B
:1062B0000121404602F020FB0446002800F08880BF
:1062C000139A002A76DB099B0C9F02EB030A079BBB
:1062D000149DD21A2A447E4B013A9A42C5F13605E2
:1062E000FFF604AF00230D9301230A930BE7163248
:1062F000FFF634AE099BA3EB0909764B03EBC90308
:1063000093ED007B9DED046B86EE078B2BE50894E7
:106310000024119B2246B1E59DED048B23E5B6EEEA
:10632000007B20EE077BB0EE47AB002F7FF453AF2E
:10633000B1EE477B4FE721461A46404602F0CEFBBE
:1063400004461298D4B102462146404602F002FBB0
:106350000246129892B1014640460E9202F0B2F9FE
:106360000E9A1292002D7FF7E6AE12992A46404609
:1063700002F010FC129000287FF4DDAEDDF83CA0A6
:106380009FED4E8B2223C8F800300146404602F0B4
:1063900099F93146404602F095F92146404602F00F
:1063A00091F95946404602F08DF94946404602F0BF
:1063B00089F9D8E40C9BDDF824A09F1A87E73146C1
:1063C0003A46404602F0E6FB064600287FF4BAAEA5
:1063D000DDF83CA01298D3E731460C9A404602F013
:1063E0007DFB064600287FF4AAAEF1E73A49891AF8
:1063F000012202FA01F30D930A9284E6B7EE007BC4
:10640000B0EE47ABE7E6A5F1547305939DED046B41
:10641000B0EE460B8DED0A7B8DED046B0D9002F016
:106420000FFD9DED046B9DED0A7B2849A0EE076BE7
:1064300016EE905A294B0D98294099428DED046B28
:1064400040F29A8018EE902A03F154739A4203D1D5
:1064500018EE103A0133BBD0214B4FF0FF32CDE99B
:106460000423F7E6B7EE006BBFEE007BB0EE46AB61
:10647000B1E651EC1A0B07F02DFDFEF7A1FB049BD2
:1064800041EC170B1F43C5F313052F433AEE477B2F
:1064900044D19FED0C6BB4EEC67BF1EE10FA7FF5A4
:1064A000D9AE9DED048BDDF83CA012986DE700BFDE
:1064B000AFF300800000C0FFFFFFDF4100000000DD
:1064C0000000F07F9535A094FFFFCF3F0000F07FE4
:1064D00002FCFFFF90060020E2FBFFFFFFFF9F7C16
:1064E000FFFFEF7F0000E07F069B019312AB02905D
:1064F0000093AC4A13AB11A9404601F09DFC10F08B
:106500000F0504463FF42DAC062D40F0E88001361F
:1065100000239FED9C8B1196069324E49FED9B6BCB
:10652000B4EEC67BF1EE10FABBD49FED9A6BB4EEDD
:10653000C67BF1EE10FA7FF78DAEB2E7049B012B1C
:1065400090D1002D8ED1DDF83CA0129822239FED32
:106550008D8BC8F8003018E701F0DF01452900F005
:10656000A380002C7FF4D5AC079B1A439FED858B4D
:106570003FF414ACFFF7F7BB05F15475059562E6DF
:10658000894901EBC3039DED046B93ED007B27EE7E
:10659000067B8DED047B002A3FF481ADEAE4013AED
:1065A0003A44082A02F101047FF792AB102CDCBFB9
:1065B0000BEB8B0B0CEB4B0B0022FFF78EBB7B49DD
:1065C0000122304600F062FE40B9119A13460132B2
:1065D0001192834605465878FFF760BB079B002B56
:1065E0003FF4DAABFFF7BDBB44F61F618945A8BF96
:1065F00089464BE55B421A1113F00F030DD06A492F
:1066000001EBC3039DED046B93ED007B86EE077BEE
:106610008DED047B002A3FF442AD1F2A00F3418137
:1066200012F0100318BF6A2307939DED047B604BA3
:1066300001E052100833D00703D452100833D107B9
:10664000F7D593ED006B521027EE067B00F0B88073
:106650000833F4E7544B03EBC20393ED008B9DED3D
:10666000047B28EE078BFFF77EBB6E2F3FF43BAC1D
:10667000FFF792BB4F4911A801F0D6FE00283FF466
:106680008BAB119B4C49013B11A8119301F0CCFE3F
:1066900010B9119B013311939FED408BFFF763BB42
:1066A0002223C8F80030F7E7002C00F0EA8101212E
:1066B0000891FFF7E3BB9FED338B9946FFF76EBB65
:1066C000A0F13103082B55D920F02000452885D1B1
:1066D0004FF0000ECDF824E00124FFF759BB129AC9
:1066E0003AB1352114A802F0CFFC1299404601F0CE
:1066F000E9FF013D042D00F2FE81DFE805F0032EE5
:106700002B200300149B0493139B03F23342159B2D
:1067100023F4801343EA02530593E40502D543F0C2
:1067200000430593254A1A409DED048B002A7FF40F
:106730001AAB00F089FE22230360FFF714BB4FF071
:10674000FF326FF00043CDE90423E3057FF5E4ADAC
:10675000059BE4E7194B0593F7E7DDE91412159B58
:10676000CDE90412D9E7B6EE006BBEEE007BB0EEC9
:1067700046AB30E5134601220992FFF7A3BA00BFEA
:10678000AFF3008000000000000000009535A094E9
:10679000FFFFDF3F35E5AF350000E03F00000000C0
:1067A0000000F07FF044002090060020C00C002084
:1067B00060090020D4300020D83000200000F07F95
:1067C000079B8DED047B002B65D017EE900AC0F37C
:1067D0000A51C1F16B03002B5DDD1F2B52DD342B01
:1067E000049240F3FE804FF05C7305936A23079395
:1067F00057E40A9ADDF834C0DDF83CA0B349C5F38C
:106800001303002F00F08C808B4200F0DD80BCF180
:10681000000F00F0D4801CEA050F2FD0B0EE480B1B
:1068200002F00EFB079B002B00F01281C5F30A5308
:10683000C3F16B03002B40F35381190501F17F5322
:10684000002203F5401343EC172BA0EE078B9FEDBE
:106850009B7B9F4B28EE078B18EE902A1340002B52
:106860007FF423AE2223C8F800301EE6BCF1000FEF
:1068700000F085801CEA050F40F08480079B002B08
:10688000E5D112E64FF0FF329A4017EE103A13406E
:1068900004939DED047BB5EE407BF1EE10FA7FF49E
:1068A00000AC2223C8F80030FFF75BBA02F1547342
:1068B0000593FFF7F4BBDDE904120F43DDF83CA0BC
:1068C000DCD1C2F313031546002BD7D122F00047C9
:1068D0003F0D3F05B7F1D66FD0D9D9F814301BB9A9
:1068E000D9F81030012BC9DD49460122404602F09B
:1068F00051F92146814602F0C3F90028BEDD079B0D
:10690000002B00F08180A7F580176FEA17536FEA1C
:10691000035305934FF0FF3304939DED048B96E7EB
:1069200043BBDDE90401034600289FD1079B002BF0
:106930006AD0674F2F40B7F1D66FE4D8B7F15C7FCC
:1069400085D802E6634911A814AA01F08DFD052837
:106950007FF4D5AA159B43F0FF4343F4E00305936E
:10696000149B04939DED048BFFF7FDB95A48002159
:10697000FFF71FBBBCF1000F7FF47CAF049B1A42F2
:106980003FF47CAFB0EE480B02F05AFA079B93B38A
:10699000C5F30A53C3F16B03002B76DD190501F132
:1069A0007F53002203F5401343EC172BA0EE478BD7
:1069B000B5EE408BF1EE10FA7FF449AFC5E5049BCC
:1069C0001A423FF45BAF29E7079B049963BB4F1C56
:1069D00031D0BCF1000F61D01CEA050F3FF465AD6A
:1069E0001CE7C1F14B014FF0FF338B40034005938F
:1069F0009DED047B4FE738EE408BB5EE408BF1EE1A
:106A000010FA7FF452ADA0E5314B12982B40A3F55C
:106A100080136FEA13536FEA035305934FF0FF336C
:106A200004939DED048BB0E4294B2B40B3F1D46F5C
:106A300012D9481C19D1294B9D4233D0244B2B40ED
:106A400003F580130593002304939DED048B15E754
:106A5000129838EE008B98E41B0DC3F16B034FF0D6
:106A6000FF3000FA03F39942E5D0BCF1000F04D0E7
:106A70001CEA050F3FF4EBAED0E611423FF4E7AE5F
:106A8000CCE6002A3FF428AE11E638EE408BB5EE96
:106A9000408BF1EE10FA7FF4DAAE56E511423FF486
:106AA00004ADBBE60131C9D122239FED068B1298BC
:106AB000C8F8003069E400BFAFF3008000000000B8
:106AC00000005039000000000000F07FFFFF0F00C1
:106AD0000000F07F0445002068060020FFFFEF7FE4
:106AE00038EE008BB3E60122FFF7F7B83A46FFF71E
:106AF000F4B8224655E5E50505D54FF0004305936A
:106B00009DED048B15E69FED018B12E60000000061
:106B10000000000010B5234C234B0A4601462068B4
:106B2000FFF708F8B4EE400BF1EE10FA27D6F7EEB7
:106B3000C07B9FED1E7AF0EEE76AF4EE476AF1EE55
:106B400010FA0EDDB0EEC05B9FED146BB4EE465B49
:106B5000F1EE10FA05DC236822221A60B0EE670A13
:106B600010BD17EE903A13F0FF4FF7D110EE902AB8
:106B70000F4B1340002BEED1B0EE670A10BD10EEA4
:106B8000903A002B0B4804DA00F050FFF1EE407A07
:106B9000E4E7BDE8104000F049BF00BFFFFFFFFF82
:106BA000FFFFEF7F745100200C4F0020FFFF7F7F1D
:106BB0000000F07FB02E0020242B2DE9F84F42D8A2
:106BC000012B884619463ED091464B4A82461E46C6
:106BD000C64670461EF8017BD35D13F00803F8D15A
:106BE0002D2F70D02B2F05BF9EF800709B469B4623
:106BF00000F1020E6FF0004361BB302F4DD00A262A
:106C000031460022B3FBF6F4104606FB143505E0CE
:106C10003CD006FB00C001221EF8017BA7F1300C1E
:106C2000BCF1090F06D9A7F1410CBCF1190F17D817
:106C3000A7F1370C61451CDD571CEDD08442E7D22B
:106C40004FF0FF32E8E700F0FFFB1623036000205F
:106C5000BDE8F88F1029D4D1302F27D00E46D0E7C9
:106C6000A7F1610CBCF1190F03D8A7F1570C6145CE
:106C7000E2DC511C30D0BBF1000F0CD1B9F1000F98
:106C8000E6D0AABBC9F80080BDE8F88F6545C0DA38
:106C90004FF0FF32C0E74042F0E79EF8002002F0DC
:106CA000DF02582A08D008263146AAE79EF80020BD
:106CB00002F0DF02582AD1D110269EF80170314629
:106CC0000EF1020E9DE79EF800704FF0004300F1B8
:106CD000020E4FF0010B8FE72222CAF80020B9F113
:106CE000000F07D00EF1FF381846C9F80080CBE737
:106CF0000346F7E71846ABE75D40002000B5DFF834
:106D000018E084461346DEF800005DF804EB0A46FE
:106D10006146FFF751BF00BF7451002013460A4679
:106D20000146022000F088BE024B0344587800F070
:106D3000080070475C400020024A0349034800F005
:106D4000C9B800BF68510020DD8F0200A84A0020AA
:106D50000C4B4168994210B5044601D004F040FA4A
:106D6000A168094B994202D0204604F039FAE16843
:106D7000064B994204D02046BDE8104004F030BADA
:106D800010BD00BF6CC00020D4C000203CC100205A
:106D90002DE9F843314A324C3249DFF8DC90DFF814
:106DA000DC80314F1160002504232946082204F1BC
:106DB0005C00C4E903352D4EA560C4E90055C4E963
:106DC0000555656600F01EFA04F15800C4E907494C
:106DD000C4E90987E66200F063FB2946244B636738
:106DE000082204F1C400C4E91A55C4E91E552567F8
:106DF000C4F8CC50C4F8805000F004FA04F16803E1
:106E000004F1C000C4F88430C4E92298C4E92476AF
:106E100000F046FB174BC4F8DC30294604F59670A9
:106E20000822C4E93455C4E93855C4F8D850C4F828
:106E30003451C4F8E85000F0E5F904F1D003C4E996
:106E40003D87C4F8F09004F59470C4F8FC60C4F871
:106E5000EC30BDE8F84300F023BB00BFA4C1002024
:106E60006CC00020354B0200D94D0200FD4D0200E0
:106E70000900010012000200754D0200994D020048
:106E800010B504460A4800F00FFB636B23B9094BA9
:106E9000094A1B68626323B1BDE81040044800F052
:106EA00005BBFFF775FFBDE81040014800F0FEBAD2
:106EB00034C00020A4C100204D4B0200014800F066
:106EC000F3BA00BF34C00020014800F0EFBA00BFA1
:106ED00034C000202DE9F8430746884616464FF097
:106EE00000097568013D11D4B468A389012B08D944
:106EF000B4F90E3001332146384602D0C04749EA82
:106F00000009013D6B1C04F16804EED13668002EC7
:106F1000E7D14846BDE8F8830CB430B5144B0D1EDC
:106F20001C689DB01FDB14BF01220022AA1A114B5E
:106F30000593002121AB1B910290069004920792C9
:106F400002A9209A0193204602F0FCF8431CBCBF22
:106F50008B23236015B1029B00221A701DB0BDE87F
:106F6000304002B070478B2323604FF0FF30F5E7CD
:106F7000745100200802FFFF10B50C46B1F90E1045
:106F800000F024FA002803DB236D0344236510BDC1
:106F9000A38923F48053A38110BD00BF2DE9F041E4
:106FA0001F46B1F90C301646DA050C4605460BD4DF
:106FB00023F48053A381B4F90E103B463246284691
:106FC000BDE8F04100F02ABA0223B1F90E10002208
:106FD00000F0E6F9B4F90C30EAE700BF10B50C4652
:106FE000B1F90E1000F0DCF9B4F90C30421C0EBF00
:106FF00023F4805343F480532065A38110BD00BF68
:10700000B1F90E1000F0BAB970B5ADF5067D0E46B7
:10701000009313464FF40072059206A905AA05468F
:1070200000F028F898B10246059B039031462846A7
:1070300000F0F4F9039A059006AB9A4204D0284672
:10704000114600F091FD05980DF5067D70BD4FF0DD
:10705000FF30F9E700B5DFF818E084461346DEF8A4
:1070600000005DF804EB0A466146FFF7CDBF00BFA4
:107070007451002010B59AB021B1D2F800C0BCF113
:10708000000F1CD100214FF4227CADF80CC01991E7
:10709000009104914FF6FF7C0291059114466946D8
:1070A0001A461C9BADF80EC002F04CF8002814DB09
:1070B000009B206000221A7004981AB010BD009145
:1070C000049161464FF4C16CADF80CC04FF0000C58
:1070D000CDF864C0DEDA8B23036000201AB010BD47
:1070E000884270B531D98B1883422ED9032A00EB20
:1070F00002011DD941EA030C1CF0030F1D4618D1F3
:107100004FEA920C0CF1FF36A1EB8C048C4653F83D
:1071100004ED4CF804EDA445F9D1C6EB867301EB00
:10712000830105EB830CACF10403043902F0030284
:1071300052B102F1FF3C6FEA0C0C9C4413F8012D94
:1071400001F8012D6345F9D170BD032A50D941EAF8
:1071500000039B074ED10F2A51D922F00F0301F1F2
:10716000100601F1100C103B203100F1100E1944F3
:107170005CF8104C4EF8104C5CF80C4C4EF80C4C73
:107180005CF8084C4EF8084C5CF8044C4EF8044C83
:107190000CF1100C8C450EF1100EE9D1F11812F023
:1071A0000C0F034402F00F0503F1100325D025F066
:1071B000030CACF1040426461A1F1C198C465CF81B
:1071C00004EB42F804EFA242F9D104310433314414
:1071D000334405F00302002AB6D0013A0132013BE4
:1071E0000A4411F801CB03F801CF9142F9D170BDE7
:1071F0000346F0E7013A0346F0E72A46EBE7034689
:107200001546D4E730B584078646034606D0A2B3B8
:1072100003F8011B980702F1FF32F8D1032A26D99F
:107220005FFA81FC0CEB0C2C0F2A0CEB0C402AD9DA
:1072300022F00F0C9C44C3E90000C3E902001033A4
:107240006345F8D112F00C0F02F00F0417D04FEA8B
:10725000940C0CF1FF351A4603EB8C0C42F8040B2E
:107260006245FBD1043304F0030203EB850322B132
:107270001A4403F8011B9A42FBD1704630BD2246E6
:10728000002AF5D1F9E71446E1E700BF8AB340EAE6
:1072900001039B0730B504468E4618D1032A07D850
:1072A00015E0043A23D01CF0803F20D1032A26D9D0
:1072B0002368DEF80050A3F10131AB4221EA030C50
:1072C0002046714604F104040EF1040EE9D003785F
:1072D0000C78A3420FD1013A024406E06BB110F8DA
:1072E000013F11F8014FA34205D19042F6D1002091
:1072F00030BD10467047181B30BD184630BD2046C3
:107300007146E4E710B504460843830701D1032A18
:1073100019D8A44601F1FF3E07E01EF8011F03F84B
:10732000011B501E31B19C4602466346002AF4D12F
:10733000204610BD94440028FAD003F8011B634591
:10734000FBD1204610BD0B46A44618681946A0F193
:10735000013323EA000313F0803F01F10403D9D184
:10736000043A032A4CF8040BEFD81946D2E700BFC1
:10737000014B93F8100270470C4F002038B5074CB2
:107380000023054608462360FAF7FAFC431C00D0A8
:1073900038BD2368002BFBD02B6038BD20C20020F5
:1073A00038B58C46084C114605461A4660460023FF
:1073B0002360FAF7F1FC431C00D038BD2368002B92
:1073C000FBD02B6038BD00BF20C2002038B58C46F2
:1073D000084C114605461A46604600232360FAF71A
:1073E000CDFC431C00D038BD2368002BFBD02B60A4
:1073F00038BD00BF20C2002038B5074C0023054629
:1074000008462360FAF7A2FC431C00D038BD23686D
:10741000002BFBD02B6038BD20C2002038B58C4635
:10742000084C114605461A46604600232360F9F7CA
:10743000ADFA431C00D038BD2368002BFBD02B6075
:1074400038BD00BF20C20020014B1868704700BF44
:107450007451002070B50E4E0E4DAE4208D0761B12
:10746000B610002455F8043B01349847A642F9D8D9
:10747000094E0A4D06F066FDAE4208D0761BB610E6
:10748000002455F8043B01349847A642F9D870BD52
:10749000F01D0060F01D0060081E0060F01D00601F
:1074A000704700BF704700BF704700BF704700BF04
:1074B000082802D14FF48050704708B5FFF7C4FF89
:1074C000162303604FF0FF3008BD00BF000000002E
:1074D00000000000000000000000000000000000AC
:1074E0000000000002780B78012A28BF9A4240F081
:1074F000D8806DE9044540EA0104CDE902676FF0E8
:10750000000C4FEA44721AB380EA010414F0070F2A
:107510006BD100F0070420F0070004F0030521F010
:1075200007014FEAC505F0E8042314F0040FF1E861
:1075300004670CFA05F462EA040266EA04060BD05A
:1075400063EA0403624667EA0407664604E000BF94
:10755000F0E80423F1E8046782FA4CF582EA0604B5
:10756000A4FA8CF46CBB83FA4CF583EA0705A5FA00
:107570008CF595B950E9022351E9026782FA4CF57E
:1075800082EA0604A4FA8CF483FA4CF583EA070530
:10759000A5FA8CF52543DBD09CB92DBAB5FA85F454
:1075A00024F0070427FA04F1DDE9026723FA04F363
:1075B00003F0FF0001F0FF01FDE80445A0EB01002E
:1075C000704724BAB4FA84F424F0070426FA04F1CC
:1075D000DDE9026722FA04F202F0FF0001F0FF0188
:1075E000FDE80445A0EB0100704714F0030F3CD107
:1075F00010F0030428D150F8082B51F8083B82FA08
:107600004CF582EA0305A5FA8CF55DB950F8042C17
:1076100051F8043C82FA4CF582EA0305A5FA8CF590
:10762000002DE8D02DBAB5FA85F424F0070423FA2A
:1076300004F122FA04F202F0FF0001F0FF01FDE87C
:107640000445A0EB010070474FEAC40420F003009A
:1076500050F8082B21F0030151F8083B0CFA04F410
:1076600062EA040263EA0403C9E710F003041DD0D0
:10767000A1EB040120F00300E40750F8042B06D02E
:1076800012D28B785FFAA2F4E41A06D12BB1CB7830
:107690005FFAB2F4E41A00D133B920465DF8104B1A
:1076A0007047A2EB0300704701F1040150F8042B6E
:1076B000CC0721F0030151F8043B48D824D222F032
:1076C0007F4482FA4CF594EA1325A5FA8CF50AD189
:1076D00065B951F8043B84EA0204B4EB036F0ED1A0
:1076E00050F8042BEBE74FEA132355E035F07F45C4
:1076F0004DD10878FDE80445C0F1000070474FEA1D
:10770000126203F0FF0347E002EA1C4482FA4CF5E0
:1077100094EA1345A5FA8CF50AD165B951F8043BF2
:1077200084EA0204B4EB034F0CD150F8042BEBE7CE
:107730004FEA134330E015EA1C4528D10B884FEA85
:10774000124229E04FEA124203EA1C4324E002F00D
:10775000FF0482FA4CF594EA1365A5FA8CF50AD178
:1077600065B951F8043B84EA0204B4EB032F09D154
:1077700050F8042BEBE74FEA13630DE015F0FF0F11
:1077800005D10B684FEA122223F07F4304E04FF04B
:107790000000FDE80445704712BA1BBA82FA4CF4A7
:1077A00082EA0304A4FA8CF5B5FA85F402FA04F22D
:1077B00003FA04F34FEA1260FDE80445A0EB1360FE
:1077C000704700BF80EA0102844612F0030F4FD1D8
:1077D00011F0030F32D14DF8044D11F0040F51F8A0
:1077E000043B0BD0A3F101329A4312F0803F04BF57
:1077F0004CF8043B51F8043B16D100BF51F8044B40
:10780000A3F101329A4312F0803FA4F101320BD16F
:107810004CF8043BA24312F0803F04BF51F8043BF4
:107820004CF8044BEAD023460CF8013B13F0FF0F51
:107830004FEA3323F8D15DF8044B704711F0010F84
:1078400006D011F8012B0CF8012B002A08BF704755
:1078500011F0020FBFD031F8022B12F0FF0F16BF4C
:107860002CF8022B8CF8002012F47F4FB3D1704714
:1078700011F8012B0CF8012B002AF9D1704700BF39
:107880000000000001F0FF01102A2BDB10F0070FB1
:1078900008D010F8013B013A8B422DD010F0070FB1
:1078A00042B3F6D1F0B441EA012141EA014122F0AC
:1078B00007047FF000070023F0E80256083C85EA41
:1078C000010586EA010685FA47F5A3FA87F586FAE7
:1078D00047F6A5FA87F68EB9EED1F0BC01F0FF01AC
:1078E00002F0070232B110F8013B013A83EA0103CA
:1078F00013B1F8D10020704701387047002D06BF42
:1079000035460338073815F0010F07D1013015F45B
:10791000807F02BF013015F4C03F0130F0BC013858
:10792000704700BF000000000000000000000000E1
:107930000000000000000000000000000000000047
:107940000000000030B490F800F020F007016FF064
:10795000000C10F0070491F820F040F048804FF040
:1079600000046FF00700D1E9002391F840F000F126
:10797000080082FA4CF2A4FA8CF283FA4CF3A2FAD1
:107980008CF34BBBD1E9022382FA4CF200F10800E0
:10799000A4FA8CF283FA4CF3A2FA8CF3E3B9D1E99E
:1079A000042382FA4CF200F10800A4FA8CF283FA64
:1079B0004CF3A2FA8CF37BB9D1E9062301F1200143
:1079C00082FA4CF200F10800A4FA8CF283FA4CF32C
:1079D000A2FA8CF3002BC6D0002A04BF04301A464A
:1079E00012BAB2FA82F200EBD20030BC7047D1E991
:1079F000002304F00305C4F100004FEAC50514F0AC
:107A0000040F91F840F00CFA05F562EA05021CBF7C
:107A100063EA050362464FF00004AAE79FED010BFD
:107A2000704700BF000000000000F87F9FED010AD2
:107A3000704700BF0000C07FF0B51D4C83B0054605
:107A40002068019116461F46FFF72EFD194A01993D
:107A5000136823B35A6820681F2A23DC4DB9541CCD
:107A600002325C6043F82210FFF720FD002003B0D3
:107A7000F0BD03EB820E0124CEF88860D3F8886154
:107A8000944046EA040C022DC3F888C1CEF8087170
:107A9000E5D1D3F88C512543C3F88C51DFE7064B71
:107AA0001360D7E7FFF702FD4FF0FF30DFE700BFBD
:107AB000004F002098BE00209CBE0020F8B506466E
:107AC00008200C46FFF7F4FC07463046FDF784FE1D
:107AD000224A93685D6825F00305A5F111031C1B7C
:107AE0003C44B4FBF7F4013C07FB04F4A74208DC78
:107AF00000213046FFF780FC184A93682B449842D7
:107B000004D03046FDF76EFE0020F8BD61423046DD
:107B1000FFF772FC0130114A0DD0114993682D1BFB
:107B200045F001055D600B6830461B1B0B60FDF7DF
:107B300059FE0120F8BD00213046FFF75DFC074AE1
:107B40009268831A0F2BDCDD43F001035360054B71
:107B500003491B68C01A0860D3E700BFA046002095
:107B600038C0002060510020002965D02DE9F04187
:107B70000C460746FDF730FE54F804EC7D49A4F1AD
:107B8000080C2EF001030CEB03028D68506895423F
:107B900020F003000EF0010600F08B8015185060F5
:107BA0006D6805F00105A846AEBB54F8084CACEB77
:107BB000040C2344DCF8084001F1080E74456BD036
:107BC000DCF80C50E560AC60B8F1000F00F08C8080
:107BD00043F00100CCF804001360B3F5007F35D208
:107BE000DA0848685C090132012312B2A34003435A
:107BF0004B6051F83200CCF8080001EBC203083B9F
:107C0000CCF80C3041F832C0C0F80CC03846BDE8A2
:107C1000F041FDF7E7BD85B9034401F1080E906816
:107C2000704543F001047AD0D268C2609060CCF80D
:107C300004404CF80330D0E770474EF00102B3F532
:107C4000007F44F8042C4CF80330C9D3B3F5206FFF
:107C50004FEA53204AD2980900F1390212B200F1DA
:107C60003804D20088188A580838904203D15FE05F
:107C70009268904204D0516821F003019942F7D8EC
:107C8000D068CCE90220C0F808C03846C2F80CC061
:107C9000BDE8F041FDF7A6BDA5BB1844D2E902231B
:107CA000D3609A6040F00103CCF804304CF8000037
:107CB000ACE7184446B954F8083CACEB030C184444
:107CC000DCE90223D3609A6040F00103CCF8043071
:107CD000294BC1F808C01B68834297D8274B384608
:107CE0001968FFF7EBFE91E7034498E714280FD9D2
:107CF000542824D8180B00F16F0212B200F16E0460
:107D0000D200AFE743F00101CCF8041013607DE727
:107D100000F15C0212B200F15B04D200A2E7C1E9FB
:107D200004CCCCE902EECCF804404CF803306DE70B
:107D3000A4100123A3404C6823434B60A1E7B0F596
:107D4000AA7F07D8D80B00F1780212B200F17704AD
:107D5000D20087E740F25452904206D8980C00F1C6
:107D60007D0200F17C04D2007CE74FF47E727E2419
:107D700078E700BFA04600206451002068C00020C2
:107D80002DE9F041D0F810E0BEEB611F05DC0023C7
:107D9000036100234361BDE8F08100F114044E113A
:107DA00011F01F0C04EB8E0504EB860327D054F86A
:107DB000261004339D4221FA0CF137D9CCF120086A
:107DC00027461A6802FA08F20A4347F8042B53F8C8
:107DD000041B9D4221FA0CF1F3D8AEEB060E4FEADC
:107DE0008E0EAEF1050E4FEA9E02231D2EF0030EFD
:107DF00043F822109E4489B10EF1040E0EE09D421C
:107E000088BF00F11002C2D953F8041B42F8041FC6
:107E10009D42F9D8AEEB060E04EB8E0EAEEB0403DA
:107E20009B10A6450361B4D0BDE8F08141610029F3
:107E3000ADD0A646E0E700BF2DE9F04F89460968BE
:107E400092468A7885B0302A0090029340F01C82D6
:107E5000CB1C1A78302A1C4603F10103F9D0A4EB9D
:107E60000108A8F10208B04EB35C002B00F0EE80D0
:107E70002378F25C00231D46002A00F06F8127461C
:107E800017F8012FB25C002AFAD1A8490193012208
:107E90003846FFF7FBF9019B834600284FD03A781C
:107EA000002D00F0C781A5EB070B4FEA8B0B02F00A
:107EB000DF02502A3D464FD0C9F80070002B74D124
:107EC0002A1B013A072A194604DD5210072A01F13C
:107ED0000101FADC009800F0CBFB8146002800F09D
:107EE000988200F11407AC42019780F00082A1460D
:107EF0004FF00008039000240CE0202C19D02146FC
:107F000004342A78B25C02F00F028A4048EA020880
:107F10004D4553D015F8012D2E2AEED14D45ECD309
:107F2000824901222846FFF7B1F90028F0D0202C21
:107F3000E5D1002147F8048B04248846E1E7002DB1
:107F400000F095813A7802F0DF02A5EB070B502A8A
:107F50004FEA8B0B3D46AFD16A782B2A00F068813F
:107F60002D2A40F0E5800120AA78B15C4A1E182A2B
:107F700005F1020700F2E5807A78B25C103901372A
:107F800052B90BE001EB810102EB4102A2F11001B9
:107F900017F8012FB25C0AB1192AF3DD00B149428A
:107FA0008B44C9F80070002B8AD0B8F1000F0CBFC9
:107FB00006240024204605B0BDE8F08FDDF80C90C3
:107FC00047F8048B019BFF1ABB104046C9F81030DC
:107FD00000F028FCDAF80050C0EBC700A84255DCDE
:107FE000C0F22A81DAF808305B45C0F21881DAF86D
:107FF00004309B4580F2A780A3EB0B0BAB4570DAF6
:108000000BF1FF34002C40F0858126466311019A64
:1080100004F01F0452F823200123A3401342A5EBD0
:108020000B055946484600F08481FFF7A9FEDAF8AF
:108030000C40DAF804B0022C00F03981032C00F077
:108040009281012C00F08B8112247DE037490122BE
:108050002046FFF71BF90346002840F08180627834
:10806000B15C651C00297DD0302A2C4640F07D8112
:1080700014F8013F302BFBD0F25CB2FA82F34FF0E0
:1080800001085B09002A7FF4FAAE67E0441B214631
:10809000484601F027F8064678B1621E531101994F
:1080A000012651F8231002F01F0306FA03F30B42D6
:1080B00003D0B24200F33481022621464846FFF73E
:1080C0005FFEDAF80830A3445B45C0F2A880DAF816
:1080D00004305B4540F3DC80A3EB0B0B5D4500F304
:1080E0000A81DAF80C20022A44D0032A00F02B81FE
:1080F000012A42D1AB4540D1BBF1010F08D00BF1B1
:10810000FF31484600F0EEFF002836D0DAF80430A0
:1081100002990B60019B0122C9F810201A600E9B86
:108120006224C3F8009045E7FC3E0020C00C00200C
:10813000B15C4A1E182A05F101074FF000007FF6D6
:108140001BAF2F46B8E601240E9BC3F80090029B9C
:108150002046C3F800B005B0BDE8F08F274694E68E
:108160002278254602F0DF02502A00F0E880C9F8A4
:1081700000501AE70F9A002ACAD00098494600F02A
:10818000A1FA50240E9A00232046136005B0BDE8E2
:10819000F08FD9F808309E4280F2EA8009EB86021F
:1081A000731C0121022CC9F81030DDF804805161E4
:1081B00000F0CE80002B40F3008108EB830409F12E
:1081C0001801D9F814308C424FEA530340F215815C
:1081D00040460A6843EAC27340F8043B51F8043B46
:1081E0008C424FEA5303F4D8A4EB0902193A08F180
:1081F0000401900822F0030241F820300A4403B140
:108200000432A2EB08039B104245C9F8103000F07D
:10821000D780DAF808300BF1010B5B4565DA00987E
:10822000494600F04FFA0E9A0023A3241360C1E6DA
:10823000002099E6AB463AE62C1A494600982246B9
:1082400000F0A8FCDAF80830ABEB040B9B45814644
:10825000E5DCDAF804309B45BFF675AFA3EB0B0BFA
:1082600000F11402AB450192BFF63BAFC8E67A7845
:10827000B15C7D1C2F4600293FF419AE17F8012F81
:10828000B15C0029FAD10EE68C1C4FF00008EAE53B
:108290000124002E3FF458AFDAF80C30022B06D040
:1082A000032B08D0012B2DD044F010044CE70F9B7A
:1082B000C3F101030F930F9B002BF5D0019AD9F85E
:1082C0001060904602EB8600002104E042F8041B97
:1082D00090427FF65EAF13685F1CF7D00133022C2B
:1082E000136035D015F01F056ED121242CE7019FB6
:1082F0004FF0000864E60BF1FF34002E3FF482AE2D
:10830000012683E6B207CFD5019B1B681E43F30706
:10831000D4D4C9E72146484600F0E4FE064675E697
:10832000A11E484600F0DEFE00283FF4C5AE03263D
:10833000C3E6FFF725FD0224DAF804B0A9E74FF001
:10834000000B012308E60F9A002A7FF4E1AE14E740
:10835000DAF80030013BAB4243D02224F4E646F089
:1083600002060224D0E70224A5E74FF0010886E5C3
:10837000D9F804100098013100F07AF90746002876
:1083800041D0D9F8103002339A0009F10C010C30B9
:10839000F9F74AFB4946009800F094F93B6901213E
:1083A00007EB8302022C0B443B6107F11408516177
:1083B000B946CDD09E4295DAFCE60023C9F81030CC
:1083C0000023C9F8143024E708EB8606C5F1200520
:1083D00056F8040C00F026FAA84286DAD9F81030D4
:1083E000E8E66B1105F01F0558F823200123AB4088
:1083F000134214BF21242224A6E6C8F80030002B23
:10840000DBD04246FCE6064B06483A46842103F0A0
:1084100065F8034B03484A46E42103F05FF800BFC8
:10842000283100203C3100200139036811F8012F68
:1084300003F1010CA2B100B502E011F8012F5AB10D
:108440001CF8013BA3F1410EBEF1190F98BF203378
:108450009342F2D0002000BDC0F800C0012000BD52
:10846000C0F800C0012070472DE9F04F0B68154699
:108470005A1105EB820213F01F0385B00CBF904622
:1084800002F10408009382460CBF131F13460268D2
:10849000002048F8040C5178002900F0B3801C46F5
:1084A0009C46CDF804A00B46654E864601328146B7
:1084B00082464746214610E0202B00F29D80504521
:1084C00008DDA44502D2BEF1070F68DD65455DD326
:1084D0004FF0080E12F8013FCBB116F80380B8F147
:1084E000000FE9D00EF1010EBEF1080F00F10100FE
:1084F00041DCDCF800304FEA031B08F00F0848EAC3
:108500000B03CCF8003012F8013F002BE5D1B84640
:108510000B46002876D0A44502D2BEF1070F79DDC4
:1085200065455AD2291F624652F8040B41F8040FE0
:108530009A42F9D9A3EB0C02591C22F003020CF168
:10854000010C8C4588BF0022291D0A4400201146D9
:1085500004329A420860FAD958F8041C19B106E0AE
:1085600053F8042D1AB99D42FAD101232B6005203E
:1085700005B0BDE8F08F6545ACD24CF8049C4FF0D7
:10858000000BACF1040C4FF0010EB6E7ACF10404A3
:108590004CF8049C8246A4464FF0000E9AE7CEF1B8
:1085A000080E4FEA8E0ECDE902C7DCF80030E04637
:1085B000CEF1200B9446D8F8042002FA0BF71F43A3
:1085C00022FA0EF3C8F8007048F8043FA045F2D331
:1085D0006246039FDDF808C078E7009A58F8041C4B
:1085E000002ABBD0C2F120024FF0FF3020FA02F285
:1085F000114048F8041CB1E7292BDDF804A0B84667
:108600000B4603D0042005B0BDE8F08F0132CAF854
:1086100000207EE7CEF10802DCF800109200C2F1E3
:10862000200E66460846776807FA0EF1014327FADE
:1086300002F0316046F8040FA642F4D370E700BFA1
:10864000FC3E002082B049B15AB16BB113780B6087
:108650001278101E18BF012002B0704701A9002A2D
:10866000F3D1104602B070476FF00100F4E700BF8D
:1086700030B5436C83B005460C4653B153F8240023
:1086800088B1026843F824200023C0E9033303B013
:1086900030BD21220421FCF77DFD034668640028DB
:1086A000ECD10020F3E7012101FA04F35A1D9200F6
:1086B00028460193FCF76EFD0028F2D0019B446030
:1086C0008360E1E731B1436C4A6853F822000860E7
:1086D00043F82210704700BF2DE9F0410E6917469C
:1086E0000D461C4601F114024FF0000E11688BB2CA
:1086F00007FB03434FEA134C090C07FB01CC0EF1B7
:10870000010E9BB203EB0C43764542F8043B4FEA63
:108710001C44EBDC3CB1AB68B34207DD05EB8603E0
:1087200001365C612E612846BDE8F081696801313F
:108730008046FFF79DFF0746B0B12A69023205F176
:108740000C0192000C30F9F76FF9D8F844306A68E0
:1087500053F82210296043F822503D4605EB86036A
:1087600001365C612E61DEE7024B03483A46BA21CE
:1087700002F0B4FE28310020A03100202DE9F8439A
:10878000092B089C1E460546884617463CDD224BB1
:1087900006F10802A3FB02325208012300215B000C
:1087A0009A4201F10101FADC2846FFF761FF014618
:1087B00060B30123092F4461036113DC08F10A044B
:1087C0000927BE420BDDF61B264414F8013B0A22A2
:1087D000303B2846FFF780FFB4420146F5D10846FA
:1087E000BDE8F88308F10904A146B84414F8013B38
:1087F0000A22303B2846FFF76FFF44450146F5D17A
:1088000009EB0704083CDCE70021CDE70A46034BEF
:108810000348D32102F062FE398EE338283100206C
:10882000A0310020B0F5803F034636BF030400208E
:108830001020B3F1807F3CBF1B020830B3F1805F92
:1088400006D3B3F1804F0FD29A0012D40330704791
:108850001A01B2F1804F00F1040006D29B0108D446
:108860005B00F3D4202070471A46002AFBDB01305E
:1088700070470230704700BF0368590708D0DA0715
:108880001FD499072AD55B08036001221046704760
:108890009AB282B91B0CDAB2B2B11022190701D117
:1088A00004321B09990714D0D90701D401325B089F
:1088B000036010467047DAB24AB11A0717D1042292
:1088C000EFE700221046704718221B0AE6E708224D
:1088D000FBE7590707D502329B08E9E79B0802220C
:1088E000036010467047DB0804D12022CEE7DB0886
:1088F0000322DDE70332DBE738B5436C04460D465F
:108900004BB15868B0B102685A6000220123C0E937
:108910000323456138BD21220421FCF73BFC0346BB
:1089200060640028EDD1094B0948002240F245114E
:1089300002F0D4FD1C2201212046FCF72BFC00286C
:10894000F1D001220223C0E90123DEE72831002013
:10895000A03100202DE9F04F0F691569AF4285B0B5
:108960000E46904605DB2A4643463D468846174656
:108970001E46D8F80830D8F80410EC19A342B8BF46
:108980000131FFF775FE8446002800F09C8014300A
:1089900000EB840E704505D20346002143F8041B0A
:1089A0009E45FBD8143606EB870296427CD208F12E
:1089B000140707EB8505A5EB080308F11508A84582
:1089C000A3F11503CDE902E44FEA930A8CBF00241A
:1089D00001249146E34605E0090C34D1B14500F18C
:1089E00004005ED956F8041B8AB2002AF4D0CDE9FF
:1089F0000090B8468646002358F8041BDEF80000B5
:108A00001FFA81F94FEA114C81B202FB0911000CE7
:108A1000194402FB0C0000EB114089B241EA00410D
:108A200045454EF8041B4FEA1043E5D8DDE90090B8
:108A3000002C4FEA8A0208BF00220244536056F815
:108A4000041C090CCAD00368CDF800908846BC46C7
:108A5000864600221946BCF8009008FB092909EB5C
:108A600011499BB243EA09434EF8043B5CF8043BCE
:108A7000DEF800101B0C8AB208FB032303EB19433A
:108A800065454FEA1342E6D8002C4FEA8A02DDF82A
:108A9000009008BF00220244B145536000F1040079
:108AA000A0D8DDE902E4DC46002C02DC05E0013C54
:108AB00003D05EF8043D002BF9D06046CCF810409E
:108AC00005B0BDE8F08F034B034862464FF4B17127
:108AD00002F004FD28310020A0310020F8B512F08A
:108AE0000303144607462FD10E46A4102AD03D6C2E
:108AF000002D32D004F0010364103BB92868B8B1EE
:108B0000054604F001036410002BF7D02A463146D5
:108B10003846FFF71FFF36B17B6C716853F8212090
:108B2000326043F8216074B1064628680028E7D116
:108B30002A4629463846FFF70DFF002328600360C8
:108B40000546DEE73046F8BD013B0F4A52F82320C8
:108B50000023FFF7C1FD0646C7E701213846FFF7AE
:108B600087FD054640B1012340F27122C0E904327D
:108B7000002338640360BDE7044B05482A4640F2F1
:108B8000451102F0ABFC00BF7845002028310020E1
:108B9000A03100202DE9F0470D4691462E69AB68C3
:108BA000496806EB6216741C9C4207464FEA62183D
:108BB00004DD5B009C4201F10101FADC3846FFF75D
:108BC00057FD844600284FD0B8F1000F00F1140083
:108BD0000BDD08F105010CEB81010346002243F88F
:108BE000042B8B42FBD100EB8800296905F11403AB
:108BF00019F01F0803EB810E2ED0C8F120090246A0
:108C00004FF0000A196801FA08F141EA0A0142F836
:108C1000041B53F8041B9E4521FA09FAF2D8AEEB67
:108C20000503153B23F0030305F11502964538BFF4
:108C30000023043340F803A0BAF1000F00D13446FA
:108C40007B6C6A68CCF8104053F8221029606046AB
:108C500043F82250BDE8F087043853F8042B40F85D
:108C6000042F9E45F9D8EAE7034B044862464FF4C7
:108C7000EF7102F033FC00BF28310020A03100204A
:108C800003690A6900B5B3EB020E12D100F1140CAE
:108C900014310CEB820301EB820101E09C4508D208
:108CA00053F8040D51F8042D9042F7D003D24FF041
:108CB000FF3E704600BD4FF0010E704600BD00BF84
:108CC0002DE9F04F17460A693B69A2EB0308B8F19A
:108CD000000F83B00C4615D1143107F1140505EBD4
:108CE000830501EB830302E0994280F0858053F80D
:108CF000046D55F8042D9642F6D080F08A804FF02E
:108D0000010805E0FBDB3B464FF000080F461C4620
:108D10007968FFF7ADFC002800F086803A69266983
:108D2000C0F80C8007F1100107F11408834600F128
:108D3000140704F1140008EB820E944600EB86063B
:108D40000023B946C2460A46019450F8041B52F863
:108D5000045F8CB21FFA85F8A8EB0408090C98444C
:108D6000C1EB154101EB28411FFA88F848EA01449C
:108D7000864249F8044B4FEA2143E6D8A146019CBC
:108D8000301B1538153420F00300A64238BF0020F0
:108D90000AEB00010431C4198E4562460846DC46E0
:108DA00098BF23461AD9A7EB0A070434C61950F80E
:108DB000045B13FA85F82B442D0C05EB28459BB278
:108DC00043EA05498645C6F800904FEA2543EDD8A9
:108DD0000EF1FF335B1A23F003032344B9F1000FB4
:108DE00004D153F8041D013A0029FAD06046CCF8AA
:108DF000102003B0BDE8F08F0021FFF739FC844656
:108E000058B101220023C0E90423604603B0BDE845
:108E1000F08F3B4627461C467AE7074B07486246D9
:108E200040F2372102F05AFB0246034B034840F25E
:108E3000452102F053FB00BF28310020A031002063
:108E400082B08DED000B019A154B1340A3F15073C6
:108E5000002B06DD00221946104641EC100B02B033
:108E600070475B42B3F1A07F4FEA235209DA4FF417
:108E70000023134100221946104641EC100B02B0AA
:108E80007047A2F114031E2BDABF4FF00042DA4004
:108E9000012200231946104641EC100B02B0704726
:108EA0000000F07FF8B5036900F114040F4604EBED
:108EB00083010D1F51F8046C3046FFF7B3FCC0F17D
:108EC00020030A283B6034DDAC42A0F10B031AD228
:108ED00051F8080C2BB3C3F1200C9E4020FA0CF281
:108EE0001643A1F108059840AC4246F07F5343F485
:108EF00040131AD251F80C1C21FA0CF10843024617
:108F000043EC102BF8BD0B280AD006FA03F141F010
:108F10007F53002043F44013024643EC102BF8BD6E
:108F2000002046F07F5343F44013024643EC102BDD
:108F3000F8BDAC4238BF51F8081CC0F10B0C00F171
:108F4000150026FA0CFE34BF21FA0CF1002106FAB6
:108F500000F04EF07F53084343F44013024643ECC5
:108F6000102BF8BD2DE9F043894683B0012157EC61
:108F7000106B9046FFF77CFB0446002846D0C7F3F1
:108F80000A55C7F313030DB143F480130193331E45
:108F900015D101A8FFF770FC019B6361012120300E
:108FA000216115B3A5F233450544C0F13500C9F878
:108FB0000050C8F80000204603B0BDE8F0836846C2
:108FC0000093FFF759FCDDE9002328B1C0F120012F
:108FD00003FA01F10A43C340002B0CBF0121022117
:108FE0006261A3612161002DDCD104EB8103A0F259
:108FF0003240C9F800001869FFF714FCC0EB4110BB
:10900000C8F80000204603B0BDE8F083034B0448D5
:10901000224640F20F3102F061FA00BF28310020F1
:10902000A0310020F0B583B00E4669460746FFF731
:1090300039FF01A9304655EC104BB0EE407BFFF7ED
:1090400031FF33693A69D21ADDE900315B1A03EB6B
:109050004213002B09DD17EE902A02EB035545EC75
:10906000174B87EE000B03B0F0BD10EE902A51ECC9
:10907000100BC3EB033302EB035141EC100B87EEF3
:10908000000B03B0F0BD00BF0139491101F1010C23
:10909000116902F1140303EB81018B4200EB8C0C8C
:1090A00016D210B5A0F1040E53F8044B4EF8044F3D
:1090B0009942F9D8891A153921F00301043008447E
:1090C000844504D9002340F8043B8445FBD810BDF7
:1090D000844505D9002340F8043B8445FBD87047FC
:1090E000704700BF03694A11934200F1140009DA86
:1090F00000EB830302E053F8042D82B98342FAD8CF
:109100000020704700EB8203F8DD11F01F01F5D05D
:1091100050F822C02CFA01F28A409445EED001208A
:10912000704700BF49B1FF2A02D80A70012070477A
:109130008A2303604FF0FF3070470846704700BF36
:10914000000000002DE9F04F2DED028BD1B00C4650
:10915000079190460993824602F076F903681193CD
:109160001846FEF7EFFB08221090002120A8FEF71A
:1091700049F8A389180603D52369002B01F06E80F6
:1091800000239FED728BCDE92533CDE9143327AA57
:109190000D932492174612931393059345462C463C
:1091A0006C4BD3F8CC61FEF7E3F820AA034600929B
:1091B0001AA922465046B047002800F09880C0F215
:1091C0008E801A9A252A034601D01C44E8E7B4EBA6
:1091D0000508064640F08F8000234FF0FF328DF8DF
:1091E0005F309B46069301342378049201349946FC
:1091F000A9F120035A2B00F2AF80DFE813F0FE0242
:10920000AD00AD00FA02AD00AD00AD00DD02AD0075
:10921000AD00A802B702AD00B302C002AD00BC02AF
:109220005B005B005B005B005B005B005B005B0066
:109230005B00AD00AD00AD00AD00AD00AD00AD0018
:109240002101AD009C01AC03210121012101AD00F0
:10925000AD00AD00AD00A803AD00AD000803AD004A
:10926000AD00AD007302AD006103AD00AD00980725
:10927000AD00AD00AD00AD00AD00AD00AD00AD0086
:109280002101AD009C018701210121012101ED0394
:1092900087016C00AD000804AD00F8033D04130421
:1092A0006C00AD0073026A008303AD00AD00FB07E4
:1092B000AD006A00A9F13003002214F8019B02EB13
:1092C000820203EB4202A9F13003092BF5D9069281
:1092D0008EE723788AE723784BF0200B86E7082275
:1092E000002120A8FDF78EFF01231C4458E7B4EBB2
:1092F0000508064610D02599269B013143440729CD
:10930000C7E900582693259117DC0837059B43448D
:109310000593002E7FF460AF269B002B41F0038362
:10932000079B9B8903F04003002B41F0CF860598F3
:1093300051B0BDEC028BBDE8F08F079924AA5046CE
:1093400001F022FF0028EBD127AFDFE7000000008B
:10935000000000000C4F0020B9F1000FDCD000230A
:10936000CDE90B3301228DF8DC908DF85F30089346
:109370000A9204930E9337AD0292269A1BF084034F
:10938000904600F005819DF85F1009B3DDF894C0A8
:1093900000260CF1010101200132786007290DF14E
:1093A0005F00CDE92512386000F33E8408377EB1B6
:1093B000DDF894C00CF1010118A8023238600729C9
:1093C0004FF00200CDE92512786000F320840837C1
:1093D000802B00F06583049B0A995E1A002E00F32F
:1093E000E8801BF4807F40F021810A9B7B601A4457
:1093F000259B3D600133072B2692259300F3BC8308
:1094000008371BF0040F05D0069B02995D1A002D4A
:1094100000F31884DDE9053102988142ACBF5B1886
:109420001B180593002A40F0778300232593089B9F
:109430001BB108995046FEF797FB27AF2546AEE6CD
:10944000099B073323F00703B3EC028B9FEDA17B4D
:10945000B0EEC86BB4EE476BF1EE10FA099300F36F
:109460003986B4EE488BF1EE10FA81F14685B9F1F8
:10947000610F01F07A83B9F1410F01F07084049B10
:10948000013301F07F82B9F1670F18EE903A4BF487
:10949000807801F0F584B9F1470F01F0F1840023E1
:1094A000089318EE903A002BC1F20885B0EE487B85
:1094B0000026A9F14103252B01F2DD81DFE813F03D
:1094C000A50CDB09DB09DB09700ADD0ADB09DB0916
:1094D000DB09DB09DB09DB09DB09DB09DB09DB096C
:1094E000DB09DB09DB09DB09DB09DB09DB09DB095C
:1094F000DB09DB09DB09DB09DB09DB09DB09DB094C
:10950000A50CDB09DB09DB09700ADD0A1BF0200F63
:1095100040F0DE85099A1BF0100F52F8046B41F001
:109520001C861BF0400F099201F08E8046F3C03874
:10953000434636B21FE2B9F1430F03D01BF0100FC0
:1095400000F065860822002122A8FDF75BFE099A3B
:1095500037AD126822AB2946504602F089FF0A90C7
:10956000013001F0AE850A9B23EAE3730293099B65
:10957000269A043309930023CDE90B338DF85F302D
:10958000089304930E931BF0840390467FF4FBAE84
:109590000699029E8E1B002E00F321849DF85F1019
:1095A00000297FF4F3AE049B0A995E1A002E7FF720
:1095B00018AF4A49259B0F91102E27DD39464FF0F1
:1095C000100837462E462546079C04E0103F102F12
:1095D00001F1080116DD013340481032072BC1E9C3
:1095E0000008CDE92532F1DD24AA2146504601F0DC
:1095F000CBFD002840F09882103F102FDDE9253286
:1096000027A9E8DC2C4635463E460F4601330F9924
:1096100039603244072BCDE925327E6000F3648443
:109620001BF4807F07F108073FF4DFAEB9F1650F47
:1096300040F3AC82B5EE408BF1EE10FA40F052836D
:10964000259B27493960013301320121072B2692DE
:109650002593796000F37F870837199B0D998B421A
:1096600080F2EB84109B11991A44C7E90013259BE3
:1096700026920133072B259300F3D38508370D9BE2
:109680005D1E002D7FF7BDAE1449259B0F91102D57
:1096900040F39787A146DDF81C8010260C4604E0B5
:1096A0000837103D102D40F38B8701331032072B04
:1096B000C7E90046CDE92532F2DD24AA41465046ED
:1096C00001F062FD002840F02F82DDE9253227AF4E
:1096D000E7E700BFFFFFFFFFFFFFEF7F7C460020B3
:1096E000B00D0020DDF8248058F8045B00238DF8CD
:1096F0005F30002D00F0A185B9F1530F00F03787DE
:109700001BF010030B9340F03287049B002BC1F237
:10971000FC801A460B992846FEF7B4F89DF85F3096
:109720000890002801F04884089A521B0A9222EA05
:10973000E27202920BB1013202920B9BCDF82480AF
:1097400004930E930C9308934FF0730915E6099B4D
:1097500053F8042B0692002A80F27584069A099326
:109760005242069223784BF0040B3FE52B238DF8F1
:109770005F3023783AE523784BF0800B36E52146BD
:1097800011F8019BB9F12A0F01F09084A9F130037F
:10979000092B98BF002201F2DD8211F8019B02EB38
:1097A000820203EB4202A9F13003092BF5D942EA08
:1097B000E27304930C461BE5504601F045FE4368F6
:1097C00013931846FEF7BEF815900646504601F072
:1097D0003BFE826823781492002E3FF407AD002AE6
:1097E0003FF404AD1278002A3FF400AD4BF4806BD7
:1097F000FCE423784BF0010BF8E49DF85F2023781C
:10980000002A7FF4F3AC20228DF85F20EEE41BF0F9
:10981000200F4BF0100000F02884099B073323F041
:1098200007031A46596852F8083B099200228DF83E
:109830005F20049A002A18DB53EA010220F4906B9F
:1098400015D1049A9AB910F001031A46029300F058
:10985000738630238DF83F31049B0A92CDE90B3398
:109860000E9308930DF23F1587E520F4806B50AD01
:1098700003F00702DB0843EA4173C908303253EAB8
:109880000106284605F8012DF2D11BF0010F00F06A
:109890001582302A00F012823023049905F8013C29
:1098A000023850AB1B1A99424FF00002B8BF19465C
:1098B000CDE90B2208920A93054602910E925CE5CF
:1098C0001BF0200F4BF0100121D1099B1A1D099BA1
:1098D00004981B684FF0000840458DF85F801E46D5
:1098E00059DB21F0800B002B40F08C850992002879
:1098F00040F0E983CDE90B000A900E9002900890A9
:1099000050AD3AE51BF0200F00F0BE835946099B8D
:10991000073323F0070200238DF85F30049BD2F851
:10992000048052F8086B0992002B35DB56EA0803D5
:1099300021F0800B31D1049B002B40F0C483CDE992
:109940000B330A930E930293089350AD15E52378D9
:109950004BF0080B4AE41BF0200F4BF0100300F013
:109960007A83099A073222F007029B46536852F81D
:10997000086B09929846002BC0F2C282049A002A12
:109980000BDB56EA08032BF0800B06D1002A00F00F
:109990004187302607E009928B460A2E78F10003B2
:1099A00080F0BF823036049A9DF85F308DF83F61B9
:1099B000012AB8BF0122029201220A920DF23F153C
:1099C000002B01F06D83029B013302930023CDE94C
:1099D0000B3308930E93D0E42378682B03BF63788E
:1099E0004BF4007B01344BF0400BFFF7FFBB099AAF
:1099F0001BF0200F02F1040300F088831268059920
:109A00001160C917516009932546FFF7C8BB237839
:109A10006C2B03BF63784BF0200B01344BF0100B21
:109A2000FFF7E4BB099A049E52F8041B002047F696
:109A300030038642ADF860308DF85F000B46C0F20F
:109A4000DB832BF0800545F0020B002940F0D68324
:109A5000002E00F0E686099230230122CDE90A218A
:109A60000E918DF83F3102960DF23F154FF07809B7
:109A70008E4608910C91A5E31BF0200F40F0258342
:109A8000099A1BF0100F52F8043B41F05E831BF063
:109A9000400F00F0E9859BB2099258460021C5E6C7
:109AA000069B02995E1A002E7FF795AC8B49259B89
:109AB0000F91102E24DD38464FF010082F4619461E
:109AC0002546864C04E0103E102E00F1080013DD00
:109AD000013110320729C0E90048CDE92512F2DD35
:109AE000079924AA504601F04FFBE8B9103E102E0A
:109AF000DDE9251227A8EBDC2C460B463D46074640
:109B000001330F9939603244072BCDE925327E604D
:109B100000F3638508375EE4079924AA504601F0F4
:109B200033FB00283FF481AC089B002B3FF4F8ABDB
:109B300008995046FEF718F8079B9B8903F04003ED
:109B4000FFF7F2BB109B11991A44C7E90013259B3C
:109B500026920133072B259300F3068707F10801AE
:109B60000028C1F21E810D980D6001330244072BBD
:109B7000CDE92532486046DD079924AA504601F018
:109B800003FB0028D0D1269A27AF3AE40D98259BF5
:109B9000012802F1010203F1010307F1080140F37A
:109BA00064810120072BCDE925323D60786000F308
:109BB0002C821098119E01330244072BC1E90060EA
:109BC000CDE9253200F32D8208310D98B5EE408B9A
:109BD000F1EE10FA00F1FF3600F05F81013301353C
:109BE0003244072BCDE925320D604E6000F34981E8
:109BF00008311298486001330244072B1CA8CDE9B4
:109C000025320860B8DC01F10807FFF7FABB0799B5
:109C10000F9324AA504601F0B7FA002884D1269A5F
:109C20000F9B27AFFFF7D4BB07990F9324AA504689
:109C300001F0AAFA00287FF477AF269A0F9B27AF8E
:109C4000FFF7B5BB102D259B41F3D580A046DDF86D
:109C50001C90234C102604E0103D102D07F108073E
:109C600015DD01331032072BC7E90046CDE9253257
:109C7000F2DD24AA4946504601F086FA00287FF416
:109C800053AF103D102DDDE9253227AFE9DC214629
:109C90004446884601332A44072BC7E90085CDE9AD
:109CA00025327FF7B7AB079924AA504601F06CFA2A
:109CB00000287FF439AF269AFFF7ACBB049950AA6D
:109CC000521B91424FF00003B8BF1146CDE90B3350
:109CD00008930A9202910E93FFF74FBB7C46002037
:109CE000604100201998002840F300840B9B0D99D7
:109CF0008B42A8BF0B46002B98460ADD1A44C7E9E1
:109D00000053259B26920133072B259300F3B4873C
:109D100008370B9EB8F1000FA8BFA6EB0806002E6F
:109D200000F3AB820B9B1BF4806F03EB050940F043
:109D3000CA82199B0D998B4203DB1BF0010F00F0C7
:109D40007D85109911980A44C7E90001259926924A
:109D500001310729259100F39B8708370D996E186B
:109D6000A6EB0906CD1AAE42A8BF2E46002E0BDD8B
:109D7000259BC7F8009001333244072B7E60269262
:109D8000259300F3D3870837002EA8BFAD1B002D05
:109D90007FF737ABB949259B0F91102D40F3118404
:109DA000A146DDF81C8010260C4604E00837103D63
:109DB000102D40F3058401331032072BC7E900460C
:109DC000CDE92532F2DD24AA4146504601F0DCF906
:109DD00000287FF4A9AEDDE9253227AFE7E7259912
:109DE000102E404640F361870F943A46A846079CE0
:109DF000A34D1F4604E0103E102E02F1080216DDAE
:109E00000131103010230729CDE92510156053606A
:109E1000F1DD24AA2146504601F0B6F900287FF46E
:109E200083AE103E102EDDE9251027AAE8DC3B4664
:109E30000F9C17462A464546904601F1010C321800
:109E4000BCF1070FCDE925C2C7F800807E6000F3A2
:109E500036839DF85F100837002940F0F880002B0A
:109E60003FF4B9AA0B46FFF7A5BA1BF0010F7FF428
:109E700098AE0120072BCDE925323D6078607FF751
:109E8000B8AE079924AA504601F07EF900287FF465
:109E90004BAEDDE9253227A9ABE60D9801287FF707
:109EA000A8AE112875480F9040F3B783A046079FCE
:109EB0001025044604E00831103E102E40F3AC8318
:109EC00001331032072BC1E90045CDE92532F2DD1F
:109ED00024AA3946504601F057F900287FF424AEF1
:109EE000DDE9253227A9E7E7079924AA504601F0C2
:109EF0004BF900287FF418AE269A27AFFFF771BA06
:109F00002D238DF85F30049B764268EB4808002BC8
:109F1000FFF643AD0A2E78F100032BF0800BFFF41F
:109F200041AD0294CDF8289050A9DDF850900897E3
:109F30004FF0000C0BF4806426E016EB0803514848
:109F400043F10003A0FB032020F0030202EB900288
:109F50009B1AF31A4B484FF0CC32B646474602FBE9
:109F600003F268F1000800FB0822A3FB0063BEF1C6
:109F70000A0F13444FEA560677F10007294646EACE
:109F8000C3764FEA53082DD33E4D16EB080343F139
:109F90000003A5FB032020F0030202EB90029B1AB2
:109FA000F31AA3FB053268F1000005FB00225B08F1
:109FB00043EAC27303EB8303A6EB430330330CF194
:109FC000010C01F8013C4D1E002CB6D099F8003070
:109FD0006345B2D1BCF1FF0FAFD00A2E78F1000378
:109FE00080F0B3830499029CCDF8509050AB5A1B7B
:109FF0009142B8BF1146DDF82890089F9DF85F3068
:10A00000CDF834C00A920291DAE4079924AA5046A6
:10A0100001F0BAF800287FF487ADDDE9253227A9E1
:10A02000C7E5079924AA504601F0AEF800287FF44E
:10A030007BADDDE9253227A9C7E51BF0010F3FF411
:10A04000E0A9FFF70FBB09932378FFF7CFB81E46AF
:10A050000023FFF79EB9099A0432099909920E6804
:10A060004FEAE6789B46434685E4099B1A1D099B07
:10A0700009921B680021FFF7D9BB00BF7C46002076
:10A0800060410020CDCCCCCC099A1BF0100052F8D6
:10A09000043B41F057801BF0400100F0A8818DF88F
:10A0A0005F009BB204994FF0000841451E46C0F284
:10A0B000A9812BF0800B002B40F0A481049B099216
:10A0C000002B3FF43CAC00266CE45846FFF7A5BBE0
:10A0D0005B4646E4B5EEC08BF1EE10FA2BF0800B38
:10A0E00000F11E839DF85F30B9F1470FCCBFA44D3E
:10A0F000A44D002B40F052870322CDE90B33089387
:10A100000A9204930E930292FFF737B91BF0100FD7
:10A1100040F07C821BF0400F40F0A7831BF4007FCF
:10A1200000F07482099A0599126811706BE4964EDA
:10A130001BF0200F00F07D81099B073323F00703FC
:10A140001A46586852F8083B09921BF0010140F08A
:10A150005C81049A8DF85F10002AC0F28B8153EA6B
:10A1600000022BF4906B00F0948103F00F02B25CBC
:10A170008DF83F211B0943EA0073020953EA1010CE
:10A180000DF23F150BD003F00F001B09305C05F8F2
:10A19000010D43EA0273120953EA0200F3D1049A53
:10A1A00050AB4FF0000E5B1B9A42CDE90BEEB8BFEF
:10A1B0001A460A930292CDF820E0CDF838E0002943
:10A1C0003FF4DBA8029BDDE925C2023302931BF0BA
:10A1D00084039046614604D1069E0298361A002EEA
:10A1E00006DCBEF1000F3FF4E5A80226FFF7D1B868
:10A1F0000223F5E5654E9BE74BF0020B0992634E97
:10A2000003F00F020221B25C4FF07809B0E7099B1E
:10A210001B688DF8DC30012302930A9337ADFFF7FA
:10A22000A6B9079924AA504600F0AEFF00287FF493
:10A230007BAC269A27AFFFF722BA049B0895062B22
:10A2400028BF062302930A932B460495CDE90B33CE
:10A250004F4DCDF824800E93FFF78FB84021504624
:10A26000FAF7E4FF079B18601861002800F0608788
:10A27000079A40235361FEF783BF102E259B40F3BE
:10A280002E874448DDF81C800F9039464FF01009A6
:10A29000074604E00831103E102E40F32B820133B4
:10A2A0001032072BC1E90079CDE92532F2DD24AA6D
:10A2B0004146504600F068FF00287FF435ACDDE9E8
:10A2C000253227A9E7E70D9BDDF83880CDF83CB0B3
:10A2D000EB1804930C9BDDF81CB00B94002B4E463E
:10A2E0003946DDF85090159F0E9531DDB8F1000F1D
:10A2F00040F32B8108F1FF382598139B01303A4435
:10A300000728C1E900372692259000F39F80083185
:10A31000049B99F800009D1B8542A8BF0546002DAF
:10A320000CDD259801302A440728C1E900652692F2
:10A33000259000F35E8199F800000831002DACBF34
:10A34000441B0446002C14DC06440C9B002BCDDC83
:10A35000B8F1000FCEDCDDE90D35EB189E42CDF8EB
:10A3600050900B9CDDF83CB0B1460F4628BF994693
:10A37000DFE4102C2598074B2BDD10250A9310E005
:10A38000CC300020FC3100201832002004320020A4
:10A390002C3200207C460020103C102C01F10801DA
:10A3A00016DD0130AE4B10320728C1E90035CDE98A
:10A3B0002502F1DD24AA5946504600F0E5FE0028AA
:10A3C0007FF4B2AB103C102CDDE9250227A9E8DCB4
:10A3D0000A9B0B60013022440728CDE925024C601E
:10A3E00000F3588399F8000008310644ADE71BF4E8
:10A3F000007840F0328204998DF85F8000291E4673
:10A40000BFF657AE0992FFF7C8BA53EA000237D039
:10A4100030228DF8602000228DF85F20049A8DF89C
:10A420006190002A23DB2BF4906242F0020B0221A0
:10A430009BE6099A1BF0100F52F8043B099214D1C5
:10A440001BF0400F0DD09BB200207EE624AA594697
:10A45000504600F099FE00287FF466AB269A27A9A3
:10A4600056E71BF4007F40F0F58100206DE64BF0CD
:10A47000020B022103F00F022BF4806BB25C77E633
:10A48000049B00218B428DF85F10C0F241812BF4B8
:10A49000906B049A002A00F0CB80012A33788DF863
:10A4A0003F31B8BF0122002302920122CDE90B33D4
:10A4B00008930A920E930DF23F15FEF75EBF0799BF
:10A4C0000F9324AA504600F05FFE00287FF42CABC7
:10A4D0009DF85F10269A0F9B002900F0AC801E4665
:10A4E000DDF894C0034627AFFEF753BF259B5D49B7
:10A4F0003960013301320121072B269225937960BF
:10A5000000F37C81083700287FF41CAB0D990BF019
:10A5100001030B433EF475AF109B11991A44C7E930
:10A520000013259B26920133072B259300F31C82F1
:10A5300007F10801FFF717BB049B0A93CDE90B3322
:10A540000E93089350ADFEF718BF0C9B013B09F129
:10A55000FF390C93D0E6079924AA504600F014FE68
:10A5600000287FF4E1AA269A27AFFFF776B80822E1
:10A57000002122A81B95FCF745FE049B002B7DDBE8
:10A5800000260294CDF82080344698460EE037A984
:10A59000504601F06DFF411C204400F0948440457A
:10A5A00009DC06F1040600F0008504461B9A925966
:10A5B00022AB002AEBD10A94DDF82080029C6AE0ED
:10A5C0004C4601330F9939602A44072B7D60CDE951
:10A5D00025327EF715AFFFF7CFBA079924AA504668
:10A5E00000F0D2FD00287FF49FAA269A27AFFEF73D
:10A5F000F2BE24AA5946504600F0C6FD00287FF45A
:10A6000093AA99F80000269A27A997E6099A05992E
:10A6100012681160FFF7F7B9444601330F980860DC
:10A620003244072BCDE925324E607FF7E1AA28E4BA
:10A63000049BFFF784B9002B00F00981DDF894C07A
:10A640000B4627AFFEF7B6BE1BF4007F16BF46F3DE
:10A65000C0184FEAE67876B24346FFF78CB900BFE0
:10A660007C460020B00D00201BF4007100F0F98042
:10A67000DBB2099258460021FFF7D8B822AB00930D
:10A6800000231BAA1946504601F01AFF0A90013018
:10A6900000F019841B950A9B002B00F09F80632B10
:10A6A00000F34C810023089337AD0822002122A833
:10A6B000FCF7A8FD0A9E22AB00931BAA334629464D
:10A6C000504601F0FDFE864240F042850A9A002382
:10A6D000AB5422EAE27202929DF85F20049312B119
:10A6E000029A01320292CDE90B33CDF824800E9309
:10A6F000FEF743BE0F4601330F9939603244072BF2
:10A70000CDE925327E6000F323810837FFF70ABBCD
:10A7100033788DF83F312BF4806B0DF23F153EE519
:10A720002D238DF85F30B9F1470F4FF000030893E8
:10A73000049340F3E6800322964D0A92CDE90B3351
:10A740000E9304230293FEF718BE159A1399AD1ABF
:10A750002846FCF7D7FD99F801300BB109F1010942
:10A760008D4A16EB080343F10003A2FB030727F011
:10A77000030000EB97001B1AF31A4FF0CC3168F17D
:10A78000000803FB01F102FB0811A3FB02300144A6
:10A790005B0843EAC1764FEA510816EB080343F120
:10A7A0000003A2FB031020F0030101EB90015B1AF0
:10A7B000F31AA3FB023168F100005B0802FB0012F0
:10A7C00043EAC27303EB8303A6EB4303303305F87C
:10A7D000013C4FF0010C013DFFF7F8BB9DF85F30E5
:10A7E000CDF82480003B18BF012302930A9B0493F9
:10A7F000CDE90B330E930893FEF7BFBD079924AA4A
:10A80000504600F0C1FC00287FF48EA91998269AC2
:10A8100027AF78E69DF85F3002920A9250ADFFF7BD
:10A82000CFB8049B0992CDE90A330E930C9302939F
:10A8300050AD4FF078099E460893C3E46E18A6EB1E
:10A840000906CD1AAE42A8BF2E46FFF79DBA27AF24
:10A85000FEF7C1BDDBB2002077E48DF85F10DBB2FC
:10A8600020E409925846FEF7E1BF099A059912685B
:10A870001180FFF7C8B822AB01931BAB0093B0EE79
:10A88000470B049A19AB022150468DED027B00F074
:10A89000D9FE9DED027B05461BF0010F40F055826D
:10A8A000229B5A1B199B0D92D81C0B93C0F201825C
:10A8B00004999942C0F20B819A4200F392820B9B59
:10A8C0000A931BF4806F03D00B9B002B00F32D83A6
:10A8D0000A9B23EAE373C34602934FF06709002300
:10A8E0000E930C930BF00201002E00F0CA804FF083
:10A8F0002D0E8DF85FE0029B013302930023049339
:10A900005DE40322254D0A9218E72846FDF71AF860
:10A910009DF85F300A9020EAE0720292002B3EF42C
:10A920000CAFFEF708BF079C24AA2146504600F052
:10A930002BFCA38903F04003FEF7F6BC591C5046DC
:10A94000FAF774FC0546002800F0F6830890ACE6A0
:10A95000079924AA504600F017FC00287FF4E4A8C9
:10A96000269A27AFFFF7DEB9079924AA504600F0D0
:10A970000BFC00287FF4D8A8DDE92532199827A917
:10A98000FFF7EEB800230893062304934BF4807876
:10A99000FEF787BDCC300020CDCCCCCCFC310020E4
:10A9A000049B01330D93022122AB01931BAB009357
:10A9B000B0EE470B19AB0D9A50468DED027B00F0BF
:10A9C00041FE0D9B29F0200CBCF1460F9DED027B52
:10A9D000054600EB030100F09880B5EE407BF1EEF8
:10A9E00010FA00F0D882229B994288BF4FF0450CA4
:10A9F00040F2CF8230205A1C22921870229B8B4248
:10AA0000F9D35B1B0D93BCF1470F199B0B9356D0E9
:10AA1000BCF1460F00F08F800B9B8DF87090013BCE
:10AA2000002B1993C0F24C812B22092B8DF8712039
:10AA300000F34F8130228DF872200DF17302303314
:10AA400002F8013B1CABD31A12930D9B129A012BF7
:10AA50001A440A9240F341820A9B109A13440A93C3
:10AA60000A9A2BF4806343F4807B22EAE27200238B
:10AA7000CDE90B330E93029234E7049B0D9303212F
:10AA800092E79DF85FE0BEF1000F7FF434AF0496CB
:10AA9000FFF795BB24AA5946504600F075FB0028E5
:10AAA0007FF442A899F80000269A27A906444CE4AE
:10AAB000199B0B934B1BBCF1470F0D933BD10B9B89
:10AAC0000333C0F2F680049B0B9A93420FDA0B9B80
:10AAD000013BA9F10209002B8DF870901993A3DABC
:10AAE0000B9B2D22C3F101038DF87120A2E70D9B72
:10AAF0000B9A934200F375811BF0010F0B9B00F042
:10AB0000B282109A13440A93DBE62B78302B00F0C4
:10AB10006182199B1944B5EE407BF1EE10FAC7D063
:10AB2000229B8B42FFF466AF5B1B0D93BCF1470F7A
:10AB3000199B0B93C3D00B99049A0BF001030029C6
:10AB400043EA020340F3CF82002B40F01A820B9BB2
:10AB50000A934FF066091BF4806F40F0E8810A9B6E
:10AB600023EAE373C3460293B9E647F63003ADF830
:10AB70006030049B632B4BF0020B00F35C8118EEFA
:10AB8000903A002BC0F23B81B0EE480B19A800F0C0
:10AB900061FCB4EE007B20EE077BB5EE407BF1EE6E
:10ABA00010FA40F0408201230026199337AD089631
:10ABB000AE480499B3EE004B2B4606E0B5EE407B61
:10ABC000F1EE10FA00F00F82114627EE047BFDEE45
:10ABD000C76B4A1E16EE90CA10F80CE0B8EEE65BA2
:10ABE0009C4637EE457B03F801EB0029E6D1B6EE33
:10ABF000005BB4EEC57BF1EE10FA08DCB4EE457BE9
:10AC0000F1EE10FA1ED116EE902AD2071AD5CDF821
:10AC100088C013F8011C90F80FC08C451A460AD161
:10AC20004FF0300E02F801EC229A511E229112F8D8
:10AC3000011C6145F6D0392916BF0131817AC9B2AC
:10AC400002F8011C199A5B1B0D93B9F1610F02F117
:10AC5000FF33199300F01F8250214FF04109002B60
:10AC60008DF87010C0F20E822B22092B8DF8712006
:10AC70002FDC0DF17202E2E6079924AA504600F09B
:10AC800083FA00287EF450AF269A27AFFFF741B829
:10AC9000079924AA504600F077FA00287EF444AFC2
:10ACA000199B269A27AFFFF759B8DFF8CC81FFF739
:10ACB000C4B80B9BA9F10209013B8DF87090199360
:10ACC0000B9A2D238DF87130C2F101030832BFF6C3
:10ACD000B1AE0DF17F0CDFF8A4E162461046AEFB89
:10ACE0000312D20802EB8201A3EB41013031632B46
:10ACF00000F8011C134600F1FF32EFDC303302F89C
:10AD0000013C831E634580F0C8810DF1710213F888
:10AD1000011B02F8011F6345F9D103F5A0736B44D1
:10AD2000CC3B1B1A1CAA9B1A12938EE6079924AAE5
:10AD3000504600F029FA00287EF4F6AE199D0D9BCE
:10AD4000269A5D1B27AFFFF71FB8049B4FF0470CF7
:10AD5000E918E0E600230C460493FEF749BA45F6ED
:10AD60003003ADF86030049B632B4BF0020B62DCC8
:10AD700018EE903A002B42DBB0EE480B19A800F019
:10AD800069FBB4EE007B20EE077BB5EE407BF1EE75
:10AD900010FA01D10123199300263548089637ADE2
:10ADA00007E74642103033480F9052DA10278046AA
:10ADB00003E00831103E102E4BDD01331032072B1B
:10ADC000C1E90087CDE92532F3DD079924AA504671
:10ADD00000F0DAF900287EF4A7AEDDE9253227A9D4
:10ADE000E8E70D9B109A9A180B9B0A92002B79DDCD
:10ADF0004FF06709AFE6DFF88080FEF74BBF002316
:10AE0000089337AD2D26B1EE487BB0EE470B19A85D
:10AE100000F020FBB4EE007B20EE077BB5EE407B1C
:10AE2000F1EE10FA04BF01231993B9F1610F3FF459
:10AE3000BFAE0F48BDE6049B5046591CFAF7F6F921
:10AE40000546002800F03D8108904BF48078FEF71D
:10AE500028BB01330F9808603244072BCDE9253217
:10AE60004E6000F302810831FEF77DBE04320020FF
:10AE7000183200207C46002060410020CDCCCCCC94
:10AE8000049A002A00F0D480002BC0F22481B0EE96
:10AE9000487B002622AB01931BAB0093B0EE470B1F
:10AEA00019AB049A022150468DED027B00F0CAFBDB
:10AEB00000239DED027B05460893EDE42D26B1EEBF
:10AEC000487BFEF7F6BA079B9B890022089243F065
:10AED0004003079A9381FEF727BE1BF0010F3FF452
:10AEE000BFADB9E5C3F101031A4422EAE273C346D8
:10AEF0000A9202934FF06709F1E418EE903A13F0CA
:10AF000000432BF0800B0B9300F09A802D238DF8DB
:10AF10005F30B9F1470F4FF000030893049340F3FB
:10AF2000F8800322944D0A9208E44FF067091499BF
:10AF30000B78FF2B00F0F88000200B9A0E908446CF
:10AF400003E001300131FF2B09D0934207DAD21A16
:10AF50004B78002BF5D10B780CF1010CF3E7CDE920
:10AF60000B201491CDF838C00C9A0E9B1599134400
:10AF70000A9A01FB03230A9323EAE373C34602936D
:10AF8000B0E4109B02EB01094B440A934FF06609B1
:10AF9000E1E55B1B0D93199B0B933DE50023032219
:10AFA00008930A920493FFF7C9BB049B029CDDF847
:10AFB00020800A93FFF76FBBCDF824801BB3049B5E
:10AFC0000A935A1C029204900E900C904FF0730951
:10AFD000FEF7D3B9B5EE407BF1EE10FA1ED1199B06
:10AFE0000B93194466E5002A0491FFF62BAE0499F1
:10AFF000302001EB030C194601F8010B6145FBD130
:10B000001A44531C1EE6049B0A930293089B0E935A
:10B010000C9304934FF07309FEF7AFB90D9BC3F186
:10B020000103199376E500265448089637ADC0E52C
:10B03000934273DBB0EE487B0123049E049329E71F
:10B040009DF85F30B9F1470FCCBF4B4D4C4D002BF5
:10B0500040F08680032204930A920E930C93089387
:10B060000292FEF78AB90A932BE4079924AA504664
:10B0700000F08AF800287EF457ADDDE9253227A9D3
:10B08000FEF771BD2D238DF87130C2F10103083236
:10B09000FFF61FAEEDE57021E1E502231293D4E443
:10B0A000CDE90B3308930E93FEF767B9099A6378DD
:10B0B0000C4652F8041B099241EAE1710491FEF733
:10B0C00095B8079A938943F0400393814FF0FF337B
:10B0D0000593FEF72CB92D26B1EE487BDAE6294917
:10B0E0000F91FFF708BBC34633B9012302934FF01A
:10B0F00066090A93FFF7F3BB109B03F10109049B58
:10B100004B440A9323EAE37302934FF06609FFF777
:10B11000E6BB03221A4D0A92FFF710BB01232D262E
:10B120000493B1EE487BB5E600230E930C931BE726
:10B130000C23CAF80030C9E7079B08909B8943F0AD
:10B140004003C6E65946FEF7C2BB5846FEF78FBF1E
:10B15000079B9B8943F04003BBE65B46FEF77DBF40
:10B16000002304930E930C93089303230A93042360
:10B170000293FEF702B900BFC8300020043200205D
:10B18000003200207C4600202DE9F04115469268EF
:10B1900002B32C6807468846083401E00834C9B178
:10B1A0006B68581E002B1146686013DD54F8046C60
:10B1B000002EF3D0334654F8082C4146384602F0AE
:10B1C00015FB431C07D0AA68921B1146AA600834DD
:10B1D0000029E5D100200023C5E90133BDE8F08155
:10B1E00070B5002941D006460C4610B1436B002BC8
:10B1F0003ED0FBF763FE636EB4F90C20DD0730D45C
:10B20000900538D52146304600F04CF8E36A0546F3
:10B2100033B1E169304698470028B8BF4FF0FF3599
:10B22000A3891A0639D4216B41B104F14003994234
:10B2300002D03046FCF798FC00232363616C21B1F7
:10B240003046FCF791FC00236364636E0022DB0749
:10B25000A2811ED5A06DFCF725F9FBF735FE284627
:10B2600070BD002ACED1FBF72FFE0025284670BD09
:10B27000FBF706FEBDE7A06DFCF716F9B4F90C303C
:10B28000002BBFD1636ED907EDD4A06DFCF70EF98A
:10B29000E9E7A06DFCF70AF9DCE721693046FCF725
:10B2A00063FCC0E7B1F90C202DE9F041804610079E
:10B2B0000C4650D4496842F400630029A38164DD40
:10B2C000A66A002E44D0002112F48052D8F8005013
:10B2D000C8F8001065D1E16901234046B047411C20
:10B2E00002466CD0B4F90C30A66A5B0705D56368DA
:10B2F000D21A236B0BB1E36BD21A0023E1694046EB
:10B30000B047471CB4F90C304DD1D8F800101D29B6
:10B3100040D8304ACA40D6073CD52269226023F47F
:10B320000062A281D9044FF00002626003D5D8F810
:10B330000030002B41D0216BC8F8005041B104F11E
:10B340004003994202D04046FCF70EFC00232363E1
:10B350000020BDE8F0810E69002EF9D00D680E6066
:10B3600092070CBF4B690023AD1B8B600AE02B4694
:10B370003246E169676A4046B8470028A5EB0005F8
:10B38000064406DD002DF2DCE2E7E16B002997DCE4
:10B39000DEE7A38943F04003A3814FF0FF30BDE80F
:10B3A000F081226DA1E72269226023F40062A2816C
:10B3B000DB044FF000026260BDD52065BBE7D8F822
:10B3C0000030002B8ED01D2B01D0162BE1D1C8F8F8
:10B3D0000050BDE70100402000B5034683B008B12E
:10B3E000426B52B3B1F90C0098B14A6ED20701D446
:10B3F000820512D518460091FFF754FF00994A6E56
:10B400000346D00702D48A8992050ED5184603B0A8
:10B4100000BD0346184603B000BD886D019300913E
:10B42000FCF742F8DDE90013E4E7886D0093FCF7D0
:10B430003DF8009B184603B000BDCDE90001FBF7C5
:10B440001FFDDDE90031CDE700487047E4500020E2
:10B45000000000004DF804BD83B08DED000B019A93
:10B46000DFF870C022F0004300216345016025D859
:10B47000DDF800C053EA0C0C20D0DFF85CC002EA13
:10B480000C0CBCF1000F0AD19FED107B20EE077B66
:10B490008DED007B019A6FF0350122F00043DDE96C
:10B4A00000BC6FF31E5242F07F5C1B154CF4001C75
:10B4B000A3F2FE33CDE900BC0B4403609DED000B0D
:10B4C00003B05DF804BB7047AFF3008000000000DC
:10B4D00000005043FFFFEF7F0000F07F00B50B4CF2
:10B4E0002468864685B0E0689C460C4652B10849FF
:10B4F0000094CDE9011273460649624600F0ECFF64
:10B50000F6F750FC04490A46F2E700BF74510020E8
:10B510003432002044320020B02E00202DE9F04FBC
:10B5200003690C69A34283B0C0F28880013C01F139
:10B53000140500F1140855F8243058F8242001337C
:10B5400008EB84069A4200964FEA840B05EB8407C9
:10B55000B2FBF3F63AD300230191C64629469C4636
:10B5600051F8042BDEF800901FFA82FA06FB0A332A
:10B570004FEA134A120C06FB02A29BB21FFA89FA89
:10B58000AAEB030363441FFA82FCCCEB234C0CEBC5
:10B59000194C9BB243EA0C438F424EF8043B4FEAEE
:10B5A0002C4C4FEA1243DBD258F80B3001996BB99F
:10B5B000009B043B984504D307E0984504F1FF3411
:10B5C00003D21A68043B002AF7D004618146FDF7D4
:10B5D00057FB00282EDB01364146002255F8040BAC
:10B5E000D1F800C01FFA80FE1FFA8CF3A3EB0E0304
:10B5F0001344020CC2EB234202EB1C429BB243EA0F
:10B600000243AF4241F8043B4FEA2242E6D258F8E7
:10B61000242008EB84036AB9043B984504D307E06F
:10B62000984504F1FF3403D21A68043B002AF7D08E
:10B63000C9F81040304603B0BDE8F08F002003B0D9
:10B64000BDE8F08F2DE9F04F93B08DED000B049124
:10B65000816B1C9D069257EC106B0446089341B118
:10B66000C26B4A60012393408B60FDF72BF80023E7
:10B67000A363B7F10008B4BF012300232B60A34BE1
:10B68000BCBF28F00048CDF8048033EA080300F07E
:10B6900092809DED007BB5EE407BF1EE10FA0DD16E
:10B6A000089A012313601D9B13B11D9A984B1360D8
:10B6B000984B0293029813B0BDE8F08F10AAB0EE39
:10B6C000470B11A920468DED027BFDF74BFC5FEA8D
:10B6D00018539DED027B109A834640F08280119BA7
:10B6E000134403F23241202940F3E281C1F14001C9
:10B6F00008FA01F803F2124126FA01F148EA0101C1
:10B7000006EE101AB8EE466B013B16EE901A4FF09B
:10B710000108A1F1F8719FED772BB7EE081B9FEDA3
:10B72000775B9FED784B06EE901A03EE903A36EE7B
:10B73000416BB8EEE33BA6EE025BB0EE456BA3EEC9
:10B74000046BFDEEC65BB5EEC06BF1EE10FACDED0D
:10B75000055A00F1C0800599D21A162902F1FF3A64
:10B7600000F2A4806C4B03EBC10393ED006BB4EECD
:10B77000C67BF1EE10FA00F1A281002A40F3C084EA
:10B780000027CDE90A178A4400230993049B092B5B
:10B790003DD8052BC4BF043B0493049BA3F10203D3
:10B7A000CCBF00250125032B33D8DFE813F0FA01C5
:10B7B000F701ED019201089AC8F3130842F20F73E2
:10B7C00058EA060813601BD11D9B002B00F042862F
:10B7D000524B029308331D9A0298136013B0BDE8D0
:10B7E000F08F17EE901AB0EE476BC1F3130141F0E2
:10B7F0007F51A3F2FF3341F440114FF000088AE774
:10B800001D9B002B40F06181454B029352E70023C2
:10B8100004930025E563294620468DED067BFCF761
:10B8200027FF9DED067B0290002800F0B485119A59
:10B83000029BA363002A75DB05990E2972DC364B47
:10B8400003EBC10393ED003B87EE036BBDEEC66BCC
:10B85000029916EE103A303301F8013B4FF0FF39F0
:10B86000B8EEC65BA5EE437B0123B2EE044B11E0BC
:10B8700087EE036BBDEEC66B013316EE102A4B4507
:10B8800002F13002B8EEC65B01F8012BA5EE437B56
:10B8900000F0A38427EE047BB5EE407BF1EE10FAB6
:10B8A000E6D1059B013304930D46ECE001230B9395
:10B8B000059BBAF1000FBABFC2F101074FF0000AB1
:10B8C0000027002B80F2F180059BFF1A5B42099351
:10B8D00000230A935AE7B8EEE55BB4EE465BF1EE5F
:10B8E00010FA3FF438AF05990139059133E700BFED
:10B8F000AFF3008061436F63A787D23FB3C8608B0B
:10B90000288AC63FFB799F501344D33F0000F07F45
:10B91000B10D0020B00D00209006002074320020F0
:10B92000803200204FF0FF390695CDF83090B8F105
:10B93000000F00F0E984DDF8248002F23342012197
:10B9400020469244BD18FCF7D7FF0646002F40F072
:10B950009F82099B002B00F09383B8F1000F40F009
:10B9600077835946099A2046FDF7B8F801238346A4
:10B97000099301212046FCF7BFFF0A9B8046002B5C
:10B9800040F04582049B012B40F3AA8201205044E1
:10B9900010F01F0000F008811B2800F3D582C0F1D1
:10B9A0001C00054407448244002D05DD59462A4603
:10B9B0002046FDF7EFF88346BAF1000F05DD41465A
:10B9C00052462046FDF7E6F880460B9B002B40F0E0
:10B9D0000082B9F1000F40F3D781099B002B40F0A2
:10B9E0002481059B01330493029F012507E05946FA
:10B9F00000230A222046FCF76FFE013583464146AC
:10BA00005846FFF78BFD4D4500F1300A07F801ABB2
:10BA1000EDDB029BB9F1000F03F1010209F1FF39DF
:10BA20004FF00003D8BF4FF00009914400935946EE
:10BA300001222046FDF7AEF841468346FDF720F986
:10BA4000002840F32083029A02E0914500F026830B
:10BA50004D4609F1FF3915F8013C392BF5D001337A
:10BA600089F8003041462046FCF72CFE5EB1009B71
:10BA70002BB1B34203D019462046FCF723FE3146D2
:10BA80002046FCF71FFE59462046FCF71BFE00230C
:10BA90002B70089B049A1A601D9B002B3FF40AAE82
:10BAA00002981D6013B0BDE8F08F9A440A936BE6CC
:10BAB000C1F1200106FA01F106EE101A22E6059BFB
:10BAC000013B059300230B93F2E6AC4B0293033347
:10BAD00081E601230D93DDE90523134403F10109F8
:10BAE0004E46012E0C93B8BF0126172E40F39C84BE
:10BAF000012204235B0003F11400B042114602F15D
:10BB00000102F7D9E16320468DED0E7BFCF7B0FD15
:10BB10000290002800F03F84B9F10E0F9DED0E7BDE
:10BB2000A06346D8002D44D00599002940F3F18246
:10BB3000934B01F00F0203EBC203CD0593ED006BB5
:10BB40004FEA211340F18A838E4A92ED085B03F09D
:10BB50000F03032187EE054B002B00F0FB81894A80
:10BB600001E05B100832D80703D45B100832DE070F
:10BB7000F7D592ED005B5B1001F1010126EE056B3C
:10BB800000F0E8810832F2E701230D93069B002BB9
:10BB900040F38B81069E0C96B146A6E700230D93D9
:10BBA00099E700230D93F1E71C20054407448244E4
:10BBB000FAE6119A002AC0F24081059B0E2B00F391
:10BBC0003C816F4B059A03EBC20393ED003B069B50
:10BBD000002B80F2ED82B9F1000F00F3E98240F012
:10BBE0008682B1EE046B23EE066BB4EEC67BF1EEFB
:10BBF00010FA494640F27C82029D312305F8013B50
:10BC00002046FCF75FFD059B023304933BE731467A
:10BC100000230A222046FCF75FFD0C9B002B064602
:10BC200040F3FA83DDF830900595002F05DD3146AD
:10BC30003A462046FCF7AEFF06460A9B002B40F032
:10BC4000F6823746029D6B1E4B440A93009B03F01D
:10BC500001030C9341465846FFF760FC31460B90B8
:10BC600000F1300A5846FDF70BF8414681463A4646
:10BC70002046FDF725F8C3680146002B36D1099010
:10BC80005846FCF7FDFF099906902046FCF71AFD7F
:10BC9000069A002A5AD1049B1BB90C9B002B00F07A
:10BCA000A483B9F1000F43DB0A9BA9469D4209F822
:10BCB00001AB00F0D782594600230A222046FCF748
:10BCC0000BFDBE42834631464FF000034FF00A029F
:10BCD000204635D0FCF700FD3946064600230A22EF
:10BCE0002046FCF7F9FC4D460746B3E72046FCF733
:10BCF000E9FCB9F1000F08DB009B03F00102049B93
:10BD000049EA030952EA09022ED159460122204686
:10BD1000FCF740FF41468346FCF7B2FF002840F3A2
:10BD20004183BAF1390F00F024830B9B03F1310AF0
:10BD300005F801AB059B0096013304933E4691E65E
:10BD4000FCF7CAFC4D460646074683E7B9F1000FEB
:10BD5000C0F28483049B49EA03090C9B53EA090956
:10BD600000F07C83002A9FDDBAF1390F00F00183D7
:10BD70000AF1010305F8013BDCE700BF8032002037
:10BD80009006002068060020049B022B7FF725AE5A
:10BD9000B9F1000F40F0008241464B460522204693
:10BDA000FCF79AFC014680465846FCF769FF484577
:10BDB00040F3F281029D312305F8013B41462046C4
:10BDC000FCF780FC059B02330493002E7FF457AEF2
:10BDD00059E641465846FCF753FF0028BFF6F9AD37
:10BDE000594600230A222046059DFCF775FC099B55
:10BDF000013D8346002B7FF40AAF0C9B002B40F3E0
:10BE0000FE82059BDDF8309004930595ECE51A461B
:10BE100001462046FCF762FE049B012B804640F35E
:10BE2000F98100230A93D8F8103008EB83031869CE
:10BE3000FCF7F8FCC0F12000A9E50D9B73B9002FB9
:10BE400067D1099B002B74D11D461E4691E5119ABE
:10BE5000002A03DB05990E297FF7B4AE049B012B62
:10BE60007FF765AD099B09F1FF384345C0F2778143
:10BE7000B9F1000FA3EB080880F2BE82A7EB09031B
:10BE8000012120460D93FCF737FD3D460D9F0646E8
:10BE9000BAF1000F7FF75DAD57453B46A8BF53464B
:10BEA000ED1AFF1AAAEB030A53E50021E1632046CD
:10BEB0008DED067BFCF7DCFB9DED067B02900028F8
:10BEC00000F06982029BA363002D40F09F81119ACC
:10BED000AA42C0F27C8201230C93994606936CE639
:10BEE000009B002B7FF452AD019BC3F31303002B87
:10BEF0007FF44CAD019B23F000431B0D1B05002B71
:10BF00003FF444AD012301350AF1010A0A931846B2
:10BF10003DE5BAF1000F00F0FE8157453B46099E12
:10BF2000A8BF5346FD1AAAEB030A2F46002E3FF482
:10BF300020AD5946099A2046FCF7D0FD00238346E0
:10BF400009933D461E4614E51C283FF42DADC0F173
:10BF50003C002AE684EE065B0B9B3BB1B7EE006B20
:10BF6000B4EEC65BF1EE10FA00F1E081B1EE0C4BDD
:10BF700006EE901AB8EEE66BA6EE054B14EE901A9C
:10BF800053EC142BA1F15073B9F1000F00F09B801A
:10BF9000DDF814C0484643EC142BB64B029DFDEE71
:10BFA000C53B03EBC00212ED022B13EE902A02F107
:10BFB000300E0D9A691CB8EEE36B0E4635EE466BFB
:10BFC000002A00F05B81B6EE003B83EE025B35EEAB
:10BFD000445BB4EEC65BF1EE10FA85F800E000F3C6
:10BFE0002782B7EE001BB2EE043B002518E00135B6
:10BFF0008542BFF62CAF26EE036B25EE035BFDEE0C
:10C00000C64B14EE902AB8EEE42B303236EE426B7B
:10C01000B4EEC56BF1EE10FA01F8012B00F1DF81EF
:10C0200031EE464BB4EEC54BF1EE10FADFD5029A75
:10C030000CF1010C02E0914200F097810D4611F8DD
:10C04000013D392BF7D001330B70CDF810C01AE544
:10C05000314642462046FCF741FD5A460146064617
:10C060002046FCF777FC59460D902046FCF72AFB4A
:10C07000099BDDF834B0B3EB080309937FF471AC8E
:10C080000123099375E403D11AF0010F7FF4DBACAF
:10C090004D4619F8013D302BFAD0E3E4059B029A96
:10C0A0000233049331231370DCE406EE901AB1EEF0
:10C0B0000C4BB8EEE66BA5EE064B14EE901A53EC63
:10C0C000142BA1F1507343EC142BB1EE046B35EE3D
:10C0D000466BB4EEC46BF1EE10FA00F35681B1EE8C
:10C0E000444BB4EEC46BF1EE10FA7FF562AD002163
:10C0F0002046FCF7E7FA069B029D5B420493C2E4EC
:10C10000059B0A939A460023C2F101070B93FFF7A0
:10C110003BBB00F00781059A564B524202F00F01DB
:10C1200003EBC10393ED005B131127EE055B00F0F9
:10C130007981514A022101E05B100832DD0703D406
:10C140005B100832D807F7D592ED006B5B1001F158
:10C15000010125EE065B3FF4FFAE0832F2E7099BD2
:10C160000A9AA8EB03031A44012120460A92FCF71D
:10C17000C3FBCA4407EB09050646CDF82480002F0F
:10C180003FF4EFAB57453B46A8BF5346ED1AFF1AA5
:10C19000AAEB030AFFF7E5BB41462046FCF792FAFB
:10C1A000069B029D5B420493002E7FF468AC6AE418
:10C1B000029B5E1C87EE036BBDEEC66B029A16EE09
:10C1C000103AB9F1010F03F13003B8EEC65B314606
:10C1D0001370A3EE457B7FF447AB37EE077BB4EEDD
:10C1E000C37B059BF1EE10FA03F1010304939C4617
:10C1F00008DCB4EE437BF1EE10FA05D116EE103AEE
:10C20000DB0701D5029A19E70D463CE40C95A946D7
:10C21000069589E4009B002B7FF403AEDDE9001254
:10C22000C2F31303002B00F0C4800A91FBE5716890
:10C230002046FCF71DFA0546002800F0048133690A
:10C2400002339A0006F10C010C30F5F7EDFB29469C
:10C2500001222046FCF79EFC0746F3E40221B0EEE3
:10C26000474B79E4059B009601333E460493FFF764
:10C27000DEBB00BF9006002068060020029A24EE74
:10C28000022B012882F800E014D0B2EE043B029A9F
:10C29000151826EE036BFDEEC65B15EE902A3032C4
:10C2A00001F8012BA942B8EEE54B36EE446BF0D114
:10C2B000711E0144B6EE005B32EE054BB4EEC64B88
:10C2C000F1EE10FA3FF5B3AE35EE425BB4EEC65B6D
:10C2D000F1EE10FA0DDC119A002AFFF6B0AD059AC6
:10C2E0000E2A3FF7ACAD059A03EBC20393ED003B7A
:10C2F00060E70D46013915F8013C302BF9D00CF1FF
:10C3000001030493FFF7BFBB109ADDF82480C2F14C
:10C310003602FFF714BB099E002E7FF40AAE3D469D
:10C32000FFF727BB0221B0EE475B15E6B9F1000F1E
:10C330003FF4BBAE0C9800287FF73BACB2EE043B59
:10C34000B1EE0C4B013106EE901A25EE035B059B16
:10C35000B8EEE66BA5EE064B14EE901A03F1FF3C27
:10C3600053EC142BA1F1507315E60CF1010C3123A1
:10C370006AE6A946392309F8013B059B009601337B
:10C38000029A04933E46FFF763BB029D312305F8F2
:10C39000013B002134E4334B3348002240F2AF111B
:10C3A000FFF79CF87FF4C4AC1AF0010F7FF4B9AC2E
:10C3B000BEE4019B23F000431B0D1B05002B3FF443
:10C3C00031AD012301350AF1010A0A932BE50D9BDA
:10C3D000002B33D101230C93994606932FE50CF1E2
:10C3E000010304930D46FFF74EBBBAF1390FC0D0DD
:10C3F00091453FF79AAC9BE44A46FFF7A0BA049AEE
:10C40000022A05DC059A049299460595FFF7ECBAD5
:10C410000595DDF83090BBE4049A0595022AF8DC16
:10C42000994602E4022197E50021E163FFF76BBB27
:10C430000CF1010304930D46FFF725BB0D9B0693FA
:10C4400099460C930EE5074B07482A4640F2EF2128
:10C45000FFF744F8054B0293FFF72CB9002A3FF78A
:10C4600054AC65E42831002084320020743200206E
:10C4700030B5044687B05BB110480193D0F8C8517D
:10C4800071B12046A847421C019B10D007B030BDB7
:10C4900000F5827309480193D0F8C8510029F0D102
:10C4A0000A46204603A9A847421C019BEED1002161
:10C4B0008A221960226007B030BD00BF0C4F0020F7
:10C4C00010B582B0049CCDE900344FF0FF3301F089
:10C4D00055FC02B010BD00BF0EB400B582B003AB76
:10C4E000DFF81CC053F8042B01930146DCF8000070
:10C4F00000F008F802B05DF804EB03B0704700BF2D
:10C50000745100202DE9F04FC5B00DF1500A83465B
:10C51000049116460021082250461C460B93FAF758
:10C5200071FEBBF1000F04D0DBF83430002B00F0BB
:10C530004987049B5A6EB3F90C30D00740F1418112
:10C54000990400F1A985049943F4005322F40052A0
:10C550008B814A66930401F1AE80049BB3F90C30E1
:10C560001D0740F1BD80049A1269002A00F0B880CE
:10C5700003F01A020A2A00F0C2800023CDE9193321
:10C58000CDE90E331BAADFF86C980D93189217466D
:10C590000793B0464546D9F8CC41FAF7E9FECDF805
:10C5A00000A003462A4612A95846A047002800F0DA
:10C5B000C580C0F2BB80129A252A034601D01D44D3
:10C5C000E9E7B5EB0806044640F0BC8000231946B5
:10C5D0008DF8433008934FF0FF326B78059205F1E8
:10C5E0000108039108F101081946A1F120035A2B13
:10C5F00000F2F280DFE813F0E603F000F000DF0362
:10C60000F000F000F000BF03F000F000070253025A
:10C61000F00012020004F000F1035B005B005B001D
:10C620005B005B005B005B005B005B00F000F00008
:10C63000F000F000F000F000F000F000F000D80191
:10C640009F03F000F000F000F000F000F000F000B8
:10C65000F000F000F0001902F000F000F000AA0174
:10C66000F000FB02F000F000BA05F000F000F0006E
:10C67000F000F000F000F000F000F000F000D80151
:10C680006801F000F000F000950368016D00F00013
:10C690008B03F0007D036A0320036D00F000AA0104
:10C6A0006A005902F000F000FB05F0006A00A1F1F9
:10C6B0003003002218F8011B02EB820203EB420256
:10C6C000A1F13003092BF5D908928EE798F80030D4
:10C6D00088E7039B43F02003039398F8003081E739
:10C6E000049D5846294601F05FFA002840F0F6877D
:10C6F000B5F90C3003F01A020A2A7FF43EAF049910
:10C70000B1F90E20002AFFF638AF4A6ED20702D4E4
:10C710009F0540F19087049923463246584601F020
:10C7200015F80790079845B0BDE8F08F0822002162
:10C730005046FAF767FD01231D442CE7B5EB0806C8
:10C74000044610D01A9B33441A93199B0133072BCC
:10C75000C7E90086199310DC0837079B3344079319
:10C76000002C7FF433AF1A9B002B40F06E87049BA4
:10C770000022B3F90C30199218E0049918AA58460F
:10C7800001F024F878B91BAFE7E7049918AA5846D6
:10C7900001F01CF8002800F08380099B1BB1099967
:10C7A0005846FBF7E1F9049BB3F90C30049A526E3A
:10C7B000D0077FD55B0600F16687079845B0BDE8D6
:10C7C000F08F9F0540F114819D047FF5BCAE90046D
:10C7D0007FF5C6AE00F071BF0029C4D0002301224E
:10C7E0008DF8AC108DF8433009930A9205932BAD68
:10C7F0000692DDE919C0039C14F0840601466246E6
:10C8000026D1089B069C1C1B002C00F3ED839DF891
:10C81000433003B300260C960132012301317B60C3
:10C82000072A0DF14303CDE919213B6000F386830C
:10C8300008370C9B63B1013211AB02313B60072A10
:10C840004FF00203CDE919217B6000F36B830837B9
:10C85000802E00F0EE82059B0A981C1A002C00F333
:10C8600026830A9B3D6001321944072ACDE919212C
:10C870007B6000F34C830837039B5C0705D5089B5E
:10C88000069A9C1A002C00F36583DDE907320698AE
:10C890008242ACBF9B181B18079300297FF475AF29
:10C8A00000231993099B1BB109995846FBF75CF9C2
:10C8B0001BAF6FE69A053FF57DAF049CA06DFAF7BC
:10C8C000F5FDB4F90C3075E7039B980640F13C8404
:10C8D0000B9B073323F00702536852F8084B0B9267
:10C8E0001E46002BC0F23882059A002A07DB039B04
:10C8F00023F08003039354EA060300F08C840A2C8F
:10C9000076F1000380F0F7803034059A9DF84330CB
:10C910008DF80F41012AB8BF01220692002B00F0CA
:10C92000AF83069B0133002506930123CDE909530C
:10C930000DF20F15DDE91921039B13F0840608465B
:10C9400094463FF45EAF00230C9365E70B9E0023F3
:10C950008DF8433056F8043B0993002B00F05585C1
:10C96000532900F07284039B13F0100440F06D848F
:10C97000059A002AC0F2138509982146FAF782FF2A
:10C980009DF84330099D002800F08B86421B0A92D7
:10C9900022EAE2720692002B00F00E850132059425
:10C9A00006920B960994C5E7432903D0039BDD0645
:10C9B00040F127840822002116A8FAF723FC0B9ADD
:10C9C0002BAD126816AB29465846FFF751FD0A9069
:10C9D000013000F04F860A9B23EAE37306930B9B1A
:10C9E00004330B9300238DF843300993059300E73C
:10C9F000049DA86DFAF758FDB5F90C306A6E9904DC
:10CA00003FF5A8AD9FE50B9B53F8042B0892002A35
:10CA100080F23D83089A0B9352420892039B43F0A5
:10CA20000403039398F80030DCE5039B43F0100007
:10CA30009B0640F14E830B9B073323F007031A46F6
:10CA4000596852F8083B0B9200228DF84320059A52
:10CA5000002AC0F2118320F49062039253EA01028B
:10CA600000F01E8344AD03F00702DB0843EA417384
:10CA7000C908303253EA0104284605F8012DF2D1E5
:10CA8000039B13F0010340F09E82059A099344AB87
:10CA90005B1B9A42B8BF1A460A930692A9E62B235B
:10CAA0008DF8433098F800309CE503998E0600F12C
:10CAB000A48003990B9A11F0100052F8043B40F047
:10CAC0002783039911F0400100F0CA848DF84300D8
:10CAD0009BB205990026B1421C4606DB039921F062
:10CAE00080010391002B00F07B850A2C76F1000376
:10CAF0000B92FFF409AF039B09970020CDF830B0EB
:10CB000044A9DDF834B0069003F48067CDF828809E
:10CB100025E00690A319B54843F10003A0FB032CC0
:10CB20002CF0030202EB9C029B1AE31A4FF0CC326A
:10CB3000A046B64602FB03F266F1000600FB0622A1
:10CB4000A3FB0043B8F10A0F13444FEA54047EF1EB
:10CB5000000E294644EAC3744FEA53062ED3069BBF
:10CB6000A24A01330693A31943F100031046A2FB26
:10CB7000032525F0030202EB95029B1AE31AA3FB9F
:10CB8000003266F1000500FB05225B0843EAC27330
:10CB900003EB8303A4EB4303303301F8013C4D1E48
:10CBA000002FB7D006989BF800308342B1D1FF2800
:10CBB000AFD00A2C76F1000380F0AF8405999DF880
:10CBC0004330CDF834B044AA521B9142B8BF11464D
:10CBD000DDE90978DDF830B00A920691002B00F00B
:10CBE000EE83069B0133069300230993A2E6039B81
:10CBF00043F010019B0640F189820B9B073323F021
:10CC0000070200238DF84330059B566852F8084B05
:10CC10000B92002BC0F2EE8221F08003039354EAC2
:10CC200006037FF46CAE059B002B40F0DE840A9374
:10CC30000693099344ADDCE5059C0B99039800220B
:10CC400047F630039442ADF844308DF8432051F854
:10CC5000043BC0F2D28220F0800040F0020003903A
:10CC6000002B00F0E58303F00F0461481B09045D0D
:10CC70008DF80F410B9100F05685022106910DF2BF
:10CC80000F1503F00F011B09415C05F8011D43EA74
:10CC90000273120953EA0201F3D144AB5A1B059BFC
:10CCA0000A929342B8BF1346069A002A00F03985CB
:10CCB000DDE91921039C023314F08406069308462B
:10CCC000944600F0E98200230993B4E503988606B0
:10CCD0003FF5B1AE03990B9ACD0652F8043B00F133
:10CCE00014850398440640F1C8839BB20B9200213F
:10CCF000AAE603990B9A8C0602F1040340F1F08135
:10CD0000126807991160C91751600B9342E498F8B3
:10CD100000306C2B00F08F82039A42F010020392D5
:10CD200060E498F80030682B00F07B82039A42F0B0
:10CD30004002039256E4039A940642F0100300F175
:10CD400000820B9A04320B9903930C680B92E6173E
:10CD50003346002BBFF6C8AD2D238DF84330059B1D
:10CD6000644266EB4606002BFFF6C9AD039B23F039
:10CD700080030393C3E55846FEF766FB43680F93B1
:10CD80001846FAF7DFFD0E9004465846FEF75CFBA6
:10CD9000826898F800300D92002C3FF423AC002AF2
:10CDA0003FF420AC1278002A3FF41CAC039A42F402
:10CDB0008062039216E4039B43F00103039398F807
:10CDC00000300FE49DF8432098F80030002A7FF4EB
:10CDD00009AC20228DF8432004E4039B43F0800338
:10CDE000039398F80030FFF7FDBB00BFCDCCCCCC4F
:10CDF000043200200C4F0020404610F8011B2A2965
:10CE000000F07784A1F13003092B98BF002200F2D3
:10CE1000178410F8011B02EB820203EB4202A1F11E
:10CE20003003092BF5D942EAE27305938046FFF7F8
:10CE3000DCBB089B06981C1A002C7FF70CAD102C4D
:10CE400040F3268438460C95AE4F049D102604E02E
:10CE5000103C102C00F1080015DD01321031072ABA
:10CE6000C0E90076CDE91921F2DD18AA2946584615
:10CE700000F0ACFC00287FF490AC103C102CDDE9F5
:10CE800019211BA8E9DC0C9D3B46074601322144D1
:10CE9000072ACDE919213B607C6000F3A482059B41
:10CEA0000A981C1A002C07F108077FF7DAAC102C3F
:10CEB00040F3ED8238461026924F04E0103C102CCF
:10CEC00000F1080016DD01328E4B1031072AC0E94F
:10CED0000036CDE91921F1DD049918AA584600F071
:10CEE00075FC00287FF459AC103C102CDDE91921A9
:10CEF0001BA8E8DC3B46074601322144072ACDE95E
:10CF000019213B607C6000F3AA800837A9E40499EA
:10CF100018AA584600F05AFC00287FF43EAC1A9933
:10CF20001BAFA9E4049918AA584600F04FFC00284A
:10CF30007FF433ACDDE919211BAF89E4049918AA09
:10CF4000584600F043FC00287FF427ACDDE91921A6
:10CF50001BAF6EE4102C199B40F381833A46049E6C
:10CF6000694F102504E0103C102C02F1080215DD79
:10CF700001331031072BC2E90075CDE91931F2DD1B
:10CF800018AA3146584600F021FC00287FF405AC71
:10CF9000103C102CDDE919311BAAE9DC3E4617468E
:10CFA00001332144072BC7E90064CDE919317FF72C
:10CFB0006CAC049918AA584600F008FC00287FF4CD
:10CFC000ECAB1A9961E4302A00F001823023059A13
:10CFD00005F8013C023844AB1B1A9A42B8BF1A4606
:10CFE0000A9306920546EFE000230C93102C464E60
:10CFF000624623DD394610232F46049D04E0103C91
:10D00000102C01F1080117DD01321030072AC1E9A7
:10D010000063CDE91920F2DD18AA2946584600F030
:10D02000D5FB00287FF4B9AB103C102CDDE91920AA
:10D030001BA94FF01003E7DC3D460F4601322118D3
:10D04000072ACDE919213E607C6000F37A819DF8C2
:10D0500043600837002E36D00026FFF7DDBB049969
:10D0600018AA584600F0B2FB00287FF496ABDDE921
:10D0700019211BAFFFF7F5BB20F480620392F1E4A6
:10D08000099301230A930DF20F15FFF7B2BB0B931F
:10D0900098F80030FFF7A6BA92047FF561AAF2E291
:10D0A000059A002A7FF4DEAC10F00102069200F02F
:10D0B000428130238DF80F31059B0A9209930DF2BE
:10D0C0000F15FFF796BB0C9B002B7FF4B4ABFFF75B
:10D0D000C2BB0B9B1A1D0B9B0B921B680021B3E478
:10D0E000039AD00600F18C81039A510600F19582D3
:10D0F000039A920540F184810B9A07991268117086
:10D1000003E600BF8C460020704100200B9B1A1DD7
:10D110000B9B05981B680026B0428DF843601C46A7
:10D1200067DB21F080010391002B7FF4DEAC0B92D2
:10D13000002840F05A820A900690099044ADFFF70B
:10D1400058BB0393FFF7C4BB039B0B9AD90652F855
:10D15000044B3FF5F8AD039B5E0640F1768144F346
:10D16000C0360B9224B23346FFF7BBBBAD48039BDE
:10D170009D0640F1B5800B9B073323F007031A4649
:10D180005C6852F8083B0B92039A12F00102069277
:10D1900040F08C808DF84320059A002AC0F2B780B9
:10D1A000039A22F49062039253EA040240F0F3805F
:10D1B000059A002A00F0F68103788DF80F310123DB
:10D1C00006920A930DF20F15DDE91921039B13F066
:10D1D00084060846944600F0A1829DF84330002B57
:10D1E00000F0AB82002309930C93FFF715BB8E4828
:10D1F000BDE70B920391FFF782BB40F00200039062
:10D2000031E50B9B1B688DF8AC30012306930A9324
:10D210002BADFFF7E4BB002A00F0D4813024FFF7E8
:10D2200074BB039B43F40073039308F1010898F85F
:10D230000030FFF7D7B9039B43F02003039308F1B5
:10D24000010898F80030FFF7CDB9099B1393082225
:10D25000002116A8F9F7D6FF059B002BC0F2198113
:10D260000024069725461F460EE02BA95846FFF7D7
:10D27000FFF8411C284400F0FD81B84209DC04F1AC
:10D28000040400F008820546139A125916AB002ACE
:10D29000EBD1069F05950AE1089C069B0996E41AC6
:10D2A000002C7FF7C8AA02230C939FE653EA0402DE
:10D2B0005ED100238DF84330059B002BC0F2218105
:10D2C000039B23F49063039300F0878103788DF828
:10D2D0000F31069B0A93059B06930DF20F1573E71A
:10D2E0000B9A52F8043B0B92039AD40608D45206C8
:10D2F00002D59BB2002447E7039A960500F181818D
:10D30000002441E742F00202039202220692039AAD
:10D3100022F48062039203F00F02825C8DF80F21E9
:10D320001B0943EA0473220953EA14147FF4A7ACDF
:10D330000DF20F15B1E4059B44ADCDE90933FFF7BC
:10D3400058BA049918AA584600F040FA0646002830
:10D350007FF423AA9DF84330DDE91921002B40F02A
:10D3600089800C9B1BAF002B7FF465AAFFF773BA73
:10D3700030228DF8442000228DF84320059A8DF844
:10D380004510002A039ABDDB22F4906242F00202AB
:10D3900003920222069203F00F02825CBEE7099D0F
:10D3A0002846FAF7CFFA9DF843300A9020EAE07257
:10D3B0000692002B7FF4F2AA099D05930B96099320
:10D3C000FFF717BA5846F9F75BFDFFF7B2B8059AB1
:10D3D00044AB5B1B9A42B8BF1A460A9300230692DD
:10D3E0000993FFF706BA049918AA584600F0EEF917
:10D3F00000287FF4D2A9DDE919211BAFFFF72BBA72
:10D400000B9A0799126811607FE4059B074D0B96F4
:10D41000062B28BF062306930A93099B0593FFF763
:10D42000E8B900BF18320020043200202C3200205E
:10D430000B91002C00F0DC80302301228DF80F319D
:10D440000DF20F1523460A9232E4039B0B929D05C1
:10D450004ABF44F3C016E61764B23346FFF741BA39
:10D46000039810F4007600F0CF808DF84310DBB203
:10D47000FFF72FBB1BAFFFF7CFB9039810F4007174
:10D4800000F0BB80DBB20B920021FFF7DDBAAC4BA2
:10D4900032E516AB0093002313AA19465846FFF74E
:10D4A0000FF80590013000F0E580099B1393059B70
:10D4B000002B7CD0632B00F3B680002309932BADA7
:10D4C0000822002116A8F9F79DFE059C16AB0093D3
:10D4D00013AA234629465846FEF7F2FF844240F03D
:10D4E0001681059900236B5421EAE17206929DF89A
:10D4F0004320002A40F0B580CDE90A160592FFF7D7
:10D5000078B903788DF80F31039B23F4806303937C
:10D51000069B0A930DF20F1556E60E9A0F99AD1A57
:10D520002846F9F7EFFE9BF801300BB10BF1010B28
:10D53000844AA31943F10003A2FB030C2CF003005F
:10D5400000EB9C001B1AE31A4FF0CC3166F1000689
:10D5500003FB01F102FB0611A3FB023001445B084F
:10D5600043EAC1744E08A31943F10003A2FB031060
:10D5700020F0030101EB90015B1AE31AA3FB0231D7
:10D5800066F1000002FB00125B0843EAC27303EB82
:10D590008303A4EB4303303305F8013C0120013D34
:10D5A000FFF701BB059B0A9344A805460CE69DF8CE
:10D5B0004330099D0B96003B18BF01230693059B42
:10D5C0000A9301E69DF843303BB1059BCDE9093351
:10D5D000012344AD0693FFF7ADB9059BFFF727BBC9
:10D5E000059B0B92002B3FF422AB0024FFF78CB974
:10D5F000059B0A9344ADFFF75BBB03980B92FFF7C3
:10D6000023BADBB20024BFE505998DF843600029F9
:10D610001C46BFF663AAFFF768BA0B9A079912680F
:10D620001180FFF772BB591C5846F7F7FFFD0546FE
:10D6300000B3099044E7886DF9F738FFFFF76BB83E
:10D64000002380460593FEF7D0BF049918AA5846D8
:10D6500000F0BCF800283FF48AA8FFF7A4B83A4EBF
:10D660009EE4059A0A92069A0B9601320692059359
:10D67000FFF760B90498B0F90C30426E43F04001F6
:10D68000D207818109D54FF0FF330793FFF795B893
:10D690002B4BFFF7FBBB069F09E79905F3D4FFF778
:10D6A0000CB99BB1059B0B965A1C06920A930590E8
:10D6B0000990FFF73FB9D707E5D4049B9B899E05E6
:10D6C000E1D4049B986DF9F7F1FEDCE7059A099324
:10D6D000CDE905320B960A92FFF78BB8049A536E88
:10D6E000D807D0D493899905CDD4906DF9F7DEFE93
:10D6F000C9E70B9A98F8013052F8041B0B9241EAE3
:10D70000E17180460591FEF76DBF0846E3E4049A97
:10D71000938943F040039381FFF73FB80996FFF7E1
:10D7200070B8069350E5059B0122012BB8BF012379
:10D730000DF20F150A92FFF7BBBA0993FFF788B8ED
:10D740008C460020CDCCCCCC70410020F0B50D46ED
:10D75000ADF2744D164689896A6E1B92EA89ADF85E
:10D76000162021F00201EA69ADF8141009921CA9F3
:10D770006A6A0291074606910B924FF4806100227B
:10D7800018A80193049107910892F9F789FE32468F
:10D79000019B02A93846FEF7B5FE061E07DB02A96B
:10D7A0003846FDF719FE002818BF4FF0FF36BDF8C8
:10D7B00014305B0603D5AB8943F04003AB81189866
:10D7C000F9F770FE30460DF2744DF0BD936810B558
:10D7D00014461BB918460023636010BD00F068F8BA
:10D7E0000023A3600023636010BD00BF2DE9F04358
:10D7F0008E681D46AE420B6883B00C4690463AD800
:10D80000B1F90CC01CF4906F0FD135461846414653
:10D810002A46F9F765FCA3689E1B2368A6602B4483
:10D820000020236003B0BDE8F0834A69096902EB78
:10D8300042025E1A02EBD2726B1C521033449342C6
:10D8400094BF17461F46934288BF1A461CF4806F48
:10D85000814612D01146F7F7E9FCF0B13246216952
:10D860000190F4F7E1F8A289019B22F4906242F062
:10D870008002A28105E02E46C8E7F7F7C3FF034602
:10D8800038B123613344BE1BA660676123602E4616
:10D89000BCE721694846FAF767F9A3890C2243F0EF
:10D8A0004003C9F800204FF0FF30A381BAE700BF62
:10D8B0009368002B00F0B7802DE9F04FB1F90CC050
:10D8C0001CF0080F83B00C46804617462DD00B691C
:10D8D0005BB31CF002033E6833D04FF0000ADFF860
:10D8E000C4B25546B9465D452B46524628BF5B46F5
:10D8F0004046B5B1E169676AB847002840F38B80BC
:10D90000D9F808301B1A8244C9F80830002B79D0A6
:10D910002D1A5D452B46524628BF5B464046002DDA
:10D92000E8D1D6E900A50836DDE72146404600F0FB
:10D930003BF9002874D1B4F90CC03E681CF0020316
:10D94000CBD11CF0010A70D1236800975546002DF9
:10D9500054D01CF4007FD4F80890184600F0AB8037
:10D96000A945CB4600F2E4801CF4906F34D02169C5
:10D970006269A3EB010902EB420202EBD27209F1E8
:10D98000010352102B44934294BF93469B4693420B
:10D9900088BF1A461CF4806F00F0E98011464046AB
:10D9A000F7F744FC002800F0F7804A46216901900F
:10D9B000F4F73AF8A289019B22F4906242F08002C7
:10D9C000A28103EB09002361ABEB0903C4F814B097
:10D9D000A3602060A946AB4651465A46F9F780FB42
:10D9E000A2682368A2EB0902A260009A91685B44D6
:10D9F000491B2360916029B1B4F90CC0D6E900A598
:10DA00000836A4E7002003B0BDE8F08F2146404669
:10DA1000FDF7E2FC68B3B4F90C3043F04003A38196
:10DA20004FF0FF30EFE7002070471D469A4618463A
:10DA3000B946009365B3002831D05246D4E90413A7
:10DA40002068AA4228BF2A46884204D9A16803EB6D
:10DA5000010B5A457CDC93426DDCE169009A676AF0
:10DA60004046B847B0F1000BD5DDBAEB0B0ACDD07C
:10DA70000120D9F80830A3EB0B03C9F80830002BBC
:10DA8000C0D0009BA5EB0B055B440093002DD2D1C9
:10DA9000756833460836002DFAD01B680093009F46
:10DAA0002A460A213846F9F7EDFE002871D00130E8
:10DAB000A0EB070AC1E722699A4221D36269AA4210
:10DAC0001ED86FF00043AB4228BF2B46E16993FBA1
:10DAD000F2F3676A02FB03F340465246B847B0F1DF
:10DAE000000998DD009A9368A3EB0903A5EB0905EB
:10DAF0009360002B86D0B4F90CC02368CA4426E793
:10DB0000A94528BFA94618464A465146F9F7E8FAFA
:10DB1000A2682368A2EB09024B44A2602360002A9A
:10DB2000E0D121464046FDF757FC0028DAD072E7E5
:10DB3000A946AB4650E700990192F9F7D1FA019A4C
:10DB4000A3689B1AA36023681344236093468CE761
:10DB500000995A46F9F7C4FA23685B4423602146CA
:10DB60004046FDF739FC00283FF47FAF53E74046BD
:10DB7000F7F748FE034600287FF423AF21694046AB
:10DB8000F9F7F2FFA3890C22C8F8002023F08003E4
:10DB900043E76A1C924651E70C22B4F90C30C8F8EE
:10DBA00000203AE700FCFF7F10B5354B04461868AB
:10DBB00082B00B4610B1426B002A53D0B3F90C204F
:10DBC000110711D51869C8B1B3F90C2012F0010181
:10DBD00026D059694FF0000C4942C3F808C099613A
:10DBE00020B3002002B010BDD00640D5510723D489
:10DBF000186942F008029A810028E5D19A8902F456
:10DC00002072B2F5007FDFD019462046019300F064
:10DC1000C9F8019BB3F90C20186912F00101D8D1A1
:10DC2000940758BF596999600028DAD11106D9D5EF
:10DC300042F040029A811FE0196B61B103F140008C
:10DC4000814206D020460193F9F78EFF019BB3F97C
:10DC50000C200021196318690021C3E9000122F09A
:10DC60002402C6E70191F9F70BF9019BA6E7092108
:10DC700042F0400221609A814FF0FF30B2E700BFCE
:10DC8000745100202DE9F04F8BB0DDE91589149F08
:10DC900002901C46B8F1000F57D016680196002973
:10DCA000C34608BF4FF0FF370025884603919246D0
:10DCB00006E0019B53F8040B0193002837D065461A
:10DCC000AF423ED9002C3CD0DBF800300493DBF8A7
:10DCD00004300593019B02981A68D9F8C8615B4625
:10DCE00006A9B047431C33D000EB050CBC453AD81D
:10DCF000039B013C002BDCD000280DDD08F1FF3236
:10DD0000019E06A900EB020E11F8013B02F8013F4B
:10DD10007245F9D101968044019BDAF8002053F84E
:10DD2000040B01930432CAF800200028C7D10399DC
:10DD3000D84609B1CAF800000022C8F800200CF14A
:10DD4000FF3528460BB0BDE8F08F00F58678A4E7D4
:10DD5000029B05468A21002228461960CBF8002044
:10DD60000BB0BDE8F08FD846DDF810A0DDF814B098
:10DD70002846C8E900AB0BB0BDE8F08F00B585B010
:10DD8000DFF81CC0069800900798019003480068CF
:10DD9000CDF808C0FFF776FF05B000BD7451002034
:10DDA0000C4F0020B1F90C20930706D501F1430375
:10DDB0000122C1E904320B60704730B50B46B1F95E
:10DDC0000E10002999B0044632DB02AA009300F03D
:10DDD0005BF80028009B29DB4FF48061204600930C
:10DDE000039DF7F723FA009BB3F90C20002839D0E4
:10DDF00005F4704142F0800218601861B1F5005FCF
:10DE00004FF480609A8158613AD1B3F90E100093B3
:10DE1000204600F04DF8009BB3F90C2080B322F0AF
:10DE2000030242F001024FF4006117E0B3F90C2045
:10DE3000019312F0800F0CBF4FF480614021204607
:10DE40000091F7F7F3F9019B0099B3F90C2048B161
:10DE5000C3E9040142F08002186000210A439A815C
:10DE600019B030BD9105FBD422F0030203F1430148
:10DE700042F002020120C3E904109A811960EFE721
:10DE80004FF40061EAE700BF38B5084C00230546AF
:10DE9000084611462360F3F777FF431C00D038BDD6
:10DEA0002368002BFBD02B6038BD00BF20C20020B0
:10DEB00038B5074C0023054608462360F3F76AFF90
:10DEC000431C00D038BD2368002BFBD02B6038BD2D
:10DED00020C2002041EC170BB5EEC07BF1EE10FA2A
:10DEE00001D400F00BB808B581F0004100F006F84D
:10DEF000404261EB410108BD000000009FED0B7B3B
:10DF000041EC160B9FED0B5B26EE077BBCEEC77B4F
:10DF1000B8EE474BA4EE456BFCEEC67B17EE101A2D
:10DF200017EE900A704700BFAFF3008000000000BA
:10DF30000000F03D000000000000F0415FF800F03C
:10DF40004D1D00605FF800F0A11D006000000000A2
:04DF500000000000CD
:04DF5400F8B500BF5D
:08DF58004069FF7F0100000099
:10DF600000000000000000000000000000000000B1
:10DF700000000000000000000000000000000000A1
:10DF80000000000000000000000000000000000091
:10DF90000000000000000000000000000000000081
:10DFA0000000000000000000000000000000000071
:10DFB0000000000000000000000000000000000061
:10DFC0000000000000000000000000000000000051
:10DFD0000000000000000000000000000000000041
:10DFE0000000000000000000000000000000000031
:10DFF0000000000000000000000000000000000021
:10E000000000000000000000000000000000000010
:10E010000000000000000000000000000000000000
:10E0200000000000000000000000000000000000F0
:10E0300000000000000000000000000000000000E0
:10E0400000000000000000000000000000000000D0
:10E0500000000000000000000000000000000000C0
:10E0600000000000000000000000000000000000B0
:10E0700000000000000000000000000000000000A0
:10E080000000000000000000000000000000000090
:10E090000000000000000000000000000000000080
:10E0A0000000000000000000000000000000000070
:10E0B0000000000000000000000000000000000060
:10E0C0000000000000000000000000000000000050
:10E0D0000000000000000000000000000000000040
:10E0E0000000000000000000000000000000000030
:10E0F0000000000000000000000000000000000020
:10E10000000000000000000000000000000000000F
:10E1100000000000000000000000000000000000FF
:10E1200000000000000000000000000000000000EF
:10E1300000000000000000000000000000000000DF
:10E1400000000000000000000000000000000000CF
:10E1500000000000000000000000000000000000BF
:10E1600000000000000000000000000000000000AF
:10E17000000000000000000000000000000000009F
:10E18000000000000000000000000000000000008F
:10E19000000000000000000000000000000000007F
:10E1A000000000000000000000000000000000006F
:10E1B000000000000000000000000000000000005F
:10E1C000000000000000000000000000000000004F
:10E1D000000000000000000000000000000000003F
:10E1E000000000000000000000000000000000002F
:10E1F000000000000000000000000000000000001F
:10E20000000000000000000000000000000000000E
:10E2100000000000000000000000000000000000FE
:10E2200000000000000000000000000000000000EE
:10E2300000000000000000000000000000000000DE
:10E2400000000000000000000000000000000000CE
:10E2500000000000000000000000000000000000BE
:10E2600000000000000000000000000000000000AE
:10E27000000000000000000000000000000000009E
:10E28000000000000000000000000000000000008E
:10E29000000000000000000000000000000000007E
:10E2A000000000000000000000000000000000006E
:10E2B000000000000000000000000000000000005E
:10E2C000000000000000000000000000000000004E
:10E2D000000000000000000000000000000000003E
:10E2E000000000000000000000000000000000002E
:10E2F000000000000000000000000000000000001E
:10E30000000000000000000000000000000000000D
:10E3100000000000000000000000000000000000FD
:10E3200000000000000000000000000000000000ED
:10E3300000000000000000000000000000000000DD
:10E3400000000000000000000000000000000000CD
:10E3500000000000000000000000000000000000BD
:10E36000000000000000F03F748515D3B0D9EF3FE6
:10E370000F89F96C58B5EF3F515B12D00193EF3F15
:10E380007B517D3CB872EF3FAAB968318754EF3FAB
:10E390003862756E7A38EF3FE1DE1FF59D1EEF3F64
:10E3A00015B7310AFE06EF3FCBA93A37A7F1EE3F8A
:10E3B0002234124CA6DEEE3F2D89616008CEEE3F7E
:10E3C000272A36D5DABFEE3F824F9D562BB4EE3F5B
:10E3D000295448DD07ABEE3F85553AB07EA4EE3FA9
:10E3E000CD3B7F669EA0EE3F745FECE8759FEE3FED
:10E3F0008701EB7314A1EE3F13CE4C9989A5EE3F34
:10E40000DBA02A42E5ACEE3FE5C5CDB037B7EE3F25
:10E4100090F0A38291C4EE3F5D253EB203D5EE3F5E
:10E42000ADD35A999FE8EE3F475EFBF276FFEE3F91
:10E430009C5285DD9B19EF3F6990EFDC2037EF3F61
:10E4400087A4FBDC1858EF3F5F9B7B33977CEF3F43
:10E45000DA90A4A2AFA4EF3F40456E5B76D0EF3FC9
:10E46000000000000000E8429423914BF86AAC3FA2
:10E47000F3C4FA50CEBFCE3FD6520CFF422EE63F39
:10E480000000000000003843FE822B65471547401E
:10E490009423914BF86ABC3EF3C4FA50CEBF2E3F92
:10E4A000D6520CFF422E963FBEF3F879EC61F63F50
:10E4B000DEAA8C80F77BD5BF3D88AF4AED71F53F72
:10E4C000DB6DC0A7F0BED2BFB010F0F03995F43FBD
:10E4D000673A517FAE1ED0BF8503B8B095C9F33FF0
:10E4E000E92482A6D831CBBFA564880C190DF33F6F
:10E4F0005877C00A4F57C6BFA08E0B7B225EF23FF3
:10E5000000819CC72BAAC1BF3F341A4A4ABBF13FC6
:10E510005E0E8CCE764EBABFBAE58AF05823F13F34
:10E52000CC1C615A3C97B1BFA70099413F95F03F81
:10E530001E0CE138F452A2BF000000000000F03FC2
:10E540000000000000000000AC479AFD8C60EE3F28
:10E550008459F25DAAA5AA3FA06A021FB3A4EC3FAA
:10E56000B42E36AA535EBC3FE6FC6A573620EB3F1A
:10E5700008DB2077E526C53F2DAAA163D1C2E93F7C
:10E580007047220D86C2CB3FED417803E686E83F17
:10E59000E17EA0C88B05D13F624853F5DC67E73FB9
:10E5A00009EEB6573004D43FEF39FAFE422EE63F6B
:10E5B0003483B848A30ED0BF6A0BE00B5B57D53F3E
:10E5C00023410AF2FEFFDFBF0080E03779C34143F9
:10E5D000176E05B5B5B89346F5F93FE9034F384DC9
:10E5E000321D30F94877825A3CBF737FDD4F157575
:10E5F000000000000000F03F000000000000244088
:10E6000000000000000059400000000000408F4062
:10E61000000000000088C34000000000006AF840CD
:10E620000000000080842E4100000000D0126341F1
:10E630000000000084D797410000000065CDCD4167
:10E64000000000205FA00242000000E87648374248
:10E65000000000A2941A6D42000040E59C30A242E6
:10E660000000901EC4BCD64200003426F56B0C435B
:10E670000080E03779C3414300A0D8855734764302
:10E6800000C84E676DC1AB43003D9160E458E14363
:10E69000408CB5781DAF154450EFE2D6E41A4B44D8
:10E6A00092D54D06CFF08044F64AE1C7022DB5441D
:10E6B000B49DD9794378EA44BEF3F879EC61F63F2A
:10E6C0001930965BC6FEDEBF3D88AF4AED71F53F5F
:10E6D000A4FCD432680BDBBFB010F0F03995F43FE6
:10E6E0007BB71F0A8B41D7BF8503B8B095C9F33FED
:10E6F0007BCF6D1AE99DD3BFA564880C190DF33F3C
:10E7000031B6F2F39B1DD0BFA08E0B7B225EF23F91
:10E71000F07A3B1B1D7CC9BF3F341A4A4ABBF13F0C
:10E720009F3CAF93E3F9C2BFBAE58AF05823F13FAB
:10E730005C8D78BFCB60B9BFA70099413F95F03F92
:10E74000CE5F47B69D6FAABF000000000000F03FFB
:10E750000000000000000000AC479AFD8C60EE3F16
:10E760003DF5249FCA38B33FA06A021FB3A4EC3F13
:10E77000BA913854A976C43FE6FC6A573620EB3F7D
:10E78000D2E4C44A0B84CE3F2DAAA163D1C2E93F93
:10E790001C65C6F04506D43FED417803E686E83FA8
:10E7A000F89F1B2C9C8ED83F624853F5DC67E73FEF
:10E7B000CC7BB14EA4E0DC3F0B6E49C91676D23F4C
:10E7C0007AC675A06919D7BFDDBAA76C0AC7DE3F44
:10E7D000C8F6BE484715E7BF2BB82A654715F73F6F
:10E7E000000000000000F03F000000000000F0BF4B
:10E7F000000000000000F0BF000000000000F03F3B
:10E8000083C8C96D305F6441182D4454FB21F93F22
:10E81000000000000000F03F1C620CFDFFFFDFBFA6
:10E82000198F06E15355A53F9D359AE887C056BF1D
:10E83000C3F87B024393F93E03A695595455C5BFCF
:10E84000C40B23057610813F24CF7437EB9429BF86
:10E85000000000000000F03F000000000000F0BFDA
:10E86000000000000000F0BF000000000000F03FCA
:10E8700083C8C96D305F6441182D4454FB21F93FB2
:10E88000000000000000F0BF1C620CFDFFFFDF3F36
:10E89000198F06E15355A5BF9D359AE887C0563FAD
:10E8A000C3F87B024393F9BE03A695595455C5BFDF
:10E8B000C40B23057610813F24CF7437EB9429BF16
:10E8C000BC89D897B2D29C3C33A7A8D523F6493946
:10E8D0003DA7F444FD0FA5329D978CCF08BA5B2568
:10E8E000436FAC6428066811D81B0020E81B002089
:10E8F000F81B0020C8C20020CCC20020D0C20020DB
:10E90000D4C20020D8C20020000000000000000097
:10E910000000FF27100032FF27100032FF271000F1
:10E9200032FF27100032000000000000000000004D
:10E930000000000000000000004000400040000017
:10E94000E73BE73BE73B0000080C0020040C0020FD
:10E95000042B00207C1B0020F80C0020080C002059
:10E96000040C0020042B0020482600205426002000
:10E97000E82A0020F42A0020002B002028F029F0AB
:10E980002AF02BF020002D003D005B005D005C00B4
:10E9900000003B00270060002C002E002F0039F003
:10E9A0000000000000000000000000000000000067
:10E9B000000000000000000000000000000049F01E
:10E9C0004AF04BF04CF04DF04EF04FF050F051F05B
:10E9D00052F00000000000000000000000000000F5
:10E9E0000000000000000000000000000000000027
:10E9F0000000000000000000000000000000000017
:10EA00000000000000000000000000000000000006
:10EA100000000000000000000000000000000000F6
:10EA200000000000000000000000000000000000E6
:10EA300000000000000000000000000000000000D6
:10EA400000000000000000000000000000000000C6
:10EA500000000000000000000000000000000000B6
:10EA600000000000000000000000000000000000A6
:10EA70000000000000000000000000000000000096
:10EA80000000000000000000000000000000000086
:10EA90000000000000000000000000000000000076
:10EAA0000000000000000000000000000000000066
:10EAB0000000000000000000000000000000000056
:10EAC0000000000000000000000000000000000046
:10EAD0000000000000000000000000000000000036
:10EAE00000000000000000000000000001E002E063
:10EAF00004E008E010E020E040E080E000000000DA
:10EB000001000000030000000200000000000000FF
:10EB1000841B0020981B0020AC1B0020C01B002081
:10EB2000080C0020040C0020042B00207C1B00207B
:10EB3000840D00208C0D0020100E00207B226373BA
:10EB40005F626F756E645F6B6579223A000000004A
:10EB50007B226B696D5F626F756E645F6B65792296
:10EB60003A00000043494D0041494D005B55534276
:10EB70005D204465766963653A204D494D204D6FAF
:10EB800075736520696E697469616C697A65640082
:10EB90005B5553425D204465766963653A20000009
:10EBA00020446972656374496E707574204A6F7988
:10EBB000737469636B20696E697469616C697A65E5
:10EBC000640000005B5553425D204A6F797374699D
:10EBD000636B3A2061786573206E65757472616C41
:10EBE0002028353132292C204D616E75616C5365BA
:10EBF0006E64206163746976650000005B55534262
:10EC00005D2057616974696E6720666F7220686F56
:10EC1000737420656E756D65726174696F6E2E2EEA
:10EC20002E0000005B5553425D20526561647900FF
:10EC30005B454E435D20456E636F64657248616E4F
:10EC4000646C657220726561647920285465656E14
:10EC5000737920342E3129004D494D0076322E3102
:10EC6000302E302D616C7068610000005B5446549A
:10EC70005D205446543120696E697469616C697A0B
:10EC80006564000047726170682072656164790094
:10EC90005B5446545D205446543220696E69746951
:10ECA000616C697A65640000252B35642070782FCB
:10ECB00073000000253564206D73000025352E316A
:10ECC000662025250000000025352E316620487A73
:10ECD00000000000253564202525000025356C75D1
:10ECE000206D7300582D537065656400592D537065
:10ECF000656564002B2F2D25642020543D256C75FF
:10ED00006D7300002B256400203000002D25640069
:10ED100030000000256C75206D73000045313A709D
:10ED2000616765202045323A65646974000000001F
:10ED3000765825643A252B35640000007659256401
:10ED40003A252B356400000025372E33660000007D
:10ED500025362E32662025730000000057522057BA
:10ED600041524E00534156454400000041494D2058
:10ED7000506172616D7300002025642F25640000CE
:10ED80005025642F3300000041494D2053756D6DAF
:10ED90006172790045313A6E61762045323A656498
:10EDA000697400005B252E32662E2E252E32665D9C
:10EDB000000000002D3E2041494D00002D3E204D19
:10EDC000494D00004D494D202861667465722072DE
:10EDD00065626F6F742900005B424F4F545D204D98
:10EDE0006F646520736176656420E286922000007E
:10EDF0005B424F4F545D2050656E64696E67206DB5
:10EE00006F646520E2869220000000005B4545505B
:10EE1000524F4D5D204D494D2070726F66696C6593
:10EE2000207361766564202873657373696F6E2043
:10EE30007772697465733A005B454550524F4D5D7A
:10EE4000205741524E3A206869676820777269748A
:10EE500065206672657175656E6379207468697383
:10EE60002073657373696F6E000000005B4D494D40
:10EE70005D2050726F66696C652076616C696461B3
:10EE800074696F6E206661696C65643A206D6167B4
:10EE90006963206D69736D61746368005B4D494DF2
:10EEA0005D2050726F66696C652076616C69646183
:10EEB00074696F6E206661696C65643A207665726C
:10EEC00073696F6E206D69736D6174636800000013
:10EED0005B4D494D5D2050726F66696C65207661AF
:10EEE0006C69646174696F6E206661696C65643A0F
:10EEF00020435243206572726F722028676F74201E
:10EF0000000000002C206578706563746564200043
:10EF10005B4D494D5D2050726F66696C652076616E
:10EF20006C69646174696F6E206661696C65643ACE
:10EF3000207658206F7574206F662072616E676549
:10EF4000000000005B4D494D5D2050726F66696C9A
:10EF5000652076616C69646174696F6E20666169B1
:10EF60006C65643A207659206F7574206F66207244
:10EF7000616E6765000000005B4D494D5D20507279
:10EF80006F66696C652076616C69646174696F6E27
:10EF9000206661696C65643A2044656C6179206F14
:10EFA0007574206F662072616E6765005B4D494D18
:10EFB0005D2050726F66696C652076616C69646172
:10EFC00074696F6E206661696C65643A2073696765
:10EFD0006D61506374206F7574206F662072616E6E
:10EFE000676500005B4D494D5D2050726F66696C2E
:10EFF000652076616C69646174696F6E2066616911
:10F000006C65643A207266487A206F7574206F666A
:10F010002072616E676500005B4D494D5D20507246
:10F020006F66696C652076616C69646174696F6E86
:10F03000206661696C65643A20726653707265611E
:10F0400064206F7574206F662072616E67650000C2
:10F050005B4D494D5D2050726F66696C652076612D
:10F060006C69646174696F6E206661696C65643A8D
:10F0700020726644757479506374206F7574206FC4
:10F08000662072616E6765005B4D494D5D20507270
:10F090006F66696C652076616C69646174696F6E16
:10F0A000206661696C65643A2074456E644D732016
:10F0B0006F7574206F662072616E676500000000D6
:10F0C0005B454550524F4D5D204D494D206465666E
:10F0D00061756C7473206C6F6164656420286E6F59
:10F0E0002076616C69642070726F66696C652900B6
:10F0F0005B454550524F4D5D204D494D2070726F1C
:10F1000066696C65206C6F61646564202876000018
:10F110005B454550524F4D5D2041494D2070726F07
:10F1200066696C6520736176656420287365737306
:10F13000696F6E207772697465733A005B41494D5F
:10F140005D2050726F66696C652076616C696461E0
:10F1500074696F6E206661696C65643A206D6167E1
:10F160006963206D69736D61746368005B41494D2B
:10F170005D2050726F66696C652076616C696461B0
:10F1800074696F6E206661696C65643A2076657299
:10F1900073696F6E206D69736D6174636800000040
:10F1A0005B41494D5D2050726F66696C65207661E8
:10F1B0006C69646174696F6E206661696C65643A3C
:10F1C00020435243206572726F722028676F74204B
:10F1D000000000005B41494D5D2050726F66696C14
:10F1E000652076616C69646174696F6E206661691F
:10F1F0006C65643A20656D615F616C706861206F59
:10F200007574206F662072616E6765005B41494DC1
:10F210005D2050726F66696C652076616C6964610F
:10F2200074696F6E206661696C65643A206E6F69FF
:10F2300073655F67617465206F7574206F662072F7
:10F24000616E6765000000005B41494D5D205072B2
:10F250006F66696C652076616C69646174696F6E54
:10F26000206661696C65643A2073656E73697469C0
:10F2700076697479206F7574206F662072616E678D
:10F28000650000005B41494D5D2050726F66696CFE
:10F29000652076616C69646174696F6E206661696E
:10F2A0006C65643A206D61785F6465666C65637453
:10F2B000206F7574206F662072616E6765000000B4
:10F2C0005B41494D5D2050726F66696C65207661C7
:10F2D0006C69646174696F6E206661696C65643A1B
:10F2E0002063757276655F657870206F7574206F26
:10F2F000662072616E6765005B41494D5D2050720A
:10F300006F66696C652076616C69646174696F6EA3
:10F31000206661696C65643A206C737469636B5F25
:10F320006D617020636F6465206F7574206F662057
:10F3300072616E67650000005B41494D5D2050724F
:10F340006F66696C652076616C69646174696F6E63
:10F35000206661696C65643A206D6F7573655F73D3
:10F360007469636B206F7574206F662072616E67BD
:10F37000650000005B41494D5D2050726F66696C0D
:10F38000652076616C69646174696F6E206661697D
:10F390006C65643A206B626D617020636F646520F8
:10F3A0006F7574206F662072616E676500000000E3
:10F3B0005B454550524F4D5D2041494D2064656687
:10F3C00061756C7473206C6F6164656420286E6F66
:10F3D0002076616C69642070726F66696C652900C3
:10F3E0005B454550524F4D5D2041494D2070726F35
:10F3F00066696C65206C6F61646564202876000026
:10F40000F0F1F3F41408E12C1E1F20212B29E0F267
:10F41000000000005B454550524F4D5D2043494D73
:10F420002070726F66696C65207361766564202850
:10F4300073657373696F6E207772697465733A00D0
:10F440005B43494D5D2050726F66696C6520766143
:10F450006C69646174696F6E206661696C65643A99
:10F46000206D61676963206D69736D617463680005
:10F470005B43494D5D2050726F66696C6520766113
:10F480006C69646174696F6E206661696C65643A69
:10F490002076657273696F6E206D69736D61746338
:10F4A000680000005B43494D5D2050726F66696CD7
:10F4B000652076616C69646174696F6E206661694C
:10F4C0006C65643A20435243206572726F72202843
:10F4D000676F7420000000005B43494D5D2050724F
:10F4E0006F66696C652076616C69646174696F6EC2
:10F4F000206661696C65643A207658206F757420C7
:10F500006F662072616E6765000000005B43494DC5
:10F510005D2050726F66696C652076616C6964610C
:10F5200074696F6E206661696C65643A2076592053
:10F530006F7574206F662072616E67650000000051
:10F540005B43494D5D2050726F66696C6520766142
:10F550006C69646174696F6E206661696C65643A98
:10F560002064656C6179206F7574206F662072610C
:10F570006E6765005B43494D5D2050726F66696C34
:10F58000652076616C69646174696F6E206661697B
:10F590006C65643A207369676D61506374206F75A0
:10F5A00074206F662072616E676500005B43494D91
:10F5B0005D2050726F66696C652076616C6964616C
:10F5C00074696F6E206661696C65643A2072664882
:10F5D0007A206F7574206F662072616E6765000017
:10F5E0005B43494D5D2050726F66696C65207661A2
:10F5F0006C69646174696F6E206661696C65643AF8
:10F60000207266537072656164206F7574206F6636
:10F610002072616E676500005B43494D5D2050724A
:10F620006F66696C652076616C69646174696F6E80
:10F63000206661696C65643A20726644757479501D
:10F640006374206F7574206F662072616E67650049
:10F650005B43494D5D2050726F66696C6520766131
:10F660006C69646174696F6E206661696C65643A87
:10F670002074456E644D73206F7574206F66207220
:10F68000616E6765000000005B43494D5D2050726C
:10F690006F66696C652076616C69646174696F6E10
:10F6A000206661696C65643A206178697320696ECF
:10F6B000646578206F7574206F662072616E67656F
:10F6C000000000005B43494D5D2050726F66696C1D
:10F6D000652076616C69646174696F6E206661692A
:10F6E0006C65643A20666972655F62746E206F753E
:10F6F00074206F662072616E676500005B43494D40
:10F700005D2050726F66696C652076616C6964611A
:10F7100074696F6E206661696C65643A2063696D17
:10F7200053656E7369746976697479206F75742096
:10F730006F662072616E6765000000005B45455092
:10F74000524F4D5D2043494D2064656661756C7470
:10F7500073206C6F6164656420286E6F2076616C25
:10F7600069642070726F66696C6529005B4545505D
:10F77000524F4D5D2043494D2070726F66696C6534
:10F78000206C6F6164656420287600005B454550FD
:10F79000524F4D5D204B494D2070726F66696C650C
:10F7A000207361766564202873657373696F6E20BA
:10F7B0007772697465733A005B4B494D5D205072F6
:10F7C0006F66696C652076616C69646174696F6EDF
:10F7D000206661696C65643A206D61676963206DBC
:10F7E00069736D61746368005B4B494D5D205072B5
:10F7F0006F66696C652076616C69646174696F6EAF
:10F80000206661696C65643A2076657273696F6E13
:10F81000206D69736D617463680000005B4B494D36
:10F820005D2050726F66696C652076616C696461F9
:10F8300074696F6E206661696C65643A2043524357
:10F84000206572726F722028676F742000000000BC
:10F850005B4B494D5D2050726F66696C6520766127
:10F860006C69646174696F6E206661696C65643A85
:10F87000206E5F656E7472696573206F7574206F9A
:10F88000662072616E6765005B4B494D5D2050726A
:10F890006F66696C652076616C69646174696F6E0E
:10F8A000206661696C65643A207369676D615F7099
:10F8B0006374206F7574206F662072616E676500D7
:10F8C0005B454550524F4D5D204B494D2064656668
:10F8D00061756C7473206C6F6164656420286E6F51
:10F8E0002076616C69642070726F66696C652900AE
:10F8F0005B454550524F4D5D204B494D2070726F16
:10F9000066696C65206C6F61646564202876000010
:10F910002C20656E74726965733A2000696E6163AC
:10F9200074697665000000005B454550524F4D5D9F
:10F93000204B494D20746F67676C65207361766555
:10F94000643A20005B454550524F4D5D20435320A3
:10F9500070726F66696C65207361766564202873C8
:10F96000657373696F6E207772697465733A00000E
:10F970005B454550524F4D5D2043532064656661A1
:10F98000756C7473206C6F6164656420286E6F20E1
:10F9900076616C69642070726F66696C652900001D
:10F9A0005B454550524F4D5D2043532070726F664A
:10F9B000696C65206C6F61646564202876000000C6
:10F9C0002C2070616972733A200000005B4D494D34
:10F9D0005D202D2D2D204761757373207465737420
:10F9E00020284E3D313030302C207369676D615FC7
:10F9F0007063743D352529202D2D2D005B4D494D1B
:10FA00005D204D696E3A20005B4D494D5D204D6192
:10FA1000783A20005B4D494D5D204D65616E3A207E
:10FA2000000000005B4D494D5D20537464446576D1
:10FA30003A2000005B4D494D5D202D2D2D2D2D2DA3
:10FA40002D2D2D2D2D2D2D2D2D2D2D2D2D2D2D2DE6
:10FA50002D2D2D2D2D2D2D2D2D2D2D2D2D2D2D2DD6
:10FA60002D2D2D005B41494D5D2041696D416C6735
:10FA70006F726974686D20726561647900000000BE
:10FA80005B4B494D5D20456E67696E6520696E6907
:10FA90007469616C697A6564000000007B226B699F
:10FAA0006D5F62696E645F61636B223A317D000055
:10FAB0007B2263735F62696E645F61636B223A31BC
:10FAC0007D0000007B226B696D5F62696E645F740C
:10FAD000696D656F7574223A317D00004D4B434F5F
:10FAE0004D424F0041494D20286166746572207275
:10FAF00065626F6F7429000043494D202861667468
:10FB00006572207265626F6F742900004B494D2049
:10FB1000286166746572207265626F6F74290000D7
:10FB20004D4B434F4D424F202861667465722072E1
:10FB300065626F6F74290000582D537065656420ED
:10FB40002870782F73290000592D53706565642043
:10FB50002870782F73290000506172616D6574659B
:10FB600072730000765830007658310076583200B3
:10FB7000765833007658340076583500765836007B
:10FB80007659300076593100765932007659330073
:10FB9000765934007659350076593600582D44652B
:10FBA0006C617900592D44656C6179005369676D0A
:10FBB0006100000052462D487A00000052462D5345
:10FBC0007072640052462D4475747900542D456E50
:10FBD00064000000454D412D416C706861000000DB
:10FBE0004E6F6973652D47617465000053656E73D0
:10FBF000697469762E0000004D61782D4465666C4D
:10FC00000000000043757276652D45787000000095
:10FC100070782F73000000002F2F272722225C5CB2
:10FC20006208660C6E0A720D740900005C75303053
:10FC300030300000747275650000000066616C73FE
:10FC4000650000006E756C6C000000006F6B0000BA
:10FC5000646576696365000066775F7665727369CF
:10FC60006F6E0000322E31302E302D616C70686165
:10FC7000000000002530386C5800000068775F698C
:10FC80006400000076580000765900007844656CE6
:10FC9000617900007944656C617900007369676D72
:10FCA0006150637400000000726653707265616495
:10FCB000000000007266447574795063740000009F
:10FCC00073706C696E65735F656E61626C6564000C
:10FCD00074456E644D7300007266487A000000003F
:10FCE000757074696D655F6D730000006869645FAD
:10FCF00061637469766500006C6173745F696E702E
:10FD000075745F6D730000006C6D625F6163746990
:10FD100076650000736C6565705F6D6F64650000EB
:10FD20006D6F7573655F636F6E6E65637465640098
:10FD30006B6579626F6172645F636F6E6E65637429
:10FD40006564000067616D657061645F636F6E6E0E
:10FD500065637465640000006B62645F6D6F646965
:10FD600066696572730000006E756D5F6D696E7512
:10FD7000735F68656C640000656D615F616C7068DD
:10FD8000610000006E6F6973655F676174650000F4
:10FD900073656E7369746976697479006D61785FF3
:10FDA0006465666C6563740063757276655F65781B
:10FDB000700000006D6F7573655F737469636B002D
:10FDC0006B626D61700000006C737469636B5F6DD2
:10FDD00061700000617869735F727800617869739F
:10FDE0005F727900666972655F62746E0000000080
:10FDF0006B696D5F61637469766500007369676D37
:10FE0000615F7063740000006E5F656E7472696597
:10FE100073000000656E74726965730074797065B3
:10FE200000000000747269676765723000000000AE
:10FE300074726967676572310000000074726967E7
:10FE40006765725F6D6F6465000000006761705FD9
:10FE50006D73000073746570730000006B657963E7
:10FE60006F646500686F6C645F6D730070617573BB
:10FE7000655F6D730000000073746172745F626986
:10FE80006E64000063735F656E61626C65640000A0
:10FE900063735F7369676D615F7063740000000076
:10FEA00070616972730000006B65795F610000002A
:10FEB0006B65795F620000006475725F6D730000AE
:10FEC0006572726F720000006D6573736167650023
:10FED0006D6F64655F7377697463683A206D6F64F2
:10FEE00065206D75737420626520274D494D272C60
:10FEF000202741494D272C202743494D272C2027D7
:10FF00004B494D27206F7220274D4B434F4D424F99
:10FF100027000000616374696F6E00007265626F94
:10FF20006F74696E670000004A534F4E2070617213
:10FF30007365206572726F7200000000636D64006B
:10FF400070696E67000000006765745F636F6E66BE
:10FF5000696700006765745F73746174757300008E
:10FF60006765745F6578745F636F727265637469E7
:10FF70006F6E0000646174615F666C6F77696E67B5
:10FF8000000000006672616D655F616765000000DA
:10FF9000636F72725F6D6F64650000006C6D625F0D
:10FFA00067617465000000007265616368696E676F
:10FFB0005F6D73006B705F7063740000616C7068DC
:10FFC000615F6D696E5F706374000000616C7068E2
:10FFD000615F6D61785F706374000000616C7068D0
:10FFE000615F7363616C65006A756D705F696E74E3
:10FFF000657276616C5F6D73000000006A756D70EC
:02000004600397
:100000005F706374000000006465616462616E6427
:10001000000000006D61785F73746570000000007F
:10002000636F72725F626F785F780000636F7272E5
:100030005F626F785F790000696E766572745F78D1
:1000400000000000696E766572745F790000000040
:100050006173736973745F706374000075736572A4
:100060005F7969656C645F726566000065787472BB
:1000700061705F656E61626C6564000065787472C2
:1000800061705F7765696768745F70637400000012
:10009000757365725F73706565640000657874726E
:1000A00061705F686F72697A6F6E5F6D73000000D8
:1000B0006765745F61696D5F636F6E666967000095
:1000C0006765745F61696D5F6D617070696E67000F
:1000D0006765745F63696D5F636F6E666967000073
:1000E0006765745F6B696D5F636F6E66696700005B
:1000F0006765745F63735F636F6E666967000000B6
:100100006E5F7061697273006B696D5F62696E64C6
:100110005F737461727400007365745F6578745FF7
:10012000636F7272656374696F6E000064617461FD
:100130000000000074656C656D65747279000000E4
:10014000757365725F73706565645F666F72636512
:1001500000000000636F72725F6D6F64653A206F1C
:100160006E6C792031202841646170746976292C85
:1001700020322028537072756E67292C2034202875
:10018000526F627573742900756E6B6E6F776E2097
:100190006B65793A202573007365745F6578745FC9
:1001A000636F7272656374696F6E207265717569D1
:1001B00072657320276461746127206F626A6563CA
:1001C0007400000072657365745F6578745F636FB7
:1001D0007272656374696F6E000000007365745F0E
:1001E000636F6E66696700007365745F636F6E6648
:1001F000696720726571756972657320276461741F
:100200006127206F626A6563740000007365745F24
:1002100061696D5F636F6E66696700007365745F27
:1002200061696D5F636F6E6669672072657175697C
:1002300072657320276461746127206F626A656349
:10024000740000007365745F61696D5F6D6170704B
:10025000696E67007365745F61696D5F6D61707071
:10026000696E6720726571756972657320276461B4
:10027000746127206F626A65637400007365745F40
:1002800063696D5F636F6E66696700007365745FB5
:1002900063696D5F636F6E6669672072657175690A
:1002A00072657320276461746127206F626A6563D9
:1002B000740000007365745F6B696D5F636F6E66D9
:1002C000696700007365745F6B696D5F636F6E666D
:1002D000696720726571756972657320276461743E
:1002E0006127206F626A6563740000007365745F44
:1002F00063735F636F6E6669670000007365745FA8
:1003000063735F636F6E666967207265717569728A
:10031000657320276461746127206F626A65637466
:10032000000000006D6F64655F7377697463680037
:100330007265626F6F745F626F6F746C6F6164651A
:10034000720000006F74615F73746172740000006A
:10035000746F74616C5F627974657300626C6F6353
:100360006B5F73697A6500006F74615F626C6F63C5
:100370006B0000007365710061646472000000002E
:100380006F74615F66696E697368000063726333DE
:10039000320000006F74615F61626F727400000070
:1003A000726561736F6E000062726F777365725F62
:1003B00061626F7274000000756E6B6E6F776E20F5
:1003C000636F6D6D616E64005B4D41494E5D2053FE
:1003D0007769746368696E6720746F206D6F6465F8
:1003E0003A2000007B226576656E74223A22736C97
:1003F000656570227D0000007B226576656E742243
:100400003A2277616B65227D000000005B454E4318
:100410005D204532204C6F6E6720507265737320EB
:10042000E28692206D6F646520737769746368203B
:10043000746F20005B454E435D205061676520E28C
:10044000869220005B454E435D2045322052657305
:10045000657420506172616D200000006E6F742021
:10046000636F6E6E65637465640000003D3D3D3DE5
:100470003D3D3D3D3D3D3D3D3D3D3D3D3D3D3D3DAC
:100480003D3D3D3D3D3D3D3D3D3D3D3D3D3D3D3D9C
:100490003D3D3D3D3D00000020204D494D20763240
:1004A0002E31302E302D616C7068610020207678FE
:1004B000000000003A202000202076790000000093
:1004C0002020582D44656C61793A202000000000FE
:1004D0002020592D44656C61793A202000000000ED
:1004E00020205369676D613A202020200000000021
:1004F00020250000202052462D487A3A2020202036
:100500000000000020487A00202052462D537072CF
:10051000643A202000000000202052462D447574CB
:10052000793A2020000000002020542D456E643AC6
:10053000202020200000000020204D6F7573653AB8
:1005400020202020000000005B4E554D2D5D2070C6
:100550007265737320E28692204C4D423D3100005B
:100560005B4E554D2D5D2072656C6561736520E2B3
:100570008692204C4D423D30000000004D2000008E
:100580005B4B415D204865617274626561742061F6
:100590006674657220000000207320696E616374C8
:1005A00069766974790000004D494D204D4F4445EE
:1005B0000000000041494D204D4F4445000000001F
:1005C0005B4D41494E5D204D494D2076322E3130F4
:1005D0002E302D616C70686120E280942073657408
:1005E00075702829000000005B424F4F545D204188
:1005F00075746F2D446574656374696F6E20286B24
:1006000065696E2050656E64696E672D4D6F646517
:10061000290000005B43494D5D20426F6F7420E26A
:10062000809420636F6E74726F6C6C657220646569
:1006300074656374656400005B41494D5D20426FE1
:100640006F7420E28094206D6F757365206465740B
:1006500065637465640000005B4B494D5D20426F2B
:100660006F7420E28094206B6579626F6172642000
:100670006465746563746564000000005B4D4B4302
:100680004F4D424F5D20426F6F7420E28094206D89
:100690006F757365202B206B6579626F61726420C2
:1006A0006465746563746564202848756229000078
:1006B0005B4D494D5D20426F6F7400005B25735D9B
:1006C00020427574746F6E2070756C73652073654D
:1006D0006E7420E286922062726F77736572204793
:1006E000616D657061642041504920616374697671
:1006F000617465640A0000005B4D41494E5D2073E2
:1007000065747570282920636F6D706C6574650061
:1007100050415353000000004641494C0000000086
:100720005B4D41494E5D205741524E3A2068696702
:1007300068207772697465206672657175656E638D
:100740007920746869732073657373696F6E000034
:100750007B22737461747573223A226572726F72B0
:10076000222C226D657373616765223A227265716E
:10077000756573742074696D656F7574227D0000F2
:100780007B0000006D0000005B4D494D5D2054650D
:1007900073743A204D6F7573652E6D6F76652830D2
:1007A0002C3130302C30292073656E74000000002D
:1007B00074667432746573740000000052454420FE
:1007C000202043533D333700475245454E20444394
:1007D0003D333600424C5545205253543D3335008D
:1007E0005B5446545D205446543220636F6C6F72E4
:1007F000207465737420647261776E2028522F47CD
:100800002F422C203320732900000000767800004E
:10081000767900005B4D494D5D2076580000000060
:1008200078643A005B4D494D5D2076590000000028
:100830005B4D494D5D20582D44656C6179203D200C
:100840000000000079643A005B4D494D5D20592D50
:1008500044656C6179203D20000000005B4D494DEE
:100860005D205369676D61203D20000072663A008B
:100870005B4D494D5D2052462D487A203D200000B9
:100880007266733A000000005B4D494D5D20524690
:100890002D537064203D20007266643A0000000011
:1008A0005B4D494D5D2052462D44757479203D20A5
:1008B0000000000074653A005B4D494D5D20542DE9
:1008C000456E64203D200000656570726F6D5F7439
:1008D000657374005B544553545D20E29480E29448
:1008E0008020454550524F4D20546573742D5375EB
:1008F00069746520E29480E29480E29480E29480BE
:10090000E29480E29480E29480E29480E29480E237
:100910009480E29480E29480E29480E29480E29475
:1009200080E29480E29480E2948000005B5445531E
:10093000545D203120E2809420436F6C6420537416
:100940006172742044656661756C743A20202020C1
:10095000000000005B544553545D203220E2809437
:100960002053617665202B2052656C6F61643A20BC
:100970002020202020202020200000005B54455310
:10098000545D203320E2809420436865636B737567
:100990006D20436F7272757074696F6E3A202020FB
:1009A000000000005B544553545D203420E28094E5
:1009B00020466C6F617420526F756E64747269703A
:1009C0003A20202020202020200000005B544553A6
:1009D000545D20E29480E2948020526573756C74BB
:1009E0003A2000002F34205041535320E29480E2FB
:1009F0009480E29480E29480E29480E29480E29495
:100A000080E29480E29480E29480E29480E2948098
:100A1000E29480E29480E29480E2948000000000FE
:100A20005B4D41494E5D20556E6B6E6F776E206356
:100A30006F6D6D616E642E2027702720666F7220A7
:100A400068656C702E00000043494D204D4F4445B1
:100A5000000000004B494D204D4F44450000000070
:100A60004D494D2B4B494D007B226F7461223A2238
:100A70006572726F72222C226D7367223A2225737F
:100A8000227D00007B226F7461223A226E61636BCB
:100A9000222C22736571223A25752C226D736722F0
:100AA0003A222573227D00005B4F54415D20457240
:100AB000726F7220E2809420626C6F636B5F736967
:100AC0007A65206D69736D617463683A20676F742D
:100AD00020000000626C6F636B5F73697A655F6D05
:100AE00069736D61746368005B4F54415D2053749A
:100AF00061727420E280942073697A653D00000081
:100B00002062797465732C20626C6F636B733D0097
:100B10007B226F7461223A227265616479222C22F1
:100B2000626C6F636B5F73697A65223A25752C225C
:100B3000626C6F636B73223A25757D006E6F745F14
:100B4000696E5F6F74615F6D6F6465005B4F5441E8
:100B50005D204572726F7220E2809420626C6F6338
:100B60006B2074696D656F757400000074696D6544
:100B70006F7574006261736536345F6572726F728F
:100B8000000000005B4F54415D20426C6F636B209E
:100B9000000000002F0000002028536563746F726E
:100BA000203020E286922052414D29007B226F7432
:100BB00061223A2261636B222C22736571223A25ED
:100BC000757D0000666C6173685F76657269667931
:100BD0005F6572726F7200005B4F54415D20457219
:100BE000726F7220E28094204352433332206D6949
:100BF000736D617463683A20676F74203078000009
:100C00002C2065787065637465642030780000007E
:100C10006372635F6D69736D6174636800000000E7
:100C2000736563746F72305F6D697373696E6700AB
:100C30005B4F54415D204352433332204F4B20E2FF
:100C400080942077726974696E6720536563746F4E
:100C50007220302C207265626F6F74696E670000BD
:100C60007B226F7461223A226F6B227D00000000AC
:100C70006E6F20726561736F6E0000005B4F5441B0
:100C80005D2041626F727420E280942000000000B9
:100C90000A20212121212121212121212120426CF1
:100CA0007565746F6F7468436F6E74726F6C6C658A
:100CB000723A3A71756575655F446174615F54722B
:100CC000616E736665722063616C6C656420776920
:100CD0007468206261642064617461206C696E656F
:100CE0003A2025750A0000000920706970653A25D0
:100CF00070206275666665723A2570206C656E3A82
:100D00002575206472697665723A25700A000000C4
:100D100048656C6C6F2C2049276D20726573657473
:100D200074696D65720000004465626F756E63657D
:100D30002054696D65720000555342484944506122
:100D4000727365723A3A636F6E74726F6C206D7372
:100D5000673A202578202578203A202578202575A7
:100D6000203A000020253032780000004A6F797365
:100D70007469636B436F6E74726F6C6C65723A3A30
:100D800062745F636C61696D5F636F6C6C656374E3
:100D9000696F6E2825702920436F6E6E65637469D4
:100DA0006F6E3A257020636C6173733A2578205416
:100DB0006F703A25780A0000094A6F797374696385
:100DC0006B436F6E74726F6C6C657220636C6169DB
:100DD0006D20636F6C6C656374696F6E0A00000050
:100DE000537769746368207472616E7366657220EC
:100DF0006661696C0A0000005365742052756D626B
:100E00006C6520646174613A2025642C2025640A95
:100E1000000000005365742052756D626C6520649B
:100E20006174612028555342293A2025642C2025DD
:100E3000640A0000576972656C65737320436F6EB6
:100E400074726F6C6C657200504C4159535441542C
:100E5000494F4E28522933004E61766967617469A3
:100E60006F6E20436F6E74726F6C6C657200000061
:100E70004D6F74696F6E20436F6E74726F6C6C652A
:100E80007200000058626F7820576972656C657354
:100E90007300000050726F20436F6E74726F6C6C41
:100EA000657200004A6F792D436F6E202852290029
:100EB0004A6F792D436F6E20284C29004A6F797351
:100EC0007469636B436F6E74726F6C6C65723A3ADF
:100ED000636C61696D5F626C7565746F6F746820B7
:100EE0002D20436C6173732025782025730A000040
:100EF0004A6F79737469636B436F6E74726F6C6C55
:100F000065723A3A636C61696D5F626C7565746FA6
:100F10006F746820496E746572666163650A0000CB
:100F20000A232323232323232073775F73656E64AF
:100F3000434D44282578202570202575292063619C
:100F40006C6C656420776974682062746472697679
:100F500065725F203D3D2030200000004D6F7573AD
:100F600065436F6E74726F6C6C657220436F6E7444
:100F7000726F6C6C65723A3A636C61696D5F626C3A
:100F80007565746F6F7468202D20436C61737320D6
:100F900025780A004D6F757365436F6E74726F6CC0
:100FA0006C65723A3A636C61696D5F626C75657409
:100FB0006F6F746820545255450A00004D6F757369
:100FC00065436F6E74726F6C6C65723A3A62745FEF
:100FD000636C61696D5F636F6C6C656374696F6E80
:100FE0002825702920436F6E6E656374696F6E3AB1
:100FF000257020636C6173733A257820546F703AC2
:1010000025780A00094D6F757365436F6E74726FB2
:101010006C6C657220636C61696D20636F6C6C65CC
:101020006374696F6E0A00006E616E00696E66001F
:101030006F7666006E660000696E69747900000064
:10104000616E00004C435F434F4C4C4154450000DF
:101050004C435F4354595045000000004C435F4DE2
:101060004F4E4554415259004C435F4E554D4552E9
:10107000494300004C435F54494D45004C435F4D8C
:10108000455353414745530042616C6C6F63207375
:101090007563636565646564000000002F646174B6
:1010A000612F6A656E6B696E732F776F726B7370E9
:1010B0006163652F474E552D746F6F6C636861696E
:1010C0006E2F61726D2D31352D352F7372632F6E3A
:1010D00065776C69622D63796777696E2F6E6577C6
:1010E0006C69622F6C6962632F7374646C69622F20
:1010F0006764746F612D6765746865782E6300009E
:101100002F646174612F6A656E6B696E732F776FE0
:10111000726B73706163652F474E552D746F6F6CE2
:10112000636861696E2F61726D2D31352D352F73B6
:1011300072632F6E65776C69622D63796777696E6C
:101140002F6E65776C69622F6C6962632F737464AC
:101150006C69622F6D707265632E6300494E4600A4
:101160004E414E00303132333435363738396162D2
:101170006364656600000000303132333435363741
:10118000383941424344454600000000286E756CE2
:101190006C2900002C2066756E6374696F6E3A20AE
:1011A00000000000617373657274696F6E20222500
:1011B0007322206661696C65643A2066696C6520FB
:1011C000222573222C206C696E65202564257325E9
:1011D000730A0000496E66696E6974790000000048
:1011E0004E614E002F646174612F6A656E6B696E8B
:1011F000732F776F726B73706163652F474E552D38
:10120000746F6F6C636861696E2F61726D2D31351B
:101210002D352F7372632F6E65776C69622D63793C
:101220006777696E2F6E65776C69622F6C69626390
:101230002F7374646C69622F64746F612E63000095
:10124000741C0020000000000000803FCDCC4C3D0D
:10125000B02E0020801C0020000000000000A041F3
:101260000000003FB01C00208C1C0020CDCCCC3DE9
:101270000000A040CDCCCC3DAC2C0020981C002020
:10128000CDCCCC3D0000803FCDCC4C3DB02E0020DD
:10129000A41C00200000003F00004040CDCCCC3D0D
:1012A000B02E0020741C0020000000000000803FD1
:1012B000CDCC4C3DB02E0020801C00200000000052
:1012C0000000A0410000003FB01C00208C1C00204A
:1012D000CDCCCC3D0000A040CDCCCC3DAC2C0020F2
:1012E000981C0020CDCCCC3D0000803FCDCC4C3DA7
:1012F000B02E0020A41C00200000003F0000404051
:10130000CDCCCC3DB02E0020280A291B2B0952DA67
:1013100051D950D84FD749D14CD44BD34ED64AD2BD
:101320004DD53AC23BC33CC43DC53EC63FC740C88D
:1013300041C942CA43CB44CC45CD0000741C0020B7
:10134000801C00208C1C0020981C0020A41C002065
:10135000041C0020081C00200C1C0020101C002075
:10136000141C0020181C00201C1C0020201C002025
:10137000241C0020281C00202C1C0020301C0020D5
:10138000341C0020381C00203C1C0020441C002081
:101390004C1C0020541C00205C1C0020641C0020FD
:1013A0006C1C0020542F2F552A2A562D2D572B2BDD
:1013B000580A0A59CD315AD1325BCE335CD0345DF4
:1013C00000355ECF365FCA3760D23861CB3962C92B
:1013D0003063CC2E03040001020500000000000071
:1013E000003E5B4F5B3E3E6B4F6B3E1C3E7C3E1CAB
:1013F000183C7E3C181C577D571C1C5E7F5E1C00F1
:10140000183C1800FFE7C3E7FF0018241800FFE7A7
:10141000DBE7FF30483A060E2629792926407F056A
:101420000507407F05253F5A3CE73C5A7F3E1C1C80
:1014300008081C1C3E7F14227F22145F5F005F5F40
:1014400006097F017F006689956A6060606060942C
:10145000A2FFA29408047E040810207E2010080831
:101460002A1C08081C2A08081E101010100C1E0C3C
:101470001E0C30383E3830060E3E0E0600000000CE
:101480000000005F00000007000700147F147F14B5
:10149000242A7F2A122313086462364956205000FA
:1014A00008070300001C2241000041221C002A1CE6
:1014B0007F1C2A08083E08080080703000080808D1
:1014C0000808000060600020100804023E514945F1
:1014D0003E00427F400072494949462141494D330F
:1014E0001814127F1027454545393C4A4949314176
:1014F000211109073649494936464949291E000044
:101500001400000040340000000814224114141498
:101510001414004122140802015909063E415D5984
:101520004E7C1211127C7F494949363E414141228D
:101530007F4141413E7F494949417F090909013EB7
:10154000414151737F0808087F00417F41002040DE
:10155000413F017F081422417F404040407F021CF0
:10156000027F7F0408107F3E4141413E7F09090907
:10157000063E4151215E7F091929462649494932D3
:1015800003017F01033F4040403F1F2040201F3F99
:101590004038403F6314081463030478040361591E
:1015A000494D43007F414141020408102000414160
:1015B000417F04020102044040404040000307080C
:1015C0000020545478407F28444438384444442808
:1015D000384444287F385454541800087E090218AF
:1015E000A4A49C787F0804047800447D4000204037
:1015F000403D007F1028440000417F40007C04787B
:1016000004787C080404783844444438FC182424C2
:101610001818242418FC7C08040408485454542442
:1016200004043F44243C4040207C1C2040201C3CBF
:101630004030403C44281028444C9090907C4464B6
:10164000544C440008364100000077000000413649
:10165000080002010204023C2623263C1EA1A161CF
:10166000123A4040207A3854545559215555794101
:101670002254547842215554784020545579400CD6
:101680001E527212395555555939545454593955B9
:101690005454580000457C410002457D42000145FC
:1016A0007C407D1211127DF0282528F07C54554590
:1016B000002054547C547C0A097F493249494932FC
:1016C0003A4444443A324A4848303A4141217A3A0D
:1016D00042402078009DA0A07D3D4242423D3D40D9
:1016E00040403D3C24FF2424487E4943662B2FFC88
:1016F0002F2BFF0929F620C0887E09032054547936
:10170000410000447D413048484A32384040227A06
:10171000007A0A0A727D0D19317D2629292F282683
:101720002929292630484D4020380808080808088B
:101730000808382F10C8ACBA2F102834FA00007BE4
:10174000000008142A142222142A140855005500F7
:1017500055AA55AA55AAFF55FF55FF000000FF00E6
:10176000101010FF00141414FF001010FF00FF10E1
:1017700010F010F0141414FC001414F700FF000013
:10178000FF00FF1414F404FC141417101F10101F92
:10179000101F1414141F00101010F0000000001F80
:1017A000101010101F10101010F010000000FF108B
:1017B0001010101010101010FF10000000FF140087
:1017C00000FF00FF00001F10170000FC04F41414B9
:1017D0001710171414F404F40000FF00F714141485
:1017E00014141414F700F7141414171410101F1005
:1017F0001F141414F4141010F010F000001F101F28
:101800000000001F14000000FC140000F010F01095
:1018100010FF10FF141414FF141010101F0000000C
:1018200000F010FFFFFFFFFFF0F0F0F0F0FFFFFF10
:101830000000000000FFFF0F0F0F0F0F3844443867
:1018400044FC4A4A4A347E02020606027E027E02B6
:1018500063554941633844443C04407E201E2006C1
:10186000027E020299A5E7A5991C2A492A1C4C72FE
:1018700001724C304A4D4D303048784830BC625A85
:10188000463D3E494949007E0101017E2A2A2A2A15
:101890002A44445F444440514A444040444A5140F1
:1018A0000000FF0103E080FF000008086B6B0836B2
:1018B00012362436060F090F060000181800000023
:1018C0001010003040FF0101001F01011E00191D12
:1018D0001712003C3C3C3C000000000001E002E02C
:1018E00004E008E010E020E040E080E0FFFFFFFFC0
:1018F000FFFFFFFFFFFFFFFFFFFFFFFFFFFFFFFFF8
:10190000FFFFFFFFFFFFFFFFFFFFFFFFFFFFFFFFE7
:10191000FFFFFFFFFFFFFF3EFFFFFF3F343536377E
:1019200038393A3B3C3DFFFFFFFEFFFFFF0001025D
:10193000030405060708090A0B0C0D0E0F101112FF
:1019400013141516171819FFFFFFFFFFFF1A1B1CB2
:101950001D1E1F202122232425262728292A2B2C3F
:101960002D2E2F30313233FFFFFFFFFFFFFFFFFF30
:10197000FFFFFFFFFFFFFFFFFFFFFFFFFFFFFFFF77
:10198000FFFFFFFFFFFFFFFFFFFFFFFFFFFFFFFF67
:10199000FFFFFFFFFFFFFFFFFFFFFFFFFFFFFFFF57
:1019A000FFFFFFFFFFFFFFFFFFFFFFFFFFFFFFFF47
:1019B000FFFFFFFFFFFFFFFFFFFFFFFFFFFFFFFF37
:1019C000FFFFFFFFFFFFFFFFFFFFFFFFFFFFFFFF27
:1019D000FFFFFFFFFFFFFFFFFFFFFFFFFFFFFFFF17
:1019E000FFFFFFFFFFFFFFFFFFFFFFFF080A0206E9
:1019F00004050109000000000000000000000000D4
:101A0000A5D20100B1E60100215F0100255F0100C0
:101A10009DFB01004DC7010051C7010005CA01002F
:101A200065C7010081C7010001CB01004DC701005E
:101A3000A1C701009DC70100D9C8010081C80100EC
:101A400035C90100C9C90100C9C7010035CA010073
:101A50000000000000000000BD760100817C010054
:101A6000F978010031010000117901000000000047
:101A700000000000A5D20100B1E60100215F0100D5
:101A8000255F0100F5DE010069D70100B1DE01002C
:101A900085D60100EDD501004DD5010001CB010037
:101AA000E5D40100A1C7010041DD0100A9D7010073
:101AB0009DD8010095D90100C9C90100C9C701001D
:101AC00035CA01009DFB01009DFB010000000000E4
:101AD00000000000A5D20100B1E60100215F010075
:101AE000255F0100F5DE010069D70100B1DE0100CC
:101AF00085D60100EDD501004DD5010001CB0100D7
:101B0000E5D4010045E2010041DD0100A9D7010053
:101B10009DD8010095D90100C9C90100C9C70100BC
:101B200035CA0100FDE301001DE4010000000000D2
:101B300000000000A5D20100B1E60100215F010014
:101B4000255F0100F5DE010069D70100B1DE01006B
:101B500085D60100EDD501004DD5010001CB010076
:101B6000E5D4010071E4010041DD0100A9D70100C5
:101B70009DD8010095D90100C9C90100C9C701005C
:101B800035CA0100FDE301001DE401000000000072
:101B90000000000009BF01007160010075600100D4
:101BA000295F010045BE01004DBE0100D5BE010008
:101BB00031BE01007960010071BF010031BF010039
:101BC000E9BE0100CDBF010025C00100F1BE01004A
:101BD00051C0010079C00100F4FFFFFF00000000C8
:101BE0002D5F0100BDC10100EDC0010049C0010031
:101BF000315F0100155F0100195F010061C1010043
:101C000035C1010029C101009DC00100C5C001000E
:101C10001D5F01000000000000000000D90200006C
:101C2000290100002D0100003101000035010000F4
:101C300000000000000000003D0602003506020022
:101C4000310602002D0602002906020025060200C8
:101C5000210602001D060200000000000000000036
:101C6000E9910100218F01002D01000031010000E8
:101C7000298F0100399E0100C18D0100C58D010031
:101C8000618F01000D8F0100C98F01001D8F0100C0
:101C9000CDAD010099A30100719B010011AE0100BF
:101CA000518F0100159C01003D9D0100F18F010045
:101CB00065900100398F01009D900100F9900100AD
:101CC00039A50100F4FFFFFF00000000659F01003F
:101CD0005DB2010089900100C18F01008590010073
:101CE000058F0100BD900100D1900100BDA301004E
:101CF000E8FFFFFF000000002D5F01000D9C0100C8
:101D000055B201008D900100459C0100D99D010054
:101D1000195F01005D900100B1910100A5910100E2
:101D200035910100619101005DA5010000000000F6
:101D300000000000FDB30100B5BB010075600100AB
:101D4000295F0100C9B2010059B90100E5BB0100DA
:101D500095B301007960010021B301004DBC010081
:101D600009B30100F9B2010001B3010005B301009C
:101D7000B1B301008DB40100E9B20100F1B201007C
:101D8000D5B40100F4FFFFFF000000002D5F01004B
:101D9000F9B5010071BC0100CDB4010001B501002D
:101DA000C5B40100C9B40100A9B5010065B50100C1
:101DB00059B5010019B5010025B501001D5F0100ED
:101DC0000000000000000000151C0200B1E6010048
:101DD00089160200E1170200A91602004917020045
:101DE000D11602006D180200FD17020085160200D0
:101DF000000000000000000035840100958B010008
:101E00001187010031010000B585010000000000CC
:101E1000000000006D920000659200005D920000DD
:101E200000010203000001000000030000000200A6
:101E3000000006000000040000000C000000080084
:101E4000000009000001020304050000D8399D27A5
:101E50000054EA2A00A4781F007B9A1700000000B3
:101E60000000000000000000000000000000000072
:101E70000000000000000000000000000000000062
:101E8000000000000000000000000000101112130C
:101E9000141516171819000000000000001A1B1C6A
:101EA0001D1E1F00000000000000000000000000D8
:101EB000000000000000000000000000001A1B1CD1
:101EC0001D1E1F00000000000000000000000000B8
:101ED0000000000000000000000000000000000002
:101EE00000000000000000000000000000000000F2
:101EF00000000000000000000000000000000000E2
:101F000000000000000000000000000000000000D1
:101F100000000000000000000000000000000000C1
:101F200000000000000000000000000000000000B1
:101F300000000000000000000000000000000000A1
:101F40000000000000000000000000000000000091
:101F5000000000000000000000000000A2000000DF
:101F6000F9A2000083F9A2006E83F9A24E6E83F9F4
:101F7000444E6E8315444E6E2915444EFC2915447B
:101F800027FC29155727FC29D15727FCF5D15727BE
:101F900034F5D157DD34F5D1C0DD34F5DBC0DD34A7
:101FA00062DBC0DD9562DBC0999562DB3C9995628E
:101FB000433C999590433C994190433C002020201C
:101FC00020202020202028282828282020202020E9
:101FD00020202020202020202020202020881010B9
:101FE0001010101010101010101010101004040415
:101FF00004040404040404101010101010104141D3
:1020000041414141010101010101010101010101C0
:1020100001010101010101011010101010104242D4
:102020004242424202020202020202020202020290
:102030000202020202020202101010102000000030
:102040000000000000000000000000000000000090
:102050000000000000000000000000000000000080
:102060000000000000000000000000000000000070
:102070000000000000000000000000000000000060
:102080000000000000000000000000000000000050
:102090000000000000000000000000000000000040
:1020A0000000000000000000000000000000000030
:1020B0000000000000000000000000000000000020
:1020C0002020202020202020202020202020202010
:1020D0002020202020202020202020202020202000
:1020E00000000042C8801F40B8821F400800000066
:1020F00000000042C4801F40B4821F400400000062
:1021000000C0004224801F4014821F4010000000C5
:1021100000C0004228801F4018821F40200000009D
:1021200000C000422C801F401C821F404000000065
:1021300000C0004234801F4024821F400001000084
:102140000040004264811F4054831F40000400008F
:102150000040004280811F4070831F400000020049
:10216000004000427C811F406C831F400000010042
:102170000040004268811F4058831F400008000053
:10218000004000423C811F402C831F4001000000A2
:102190000040004244811F4034831F40040000007F
:1021A0000040004240811F4030831F400200000079
:1021B0000040004248811F4038831F400800000053
:1021C0000000004204811F40F4821F400000040010
:1021D0000000004208811F40F8821F4000000800F4
:1021E0000000004218811F4008831F40000080004B
:1021F0000000004214811F4004831F400000400083
:102200000000004200811F40F0821F4000000200D9
:1022100000000042FC801F40EC821F4000000100D3
:102220000000004224811F4014831F40000000046E
:102230000000004228811F4018831F400000000852
:10224000000000421C811F400C831F400000000161
:102250000000004220811F4010831F400000000248
:1022600000000042EC801F40DC821F400010000094
:1022700000000042F0801F40E0821F40002000006C
:102280000000004234811F4024831F4000000040B2
:102290000000004238811F4028831F40000000805A
:1022A0000080004294801F4084821F400000040090
:1022B00000C0004290801F4080821F4000000080CC
:1022C00000800042A8801F4098821F4000008000CC
:1022D00000800042A4801F4094821F400000400004
:1022E000004000426C811F405C831F4000100000D2
:1022F00000C0004230801F4020821F40800000004C
:1023000000400042B0811F40A0831F400000002019
:1023100000400042AC811F409C831F400000001021
:102320000040004284811F4074831F40000004006D
:102330000040004288811F4078831F400000080051
:10234000000000422C811F401C831F400000001031
:102350000000004230811F4020831F400000002009
:10236000000000420C811F40FC821F400000100052
:102370000000004210811F4000831F400000200029
:1023800000800042C8811F40B8831F4000800000C9
:1023900000800042C4811F40B4831F400040000001
:1023A00000800042C0811F40B0831F400020000019
:1023B00000800042BC811F40AC831F400010000021
:1023C00000800042D0811F40C0831F4000000200F7
:1023D00000800042CC811F40BC831F4000000100F0
:1023E00000C0004274801F4064821F400000000152
:1023F00000C0004280801F4070821F400000000823
:1024000000C0004284801F4074821F400000001002
:1024100000C000426C801F405C821F4000004000F2
:1024200000C000427C801F406C821F4000000004FE
:1024300000C0004278801F4068821F4000000002F8
:1024400000C0004288801F4078821F4000000020AA
:1024500035000000CEFBFFFFCB03000001000000B1
:102460000000000034000000CEFBFFFFCB030000A3
:1024700001000000000000002C5E746061626434A2
:102480006667656E362D3738271E1F2021222324CC
:1024900025267333762E77785F4445464748494A68
:1024A0004B4C4D4E4F505152535455565758595A04
:1024B0005B5C5D2F3130636D350405060708090A42
:1024C0000B0C0D0E0F101112131415161718191AE4
:1024D0001B1C1D6F7170752A05000000190000009B
:1024E0007D00000007080C0B06050F000D0E010211
:1024F000838407080C0B06050F000D0E0102838470
:10250000FFFFFFFFFFFFFFFFFFFF8182090A0000BF
:1025100000010000785100201200000000060000B9
:10252000F82100600A00000000020000482100605D
:10253000AF0000000007000098200060AF0000001E
:1025400000220200F85300203F000000002102009A
:102550009C2100600900000000220300605400205C
:102560005400000000210300B521006009000000B4
:1025700000220400A05300205500000000210400A8
:10258000CE21006009000000002205003854002020
:102590002800000000210500E7210060090000007C
:1025A0000003000094200060000000000103090403
:1025B0007C20006000000000020309043C20006051
:1025C0000000000003030904B454002000000000D0
:1025D000000000000000000000000000303030303B
:1025E00030303030303030303030303030303030EB
:1025F000303030303030303030303030000000009B
:102600000000000000000000A0460020A0460020BE
:10261000A8460020A8460020B0460020B046002072
:10262000B8460020B8460020C0460020C046002022
:10263000C8460020C8460020D0460020D0460020D2
:10264000D8460020D8460020E0460020E046002082
:10265000E8460020E8460020F0460020F046002032
:10266000F8460020F84600200047002000470020E0
:10267000084700200847002010470020104700208E
:10268000184700201847002020470020204700203E
:1026900028470020284700203047002030470020EE
:1026A000384700203847002040470020404700209E
:1026B000484700204847002050470020504700204E
:1026C00058470020584700206047002060470020FE
:1026D00068470020684700207047002070470020AE
:1026E000784700207847002080470020804700205E
:1026F000884700208847002090470020904700200E
:102700009847002098470020A0470020A0470020BD
:10271000A8470020A8470020B0470020B04700206D
:10272000B8470020B8470020C0470020C04700201D
:10273000C8470020C8470020D0470020D0470020CD
:10274000D8470020D8470020E0470020E04700207D
:10275000E8470020E8470020F0470020F04700202D
:10276000F8470020F84700200048002000480020DB
:102770000848002008480020104800201048002089
:102780001848002018480020204800202048002039
:1027900028480020284800203048002030480020E9
:1027A0003848002038480020404800204048002099
:1027B0004848002048480020504800205048002049
:1027C00058480020584800206048002060480020F9
:1027D00068480020684800207048002070480020A9
:1027E0007848002078480020804800208048002059
:1027F0008848002088480020904800209048002009
:102800009848002098480020A0480020A0480020B8
:10281000A8480020A8480020B0480020B048002068
:10282000B8480020B8480020C0480020C048002018
:10283000C8480020C8480020D0480020D0480020C8
:10284000D8480020D8480020E0480020E048002078
:10285000E8480020E8480020F0480020F048002028
:10286000F8480020F84800200049002000490020D6
:102870000849002008490020104900201049002084
:102880001849002018490020204900202049002034
:1028900028490020284900203049002030490020E4
:1028A0003849002038490020404900204049002094
:1028B0004849002048490020504900205049002044
:1028C00058490020584900206049002060490020F4
:1028D00068490020684900207049002070490020A4
:1028E0007849002078490020804900208049002054
:1028F0008849002088490020904900209049002004
:102900009849002098490020A0490020A0490020B3
:10291000A8490020A8490020B0490020B049002063
:10292000B8490020B8490020C0490020C049002013
:10293000C8490020C8490020D0490020D0490020C3
:10294000D8490020D8490020E0490020E049002073
:10295000E8490020E8490020F0490020F049002023
:10296000F8490020F8490020004A0020004A0020D1
:10297000084A0020084A0020104A0020104A00207F
:10298000184A0020184A0020204A0020204A00202F
:10299000284A0020284A0020304A0020304A0020DF
:1029A000384A0020384A0020404A0020404A00208F
:1029B000484A0020484A0020504A0020504A00203F
:1029C000584A0020584A0020604A0020604A0020EF
:1029D000684A0020684A0020704A0020704A00209F
:1029E000784A0020784A0020804A0020804A00204F
:1029F000884A0020884A0020904A0020904A0020FF
:102A0000984A0020984A0020000000006CC0002076
:102A1000D4C000203CC100200000000000000000E5
:102A200000000000000000000000000000000000A6
:102A30000000000000000000000000000000000096
:102A40000000000000000000000000000000000086
:102A50000000000000000000000000000000000076
:102A60000000000000000000000000000000000066
:102A70000000000000000000000000000000000056
:102A80000000000000000000000000000000000046
:102A90000000000000000000000000000000000036
:102AA00001000000000000000E33CDAB34126DE6D3
:102AB000ECDE05000B00000000000000000000003C
:102AC0000000000000000000000000000000000006
:102AD00000000000000000000000000000000000F6
:102AE00000000000000000000000000000000000E6
:102AF00000000000000000000000000000000000D6
:102B000000000000000000000000000000000000C5
:102B100000000000000000000000000000000000B5
:102B200000000000000000000000000000000000A5
:102B30000000000000000000000000000000000095
:102B40000000000000000000000000000000000085
:102B50000000000000000000000000000000000075
:102B60000000000000000000000000000000000065
:102B70000000000000000000000000000000000055
:102B80000000000000000000000000000000000045
:102B90000000000000000000000000000000000035
:102BA0000000000000000000000000000000000025
:102BB0000000000000000000000000000000000015
:102BC0000000000000000000000000000000000005
:102BD00000000000000000000000000000000000F5
:102BE00000000000000000000000000000000000E5
:102BF00000000000000000000000000000000000D5
:102C000000000000000000000029DE07007B9A178A
:102C100000003A40A81F0060000000000000000013
:102C200000000000000000000000000000000000A4
:102C30000000000000000000000000000000000094
:102C40000000000000000000000000000000000084
:102C50000000000000000000000000000000000074
:102C600000C03940381F0060000000000000000074
:102C70000000000000000000000000000000000054
:102C80000000000000000000000000000000000044
:102C90000000000000000000000000000000000034
:102CA0000000000000000000000000000000000024
:102CB00000403940C81E0060000000000000000015
:102CC0000000000000000000000000000000000004
:102CD00000000000000000000000000000000000F4
:102CE00000000000000000000000000000000000E4
:102CF00000000000000000000000000000000000D4
:102D0000D83C002000000000E803000000000000A4
:102D1000683E002000000000E80300000000000002
:102D200000801840184E002000000000FCA8002081
:102D3000BCA80020000000000000000028000000E7
:102D400040000000280000004000000000000000DB
:102D50000000000000000000000000000000000073
:102D60000000000000000000000000000000000063
:102D70000000803F0000803F02150000A5E6010032
:102D80000000000068C00F40000000300F0000008D
:102D9000020000002C851F4001000000FF00000021
:102DA000FF00000000000000000000000E00000016
:102DB0000200000030851F4001000000FF000000FD
:102DC000FF000000000000000000000013024000AF
:102DD0002600180078000000FFFFFFFF80020000BF
:102DE000052000010000000008000FC000000000E6
:102DF0000000000005200001000000005E04DD026C
:102E000003005E04EA0203005E04120B03005E048A
:102E1000190704005E048E0207007E0509200701E1
:102E200079001C2007004C05680201014C052F04A5
:102E300001014C05D50305014C05C40502014C05F3
:102E4000CC0902015C0AE82102016D0426C60601D4
:102E50006D0428C606010000B43E0020420C0000AC
:102E60002CC0002040332020000000004300000060
:102E70000000000000000000000000000000000052
:102E800000000000000000000000000043000000FF
:102E90000000000000000000000000000000000032
:102EA00000000000000000000000000043000000DF
:102EB0000000000000000000000000000000000012
:102EC00000000000000000000000000043000000BF
:102ED00000000000000000000000000000000000F2
:102EE000000000000000000000000000430000009F
:102EF00000000000000000000000000000000000D2
:102F0000000000000000000000000000430000007E
:102F100000000000000000000000000000000000B1
:102F2000000000000000000000000000430000005E
:102F30000000000000000000000000000000000091
:102F4000000000000000000000000000430000003E
:102F50000000000000000000000000000000000071
:102F60000000000000000000000000000000000061
:102F70000000000000000000000000000000000051
:102F80000000000000000000000000000000000041
:102F90000000000000000000000000000000000031
:102FA0000000000000000000000000000000000021
:102FB0000000000000000000000000000000000011
:102FC0000000000000000000000000000000000001
:102FD00000000000000000000000000000000000F1
:102FE00000000000000000000000000000000000E1
:102FF00000000000000000000000000000000000D1
:1030000000000000000000000000000000000000C0
:1030100000000000000000000000000000000000B0
:1030200000000000000000000000000000000000A0
:1030300000000000216F0200416402000000000057
:103040005C400020C00C0020B02E0020B02E0020DC
:10305000B02E0020B02E0020B02E0020B02E002078
:10306000B02E0020B02E0020B02E0020FFFFFFFF6A
:10307000FFFFFFFFFFFFFFFFFFFF000001004153C5
:10308000434949000000000000000000000000006B
:10309000000000000000000000000000000041539C
:1030A000434949000000000000000000000000004B
:1030B0000000000000000000000000000000000010
:1030C000FFFFFFFF000002000000000003000000FF
:1030D0006CC00020A84A002012010002EF0201404B
:1030E000C016870480020102030100000000803F37
:1030F0000000803F0000803F0000803F88130000F8
:10310000EDF60100EDF60100EDF60100EDF601002F
:10311000EDF60100EDF60100EDF60100EDF601001F
:10312000EDF60100EDF60100EDF60100EDF601000F
:10313000EDF60100EDF60100EDF60100EDF60100FF
:10314000EDF60100EDF60100EDF60100EDF60100EF
:10315000EDF60100EDF60100EDF60100EDF60100DF
:10316000EDF60100EDF60100EDF60100EDF60100CF
:10317000EDF60100EDF60100EDF60100EDF60100BF
:10318000EDF60100EDF60100EDF60100EDF60100AF
:10319000EDF60100EDF60100EDF60100EDF601009F
:1031A000EDF60100EDF60100EDF60100EDF601008F
:1031B000EDF60100EDF60100EDF60100EDF601007F
:1031C000EDF60100EDF60100EDF60100EDF601006F
:1031D000EDF60100EDF60100EDF60100EDF601005F
:1031E000EDF60100EDF60100EDF60100EDF601004F
:1031F000EDF60100EDF60100EDF60100EDF601003F
:10320000EDF60100EDF60100EDF60100EDF601002E
:10321000EDF60100EDF60100EDF60100EDF601001E
:10322000EDF60100EDF60100EDF60100EDF601000E
:10323000EDF60100EDF60100EDF60100EDF60100FE
:10324000EDF60100EDF60100EDF60100EDF60100EE
:10325000EDF60100EDF60100EDF60100EDF60100DE
:10326000EDF60100EDF60100EDF60100EDF60100CE
:10327000EDF60100EDF60100EDF60100EDF60100BE
:10328000EDF60100EDF60100EDF60100EDF60100AE
:10329000EDF60100EDF60100EDF60100EDF601009E
:1032A000EDF60100EDF60100EDF60100EDF601008E
:1032B000EDF60100EDF60100EDF60100EDF601007E
:1032C000EDF60100EDF60100EDF60100EDF601006E
:1032D000EDF60100EDF60100EDF60100EDF601005E
:1032E000EDF60100EDF60100EDF60100EDF601004E
:1032F000EDF60100EDF60100EDF60100EDF601003E
:1033000005010904A1011500250175019520050994
:10331000190129208102150025073500463B01755A
:10332000049501651405010939814205010901A1CE
:1033300000150026FF03750A95040930093109328A
:1033400009358102C0150026FF03750A950209366A
:1033500009368102C000000005010906A1017501BE
:103360009508050719E029E7150025018102950157
:103370007508810395057501050819012905910254
:10338000950175039103950675081500257F0507BE
:103390001900297F8100C000050C0901A101750AEF
:1033A000950419002A9C021500269C028100050143
:1033B00075089503190029B7150026B7008100C0CC
:1033C00005010902A1018501050919012908150056
:1033D0002501950875018102050109300931093877
:1033E0001581257F750895038106050C0A3802159D
:1033F00081257F750895018106C005010902A1019B
:103400008502050109300931150026FF7F751095E9
:10341000028102C00C030000000000000000000058
:1034200000000000000000000000FF010101FF019A
:10343000FF01460101000000000000000000000044
:10344000000000000000000000000000000000007C
:10345000000000000000000000000000000000006C
:10346000000000000000000000000000000000005C
:10347000000000000000000000000000000000004C
:10348000000000000000000000000000000000003C
:10349000000000000000000000000000000000002C
:1034A000000000000000000000000000000000001C
:1034B000000000000000000000000000000000000C
:1034C00000000000000000000000000000000000FC
:1034D00000000000000000000000000000000000EC
:1034E00000000000000000000000000000000000DC
:1034F00000000000000000000000000000000000CC
:1035000000000000000000000000000000000000BB
:1035100000000000000000000000000000000000AB
:10352000000000000000000000000000000000009B
:10353000000000000000000000000000000000008B
:10354000000000000000000000000000000000007B
:10355000000000000000000000000000000000006B
:10356000000000000000000000000000000000005B
:10357000000000000000000000000000000000004B
:10358000000000000000000000000000000000003B
:10359000000000000000000000000000000000002B
:1035A000000000000000000000000000000000001B
:1035B000000000000000000000000000000000000B
:1035C00000000000000000000000000000000000FB
:1035D00000000000000000000000000000000000EB
:1035E00000000000000000000000000000000000DB
:1035F00000000000000000000000000000000000CB
:1036000000000000000000000000000000000000BA
:1036100000000000000000000000000000000000AA
:10362000000000000000000000000000000000009A
:10363000000000000000000000000000000000008A
:10364000000000000000000000000000000000007A
:10365000000000000000000000000000000000006A
:10366000000000000000000000000000000000005A
:10367000000000000000000000000000000000004A
:10368000000000000000000000000000000000003A
:10369000000000000000000000000000000000002A
:1036A000000000000000000000000000000000001A
:1036B000000000000000000000000000000000000A
:1036C00000000000000000000000000000000000FA
:1036D00000000000000000000000000000000000EA
:1036E00000000000000000000000000000000000DA
:1036F00000000000000000000000000000000000CA
:1037000000000000000000000000000000000000B9
:1037100000000000000000000000000000000000A9
:103720000000000000000000000000000000000099
:103730000000000000000000000000000000000089
:103740000000000000000000000000000000000079
:103750000000000000000000000000000000000069
:103760000000000000000000000000000000000059
:103770000000000000000000000000000000000049
:103780000000000000000000000000000000000039
:103790000000000000000000000000000000000029
:1037A0000000000000000000000000000000000019
:1037B0000000000000000000000000000000000009
:1037C00000000000000000000000000000000000F9
:1037D00000000000000000000000000000000000E9
:1037E00000000000000000000000000000000000D9
:1037F00000000000000000000000000000000000C9
:1038000000000000000000000000000000000000B8
:1038100000000000000000000000000000000000A8
:103820000000000000000000000000000000000098
:103830000000000000000000000000000000000088
:103840000000000000000000000000000000000078
:103850000000000000000000000000000000000068
:103860000000000000000000000000000000000058
:103870000000000000000000000000000000000048
:103880000000000000000000000000000000000038
:103890000000000000000000000000000000000028
:1038A0000000000000000000000000000000000018
:1038B0000000000000000000000000000000000008
:1038C00000000000000000000000000000000000F8
:1038D00000000000000000000000000000000000E8
:1038E00000000000000000000000000000000000D8
:1038F00000000000000000000000000000000000C8
:1039000000000000000000000000000000000000B7
:1039100000000000000000000000000000000000A7
:103920000000000000000000000000000000000097
:103930000000000000000000000000000000000087
:103940000000000000000000000000000000000077
:103950000000000000000000000000000000000067
:103960000000000000000000000000000000000057
:103970000000000000000000000000000000000047
:103980000000000000000000000000000000000037
:103990000000000000000000000000000000000027
:1039A0000000000000000000000000000000000017
:1039B0000000000000000000000000000000000007
:1039C00000000000000000000000000000000000F7
:1039D00000000000000000000000000000000000E7
:1039E00000000000000000000000000000000000D7
:1039F00000000000000000000000000000000000C7
:103A000000000000000000000000000000000000B6
:103A100000000000000000000000000000000000A6
:103A2000FFFFFFFFFFFFFFFFFFFFFFFFFFFFFFFFA6
:103A3000FFFFFFFFFFFFFFFFFFFFFFFFFFFFFFFF96
:103A4000FFFFFFFFFFFFFFFFFFFFFFFFFFFFFFFF86
:103A5000FFFFFFFFFFFFFFFFFFFFFFFFFFFFFFFF76
:103A6000FFFFFFFFFFFFFFFFFFFFFFFFFFFFFFFF66
:103A7000FFFFFFFFFFFFFFFFFFFFFFFFFFFFFFFF56
:103A8000FFFFFFFFFFFFFFFFFFFFFFFFFFFFFFFF46
:103A9000FFFFFFFFFFFFFFFFFFFFFFFFFFFFFFFF36
:103AA000FFFFFFFFFFFFFFFFFFFFFFFFFFFFFFFF26
:103AB000FFFFFFFFFFFFFFFFFFFFFFFFFFFFFFFF16
:103AC000FFFFFFFFFFFFFFFFFFFFFFFFFFFFFFFF06
:103AD000FFFFFFFFFFFFFFFFFFFFFFFFFFFFFFFFF6
:103AE000FFFFFFFFFFFFFFFFFFFFFFFFFFFFFFFFE6
:103AF000FFFFFFFFFFFFFFFFFFFFFFFFFFFFFFFFD6
:103B0000FFFFFFFFFFFFFFFFFFFFFFFFFFFFFFFFC5
:103B1000FFFFFFFFFFFFFFFFFFFFFFFFFFFFFFFFB5
:103B2000FFFFFFFFFFFFFFFFFFFFFFFFFFFFFFFFA5
:103B3000FFFFFFFFFFFFFFFFFFFFFFFFFFFFFFFF95
:103B4000FFFFFFFFFFFFFFFFFFFFFFFFFFFFFFFF85
:103B5000FFFFFFFFFFFFFFFFFFFFFFFFFFFFFFFF75
:103B6000FFFFFFFFFFFFFFFFFFFFFFFFFFFFFFFF65
:103B7000FFFFFFFFFFFFFFFFFFFFFFFFFFFFFFFF55
:103B8000FFFFFFFFFFFFFFFFFFFFFFFFFFFFFFFF45
:103B9000FFFFFFFFFFFFFFFFFFFFFFFFFFFFFFFF35
:103BA000FFFFFFFFFFFFFFFFFFFFFFFFFFFFFFFF25
:103BB000FFFFFFFFFFFFFFFFFFFFFFFFFFFFFFFF15
:103BC000FFFFFFFFFFFFFFFFFFFFFFFFFFFFFFFF05
:103BD000FFFFFFFFFFFFFFFFFFFFFFFFFFFFFFFFF5
:103BE000FFFFFFFFFFFFFFFFFFFFFFFFFFFFFFFFE5
:103BF000FFFFFFFFFFFFFFFFFFFFFFFFFFFFFFFFD5
:103C000000000000000000000000000000000000B4
:103C100000000000000000000000000000000000A4
:103C20000000000000000000000000000000000094
:103C30000000000000000000000000000000000084
:103C40000000000000000000000000000000000074
:103C50000000000000000000000000000000000064
:103C60000000000000000000000000000000000054
:103C70000000000000000000000000000000000044
:103C80000000000000000000000000000000000034
:103C90000000000000000000000000000000000024
:103CA0000000000000000000000000000000000014
:103CB0000000000000000000000000000000000004
:103CC00000000000000000000000000000000000F4
:103CD00000000000000000000000000000000000E4
:103CE00000000000000000000000000000000000D4
:103CF00000000000000000000000000000000000C4
:103D000000000000000000000000000000000000B3
:103D100000000000000000000000000000000000A3
:103D20000000000000000000000000000000000093
:103D30000000000000000000000000000000000083
:103D40000000000000000000000000000000000073
:103D50000000000000000000000000000000000063
:103D60000000000000000000000000000000000053
:103D70000000000000000000000000000000000043
:103D80000000000000000000000000000000000033
:103D90000000000000000000000000000000000023
:103DA0000000000000000000000000000000000013
:103DB0000000000000000000000000000000000003
:103DC00000000000000000000000000000000000F3
:103DD00000000000000000000000000000000000E3
:103DE00000000000000000000000000000000000D3
:103DF00000000000000000000000000000000000C3
:103E000000000000000000000000000000000000B2
:103E100000000000000000000000000000000000A2
:103E20000000000000000000000000000000000092
:103E30000000000000000000000000000000000082
:103E40000000000000000000000000000000000072
:103E50000000000000000000000000000000000062
:103E60000000000000000000000000000000000052
:103E70000000000000000000000000000000000042
:103E80000000000000000000000000000000000032
:103E90000000000000000000000000000000000022
:103EA0000000000000000000000000000000000012
:103EB0000000000000000000000000000000000002
:103EC00000000000000000000000000000000000F2
:103ED00000000000000000000000000000000000E2
:103EE00000000000000000000000000000000000D2
:103EF00000000000000000000000000000000000C2
:103F000000000000000000000000000000000000B1
:103F100000000000000000000000000000000000A1
:103F20000000000000000000000000000000000091
:103F30000000000000000000000000000000000081
:103F40000000000000000000000000000000000071
:103F50000000000000000000000000000000000061
:103F60000000000000000000000000000000000051
:103F70000000000000000000000000000000000041
:103F80000000000000000000000000000000000031
:103F90000000000000000000000000000000000021
:103FA0000000000000000000000000000000000011
:103FB0000000000000000000000000000000000001
:103FC00000000000000000000000000000000000F1
:103FD00000000000000000000000000000000000E1
:103FE00000000000000000000000000000000000D1
:103FF00000000000000000000000000000000000C1
:1040000000000000000000000000000000000000B0
:1040100000000000000000000000000000000000A0
:104020000000000000000000000000000000000090
:104030000000000000000000000000000000000080
:104040000000000000000000000000000000000070
:104050000000000000000000000000000000000060
:104060000000000000000000000000000000000050
:104070000000000000000000000000000000000040
:104080000000000000000000000000000000000030
:104090000000000000000000000000000000000020
:1040A0000000000000000000000000000000000010
:1040B0000000000000000000000000000000000000
:1040C00000000000000000000000000000000000F0
:1040D00000000000000000000000000000000000E0
:1040E00000000000000000000000000000000000D0
:1040F00000000000000000000000000000000000C0
:1041000000000000000000000000000000000000AF
:10411000000000000000000000000000000000009F
:10412000000000000000000000000000000000008F
:10413000000000000000000000000000000000007F
:10414000000000000000000000000000000000006F
:10415000000000000000000000000000000000005F
:10416000000000000000000000000000000000004F
:10417000000000000000000000000000000000003F
:10418000000000000000000000000000000000002F
:10419000000000000000000000000000000000001F
:1041A000000000000000000000000000000000000F
:1041B00000000000000000000000000000000000FF
:1041C00000000000000000000000000000000000EF
:1041D00000000000000000000000000000000000DF
:1041E00000000000000000000000000000000000CF
:1041F00000000000000000000000000000000000BF
:1042000000000000000000000000000000000000AE
:10421000000000000000000000000000000000009E
:10422000000000000000000000000000000000008E
:10423000000000000000000000000000000000007E
:10424000000000000000000000000000000000006E
:10425000000000000000000000000000000000005E
:10426000000000000000000000000000000000004E
:10427000000000000000000000000000000000003E
:10428000000000000000000000000000000000002E
:10429000000000000000000000000000000000001E
:1042A000000000000000000000000000000000000E
:1042B00000000000000000000000000000000000FE
:1042C00000000000000000000000000000000000EE
:1042D00000000000000000000000000000000000DE
:1042E00000000000000000000000000000000000CE
:1042F00000000000000000000000000000000000BE
:1043000000000000000000000000000000000000AD
:10431000000000000000000000000000000000009D
:10432000000000000000000000000000000000008D
:10433000000000000000000000000000000000007D
:10434000000000000000000000000000000000006D
:10435000000000000000000000000000000000005D
:10436000000000000000000000000000000000004D
:10437000000000000000000000000000000000003D
:10438000000000000000000000000000000000002D
:10439000000000000000000000000000000000001D
:1043A000000000000000000000000000000000000D
:1043B00000000000000000000000000000000000FD
:1043C00000000000000000000000000000000000ED
:1043D00000000000000000000000000000000000DD
:1043E00000000000000000000000000000000000CD
:1043F00000000000000000000000000000000000BD
:1044000000000000000000000000000000000000AC
:10441000000000000000000000000000000000009C
:10442000000000000000000000000000000000008C
:10443000000000000000000000000000000000007C
:10444000000000000000000000000000000000006C
:10445000000000000000000000000000000000005C
:10446000000000000000000000000000000000004C
:10447000000000000000000000000000000000003C
:10448000000000000000000000000000000000002C
:10449000000000000000000000000000000000001C
:1044A000000000000000000000000000000000000C
:1044B00000000000000000000000000000000000FC
:1044C00000000000000000000000000000000000EC
:1044D00000000000000000000000000000000000DC
:1044E00000000000000000000000000000000000CC
:1044F00000000000000000000000000000000000BC
:1045000000000000000000000000000000000000AB
:10451000000000000000000000000000000000009B
:10452000000000000000000000000000000000008B
:10453000000000000000000000000000000000007B
:10454000000000000000000000000000000000006B
:10455000000000000000000000000000000000005B
:10456000000000000000000000000000000000004B
:10457000000000000000000000000000000000003B
:10458000000000000000000000000000000000002B
:10459000000000000000000000000000000000001B
:1045A000000000000000000000000000000000000B
:1045B00000000000000000000000000000000000FB
:1045C00000000000000000000000000000000000EB
:1045D00000000000000000000000000000000000DB
:1045E00000000000000000000000000000000000CB
:1045F00000000000000000000000000000000000BB
:1046000000000000000000000000000000000000AA
:10461000000000000000000000000000000000009A
:10462000000000000000000000000000000000008A
:10463000000000000000000000000000000000007A
:10464000000000000000000000000000000000006A
:10465000000000000000000000000000000000005A
:10466000000000000000000000000000000000004A
:10467000000000000000000000000000000000003A
:10468000000000000000000000000000000000002A
:10469000000000000000000000000000000000001A
:1046A000000000000000000000000000000000000A
:1046B00000000000000000000000000000000000FA
:1046C00000000000000000000000000000000000EA
:1046D00000000000000000000000000000000000DA
:1046E00000000000000000000000000000000000CA
:1046F00000000000000000000000000000000000BA
:1047000000000000000000000000000000000000A9
:104710000000000000000000000000000000000099
:104720000000000000000000000000000000000089
:104730000000000000000000000000000000000079
:104740000000000000000000000000000000000069
:104750000000000000000000000000000000000059
:104760000000000000000000000000000000000049
:104770000000000000000000000000000000000039
:104780000000000000000000000000000000000029
:104790000000000000000000000000000000000019
:1047A0000000000000000000000000000000000009
:1047B00000000000000000000000000000000000F9
:1047C00000000000000000000000000000000000E9
:1047D00000000000000000000000000000000000D9
:1047E00000000000000000000000000000000000C9
:1047F00000000000000000000000000000000000B9
:040000056000100087
:00000001FF
