:0200000460009A
:100000004643464200000156000000000101020084
:1000100000000000000000000000000000000000E0
:1000200000000000000000000000000000000000D0
:1000300000000000000000000000000000000000C0
:1000400000000000010406010000000000000000A4
:100050000000800000000000000000000000000020
:100060000000000000000000000000000000000090
:100070000000000000000000000000000000000080
:10008000EB04180AFF1E04320126000000000000E5
:100090000000000000000000000000000000000060
:1000A0000000000000000000000000000000000050
:1000B0000000000000000000000000000000000040
:1000C0000000000000000000000000000000000030
:1000D0000000000000000000000000000000000020
:1000E0000000000000000000000000000000000010
:1000F0000000000000000000000000000000000000
:1001000000000000000000000000000000000000EF
:1001100000000000000000000000000000000000DF
:1001200000000000000000000000000000000000CF
:1001300000000000000000000000000000000000BF
:1001400000000000000000000000000000000000AF
:10015000000000000000000000000000000000009F
:10016000000000000000000000000000000000008F
:10017000000000000000000000000000000000007F
:10018000000000000000000000000000000000006F
:10019000000000000000000000000000000000005F
:1001A000000000000000000000000000000000004F
:1001B000000000000000000000000000000000003F
:1001C000000100000010000001000000000000001D
:1001D000000001000000000000000000000000001E
:1001E000000000000000000000000000000000000F
:1001F00000000000000000000000000000000000FF
:10020000FFFFFFFFFFFFFFFFFFFFFFFFFFFFFFFFFE
:10021000FFFFFFFFFFFFFFFFFFFFFFFFFFFFFFFFEE
:10022000FFFFFFFFFFFFFFFFFFFFFFFFFFFFFFFFDE
:10023000FFFFFFFFFFFFFFFFFFFFFFFFFFFFFFFFCE
:10024000FFFFFFFFFFFFFFFFFFFFFFFFFFFFFFFFBE
:10025000FFFFFFFFFFFFFFFFFFFFFFFFFFFFFFFFAE
:10026000FFFFFFFFFFFFFFFFFFFFFFFFFFFFFFFF9E
:10027000FFFFFFFFFFFFFFFFFFFFFFFFFFFFFFFF8E
:10028000FFFFFFFFFFFFFFFFFFFFFFFFFFFFFFFF7E
:10029000FFFFFFFFFFFFFFFFFFFFFFFFFFFFFFFF6E
:1002A000FFFFFFFFFFFFFFFFFFFFFFFFFFFFFFFF5E
:1002B000FFFFFFFFFFFFFFFFFFFFFFFFFFFFFFFF4E
:1002C000FFFFFFFFFFFFFFFFFFFFFFFFFFFFFFFF3E
:1002D000FFFFFFFFFFFFFFFFFFFFFFFFFFFFFFFF2E
:1002E000FFFFFFFFFFFFFFFFFFFFFFFFFFFFFFFF1E
:1002F000FFFFFFFFFFFFFFFFFFFFFFFFFFFFFFFF0E
:10030000FFFFFFFFFFFFFFFFFFFFFFFFFFFFFFFFFD
:10031000FFFFFFFFFFFFFFFFFFFFFFFFFFFFFFFFED
:10032000FFFFFFFFFFFFFFFFFFFFFFFFFFFFFFFFDD
:10033000FFFFFFFFFFFFFFFFFFFFFFFFFFFFFFFFCD
:10034000FFFFFFFFFFFFFFFFFFFFFFFFFFFFFFFFBD
:10035000FFFFFFFFFFFFFFFFFFFFFFFFFFFFFFFFAD
:10036000FFFFFFFFFFFFFFFFFFFFFFFFFFFFFFFF9D
:10037000FFFFFFFFFFFFFFFFFFFFFFFFFFFFFFFF8D
:10038000FFFFFFFFFFFFFFFFFFFFFFFFFFFFFFFF7D
:10039000FFFFFFFFFFFFFFFFFFFFFFFFFFFFFFFF6D
:1003A000FFFFFFFFFFFFFFFFFFFFFFFFFFFFFFFF5D
:1003B000FFFFFFFFFFFFFFFFFFFFFFFFFFFFFFFF4D
:1003C000FFFFFFFFFFFFFFFFFFFFFFFFFFFFFFFF3D
:1003D000FFFFFFFFFFFFFFFFFFFFFFFFFFFFFFFF2D
:1003E000FFFFFFFFFFFFFFFFFFFFFFFFFFFFFFFF1D
:1003F000FFFFFFFFFFFFFFFFFFFFFFFFFFFFFFFF0D
:10040000FFFFFFFFFFFFFFFFFFFFFFFFFFFFFFFFFC
:10041000FFFFFFFFFFFFFFFFFFFFFFFFFFFFFFFFEC
:10042000FFFFFFFFFFFFFFFFFFFFFFFFFFFFFFFFDC
:10043000FFFFFFFFFFFFFFFFFFFFFFFFFFFFFFFFCC
:10044000FFFFFFFFFFFFFFFFFFFFFFFFFFFFFFFFBC
:10045000FFFFFFFFFFFFFFFFFFFFFFFFFFFFFFFFAC
:10046000FFFFFFFFFFFFFFFFFFFFFFFFFFFFFFFF9C
:10047000FFFFFFFFFFFFFFFFFFFFFFFFFFFFFFFF8C
:10048000FFFFFFFFFFFFFFFFFFFFFFFFFFFFFFFF7C
:10049000FFFFFFFFFFFFFFFFFFFFFFFFFFFFFFFF6C
:1004A000FFFFFFFFFFFFFFFFFFFFFFFFFFFFFFFF5C
:1004B000FFFFFFFFFFFFFFFFFFFFFFFFFFFFFFFF4C
:1004C000FFFFFFFFFFFFFFFFFFFFFFFFFFFFFFFF3C
:1004D000FFFFFFFFFFFFFFFFFFFFFFFFFFFFFFFF2C
:1004E000FFFFFFFFFFFFFFFFFFFFFFFFFFFFFFFF1C
:1004F000FFFFFFFFFFFFFFFFFFFFFFFFFFFFFFFF0C
:10050000FFFFFFFFFFFFFFFFFFFFFFFFFFFFFFFFFB
:10051000FFFFFFFFFFFFFFFFFFFFFFFFFFFFFFFFEB
:10052000FFFFFFFFFFFFFFFFFFFFFFFFFFFFFFFFDB
:10053000FFFFFFFFFFFFFFFFFFFFFFFFFFFFFFFFCB
:10054000FFFFFFFFFFFFFFFFFFFFFFFFFFFFFFFFBB
:10055000FFFFFFFFFFFFFFFFFFFFFFFFFFFFFFFFAB
:10056000FFFFFFFFFFFFFFFFFFFFFFFFFFFFFFFF9B
:10057000FFFFFFFFFFFFFFFFFFFFFFFFFFFFFFFF8B
:10058000FFFFFFFFFFFFFFFFFFFFFFFFFFFFFFFF7B
:10059000FFFFFFFFFFFFFFFFFFFFFFFFFFFFFFFF6B
:1005A000FFFFFFFFFFFFFFFFFFFFFFFFFFFFFFFF5B
:1005B000FFFFFFFFFFFFFFFFFFFFFFFFFFFFFFFF4B
:1005C000FFFFFFFFFFFFFFFFFFFFFFFFFFFFFFFF3B
:1005D000FFFFFFFFFFFFFFFFFFFFFFFFFFFFFFFF2B
:1005E000FFFFFFFFFFFFFFFFFFFFFFFFFFFFFFFF1B
:1005F000FFFFFFFFFFFFFFFFFFFFFFFFFFFFFFFF0B
:10060000FFFFFFFFFFFFFFFFFFFFFFFFFFFFFFFFFA
:10061000FFFFFFFFFFFFFFFFFFFFFFFFFFFFFFFFEA
:10062000FFFFFFFFFFFFFFFFFFFFFFFFFFFFFFFFDA
:10063000FFFFFFFFFFFFFFFFFFFFFFFFFFFFFFFFCA
:10064000FFFFFFFFFFFFFFFFFFFFFFFFFFFFFFFFBA
:10065000FFFFFFFFFFFFFFFFFFFFFFFFFFFFFFFFAA
:10066000FFFFFFFFFFFFFFFFFFFFFFFFFFFFFFFF9A
:10067000FFFFFFFFFFFFFFFFFFFFFFFFFFFFFFFF8A
:10068000FFFFFFFFFFFFFFFFFFFFFFFFFFFFFFFF7A
:10069000FFFFFFFFFFFFFFFFFFFFFFFFFFFFFFFF6A
:1006A000FFFFFFFFFFFFFFFFFFFFFFFFFFFFFFFF5A
:1006B000FFFFFFFFFFFFFFFFFFFFFFFFFFFFFFFF4A
:1006C000FFFFFFFFFFFFFFFFFFFFFFFFFFFFFFFF3A
:1006D000FFFFFFFFFFFFFFFFFFFFFFFFFFFFFFFF2A
:1006E000FFFFFFFFFFFFFFFFFFFFFFFFFFFFFFFF1A
:1006F000FFFFFFFFFFFFFFFFFFFFFFFFFFFFFFFF0A
:10070000FFFFFFFFFFFFFFFFFFFFFFFFFFFFFFFFF9
:10071000FFFFFFFFFFFFFFFFFFFFFFFFFFFFFFFFE9
:10072000FFFFFFFFFFFFFFFFFFFFFFFFFFFFFFFFD9
:10073000FFFFFFFFFFFFFFFFFFFFFFFFFFFFFFFFC9
:10074000FFFFFFFFFFFFFFFFFFFFFFFFFFFFFFFFB9
:10075000FFFFFFFFFFFFFFFFFFFFFFFFFFFFFFFFA9
:10076000FFFFFFFFFFFFFFFFFFFFFFFFFFFFFFFF99
:10077000FFFFFFFFFFFFFFFFFFFFFFFFFFFFFFFF89
:10078000FFFFFFFFFFFFFFFFFFFFFFFFFFFFFFFF79
:10079000FFFFFFFFFFFFFFFFFFFFFFFFFFFFFFFF69
:1007A000FFFFFFFFFFFFFFFFFFFFFFFFFFFFFFFF59
:1007B000FFFFFFFFFFFFFFFFFFFFFFFFFFFFFFFF49
:1007C000FFFFFFFFFFFFFFFFFFFFFFFFFFFFFFFF39
:1007D000FFFFFFFFFFFFFFFFFFFFFFFFFFFFFFFF29
:1007E000FFFFFFFFFFFFFFFFFFFFFFFFFFFFFFFF19
:1007F000FFFFFFFFFFFFFFFFFFFFFFFFFFFFFFFF09
:10080000FFFFFFFFFFFFFFFFFFFFFFFFFFFFFFFFF8
:10081000FFFFFFFFFFFFFFFFFFFFFFFFFFFFFFFFE8
:10082000FFFFFFFFFFFFFFFFFFFFFFFFFFFFFFFFD8
:10083000FFFFFFFFFFFFFFFFFFFFFFFFFFFFFFFFC8
:10084000FFFFFFFFFFFFFFFFFFFFFFFFFFFFFFFFB8
:10085000FFFFFFFFFFFFFFFFFFFFFFFFFFFFFFFFA8
:10086000FFFFFFFFFFFFFFFFFFFFFFFFFFFFFFFF98
:10087000FFFFFFFFFFFFFFFFFFFFFFFFFFFFFFFF88
:10088000FFFFFFFFFFFFFFFFFFFFFFFFFFFFFFFF78
:10089000FFFFFFFFFFFFFFFFFFFFFFFFFFFFFFFF68
:1008A000FFFFFFFFFFFFFFFFFFFFFFFFFFFFFFFF58
:1008B000FFFFFFFFFFFFFFFFFFFFFFFFFFFFFFFF48
:1008C000FFFFFFFFFFFFFFFFFFFFFFFFFFFFFFFF38
:1008D000FFFFFFFFFFFFFFFFFFFFFFFFFFFFFFFF28
:1008E000FFFFFFFFFFFFFFFFFFFFFFFFFFFFFFFF18
:1008F000FFFFFFFFFFFFFFFFFFFFFFFFFFFFFFFF08
:10090000FFFFFFFFFFFFFFFFFFFFFFFFFFFFFFFFF7
:10091000FFFFFFFFFFFFFFFFFFFFFFFFFFFFFFFFE7
:10092000FFFFFFFFFFFFFFFFFFFFFFFFFFFFFFFFD7
:10093000FFFFFFFFFFFFFFFFFFFFFFFFFFFFFFFFC7
:10094000FFFFFFFFFFFFFFFFFFFFFFFFFFFFFFFFB7
:10095000FFFFFFFFFFFFFFFFFFFFFFFFFFFFFFFFA7
:10096000FFFFFFFFFFFFFFFFFFFFFFFFFFFFFFFF97
:10097000FFFFFFFFFFFFFFFFFFFFFFFFFFFFFFFF87
:10098000FFFFFFFFFFFFFFFFFFFFFFFFFFFFFFFF77
:10099000FFFFFFFFFFFFFFFFFFFFFFFFFFFFFFFF67
:1009A000FFFFFFFFFFFFFFFFFFFFFFFFFFFFFFFF57
:1009B000FFFFFFFFFFFFFFFFFFFFFFFFFFFFFFFF47
:1009C000FFFFFFFFFFFFFFFFFFFFFFFFFFFFFFFF37
:1009D000FFFFFFFFFFFFFFFFFFFFFFFFFFFFFFFF27
:1009E000FFFFFFFFFFFFFFFFFFFFFFFFFFFFFFFF17
:1009F000FFFFFFFFFFFFFFFFFFFFFFFFFFFFFFFF07
:100A0000FFFFFFFFFFFFFFFFFFFFFFFFFFFFFFFFF6
:100A1000FFFFFFFFFFFFFFFFFFFFFFFFFFFFFFFFE6
:100A2000FFFFFFFFFFFFFFFFFFFFFFFFFFFFFFFFD6
:100A3000FFFFFFFFFFFFFFFFFFFFFFFFFFFFFFFFC6
:100A4000FFFFFFFFFFFFFFFFFFFFFFFFFFFFFFFFB6
:100A5000FFFFFFFFFFFFFFFFFFFFFFFFFFFFFFFFA6
:100A6000FFFFFFFFFFFFFFFFFFFFFFFFFFFFFFFF96
:100A7000FFFFFFFFFFFFFFFFFFFFFFFFFFFFFFFF86
:100A8000FFFFFFFFFFFFFFFFFFFFFFFFFFFFFFFF76
:100A9000FFFFFFFFFFFFFFFFFFFFFFFFFFFFFFFF66
:100AA000FFFFFFFFFFFFFFFFFFFFFFFFFFFFFFFF56
:100AB000FFFFFFFFFFFFFFFFFFFFFFFFFFFFFFFF46
:100AC000FFFFFFFFFFFFFFFFFFFFFFFFFFFFFFFF36
:100AD000FFFFFFFFFFFFFFFFFFFFFFFFFFFFFFFF26
:100AE000FFFFFFFFFFFFFFFFFFFFFFFFFFFFFFFF16
:100AF000FFFFFFFFFFFFFFFFFFFFFFFFFFFFFFFF06
:100B0000FFFFFFFFFFFFFFFFFFFFFFFFFFFFFFFFF5
:100B1000FFFFFFFFFFFFFFFFFFFFFFFFFFFFFFFFE5
:100B2000FFFFFFFFFFFFFFFFFFFFFFFFFFFFFFFFD5
:100B3000FFFFFFFFFFFFFFFFFFFFFFFFFFFFFFFFC5
:100B4000FFFFFFFFFFFFFFFFFFFFFFFFFFFFFFFFB5
:100B5000FFFFFFFFFFFFFFFFFFFFFFFFFFFFFFFFA5
:100B6000FFFFFFFFFFFFFFFFFFFFFFFFFFFFFFFF95
:100B7000FFFFFFFFFFFFFFFFFFFFFFFFFFFFFFFF85
:100B8000FFFFFFFFFFFFFFFFFFFFFFFFFFFFFFFF75
:100B9000FFFFFFFFFFFFFFFFFFFFFFFFFFFFFFFF65
:100BA000FFFFFFFFFFFFFFFFFFFFFFFFFFFFFFFF55
:100BB000FFFFFFFFFFFFFFFFFFFFFFFFFFFFFFFF45
:100BC000FFFFFFFFFFFFFFFFFFFFFFFFFFFFFFFF35
:100BD000FFFFFFFFFFFFFFFFFFFFFFFFFFFFFFFF25
:100BE000FFFFFFFFFFFFFFFFFFFFFFFFFFFFFFFF15
:100BF000FFFFFFFFFFFFFFFFFFFFFFFFFFFFFFFF05
:100C0000FFFFFFFFFFFFFFFFFFFFFFFFFFFFFFFFF4
:100C1000FFFFFFFFFFFFFFFFFFFFFFFFFFFFFFFFE4
:100C2000FFFFFFFFFFFFFFFFFFFFFFFFFFFFFFFFD4
:100C3000FFFFFFFFFFFFFFFFFFFFFFFFFFFFFFFFC4
:100C4000FFFFFFFFFFFFFFFFFFFFFFFFFFFFFFFFB4
:100C5000FFFFFFFFFFFFFFFFFFFFFFFFFFFFFFFFA4
:100C6000FFFFFFFFFFFFFFFFFFFFFFFFFFFFFFFF94
:100C7000FFFFFFFFFFFFFFFFFFFFFFFFFFFFFFFF84
:100C8000FFFFFFFFFFFFFFFFFFFFFFFFFFFFFFFF74
:100C9000FFFFFFFFFFFFFFFFFFFFFFFFFFFFFFFF64
:100CA000FFFFFFFFFFFFFFFFFFFFFFFFFFFFFFFF54
:100CB000FFFFFFFFFFFFFFFFFFFFFFFFFFFFFFFF44
:100CC000FFFFFFFFFFFFFFFFFFFFFFFFFFFFFFFF34
:100CD000FFFFFFFFFFFFFFFFFFFFFFFFFFFFFFFF24
:100CE000FFFFFFFFFFFFFFFFFFFFFFFFFFFFFFFF14
:100CF000FFFFFFFFFFFFFFFFFFFFFFFFFFFFFFFF04
:100D0000FFFFFFFFFFFFFFFFFFFFFFFFFFFFFFFFF3
:100D1000FFFFFFFFFFFFFFFFFFFFFFFFFFFFFFFFE3
:100D2000FFFFFFFFFFFFFFFFFFFFFFFFFFFFFFFFD3
:100D3000FFFFFFFFFFFFFFFFFFFFFFFFFFFFFFFFC3
:100D4000FFFFFFFFFFFFFFFFFFFFFFFFFFFFFFFFB3
:100D5000FFFFFFFFFFFFFFFFFFFFFFFFFFFFFFFFA3
:100D6000FFFFFFFFFFFFFFFFFFFFFFFFFFFFFFFF93
:100D7000FFFFFFFFFFFFFFFFFFFFFFFFFFFFFFFF83
:100D8000FFFFFFFFFFFFFFFFFFFFFFFFFFFFFFFF73
:100D9000FFFFFFFFFFFFFFFFFFFFFFFFFFFFFFFF63
:100DA000FFFFFFFFFFFFFFFFFFFFFFFFFFFFFFFF53
:100DB000FFFFFFFFFFFFFFFFFFFFFFFFFFFFFFFF43
:100DC000FFFFFFFFFFFFFFFFFFFFFFFFFFFFFFFF33
:100DD000FFFFFFFFFFFFFFFFFFFFFFFFFFFFFFFF23
:100DE000FFFFFFFFFFFFFFFFFFFFFFFFFFFFFFFF13
:100DF000FFFFFFFFFFFFFFFFFFFFFFFFFFFFFFFF03
:100E0000FFFFFFFFFFFFFFFFFFFFFFFFFFFFFFFFF2
:100E1000FFFFFFFFFFFFFFFFFFFFFFFFFFFFFFFFE2
:100E2000FFFFFFFFFFFFFFFFFFFFFFFFFFFFFFFFD2
:100E3000FFFFFFFFFFFFFFFFFFFFFFFFFFFFFFFFC2
:100E4000FFFFFFFFFFFFFFFFFFFFFFFFFFFFFFFFB2
:100E5000FFFFFFFFFFFFFFFFFFFFFFFFFFFFFFFFA2
:100E6000FFFFFFFFFFFFFFFFFFFFFFFFFFFFFFFF92
:100E7000FFFFFFFFFFFFFFFFFFFFFFFFFFFFFFFF82
:100E8000FFFFFFFFFFFFFFFFFFFFFFFFFFFFFFFF72
:100E9000FFFFFFFFFFFFFFFFFFFFFFFFFFFFFFFF62
:100EA000FFFFFFFFFFFFFFFFFFFFFFFFFFFFFFFF52
:100EB000FFFFFFFFFFFFFFFFFFFFFFFFFFFFFFFF42
:100EC000FFFFFFFFFFFFFFFFFFFFFFFFFFFFFFFF32
:100ED000FFFFFFFFFFFFFFFFFFFFFFFFFFFFFFFF22
:100EE000FFFFFFFFFFFFFFFFFFFFFFFFFFFFFFFF12
:100EF000FFFFFFFFFFFFFFFFFFFFFFFFFFFFFFFF02
:100F0000FFFFFFFFFFFFFFFFFFFFFFFFFFFFFFFFF1
:100F1000FFFFFFFFFFFFFFFFFFFFFFFFFFFFFFFFE1
:100F2000FFFFFFFFFFFFFFFFFFFFFFFFFFFFFFFFD1
:100F3000FFFFFFFFFFFFFFFFFFFFFFFFFFFFFFFFC1
:100F4000FFFFFFFFFFFFFFFFFFFFFFFFFFFFFFFFB1
:100F5000FFFFFFFFFFFFFFFFFFFFFFFFFFFFFFFFA1
:100F6000FFFFFFFFFFFFFFFFFFFFFFFFFFFFFFFF91
:100F7000FFFFFFFFFFFFFFFFFFFFFFFFFFFFFFFF81
:100F8000FFFFFFFFFFFFFFFFFFFFFFFFFFFFFFFF71
:100F9000FFFFFFFFFFFFFFFFFFFFFFFFFFFFFFFF61
:100FA000FFFFFFFFFFFFFFFFFFFFFFFFFFFFFFFF51
:100FB000FFFFFFFFFFFFFFFFFFFFFFFFFFFFFFFF41
:100FC000FFFFFFFFFFFFFFFFFFFFFFFFFFFFFFFF31
:100FD000FFFFFFFFFFFFFFFFFFFFFFFFFFFFFFFF21
:100FE000FFFFFFFFFFFFFFFFFFFFFFFFFFFFFFFF11
:100FF000FFFFFFFFFFFFFFFFFFFFFFFFFFFFFFFF01
:10100000D1002043F1150060000000000000000046
:101010002010006000100060002802600000000046
:10102000000000600034020000000000FFFFFFFF2E
:10103000FFFFFFFFFFFFFFFFFFFFFFFFFFFFFFFFC0
:10104000FFFFFFFFFFFFFFFFFFFFFFFFFFFFFFFFB0
:10105000FFFFFFFFFFFFFFFFFFFFFFFFFFFFFFFFA0
:10106000FFFFFFFFFFFFFFFFFFFFFFFFFFFFFFFF90
:10107000FFFFFFFFFFFFFFFFFFFFFFFFFFFFFFFF80
:10108000FFFFFFFFFFFFFFFFFFFFFFFFFFFFFFFF70
:10109000FFFFFFFFFFFFFFFFFFFFFFFFFFFFFFFF60
:1010A000FFFFFFFFFFFFFFFFFFFFFFFFFFFFFFFF50
:1010B000FFFFFFFFFFFFFFFFFFFFFFFFFFFFFFFF40
:1010C000FFFFFFFFFFFFFFFFFFFFFFFFFFFFFFFF30
:1010D000FFFFFFFFFFFFFFFFFFFFFFFFFFFFFFFF20
:1010E000FFFFFFFFFFFFFFFFFFFFFFFFFFFFFFFF10
:1010F000FFFFFFFFFFFFFFFFFFFFFFFFFFFFFFFF00
:10110000FFFFFFFFFFFFFFFFFFFFFFFFFFFFFFFFEF
:10111000FFFFFFFFFFFFFFFFFFFFFFFFFFFFFFFFDF
:10112000FFFFFFFFFFFFFFFFFFFFFFFFFFFFFFFFCF
:10113000FFFFFFFFFFFFFFFFFFFFFFFFFFFFFFFFBF
:10114000FFFFFFFFFFFFFFFFFFFFFFFFFFFFFFFFAF
:10115000FFFFFFFFFFFFFFFFFFFFFFFFFFFFFFFF9F
:10116000FFFFFFFFFFFFFFFFFFFFFFFFFFFFFFFF8F
:10117000FFFFFFFFFFFFFFFFFFFFFFFFFFFFFFFF7F
:10118000FFFFFFFFFFFFFFFFFFFFFFFFFFFFFFFF6F
:10119000FFFFFFFFFFFFFFFFFFFFFFFFFFFFFFFF5F
:1011A000FFFFFFFFFFFFFFFFFFFFFFFFFFFFFFFF4F
:1011B000FFFFFFFFFFFFFFFFFFFFFFFFFFFFFFFF3F
:1011C000FFFFFFFFFFFFFFFFFFFFFFFFFFFFFFFF2F
:1011D000FFFFFFFFFFFFFFFFFFFFFFFFFFFFFFFF1F
:1011E000FFFFFFFFFFFFFFFFFFFFFFFFFFFFFFFF0F
:1011F000FFFFFFFFFFFFFFFFFFFFFFFFFFFFFFFFFF
:10120000FFFFFFFFFFFFFFFFFFFFFFFFFFFFFFFFEE
:10121000FFFFFFFFFFFFFFFFFFFFFFFFFFFFFFFFDE
:10122000FFFFFFFFFFFFFFFFFFFFFFFFFFFFFFFFCE
:10123000FFFFFFFFFFFFFFFFFFFFFFFFFFFFFFFFBE
:10124000FFFFFFFFFFFFFFFFFFFFFFFFFFFFFFFFAE
:10125000FFFFFFFFFFFFFFFFFFFFFFFFFFFFFFFF9E
:10126000FFFFFFFFFFFFFFFFFFFFFFFFFFFFFFFF8E
:10127000FFFFFFFFFFFFFFFFFFFFFFFFFFFFFFFF7E
:10128000FFFFFFFFFFFFFFFFFFFFFFFFFFFFFFFF6E
:10129000FFFFFFFFFFFFFFFFFFFFFFFFFFFFFFFF5E
:1012A000FFFFFFFFFFFFFFFFFFFFFFFFFFFFFFFF4E
:1012B000FFFFFFFFFFFFFFFFFFFFFFFFFFFFFFFF3E
:1012C000FFFFFFFFFFFFFFFFFFFFFFFFFFFFFFFF2E
:1012D000FFFFFFFFFFFFFFFFFFFFFFFFFFFFFFFF1E
:1012E000FFFFFFFFFFFFFFFFFFFFFFFFFFFFFFFF0E
:1012F000FFFFFFFFFFFFFFFFFFFFFFFFFFFFFFFFFE
:10130000FFFFFFFFFFFFFFFFFFFFFFFFFFFFFFFFED
:10131000FFFFFFFFFFFFFFFFFFFFFFFFFFFFFFFFDD
:10132000FFFFFFFFFFFFFFFFFFFFFFFFFFFFFFFFCD
:10133000FFFFFFFFFFFFFFFFFFFFFFFFFFFFFFFFBD
:10134000FFFFFFFFFFFFFFFFFFFFFFFFFFFFFFFFAD
:10135000FFFFFFFFFFFFFFFFFFFFFFFFFFFFFFFF9D
:10136000FFFFFFFFFFFFFFFFFFFFFFFFFFFFFFFF8D
:10137000FFFFFFFFFFFFFFFFFFFFFFFFFFFFFFFF7D
:10138000FFFFFFFFFFFFFFFFFFFFFFFFFFFFFFFF6D
:10139000FFFFFFFFFFFFFFFFFFFFFFFFFFFFFFFF5D
:1013A000FFFFFFFFFFFFFFFFFFFFFFFFFFFFFFFF4D
:1013B000FFFFFFFFFFFFFFFFFFFFFFFFFFFFFFFF3D
:1013C000FFFFFFFFFFFFFFFFFFFFFFFFFFFFFFFF2D
:1013D000FFFFFFFFFFFFFFFFFFFFFFFFFFFFFFFF1D
:1013E000FFFFFFFFFFFFFFFFFFFFFFFFFFFFFFFF0D
:1013F000FFFFFFFFFFFFFFFFFFFFFFFFFFFFFFFFFD
:10140000824205D051F8043B40F8043B8242F9D8AF
:10141000704700BF044A05494FF0000342F8043BFF
:101420009142FBD8704700BFC0360020A093002037
:1014300008B5BFF34F8F00F06FF9544C544B0820A0
:101440005449C3F85401544AC3F800115348C3F82F
:10145000F0405349FFF7D4FF524A53495348FFF72E
:10146000CFFF534CFFF7D6FF4FF470004FF0E02151
:101470000023504AC1F8880D44F823200133B02BD3
:10148000FAD14D4B80214D4A03F8011B9342FBD109
:101490004FF0E0254A4E4B4A4FF0FF31C5F8084D5A
:1014A000D5F8243D43F4E023C5F8243DF36923F047
:1014B0007F0343F04003F361736A23F07F0343F03B
:1014C000400373629166D1661167516700F02CF991
:1014D0003D4A3E4BA2636322E36300246A61032317
:1014E0003B4AAC612B61C5F8202DD5F8FC2D394B5A
:1014F00042F080723849C5F8FC2D1A6842F00102AA
:101500001A605B680B6000F0DFFA344800F064FC9E
:10151000F16E334B334A41F44051F1661C60C3F81D
:101520000841C3F81841C3F82841C3F83841936B08
:10153000DB0708D442F615632B4951651365936B9D
:1015400043F001039363274A284C936843F0011347
:10155000936000F077F900F05FF800F02DFC00F0E8
:10156000E5FA00F0DBF82368132BFCD900F07AFBD6
:101570002368B3F5967FFBD300F0D4F800F0D0F8E1
:1015800000F01EFC00F024FC30BFFDE70C0D111331
:1015900000800D401B101820F8CE01000000000054
:1015A0001C210060C036002018F0016000000020FF
:1015B00000340020A93C010000E400E0A0E400E0C9
:1015C00000C00F4000C00A40892B01008D2B010094
:1015D00000002020001000E0FC9100200046C32302
:1015E0000040084000400D400000C056009200201E
:1015F000054B4FF42A01054A05485A641864054A08
:1016000099639546FFF714FF00C00A40FFAAAAAAF3
:1016100007002000000006200F4B40F2376C0F4AF5
:10162000A020D96E41F44031D966D96E41F44071A1
:10163000D966C2F844C09064936C1B06FCD4084A77
:1016400040F23761A02351649364936C13F08003DC
:10165000FBD1044A1370704700C00F4000400C409B
:1016600000800C404F930020294A00210123C2F83A
:10167000A000C2F8A410C2F8B0305369D907FCD555
:1016800001234FF4803C22495361C2F8A000C2F804
:10169000A4C0C2F8B0304B69DB07FCD501234FF47E
:1016A000003C1B4A4B61C1F8A000C1F8A4C0C1F8BE
:1016B000B0305369D907FCD50123DFF858C014496D
:1016C0005361C2F8A000C2F8A4C0C2F8B0304B69A0
:1016D000DB07FCD5D1F8003145F60D504FF0210C59
:1016E0009AB2C1F814C0824210D045F69D518A4288
:1016F0000AD1C3F34253032B08D0A3F10403B3FA76
:1017000083F35B0918017047002070470820704779
:1017100000402A4004000300704700BF704700BF2C
:10172000704700BF00BF70474FF0E02300214FF02B
:10173000100C3448C3F8941DC3F89CCD4FF0110C25
:10174000C3F8A00D3048C3F89CCD4FF0120CC3F87D
:10175000A00D2E48C3F89CCD2D4AC3F8A00DDFF88C
:10176000D0C042F015022B48C3F89CCDC3F8A00DA1
:10177000DFF8C0C02848C3F89CCDC3F8A00DDFF83F
:10178000B8C0C3F89C2D2548254AC3F8A0CDC3F89E
:101790009C0DC3F8A02D02F5A022DFF8A0C00C32EA
:1017A0002048C3F89CCDC3F8A02D1F4AC3F89C0D58
:1017B000C3F8A02D02F14062DFF884C002321B485A
:1017C000C3F89CCDC3F8A02D0A32C3F89C0DC3F812
:1017D000A02D00BF00BF00BF00BF00BF0122C3F8A3
:1017E000942DBFF34F8FBFF36F8FC3F8501FBFF31C
:1017F0004F8FBFF36F8FD3F8142D42F44032C3F8EC
:10180000142D70473F000010250008070900100044
:10181000A0930020210002072500081316002020B5
:1018200027000B13180000602F000B071A00008020
:1018300013002000140000200900001017000040D1
:101840001900007030B5864B85B0DFF874E21822BD
:10185000844D0120C3F85CE28349C3F86052A5F5CA
:101860008055DFF860C2814CC3F864E2C3F8685267
:101870002125C3F86CC2C3F870C2C3F874C2C3F8A0
:1018800078C248F20C7CDA661A675A679A67DA6798
:10189000C3F88020C3F88420C3F88820C1F82C0343
:1018A000734AC1F83003C1F83403C1F83803C1F8F2
:1018B0003C03C1F85003A1696E4B0A406E486F4962
:1018C00013436F4AA361D4F8843043F00C03C4F887
:1018D00084304FF0FF34036843F002030360036871
:1018E00003EA0C031A43674B026044608A68664C43
:1018F0001340664A43F000538360C36823F07803C3
:10190000C360036A23401A43604B0262026A2240AA
:101910005F4C1343002243628462C46240F2056458
:10192000D1F8B83023F03F0343F00103C0F8B830DA
:10193000D1F8BC30574923F03F0343F00103C0F80E
:10194000BC3002610567C0F880404567C0F884403C
:101950000224036823F00203036081614E4B4F4968
:10196000C46143F8042B8B42FBD1434C236843F002
:1019700001032360256815F00105FBD145480222CB
:1019800040F2F561A06140F29940E26140F26642A6
:10199000C4F8001242F20141C4F81022404AC4F8CF
:1019A0002002C4F8302240F23542C4F834123D48D7
:1019B000C4F840223C4AC4F850022846C4F85422D5
:1019C00042F201223949C4F86012C4F86422FFF7D8
:1019D0004BFE0246002839D0810201234FF48020BB
:1019E00021662549C4F8A050C4F8A400C4F8B0305A
:1019F0004B69D807FCD515050124039228464C6194
:101A0000FFF732FE039A2A4B0244D2B21A7080B119
:101A1000194980024FF4802348660846C1F8A05057
:101A2000C1F8A430C1F8B0404369DB07FCD50123FD
:101A3000436120490024204801230094401A00EB10
:101A400002521E4800F0C0F905B030BD1B4B1849CA
:101A500018600870D860C3E9010005B030BD00BF50
:101A600000801F40F910010000841F4000C00F409B
:101A7000FFFCFF1F0003008000402A4000802A4036
:101A80001200FFFFFF37F70000FFF07C40000080EE
:101A9000FF000F83F05AF05A00422A4000432A40C8
:101AA0009F041830EB06180A063201263806180A79
:101AB000519300200000007000000070408F002053
:101AC000F9B00100F970010010B5174A4FF48054C5
:101AD0004FF4005E4FF4404C4FF4803043F242012B
:101AE000136913F0020F0DD113F4005F0FD013F43C
:101AF000805F0FD0002BF3DA13F4803F0CD15B062C
:101B00000ED510BDC2F818C050619161E8E7C2F867
:101B100014E0E5E75461E3E74FF480339361DFE7D6
:101B200040235361DCE700BF00800D40414A0320A1
:101B30004149F3EE095AD2F880309FED406A23F014
:101B400001039FED3F5ADFF814C100B5C2F88030A1
:101B5000C2F89000D1F8E010DFF804E1CBB23948C8
:101B6000CEF8003007EE903A0B0DC1F30B21F8EEE2
:101B7000E77A06EE903A07EE101A334BB8EEC77AC2
:101B8000CCF80010F8EEE66A304937EEC66A37EE58
:101B9000C55A76EEC76A77EEE57A26EE266AC3ED79
:101BA000006A25EE265AD2F8803067EEA64AC0EDCC
:101BB000007AC6EE275A264885EE276AC4EEA76A41
:101BC00075EE875AFCEEE55A36EE076A15EE90CAB6
:101BD000BCEEC66A43EA0C5376EE877AC2F88030D0
:101BE00016EE103AD2F890C1FCEEE77A01EA034112
:101BF00041EA0C014FF0000C17EE903AC2F8901138
:101C0000C3F30B03D2F890110B431249C2F8903181
:101C1000D2F8803043F00203C2F880300E4B80F8D7
:101C200040C0C1F840314FF0E0230122C3F8082141
:101C300000BD00BF00810D4000441F400000AA42CB
:101C40000000B44270910020749100200000FF0F4A
:101C500000E400E0003400208D3E01006891002087
:101C60006C910020314B40F6617210B5C3F8202111
:101C700040F2044400F0B4F82D4A2E49D2F88030E6
:101C80002D4843F00303C2F880302C4BC1F860416B
:101C900002681A4203D1D1F8A8319A071BD0254A0D
:101CA0004FF00041244B5963D2F8403143F0020316
:101CB000C2F84031D2F840319B07FBD44FF40030DA
:101CC0004FF0E0211C4B4FF00042C1F88C0219206C
:101CD0009A6300F06DF8184B0021164C4FF08042CB
:101CE0000A209A634FF480621960C4F8A80114486E
:101CF00000F07AF84FF4800203464FF4810040F27E
:101D000043111860C4F858311A640E4B0E4AC4F8D7
:101D10004811C3F804224FF0E0224FF400310123B0
:101D2000C2F80C11C4F8403110BD00BF00800D4056
:101D300000C00F4000002E4000900D40001C1E000F
:101D400000000020003400209140010008B50E4B37
:101D50001B6E9B0700D4FBBE72B60C4B00200C4AD6
:101D6000C3F8400103F160430A49A3F55F231164FE
:101D70009D46BFF34F8F4FF40013074A0748DB69B6
:101D800002609B68984700BF00441F4000002E403F
:101D900000C00A4003002000000012EB0080202059
:101DA000F8B500BFF8BC08BC9E46704700000000B4
:101DB0005FF800F0AD3301005FF800F08D520100D4
:101DC0005FF800F0F17201005FF800F0F1530100DC
:101DD0005FF800F0FD3A01005FF800F09930010073
:101DE0005FF800F0B14701005FF800F0A17001005A
:101DF000050100005D890000C58A0000759D000096
:081E000051A50000A9F7000044
:101E08006CC00F40030000000E0D000079080100AF
:101E18002A36000014000000130000000100000032
:101E2800F4841F402B32000014000000130000004F
:101E380001000000F8841F402D310000140000004C
:101E48001300000001000000F0841F402CFFFF0079
:101E58001400000000000000000000000100000065
:101E680000000000EC841F4000000000000000009B
:101E78006CC00F4030000000100F0000790801000E
:101E880001270000170000001200000000010000F8
:101E980014851F401AFF0000120000000000000017
:101EA8000100000018851F401BFF00001200000001
:101EB800000000000100000010851F400026FF0000
:101EC80017000000120000000000000001010000DF
:101ED800010000000C851F400C851F400000000019
:101EE8006CC00F40C0000000504F00004D090100B9
:101EF8000CFF0000130000000000000000000000BC
:101F080024851F400BFF00001300000000000000A4
:101F18000000000028851F400DFF0000130000008E
:101F2800000000000000000020851F400A25240052
:101F3800130000001200000012000000010203005C
:101F48000000000000000000000000000000000089
:101F58000901809611800A3A81550A3601082A0437
:101F6800000000F02B040000014021800A13800AC1
:101F780029800A0010034D0049004D002000500040
:101F88006F00430008034D0049004D000403090495
:101F98000902BA00050100A0FA080B0004FFFFFFC0
:101FA800000904000002FF5D010011210001012564
:101FB80081140000000013020800000705810320B7
:101FC8000004070502032000080904010004FF5D5E
:101FD80003001B2100010101834001042016850034
:101FE800000000000016050000000000000705833F
:101FF80003200002070504032000040705850320C9
:102008000040070505032000100904020001FF5DD8
:102018000200092100010122860700070586032026
:1020280000100904030000FFFD130406410001012C
:102038000309040400010300000009211101000143
:10204800221C000705870340000A00000902BA00A5
:10205800050100A0FA080B0004FFFFFF00090400B7
:102068000002FF5D0100112100010125811400001B
:10207800000013020800000705810320000407057B
:1020880002032000080904010004FF5D03001B216E
:1020980000010101834001042016850000000000B2
:1020A8000016050000000000000705830320000259
:1020B80007050403200004070585032000400705E1
:1020C80005032000100904020001FF5D0200092138
:1020D8000001012286070007058603200010090475
:1020E800030000FFFD130406410001010309040475
:1020F800000103000000092111010001221C000752
:1021080005870340000A00000A060002EF020140AA
:0421180001000000C2
:10211C0000000000000000000000000000000000B3
:10212C0000000000000000000000000000000000A3
:10213C00F8B54FF084439D695A6915400DD0254F71
:10214C0001269D6195FAA5F4B4FA84F457F824306D
:10215C0006FA04F49847A543F4D11F4B9D695A69BC
:10216C0015400DD01D4F01269D6195FAA5F4B4FACA
:10217C0084F457F8243006FA04F49847A543F4D1B4
:10218C00174B9D695A6915400DD0164F01269D615C
:10219C0095FAA5F4B4FA84F457F8243006FA04F44A
:1021AC009847A543F4D1104B9D695A6915400DD041
:1021BC000E4F01269D6195FAA5F4B4FA84F457F8F4
:1021CC00243006FA04F49847A543F4D1BFF34F8F9B
:1021DC00F8BD00BF582E002000400042D82E002031
:1021EC0000800042582F002000C00042D82F002051
:1021FC000548064B1B1AD90F01EBA301491002D05D
:10220C00034B03B118477047C0360020C03600207E
:10221C000000000008B5054B1BB105490548AFF39C
:10222C000080BDE80840FFF7E3BF00BF00000000DE
:10223C003091002000340260704700BF704700BF2F
:10224C00704700BF562802D1034B01229A73034BEF
:10225C001B6803B118477047A0450020DC8700209D
:10226C00562802D1034B00229A73034B1B6803B10F
:10227C0018477047A0450020EC870020002383827C
:10228C00C0E90333704700BF704700BF194B1B7880
:10229C001A074CBFF7EE007ADFED177A5A0703D511
:1022AC00B7EE007A77EEC77A03F00202DB07C0EDD7
:1022BC00007A03D5D2B100230B607047002AFAD004
:1022CC000E4B0B60D0ED007AF5EE407AF1EE10FA81
:1022DC000FD09FED0B7A67EE877AC0ED007AD1EDC7
:1022EC00007A67EE877AC1ED007A70474FF07E5323
:1022FC00E7E770473C93002000000000000080BF1F
:10230C00F304353F234A2449136870B50133234C39
:10231C00136024680870A0B39CB36FF02E0504F111
:10232C002F0304F13F0CDFF884E02D1B01261A4625
:10233C0013F8011F814207D12A44BEF8001006FA97
:10234C0002F20A43AEF800209C45F0D16FF01A025D
:10235C0004F11B0304F11F05114E141B4FF0010C6B
:10236C001A4613F8011F814205D1224431780CFA28
:10237C0002F20A4332709D42F2D10A4BDB7983425E
:10238C0000D070BD0438C0B2E328FAD8064B012245
:10239C001A7070BD748900202E930020B881002023
:1023AC003C930020948F0020389300201E93002033
:1023BC00244A2549136870B50133244C13602468F2
:1023CC000870B0B3ACB36FF02E0504F12F0304F119
:1023DC003F0CDFF888E02D1B01261A4613F8011F6D
:1023EC00814208D12A44BEF8001006FA02F221EA12
:1023FC000202AEF800209C45EFD16FF01A0204F1F6
:10240C001B0304F11F05124E141B4FF0010C1A464E
:10241C0013F8011F814206D1224431780CFA02F2E2
:10242C0021EA020232709D42F1D10A4BDB798342E0
:10243C0000D070BD0438C0B2E328FAD8064B002295
:10244C001A7070BD748900202E930020B881002072
:10245C003C930020948F0020389300201E93002082
:10246C00012A57D12DE9F04F85B00E9A082A8CBF5E
:10247C00002201221AB1002005B0BDE8F08FB1F89E
:10248C001EE040F25E4CE645F5D193F805C0BCF178
:10249C00FF0FF0D193F806C0BCF1470FEBD193F8C6
:1024AC0000C00E9C9C4423440CF1060E7345E2D3F1
:1024BC009346904692469146174603921A4604E07C
:1024CC00F4440CF1060E724526D39CF800E0BEF1E4
:1024DC00030F21D99CF80130052BF1D1BEF1060F69
:1024EC00EED99CF8033003F00303032BE8D19CF9DD
:1024FC0002309CF80240002BBCF804509CF806609B
:10250C002DDBB8F1000FDBD104F00F08C5F30A0B7B
:10251C000396D5E7002070473A46002FABD04B46C8
:10252C000D4604460321402B2846CDF804A028BFB5
:10253C004023009301230AF0DFFEE06000289AD0CC
:10254C00174A234604F13401C26340220AF02CFBE3
:10255C00B8F1000F0BD10123184663758CE7002FDF
:10256C00AED104F00F07C5F30A09B246A8E75946E5
:10257C00039B42462846052901934FF0000328BFD0
:10258C000521009103210AF0B7FE234620610028A3
:10259C00E1D004490522C16303490AF005FBDAE7DF
:1025AC00E908000079010000E02A002008B52DEDB3
:1025BC00048B09EE900A9FED227A40F2E931214812
:1025CC00F8EE697A67EE807A87EE879A12F0D8FC7B
:1025DC0040F2E93108EE900A1A4812F0D1FC08EEEC
:1025EC00100A40F2E9311748F8EEE88A12F0C8FCFC
:1025FC00B8EEC88A07EE100A9FED136A19EE902AFE
:10260C00B8EEC77ADFED116A38EE288A47F6FF7309
:10261C0037EE087AC7EE067A67EE897ABDEC048B42
:10262C0067EEA67AFDEEE77A17EE900A1044984210
:10263C00A8BF18460128B8BF012080B208BD00BF52
:10264C000000C84218FCFFFF00803B452DB25D40E6
:10265C00464AF8B511680023454D04462B5411B178
:10266C008B79002B2FD1434A1378A34201D1002B35
:10267C0078D1414B196829B38B791BB3C87A08B34D
:10268C003E4D002395F800C008E0032A02D1CA7B16
:10269C00012A60D0984201F11A0113D0DAB2013349
:1026AC009445F7D10A7B012AEFD1CA7B012AF1D1DB
:1026BC004A7BA242EED1002331483249FF220370FB
:1026CC000B702A70F8BD304B1B78002BCBD191F8D6
:1026DC0007E0BEF1000FC6D0012301F1080701F19C
:1026EC0009060DE0A44501D1285CD0B1082B18BF18
:1026FC00724503F1010334BF01220022002AB2D03B
:10270C0017F82300DAB20028F0D016F823C0BCF179
:10271C00000FEBD0A042E5D115F80C0008B1A44590
:10272C00E4D188680133DFED197A00EE100A184AFB
:10273C0001EB8303B4EEE70A1568D888F1EE10FAC2
:10274C0002D410B1FFF732FF0544124A0123156081
:10275C000D4A137087E74A7BA242ACD08A7BA24217
:10276C0098D1A8E700231370F8BD00BFB4810020F6
:10277C00688800203A9300206889002022310020CC
:10278C00439300203E930020409300200AD7233C23
:10279C00009200205886002030B500220B7989B0B9
:1027AC00044658070692CDE9042203F001024FEAD1
:1027BC00822248BF42F040021D0748BF42F080020F
:1027CC00D80648BF42F001029D0648BF42F0020203
:1027DC00580648BF42F004021B064B7948BF42F032
:1027EC000802DD0648BF42F01002980648BF42F0CE
:1027FC0020025D0648BF42F48072180623EA93005B
:10280C0048BF42F4007220EAD300C50762D403EA41
:10281C00D300C00733D50123009204F1180C0A89A8
:10282C00C88892014D89B1F80EE080018DF81830FE
:10283C000023ADF80E20A5F500458A89AEF5004EB3
:10284C00098AADF80C00A2F500401A46A1F500412A
:10285C0065F30F0301256EF30F02EE4660F31F4381
:10286C0061F31F42CDE90132BEE80F00ACE80F0066
:10287C009EE807008CE80700257509B030BD03F011
:10288C000105C3F340004FEA530C85F0010580F0BD
:10289C00010005EAD30E1EEA000F1FD10CEAD30E7D
:1028AC001EF0010F18D12CEA930E2EEAD30E1EF057
:1028BC00010F19D10CEA930C1CF0010F10D100EA96
:1028CC00930005420ED103EA930303F00103C3F115
:1028DC000803A1E700239FE703239DE702239BE75F
:1028EC00052399E7062397E7042395E74FF01A0C85
:1028FC001B4A01EB810312680CFB0033134493F861
:10290C0012C0BCF1000F27D0DFED167ADFF860C0E3
:10291C0000B5D2F8072083B0B3F8130000EE102AEC
:10292C00DCF80030B4EEE70AF1EE10FA12D430B154
:10293C00CDE90031FFF73AFE009B01990344DFF823
:10294C0034C00948094ACCF80030012301701370D7
:10295C0003B000BD0344F2E7034B197000F00CB850
:10296C00688900200AD7233C3F9300204393002022
:10297C0000920020B486002000B5DFF874E09EF8C9
:10298C0000100131C9B2032918D8164B01EB810292
:10299C001B6813441A2202FB003303E05FFA8CF12C
:1029AC0004290BD09A7C01F1010C0533002AF5D0D7
:1029BC008EF800105DF804EBFFF798BF0A4A137805
:1029CC0043B9DFF830C0FF20084913708CF8003091
:1029DC00087000BD00218EF800105DF804EBFFF7C5
:1029EC0085BF00BF688900203E9300202231002063
:1029FC003F93002043930020C36B2BB3826803F1F9
:102A0C003401C2F30E422F3A112A18D993F834200C
:102A1C00202A14D193F837200E2A10D1184600B56D
:102A2C0083B001910093FFF7B7FEDDE90031D86860
:102A3C0058B1402203B05DF804EB0AF0B5B8D86881
:102A4C0010B140220AF0B0B8704703B000BD00BF0F
:102A5C00204A137800B583B00BB100231370DFF854
:102A6C0084C01A23DFF880E0DCF800C08EF8000088
:102A7C0003FB00C3DFF874E08EF80010997C11B3EF
:102A8C00DCF80700DFED147A00EE100A1349B3F8F6
:102A9C001300B4EEE70A0B68F1EE10FA11D428B16A
:102AAC000193FFF783FD019B0A4A0344DFF840C002
:102ABC0000200B49CCF8003001230870137003B0D0
:102ACC0000BD0344F2E7064B197003B05DF804EB4C
:102ADC00FFF752BF439300200AD7233C00920020FB
:102AEC003F93002068890020223100203E93002073
:102AFC00B48600201D4BD3F8D8201068916800686C
:102B0C0010B40842137C546814BF0121002103F057
:102B1C000303D4F800C0D06843EA81031CEA000F19
:102B2C0043F0080118BF0B469908013B11740D2B9B
:102B3C000BD8DFE803F0110C070C0A161111160A5A
:102B4C000C070C1153690233536110BC7047536965
:102B5C00013B10BC536170475369013310BC536186
:102B6C0070475369023B10BC53617047C889002001
:102B7C001D4BD3F8D42010689168006810B408423B
:102B8C00137C546814BF0121002103F00303D4F813
:102B9C0000C0D06843EA81031CEA000F43F008012F
:102BAC0018BF0B469908013B11740D2B0BD8DFE8AD
:102BBC0003F0110C070C0A161111160A0C070C1154
:102BCC0053690233536110BC70475369013B10BC0D
:102BDC00536170475369013310BC5361704753699B
:102BEC00023B10BC53617047C88900201D4BD3F8C1
:102BFC00D02010689168006810B40842137C5468A7
:102C0C0014BF0121002103F00303D4F800C0D068E5
:102C1C0043EA81031CEA000F43F0080118BF0B467E
:102C2C009908013B11740D2B0BD8DFE803F0110C44
:102C3C00070C0A161111160A0C070C1153690233F2
:102C4C00536110BC70475369013B10BC5361704712
:102C5C005369013310BC536170475369023B10BC7C
:102C6C0053617047C88900201D4BD3F8CC201068E5
:102C7C009168006810B40842137C546814BF012199
:102C8C00002103F00303D4F800C0D06843EA8103A9
:102C9C001CEA000F43F0080118BF0B469908013BD2
:102CAC0011740D2B0BD8DFE803F0110C070C0A166E
:102CBC001111160A0C070C1153690233536110BC25
:102CCC0070475369013B10BC536170475369013322
:102CDC0010BC536170475369023B10BC5361704781
:102CEC00C88900201D4BD3F8C82010689168006873
:102CFC0010B40842137C546814BF0121002103F066
:102D0C000303D4F800C0D06843EA81031CEA000F27
:102D1C0043F0080118BF0B469908013B11740D2BA9
:102D2C000BD8DFE803F0110C070C0A161111160A68
:102D3C000C070C1153690233536110BC7047536973
:102D4C00013B10BC536170475369013310BC536194
:102D5C0070475369023B10BC53617047C88900200F
:102D6C001D4BD3F8C42010689168006810B4084259
:102D7C00137C546814BF0121002103F00303D4F821
:102D8C0000C0D06843EA81031CEA000F43F008013D
:102D9C0018BF0B469908013B11740D2B0BD8DFE8BB
:102DAC0003F0110C070C0A161111160A0C070C1162
:102DBC0053690233536110BC70475369013B10BC1B
:102DCC00536170475369013310BC536170475369A9
:102DDC00023B10BC53617047C88900201D4BD3F8CF
:102DEC00C02010689168006810B40842137C5468C5
:102DFC0014BF0121002103F00303D4F800C0D068F4
:102E0C0043EA81031CEA000F43F0080118BF0B468C
:102E1C009908013B11740D2B0BD8DFE803F0110C52
:102E2C00070C0A161111160A0C070C115369023300
:102E3C00536110BC70475369013B10BC5361704720
:102E4C005369013310BC536170475369023B10BC8A
:102E5C0053617047C88900201D4BD3F8BC20106803
:102E6C009168006810B40842137C546814BF0121A7
:102E7C00002103F00303D4F800C0D06843EA8103B7
:102E8C001CEA000F43F0080118BF0B469908013BE0
:102E9C0011740D2B0BD8DFE803F0110C070C0A167C
:102EAC001111160A0C070C1153690233536110BC33
:102EBC0070475369013B10BC536170475369013330
:102ECC0010BC536170475369023B10BC536170478F
:102EDC00C88900201D4BD3F8B82010689168006891
:102EEC0010B40842137C546814BF0121002103F074
:102EFC000303D4F800C0D06843EA81031CEA000F36
:102F0C0043F0080118BF0B469908013B11740D2BB7
:102F1C000BD8DFE803F0110C070C0A161111160A76
:102F2C000C070C1153690233536110BC7047536981
:102F3C00013B10BC536170475369013310BC5361A2
:102F4C0070475369023B10BC53617047C88900201D
:102F5C001D4BD3F8B42010689168006810B4084277
:102F6C00137C546814BF0121002103F00303D4F82F
:102F7C0000C0D06843EA81031CEA000F43F008014B
:102F8C0018BF0B469908013B11740D2B0BD8DFE8C9
:102F9C0003F0110C070C0A161111160A0C070C1170
:102FAC0053690233536110BC70475369013B10BC29
:102FBC00536170475369013310BC536170475369B7
:102FCC00023B10BC53617047C88900201D4BD3F8DD
:102FDC00B02010689168006810B40842137C5468E3
:102FEC0014BF0121002103F00303D4F800C0D06802
:102FFC0043EA81031CEA000F43F0080118BF0B469B
:10300C009908013B11740D2B0BD8DFE803F0110C60
:10301C00070C0A161111160A0C070C11536902330E
:10302C00536110BC70475369013B10BC536170472E
:10303C005369013310BC536170475369023B10BC98
:10304C0053617047C88900201D4BD3F8AC20106821
:10305C009168006810B40842137C546814BF0121B5
:10306C00002103F00303D4F800C0D06843EA8103C5
:10307C001CEA000F43F0080118BF0B469908013BEE
:10308C0011740D2B0BD8DFE803F0110C070C0A168A
:10309C001111160A0C070C1153690233536110BC41
:1030AC0070475369013B10BC53617047536901333E
:1030BC0010BC536170475369023B10BC536170479D
:1030CC00C88900201D4BD3F8A820106891680068AF
:1030DC0010B40842137C546814BF0121002103F082
:1030EC000303D4F800C0D06843EA81031CEA000F44
:1030FC0043F0080118BF0B469908013B11740D2BC6
:10310C000BD8DFE803F0110C070C0A161111160A84
:10311C000C070C1153690233536110BC704753698F
:10312C00013B10BC536170475369013310BC5361B0
:10313C0070475369023B10BC53617047C88900202B
:10314C001D4BD3F8A42010689168006810B4084295
:10315C00137C546814BF0121002103F00303D4F83D
:10316C0000C0D06843EA81031CEA000F43F0080159
:10317C0018BF0B469908013B11740D2B0BD8DFE8D7
:10318C0003F0110C070C0A161111160A0C070C117E
:10319C0053690233536110BC70475369013B10BC37
:1031AC00536170475369013310BC536170475369C5
:1031BC00023B10BC53617047C88900201D4BD3F8EB
:1031CC00A02010689168006810B40842137C546801
:1031DC0014BF0121002103F00303D4F800C0D06810
:1031EC0043EA81031CEA000F43F0080118BF0B46A9
:1031FC009908013B11740D2B0BD8DFE803F0110C6F
:10320C00070C0A161111160A0C070C11536902331C
:10321C00536110BC70475369013B10BC536170473C
:10322C005369013310BC536170475369023B10BCA6
:10323C0053617047C88900201D4BD3F89C2010683F
:10324C009168006810B40842137C546814BF0121C3
:10325C00002103F00303D4F800C0D06843EA8103D3
:10326C001CEA000F43F0080118BF0B469908013BFC
:10327C0011740D2B0BD8DFE803F0110C070C0A1698
:10328C001111160A0C070C1153690233536110BC4F
:10329C0070475369013B10BC53617047536901334C
:1032AC0010BC536170475369023B10BC53617047AB
:1032BC00C88900201D4BD3F89820106891680068CD
:1032CC0010B40842137C546814BF0121002103F090
:1032DC000303D4F800C0D06843EA81031CEA000F52
:1032EC0043F0080118BF0B469908013B11740D2BD4
:1032FC000BD8DFE803F0110C070C0A161111160A93
:10330C000C070C1153690233536110BC704753699D
:10331C00013B10BC536170475369013310BC5361BE
:10332C0070475369023B10BC53617047C889002039
:10333C001D4BD3F8942010689168006810B40842B3
:10334C00137C546814BF0121002103F00303D4F84B
:10335C0000C0D06843EA81031CEA000F43F0080167
:10336C0018BF0B469908013B11740D2B0BD8DFE8E5
:10337C0003F0110C070C0A161111160A0C070C118C
:10338C0053690233536110BC70475369013B10BC45
:10339C00536170475369013310BC536170475369D3
:1033AC00023B10BC53617047C88900201D4BD3F8F9
:1033BC00902010689168006810B40842137C54681F
:1033CC0014BF0121002103F00303D4F800C0D0681E
:1033DC0043EA81031CEA000F43F0080118BF0B46B7
:1033EC009908013B11740D2B0BD8DFE803F0110C7D
:1033FC00070C0A161111160A0C070C11536902332B
:10340C00536110BC70475369013B10BC536170474A
:10341C005369013310BC536170475369023B10BCB4
:10342C0053617047C88900201D4BD3F88C2010685D
:10343C009168006810B40842137C546814BF0121D1
:10344C00002103F00303D4F800C0D06843EA8103E1
:10345C001CEA000F43F0080118BF0B469908013B0A
:10346C0011740D2B0BD8DFE803F0110C070C0A16A6
:10347C001111160A0C070C1153690233536110BC5D
:10348C0070475369013B10BC53617047536901335A
:10349C0010BC536170475369023B10BC53617047B9
:1034AC00C88900201D4BD3F88820106891680068EB
:1034BC0010B40842137C546814BF0121002103F09E
:1034CC000303D4F800C0D06843EA81031CEA000F60
:1034DC0043F0080118BF0B469908013B11740D2BE2
:1034EC000BD8DFE803F0110C070C0A161111160AA1
:1034FC000C070C1153690233536110BC70475369AC
:10350C00013B10BC536170475369013310BC5361CC
:10351C0070475369023B10BC53617047C889002047
:10352C001D4BD3F8842010689168006810B40842D1
:10353C00137C546814BF0121002103F00303D4F859
:10354C0000C0D06843EA81031CEA000F43F0080175
:10355C0018BF0B469908013B11740D2B0BD8DFE8F3
:10356C0003F0110C070C0A161111160A0C070C119A
:10357C0053690233536110BC70475369013B10BC53
:10358C00536170475369013310BC536170475369E1
:10359C00023B10BC53617047C88900201D4BD3F807
:1035AC00802010689168006810B40842137C54683D
:1035BC0014BF0121002103F00303D4F800C0D0682C
:1035CC0043EA81031CEA000F43F0080118BF0B46C5
:1035DC009908013B11740D2B0BD8DFE803F0110C8B
:1035EC00070C0A161111160A0C070C115369023339
:1035FC00536110BC70475369013B10BC5361704759
:10360C005369013310BC536170475369023B10BCC2
:10361C0053617047C88900201D4BDA6F10689168A0
:10362C00006810B40842137C546814BF01210021B7
:10363C0003F00303D4F800C0D06843EA81031CEA0A
:10364C00000F43F0080118BF0B469908013B117499
:10365C000D2B0BD8DFE803F0110C070C0A16111117
:10366C00160A0C070C1153690233536110BC7047D6
:10367C005369013B10BC536170475369013310BC53
:10368C00536170475369023B10BC5361704700BFD4
:10369C00C88900201D4B9A6F10689168006810B49F
:1036AC000842137C546814BF0121002103F003036A
:1036BC00D4F800C0D06843EA81031CEA000F43F041
:1036CC00080118BF0B469908013B11740D2B0BD840
:1036DC00DFE803F0110C070C0A161111160A0C077F
:1036EC000C1153690233536110BC70475369013B91
:1036FC0010BC536170475369013310BC5361704760
:10370C005369023B10BC5361704700BFC88900204D
:10371C001D4B5A6F10689168006810B40842137CF6
:10372C00546814BF0121002103F00303D4F800C036
:10373C00D06843EA81031CEA000F43F0080118BF6C
:10374C000B469908013B11740D2B0BD8DFE803F0E5
:10375C00110C070C0A161111160A0C070C115369DF
:10376C000233536110BC70475369013B10BC536169
:10377C0070475369013310BC536170475369023B66
:10378C0010BC5361704700BFC88900201D4B1A6FD5
:10379C0010689168006810B40842137C546814BF18
:1037AC000121002103F00303D4F800C0D06843EAE0
:1037BC0081031CEA000F43F0080118BF0B4699085F
:1037CC00013B11740D2B0BD8DFE803F0110C070C27
:1037DC000A161111160A0C070C11536902335361A6
:1037EC0010BC70475369013B10BC5361704753695F
:1037FC00013310BC536170475369023B10BC5361D9
:10380C00704700BFC88900201D4BDA6E10689168A4
:10381C00006810B40842137C546814BF01210021C5
:10382C0003F00303D4F800C0D06843EA81031CEA18
:10383C00000F43F0080118BF0B469908013B1174A7
:10384C000D2B0BD8DFE803F0110C070C0A16111125
:10385C00160A0C070C1153690233536110BC7047E4
:10386C005369013B10BC536170475369013310BC61
:10387C00536170475369023B10BC5361704700BFE2
:10388C00C88900201D4B9A6E10689168006810B4AE
:10389C000842137C546814BF0121002103F0030378
:1038AC00D4F800C0D06843EA81031CEA000F43F04F
:1038BC00080118BF0B469908013B11740D2B0BD84E
:1038CC00DFE803F0110C070C0A161111160A0C078D
:1038DC000C1153690233536110BC70475369013B9F
:1038EC0010BC536170475369013310BC536170476E
:1038FC005369023B10BC5361704700BFC88900205C
:10390C001D4B5A6E10689168006810B40842137C05
:10391C00546814BF0121002103F00303D4F800C044
:10392C00D06843EA81031CEA000F43F0080118BF7A
:10393C000B469908013B11740D2B0BD8DFE803F0F3
:10394C00110C070C0A161111160A0C070C115369ED
:10395C000233536110BC70475369013B10BC536177
:10396C0070475369013310BC536170475369023B74
:10397C0010BC5361704700BFC88900201D4B1A6EE4
:10398C0010689168006810B40842137C546814BF26
:10399C000121002103F00303D4F800C0D06843EAEE
:1039AC0081031CEA000F43F0080118BF0B4699086D
:1039BC00013B11740D2B0BD8DFE803F0110C070C35
:1039CC000A161111160A0C070C11536902335361B4
:1039DC0010BC70475369013B10BC5361704753696D
:1039EC00013310BC536170475369023B10BC5361E7
:1039FC00704700BFC88900201D4BDA6D10689168B4
:103A0C00006810B40842137C546814BF01210021D3
:103A1C0003F00303D4F800C0D06843EA81031CEA26
:103A2C00000F43F0080118BF0B469908013B1174B5
:103A3C000D2B0BD8DFE803F0110C070C0A16111133
:103A4C00160A0C070C1153690233536110BC7047F2
:103A5C005369013B10BC536170475369013310BC6F
:103A6C00536170475369023B10BC5361704700BFF0
:103A7C00C88900201D4B9A6D10689168006810B4BD
:103A8C000842137C546814BF0121002103F0030386
:103A9C00D4F800C0D06843EA81031CEA000F43F05D
:103AAC00080118BF0B469908013B11740D2B0BD85C
:103ABC00DFE803F0110C070C0A161111160A0C079B
:103ACC000C1153690233536110BC70475369013BAD
:103ADC0010BC536170475369013310BC536170477C
:103AEC005369023B10BC5361704700BFC88900206A
:103AFC001D4B5A6D10689168006810B40842137C15
:103B0C00546814BF0121002103F00303D4F800C052
:103B1C00D06843EA81031CEA000F43F0080118BF88
:103B2C000B469908013B11740D2B0BD8DFE803F001
:103B3C00110C070C0A161111160A0C070C115369FB
:103B4C000233536110BC70475369013B10BC536185
:103B5C0070475369013310BC536170475369023B82
:103B6C0010BC5361704700BFC88900201D4B1A6DF3
:103B7C0010689168006810B40842137C546814BF34
:103B8C000121002103F00303D4F800C0D06843EAFC
:103B9C0081031CEA000F43F0080118BF0B4699087B
:103BAC00013B11740D2B0BD8DFE803F0110C070C43
:103BBC000A161111160A0C070C11536902335361C2
:103BCC0010BC70475369013B10BC5361704753697B
:103BDC00013310BC536170475369023B10BC5361F5
:103BEC00704700BFC88900201D4BDA6C10689168C3
:103BFC00006810B40842137C546814BF01210021E2
:103C0C0003F00303D4F800C0D06843EA81031CEA34
:103C1C00000F43F0080118BF0B469908013B1174C3
:103C2C000D2B0BD8DFE803F0110C070C0A16111141
:103C3C00160A0C070C1153690233536110BC704700
:103C4C005369013B10BC536170475369013310BC7D
:103C5C00536170475369023B10BC5361704700BFFE
:103C6C00C88900201D4B9A6C10689168006810B4CC
:103C7C000842137C546814BF0121002103F0030394
:103C8C00D4F800C0D06843EA81031CEA000F43F06B
:103C9C00080118BF0B469908013B11740D2B0BD86A
:103CAC00DFE803F0110C070C0A161111160A0C07A9
:103CBC000C1153690233536110BC70475369013BBB
:103CCC0010BC536170475369013310BC536170478A
:103CDC005369023B10BC5361704700BFC889002078
:103CEC001D4B5A6C10689168006810B40842137C24
:103CFC00546814BF0121002103F00303D4F800C061
:103D0C00D06843EA81031CEA000F43F0080118BF96
:103D1C000B469908013B11740D2B0BD8DFE803F00F
:103D2C00110C070C0A161111160A0C070C11536909
:103D3C000233536110BC70475369013B10BC536193
:103D4C0070475369013310BC536170475369023B90
:103D5C0010BC5361704700BFC88900201D4B1A6C02
:103D6C0010689168006810B40842137C546814BF42
:103D7C000121002103F00303D4F800C0D06843EA0A
:103D8C0081031CEA000F43F0080118BF0B46990889
:103D9C00013B11740D2B0BD8DFE803F0110C070C51
:103DAC000A161111160A0C070C11536902335361D0
:103DBC0010BC70475369013B10BC53617047536989
:103DCC00013310BC536170475369023B10BC536103
:103DDC00704700BFC88900201D4BDA6B10689168D2
:103DEC00006810B40842137C546814BF01210021F0
:103DFC0003F00303D4F800C0D06843EA81031CEA43
:103E0C00000F43F0080118BF0B469908013B1174D1
:103E1C000D2B0BD8DFE803F0110C070C0A1611114F
:103E2C00160A0C070C1153690233536110BC70470E
:103E3C005369013B10BC536170475369013310BC8B
:103E4C00536170475369023B10BC5361704700BF0C
:103E5C00C88900201D4B9A6B10689168006810B4DB
:103E6C000842137C546814BF0121002103F00303A2
:103E7C00D4F800C0D06843EA81031CEA000F43F079
:103E8C00080118BF0B469908013B11740D2B0BD878
:103E9C00DFE803F0110C070C0A161111160A0C07B7
:103EAC000C1153690233536110BC70475369013BC9
:103EBC0010BC536170475369013310BC5361704798
:103ECC005369023B10BC5361704700BFC889002086
:103EDC001D4B5A6B10689168006810B40842137C33
:103EEC00546814BF0121002103F00303D4F800C06F
:103EFC00D06843EA81031CEA000F43F0080118BFA5
:103F0C000B469908013B11740D2B0BD8DFE803F01D
:103F1C00110C070C0A161111160A0C070C11536917
:103F2C000233536110BC70475369013B10BC5361A1
:103F3C0070475369013310BC536170475369023B9E
:103F4C0010BC5361704700BFC88900201D4B1A6B11
:103F5C0010689168006810B40842137C546814BF50
:103F6C000121002103F00303D4F800C0D06843EA18
:103F7C0081031CEA000F43F0080118BF0B46990897
:103F8C00013B11740D2B0BD8DFE803F0110C070C5F
:103F9C000A161111160A0C070C11536902335361DE
:103FAC0010BC70475369013B10BC53617047536997
:103FBC00013310BC536170475369023B10BC536111
:103FCC00704700BFC88900201D4BDA6A10689168E1
:103FDC00006810B40842137C546814BF01210021FE
:103FEC0003F00303D4F800C0D06843EA81031CEA51
:103FFC00000F43F0080118BF0B469908013B1174E0
:10400C000D2B0BD8DFE803F0110C070C0A1611115D
:10401C00160A0C070C1153690233536110BC70471C
:10402C005369013B10BC536170475369013310BC99
:10403C00536170475369023B10BC5361704700BF1A
:10404C00C88900201D4B9A6A10689168006810B4EA
:10405C000842137C546814BF0121002103F00303B0
:10406C00D4F800C0D06843EA81031CEA000F43F087
:10407C00080118BF0B469908013B11740D2B0BD886
:10408C00DFE803F0110C070C0A161111160A0C07C5
:10409C000C1153690233536110BC70475369013BD7
:1040AC0010BC536170475369013310BC53617047A6
:1040BC005369023B10BC5361704700BFC889002094
:1040CC001D4B5A6A10689168006810B40842137C42
:1040DC00546814BF0121002103F00303D4F800C07D
:1040EC00D06843EA81031CEA000F43F0080118BFB3
:1040FC000B469908013B11740D2B0BD8DFE803F02C
:10410C00110C070C0A161111160A0C070C11536925
:10411C000233536110BC70475369013B10BC5361AF
:10412C0070475369013310BC536170475369023BAC
:10413C0010BC5361704700BFC88900201D4B1A6A20
:10414C0010689168006810B40842137C546814BF5E
:10415C000121002103F00303D4F800C0D06843EA26
:10416C0081031CEA000F43F0080118BF0B469908A5
:10417C00013B11740D2B0BD8DFE803F0110C070C6D
:10418C000A161111160A0C070C11536902335361EC
:10419C0010BC70475369013B10BC536170475369A5
:1041AC00013310BC536170475369023B10BC53611F
:1041BC00704700BFC88900201D4BDA6910689168F0
:1041CC00006810B40842137C546814BF012100210C
:1041DC0003F00303D4F800C0D06843EA81031CEA5F
:1041EC00000F43F0080118BF0B469908013B1174EE
:1041FC000D2B0BD8DFE803F0110C070C0A1611116C
:10420C00160A0C070C1153690233536110BC70472A
:10421C005369013B10BC536170475369013310BCA7
:10422C00536170475369023B10BC5361704700BF28
:10423C00C88900201D4B9A6910689168006810B4F9
:10424C000842137C546814BF0121002103F00303BE
:10425C00D4F800C0D06843EA81031CEA000F43F095
:10426C00080118BF0B469908013B11740D2B0BD894
:10427C00DFE803F0110C070C0A161111160A0C07D3
:10428C000C1153690233536110BC70475369013BE5
:10429C0010BC536170475369013310BC53617047B4
:1042AC005369023B10BC5361704700BFC8890020A2
:1042BC001D4B5A6910689168006810B40842137C51
:1042CC00546814BF0121002103F00303D4F800C08B
:1042DC00D06843EA81031CEA000F43F0080118BFC1
:1042EC000B469908013B11740D2B0BD8DFE803F03A
:1042FC00110C070C0A161111160A0C070C11536934
:10430C000233536110BC70475369013B10BC5361BD
:10431C0070475369013310BC536170475369023BBA
:10432C0010BC5361704700BFC88900201D4B1A692F
:10433C0010689168006810B40842137C546814BF6C
:10434C000121002103F00303D4F800C0D06843EA34
:10435C0081031CEA000F43F0080118BF0B469908B3
:10436C00013B11740D2B0BD8DFE803F0110C070C7B
:10437C000A161111160A0C070C11536902335361FA
:10438C0010BC70475369013B10BC536170475369B3
:10439C00013310BC536170475369023B10BC53612D
:1043AC00704700BFC88900201D4BDA6810689168FF
:1043BC00006810B40842137C546814BF012100211A
:1043CC0003F00303D4F800C0D06843EA81031CEA6D
:1043DC00000F43F0080118BF0B469908013B1174FC
:1043EC000D2B0BD8DFE803F0110C070C0A1611117A
:1043FC00160A0C070C1153690233536110BC704739
:10440C005369013B10BC536170475369013310BCB5
:10441C00536170475369023B10BC5361704700BF36
:10442C00C88900201D4B9A6810689168006810B408
:10443C000842137C546814BF0121002103F00303CC
:10444C00D4F800C0D06843EA81031CEA000F43F0A3
:10445C00080118BF0B469908013B11740D2B0BD8A2
:10446C00DFE803F0110C070C0A161111160A0C07E1
:10447C000C1153690233536110BC70475369013BF3
:10448C0010BC536170475369013310BC53617047C2
:10449C005369023B10BC5361704700BFC8890020B0
:1044AC001D4B5A6810689168006810B40842137C60
:1044BC00546814BF0121002103F00303D4F800C099
:1044CC00D06843EA81031CEA000F43F0080118BFCF
:1044DC000B469908013B11740D2B0BD8DFE803F048
:1044EC00110C070C0A161111160A0C070C11536942
:1044FC000233536110BC70475369013B10BC5361CC
:10450C0070475369013310BC536170475369023BC8
:10451C0010BC5361704700BFC88900201D4B1A683E
:10452C0010689168006810B40842137C546814BF7A
:10453C000121002103F00303D4F800C0D06843EA42
:10454C0081031CEA000F43F0080118BF0B469908C1
:10455C00013B11740D2B0BD8DFE803F0110C070C89
:10456C000A161111160A0C070C1153690233536108
:10457C0010BC70475369013B10BC536170475369C1
:10458C00013310BC536170475369023B10BC53613B
:10459C00704700BFC88900204B490122F8B54B4C2D
:1045AC000B782254002B67D149490A78002A71D123
:1045BC00484B1E68002E3AD0B379002B37D0464BAF
:1045CC00F17A1B681F4691B333460AE0BCF1020F27
:1045DC002ED193F80DC0844561D001321A338A4232
:1045EC0025D093F80CC0D5B2BCF1010FEED193F8E5
:1045FC000DC08445F1D11A2303FB0263D97B012939
:10460C0002D0022905D091B92846BDE8F840FEF742
:10461C001FBA32498B5C83F001038B54002B4CD1B5
:10462C002F4CFF212F48304A237003701170F8BDB6
:10463C00BCF1030FD1D193F80DC0844507D093F88A
:10464C000EE08645C9D114F80C30002BEFD01A239C
:10465C0003FB0263997B615C0029E8D0D97B0129BB
:10466C00D2D00229CFD11D498B5C83F001038B542E
:10467C00002BD5D00121C7E700231C4C0A220B705C
:10468C00207001461A4810F0B5FB1948BDE8F840F7
:10469C0010F088BB154A0B7010700A22F1E7154B0D
:1046AC0053F8201043F820707B1A312BBFD91A21F4
:1046BC0001FB0262128A9A42B9D328460021BDE856
:1046CC00F840FEF7C5B900BF33930020688800207E
:1046DC002D93002068890020009200207C86002009
:1046EC00439300203E930020223100203A93002077
:1046FC00F0290020C481002008B5394B02689A4289
:10470C0067D10379012B64D1431D00F13F0C0022CA
:10471C0013F8011F9C4582EA0102F9D143799342B7
:10472C0057D18379012B54D8C279131FDBB2E32BF9
:10473C0054D9002A52D002F11003DBB2042B48D812
:10474C00B2FA82F2520900EB420101320B8A03F5F4
:10475C00FA739BB2B3F57A7F3BD8CB8B03F5FA7324
:10476C009BB2B3F57A7F34D8072AECD1828D40F610
:10477C00B8339A422DD8C28D9A422AD883689FEDBD
:10478C00197A07EE903AF4EEC77AF1EE10FA20D4CB
:10479C00B2EE0E7AF4EEC77AF1EE10FA19DCC368B9
:1047AC0042F21C52A3F5FA73934212D8036BB7EE84
:1047BC00007A07EE903AF4EEC77AF1EE10FA08D4CC
:1047CC009FED097AF4EEC77AF1EE10FA01DC0120C4
:1047DC0008BD064810F0E6FA002008BD0022B2E73A
:1047EC0031534941CDCCCC3D00000044F029002090
:1047FC004A4B02689A4210B57ED10379042B7BD1C7
:10480C00431D00F13F0C002413F8012F634584EA8B
:10481C000204F9D14179A14274D1D0ED027AF5EEBE
:10482C00C07AF1EE10FA67D4B7EE007AF4EEC77ADC
:10483C00F1EE10FA60DCD0ED037AF5EEC07AF1EE11
:10484C0010FA59D4F3EE046AF4EEE67AF1EE10FAAB
:10485C0052DCD0ED047ADFED326AF4EEE67AF1EE5A
:10486C0010FA49D4B1EE046AF4EEC67AF1EE10FAFD
:10487C0042DCD0ED057AF4EEE67AF1EE10FA3BD498
:10488C00F4EEC77AF1EE10FA36DCB6EE007AD0ED23
:10489C00067AF4EEC77AF1EE10FA2DD4B0EE087A5F
:1048AC00F4EEC77AF1EE10FA26DC00F11B0300F1EE
:1048BC001F0413F8011F0A1FD2B2002918BFE32AE4
:1048CC0094BF0122002217D89C42F2D190F82C30D0
:1048DC00012B11D800F12F0301E0634510D013F820
:1048EC00011F081F01F11004C0B2E4B2E328F4D98F
:1048FC000029F2D0062CF0D90A4810F053FA002205
:10490C00104610BD00231022064810F073FA002345
:10491C0010222146034810F06DFAEDE7314D494164
:10492C00CDCCCC3DF0290020504B10B502689A42FA
:10493C0040F096800379022B40F09280431D00F1E9
:10494C003F01002413F8012F994284EA0204F9D1A3
:10495C004179A14279D1002200EB420101324B8A0C
:10496C0003F5FA739BB2B3F57A7F79D80B8C03F508
:10497C00FA739BB2B3F57A7F72D8072AECD1428EC8
:10498C0040F6B8339A426BD8828E9A4268D8D0F8E7
:10499C0006309FED377A07EE903AF4EEC77AF1EED7
:1049AC0010FA5DD4F2EE0E6AF4EEE67AF1EE10FA3D
:1049BC0056DCD0F82E3007EE903AF5EEC07AF1EED8
:1049CC0010FA4DD4F3EE046AF4EEE67AF1EE10FA36
:1049DC0046DCD0F80A3007EE903AF4EEC77AF1EEE6
:1049EC0010FA3DD4B2EE0E7AF4EEC77AF1EE10FA6C
:1049FC0036DC90F83630053B5A2B31D8D0F80E30D7
:104A0C0042F21C52A3F5FA73934229D890F837302E
:104A1C00092B25D890F83830092B21D890F839304B
:104A2C001F2B1DD8C36BB7EE007A07EE903AF4EE4D
:104A3C00C77AF1EE10FA13D49FED0E7AF4EEC77A22
:104A4C00F1EE10FA0CDC012010BD002310220A48F4
:104A5C0010F0D0F9002310222146074810F0CAF9B3
:104A6C00054810F09FF9002010BD00BF314D49439F
:104A7C00CDCCCC3D00000044F0290020704700BF95
:104A8C0010B5002304460E4A0321A382226023633F
:104A9C000C48C4E90133C4E90333C4E90633C4E95F
:104AAC000833C4E90A330DF087FC042106480DF0E5
:104ABC009BFC012105480DF0B1FC204610BD00BF48
:104ACC006C1A0020E0420020E04100208C8900207C
:104ADC002DE9F047002406464FF0FF0A2030FB4D2D
:104AEC004FF4407834704FF4687774703562B4705A
:104AFC00C6F86403F470C6F8800386F804A0B47397
:104B0C007462B46286F805A00AF094F806F5806029
:104B1C00C6F8005406F58055C6F84407C6F8600779
:104B2C00C6F80444C6F808440AF084F8DFF8A493E5
:104B3C0006F5FC6006F61873C6F8E097C6F8680B25
:104B4C00A6F8588BC6F8183FC6F8E447C6F8E847ED
:104B5C00C6F8384BC6F83C4BC6F8404BC6F8444B2D
:104B6C00C6F8484BC6F84C4BC6F8504BC6F8544BDD
:104B7C0086F85A4B86F81E4FA6F81C7F09F0F0F900
:104B8C0041F2586306F57260C6F8209FF318C6F818
:104B9C00244FC6F8284FC5F85836A5F8988285F8E2
:104BAC009A42A5F85C7685F85E46C5F8A802C5E978
:104BBC009E44C5E9A044C5E9A244C5E9A44409F052
:104BCC00CFF941F6985306F5B350C5F86446F3187F
:104BDC00C5F86846C5F86096C5F8B849C5F8BC492B
:104BEC00C5F8C049C5F8C449C5F8C849C5F8CC4989
:104BFC00C5F8D049C5F8D449A5F8D88985F8DA495B
:104C0C00A5F89C7D85F89E4DC5F8983DC5F8E8093A
:104C1C0009F0A6F942F2D84205F58053C5F8A44D27
:104C2C00C5F8A84DB218C5F8A09D06F5ED5006F5CF
:104C3C000055C3E93E44C3E94044C3E94244C3E9D7
:104C4C004444A5F8188183F81A41C5F82801C3F823
:104C5C00D824A3F8DC7483F8DE4409F081F942F21D
:104C6C00E04042F61843A5F858883018DFF86882FF
:104C7C00F318C5F8E094A5F81C7C08F15809C5F8A0
:104C8C00183CC5F8E444C5F8E844C5F83848C5F8FC
:104C9C003C48C5F84048C5F84448C5F84848C5F8EC
:104CAC004C48C5F85048C5F8544885F85A4885F81A
:104CBC001E4CC5F8680809F053F942F6204085F8F7
:104CCC00A24C3018C5F8244CC5F8284CC5F8304C0B
:104CDC0085F8344CC5F8384CC5F83C4CC5F8208CDC
:104CEC00C5F8484CC5F84C4C85F87E4C85F8804C82
:104CFC00C5F88C4CC5F8904CC5F8944CC5F8984C3C
:104D0C00C5F89C4CA5F8A04CA5F8A4ACC5F8B04CC3
:104D1C00C5F8B44CC5F8B84CC5F8BC4C85F8AF4CCC
:104D2C0085F8A34CC5F82C9C0CF0ACFFC5F8C08CD6
:104D3C00DFF8A88106F5335085F8424DC5F8CC9CB8
:104D4C0008F14C09C5F8C44CC5F8C84CC5F8D04C92
:104D5C0085F8D44CC5F8D84CC5F8DC4CC5F8E84CF3
:104D6C00C5F8EC4C85F81E4D85F8204DC5F82C4D3A
:104D7C00C5F8304DC5F8344DC5F8384DC5F83C4D27
:104D8C00A5F8404D85F8434DA5F844AD85F84F4D39
:104D9C00C5F8504DC5F8544DC5F8584DC5F85C4D87
:104DAC000CF070FF42F6605085F8854D3018C5F850
:104DBC00644DC5F8684DC5F8704D85F8744DC5F84F
:104DCC00784DC5F87C4DC5F8608DC5F8804D85F8DB
:104DDC00844D85F8864D85F8874DC5F8884DC5F806
:104DEC008C4DC5F8904DC5F8944DC5F86C9D0DF0E3
:104DFC001FFD42F6985085F8BD4D3018C5F8988DBA
:104E0C00C5F89C4DC5F8A04DC5F8A84D85F8AC4D1E
:104E1C00C5F8B04DC5F8B44DC5F8A49DC5F8B84D4E
:104E2C0085F8BC4D85F8BE4D85F8BF4DC5F8C04D15
:104E3C00C5F8C44DC5F8C84DC5F8CC4D0DF0F8FCFF
:104E4C00234B2146C5F8E44D03F16C02C5F8E03D57
:104E5C009833C5F8E84DC5F8F04D05F62860C5F84F
:104E6C00F83D40F20113C5F8F44DA5F8183E0123A6
:104E7C00C5F8FC4D85F8004EC5F8044EC5F8084E33
:104E8C0085F80C4EC5F8104EC5F8144EC5F81C4EDE
:104E9C00A5F8204E85F8224EC5F8244EC5F8EC2D09
:104EAC004FF4807285F81A3E14F082F905F55E63B2
:104EBC0000200021C3E95201C3E95401002140F252
:104ECC00FF30C3E95601C5F8404F09E0481C0020EB
:104EDC00B01A0020A8180020841B0020E419002020
:104EEC00C5F8444FC5F8484FC5F84C4F10F03CFB83
:104EFC0085F8544FC5F8500F06F5405542F6E05072
:104F0C0085F875423018C5F876420AF07FFD43F2F9
:104F1C0020303018FFF7B4FD85F894433046C6F8BE
:104F2C000640C6F80A40BDE8F08700BF00B583B064
:104F3C00019007F0ADFB0198064A00F50050064BB6
:104F4C00C0F8482CC0F8E82CC0F84C3CC0F8EC3C3D
:104F5C0003B000BD350100005101000010B504463E
:104F6C0082B0019108F06EFB04F500530199D3F85F
:104F7C00682DBAB3012204F5405080F8942393F8BD
:104F8C00852D5ABB93F8BD3D03F0FF000BB902B061
:104F9C0010BD42F69850201890F827206FF07E0430
:104FAC000A70826A7F2AA8BF7F22A242B8BF22461B
:104FBC004A80D0E90B237F2AA8BF7F227F2BA8BF72
:104FCC007F23A242B8BF2246A342B8BF23468A80A1
:104FDC008B710DF039FC012002B010BD42F660500F
:104FEC002018D9E7D3F8A02D003A18BF0122C2E748
:104FFC00704700BF00F5405090F89403704700BF15
:10500C002DE9F04F044689B00D4608F01BFB04F562
:10501C00005E9EF8223ECBB904F5405C9CF834034C
:10502C0010B909B0BDE8F08F0CF54E7403F0FF0613
:10503C00AE460FCCAEE80F0094E807008EE80700F0
:10504C008CF83463012009B0BDE8F08F42F624637C
:10505C0042F64C6CDEF8241E2A46E318A44442F8AF
:10506C00021B53F8040F9C4522F8020FF9D19EF84D
:10507C000C3E033B012B0CD9B5F916309AB2092A18
:10508C0028BFFF232B7642F6E05020180BF014F8C3
:10509C00D8E7B5F9043040F2FF3EB5F9080001F449
:1050AC008079A3F500460023A0F50040B5F9062051
:1050BC009C46069301F4806A60F30F0C47F6FF7070
:1050CC00CDE90433821A66F30F0362F31F43B5F97B
:1050DC000E20801A6A89724560F31F4CC1F3C02000
:1050EC0028BF72464FEA8218AA89724528BF7246B9
:1050FC004E05C1F3002E4FEA821218D4BEF1000FF8
:10510C001BD0EE468DF81800ADF80C80ADF80E20D3
:10511C00CDE9013C21F47063AC460093BEE80F006E
:10512C00ACE80F009EE807008CE80700ABE7BEF187
:10513C00000F02D008B10120E3E701F400764F46DE
:10514C00B3462FB920B14E450CBF02200320D8E73F
:10515C004FEA5B27BBF1000F00D0C0B911F4406FD0
:10516C0000D1B7B94FEA9A2017B108B10520C8E7AA
:10517C00BBF1000F14BF002600F0010616B1B9F107
:10518C00000F08D00EEA000ECEF10800B9E703209C
:10519C00B7E70420B5E70620B3E700BF00F50053DE
:1051AC00D3F8F43D0BB10120704700F5405090F856
:1051BC003503704700F50050D0F8283C0BB10120A6
:1051CC007047D0F8C80CC01A18BF0120704700BF38
:1051DC000138022808B505D808480FF0E3FD074848
:1051EC000FF0E0FD05480FF0DDFD642010F066F9CE
:1051FC000248BDE808400FF0D5BD00BFF0290020E3
:10520C00FFEE007A70B5B4EEE70A86B0F1EE10FA54
:10521C0000F1C180F7EE007A9FED707AB4EEE70AE8
:10522C00F1EE10FA77FE807A67EE877AFDEEE77A78
:10523C0017EE90CAFFEE007A5FFA8CF1CCF3072CD4
:10524C00F4EEE70AF1EE10FA00F1B080F7EE007A16
:10525C009FED627AF4EEE70AF1EE10FA77FEA07A8F
:10526C0067EE877AFDEEE77A17EE904AFFEE007A4A
:10527C005FFA84FEB4EEE71A240AF1EE10FA00F19C
:10528C00A080F7EE007A9FED557AB4EEE71AF1EEB6
:10529C0010FA77FE817A67EE877AFDEEE77A17EEE1
:1052AC00902AFFEE007A160AF4EEE71AF1EE10FAE5
:1052BC0000F19180F7EE007A9FED487AF4EEE71A50
:1052CC00F1EE10FA77FEA17A67EE877AFDEEE77AB7
:1052DC0017EE903AC3F307258DF80A20020A8DF8D1
:1052EC000C30030A02F002028DF80B6003F081030C
:1052FC0006011343020A06F0100602F004021A43D8
:10530C00002301930493059365F307038DF8114073
:10531C00440A61F30F23C1086CF317434FEA102CB6
:10532C006EF31F630CF0080CCDF80D30C0F30013B6
:10533C00334343EAC11142EA0C0304F01002C409DE
:10534C00134304F02004020A2343040102F0400238
:10535C0004F020041343020902F002028DF8063017
:10536C0041EA02030101C0F38012C0F3C0102343D1
:10537C0001F04001404252420B4314218DF80900C8
:10538C0001A88DF808208DF807308DF8051011F064
:10539C0081FB06B070BDFFEE007A4FF0800C01214E
:1053AC00F4EEE70AF1EE10FA7FF550AFFFEE007A5B
:1053BC0080244FF0010EB4EEE71AF1EE10FA7FF5EF
:1053CC0060AFFFEE007A80260122F4EEE71AF1EED0
:1053DC0010FA7FF56FAF802501237DE700FEFF46B5
:1053EC000B4611460022D3F800C003601846DCF8C7
:1053FC001C3018470268002A31D0DFF864C070B541
:10540C00037A82B0DCF800408B4226461FD00D4652
:10541C001168044610468A689047032815DDFD2262
:10542C0020688DF805508DF804200A228DF807208D
:10543C00EA438DF806200268536804220DEB020142
:10544C00984701222572E660227402B070BD037C7D
:10545C00002BDCD0C368E31A312BF6D9D7E77047A1
:10546C000092002008B52DED028B9FED1D8A1D4981
:10547C0001200FF085FD07EE900AF8EEE77AC7EEF3
:10548C00888AF5EE408AF1EE10FAF0D0154900202A
:10549C000FF076FD07EE900AB0EE680AF8EEE77AA8
:1054AC00C7EE888A12F094F8F8EE007A20EE270AFC
:1054BC00B5EE400AF1EE10FA0CD4B1EEC08A9FEDB5
:1054CC000A0A28EE800A12F07BFA20EE080ABDECDC
:1054DC00028B08BD12F054F8B0EE408AEFE700BF23
:1054EC000024744941420F00DB0FC94000B507EEA0
:1054FC00902ADFF8A8E290F824209C4606EE101AB9
:10550C00DEF800302DED028B87B0002A00F0B5805C
:10551C00816A591A07EE101AB8EE477AB5EEC07ABE
:10552C00F1EE10FA07DDDFED976AB4EEE67AF1EEF4
:10553C0010FA00F1FF8090F88E10B8EEC66A09B12F
:10554C00B1EE466A90F88F10F8EEE77A09B1F1EEF9
:10555C00677A002A60D0B5EEC07AF1EE10FA5BDD06
:10556C00F7EE005AD0ED0C6AF4EEE56AF1EE10FAA3
:10557C0040F3F280B0EE085AF3EE0E5A66EE856AEE
:10558C00F4EEE56AF1EE10FA00F1EA80DFED7E5AF6
:10559C00F4EEE56AF1EE10FACCBF01220022DFED49
:1055AC007A5A002A46FEA56AFCEEE66AF8EE666AAE
:1055BC00B4EEE67AF1EE10FA2ED890ED155AD0ED45
:1055CC00165A90F8522036EE455A77EEE55A012AD3
:1055DC00C5EE076A85EE875A40F2C880D0ED174AAF
:1055EC00022AD0ED185AC0ED196AC0ED176A75EE93
:1055FC00655A80ED1A5A76EEE46A80ED185A86EEFA
:10560C00875AC5EE876A80ED1B5AC0ED1C6A0DD116
:10561C00013280F8522009E0002201210266C265A5
:10562C000267C2668266426680F85210012190F8C9
:10563C00A22080ED156AC0ED167A436780ED076AEB
:10564C00C0ED087A80F824108362A0F82CC012B147
:10565C0090F8A33023BB4FF07E53C0F8B830C0F89D
:10566C00B430C0F8B03003791BB190F87830052B0A
:10567C0006D007B0BDEC028B00BD9FED447A5AE713
:10568C00D0ED106A90ED117A76EE866A77EE277A75
:10569C00C0ED106AC0ED117A07B0BDEC028B00BDF5
:1056AC00CDED057A07EE903ADFED396AB8EE677A00
:1056BC008DED046A019087EE268AFFF7D3FEDFEDAD
:1056CC00336A0198CDED026AB7EE007AF0EE475AD4
:1056DC008DED037AE8EE005AF4EEE56AF1EE10FA7D
:1056EC0076FEA55AC0ED2C5AFFF7BCFEDDED035A31
:1056FC00DDED026AE8EE005A0198F4EEE56AF1EE8F
:10570C0010FA76FEA55AC0ED2D5AFFF7ABFE9DEDB3
:10571C00037A0198A8EE007ADDED026A9DED046A29
:10572C00DDED057AB5EEC07AF1EE10FA1BD480ED02
:10573C002E7A98E7F7EE005AD0ED0C6AF4EEE56A93
:10574C00F1EE10FA1BD937EE665ADFED125AE5EE80
:10575C00256AC0ED0C6AEEE60022DFED0F6A1EE74B
:10576C00F0EE656A24E7C0ED2E6A7CE7C0ED196A9D
:10577C00C0ED176A80ED1A5A80ED185A48E780ED93
:10578C000C7AD8E60000FA43000048430000000001
:10579C000000C842CDCC4C3E0000164300920020C5
:1057AC0070B50446006818B3002604F117050CE028
:1057BC00A27E531C2244DBB2082BA376507403D96F
:1057CC00637E66830A2B14D0206803681B69984794
:1057DC0070B1206803685B699847E37EC0B2002B08
:1057EC00E6D1FE28F0D140F2011360746383EBE73D
:1057FC0070BD04F11103002213F8011FAB4282EAC1
:10580C000102F9D1237E9342DED1E38AC82BDBD887
:10581C00B4F914202046B4F91210FFF767FED3E751
:10582C00B0F8A03003B9704792ED007A07EE903AC9
:10583C0091ED006AF8EE677ADFED135A27EE077ADE
:10584C0090ED2E5A67EE807AA6EE067AC7EEA56A20
:10585C00F1EEC75A66EE857AF4EEE57AF1EE10FABF
:10586C00E1D5F5EEC05AF1EE10FADCDD87EEA57A43
:10587C0026EE076A81ED006AD2ED007A67EE877A30
:10588C00C2ED007A704700BF00007A44B5EEC00A42
:10589C00F1EE10FA3DD9838D4FF6FF72934239D059
:1058AC00204907EE903A826AB2EE047A0B68F8EE61
:1058BC00676A9B1A07EE903AF8EE677A77EEA67A4B
:1058CC00F4EEC77AF1EE10FA28D49FED177AF4EEC5
:1058DC00C77AF1EE10FACCBF012300239FED127AA8
:1058EC00002B47FE877A80EE276AD0ED2A6A90ED6E
:1058FC002B7AF7EE007AB4EEE76AF1EE10FA77FE47
:10590C00867AE6EEE76AA7EE677AC0ED2A6A80ED42
:10591C002B7A70470023DFED057ADFE7F0EE477A4C
:10592C00E1E700BF009200200000C8430000704275
:10593C00B5EEC00A002370B5F1EE10FA0C46154610
:10594C002DED028BB0EE408A86B00B80138019D9F6
:10595C00F3EE045A90ED126AB7EE007AD0ED137A9A
:10596C00C6EE006A0023836480EE256A76EEE76A51
:10597C00B4EEC76AF1EE10FA37FE067AE7EE267A35
:10598C00C0ED137AB0EE480AFFF780FF0379002BC5
:10599C0049D00368002B46D090F82430002B42D01D
:1059AC0090F87930A3BB90F8BC30002B40F0888085
:1059BC00674A0123116880F8BC30C0F8C010136826
:1059CC005B1A002B6FDBF7EE006A90ED0C7A136814
:1059DC00816AB4EEE67A5B1AF1EE10FA07EE903AB1
:1059EC00F8EE677A70DDB4EEE77AF1EE10FA80F239
:1059FC009280F0EE086AB3EE0E6A67EE266AF4EE59
:105A0C00C66AF1EE10FA40F1B482F0EE466A6EE02E
:105A1C00012B00F09382022B03D0032B03D183794B
:105A2C008BB9C3797BB900230022C0F8AC30C0F825
:105A3C00A830436403648363436380F8BC2006B0DE
:105A4C00BDEC028B70BD90F8BC30002B38D1404AB5
:105A5C000123116880F8BC30B0F8A430002BACD016
:105A6C0007EE903A90F8A630F8EE677A002B40F0EB
:105A7C008B83B6EE007A002BDFED366AD2F800C0CD
:105A8C0047FEA67A77EE877AFCEEE77A17EE903A25
:105A9C000B44ACEB0301C0F8C030002903DB90F8D9
:105AAC002430002B8FD10023C0F8AC30C0F8A830C4
:105ABC00436403648363436306B0BDEC028B70BD27
:105ACC00D0F8C010224A7AE79FED237AF4EEC77A19
:105ADC00F1EE10FA1FD90023DFED206A9FED206A4A
:105AEC00002B46FE866AFCEEE66AF8EE666AF4EE79
:105AFC00E67AF1EE10FAD6DA76EEC76A77EEC77A66
:105B0C00B7EE006A87EEA67A76EE476AF5EEC06AC3
:105B1C00F1EE10FAC7D990F87810052900F04F82F1
:105B2C00B0F88A30D0ED077A23B307EE103AB0EE16
:105B3C00E76ABBEEEF7AB4EEC76AF1EE10FA19DD44
:105B4C000023C0F8AC30C0F8A8308363436376E719
:105B5C0000920020000000000000484200001643A4
:105B6C00000048430000FE420000FEC20000C84294
:105B7C0000007A44B0F88C3090ED087A002B40F09D
:105B8C00EB81B0F886308BB106EE103AF0EEE75AA6
:105B9C00B8EE466AF4EEC65AF1EE10FA06D5F0EEFF
:105BAC00C75AB4EEE56AF1EE10FAC9DC90F89430FD
:105BBC00002B00F0FF8190F89530002B00F0FA815B
:105BCC0090F852C0BCF1010F40F2F481B7EE006ABC
:105BDC00F4EEC66AF1EE10FAC0F2EC81B6EE004AB1
:105BEC0006EE103A90ED1B5A838DB8EE466A25EE00
:105BFC00045A5FED223A04EE103A5FED275AD0EDCD
:105C0C00194AB8EE444A24EE066A86EE234AB4EEEC
:105C1C00E54AF1EE10FA35FE846A65EE065A66EE38
:105C2C00244A65EE865AB0EEE45AF4EEC55AF1EE0B
:105C3C0010FA07DCB1EE455AB4EEE55AF1EE10FA63
:105C4C0035FE255A74EE854A5FED3A5AF4EEE54A74
:105C5C00F1EE10FA00F31C835FED3D5AF4EEE45ABA
:105C6C00F1EE10FA75FEA44AB6EE004AD0ED1C5ABD
:105C7C0090ED1A5A77EEA47A65EE845A26EE055A00
:105C8C0065EE865AF0EEC54A25EE866AB4EEE46AF5
:105C9C00F1EE10FA07DCF1EE644AF4EEC64AF1EECE
:105CAC0010FA74FE864A35EE245A1FED526AB4EE91
:105CBC00C65AF1EE10FA07DC1FED556AB4EEC56A50
:105CCC00F1EE10FA36FE056A37EE067A67EE074AF1
:105CDC00E7EEA74A90F89A301E468BB190F89B30AD
:105CEC005FED5E3A06EE103A90ED2A4A90ED2B5A93
:105CFC00B8EE466AC6EE235AE4EE657AA5EE657AEE
:105D0C0090F890301FED675A05EE903AB0F892304B
:105D1C00F8EE655A85EE856AE3B1B0F850C04FF6DF
:105D2C00FF7EF44500F0708205EE90CAB8EE654A2D
:105D3C0005EE903AB7EE005AF8EE655AC4EE253AE5
:105D4C00F4EEC53AF1EE10FA75FE233A35EE635ACD
:105D5C0026EE056AB5EEC06AF1EE10FA7FF6F0AEEB
:105D6C00B0F87A30002B00F0008205EE903AF8EE95
:105D7C00E55A022900F02C82012900F0588290F893
:105D8C007C305FED863A04EE103AB8EE444A84EE6D
:105D9C00235A67EE857A27EE057A67EEA67A27EE08
:105DAC00267A67EE887A27EE087A87EEA54AC7EE40
:105DBC00256AB0F898301FED925A07EE903AB0F879
:105DCC009630D0ED2D3A05EE903AF8EE677A66EE05
:105DDC00266A90F89C30F8EE655A87EE857AC5EE07
:105DEC00857A26EE046A90ED2C4A27EE267A27EE69
:105DFC00237A67EE867A8DED057A67EE847ACDED9F
:105E0C00047A002B3FD0B0F89E30E3B3B0F8882072
:105E1C00B1EEE45A002A00F0388206EE902AB8EE71
:105E2C00E66A06EE903AB7EE000AF8EE666AC5EE40
:105E3C00265AF4EEC05AF1EE10FA30FE250AB5EEF1
:105E4C00400AF1EE10FA00F1268267EE076AF1EED5
:105E5C00C05AE7EEA76AB1EEE65A65EE866AB4EE72
:105E6C00E65AF1EE10FA0EDDB5EEC05AF1EE10FA6C
:105E7C0009DD86EE856A66EE277A26EE076ACDED99
:105E8C00047A8DED056AB0EE480A05AA04A9FFF75D
:105E9C00C7FCB0F88830DDED047A9DED057A002B57
:105EAC0071D15EB190ED2A6AD0ED2B6A36EE276A7D
:105EBC0076EE876A80ED2A6AC0ED2B6AD0ED0E6A09
:105ECC0090ED0D6A77EE266A37EE867AF8FE667AE2
:105EDC00FDEEE77AB8FE476ABDEEC66A17EE903A59
:105EEC0016EE102A1BB222802B8007EE903AB4F9E2
:105EFC000020F8EEE77A06EE102A7F2AB8EEC66A82
:105F0C0076EEE76A77EE467AC0ED0E6AC0ED0D7A52
:105F1C0000F33881B4F900306FF07E029342B8BFC1
:105F2C0013462380B5F900307F2B00F31C816FF0F2
:105F3C007E029342B8BF13462B8080E58279002AFB
:105F4C003FF471AD90F8BC20002A7FF4B9ADD44A6F
:105F5C0080F8BC3011687FE506EE103AF0EEC75AB7
:105F6C00BBEEEF6AF4EEC65AF1EE10FA7FF709AE0B
:105F7C00E6E59FEDCC6AF4EEC66AF1EE10FACCBF02
:105F8C0001230023AAE527EE076A06EE903AF8EE05
:105F9C00666AA7EEA76AF1EEC65AF4EEE65AF1EE7F
:105FAC0010FA7FF77EAF86EEA56A67EE867A27EE4B
:105FBC00067A76E767EE074AE7EEA74A8AE690F894
:105FCC0090309FEDB97A07EE903AB0F89230F8EE37
:105FDC00677A87EE875AE3B1B0F850204FF6FF711D
:105FEC008A4200F01D8107EE902AF8EE676A07EEF0
:105FFC00903AB7EE007AF8EE677A86EEA76AB4EEBE
:10600C00C76AF1EE10FA37FE066A37EE467A25EECD
:10601C00075AB5EEC05A0023F1EE10FA40F2AD80EB
:10602C00B0F88830002B00F0F88007EE903AF8EECC
:10603C00676AB0F8A0309BB107EE903ADFED9B5A3F
:10604C0090ED2E6AF8EE677A67EE887A87EEA57A7D
:10605C0067EE067AF4EEE76AF1EE10FA77FEA66ABE
:10606C0090ED117AD0ED107A27EE076AA7EEA76AA9
:10607C00F1EEC65AF4EEE56AF1EE10FA78DAF5EEC6
:10608C00405AF1EE10FA73D086EEA56A67EE865A86
:10609C0067EE066A77EEE53A77EE662AF0EE657AF9
:1060AC00B0EE667AB0F8983027EE056A9FED7F4A1D
:1060BC0067EE857A05EE903AB0F89630D0ED0E6A20
:1060CC00F8EE655A04EE903A90ED2D3AF8EE644AEB
:1060DC0090ED0D7A85EE845AC0ED103AC0ED112A80
:1060EC00C4EE845AD0ED2C4A25EE066AE3EE066A1D
:1060FC0065EEA77AA4EEA77AF8FE667AFDEEE77A4B
:10610C0017EE903AB8FE476ABDEEC66A1BB216EEA1
:10611C00102A07EE903A2280F8EEE77A2B80B4F939
:10612C00002076EEE76A06EE102A7F2AB8EEC66AE1
:10613C00C0ED0E6A37EE467A80ED0D7A6BDCB4F961
:10614C0000306FF07E029342B8BF13462380B5F93E
:10615C0000307F2B07DC13F17F0FBFF6EDAE4FF64F
:10616C0081732B806BE47F23E6E6F7EE005A00E6A2
:10617C00DFED4F3AF0EE632A94E7436403648363E4
:10618C0043635CE47F23CCE6CDE90212CDED017ACA
:10619C000090FFF767F90098B7EE007ADFED425AEE
:1061AC0090F8A630DDED017A06EE903AF8EE666ACC
:1061BC00DDE9021286EEA56AA0EE067A67EE877A12
:1061CC00F5EEC07AF1EE10FA4CBF0123002350E437
:1061DC001268C36BB0F88210D31A8B42FFF42FAC49
:1061EC0090F884309FED304A05EE103AC263B8EE59
:1061FC00455AC5EE045A27EEA54A67EE255A24EEF9
:10620C00264A65EEA66AD4E590ED134ADFED275ACF
:10621C0024EE254A8CE57F2398E7DFED266A08E714
:10622C00D0ED136ADFED217A66EEA76ADFE627EE82
:10623C00075AB0F88030A7EEA75AB1EEC53A2BB189
:10624C0005EE103AB8EEC55A83EE053A90F87D305B
:10625C009FED152A03EE903A90F87E3002EE903ABC
:10626C00F8EE633AB7EE004AF8EE622A83EE825AF1
:10627C00C2EE823AB4EEC43AF1EE10FA34FE034A9E
:10628C0073EEC53AA3EE845A83E59FED0A6AC8E51E
:10629C00F0EE654AE8E4009011F072F90098F2E52E
:1062AC0000920020000048430000C84200007A44DD
:1062BC00000000000000FE4264224FF0560C322118
:1062CC000023027302774FF4485280F800C04FF05D
:1062DC00430C41704521A0F81F204FF4C84280F8B0
:1062EC0002C04FF0280CC170A0F8252041F20142E9
:1062FC00134980F808C045F2640C416082850F2276
:10630C0010494372C0F81230C0F8163043834377FB
:10631C008377A0F80AC0C0F821107821DFF82CC0D0
:10632C0080F8273080F82F30142380F83020064A6C
:10633C00C0F828C080F82E10C0F80D2043747047A8
:10634C0008000400E803E80364000A007800DC0598
:10635C008B795A1E012A00B503D91A1F012A88BF4E
:10636C00042380F87830CB79042B28BF002380F8E5
:10637C0079300B89092B40F20281B3F57A7FA8BFE3
:10638C004FF47A73A0F87A3047F2305C8B7A4EF681
:10639C006022642B28BF6423012B38BF012380F8B3
:1063AC007C30CB7A642B28BF6423012B38BF0123AC
:1063BC0080F87D300B7B642B28BF6423012B38BF06
:1063CC00012380F87E30B1F80D30002B08BF642318
:1063DC00A0F8803091F810E0CB7B43EA0E23B3F5A4
:1063EC00FA7F28BF4FF4FA73012B38BF0123A0F8B2
:1063FC0082304B7C642B28BF6423012B38BF0123D4
:10640C0080F884304B8AA0F886308B8AA0F88830CC
:10641C00CB8AA0F88A300B8BA0F88C308B7E003B9B
:10642C0018BF012380F88E30CB7E003B18BF0123B0
:10643C0080F88F300B7F642B28BF642380F890305A
:10644C0091F81EE04B7F43EA0E234FF07E5E6345CE
:10645C0028BF6346A0F89230CB7F003B18BF0123C6
:10646C0080F8943091F82030642B28BF642380F896
:10647C00953091F822C091F8213043EA0C23B3F502
:10648C00FA6F28BF4FF4FA63642B38BF6423A0F86B
:10649C00963091F824C091F8233043EA0C23B3F5DD
:1064AC00FA6F28BF4FF4FA63642B38BF6423A0F84B
:1064BC00983091F82530003B18BF012380F89A30B2
:1064CC0091F82630642B28BF642380F89B3091F818
:1064DC002730003B18BF012380F89C3091F829C06D
:1064EC0091F8283043EA0C23B3F5FA6F28BF4FF428
:1064FC00FA63012B38BF0123A0F89E3091F82BC012
:10650C0091F82A3043EA0C234FF0000C934228BF39
:10651C001346A0F8A03091F82C30003B18BF012393
:10652C0080F8A23091F82D30642B28BF642380F8BA
:10653C00A33091F82F2091F82E3043EA0223002249
:10654C00B3F5FA6F28BF4FF4FA63A0F8A43091F8B2
:10655C003030C0F844C0642BC0F840C0C0F8ACC0A8
:10656C0028BF642380F8A630C0F8A8C0C0F8B8E0F3
:10657C00C0F8B4E0C0F8B0E080F8BC2000BD0A233D
:10658C0000E700BF08B50B46362800F2B782DFE8FB
:10659C0010F0AB02A10297028D02830279026F0206
:1065AC0065025B02510247023D023302D201C8016F
:1065BC00BE01B401AA01A00196018C0182017801EF
:1065CC006E0164015A01500146013C01320128015F
:1065DC001E0114010A010001F600EC00E200D800D3
:1065EC00CE00C400BA00B000A6009C009200880047
:1065FC007E0074006A00600056004C0042003700B8
:10660C00DFF8F0C30422D1493620CCF8D8300FF093
:10661C006BFA012008BDDFF8DCC30422CC4935201D
:10662C00CCF8D4300FF060FAF3E7DFF8C8C30422DB
:10663C00C8493420CCF8D0300FF056FAE9E7DFF82F
:10664C00B4C30422C4493320CCF8CC300FF04CFA3C
:10665C00DFE7DFF8A0C30422C0493220CCF8C830F1
:10666C000FF042FAD5E7DFF88CC30422BC49312085
:10667C00CCF8C4300FF038FACBE7DFF878C304223B
:10668C00B8493020CCF8C0300FF02EFAC1E7DFF853
:10669C0064C30422B4492F20CCF8BC300FF024FA88
:1066AC00B7E7DFF850C30422B0492E20CCF8B8303D
:1066BC000FF01AFAADE7DFF83CC30422AC492D20E9
:1066CC00CCF8B4300FF010FAA3E7DFF828C304229B
:1066DC00A8492C20CCF8B0300FF006FA99E7DFF877
:1066EC0014C30422A4492B20CCF8AC300FF0FCF9D5
:1066FC008FE7DFF800C30422A0492A20CCF8A83089
:10670C000FF0F2F985E7DFF8ECC204229C4929204E
:10671C00CCF8A4300FF0E8F97BE7DFF8D8C20422FC
:10672C0098492820CCF8A0300FF0DEF971E7DFF89B
:10673C00C4C2042294492720CCF89C300FF0D4F921
:10674C0067E7DFF8B0C2042290492620CCF89830D5
:10675C000FF0CAF95DE7DFF89CC204228C492520B2
:10676C00CCF894300FF0C0F953E7DFF888C204225C
:10677C0088492420CCF890300FF0B6F949E7DFF8BF
:10678C0074C2042284492320CCF88C300FF0ACF96D
:10679C003FE7DFF860C2042280492220CCF8883021
:1067AC000FF0A2F935E7DFF84CC204227C49212016
:1067BC00CCF884300FF098F92BE7DFF838C20422BC
:1067CC0078492020CCF880300FF08EF921E7DFF8E3
:1067DC0024C2042274491F20CCF87C300FF084F9B9
:1067EC0017E7DFF810C2042270491E20CCF878306D
:1067FC000FF07AF90DE7DFF8FCC104226C491D207B
:10680C00CCF874300FF070F903E7DFF8E8C104221C
:10681C0068491C20CCF870300FF066F9F9E6DFF807
:10682C00D4C1042264491B20CCF86C300FF05CF905
:10683C00EFE6DFF8C0C1042260491A20CCF86830BA
:10684C000FF052F9E5E6DFF8ACC104225C491920DF
:10685C00CCF864300FF048F9DBE6DFF898C104227D
:10686C0058491820CCF860300FF03EF9D1E6DFF82B
:10687C0084C1042254491720CCF85C300FF034F951
:10688C00C7E6DFF870C1042250491620CCF8583006
:10689C000FF02AF9BDE6DFF85CC104224C49152043
:1068AC00CCF854300FF020F9B3E6DFF848C10422DD
:1068BC0048491420CCF850300FF016F9A9E6DFF84F
:1068CC0034C1042244491320CCF84C300FF00CF99D
:1068DC009FE6DFF820C1042240491220CCF8483052
:1068EC000FF002F995E6DFF80CC104223C491120A7
:1068FC00CCF844300FF0F8F88BE6DFF8F8C004223F
:10690C0038491020CCF840300FF0EEF881E6DFF873
:10691C00E4C0042234490F20CCF83C300FF0E4F8EA
:10692C0077E6DFF8D0C0042230490E20CCF838309E
:10693C000FF0DAF86DE6DFF8BCC004222C490D200C
:10694C00CCF834300FF0D0F863E600BFE509000056
:10695C00610A0000DD0A0000590B0000D50B000095
:10696C00510C0000CD0C0000490D0000C50D0000BD
:10697C00410E0000BD0E0000390F0000B50F0000E5
:10698C0031100000AD10000029110000A51100000D
:10699C00211200009D120000191300009513000035
:1069AC00111400008D14000009150000851500005D
:1069BC00011600007D160000F91600007517000086
:1069CC00F11700006D180000E918000065190000AF
:1069DC00E11900005D1A0000D91A0000551B0000D7
:1069EC00D11B00004D1C0000C91C0000451D0000FF
:1069FC00C11D0000C8890020DFF838C104224049BD
:106A0C000C20CCF830300FF06FF802E6DFF824C120
:106A1C0004223C490B20CCF82C300FF065F8F8E53B
:106A2C00DFF810C1042238490A20CCF828300FF0C6
:106A3C005BF8EEE5DFF8FCC0042234490920CCF801
:106A4C0024300FF051F8E4E5DFF8E8C004223049B7
:106A5C000820CCF820300FF047F8DAE5DFF8D4C086
:106A6C0004222C490720CCF81C300FF03DF8D0E55F
:106A7C00DFF8C0C0042228490620CCF818300FF0EB
:106A8C0033F8C6E5DFF8ACC0042224490520CCF865
:106A9C0014300FF029F8BCE50422DFF898C0204927
:106AAC001046CCF810300FF01FF8B2E5DFF884C0B8
:106ABC0004221C490320CCF80C300FF015F8A8E583
:106ACC00DFF870C0042218490220CCF808300FF00F
:106ADC000BF89EE5DFF85CC0042214490120CCF8C9
:106AEC0004300FF001F894E5DFF848C00422104997
:106AFC000020CCF800300EF0F7FF8AE5002008BD2E
:106B0C003D1E0000B91E0000351F0000B11F000023
:106B1C002D200000A920000025210000A12100004B
:106B2C001D22000099220000152300009123000073
:106B3C000D240000C88900202DE9F0410E461546B1
:106B4C000446022130460EF06DFD022128460EF05F
:106B5C0069FD234B3201234953F8028003EB0612E3
:106B6C00D76803EB0512C4F80080A760D2F80CC0FC
:106B7C002A0153F802E000231B4A6361C4F80CC0DD
:106B8C001A4B48681268C4F804E0A3FB02324FF4B5
:106B9C00FA63920C03FB02F24B681B1A9A42FBD865
:106BAC00D8F800302146DEF8002030461F4214BFD2
:106BBC00012300231CEA020F43F0020218BF134604
:106BCC002374FFF7DFFC0346214628462376FFF7A4
:106BDC00D9FC227E831820462376BDE8F08100BFC5
:106BEC001C1E0020001000E0FC28002083DE1B434C
:106BFC00022110B5044608460EF014FD02210520B2
:106C0C000EF010FD02200EF0FBFC0346052084F86C
:106C1C0020300EF0F5FC002302460548636284F830
:106C2C002120E362A386BDE810400EF0BBB800BF84
:106C3C00F0290020A94AAA4930B5137E83B0044636
:106C4C000D68012B40F2B48072B6536962B6002B0A
:106C5C001846B8BFD81C80101AD072B6D3F1000CED
:106C6C0003F003010CF0030C58BFCCF1000151618F
:106C7C0062B6226862B1B3F5007F06DA13F5007FC5
:106C8C0040F32081404240B201E06FF07E0090471B
:106C9C00944A137E012B51D972B6536962B6002BFC
:106CAC001846B8BFD81C80101AD072B6D3F1000C9D
:106CBC0003F003010CF0030C58BFCCF1000151613F
:106CCC0062B6626862B1B3F5007F06DA13F5007F35
:106CDC0040F3FA80404240B201E06FF07E009047F2
:106CEC0002200EF08DFC94F82030834203D0636AAE
:106CFC00EB1A312B18D805200EF082FC94F82130B9
:106D0C0083420FD0E36AEB1A312B0BD9E5620028D2
:106D1C0040F0A48001232563E56184F835302376A7
:106D2C0084F8210003B030BD656200287CD10123BA
:106D3C00A56284F8343084F82000DCE772B6D2E91E
:106D4C0000130968186893681942137C14BF012159
:106D5C00002103F0030343EA8103D168084243F0A6
:106D6C00080118BF0B469808591E536910740D2959
:106D7C0094D801A050F821F0974D0000914D0000DF
:106D8C00A34D0000914D00008D4B00009D4D000067
:106D9C00974D0000974D00009D4D00008D4B00005D
:106DAC00914D0000A34D0000914D0000974D000047
:106DBC0072B6D2E900130968186893681942137CFB
:106DCC0014BF0121002103F0030343EA8103D168BE
:106DDC00084243F0080118BF0B469808591E536926
:106DEC0010740D293FF632AF01A050F821F000BF0E
:106DFC008B4D0000854D0000AF4D0000854D00000F
:106E0C003D4B0000A94D00008B4D00008B4D000048
:106E1C00A94D00003D4B0000854D0000AF4D00001A
:106E2C00854D00008B4D000094F83430002B82D03F
:106E3C000022A36A84F83420EB1A40F2DB5293420E
:106E4C0044D8294B1B78002B7FF475AFA368002B1B
:106E5C003FF471AF0190984701986CE7002394F8C8
:106E6C0035202376002A3FF45BAF1F4A84F8353077
:106E7C001378002B7FF454AF226B40F2DB53AD1A26
:106E8C009D4227D96369002B3FF44AAF0190984784
:106E9C00019845E7013B5361D8E601335361D5E6D0
:106EAC00013B5361FAE601335361F7E6023B536150
:106EBC00F4E602335361F1E6023B5361C6E602335A
:106ECC005361C3E67F20E2E67F2008E7E368002BEE
:106EDC00C0D130E72369002BD8D121E704880020EA
:106EEC0000920020208800202A31002010B50121BA
:106EFC000A200EF097FB01210A200EF05FFB012106
:106F0C0025200EF08FFB012125200EF057FB0121CF
:106F1C0007200EF087FB012107200EF04FFB00230A
:106F2C004FF48C72F02116480DF002FD012114482B
:106F3C000DF094FC002112480CF052F8104800227D
:106F4C004FF0FF3304460321C27643610CF050FD31
:106F5C000C4B03220C49204623610DF0F1FE204618
:106F6C0002210CF045FD094B20460D2208492361F6
:106F7C000DF0E6FE0748BDE810400DF013BF00BF52
:106F8C00089200203C005A00E80900203C007D00DB
:106F9C00EC090020F029002010B5012122200EF070
:106FAC0041FB012122200EF009FB00234FF48C72CF
:106FBC00F02116480DF0BCFC012114480DF04EFCDC
:106FCC00002112480CF00CF8104800226FF0F82346
:106FDC0004460321C27643610CF00AFD0C4B0322DC
:106FEC000C49204623610DF0ABFE204602210CF02B
:106FFC00FFFC094B20460B22084923610DF0A0FE33
:10700C000748BDE810400DF0CDBE00BF8C920020AB
:10701C003C005A00E809002054007D00FC090020C7
:10702C00F0290020034608461146062B14D90D2BD7
:10703C000AD90E3B00B583B0062B43D8DFE803F02A
:10704C004038362B1F1B1300DFF8BCC0073B204A0F
:10705C003CF9133011F036BFDFF8B0C01C4A3CF9D4
:10706C00133011F02FBF1B4B1B4A1B6803B05DF88C
:10707C0004EB11F027BF194B194A1B78F6E7194B93
:10708C0093ED007A184AB7EEC77A8DED007B11F0BC
:10709C0019FF03B000BD154B154A93ED007AB7EEFE
:1070AC00C77A8DED007B11F00DFFF2E7114BE7E78E
:1070BC00114B124A1B8803B05DF804EB11F002BFB0
:1070CC000F4BF6E70F4A03B05DF804EB11F0FABE74
:1070DC00080A0020542E00203C0A002029310020F0
:1070EC00340A0020442E00201C0A00200C910020A1
:1070FC00280A00204C2E002028930020140A00207F
:10710C0026930020440A002020910020109100209A
:10711C00374A43B2C1EB01112DE9F041064692F911
:10712C0000004C0086B0984204F1180254D0314B48
:10713C00B3F900309E4207D0062E51D90D2E53D8EC
:10714C004FF6A041002302E000214FF6FF73002709
:10715C00294D01931E2361F30F07284600934FF42A
:10716C008C7361F31F4700210CF020FF022128468D
:10717C006F610CF03DFC214B042204F11F0853F805
:10718C0026702A82A5F812803FB1384612F040FAD8
:10719C003946024628460DF0D3FD02A930460E2290
:1071AC00FFF740FF982302A8A5F812802B8212F05B
:1071BC002FFA42F20415024602A90F480DF0C0FD49
:1071CC004FF48C7304F1350200210B4800950CF040
:1071DC0071FE06B0BDE8F08100214FF4FC63B6E708
:1071EC0040F25F410023B2E74FF6FF710023AEE798
:1071FC00273100202493002008920020B012002098
:10720C002DE9F04F2DED048B8FB0002800F0158286
:10721C0040F25F42924BDFF894820292B3F800A0E6
:10722C00904A0492029B0026002063F30F0663F33E
:10723C001F46049B9F1E03F10C04394631F9023F93
:10724C005A4212B233EA230328BF13469842B8BFFE
:10725C0018468C42F2D1642840F38082C82840F34F
:10726C00F781B0F5967F40F392829FED7F8A4FF0C5
:10727C00FA0B4FF4FA797D4C0021162520460BF0C1
:10728C00AFFE00220F2320461146CDE900534FF4E8
:10729C008C730CF08BFE022120460CF0A9FB744B76
:1072AC00414607222046666123610DF049FD714B72
:1072BC00012120464FF0CC0863610CF099FB6E4A1B
:1072CC004B46142109A8126841F6C30600926B4A7A
:1072DC0011F0F8FD09A812F09BF9082140F21513E2
:1072EC000246618200EB40012046A3EB410309A951
:1072FC0023820DF025FD40F641032A461C21204631
:10730C00CDE90083FA230CF051FE44F208237C22D1
:10731C001C2120460093FA230CF0CCFDFA234922C1
:10732C001C21204600960CF0C5FDFA23AF221C212F
:10733C00204600960CF0BEFD42F204132A461C2196
:10734C0000932046FA230CF0B5FDBAF1000F04D0DF
:10735C00494A1268524500F20882012143480CF058
:10736C0047FB474B474A0721636107A84B4600255B
:10737C0011F0A8FD4FF4B01307A89FED439A2361B9
:10738C0012F046F907A9024638484FF001080DF0F3
:10739C00D7FC5B463B4A072107A8DFED3C9A11F06E
:1073AC0091FD4FF48A0307A8DFED398A236112F0AF
:1073BC002FF907A902462D482E460DF0C1FC354B7E
:1073CC0002223549294823610DF0BAFC5B46334A49
:1073DC00072107A811F076FD4FF42B0307A84FF0F7
:1073EC001C0B236112F014F907A902461F480DF07B
:1073FC00A7FC4B46294A072107A84FF07C0911F03E
:10740C0061FD4FF45A0307A8236112F001F907A993
:10741C00024616480DF094FC214B012221491348D9
:10742C0023610DF08DFC144B14211F4A09A81B6815
:10743C0011F048FD09A812F0EBF8E423024609A963
:10744C00638200EB400309485B00C3F58B73238216
:10745C000DF076FC05480CF093FC05973FE000BF5F
:10746C0026930020109100200000FA438C920020FB
:10747C000900030018C618C6542E0020580A002014
:10748C0010841084680A0020000000000000CC4228
:10749C000000F842040078006C0A0020700A0020FA
:1074AC001C00E400740A0020780A0020480A00201E
:1074BC00E12C05F11C03A8BFE1241BB227B2B8F1E3
:1074CC00000F00F0958002354FF0000846F10006E1
:1074DC00A5F1FC02324300F0D780B9469B46AF4B76
:1074EC00FA221C680023A4FB050110F07DFD504519
:1074FC00C0F0B580844240F2B280A0EB0A00A4EB4D
:10750C000A04B1EE086A049907EE900AB8EE677A9D
:10751C0007EE904AF8EE677AC7EE276A66EE867A2F
:10752C00BDEEE77A17EE102A052A1346A8BF0523ED
:10753C0031F9130007EE103A01EB4303B8EEC77AAA
:10754C0005EE100AB3F90210B8EEC55A04EE901A03
:10755C0077EEC77AF8EEE44A002A40F0838074EEA6
:10756C00C53AB3F90430B6EE007A05EE903AF8EE6F
:10757C00E55A75EEC55A65EE875A67EEA76AB0EE06
:10758C00086AF0EE002A27EEA64A26EE866AB7EEC7
:10759C00002AB0EE447AB0EE463AA4EE626AA6EE49
:1075AC00E27A94EE223A74EE666A37EE277A73EE3C
:1075BC00027A27EE237AA5EE277AA4EE867AA6EE37
:1075CC00A57A27EE297AC7EE087A78EEE77AFDEEEF
:1075DC00E77A17EE903A1CB2152C3FF769AF1627D5
:1075EC0005F11C033C461BB2B8F1000F7FF46BAFE6
:1075FC00029909F1FF326A480191611E12B203939C
:10760C0009B20134009159460BF0EAFB4A46644832
:10761C0024B2DDE90213CDE9007159460BF0E0FB11
:10762C00029809F10102039B594612B2CDE90040C0
:10763C005B480BF0D5FB039B45E74FF6A042594B3B
:10764C00DFF880810292584AB3F800A00492E9E571
:10765C009FED568A4FF0640B4FF0C8090BE6B0EE65
:10766C00497AB0E733F9021CB6EE007A042A03EE2D
:10767C00901AF8EEE33A74EEE33A63EE873A7FF74A
:10768C0070AF74EEC55A78E745484446059F0CF038
:10769C0035FA9FED479ADFED478A474D4CE01918B4
:1076AC0041F10001A5FB016C2CF0010606EB5C0618
:1076BC00891B5B1AA3FB053660F10001580805FB1A
:1076CC00016340EAC3705044FA210023A0FB01017E
:1076DC0010F08AFC1C2140F21512084403B280B24F
:1076EC001B2B03DD9042A8BF104601B237F9023FB5
:1076FC004FF6FF722A4807EE103A00920423B8EEB8
:10770C00C77A27EE097AC7EE087A78EEE77AFDEEAB
:10771C00E77A17EE902A12B2E12AA8BFE122162AC4
:10772C00B8BF16220BF076FE18F1010844F10004E4
:10773C00A8F1070323430CD0184B1A68A2EB0A03D9
:10774C005245A3FB0830AAD80AB91C21CEE75046F3
:10775C00BAE70FB0BDEC048BBDE8F08F9FED178A34
:10776C004FF0320B4FF0640985E5FA200023AAFB99
:10777C00000110F039FC00F11C0147F6EF304346D4
:10778C002A4609B2009020460CF01AFBE5E59FED65
:10779C000C8A4FF0960B4FF496796CE5542E002022
:1077AC008C92002028930020209100200000484358
:1077BC000000CC420000F842ABAAAAAA0000C842C2
:1077CC0000009643500A00202DE9F04F844C8FB0F6
:1077DC0000214FF00F0820464FF0FF350BF000FC56
:1077EC00002216214FF48C73204607AE05AF4FF0E4
:1077FC001B09CDE9001811460CF0D8FB02212046DC
:10780C000CF0F6F8774B072277492046C4E904358B
:10781C000DF096FA754B0121204663610CF0E8F8E7
:10782C00734B10227349204623610DF089FA724B79
:10783C00724AADF818500025059293E8070086E8C7
:10784C000700012120460CF0D3F85C23162229B244
:10785C002046CDE900980CF0A9FB37F8021B002359
:10786C00AA1C4FF01F0C56F804AB61F30F032282D5
:10787C005046A4F812C061F31F436361BAF1000FC4
:10788C0006D011F0C5FE5146024620460DF058FABE
:10789C005D3540F21713ADB29D42D6D1584B002640
:1078AC00DFF874B14FF01B09DFF870A1039306EBFE
:1078BC00460516F0010F40F641084FF05C0305EB4E
:1078CC00C50518BF4FF000080021454805F13107E8
:1078DC00CDF80090CDF804803A353FB23A460CF022
:1078EC0065FB484B484A4FF6FF711B78107840F205
:1078FC005F42C3EBC30365823344DBB2834208BFF0
:10790C000A4600230E210AA862F30F0362F31F43F9
:10791C003E4A63613BF9023F0093022323823346C4
:10792C0011F0D0FA0AA811F073FE0AA902462C48ED
:10793C000DF006FA5C233A465D212948CDE9009802
:10794C000CF034FB3AF9023F65820E2100930AA831
:10795C002F4B304A63615F232382334611F0B2FA16
:10796C000AA811F055FE0AA902461D480DF0E8F9C7
:10797C003A465D23BA211A48CDF80480CDF8009020
:10798C000CF014FB4FF0FF3306F10E000E22636176
:10799C00BC23C0B20AA965822382FFF743FB039B79
:1079AC0053F8045F03933DB1284611F031FE29468C
:1079BC0002460B480DF0C4F93A2109480BF07EFF42
:1079CC0001360AA811F024FE0AA9024604480DF05B
:1079DC00B7F9072E7FF46BAF0FB0BDE8F08F00BF87
:1079EC008C92002009000300F40A002018C618C667
:1079FC0078000800800A0020600900205F04A0FCC9
:107A0C00E41200205493002024930020940A0020B8
:107A1C00A0FCA0FCA00A00200E9100201E910020CA
:107A2C00DFF884C0034608461146DCF80820042B16
:107A3C0000B58BB0DCF814E00592DCF80C20CDF826
:107A4C0020E00692DCF810200792DCF8182009924E
:107A5C001CD803EB830C104A0DEB830302EB8C0256
:107A6C0093ED057A1369B7EEC77A1A783AB10B4AD7
:107A7C0002938DED007B11F025FA0BB000BD084A86
:107A8C008DED007B11F01EFA0BB000BD054A0BB05A
:107A9C005DF804EB11F016BAA0110020B40A002016
:107AAC00AC0A0020440A0020548F0020C1EB0111C5
:107ABC0004282DE9F0414FEA410486B004F1180284
:107ACC0012B257D8334943B2064691F90010994285
:107ADC004CD0314BB3F90030984257D040F2FF7183
:107AEC00002300272D4D01931E2361F30F07284619
:107AFC0000934FF48C7361F31F4700210CF056FA7E
:107B0C00022128466F610BF073FF254B042204F110
:107B1C001F0853F826702A82A5F812803FB1384608
:107B2C0011F076FD3946024628460DF009F902A9F6
:107B3C0030460E22FFF774FF982302A8A5F8128096
:107B4C002B8211F065FD42F20415024602A913487E
:107B5C000DF0F6F84FF48C7304F1350200210F4848
:107B6C0000950CF0A7F906B0BDE8F08100214FF4A8
:107B7C00FC63B6E700211E204FF48C73CDE90001A5
:107B8C0006480CF013FA06B0BDE8F08100214FF660
:107B9C00FF73A6E7273100202493002008920020D1
:107BAC009C120020F0B5002287B01F2118264FF43C
:107BBC008C733A480191114600964FF0FF340CF04B
:107BCC00F5F9364802210525074644610BF010FFF4
:107BDC00334B0322334938463B610DF0B1F8324B3D
:107BEC000A22324938463B610DF0AAF80121384689
:107BFC007C610BF0FDFE2E4B0C212E4AB3F90030AC
:107C0C000DEB01000095013311F05CF92A4B03A830
:107C1C003B6111F0FDFC03A9024638460DF090F8CB
:107C2C00264B274A1B6812689A421AD9254B1B8887
:107C3C00312B20D84FF478724FF48C731748019283
:107C4C000022009611460CF0B1F91448022144614F
:107C5C000BF0CEFE1C492A461C4B104803610DF05C
:107C6C006FF80024E1B201340846FFF71FFF072C20
:107C7C00F8D107B0F0BD00224FF400414FF48C73E3
:107C8C000648CDE9006111460CF090F90348022139
:107C9C0044610BF0ADFE07220D49DDE70892002090
:107CAC0009000400D00A002041000400D40A00207E
:107CBC0024930020E00A0020DE000A00009200203D
:107CCC00C88D00201C930020C80A00205500040019
:107CDC00C00A0020634B1B78022B00F0A780002207
:107CEC000F2118204FF48C73F0B587B04FF0FF368E
:107CFC005D4C0191114600905C480CF057F95B48C3
:107D0C000221074646610BF073FE594B0322594979
:107D1C0038463B610DF014F8574A237852F823503B
:107D2C00002B7BD140F25F420023504962F30F03DA
:107D3C0062F31F43514AC1E90423284611F068FC41
:107D4C002946024649480CF0FBFF484801214C4E9D
:107D5C000725074646610BF04BFE23780821494A5C
:107D6C00A3EBC3030DEB0100128800951344464AA4
:107D7C000133DBB211F0A6F8444B02A83B6111F0C1
:107D8C0047FC02A9024638460CF0DAFF02213846BD
:107D9C007E610BF02DFE23783D4A0821013304A8A7
:107DAC0011F090F83B4B04A83B6111F031FC04A995
:107DBC00024638460CF0C4FF374B384A1B68126831
:107DCC009A421DD9364B1B88312B31D800224FF4E7
:107DDC00787018214FF48C73CDE9001011462348AC
:107DEC000CF0E4F84FF0FF332048022143610BF014
:107DFC00FFFD05222B492C4B1C4803610CF0A0FF06
:107E0C0025780024C5EBC505E1B201346818C0B271
:107E1C00FFF77EF9072CF7D107B0F0BD012B1ED070
:107E2C00164BC7E90436002D8FD086E7FFF7BABE94
:107E3C0018234FF400420D48CDE9003200224FF4D4
:107E4C008C7311460CF0B2F8084A4FF0FF33022144
:107E5C00104653610BF0CCFD14492A46CBE74FF684
:107E6C00A04261E7283100205493002008920020A2
:107E7C0009000400E80900209411002041000400CE
:107E8C0018C618C624930020E00A0020A2000A009D
:107E9C00E80A0020DA00040000920020C88D0020BF
:107EAC001C930020C80A002055000400C00A0020C2
:107EBC002DE9F04F574C8FB00021574F2046DFF87B
:107ECC0078910BF08DF800221F2116204FF48C7343
:107EDC00482601911146009020460CF067F80221CB
:107EEC00204600250BF084FD4C4B4FF0FF300B224D
:107EFC004B49DFF848B1C4E9043020460CF020FFB0
:107F0C00484B0121204663610BF072FD464B0E225B
:107F1C004649204623610CF013FF15F0010F40F683
:107F2C004102BBF900004FF024030CBF11460021A5
:107F3C00A6F10E02A8425FFA85FA12B25BD0204677
:107F4C00CDE900314FF48C7300210CF02FF840F286
:107F5C00FF72002301212046B04662F30F0362F347
:107F6C001F4363610BF044FD042359F8041B668224
:107F7C000846238239B1059111F04AFB0599024656
:107F8C0020460CF0DDFE0E2206A950460135FFF707
:107F9C0047FD822306A8A4F81280238211F038FB37
:107FAC0006A90246204624360CF0CAFE97ED026A5A
:107FBC0097ED017A1021B7EEC66A1D4AB7EEC77A63
:107FCC000AA814378DED026B8DED007B10F07AFF53
:107FDC00C323184A0AA823826261A4F8128011F004
:107FEC0017FB0AA9024620460CF0AAFE052D94D1D7
:107FFC000FB0BDE8F08F242343F286112046CDE963
:10800C0000314FF48C7300210BF0D0FF4FF6FF7250
:10801C009FE700BF8C920020A011002009000300F4
:10802C00F00A002018C618C6B4000800FC0A00208C
:10803C000C0B00204D6B4D6B9C12002024930020E8
:10804C00094B1B78022B0CD0084B1B7833B1012B3E
:10805C0001D0FFF7B9BB0020FFF7D2B80120FFF722
:10806C00CFB8FFF725BF00BF283100205493002064
:10807C0040F2DB5398422DE9F0410E4682B035D8E0
:10808C006421344B4FF48A7201FB00F43248A3FB99
:10809C0004135B0902FB03F5984600221823CDE973
:1080AC0000322E4BA3FB051311465F094FF48C7362
:1080BC000BF07CFF2A4B9C423CD8632D2DD8022E12
:1080CC0025484FF6FF734FF0010104460CBF254DB8
:1080DC00254D43610BF08CFC244B0622294620468F
:1080EC00236102B0BDE8F0410CF02ABE002218203A
:1080FC004FF48C7311460090019217480BF056FF09
:10810C004FF48A734FF6802110200422CDE9000130
:10811C00022111480BF04AFFD1E7C8EB48110F4A76
:10812C003BB24900A2FB01214909C90241F4FC619F
:10813C0089B2E9E75622A8F132013BB202FB01F108
:10814C006422B1FBF2F1C1F13F01C9B2490141F422
:10815C007841D9E7F1197605089200201F85EB517B
:10816C00D32A01001C0B0020240B00207A000800ED
:10817C00014B1888704700BF1C930020014600205B
:10818C0008B50DF0FFFB0120A5210DF0FBFB02480B
:10819C00BDE808400CF006BEF029002000B5012017
:1081AC0083B00DF0D5FAA52803D00023184603B0F0
:1081BC0000BD00200DF0CCFA0021019001200DF043
:1081CC00E1FB019B5A1ED2B2042AEED802480CF0F5
:1081DC00E9FD019BEAE700BFF029002049220121BB
:1081EC004D2310B58270322490F8372043708A42A8
:1081FC000470C370017102D9002380F83730431D1D
:10820C0000F137014FF0000C13F8012F8B428CEA70
:10821C00020CF9D10D4C382280F805C004210DF068
:10822C0051FC21880A48013189B221800CF0AEFD45
:10823C0007480CF0B7FD2388322B01D0012010BD6C
:10824C0003480CF0AFFD012010BD00BF1C930020B3
:10825C00F029002070B58EB006460EAB6C46C3F10B
:10826C003C0560190DF074FA0EAB04F8010B9C423E
:10827C00F7D16C4B009A9A4240F09C809DF80430E8
:10828C00012B40F097800DF105030DF1370100240F
:10829C0013F8012F8B4284EA0204F9D19DF80510E2
:1082AC008C427CD104AA0DF11E0132F8023F03F579
:1082BC00FA739BB2B3F57A7F7CD8D38903F5FA7342
:1082CC009BB2B3F57A7F75D89142EED1BDF83220CE
:1082DC0040F6B8339A426DD8BDF834209A4269D82A
:1082EC00DDF806309FED507A07EE903AF4EEC77A3F
:1082FC00F1EE10FA5ED4F2EE0E6AF4EEE67AF1EEDE
:10830C0010FA57DCDDF82E3007EE903AF5EEC07A15
:10831C00F1EE10FA4ED4F3EE046AF4EEE67AF1EED6
:10832C0010FA47DCDDF80A3007EE903AF4EEC77A23
:10833C00F1EE10FA3ED4B2EE0E7AF4EEC77AF1EE0C
:10834C0010FA37DC9DF83630053B5A2B32D8DDF865
:10835C000E3042F21C52A3F5FA7393422AD86D46A2
:10836C000DF1300C2C46103610350FCC644546F808
:10837C00100C46F80C1C46F8082C46F8043CF1D1BD
:10838C0000230A2203CD30607160012127480CF0D4
:10839C0031FD26480CF006FD01200EB070BD002307
:1083AC00102222480CF026FD0023102221461F48E3
:1083BC000CF020FD1D4800240CF0F4FC4FF07E5313
:1083CC003222C6F812401946C6F806304D233270D8
:1083DC004FF00102C6F80A1073706FF07701F3705A
:1083EC000023B2801322C6F82E304FF04603C6F895
:1083FC001640F3864923C6F81A40C6F81E40C6F844
:10840C002240C6F82640C6F82A40C6F83240B1735E
:10841C003474F2737474B37004480CF0C3FC2046CB
:10842C000EB070BD324D494DCDCCCC3DF029002065
:10843C0010B50021134C0422431D00F13F0CC180E8
:10844C000460027113F8012F634581EA0201F9D12E
:10845C0040220D4C417111460DF034FB21880B4824
:10846C00013189B221800CF091FC08480CF09AFC87
:10847C002388322B01D0012010BD04480CF092FC53
:10848C00012010BD314D49411C930020F0290020E2
:10849C00F0B591B006466C46C4F1400560190DF07C
:1084AC0057F910AB04F8010B9C42F7D16846FCF766
:1084BC009FF90746C0B16D4634460FCD0FC40FCDA2
:1084CC000FC40FCD0FC495E80F0084E80F000023F4
:1084DC000A229DF8041016480CF08CFC14480CF081
:1084EC0061FC384611B0F0BD4FF07E534FF0804226
:1084FC001049F2604FF07D523361B3610423726115
:10850C00736001230C4A0D4C316030627062B062B2
:10851C00F261F3620FCCF363094B30637163B263A6
:10852C00B36003480CF03EFC384611B0F0BD00BF00
:10853C00F0290020314D49411A1604072C0B00205C
:10854C009A99993E08B531224D234FF0490C43219D
:10855C00027002224370431D80F802C04FF0000CE1
:10856C00C17000F13F01027113F8012F8B428CEAAC
:10857C00020CF9D180F805C0402280210DF0A2FA3E
:10858C00064B07481988013189B219800CF0FEFBA3
:10859C0003480CF007FC012008BD00BF1C93002011
:1085AC00F029002070B590B006466C46C4F18005E9
:1085BC0060190DF0CDF810AB04F8010B9C42F7D10B
:1085CC006846FCF7B1F90546E8B16C46A44610368E
:1085DC001034BCE80F0046F8043C10AB46F8100C05
:1085EC009C4546F80C1C46F8082CEFD100230A22B7
:1085FC009DF8041020480CF0FDFB1F480CF0D2FB3A
:10860C00284610B070BD31224D234FF07E51C6F874
:10861C0012003270492273704323B2704FF0020281
:10862C00F370164BB2800022C6F806306FF0770359
:10863C00C6F80A101321C6F82E20B3734FF08543E9
:10864C000F4AC6F81600C6F81A00C6F81E00C6F87F
:10865C002200C6F82600C6F82A00C6F8320030748C
:10866C007074F173C6F836207587F36302480CF00A
:10867C0099FB284610B070BDF0290020CDCCCC3D24
:10868C004602030008B5312253234FF0490C412117
:10869C00027001224370431D80F802C04FF0000CA1
:1086AC00C17000F13F01027113F8012F8B428CEA6B
:1086BC00020CF9D180F805C040224FF4CE710DF0B8
:1086CC0001FA064B06481988013189B219800CF061
:1086DC005DFB03480CF066FB012008BD1C930020D9
:1086EC00F029002070B590B006466C46C4F5CE75E6
:1086FC0060190DF02DF810AB04F8010B9C42F7D16A
:10870C006846FBF7F9FF0446E8B16D46AC461036F7
:10871C001035BCE80F0046F8043C10AB46F8100CC2
:10872C009C4546F80C1C46F8082CEFD100230A2275
:10873C009DF8041017480CF05DFB16480CF032FB4A
:10874C00204610B070BD532331224921B073737091
:10875C0041233270F370104A104BB1706FF07701F7
:10876C0072601322B3600E4BF07331737273346109
:10877C007461B461F46134627462B462F462336340
:10878C007463B463F46303480CF00CFB204610B024
:10879C0070BD00BFF0290020010000F0CDCCCC3D15
:1087AC000000C84233224D234B214FF0000C10B572
:1087BC004924027043700322C170431D00F1DB0198
:1087CC008470027113F8012F8B428CEA020CF9D1E0
:1087DC000D4CDC2280F805C0C0210DF073F9218806
:1087EC000A48013189B221800CF0D0FA07480CF00C
:1087FC00D9FA2388322B01D0012010BD03480CF08C
:10880C00D1FA012010BD00BF1C930020F0290020DC
:10881C00F0B5B9B007466C4637AEC4F1C005601967
:10882C000CF096FF04F8010BB442F8D1414B009ABE
:10883C009A4248D19DF80430032B44D10DF1050325
:10884C000DF1DB01002413F8012F8B4284EA0204A2
:10885C00F9D19DF805108C422AD19DF80B40082CBB
:10886C0031D8DDF8073007EE903AF5EEC07AF1EE2C
:10887C0010FA28D49FED307AF4EEC77AF1EE10FAA4
:10888C0021DC6946DC2238460DF0C8F900230A22A7
:10889C0003212A480CF0AEFA00230A22214627486D
:1088AC000CF0A8FA25480CF07DFA012039B0F0BD87
:1088BC000023102221480CF09DFA0023102221469F
:1088CC001E480CF097FA1D4800240CF06BFA33216B
:1088DC004D231B4A397049217B704B23C7F8072065
:1088EC004FF0010EB97007F11402FB704FF01A0C27
:1088FC004FF0030321466FF00506124DBC71FC725C
:10890C00BB800CFB0470A2F1140342F808EC067453
:10891C00417499740533C3F80E509A42F9D101345D
:10892C001A32082CEDD105480CF03CFA002039B075
:10893C00F0BD00BF334D494B00004842F0290020E8
:10894C000000A04050003C00F0B58FB007460EABC5
:10895C006C460DF13106C3F5167560190CF0F8FE76
:10896C0004F8010BB442F8D11F4B009A9A4233D150
:10897C009DF80430082B2FD19DF805000DF105034F
:10898C000CAC002213F8011FA34282EA0102F9D1B8
:10899C00904221D19DF806305D1E043B012B88BF0F
:1089AC00012D94BF0125002516D8EE46BC4676460F
:1089BC000CF1100C0EF1100E0FCEA6424CF8100C50
:1089CC004CF80C1C4CF8082C4CF8043CEFD19EF8DD
:1089DC0000308CF8003003E000253846FDF76CFCC5
:1089EC0028460FB0F0BD00BF56324345F0B58DB0F0
:1089FC0007460CAB6C460BAEC3F5047560190CF056
:108A0C00A7FE04F8010BB442F8D1304B009A9A42FD
:108A1C0022D04B225423002453213A7043227B70E2
:108A2C000223B97007F10C002146FA707B602022FA
:108A3C00BC6010F0BDFB7B1D07F12B00214613F829
:108A4C00012F984281EA0201F9D1797120480CF08A
:108A5C00A9F900200DB0F0BD9DF80430022BD8D13F
:108A6C009DF805400DF105030DF12B00002213F8C4
:108A7C00011F984282EA0102F9D19442C9D16D4694
:108A8C0008AE2C46103710350FCCB44247F8100CFA
:108A9C0047F80C1C47F8082C47F8043CF1D100238C
:108AAC0007CD386079600221BA600A2208480CF0C0
:108ABC00A1F900230A229DF8071005480CF09AF939
:108ACC0003480CF06FF901200DB0F0BD4B5453432B
:108ADC00F0290020F0B587B0074606AB6C460DF1C7
:108AEC001506C3F5267560190CF032FE04F8010B5F
:108AFC00B442F8D1264B009A9A4227D052234B21EC
:108B0C004D2000227B7041233970FB704FF01D0308
:108B1C002049B8703B812048204B79602821C7F848
:108B2C000A0007F11400C7F80E307B1D3A75B974B2
:108B3C00FA7413F8011F984282EA0102F9D17A7192
:108B4C0017480CF02FF9002007B0F0BD9DF8043049
:108B5C00022BD3D19DF805400DF1050305A8002289
:108B6C0013F8011F984282EA0102F9D19442C5D14F
:108B7C006C460FCC38607960206821793861BA6016
:108B8C00FB60397506480CF00DF9012007B0F0BDFB
:108B9C004B524D4102000002E803960028000A00E7
:108BAC00F0290020044B012004491B68044A03F5FA
:108BBC00FA63087013607047009200203093002015
:108BCC006C860020074A107850B1074B07491B6888
:108BDC0009685B1A002B02DB00231370704700201E
:108BEC00704700BF30930020009200206C8600205C
:108BFC0000220023026042608360C2600261C36194
:108C0C00C0E90533704700BF38B5054617200CF096
:108C1C0071FA04460CF0A8FC60400CF0ABF965212D
:108C2C0014200CF0ADF9024B1B681844A86038BD39
:108C3C00009200200000000008B52DED028B9FED86
:108C4C00228A224901200CF09BF907EE900AF8EEDB
:108C5C00E77AC7EE888AF5EE408AF1EE10FAF0D08A
:108C6C001A4900200CF08CF907EE900AB0EE680A55
:108C7C00F8EEE77AC7EE888A0EF0AAFCF8EE007AD6
:108C8C0020EE270AB5EE400AF1EE10FA10D4B1EE40
:108C9C00C08AB7EEE80A9FED0A7B20EE070BB7EE11
:108CAC00C00B0EF08DFE20EE080ABDEC028B08BD49
:108CBC000EF066FCB0EE408AEBE700BFAFF300802D
:108CCC00182D4454FB2119400024744941420F00D3
:108CDC00514BDFED527A00B52DED048BD3F80A2001
:108CEC0083B0D3F82E1007EE102A08EE101AB4EE4B
:108CFC00E77AF1EE10FA4BDBB4EEE78AF1EE10FAFC
:108D0C0064DADFED477A9FED477AF4EEC87A464A8B
:108D1C00F1EE10FA77FE887AC7EE278A93F8363090
:108D2C00D2ED007A08EE103A9FED409A4048B8EE2A
:108D3C00488A68EE277AC7EE899AFFF77DFFF1EE35
:108D4C00047AA0EE298AB4EEE78AF1EE10FA38D450
:108D5C00DFED387AB7EE007AB4EEE78AF1EE10FA6E
:108D6C0077FE886AC6EE897A37EE677A68EEA77A5C
:108D7C00314A68EE878A314BFCEEE77AFCEEE88AE2
:108D8C00C2ED007AC3ED008A03B0BDEC048B00BDCC
:108D9C00DFED237AB4EEE78AF1EE10FA03D5224A1E
:108DAC00DFED278ABAE7F3EE047A9FED1E7A1E4AAE
:108DBC00B4EEE78AF1EE10FA77FE887AC7EE278ACE
:108DCC00ACE79FED207ADFED207ACFE7164A9FEDD6
:108DDC00177AD2ED007A164868EE277A0192C7EE20
:108DEC00878AFFF729FFDFED0E7A019A0A4BA0EE76
:108DFC00288AB4EEE78AF1EE10FAD1D4F3EE047AB5
:108E0C009FED087AB4EEE78AF1EE10FA77FE887AD5
:108E1C00C7EE278A82E700BFEC8F00206F12833ADF
:108E2C00CDCCCC3D00247449642A00200000C842FB
:108E3C00448800200000BE42C885002064860020C3
:108E4C008096184B3333733FCDCC4C3D10B5044654
:108E5C002DED028BFFF7F0FE2046F0EE408AFFF777
:108E6C00EBFEB0EE408A2046FFF7E6FE28EE088ABD
:108E7C00A8EEA88AA0EE008AB0EE480ABDEC028BE0
:108E8C0010BD00BF2DE9F04F2DED028B83B01C46B9
:108E9C00BDF93850BDF93C30BDF84070AB46BDF85B
:108EAC00446099462B4347EA06051D43ADB235B9DC
:108EBC00DFED737AB4EEE70AF1EE10FA2DD4DFF899
:108ECC00D8818A4681680346D8F80050A94240F2FE
:108EDC009A8042EA040109B241BB1AF0010125D182
:108EEC0099829FED687A0021F0EE476A08460244A9
:108EFC00C3ED036A83ED047A47F6FF7321449A426B
:108F0C00A8BF1A469942A8BF19465F4B9A42B8BFF0
:108F1C001A469942B8BF19460C46129B1A80139BED
:108F2C001C8003B0BDEC028BBDE8F08F197D69BBD2
:108F3C000121587D9D611975002800F08C8099697C
:108F4C00691A8F422DD807EE90BAD3ED006A9FEDC7
:108F5C004F6AF8EEE77A93ED037A597D77EEA67AAD
:108F6C00C7EE866A76EE876A00293DD0D969691A00
:108F7C00B14239D3FDEEE67A17EE901A08B207EE3D
:108F8C00900AF8EEE77A76EEE76A11E0597D11B9AE
:108F9C000121DD6159759869281A87425ED900292B
:108FAC009FD0D969691AB1429BD3DFED366A002094
:108FBC0007EE909A93ED017ADFED345AF8EEE77AEA
:108FCC0093ED046A77EE877A87EEA57A37EE067A08
:108FDC00FDEEC77A17EE901A09B207EE901AF8EE6A
:108FEC00E77A37EE677A82E7FDEEE67A9FED257A2F
:108FFC00002117EE900A00B207EE900AF8EEE77A1D
:10900C0076EEE76A73E79FED226AB0EE087ADFED41
:10901C00216AC0EE067A0192009067EEA67A87EE7E
:10902C00878AFFF709FE009B184620EE080A83ED9D
:10903C00000AFFF701FE20EE080A009B65211420B0
:10904C0083ED010A0BF09CFFD8F80010009B08443C
:10905C00019A98603DE75975DD6170E707EE90BAAB
:10906C00D3ED006A9FED096AF8EEE77A93ED037A87
:10907C0077EEA67AC7EE866A76EE876A76E700BF49
:10908C006F12833A000000000180FFFF00007A4459
:10909C000000C8420000FA4300920020B0EEC07AF3
:1090AC00D0ED037AF0EE606AF4EEC77A70B5F1EEAB
:1090BC0010FA04460D4616462DED048B82B001DBEA
:1090CC009FED3A0AB0EEE67AF4EEC77AF1EE10FABA
:1090DC0001DBDFED366AB7EE006AD4ED025A344A92
:1090EC00344B76EE657A92ED007A94ED048A93ED2A
:1090FC00005A27EE877AD4ED060A67EE857AA5EE3C
:10910C00807AE5EEA67A28EE070A82ED007A28EE40
:10911C00278AC3ED007AB5EEC00AF1EE10FA3EDBF9
:10912C00F0EE468AB0EEC00ACDED010A0EF0BCFAA4
:10913C00B5EEC08A60EE288ADDED010AF1EE10FA78
:10914C0030DBB7EE009AB0EEC80A0EF0ADFAD4EDF3
:10915C00057A20EE090AF4EEE87AF1EE10FA07D45B
:10916C00F1EE677AF4EEE87AF1EE10FA77FEA87A6F
:10917C00C5ED007AD4ED057AF4EEC07AF1EE10FA72
:10918C0007D4F1EE677AF4EEC07AF1EE10FA77FEBE
:10919C00807AC6ED007A02B0BDEC048B70BDFFEE98
:1091AC00008ABFE7BFEE009ACDE700BF00000000C9
:1091BC00E4850020E8850020002211491148002395
:1091CC0010B40A60104902600A601048104903701C
:1091DC000B80104C1049114822600A600260104C40
:1091EC001049114A23700B70104C13701048114920
:1091FC00114A2370037013700B6010BC704700BFD2
:10920C00E8850020E4850020C081002041930020E7
:10921C001E930020BC810020E0850020DC8500200E
:10922C003C9300202B930020389300203193002096
:10923C002F930020D0860020369300202DE9F04F8C
:10924C00BA4EBB4ABB4DBC4CD2F8008095ED007AAF
:10925C00D4ED006A2DED028BB37991B0002B40F068
:10926C000A81B5EE407A00220023B4492260F1EE67
:10927C0010FA2A60F5EE406AB14A0B7013700CBFFD
:10928C001A460122F1EE10FA0CAB0CBF934642F0D9
:10929C00010BAC4E327822B1AB4A1268904580F08B
:1092AC008180AA4AAA4FD2F8281C002900F03582E6
:1092BC001946A848FBF752FE002840F06B813E8807
:1092CC00A54AA64BB6B211881B78B142A449DBB2B1
:1092DC0006D10878984203D1BBF1000F00F0F2815F
:1092EC00168007A89F4ABFEE000A0B7008A91368E6
:1092FC0001331360F8F7CAFF9B4B95ED007AD3ED61
:10930C00007A77EE877AF4EEC07AF1EE10FA07D491
:10931C00B7EE000AF4EEC07AF1EE10FA30FE270A2E
:10932C00924BFFEE000A94ED007AD3ED007A77EEC3
:10933C00877AF4EEE07AF1EE10FA07D4F7EE000A31
:10934C00F4EEE07AF1EE10FA70FEA70A884B4FF0BB
:10935C000008884A6FF02E0C93F80090F025ACEBC7
:10936C00020C40464FF0010E07E008F101080135F0
:10937C00B8F1070FEDB200F0AA8129FA08F3D9076A
:10938C00F3D57D4901F1100701EB0C0311F8014FE6
:10939C000EFA03F303439BB2AC4208BF1846B94222
:1093AC00F2D1E2E7754A194608A801931778002212
:1093BC00BFEE000A32706E4A1770F8F767FF6A4A00
:1093CC0095ED007AD2ED007A019B77EE877AF4EE78
:1093DC00C07AF1EE10FA07D4B7EE000AF4EEC07AB8
:1093EC00F1EE10FA30FE270A604AFFEE000A94ED07
:1093FC00007AD2ED007A77EE877AF4EEE07AF1EE2D
:10940C0010FA07D4F7EE000AF4EEE07AF1EE10FA57
:10941C0070FEA70A574A6FF02E0ECDF804804FF05D
:10942C00F00CAEEB020E00204FF001094FF00008DB
:10943C00CDE902323A4609E008F101080CF1010CC1
:10944C00B8F1070F5FFA8CFC00F0508122FA08F398
:10945C00DF07F1D5484901F1100701EB0E0311F8B4
:10946C0001AF09FA03F303439BB2E24508BF184668
:10947C008F42F2D1E0E7F37903F11002D2B2042A61
:10948C0040F25E81043BDBB2E32B3FF6EAAE3C4B91
:10949C001B785FFA83FBBBF1000F3FF4E2AE274B66
:1094AC001A7812B9374AC2F80080374A012119706C
:1094BC001368984500F04C81324BC2F800801F684D
:1094CC00D6F80CC0A8EB0707336B6745C0F05C817E
:1094DC00DFED2E5A07EE903A9FED2D6A0CABC7EEDE
:1094EC00A57A67EE867AF0EE675AC5ED007AB7EE8C
:1094FC00006AF4EEC67AF1EE10FA76FE277A104A7C
:10950C000121C4ED007A1170B4EE657AF1EE10FA17
:10951C007FF4BFAED4ED007AF4EE667AF1EE10FA79
:10952C0014BF4FF0010B4FF0000BB2E6948F0020EC
:10953C0000920020DC850020E08500203193002083
:10954C002B9300202F930020D0860020A0650020B4
:10955C001E930020A0450020229300203C93002065
:10956C004B93002064880020BC810020C081002027
:10957C0041930020548F0020838F002036930020CD
:10958C0038930020788600207086002000504347D6
:10959C0000000000704871490268BDF93230013298
:1095AC0007EE903A02600A68B8EEE70A6C4813447A
:1095BC0006AA0B6005A9BDF9343000EE903A0023E1
:1095CC00F8EEE00A05930693FFF768FD9DF830204E
:1095DC00644B02F01F021A709DF93630002B40F3D9
:1095EC00A58008F13C0020215F4B3170186042EAE5
:1095FC0001065E4B9DED056A08A91E7007A85C4B21
:10960C00BFEE000ADDED066A83ED006A594BC3ED2F
:10961C00006AF8F73BFED5ED007A76EE277AF4EE89
:10962C00C07AF1EE10FA07D4B7EE000AF4EEC07A65
:10963C00F1EE10FA30FE270AD4ED007AFFEE000AA4
:10964C0076EEA77AF4EEE07AF1EE10FA07D4F7EEA4
:10965C00000AF4EEE07AF1EE10FA70FEA70A4FF071
:10966C0000093F4A6FF02E0EF02548464FF00108D6
:10967C00AEEB020E06E009F101090135B9F1070F55
:10968C00EDB214D026FA09F3DB07F4D53A4901F10F
:10969C00100C01EB0E0311F8014F08FA03F303430E
:1096AC009BB2AC4208BF18466145F2D1E3E73B8858
:1096BC00DDED081A18439DED071A92F82C1080B2B4
:1096CC00FBF79EFD11B0BDEC028BBDE8F08F304373
:1096DC00DDED081A9DED071A92F82C1080B2FBF7FD
:1096EC008FFD11B0BDEC028BBDE8F08F039A234FB8
:1096FC0092F82C103A88DDED0C1A10439DED081AE7
:10970C00DDE9018380B20193FBF77AFD1C4A019BD2
:10971C00D2F8281C00297FF4CBADD2F8C82C002A33
:10972C007FF4C6AD17493A800A70C1E506D008F13E
:10973C003C0340210C483170036058E7317856E700
:10974C000A4AF03B127842FA03F303F0010BA2E64B
:10975C00F0EE475A0CABD7E6608600205C86002002
:10976C00548F002036930020D08600204193002097
:10977C00BC810020C0810020838F00201E9300201C
:10978C00A06500203C930020DFF8C4920DF1200E60
:10979C00306907EE903AD9F804100CABD9F80820D0
:1097AC009FEDA96AAEE80700B9F80C20C7EE867ADF
:1097BC00D9F81210AEF800209E46D9F81620D6F82B
:1097CC001E00AEE80700B9F81A20AEF80020B28DE2
:1097DC00F18D9742C0F0E480B81AACEB0202F1EEC6
:1097EC00084A10AE05EE900A06EE102AF8EE655AFD
:1097FC00B8EE466A85EE865A25EE245ABDEEC56A49
:10980C0016EE100A05280246A8BF052206EE102AFD
:10981C0006EB420232F9206CB8EEC66A01EE906A91
:10982C0032F91E6C35EE465A02EE106AF8EEE11A69
:10983C00B8EEC22A002840F0DB8032EE614A32F9E1
:10984C001C2CB6EE006A04EE902AF8EEE44A74EE94
:10985C00E14A64EE864A65EE053A8F42F0EE082A3C
:10986C00F0EE000A25EE231A63EEA22AF7EE005A58
:10987C00B0EE416A31EE633AA3EEE06AF0EE623A82
:10988C00E1EE602AD1EE203A36EE056A26EE046A45
:10989C0033EEA55AA1EE856AA2EE226AA3EE246AE3
:1098AC00F0EE463AC0F09280ACEB01027F1AF1EE7A
:1098BC00084A10A805EE902A06EE107AF8EE655AC2
:1098CC00B8EE466A86EE255A25EE245ABDEEC56AD8
:1098DC0016EE101A05290A46A8BF052206EE102A14
:1098EC0000EB4202B8EEC66A32F9100C35EE465A5D
:1098FC0006EE100A32F90E0CF8EEC62A00EE100A2B
:10990C00B8EEC00A002950D130EE624A32F90C2C64
:10991C00B6EE006A04EE902AF8EEE44A74EEE24ADF
:10992C0064EE864A25EE052AB0EE086AF0EE000ACF
:10993C0025EE023A22EE066AF7EE001A63EEA73A1B
:10994C00B0EE461AA3EE606AFFEE005A93EE201AB0
:10995C00F4EEE53AB0EE468AB0EE436AF1EE10FA58
:10996C0033EE423AA2EE606A36EE056A31EE215AC7
:10997C0026EE046AA2EE856AA0EE086AA3EE246ABB
:10998C005AD566EE277AC5ED005ABFEE006AF4EEA2
:10999C00C67AF1EE10FA7FF5AAADF0EE467AAEE596
:1099AC008F4237D3DFED293A7EE732F9120CB6EE4F
:1099BC00006A042904EE100AB8EEC44A30EE444A98
:1099CC0024EE064AA2DD70EE624AABE766EE273A59
:1099DC009FED1E6ABFEE005A67EE867AF4EEC53A2A
:1099EC00F1EE10FA1FD5F0EE455A85ED005A7EE5E2
:1099FC0032F9226CB6EE006A042804EE106AB8EE56
:109A0C00C44A32EE444A24EE064A7FF718AF72EE8F
:109A1C00614A20E79FED0D6A67EE867AF0EE675A91
:109A2C00C5ED007A63E5F4EEE53AF1EE10FA75FE59
:109A3C00A35AC5ED005A5AE5F4EEE13AF1EE10FAEC
:109A4C0071FEA35A9DE700BF005043470000000081
:109A5C00A48F0020002216491648002310B40A6077
:109A6C001549164C0A601649026016480B80226094
:109A7C001549164C0370164823700A60154C16498C
:109A8C000260164A16480B7023701649164C137058
:109A9C000370164A16480B6023701649164C10605A
:109AAC00164B174A0C6017481A6010BC0BF07AB9A9
:109ABC00E8850020E4850020C0810020BC810020C6
:109ACC001E93002041930020E08500203C93002051
:109ADC00DC850020319300202B930020389300204C
:109AEC002F930020D086002036930020B8810020D0
:109AFC00548F0020DC870020F5010000EC8700204B
:109B0C00A1020000F029002038B51B4B1A78E2B1F5
:109B1C001A49002308681A4A1A4C1B491B4D23602A
:109B2C0008601B4C1B492B70D2F80A00D2F806C0F7
:109B3C00194AC4F800C0086001211360174C18487A
:109B4C00184A23600370117038BD172001250BF0E3
:109B5C00D1FA04460BF008FD60400BF00BFA6521BE
:109B6C0014200BF00DFA05490F4A0C68024B2044E7
:109B7C001D709060CDE700BF3B9300200092002049
:109B8C00EC8F0020C88600205486002035930020DE
:109B9C00602A0020642A0020708900206C89002033
:109BAC003D930020243100204488002000B587B06C
:109BBC00FFF7AAFF0023142101A80593CDE9013377
:109BCC00CDE903338DF805100CF064FF07B000BD30
:109BDC0070B5DFF8CCE392B09EF800C0BCF1000F7A
:109BEC0027D00CF0FF034FF0000C102B8EF800C0A8
:109BFC0021D903F17F0C5FFA8CFCBCF1100F18D843
:109C0C00813B102B15D8DFE813F02401010114005F
:109C1C00DE001400140014001400140014001400CE
:109C2C001400140014001400D7003F00CE480BF0B1
:109C3C00B9F812B070BD013B15460C4606460F2B09
:109C4C00F7D801A252F823F0437F0000A57E000054
:109C5C00237B0000B97D0000237B0000237B0000E8
:109C6C00237B0000237B0000237B0000237B000070
:109C7C00237B0000237B0000237B0000237B000060
:109C8C00237B00007D7D00009121B84BB84A5970B0
:109C9C00B8491288DFF80CC3B74892B2D1F8284CF7
:109CAC00DCF800E00068002C00F022824FF0010C80
:109CBC00B249FFEE007AC3F806E091F800E000210B
:109CCC006CF30701DFF8E0C29CF894C36CF30F212E
:109CDC00DFF8C0C262F31741120A62F31F6100225F
:109CEC00C3F802106EF307029CF800104FEA102E16
:109CFC00DFF8B8C261F30F22A149DCF800C0096893
:109D0C00C3F80FC0DFF8A8C2003983F80EE09CED51
:109D1C00007A18BF0121B4EEE77A61F31742994932
:109D2C0060F31F62F1EE10FA0968C3F80A20C3F859
:109D3C00131000F1E981F7EE007ADFED936AB4EECF
:109D4C00E77AF1EE10FA77FE877A67EEA67AFDEEE7
:109D5C00E77A17EE902A5FFA82FEC2F307228B494C
:109D6C00FFEE007A91ED007AB4EEE77AF1EE10FA9C
:109D7C0000F1C681F7EE007ADFED836AB4EEE77A84
:109D8C00F1EE10FA77FE877A67EEA67AFDEEE77AA7
:109D9C0017EE901A5FFA81FC090AD9767C4908788B
:109DAC00002160F307016EF30F2162F317416CF38E
:109DBC001F61C3F817103CE7764A90216B4B127861
:109DCC0059709A7035E769484FF0840C931D363200
:109DDC00811C80F801C01868103353F80CEC10315A
:109DEC00044653F808CC53F8040C934241F8104C39
:109DFC0041F80CEC41F808CC41F8040CEBD1186894
:109E0C005A6808604A601B890B8112E757484FF06B
:109E1C00820C8B1D3631821C80F801C018681033FF
:109E2C0053F80CEC1032044653F808CC53F8040CDD
:109E3C008B4242F8104C42F80CEC42F808CC42F839
:109E4C00040CEBD118685968106051601B891381A0
:109E5C00EFE646494FF0810C831D36308A1C81F8A1
:109E6C0001C01968103353F80CEC10320C4653F83F
:109E7C0008CC53F8041C834242F8104C42F80CEC0A
:109E8C0042F808CC42F8041CEBD1DBE7374B98784E
:109E9C00831E012B3FF6CDAE3E4B01901870FEF7A2
:109EAC006DF9019803287FF4C4AEFFF72DFE002353
:109EBC00142102A80693CDE90233CDE904338DF8C1
:109ECC0009100CF0E7FDB4E60121334B33480DF1DA
:109EDC000E02ADF80C1003F130010290186810332B
:109EEC00103242F8100C8B4253F80C0C42F80C0C4C
:109EFC0053F8080C42F8080C53F8040C42F8040C04
:109F0C00ECD15868D3F800C019890DF10D035060DD
:109F1C000DF14700C2F800C01181002213F8011F97
:109F2C00984282EA0102F9D102A88DF80D20FAF7C5
:109F3C00E3FB00283FF47AAE02ACAC46A6460CF12B
:109F4C00100C1034BEE80F004CF8043C12AB4CF86B
:109F5C00100C9E454CF80C1C4CF8082CEED12846E5
:109F6C00FEF790FB65E600BFF0290020F08D002085
:109F7C001E930020A0650020648800202E930020F2
:109F8C00B88100205C86002000FEFF46E0850020A2
:109F9C002B93002028310020F28D002031534941B1
:109FAC005093002074890020A0750020608600204A
:109FBC00DC8500200221564B56480DF10E02ADF8FF
:109FCC000C1003F13001029018681033103242F873
:109FDC00100C8B4253F80C0C42F80C0C53F8080C78
:109FEC0042F8080C53F8040C42F8040CECD15868F5
:109FFC00D3F800C019890DF10D0350600DF1470025
:10A00C00C2F800C01181002213F8011F834282EABA
:10A01C000102F9D102A88DF80D20FAF785FC002871
:10A02C003FF404AE02ADA446AE460CF1100C103554
:10A03C00BEE80F004CF8043C12AB4CF8100C9E45DB
:10A04C004CF80C1C4CF8082CEED12046FEF77AFA92
:10A05C00EFE504212E4B30480DF10E02ADF80C103B
:10A06C0003F13001029018681033103242F8100CD2
:10A07C008B4253F80C0C42F80C0C53F8080C42F8B9
:10A08C00080C53F8040C42F8040CECD15868D3F8C3
:10A09C0000C019890DF10D0350600DF14700C2F895
:10A0AC0000C01181002213F8011F834282EA0102D1
:10A0BC00F9D102A88DF80D20FAF79AFB00283FF48D
:10A0CC00B5AD0DF1080CB646BCE80F00AEE80F00BC
:10A0DC00BCE80F00AEE80F00BCE80F00AEE80F00C4
:10A0EC009CE80F008EE80F003046FEF7A1F9A0E5C2
:10A0FC00D1F8C81CB1EB040C18BF4FF0010CD7E51C
:10A10C0080214FF0010C48E680224FF0010E26E62C
:10A11C00F28D0020314D4943314D49412DE9F04F2D
:10A12C00C34C93B006462378002B00F06881C14BDA
:10A13C00C14F1A68D7F82E30DFEDC07A07EE103A0F
:10A14C003568B4EEE77AF1EE10FA0ED497F8394090
:10A15C00012304F01F0403FA04F415EA040140F08F
:10A16C009F80B7480170B7490B7034893560A4F5EE
:10A17C000044758984EAE473A5F50045A3EBE47308
:10A18C00B3F5486F07DC85EAE573A3EBE573B3F52C
:10A19C00486F40F3A980AC4B1B78002B00F0B180CA
:10A1AC00DFF8C0C2DCF800309A4200F02181A74BE6
:10A1BC00DFF8BC921B68CCF80020A2EB0308D7F8A0
:10A1CC000E20B7F832C042459246B7F834E000F2A0
:10A1DC00698100210EAB0DF1280B0A460793002C68
:10A1EC0020460695B8BF04F17F00002D4FEAE01021
:10A1FC00C0F21A81079B804699ED000ACDE904B3A1
:10A20C000023ADF82830ADF83830069BCDE900219D
:10A21C0043F3CF1302B201218D48CDE902CEFEF7F4
:10A22C0031FE069ABDF93830F96BA3EBE213BDF998
:10A23C00282007EE101A874907EE903AA2EB080285
:10A24C00F8EEE77A67EE877AFDEEE77A17EE903A4A
:10A25C0007EE902AF8EEE77A1D4467EE877AFDEE5A
:10A26C00E77A17EE902AC1ED007A14447A4A13600B
:10A27C007A4A47F6FF739442B8BF14469542B8BF6A
:10A28C0015469C42A8BF1C469D42A8BF1D46A4F57E
:10A29C000044A5F500453481758113B0BDE8F08FFD
:10A2AC0006920BF061F966490123069A91F800C0F9
:10A2BC00BCF1000F00F0F181DFF8BCC1DCF800103C
:10A2CC00A0EB010E5F490978002900F0D780644BA0
:10A2DC001B68734500F2E48000235A49CCF8000057
:10A2EC000B7025EA040540E7574800235D490370CD
:10A2FC00086882427CD00A60574A1360554A136042
:10A30C00B6E7524B52481A60CDE90832D7F80680AE
:10A31C00FEF792FC4E488DED070AFEF78DFC4C487B
:10A32C008DED060AFEF788FCDDED067ADDED076A99
:10A33C0067EEA77A9FED4C6A9FED4C7AE6EEA67A13
:10A34C0006EE908ADDE90832E0EE007AE7EE866AE6
:10A35C00F4EEC76AF1EE10FA07D4B2EE0E7AF4EE10
:10A36C00C76AF1EE10FA37FE267ACDE90823404B86
:10A37C00374883ED007A9946D7F80A80FEF75CFCE3
:10A38C0033488DED070AFEF757FC31488DED060A70
:10A39C00FEF752FCDDED067ADDED076A67EEA77A73
:10A3AC009FED316A9FED317AE6EEA67A06EE908A41
:10A3BC00DDE90823E0EE007AE7EE866AF4EEC76A80
:10A3CC00F1EE10FA07D4B2EE0E7AF4EEC76AF1EEA3
:10A3DC0010FA37FE267A2748DFF888C01A4980ED34
:10A3EC00007A01200870DCF8000090427FF4E2AEA5
:10A3FC00184A194B12681B6814441D4438E717207F
:10A40C000AF078FE05460BF0AFF868400AF0B2FD92
:10A41C00652114200AF0B4FD064B1A681044012281
:10A42C0022700B4A906083E605F17F030693E1E608
:10A43C003B93002000920020EC8F00206F12833A97
:10A44C003D9300202431002035930020C886002045
:10A45C00448800206C890020708900200180FFFF57
:10A46C00C8850020548600206F12033DCDCCCC3D16
:10A47C00602A0020642A0020C485002099490968BC
:10A48C0071453FF62EAF0692974ACCF80000137038
:10A49C00FEF71EFC944A1378069A002B3FF421AF6A
:10A4AC00254362E60EAA91490AABD7F8120007922F
:10A4BC00C4458A689B46496807C38C49386A8A89AF
:10A4CC001A80D1F81620079BD1F8121007C3874ABF
:10A4DC00528B1A8000F2EE80A8EB0C03B1EE086AE6
:10A4EC0006EE903AAAEB0C0307EE903AF8EE666A89
:10A4FC0012ABF8EE677A86EEA77A27EE067AFDEEB7
:10A50C00C77A17EE901A05290A46A8BF052207EE4E
:10A51C00902A03EB420232F9203CF8EEE77A05EE82
:10A52C00103A32F91E3C37EE677A04EE903AB8EEE8
:10A53C00C55AF8EEE44A002900F0B98032F9223C01
:10A54C00F6EE007A042903EE903AF8EEE33A74EE54
:10A55C00E33A63EEA73A00F3C28032F91C3CF6EE04
:10A56C00007A05EE903AF8EEE55A75EEC55A65EEAE
:10A57C00A75A67EE076AB0EE086AF0EE002A27EEDB
:10A58C00264A26EE866AB7EE002AF0EE447AB0EE42
:10A59C00463AA4EE626AE6EEE27A94EE223A74EE61
:10A5AC00666A77EE877A33EE027A67EEA37AE5EE87
:10A5BC00077AE4EE867AE6EEA57AFDEEE77A17EEF8
:10A5CC00903A1AB2C64577D8A8EB0E03B1EE086ADA
:10A5DC0007EE903AAAEB0E0307EE103AF8EE677A04
:10A5EC0012ABB8EE477AC7EE876A26EE867AFDEE96
:10A5FC00C77A17EE900A05280146A8BF052107EE79
:10A60C00901A03EB410131F9103CF8EEE77A05EEB4
:10A61C00103A31F90E3C37EE677A04EE903AB8EE08
:10A62C00C55AF8EEE44A002848D174EEC53A31F91F
:10A63C000C3CF6EE007A05EE903AF8EEE55A75EE23
:10A64C00C55A65EEA75A67EE076AB0EE086AF0EED7
:10A65C00002A27EE264A26EE866AB7EE002AF0EE8E
:10A66C00447AB0EE463AA4EE626AE6EEE27A94EEF2
:10A67C00223A74EE666A77EE877A33EE027A67EEE8
:10A68C00A37AE5EE077AE4EE867AE6EEA57AFDEE9D
:10A69C00E77A17EE903A19B2A1E50B7025431249EF
:10A6AC000B70134B1860FEF713FB069A5DE574EE06
:10A6BC00C53A52E7002285E7002190E531F9123CBA
:10A6CC00F6EE007A042803EE903AF8EEE33A74EED4
:10A6DC00E33A63EEA73AAADD74EEC55AB3E774EE1B
:10A6EC00C55A46E76486002024310020FE8F0020E6
:10A6FC00C485002030B58FB06D4807A9FAF780FCEF
:10A70C0088B96C4A127862B16B4A6C4912780C6841
:10A71C00002A00F09C806A4A1268A41A322C00F2BB
:10A72C00B4800FB030BD654800226649046807A8A4
:10A73C00614B0C6001211A705E4B1970FFF7EEFC37
:10A74C009DF83410002214230829029205928DF8EA
:10A75C0009300692079B00F2A8805B4A525C90007D
:10A76C00C2F3C00100F0040001435008920000F055
:10A77C00020002F00802014341EA02059908BDF803
:10A78C0020E09A08BDF822C01C0101F0100102F073
:10A79C0020028EF4004E04F010048CF4004C114393
:10A7AC00C3F3001202A822435C0A41EAC4119C08BC
:10A7BC0004F040042143DC0842EAC41229431C097A
:10A7CC0004F0020422431C0104F0400304F02004B2
:10A7DC0022430024134361F30704BDF82420142101
:10A7EC0063F30F24002382F400426EF307034EF34D
:10A7FC00072E6EF30F236CF317434CF3072C6CF3FB
:10A80C001F634FF0000CCDF80E3062F3070CBDF84F
:10A81C00263042F3072283F4004362F30F2CBDF879
:10A82C00282063F3174C43F30723120A63F31F6CBE
:10A83C00BDF82A3062F317441B0ACDF812C063F33B
:10A84C001F64CDF80A400CF025F90FB030BD1D4B3C
:10A85C0040F6B8311B68E31A8B427FF662AF1421C5
:10A86C00102302A80692CDE90222CDE904228DF82C
:10A87C0009108DF80B300CF00DF912490122104B18
:10A88C000C600D491C600A704BE714210690019076
:10A89C00CDE90200CDE9040002A88DF809100CF0F6
:10A8AC00F9F8054A019B13703BE7154666E700BFB4
:10A8BC00A04500204C9300204D93002000920020D6
:10A8CC00B08A0020AC8A00203C18002008B5144B3C
:10A8DC004FF480720021186012480EF069FC4FF49E
:10A8EC008062002110480EF063FC00230F4A4FF0E9
:10A8FC00FF0C0F490F480B7080F800C00E49DFF8B1
:10A90C004CC00E48C1F800C0C2E900330C4A1370A9
:10A91C000C4B0D4A1A60BDE808400AF043BA00BF60
:10A92C006889002068880020C48100207C86002073
:10A93C004393002022310020DC870020F0290020E6
:10A94C003E930020EC870020410500008924000084
:10A95C00014B1860704700BFB4810020354B1A784A
:10A96C0010B532B1344A354912680968521A002AB6
:10A97C002ADA334B1A7842B12F4A324912680968E5
:10A98C00521A002A01DB00221A702F4B1A7842B19E
:10A99C00294A2E4912680968521A002A01DB002242
:10A9AC001A702B4A137873B12A49087807280AD8E9
:10A9BC002949096839B1DFF880C0012BDCF8004067
:10A9CC0011D0022B06D010BD002224481A700AF0B8
:10A9DC00E9F9CEE7224B1B68E31A002BF3DBBDE849
:10A9EC001040F7F7C9BF1E4B1B68E31A002BEADBBC
:10A9FC00D1F807304FF01A0CDFED1A7A00EE103A4E
:10AA0C00194B1B78B4EEE70A03EB8303F1EE10FA53
:10AA1C000CFB00331944B1F8150009D418B1F7F741
:10AA2C00C5FD0B4A044402230D4913700C6010BD84
:10AA3C000444F8E72D930020009200207486002037
:10AA4C0033930020C48600204093002058860020B9
:10AA5C00439300202231002068890020F029002037
:10AA6C00B48600200AD7233C3F93002038B54D48CC
:10AA7C000024FAF72DF800250AF046FE4A4B4FF653
:10AA8C00FF724A494A489A85A3F8502045F264025D
:10AA9C001C72A3F87C2002F51B22DC601C745C8306
:10AAAC00DD611D6283F824409C621D635D639D63C0
:10AABC00DC631D645D649D64DD6483F852405D65F8
:10AACC009D65DD651D665D669D66DD661D67C3E97A
:10AADC001D416421C3E9004483F87E10C3F894003F
:10AAEC003448C3F880201422C3F89800324883F805
:10AAFC0084204FF07E52C3F89E0041F2014083F84F
:10AB0C009010A3F8A20078202C49C3F8B020C3F809
:10AB1C00B420C3F8B82040F20112A3F8A4000F200F
:10AB2C000A62012283F8A600C3F88640C3F88A4063
:10AB3C00A3F88E40A3F8924083F89C40C3F8A85029
:10AB4C00C3F8AC5083F8BC40C3F8C0401C48C1E902
:10AB5C000044C1E90244C1E90444C1E90644C1E925
:10AB6C000944C1E90B448C862146FBF7E5FF04221E
:10AB7C0003211448FBF7E0FF082309220A2112489D
:10AB8C0009F0BEFE232324222521104809F0B8FE2B
:10AB9C000F4B1D605D609C60DD601D61DC61C3E975
:10ABAC00054438BDA04500207C8E00200400280000
:10ABBC000032E803E80300647800DC05388E0020DE
:10ABCC000488002020880020089200208C9200200D
:10ABDC00448800200AF098BD284A9FED297AD2EDCE
:10ABEC00006A284BF4EEC76AD3ED007AF1EE10FA46
:10ABFC0007D4F4EEC77AF1EE10FA12D59FED220AC3
:10AC0C0070479FED217AF4EEC77AF1EE10FAF5D485
:10AC1C00B3EE040AF4EEC07AF1EE10FA30FE270A15
:10AC2C0070471A4A9FED1A7AD2ED006A194867EEFE
:10AC3C00A67A00B5C7EE876A83B0CDED016AFDF741
:10AC4C00FBFF104BDDED016AD3ED007A9FED0E7A20
:10AC5C00E0EE267AF4EEC77AF1EE10FA09D4B3EEF0
:10AC6C00040AF4EEC07AF1EE10FA30FE270A03B0B3
:10AC7C0000BD9FED050A03B000BD00BF442E0020AF
:10AC8C006F12833A0C910020CDCCCC3D482E002085
:10AC9C000000C842D08D00201C4B1B784BBB1C4BBA
:10ACAC001C4A1978B2F90030022923D0DFF878C099
:10ACBC0019499CF800C0CCEBCC0CA3EB0C0318444A
:10ACCC0081FB00310B18C117C1EBA301134BC1EB76
:10ACDC00C101401A0730A3FB0013C11A03EB510347
:10ACEC009B08C3EBC303C01A60440D4B01211080B9
:10ACFC001970704718440B49431D81FB0301D81789
:10AD0C00C0EB610000EB8000181AEEE72A3100203E
:10AD1C002831002024930020932449922549922421
:10AD2C002631002067666666549300200D4B9B7B92
:10AD3C009BB90D4BDFED0D7A93ED007AB4EEE77A0B
:10AD4C00F1EE10FA09D4C30707D5094B1B782BB1C8
:10AD5C00084B1B7813B900F0FE00704740F001005F
:10AD6C00704700BFA04500200C9100206F12833A61
:10AD7C002A930020429300206B4B1B7803B1704741
:10AD8C006A4A6B4B30B5117887B0B3F900300229A1
:10AD9C009AB220D0062A1CD9073A062A47D8073B74
:10ADAC00644931F91320DFF8C4C10244B2F5FA7FCB
:10ADBC00A8BF4FF4FA726245B8BF624621F813205F
:10ADCC00FDF7F0FE01235C495C4A0B70137007B071
:10ADDC0030BD5B49E5E7042AF4D80DEB8305594AED
:10ADEC0003EB8303DFF888E107EE900A0DF1040C06
:10ADFC0002EB8304B8EEE76AD4ED036A94ED017AB2
:10AE0C00BEE80F00ACE80F00DEF80030CCF80030E4
:10AE1C006B68D3ED007AE6EE267AF4EEC77AF1EEA3
:10AE2C0010FA0DD583ED007AFDF7BCFECAE70E3B98
:10AE3C00062BC5D8DFE803F0736361482D1F0D00A6
:10AE4C0094ED027AF4EEC77AF1EE10FA37FE277A17
:10AE5C00E8E73D4B4FF0190C42F21072196810FBE9
:10AE6C000C109042A8BF1046B0F5FA7FB8BF4FF453
:10AE7C00FA701860A4E7354A4FF00503117810FBFF
:10AE8C0003135F2BA8BF5F23052BB8BF05231370DB
:10AE9C0096E72F4B07EE900A93ED007AF8EEE76AEF
:10AEAC00DFED2C7AA6EEA77AB4EEE77AF1EE10FA83
:10AEBC0007D4F2EE0E7AB4EEE77AF1EE10FA77FEE2
:10AECC00877AC3ED007A7BE707EE900A224B9FED61
:10AEDC00217AF8EEE76AD3ED007AE6EE877AF5EEA2
:10AEEC00C07AF1EE10FA1CD4B3EE047AF4EEC77A01
:10AEFC00F1EE10FA77FE277AE3E7184BCAE7184A07
:10AF0C00B2F800C04FF0050340F6B83110FB03C394
:10AF1C008B42A8BF0B4623EAE373138050E7114A18
:10AF2C00EEE7DFED117ACCE72A3100202831002042
:10AF3C002493002020910020263100202B3100206A
:10AF4C001091002004120020542E002029310020E2
:10AF5C00442E0020CDCCCC3D0C9100204C2E00205A
:10AF6C002893002026930020000000000CFEFFFF19
:10AF7C006C09002008B5144B1B78022B23D0134806
:10AF8C004FF0010C124B0178DFF854E06144A3FB45
:10AF9C000123104A82F800C003F4FF7202EB530342
:10AFAC000D4AC91A82F800C00A22C1EBC103017014
:10AFBC000A48AEF80030002309F01CFF0748BDE832
:10AFCC00084009F0EFBE08BD283100205493002042
:10AFDC00ABAAAAAA263100202B310020F029002090
:10AFEC0024930020124A08B5137883F001031370E0
:10AFFC0063B1002107200AF0E1FA222000210AF0B7
:10B00C00DDFA0C48BDE8084009F0CCBE0121072050
:10B01C000AF0D4FA012122200AF0D0FA01230649C1
:10B02C00064A0B7013700348BDE8084009F0BABE1D
:10B03C002A310020F0290020263100202B3100205D
:10B04C003B4B10B51A783B4C022AB4F9003027D090
:10B05C009AB2062A1BD8384A002122F81310FDF7A1
:10B06C00A1FD364BB4F9001001221B68344C354855
:10B07C00C83321700360344C344B354822701A703D
:10B08C0009F084FE3248BDE8104009F08BBE073A47
:10B09C00062A0CD82F4A073B002122F81310DEE7B2
:10B0AC00042BDCD8DFE803F011151A1F0C000E3B43
:10B0BC00062BD4D8DFE803F037332E2A25211C00C9
:10B0CC004FF07E52244B9A61C9E7234B234A9A6076
:10B0DC00C5E74FF08042204BDA60C0E74FF07E525C
:10B0EC001D4B1A61BBE74FF07D521B4B5A61B6E703
:10B0FC001B4B41F288321A60B1E71A4B46221A7088
:10B10C00ADE74FF07E52184B1A60A8E7174B0022A0
:10B11C001A60A4E74FF07E52154B1A609FE7154B4F
:10B12C0000221A809BE7144B00221A8097E700BF7D
:10B13C002831002024930020109100200092002040
:10B14C0027310020508F0020263100202B31002089
:10B15C00F029002020910020548F00209A99993ECC
:10B16C00542E002029310020442E00200C91002068
:10B17C004C2E0020289300202693002038B50E4C2E
:10B18C000E482378012B14BF0125022509F00AFE75
:10B19C002378AB420ED02846FCF7F0FF074809F0A5
:10B1AC0001FE32200AF08AF94FF0E023044AC3F87A
:10B1BC000C2DFEE738BD00BF28310020F0290020FF
:10B1CC000400FA052DE9F047AC4C90B0AC4EAD4FF5
:10B1DC0094F80E8035683A78B8F1000F17D0002A31
:10B1EC0000F03E810CA9A54887F80080F9F7B6FE5F
:10B1FC00C0B9A54BDFF8D4821A68AA4257D198F887
:10B20C000060002E00F0018110B0BDE8F087002A2C
:10B21C00E8D09E4ACDF83A8012788DF83E8022F024
:10B22C00010221E1BDF93430BDF93220002B9848E0
:10B23C00964FB8BF5B42002A0168B8BF524292B227
:10B24C0012FA83F3934A07EE903A1944B8EEE77A70
:10B25C00D2ED127A01609DF8300077EE877A00F01B
:10B26C000101C2ED127A3A7802F0010282F0010378
:10B27C00034040F02D8181F00101DFF850820A4239
:10B28C0040F0E980844B38701D60A37B1BB140F00B
:10B29C0001008DF83000FFF749FD0CA98DF8300046
:10B2AC007648F9F7A5FE784B1A68AA42A7D0774FD3
:10B2BC001D60A37B3978002B40F0ED81774ADFEDE0
:10B2CC00787A92ED007AB4EEE77AF1EE10FA02D4C5
:10B2DC00CA0700F14381734B1A78002A40F0C581EC
:10B2EC000DF1380A704B1B788BBBDFF8DCC198F87A
:10B2FC0000209CF80030EAB9ADF82A20ADF82C20DB
:10B30C0053BB6A4A16886A4AB2F800C01A466948A2
:10B31C00CDE90032684BCDE9026C93ED000A0BAB22
:10B32C0005930DF12A03049300231A46FDF7AAFD99
:10B33C00397811E05BB9614832680068121A6048CC
:10B34C000068904200F2F28101238CF80030002357
:10B35C00ADF82A30ADF82C304E4E01F00103B3712C
:10B36C00C1F340033046F371FAF744F84FF0000391
:10B37C0052460DF12E01B7EE000A3046ADF82E30D4
:10B38C00ADF83830FAF7D4FABDF82A10BDF82E30E3
:10B39C00BDF82C201944BDF838301A44ADF82A10E9
:10B3AC0041EA0203ADF82C209BB2002B3FF427AFEF
:10B3BC003878FFF7BBFC4FF00003ADF83A1051465C
:10B3CC008DF838002D488DF83E30ADF83C20F9F75B
:10B3DC000FFE7379002B3FF412AFBDF92A103948D8
:10B3EC0009F0D4FCBDF92C10364809F0CFFC002331
:10B3FC000A222946334809F0FDFC324809F0D2FCF8
:10B40C0098F80060002E7FF4FFAE1C48F9F7F2FDAF
:10B41C0000283FF4F9AE204A1368EB1AB3F57A6FA3
:10B42C00FFF4F2AE19480EA9A37B156002781348FD
:10B43C001343CDF83A608DF83E608DF83830F9F74B
:10B44C00D7FD33460A2204211E4809F0D3FC1D48BF
:10B45C0009F0A8FCD8E61C4A88F80030137011E7F4
:10B46C00CDF839200F92012220460EA98DF83820F4
:10B47C00F9F7BEFD134809F095FCB3E6A045002092
:10B48C000092002034930020B48A002032930020D4
:10B49C00BC8600207C8E0020E88700200C910020C8
:10B4AC006F12833A2A930020559300202693002094
:10B4BC0028930020D08D0020502E002008910020D1
:10B4CC00542E0020F029002053930020529300208A
:10B4DC003268814BDFF850821A60012300227F48CA
:10B4EC0088F800307E4B1A70FDF7B0FC7D4BDFED19
:10B4FC007E6A93ED007ADFED7D7AA0EE267AB4EECB
:10B50C00E77AF1EE10FA07D4F2EE0E7AB4EEE77A9F
:10B51C00F1EE10FA77FE877A754B7048C3ED007A1E
:10B52C00FDF794FC734BDFED706A93ED007ADFED61
:10B53C006F7AA0EE267AB4EEE77AF1EE10FA07D421
:10B54C00F2EE0E7AB4EEE77AF1EE10FA77FE877A25
:10B55C00694B9DF83000C3ED007A93E606930AF030
:10B56C0003F8664A069B1178002900F0CE81644AE4
:10B57C00DFF8B0E11168A0EB010C9EF80010002977
:10B58C0040F098805F4B1968614500F2BA811060F9
:10B59C0001215D4A8EF8001092F800901170FFF7AF
:10B5AC001BFB5A49DFED5A7A0B7887EE807A5249A9
:10B5BC0007EE903A9FED576AD1ED006A47488DED42
:10B5CC00096AF8EE677A67EEA66ACDED077AC6EEE1
:10B5DC00865A8DED087ACDED065AFDF72DFBDDED83
:10B5EC00065AF1EE046ADDED077A9DED087AE5EE78
:10B5FC00807A454A434BF4EEE67AF1EE10FA00F10C
:10B60C00DD81DFED455AF7EE006A9DED096AF4EE37
:10B61C00E57AF1EE10FA75FEA75AC5EE867A76EE4B
:10B62C00E76A67EE277A107827EE267A3B4A81453F
:10B63C003978FCEEE77ABCEEC77AC2ED007A83ED7E
:10B64C00007A3FF44DAE002842D041F001010023B6
:10B65C008DF838100EA93248CDF83A308A468DF85C
:10B66C003E30F9F7C5FC39783CE6002221F00101A7
:10B67C002B481A70244B8DF838100EA91A70CDF87F
:10B68C003A208A46274B8DF83E2001221A70F9F792
:10B69C00AFFC397826E6194B1A78002A3FF420AE15
:10B6AC0000220DF1380A1A70174B1A7001221D4B2B
:10B6BC001A7017E619490968614500F22281106079
:10B6CC00114A8EF8003011781370002900F019819E
:10B6DC00397801F0FE01BAE708910020D08D0020E6
:10B6EC00539300204C2E00206F12033DCDCCCC3D4B
:10B6FC00502E0020442E0020482E00202A9300209B
:10B70C00CC8600206886002042930020293100203E
:10B71C00002474490000C8420000BE42CC850020C1
:10B72C00A04500202331002052930020BE4E3688C5
:10B73C0096426CD8931BB1EE086ADFF828E306EE4C
:10B74C00903A831B0EF1020C07EE903AF8EE666A03
:10B75C00F8EE677A86EEA77A27EE067AFDEEC77AC0
:10B76C0017EE903ACDED067A052BA8BF05233CF9D0
:10B77C0013C007EE903A994604EE90CA3EF913C0F6
:10B78C00F8EEE77A069B05EE10CAF8EEE44A37EEBF
:10B79C00677AB8EEC55A002B40F01C8174EEC53A9E
:10B7AC00DFF8C4C2F6EE007A3CF9193006EE903A96
:10B7BC00F8EEE66A76EEC56A66EEA76A27EE076AC9
:10B7CC00F0EE085AF0EE002A27EE064A66EE255AED
:10B7DC00B7EE002AF0EE447AB0EE653AE4EE625A27
:10B7EC00E6EE627A94EE223A34EE466A77EE877A87
:10B7FC0033EE027A67EEA37AE5EE077AE4EEA57AE9
:10B80C00E6EE267AFDEEE77A17EE903A1BB2DFF8F9
:10B81C005CC2BCF800C0944500F2DA80A2EB0C02CA
:10B82C00A0EB0C00B1EE086ADFF844E207EE902AB8
:10B83C0007EE100A0EF10200F8EE677AB8EE477ABE
:10B84C00C7EE876A26EE867AFDEEC77A17EE902A47
:10B85C00CDED067A052AA8BF052230F9129007EE25
:10B86C00902A069804EE909A3EF91290F8EEE77A38
:10B87C0005EE109AF8EEE44A37EE677AB8EEC55A40
:10B88C00002840F0BC8074EEC53A6848F6EE007AA9
:10B89C0030F9122006EE902AF8EEE66A76EEC56ACA
:10B8AC0066EEA76A27EE076AF0EE085AF0EE002A59
:10B8BC0027EE064A66EE255AB7EE002AF0EE447AD9
:10B8CC00B0EE653AE4EE625AE6EE627A94EE223A13
:10B8DC0034EE466A77EE877A33EE027A67EEA37A15
:10B8EC00E5EE077AE4EEA57AE6EE267AFDEEE77A47
:10B8FC0017EE902A12B20020ADF82A00ADF82C00F9
:10B90C0005E539780DF1380AECE401231370484A47
:10B91C001370484A1370484B1860FFF75DF9474B9A
:10B92C00DFED477A1B7887EE807A9FED466A07EE4B
:10B93C00903A454B4548D3ED006A8DED096AF8EE17
:10B94C00677A67EEA66ACDED077AC6EE865A8DED5C
:10B95C00087ACDED065AFDF76FF9DDED065AF1EEDA
:10B96C00046ADDED077A9DED087AE5EE807AF4EE57
:10B97C00E67AF1EE10FA26D4DFED355AF7EE006ACE
:10B98C009DED096AF4EEE57AF1EE10FA75FEA75A10
:10B99C00C5EE867A76EEE76A67EE277A2D4A27EEB1
:10B9AC00267A2D4B39780DF1380AFCEEE77ABCEE8D
:10B9BC00C77AC2ED007A83ED007A93E4DFED276A53
:10B9CC00DFED277A2DE6DFED256ADFED257AE3E75B
:10B9DC00002290E7AEF1020EF6EE007A3EF9193035
:10B9EC0003EE903A069BF8EEE33A042B74EEE33A3E
:10B9FC0063EEA73A7FF7D4AE74EEC56ADEE6AEF11D
:10BA0C00020EF6EE007A3EF9120003EE900A06984A
:10BA1C00F8EEE33A042874EEE33A63EEA73A7FF7C4
:10BA2C0034AF74EEC56A3DE72693002024910020C4
:10BA3C002331002042930020CC86002029310020A5
:10BA4C00002474490000C842482E0020D08D0020EC
:10BA5C000000BE42CC850020688600203333733F43
:10BA6C00CDCC4C3D10910020149100202893002047
:10BA7C00209100200B4A1278824212D008B5431E46
:10BA8C00042B00D908BDFCF779FB074809F08AF9AB
:10BA9C00322009F013FD4FF0E023044AC3F80C2DBB
:10BAAC00FEE7704728310020F02900200400FA0539
:10BABC002DE9F04F924E91B092483468FBF7BAF8EA
:10BACC009148F9F76DFE062009F09AFD8F4A13781C
:10BADC00834204D08E490B68E31A312B1DD88D4D4F
:10BAEC008D4A8E498E48FEF773F8FDF76BF848B90E
:10BAFC008C4F2B78023B032B00F2A581DFE803F07F
:10BB0C005B3E1C1A2B78023B032B00F25C81DFE8B6
:10BB1C0013F0DF00E3009400550007460C6000288A
:10BB2C0000F0BB80804B1978002940F02D81794DB5
:10BB3C001770D5E7FFF746FBFEF710FF714A39780F
:10BB4C00137E11B3794A1370794A92F90030002BA5
:10BB5C0009DB784B1B68E31A002B04DBFF20764BC8
:10BB6C00012110701970754CA36823B13368B3F5BB
:10BB7C00FA7F80F0B58011B0BDE8F08FFEF7BAFD0A
:10BB8C00604A3978137E0029DCD16D480168611A4E
:10BB9C00312973D8654A13706A4B1A78002AD3D0AE
:10BBAC0069490A68A21A312ACED900220C601A708F
:10BBBC00FCF746FAC8E7FDF741FBBFE7634A0DF116
:10BBCC00280C634BB2F80080624AB2F80090624ACB
:10BBDC00D2F800B0614AD2F800A0614AD2F800E075
:10BBEC00604A12780092604A1168604A0191177895
:10BBFC0007CB1B88CDF81A00ADF826305C4BCDF87E
:10BC0C001E10CDF822200FCBACE80700009A02A83A
:10BC1C00ACF80030ADF83A80ADF83C90CDF80EB0F1
:10BC2C00CDF836A0CDF812E08DF83E2001998DF8B4
:10BC3C003F70CDF81610FCF7D1FA4E48FCF7B2FD68
:10BC4C00384F3B7833B94C4B04F2DC521A60012369
:10BC5C00394A1370FCF78CFA31287FF64AAF474803
:10BC6C0009F0A0F83B78002B7FF443AF424B04F56E
:10BC7C00FA621A600123304A13703AE70460A3B9E0
:10BC8C002A4D2A78002A35D02B4A002100931170B6
:10BC9C00FCF720F83A78009B15E0394B01211D4D3B
:10BCAC001C60214B177019701AE72978D06901298B
:10BCBC000093A4EB00001D4D14BF01210221FCF7E1
:10BCCC00D7F93A78009B2B70002A3FF465AF3BE71D
:10BCDC001348FCF7ADFBB3E71048FCF733FCAFE7B8
:10BCEC00264809F05FF82749204611B0BDE8F04F0F
:10BCFC0009F0ECB9104A11780029C6D129704BE72C
:10BD0C0000920020388E00207C8E002025310020EF
:10BD1C00A48A002028310020948F0020EC8F002072
:10BD2C00548F00202A310020499300204893002092
:10BD3C0027310020508F002026310020D085002094
:10BD4C00888600202B310020C086002026930020FE
:10BD5C0010910020289300204C2E00200C910020E4
:10BD6C00442E002029310020542E00205593002011
:10BD7C00209100202C900020C88D0020F02900205C
:10BD8C00A88A0020D80D002030490020304D0968C9
:10BD9C00187040F2DB53611A2878994209D902389D
:10BDAC0001288CBF02200120FFF764FE294A17707E
:10BDBC0096E6FCF7E3F94FF0E0232749254AC3F850
:10BDCC000C1D17708CE6254A0DF1280C244BB2F88B
:10BDDC000080244AB2F80090234AD2F800B0234ADB
:10BDEC00D2F800A0224AD2F800E0224A127800923F
:10BDFC00214A1168214A0191177807CB1B88CDF88D
:10BE0C001A00ADF826301E4BCDF81E10CDF82220AE
:10BE1C000FCBACE80700009A02A8ACF80030ADF8E4
:10BE2C003A80ADF83C90CDF80EB0CDF836A0CDF8F8
:10BE3C0012E08DF83E2001998DF83F70CDF8161068
:10BE4C00FCF7CCF9FCE6FFF7BDF977E6A88A0020F1
:10BE5C0028310020253100200400FA05269300200B
:10BE6C0010910020289300204C2E00200C910020D3
:10BE7C00442E002029310020542E00205593002000
:10BE8C002091002008B509F03FFC0748FCF7B0FEF4
:10BE9C000021064809F0B4F8054A06490348BDE8F4
:10BEAC0008400BF0DFBE00BFD08D0020D0850020F5
:10BEBC00502B00203D2F01002DE9F04FBB48BFB0A7
:10BECC00F9F734F8BA4F4FF4167009F0F7FAB9488D
:10BEDC003B6808F067FFFCF761F90646002800F0A4
:10BEEC00EE8107ACB44D30462E70F9F771F9B148BC
:10BEFC0008F058FF2046FCF7ADF9002840F09C8173
:10BF0C00AE4BAF4FAF4E0393D7F800B0AE4BD6F855
:10BF1C0000E0DFF808A3DFF80893DFF80883049348
:10BF2C00AA4B2046C3F800B0A94BC3F800E0FCF7BD
:10BF3C00AFFA002800F08082A646DFF8ECC2BEE81B
:10BF4C000F00ACE80F00BEE80F00ACE80F00BEE835
:10BF5C000F00ACE80F009EE80F008CE80F002046A5
:10BF6C00FCF720FB002800F03C82A646DFF8BCC2A0
:10BF7C00BEE80F00ACE80F00BEE80F00ACE80F0005
:10BF8C00BEE80F00ACE80F009EE80F008CE80F0035
:10BF9C009048FCF7A7FB2046FCF73AFC002800F081
:10BFAC00FF81DC2221468C4809F038FE2046FCF744
:10BFBC001DFD0146002800F0D681A646DFF870C2B0
:10BFCC00BEE80F00ACE80F00BEE80F00ACE80F00B5
:10BFDC009EE807008CE807008048FCF77BFDFAF729
:10BFEC0085FFFAF7D9FF2B78012B00F0AE81013BCE
:10BFFC00DBB2042B40F255821F23DFF838B200224B
:10C00C0001931823764811460093F02307F0CEFFD6
:10C01C00734A002302211046536107F0E9FC714B6F
:10C02C0058466F4A13610DF0F3FA594602466C48B4
:10C03C0008F086FE0121072009F0C0FA6A48FCF7D7
:10C04C00E3FD2B78022B00F01682032B00F02682E6
:10C05C00043B012B40F21582644A654B1046136079
:10C06C00644B5360644B9360644BD360644B1361BB
:10C07C00644B5361FAF7BCFD0221062009F0D2FA99
:10C08C002046FCF761FC21465F48FAF761F94FF452
:10C09C00E1325E495C48F9F7A3F95D4B1B78002B44
:10C0AC0040F058814348002408F07CFE414808F0D9
:10C0BC0079FE584D3F4808F075FE3E4808F072FE78
:10C0CC0000230A2221463B4808F094FE013435F93E
:10C0DC00021F384808F05AFE364808F063FE072C59
:10C0EC00EED14D4D002400230A222146314808F0A0
:10C0FC0081FE013435F9021F2E4808F047FE2D4809
:10C10C0008F050FE072CEED1BAF80010294808F0C0
:10C11C003DFE284808F046FEB9F80010254808F006
:10C12C0035FE244808F03EFE97ED000A0121214817
:10C13C00B7EEC00A08F06CFE1E4808F033FE98ED0E
:10C14C00000A01211B48B7EEC00A08F061FE19482D
:10C15C0008F028FE96ED000A01211648B7EEC00A39
:10C16C0008F056FE134808F01DFE039900230A221E
:10C17C000978104808F03EFE0E4808F013FE0499AA
:10C18C0000230A2209680B4808F034FE094808F01D
:10C19C0009FE0648F8F72EFF064808F003FE05488E
:10C1AC003FB0BDE8F04F08F0FDBD00BFA04500203A
:10C1BC0000920020F0290020283100202931002095
:10C1CC004C2E0020442E0020542E0020502E0020F7
:10C1DC00482E0020948F00202C900020D48F00201B
:10C1EC000892002008000400D08D0020388E00201A
:10C1FC00898B0000698C0000658E0000D58E0000D4
:10C20C00318F00006D9000007C8E0020002A0020F1
:10C21C002A3100200E9100201E9100202693002030
:10C22C00289300200C910020548F0020EC8F0020CC
:10C23C00708100202C0C0020DDF82E00DDF832106F
:10C24C00DDF836209A4BDFF8CCA2DFF8CC92994F70
:10C25C00DFF8C882984EDFF8C8C207C3BDF83A10A1
:10C26C000FAA96481980BDF84E109DF85330AAF8C5
:10C27C000010BDF85010A3F101030390A9F80010B1
:10C28C00B3FA83F3DDF822B05B09C7F800B0DDF830
:10C29C004A10C8F800109DF85210DDF826E0017025
:10C2AC00C6F800E08648DDF82A1004900160854944
:10C2BC000B700FCAACE80700ACF8003030E68248CF
:10C2CC0008F070FD3B683A6803F59668904540F2BB
:10C2DC00ED8007AC0CE0F8F761FF06437B48F8F7FC
:10C2EC0069FF0A2009F0EAF83B68984540F2D380D0
:10C2FC0021467648F8F732FE7448F8F77BFE034681
:10C30C00724813B1F8F756FFE8B97048F8F772FEA7
:10C31C0003466E48002BDED03D683B6805F5C875BA
:10C32C009D4205D80FE009F0C9F83B689D420AD937
:10C33C0021466648F8F712FE6448F8F73BFF0346BF
:10C34C000A20002BEFD00226CCE5DFF8D8B14FF451
:10C35C00FC6354E60021072009F030F9002122206B
:10C36C0009F02CF99EE6DFF8A4B10223584A059097
:10C37C000BF10C00CBE9002300232022CBF8083072
:10C38C000CF016FF05980BF105030BF12B0113F8BC
:10C39C00012F994280EA0200F9D18BF805001BE6C7
:10C3AC004C4A03234C494FF0010B4FF0FA0E8446D4
:10C3BC00C2E90013494B1432494942F80C3CA2F132
:10C3CC00140342F808BC22F804EC83F812C00533BD
:10C3DC00C3F80E109A42F8D101301A320828EED167
:10C3EC00E4E5404B4FF07E52C3F80A203E4AC3F8B6
:10C3FC0012001A600222C3F816009A803B4AC3F856
:10C40C001A00C3F806200022C3F81E00C3F82E2021
:10C41C0041F28832C3F82200DA81354AC3F826008B
:10C42C00C3F836204FF08542C3F82A00C3F8320017
:10C43C0018825887DA63ABE52E4B4FF07E512E4AAB
:10C44C00196103F1300C99614FF080419862D96009
:10C45C004FF07D515961294919602949996004218E
:10C46C0059602849D9610121C3E90800D9620FCA72
:10C47C008CE80F0073E52448FDF7ECFAFCF79CFE02
:10C48C00EAE51448FEF722FA2048FEF761FA01208B
:10C49C00F8F7F4FAE0E5B51CEEB223E5FDF786FB00
:10C4AC00DAE51B4A52F823B01F23A8E5022618E54B
:10C4BC00109100204C2E0020442E00202931002009
:10C4CC00542E002055930020F0290020A045002078
:10C4DC004B5453432C900020334D494B00A040004B
:10C4EC0050003C00EC8F0020314D4943CDCCCC3D6D
:10C4FC0046020300548F00202C0B0020314D494183
:10C50C009A99993E1A160407CC8D00207081002050
:10C51C00C009002026930020289300200C910020B5
:10C52C0020910020200C0020704700BF704700BFF6
:10C53C00704700BF00207047704700BF0020704755
:10C54C000020704701207047064A002113684160A3
:10C55C002BB11A465B68002BFBD150607047106002
:10C56C00704700BFC489002070B584B0DDF820C0CE
:10C57C0010B10BB1A2B199B91E46154604466246DC
:10C58C0003910A480A4908F027FC0A49039B2246F2
:10C59C000648CDE9005608F01FFC002004B070BD21
:10C5AC0004B0BDE8704000F0FFBA00BFF0290020D5
:10C5BC00580C0020B00C002030B59D1C044685B0F2
:10C5CC00D0F8C40740D05D1C35D0DD1C00D1838B66
:10C5DC00808D04F6A14584F8A73C1B0A84F8A52C91
:10C5EC0084F8A83C002360F30703C0F3032040F059
:10C5FC00200060F30F23101D60F31743001260F34B
:10C60C001F630020C4F8A13C84F8A60CAAB90F4BF8
:10C61C00083229461868D2B2D3F800C040F6B213DB
:10C62C0000932346D4F89C0B094CC4F800C0FFF7C8
:10C63C009BFF05B030BD438BCAE704F6A9400392BB
:10C64C0009F0ECFA039AE2E7038BC1E700920020B1
:10C65C00348E0020D0F8C43783F83810704700BFF0
:10C66C0008B509F051F8044B04491868044A1B68D2
:10C67C000860136008BD00BF00920020348E0020BB
:10C68C00308E00200020704700207047704700BF9C
:10C69C0038B5534A4FF4805E4FF400554FF4404484
:10C6AC004FF4803043F24201136A13F0020F40F052
:10C6BC00878013F4005F00F0878013F4805F00F034
:10C6CC008580002BF0DA13F4803C40F082805B060E
:10C6DC0040F18380434C444AD4F88010434B41F0E2
:10C6EC0003014348C4F880104FF0404191634FF46C
:10C6FC00404151630521C2F800C00822C0F8B410B3
:10C70C004FF08061C0F8A4220A205A680A435A608C
:10C71C00C3F8841008F0D2FE364AD2F8403143F008
:10C72C000203C2F84031D2F840319B07FBD4324DA2
:10C73C0005F0BCFD01242B1F05F17C0243F8044FCE
:10C74C009342FBD14FF4807200212C480CF030FD49
:10C75C0000222B49274B0A700321C3F89040C3F8E1
:10C76C00A8112849C3F84821C3F85451C3F84C21E7
:10C77C00C3F85821C3F84011D3F884212249234827
:10C78C0042F48052C3F88421D3F85821D3F85421B1
:10C79C00C1F800021E4A4FF0E0214FF48030C1F87E
:10C7AC000C01C3F84821D3F8482142F01202C3F817
:10C7BC004821D3F8482142F44022C3F8482138BD1F
:10C7CC009462506291626FE755626DE7C2F824E0A3
:10C7DC006AE74FF48033936266E74023536263E762
:10C7EC0000800D4000C00F4000A00D4000800042B2
:10C7FC0000801F4000022E4000400020DC860020FC
:10C80C002C930020158B010000340020CDAC0000CF
:10C81C0004000003C368002B32D063298CBF0023B3
:10C82C0001236BBB10B582B004460091019308F054
:10C83C009BFEDFF8B8E0A060DEF80000DDE9001335
:10C84C00002841D0DFF8A0C0DCF88C2022F07F4219
:10C85C00914216D34369891A23B92DE05869891A74
:10C86C0058B303461A698A42F8D99869521A1A6160
:10C87C00A061C4E904139C61A3695C6102B010BDA2
:10C88C00704772B64FF00070CCF88C30521ACCF85E
:10C89C004401A361DEF800302161013963611A6142
:10C8AC004FF04042CEF800409C61CCF88810CCF898
:10C8BC008C2062B602B010BD034600222161C4E98F
:10C8CC0005235C6102B010BD074B01F1FF3C4FF03A
:10C8DC004042A061CEF80040C4E90410C3F888C0FF
:10C8EC00C3F88C20CAE700BF00022E4084860020CB
:10C8FC0072B6184A136873B183420ED05B6953B198
:10C90C0098425B69FBD181694B6123B100691A695B
:10C91C00996102441A6162B670470F484FF0000CDF
:10C92C005B69C0F88CC09BB1D0F88C1010B421F0AE
:10C93C007F411C6921441961C0F888104FF04041B7
:10C94C00C0F88C10C3F818C0136062B610BC7047E6
:10C95C001360E0E78486002000022E4003698C46B9
:10C96C009A68510670B5054603D41B689A6852063E
:10C97C00FBD54022DCF80860DCF83CE0CCF8082061
:10C98C00DCF800201A60DCF804205A60DCF80C207B
:10C99C00DA60DCF810201A61DCF814205A61DCF83B
:10C9AC0018209A61DCF81C209D62DA61DCF82C20DE
:10C9BC001C68DA62012CDCF83020DCE90D011A630A
:10C9CC001A46C3F83CE0C3E90D0103D012681168A4
:10C9DC000129FBD1C2F800C00122CCF800201A6852
:10C9EC0094451A462DD04FF0000E1068114604687D
:10C9FC000246C1F824E08E46A4450862F5D1516286
:10CA0C000021116295F8341011F0FD0F08D10E4879
:10CA1C000168596279B10B62026001209E6070BDA1
:10CA2C000A48016859620029F5D109490B60026076
:10CA3C0001209E6070BD07490B60026001209E6062
:10CA4C0070BD0021DBE700BFF0870020F8870020D5
:10CA5C00FC870020F48700202DE9F0470C46C9889C
:10CA6C0082B0B1F5804F03D9002002B0BDE8F08749
:10CA7C0090469946054605F065FC0028F4D00090D8
:10CA8C0005F060FC00990346002876D0E088002869
:10CA9C003BD1DFF80CA1D5F800E00B60DFF804C146
:10CAAC0001223C4F04EA0C0C256866684A608F60D2
:10CABC00CC600CF580540C610CF500544C610CF5F9
:10CACC0040548C610CF58044CC6100245A60C3F84E
:10CADC0008A0DC604FF48054C3F83C901C614FF408
:10CAEC000054C3F828E05C614FF44054C3E90B8058
:10CAFC009C6170464FF48044C3E90D56DC611A60AA
:10CB0C0002B0BDE8F047FFF729BFCDE9001305F0EF
:10CB1C0019FC0246DDE9001398B394F800C0E088D4
:10CB2C004FEADC1CD5F800E01B4D4FEA0C268CF0CC
:10CB3C00010746EA004C4CEA05054FF0010CC2F81F
:10CB4C0004C0DFF860C0956008EA0C0CC2F80C80D9
:10CB5C000CF5805515610CF5005555610CF54055DB
:10CB6C000CF5804C9561C2F81CC00A601360C2F8C9
:10CB7C0028E00A4A42EA072A90E7084605F0EAFB51
:10CB8C0072E70846009305F0E5FB009805F0E2FB20
:10CB9C006AE700BF8002080080000080808000806F
:10CBAC008081008000F0FFFF2DE9F84F4FF0E02569
:10CBBC004FF4803A80468946D5F80C719B46C5F8EF
:10CBCC008CA1164607EA0A0705F0BCFB00287FD0AB
:10CBDC0006F1FF3A04465FEA9A3A04D114E0BAF13E
:10CBEC00010A286010D0054605F0ACFB0028F6D1F0
:10CBFC0026462468304605F0ADFBAE42F8D1002F36
:10CC0C005FD10020BDE8F88F00234FF0010EC0F873
:10CC1C003CB00663C0F800E03049C0E90D33C0E910
:10CC2C000A892F4B98F8350043EA002A2346000264
:10CC3C0009EA0102B6F5804F02F5805B02F5005C53
:10CC4C0002F5405502F5804222D840EA0646234AB6
:10CC5C0048F280054FF0010C09EA020221463543E7
:10CC6C00C3F804C002F5805602F540549D6002F5ED
:10CC7C00005502F58042C3F80C9040461E615D6180
:10CC8C009C61DA61FFF76AFEA7B90120BDE8F88F55
:10CC9C00C3F804E0A6F58046C3F808A0C3F80C90CE
:10CCAC0009F58049C3F810B0C3F814C09D61DA616E
:10CCBC001B68BDE74FF0E0234FF48032C3F80C2122
:10CCCC00E3E74FF0E0234FF48032C3F80C2198E7F0
:10CCDC00002F96D0C5F80CA193E700BF00F0FFFF22
:10CCEC00800000402DE9F843DFF8EC90D9F80050B3
:10CCFC005DB14FF00008AB682E6A1A0602D413F02F
:10CD0C007C0F04D13546002EF5D1BDE8F8836B6A53
:10CD1C00002B5CD01E62AF6A002E47D07362334684
:10CD2C002846996AB942C5E908881A6A05D092B1B1
:10CD3C001346996A1A6AB942F9D1596A41B30A621F
:10CD4C0052B39E425162C3E9088803621846EFD180
:10CD5C0016461346EDE703462C6A1A681B683B61BE
:10CD6C00C7F80C80C7F818802CB12046246A05F04F
:10CD7C00F1FA002CF9D13A6C1AB12846C5F820808A
:10CD8C0090472846354605F0E5FA002EB3D1BCE7AE
:10CD9C00C9F80020002AD4D19E4208BF1646C3E928
:10CDAC0008220C4A036211602C6AD6E72A682A68AA
:10CDBC000849C5E908663A613A6CFE600B60BE61D1
:10CDCC00002ADAD12846BDE8F84305F0C3BAC9F801
:10CDDC000060A0E7F0870020F4870020874B30B577
:10CDEC00D3F8444183B06103C3F8444109D5844B63
:10CDFC001B6833B19A6812F0FC0F5CD01B6A002BD5
:10CE0C00F8D1230309D57F4B1B6833B19A6812F014
:10CE1C00FC0F66D01B6A002BF8D1A00700F18F80A5
:10CE2C0061070FD5754BD3F8845145F02A02C3F82E
:10CE3C008421AA0769D42B0704D4734B1A78022ACD
:10CE4C0000F09F80E20107D56F4B1A78012A00F0A1
:10CE5C00BF80032A00F0AE80A3012AD5DFF8C4E11D
:10CE6C00DEF800202AB35369944600250EE01969B8
:10CE7C009D61042900F2B680586919B110B104699A
:10CE8C000C440461CCF814309C460346CCF8145086
:10CE9C00002BECD1CEF800305C4D002411465269C9
:10CEAC00C86803689B68AB42C1E9054455D1002AA8
:10CEBC00F4D103B030BD120406D59A6A1846D26B71
:10CECC0012B101939047019BD3E90851002941D03D
:10CEDC000D621846002D38D0696205F03BFA2B46DE
:10CEEC0088E7150406D59A6A1846D26B12B10193DD
:10CEFC009047019BD3E9085121B30D621846BDB18F
:10CF0C00696205F027FA2B4680E715F001022AD05A
:10CF1C003D4A117801298ED801203D4924F08074B6
:10CF2C0010704FF04042C3F88010C3F8842093E790
:10CF3C00384A116005F00EFAA0077FF571AFFFF7C4
:10CF4C00D1FE6DE72F4A1560D8E7334A116005F022
:10CF5C0001FA56E72A4A1560BBE701929847019AF5
:10CF6C00002A9BD1A5E728492C4B0A70022101927B
:10CF7C0099632B4B186800F041FE294B019A1A60FB
:10CF8C0059E768077FF568AF03251C4904F08070EA
:10CF9C001D7042F21075C1F880504FF04045C1F839
:10CFAC008450D1F88411890501D51C494A630028A5
:10CFBC003FF452AF0420114900221870D1F88401BB
:10CFCC001146C0F3816000F069FB154B186043E714
:10CFDC000A4A02211970D2F8843143F48073C2F8E2
:10CFEC00843139E7CEF80030013904484FF0404322
:10CFFC00C0F88810C0F88C304EE700BF00022E40FD
:10D00C00F4870020FC8700202C9300202D010000C9
:10D01C00A0860100F8870020F087002000A00D40BA
:10D02C004088002084860020036B012A2DE9F04FF4
:10D03C008C4C38BF01221B7D89B004FB01F1022B03
:10D04C004FEA114500F0A6800523012141EA510465
:10D05C00A24240F2EB80013B4FEA4101F6D1202382
:10D06C001C46039390F83530A0F84440002B40F058
:10D07C00D88005F1840102254FEA5119039A002A40
:10D08C0000F084804FF0FF370023D2007649BA4677
:10D09C0000930292CDE906408C469846DDF80CE0F0
:10D0AC00CDE904139CF8030066469CF802B00021FD
:10D0BC004419CDF804C016F8012B0BEB050C834674
:10D0CC0023464A44F078944500EB050457D3A34219
:10D0DC0038BF2346634538BF6346BB4202D2C246C3
:10D0EC001F46009101310429E5D1F044DDF804C05C
:10D0FC00029BB8F11F0F9C44D4D9039ADDE90413A9
:10D10C00013308319A42C7D1BB2FDDF800B0DDE9FD
:10D11C0006403BD8BAF11F0F5646A0F84840A0F87D
:10D12C004CB080F84E9080F84F50A0F84AA016D81A
:10D13C004D4A029F02EB0B0101EBCA010C789A4499
:10D14C008A784C44BAF11F0F2A440C708A70CC7840
:10D15C000A792C442A44CC700A713944EED9012244
:10D16C001C23A0F8466002FA0BF203FA0BF380F8CA
:10D17C00362080F83730012009B0BDE8F08F93429B
:10D18C0038BF1346A34238BF2346A6E7002009B098
:10D19C00BDE8F08F0F2A4FF0010328BF0F22541E59
:10D1AC0003FA04F4B4F5807F43DCE20800D01346A4
:10D1BC004FF0FF3E573500262B4FF446A0F8443075
:10D1CC0033460021FA5C234402EB5512914238BFDE
:10D1DC001146FF2BF6D9714501D28E46B446013665
:10D1EC00A642EDD1BEF1BB0FD0D86D09BCF1FF0F3B
:10D1FC00A0F84840A0F84AC080F84E5006D86346C4
:10D20C00FA5C2A44FA542344FF2BF9D9012C14D08C
:10D21C00022C1DD0042C20D80CF0030211239340B7
:10D22C000CE066354FF002096D0927E70C460391B7
:10D23C0018E720234FF48074BAE7FF234FEADC0C85
:10D24C00002280F83630A0F846C080F8372092E7EC
:10D25C000CF0010255239340F0E70CF00702012378
:10D26C009340EBE7AB2A0100DC860020B0F846C007
:10D27C00BCF11F0F3DD8F0B5B0F844E040F002050A
:10D28C001C4C07E0BE452ED90260A551F444BCF1FC
:10D29C001F0F20D854F82C204FEA8C06D107F3D45A
:10D2AC0002F0060122F01F030229B3F84470E9D002
:10D2BC00BE4518D91A468242E8D011681F2921F0C0
:10D2CC001F02F8D81A68F4440260BCF11F0F40F03A
:10D2DC0002021A60DED9F0BD1B6823F01F03B3F8FD
:10D2EC0044207245E6D39842D0D01A68D207E1D4D4
:10D2FC00F2E77047004000202DE9F84306460F4640
:10D30C001546994605F00EF800287BD0044605F02A
:10D31C0019F88046002872D06022002120460BF0BC
:10D32C0047FF3C22002108F104000BF041FF0123D0
:10D33C004022032FC8F80030C8F80820C4F8108029
:10D34C0084F835906361266384F834705ED03DB107
:10D35C007368002B65D01A469B6B002BFBD1946332
:10D36C00317D002F3BD101294FF480408CBF00232D
:10D37C000123DA062B0243EA0133089943EA0143FD
:10D38C00717D0B430343134394F8372043F07043F0
:10D39C006360B37DF17D1B0443EAC15343EA02236E
:10D3AC0094F83620134343F08043A36037F0020314
:10D3BC0018D1264BD3F85821CAB9616844F002023F
:10D3CC00204641F4004161602260C3F85841D3F813
:10D3DC00402142F02002C3F84021BDE8F88300222E
:10D3EC001046C7E7032F1ED02046BDE8F88311680E
:10D3FC0044F00203204621601360BDE8F883204608
:10D40C0004F098FF00242046BDE8F883DDE90812FB
:10D41C002046FFF709FE90B14DB9317D2A462846CA
:10D42C00A8E774609CE72046FFF720FFDCE77368F1
:10D43C00002B90D11A46317D184674609AE740460D
:10D44C0004F088FF204604F075FFDBE700022E4055
:10D45C00F8B590F83430044613F0FD0F4DD1036845
:10D46C0023F01F03984200F0C6801A68194622F078
:10D47C001F039C42F9D163681D0400F1AD80236841
:10D48C00694A0B60D2F8403143F04003C2F8403196
:10D49C00D2F844319806FBD52023C2F84431634EB0
:10D4AC003568E5B128462D6A836AA342F9D1436AEF
:10D4BC00002B00F0B2801D62002D00F0AB806B627F
:10D4CC0023691F2B03D804E01B681F2B01D983424F
:10D4DC00FAD19842E5D004F03DFF002DE2D1256948
:10D4EC001F2D05D928462D6804F034FF1F2DF9D8BF
:10D4FC002046BDE8F84004F01DBF4D4800F1800502
:10D50C0050F8042FD1070CD422F01F02944203D1FF
:10D51C0058E08C425BD00A46136823F01F01DB07EE
:10D52C00F7D58542ECD1236B94F84E601B7DB4F893
:10D53C0048E0022BB4F84A2053D01F2A1BD8B4F869
:10D54C004C303C4994F84FC00B4403EBC2031F789A
:10D55C0072449D78D878BF1B1979A5EB0C05A0EB0C
:10D56C000C001F2AA1EB0C011F709D70D870197153
:10D57C0003EBCE03EBD9304E3568002DAFD02846E7
:10D58C002D6A836AA34206D0002DA8D028462D6AA6
:10D59C00836AA342F8D1436A002B43D01D62002D4D
:10D5AC003DD06B6223691F2B03D804E01B681F2B33
:10D5BC0001D98342FAD19842E6D004F0CBFE002D7B
:10D5CC00E4D18CE723688542036099D1ABE72368EB
:10D5DC008542136094D1A6E74B6843F400434B603B
:10D5EC004DE7FF2AC7D813498B5C9B1B8B547244A5
:10D5FC00FF2AF9D9BFE70C4AD2F8403123F02003B7
:10D60C00C2F84031D2F8443113F40043FAD1C2F8D5
:10D61C00583144E7094A136052E735604CE7084A31
:10D62C001360BFE73560BAE700022E40F487002094
:10D63C00FC3F0020DC860020FC870020F0870020C7
:10D64C00F88700200B4B70B51E688EB10A4DF4683C
:10D65C0014B90AE0646844B12368DB68AB42F9D0C2
:10D66C00204698476468002CF6D1B668002EEED19F
:10D67C0070BD00BF3C88002031010000064900222B
:10D68C000B68C0E901222BB11A465B68002BFBD159
:10D69C005060704708607047E0870020F0B583B099
:10D6AC0007460E46154604F02DFE00283CD02822D5
:10D6BC00002104460BF07CFD002308202775A6757D
:10D6CC001A46E5751946009020460193FFF714FEA3
:10D6DC00206030B304F046FE2368154A20611549DA
:10D6EC001548DA630122186483F8352013480B6857
:10D6FC000270A3B11A469B68002BFBD194600023E7
:10D70C000F484FF400210F4A2376C2E900010E4A5C
:10D71C0020460C49FFF7A0F9204603B0F0BD0C6081
:10D72C00EDE7204604F0F6FD0024204603B0F0BDE2
:10D73C0081B900003C880020BDB700004793002051
:10D74C00800600014081002040790020000000008C
:10D75C0010B5037E092B00F29480DFE803F016224B
:10D76C003D404C61697073054F4B504993F805C0AF
:10D77C0000234FEA0C4C1A464B604CF4106CBDE87D
:10D78C001040C1F800C0FFF767B99FED3F7B474AD7
:10D79C000023464982ED007BBDE81040424AFFF76A
:10D7AC005BB9DFF81CE1424B9EF80010D3F800C0C7
:10D7BC000131802928BF0121BCF1000F53D06346F1
:10D7CC0002E09B68002B4ED05A7D9142F9D1013179
:10D7DC00802908BF0121F2E79FED2D7BD7E79FED54
:10D7EC002E7B324A0023314982ED007BBDE810408C
:10D7FC00304AFFF731B92C4AB0F822E02B4912F825
:10D80C0004CB2D4B43EA0C43DFF8B8C04EEA0C0CAA
:10D81C000B600023C1F804C0BDE81040FFF71CB931
:10D82C00214AB0F822E0214992F801C00432E8E71D
:10D83C001D4AB0F822E01D4992F802C0F6E79FEDB0
:10D84C00187BA4E7184A1D495388184C0B801B04FD
:10D85C00DFF874C0214663600023C4F800C0BDE843
:10D86C001040FFF7F9B80B048EF800100F4943F481
:10D87C00A0630B600023BDE810401A464B60FFF715
:10D88C00EBB810BDAFF3008080060001000008006B
:10D89C008006000100001200800600030000FC0757
:10D8AC008006000200000900407900204081002021
:10D8BC003C8800204479002080060003209300203F
:10D8CC004E9300200000FC0780060002836A186B50
:10D8DC0090F824300133DBB2182B80F8243003D9B4
:10D8EC00024B00221A707047FFF732BF479300209B
:10D8FC0070B50E69002E3AD00546D36A002837D091
:10D90C00315C0131C9B293B35A78032A2FD1C1F1DA
:10D91C00320271551C78520001EB5400D2B23128FE
:10D92C00C8BF1446022C13D9302911D806F1020CA9
:10D93C00A3F1020E04238C440131DAB21EF8030069
:10D94C000233C9B20CF8010F312918BF9442F3D835
:10D95C00681C73180022C0B2DA70022807D8C5F10F
:10D96C0002023044D2B2BDE870400BF021BC70BD55
:10D97C000146C8E7424B2DE9F04F1C6885B00646BE
:10D98C00002C79D04FF00009DFF8008101E06468C9
:10D99C00A4B1A26831463B4B2046002AF7D1B8F817
:10D9AC000050D4F800C0093D0095DCF80050A847A1
:10D9BC00002851D1A1466468002CEAD1324BB8F84A
:10D9CC0000B003F109059B44AB4503D822E0454464
:10D9DC00AB451FD96B7895F80080042BF7D1B8F1C3
:10D9EC00090FF4D1264B1C68002CF0D04FF0000925
:10D9FC00ABEB050ACDF80CB0A7682B4601223146DB
:10DA0C00204657B16468002CF6D1DDF80CB04544C3
:10DA1C00AB45DFD805B0BDE8F08FD4F800C0CDF829
:10DA2C0000A0DCF800B0D847636868B1B9F1000F0A
:10DA3C000FD0C9F80430F368A1466360F460A660A7
:10DA4C001C46002CD8D1E0E7A1461C46002CD3D1B3
:10DA5C00DBE70B4A1360EEE76368B9F1000F08D0FF
:10DA6C00C9F804300023C4E90136F46005B0BDE800
:10DA7C00F08F034A1360F5E7DFF810809EE700BFD4
:10DA8C00E087002049790020407900202093002075
:10DA9C00C36B2BB11A68544952688A421DD1704726
:10DAAC00816A0246096B00B5087E83B081F8243088
:10DABC00092810D8DFE800F01427354F5E6C877604
:10DACC00810508460191FFF755FF0A20474B0022BC
:10DADC0001991A70087603B000BD0146184610472C
:10DAEC0008680123DFF80CC142689CF807C06FF38B
:10DAFC001A4242EA0C42426008460B7603B05DF8CB
:10DB0C0004EBFFF725BE3A4A02230868B2F802C0BC
:10DB1C0081F815C0426822F07F0242EA0C02426092
:10DB2C00EAE7344B988893F80FC09A7BA1F8190058
:10DB3C00986842EA0C0293F806C0C1F81E00187CE3
:10DB4C0081F81BC098701043B3F80EC0A3F800C046
:10DB5C0008D00323D0E7274B1A79032A02D95A7924
:10DB6C00032A36D0072308460B7603B05DF804EB86
:10DB7C00FFF7EEBD00200191FFF7BAFE1D4B019996
:10DB8C005A78002A2CD19B78002BEBD00623B3E7D4
:10DB9C0001200191FFF7ACFE164B01999B78002BED
:10DBAC00F4D1DFE7134A082313485288B2F5006F0B
:10DBBC0028BF4FF4006202809EE70E4A0923B2F898
:10DBCC0007208A8398E702200191FFF791FE0199C3
:10DBDC00C8E7D8881A78488422B95A78002AD2D053
:10DBEC00052389E7042387E72901000047930020D8
:10DBFC00408100204079002020930020002835D05F
:10DC0C00F8B5C46806466CB1194D00272368204648
:10DC1C001B69984723462A68A76064682B605A6082
:10DC2C00002CF3D174682CB12046A46BFFF710FCC8
:10DC3C00002CF9D13068FFF70BFC0E490B6893B13F
:10DC4C00002201E0224673B11C469B68A642F9D122
:10DC5C0052B19360206908B104F08EFB2046BDE8F8
:10DC6C00F84004F057BBF8BD0B60F3E7704700BFFA
:10DC7C00E08700203C880020704700BF704700BF41
:10DC8C00704700BF704700BFCB0800EBD10C11F000
:10DC9C00070102D1DAB1084607E0C05C0841C1F1C6
:10DCAC000801914209D20CF1010C1CF8013B8B408C
:10DCBC0008318A4240EA0300F7D88A4206D201238F
:10DCCC009340013B03401F2A98BF184670471046EB
:10DCDC00704700BF2DE9F04F85B00E9C182C03D96E
:10DCEC00013A18BF01221AB1002005B0BDE8F08F2F
:10DCFC0093F804C00CF1FF3EBEF1010FF4D893F879
:10DD0C0005E0BEF1030FEFD15C7A082C2746EBD966
:10DD1C009D7A212DE8D19D7B002DE5D0062615FBA3
:10DD2C000E6EA645E0D109340E9EB442A046DBD857
:10DD3C0005EB450603F10F0502E003329642D3D002
:10DD4C0015F802E0BEF1220FF7D11A44B0F83C47A7
:10DD5C00557C127C42EA05229442A0F8BC20C3D325
:10DD6C00CCEBCC020E9D44464244AA42BCD8BCF13A
:10DD7C00010F99460E4680461B5D7CD0072BB3D114
:10DD8C0009EB07039A7A052AAED11A7B032AABD189
:10DD9C00DC7A14F00F0C2746A6D01A7C072AA3D1E4
:10DDAC005A7C052AA0D1D97C03299DD19A7C154691
:10DDBC0012F00F0298D093F80EE0587B40EA0E2A2E
:10DDCC00187D93F815E040EA0E2B04F0F000DC7B94
:10DDDC0080289B7D0294039379D00F2F84D805F073
:10DDEC00F003802B80D1039B30460391CDE900B327
:10DDFC000123FFF781FA029B3A4603990193002312
:10DE0C00C8F80C003046CDF800A0FFF775FA59465B
:10DE1C005246A8F82E203B4AA8F82C10C8F810003F
:10DE2C00C263D8F80C303046374A3849DA630023DD
:10DE3C00C8E90533C8E90733C8E9093399F8022062
:10DE4C00B8F8BC3088F83E2799F8062088F83020BE
:10DE5C0099F8072088F8312099F8022042EA034209
:10DE6C004346C8E90D1208F5667208F13401FEF755
:10DE7C00F3FD012039E7072B7FF436AF09EB0700E0
:10DE8C00837A052B7FF430AF017B03297FF42CAF11
:10DE9C00C37A13F00F023FF427AF03F0F003802B8B
:10DEAC007FF422AF90F80EE0634690F80DC0C07B73
:10DEBC004CEA0E24CDE900403046FFF71DFA002352
:10DECC00A8F82C40C8F80C00C8F81030A9E70F2DA2
:10DEDC003FF60AAF6246012330460194CDF800A00C
:10DEEC000291FFF709FA039B2A460299019300233A
:10DEFC00C8F80C003046CDF800B0FFF7FDF95146DC
:10DF0C005A4686E7D1BE00002DC9000081060022CA
:10DF1C00406920B10368034A1B6A934200D17047E1
:10DF2C00184700BF7DA50000F0B500F1100383B0C9
:10DF3C0007460A4E002500F1280453F8040F20B1BF
:10DF4C000268D269B24204D11D60A342F5D103B07C
:10DF5C00F0BD0193B9689047019BF5E775BB0000D4
:10DF6C0010B504460321C03004F026FA04F5F07015
:10DF7C00052104F039FA04F54870012104F04EFA39
:10DF8C002046BDE81040FFF779BB00BFD0F86823EE
:10DF9C00CB6A934214D0D0F86C23934218D0D0F8AB
:10DFAC007023934216D0D0F874239A4214D040694F
:10DFBC0020B10368094A9B68934200D17047184707
:10DFCC00012290F8783323EA020380F87833EEE7E5
:10DFDC000222F6E70422F4E70822F2E779A5000012
:10DFEC00C36B1BB101461846FFF7D0BF704700BF8B
:10DFFC00C38D002B4DD070B50C46016982B0002941
:10E00C0044D0D0F86813002945D090F879E390F803
:10E01C0078133EEA010C39D0B2F1FF3F14BF15461C
:10E02C001D464FF0000C012313EA0E0F0CF10102F8
:10E03C002CD019423ED05FFA82FC5B00BCF1040F7D
:10E04C00F2D1D0F868331E462A460190214630465C
:10E05C0007F0E4FD1C4A019B96420FD926F01F01E4
:10E06C007019BFF34F8F4FF0E022C2F8701F2031B0
:10E07C008842FAD8BFF34F8FBFF36F8F2A463146D1
:10E08C00186902B0BDE87040FEF78EBD002002B0EA
:10E09C0070BD00207047D0F838174FF0030EC91A26
:10E0AC0080F879E3C0F86813C91AC0F86C13C0F88B
:10E0BC003817ACE70B430CF1DA0C80F8783350F8D6
:10E0CC002C301E46C0E700BFFFFF1F2000B5DDE966
:10E0DC0001CE11B3C0F8681301210B462AB10133EC
:10E0EC00DA31DBB240F821201946BCF1000F05D023
:10E0FC000133DA31DBB240F821C01946BEF1000F12
:10E10C0005D0013301F1DA0CD9B240F82CE001232F
:10E11C008B40013B80F8793300BD0B46DEE700BF36
:10E12C0041EA0221009A41EA0341019B42EA034C75
:10E13C000346029AC0E90D1C00F134018068FEF719
:10E14C008BBC00BF064A0021136841602BB11A46F4
:10E15C005B68002BFBD1506070471060704700BFAC
:10E16C0078890020F8B50D4B1C687CB105460F462C
:10E17C0001E0646854B120683B46AA6829460668E9
:10E18C002046B0470028F4D0022801D02046F8BD24
:10E19C000123204685F87A33F8BD00BF788900202A
:10E1AC002DE9F04300F56672B0F8BC40002583B051
:10E1BC001444074680F8BE50A24229D22E46294666
:10E1CC00A8464FF001091378FE2B37D003F003005B
:10E1DC0002283DD0032837D0012832D0013200204C
:10E1EC00A24213D803F0FC03842B41D01ED9B02BD0
:10E1FC003AD031D8902B37D0A02B05D10EB9052DA4
:10E20C0039D901360021F6B29442DCD8052D3FD81D
:10E21C00C5F10602681D0021D2B2C0B2920007EB14
:10E22C00800003B0BDE8F0430AF0C2BF082B1DD03C
:10E23C00802B19D0042B08BF8046E5E702F20112AF
:10E24C00E2E750780232CBE7D2F801000532C7E79B
:10E25C00B2F801000332C3E7C02BD5D1002E18BF92
:10E26C00013E0021F6B2CFE70021CDE781B2CBE72A
:10E27C0087F8BE90C8E741EA084138460192FFF79B
:10E28C0071FF6B1C07EB8505019A6861DDB2B8E77D
:10E29C0003B0BDE8F08300BF034640690A4610B5E1
:10E2AC0082B028B10468DFF8D4C0E46864454ED16C
:10E2BC002F49506B884201D002B010BDB3F8BC108E
:10E2CC00126B8A42F8D118460093FFF769FF009B46
:10E2DC00D3F858139A8D002941D0D8680093FEF7D3
:10E2EC0063FC009BD3F85C1321B19A8DD868FEF7C0
:10E2FC005BFC009BD3F8601329B19A8DD86800930E
:10E30C00FEF752FC009BD3F8641329B19A8DD868A0
:10E31C000093FEF749FC009B986840F24C52C18B6D
:10E32C009142C9D1028CB2F51A7F03D040F22F4131
:10E33C008A42C1D10F494FF48022C3E90D120E4A13
:10E34C0003F1340102B0BDE81040FEF785BBCDE906
:10E35C000031A047DDE900320028ADD1A8E7D3F8A1
:10E36C003817891A881AC3E9D610C3F83807B4E7E6
:10E37C00810600222109F403442B00202DA4000067
:10E38C002DE9F04FB0F8BC3000F56675A7B08146AA
:10E39C00EC180D911AA80A92002130220AF008FFFD
:10E3AC00A54250D20026CDF82C903746B246B34643
:10E3BC00B046089604960F960796099603960C9607
:10E3CC000E96CDE905662B78FE2B00F0588103F0F4
:10E3DC000301022900F06181032900F05A8101290F
:10E3EC0000F0548101350022A5422CD803F0FC0327
:10E3FC00A02B00F25681732B70D8043BD8B2242882
:10E40C001FD8242B1DD8DFE803F0641C1C1C531CE4
:10E41C001C1C1C1C1C1C1C1C1C1C491C1C1C3A1CE5
:10E42C001C1C1C1C1C1C1C1C1C1C301C1C1C210023
:10E43C00002E00F052810136F6B200231F469A4698
:10E44C001A93A542BFD327B0BDE8F08FBAF1FF0FE6
:10E45C0000F06B810223A5424FF000074FF0FF0A3A
:10E46C00ADF86A200393AED3EDE7012900F0858166
:10E47C00022900F08881A5420892A4D3E3E7BAF1FF
:10E48C00FF0F00F065810123A5424FF000074FF00C
:10E49C00FF0AADF86820039395D3D4E7012900F067
:10E4AC006681022900F07281A54204928BD3CAE7DF
:10E4BC00BAF1170FC5D81F2AC3D90DEB4A03A542D1
:10E4CC000AF1010AA3F868205FFA8AFAFFF47BAF1D
:10E4DC00B9E7A5420792FFF476AFB4E7743B2C2B57
:10E4EC00AFD801A151F823F057C5000033C3000089
:10E4FC0033C3000033C3000033C3000033C3000038
:10E50C0033C3000033C3000033C3000033C3000027
:10E51C0033C3000033C3000099C4000033C30000B0
:10E52C0033C3000033C300008DC4000033C30000AC
:10E53C0033C3000033C3000033C3000033C30000F7
:10E54C0033C3000033C3000033C3000033C30000E7
:10E55C0033C3000033C300002BC3000033C30000DF
:10E56C0033C3000033C3000063C5000033C3000095
:10E57C0033C3000033C3000033C3000033C30000B7
:10E58C0033C3000033C3000033C3000033C30000A7
:10E59C0033C3000033C3000021C30000D3B2A54233
:10E5AC000993FFF410AF4EE70B9B93F8BE30002B92
:10E5BC0040F0A780B8F1000F00F0AE80D30700F157
:10E5CC00AB80D8F80030D3F81090AF4B994540F0A1
:10E5DC00C18112F0020940F02B81002F00F0D9808C
:10E5EC00069B012B40F0D580059B002B3FF425AFFB
:10E5FC00BDF86A2003EB0B0A0799CDF84090BDF8E3
:10E60C006890139414964C461646DFF88492CDE924
:10E61C0011750F0416E0651C012259460A983C43FB
:10E62C00FFF732FB049AD8F80030002A5B69C0F27D
:10E63C00E0804B4540F0EC800BF1010BDA4500F02B
:10E64C00EC802C46B442E6D3DDE910329A4240F21B
:10E65C00DD805A1CD3B20DEB83021093B2F86850D4
:10E66C00B2F86A60D8E793B2A5420693FFF4ABAE5A
:10E67C00E9E693B2A5420593FFF4A5AEE3E66B7809
:10E68C0003331D44A542FFF49EAEDCE66A780235E6
:10E69C00AAE6D5F801200535A6E6B5F80120033524
:10E6AC00A2E6B02B3FF4C9AEC02B7FF4CAAE002E4D
:10E6BC003FF4C3AE013E16F0FF067FF4BEAEB8F1D8
:10E6CC00000F3FF4BAAED8F80030704A9B69934201
:10E6DC0040F03D810026B046AFE6BDF86830079AA1
:10E6EC0043EA02430E930C9B052B3CD80B9A013644
:10E6FC0002EB83020133F6B2DBB2D2F814800C9336
:10E70C009BE69DF83430099999423FF453AF0023AE
:10E71C001F469A461A9394E6DDE9053202FB03BBC9
:10E72C0000231F469A461A938BE6039B43F0020183
:10E73C000DEB870303290391A3F86A207FF481AEC4
:10E74C0001370023A542FFB20393FFF43CAE7AE6F7
:10E75C00039B43F001010DEB870303290391A3F8FD
:10E76C006820EDD06DE6B0460136F6B265E653B2E0
:10E77C00A5420493FFF427AE65E653B2A542089375
:10E78C00FFF421AE5FE613B208935AE613B204937A
:10E79C0057E6059B002B3FF450AE5F461095119445
:10E7AC00DFF8ECA0059D069CCDE9126B049EDDF80C
:10E7BC0028B000E09946224639465846FFF764FADD
:10E7CC00B04207DB089B984204DCD8F800305B6948
:10E7DC00534526D109F1010327449D42EAD1069AFB
:10E7EC00DDE9126BDDE9105402EB0B0309FB023B74
:10E7FC0023E610F0010F0CBF02464FF0FF324B45E1
:10E80C003FF41AAF21464046984715E7254603E7E3
:10E81C0002462146404698470EE7DDE91254149E05
:10E82C000BE6079A40EA0241012240469847D1E79D
:10E83C00BAF1180F40F297800123BDF86890BDF82B
:10E84C006AE01093059B002B3FF4F7AD069B4FF04D
:10E85C00000A0F4903F1FF3C079A0F910121CDF8F3
:10E86C0064B001FA0CF1CDF84CA01497CDF844E04B
:10E87C00CDF848C0CDE91515CDE917461D465C46C7
:10E88C004FEA024B22E000BF69BB000071BB0000E5
:10E89C006DBB0000119B994537D24E4609F1010919
:10E8AC002A4621460A984BEA0607FFF7EDF9049A27
:10E8BC00D8F80030002A5B6917DB0F9A934234D1E9
:10E8CC000AF1010A059B2C44534535D9109B002BAA
:10E8DC00E0D10DEB490309F10109B9F1170FB3F8B8
:10E8EC00686028BF4FF01709DAE7129A1E2AE4D89D
:10E8FC00159A02424FF0010202FA05F2C2F100022F
:10E90C0042EA000218BF1046D7E7DDE913329A42FB
:10E91C0010D95A1C4E46D3B20DEB83021393B2F8A6
:10E92C006A30B2F868901193BAE70246394640460D
:10E93C009847C5E74E46B3E7DDF864B00F96189ECE
:10E94C00DDE90523DDE9165402FB03BB75E5404602
:10E95C009847BFE6089B4046109200930E99049B83
:10E96C00C847109A35E6059B012B8CBF0123002369
:10E97C00BAF1010F88BF0023109353B1BAF1010F04
:10E98C000CD00F9B4FF6FF7E03F47F4909F580797D
:10E99C005CE74FF6FF7EDDF8409053E7BDF86890DA
:10E9AC004FF6FF7E52E700BF30B50446406983B096
:10E9BC00D1E90B5328B10268DFF87CC0526862457C
:10E9CC0032D194F8BE20F2B1012B23D8194B9D42C1
:10E9DC0010D9A28D25F01F032A44BFF34F8F4FF09F
:10E9EC00E021C1F8703F20339A42FAD8BFF34F8F21
:10E9FC00BFF36F8F2346A28D2946E06803B0BDE8B4
:10EA0C003040FEF7D1B82A464FF480712046FFF70C
:10EA1C00B7FCDBE72A46013B204612F8011B41F408
:10EA2C008071FFF7ADFCD1E701939047019B002863
:10EA3C00CCD1C6E7FFFF1F2075A50000C36B1BB12F
:10EA4C0001461846FFF7B0BF704700BF002A77D1C8
:10EA5C005B4ADFF870C1C0F83823C0F854C34A7E53
:10EA6C00092A6DD18A7E002A6AD191F81BC0BCF1AB
:10EA7C00020F65D838B580F8B023049A0F2A61D9F3
:10EA8C0022F00F0C03F11002634403F1100E02E0AC
:10EA9C001032724558D012F810CCBCF1090FF7D1D6
:10EAAC0012F80F3C042BF3D112F80C3C012BEFD1D4
:10EABC0012F80B3C092BEBD112F8093C022BE7D8CE
:10EACC0012F807CCBCF1070FE2D112F806CCBCF15E
:10EADC00050FDDD112F805CC0CF0F00CBCF1800F59
:10EAEC00D6D112F804CCBCF1030FD1D112F803CC5F
:10EAFC00BCF1010FCCD112F802CCBCF1000FC7D184
:10EB0C0090F8B0C3BCF1000F4FD112F80E3C80F856
:10EB1C00B13312F80D3C80F8B23312F8093C80F88E
:10EB2C00B33312F8053C03F00F0380F8B43312F83A
:10EB3C00013C80F8B5330CF1010C80F8B0C3A7E7A9
:10EB4C0000207047002038BD90F8B033002BF9D06E
:10EB5C0003460022DFF870E04FF4801CC3F8BC239E
:10EB6C00084683F8B62303F55C71C3F87823C3F821
:10EB7C009823A3F8B923C3F8BF23C3F87C23C3F8A5
:10EB8C008023C3F88423C3F88823C3F88C23C3F8E9
:10EB9C009023C3F8942303F56872C3F870E3C3F8A9
:10EBAC0074C3FDF759FF012038BD90F8B14312F83A
:10EBBC000E5CAC42CCD190F8B3439C42BBD2A8E7DC
:10EBCC00F00C0020D80C0020A006002970B590F89D
:10EBDC00B633044663B100F55E76002556F8040F93
:10EBEC0018B1FFF70BF894F8B6330135AB42F5D8F2
:10EBFC000023C4F8BC3384F8B633C4F87833C4F8B3
:10EC0C009833A4F8B933C4F8BF33C4F87C33C4F8D0
:10EC1C008033C4F88433C4F88833C4F88C33C4F814
:10EC2C009033C4F89433C4F8C333C4F8C73384F8AE
:10EC3C00CB3370BD10B5044607210C3003F0A4FB98
:10EC4C0004F5A070022103F0B7FB04F50070042159
:10EC5C0003F0CAFB04F54070012103F0DFFB2046F2
:10EC6C00BDE81040FEF70ABD09B390F8B6338B42ED
:10EC7C001DD34FF0010C10B590F8B92382B00CFAEB
:10EC8C0001F4AAB9034680F8B9C30D480193C3E94E
:10EC9C00DC0103F55C719868FDF7DEFE019B93F8CF
:10ECAC00C32322EA040283F8C32302B010BD7047C9
:10ECBC0090F8C333234380F8C33302B010BD00BFB8
:10ECCC002303080090F8B6338B422CD3012210B5E5
:10ECDC0090F8B93382B002FA01F4EBB9002903467B
:10ECEC0080F8B92341F480210CBFA020A32003F5A8
:10ECFC006772C3F87413C3F8700303F55C719868FA
:10ED0C000193FDF7A9FE019B93F8C42322EA0402A8
:10ED1C0083F8C42302B010BD90F8C433234380F8A9
:10ED2C00C43302B010BD704730B5044683B00091B7
:10ED3C0006F01AFC04F54E7200998A4227D004F5AD
:10ED4C005573994201D003B030BD94F8BA23002A10
:10ED5C00F9D0531E234493F8BC130829F3D1A168AE
:10ED6C004FF0000594F8BB0384F8BA53497D019326
:10ED7C000092FEF793FC009A174904EB8204019B66
:10ED8C0009220D70C4F8780383F8BC23DBE794F8F0
:10ED9C00CB331D46002BD6D094F8B603A0B101217D
:10EDAC0002E0013188420FD301238B402B42F8D073
:10EDBC002046CDE90012FFF785FF94F8B603DDE994
:10EDCC00001201318842EFD244F62061104603B0A4
:10EDDC00BDE83040FDF71EBD4693002070B5C56BF5
:10EDEC0005B30024012604E0013495F8B6339C42A7
:10EDFC000ED806FA04F2D5F898331A42F4D021460C
:10EE0C002846FFF75FFF013495F8B6339C42F0D9E2
:10EE1C002B4605F56671D5F878030122BDE87040E4
:10EE2C00FDF7C2BE70BD00BF09B390F8B6338B427C
:10EE3C001DD34FF0010C10B590F8B92382B00CFA29
:10EE4C0001F4AAB9034680F8B9C30D480193C3E98C
:10EE5C00DC0103F55C719868FDF7FEFD019B93F8EE
:10EE6C00C52322EA040283F8C52302B010BD704703
:10EE7C0090F8C533234380F8C53302B010BD00BFF2
:10EE8C002301100009B390F8B6338B421DD34FF019
:10EE9C00010C10B590F8B92382B00CFA01F4AAB9A0
:10EEAC00034680F8B9C30D480193C3E9DC0103F5AF
:10EEBC005C719868FDF7D0FD019B93F8C62322EA9C
:10EECC00040283F8C62302B010BD704790F8C63315
:10EEDC00234380F8C63302B010BD00BF23011100DC
:10EEEC0009B390F8B6338B421DD34FF0010C10B51B
:10EEFC0090F8B92382B00CFA01F4AAB9034680F851
:10EF0C00B9C30D480193C3E9DC0103F55C71986842
:10EF1C00FDF7A2FD019B93F8C72322EA040283F8B4
:10EF2C00C72302B010BD704790F8C733234380F855
:10EF3C00C73302B010BD00BF2301120009B390F813
:10EF4C00B6338B421DD34FF0010C10B590F8B9239A
:10EF5C0082B00CFA01F4AAB9034680F8B9C30D4883
:10EF6C000193C3E9DC0103F55C719868FDF774FD4E
:10EF7C00019B93F8C82322EA040283F8C82302B049
:10EF8C0010BD704790F8C833234380F8C83302B0E3
:10EF9C0010BD00BF2301130009B390F8B6338B42A8
:10EFAC001DD34FF0010C10B590F8B92382B00CFAB8
:10EFBC0001F4AAB9034680F8B9C30D480193C3E91B
:10EFCC00DC0103F55C719868FDF746FD019B93F835
:10EFDC00C92322EA040283F8C92302B010BD70478A
:10EFEC0090F8C933234380F8C93302B010BD00BF79
:10EFFC002301140009B390F8B6338B421DD34FF0A4
:10F00C00010C10B590F8B92382B00CFA01F4AAB92E
:10F01C00034680F8B9C30D480193C3E9DC0103F53D
:10F02C005C719868FDF718FD019B93F8CA2322EADE
:10F03C00040283F8CA2302B010BD704790F8CA339B
:10F04C00234380F8CA3302B010BD00BF2303040071
:10F05C004B1E034470B5044693F8BC0382B00D46B6
:10F06C00092809D8DFE800F01D1D0A0A0A0A0A322D
:10F07C00054D12F001025CD002B070BDD60766D50A
:10F08C000130C0B2072883F8BC03F5D1454A11788A
:10F09C0019B945490978002972D0062283F8BC2396
:10F0AC00EAE7D207E8D5022283F8BC2394F8CB33E5
:10F0BC00002B5CD0012229462046AA40134384F839
:10F0CC00CB3302B0BDE87040FFF7AEBE9107D0D590
:10F0DC0029462046CDE90032FFF75EFF009B082150
:10F0EC00019A83F8BC1393053DD5012246F2A81171
:10F0FC0004F5557084F8BB2302B0BDE87040FDF7F1
:10F10C0089BB12F00102B7D1CDE9002304EB8503D2
:10F11C00D3F878031E46FEF771FD009A2946204667
:10F12C00C6F87823FFF780FE0122019B83F8BC23ED
:10F13C00A2E729462046CDE90023FFF775FE1948C2
:10F14C000121009A019B027083F8BC1394E7012102
:10F15C0094F8CB2301FA05F522EA050284F8CB23B7
:10F16C0083F8BC1388E7C2F380225200BEE744F652
:10F17C00206104F54E70FDF74DFB94F8CB3399E705
:10F18C0001211170A94094F8CB2322EA01022946EF
:10F19C0084F8CB2383F8BC032046FFF72BFF84F8BD
:10F1AC00BA5369E7469300204793002000222DE9CB
:10F1BC00F041864D82B080F8B92304464B6B0E8F1C
:10F1CC00AB426BD0824DAB4236D0A32B03D10B6B31
:10F1DC00042B00F0B78094F8C313002940F086800C
:10F1EC0094F8C513002940F0BF8094F8C613002989
:10F1FC0040F09E8094F8C713002940F0BF8094F82B
:10F20C00C813002940F0CE8094F8C913002940F0AF
:10F21C00D38094F8C413002940F0BA8094F8CA1330
:10F22C00002960D091FAA1F12046B1FA81F102B027
:10F23C00BDE8F041FFF7DEBE94F8B013B0F8A2338E
:10F24C00012990F8A503A4F8B63384F8B80357D86D
:10F25C00DBB2002BBFD001252F4614E05B4884F8AD
:10F26C00B973C4E9DC05A068FDF7F6FB94F8C33369
:10F27C0023EA0603013594F8B61394F8B923A9428E
:10F28C0084F8C3332CD3234604F55C7107FA05F6D6
:10F29C00002AE3D094F8C3333343EBE790F8B6334A
:10F2AC00B34298D1D0F87833002B94D1012590F843
:10F2BC00B50394F8B42303212B46CDE90050A06884
:10F2CC00FEF71AF8434B01462A46C4F878034968FE
:10F2DC0004F56671C3632346FDF766FC94F8B92305
:10F2EC00002A3FF478AF02B0BDE8F08191FAA1F1A9
:10F2FC002046B1FA81F102B0BDE8F041FFF7B4BC91
:10F30C0094F8B23340F6013194F8B10341EA034169
:10F31C002346C4E9DC1004F55C71A068FDF79CFB86
:10F32C00012294F8B63384F8B923002B93D1DAE791
:10F33C0091FAA1F12046B1FA81F102B0BDE8F04199
:10F34C00FFF7A0BD002E3FF446AF90F8B6339E42B7
:10F35C003FF641AFCB6A31461A68FFF779FE94F855
:10F36C00B923002ABFD136E791FAA1F12046B1FAB0
:10F37C0081F102B0BDE8F041FFF756BD91FAA1F161
:10F38C002046B1FA81F102B0BDE8F041FFF7A8BD0B
:10F39C0091FAA1F12046B1FA81F102B0BDE8F04139
:10F3AC00FFF790BC91FAA1F12046B1FA81F102B0BD
:10F3BC00BDE8F041FFF7C2BD91FAA1F12046B1FAC8
:10F3CC0081F102B0BDE8F041FFF7E6BD2303080070
:10F3DC00A0060029CDCC0000704700BF4FEA114CAD
:10F3EC008BB2BCF1090F30B516D1ABB1202B18D8AC
:10F3FC00013B4FF0010C416C0CFA03F303EA010ED4
:10F40C00002A40F08380BEF1000F04D021EA0301F2
:10F41C0080F841C0416430BDBCF1010FA3F1300E46
:10F42C0045D0B0F860E1E645F5D1B0F862C19C4535
:10F43C00F1D8B0F864E1E6449E45ECD9CCF10A0C65
:10F44C008C441FFA8CF33F2BE5D800EB83044FF070
:10F45C00010EA3F12001C3F1200CA56C0EFA03F3ED
:10F46C000EFA01F12EFA0CFC954241EA0C0117D070
:10F47C00A264D0F85441D0F8502141EA040CD0F8E1
:10F48C0058411A43C0F854C1C0F850212240D0F85A
:10F49C005C410CEA040C52EA0C0218BF80F841E003
:10F4AC00D0E9524223430A43C0E9523230BDBEF187
:10F4BC00090FB6D80121D0F8484100EB830301FABB
:10F4CC000EFE44EA0E0CD0F84C41C0F848C144EA98
:10F4DC00EE7CC0F84CC153F8784C94429BD043F866
:10F4EC00782CD0F85841D0E954324EEA030342EA62
:10F4FC00EE72C0F850312340D0F85C41C0F8542172
:10F50C002240134387D080F8411030BDBEF1000F6C
:10F51C0081D10B4380F841C0436430BDA0F10C0095
:10F52C00FFF75CBF90F8413013B1012380F84230F3
:10F53C00704700BF01207047704700BF704700BF85
:10F54C0000220023C0E95223C0E95423704700BFB6
:10F55C000368DFF810C0DB69634501D1FFF73EBFDC
:10F56C00184700BFCDD2000000234362436380F8EC
:10F57C006C3180F82030704770B50D4682B006466D
:10F58C0011492B6B11480193EB6A0093D5E90D23BC
:10F59C0005F022FCEC6A74B12B8E63B1102B94BF76
:10F5AC00E51804F1100514F8012B0949074805F07A
:10F5BC0013FCAC42F7D10749044805F00DFC0020C0
:10F5CC0086F8240502B070BD000D0020F029002043
:10F5DC002C0D0020BC0D0020A0F10C00FFF7CCBFBF
:10F5EC0090F87431013BDBB280F874313BB9436164
:10F5FC0003639FED037B80ED527B80ED547B704762
:10F60C00000000000000000070B50D4682B01146ED
:10F61C001E46044602462B461148CDE900161149F8
:10F62C0005F0DAFB606910B1002002B070BDA36A6E
:10F63C000BB1AB42F9D10C4BF318012B02D90B4B8C
:10F64C009E42F1D10A49064805F0C6FBAA68236818
:10F65C0020469B6CC4E909259847012002B070BD77
:10F66C00F0290020340D0020FCFFFEFF08000100F3
:10F67C00800D0020A0F11800FFF7C6BFD0F800C025
:10F68C0000B5DCF818E0DFF810C0E64500D100BD8D
:10F69C00F4465DF804EB6047C9D20000704700BF28
:10F6AC00012070470023C360C36180F8543103729A
:10F6BC00704700BF02680649526A8A4207D190F827
:10F6CC0041201AB1012280F8422070477047104740
:10F6DC0015D4000090F8353013B1012380F8363082
:10F6EC00704700BF0000000090F86831013BDBB2AE
:10F6FC0080F868313BB9836043629FED037B80EDFA
:10F70C004F7B80ED517B7047000000000000000033
:10F71C0003680D4A9B6A934210D190F87431013BF7
:10F72C00DBB280F8743143B9436103639FED047B12
:10F73C0080ED527B80ED547B70477047184700BFBB
:10F74C000000000000000000D1D4000050F8182C7C
:10F75C00034607491838526A8A4207D193F8292080
:10F76C001AB1012283F82A2070477047104700BF56
:10F77C0015D400000000000050F8183C0E4A9B6A9B
:10F78C00934211D190F85C31013BDBB280F85C31D3
:10F79C004BB940F8043C83619FED057B80ED4C7BBD
:10F7AC0080ED4E7B7047704718381847AFF30080D8
:10F7BC000000000000000000D1D4000050F8183CFC
:10F7CC001838DB69184700BFA0F1180C50F8180C5A
:10F7DC0000B5D0F818E00448864504D06046F446DD
:10F7EC005DF804EB604700BDC9D20000002B18BFC8
:10F7FC00002801D012B109B900207047FDF7D4B927
:10F80C002DE9F04F0F46416985B019B1002005B0C4
:10F81C00BDE8F08F81680029F8D1013A18BF0122A8
:10F82C00002AF3D1F98B3C8CDFF8C8C104E001321B
:10F83C000CF1060C0F2AE9D0BCF800E08E45F6D18D
:10F84C00BCF802E0A645F2D16A4902EB420201EB98
:10F85C00420251790029D9D111790E9A8946162A7A
:10F86C00D4D9B1FA81F252090029CFD019790129E2
:10F87C00CCD95979FF29C9D180F89524C0F89624A0
:10F88C009A7A222A00F0818009214FF0000B4FF068
:10F89C00000A4FF000080E9A8A42B7D95A5C03EB63
:10F8AC00010C072A4DD0114490F89524B8F1000FA3
:10F8BC00F1D0B2FA82F67609002AECD0CDF804A089
:10F8CC000446B0F8963402F00F0203213846009338
:10F8DC000123FDF711FDC4F89C04002896D0CDF847
:10F8EC0004B04246B4F898343846032100933346AA
:10F8FC00FDF702FDC4F8A004002887D0D4F89C04BE
:10F90C0004F2A4413C4BB4F89624C3632346FDF7A0
:10F91C004BF93A4BD4F8A004B9F1030FC36345D0AB
:10F92C00B9F1040F4ED0B9F1070F56D04FF48072D5
:10F93C00002104F1480009F03BFC012084F82C90D4
:10F94C0065E79CF801E0BEF1050FACD19CF803E033
:10F95C00BEF1030FA7D10D1D5C5D402CA646A2D8AD
:10F96C009CF80540002C9ED19CF902608A1D9CF8E5
:10F97C000240002E03940EDBA0F898E49A5CDDF8AC
:10F98C000C8093469CF800208DE75A7A142A7FF459
:10F99C003DAF1D2179E780F8954413F805E0A0F8F8
:10F9AC0096E49A5C92469CF800207CE740F2014277
:10F9BC002346134900920522FFF718FF012384F810
:10F9CC006C31B3E740F204430C220E4900932346FA
:10F9DC00FFF70CFF84F86C61A8E740F2074223465E
:10F9EC00094900920222FFF701FF012384F86C31D0
:10F9FC009CE700BFE82A002061EF00002DD4000036
:10FA0C00CC2A0020D42A0020C82A002010B5044695
:10FA1C00032100F5C07002F0CFFC04F5287007211B
:10FA2C0002F0E2FC012104F58C6002F0F7FC2046A8
:10FA3C00FDF724FE04F10C00FEF784FB04F1180022
:10FA4C00BDE81040FCF780BD30B5046B97B054B3E3
:10FA5C0001901E2200210DF10A0009F0A9FB019B67
:10FA6C004FF605724FF0000C93F866112046ADF876
:10FA7C00082061F3070C93F8672102A962F30F2C9D
:10FA8C0093F8692162F3174C93F86A2193F86B3160
:10FA9C0062F31F6C20228DF81030CDF80CC0FEF7ED
:10FAAC00A7FA17B030BD426B154612B9104617B005
:10FABC0030BD214601904C220DF10B0009F078FB72
:10FACC0041F25212019B2846ADF80820802293F88F
:10FADC006AC102A98DF80A20FF228DF80C2093F838
:10FAEC00662162F3070493F8672162F30F2493F8FD
:10FAFC00692162F3174493F86B2140236CF31F6464
:10FB0C008DF813204F22CDF80F40FCF755FD012046
:10FB1C0017B030BD2DE9F041066B84B08446002E41
:10FB2C0044D000F2E447444D3C46AE461034103508
:10FB3C00BEE80F0044F8043C404B44F8100C9E45C2
:10FB4C0044F80C1C44F8082CEFD19CF866310BBB24
:10FB5C001A468CF8E6348CF8E5249CF867211AB325
:10FB6C009CF868318CF8E73400249CF86B31212127
:10FB7C008CF8E82430225B000297019209228CF861
:10FB8C00ED3440F2012330460094FEF7C9FA04B07C
:10FB9C00BDE8F0819CF868218CF8E6348CF8E524FB
:10FBAC009CF86721002ADBD11346DBE7446BCCB30E
:10FBBC00214F4FF4A97300F2E44800F2E64607F136
:10FBCC00300EA0F8E4343D46103610370FCD754595
:10FBDC0046F8100C46F80C1C46F8082C46F8043C69
:10FBEC00F1D19CF866310BBB1A468CF8E7249CF8D3
:10FBFC0067218CF8E834E2B19CF868318CF8E93470
:10FC0C0020469CF86B3141468CF8EA2432225B008A
:10FC1C008CF8EF344FF0FF33FCF7CEFC012004B02E
:10FC2C00BDE8F081204604B0BDE8F0819CF8682165
:10FC3C00DBE71346E2E700BF80090020B009002093
:10FC4C000146006B08B598B1B1F86931022291F800
:10FC5C006BC1A1F8E63491F8663101F2E4410A7007
:10FC6C00072281F804C08B71BDE80840FEF7C0B9CB
:10FC7C00486B00B908BD40F2A222B1F8693191F885
:10FC8C006BC1A1F8E42491F8662101F2E441A1F8DA
:10FC9C0003306FF00103CA71322281F805C0FCF702
:10FCAC008BFC012008BD00BF70B590F8694182B093
:10FCBC008C4212D0044690F82C000D4684F86B311F
:10FCCC00431E84F8691184F86A21062B0DD8DFE8ED
:10FCDC0003F0353B0C41580C0F0090F86A419442EC
:10FCEC00E8D190F86B419C42E4D1002002B070BD89
:10FCFC00636B002B4BD03222002104F2E4400193C1
:10FD0C0009F056FA3E4A84F8F0544FF4D175137842
:10FD1C0004F2E441019884F8E6340133A4F8E45485
:10FD2C0003F00F03137030226FF0010384F8EF24FB
:10FD3C003222FCF741FC012002B070BD204602B01B
:10FD4C00BDE87040FFF7E6BE204602B0BDE870404B
:10FD5C00FFF77ABE00234FF400624031D4F8A004C0
:10FD6C00A4F8E524C4F8E83484F8E714C4F8EC34B7
:10FD7C000028E0D023460C2204F2E441FCF714FFE7
:10FD8C00D9E7204602B0BDE87040FFF759BF1D4AC5
:10FD9C004FF0010CC4F8E634C4F8EE34C4F8EA347D
:10FDAC00C4F8F234A4F8F6341378206B84F8E534F4
:10FDBC00634484F8EF1404F2E4411370402344F2DA
:10FDCC00010284F8E4C484F8E9340F4BA4F8E72466
:10FDDC00C4F8EB3418B11422FEF70AF985E7D4F80D
:10FDEC00A004002881D023461422FCF7DDFE002855
:10FDFC007FF47BAF0549064804F0EEFF75E700BFC2
:10FE0C00399300203793002001404030A80D00208A
:10FE1C00F0290020F8B5164690F82C2080F86831AF
:10FE2C000446531E0D4680F8661180F86761062B58
:10FE3C0000F29980DFE803F04145497B9397040079
:10FE4C00436B1F46002B00F0AD80322200F2E447DA
:10FE5C00002100F2E44009F0ABF941F2A203A4F84E
:10FE6C00E4348A4B1A78102A00F2CE80511C01F02F
:10FE7C000F011970334684F8E6242A4684498548D4
:10FE8C0004F0AAFF55EA06030BD0002E40F0D180F7
:10FE9C00002D00F0CF80804A804BC4F8E724C4F8D2
:10FEAC00EB344FF000006FF0010332223946A4F816
:10FEBC00EF04606BFCF780FB37E0BDE8F840FFF720
:10FECC0029BEBDE8F840FFF7BFBD406B00284CD001
:10FEDC0040F2A2334FF06401714AA4F8E4340F23CA
:10FEEC0084F8E63440F2FF1315FB013516FB0131A3
:10FEFC00FF2384F8EB3482FB05632B4482FB015215
:10FF0C000A445B120021521284F8E73484F8E93475
:10FF1C006FF0010384F8E82484F8EA240A22A4F898
:10FF2C00EC1404F2E441FCF747FB0120F8BD00237C
:10FF3C005C49002265F30F23C0F8E414D0F8A00448
:10FF4C0066F31743C4F8EC24C4F8E8340028ECD06A
:10FF5C0023460C2204F2E441FCF726FEE5E7BDE85B
:10FF6C00F840FFF76DBE0020F8BD03464E4A84F8FA
:10FF7C00F00461F30703C4F8E424D4F8A0044FF4AC
:10FF8C00706266F30F23C4F8E82443F47F03C4F8CB
:10FF9C00EC340028C9D023460D2204F2E441FCF7CE
:10FFAC0003FEC2E70A46334640493A4804F014FFC0
:10FFBC001022364B04F2E44184F8E4241A78C4F895
:10FFCC00E674102AC4F8EA74C4F8EE74C4F8F27437
:10FFDC001DD8501C00F00F00187055EA060384F869
:10FFEC00E5240BD076BB75B3314846F28802612309
:04FFFC00C4F8E7045A
:02000004600199
:10000000A4F8EB2484F8ED34206B48B11222FDF7FC
:10001000F5FF90E70121002231E73A460120E1E7B0
:10002000D4F8A004002886D023460C22FCF7C2FD99
:10003000002880D122491A4804F0D4FE7BE7BDB9DC
:100040009EB1194A174BC4F8E724C4F8EB342EE7E5
:10005000CDB9B6B1134844F201024023C4F8E60416
:10006000A4F8EB2484F8ED34CEE7002D3FF41FAF65
:10007000002E3FF41CAF0B4BC4F8E734C4F8EB344C
:1000800015E7002DC0D0002EBED0064BC4F8E634D4
:10009000C4F8EA34B8E700BF39930020C00D00204F
:1000A000F02900202888606100014040030820807A
:1000B00000010FC009000009DC0D002001404028AC
:1000C000A80D002000210022002380F8421080F8B3
:1000D0004110C0E95423C0E95223704738B50C469B
:1000E000054613222349204609F0ACF820B9022323
:1000F00085F82C30012038BD0F221F49204609F019
:10010000A1F820B90123012085F82C3038BD152233
:100110001A49204609F096F80028F3D01122184910
:10012000204609F08FF818B9052385F82C30E1E74F
:100130000D221449204609F085F8B0B10D2212496C
:10014000204609F07FF860B10B221049204609F0E3
:1001500079F830B10B220E49204609F073F80028D7
:10016000C8D1072385F82C30C4E7032385F82C3049
:10017000C0E700BFFC0D0020100E0020200E002064
:10018000380E00204C0E00205C0E00206C0E00206B
:10019000780E0020F0B5044683B00D462148224970
:1001A0001F46164604F01EFEA36A23B1AB4202D0DE
:1001B000002003B0F0BD60690028F9D106F4706337
:1001C000B3F5A06FF5D106F03C0397B13946204650
:1001D0000193FFF783FF019B082B0CD194F82C307F
:1001E000013B062B19D8DFE803F0080B0B180818A1
:1001F0000B00082B04D00120DBE7042384F8203017
:100200000A49084804F0EEFDA86801216063C4E9CA
:100210000905FCF725FA0220CBE7089B012BEAD160
:10022000EEE700BFF0290020840E0020B80E002069
:10023000A0F11800FFF7AEBF10B50446FFF74EFF60
:1002400094F82C30022B0AD003F0FB03012B01D0D1
:10025000012010BD0423012084F8203010BD0123AB
:10026000012084F8203010BD10B504461838FFF77F
:1002700035FF237D022B07D003F0FB03012B01D1B7
:1002800004232372012010BD01230120237210BD1D
:100290002DE9F04100F2E4470446884682B0164654
:1002A0000021322238461D4608F088FF4023294AA3
:1002B00084F8EF8484F8E93484F8EA3484F8ED347F
:1002C00084F8EE34137884F8E634013303F00F0336
:1002D0001370002384F8E73484F8EB34012384F8A6
:1002E000E83484F8EC344FF4D173A4F8E4344DB11D
:1002F000334604F2EF42701913F8011B834202F8EF
:10030000011FF9D1606BB0B1089B63B96FF00103B5
:1003100032223946FCF756F905F02CF9C4F8700181
:1003200002B0BDE8F081A06A194600F56A70FCF7DA
:1003300077FA606BEAE7334642460749009507487B
:1003400004F050FD05F016F9C4F8700102B0BDE8E4
:10035000F08100BF39930020E80E0020F029002032
:1003600090F82C300022013B30B5044685B080F86F
:100370006D21062B14D8DFE803F0042D1313251389
:1003800015001C4A002301200292ADF80C3005F044
:100390009BF84FF0FF33062202A9606BFCF712F9BD
:1003A00005B030BD1449012302AA00914FF00001AD
:1003B0000D468DF808100221FFF76AFF84F86D5191
:1003C00005B030BD0023FF22194605B0BDE830401E
:1003D000FFF770BC40F243230120ADF8083005F070
:1003E00073F84FF0FF33022202A9606BFCF7EAF8C2
:1003F00005B030BD53F4420390D00300A0F11800C3
:10040000FFF7AEBF10B5036B802480F8E51480F8C9
:10041000E44480F86E119BB1044652B9022204F202
:10042000E4411846FDF7EAFD05F0A4F8C4F87001B0
:1004300010BD03F55F701146FCF7F2F9236BEDE791
:10044000D0F8A044002CF3D0034600F2E44112227D
:100450002046BDE81040FCF7ADBB00BFDFF824C16B
:100460009C44BCF1010F30B5964685B005D9404A91
:10047000934202D0002005B030BD43690BB17345F3
:10048000F8D18268002AF5D190F874C104464FF083
:10049000010501630CF1010CC0F814E0402308468B
:1004A00004F2E4410392CDE9002284F874C184F897
:1004B0004150FDF711FE636984F86C51039AD88BA3
:1004C000B3F820C02B4B03E0013206330F2A16D0BD
:1004D00019888142F8D159886145F5D102EB420271
:1004E000244B03EB42031A79531E84F82C20062B6D
:1004F00008D8DFE803F01D3307071D072700002396
:1005000084F82C304FF0090C2121052040F2FF32F5
:100510000023A4F86211A4F864011749A4F860C18B
:100520001648C4E9562304F05DFC012005B030BD37
:100530004FF0010C4FF4807127204FF0FF324FF045
:10054000FF33E6E70E4A02212046FFF75BFF012258
:10055000002384F8382084F86D31D3E74FF47F4CC2
:10056000212136206FF440624FF0FF33D1E700BF06
:1005700008000100E82A0020800D0020F02900205A
:1005800090D00300FCFFFEFFA0F10C00FFF766BF58
:100590002DE9F04182B005460F46144600211E2287
:1005A00000F2E6400193089E08F008FE01210022B7
:1005B000019B61F3070285F8E414402161F30F22E7
:1005C00085F8E91461F31742264967F31F62C5F8FD
:1005D000EB2444F20102A5F8E7240A78013202F084
:1005E0000F020A7085F8E5245BB1013B621E05F23B
:1005F000EE4114FA83F312F8010F9A4201F8010F49
:10060000F9D1286B78B1202205F2E441FDF7F6FC20
:10061000DEB904F0AFFFC5F87001642002B0BDE898
:10062000F04104F051BFD5F8A00428B12B4605F2E3
:10063000E4412022FCF7BEFA04F09CFFC5F87001EB
:10064000002EEAD002B0BDE8F081286B314600F5FB
:100650005F70FCF7E5F804F08DFFC5F8700102B09B
:10066000BDE8F081399300208B7B102B00D07047C0
:10067000F0B5CB7B89B0202B00F0A180802B00F05F
:1006800089803D2B40F08B800B7C602B40F0858077
:100690004B7D91F816E01A02087D4FEA131CCC7DC1
:1006A00002F470630A7E4CEA0E1C4FEA022E0343EA
:1006B000C87E12090EF4706E44EA0E044FEA002E52
:1006C0000009E61A0EF4706E4B7E02968E7E42EAA8
:1006D000031591F8242046EA0E0EA5EB0C0791F8BD
:1006E0001EC004EB0E0691F8213001944FEA1C1451
:1006F00003964FF0000E0E7F049440EA06104FEA76
:100700000C264FEA022C2844120906F470641E02DB
:1007100007920CF4706206F4706691F81DC00692A0
:10072000724605964CEA040C029E67F30F02049C85
:100730001B0960F31F4266F30F0EC87F039E66F32A
:100740001F4E44EA001691F82000059C2043069CA9
:10075000ACEB000791F8220043EA001391F8230064
:1007600091F8251004430798F31A40EA01100CEBA6
:100770000401029130443049019CCD818C81A1F863
:1007800000C04E808F800B814881C1E904E2029A4B
:10079000CA8002E00B7C602B3FD009B0F0BD862BF5
:1007A00001D0982BF9D10B7C602BF6D10B7ECA7D42
:1007B0001B02214903F4706313430B83EDE70B7CA9
:1007C000602BEAD14FF0000C1C4862468B181432A3
:1007D000D2B293F815E08A5C42EA0E2220F8022B8E
:1007E00093F81BE09A7E42EA0E22828093F821E081
:1007F00093F8202042EA0E220CF1020E428193F877
:10080000272093F8263043EA022362465FFA8EFCE3
:100810000382BCF1060FD9D1BFE701F114030748E9
:1008200017311A7813F801CF42EA0C22994220F8C6
:10083000022BF6D1B1E700BF488100209C81002047
:1008400010B5044686B041B30B78812B04D0212B20
:1008500002D0002006B010BD206B039100F55F7040
:10086000FCF74CF803990B78812B23D194F838309E
:10087000002B40D094F86E2194F86D31812A04D079
:1008800094F86F21002A00F0928001330022DBB23D
:1008900084F86F2184F86D311BE023B390F8383071
:1008A0004BB390F86D3180F86F110133DBB280F8F3
:1008B0006D310EE02046FFF7D7FE94F83830D3B103
:1008C00094F86D310022013384F86F21DBB284F893
:1008D0006D310A2B0FD8DFE803F0645E58524133C4
:1008E00009261809110090F86D31F2E7324A042107
:1008F0002046FFF787FD012006B010BD63220023CC
:1009000084F86D2184F83830F5E7DFF8ACC0302189
:10091000012304AA8DF8101020460321CDF800C051
:10092000FFF736FEE7E7DFF890C0012304AA48216D
:100930002046CDF800C08DF81030FFF729FEDAE729
:1009400006201D49012304AA84F86D012046009168
:1009500040218DF81030FFF71BFECCE7DFF858C0C0
:1009600046F23D011922049105238DF814202046FA
:1009700004AA1021CDF800C0FFF70AFEBBE7DFF89C
:1009800038C04FF4C1410622EDE7DFF82CC046F233
:1009900020011822E7E7084A02212046FFF732FD2E
:1009A000A9E7054A03212046FFF72CFDA3E7012212
:1009B00084F86F218DE700BF90D00300036B6BB10B
:1009C00010B5044603F55F70FBF798FF0022204640
:1009D00001231146BDE81040FFF732BF704700BF4A
:1009E000436A8BB100B583B0019003F55F70FBF7EC
:1009F00085FF019900220123A1F10C00114603B0EB
:100A00005DF804EBFFF71CBF704700BF10B504464C
:100A100086B0002936D00B78212B02D0002006B0FA
:100A200010BD806A039100F56A70FBF767FF0399B8
:100A30002046FFF719FE94F83A3003B394F86D316D
:100A40000133DBB284F86D31013B0A2B17D8DFE8A4
:100A500003F02F063D42474D53606D742200DFF8CE
:100A6000F8C046F286011222049105238DF8142065
:100A7000204604AA1021CDF800C0FFF709FC012090
:100A800006B010BD23B190F83A30002BD6D1F6E76E
:100A900090F86D31D8E7FF2320461A461946FFF734
:100AA000BFF90022FF2384F83A2084F86D31E6E78D
:100AB000DFF8A4C00021012304AA8DF810102046FD
:100AC0000821CDF800C0FFF7E3FBD8E7DFF888C0C6
:100AD00046F29801C7E7DFF880C046F23D01C2E761
:100AE000DFF874C046F220011822BDE7DFF868C0C5
:100AF0004FF4C1411822B7E7DFF85CC0012304AA14
:100B000040212046CDF800C08DF81030FFF7C0FB23
:100B1000B5E7DFF844C0012304AA48212046CDF8F8
:100B200000C08DF81030FFF7B3FBA8E700230121C8
:100B300020461A46FFF7BEF8A1E7DFF81CC03021B7
:100B4000012304AA8DF8101020460321CDF800C01F
:100B5000FFF79EFB93E700BF90D00300836A6BB161
:100B600010B5044603F56A70FBF7C8FE0022204664
:100B700001231146BDE81040FFF748BF704700BF92
:100B800003698BB100B583B0019003F56A70FBF780
:100B9000B5FE019900220123A1F11800114603B00E
:100BA0005DF804EBFFF732BF704700BF2DE9F0415D
:100BB0009DF81C409046BDF918004C4D002C64D0A7
:100BC000B5F91020B5F91240B5F90C60B5F914C0AB
:100BD000B5F916E0B5F90E509342B8BF134660451B
:100BE000B8BF6046A342A8BF23467045A3EB0607E3
:100BF000A8BF70469E4206EE907AF8EEE66A6ADC7E
:100C0000A41B07EE904AB8EEE77AC6EE877A431B3C
:100C1000854205EE903A27EEA76AF8EEE55A4BDCDE
:100C2000AEEB050E07EE10EAB8EEC77AC5EE876A9E
:100C3000B0EE467AA6EEA67AB1EEC76A9FED2C7AA0
:100C4000B4EEC76AF1EE10FA2CDD36EE477A9FED6E
:100C5000294AF7EE005A9FED285AC7EE044AF4EEEF
:100C6000E54AF1EE10FA75FEA45A85EE867A67EE33
:100C7000877A27EE267A67EE857A27EE057AC1ED28
:100C8000007A88ED007ABDE8F081B5F90420B5F965
:100C90000640B5F90060B5F908C0B5F90AE0B5F944
:100CA000025099E7DFED157AB0EE677AC1ED007A70
:100CB00088ED007ABDE8F081ACEB050C07EE10CAB8
:100CC000B8EEC77AC5EE876AB0EE467AA6EEA67A87
:100CD000F1EE666AB0E7921B07EE902AB8EEE77A6B
:100CE000C6EE877AF1EE677A91E700BF488100206F
:100CF0009A99193E9A99593F00000045000000005A
:100D00000000000090F82C30032B70B5044686B02C
:100D100071D0042B0D4610D0072B00F0C480D4F8FE
:100D20009C04002865D02346B4F8962404F2A4411C
:100D300006B0BDE87040FBF73DBFCB6A19785A7822
:100D4000082900F09D80012AE9D1D988406C8842A9
:100D500002D0616484F8412004F1440003F1080EDC
:100D600000229FEDC07B84ED527B9FEDC07B84ED24
:100D7000547B3EF9021F50F804CF8C4512D001601D
:100D80004FF00105012184F841509140D4F85051B1
:100D900045EA010CD4F8545145EAE171C4F850C158
:100DA000C4F854110132042AE3D1197AD4E9162087
:100DB0008A4200F04D81D4F85021A165012142F012
:100DC000100284F84110C4F850215B7AD4F8541111
:100DD000834207D042F020020120E36584F84100FD
:100DE000C4E954210123D4F89C0484F8423000283B
:100DF00099D106B070BD9FED9B7BCA6A80ED527B96
:100E00009FED9A7B80ED547B1378202B87D10B6B61
:100E1000112B84D99388416C8B4205D00121436406
:100E200080F8411080F842100432DFF84CE20021D3
:100E300032F9023F01294FF0010501F10101184685
:100E400098BF98B21EF8013B04EB830C05FA03F33C
:100E5000DCF84850854210D0CCF848004FF0010033
:100E600084F84100D4F850011843C4F85001D4F874
:100E7000540140EAE370C4F854010629D8D1B1E71F
:100E800090F86C3193423FF44AAF80F86C21002A0D
:100E90003FF445AF90F8953400225B0811460233C9
:100EA000FEF708FF3BE790F83830BBB190F86D31A2
:100EB000052B13D8DFE803F0C4BCAFA2030D00215B
:100EC0003022012300913F218DF8102004AAFFF762
:100ED0005FFB002384F86D3184F83830EB6A626C74
:100EE0001E465B885BBA9BB29A4203D001226364C0
:100EF00084F841203F22002304F1440106F1040C50
:100F00004FF0010EC4E9522300230022C4E9542308
:100F100000233CF9022F51F8040F90420FD00A60D1
:100F20000EFA03F2D4F8500184F841E01043C4F8FB
:100F30005001D4F8540140EAE270C4F8540101337E
:100F4000042BE6D1B4F94C30012502A903AA2046AE
:100F5000CDE90035B4F94830FFF728FE9DED027A5F
:100F6000DDED037A03AAB8FE477ABDEEC77AF8FE34
:100F7000677AFDEEE77A01952046B4F9543084EDA6
:100F8000127AC4ED137A0093B4F95030FFF70EFED5
:100F90009DED027ADDED037AB8FE477ABDEEC77AA1
:100FA000F8FE677AFDEEE77A226E84ED147AC4EDDE
:100FB000157A3379E16D9A4217D023664FF001021A
:100FC000D4E9543084F8412043F01003C4F8503180
:100FD00072798A423FF406AF43F020030121E265B3
:100FE00084F84110C4E95430FCE672798A4235D164
:100FF00094F84130002B3FF492AEF3E60021012338
:1010000004AA009148218DF81030FFF7C1FA04239B
:1010100084F86D3162E70021012304AA0091402188
:101020008DF81030FFF7B4FA032384F86D3155E7DB
:10103000104A0421FFF7E6F9022384F86D314DE7E9
:101040000C4A0221FFF7DEF9012384F86D3145E7F0
:101050005B7A8342CCD0D4E95421BBE6D4E9543046
:10106000BAE700BF3F0000000000000000000000E1
:101070000000000090D0030034130020C36B1BB1AC
:1010800001461846FFF73EBE704700BF2DE9F04706
:101090000B788EB03F2B61D0302B03D000200EB0E8
:1010A000BDE8F08747F6FF74002590F83920C0E9C5
:1010B000524500240025C0E954454B790C791B04A6
:1010C00043EA0423CC782343002A40F09A80C26B81
:1010D0009B1A426C9A4205D00122436480F8412059
:1010E00080F84220CA79402B8E794FEA02254FEAD8
:1010F00012148A7A05F4706546EA05050E7A2F46C1
:1011000044EA0614ADF81C504FEA0225A046ADF89B
:101110001E4005F470654C7A4FEA121244EA050449
:10112000A146ADF82040CC7A42EA04129246ADF8CE
:10113000222000F03E810022B3F5800FADF826207A
:1011400000F03D81B3F1401FADF8242064D0B3F529
:10115000000F40F03981FF230A9361E0B1F80130BC
:1011600040F2FF140025426CC0E9524593424FF013
:1011700000044FF00005C0E9544505D00122436446
:1011800080F8412080F84220CA78C46EA24208D07C
:101190004FF400740025C2660122C0E9544580F86E
:1011A0004120A3F50043914E00224FF0010EB3FA07
:1011B00083F35B09C0E9183316F8013B01EB420CDD
:1011C000013200EB8304BCF804500EFA03F3A76C61
:1011D000AF420DD0A564D0F8504180F841E01C43E7
:1011E000C0F85041D0F8544144EAE374C0F8544187
:1011F000042AE1D1012380F8423000200EB0BDE87E
:10120000F087A3F500420024B2FA82F280F8394058
:101210005209D203C2635BE74FF0FF130A920993AE
:10122000B1F90D30826E934208D0836601234FF4EA
:10123000807280F841300023C0E95423B1F90F30A7
:10124000C26E934209D0C366D0F8503143F40073A4
:10125000C0F85031012380F84130B1F91130026FEC
:10126000934209D00367D0F8503143F48063C0F84B
:101270005031012380F84130B1F91330426F93426D
:1012800009D04367D0F8503143F40063C0F85031BF
:10129000012380F84130B1F91530826F934209D0B3
:1012A0008367D0F8503143F48053C0F850310123A4
:1012B00080F84130B1F91730C26F934209D0C3674B
:1012C000D0F8503143F40053C0F85031012380F876
:1012D00041308B78D0F880201909B2EB131F0AD067
:1012E000D0F85031C0F8801043F48043C0F850313A
:1012F000012380F841300DF11A0C00F1440200F195
:10130000640400214FF0010E52F8046F0EFA01F54B
:101310003CF8023F0131B3420DD01360D0F8503198
:1013200080F841E02B43C0F85031D0F8543143EA03
:10133000E575C0F85451A242E6D101243B4606AA05
:1013400005A9CDF8008001940390FFF72FFC9DEDD7
:10135000057A4B46DDED067A06AAB8FE477ABDEE61
:10136000C77AF8FE677AFDEEE77A0398CDF800A019
:10137000019480ED127AC0ED137AFFF717FC9DED12
:10138000057ADDED067A0023B8FE477ABDEEC77A0E
:10139000F8FE677AFDEEE77A039880F8424080F81D
:1013A000383080ED147AC0ED157A00200EB0BDE81B
:1013B000F0874FF480320023CDE9092330E7012381
:1013C0000A92ADF824302BE7802BADF8282003D10A
:1013D000FF23ADF82A3023E7B3F1801F03D14FF08C
:1013E000FF130A931CE7ADF82A2019E75C1C0020C4
:1013F00030B5CC6A83B023781BB1012B80F8403024
:1014000005D090F82C3091F83020072B02D0002026
:1014100003B030BD0023214601920546FFF710FAC4
:10142000019A08B10120F3E721462846FFF72EFE76
:10143000F8E700BF2DE9F04F83B00D46964604460D
:101440000B7800AF012B80F8403000F0C080112BEA
:10145000164609D090F82C30072B00F005810020AB
:101460000C37BD46BDE8F08F002200236946C7F85F
:1014700000D0C0E95223C0E95423731DAEF102022B
:10148000DB08002AA1EBC3039D46E84603DDA91C47
:10149000684604F0C9FB98F8051098F807200B0976
:1014A00098F8065002F0010201F00F0088F80530AC
:1014B00043EA051388F8072043EA02330A0788F84D
:1014C0000A0003D4C64A52F820201343626C9A42A1
:1014D00003D00122636484F842202722002304F110
:1014E000440104F1500C4646C4E952230123002272
:1014F00051F8040F16F8015FA8420AD0D4F8500141
:101500001843C4F85001D4F854011043C4F85401EE
:101510000D60DB1852418C45EAD198F80420E36D48
:10152000934206D0D4F85031E26543F02003C4F86A
:10153000503198F80820636D934206D0D4F85031AA
:10154000626543F00803C4F8503198F80920A36D90
:10155000934206D0D4F85031A26543F01003C4F88A
:1015600050314FF0000E08F1050C04F1600104F554
:10157000A4794FF027080123724651F804AB4EEAD4
:1015800002051CF8010F48EA0306AE467D6050458F
:10159000B0460BD0D4F8505145EA030AD4F8545160
:1015A00045EA020BC4E954AB41F8040CDB18524184
:1015B0004945E2D17A680123C4F84861C4F84C2156
:1015C00084F8423084F86C31D7F800D047E7BEF198
:1015D000400F90F82C20F44628BF4FF0400C012A11
:1015E0004DD0052A00F0BF80032A00F0FB800020C8
:1015F0000021C4E95201BEF1000F00F038814FF024
:10160000000E013D04F14408F14671467246D4E9EA
:10161000540643EA0E0E42EA090958F804AF0131B4
:10162000C4E952E915F801BF89B2D34507D0184380
:101630001643C4E9540695F800A0C8F800A0DB18CA
:1016400052418C45E5D8D4E9563203403240134329
:1016500002D0012384F84230012384F86C31012048
:101660000C37BD46BDE8F08F0023FFF7CFF9002807
:10167000F5D1324629462046FFF708FDEFE6097905
:101680006B8843EA0143416C994202D0436480F87D
:1016900042202722002304F1440105F1050804F14A
:1016A0005009C4E95223D4E954060123002218F852
:1016B00001AF51F804BFD34507D018431643C4E91E
:1016C000540698F800A0C1F800A0DB185241494523
:1016D000EDD16A7AE36D934205D040F02000C4F862
:1016E00050016B7AE365AA7C636D934205D040F0AC
:1016F0000800C4F85001AB7C6365EA7CA36D93429B
:1017000005D040F01000C4F85001EB7CA365BEF199
:101710000A0F98D909354FF0000804F16C0A4FF010
:101720002709AE464FF48061434641EA090943EA7E
:1017300008085AF8042FC4E952981EF801BF9345CF
:1017400007D008431E43C4E954069EF80020CAF897
:1017500000200EF10A024918A2EB05025B4192B289
:101760006245E2D36FE7C978B5F8012042EA014249
:10177000416C914202D0426480F842300022002342
:10178000BEF1050FC4E9522371D94FF000080435AA
:1017900004F1440A4FF48063AE46C1464246D4E9A0
:1017A000540643EA080842EA09095AF8041FC4E942
:1017B00052891EF801BF8B4507D018431643C4E970
:1017C00054069EF80010CAF800100EF10501DB184F
:1017D000A1EB0501524189B28C45E2D833E700BF45
:1017E000601C00204FF03F084FF00009416CC0E939
:1017F00052894FF000084FF00009C0E95489D5F82C
:101800000D208A4204D0426480F8413080F8423092
:10181000DFF860C000224FF0010E05EB4203032AFF
:1018200002F10102B3F901101CF8013B98BF89B223
:1018300004EB83060EFA03F388BF09B2B06C88424A
:101840000DD0B164D4F85001D4F85461184384F831
:1018500041E046EAE373C4F85001C4F85431062A63
:10186000DBD10123D4E9540684F84230EBE6D4E915
:101870005406E8E6801C0020A0F11800FFF7DABD4E
:1018800030B5CC6A83B023781BB1012B80F834309B
:1018900005D090F8203091F83020072B02D000209E
:1018A00003B030BD0C380023214601920546FEF7F7
:1018B000C7FF019A08B10120F2E721462846FFF749
:1018C000E5FBF8E7074A084B106BB2F834C0918F7C
:1018D000C3F80600906BA3F80AC0D982C3F81200BF
:1018E000704700BF800900209C81002010B4019C3B
:1018F000C1660221C0E91C2301220023C0E91E4168
:1019000080F8822080F8833010BC704703685B69E0
:10191000184700BF03689B69184700BF0023836115
:10192000704700BF704700BF704700BF08460F22D6
:10193000034908B507F086FC003818BF012008BD30
:10194000100E0020D0F81CC08C4504D0BCF1000F54
:1019500001D00020704730B5846883B014B10020F6
:1019600003B030BD02F4706CBCF5A06FF7D19C469B
:1019700014460B460546BCF1000F07D001910F221B
:1019800060460C4907F05EFC019B80B162060CD5F5
:10199000012283F83820069A012A06D19A6802208B
:1019A000C5E90623C5F89020DAE70120D8E7A86149
:1019B000D5E700BF100E002090F88030013BDBB26D
:1019C00080F8803023B98360C0F8943080F881308B
:1019D000704700BF826812B1002210467047D0F8ED
:1019E0001CC0BCF1000F01D08C45F6D1094A9342CE
:1019F00005D0094A934202D0084A9342ECD190F8AC
:101A000080300122C161134480F880308B6883618B
:101A1000104670478000010001000C000600010024
:101A200030B5846885B024B1944202D0002005B05E
:101A300030BD15460446F9B191F83120022AF5D09F
:101A400091F8300001281BD0164A93421AD0164A4A
:101A5000934206D01548181AB0FA80F040090028C1
:101A6000E5D0C4F8981094F880300120A5600344B4
:101A700084F8803005B030BD0A4A9342E7D1F2E7DE
:101A8000012AE1D1D4F89430002BECD1C4F89410A1
:101A900008460A2221210093CDE90133FCF746FBD9
:101AA000E1E700BF0600010001000C00800001001A
:101AB00030B504680B4DD4F810E0039CAE450CD152
:101AC000C1660221C0E91C230122002380F8822084
:101AD00080F88330C0E91E4130BDF4460394BDE870
:101AE00030406047D1F70000704700BF704700BF2B
:101AF0000023C360704700BF0368094ADB69934253
:101B00000DD190F88030013BDBB280F880302BB9EA
:101B10008360C0F8943080F8813070477047184770
:101B20009DF8000008460F22034908B507F08AFB1C
:101B3000003818BF012008BD100E002050F80C3CE2
:101B40000C389B69184700BF50F80C3C0A4ADB6907
:101B500093420ED190F87430013BDBB280F87430C0
:101B600033B940F8043CC0F8883080F875307047CD
:101B700070470C38184700BF9DF8000050F80C3C27
:101B80000C385B69184700BF844650F80C0C30B520
:101B9000D0F810E00C4C0398A6450DD1CCF860109D
:101BA0000221CCE91923012200238CF876208CF83D
:101BB0007730CCE91B0130BD0390ACF10C00F4464A
:101BC000BDE83040604700BFD1F7000050F8042C5A
:101BD00012B1002210467047D0F810C0614502D003
:101BE000BCF1000FF6D10A4A934205D0094A93424C
:101BF00002D0094A9342ECD190F87430012201617D
:101C0000134480F874308B68C3601046704700BF7F
:101C10008000010001000C0006000100D0F810C097
:101C2000614504D0BCF1000F01D00020704730B5F1
:101C300050F8044C83B014B1002003B030BD02F45E
:101C4000706CBCF5A06FF7D19C4614460B46054658
:101C5000BCF1000F07D001910F2260460B4907F03D
:101C6000F1FA019B80B162060CD5012283F838207D
:101C7000069A012A06D19A680220C5E90323C5F80D
:101C80008420DAE70120D8E7E860D5E7100E0020CD
:101C900000B583B00190FCF75BFA01980C3003B0FB
:101CA0005DF804EBFAF756BC704700BF10B50C4660
:101CB00051060CD50023DFF8A4E003EB430C0133FD
:101CC0001EF80C10F44491422ED0102BF5D10023B5
:101CD000DFF88CE001E0192B08D01EF813C00EEBE2
:101CE000430101339445F6D1487810BD51062BD4F9
:101CF00090F8603014F0220F174818BF42F04002ED
:101D00009B074FF0000348BF82F0400202E001331E
:101D1000602B19D0017801309142F8D114F0110FE5
:101D200014D003F01F0010BD90F86030DB0708D41A
:101D30009CF901209CF80130002A0ADA03F07F02A6
:101D4000C5E79CF8020010BD002010BD203398B2FA
:101D500010BD184610BD00BF8C21002004130020C8
:101D60006812002010B50446D0F8940086B078B10F
:101D7000012260344FF0000C4FF400732121CDF8A4
:101D800000C0CDE901240922FCF7D0F906B010BD4E
:101D9000D4F89030002BF9D094F860304FF4D17221
:101DA0000120ADF814208DF8163003F08DFB6FF094
:101DB0000103032205A9D4F89000FAF703FC06B04A
:101DC00010BD00BF532A80F85E1080F85F201CD041
:101DD000392A0FD0472A2DD000B583B00190FFF7E4
:101DE00065FF019B5A6AA3F85C009AB303B05DF8E3
:101DF00004EB104790F86010C1F34002944682F063
:101E00000102D2B294450FD1704790F86020D143BF
:101E100002F0010C01F001018C45F5D061F30002E4
:101E200080F86020FFF79EBF62F3410180F86010E8
:101E3000FFF798BF90F86010C1F38002944682F0DB
:101E40000102D2B29445DFD062F3820180F86010C3
:101E5000FFF788BFFFF728FF03B000BD464BCB1844
:101E6000072B70B5044682B036D9A1F5E023732B59
:101E700002D9002002B070BD90F88130002B55D0FF
:101E800001F007030120CDB2C1F3C40198406318EB
:101E9000064693F84C100140002A53D0002932D155
:101EA0002A4694F85E10204684F85F500193FFF7AD
:101EB000FDFE226AA4F85C00002A59D09047019BDD
:101EC000A26A1AB1284601939047019B93F84C20CF
:101ED000324383F84C2016E001F00701012390F80B
:101EE0005EC08B4003EA0C0082B960B1E26A32B195
:101EF00001F167000193904794F85EC0019B2CEAC2
:101F0000030C84F85EC0012002B070BD0028FAD135
:101F1000A26A32B101F167000193904794F85EC064
:101F2000019B43EA0C0384F85E30ECE7036F9B07E8
:101F3000A6D4C36F072BE6D85A1C0344C26783F8A4
:101F40003C10E0E70029DED02A4694F85E102046D7
:101F50000193FFF737FFE26A019B12B128469047D1
:101F6000019B93F84C2022EA060283F84C20CAE732
:101F7000FFF79AFE019BA3E720FFF8FFDFF820C1DF
:101F800001EA0C0CBCF17F4F50D0454B70B5D0F836
:101F90006CE082B0044616460EEA03030D46B3F524
:101FA000803F3ED0BEF5402F02D13E4B9D4254D0E3
:101FB000AAB2002A38D0012394F8851084F883301F
:101FC000002963D004F18400002304E001335FFAA8
:101FD00083FC61452BD930F802CF6245F6D11EBB98
:101FE000A26EDEB232B1A9B270460193904794F866
:101FF0008510019B481EC0B2B04284F8850013D9F9
:102000008A1B03F144014333023A04EB410104EB20
:102010004300D2B20132520002B0BDE8704007F076
:102020003BB8FFF71BFFA8B102B070BD7047002E90
:10203000FAD0636E23B1A9B27046984794F8851020
:102040000329F1D84B1C04EB410184F88530A1F839
:102050008650E9E7D4F86CE0A4E7D4E91D32D21A3F
:10206000002A19D0A6EB03034FF064001146B8BF55
:10207000511C00FB03F303EB610303FB02F1002996
:1020800093FBF2F30ADB84F88430CDE7002ECBD04B
:10209000636E002BCFD1D5E73223F4E7013BF2E7A3
:1020A0000000FFFF200006002DE9F84304460E461D
:1020B000904600F1450700F14B0917F8015F032D29
:1020C0001BD9B378AB4218D0F378AB4215D0337933
:1020D000AB4212D073792A462046AB420DD0B37979
:1020E000AB420AD0F379AB4207D094F84410FFF723
:1020F00069FEE36A284603B19847B945DDD1B8F1D6
:10210000000F14D0E36A93B10025012707FA05F305
:1021100094F84420134207D0327805F16700134247
:10212000C0B201D1E36A98470135082DEED1771C82
:1021300006F1070917F8015F032D29D994F84630F5
:10214000AB4225D094F84730AB4221D094F84830C8
:10215000AB421DD094F84930AB4219D094F84A30C4
:10216000AB4215D094F84B30AB4211D031782A46AF
:10217000204684F85F5084F85E10FFF797FD236ACD
:10218000A4F85C0023B39847A36A0BB1284698478C
:10219000B945CFD1B8F1000F14D0A36A93B100258F
:1021A000012707FA05F394F84420134207D1327847
:1021B00005F167001342C0B201D0A36A9847013508
:1021C000082DEED1326873686264A364BDE8F883B9
:1021D000FFF76AFDD8E700BF10B5D0F8942082B0B1
:1021E000CC6B944202D0002002B010BD0A6B082ACA
:1021F000F9D10122C96A0190FFF756FF0122019B24
:10220000104683F88120EFE790F882301BB390F8F6
:10221000813010B50446FBB194F88330BBB9A26E8F
:1022200092B194F885300BB90EE0A26E013BE06EDE
:10223000DBB204EB430184F88530B1F88610904797
:1022400094F88530002BF0D1002384F885300023EA
:1022500084F8823010BD7047026F12F00202DBD1A9
:10226000C36F022BD8D900F13C01FFF71DFFEEE749
:10227000012380F881300A789A4201D0002070470B
:1022800000B583B019440192FFF70EFF019803B027
:1022900000BD00BF012380F875300A789A4201D052
:1022A0000020704700B583B019440C380192FFF745
:1022B000FBFE019803B000BDDFF850C00E490F4A85
:1022C0000F4B104810B4DCF80040CCF8002014602C
:1022D000D1F800C00C4A04680A601946C2F800C070
:1022E0001A4603F1400C1C601B6442F880CF41F891
:1022F000C02F016010BC7047B88600208C8600207B
:10230000E0400020E487002080400020D4860020A8
:10231000024B186808B102681A607047D486002022
:10232000024B1A6818600260704700BFD486002014
:10233000024B186808B102681A607047B88600201E
:10234000024B1A6818600260704700BFB886002010
:10235000024B186808B102681A607047E4870020D1
:10236000024B1A6818600260704700BFE4870020C3
:10237000034B186818B101680022196002607047A9
:10238000D8860020024B1A6818600260704700BFB0
:10239000D886002001EB810100EBC10188420DD2FB
:1023A000DFF81CC0DCF8002000E01846034643F8C4
:1023B000282B99420246F8D8CCF80000704700BF9D
:1023C000D486002001EB410100EB411188420DD27F
:1023D000DFF81CC0DCF8002000E01846034643F894
:1023E000602B99420246F8D8CCF80000704700BF35
:1023F000B886002000EB811C604511D2024610B562
:10240000084C4FEA811E2168134643F8401B9C4547
:1024100011461A46F8D8AEF140010844206010BDBC
:10242000704700BFE4870020352303FB0101884289
:102430000DD2DFF81CC0DCF8002000E0184603468F
:1024400043F8352B99420246F8D8CCF80000704783
:10245000D886002090F82430013BDBB280F824308D
:1024600003B98360704700BF012380F826307047AE
:102470004FEA114C8BB2BCF1090F0FD173B1082B8D
:1024800012D8013B4FF0010C90F827100CFA03F31F
:1024900022BB21EA030180F827107047BCF1010F2D
:1024A00003D0144B99421DD07047303B082BFBD80A
:1024B00001A151F823F000BFD5030100D1030100B1
:1024C000C90301008D0301008D0301008D0301008C
:1024D0008D0301008D030100CD030100194380F835
:1024E000271070474263704702637047C2627047AB
:1024F0008262704738020C0090F826302BB101221E
:10250000002380F8252080F826307047002383615F
:10251000704700BF0368DFF810C05B69634501D1F5
:10252000FFF7A6BF184700BF55030100A3F1011331
:102530000146012B03D883681BB19A4201D00020C9
:10254000704791F8243001208A60034481F82430D8
:10255000704700BF034612B10878022801D000205E
:1025600070474878042A83F8270091F9020098629E
:1025700091F90300D86207D991F90400052A18637C
:1025800002D091F905205A630122104683F82520D4
:10259000704700BF70B504460D46124816461249F2
:1025A00002F020FCE3691BB1AB4201D0002070BDFA
:1025B000A0680028FAD106F47063B3F5A06FF6D1D5
:1025C000330602D5049B012B01D0012070BD0749C1
:1025D000044802F007FCAB6802202362C4E9063518
:1025E00070BD00BFF0290020240F00205C0F0020E8
:1025F00070B50E4682B011461D460446024633466B
:102600000E48CDE900150E4902F0ECFBA06810B1B0
:10261000002002B070BDE3690BB1B342F9D1A5F15E
:102620000115012DF4D80749044802F0DBFBB3681B
:102630000120C4E9063602B070BD00BFF0290020B9
:10264000840F0020CC0F002030B50568064CD5F86B
:1026500010E0A64503D1012380F8263030BDF446B2
:10266000BDE83040604700BF4D0301000023C36058
:10267000704700BF0268084992698A420AD190F8FF
:10268000262032B10121002280F8251080F8262072
:1026900070477047104700BFDD0301000368074A19
:1026A000DB69934209D190F82430013BDBB280F81A
:1026B00024300BB983607047704718473903010015
:1026C00050F80C2C034607490C3892698A4207D10E
:1026D0009A7E22B10121002259769A76704770477E
:1026E000104700BFDD03010050F80C3C074ADB69CE
:1026F000934208D1037E013BDBB2037613B940F865
:10270000043C704770470C38184700BF390301007C
:10271000034612B10878022801D00020704748789B
:10272000042AD87691F90200D86191F90300186261
:1027300007D991F90400052A586202D091F90520C1
:102740009A62012210465A76704700BF50F80C3C3E
:102750000C385B69184700BF844650F80C0C10B564
:10276000D0F810E00648864503D101238CF81A30D2
:1027700010BDACF10C00F446BDE81040604700BF4E
:102780004D03010070B50E4682B011461D46044649
:10279000A0F10C0233460F48CDE900150E4902F0B6
:1027A00021FB54F8040C10B1002002B070BD236965
:1027B0000BB19E42F9D1A5F10115012DF4D80749BD
:1027C000044802F00FFBB3680120C4E9033602B0ED
:1027D00070BD00BFF0290020840F0020CC0F002026
:1027E00070B504460D4612481646124902F0FAFA30
:1027F00023699D4202D00BB1002070BD54F8040C37
:102800000028F9D106F47063B3F5A06FF5D1330653
:1028100002D5049B012B01D0012070BD064904485C
:1028200002F0E0FAAB6802206361C4E9033570BDD1
:10283000F0290020240F00205C0F002000B583B099
:102840000190FBF785FC01980C3003B05DF804EBB8
:10285000F9F780BE002380F8253080F82730C0E9E2
:102860000A33C0E90C33704710B483B00B46CDE98E
:102870000012C27C002A30D072B6C27CD40708D5C0
:102880004FF0E02C4469DCF8801121408162CCF8E3
:102890008011910708D54FF0E02C8469DCF8841191
:1028A0002140C162CCF88411540708D54FF0E02CC8
:1028B000C469DCF8881121400163CCF88811110744
:1028C00008D54FF0E02C046ADCF88C1121404163FC
:1028D000CCF88C11D2063AD462B68268934240D0CA
:1028E000234A836092692349C2F3011CC2F38262C6
:1028F00051F82CC00132BCFBF2F103B38B4232D849
:10290000B1FBF3F2B1FBF2F18B422ED3B2F5817F32
:102910001BD2022A27D9023A530803EB032342EAC7
:102920000323C3600268032100201061516201216A
:102930001364019B1366116103B010BC704794458A
:10294000EFD34A1CB2F5817FE3D30B4BE9E74FF09D
:10295000E021446AD1F8902122408263C1F890219D
:10296000BAE7C368DEE70023DBE71146E9E700BF0B
:1029700000C00F40881C0020FF7F7F0090F81CC023
:102980004160BCF1020FC26001D18368184702F0B8
:102990001DB900BF304B314910B5D3E9114E9EF837
:1029A0000400C8771A6C94F804C081F81CC008773A
:1029B00052B1B2F5004F23D329495118274A19645F
:1029C000D07682F81BC010BD19680F24D86C8C65B6
:1029D00040F20134CA610C614FF47C544C61032114
:1029E0000468246883F83D101E4B9C4220D1037F6D
:1029F0004260022BC26020D18368BDE810401847B6
:102A00002468E18B090421D4E283DEF80010B4F8D5
:102A10001EE0A4F816E0CC8B240412D4CA83CA8B1F
:102A2000CA8200210D4A1964D07682F81BC010BDFD
:102A300023461146BDE810401847BDE8104002F09B
:102A4000C5B8CC8B62F30804CC83E8E7E18B62F372
:102A50000801E183D9E700BF5029002000800E4023
:102A60000180FFFF61080100304B314910B5D3E907
:102A7000114E9EF80400C8771A6C94F804C081F8CF
:102A80001CC0087752B1B2F5004F23D32949511821
:102A9000274A1964D07682F81BC010BD19680F242C
:102AA000D86C8C6540F20134CA610C614FF47C54DF
:102AB0004C6103210468246883F83D101E4B9C423E
:102AC00020D1037F4260022BC26020D18368BDE821
:102AD000104018472468E18B090421D4E283DEF812
:102AE0000010B4F81EE0A4F816E0CC8B240412D435
:102AF000CA83CA8BCA8200210D4A1964D07682F833
:102B00001BC010BD23461146BDE810401847BDE864
:102B1000104002F05BB8CC8B62F30804CC83E8E78A
:102B2000E18B62F30801E183D9E700BF00290020AF
:102B300000800E400180FFFF6108010043682DE91D
:102B4000F04FD3E90041814D4FF0B80922684FF0B2
:102B50000F0B22EA01027E492260AA6911407D4AD8
:102B60000A43AA6190F810E07B4A03EB0E0603EBE0
:102B70008E0E317C02EB01118968C1F8009090F84B
:102B800011C003EB0C050CF10A0C95F8241002EBB4
:102B900001118968C1F80090817C03EB010803EB07
:102BA000810198F838A002EB0A1ADAF808A0CAF8EE
:102BB0000090D4F800905F6849EA0709C4F80090D3
:102BC000347CDEF814E002EB04146468C4F800E01E
:102BD00095F8244053F82CC002EB04146468C4F840
:102BE00000C098F83840C96B02EB041252681160BB
:102BF0009A6C98F8441011601A6A317F5B6B11600F
:102C000095F830201A60022203681A61C3F858B0A0
:102C1000C27C002A32D072B6C37CDD0708D54FF0E3
:102C2000E0214469D1F8802122408262C1F88021EC
:102C30009C0708D54FF0E0218469D1F88421224017
:102C4000C262C1F88421590708D54FF0E021C46958
:102C5000D1F8882122400263C1F888211A0708D5DB
:102C60004FF0E021046AD1F88C2122404263C1F880
:102C70008C21DF065CD462B6C27C0368374D816864
:102C8000A9425FD0314985608969354CC1F301178C
:102C9000C1F38261334E54F827400131B4FBF1F4A3
:102CA000B44230D80021C16000241C6103245C625E
:102CB0000724196401211C66196112B3D60704D5D3
:102CC000816A4FF0E023C3F80011950704D5C16A6B
:102CD0004FF0E023C3F80411540704D5016B4FF003
:102CE000E023C3F80811110704D5416B4FF0E0232E
:102CF000C3F80C11D30604D5826B4FF0E023C3F860
:102D00001021BDE8F08F1849A1FB0461090DB4FB47
:102D1000F1F4AC4288BF0131B1F5817F14D20229B0
:102D2000C0D902394C0804EB042441EA0421BAE773
:102D30004FF0E022416AD2F890310B408363C2F831
:102D4000903198E7C168AFE70849ACE700C00F4091
:102D5000CFFFFFE3100000081C1E002000093D000B
:102D6000881C0020FF083D0083DE1B43FF7F7F009F
:102D7000704700BFD0F800C000B5DCF810E0F446A2
:102D80005DF804EB604700BF00B5D0F800C0BDF8A7
:102D900004E0CDF804E0DCF838E0F4465DF804EB3C
:102DA000604700BF00B5D0F800C0BDF804E0CDF822
:102DB00004E0DCF83CE0F4465DF804EB604700BF5B
:102DC000704700BF01F0030CC907B0F90820B0F943
:102DD0000A3080F81AC002D48281C3817047194634
:102DE00013460A46C3818281704700BF2DE9F04136
:102DF0001C4686B08646D0F800C0A142BDF93050CE
:102E0000BDF8343026D0AA4215D0DCF814608046D4
:102E1000234FBE423AD14046CDE900532346DCF869
:102E20002840A047D8F800301D4ADB6A934228D1D9
:102E300006B0BDE8F081A1421FDD01310C93DCF842
:102E40003C5070460B1B2146AC461BB206B0BDE899
:102E5000F0416047AA420CDD0C93531CDCF838406B
:102E60002A465B1B7046A4461BB206B0BDE8F04183
:102E70006047284615460246EEE720460C460146C6
:102E8000DBE7404606B0BDE8F0411847CDE9042332
:102E90000391B047D8F800C00399DDE90423BAE7ED
:102EA000550C0100D0F800C0F0B5134D87B0DCF828
:102EB00014600446BDF83070AE420ED1013B01975C
:102EC000009220460B44DCF828601BB2B047236810
:102ED000DB6AAB420BD107B0F0BDCDE9042303910F
:102EE000B047D4F800C00399DDE90423E6E72046A3
:102EF00007B0BDE8F0401847550C0100D0F800C0FD
:102F0000F0B5144D87B0DCF814600446BDF830709D
:102F1000AE420FD1013B0197204613441BB20093F0
:102F20000B46DCF82860B0472368DB6AAB420BD164
:102F300007B0F0BDCDE904230391B047D4F800C039
:102F40000399DDE90423E5E7204607B0BDE8F0403A
:102F5000184700BF550C0100D0F800C02DE9F04F14
:102F600090469B46DCF8142083B01E4B05460C4669
:102F7000BDF930709A42BDF8349029D1A344A345DD
:102F80001EDDDFF864A00AE00134CDF80090DCF823
:102F9000386024B2B047D5F800C05C4510DADCF8E0
:102FA00020603B464246214656452846ECD0013437
:102FB000CDF80090B047D5F800C024B25C45EEDBF8
:102FC000DCF82C30074A934206D103B0BDE8F08FFD
:102FD0009047D5F800C0D1E7284603B0BDE8F04FD0
:102FE000184700BF550C01006D0C01000268B0F9D4
:102FF0000C30B0F90EC010B5146C82B0094A94427E
:1030000007D10022CDE900C11146FFF7A5FF02B0AC
:1030100010BD00220191CDF800C01146A04702B0BA
:1030200010BD00BF3D0E010030B50468094DD4F855
:1030300040E0BDF90CC0BDF81040AE45CDE903C479
:1030400003D1BDE83040FFF787BFF446BDE830400C
:10305000604700BF3D0E01002DE9F04F1D4603689B
:10306000884616462C4983B05A690446BDF930900B
:103070008A42BDF8347041D1D3F824B03246DFF82B
:103080009CA0414600972046D34508BFD3F83CB0EA
:103090002B46D847236809F1FF32D3F824B03244D5
:1030A0000097D34512B231D1D3F83CA041462B460C
:1030B0002046D04723683246DFF864A04146D3F863
:1030C00020B020460097D34508BFD3F838B04B4610
:1030D000D8472268691E4B46156A2046414400972E
:1030E000554509B208BF956B3246A84723680A4A7E
:1030F000DB6A934205D103B0BDE8F08F90472368A7
:10310000BAE7204603B0BDE8F04F18472B464146CA
:103110002046D847CEE700BF550C0100890C0100BE
:103120006D0C01002DE9F04F85B091468046581A8C
:10313000BDF938401D46BDF83CB0A21A002AB8BF00
:1031400052420028B8BF4042824263DCA4464E4649
:10315000A2464F461C46894665463146A1454EDD8E
:10316000A942D4BF4FF0FF330123A9EB040CA7EB16
:103170000A0A0FFA8CF6002EB8BF0136BAF1000F1A
:103180004FEA6606B8BFCAF1000ACDE90020CDE9D2
:10319000023C15E0224A944528D10F69224629466F
:1031A0004046B847A6EB0A030134029A1EB2AA1899
:1031B00024B2002E02DA15B2039AD6184C4512DC5E
:1031C000D8F800105B462A46D1F818C0DDE90007A0
:1031D000B842DFDC124B9C455B460CD10F69404680
:1031E0002146B847DEE705B0BDE8F08F2246294604
:1031F0004046E047D6E721464046E047D2E726462C
:10320000A9423D464C465746B146AA460D4604DA09
:103210000123AAE79A460F46A0E74FF0FF33A4E741
:10322000590C0100002361F30F03002162F31F43D7
:103230004FF0FF324160016101770162C0E9023362
:10324000024BC0E90523024B0360704701010001F6
:10325000501800202DE9F04F8FB0BDF868509DF850
:1032600060C006951D1EBDF964406ADDC5F101030D
:1032700096460027621C1BB282469146F346039392
:10328000C5EBC5337E1C08915B000A92029505933D
:103290000CF00103CDF824C00793039BCDF82CE07C
:1032A000002B4ADB059A37B20232134405927200B2
:1032B000013213441BB20393029B5C1E24B2BC4236
:1032C00047DA099B03F002030493079BABB1DDF8D7
:1032D0002080029B0FFA8BF2DAF8000098444F4BE3
:1032E000066A0FFA88F19E4240F08280069B0093A6
:1032F0000FFA89F3866B5046B047049B93B1089B45
:10330000029A46489D1A0FFA8BF20FFA89F329B2F6
:10331000DAF800502E6A864206980090504608BFA0
:10332000AE6BB047BC420BF1FF3B09F102090294BE
:1033300007DD039B7E1C002BB4DA37B2029CBC4233
:1033400002DA0FB0BDE8F08F03EB460301331BB286
:103350000393099B079A03F00203049312BB002B0B
:10336000E0D00B9BDDF820801A1B0A9B03EB440383
:1033700012B21BB2A8EB0606DAF80000274935B2F4
:10338000066A8E423BD1069900912946866B5046CB
:10339000B047029B9C42C5D0079B002BAFD00223B5
:1033A000049396E7DDF820800B9B08EB0601DAF822
:1033B00000501A1B19480FFA81FC0A9B296A12B2A5
:1033C00003EB440381421BB21DD106990091614673
:1033D000A86BCDE90C2305465046A847DDE90C2330
:1033E00004990029C6D1029B9C427FF472AF99E7F1
:1033F00006980FFA89F300905046B0477DE706988B
:1034000029460090C3E706980D4661460090504655
:10341000CDE90C23A847DDE90C23E1E76D0C0100A1
:10342000D0F800C02DE9F0431D461C4EDCF81430E6
:1034300087B004461746B342BDF8388023D1DCF884
:1034400020906B0016487A1B0133CDF8008081452F
:1034500012B21BB2204608BFDCF838900591C8476D
:103460002B460320002505993A46CDF80880CDE982
:1034700000052046FFF7EEFE2368DB6AB34208D161
:1034800007B0BDE8F08305919847D4F800C00599CE
:10349000D5E7204607B0BDE8F0431847550C0100BA
:1034A0006D0C01002DE9F04F93B082460291BDF8FA
:1034B00070100D9203919DF87810026A08919DF8A2
:1034C0007C10BDF874900591002A00F0B980117A43
:1034D0005B1A0599D2E900B0DBB2089A114300EB00
:1034E000C30230F8337092F802800129D37892F940
:1034F000050092F906200E9309900F9256D80023EA
:10350000A24E10930A93DAF800305A69B24255D1AC
:103510000E9A002A00F08380B8F1000F7FD008993E
:103520001A46059800254FF000090023012908BF1D
:10353000012811960CBF01210021049110991E460B
:103540000D98059C494401FB0401002409B2079130
:103550000F994118494409B2CDE90B93069105E052
:1035600001346D00E4B2EDB2A0454CD916F0070F5E
:1035700006F1010603D17B1C1BF807509FB22B06F6
:10358000EED5049BFBB1029B50460999D2F81890E6
:1035900059187F4B21449945039B08BFD2F81090DE
:1035A00009B2069AC847DAF80020D9E7DAF80030FD
:1035B000764E10925A690A90B242A9D0504690476E
:1035C000DAF80030A4E70A9B02981919089BD2F890
:1035D0001C9001FB03010FFA83FC6E4B09B2BDF98D
:1035E0001400994522D1D2F840906B4B039A99452B
:1035F000009001926346079A50461DD1FFF7ACFC3C
:10360000DAF80020ACE7DDE90B930E9909F1010C23
:1036100043445FFA8CF9894590D31346119EDB6AC7
:10362000B34240F0058113B0BDE8F08F039A6346C2
:10363000009050460192079AC847DAF800208FE7B9
:10364000B0F90C2002998A42EDDDB0F90E200D9CF4
:10365000A242E8DD4FF00602089D15FB0212002A87
:10366000E1DD059A04EBC202002ADCDD027F474E51
:1036700082F00102AF2B94BF002202F001021A4433
:103680000368D4B25A69B24240F00B81029F04EB46
:103690008404089D7A1D4149BC46BE4690B2059AF5
:1036A0002144CDF81890012D08BF012AD146039F6F
:1036B0008A460CBF4FF0010B4FF0000BDDF8348051
:1036C000CDF810B093460C900E961AF8016B0FFAD5
:1036D0008EF2082400250992CDF81CC0CDE90AEA33
:1036E0001AE00499002934D0D3F818A018FA85F20A
:1036F000274812B2BDF91C108245484608BFD3F8CE
:1037000010A03B46D047D9F80030013C013576087F
:1037100014F0FF046DB260D0F207E2D4069887423D
:10372000F3D0049900293BD018FA85F2D3F818A0F9
:10373000BDF91C100FFA82FC154A924540F08F80AB
:10374000D3F810A0624603464846D047D9F8003067
:10375000DBE71BFB0582D3F81CA0BDF920100FFA94
:103760008BF00FFA82FC0B4A924566D1D3F840A049
:103770006246094B009048469A4501970B460999C5
:1037800027D1FFF7E9FBD9F80030BEE7550C01005F
:10379000590C01000D0F01003D0E01003C130020EB
:1037A0001BFB0582D3F81CA0BDF920100FFA8BF08B
:1037B0000FFA82FC414A924549D1D3F840A06246B3
:1037C0003F4B009048469A450B460699019109994E
:1037D000D7D0D047D9F8003097E7DDF81CC0089A59
:1037E0000CF1010CDDE90AEA1FFA8CFC96440C9AF4
:1037F00062457FF46AAFCA46039ADDF81890DDF897
:1038000010B04A450E9E3FF40AAFBBF1000F2DD019
:103810001C6A50462B4ACDF800909442BDF93010F6
:103820000D9A08BF9C6B0823A047DAF80030F6E633
:10383000504613B0BDE8F04F18470B460090624663
:10384000099948460197D047D9F800305DE70B4603
:10385000069900906246019148460999B9E7069B8E
:1038600062464846D047D9F800304EE70899059A95
:103870000298D500DC6901EB8102821808B211B20E
:103880000E4A944211D11C6C0D4B0D9A9C4203467A
:103890005046CDE900590DD1FFF75EFBDAF8003054
:1038A000BDE69047DAF80030F0E603460D9A504640
:1038B000CDE90059A047DAF80030B0E60D0F01005D
:1038C0003D0E01006D0C0100036AF0B587B0002BBE
:1038D00055D00A2946D00D294ED01A7A91424BD3A1
:1038E00093F80AC08C4547D38A1A5C68D2B204EBBD
:1038F000C204E27894F802C06AB3BCF1000F2AD087
:10390000C27EB0F910E0057EB0F91260477E8AB140
:1039100094F905209444B0F90C2005FB0CEC944577
:1039200008DD4FF0000EA0F810E01B7B03FB0763DF
:103930001EB243820B46324671460590CDE90257CE
:10394000B0F816C0CDF804C0B0F814C0CDF800C06F
:10395000FFF7A8FD05982179038A027E01FB023357
:10396000038209E04FF0000C428A417EA0F810C0AB
:103970001B7B01FB03234382012007B0F0BD0A2912
:1039800032D00D29F8D0C57EB0F910C090F818E0FB
:10399000B0F91220447E65B10625B0F90C601EFB1B
:1039A00005C5B54205DD02EBC4029C46038212B296
:1039B000428203940B46CDF808E06146B0F816C089
:1039C0000590CDF804C0B0F814C0CDF800C0FFF7E2
:1039D00069FD0598037E028A03EB430302EB430370
:1039E0000382012007B0F0BD428A417E038202EBD0
:1039F000C1034382012007B0F0BD00BF01294FF091
:103A0000000338BF012161F3070361F30F23038330
:103A1000704700BF30B590F868308E46090AB3B9D8
:103A2000A2B1436B5FFA8EFE501E1B685966DA6DB9
:103A300012F4F81FFBD05A6FC3F864E0DA6D12F489
:103A4000F81FFBD001385A6F451CEFD130BD012B58
:103A500024D05FFA8EFC61453DD0002AF6D0531E7B
:103A60001FFA8CF511E01160826C446D1460426C99
:103A7000446D1460426B1560826C013B446D1460B0
:103A8000426C446D14605A1CE0D090F85FC0426BE9
:103A9000BCF1000FE7D0A2F800E0EDE7002AD5D096
:103AA00002F1FF3C724610231404816C03F1FF33D2
:103AB0004FEA42024CBF846BC46B9BB22160016C25
:103AC000C46C0C60416CC46C0C60002BECD1BCF17C
:103AD000010CE7D230BD90F85F30D0F834C07BB92C
:103AE0005200CCF80010002AB0D0531E826C013B6B
:103AF000416D1160416D426C1160591CF6D130BDB1
:103B0000ACF800E0EFE700BF90F96A30002B02DB71
:103B1000436A026E1A6090F8683003B17047426BD6
:103B2000D37C002BFAD0D80704D5906A4FF0E0215F
:103B3000C1F80001990704D5D06A4FF0E021C1F81F
:103B40000401580704D5106B4FF0E021C1F80801BB
:103B5000190704D5506B4FF0E021C1F80C01DB06CA
:103B6000DCD5926B4FF0E023C3F81021D6E700BFFD
:103B700070B5002A84B0BDF8206006DB1C461D46E7
:103B8000B0F90E30934200DD0CB904B070BD002CCA
:103B900005DAA3B2013119445B4209B21DB2B0F992
:103BA0000C308B42F1DD1FFA81FE0EEB050404F1AF
:103BB000FF3C0FFA8CFCBCF1000FE6DB002902DAB7
:103BC00025B24FF0000E0168634592B24C6D15DCD2
:103BD000A3EB0E034FF0010C71469BB2CDF800C071
:103BE000CDE90203A047039B02981AB2002BCCD068
:103BF000314604B0BDE87040FFF70CBF01230290CE
:103C000071460093ABB2A0472A460298F0E700BF86
:103C100070B5002984B0BDF8206006DB1C461D4647
:103C2000B0F90C308B4200DD0CB904B070BD002C33
:103C300005DAA3B201321A445B4212B21DB2B0F9E6
:103C40000E309342F1DD1FFA82FE0EEB050404F103
:103C5000FF3C0FFA8CFCBCF1000FE6DB002A02DA15
:103C600025B24FF0000E0268634589B2546D11DC35
:103C7000A3EB0E03724603909DB201230095A0476B
:103C800003982AB2002DD0D0314604B0BDE8704070
:103C9000FFF7C0BEABB27246039000930123A0476A
:103CA0002A460398F0E700BF2DE9F04F85B0BDF933
:103CB0003850BDF83C80002B43D0002D41D0002B64
:103CC0001C4641DBB0F90C308B423ADD002D46DB5F
:103CD000B0F90EC0944534DD14FA81F61FFA81F96B
:103CE00006F1FF3E0FFA8EFEBEF1000F29DB97B200
:103CF000BA462F44BB46013F3FB2002F21DB0029CB
:103D000002DA34B24FF00009002A03DA0FFA8BF519
:103D10004FF0000A73452DDDA3B2BC452FDDAAB2DA
:103D200000924946066852460390766DB04704FB00
:103D300005F232B14146039805B0BDE8F04FFFF7F8
:103D400069BE05B0BDE8F08F9CB20131B0F90C300E
:103D50002144644209B224B28B42F2DDB6E7ADB22F
:103D60000132B0F90EC02A446D4212B22DB2944510
:103D7000E7DDB1E7A3EB0904A3B224B2CDE7ACEBD6
:103D80000A0C1FFA8CF20FFA8CF5C9E790F868203C
:103D9000034642B190F96A20002A03DB826A036E6F
:103DA00013607047704700B583B0406BD3E90E12C3
:103DB0000193FEF759FD019B93F96A20002A02DB6B
:103DC0009A6A1B6E136003B000BD00BF2DE9F0437B
:103DD0001C4685B01E460B1EBDF8307004DBB0F9E2
:103DE0000C10994200DD14B905B0BDE8F083002C39
:103DF00005DAA1B201320A44494212B20EB2B0F958
:103E00000E109142F0DD16FA82FE1FFA82F80EF1D2
:103E1000FF3C0FFA8CFCBCF1000FE5DB002A03DA53
:103E20000FFA8EF64FF0000861452BDD1FFA86F978
:103E3000044605460068204942698A4231D194F817
:103E400068202AB395F96A20002A02DBAA6A296E43
:103E5000116099B2CDF800904246446D0123284686
:103E6000A04726B1324639462846FFF7D3FD2B68D6
:103E70002846124ADB6A934219D105B0BDE8F043E7
:103E8000FFF742BEA1EB08011FFA81F90EB2CFE79E
:103E900004F13400039307C8FEF7E6FC2068039B97
:103EA000D0E72046039390472068039BD1E705B0F5
:103EB000BDE8F043184700BF711C0100ED19010077
:103EC0002DE9F043002A85B0BDF8307006DB1C46B2
:103ED0001E46B0F90E30934200DD14B905B0BDE8BE
:103EE000F083002C154605DAA3B2013119445B4278
:103EF00009B21EB2B0F90C308B42EFDD16FA81FC2C
:103F00001FFA81F90CF1FF3212B2002AE6DB002918
:103F100003DA0FFA8CF64FF0000993422FDDB3B2AB
:103F2000044680460068224942698A4235D194F8A5
:103F300068204AB398F96A20002A04DBD8F82820C0
:103F4000D8F8601011604FF0010CAAB24946CDF8C4
:103F500000C0406D04464046A04726B1324639466F
:103F60004046FFF757FDD8F800304046114ADB6A5B
:103F7000934218D105B0BDE8F043FFF7C5BDA3EBF0
:103F8000090293B216B2CBE704F13400039307C8D9
:103F9000FEF76AFC2068039BCCE72046039390471A
:103FA0002068039BCFE705B0BDE8F043184700BF8A
:103FB000711C0100ED1901002DE9F04F85B0BDF92C
:103FC0003850BDF83C80002B5ED0002D5CD0002B1B
:103FD0001C465CDBB0F90C308B4255DD002D61DBFB
:103FE000B0F90EC094454FDD14FA81F61FFA81F93D
:103FF00006F1FF3E0FFA8EFEBEF1000F44DB97B2D2
:10400000BA462F44BB46013F3FB2002F3CDB00299C
:1040100002DA34B24FF00009002A03DA0FFA8BF506
:104020004FF0000A73454FDDA3B2BC4545DD1FFAD2
:1040300085FB0646074600682F4942698A4255D1EA
:1040400096F86820002A44D097F96A20002A02DBFB
:10405000BA6A396E11605246CDF800B04946466DD5
:104060003846B04704FB05F21AB141463846FFF71F
:10407000D1FC3B683846214ADB6A934232D105B015
:10408000BDE8F04FFFF740BD05B0BDE8F08F9CB232
:104090000131B0F90C302144644209B224B28B42A0
:1040A000F2DD9BE7ADB20132B0F90EC02A446D4299
:1040B00012B22DB29445E7DD96E7ACEB0A0C1FFA7D
:1040C0008CFB0FFA8CF5B4E7A3EB090293B214B2A0
:1040D000ABE706F13400039307C8FEF7C5FB306871
:1040E000039BB1E705B0BDE8F04F18473046039396
:1040F00090473068039BAEE7711C0100ED19010089
:1041000070B582B012B209B204469DF918509DF9FB
:104110001C600193FFF786F81A481B4A1B4984F874
:104120006B5062632A01019B00EB051521600021A1
:1041300084F8696084F86A308B4284F86810A4F8C7
:10414000701082586167ED68E166656602F184056A
:1041500002F18802C4E90B520DDB1A0100EB0313D4
:1041600082582046DB6802F1840588322366C4E960
:10417000095202B070BD20462166C4E9095202B05E
:1041800070BD00BF1C1E002000290020C4180020A4
:1041900070B5554B044690F96A0082B0002914BFEF
:1041A0000E461E461546002808DB0121C0B201F06C
:1041B0003FFA012194F86A0001F006FA012194F80F
:1041C0006B0001F035FA012194F86B0001F0FCF965
:1041D00094F86830D3B92907606B25644CBF434B12
:1041E00007236A07424A48BF43F08043C4E90E638D
:1041F000404B984218BF90424FD03F4B98424CD012
:1042000094F96900002829DA02B070BD012B4CD066
:1042100094F85F30E26B002B42D0636B4FF6FF7077
:10422000002110801980012194F85D0001F000FA4E
:1042300094F85D00012101F0C7F994F95E000028AF
:10424000DEDB0121C0B201F0F3F994F85E00012138
:1042500001F0BAF994F969000028D5DB0121C0B258
:1042600001F0E6F9012194F8690001F0ADF964204C
:1042700001F02AF9002194F8690001F0A5F9642001
:1042800001F022F994F86900012101F09DF9C8209C
:1042900002B0BDE8704001F017B9FEF74FFCAFE780
:1042A000FF211160626B1360BDE7194694F854005A
:1042B000019301F0BDF9002194F8540001F084F954
:1042C000019994F8560001F0B3F994F856000021D2
:1042D00001F07AF994F95500002891DB0021C0B271
:1042E00001F0A6F98CE700BF0024F400070000806D
:1042F0005029002000290020A029002090F86830D3
:1043000043B9436B1A685166D36D13F4F81FFBD0A1
:10431000536F7047012B0BD090F85F20436BF2B1C5
:104320001980836C426D1A60436C426D1A6070474D
:10433000082310B40C06826C03F1FF334FEA4101ED
:104340004CBF846BC46B13F0FF032260026CC46C1F
:104350001460426CC46C1460ECD110BC70471960DE
:10436000DFE700BF0368314A5B69934270B50446DA
:104370000D4656D190F86830002B4DD094F96A3034
:10438000002B02DBA36A226E1A60D5B194F870107C
:10439000236B2046626E1A60FFF7B0FF2368E26A63
:1043A000616EDB6A1160224A93423CD194F96A3013
:1043B000002B02DB636A226E1A6094F868301BB12E
:1043C00070BD94F87110E3E7626BD37C002BF7D0DB
:1043D000DD0704D5906A4FF0E021C1F800019C0789
:1043E00004D5D06A4FF0E021C1F80401580704D584
:1043F000106B4FF0E021C1F80801190704D5506B8C
:104400004FF0E021C1F80C01DB06D9D5926B4FF0DB
:10441000E023C3F8102170BD343007C8FEF724FA3A
:10442000ACE79847B1E7BDE870401847711C010040
:10443000ED190100426E08B5036B1A60FFF75EFFCD
:10444000C36A426E1A6008BD90F8683083B9436B46
:104450000A0A1B685A66DA6D12F4F81FFBD0C9B25B
:104460005A6F5966DA6D12F4F81FFBD05B6F704714
:10447000012B0BD090F85F20436BF2B11980836C55
:10448000426D1A60436C426D1A607047102310B47D
:104490000C04826C03F1FF334FEA41014CBF846B83
:1044A000C46B13F0FF032260026CC46C1460426C96
:1044B000C46C1460ECD110BC7047C1F30F221A60B9
:1044C000836C426D1A60436C426D1A60436B1960D5
:1044D000D5E700BF002909DB70B5B0F90CE082B068
:1044E0008E4501DD002A02DA02B070BD7047B0F9D6
:1044F0000EE09645F8DD1E460123044692B2009375
:1045000089B205686D6DA8473146204602B0BDE806
:104510007040FFF799BF00BFF0B51C460B1E85B079
:1045200005DBB0F90CE09E4501DD002A01DA05B09B
:10453000F0BDB0F90E109142F9DDD0F800C016467A
:104540001D492746DCF81420044605468A4228D136
:1045500090F86820E2B195F96A20002A02DBAA6A85
:10456000296E116099B20123B2B228460093DCF89B
:104570005440A04739462846FFF766FF2B680F4A8C
:10458000DB6A934213D105B0BDE8F040FFF7BCBA37
:104590003430039307C8FEF767F9D4F800C0039BD3
:1045A000D9E703939047D4F800C0039BDAE705B03E
:1045B000BDE8F040184700BF711C0100ED19010073
:1045C000F8B51F4690F8683004460D461646002B95
:1045D0005DD094F96A30002B02DBA36A226E1A6068
:1045E000236B2946626E20461A60FFF787FEE36A56
:1045F000626E1A60C7B1002506E0013516F8011B8E
:10460000FFF77CFEBD420FD094F868302046022BA5
:10461000F3D194F85F30002BEFD0013536F8021B50
:10462000FFF712FFBD42EFD194F96A30002B02DB95
:10463000636A226E1A6094F8683003B1F8BD626B49
:10464000D37C002BFAD0DD0704D5906A4FF0E0212F
:10465000C1F800019C0704D5D06A4FF0E021C1F8F1
:104660000401580704D5106B4FF0E021C1F8080190
:10467000190704D5506B4FF0E021C1F80C01DB069F
:10468000DCD5926B4FF0E023C3F81021F8BD343035
:1046900007C8FEF7E9F89CE72DE9F041984690F845
:1046A000683004460D461746002B3AD094F96A301C
:1046B000002B02DBA36A226E1A60236B2946626E0E
:1046C00020461A60FFF71AFEE36A626E1A60B8F1BC
:1046D000000F1AD0002607E0013615F8011BFFF77E
:1046E0000DFE46452F4610D094F868303D462046D2
:1046F000022BF1D194F85F30002BEDD0013637F862
:10470000021BFFF7A1FE4645EED194F96A30002B5B
:1047100002DB636A226E1A6094F8683033B1BDE838
:10472000F081343007C8FEF79FF8BFE7626BD37C97
:10473000002BF4D0DD0704D5906A4FF0E021C1F8DA
:1047400000019C0704D5D06A4FF0E021C1F80401B4
:10475000580704D5106B4FF0E021C1F80801190784
:1047600004D5506B4FF0E021C1F80C01DB06D6D523
:10477000926B4FF0E023C3F81021D0E790F8683037
:1047800003BB436B0A0E1B685A66DA6D12F4F81FFE
:10479000FBD0C1F30742586F5A66DA6D12F4F81F66
:1047A000FBD0C1F30722586F5A66DA6D12F4F81F76
:1047B000FBD0C9B25A6F5966DA6D12F4F81FFBD0FC
:1047C0005B6F7047012B10B419D090F85FC00B0CD1
:1047D000426BBCF1000F28D0D0F848C01380436D65
:1047E000CCF80030436C426D1A60436B1980836CC7
:1047F000426D1A60436C426D10BC1A6070472023F2
:104800000029826C03F1FF334FEA4101B4BF846B8E
:10481000C46B13F0FF032260026CC46C1460426C22
:10482000C46C1460ECD110BC70474FEA116CC2F834
:1048300000C0826C446D1460426C446D14600A0ABE
:10484000446B2360836C446D1C60436C446D1C603E
:10485000436B1A60836C426D1A60436C426D1A6040
:10486000436B1960C3E700BF01F003010023B0F9F7
:104870007E20022900B583B081768DF80730B0F92B
:10488000803028D0032917D001292FD04FF0C00C39
:1048900090F87810C38190F8793082818DF807C044
:1048A000A0F86C10A0F86E3001230DF1070236213C
:1048B000FFF786FE03B000BD4FF0600C90F87C104F
:1048C000838190F87830C2818DF807C0A0F86C1011
:1048D000A0F86E30E8E790F87BC090F87C108281F9
:1048E000C381A0F86CC0A0F86E10DDE74FF0A00CFB
:1048F00090F87910838190F87B30C2818DF807C0E1
:10490000A0F86C10A0F86E30CEE700BF10B59C4642
:1049100082B004460B460092F0214FF4A072CDF80D
:1049200004C000F0EFF8044A4FF000032046226074
:10493000A4F87B3002B010BD2419002030B585B03A
:104940000D4680F87A3000210192044600F01CF9EF
:10495000019AF02DA2F1F003B3FA83F34FEA531357
:104960002ED16BB34FF000014FF4A043A4F87B109D
:10497000A4F87830A4F8802020462749A4F87E5077
:1049800000F0DAF82368254A1B6B93423DD194F876
:1049900079300022D4F87E00C02194F878508DF848
:1049A0000F103621A2760DF10F02A4F86E3001230C
:1049B000E0602046A4F86C50FFF702FE05B030BD61
:1049C000872D09D143B142F6350142F63403A4F8EC
:1049D0007810A4F87B30CDE7D2F5A0734FF000003B
:1049E00048BF0133D5F1F00148BF0131C3F347039C
:1049F000C1F3470184F8793061F3070084F8781037
:104A000063F30F20A4F87B00B4E70021204605B033
:104A1000BDE83040184700BF581F00604D27010017
:104A2000064B42F22102002918BF0B46A0F8702065
:104A300090F87A2019464367FFF7AABB0048E801BF
:104A4000B0F86CC0614489B20B44013B70B543EAD5
:104A50000145B0F86E3004462A211A44BDF81030E2
:104A600092B21344013B43EA0246FFF7E3FC2946B6
:104A70002046FFF783FE20462B21FFF7DBFC314663
:104A80002046FFF77BFE20462C21BDE87040FFF753
:104A9000D1BC00BF01F00301002390F87820022967
:104AA00090F879C000B583B081768DF807301CD0BE
:104AB000032911D001291DD062F30F03C0216CF32B
:104AC0001F438DF80710C36601230DF1070236213D
:104AD000FFF776FD03B000BD6CF30F03602162F3B6
:104AE0001F438DF80710C366EEE7A0F86C20A0F80E
:104AF0006EC0E9E7A023A0F86E20A0F86CC08DF886
:104B00000730E1E710B582B004469DF910C0CDF83A
:104B100000C09DF914C0CDF804C0FFF7F1FA0023DE
:104B2000044A2046A4F8783084F87A30226002B033
:104B300010BD00BF841900202DE9F8430D7805B39E
:104B400007464C1C013D94F8019004F102082178BD
:104B5000384609F07F064246334608EB0604FFF765
:104B60009BFD19F0800F08D018F806000134FF28CB
:104B700008BF4FF4FA7000F0A7FC013DEDB2FF2D25
:104B8000E1D1BDE8F88300BF38B5036804460D4A9B
:104B90000D461B6D934211D10B4942F2210390F84F
:104BA0007A204167A0F87030FFF7F2FA2DB129465C
:104BB0002046BDE83840FFF7BFBF38BD0021984709
:104BC000F4E700BF052901000048E801EFF3108277
:104BD00072B6437F33B9017F012907D0032911D071
:104BE000012343770AB962B670477047DFF868C09F
:104BF000DCF80010F9B1164943610B680860836165
:104C00005861EDE700B5DFF854E01249DEF800C066
:104C1000BCF1000F16D043610B68836158614FF0FF
:104C2000E0234FF0805C0860C3F804CD0123437794
:104C300002B962B600BD064BCCF800001860C0E9AE
:104C40000511CDE7C0E905CCCEF80000E7E700BFCD
:104C500088890020808900207C89002084890020A8
:104C600070B5EFF3108272B60C4C206880B10C4E18
:104C700000254369236073B19D6102B962B6836800
:104C800045779847EFF3108272B620680028F0D17C
:104C900002B962B670BD3360EFE700BF84890020BF
:104CA00080890020FFF7DCBF0449054A4968054BAD
:104CB0001960136801331360704700BF001000E0F3
:104CC00000920020FC910020014802F093BA00BF3E
:104CD000002A002001207047012A70B508BF0A226F
:104CE0008AB005461E4659B34FF0210C01E05FFA29
:104CF00084FC0CF1FF34B1FBF2F302FB131EBEF196
:104D0000090F0EF1370098BF0EF130000DEB0C0EBD
:104D1000914219468EF80400E9D23EB10CF1FF3CF5
:104D20002D225FFA8CFC0DEB0C031A712B6801A984
:104D3000CCF1220228465B68614498470AB070BDF6
:104D400030234FF0210C8DF82530E6E72DE9F041B6
:104D50000C46C9B1E2B1064601EB020800250D4F31
:104D600002E0444505440CD03368013401201B683F
:104D7000BB42F6D014F8011C304698474445054420
:104D8000F2D12846BDE8F0810D462846BDE8F08105
:104D90001546F6E7B92B0100002903DB00230A22A0
:104DA000FFF79ABF49422D230A22FFF795BF00BFA4
:104DB00000B5036883B040F60D2C022201A95B68A0
:104DC000ADF804C0984703B000BD00BF044B0228F3
:104DD00088BF0346D3F800C01846DCF804301847F3
:104DE000F02900200EB400B582B003AA52F8041BCB
:104DF000019204F00BF902B05DF804EB03B07047C8
:104E000032B90368044A1B68934203D101207047FA
:104E1000FFF762BFC9B21847B92B0100B4EE400BCF
:104E200070B5F1EE10FA86B0864680F18280B0EE61
:104E3000C07B9FED486BB4EE467BF1EE10FA6CDC64
:104E40009FED467BB4EEC70BF1EE10FA5CDC9FEDF4
:104E5000457BB4EEC70BF1EE10FA55D4B5EEC00B9E
:104E6000F1EE10FA61D40023B6EE007B002964D085
:104E70004FF0000C9FED3D6B0CF1010C27EE067B13
:104E80006145F9D130EE070B0C460A227046764692
:104E9000FCEEC07BB8EE676B17EE901A30EE460B57
:104EA0008DED000BFFF718FF0F2C21464FF02E035E
:104EB00028BF0F2105468DF808300DF10903481E63
:104EC000B2EE046B02AA53FA80F09DED000B20EEC7
:104ED000060BFCEEC07BCDED007A9DF8003007EEAE
:104EE000903A3033B8EEE77B02F8013F904230EE63
:104EF000470BECD133684A1C304602A95B68D2B23A
:104F00009847284606B070BDDEF8003003221949E4
:104F10005B6806B0BDE87040184703680322164975
:104F20005B6806B0BDE870401847B1EE400B012346
:104F30009AE7036803221149EAE730EE070B0A22D9
:104F40007046FCEEC07B17EE901A06B0BDE87040CC
:104F5000FFF7C2BEFFFFFFFFFFFFEF7F000000E093
:104F6000FFFFEF41000000E0FFFFEFC19A99999920
:104F70009999B93FF80F0020F40F0020F00F00209E
:104F800008B1014B1860704700880020884200DBA0
:104F90007047DFF86CC0091ADCF8003003B3164A1A
:104FA00000B582FB032EDA179E44C2EB2E42DFF8D7
:104FB00054E00EFB1233DFF850E00EFB02F244F235
:104FC000A71E0EFB0322002A13DA6FF00043D3184A
:104FD000CCF80030B3FBF1F201FB1233184400BDF2
:104FE000064BB3FBF1F2CCF8003001FB123318444E
:104FF00070471346ECE700BF5F0B4E8342CE0C1F99
:10500000008800201DF30100ECF4FFFF0022C0E93E
:105010000022826061B110B582B000900846019113
:1050200004F0FCFA009B044618B9184602B010BD03
:105030007047013003F0C4F9009B0028F5D000222E
:10504000019918600270C3E9014404F01BFA009B47
:10505000184602B010BD00BF10B50446006803F04A
:10506000B7F9204610BD00BF30B5144683B00346E3
:10507000026834B902B11470002218469A6003B075
:1050800030BD0D4641688C420DD90090611C104620
:1050900003F088FC009B024678B19968C3E90004DC
:1050A00009B901701A689C6029461046009304F003
:1050B000E9F9009B184603B030BD186830B1CDE95E
:1050C000002303F085F9DDE900231A600022184669
:1050D000C3E9012203B030BD10B5044682B059B116
:1050E0000846019104F09AFA019902462046FFF71A
:1050F000BBFF204602B010BD8160204602B010BD4B
:105100002A284AD8264B70B51B780646E3B9254BAA
:105110009B5DFF2B2AD0244A02EB061291680A6895
:1051200002F44050B0F5805F31D01C0620D41F4CF3
:105130002360236AD80704D401F032FD236AD9071B
:10514000FAD51A4B586A70BD184C194D01E001F0A0
:1051500027FDA36C1B06FAD4AB6C13F08003F6D1C9
:105160000F4A13700F4B9B5DFF2BD4D1002070BDF5
:105170000F4C03F07F032360236ADA0704D401F0A5
:105180000FFD236ADB07FAD5094B586A70BD22F47C
:1051900080521C060A60EBD4C9E70020704700BFAC
:1051A0004F930020F82100201C1E002000400C40DE
:1051B00000800C40A94AAA4B90422DE9F047A94C27
:1051C000D3F814E09969D4F80CC000F2088103F117
:1051D000437303F5F4530333A3FB0023DB0D03EB0D
:1051E000830303EB830202F2B63240F227639A4252
:1051F00028BF1A469C4BA3FB0232D208203A984D96
:105200000CF01F04D5F88030944243F0C003C5F879
:1052100080300BD22CF01F0C924C4CEA020CC4F8DC
:105220000CC02368002BFCDA0CF01F041EF0007386
:1052300027D18E4D2E698E4DB54300F0FA8081F452
:10524000805576464FF4805716F0605F06D02EF0FA
:10525000605E4EEA030E824BC3F814E015F4405F23
:1052600007D021F440517E4D3943A961AB6C1B0737
:10527000FCD44EF0007E7A49C1F814E08B6C9F0696
:10528000FCD47C49884200F2DF80012635460EE0DE
:10529000082D0CD1042E00F291800136022506FB68
:1052A00000F38B4200F2C3805B008B4206D80135CD
:1052B00006FB05F300FB03F38B42E9D9771E05F1EA
:1052C000FF384FEA872A8EEA87276B4959186B4BBC
:1052D00099427CD9DFF8E4916C2369486349B0FBBB
:1052E000F5F0684DB0FBF6F00E6835404D4508D03E
:1052F00043F400534FF480550D600B600B68002B96
:10530000FCDA57490B6903F00703434504D0C1F8A1
:1053100010808B6CDE03FCD417F4E05F0BD02EF40E
:10532000E05E0AF4E0534E4943EA0E0EC1F814E081
:105330008B6C9D07FCD4544D544945198D4239D886
:10534000534BED09A3FB05352D0B6B1E1B028EEA9B
:10535000030111F4407F07D02EF4407E03F4407324
:105360003F4943EA0E034B613D494B6923F000730B
:105370004B618B6C9B06FCD4464BA242A3FB0013F3
:105380004FF0FF314FEA9343B0FBF5F5B1FBF3F378
:105390004149086041490D6041490B6008D22CF039
:1053A0001F0C30494CEA0202CA600B68002BFCDA81
:1053B000BDE8F0874FF440730425C8E7771E2E49F7
:1053C0004FF007084FEA872A59188EEA8727294B9A
:1053D00099421CD8DFF8E890362332487EE7324BFA
:1053E000984201D80E220AE7304B984228D9304A19
:1053F000904227D9821A2F4B120AA3FB0232D209FC
:1054000002EB820202EB820202F2E242EDE6A3F13B
:1054100082532948DFF8AC90A3F589337E3BA3FB88
:1054200001310B0D03FB00F043EA090956E70125A2
:1054300044E71F468EF0C0560D464FF0C05303E7B9
:105440000F22DCE61222DAE6012603464FF0000ABC
:1054500077464FF00008354637E700BF001C4E0E78
:1054600000C00F40000008401F85EB5100800D4038
:1054700040300080FFB19F26808D5B00FF7EF64D9F
:1054800000643F4D7F3001807FD1F0087F17B42C3E
:105490009F10E50083DE1B43FC280020F828002035
:1054A0007891002000B29F26FF0A6B1B00A4781F92
:1054B0000046C32323B24C00001BB7006C200080C1
:1054C000362000800020008000B970472DE9F84F99
:1054D00001218146224C234E234D54E8003F32687F
:1054E000286844E80013002BF7D120494B684FF49B
:1054F0007A7BDFF87CA01B1A01270BFB02F8DAF895
:105500000020A2FB03235B4594BF9844D84454E891
:10551000003F3268286844E80073002BF7D14B68DD
:10552000DAF800C01B1A0BFB02F2ACFB03C3B3F5A5
:105530007A7F94BFD21802F57A72A2EB0802B2F514
:105540007A7F08D3B9F1010F08F57A7809F1FF39AC
:10555000DDD1BDE8F88F01F023FB0449D7E700BF98
:105560000492002000920020FC910020001000E036
:105570007891002010B50F4B4FF0010C0E4CDFF866
:1055800044E053E8002F2068DEF8001043E800C232
:10559000002AF6D1094B5B68094A5B1A4FF47A710D
:1055A000126801FB00F0A2FB03238B4294BFC018DA
:1055B000401810BD0492002000920020001000E06E
:1055C00078910020FC910020362812D802010C4B63
:1055D00003EB00109B58C268D3F804C01CEA020F0A
:1055E00003D039B1C3F884207047836829B9054ACC
:1055F0001A607047C3F888207047034A1A607047E2
:105600001C1E00203830010038F0010036280BD86D
:10561000064B020103EB00109A58C36892681A42C5
:1056200014BF012000207047002070471C1E00207E
:10563000362831D802011B4B012903EB00109B587F
:1056400000B55A68D0E902EC12D0042910D022EA41
:105650000C025A60C9B102291FD003294FF015026C
:105660000CBF114B114BCEF8003043681A6000BDDF
:1056700042EA0C0201295A6007D040F63803CEF8FE
:105680000030436815221A6000BD38231522CEF879
:10569000003043681A6000BD7047054BCEF80030FB
:1056A000EFE700BF1C1E0020383001003800010069
:1056B00038F0010010B4134A0020134B0121134CA1
:1056C000DFF84CC0C2F8F032C2F8F402C2F8B810E9
:1056D000C2F8A000C2F8A440C2F8B0105369DB07BA
:1056E000FCD551619CF80030DB07EFD41368054905
:1056F00043F0010313600B68DB07FCD462B610BCF7
:10570000704700BF00802A400504012401000F00FB
:1057100000812A4010B5DFF840E04FF6FF7C0C48CE
:105720000EF17E04A0F58053002203E0834202F1D3
:10573000010203D2198802336145F7D12EF8022FF6
:10574000A64500F58050EDD1024B01221A7010BD24
:1057500000107C60579300207A91002041F2BB0337
:10576000984238D81D4B10B51B7882B05BB38208C5
:105770001B4BDFF874C0A3FB0213D11A03EB5103D8
:1057800018495B09C3EB831E1C46A2EB0E033CF8D1
:1057900013C059184FEA4C0C0A030CEB013CBCEB4C
:1057A000013F15D900F0030EFF204EEA840E134688
:1057B00002321B88D9B21B0A8E4508BF1846944591
:1057C000F5D802B010BD0190FFF7A4FF0198CEE715
:1057D000FF2002B010BDFF20704700BF579300208C
:1057E00005411004C00706007C91002030B583B04D
:1057F00072B6334B40F20645324C9C610224DC61A8
:105800000024C3F8A040C3F8F0528518C3F8F4424E
:10581000C3F8F842C3F8FC424FF47024C3F8A44024
:105820000124C3F8B04020F01F03BFF34F8F4FF0A7
:10583000E024C4F85C3F20339D42FAD8BFF34F8F79
:10584000BFF36F8F1E4D6B69DC07FCD50123DFF8BA
:105850007CC094B220F07F406B6144F47024C5F8A2
:10586000F0C242F2012CC5F8F4C2C5F8BC30C5F84C
:10587000A000C5F8A440124CC5F8B03001E05B06AA
:105880000AD4636913F00105F9D04123636103B0C1
:10589000BDE83040FFF70EBF082A0DD842B10A48D4
:1058A000CDE9001200F0C0F9DDE9001211442A46EA
:1058B000034B40205861E4E7A2F108050822EEE717
:1058C00000802A40F05AF05A80812A403204180899
:1058D00000B5864672B6294B0221294800229861FC
:1058E0004FF47020D96140F20641C3F8F012012153
:1058F000C3F8F422C3F8F822C3F8FC22C3F8A020AE
:10590000204AC3F8A4000EEA0202C3F8B010BFF3A5
:105910004F8F02F1200302F580514FF0E02C8B42B3
:105920002CBF0121802102EB41118B42CCF85C2F6E
:105930001A4603F12003F8D1BFF34F8FBFF36F8FE7
:105940000E4A5369D907FCD501200F490F4B4FF47C
:10595000702C50610EEA0303C2F8F0120749C2F836
:10596000A030C2F8A4C0C2F8B0004B69DB07FCD578
:1059700001235DF804EB4B61FFF79CBE00802A40D9
:10598000F05AF05A00F0FFFF2004180800F0FF0062
:1059900041F2BB03984200F28E80484B2DE9F0475C
:1059A0001B78C2B00E460546002B00F08180AB0884
:1059B000434F05F00305A7FB0327DA1B07EB52074C
:1059C000404A7F0945EA8705C7EB8717DF1B3E4B37
:1059D00032F81740FB1860004FEA033800EB033041
:1059E000B0EB033F68D94246FF21134602321B88C1
:1059F0005FFA83FC1B0AAC4508BF19468242F4D308
:105A00008E4244D0B4F5006F44D302AC4FF48072A0
:105A1000FF21204603F0D2FB08F1020208F5805373
:105A20002A48934294BF01234FF40063424603EB9C
:105A3000C72318184000134602321B888242D9B28D
:105A40004FEA13236354F6D10DF1070966550DF2A1
:105A5000071A00254C464046FFF73AFF14F801CFDD
:105A600002220DF1060108EB4500631EBCF1FF0F99
:105A7000A3EB090306D043EA0C230135ADF8063049
:105A8000FFF7B4FE5445E9D10E4B23F8175042B04E
:105A9000BDE8F08702A945EA0625022201340D80FF
:105AA000FFF7A4FE074B23F8174042B0BDE8F0878C
:105AB000FFF730FE7BE77047FF21A1E757930020F7
:105AC000054110047C910020C007060000003E3014
:105AD00062B170B505460C468E182046013415F8A3
:105AE000011BFFF755FFA642F7D170BD704700BFFD
:105AF000704700BF36285CD8DFF808C1000170B5D8
:105B00005CF80030DFF800E173455BD052D8B3F1A8
:105B1000844F55D0AEF5804E734549D1344E604424
:105B2000344CDFF8E8C0C4F8B4C2D0E9015CC06806
:105B30004FF0E02E4FF00054042ACEF8104137D831
:105B4000D3F814E02EEA000EC3F814E04FF0050E6F
:105B5000C5F800E0DCF800E04EF4803ECCF800E050
:105B6000D3F804C02CEA000CC3F804C0DFF8A0C0CE
:105B70005CF822C090FAA0F2B2FA82F246F8221043
:105B800022D0D9690F2A21EA0001D96120DC520014
:105B90004FF0030ED9680CFA02FC0EFA02F221EA69
:105BA000020242EA0C02DA6098615A6902435A61C1
:105BB00070BD7047DFF85CE07345F9D10E4EAEE77B
:105BC0000E4EACE70E4EAAE7DA690243DA61EBE764
:105BD000103A4FF0030E196952000CFA02FC0EFA4B
:105BE00002F221EA020242EA0C021A61DCE700BF7B
:105BF000D82E002000340020D82F0020582E00205E
:105C0000582F00201C1E00200080004221000000B0
:105C1000D409002000C0004208B5F6F753F9F5F7A3
:105C20004DFF00F0BDFFFAE7844641EA000313F0A0
:105C300003036DD1403A41D351F8043B40F8043B93
:105C400051F8043B40F8043B51F8043B40F8043B56
:105C500051F8043B40F8043B51F8043B40F8043B46
:105C600051F8043B40F8043B51F8043B40F8043B36
:105C700051F8043B40F8043B51F8043B40F8043B26
:105C800051F8043B40F8043B51F8043B40F8043B16
:105C900051F8043B40F8043B51F8043B40F8043B06
:105CA00051F8043B40F8043B51F8043B40F8043BF6
:105CB00051F8043B40F8043B403ABDD2303211D396
:105CC00051F8043B40F8043B51F8043B40F8043BD6
:105CD00051F8043B40F8043B51F8043B40F8043BC6
:105CE000103AEDD20C3205D351F8043B40F8043B96
:105CF000043AF9D2043208D0D2071CBF11F8013B94
:105D000000F8013B01D30B8803806046704700BF59
:105D1000082A13D38B078DD010F003038AD0C3F168
:105D20000403D21ADB071CBF11F8013B00F8013B4A
:105D300080D331F8023B20F8023B7BE7043AD9D309
:105D4000013A11F8013B00F8013BF9D20B780370DE
:105D50004B7843708B7883706046704701F1FF3C4D
:105D600070B566464FF0000E01E00EF1010EB0FB7B
:105D7000F2F402FB1403092B03F1370598BF03F17A
:105D800030059042204606F8015FEED201EB0E038B
:105D900000225A70BEF1000F11D0481C70440CF163
:105DA00002021CF8014F10F8015DA1EB0C03521A1E
:105DB0008CF80050013B047073449A42EFDB0846B4
:105DC00070BD00BF72B6EFF30583524CC4F8843047
:105DD0001EF0040F0CBFEFF30882EFF309824FF0BF
:105DE000E0234D4DD3F8280DD3F82C1DC4E9220132
:105DF000D3F8341DD3F8383DC4E924139369A8348B
:105E000044F8103CD36944F80C3C00F0CFF804EDA2
:105E1000020A01F043FB0B2344F8040C4FF0FF325D
:105E20003E4844F8283C2B68202104355A4042F370
:105E30000003013903EA000383EA5202F7D1A542C5
:105E4000F1D1344BC3F8A820BFF34F8F4FF0E023BC
:105E50003149334AC3F8701FC3F8702FBFF34F8F17
:105E6000BFF36F8F2F4A02242F48D36E2F4943F47C
:105E70004053D3660460D3692D4823F07F0343F079
:105E80004003D3610B68834240D8274D00204FF078
:105E9000E0234FF0FF3228600121C5F808012548B2
:105EA0000C460E46C5F80001C5F80811C3F880215C
:105EB000C3F88421C3F88821C3F88C21C3F890214A
:105EC00001E000F073F9D5F80C31002BF9D04F2C1C
:105ED000C5F80C6104F10104F3D9174B02201749EE
:105EE0004FF00042C1F840015A63D5F80C313BB97C
:105EF000134814490C4A0163D2F80C31002BFAD034
:105F00004FF0E023104AC3F80C2DFEE7FFF752F9DB
:105F1000BBE700BF00FF272080FF27202083B8EDCC
:105F2000A0FF272000C00F4000400840FC280020B0
:105F3000803DCD0B009F240000900D4000002E40BE
:105F400000800F40F100AD0B0400FA05094A08B5C6
:105F50000346106823B1034407498B4201D81360FC
:105F600008BD03F04DFA0C2203464FF0FF301A60D3
:105F700008BD00BF4C2B00200000282000207047E7
:105F80004FF0FF30704700BF4FF4005300204B60CC
:105F9000704700BF012070474FF0FF30704700BFCF
:105FA00030BFFDE730BFFDE7FFF70CBF124AD2F864
:105FB00080305B07FBD5D2F880301048C3F30B2349
:105FC0000F4990ED007A07EE903A91ED006AB8EE35
:105FD000477A0C4AF8EEE77A0B4BD2ED006A77EE7F
:105FE000C77A93ED007AB8EE477A67EE867A87EE45
:105FF000A60A37EE400A704700810D4068910020E4
:1060000070910020749100206C910020836B70B51A
:1060100086460E4610461BB1536843F40043536056
:1060200072B6DEF8342042B31B4B1060D3F8B021B7
:1060300032421ED1194C656805E06268A2EB050C7E
:10604000BCF5166F0BD2D3F8402142F48042C3F85E
:106050004021D3F8B811D3F840215204EDD5314096
:1060600007D10D4ACEE90201D2F8B0313343C2F86C
:10607000B031CEF8340062B670BD0749CEE90202F5
:10608000D1F8B0313343C1F8B031CEF83000CEF89A
:10609000340062B670BD00BF00002E40001000E06A
:1060A00070B5056B95B12B46002403E01B680134E5
:1060B000012B0CD05A681206F8D5036306462CB1A2
:1060C0002846B36B2D689847013CF9D170BD00227A
:1060D0000023C0E90C23F1E700B501BBDFF8A0C045
:1060E000234B0021234A4FF0010E4FF0011099601D
:1060F000C3F800E0CCE902314FF0800CC3F804C0D3
:10610000C2F8BC01D2F8B0311B4843EA0E03C2F812
:10611000B0310160D2F8B031002BFBD100BD0904D1
:10612000164BDFF85CC04FF0010E41F08001986023
:10613000104A596000F58051C3F800E0D96000F5BD
:106140000051CCF84830196100F5405100F580400D
:10615000596100219861CCF84C10D2F8B03143F469
:106160008033C2F8B031D2F8B031002BFBD1B7E7A1
:106170002044002000002E40708E0020404400206B
:1061800000000020074901220B78824023EA020325
:106190000B7033B9044AD2F8483123F08003C2F8B7
:1061A000483170475A93002000002E402DE9F047F7
:1061B000AB4C82B0D4F84461F107C4F8446147D5D0
:1061C000D4F8AC31002B3ED0A64D4FF00117DFF8CC
:1061D000AC82C4F8AC31D5E90A20D4F8403143F49C
:1061E0000053C4F84031D4F840319B04F5D5D4F8BD
:1061F000403123F40053C4F84031C4F8B471D4F8EA
:10620000B43113F00113FAD191B28446C8F80030CA
:10621000B1F5A06F00F08A8100F28E80B1F5817F28
:1062200000F0A28100F2DB80802900F079818229D0
:1062300003D110F0780300F01082C4F8C071D4F8D4
:10624000AC31002BC5D1864AD2F8BC31002B43D1EA
:10625000720614D5824AD2F8AC31C2F8AC31D2F809
:10626000BC31C2F8BC31D2F8B031002BFBD14FF0B9
:10627000FF307D49C2F8B401D2F884210B60F401EB
:1062800003D57A4B1B6803B19847B00103D5784B0F
:106290001B6803B19847710708D5714BD3F8843157
:1062A00013F4007315D0734B01221A706C4BD3F8A2
:1062B00048311A060AD5330608D56F4A13782BB130
:1062C000013BDBB21370002B00F0368202B0BDE858
:1062D000F087684A1370E9E76849C2F8BC3108687A
:1062E000034240F0CC81604A12681340B0D01C0CCD
:1062F0005C4D1FFA83F810D094FAA4F7B7FA87F729
:1063000005EBC7104030FFF7CBFE012303FA07F778
:10631000BC43F1D1B8F1000F9AD0012798FAA8F444
:10632000B4FA84F405EBC41007FA04F4FFF7B8FEDE
:1063300038EA0408F2D18BE7B1F5106F00F0AE80B7
:106340003AD840F2816399427DD8B1F5D06FFFF41D
:1063500074AF4B4B596800293FF46FAF1FFA8CFEA6
:10636000120C04E019690C3300293FF466AFB3F84E
:1063700000C09445F6D1B3F802C0F445F2D14FEA1B
:10638000122C000CBCF1030F00F0CC811B8983425E
:1063900028BF0346B2F5007F9A4640F09C81354BFA
:1063A0001B78002B40F0C681364952463648DFF84C
:1063B000D890FFF739FC9FE140F6211E714500F0AF
:1063C000FD804FF6C00399427FF437AF83B2FF2BB5
:1063D0003FF633AF43F46E4363F30F0CB9E740F27B
:1063E000A113994200F0908040F2023399427FF469
:1063F00024AF10F0780F7FF420AF00F07F02234B22
:10640000000653F822104CBF41F4803141F00101E5
:1064100043F8221000211E4BE96499600121AB640E
:10642000196080210E4A59604FF00113C2F8BC3147
:10643000D2F8B03143F48033C2F8B031D2F8B03181
:10644000002BFBD1FBE6B1F5086F7FF4F6AE114BE4
:10645000012111481B780370FFF73EFEEFE600BFF5
:1064600000002E4000000020748E002010930020B9
:10647000149300205E9300205F930020708E002014
:1064800024220020981F006000002020C0012E4020
:10649000204400205D930020489100204FEA124CD8
:1064A000A84A4FF44C01CC2082F800C04FF0CC1227
:1064B0000193C4F8C411C4F8C801C4F8CC11C4F8DD
:1064C000D001C4F8D421C4F8D811C4F8DC1100F00C
:1064D000A7FA9D4A0121019BAA6411608021936063
:1064E00051604FF00112EB64C4F8BC21D4F8B02124
:1064F00042F48032C4F8B021944AC8F80030D2F88F
:10650000B031002BFBD19AE683B2042B7FF495AE19
:10651000010C8F483F2928BF3F21FFF7DDFD8EE6A4
:106520008C4802210380FFF7D7FD88E68649EB649B
:106530008B600123A9640B6080234B604FF0011333
:106540008249C4F8BC31D4F8B03143F48033C4F884
:10655000B031D1F8B031002BFBD1130C5B0643F006
:106560008073C1F854316AE610F0780F7FF465AE9D
:1065700000F07F02784B000653F822104CBF21F444
:10658000803121F0010143F8221000216E4BE964B3
:1065900099600121AB64196080216C4A59604FF009
:1065A0000113C2F8BC31D2F8B03143F48033C2F8E1
:1065B000B031D2F8B031002BFBD140E681B20429D2
:1065C0007FF43BAEB0F5820F4FEA1041BFF435AE19
:1065D000DFF88CC1CCE9002009B30A04EB605F4B03
:1065E00042F08002AB605A6001221A60584A9A60F9
:1065F000D4F8B01141F00101C4F8B01102F5805196
:10660000D96002F50051196102F5405102F580424E
:1066100059619A614D4AD2F8B031002BFBD14A4BF7
:1066200000214A4A9960E9640121AB64196048F28B
:10663000800159604FF00113C2F8BC31D2F8B0317B
:1066400043F48033C2F8B0314FF48033C8F80030DF
:10665000D2F8B031002BFBD1F1E500F07F013E4ACA
:10666000000652F821103B4A138031D5C90301D5E9
:106670000123137002213748FFF72EFDDFE50020CC
:1066800040F62114086036490D88A5427FF42BAEF0
:10669000898804297FF427AE2D49324D4C782A4948
:1066A0008860C5E90210304804700120086080202D
:1066B00048604FF00111C2F8BC11D2F8B01141F09E
:1066C0000101C2F8B011D2F8B0110029FBD10AE6DD
:1066D000CB07CFD5CCE7B2F5E06F7FF466AE234BA6
:1066E0001B782BBB2249DFF88C9052464846FFF7B7
:1066F0009BFA072389F8013029F01F0309EB0A02EE
:10670000BFF34F8F4FF0E021C1F8703F20339A4222
:10671000FAD8BFF34F8FBFF36F8F16485146FFF77C
:10672000DBFC8CE50B78834228BF03469A463CE6A7
:106730001149D8E70E4938E60520FFF723FD08F098
:106740005DFC00BF5D9300202044002000002E402F
:10675000F08D002048910020C0012E4040440020D0
:106760006881002000000020509300205E930020EC
:106770005420006000002020981F00602DE9F043A5
:10678000441E83B0062C02D903B0BDE8F083124D3D
:1067900090460F46C60105EBC0143C220021019033
:1067A000201D994602F00AFDB8FA88F23904520910
:1067B00041EA42710122A951C4F83890A260B9F1AE
:1067C000000FE1D00549019B9A400B681A430A600B
:1067D00003B0BDE8F08300BF00000020748E0020ED
:1067E0002DE9F04300F1FF3E83B0BEF1060F02D960
:1067F00003B0BDE8F0839146C201124F884602F112
:10680000400605463C220021F4190193201D02F0A8
:10681000D5FCB9FA89FC4FEA0842019B4FEA5C1C9F
:1068200042EA4C72BA510122A363A260002BDFD06E
:10683000054905F110000B6882401A430A6003B055
:10684000BDE8F08300000020748E002012044FF099
:10685000010C816042F08002C0F800C0C36101F504
:10686000805C01F54053426001F5005201F5804122
:10687000C0F80CC08161C0E904237047431E062B99
:1068800000D9704700F1100C064B0A4603EBC0100C
:1068900000B54FF0010E0EFA0CF15DF804EBFFF7B6
:1068A000B5BB00BF40000020431E062B00D9704737
:1068B0004FF0010C034B0A460CFA00F103EBC01039
:1068C000FFF7A4BB0000002040687047144B0A2269
:1068D000DFF850C0D3F8200220F07F4000EB8003A7
:1068E00000B55B0085B0604538BF18466946FFF7C4
:1068F00035FADFF834C06B46002260461978013261
:10690000013341B10A2A20F8021FF7D116228CF870
:10691000002005B000BD52008CF8002005B000BD7D
:1069200000441F4080969800583000200020704797
:106930004FF0FF30704700BF4FF0FF30704700BF8F
:10694000704700BF704700BF104670470020704777
:1069500030B5164D4FF0E02415494FF4003205EBE9
:10696000401583B001EBC001C4F88C210346082216
:1069700028460191FFF76AFF019921F01F030831B2
:10698000BFF34F8FC4F85C3F20339942FAD8BFF36E
:106990004F8FBFF36F8F02202946FFF785FF4FF41B
:1069A0000033C4F80C3103B030BD00BF6044002098
:1069B000C00020204368C069C3F30E43C3F108033D
:1069C000002B1EDD104910B50A78104C013224F856
:1069D0001030062A12D814460C700D490C68234456
:1069E0000C4C0B6024680C4B985434B10B4B0122B7
:1069F0001A70A0470022094B1A7010BD00242246CD
:106A0000EAE7FFF7A5BF00BF58930020549100208C
:106A10005091002018930020609100205693002090
:106A200010B5802200211548002402F0C7FB14484D
:106A300023461421224604700120FFF7D1FEC02214
:106A40002146104802F0BAFB0F49104A0C70104B57
:106A5000104811491C701460046002205460946056
:106A600022460C7008210D4BFFF788FE20460134AA
:106A7000FFF76EFF062CF9D110BD00BF20450020A6
:106A80005C93002060440020589300205491002023
:106A900059930020509100205693002099480100FE
:106AA000202968D82DE9F04F344E83B03378002B7D
:106AB0005CD0DFF8E8A08B46314C9AF80090314D5D
:106AC00004EB4914304FD5F8008001900CE03B787E
:106AD000002B4BD12B68A3EB0803FA2B44D8337857
:106AE000002B43D000F05CF82046FFF7EDFE10F0DD
:106AF0008000ECD12549264B387048681B68254D2D
:106B00001B0CC3EB031222F00042A5FB0252120A37
:106B10004B681B1A9A42FBD81F4D5A46019905EB48
:106B200049152846FFF780F85A4600232946204693
:106B3000FFF78CFEBFF34F8F4FF0E023C3F8705F79
:106B4000BFF34F8FBFF36F8F01202146FFF796FEF3
:106B500009F101090020B9F1030F88BF81468AF8C5
:106B6000009003B0BDE8F08F01233B704FF0FF3081
:106B700003B0BDE8F08F4FF0FF3070475D93002009
:106B800020450020009200205B930020001000E0D0
:106B9000FC28002011239708000120205C9300208E
:106BA000284B2DE9F0411E7876B1DFF8B08098F8D7
:106BB00000404CB90123B20788F8003024D40023E8
:106BC00088F80030730701D4BDE8F0811E4B1A68C5
:106BD000002AF9D0EFF30582002AF5D1EFF31085F2
:106BE00072B6186830B3194C217819BB0122227093
:106BF00042691A6012B3916105B962B600258368D3
:106C0000457798472570DFE7114B1B78002BD6D0CE
:106C1000104F57F8045F2B6828461B69984710B13E
:106C20006B699B6898470A4B01341A78E3B29A4221
:106C3000EFD8C4E7002DC7D162B6C5E7064B1A608E
:106C4000DAE700BF609300207C8900204493002095
:106C500045930020FC430020888900204A930020AF
:106C600001207047B0F84630B0F848209BB292B28D
:106C7000934202D2013AD01A7047416B01390A445B
:106C8000D01A7047016972B6B0F84A20B0F84C309B
:106C900092B29BB29A423CBF806B1218C86AD31A58
:106CA00062B6C0F302601844704700BFB0F84A10E3
:106CB0000246B0F84C3089B29BB2994210D00133F1
:106CC000906B116B984298BF0023994203D9126AC6
:106CD000D05CC0B270475B1A526AD05CC0B27047D9
:106CE000D0F810C072B6B0F84A0080B2814201D02C
:106CF00062B6E4E7DCF82C3013F0E06F03D14FF01C
:106D0000FF3062B67047DCF81C0000214FF0010C28
:106D1000136AC0F30900A2F84AC0A2F84C105870D8
:106D2000EFE700BFB0F84AC00146B0F84C301FFA98
:106D30008CFC9BB29C4525D0013310B5D1F838E0CE
:106D40009E4515D90A6B1C469A4216D90A6AD25C2E
:106D5000D0B28A6DA1F84C404AB19C451DD3ACEB32
:106D60000303CC6B9C4202D3CB6DC2F8883010BDBC
:106D700000240A6B23469A42E8D8486A9A1A825C31
:106D8000D0B2E6E76246006972B6B1F84AC01FFAAF
:106D90008CFC624505D062B6CEE7E644AEEB030359
:106DA000DFE7C36A13F0E06F03D14FF0FF3062B644
:106DB0007047C069C0F30900F9E700BF90F844309C
:106DC00043B110B50446FFF7EBFE94F84430002BB6
:106DD000F9D110BD704700BF38B54369D3E903123C
:106DE000096811422DD00169044690F844200D46EF
:106DF00032B1FFF7D5FE94F84430002BF9D1636926
:106E00000021104AA961207E03EB0010007D02EBF7
:106E10000010D0F804C00520CCF8000094F819C088
:106E200003EB0C1393F8343002EB0312A36D52689A
:106E30001060A4F84A10A4F84C1013B1E26DC3F826
:106E4000842038BD1C1E002007EE901A9FED947A16
:106E50000421B6EE005AF8EE677A9FED926A41F689
:106E6000FF7CC7EE275A2DE9F04315468E460122D6
:106E7000046907EE901AF8EEE77A85EEA77A77EEC6
:106E8000057AFDEEE77A17EE903A6345A8BF6346B0
:106E9000012BB8BF012307EE903AF8EEE76A76EED1
:106EA000C76AC6EE877AF5EEC07AF1EE10FA01D520
:106EB000F1EE677AF4EEC67AF1EE10FA03D8B0EE8E
:106EC000676A8E461A4601312129D2D141690023D1
:106ED000866BB1F85870A0F84A30F71BA0F84C3018
:106EE000A0F84630C763B1F85A70A0F84830F61BD6
:106EF00080F844300664D1E903763B683343AE053D
:106F00003B60C5F34023837600F1A580077EDFF860
:106F1000C08101EB0717644B97F814C0D7F81C9099
:106F200008EB0C1CDCF80860DCF804C03360BB69BB
:106F3000CCF80030B9F1000F02D03F6AC9F80070F8
:106F4000477ED92301EB071797F834C008EB0C1CD8
:106F5000DCF808603360BF6BDCF804301F60437EF0
:106F600001EB0313DF6B0FB11B6C3B60BEF1080F2D
:106F70000EF1FF3CCCBF4FF0000E4FF0010E42EA85
:106F80004E434FEA0C6202F0F85213430022236191
:106F90004B7849681033E260444A42F82310426952
:106FA0004FF0010E424905F0030C5778B2F8562015
:106FB000404B7A544FF0021741694A7803EB521361
:106FC00002F01F029B000EFA02F21A60E762A36A47
:106FD00043F08803A3626B0734D44CF47013AF06FC
:106FE000827E2AD543F08053002A3CD12E07A3612C
:106FF00003D5236943F0005323616369EA0654BF54
:1070000023F0805343F080536361EB0503D523697C
:1070100043F4005323618B686BB1274D2C78002C0F
:107020003CD0264B03EB840101E08B422AD053F87D
:10703000042F9042F9D1BDE8F083002AD6D043F066
:10704000A003D3E705F00F03042B14BF1C4B1D4B0B
:107050004CEA0303C3E7477E4FF2D903DFF87080A1
:1070600001EB071770E7427E43F0A00301EB021229
:1070700092F8342008EB0216B668326822F44042D7
:107080003260B3E7611C104A104B297043F82400AA
:10709000137843F002031370BDE8F0830121F2E797
:1070A000001BB74BEC78AD6038F0010000340020D5
:1070B00000E400E04038003845930020FC43002005
:1070C00010003C0010003C40609300200044002071
:1070D0001C1E0020EFF31380B8B9EFF310834BB9F7
:1070E000EFF305823AB94FF48073EFF3118050B19A
:1070F000984208D270470F2A02D8EFF311827047E6
:10710000034B9B5CF1E7184670474FF0FF30F1E707
:10711000F0E300E0036D2DE9F0418846044606697E
:1071200013B1426DC3F88420A37E2BB172B6B3694C
:1071300043F00053B36162B6B4F84650636BADB22E
:107140000135AB424CD800273D46B4F848309BB2DD
:107150009D4219D029E073691B0210D5B4F848305C
:10716000626B9BB201339A4237D91A46E16A99425F
:107170002ED9E169CB5CDBB2F361A4F84820B4F806
:1071800048309BB2AB4210D1FFF7A4FF6369B3F85C
:1071900056308342DFDAB0F5807FF0D1FFF700FD93
:1071A000B4F848309BB2AB42EED0E26AAA4219D999
:1071B000E26902F8058072B6012084F84400A4F860
:1071C0004670B36943F40003B36162B6BDE8F08171
:1071D0005B1AA16ACB5CDBB2CEE700221346C5E79F
:1071E0002F46B2E7AD1AA26A02F80580E3E700BFB6
:1071F000FFF790BF0269536913F4401F70B537D091
:10720000D36A13F0E06FC3F3026E2ED0B0F84A4099
:10721000B0F84C30A4B29EB2D2F81CC0631CB0F8D7
:107220004C10856BCCF3090C89B29D4298BF0023AA
:10723000994208D0016B9942A3EB010166D9016A1A
:1072400001F803C01C460EF1FF3313F0FF0EE3D12B
:10725000836DA0F84A4043B1B4425BD3A41B016CD8
:10726000A14202D8C16DC3F884105369DD0248D42D
:10727000D2F818E01EF4000F28D053691C0225D55F
:10728000B0F846C0B0F848301FFA8CFC9BB206E05C
:10729000C169C95CC9B2D161D16A490512D46345DB
:1072A0003CD0446B0133C16A9C4298BF0023994291
:1072B000A3EB0104ECD8816A095DC9B2D161D16A3E
:1072C0004905ECD56345A0F8483029D01EF4800F5D
:1072D00016D053695B0213D50021036D80F844106A
:1072E00013B1416DC3F88810837E2BB172B69369D8
:1072F00023F00053936162B6936923F48003936192
:1073000070BD536943F480135361B1E7446A04F8D4
:1073100001C097E7816B891B0C44A0E7A0F84830B7
:10732000936923F400039361936943F480039361A9
:10733000CCE700BF10B500234FF470440F224FF488
:10734000806EA0F88C411946A0F88E214FF460445D
:10735000A0F890310A46B0F8883148F2B82C43F0D2
:10736000F003A0F8883101EB4103013100EB431336
:1073700004299C80A3F806E05A841A865A805A8110
:10738000A3F80EC05A82DA825A83DA83EBD1B0F8BE
:10739000883143F00F03A0F88831B0F8883143F406
:1073A0007063A0F8883110BD374B384A996F384860
:1073B00041F47F0170B5996741F20106D3F880105E
:1073C00045F6C05543F226040A43C3F88020FFF770
:1073D000B1FF00F58040FFF7ADFF00F58040FFF7FB
:1073E000A9FF00F58040FFF7A5FF0022A0F50310DC
:1073F0004FF00F0E114600EB42134FEA421C0132D0
:107400009981042A5981A3F80EE09E82DD8020F83C
:107410000C1019829C81EED100221E484FF00F0EF5
:1074200041F20106114645F6C05543F2260400EB31
:1074300042134FEA421C01329981042A5981A3F870
:107440000EE09E82DD8020F80C1019829C81EED126
:10745000002211480F2641F20105114645F6C0549D
:1074600043F2260E00EB42134FEA421C013299818F
:10747000042A5981DE819D82DC8020F80C1019825B
:10748000A3F80CE0EED170BD00C00F40000003FC7B
:1074900000C03D4000001E4000401E40074A506AA8
:1074A000936A19468446506A936A9942F9D1844591
:1074B000F7D1DB0B43EA4040704700BF00400D406E
:1074C00008B5D0E900325BB1BAB10F4BA3FB021390
:1074D000DB0803EB4303B2EB83030AD1012008BDB1
:1074E000094BA3FB0213DB0803EB4303B2EB83035B
:1074F00001D0D21A4260F02AF0D801F081FF1C229C
:10750000034600201A6008BDABAAAAAA30B583B012
:1075100060B3044621B11D46B2FA82F35B09A2B9F9
:10752000206818B362680AB3164B174902FB03F3CD
:10753000B1EBB30F1AD3A368FBB9002323606360D8
:10754000A360E360012003B030BD0193069BC0E956
:107550000012C360FFF7B4FF60B1002DF2D0626883
:1075600001992068A56001F029FEEBE701F048FFD2
:1075700016230360002003B030BD002101F01EFE81
:10758000DBE700BFABAAAAAA5555551500B52DEDEE
:10759000028BB0EE408A83B000F066FBB4EE488AFE
:1075A000F1EE10FA06D6DFED0C7AB4EEE78AF1EED2
:1075B00010FA03D403B0BDEC028B00BDCDED017A0F
:1075C00001F01EFFDDED017A87EEA70A212303609B
:1075D00003B0BDEC028B00BD0000000082B08DED59
:1075E000010A019AB2F17E5F39D0A2F50003B3F12E
:1075F000FE4F38D2BFEE000B02F140432A4903F59B
:107600004D03C3F3C34001EB001091ED404B91EDEE
:10761000445B91ED467B91ED426BD90DC90590ED30
:10762000002B521A03EE902A90ED021BDB15B7EEE9
:10763000E33AA2EE030B03EE903A20EE002BA5EE08
:10764000007BB8EEE33BA6EE027BA3EE041B30EE1C
:10765000010BA2EE070BB7EEC00B02B070479FED17
:10766000130A02B07047530017D0B2F1FF4F18D081
:10767000002A0DDBB3F17F4F0AD2DFED0D7A9DEDCD
:10768000017A67EE277A17EE902AA2F13862B1E705
:107690009DED010A02B000F0D7BA012002B000F05F
:1076A000C1BA9DED010AD8E748050020000000009E
:1076B0000000004B10EE101A10EE902AA1F5000CFD
:1076C0005000BCF1FE4F00F1FF336FF0807C7ED2A2
:1076D000634538BF002080F0B980BFEE001B01F188
:1076E000404303F54D03C3F3C3426FF31603C91AB6
:1076F00007EE901ADB15B7EEE75A07EE903AAF4B5C
:1077000003EB021292ED024B92ED002B00B5A2EEBC
:10771000051B93ED403B93ED426B93ED442BA1EEA3
:10772000036B93ED465BB8EEE77B37EE047B93ED9E
:10773000484BA1EE025B2DED028BA1EE047B21EE06
:10774000018BB7EEE00A28EE083BA8EE057BA6EE1B
:10775000037B20EE077B17EE903A48F2BF01C3F39C
:10776000CF338B4283B04CD2B7EE000B944B93EDEA
:10777000402B37EE023B13EE102A33EE423B02F071
:107780001F01801803EBC10293ED424B37EE437BA0
:1077900053F831C0D2F804E093ED446B93ED465BAF
:1077A000A7EE046B27EE074B002111EB0C020EEB4A
:1077B000C033A7EE050B43EC172BA6EE040B20EE0F
:1077C000070BB7EEC00B03B0BDEC028B00BD6345E9
:1077D00080F0B1804B00581E604580F093800029F6
:1077E0004BDB0020B1F5000FBFF477AFDFED757A0A
:1077F00020EE270A10EE103A23F00043A3F138617F
:107800006BE79FED666BB4EEC67BF1EE10FA16DC0B
:107810009FED646BB4EEC67BF1EE10FA43DD4FF0E2
:107820004C53002860D00193DDED016ABFEE006A81
:1078300076EE666AF4EE466AF1EE10FA94D003B082
:10784000BDEC028B5DF804EB00F0E6B9002869D0CE
:10785000B1F17E5F3FD0B0F17F4F69D14B00B3F102
:10786000FE4F6FEA020234BF00230123D20F93427E
:1078700000F08F809FED540A7047C2F3C7537E2BF0
:1078800027D9962B64D80120C3F1960300FA03F39D
:10789000581E10421DD1134214BF012000200004C5
:1078A00021F000419EE79FED416BB4EEC67BF1EE07
:1078B00010FA30D99FED3F6BB4EEC67BF1EE10FAB3
:1078C0007FF552AF03B0BDEC028B5DF804EB00F026
:1078D0009DB900F0B9B982F480035B0013F5000F85
:1078E00026D8B7EE000A70470093DDED006AB7EEC8
:1078F000006A76EE866AF4EE466AF1EE10FA3FF41C
:1079000033AF9CE7002920EE000A23DB0020BBBB3D
:107910009A423CDB704703B0BDEC028B5DF804EB90
:1079200000F06EB981F480035B0013F5000FD8D925
:1079300030EE200A70470028F4D04B00B3F17F4F9F
:10794000F6D8B0F17F4FF3D1B3F1FE4F87D1C8E73E
:107950000020A5E7C2F3C751A1F17F001728D5D8B1
:10796000C1F19600012101FA00F000F1FF3C1CEA90
:10797000020FCBD11040CAD0B1EE400A0846C6E78C
:10798000002AC7DAF7EE007A87EE800A704700F027
:1079900049B920EEA00A7047AFF3008071D5D1FF3E
:1079A000FFFF5F40E2AAA3FFFFFF5F40000000006F
:1079B00000C062C00000000000A062C058070020A4
:1079C000000400200000004B0000000010EE102A10
:1079D000C2F30A53B3F57D7FB7EEC07A1ED2B3F57A
:1079E000667F72D327EE077B27EE071B734B93ED61
:1079F000142B93ED125B93ED0E3BA7EE025B27EE8B
:107A0000012B93ED0C6B93ED104BA7EE036BA1EEE6
:107A1000046BA5EE026BB7EEC60B704740F22E4129
:107A20008B4255D8654A92ED086B27EE066BFDEE4A
:107A3000C66B92ED0A5B16EE903A03F500031B1637
:107A4000990706EE903A54BF114602F17001D8072B
:107A5000B8EEE66BA6EE457B27EE076B1CD503F070
:107A6000030302EBC30291ED185B92ED000B91ED65
:107A70001A3B27EE000BB0EE457B91ED164BA6EEC0
:107A8000037B20EE065B26EE056BA5EE040BA7EE4E
:107A9000060BB7EEC00B704791ED144B26EE065B5C
:107AA00091ED127B91ED0E2BA6EE047B26EE054B9D
:107AB00091ED0C0B91ED103BA6EE020BA5EE030B26
:107AC000A7EE040BB7EEC00B7047B7EE000A704785
:107AD000B3F5FF6F53D2C2F38361394B03EB810CD3
:107AE00053F82110C2F31603C2F3C25043F400034B
:107AF00010B58340DCF82000DCF810C003FB01F176
:107B0000A3FB00E0E3FB0C0101F1005382B09C0FEA
:107B100003F04043C91A8DED010A00F03DFA019AC5
:107B20009FED246B04EBD27241EC170B900754BF0E
:107B3000224B244B27EE067BE10727EE076B20D56F
:107B40001E4902F0030201EBC20293ED185B92EDB5
:107B5000000B93ED1A3B27EE000BB0EE457B93ED47
:107B6000164BA6EE037B20EE065B26EE056BA5EE1C
:107B7000040BA7EE060BB7EEC00B02B010BD00F071
:107B800063B893ED144B26EE065B93ED127B93EDF9
:107B90000E2BA6EE047B26EE054B93ED0C0B93ED1E
:107BA000103BA6EE020BA5EE030BA7EE040BE2E7DB
:107BB000AFF30080182D4454FB21193C80080020AD
:107BC000981C0020F008002010B582B08DED010A4D
:107BD000044601F015FC9DED010A046002B010BDE1
:107BE00030B1F1EE407A27EE800A2220FFF7ECBF99
:107BF000F0EE407A27EE800A2220FFF7E5BF00BFB3
:107C00009FED010AFFF7ECBF000000109FED010A95
:107C1000FFF7E6BF0000201A9FED010AFFF7E0BF63
:107C2000000000709FED070AF7EE007ABFEE007AC1
:107C300000284FF0220047FE877A87EE800AFFF780
:107C4000C3BF00BF0000000070EE407AB4EE400AEF
:107C500087EEA77AF1EE10FAB0EE470A02D621209D
:107C6000FFF7B2BF704700BFB1EEC00A704700BF58
:107C700003460846194601F035B800BF81F00041BF
:107C800002E000BF83F0004330B54FEA41044FEA01
:107C9000430594EA050F08BF90EA020F1FBF54EA9C
:107CA000000C55EA020C7FEA645C7FEA655C00F038
:107CB000E2804FEA5454D4EB5555B8BF6D420CDD09
:107CC0002C4480EA020281EA030382EA000083EA8C
:107CD000010180EA020281EA0303362D88BF30BD2C
:107CE00011F0004F4FEA01314FF4801C4CEA113182
:107CF00002D0404261EB410113F0004F4FEA0333E1
:107D00004CEA133302D0524263EB430394EA050F6B
:107D100000F0A780A4F10104D5F1200E0DDB02FADA
:107D20000EFC22FA05F2801841F1000103FA0EF26E
:107D3000801843FA05F359410EE0A5F120050EF134
:107D4000200E012A03FA0EFC28BF4CF0020C43FA65
:107D500005F3C01851EBE37101F0004507D54FF072
:107D6000000EDCF1000C7EEB00006EEB0101B1F5C2
:107D7000801F1BD3B1F5001F0CD349085FEA300008
:107D80004FEA3C0C04F101044FEA445212F5800F13
:107D900080F09A80BCF1004F08BF5FEA500C50F1B0
:107DA000000041EB045141EA050130BD5FEA4C0C93
:107DB000404141EB0101013C28BFB1F5801FE9D2F0
:107DC00091F0000F04BF01460020B1FA81F308BF13
:107DD0002033A3F10B03B3F120020CDA0C3208DDDF
:107DE00002F1140CC2F10C0201FA0CF021FA02F1BA
:107DF0000CE002F11402D8BFC2F1200C01FA02F12A
:107E000020FA0CFCDCBF41EA0C019040E41AA2BF4E
:107E100001EB0451294330BD6FEA04041F3C1CDA16
:107E20000C340EDC04F11404C4F1200220FA04F036
:107E300001FA02F340EA030021FA04F345EA0301E0
:107E400030BDC4F10C04C4F1200220FA02F001FAA2
:107E500004F340EA0300294630BD21FA04F0294624
:107E600030BD94F0000F83F4801306BF81F48011BD
:107E70000134013D4EE77FEA645C18BF7FEA655C30
:107E800029D094EA050F08BF90EA020F05D054EA02
:107E9000000C04BF1946104630BD91EA030F1EBF07
:107EA0000021002030BD5FEA545C05D1400049410B
:107EB00028BF41F0004130BD14F580043CBF01F5FE
:107EC000801130BD01F0004545F0FE4141F47001E4
:107ED0004FF0000030BD7FEA645C1ABF19461046BF
:107EE0007FEA655C1CBF0B46024650EA013406BFC0
:107EF00052EA033591EA030F41F4002130BD00BF7F
:107F000090F0000F04BF0021704730B54FF480643B
:107F100004F132044FF000054FF0000150E700BFBC
:107F200090F0000F04BF0021704730B54FF480641B
:107F300004F1320410F0004548BF40424FF0000108
:107F40003EE700BF42004FEAE2014FEA31014FEA4B
:107F500002701FBF12F07F4393F07F4F81F060519A
:107F6000704732F07F4208BF704793F07F4F04BFE5
:107F700041F40021704730B54FF4607401F00045C2
:107F800021F000411CE700BF50EA010208BF704722
:107F900030B54FF000050AE050EA010208BF704713
:107FA00030B511F0004502D5404261EB41014FF47C
:107FB000806404F132045FEA915C3FF4D8AE4FF084
:107FC00003025FEADC0C18BF03325FEADC0C18BF67
:107FD000033202EBDC02C2F1200300FA03FC20FAB8
:107FE00002F001FA03FE40EA0E0021FA02F1144405
:107FF000BDE600BF53B94AB9002908BF00281CBF1D
:108000004FF0FF314FF0FF3000F09CB9ADF1080C9C
:108010006DE904CE00F006F8DDF804E0DDE90223A6
:1080200004B070472DE9F04782B00646DDF828E03D
:108030000846B4460D46002B4ED18A4214466DD9EF
:10804000B2FA82F242B1C2F12003954026FA03F35C
:1080500094401D4306FA02FC260CA7B2B5FBF6F1CC
:108060004FEA1C4306FB115543EA054301FB07F0A9
:10807000984209D9E31801F1FF3580F00381984255
:1080800040F20081023923441B1A1FFA8CFCB3FB17
:10809000F6F006FB10334CEA034C00FB07F3634594
:1080A0000AD914EB0C0C00F1FF3580F0ED8063452C
:1080B00040F2EA80A444023840EA0140ACEB030CF1
:1080C0000021BEF1000F04D02CFA02F30022CEE909
:1080D000003202B0BDE8F0878B4209D9BEF1000F33
:1080E00001D0CEE900610021084602B0BDE8F0876A
:1080F000B3FA83F1174600294DD1834202D3B2422D
:1081000000F20F81B6EB070C60EB030301201D4664
:10811000BEF1000FDDD0CEE900C5DAE7002A00F09D
:1081200098801A46B4FA84F3002B40F0AF800B1B02
:10813000270CA6B20121B3FBF7F54FEA1C4007FB61
:10814000153340EA034306FB05F8984507D9E318C1
:1081500005F1FF3002D2984500F2E8800546A3EB16
:1081600008031FFA8CFCB3FBF7F007FB10334CEA53
:10817000034C06FB00F3634508D914EB0C0C00F12B
:10818000FF3602D2634500F2CE803046ACEB030CE2
:1081900040EA054095E7C1F120058B4022FA05FC35
:1081A0004CEA030C00FA01F426FA05F3E84002FA5F
:1081B00001F943EA04084FEA1C4206FA01FAB0FB4F
:1081C000F2F71FFA8CF602FB17004FEA184444EA54
:1081D000004407FB06F0A0420AD91CEB040407F197
:1081E000FF3380F09C80A04240F29980023F6444BB
:1081F000241A1FFA88F3B4FBF2F002FB104443EA9E
:10820000044300FB06F69E4209D91CEB030300F170
:10821000FF3480F082809E427FD90238634440EA76
:108220000740A0FB09749B1BA3423E46A04664D3B3
:1082300061D0BEF1000F0AD0BAEB060263EB08036F
:1082400003FA05F5CA401543CB40CEE9005300219F
:108250003FE7730843EAC1734A08190C41EA024137
:108260004FEAC67C9BB2B2FBF4F02646A0462746F6
:108270001F2243EA0143B1FBF4F1A3EB080341EAF7
:10828000004158E72946FFE6284615E71A46C3F19C
:1082900020019C4026FA01F320FA01F190400343AB
:1082A000270C06FA02FCB1FBF7F0A6B207FB10158B
:1082B000190C41EA054100FB06F58D423BD96118D6
:1082C00001D28D4220D8491B0138B1FBF7F5019549
:1082D00005FB06F8019D9BB207FB151143EA01431C
:1082E000434526D2E31805F1FF31C6D24345C4D237
:1082F000A91E2344C1E7BA459BD2B7EB090664EB3C
:108300000C040138A04694E7651B29440238B1FBF0
:10831000F7F5019505FB06F8DCE720467FE71F46E9
:1083200066E70846F4E6A44402382FE7023D2344FA
:1083300015E70199A1E7491BB1FBF7F5019505FB8D
:1083400006F8C7E7704700BF10B5A1FB021482B062
:1083500074BB00F045F8034670B350F8042C22F0CB
:108360000302043A242A10D8132A16D91B2AC0E97A
:1083700000441AD9242AC0E902440ABFC0E90444CF
:1083800000F1100100F1180108E02146019000F011
:1083900015FF019B184602B010BD01460022184689
:1083A000C1E900228A6002B010BD00F10801F5E7C2
:1083B00001F026F80C2303600023184602B010BD1C
:1083C000024B0146186800F00BB800BFBC2D00201E
:1083D000024B0146186801F025BA00BFBC2D0020F1
:1083E0002DE9F04F01F10B02162A85B0804624D802
:1083F000102900F2AB8000F0C9FA022518211022E2
:10840000B74C2144A1F108004E68864200F0628119
:108410007268F168B46822F003023244E1608C6053
:10842000516841F001014046516000F0B5FA06F193
:108430000804204605B0BDE8F08F32F0070200F1D5
:108440008580914200F28280019200F09FFA019AA9
:10845000B2F5FC7FC0F0BA81570A7FD0042F00F23A
:108460007281970907F139052BB207F1380CDB004F
:108470009B4C2344A3F108065B689E4207D10DE0A4
:108480000028DF6880F21381BE4207D03B4659685E
:1084900021F00301881A0F28F2DD6546236991490E
:1084A0008B4200F0F1805E6826F00306B11A0F29B6
:1084B00000F391818B480029C4E9040080F279819E
:1084C000B6F5007F676880F01981F10801310FFA75
:1084D00081FC76090121B14054F83C0098600F43BB
:1084E00004EBCC010839D960676044F83C30C360C4
:1084F000AB1001269E40BE4236D83E4206D125F042
:10850000030576003E4205F10405FAD004EBC50AE6
:1085100004EBC507A946F9680EE0486820F0030E91
:10852000AEEB020CBCF10F0F0B46C96800F31881CB
:10853000BCF1000F80F22D818F42EED109F10109CB
:1085400019F0030F07F10807E5D17FE10C23C8F804
:1085500000300024204605B0BDE8F08F4FF40073D2
:1085600040254FF03F0C83E7A768796821F00303AB
:1085700093429A4603D3991A0F2900F387805A49E8
:108580005A4E0968103111440820CDE9011200F05B
:108590006BFF01994B1E03444542834630681D40E2
:1085A000B0F1FF3F18BF29464046019100F000FF9F
:1085B000411C0546DDE9011200F02B8107EB0A0C96
:1085C000844500F224814A4B186800EB01090BF145
:1085D000FF3EC3F8009000F08981306801301BBF76
:1085E000A5EB0C0C09EB0C003560186015F00700CA
:1085F000814600F04881C0F108000544CDE901231F
:108600006B1803EA0E015844401A00EA0E06314680
:1086100040469B4600F0CCFE421CDDE9012300F001
:108620009581401B304440F001011868A56000EBC3
:108630000609A7426960C3F8009017D0BAF10F0F7E
:1086400040F25E81AAF10C0121F0070C796801F07B
:10865000010141EA0C017960052607EB0C01BCF130
:108660000F0FC1E9016600F263816968214B1E6842
:108670004E4538BFC3F800901F4B1E684E4501D2CF
:10868000C3F800902F46C6E0676831E7BD1841F097
:10869000010142F001027A604046A560696000F085
:1086A0007BF907F10804204605B0BDE8F08F9A6811
:1086B00001931944D760BA604A6842F0010240460B
:1086C0004A6000F069F9019B03F10804204605B0F7
:1086D000BDE8F08FCE68B1427FF49AAE0235DDE698
:1086E000F0220020F8220020888C0020A82D0020F5
:1086F000588C0020808C0020848C0020B6F5206FE0
:108700004FEA56207CD3142800F2D38000F15C019C
:1087100009B25B30C90004EB010C6158ACF1080CE4
:108720008C4503D1A8E089688C4504D0486820F0C6
:108730000300B042F7D8D1F80CC0C3E9021CCCF852
:108740000830CB60D4E6142F72D9542F00F2BA80CF
:10875000170B07F16F052BB207F16E0CDB0087E6F4
:108760009D1842F001025A609E68864AF1608E6050
:10877000C4E90455C5E902224CF001026A60404692
:1087800043F80EC0019300F007F9019B03F10804C0
:10879000E0E69E441C46DEF8043043F00103CEF8C8
:1087A000043054F8083F4046D9608B6000F0F4F87C
:1087B000D0E61E4440467268019342F001027260A6
:1087C00000F0EAF8019B03F10804C3E6D508691C30
:1087D00009B2C90014E69D1842F001025A60694AC4
:1087E0000193C4E90455C5E9022241F001026A601F
:1087F0004046995100F0D0F8019B03F10804A9E626
:10880000B00900F1390109B23830C90083E7A74245
:1088100063D0A768796821F003009042A0EB0201C1
:1088200002D30F293FF732AF404600F0B5F890E68B
:1088300007F15C052BB207F15B0CDB0018E6514633
:1088400051F808398B428A4640F09A8015F0030FA0
:1088500005F1FF35F3D1636823EA06036360760010
:108860009E423FF681AE1EB97EE6760009F104090C
:108870001E42FAD04D4649E68010012606FA00F065
:108880000743676059E7CDE902236B1803EA0E013D
:10889000ABEB010606EA0E0631464046019300F0B6
:1088A00087FD431C019B04BF4E461846DDE90223A9
:1088B000B7E6542827D8300B00F16F0109B26E30AB
:1088C000C90028E7B7F5AA7F27D8D70B07F17805A5
:1088D0002BB207F1770CDB00CAE52B4B186800EBD5
:1088E00001090BF1FF3EC3F8009076E615EA0E0F82
:1088F0007FF473AEA568514441F001016960B5E6AB
:1089000001236B6090E7B0F5AA7F25D8F00B00F14A
:10891000780109B27730C900FDE640F254539F4216
:1089200024D8930C03F17D0503F17C0CEB009FE54B
:1089300007F108014046CDE9012300F073FFA56867
:10894000029B6968D3F80090019A8FE6A9F10801AB
:108950000BEB0100002664E640F2545188420BD82C
:10896000B00C00F17D01C9007C30D4E64FF47E7379
:108970007F254FF07E0C7BE54FF47E717E20CAE6AA
:1089800063686CE7F8220020588C0020014800F052
:1089900067BD00BF508C0020014800F063BD00BFE0
:1089A000508C0020DFF80CC00A460146DCF80000BD
:1089B00000F002B8BC2D0020002900F09F802DE9B6
:1089C000F04383B00C4600928046FFF7DFFF00992A
:1089D00001F10B03162B60D81023994260D854F88C
:1089E00004EC2EF003029A42A4F1080565DAB348BC
:1089F000806805EB020C6045DCF8046000F09080B4
:108A000026F0010060444068C0076CD426F00306DD
:108A1000901983424CDD1EF0010F0FD154F8080C61
:108A2000281A0746406820F0030006441644B34263
:108A300040F3EF801618B34240F3C9804046CDE9B9
:108A40000023FFF7CDFCDDE900230646002800F0F7
:108A5000178154F8041C21F001012944A0F1080CED
:108A6000614500F0AE80043A242A00F2CE80132A39
:108A700000F29C80034622461168196051685960D3
:108A800092689A602146404600F0CCFE4046FFF7CF
:108A900083FF304603B0BDE8F08333F007039CD575
:108AA0000C23C8F800300026304603B0BDE8F08340
:108AB0000246DCE90201C16088606968D01A0F28AB
:108AC00001F0010105EB02061BD8114369607368D0
:108AD00043F0010373604046FFF75EFF26463046D1
:108AE00003B0BDE8F0831EF0010FA7D154F8080CC5
:108AF000281A0746406820F003009BE71146FFF75D
:108B00006FBC19436960E91840F001004860736860
:108B100043F0010308317360404600F083FEDAE75A
:108B200026F00306B01803F1100C604580F28B802C
:108B30001EF0010F82D154F8080C281A074640682D
:108B400020F0030006441644B445B1463FF772AF27
:108B50003E46F96856F8080F043A242AC160886036
:108B600000F2A580132A40F2A0802168B9606168F4
:108B7000F9601B2A00F2A480083407F11002216872
:108B8000116061685160A1689160F918A9EB030256
:108B90004A4D42F00102A9604A607A6802F001027F
:108BA000134340467B60FFF7F7FE98E723680360B6
:108BB000636843601B2A3BD804F1080200F10803F4
:108BC0005AE750F8041C21F003010A4475E7043AFF
:108BD0003D46F96855F8080F242AC160886020D8FE
:108BE000132A1CD92168B9606168F9601B2A3DD835
:108BF000083407F110022168116061685160A168B2
:108C000091602C4632463D4657E7214600F044FA33
:108C100038E7DCE90201043AC1608860D8E72A46F7
:108C2000E9E721462846009300F036FA009BE8E782
:108C3000A3688360E368C360242A25D004F110028E
:108C400000F1100318E71D4A1D449560C21A42F056
:108C500001026A6054F8042C02F0010213434046FA
:108C600044F8043CFFF798FE264638E7A1683961CE
:108C7000E1687961242A10D0103407F11802BAE7AC
:108C80004046FFF789FE0EE7236903616169416190
:108C900004F1180200F11803EEE62269BA61626974
:108CA000FA61183407F12002A5E7324667E721464A
:108CB0003046009300F0F0F9009B66E7F0220020B8
:108CC000A1683961E1687961242A03D0103407F181
:108CD000180254E72269BA616269FA61183407F12F
:108CE00020024CE713460A460146022000F002BD6E
:108CF000024A0349034800F0C9B800BFB02D002064
:108D0000EDA10100F82600200C4B4168994210B5F6
:108D1000044601D003F0F8FAA168094B994202D049
:108D2000204603F0F1FAE168064B994204D0204650
:108D3000BDE8104003F0E8BA10BD00BF8C8C0020E5
:108D4000F48C00205C8D00202DE9F843314A324C30
:108D50003249DFF8DC90DFF8DC80314F116000250C
:108D600004232946082204F15C00C4E903352D4E92
:108D7000A560C4E90055C4E90555656600F01EFA12
:108D800004F15800C4E90749C4E90987E66200F024
:108D900063FB2946244B6367082204F1C400C4E93D
:108DA0001A55C4E91E552567C4F8CC50C4F8805044
:108DB00000F004FA04F1680304F1C000C4F8843040
:108DC000C4E92298C4E9247600F046FB174BC4F8A6
:108DD000DC30294604F596700822C4E93455C4E90C
:108DE0003855C4F8D850C4F83451C4F8E85000F0ED
:108DF000E5F904F1D003C4E93D87C4F8F09004F527
:108E00009470C4F8FC60C4F8EC30BDE8F84300F09E
:108E100023BB00BFC48D00208C8C0020D56B0100CB
:108E2000796E01009D6E0100090001001200020030
:108E3000156E0100396E010010B504460A4800F0B5
:108E40000FFB636B23B9094B094A1B68626323B1AB
:108E5000BDE81040044800F005BBFFF775FFBDE812
:108E60001040014800F0FEBA548C0020C48D002050
:108E7000ED6B0100014800F0F3BA00BF548C0020F4
:108E8000014800F0EFBA00BF548C00202DE9F843F0
:108E90000746884616464FF000097568013D11D413
:108EA000B468A389012B08D9B4F90E3001332146E7
:108EB000384602D0C04749EA0009013D6B1C04F165
:108EC0006804EED13668002EE7D14846BDE8F88345
:108ED0000CB430B5144B0D1E1C689DB01FDB14BFC5
:108EE00001220022AA1A114B0593002121AB1B91EC
:108EF000029006900492079202A9209A01932046BC
:108F000001F0B4F9431CBCBF8B23236015B1029B55
:108F100000221A701DB0BDE8304002B070478B23AC
:108F200023604FF0FF30F5E7BC2D00200802FFFF63
:108F300010B50C46B1F90E1000F024FA002803DB3E
:108F4000236D0344236510BDA38923F48053A381BB
:108F500010BD00BF2DE9F0411F46B1F90C30164697
:108F6000DA050C4605460BD423F48053A381B4F9EB
:108F70000E103B4632462846BDE8F04100F02ABAC2
:108F80000223B1F90E10002200F0E6F9B4F90C301A
:108F9000EAE700BF10B50C46B1F90E1000F0DCF99D
:108FA000B4F90C30421C0EBF23F4805343F48053B9
:108FB0002065A38110BD00BFB1F90E1000F0BAB951
:108FC00070B5ADF5067D0E46009313464FF4007262
:108FD000059206A905AA054600F028F898B10246B0
:108FE000059B03903146284600F0F4F9039A05905A
:108FF00006AB9A4204D02846114600F013FC0598AF
:109000000DF5067D70BD4FF0FF30F9E700B5DFF8D4
:1090100018E084461346DEF800005DF804EB0A46CB
:109020006146FFF7CDBF00BFBC2D002010B59AB040
:1090300021B1D2F800C0BCF1000F1CD100214FF4C7
:10904000227CADF80CC01991009104914FF6FF7C81
:1090500002910591144669461A461C9BADF80EC054
:1090600001F004F9002814DB009B206000221A7034
:1090700004981AB010BD0091049161464FF4C16C80
:10908000ADF80CC04FF0000CCDF864C0DEDA8B23D5
:10909000036000201AB010BD884270B531D98B181A
:1090A00083422ED9032A00EB02011DD941EA030CA9
:1090B0001CF0030F1D4618D14FEA920C0CF1FF363D
:1090C000A1EB8C048C4653F804ED4CF804EDA44558
:1090D000F9D1C6EB867301EB830105EB830CACF190
:1090E0000403043902F0030252B102F1FF3C6FEABB
:1090F0000C0C9C4413F8012D01F8012D6345F9D1A6
:1091000070BD032A50D941EA00039B074ED10F2AB4
:1091100051D922F00F0301F1100601F1100C103BA0
:10912000203100F1100E19445CF8104C4EF8104C30
:109130005CF80C4C4EF80C4C5CF8084C4EF8084CA3
:109140005CF8044C4EF8044C0CF1100C8C450EF1FC
:10915000100EE9D1F11812F00C0F034402F00F05C4
:1091600003F1100325D025F0030CACF104042646CE
:109170001A1F1C198C465CF804EB42F804EFA2425B
:10918000F9D1043104333144334405F00302002A99
:10919000B6D0013A0132013B0A4411F801CB03F881
:1091A00001CF9142F9D170BD0346F0E7013A034681
:1091B000F0E72A46EBE703461546D4E730B58407C7
:1091C0008646034606D0A2B303F8011B980702F1B6
:1091D000FF32F8D1032A26D95FFA81FC0CEB0C2C64
:1091E0000F2A0CEB0C402AD922F00F0C9C44C3E947
:1091F0000000C3E9020010336345F8D112F00C0FF0
:1092000002F00F0417D04FEA940C0CF1FF351A4608
:1092100003EB8C0C42F8040B6245FBD1043304F0E1
:10922000030203EB850322B11A4403F8011B9A429F
:10923000FBD1704630BD2246002AF5D1F9E714462D
:10924000E1E700BF8AB340EA01039B0730B504465B
:109250008E4618D1032A07D815E0043A23D01CF013
:10926000803F20D1032A26D92368DEF80050A3F1DD
:109270000131AB4221EA030C2046714604F104049B
:109280000EF1040EE9D003780C78A3420FD1013A15
:10929000024406E06BB110F8013F11F8014FA34200
:1092A00005D19042F6D1002030BD10467047181B02
:1092B00030BD184630BD20467146E4E710B504467F
:1092C0000843830701D1032A19D8A44601F1FF3EC0
:1092D00007E01EF8011F03F8011B501E31B19C4628
:1092E00002466346002AF4D1204610BD944400286B
:1092F000FAD003F8011B6345FBD1204610BD0B4695
:10930000A44618681946A0F1013323EA000313F0BC
:10931000803F01F10403D9D1043A032A4CF8040B2D
:10932000EFD81946D2E700BF014B93F810027047FF
:10933000542B002038B5074C00230546084623600F
:10934000FCF71EFE431C00D038BD2368002BFBD069
:109350002B6038BD788E002038B58C46084C1146FD
:1093600005461A46604600232360FCF715FE431CA1
:1093700000D038BD2368002BFBD02B6038BD00BF68
:10938000788E002038B58C46084C114605461A46A2
:10939000604600232360FCF7F1FD431C00D038BD7C
:1093A0002368002BFBD02B6038BD00BF788E0020D7
:1093B00038B5074C0023054608462360FCF7C6FD78
:1093C000431C00D038BD2368002BFBD02B6038BD78
:1093D000788E002038B58C46084C114605461A4652
:1093E000604600232360FBF7F1FC431C00D038BD2E
:1093F0002368002BFBD02B6038BD00BF788E002087
:10940000014B1868704700BFBC2D002070B50E4E90
:109410000E4DAE4208D0761BB610002455F8043B22
:1094200001349847A642F9D8094E0A4D05F0EAFDE5
:10943000AE4208D0761BB610002455F8043B013428
:109440009847A642F9D870BDF01D0060F01D00607D
:10945000081E0060F01D0060704700BF704700BF2D
:10946000704700BF704700BF082802D14FF48050FA
:10947000704708B5FFF7C4FF162303604FF0FF30B5
:1094800008BD00BF80EA0102844612F0030F4FD1ED
:1094900011F0030F32D14DF8044D11F0040F51F8C3
:1094A000043B0BD0A3F101329A4312F0803F04BF7A
:1094B0004CF8043B51F8043B16D100BF51F8044B63
:1094C000A3F101329A4312F0803FA4F101320BD193
:1094D0004CF8043BA24312F0803F04BF51F8043B18
:1094E0004CF8044BEAD023460CF8013B13F0FF0F75
:1094F0004FEA3323F8D15DF8044B704711F0010FA8
:1095000006D011F8012B0CF8012B002A08BF704778
:1095100011F0020FBFD031F8022B12F0FF0F16BF6F
:109520002CF8022B8CF8002012F47F4FB3D1704737
:1095300011F8012B0CF8012B002AF9D1704700BF5C
:1095400000000000000000000000000001F0FF012A
:10955000102A2BDB10F0070F08D010F8013B013A5E
:109560008B422DD010F0070F42B3F6D1F0B441EA90
:10957000012141EA014122F007047FF000070023A6
:10958000F0E80256083C85EA010586EA010685FAFC
:1095900047F5A3FA87F586FA47F6A5FA87F68EB956
:1095A000EED1F0BC01F0FF0102F0070232B110F879
:1095B000013B013A83EA010313B1F8D1002070475F
:1095C00001387047002D06BF35460338073815F0BF
:1095D000010F07D1013015F4807F02BF013015F46F
:1095E000C03F0130F0BC0138704700BF00000000F0
:1095F000000000000000000000000000000000006B
:10960000000000000000000000000000000000005A
:1096100000000000000000000000000030B490F8DE
:1096200000F020F007016FF0000C10F0070491F833
:1096300020F040F048804FF000046FF00700D1E9BF
:10964000002391F840F000F1080082FA4CF2A4FAED
:109650008CF283FA4CF3A2FA8CF34BBBD1E90223D0
:1096600082FA4CF200F10800A4FA8CF283FA4CF36F
:10967000A2FA8CF3E3B9D1E9042382FA4CF200F1A7
:109680000800A4FA8CF283FA4CF3A2FA8CF37BB9AB
:10969000D1E9062301F1200182FA4CF200F1080021
:1096A000A4FA8CF283FA4CF3A2FA8CF3002BC6D006
:1096B000002A04BF04301A4612BAB2FA82F200EB52
:1096C000D20030BC7047D1E9002304F00305C4F197
:1096D00000004FEAC50514F0040F91F840F00CFAB1
:1096E00005F562EA05021CBF63EA050362464FF016
:1096F0000004AAE7F0B51D4C83B00546206801912F
:1097000016461F46FFF7ACFE194A0199136823B3AA
:109710005A6820681F2A23DC4DB9541C02325C6051
:1097200043F82210FFF79EFE002003B0F0BD03EBCC
:10973000820E0124CEF88860D3F88861944046EA0E
:10974000040C022DC3F888C1CEF80871E5D1D3F816
:109750008C512543C3F88C51DFE7064B1360D7E7E4
:10976000FFF780FE4FF0FF30DFE700BF482B0020FF
:10977000B88A0020BC8A0020F8B5064608200C46AE
:10978000FFF772FE07463046FFF700F9224A93685A
:109790005D6825F00305A5F111031C1B3C44B4FBD7
:1097A000F7F4013C07FB04F4A74208DC0021304633
:1097B000FFF7FEFD184A93682B44984204D03046C8
:1097C000FFF7EAF80020F8BD61423046FFF7F0FDF0
:1097D0000130114A0DD0114993682D1B45F0010548
:1097E0005D600B6830461B1B0B60FFF7D5F801204E
:1097F000F8BD00213046FFF7DBFD074A9268831A67
:109800000F2BDCDD43F001035360054B03491B685C
:10981000C01A0860D3E700BFF0220020588C002057
:10982000A82D0020002965D02DE9F0410C460746FF
:10983000FFF7ACF854F804EC7D49A4F1080C2EF0C5
:1098400001030CEB03028D685068954220F0030081
:109850000EF0010600F08B80151850606D6805F061
:109860000105A846AEBB54F8084CACEB040C2344ED
:10987000DCF8084001F1080E74456BD0DCF80C50A0
:10988000E560AC60B8F1000F00F08C8043F001009F
:10989000CCF804001360B3F5007F35D2DA084868CD
:1098A0005C090132012312B2A34003434B6051F81B
:1098B0003200CCF8080001EBC203083BCCF80C30B6
:1098C00041F832C0C0F80CC03846BDE8F041FFF79F
:1098D00063B885B9034401F1080E9068704543F000
:1098E00001047AD0D268C2609060CCF804404CF891
:1098F0000330D0E770474EF00102B3F5007F44F823
:10990000042C4CF80330C9D3B3F5206F4FEA532031
:109910004AD2980900F1390212B200F13804D2009B
:1099200088188A580838904203D15FE092689042C4
:1099300004D0516821F003019942F7D8D068CCE9EE
:109940000220C0F808C03846C2F80CC0BDE8F0419B
:10995000FFF722B8A5BB1844D2E90223D3609A606E
:1099600040F00103CCF804304CF80000ACE7184498
:1099700046B954F8083CACEB030C1844DCE902236C
:10998000D3609A6040F00103CCF80430294BC1F851
:1099900008C01B68834297D8274B38461968FFF7E1
:1099A000EBFE91E7034498E714280FD9542824D8F4
:1099B000180B00F16F0212B200F16E04D200AFE793
:1099C00043F00101CCF8041013607DE700F15C0264
:1099D00012B200F15B04D200A2E7C1E904CCCCE9E9
:1099E00002EECCF804404CF803306DE7A4100123DC
:1099F000A3404C6823434B60A1E7B0F5AA7F07D88A
:109A0000D80B00F1780212B200F17704D20087E798
:109A100040F25452904206D8980C00F17D0200F1B9
:109A20007C04D2007CE74FF47E727E2478E700BF8E
:109A3000F0220020AC2D0020888C002082B049B19B
:109A40005AB16BB113780B601278101E18BF012049
:109A500002B0704701A9002AF3D1104602B0704746
:109A60006FF00100F4E700BF30B5436C83B00546EA
:109A70000C4653B153F8240088B1026843F82420FF
:109A80000023C0E9033303B030BD21220421FEF7D7
:109A90005BFC034668640028ECD10020F3E7012159
:109AA00001FA04F35A1D920028460193FEF74CFC7C
:109AB0000028F2D0019B44608360E1E731B1436C40
:109AC0004A6853F82200086043F82210704700BF2C
:109AD0002DE9F0410E6917460D461C4601F11402AE
:109AE0004FF0000E11688BB207FB03434FEA134C93
:109AF000090C07FB01CC0EF1010E9BB203EB0C43EA
:109B0000764542F8043B4FEA1C44EBDC3CB1AB68C1
:109B1000B34207DD05EB860301365C612E61284602
:109B2000BDE8F081696801318046FFF79DFF074677
:109B3000B0B12A69023205F10C0192000C30FCF739
:109B400073F8D8F844306A6853F82210296043F853
:109B500022503D4605EB860301365C612E61DEE74F
:109B6000024B03483A46BA2102F04CFD4010002057
:109B700054100020B0F5803F034636BF0304002098
:109B80001020B3F1807F3CBF1B020830B3F1805F2F
:109B900006D3B3F1804F0FD29A0012D4033070472E
:109BA0001A01B2F1804F00F1040006D29B0108D4E3
:109BB0005B00F3D4202070471A46002AFBDB0130FB
:109BC00070470230704700BF0368590708D0DA07B2
:109BD0001FD499072AD55B080360012210467047FD
:109BE0009AB282B91B0CDAB2B2B11022190701D1B4
:109BF00004321B09990714D0D90701D401325B083C
:109C0000036010467047DAB24AB11A0717D104222E
:109C1000EFE700221046704718221B0AE6E70822E9
:109C2000FBE7590707D502329B08E9E79B080222A8
:109C3000036010467047DB0804D12022CEE7DB0822
:109C40000322DDE70332DBE738B5436C04460D46FB
:109C50004BB15868B0B102685A6000220123C0E9D4
:109C60000323456138BD21220421FEF76DFB034625
:109C700060640028EDD1094B0948002240F24511EB
:109C800002F0C0FC1C2201212046FEF75DFB0028EB
:109C9000F1D001220223C0E90123DEE740100020B9
:109CA000541000202DE9F04F0F691569AF4285B0BF
:109CB0000E46904605DB2A4643463D4688461746F3
:109CC0001E46D8F80830D8F80410EC19A342B8BFE3
:109CD0000131FFF7C9FE8446002800F09C80143053
:109CE00000EB840E704505D20346002143F8041BA7
:109CF0009E45FBD8143606EB870296427CD208F1CB
:109D0000140707EB8505A5EB080308F11508A8451E
:109D1000A3F11503CDE902E44FEA930A8CBF0024B6
:109D200001249146E34605E0090C34D1B14500F128
:109D300004005ED956F8041B8AB2002AF4D0CDE99B
:109D40000090B8468646002358F8041BDEF8000051
:109D50001FFA81F94FEA114C81B202FB0911000C84
:109D6000194402FB0C0000EB114089B241EA0041AA
:109D700045454EF8041B4FEA1043E5D8DDE9009055
:109D8000002C4FEA8A0208BF00220244536056F8B2
:109D9000041C090CCAD00368CDF800908846BC4664
:109DA000864600221946BCF8009008FB092909EBF9
:109DB00011499BB243EA09434EF8043B5CF8043B6B
:109DC000DEF800101B0C8AB208FB032303EB1943D7
:109DD00065454FEA1342E6D8002C4FEA8A02DDF8C7
:109DE000009008BF00220244B145536000F1040016
:109DF000A0D8DDE902E4DC46002C02DC05E0013CF1
:109E000003D05EF8043D002BF9D06046CCF810403A
:109E100005B0BDE8F08F034B034862464FF4B171C3
:109E200002F0F0FB4010002054100020F8B512F0B2
:109E30000303144607462FD10E46A4102AD03D6CCA
:109E4000002D32D004F0010364103BB92868B8B18A
:109E5000054604F001036410002BF7D02A46314672
:109E60003846FFF71FFF36B17B6C716853F821202D
:109E7000326043F8216074B1064628680028E7D1B3
:109E80002A4629463846FFF70DFF00232860036065
:109E90000546DEE73046F8BD013B0F4A52F8232065
:109EA0000023FFF715FE0646C7E701213846FFF7F6
:109EB000DBFD054640B1012340F27122C0E90432C6
:109EC000002338640360BDE7044B05482A4640F28E
:109ED000451102F097FB00BFEC210020401000204C
:109EE000541000202DE9F0470D4691462E69AB68CD
:109EF000496806EB6216741C9C4207464FEA6218DA
:109F000004DD5B009C4201F10101FADC3846FFF7F9
:109F1000ABFD844600284FD0B8F1000F00F11400CB
:109F20000BDD08F105010CEB81010346002243F82B
:109F3000042B8B42FBD100EB8800296905F1140347
:109F400019F01F0803EB810E2ED0C8F1200902463C
:109F50004FF0000A196801FA08F141EA0A0142F8D3
:109F6000041B53F8041B9E4521FA09FAF2D8AEEB04
:109F70000503153B23F0030305F11502964538BF91
:109F80000023043340F803A0BAF1000F00D1344697
:109F90007B6C6A68CCF8104053F822102960604648
:109FA00043F82250BDE8F087043853F8042B40F8FA
:109FB000042F9E45F9D8EAE7034B044862464FF464
:109FC000EF7102F01FFB00BF401000205410002072
:109FD00003690A6900B5B3EB020E12D100F1140C4B
:109FE00014310CEB820301EB820101E09C4508D2A5
:109FF00053F8040D51F8042D9042F7D003D24FF0DE
:10A00000FF3E704600BD4FF0010E704600BD00BF20
:10A010002DE9F04F17460A693B69A2EB0308B8F136
:10A02000000F83B00C4615D1143107F1140505EB70
:10A03000830501EB830302E0994280F0858053F8A9
:10A04000046D55F8042D9642F6D080F08A804FF0CA
:10A05000010805E0FBDB3B464FF000080F461C46BD
:10A060007968FFF701FD002800F086803A692669CB
:10A07000C0F80C8007F1100107F11408834600F1C5
:10A08000140704F1140008EB820E944600EB8606D8
:10A090000023B946C2460A46019450F8041B52F800
:10A0A000045F8CB21FFA85F8A8EB0408090C9844E9
:10A0B000C1EB154101EB28411FFA88F848EA014439
:10A0C000864249F8044B4FEA2143E6D8A146019C59
:10A0D000301B1538153420F00300A64238BF00208D
:10A0E0000AEB00010431C4198E4562460846DC467D
:10A0F00098BF23461AD9A7EB0A070434C61950F8AB
:10A10000045B13FA85F82B442D0C05EB28459BB214
:10A1100043EA05498645C6F800904FEA2543EDD845
:10A120000EF1FF335B1A23F003032344B9F1000F50
:10A1300004D153F8041D013A0029FAD06046CCF846
:10A14000102003B0BDE8F08F0021FFF78DFC84469E
:10A1500058B101220023C0E90423604603B0BDE8E2
:10A16000F08F3B4627461C467AE7074B0748624676
:10A1700040F2372102F046FA0246034B034840F210
:10A18000452102F03FFA00BF40100020541000208B
:10A190002DE9F043894683B0012157EC106B9046BE
:10A1A000FFF762FC0446002846D0C7F30A55C7F300
:10A1B00013030DB143F480130193331E15D101A88D
:10A1C000FFF702FD019B636101212030216115B37E
:10A1D000A5F233450544C0F13500C9F80050C8F870
:10A1E0000000204603B0BDE8F08368460093FFF707
:10A1F000EBFCDDE9002328B1C0F1200103FA01F1F5
:10A200000A43C340002B0CBF012102216261A361FC
:10A210002161002DDCD104EB8103A0F23240C9F8AA
:10A2200000001869FFF7A6FCC0EB4110C8F8000059
:10A23000204603B0BDE8F083034B0448224640F2B9
:10A240000F3102F0DFF900BF401000205410002051
:10A2500049B1FF2A02D80A70012070478A2303609F
:10A260004FF0FF3070470846704700BF2DE9F04FB0
:10A270002DED028BD1B00C46079190460993824692
:10A2800002F076F9036811931846FFF7C7F9082220
:10A290001090002120A8FEF791FFA389180603D58E
:10A2A0002369002B01F06E8000239FED728BCDE9B6
:10A2B0002533CDE9143327AA0D9324921746129320
:10A2C0001393059345462C466C4BD3F8CC61FFF7AE
:10A2D0002BF820AA034600921AA922465046B047FE
:10A2E000002800F09880C0F28E801A9A252A034632
:10A2F00001D01C44E8E7B4EB0508064640F08F8027
:10A3000000234FF0FF328DF85F309B4606930134F7
:10A310002378049201349946A9F120035A2B00F2C4
:10A32000AF80DFE813F0FE02AD00AD00FA02AD0031
:10A33000AD00AD00DD02AD00AD00A802B702AD007A
:10A34000B302C002AD00BC025B005B005B005B00BF
:10A350005B005B005B005B005B00AD00AD00AD002F
:10A36000AD00AD00AD00AD002101AD009C01AC031E
:10A37000210121012101AD00AD00AD00AD00A80318
:10A38000AD00AD000803AD00AD00AD007302AD003F
:10A390006103AD00AD009807AD00AD00AD00AD00AC
:10A3A000AD00AD00AD00AD002101AD009C01870105
:10A3B000210121012101ED0387016C00AD0008049A
:10A3C000AD00F8033D0413046C00AD0073026A0095
:10A3D0008303AD00AD00FB07AD006A00A9F13003B7
:10A3E000002214F8019B02EB820203EB4202A9F166
:10A3F0003003092BF5D906928EE723788AE7237874
:10A400004BF0200B86E70822002120A8FEF7D6FE9D
:10A4100001231C4458E7B4EB0508064610D02599E3
:10A42000269B013143440729C7E90058269325910B
:10A4300017DC0837059B43440593002E7FF460AF7B
:10A44000269B002B41F00383079B9B8903F040036D
:10A45000002B41F0CF86059851B0BDEC028BBDE8D2
:10A46000F08F079924AA504601F022FF0028EBD173
:10A4700027AFDFE70000000000000000542B0020A1
:10A48000B9F1000FDCD00023CDE90B3301228DF8A8
:10A49000DC908DF85F3008930A9204930E9337ADE9
:10A4A0000292269A1BF08403904600F005819DF8E5
:10A4B0005F1009B3DDF894C000260CF10101012002
:10A4C0000132786007290DF15F00CDE9251238606F
:10A4D00000F33E8408377EB1DDF894C00CF1010131
:10A4E00018A80232386007294FF00200CDE9251282
:10A4F000786000F320840837802B00F06583049B8C
:10A500000A995E1A002E00F3E8801BF4807F40F069
:10A5100021810A9B7B601A44259B3D600133072BF8
:10A520002692259300F3BC8308371BF0040F05D057
:10A53000069B02995D1A002D00F31884DDE90531B0
:10A5400002988142ACBF5B181B180593002A40F0AB
:10A55000778300232593089B1BB108995046FFF78A
:10A5600061F927AF2546AEE6099B073323F00703C1
:10A57000B3EC028B9FEDA17BB0EEC86BB4EE476BE2
:10A58000F1EE10FA099300F33986B4EE488BF1EE40
:10A5900010FA81F14685B9F1610F01F07A83B9F1C2
:10A5A000410F01F07084049B013301F07F82B9F107
:10A5B000670F18EE903A4BF4807801F0F584B9F10A
:10A5C000470F01F0F1840023089318EE903A002B16
:10A5D000C1F20885B0EE487B0026A9F14103252B86
:10A5E00001F2DD81DFE813F0A50CDB09DB09DB09F3
:10A5F000700ADD0ADB09DB09DB09DB09DB09DB09A2
:10A60000DB09DB09DB09DB09DB09DB09DB09DB092A
:10A61000DB09DB09DB09DB09DB09DB09DB09DB091A
:10A62000DB09DB09DB09DB09A50CDB09DB09DB093D
:10A63000700ADD0A1BF0200F40F0DE85099A1BF03E
:10A64000100F52F8046B41F01C861BF0400F09926A
:10A6500001F08E8046F3C038434636B21FE2B9F1AE
:10A66000430F03D01BF0100F00F065860822002175
:10A6700022A8FEF7A3FD099A37AD126822AB29463E
:10A68000504602F089FF0A90013001F0AE850A9B26
:10A6900023EAE3730293099B269A04330993002368
:10A6A000CDE90B338DF85F30089304930E931BF0C4
:10A6B000840390467FF4FBAE0699029E8E1B002E0B
:10A6C00000F321849DF85F1000297FF4F3AE049B12
:10A6D0000A995E1A002E7FF718AF4A49259B0F9101
:10A6E000102E27DD39464FF0100837462E462546F6
:10A6F000079C04E0103F102F01F1080116DD013323
:10A7000040481032072BC1E90008CDE92532F1DDC0
:10A7100024AA2146504601F0CBFD002840F0988243
:10A72000103F102FDDE9253227A9E8DC2C463546FD
:10A730003E460F4601330F9939603244072BCDE96D
:10A7400025327E6000F364841BF4807F07F10807E4
:10A750003FF4DFAEB9F1650F40F3AC82B5EE408B4C
:10A76000F1EE10FA40F05283259B274939600133FE
:10A7700001320121072B26922593796000F37F8710
:10A780000837199B0D998B4280F2EB84109B11992D
:10A790001A44C7E90013259B26920133072B259302
:10A7A00000F3D38508370D9B5D1E002D7FF7BDAEEE
:10A7B0001449259B0F91102D40F39787A146DDF892
:10A7C0001C8010260C4604E00837103D102D40F385
:10A7D0008B8701331032072BC7E90046CDE92532BC
:10A7E000F2DD24AA4146504601F062FD002840F007
:10A7F0002F82DDE9253227AFE7E700BFFFFFFFFF2C
:10A80000FFFFEF7FCC220020740A0020DDF82480B7
:10A8100058F8045B00238DF85F30002D00F0A1850F
:10A82000B9F1530F00F037871BF010030B9340F082
:10A830003287049B002BC1F2FC801A460B992846F4
:10A84000FEF784FE9DF85F300890002801F04884F0
:10A85000089A521B0A9222EAE27202920BB101326A
:10A8600002920B9BCDF8248004930E930C930893D3
:10A870004FF0730915E6099B53F8042B0692002A42
:10A8800080F27584069A09935242069223784BF01F
:10A89000040B3FE52B238DF85F3023783AE52378CE
:10A8A0004BF0800B36E5214611F8019BB9F12A0FD8
:10A8B00001F09084A9F13003092B98BF002201F226
:10A8C000DD8211F8019B02EB820203EB4202A9F147
:10A8D0003003092BF5D942EAE27304930C461BE5D9
:10A8E000504601F045FE436813931846FEF796FE66
:10A8F00015900646504601F03BFE8268237814927C
:10A90000002E3FF407AD002A3FF404AD1278002A70
:10A910003FF400AD4BF4806BFCE423784BF0010B6B
:10A92000F8E49DF85F202378002A7FF4F3AC20221E
:10A930008DF85F20EEE41BF0200F4BF0100000F0CC
:10A940002884099B073323F007031A46596852F8F5
:10A95000083B099200228DF85F20049A002A18DB38
:10A9600053EA010220F4906B15D1049A9AB910F0C1
:10A9700001031A46029300F0738630238DF83F31AD
:10A98000049B0A92CDE90B330E9308930DF23F1509
:10A9900087E520F4806B50AD03F00702DB0843EA43
:10A9A0004173C908303253EA0106284605F8012DE3
:10A9B000F2D11BF0010F00F01582302A00F0128254
:10A9C0003023049905F8013C023850AB1B1A994218
:10A9D0004FF00002B8BF1946CDE90B2208920A9346
:10A9E000054602910E925CE51BF0200F4BF0100122
:10A9F00021D1099B1A1D099B04981B684FF0000880
:10AA000040458DF85F801E4659DB21F0800B002BFE
:10AA100040F08C850992002840F0E983CDE90B00D5
:10AA20000A900E900290089050AD3AE51BF0200F6E
:10AA300000F0BE835946099B073323F00702002329
:10AA40008DF85F30049BD2F8048052F8086B0992AD
:10AA5000002B35DB56EA080321F0800B31D1049B33
:10AA6000002B40F0C483CDE90B330A930E9302937D
:10AA7000089350AD15E523784BF0080B4AE41BF022
:10AA8000200F4BF0100300F07A83099A073222F06E
:10AA900007029B46536852F8086B09929846002BB0
:10AAA000C0F2C282049A002A0BDB56EA08032BF09C
:10AAB000800B06D1002A00F04187302607E009927A
:10AAC0008B460A2E78F1000380F0BF823036049A5C
:10AAD0009DF85F308DF83F61012AB8BF01220292D4
:10AAE00001220A920DF23F15002B01F06D83029BAB
:10AAF000013302930023CDE90B3308930E93D0E486
:10AB00002378682B03BF63784BF4007B01344BF050
:10AB1000400BFFF7FFBB099A1BF0200F02F1040363
:10AB200000F08883126805991160C9175160099374
:10AB30002546FFF7C8BB23786C2B03BF63784BF027
:10AB4000200B01344BF0100BFFF7E4BB099A049E75
:10AB500052F8041B002047F630038642ADF86030FF
:10AB60008DF85F000B46C0F2DB832BF0800545F0CB
:10AB7000020B002940F0D683002E00F0E6860992F1
:10AB800030230122CDE90A210E918DF83F31029642
:10AB90000DF23F154FF078098E4608910C91A5E310
:10ABA0001BF0200F40F02583099A1BF0100F52F87C
:10ABB000043B41F05E831BF0400F00F0E9859BB23F
:10ABC000099258460021C5E6069B02995E1A002E9E
:10ABD0007FF795AC8B49259B0F91102E24DD3846CD
:10ABE0004FF010082F4619462546864C04E0103ECB
:10ABF000102E00F1080013DD013110320729C0E9E1
:10AC00000048CDE92512F2DD079924AA504601F04B
:10AC10004FFBE8B9103E102EDDE9251227A8EBDC2A
:10AC20002C460B463D46074601330F9939603244A6
:10AC3000072BCDE925327E6000F3638508375EE49B
:10AC4000079924AA504601F033FB00283FF481AC59
:10AC5000089B002B3FF4F8AB08995046FEF7E2FD45
:10AC6000079B9B8903F04003FFF7F2BB109B1199F0
:10AC70001A44C7E90013259B26920133072B25931D
:10AC800000F3068707F108010028C1F21E810D9824
:10AC90000D6001330244072BCDE92532486046DDC3
:10ACA000079924AA504601F003FB0028D0D1269A28
:10ACB00027AF3AE40D98259B012802F1010203F128
:10ACC000010307F1080140F364810120072BCDE95E
:10ACD00025323D60786000F32C821098119E01337C
:10ACE0000244072BC1E90060CDE9253200F32D8233
:10ACF00008310D98B5EE408BF1EE10FA00F1FF36F9
:10AD000000F05F81013301353244072BCDE9253254
:10AD10000D604E6000F3498108311298486001339C
:10AD20000244072B1CA8CDE925320860B8DC01F1EC
:10AD30000807FFF7FABB07990F9324AA504601F0C2
:10AD4000B7FA002884D1269A0F9B27AFFFF7D4BB10
:10AD500007990F9324AA504601F0AAFA00287FF41D
:10AD600077AF269A0F9B27AFFFF7B5BB102D259B1A
:10AD700041F3D580A046DDF81C90234C102604E05A
:10AD8000103D102D07F1080715DD01331032072B98
:10AD9000C7E90046CDE92532F2DD24AA49465046EE
:10ADA00001F086FA00287FF453AF103D102DDDE945
:10ADB000253227AFE9DC21464446884601332A4440
:10ADC000072BC7E90085CDE925327FF7B7AB079997
:10ADD00024AA504601F06CFA00287FF439AF269A75
:10ADE000FFF7ACBB049950AA521B91424FF00003ED
:10ADF000B8BF1146CDE90B3308930A9202910E9326
:10AE0000FFF74FBBCC220020FC1D00201998002822
:10AE100040F300840B9B0D998B42A8BF0B46002B7F
:10AE200098460ADD1A44C7E90053259B2692013350
:10AE3000072B259300F3B48708370B9EB8F1000F5A
:10AE4000A8BFA6EB0806002E00F3AB820B9B1BF4F9
:10AE5000806F03EB050940F0CA82199B0D998B4264
:10AE600003DB1BF0010F00F07D85109911980A4457
:10AE7000C7E900012599269201310729259100F3A0
:10AE80009B8708370D996E18A6EB0906CD1AAE42BE
:10AE9000A8BF2E46002E0BDD259BC7F8009001337E
:10AEA0003244072B7E602692259300F3D387083720
:10AEB000002EA8BFAD1B002D7FF737ABB949259BEE
:10AEC0000F91102D40F31184A146DDF81C8010264F
:10AED0000C4604E00837103D102D40F30584013383
:10AEE0001032072BC7E90046CDE92532F2DD24AA4E
:10AEF0004146504601F0DCF900287FF4A9AEDDE9B7
:10AF0000253227AFE7E72599102E404640F36187A9
:10AF10000F943A46A846079CA34D1F4604E0103EF6
:10AF2000102E02F1080216DD01311030102307291E
:10AF3000CDE9251015605360F1DD24AA2146504665
:10AF400001F0B6F900287FF483AE103E102EDDE943
:10AF5000251027AAE8DC3B460F9C17462A464546A3
:10AF6000904601F1010C3218BCF1070FCDE925C262
:10AF7000C7F800807E6000F336839DF85F100837C5
:10AF8000002940F0F880002B3FF4B9AA0B46FFF7E8
:10AF9000A5BA1BF0010F7FF498AE0120072BCDE975
:10AFA00025323D6078607FF7B8AE079924AA5046F5
:10AFB00001F07EF900287FF44BAEDDE9253227A9A8
:10AFC000ABE60D9801287FF7A8AE112875480F90C1
:10AFD00040F3B783A046079F1025044604E00831DC
:10AFE000103E102E40F3AC8301331032072BC1E921
:10AFF0000045CDE92532F2DD24AA3946504601F05C
:10B0000057F900287FF424AEDDE9253227A9E7E7C8
:10B01000079924AA504601F04BF900287FF418AE96
:10B02000269A27AFFFF771BA2D238DF85F30049B66
:10B03000764268EB4808002BFFF643AD0A2E78F104
:10B0400000032BF0800BFFF441AD0294CDF8289063
:10B0500050A9DDF8509008974FF0000C0BF4806475
:10B0600026E016EB0803514843F10003A0FB032040
:10B0700020F0030202EB90029B1AF31A4B484FF0A8
:10B08000CC32B646474602FB03F268F1000800FBEB
:10B090000822A3FB0063BEF10A0F13444FEA5606D1
:10B0A00077F10007294646EAC3764FEA53082DD3C5
:10B0B0003E4D16EB080343F10003A5FB032020F0EF
:10B0C000030202EB90029B1AF31AA3FB053268F10C
:10B0D000000005FB00225B0843EAC27303EB830315
:10B0E000A6EB430330330CF1010C01F8013C4D1E7B
:10B0F000002CB6D099F800306345B2D1BCF1FF0FF7
:10B10000AFD00A2E78F1000380F0B3830499029C3B
:10B11000CDF8509050AB5A1B9142B8BF1146DDF8A4
:10B120002890089F9DF85F30CDF834C00A920291B4
:10B13000DAE4079924AA504601F0BAF800287FF40F
:10B1400087ADDDE9253227A9C7E5079924AA50462E
:10B1500001F0AEF800287FF47BADDDE9253227A9A8
:10B16000C7E51BF0010F3FF4E0A9FFF70FBB099300
:10B170002378FFF7CFB81E460023FFF79EB9099A40
:10B180000432099909920E684FEAE6789B464346D5
:10B1900085E4099B1A1D099B09921B680021FFF792
:10B1A000D9BB00BFCC220020FC1D0020CDCCCCCCD4
:10B1B000099A1BF0100052F8043B41F057801BF035
:10B1C000400100F0A8818DF85F009BB204994FF018
:10B1D000000841451E46C0F2A9812BF0800B002BD0
:10B1E00040F0A481049B0992002B3FF43CAC002664
:10B1F0006CE45846FFF7A5BB5B4646E4B5EEC08B52
:10B20000F1EE10FA2BF0800B00F11E839DF85F30F9
:10B21000B9F1470FCCBFA44DA44D002B40F052878D
:10B220000322CDE90B3308930A9204930E93029202
:10B23000FFF737B91BF0100F40F07C821BF0400F76
:10B2400040F0A7831BF4007F00F07482099A0599EF
:10B25000126811706BE4964E1BF0200F00F07D8198
:10B26000099B073323F007031A46586852F8083B36
:10B2700009921BF0010140F05C81049A8DF85F1087
:10B28000002AC0F28B8153EA00022BF4906B00F08D
:10B29000948103F00F02B25C8DF83F211B0943EA51
:10B2A0000073020953EA10100DF23F150BD003F0A2
:10B2B0000F001B09305C05F8010D43EA0273120907
:10B2C00053EA0200F3D1049A50AB4FF0000E5B1B1F
:10B2D0009A42CDE90BEEB8BF1A460A930292CDF816
:10B2E00020E0CDF838E000293FF4DBA8029BDDE93F
:10B2F00025C2023302931BF084039046614604D1B9
:10B30000069E0298361A002E06DCBEF1000F3FF4AE
:10B31000E5A80226FFF7D1B80223F5E5654E9BE7C5
:10B320004BF0020B0992634E03F00F020221B25C54
:10B330004FF07809B0E7099B1B688DF8DC300123DA
:10B3400002930A9337ADFFF7A6B9079924AA50468E
:10B3500000F0AEFF00287FF47BAC269A27AFFFF702
:10B3600022BA049B0895062B28BF062302930A9352
:10B370002B460495CDE90B334F4DCDF824800E9329
:10B38000FFF78FB840215046FDF72AF8079B186059
:10B390001861002800F06087079A40235361FEF788
:10B3A00083BF102E259B40F32E874448DDF81C8078
:10B3B0000F9039464FF01009074604E00831103E5F
:10B3C000102E40F32B8201331032072BC1E9007994
:10B3D000CDE92532F2DD24AA4146504600F068FF4F
:10B3E00000287FF435ACDDE9253227A9E7E70D9B7E
:10B3F000DDF83880CDF83CB0EB1804930C9BDDF8F9
:10B400001CB00B94002B4E463946DDF85090159F2A
:10B410000E9531DDB8F1000F40F32B8108F1FF38B4
:10B420002598139B01303A440728C1E9003726923A
:10B43000259000F39F800831049B99F800009D1B24
:10B440008542A8BF0546002D0CDD259801302A4411
:10B450000728C1E900652692259000F35E8199F8DE
:10B4600000000831002DACBF441B0446002C14DC46
:10B4700006440C9B002BCDDCB8F1000FCEDCDDE9DF
:10B480000D35EB189E42CDF850900B9CDDF83CB08A
:10B49000B1460F4628BF9946DFE4102C2598074B8C
:10B4A0002BDD10250A9310E0F40F0020B0100020CF
:10B4B000CC100020B8100020E0100020CC2200208A
:10B4C000103C102C01F1080116DD0130AE4B10329A
:10B4D0000728C1E90035CDE92502F1DD24AA594646
:10B4E000504600F0E5FE00287FF4B2AB103C102C73
:10B4F000DDE9250227A9E8DC0A9B0B600130224424
:10B500000728CDE925024C6000F3588399F8000024
:10B5100008310644ADE71BF4007840F0328204990C
:10B520008DF85F8000291E46BFF657AE0992FFF7DF
:10B53000C8BA53EA000237D030228DF860200022CA
:10B540008DF85F20049A8DF86190002A23DB2BF49C
:10B55000906242F0020B02219BE6099A1BF0100F49
:10B5600052F8043B099214D11BF0400F0DD09BB24E
:10B5700000207EE624AA5946504600F099FE002895
:10B580007FF466AB269A27A956E71BF4007F40F0AC
:10B59000F58100206DE64BF0020B022103F00F0253
:10B5A0002BF4806BB25C77E6049B00218B428DF814
:10B5B0005F10C0F241812BF4906B049A002A00F0D6
:10B5C000CB80012A33788DF83F31B8BF01220023A8
:10B5D00002920122CDE90B3308930A920E930DF2E9
:10B5E0003F15FEF75EBF07990F9324AA504600F05F
:10B5F0005FFE00287FF42CAB9DF85F10269A0F9B0E
:10B60000002900F0AC801E46DDF894C0034627AF49
:10B61000FEF753BF259B5D4939600133013201219B
:10B62000072B26922593796000F37C810837002848
:10B630007FF41CAB0D990BF001030B433EF475AF87
:10B64000109B11991A44C7E90013259B26920133D8
:10B65000072B259300F31C8207F10801FFF717BBA6
:10B66000049B0A93CDE90B330E93089350ADFEF77C
:10B6700018BF0C9B013B09F1FF390C93D0E60799E9
:10B6800024AA504600F014FE00287FF4E1AA269A6E
:10B6900027AFFFF776B80822002122A81B95FDF7F7
:10B6A0008DFD049B002B7DDB00260294CDF82080CD
:10B6B000344698460EE037A9504601F06DFF411C14
:10B6C000204400F09484404509DC06F1040600F0B3
:10B6D000008504461B9A925922AB002AEBD10A94AA
:10B6E000DDF82080029C6AE04C4601330F993960F6
:10B6F0002A44072B7D60CDE925327EF715AFFFF791
:10B70000CFBA079924AA504600F0D2FD00287FF452
:10B710009FAA269A27AFFEF7F2BE24AA59465046A2
:10B7200000F0C6FD00287FF493AA99F80000269A3D
:10B7300027A997E6099A059912681160FFF7F7B9EA
:10B74000444601330F9808603244072BCDE9253277
:10B750004E607FF7E1AA28E4049BFFF784B9002B31
:10B7600000F00981DDF894C00B4627AFFEF7B6BEA6
:10B770001BF4007F16BF46F3C0184FEAE67876B296
:10B780004346FFF78CB900BFCC220020740A00208A
:10B790001BF4007100F0F980DBB2099258460021D9
:10B7A000FFF7D8B822AB009300231BAA19465046D6
:10B7B00001F01AFF0A90013000F019841B950A9BD2
:10B7C000002B00F09F80632B00F34C810023089333
:10B7D00037AD0822002122A8FDF7F0FC0A9E22AB1B
:10B7E00000931BAA33462946504601F0FDFE8642CF
:10B7F00040F042850A9A0023AB5422EAE272029298
:10B800009DF85F20049312B1029A01320292CDE9B1
:10B810000B33CDF824800E93FEF743BE0F46013361
:10B820000F9939603244072BCDE925327E6000F351
:10B8300023810837FFF70ABB33788DF83F312BF4AB
:10B84000806B0DF23F153EE52D238DF85F30B9F189
:10B85000470F4FF000030893049340F3E680032260
:10B86000964D0A92CDE90B330E9304230293FEF713
:10B8700018BE159A1399AD1A2846FDF71FFD99F8C1
:10B8800001300BB109F101098D4A16EB080343F1B0
:10B890000003A2FB030727F0030000EB97001B1A2D
:10B8A000F31A4FF0CC3168F1000803FB01F102FB01
:10B8B0000811A3FB023001445B0843EAC1764FEA5A
:10B8C000510816EB080343F10003A2FB031020F01C
:10B8D000030101EB90015B1AF31AA3FB023168F13B
:10B8E00000005B0802FB001243EAC27303EB830310
:10B8F000A6EB4303303305F8013C4FF0010C013D4A
:10B90000FFF7F8BB9DF85F30CDF82480003B18BFEF
:10B91000012302930A9B0493CDE90B330E93089302
:10B92000FEF7BFBD079924AA504600F0C1FC0028CD
:10B930007FF48EA91998269A27AF78E69DF85F3094
:10B9400002920A9250ADFFF7CFB8049B0992CDE95D
:10B950000A330E930C93029350AD4FF078099E4634
:10B960000893C3E46E18A6EB0906CD1AAE42A8BF31
:10B970002E46FFF79DBA27AFFEF7C1BDDBB2002010
:10B9800077E48DF85F10DBB220E409925846FEF7A9
:10B99000E1BF099A059912681180FFF7C8B822AB78
:10B9A00001931BAB0093B0EE470B049A19AB022135
:10B9B00050468DED027B00F0D9FE9DED027B0546E1
:10B9C0001BF0010F40F05582229B5A1B199B0D92D0
:10B9D000D81C0B93C0F2018204999942C0F20B81EA
:10B9E0009A4200F392820B9B0A931BF4806F03D060
:10B9F0000B9B002B00F32D830A9B23EAE373C346C2
:10BA000002934FF0670900230E930C930BF0020191
:10BA1000002E00F0CA804FF02D0E8DF85FE0029BE3
:10BA200001330293002304935DE40322254D0A921F
:10BA300018E72846FDF7F2FD9DF85F300A9020EAEE
:10BA4000E0720292002B3EF40CAFFEF708BF079C99
:10BA500024AA2146504600F02BFCA38903F04003A2
:10BA6000FEF7F6BC591C5046FCF7BAFC0546002808
:10BA700000F0F6830890ACE6079924AA504600F03F
:10BA800017FC00287FF4E4A8269A27AFFFF7DEB959
:10BA9000079924AA504600F00BFC00287FF4D8A890
:10BAA000DDE92532199827A9FFF7EEB8002308939E
:10BAB000062304934BF48078FEF787BDF40F002033
:10BAC000CDCCCCCCB0100020049B01330D930221CF
:10BAD00022AB01931BAB0093B0EE470B19AB0D9A51
:10BAE00050468DED027B00F041FE0D9B29F0200CAD
:10BAF000BCF1460F9DED027B054600EB030100F013
:10BB00009880B5EE407BF1EE10FA00F0D882229BCF
:10BB1000994288BF4FF0450C40F2CF8230205A1C2A
:10BB200022921870229B8B42F9D35B1B0D93BCF1C0
:10BB3000470F199B0B9356D0BCF1460F00F08F8036
:10BB40000B9B8DF87090013B002B1993C0F24C8138
:10BB50002B22092B8DF8712000F34F8130228DF8B4
:10BB600072200DF17302303302F8013B1CABD31A83
:10BB700012930D9B129A012B1A440A9240F34182B0
:10BB80000A9B109A13440A930A9A2BF4806343F495
:10BB9000807B22EAE2720023CDE90B330E930292FE
:10BBA00034E7049B0D93032192E79DF85FE0BEF11B
:10BBB000000F7FF434AF0496FFF795BB24AA5946D3
:10BBC000504600F075FB00287FF442A899F8000069
:10BBD000269A27A906444CE4199B0B934B1BBCF1F6
:10BBE000470F0D933BD10B9B0333C0F2F680049BB0
:10BBF0000B9A93420FDA0B9B013BA9F10209002B30
:10BC00008DF870901993A3DA0B9B2D22C3F10103D9
:10BC10008DF87120A2E70D9B0B9A934200F375817A
:10BC20001BF0010F0B9B00F0B282109A13440A9391
:10BC3000DBE62B78302B00F06182199B1944B5EEBE
:10BC4000407BF1EE10FAC7D0229B8B42FFF466AF27
:10BC50005B1B0D93BCF1470F199B0B93C3D00B9942
:10BC6000049A0BF00103002943EA020340F3CF8258
:10BC7000002B40F01A820B9B0A934FF066091BF4CD
:10BC8000806F40F0E8810A9B23EAE373C346029386
:10BC9000B9E647F63003ADF86030049B632B4BF0F8
:10BCA000020B00F35C8118EE903A002BC0F23B814E
:10BCB000B0EE480B19A800F061FCB4EE007B20EE5A
:10BCC000077BB5EE407BF1EE10FA40F04082012395
:10BCD0000026199337AD0896AE480499B3EE004B91
:10BCE0002B4606E0B5EE407BF1EE10FA00F00F8235
:10BCF000114627EE047BFDEEC76B4A1E16EE90CA76
:10BD000010F80CE0B8EEE65B9C4637EE457B03F896
:10BD100001EB0029E6D1B6EE005BB4EEC57BF1EE97
:10BD200010FA08DCB4EE457BF1EE10FA1ED116EEE7
:10BD3000902AD2071AD5CDF888C013F8011C90F8C4
:10BD40000FC08C451A460AD14FF0300E02F801ECB4
:10BD5000229A511E229112F8011C6145F6D0392910
:10BD600016BF0131817AC9B202F8011C199A5B1B16
:10BD70000D93B9F1610F02F1FF33199300F01F82A7
:10BD800050214FF04109002B8DF87010C0F20E8247
:10BD90002B22092B8DF871202FDC0DF17202E2E6C7
:10BDA000079924AA504600F083FA00287EF450AF89
:10BDB000269A27AFFFF741B8079924AA504600F00A
:10BDC00077FA00287EF444AF199B269A27AFFFF735
:10BDD00059B8DFF8CC81FFF7C4B80B9BA9F1020971
:10BDE000013B8DF8709019930B9A2D238DF87130CB
:10BDF000C2F101030832BFF6B1AE0DF17F0CDFF8DE
:10BE0000A4E162461046AEFB0312D20802EB8201A7
:10BE1000A3EB41013031632B00F8011C134600F104
:10BE2000FF32EFDC303302F8013C831E634580F0C3
:10BE3000C8810DF1710213F8011B02F8011F63455F
:10BE4000F9D103F5A0736B44CC3B1B1A1CAA9B1AB7
:10BE500012938EE6079924AA504600F029FA00288A
:10BE60007EF4F6AE199D0D9B269A5D1B27AFFFF75A
:10BE70001FB8049B4FF0470CE918E0E600230C467E
:10BE80000493FEF749BA45F63003ADF86030049BE1
:10BE9000632B4BF0020B62DC18EE903A002B42DB76
:10BEA000B0EE480B19A800F069FBB4EE007B20EE61
:10BEB000077BB5EE407BF1EE10FA01D10123199317
:10BEC00000263548089637AD07E74642103033481C
:10BED0000F9052DA1027804603E00831103E102EF2
:10BEE0004BDD01331032072BC1E90087CDE9253244
:10BEF000F3DD079924AA504600F0DAF900287EF411
:10BF0000A7AEDDE9253227A9E8E70D9B109A9A181C
:10BF10000B9B0A92002B79DD4FF06709AFE6DFF843
:10BF20008080FEF74BBF0023089337AD2D26B1EE7E
:10BF3000487BB0EE470B19A800F020FBB4EE007B65
:10BF400020EE077BB5EE407BF1EE10FA04BF012333
:10BF50001993B9F1610F3FF4BFAE0F48BDE6049BE2
:10BF60005046591CFCF73CFA0546002800F03D817C
:10BF700008904BF48078FEF728BB01330F980860D7
:10BF80003244072BCDE925324E6000F3028108319F
:10BF9000FEF77DBEB8100020CC100020CC2200207F
:10BFA000FC1D0020CDCCCCCC049A002A00F0D4801B
:10BFB000002BC0F22481B0EE487B002622AB019317
:10BFC0001BAB0093B0EE470B19AB049A022150460D
:10BFD0008DED027B00F0CAFB00239DED027B054640
:10BFE0000893EDE42D26B1EE487BFEF7F6BA079BE9
:10BFF0009B890022089243F04003079A9381FEF741
:10C0000027BE1BF0010F3FF4BFADB9E5C3F101033B
:10C010001A4422EAE273C3460A9202934FF0670978
:10C02000F1E418EE903A13F000432BF0800B0B93E1
:10C0300000F09A802D238DF85F30B9F1470F4FF053
:10C0400000030893049340F3F8800322944D0A926E
:10C0500008E44FF0670914990B78FF2B00F0F88083
:10C0600000200B9A0E90844603E001300131FF2B33
:10C0700009D0934207DAD21A4B78002BF5D10B780E
:10C080000CF1010CF3E7CDE90B201491CDF838C089
:10C090000C9A0E9B159913440A9A01FB03230A93E9
:10C0A00023EAE373C3460293B0E4109B02EB010959
:10C0B0004B440A934FF06609E1E55B1B0D93199B16
:10C0C0000B933DE50023032208930A920493FFF7A4
:10C0D000C9BB049B029CDDF820800A93FFF76FBB6D
:10C0E000CDF824801BB3049B0A935A1C029204903F
:10C0F0000E900C904FF07309FEF7D3B9B5EE407B6C
:10C10000F1EE10FA1ED1199B0B93194466E5002A33
:10C110000491FFF62BAE0499302001EB030C194675
:10C1200001F8010B6145FBD11A44531C1EE6049B28
:10C130000A930293089B0E930C9304934FF0730998
:10C14000FEF7AFB90D9BC3F10103199376E5002605
:10C150005448089637ADC0E5934273DBB0EE487B98
:10C160000123049E049329E79DF85F30B9F1470F3E
:10C17000CCBF4B4D4C4D002B40F0868003220493E6
:10C180000A920E930C9308930292FEF78AB90A93CF
:10C190002BE4079924AA504600F08AF800287EF480
:10C1A00057ADDDE9253227A9FEF771BD2D238DF8A6
:10C1B0007130C2F101030832FFF61FAEEDE57021C8
:10C1C000E1E502231293D4E4CDE90B3308930E93F7
:10C1D000FEF767B9099A63780C4652F8041B099276
:10C1E00041EAE1710491FEF795B8079A938943F00B
:10C1F000400393814FF0FF330593FEF72CB92D26B2
:10C20000B1EE487BDAE629490F91FFF708BBC34638
:10C2100033B9012302934FF066090A93FFF7F3BB8A
:10C22000109B03F10109049B4B440A9323EAE37337
:10C2300002934FF06609FFF7E6BB03221A4D0A92FC
:10C24000FFF710BB01232D260493B1EE487BB5E622
:10C2500000230E930C931BE70C23CAF80030C9E7A8
:10C26000079B08909B8943F04003C6E65946FEF7BA
:10C27000C2BB5846FEF78FBF079B9B8943F0400324
:10C28000BBE65B46FEF77DBF002304930E930C9341
:10C29000089303230A9304230293FEF702B900BF15
:10C2A000F00F0020B8100020B4100020CC22002095
:10C2B0002DE9F0411546926802B32C68074688467E
:10C2C000083401E00834C9B16B68581E002B1146D0
:10C2D000686013DD54F8046C002EF3D0334654F834
:10C2E000082C4146384602F015FB431C07D0AA68CB
:10C2F000921B1146AA6008340029E5D100200023D2
:10C30000C5E90133BDE8F08170B5002941D006468A
:10C310000C4610B1436B002B3ED0FCF7ABFD636EB7
:10C32000B4F90C20DD0730D4900538D521463046CD
:10C3300000F04CF8E36A054633B1E16930469847AE
:10C340000028B8BF4FF0FF35A3891A0639D4216BF6
:10C3500041B104F14003994202D03046FDF762FA40
:10C3600000232363616C21B13046FDF75BFA0023A3
:10C370006364636E0022DB07A2811ED5A06DFDF70A
:10C380006DF8FCF77DFD284670BD002ACED1FCF784
:10C3900077FD0025284670BDFCF74EFDBDE7A06D7A
:10C3A000FDF75EF8B4F90C30002BBFD1636ED907EE
:10C3B000EDD4A06DFDF756F8E9E7A06DFDF752F852
:10C3C000DCE721693046FDF72DFAC0E7B1F90C2012
:10C3D0002DE9F041804610070C4650D4496842F4DC
:10C3E00000630029A38164DDA66A002E44D00021E9
:10C3F00012F48052D8F80050C8F8001065D1E169F5
:10C4000001234046B047411C02466CD0B4F90C30C1
:10C41000A66A5B0705D56368D21A236B0BB1E36B81
:10C42000D21A0023E1694046B047471CB4F90C30EA
:10C430004DD1D8F800101D2940D8304ACA40D6073F
:10C440003CD52269226023F40062A281D9044FF016
:10C450000002626003D5D8F80030002B41D0216B78
:10C46000C8F8005041B104F14003994202D040465F
:10C47000FDF7D8F9002323630020BDE8F0810E69A1
:10C48000002EF9D00D680E6092070CBF4B69002397
:10C49000AD1B8B600AE02B463246E169676A404675
:10C4A000B8470028A5EB0005064406DD002DF2DCA8
:10C4B000E2E7E16B002997DCDEE7A38943F0400364
:10C4C000A3814FF0FF30BDE8F081226DA1E7226922
:10C4D000226023F40062A281DB044FF0000262605C
:10C4E000BDD52065BBE7D8F80030002B8ED01D2BC2
:10C4F00001D0162BE1D1C8F80050BDE70100402063
:10C5000000B5034683B008B1426B52B3B1F90C00D9
:10C5100098B14A6ED20701D4820512D5184600910F
:10C52000FFF754FF00994A6E0346D00702D48A8968
:10C5300092050ED5184603B000BD0346184603B059
:10C5400000BD886D01930091FCF78AFFDDE90013BF
:10C55000E4E7886D0093FCF785FF009B184603B065
:10C5600000BDCDE90001FCF767FCDDE90031CDE756
:10C57000004870472C2D0020000000004DF804BD3D
:10C5800083B08DED000B019ADFF870C022F00043FC
:10C5900000216345016025D8DDF800C053EA0C0C8A
:10C5A00020D0DFF85CC002EA0C0CBCF1000F0AD10D
:10C5B0009FED107B20EE077B8DED007B019A6FF0E5
:10C5C000350122F00043DDE900BC6FF31E5242F05A
:10C5D0007F5C1B154CF4001CA3F2FE33CDE900BCBC
:10C5E0000B4403609DED000B03B05DF804BB704786
:10C5F000AFF300800000000000005043FFFFEF7F1A
:10C600000000F07F00B50B4C2468864685B0E068DA
:10C610009C460C4652B108490094CDE9011273467C
:10C620000649624600F0ECFFF9F7BCFC04490A46F3
:10C63000F2E700BFBC2D0020E8100020F810002019
:10C64000D80D00202DE9F04F03690C69A34283B097
:10C65000C0F28880013C01F1140500F1140855F87E
:10C66000243058F82420013308EB84069A420096BF
:10C670004FEA840B05EB8407B2FBF3F63AD30023B1
:10C680000191C64629469C4651F8042BDEF80090DD
:10C690001FFA82FA06FB0A334FEA134A120C06FB12
:10C6A00002A29BB21FFA89FAAAEB030363441FFAA2
:10C6B00082FCCCEB234C0CEB194C9BB243EA0C43B1
:10C6C0008F424EF8043B4FEA2C4C4FEA1243DBD228
:10C6D00058F80B3001996BB9009B043B984504D383
:10C6E00007E0984504F1FF3403D21A68043B002A9E
:10C6F000F7D004618146FDF76BFC00282EDB013684
:10C700004146002255F8040BD1F800C01FFA80FE04
:10C710001FFA8CF3A3EB0E031344020CC2EB23426B
:10C7200002EB1C429BB243EA0243AF4241F8043B96
:10C730004FEA2242E6D258F8242008EB84036AB973
:10C74000043B984504D307E0984504F1FF3403D235
:10C750001A68043B002AF7D0C9F81040304603B0ED
:10C76000BDE8F08F002003B0BDE8F08F2DE9F04F59
:10C7700093B08DED000B0491816B1C9D069257ECDC
:10C78000106B0446089341B1C26B4A600123934089
:10C790008B60FDF793F90023A363B7F10008B4BFE2
:10C7A000012300232B60A34BBCBF28F00048CDF829
:10C7B000048033EA080300F092809DED007BB5EE23
:10C7C000407BF1EE10FA0DD1089A012313601D9BF6
:10C7D00013B11D9A984B1360984B0293029813B0B3
:10C7E000BDE8F08F10AAB0EE470B11A920468DEDE1
:10C7F000027BFDF7CDFC5FEA18539DED027B109A9A
:10C80000834640F08280119B134403F23241202979
:10C8100040F3E281C1F1400108FA01F803F212414C
:10C8200026FA01F148EA010106EE101AB8EE466B4D
:10C83000013B16EE901A4FF00108A1F1F8719FED3F
:10C84000772BB7EE081B9FED775B9FED784B06EEDD
:10C85000901A03EE903A36EE416BB8EEE33BA6EE4B
:10C86000025BB0EE456BA3EE046BFDEEC65BB5EE6E
:10C87000C06BF1EE10FACDED055A00F1C0800599BC
:10C88000D21A162902F1FF3A00F2A4806C4B03EB96
:10C89000C10393ED006BB4EEC67BF1EE10FA00F12C
:10C8A000A281002A40F3C0840027CDE90A178A44F8
:10C8B00000230993049B092B3DD8052BC4BF043BDF
:10C8C0000493049BA3F10203CCBF00250125032B95
:10C8D00033D8DFE813F0FA01F701ED019201089A6D
:10C8E000C8F3130842F20F7358EA060813601BD10D
:10C8F0001D9B002B00F04286524B029308331D9A79
:10C900000298136013B0BDE8F08F17EE901AB0EEE6
:10C91000476BC1F3130141F07F51A3F2FF3341F4A0
:10C9200040114FF000088AE71D9B002B40F0618109
:10C93000454B029352E7002304930025E563294603
:10C9400020468DED067BFDF78FF89DED067B02906E
:10C95000002800F0B485119A029BA363002A75DBBE
:10C9600005990E2972DC364B03EBC10393ED003BB6
:10C9700087EE036BBDEEC66B029916EE103A3033AC
:10C9800001F8013B4FF0FF39B8EEC65BA5EE437BE3
:10C990000123B2EE044B11E087EE036BBDEEC66BD4
:10C9A000013316EE102A4B4502F13002B8EEC65B99
:10C9B00001F8012BA5EE437B00F0A38427EE047B56
:10C9C000B5EE407BF1EE10FAE6D1059B01330493FE
:10C9D0000D46ECE001230B93059BBAF1000FBABFA3
:10C9E000C2F101074FF0000A0027002B80F2F1800E
:10C9F000059BFF1A5B42099300230A935AE7B8EE9E
:10CA0000E55BB4EE465BF1EE10FA3FF438AF059902
:10CA10000139059133E700BFAFF3008061436F63D5
:10CA2000A787D23FB3C8608B288AC63FFB799F5047
:10CA30001344D33F0000F07F750A0020740A0020E1
:10CA40009006002028110020341100204FF0FF39FB
:10CA50000695CDF83090B8F1000F00F0E984DDF8CC
:10CA6000248002F23342012120469244BD18FDF792
:10CA7000EBF80646002F40F09F82099B002B00F048
:10CA80009383B8F1000F40F077835946099A204606
:10CA9000FDF7CCF901238346099301212046FDF7D8
:10CAA000D3F80A9B8046002B40F04582049B012B63
:10CAB00040F3AA820120504410F01F0000F00881CA
:10CAC0001B2800F3D582C0F11C00054407448244B2
:10CAD000002D05DD59462A462046FDF703FA834618
:10CAE000BAF1000F05DD414652462046FDF7FAF93E
:10CAF00080460B9B002B40F00082B9F1000F40F301
:10CB0000D781099B002B40F02481059B01330493BE
:10CB1000029F012507E0594600230A222046FCF720
:10CB2000D7FF0135834641465846FFF78BFD4D45FB
:10CB300000F1300A07F801ABEDDB029BB9F1000F01
:10CB400003F1010209F1FF394FF00003D8BF4FF0A4
:10CB5000000991440093594601222046FDF7C2F98D
:10CB600041468346FDF734FA002840F32083029AB9
:10CB700002E0914500F026834D4609F1FF3915F892
:10CB8000013C392BF5D0013389F80030414620466D
:10CB9000FCF794FF5EB1009B2BB1B34203D0194662
:10CBA0002046FCF78BFF31462046FCF787FF5946AD
:10CBB0002046FCF783FF00232B70089B049A1A6021
:10CBC0001D9B002B3FF40AAE02981D6013B0BDE818
:10CBD000F08F9A440A936BE6C1F1200106FA01F145
:10CBE00006EE101A22E6059B013B059300230B93EA
:10CBF000F2E6AC4B0293033381E601230D93DDE9AA
:10CC00000523134403F101094E46012E0C93B8BFCE
:10CC10000126172E40F39C84012204235B0003F1BC
:10CC20001400B042114602F10102F7D9E163204637
:10CC30008DED0E7BFCF718FF0290002800F03F847A
:10CC4000B9F10E0F9DED0E7BA06346D8002D44D0A8
:10CC50000599002940F3F182934B01F00F0203EB99
:10CC6000C203CD0593ED006B4FEA211340F18A8397
:10CC70008E4A92ED085B03F00F03032187EE054B0C
:10CC8000002B00F0FB81894A01E05B100832D807D5
:10CC900003D45B100832DE07F7D592ED005B5B1022
:10CCA00001F1010126EE056B00F0E8810832F2E7A0
:10CCB00001230D93069B002B40F38B81069E0C965F
:10CCC000B146A6E700230D9399E700230D93F1E702
:10CCD0001C20054407448244FAE6119A002AC0F257
:10CCE0004081059B0E2B00F33C816F4B059A03EBB3
:10CCF000C20393ED003B069B002B80F2ED82B9F15D
:10CD0000000F00F3E98240F08682B1EE046B23EE5F
:10CD1000066BB4EEC67BF1EE10FA494640F27C8217
:10CD2000029D312305F8013B2046FCF7C7FE059B19
:10CD3000023304933BE7314600230A222046FCF7E6
:10CD4000C7FE0C9B002B064640F3FA83DDF83090BB
:10CD50000595002F05DD31463A462046FDF7C2F81D
:10CD600006460A9B002B40F0F6823746029D6B1E5A
:10CD70004B440A93009B03F001030C934146584631
:10CD8000FFF760FC31460B9000F1300A5846FDF782
:10CD90001FF9414681463A462046FDF739F9C368F6
:10CDA0000146002B36D109905846FDF711F9099933
:10CDB00006902046FCF782FE069A002A5AD1049B70
:10CDC0001BB90C9B002B00F0A483B9F1000F43DBCF
:10CDD0000A9BA9469D4209F801AB00F0D78259464B
:10CDE00000230A222046FCF773FEBE4283463146EA
:10CDF0004FF000034FF00A02204635D0FCF768FEE2
:10CE00003946064600230A222046FCF761FE4D46BD
:10CE10000746B3E72046FCF751FEB9F1000F08DBE7
:10CE2000009B03F00102049B49EA030952EA09024C
:10CE30002ED1594601222046FDF754F8414683463B
:10CE4000FDF7C6F8002840F34183BAF1390F00F02E
:10CE500024830B9B03F1310A05F801AB059B009677
:10CE6000013304933E4691E6FCF732FE4D460646FA
:10CE7000074683E7B9F1000FC0F28483049B49EAB7
:10CE800003090C9B53EA090900F07C83002A9FDD0B
:10CE9000BAF1390F00F001830AF1010305F8013BF3
:10CEA000DCE700BF34110020900600206806002057
:10CEB000049B022B7FF725AEB9F1000F40F00082F2
:10CEC00041464B4605222046FCF702FE01468046BD
:10CED0005846FDF77DF8484540F3F281029D312325
:10CEE00005F8013B41462046FCF7E8FD059B02336F
:10CEF0000493002E7FF457AE59E641465846FDF79D
:10CF000067F80028BFF6F9AD594600230A222046EB
:10CF1000059DFCF7DDFD099B013D8346002B7FF459
:10CF20000AAF0C9B002B40F3FE82059BDDF830908E
:10CF300004930595ECE51A4601462046FCF776FF7A
:10CF4000049B012B804640F3F98100230A93D8F813
:10CF5000103008EB83031869FCF70CFEC0F12000C9
:10CF6000A9E50D9B73B9002F67D1099B002B74D1E4
:10CF70001D461E4691E5119A002A03DB05990E29EC
:10CF80007FF7B4AE049B012B7FF765AD099B09F1D8
:10CF9000FF384345C0F27781B9F1000FA3EB0808D1
:10CFA00080F2BE82A7EB0903012120460D93FCF716
:10CFB0004BFE3D460D9F0646BAF1000F7FF75DAD73
:10CFC00057453B46A8BF5346ED1AFF1AAAEB030A82
:10CFD00053E50021E16320468DED067BFCF744FD1F
:10CFE0009DED067B0290002800F06982029BA363FE
:10CFF000002D40F09F81119AAA42C0F27C82012349
:10D000000C93994606936CE6009B002B7FF452AD7F
:10D01000019BC3F31303002B7FF44CAD019B23F062
:10D0200000431B0D1B05002B3FF444AD01230135CC
:10D030000AF1010A0A9318463DE5BAF1000F00F023
:10D04000FE8157453B46099EA8BF5346FD1AAAEBF1
:10D05000030A2F46002E3FF420AD5946099A204678
:10D06000FCF7E4FE0023834609933D461E4614E583
:10D070001C283FF42DADC0F13C002AE684EE065B8F
:10D080000B9B3BB1B7EE006BB4EEC65BF1EE10FA52
:10D0900000F1E081B1EE0C4B06EE901AB8EEE66BB3
:10D0A000A6EE054B14EE901A53EC142BA1F150731D
:10D0B000B9F1000F00F09B80DDF814C0484643EC46
:10D0C000142BB64B029DFDEEC53B03EBC00212EDE7
:10D0D000022B13EE902A02F1300E0D9A691CB8EE65
:10D0E000E36B0E4635EE466B002A00F05B81B6EE30
:10D0F000003B83EE025B35EE445BB4EEC65BF1EEC3
:10D1000010FA85F800E000F32782B7EE001BB2EEBC
:10D11000043B002518E001358542BFF62CAF26EE12
:10D12000036B25EE035BFDEEC64B14EE902AB8EEC2
:10D13000E42B303236EE426BB4EEC56BF1EE10FAF2
:10D1400001F8012B00F1DF8131EE464BB4EEC54B07
:10D15000F1EE10FADFD5029A0CF1010C02E09142D7
:10D1600000F097810D4611F8013D392BF7D00133BE
:10D170000B70CDF810C01AE5314642462046FCF748
:10D1800055FE5A46014606462046FCF78BFD594699
:10D190000D902046FCF792FC099BDDF834B0B3EB10
:10D1A000080309937FF471AC0123099375E403D15B
:10D1B0001AF0010F7FF4DBAC4D4619F8013D302B1E
:10D1C000FAD0E3E4059B029A0233049331231370EF
:10D1D000DCE406EE901AB1EE0C4BB8EEE66BA5EE71
:10D1E000064B14EE901A53EC142BA1F1507343EC40
:10D1F000142BB1EE046B35EE466BB4EEC46BF1EE5E
:10D2000010FA00F35681B1EE444BB4EEC46BF1EE6C
:10D2100010FA7FF562AD00212046FCF74FFC069B1B
:10D22000029D5B420493C2E4059B0A939A46002345
:10D23000C2F101070B93FFF73BBB00F00781059A92
:10D24000564B524202F00F0103EBC10393ED005B1A
:10D25000131127EE055B00F07981514A022101E0AC
:10D260005B100832DD0703D45B100832D807F7D50E
:10D2700092ED006B5B1001F1010125EE065B3FF4BE
:10D28000FFAE0832F2E7099B0A9AA8EB03031A449F
:10D29000012120460A92FCF7D7FCCA4407EB090596
:10D2A0000646CDF82480002F3FF4EFAB57453B46B0
:10D2B000A8BF5346ED1AFF1AAAEB030AFFF7E5BB16
:10D2C00041462046FCF7FAFB069B029D5B42049315
:10D2D000002E7FF468AC6AE4029B5E1C87EE036B51
:10D2E000BDEEC66B029A16EE103AB9F1010F03F1CA
:10D2F0003003B8EEC65B31461370A3EE457B7FF476
:10D3000047AB37EE077BB4EEC37B059BF1EE10FA1B
:10D3100003F1010304939C4608DCB4EE437BF1EE79
:10D3200010FA05D116EE103ADB0701D5029A19E77B
:10D330000D463CE40C95A946069589E4009B002B1C
:10D340007FF403AEDDE90012C2F31303002B00F0FB
:10D35000C4800A91FBE571682046FCF785FB054611
:10D36000002800F00481336902339A0006F10C01B1
:10D370000C30F8F759FC294601222046FCF7B2FD93
:10D380000746F3E40221B0EE474B79E4059B009693
:10D3900001333E460493FFF7DEBB00BF900600203A
:10D3A00068060020029A24EE022B012882F800E091
:10D3B00014D0B2EE043B029A151826EE036BFDEE74
:10D3C000C65B15EE902A303201F8012BA942B8EE67
:10D3D000E54B36EE446BF0D1711E0144B6EE005BB6
:10D3E00032EE054BB4EEC64BF1EE10FA3FF5B3AE9C
:10D3F00035EE425BB4EEC65BF1EE10FA0DDC119A2D
:10D40000002AFFF6B0AD059A0E2A3FF7ACAD059A9B
:10D4100003EBC20393ED003B60E70D46013915F8BD
:10D42000013C302BF9D00CF101030493FFF7BFBB93
:10D43000109ADDF82480C2F13602FFF714BB099E72
:10D44000002E7FF40AAE3D46FFF727BB0221B0EE67
:10D45000475B15E6B9F1000F3FF4BBAE0C9800280E
:10D460007FF73BACB2EE043BB1EE0C4B013106EE64
:10D47000901A25EE035B059BB8EEE66BA5EE064B16
:10D4800014EE901A03F1FF3C53EC142BA1F15073EE
:10D4900015E60CF1010C31236AE6A946392309F897
:10D4A000013B059B00960133029A04933E46FFF729
:10D4B00063BB029D312305F8013B002134E4334B6B
:10D4C0003348002240F2AF11FFF79CF87FF4C4AC60
:10D4D0001AF0010F7FF4B9ACBEE4019B23F00043C6
:10D4E0001B0D1B05002B3FF431AD012301350AF163
:10D4F000010A0A932BE50D9B002B33D101230C93DA
:10D50000994606932FE50CF1010304930D46FFF7AE
:10D510004EBBBAF1390FC0D091453FF79AAC9BE4AE
:10D520004A46FFF7A0BA049A022A05DC059A04923B
:10D5300099460595FFF7ECBA0595DDF83090BBE408
:10D54000049A0595022AF8DC994602E4022197E53F
:10D550000021E163FFF76BBB0CF1010304930D465F
:10D56000FFF725BB0D9B069399460C930EE5074BE1
:10D5700007482A4640F2EF21FFF744F8054B029393
:10D58000FFF72CB9002A3FF754AC65E440100020A7
:10D59000381100202811002030B5044687B05BB157
:10D5A00010480193D0F8C85171B12046A847421CD9
:10D5B000019B10D007B030BD00F58273094801937C
:10D5C000D0F8C8510029F0D10A46204603A9A8473F
:10D5D000421C019BEED100218A221960226007B013
:10D5E00030BD00BF542B002010B582B0049CCDE9A3
:10D5F00000344FF0FF3301F055FC02B010BD00BF06
:10D600000EB400B582B003ABDFF81CC053F8042B96
:10D6100001930146DCF8000000F008F802B05DF864
:10D6200004EB03B0704700BFBC2D00202DE9F04F84
:10D63000C5B00DF1500A8346049116460021082218
:10D6400050461C460B93FBF7B9FDBBF1000F04D00D
:10D65000DBF83430002B00F04987049B5A6EB3F995
:10D660000C30D00740F14181990400F1A98504995B
:10D6700043F4005322F400528B814A66930401F173
:10D68000AE80049BB3F90C301D0740F1BD80049AB5
:10D690001269002A00F0B88003F01A020A2A00F08A
:10D6A000C2800023CDE91933CDE90E331BAADFF880
:10D6B0006C980D93189217460793B0464546D9F8D3
:10D6C000CC41FBF731FECDF800A003462A4612A953
:10D6D0005846A047002800F0C580C0F2BB80129ACF
:10D6E000252A034601D01D44E9E7B5EB08060446A8
:10D6F00040F0BC80002319468DF8433008934FF06A
:10D70000FF326B78059205F10108039108F10108D9
:10D710001946A1F120035A2B00F2F280DFE813F042
:10D72000E603F000F000DF03F000F000F000BF03BC
:10D73000F000F00007025302F00012020004F000B3
:10D74000F1035B005B005B005B005B005B005B0068
:10D750005B005B00F000F000F000F000F000F00073
:10D76000F000F000F000D8019F03F000F000F0009E
:10D77000F000F000F000F000F000F000F0001902FE
:10D78000F000F000F000AA01F000FB02F000F00051
:10D79000BA05F000F000F000F000F000F000F0003A
:10D7A000F000F000F000D8016801F000F000F00097
:10D7B000950368016D00F0008B03F0007D036A03A0
:10D7C00020036D00F000AA016A005902F000F00089
:10D7D000FB05F0006A00A1F13003002218F8011BDC
:10D7E00002EB820203EB4202A1F13003092BF5D9CF
:10D7F00008928EE798F8003088E7039B43F02003F7
:10D80000039398F8003081E7049D5846294601F0BB
:10D810005FFA002840F0F687B5F90C3003F01A02E1
:10D820000A2A7FF43EAF0499B1F90E20002AFFF6D0
:10D8300038AF4A6ED20702D49F0540F19087049911
:10D8400023463246584601F015F80790079845B030
:10D85000BDE8F08F082200215046FBF7AFFC012302
:10D860001D442CE7B5EB0806044610D01A9B334440
:10D870001A93199B0133072BC7E90086199310DC13
:10D880000837079B33440793002C7FF433AF1A9B70
:10D89000002B40F06E87049B0022B3F90C301992E4
:10D8A00018E0049918AA584601F024F878B91BAF7B
:10D8B000E7E7049918AA584601F01CF8002800F080
:10D8C0008380099B1BB109995846FBF7ABFF049B6A
:10D8D000B3F90C30049A526ED0077FD55B0600F185
:10D8E0006687079845B0BDE8F08F9F0540F1148129
:10D8F0009D047FF5BCAE90047FF5C6AE00F071BF0D
:10D900000029C4D0002301228DF8AC108DF84330DB
:10D9100009930A9205932BAD0692DDE919C0039C89
:10D9200014F084060146624626D1089B069C1C1B07
:10D93000002C00F3ED839DF8433003B300260C96D2
:10D940000132012301317B60072A0DF14303CDE948
:10D9500019213B6000F3868308370C9B63B10132C9
:10D9600011AB02313B60072A4FF00203CDE91921C8
:10D970007B6000F36B830837802E00F0EE82059BFE
:10D980000A981C1A002C00F326830A9B3D60013282
:10D990001944072ACDE919217B6000F34C8308372D
:10D9A000039B5C0705D5089B069A9C1A002C00F384
:10D9B0006583DDE9073206988242ACBF9B181B18CD
:10D9C000079300297FF475AF00231993099B1BB1BE
:10D9D00009995846FBF726FF1BAF6FE69A053FF5FE
:10D9E0007DAF049CA06DFBF73DFDB4F90C3075E7ED
:10D9F000039B980640F13C840B9B073323F00702FE
:10DA0000536852F8084B0B921E46002BC0F2388226
:10DA1000059A002A07DB039B23F08003039354EA53
:10DA2000060300F08C840A2C76F1000380F0F78066
:10DA30003034059A9DF843308DF80F41012AB8BF64
:10DA400001220692002B00F0AF83069B01330025D4
:10DA500006930123CDE909530DF20F15DDE91921D4
:10DA6000039B13F08406084694463FF45EAF002300
:10DA70000C9365E70B9E00238DF8433056F8043B6A
:10DA80000993002B00F05585532900F07284039B05
:10DA900013F0100440F06D84059A002AC0F213853B
:10DAA00009982146FBF752FD9DF84330099D002857
:10DAB00000F08B86421B0A9222EAE2720692002B49
:10DAC00000F00E850132059406920B960994C5E785
:10DAD000432903D0039BDD0640F12784082200215F
:10DAE00016A8FBF76BFB0B9A2BAD126816AB2946F9
:10DAF0005846FFF751FD0A90013000F04F860A9B0F
:10DB000023EAE37306930B9B04330B9300238DF8F6
:10DB100043300993059300E7049DA86DFBF7A0FC33
:10DB2000B5F90C306A6E99043FF5A8AD9FE50B9BE3
:10DB300053F8042B0892002A80F23D83089A0B9335
:10DB400052420892039B43F00403039398F8003079
:10DB5000DCE5039B43F010009B0640F14E830B9BDA
:10DB6000073323F007031A46596852F8083B0B9213
:10DB700000228DF84320059A002AC0F2118320F478
:10DB80009062039253EA010200F01E8344AD03F059
:10DB90000702DB0843EA4173C908303253EA010443
:10DBA000284605F8012DF2D1039B13F0010340F044
:10DBB0009E82059A099344AB5B1B9A42B8BF1A46F2
:10DBC0000A930692A9E62B238DF8433098F800308B
:10DBD0009CE503998E0600F1A48003990B9A11F03D
:10DBE000100052F8043B40F02783039911F04001E4
:10DBF00000F0CA848DF843009BB205990026B1421B
:10DC00001C4606DB039921F080010391002B00F0F4
:10DC10007B850A2C76F100030B92FFF409AF039B7E
:10DC200009970020CDF830B044A9DDF834B0069053
:10DC300003F48067CDF8288025E00690A319B54845
:10DC400043F10003A0FB032C2CF0030202EB9C0227
:10DC50009B1AE31A4FF0CC32A046B64602FB03F201
:10DC600066F1000600FB0622A3FB0043B8F10A0F91
:10DC700013444FEA54047EF1000E294644EAC3746B
:10DC80004FEA53062ED3069BA24A01330693A319EB
:10DC900043F100031046A2FB032525F0030202EB2B
:10DCA00095029B1AE31AA3FB003266F1000500FB04
:10DCB00005225B0843EAC27303EB8303A4EB43032F
:10DCC000303301F8013C4D1E002FB7D006989BF869
:10DCD00000308342B1D1FF28AFD00A2C76F1000387
:10DCE00080F0AF8405999DF84330CDF834B044AA54
:10DCF000521B9142B8BF1146DDE90978DDF830B01A
:10DD00000A920691002B00F0EE83069B01330693E6
:10DD100000230993A2E6039B43F010019B0640F108
:10DD200089820B9B073323F0070200238DF84330D1
:10DD3000059B566852F8084B0B92002BC0F2EE82FE
:10DD400021F08003039354EA06037FF46CAE059B35
:10DD5000002B40F0DE840A930693099344ADDCE582
:10DD6000059C0B990398002247F630039442ADF8C6
:10DD700044308DF8432051F8043BC0F2D28220F0A9
:10DD8000800040F002000390002B00F0E58303F0D8
:10DD90000F0461481B09045D8DF80F410B9100F0E1
:10DDA0005685022106910DF20F1503F00F011B0994
:10DDB000415C05F8011D43EA0273120953EA0201AE
:10DDC000F3D144AB5A1B059B0A929342B8BF13464A
:10DDD000069A002A00F03985DDE91921039C0233F7
:10DDE00014F0840606930846944600F0E982002366
:10DDF0000993B4E5039886063FF5B1AE03990B9AF3
:10DE0000CD0652F8043B00F114850398440640F116
:10DE1000C8839BB20B920021AAE603990B9A8C0649
:10DE200002F1040340F1F081126807991160C917EB
:10DE300051600B9342E498F800306C2B00F08F8215
:10DE4000039A42F01002039260E498F80030682BC5
:10DE500000F07B82039A42F04002039256E4039A58
:10DE6000940642F0100300F100820B9A04320B99E1
:10DE700003930C680B92E6173346002BBFF6C8AD30
:10DE80002D238DF84330059B644266EB4606002B3C
:10DE9000FFF6C9AD039B23F080030393C3E5584607
:10DEA000FEF766FB43680F931846FBF7B7FB0E902F
:10DEB00004465846FEF75CFB826898F800300D92E5
:10DEC000002C3FF423AC002A3FF420AC1278002A47
:10DED0003FF41CAC039A42F48062039216E4039B65
:10DEE00043F00103039398F800300FE49DF84320BA
:10DEF00098F80030002A7FF409AC20228DF84320E6
:10DF000004E4039B43F08003039398F80030FFF789
:10DF1000FDBB00BFCDCCCCCCB8100020542B0020D2
:10DF2000404610F8011B2A2900F07784A1F1300344
:10DF3000092B98BF002200F2178410F8011B02EB96
:10DF4000820203EB4202A1F13003092BF5D942EA28
:10DF5000E27305938046FFF7DCBB089B06981C1A0A
:10DF6000002C7FF70CAD102C40F3268438460C951E
:10DF7000AE4F049D102604E0103C102C00F1080068
:10DF800015DD01321031072AC0E90076CDE91921EB
:10DF9000F2DD18AA2946584600F0ACFC00287FF4B0
:10DFA00090AC103C102CDDE919211BA8E9DC0C9D7C
:10DFB0003B46074601322144072ACDE919213B603F
:10DFC0007C6000F3A482059B0A981C1A002C07F1C0
:10DFD00008077FF7DAAC102C40F3ED8238461026A4
:10DFE000924F04E0103C102C00F1080016DD0132C5
:10DFF0008E4B1031072AC0E90036CDE91921F1DD39
:10E00000049918AA584600F075FC00287FF459AC12
:10E01000103C102CDDE919211BA8E8DC3B46074623
:10E0200001322144072ACDE919213B607C6000F3CD
:10E03000AA800837A9E4049918AA584600F05AFCA7
:10E0400000287FF43EAC1A991BAFA9E4049918AAE2
:10E05000584600F04FFC00287FF433ACDDE919216D
:10E060001BAF89E4049918AA584600F043FC002825
:10E070007FF427ACDDE919211BAF6EE4102C199B4E
:10E0800040F381833A46049E694F102504E0103C1A
:10E09000102C02F1080215DD01331031072BC2E903
:10E0A0000075CDE91931F2DD18AA3146584600F065
:10E0B00021FC00287FF405AC103C102CDDE919315F
:10E0C0001BAAE9DC3E46174601332144072BC7E96A
:10E0D0000064CDE919317FF76CAC049918AA584651
:10E0E00000F008FC00287FF4ECAB1A9961E4302AB8
:10E0F00000F001823023059A05F8013C023844AB58
:10E100001B1A9A42B8BF1A460A9306920546EFE0D8
:10E1100000230C93102C464E624623DD3946102313
:10E120002F46049D04E0103C102C01F1080117DD7E
:10E1300001321030072AC1E90063CDE91920F2DD70
:10E1400018AA2946584600F0D5FB00287FF4B9AB41
:10E15000103C102CDDE919201BA94FF01003E7DC5F
:10E160003D460F4601322118072ACDE919213E60AC
:10E170007C6000F37A819DF843600837002E36D02A
:10E180000026FFF7DDBB049918AA584600F0B2FB41
:10E1900000287FF496ABDDE919211BAFFFF7F5BB33
:10E1A00020F480620392F1E4099301230A930DF2B3
:10E1B0000F15FFF7B2BB0B9398F80030FFF7A6BA24
:10E1C00092047FF561AAF2E2059A002A7FF4DEACA0
:10E1D00010F00102069200F0428130238DF80F31D9
:10E1E000059B0A9209930DF20F15FFF796BB0C9B46
:10E1F000002B7FF4B4ABFFF7C2BB0B9B1A1D0B9B2C
:10E200000B921B680021B3E4039AD00600F18C81C5
:10E21000039A510600F19582039A920540F1848198
:10E220000B9A07991268117003E600BFDC220020E8
:10E230000C1E00200B9B1A1D0B9B05981B680026CB
:10E24000B0428DF843601C4667DB21F080010391EA
:10E25000002B7FF4DEAC0B92002840F05A820A902B
:10E260000690099044ADFFF758BB0393FFF7C4BB7A
:10E27000039B0B9AD90652F8044B3FF5F8AD039B6C
:10E280005E0640F1768144F3C0360B9224B23346E9
:10E29000FFF7BBBBAD48039B9D0640F1B5800B9BD0
:10E2A000073323F007031A465C6852F8083B0B92C9
:10E2B000039A12F00102069240F08C808DF8432000
:10E2C000059A002AC0F2B780039A22F49062039262
:10E2D00053EA040240F0F380059A002A00F0F68128
:10E2E00003788DF80F31012306920A930DF20F1572
:10E2F000DDE91921039B13F084060846944600F0DB
:10E30000A1829DF84330002B00F0AB8200230993DB
:10E310000C93FFF715BB8E48BDE70B920391FFF7F7
:10E3200082BB40F00200039031E50B9B1B688DF827
:10E33000AC30012306930A932BADFFF7E4BB002A10
:10E3400000F0D4813024FFF774BB039B43F40073C7
:10E35000039308F1010898F80030FFF7D7B9039B41
:10E3600043F02003039308F1010898F80030FFF709
:10E37000CDB9099B13930822002116A8FAF71EFFB6
:10E38000059B002BC0F219810024069725461F46E5
:10E390000EE02BA95846FFF7FFF8411C284400F077
:10E3A000FD81B84209DC04F1040400F0088205464E
:10E3B000139A125916AB002AEBD1069F05950AE174
:10E3C000089C069B0996E41A002C7FF7C8AA022332
:10E3D0000C939FE653EA04025ED100238DF843308C
:10E3E000059B002BC0F22181039B23F490630393D0
:10E3F00000F0878103788DF80F31069B0A93059B07
:10E4000006930DF20F1573E70B9A52F8043B0B922B
:10E41000039AD40608D4520602D59BB2002447E7DB
:10E42000039A960500F18181002441E742F002023F
:10E43000039202220692039A22F48062039203F06E
:10E440000F02825C8DF80F211B0943EA0473220935
:10E4500053EA14147FF4A7AC0DF20F15B1E4059B39
:10E4600044ADCDE90933FFF758BA049918AA5846C4
:10E4700000F040FA064600287FF423AA9DF84330B6
:10E48000DDE91921002B40F089800C9B1BAF002B8C
:10E490007FF465AAFFF773BA30228DF8442000227A
:10E4A0008DF84320059A8DF84510002A039ABDDBAC
:10E4B00022F4906242F0020203920222069203F0DA
:10E4C0000F02825CBEE7099D2846FBF7A7F89DF87E
:10E4D00043300A9020EAE0720692002B7FF4F2AA01
:10E4E000099D05930B960993FFF717BA5846FAF75B
:10E4F000A3FCFFF7B2B8059A44AB5B1B9A42B8BFC6
:10E500001A460A93002306920993FFF706BA049964
:10E5100018AA584600F0EEF900287FF4D2A9DDE9E8
:10E5200019211BAFFFF72BBA0B9A079912681160DC
:10E530007FE4059B074D0B96062B28BF0623069309
:10E540000A93099B0593FFF7E8B900BFCC100020A0
:10E55000B8100020E01000200B91002C00F0DC80AF
:10E56000302301228DF80F310DF20F1523460A9248
:10E5700032E4039B0B929D054ABF44F3C016E61795
:10E5800064B23346FFF741BA039810F4007600F006
:10E59000CF808DF84310DBB2FFF72FBB1BAFFFF727
:10E5A000CFB9039810F4007100F0BB80DBB20B927E
:10E5B0000021FFF7DDBAAC4B32E516AB0093002328
:10E5C00013AA19465846FFF70FF80590013000F0DE
:10E5D000E580099B1393059B002B7CD0632B00F3F4
:10E5E000B680002309932BAD0822002116A8FAF764
:10E5F000E5FD059C16AB009313AA23462946584611
:10E60000FEF7F2FF844240F01681059900236B5417
:10E6100021EAE17206929DF84320002A40F0B5807D
:10E62000CDE90A160592FFF778B903788DF80F3116
:10E63000039B23F480630393069B0A930DF20F154B
:10E6400056E60E9A0F99AD1A2846FAF737FE9BF850
:10E6500001300BB10BF1010B844AA31943F1000304
:10E66000A2FB030C2CF0030000EB9C001B1AE31A26
:10E670004FF0CC3166F1000603FB01F102FB0611FD
:10E68000A3FB023001445B0843EAC1744E08A3199E
:10E6900043F10003A2FB031020F0030101EB900102
:10E6A0005B1AE31AA3FB023166F1000002FB0012C1
:10E6B0005B0843EAC27303EB8303A4EB43033033E9
:10E6C00005F8013C0120013DFFF701BB059B0A93C2
:10E6D00044A805460CE69DF84330099D0B96003B87
:10E6E00018BF01230693059B0A9301E69DF843306A
:10E6F0003BB1059BCDE90933012344AD0693FFF7F8
:10E70000ADB9059BFFF727BB059B0B92002B3FF490
:10E7100022AB0024FFF78CB9059B0A9344ADFFF7A9
:10E720005BBB03980B92FFF723BADBB20024BFE573
:10E7300005998DF8436000291C46BFF663AAFFF7D0
:10E7400068BA0B9A079912681180FFF772BB591CBF
:10E750005846F9F745FE054600B3099044E7886D31
:10E76000FAF780FEFFF76BB8002380460593FEF7AB
:10E77000D0BF049918AA584600F0BCF800283FF40E
:10E780008AA8FFF7A4B83A4E9EE4059A0A92069A20
:10E790000B96013206920593FFF760B90498B0F921
:10E7A0000C30426E43F04001D207818109D54FF011
:10E7B000FF330793FFF795B82B4BFFF7FBBB069F83
:10E7C00009E79905F3D4FFF70CB99BB1059B0B96AC
:10E7D0005A1C06920A9305900990FFF73FB9D70794
:10E7E000E5D4049B9B899E05E1D4049B986DFAF7C0
:10E7F00039FEDCE7059A0993CDE905320B960A92BA
:10E80000FFF78BB8049A536ED807D0D49389990533
:10E81000CDD4906DFAF726FEC9E70B9A98F801302F
:10E8200052F8041B0B9241EAE17180460591FEF714
:10E830006DBF0846E3E4049A938943F04003938153
:10E84000FFF73FB80996FFF770B8069350E5059BB0
:10E850000122012BB8BF01230DF20F150A92FFF719
:10E86000BBBA0993FFF788B8DC220020CDCCCCCC12
:10E870000C1E0020F0B50D46ADF2744D1646898988
:10E880006A6E1B92EA89ADF8162021F00201EA694E
:10E89000ADF8141009921CA96A6A02910746069104
:10E8A0000B924FF48061002218A801930491079104
:10E8B0000892FAF7D1FD3246019B02A93846FEF7CD
:10E8C000B5FE061E07DB02A93846FDF719FE002833
:10E8D00018BF4FF0FF36BDF814305B0603D5AB8987
:10E8E00043F04003AB811898FAF7B8FD30460DF2BB
:10E8F000744DF0BD936810B514461BB9184600233B
:10E90000636010BD00F068F80023A360002363601B
:10E9100010BD00BF2DE9F0438E681D46AE420B6866
:10E9200083B00C4690463AD8B1F90CC01CF4906FF5
:10E930000FD13546184641462A46FAF7ADFBA36883
:10E940009E1B2368A6602B440020236003B0BDE813
:10E95000F0834A69096902EB42025E1A02EBD27245
:10E960006B1C52103344934294BF17461F46934288
:10E9700088BF1A461CF4806F814612D01146F9F701
:10E980002FFDF0B1324621690190F7F74DF9A289C8
:10E99000019B22F4906242F08002A28105E02E46A3
:10E9A000C8E7FAF709F8034638B123613344BE1BC0
:10E9B000A660676123602E46BCE721694846FAF7E6
:10E9C00031FFA3890C2243F04003C9F800204FF027
:10E9D000FF30A381BAE700BF9368002B00F0B78037
:10E9E0002DE9F04FB1F90CC01CF0080F83B00C46B4
:10E9F000804617462DD00B695BB31CF002033E68BE
:10EA000033D04FF0000ADFF8C4B25546B9465D4531
:10EA10002B46524628BF5B464046B5B1E169676A5E
:10EA2000B847002840F38B80D9F808301B1A82447D
:10EA3000C9F80830002B79D02D1A5D452B46524677
:10EA400028BF5B464046002DE8D1D6E900A5083630
:10EA5000DDE72146404600F03BF9002874D1B4F9C7
:10EA60000CC03E681CF00203CBD11CF0010A70D12F
:10EA7000236800975546002D54D01CF4007FD4F82D
:10EA80000890184600F0AB80A945CB4600F2E48020
:10EA90001CF4906F34D021696269A3EB010902EB89
:10EAA000420202EBD27209F1010352102B4493424D
:10EAB00094BF93469B46934288BF1A461CF4806FCE
:10EAC00000F0E98011464046F9F78AFC002800F082
:10EAD000F7804A4621690190F7F7A6F8A289019BC1
:10EAE00022F4906242F08002A28103EB09002361CC
:10EAF000ABEB0903C4F814B0A3602060A946AB4691
:10EB000051465A46FAF7C8FAA2682368A2EB0902EE
:10EB1000A260009A91685B44491B2360916029B10F
:10EB2000B4F90CC0D6E900A50836A4E7002003B06C
:10EB3000BDE8F08F21464046FDF7E2FC68B3B4F92A
:10EB40000C3043F04003A3814FF0FF30EFE700208B
:10EB500070471D469A461846B946009365B300288B
:10EB600031D05246D4E904132068AA4228BF2A466D
:10EB7000884204D9A16803EB010B5A457CDC93421F
:10EB80006DDCE169009A676A4046B847B0F1000B56
:10EB9000D5DDBAEB0B0ACDD00120D9F80830A3EBB4
:10EBA0000B03C9F80830002BC0D0009BA5EB0B0568
:10EBB0005B440093002DD2D1756833460836002D92
:10EBC000FAD01B680093009F2A460A213846FAF7BC
:10EBD000BDFC002871D00130A0EB070AC1E7226913
:10EBE0009A4221D36269AA421ED86FF00043AB4219
:10EBF00028BF2B46E16993FBF2F3676A02FB03F33C
:10EC000040465246B847B0F1000998DD009A936833
:10EC1000A3EB0903A5EB09059360002B86D0B4F99B
:10EC20000CC02368CA4426E7A94528BFA946184650
:10EC30004A465146FAF730FAA2682368A2EB090265
:10EC40004B44A2602360002AE0D121464046FDF7F4
:10EC500057FC0028DAD072E7A946AB4650E7009986
:10EC60000192FAF719FA019AA3689B1AA360236824
:10EC70001344236093468CE700995A46FAF70CFA3E
:10EC800023685B44236021464046FDF739FC002899
:10EC90003FF47FAF53E74046F9F78EFE0346002866
:10ECA0007FF423AF21694046FAF7BCFDA3890C220B
:10ECB000C8F8002023F0800343E76A1C924651E71E
:10ECC0000C22B4F90C30C8F800203AE700FCFF7FB2
:10ECD00010B5354B0446186882B00B4610B1426B34
:10ECE000002A53D0B3F90C20110711D51869C8B107
:10ECF000B3F90C2012F0010126D059694FF0000C35
:10ED00004942C3F808C0996120B3002002B010BD89
:10ED1000D00640D5510723D4186942F008029A81E1
:10ED20000028E5D19A8902F42072B2F5007FDFD085
:10ED300019462046019300F0C9F8019BB3F90C2055
:10ED4000186912F00101D8D1940758BF5969996028
:10ED50000028DAD11106D9D542F040029A811FE08D
:10ED6000196B61B103F14000814206D02046019346
:10ED7000FAF758FD019BB3F90C20002119631869BB
:10ED80000021C3E9000122F02402C6E70191FAF74D
:10ED900053F8019BA6E7092142F0400221609A81C5
:10EDA0004FF0FF30B2E700BFBC2D00202DE9F04F3F
:10EDB0008BB0DDE91589149F02901C46B8F1000F55
:10EDC00057D0166801960029C34608BF4FF0FF3799
:10EDD000002588460391924606E0019B53F8040BF8
:10EDE0000193002837D06546AF423ED9002C3CD075
:10EDF000DBF800300493DBF804300593019B0298A4
:10EE00001A68D9F8C8615B4606A9B047431C33D0DD
:10EE100000EB050CBC453AD8039B013C002BDCD031
:10EE200000280DDD08F1FF32019E06A900EB020E5D
:10EE300011F8013B02F8013F7245F9D10196804477
:10EE4000019BDAF8002053F8040B01930432CAF84E
:10EE500000200028C7D10399D84609B1CAF800009C
:10EE60000022C8F800200CF1FF3528460BB0BDE8A1
:10EE7000F08F00F58678A4E7029B05468A210022E0
:10EE800028461960CBF800200BB0BDE8F08FD846BB
:10EE9000DDF810A0DDF814B02846C8E900AB0BB0CF
:10EEA000BDE8F08F00B585B0DFF81CC00698009073
:10EEB0000798019003480068CDF808C0FFF776FF77
:10EEC00005B000BDBC2D0020542B0020B1F90C2052
:10EED000930706D501F143030122C1E904320B6017
:10EEE000704730B50B46B1F90E10002999B00446B1
:10EEF00032DB02AA009300F05BF80028009B29DBBC
:10EF00004FF4806120460093039DF9F769FA009B56
:10EF1000B3F90C20002839D005F4704142F080028A
:10EF200018601861B1F5005F4FF480609A815861F4
:10EF30003AD1B3F90E100093204600F04DF8009B33
:10EF4000B3F90C2080B322F0030242F001024FF427
:10EF5000006117E0B3F90C20019312F0800F0CBF91
:10EF60004FF48061402120460091F9F739FA019B66
:10EF70000099B3F90C2048B1C3E9040142F08002C2
:10EF8000186000210A439A8119B030BD9105FBD465
:10EF900022F0030203F1430142F002020120C3E91F
:10EFA00004109A811960EFE74FF40061EAE700BFAF
:10EFB00038B5084C00230546084611462360F6F78D
:10EFC000E3FF431C00D038BD2368002BFBD02B602F
:10EFD00038BD00BF788E002038B5074C00230546A9
:10EFE00008462360F6F7D6FF431C00D038BD2368DF
:10EFF000002BFBD02B6038BD788E00205FF800F02E
:0CF000004D1D00605FF800F0A11D0060D5
:04F00C00F8B500BF94
:08F01000608CFF7F010000008D
:10F0180000000000000000000000000000000000E8
:10F0280000000000000000000000000000000000D8
:10F0380000000000000000000000000000000000C8
:10F0480000000000000000000000000000000000B8
:10F0580000000000000000000000000000000000A8
:10F068000000000000000000000000000000000098
:10F078000000000000000000000000000000000088
:10F088000000000000000000000000000000000078
:10F098000000000000000000000000000000000068
:10F0A8000000000000000000000000000000000058
:10F0B8000000000000000000000000000000000048
:10F0C8000000000000000000000000000000000038
:10F0D8000000000000000000000000000000000028
:10F0E8000000000000000000000000000000000018
:10F0F8000000000000000000000000000000000008
:10F1080000000000000000000000000000000000F7
:10F1180000000000000000000000000000000000E7
:10F1280000000000000000000000000000000000D7
:10F1380000000000000000000000000000000000C7
:10F1480000000000000000000000000000000000B7
:10F1580000000000000000000000000000000000A7
:10F168000000000000000000000000000000000097
:10F178000000000000000000000000000000000087
:10F188000000000000000000000000000000000077
:10F198000000000000000000000000000000000067
:10F1A8000000000000000000000000000000000057
:10F1B8000000000000000000000000000000000047
:10F1C8000000000000000000000000000000000037
:10F1D8000000000000000000000000000000000027
:10F1E8000000000000000000000000000000000017
:10F1F8000000000000000000000000000000000007
:10F2080000000000000000000000000000000000F6
:10F2180000000000000000000000000000000000E6
:10F2280000000000000000000000000000000000D6
:10F2380000000000000000000000000000000000C6
:10F2480000000000000000000000000000000000B6
:10F2580000000000000000000000000000000000A6
:10F268000000000000000000000000000000000096
:10F278000000000000000000000000000000000086
:10F288000000000000000000000000000000000076
:10F298000000000000000000000000000000000066
:10F2A8000000000000000000000000000000000056
:10F2B8000000000000000000000000000000000046
:10F2C8000000000000000000000000000000000036
:10F2D8000000000000000000000000000000000026
:10F2E8000000000000000000000000000000000016
:10F2F8000000000000000000000000000000000006
:10F3080000000000000000000000000000000000F5
:10F3180000000000000000000000000000000000E5
:10F3280000000000000000000000000000000000D5
:10F3380000000000000000000000000000000000C5
:10F3480000000000000000000000000000000000B5
:10F3580000000000000000000000000000000000A5
:10F368000000000000000000000000000000000095
:10F378000000000000000000000000000000000085
:10F388000000000000000000000000000000000075
:10F398000000000000000000000000000000000065
:10F3A8000000000000000000000000000000000055
:10F3B8000000000000000000000000000000000045
:10F3C8000000000000000000000000000000000035
:10F3D8000000000000000000000000000000000025
:10F3E8000000000000000000000000000000000015
:10F3F8000000000000000000000000000000000005
:10F4080000000000000000000000000000000000F4
:10F41800000000000000F03F748515D3B0D9EF3F1D
:10F428000F89F96C58B5EF3F515B12D00193EF3F4C
:10F438007B517D3CB872EF3FAAB968318754EF3FE2
:10F448003862756E7A38EF3FE1DE1FF59D1EEF3F9B
:10F4580015B7310AFE06EF3FCBA93A37A7F1EE3FC1
:10F468002234124CA6DEEE3F2D89616008CEEE3FB5
:10F47800272A36D5DABFEE3F824F9D562BB4EE3F92
:10F48800295448DD07ABEE3F85553AB07EA4EE3FE0
:10F49800CD3B7F669EA0EE3F745FECE8759FEE3F24
:10F4A8008701EB7314A1EE3F13CE4C9989A5EE3F6B
:10F4B800DBA02A42E5ACEE3FE5C5CDB037B7EE3F5D
:10F4C80090F0A38291C4EE3F5D253EB203D5EE3F96
:10F4D800ADD35A999FE8EE3F475EFBF276FFEE3FC9
:10F4E8009C5285DD9B19EF3F6990EFDC2037EF3F99
:10F4F80087A4FBDC1858EF3F5F9B7B33977CEF3F7B
:10F50800DA90A4A2AFA4EF3F40456E5B76D0EF3F00
:10F51800000000000000E8429423914BF86AAC3FD9
:10F52800F3C4FA50CEBFCE3FD6520CFF422EE63F70
:10F538000000000000003843FE822B654715474055
:10F548009423914BF86ABC3EF3C4FA50CEBF2E3FC9
:10F55800D6520CFF422E963FBEF3F879EC61F63F87
:10F56800DEAA8C80F77BD5BF3D88AF4AED71F53FA9
:10F57800DB6DC0A7F0BED2BFB010F0F03995F43FF4
:10F58800673A517FAE1ED0BF8503B8B095C9F33F27
:10F59800E92482A6D831CBBFA564880C190DF33FA6
:10F5A8005877C00A4F57C6BFA08E0B7B225EF23F2A
:10F5B80000819CC72BAAC1BF3F341A4A4ABBF13FFE
:10F5C8005E0E8CCE764EBABFBAE58AF05823F13F6C
:10F5D800CC1C615A3C97B1BFA70099413F95F03FB9
:10F5E8001E0CE138F452A2BF000000000000F03FFA
:10F5F8000000000000000000AC479AFD8C60EE3F60
:10F608008459F25DAAA5AA3FA06A021FB3A4EC3FE1
:10F61800B42E36AA535EBC3FE6FC6A573620EB3F51
:10F6280008DB2077E526C53F2DAAA163D1C2E93FB3
:10F638007047220D86C2CB3FED417803E686E83F4E
:10F64800E17EA0C88B05D13F624853F5DC67E73FF0
:10F6580009EEB6573004D43FEF39FAFE422EE63FA2
:10F668003483B848A30ED0BF6A0BE00B5B57D53F75
:10F6780023410AF2FEFFDFBF0080E03779C3414330
:10F68800176E05B5B5B89346F5F93FE9034F384D00
:10F69800321D30F94877825A3CBF737FDD4F1575AC
:10F6A800000000000000F03F0000000000002440BF
:10F6B80000000000000059400000000000408F409A
:10F6C800000000000088C34000000000006AF84005
:10F6D8000000000080842E4100000000D012634129
:10F6E8000000000084D797410000000065CDCD419F
:10F6F800000000205FA00242000000E87648374280
:10F70800000000A2941A6D42000040E59C30A2421D
:10F718000000901EC4BCD64200003426F56B0C4392
:10F728000080E03779C3414300A0D8855734764339
:10F7380000C84E676DC1AB43003D9160E458E1439A
:10F74800408CB5781DAF154450EFE2D6E41A4B440F
:10F7580092D54D06CFF08044F64AE1C7022DB54454
:10F76800B49DD9794378EA44BEF3F879EC61F63F61
:10F778001930965BC6FEDEBF3D88AF4AED71F53F96
:10F78800A4FCD432680BDBBFB010F0F03995F43F1D
:10F798007BB71F0A8B41D7BF8503B8B095C9F33F24
:10F7A8007BCF6D1AE99DD3BFA564880C190DF33F73
:10F7B80031B6F2F39B1DD0BFA08E0B7B225EF23FC9
:10F7C800F07A3B1B1D7CC9BF3F341A4A4ABBF13F44
:10F7D8009F3CAF93E3F9C2BFBAE58AF05823F13FE3
:10F7E8005C8D78BFCB60B9BFA70099413F95F03FCA
:10F7F800CE5F47B69D6FAABF000000000000F03F33
:10F808000000000000000000AC479AFD8C60EE3F4D
:10F818003DF5249FCA38B33FA06A021FB3A4EC3F4A
:10F82800BA913854A976C43FE6FC6A573620EB3FB4
:10F83800D2E4C44A0B84CE3F2DAAA163D1C2E93FCA
:10F848001C65C6F04506D43FED417803E686E83FDF
:10F85800F89F1B2C9C8ED83F624853F5DC67E73F26
:10F86800CC7BB14EA4E0DC3F0B6E49C91676D23F83
:10F878007AC675A06919D7BFDDBAA76C0AC7DE3F7B
:10F88800C8F6BE484715E7BF2BB82A654715F73FA6
:10F89800000000000000F03F000000000000F0BF82
:10F8A800000000000000F0BF000000000000F03F72
:10F8B80083C8C96D305F6441182D4454FB21F93F5A
:10F8C800000000000000F03F1C620CFDFFFFDFBFDE
:10F8D800198F06E15355A53F9D359AE887C056BF55
:10F8E800C3F87B024393F93E03A695595455C5BF07
:10F8F800C40B23057610813F24CF7437EB9429BFBE
:10F90800000000000000F03F000000000000F0BF11
:10F91800000000000000F0BF000000000000F03F01
:10F9280083C8C96D305F6441182D4454FB21F93FE9
:10F93800000000000000F0BF1C620CFDFFFFDF3F6D
:10F94800198F06E15355A5BF9D359AE887C0563FE4
:10F95800C3F87B024393F9BE03A695595455C5BF16
:10F96800C40B23057610813F24CF7437EB9429BF4D
:10F97800400B0020500B0020600B00205C8F002003
:10F98800608F0020648F0020688F00206C8F00201B
:10F9980000000000000000000000FF27100032FFF8
:10F9A80027100032FF27100032FF27100032000016
:10F9B800000000000000000000000000000000003F
:10F9C8000040004000400000E73BE73BE73B000009
:10F9D800200C00202C0C0020380C0020440C0020A7
:10F9E800500C00200000000001000000030000008F
:10F9F80002000000000000004D494D0076322E3113
:10FA0800342E302D616C706861000000477261709F
:10FA18006820726561647900252B35642070782F21
:10FA280073000000253564206D73000025352E31E4
:10FA3800662025250000000025352E316620487AED
:10FA480000000000253564202525000025356C754B
:10FA5800206D73002D2D2D00582D537065656400A1
:10FA6800592D5370656564002B2F2D256420205473
:10FA78003D256C756D7300002B2564002030000057
:10FA88002D25640030000000256C75206D73000082
:10FA980045313A70616765202045323A656469747A
:10FAA80000000000765825643A252B3564000000D4
:10FAB800765925643A252B356400000025372E3306
:10FAC8006600000025362E326620257300000000EF
:10FAD8005752205741524E005341564544000000AA
:10FAE80041494D0041494D20506172616D730000DC
:10FAF8002025642F256400005025642F3300000062
:10FB080041494D2053756D6D6172790045313A6EEA
:10FB180061762045323A6564697400005B252E32AF
:10FB2800662E2E252E32665D000000002D3E2041F7
:10FB3800494D00002D3E204D494D0000F0F1F3F4F1
:10FB48001408E12C1E1F20212B29E0F200000000E0
:10FB5800582D5370656564202870782F732900002C
:10FB6800592D5370656564202870782F732900001B
:10FB7800506172616D65746572730000765830006B
:10FB8800765831007658320076583300765834006B
:10FB98007658350076583600765930007659310057
:10FBA8007659320076593300765934007659350043
:10FBB80076593600582D44656C617900592D446595
:10FBC8006C6179005369676D6100000052462D48E9
:10FBD8007A00000052462D537072640052462D443C
:10FBE80075747900542D456E64000000454D412D13
:10FBF800416C7068610000004E6F6973652D476144
:10FC08007465000053656E73697469762E00000090
:10FC18004D61782D4465666C00000000437572766E
:10FC2800652D45787000000070782F730000000083
:10FC38004D494D204D4F44450000000041494D209D
:10FC48004D4F44450000000043494D204D4F444569
:10FC5800000000004B494D204D4F44450000000076
:10FC68004D494D2B4B494D000A20212121212121AD
:10FC7800212121212120426C7565746F6F746843BE
:10FC88006F6E74726F6C6C65723A3A7175657565F2
:10FC98005F446174615F5472616E7366657220635C
:10FCA800616C6C65642077697468206261642064A3
:10FCB800617461206C696E653A2025750A00000040
:10FCC8000920706970653A257020627566666572EC
:10FCD8003A2570206C656E3A2575206472697665E0
:10FCE800723A25700A00000048656C6C6F2C204938
:10FCF800276D20726573657474696D657200000004
:10FD08004465626F756E63652054696D65720000A5
:10FD18005553424849445061727365723A3A636F69
:10FD28006E74726F6C206D73673A20257820257881
:10FD3800203A202578202575203A000020253032E9
:10FD4800780000004A6F79737469636B436F6E744F
:10FD5800726F6C6C65723A3A62745F636C61696D5C
:10FD68005F636F6C6C656374696F6E2825702920FA
:10FD7800436F6E6E656374696F6E3A257020636CAD
:10FD88006173733A257820546F703A25780A000019
:10FD9800094A6F79737469636B436F6E74726F6C21
:10FDA8006C657220636C61696D20636F6C6C656350
:10FDB80074696F6E0A000000537769746368207471
:10FDC80072616E73666572206661696C0A00000074
:10FDD8005365742052756D626C6520646174613A74
:10FDE8002025642C2025640A000000005365742037
:10FDF80052756D626C6520646174612028555342A8
:10FE0800293A2025642C2025640A00005769726568
:10FE18006C65737320436F6E74726F6C6C657200DF
:10FE2800504C415953544154494F4E28522933009C
:10FE38004E617669676174696F6E20436F6E747284
:10FE48006F6C6C65720000004D6F74696F6E2043B3
:10FE58006F6E74726F6C6C657200000058626F7818
:10FE680020576972656C65737300000050726F20CB
:10FE7800436F6E74726F6C6C657200004A6F792DF7
:10FE8800436F6E20285229004A6F792D436F6E20E8
:10FE9800284C29004A6F79737469636B436F6E74D9
:10FEA800726F6C6C65723A3A636C61696D5F626C13
:10FEB8007565746F6F7468202D20436C61737320AF
:10FEC80025782025730A00004A6F79737469636B7B
:10FED800436F6E74726F6C6C65723A3A636C6169E9
:10FEE8006D5F626C7565746F6F746820496E7465B8
:10FEF80072666163650A00000A23232323232323F0
:10FF08002073775F73656E64434D442825782025F8
:10FF180070202575292063616C6C6564207769748D
:10FF2800682062746472697665725F203D3D203096
:10FF3800200000004D6F757365436F6E74726F6CAF
:10FF48006C657220436F6E74726F6C6C65723A3AAE
:10FF5800636C61696D5F626C7565746F6F7468203E
:10FF68002D20436C6173732025780A004D6F7573DB
:10FF780065436F6E74726F6C6C65723A3A636C614C
:10FF8800696D5F626C7565746F6F74682054525543
:10FF9800450A00004D6F757365436F6E74726F6C20
:10FFA8006C65723A3A62745F636C61696D5F636F26
:10FFB8006C6C656374696F6E2825702920436F6EB9
:10FFC8006E656374696F6E3A257020636C61737334
:10FFD8003A257820546F703A25780A00094D6F75D4
:10FFE8007365436F6E74726F6C6C657220636C61BD
:08FFF800696D20636F6C6C65FC
:02000004600298
:100000006374696F6E0A00006E616E00696E66004F
:100010006F7666004C435F434F4C4C4154450000A3
:100020004C435F4354595045000000004C435F4D22
:100030004F4E4554415259004C435F4E554D455229
:10004000494300004C435F54494D45004C435F4DCC
:10005000455353414745530042616C6C6F632073B5
:100060007563636565646564000000002F646174F6
:10007000612F6A656E6B696E732F776F726B737029
:100080006163652F474E552D746F6F6C63686169AE
:100090006E2F61726D2D31352D352F7372632F6E7A
:1000A00065776C69622D63796777696E2F6E657706
:1000B0006C69622F6C6962632F7374646C69622F60
:1000C0006D707265632E6300494E46004E414E00CE
:1000D00030313233343536373839616263646566BE
:1000E0000000000030313233343536373839414280
:1000F0004344454600000000286E756C6C290000E2
:100100002C2066756E6374696F6E3A2000000000E3
:10011000617373657274696F6E2022257322206685
:1001200061696C65643A2066696C652022257322DA
:100130002C206C696E65202564257325730A0000E8
:10014000496E66696E697479000000004E614E0068
:100150002F646174612F6A656E6B696E732F776FA0
:10016000726B73706163652F474E552D746F6F6CA2
:10017000636861696E2F61726D2D31352D352F7376
:1001800072632F6E65776C69622D63796777696E2C
:100190002F6E65776C69622F6C6962632F7374646C
:1001A0006C69622F64746F612E630000480A00203E
:1001B000500A0020D80A0020DC0B002000000000BC
:1001C0000000803FCDCC4C3DD80D0020E80B002036
:1001D000000000000000A0410000003F180C0020BB
:1001E000F40B0020CDCCCC3D0000A040CDCCCC3DCC
:1001F000300D0020000C0020CDCCCC3D0000803F15
:10020000CDCC4C3DD80D00200C0C00200000003F50
:1002100000004040CDCCCC3DD80D0020DC0B0020B0
:10022000000000000000803FCDCC4C3DD80D0020E8
:10023000E80B0020000000000000A0410000003F8B
:10024000180C0020F40B0020CDCCCC3D0000A040C9
:10025000CDCCCC3D300D0020000C0020CDCCCC3DD1
:100260000000803FCDCC4C3DD80D00200C0C002070
:100270000000003F00004040CDCCCC3DD80D002018
:10028000280A291B2B0952DA51D950D84FD749D106
:100290004CD44BD34ED64AD24DD53AC23BC33CC4C4
:1002A0003DC53EC63FC740C841C942CA43CB44CC06
:1002B00045CD0000DC0B0020E80B0020F40B0020F3
:1002C000000C00200C0C00206C0B0020700B002098
:1002D000740B0020780B00207C0B0020800B00208A
:1002E000840B0020880B00208C0B0020900B00203A
:1002F000940B0020980B00209C0B0020A00B0020EA
:10030000A40B0020AC0B0020B40B0020BC0B002081
:10031000C40B0020CC0B0020D40B0020542F2F55F1
:100320002A2A562D2D572B2B580A0A59CD315AD12E
:10033000325BCE335CD0345D00355ECF365FCA377A
:1003400060D23861CB3962C93063CC2E030400011E
:100350000205000000000000003E5B4F5B3E3E6B6C
:100360004F6B3E1C3E7C3E1C183C7E3C181C577D4F
:10037000571C1C5E7F5E1C00183C1800FFE7C3E79B
:10038000FF0018241800FFE7DBE7FF30483A060EAD
:100390002629792926407F050507407F05253F5AF4
:1003A0003CE73C5A7F3E1C1C08081C1C3E7F142264
:1003B0007F22145F5F005F5F06097F017F0066890F
:1003C000956A606060606094A2FFA29408047E0455
:1003D0000810207E201008082A1C08081C2A08087B
:1003E0001E101010100C1E0C1E0C30383E3830063B
:1003F0000E3E0E06000000000000005F0000000737
:10040000000700147F147F14242A7F2A1223130864
:10041000646236495620500008070300001C224140
:10042000000041221C002A1C7F1C2A08083E0808E4
:100430000080703000080808080800006060002094
:10044000100804023E5149453E00427F4000724977
:100450004949462141494D331814127F102745451B
:1004600045393C4A49493141211109073649494931
:1004700036464949291E000014000000403400009F
:100480000008142241141414141400412214080208
:10049000015909063E415D594E7C1211127C7F497B
:1004A0004949363E414141227F4141413E7F4949D0
:1004B00049417F090909013E414151737F080808FC
:1004C0007F00417F41002040413F017F08142241CD
:1004D0007F404040407F021C027F7F0408107F3E27
:1004E0004141413E7F090909063E4151215E7F0994
:1004F000192946264949493203017F01033F4040FB
:10050000403F1F2040201F3F4038403F63140814E5
:100510006303047804036159494D43007F4141411D
:100520000204081020004141417F040201020440FE
:1005300040404040000307080020545478407F2882
:100540004444383844444428384444287F38545478
:10055000541800087E090218A4A49C787F0804049B
:100560007800447D40002040403D007F102844003A
:1005700000417F40007C047804787C0804047838CB
:1005800044444438FC1824241818242418FC7C08FB
:10059000040408485454542404043F44243C404078
:1005A000207C1C2040201C3C4030403C442810282B
:1005B000444C9090907C4464544C44000836410074
:1005C0000000770000004136080002010204023CEE
:1005D0002623263C1EA1A161123A4040207A3854BD
:1005E0005455592155557941225454784221555436
:1005F000784020545579400C1E5272123955555589
:1006000059395454545939555454580000457C4173
:100610000002457D420001457C407D1211127DF0B3
:10062000282528F07C545545002054547C547C0ADD
:10063000097F4932494949323A4444443A324A48A6
:1006400048303A4141217A3A42402078009DA0A0AA
:100650007D3D4242423D3D4040403D3C24FF2424FC
:10066000487E4943662B2FFC2F2BFF0929F620C01B
:10067000887E090320545479410000447D4130486C
:10068000484A32384040227A007A0A0A727D0D19AF
:10069000317D2629292F28262929292630484D4011
:1006A00020380808080808080808382F10C8ACBA0D
:1006B0002F102834FA00007B000008142A1422228C
:1006C000142A14085500550055AA55AA55AAFF55D5
:1006D000FF55FF000000FF00101010FF001414145D
:1006E000FF001010FF00FF1010F010F0141414FCA5
:1006F000001414F700FF0000FF00FF1414F404FCC2
:10070000141417101F10101F101F1414141F0010A2
:100710001010F0000000001F101010101F1010101B
:1007200010F010000000FF1010101010101010102A
:10073000FF10000000FF140000FF00FF00001F106A
:10074000170000FC04F414141710171414F404F424
:100750000000FF00F714141414141414F700F71415
:100760001414171410101F101F141414F414101064
:10077000F010F000001F101F0000001F1400000008
:10078000FC140000F010F01010FF10FF141414FF00
:10079000141010101F00000000F010FFFFFFFFFFFB
:1007A000F0F0F0F0F0FFFFFF0000000000FFFF0F8F
:1007B0000F0F0F0F3844443844FC4A4A4A347E0233
:1007C000020606027E027E026355494163384444B4
:1007D0003C04407E201E2006027E020299A5E7A569
:1007E000991C2A492A1C4C7201724C304A4D4D30DA
:1007F0003048784830BC625A463D3E494949007EFF
:100800000101017E2A2A2A2A2A44445F4444405195
:100810004A444040444A51400000FF0103E080FF49
:10082000000008086B6B083612362436060F090FD5
:1008300006000018180000001010003040FF0101F1
:10084000001F01011E00191D1712003C3C3C3C001A
:1008500000000000080A020604050109000000006B
:100860000000000000000000AD170100312C010065
:1008700025A4000029A40000853E0100550C0100BC
:10088000590C01000D0F01006D0C0100890C0100D5
:1008900009100100550C0100A90C0100A50C010074
:1008A000E10D0100890D01003D0E0100D10E010096
:1008B000D10C01003D0F010000000000000000000D
:1008C000C5BB000089C1000001BE0000310100006D
:1008D00019BE00000000000000000000AD1701007C
:1008E000312C010025A4000029A40000FD230100F3
:1008F000711C0100B92301008D1B0100F51A0100D4
:10090000551A010009100100ED190100A90C0100A0
:1009100049220100B11C0100A51D01009D1E01001E
:10092000D10E0100D10C01003D0F0100853E0100F8
:10093000853E01000000000000000000AD1701002E
:10094000312C010025A4000029A40000FD23010092
:10095000711C0100B92301008D1B0100F51A010073
:10096000551A010009100100ED1901004D27010081
:1009700049220100B11C0100A51D01009D1E0100BE
:10098000D10E0100D10C01003D0F0100052901002D
:10099000252901000000000000000000AD17010043
:1009A000312C010025A4000029A40000FD23010032
:1009B000711C0100B92301008D1B0100F51A010013
:1009C000551A010009100100ED19010079290100F3
:1009D00049220100B11C0100A51D01009D1E01005E
:1009E000D10E0100D10C01003D0F010005290100CD
:1009F0002529010000000000000000001104010092
:100A000075A5000079A500002DA400004D0301008C
:100A100055030100DD030100390301007DA500003D
:100A20007904010039040100F1030100D50401003B
:100A30002D050100F90301005905010081050100A0
:100A4000F4FFFFFF0000000031A40000C506010014
:100A5000F50501005105010035A4000019A40000AE
:100A60001DA40000690601003D06010031060100D9
:100A7000A5050100CD05010021A400000000000033
:100A80000000000051030000290100002D010000BA
:100A9000310100006D0100000000000000000000B6
:100AA000B92B01002D480100314801002548010003
:100AB00011480100154801001D48010029480100A6
:100AC0000000000000000000F1D6000029D4000062
:100AD0002D0100003101000031D4000041E300008D
:100AE000C9D20000CDD2000069D4000015D40000A6
:100AF000D1D4000025D40000D5F20000A1E8000008
:100B000079E0000019F3000059D400001DE1000055
:100B100045E20000F9D400006DD5000041D400008A
:100B2000A5D5000001D6000041EA0000F4FFFFFF58
:100B3000000000006DE4000065F7000091D50000A2
:100B4000C9D400008DD500000DD40000C5D500002B
:100B5000D9D50000C5E80000E8FFFFFF0000000055
:100B600031A4000015E100005DF7000095D50000FC
:100B70004DE10000E1E200001DA4000065D5000089
:100B8000B9D60000ADD600003DD6000069D6000001
:100B900065EA0000000000000000000005F9000008
:100BA000BD00010079A500002DA40000D1F70000D0
:100BB00061FE0000ED0001009DF800007DA5000031
:100BC00029F800005501010011F8000001F80000AB
:100BD00009F800000DF80000B9F8000095F90000D0
:100BE000F1F70000F9F70000DDF90000F4FFFFFF66
:100BF0000000000031A4000001FB000079010100A9
:100C0000D5F9000009FA0000CDF90000D1F9000083
:100C1000B1FA00006DFA000061FA000021FA00004C
:100C20002DFA000021A400000000000000000000D8
:100C3000D5500100312C0100494B0100A14C0100AD
:100C4000694B0100094C0100914B01002D4D010041
:100C5000BD4C0100454B01000000000000000000F9
:100C60003DC900009DD0000019CC000031010000FA
:100C7000BDCA0000000102030000010000000300E3
:100C800000000200000006000000040000000C004C
:100C90000000080000000900000102030405000034
:100CA000D8399D270054EA2A00A4781F007B9A17A0
:100CB000A2000000F9A2000083F9A2006E83F9A24D
:100CC0004E6E83F9444E6E8315444E6E2915444E84
:100CD000FC29154427FC29155727FC29D15727FC47
:100CE000F5D1572734F5D157DD34F5D1C0DD34F5D2
:100CF000DBC0DD3462DBC0DD9562DBC0999562DB71
:100D00003C999562433C999590433C994190433C72
:100D100000202020202020202020282828282820CB
:100D200020202020202020202020202020202020C3
:100D3000208810101010101010101010101010102B
:100D4000100404040404040404040410101010101B
:100D500010104141414141410101010101010101E5
:100D60000101010101010101010101011010101037
:100D700010104242424242420202020202020202B7
:100D8000020202020202020202020202101010100B
:100D90002000000000000000000000000000000033
:100DA0000000000000000000000000000000000043
:100DB0000000000000000000000000000000000033
:100DC0000000000000000000000000000000000023
:100DD0000000000000000000000000000000000013
:100DE0000000000000000000000000000000000003
:100DF00000000000000000000000000000000000F3
:100E000000000000000000000000000000000000E2
:100E10000000000020202020202020202020202052
:100E200020202020202020202020202020202020C2
:100E30002020202000000042C8801F40B8821F40B0
:100E40000800000000000042C4801F40B4821F4020
:100E50000400000000C0004224801F4014821F4094
:100E60001000000000C0004228801F4018821F4070
:100E70002000000000C000422C801F401C821F4048
:100E80004000000000C0004234801F4024821F4008
:100E9000000100000040004264811F4054831F4055
:100EA000000400000040004280811F4070831F400A
:100EB00000000200004000427C811F406C831F4004
:100EC000000001000040004268811F4058831F401D
:100ED00000080000004000423C811F402C831F405E
:100EE000010000000040004244811F4034831F4045
:100EF000040000000040004240811F4030831F403A
:100F0000020000000040004248811F4038831F401B
:100F1000080000000000004204811F40F4821F40CE
:100F2000000004000000004208811F40F8821F40BA
:100F3000000008000000004218811F4008831F4085
:100F4000000080000000004214811F4004831F4005
:100F5000000040000000004200811F40F0821F405E
:100F60000000020000000042FC801F40EC821F4095
:100F7000000001000000004224811F4014831F4034
:100F8000000000040000004228811F4018831F4019
:100F900000000008000000421C811F400C831F401D
:100FA000000000010000004220811F4010831F400C
:100FB0000000000200000042EC801F40DC821F4065
:100FC0000010000000000042F0801F40E0821F403F
:100FD000002000000000004234811F4024831F4095
:100FE000000000400000004238811F4028831F405D
:100FF000000000800080004294801F4084821F40D7
:101000000000040000C0004290801F4080821F400A
:101010000000008000800042A8801F4098821F408E
:101020000000800000800042A4801F4094821F4086
:1010300000004000004000426C811F405C831F4064
:101040000010000000C0004230801F4020821F407E
:101050008000000000400042B0811F40A0831F407C
:101060000000002000400042AC811F409C831F40D4
:10107000000000100040004284811F4074831F4024
:10108000000004000040004288811F4078831F4018
:1010900000000800000000422C811F401C831F40FC
:1010A000000000100000004230811F4020831F40DC
:1010B00000000020000000420C811F40FC821F4005
:1010C000000010000000004210811F4000831F40FC
:1010D0000000200000800042C8811F40B8831F40EC
:1010E0000080000000800042C4811F40B4831F4084
:1010F0000040000000800042C0811F40B0831F40BC
:101100000020000000800042BC811F40AC831F40D3
:101110000010000000800042D0811F40C0831F40AB
:101120000000020000800042CC811F40BC831F40B1
:101130000000010000C0004274801F4064821F4014
:101140000000000100C0004280801F4070821F40EC
:101150000000000800C0004284801F4074821F40CD
:101160000000001000C000426C801F405C821F40E5
:101170000000400000C000427C801F406C821F4085
:101180000000000400C0004278801F4068821F40B9
:101190000000000200C0004288801F4078821F408B
:1011A000000000202C5E7460616264346667656EC6
:1011B000362D3738271E1F2021222324252673335E
:1011C000762E77785F4445464748494A4B4C4D4E0A
:1011D0004F505152535455565758595A5B5C5D2FD6
:1011E0003130636D350405060708090A0B0C0D0E36
:1011F0000F101112131415161718191A1B1C1D6F36
:101200007170752A05000000190000007D000000C3
:1012100007080C0B06050F000D0E0102838407085A
:101220000C0B06050F000D0E01028384FFFFFFFF6C
:10123000FFFFFFFFFFFF8182090A0000000100009D
:10124000302E002012000000000600001021006077
:101250000A0000000002000054200060BA000000F4
:1012600000070000981F0060BA000000EE030000B5
:10127000002E002012000000000004EEC02D00200F
:101280004000000000220400142E00201C0000007A
:1012900000210400FE20006009000000000300009F
:1012A000941F006000000000010309048C1F00600F
:1012B00000000000020309047C1F00600000000021
:1012C000030309045830002000000000040309044F
:1012D000703000200000000000000000000000004E
:1012E00000000000303030303030303030303030BE
:1012F00030303030303030303030303030303030EE
:10130000303030300000000000000000000000001D
:10131000F0220020F0220020F8220020F8220020F5
:1013200000230020002300200823002008230020A1
:101330001023002010230020182300201823002051
:101340002023002020230020282300202823002001
:1013500030230020302300203823002038230020B1
:101360004023002040230020482300204823002061
:101370005023002050230020582300205823002011
:1013800060230020602300206823002068230020C1
:101390007023002070230020782300207823002071
:1013A0008023002080230020882300208823002021
:1013B00090230020902300209823002098230020D1
:1013C000A0230020A0230020A8230020A823002081
:1013D000B0230020B0230020B8230020B823002031
:1013E000C0230020C0230020C8230020C8230020E1
:1013F000D0230020D0230020D8230020D823002091
:10140000E0230020E0230020E8230020E823002040
:10141000F0230020F0230020F8230020F8230020F0
:10142000002400200024002008240020082400209C
:10143000102400201024002018240020182400204C
:1014400020240020202400202824002028240020FC
:1014500030240020302400203824002038240020AC
:10146000402400204024002048240020482400205C
:10147000502400205024002058240020582400200C
:1014800060240020602400206824002068240020BC
:10149000702400207024002078240020782400206C
:1014A000802400208024002088240020882400201C
:1014B00090240020902400209824002098240020CC
:1014C000A0240020A0240020A8240020A82400207C
:1014D000B0240020B0240020B8240020B82400202C
:1014E000C0240020C0240020C8240020C8240020DC
:1014F000D0240020D0240020D8240020D82400208C
:10150000E0240020E0240020E8240020E82400203B
:10151000F0240020F0240020F8240020F8240020EB
:101520000025002000250020082500200825002097
:101530001025002010250020182500201825002047
:1015400020250020202500202825002028250020F7
:1015500030250020302500203825002038250020A7
:101560004025002040250020482500204825002057
:101570005025002050250020582500205825002007
:1015800060250020602500206825002068250020B7
:101590007025002070250020782500207825002067
:1015A0008025002080250020882500208825002017
:1015B00090250020902500209825002098250020C7
:1015C000A0250020A0250020A8250020A825002077
:1015D000B0250020B0250020B8250020B825002027
:1015E000C0250020C0250020C8250020C8250020D7
:1015F000D0250020D0250020D8250020D825002087
:10160000E0250020E0250020E8250020E825002036
:10161000F0250020F0250020F8250020F8250020E6
:101620000026002000260020082600200826002092
:101630001026002010260020182600201826002042
:1016400020260020202600202826002028260020F2
:1016500030260020302600203826002038260020A2
:101660004026002040260020482600204826002052
:101670005026002050260020582600205826002002
:1016800060260020602600206826002068260020B2
:101690007026002070260020782600207826002062
:1016A0008026002080260020882600208826002012
:1016B00090260020902600209826002098260020C2
:1016C000A0260020A0260020A8260020A826002072
:1016D000B0260020B0260020B8260020B826002022
:1016E000C0260020C0260020C8260020C8260020D2
:1016F000D0260020D0260020D8260020D826002082
:10170000E0260020E0260020E8260020E826002031
:10171000000000008C8C0020F48C00205C8D0020E8
:1017200000000000000000000000000000000000B9
:1017300000000000000000000000000000000000A9
:101740000000000000000000000000000000000099
:101750000000000000000000000000000000000089
:101760000000000000000000000000000000000079
:101770000000000000000000000000000000000069
:101780000000000000000000000000000000000059
:101790000000000000000000000000000000000049
:1017A0000000000000000000010000000000000038
:1017B0000E33CDAB34126DE6ECDE05000B000000FD
:1017C0000000000000000000000000000000000019
:1017D0000000000000000000000000000000000009
:1017E00000000000000000000000000000000000F9
:1017F00000000000000000000000000000000000E9
:1018000000000000000000000000000000000000D8
:1018100000000000000000000000000000000000C8
:1018200000000000000000000000000000000000B8
:1018300000000000000000000000000000000000A8
:101840000000000000000000000000000000000098
:101850000000000000000000000000000000000088
:101860000000000000000000000000000000000078
:101870000000000000000000000000000000000068
:101880000000000000000000000000000000000058
:101890000000000000000000000000000000000048
:1018A0000000000000000000000000000000000038
:1018B0000000000000000000000000000000000028
:1018C0000000000000000000000000000000000018
:1018D0000000000000000000000000000000000008
:1018E00000000000000000000000000000000000F8
:1018F00000000000000000000000000000000000E8
:1019000000000000000000000000000000000000D7
:101910000029DE07007B9A1700003A40E81E0060AD
:1019200000000000000000000000000000000000B7
:1019300000000000000000000000000000000000A7
:101940000000000000000000000000000000000097
:101950000000000000000000000000000000000087
:10196000000000000000000000C03940781E006048
:101970000000000000000000000000000000000067
:101980000000000000000000000000000000000057
:101990000000000000000000000000000000000047
:1019A0000000000000000000000000000000000037
:1019B000000000000000000000403940081E0060E8
:1019C0000000000000000000000000000000000017
:1019D0000000000000000000000000000000000007
:1019E00000000000000000000000000000000000F7
:1019F00000000000000000000000000000000000E7
:101A00000000000000000000881A00200000000014
:101A1000E803000000000000181C00200000000087
:101A2000E80300000000000000801840682A002041
:101A3000000000002C860020EC8500200000000043
:101A40000000000028000000400000002800000006
:101A50004000000000000000000000000000000046
:101A60000000000000000000000000000000000076
:101A700000000000000000000000803F0000803FE8
:101A800002150000AD2B01000000000068C00F40EF
:101A9000000000300F000000020000002C851F40F5
:101AA00001000000FF000000FF0000000000000037
:101AB000000000000E0000000200000030851F4002
:101AC00001000000FF000000FF0000000000000017
:101AD00000000000130240002600180078000000FB
:101AE00080020000052000010000000008000FC077
:101AF00000000000000000000520000100000000C0
:101B00005E04DD0203005E04EA0203005E04120BC1
:101B100003005E04190704005E048E0207007E05C0
:101B20000920070179001C2007004C05680201010B
:101B30004C052F0401014C05D50305014C05C405D6
:101B400002014C05CC0902015C0AE82102016D0486
:101B500026C606016D0428C606010000420C0000DE
:101B60004C8C002080012020000000004300000079
:101B70000000000000000000000000000000000065
:101B80000000000000000000000000004300000012
:101B90000000000000000000000000000000000045
:101BA00000000000000000000000000043000000F2
:101BB0000000000000000000000000000000000025
:101BC00000000000000000000000000043000000D2
:101BD0000000000000000000000000000000000005
:101BE00000000000000000000000000043000000B2
:101BF00000000000000000000000000000000000E5
:101C00000000000000000000000000004300000091
:101C100000000000000000000000000000000000C4
:101C20000000000000000000000000004300000071
:101C300000000000000000000000000000000000A4
:101C40000000000000000000000000004300000051
:101C50000000000000000000000000000000000084
:101C60000000000000000000000000000000000074
:101C70000000000000000000000000000000000064
:101C80000000000000000000000000000000000054
:101C90000000000000000000000000000000000044
:101CA0000000000000000000000000000000000034
:101CB0000000000000000000000000000000000024
:101CC0000000000000000000000000000000000014
:101CD0000000000000000000000000000000000004
:101CE00000000000000000000000000000000000F4
:101CF00000000000000000000000000000000000E4
:101D000000000000000000000000000000000000D3
:101D100000000000000000000000000000000000C3
:101D200000000000000000000000000000000000B3
:101D30000000000035810100217901000000000051
:101D4000F81C0020FC0B0020D80D0020D80D00202E
:101D5000D80D0020D80D0020D80D0020D80D00206F
:101D6000D80D0020D80D0020D80D0020FFFFFFFF68
:101D7000FFFFFFFFFFFFFFFFFFFF000001004153D8
:101D8000434949000000000000000000000000007E
:101D900000000000000000000000000000004153AF
:101DA000434949000000000000000000000000005E
:101DB0000000000000000000000000000000000023
:101DC000FFFFFFFF00000200000000000300000012
:101DD0008C8C0020F8260020400000000001040048
:101DE000020000000000000000015855534232304C
:101DF00000000000000000000000000000000000E3
:101E000004010000000000000000000000000000CD
:101E1000000000000000000012034D0053004600C7
:101E20005400310030003000F80000000600FF09C7
:101E300001A10185010901150025FF7508953FB134
:101E4000020902953F8102C012010002EF02014027
:101E50000912C0AB14010102030100000000803F21
:101E60000000803F0000803F0000803F881300009A
:101E7000D5390100D5390100D5390100D539010026
:101E8000D5390100D5390100D5390100D539010016
:101E9000D5390100D5390100D5390100D539010006
:101EA000D5390100D5390100D5390100D5390100F6
:101EB000D5390100D5390100D5390100D5390100E6
:101EC000D5390100D5390100D5390100D5390100D6
:101ED000D5390100D5390100D5390100D5390100C6
:101EE000D5390100D5390100D5390100D5390100B6
:101EF000D5390100D5390100D5390100D5390100A6
:101F0000D5390100D5390100D5390100D539010095
:101F1000D5390100D5390100D5390100D539010085
:101F2000D5390100D5390100D5390100D539010075
:101F3000D5390100D5390100D5390100D539010065
:101F4000D5390100D5390100D5390100D539010055
:101F5000D5390100D5390100D5390100D539010045
:101F6000D5390100D5390100D5390100D539010035
:101F7000D5390100D5390100D5390100D539010025
:101F8000D5390100D5390100D5390100D539010015
:101F9000D5390100D5390100D5390100D539010005
:101FA000D5390100D5390100D5390100D5390100F5
:101FB000D5390100D5390100D5390100D5390100E5
:101FC000D5390100D5390100D5390100D5390100D5
:101FD000D5390100D5390100D5390100D5390100C5
:101FE000D5390100D5390100D5390100D5390100B5
:101FF000D5390100D5390100D5390100D5390100A5
:10200000D5390100D5390100D5390100D539010094
:10201000D5390100D5390100D5390100D539010084
:10202000D5390100D5390100D5390100D539010074
:10203000D5390100D5390100D5390100D539010064
:10204000D5390100D5390100D5390100D539010054
:10205000D5390100D5390100D5390100D539010044
:10206000D5390100D5390100D5390100D539010034
:102070000C03000000000000000000000000000051
:102080000000000000000000B203580062006F0072
:10209000780020005300650063007500720069003D
:1020A0007400790020004D006500740068006F0026
:1020B0006400200033002C002000560065007200F0
:1020C000730069006F006E00200031002E003000A8
:1020D00030002C002000A900200032003000300029
:1020E000350020004D006900630072006F0073002E
:1020F0006F0066007400200043006F0072007000E3
:102100006F0072006100740069006F006E002E00A5
:10211000200041006C006C00200072006900670024
:102120006800740073002000720065007300650091
:1021300072007600650064002E00FF01010101FFBE
:102140000146010100000000000000000000000046
:10215000000000000000000000000000000000007F
:10216000000000000000000000000000000000006F
:10217000000000000000000000000000000000005F
:10218000000000000000000000000000000000004F
:10219000000000000000000000000000000000003F
:1021A000000000000000000000000000000000002F
:1021B000000000000000000000000000000000001F
:1021C000000000000000000000000000000000000F
:1021D00000000000000000000000000000000000FF
:1021E00000000000000000000000000000000000EF
:1021F00000000000000000000000000000000000DF
:1022000000000000000000000000000000000000CE
:1022100000000000000000000000000000000000BE
:1022200000000000000000000000000000000000AE
:10223000000000000000000000000000000000009E
:10224000000000000000000000000000000000008E
:10225000000000000000000000000000000000007E
:10226000000000000000000000000000000000006E
:10227000000000000000000000000000000000005E
:10228000000000000000000000000000000000004E
:10229000000000000000000000000000000000003E
:1022A000000000000000000000000000000000002E
:1022B000000000000000000000000000000000001E
:1022C000000000000000000000000000000000000E
:1022D00000000000000000000000000000000000FE
:1022E00000000000000000000000000000000000EE
:1022F00000000000000000000000000000000000DE
:1023000000000000000000000000000000000000CD
:1023100000000000000000000000000000000000BD
:1023200000000000000000000000000000000000AD
:10233000000000000000000000000000000000009D
:10234000000000000000000000000000000000008D
:10235000000000000000000000000000000000007D
:10236000000000000000000000000000000000006D
:10237000000000000000000000000000000000005D
:10238000000000000000000000000000000000004D
:10239000000000000000000000000000000000003D
:1023A000000000000000000000000000000000002D
:1023B000000000000000000000000000000000001D
:1023C000000000000000000000000000000000000D
:1023D00000000000000000000000000000000000FD
:1023E00000000000000000000000000000000000ED
:1023F00000000000000000000000000000000000DD
:1024000000000000000000000000000000000000CC
:1024100000000000000000000000000000000000BC
:1024200000000000000000000000000000000000AC
:10243000000000000000000000000000000000009C
:10244000000000000000000000000000000000008C
:10245000000000000000000000000000000000007C
:10246000000000000000000000000000000000006C
:10247000000000000000000000000000000000005C
:10248000000000000000000000000000000000004C
:10249000000000000000000000000000000000003C
:1024A000000000000000000000000000000000002C
:1024B000000000000000000000000000000000001C
:1024C000000000000000000000000000000000000C
:1024D00000000000000000000000000000000000FC
:1024E00000000000000000000000000000000000EC
:1024F00000000000000000000000000000000000DC
:1025000000000000000000000000000000000000CB
:1025100000000000000000000000000000000000BB
:1025200000000000000000000000000000000000AB
:10253000000000000000000000000000000000009B
:10254000000000000000000000000000000000008B
:10255000000000000000000000000000000000007B
:10256000000000000000000000000000000000006B
:10257000000000000000000000000000000000005B
:10258000000000000000000000000000000000004B
:10259000000000000000000000000000000000003B
:1025A000000000000000000000000000000000002B
:1025B000000000000000000000000000000000001B
:1025C000000000000000000000000000000000000B
:1025D00000000000000000000000000000000000FB
:1025E00000000000000000000000000000000000EB
:1025F00000000000000000000000000000000000DB
:1026000000000000000000000000000000000000CA
:1026100000000000000000000000000000000000BA
:1026200000000000000000000000000000000000AA
:10263000000000000000000000000000000000009A
:10264000000000000000000000000000000000008A
:10265000000000000000000000000000000000007A
:10266000000000000000000000000000000000006A
:10267000000000000000000000000000000000005A
:10268000000000000000000000000000000000004A
:10269000000000000000000000000000000000003A
:1026A000000000000000000000000000000000002A
:1026B000000000000000000000000000000000001A
:1026C000000000000000000000000000000000000A
:0826D000000000000000000002
:1026D800FFFFFFFFFFFFFFFFFFFFFFFFFFFFFFFF02
:1026E800FFFFFFFFFFFFFFFFFFFFFFFFFFFFFFFFF2
:1026F800FFFFFFFFFFFFFFFFFFFFFFFFFFFFFFFFE2
:10270800FFFFFFFFFFFFFFFFFFFFFFFFFFFFFFFFD1
:10271800FFFFFFFFFFFFFFFFFFFFFFFFFFFFFFFFC1
:10272800FFFFFFFFFFFFFFFFFFFFFFFFFFFFFFFFB1
:10273800FFFFFFFFFFFFFFFFFFFFFFFFFFFFFFFFA1
:10274800FFFFFFFFFFFFFFFFFFFFFFFFFFFFFFFF91
:10275800FFFFFFFFFFFFFFFFFFFFFFFFFFFFFFFF81
:10276800FFFFFFFFFFFFFFFFFFFFFFFFFFFFFFFF71
:10277800FFFFFFFFFFFFFFFFFFFFFFFFFFFFFFFF61
:10278800FFFFFFFFFFFFFFFFFFFFFFFFFFFFFFFF51
:10279800FFFFFFFFFFFFFFFFFFFFFFFFFFFFFFFF41
:1027A800FFFFFFFFFFFFFFFFFFFFFFFFFFFFFFFF31
:1027B800FFFFFFFFFFFFFFFFFFFFFFFFFFFFFFFF21
:1027C800FFFFFFFFFFFFFFFFFFFFFFFFFFFFFFFF11
:1027D800FFFFFFFFFFFFFFFFFFFFFFFFFFFFFFFF01
:1027E800FFFFFFFFFFFFFFFFFFFFFFFFFFFFFFFFF1
:1027F800FFFFFFFFFFFFFFFF0000000000000000D9
:1028080000000000000000000000000000000000C0
:1028180000000000000000000000000000000000B0
:1028280000000000000000000000000000000000A0
:102838000000000000000000000000000000000090
:102848000000000000000000000000000000000080
:102858000000000000000000000000000000000070
:102868000000000000000000000000000000000060
:102878000000000000000000000000000000000050
:102888000000000000000000000000000000000040
:102898000000000000000000000000000000000030
:1028A8000000000000000000000000000000000020
:1028B8000000000000000000000000000000000010
:1028C8000000000000000000000000000000000000
:1028D80000000000000000000000000000000000F0
:1028E80000000000000000000000000000000000E0
:1028F80000000000000000000000000000000000D0
:1029080000000000000000000000000000000000BF
:1029180000000000000000000000000000000000AF
:10292800000000000000000000000000000000009F
:10293800000000000000000000000000000000008F
:10294800000000000000000000000000000000007F
:10295800000000000000000000000000000000006F
:10296800000000000000000000000000000000005F
:10297800000000000000000000000000000000004F
:10298800000000000000000000000000000000003F
:10299800000000000000000000000000000000002F
:1029A800000000000000000000000000000000001F
:1029B800000000000000000000000000000000000F
:1029C80000000000000000000000000000000000FF
:1029D80000000000000000000000000000000000EF
:1029E80000000000000000000000000000000000DF
:1029F80000000000000000000000000000000000CF
:102A080000000000000000000000000000000000BE
:102A180000000000000000000000000000000000AE
:102A2800000000000000000000000000000000009E
:102A3800000000000000000000000000000000008E
:102A4800000000000000000000000000000000007E
:102A5800000000000000000000000000000000006E
:102A6800000000000000000000000000000000005E
:102A7800000000000000000000000000000000004E
:102A8800000000000000000000000000000000003E
:102A9800000000000000000000000000000000002E
:102AA800000000000000000000000000000000001E
:102AB800000000000000000000000000000000000E
:102AC80000000000000000000000000000000000FE
:102AD80000000000000000000000000000000000EE
:102AE80000000000000000000000000000000000DE
:102AF80000000000000000000000000000000000CE
:102B080000000000000000000000000000000000BD
:102B180000000000000000000000000000000000AD
:102B2800000000000000000000000000000000009D
:102B3800000000000000000000000000000000008D
:102B4800000000000000000000000000000000007D
:102B5800000000000000000000000000000000006D
:102B6800000000000000000000000000000000005D
:102B7800000000000000000000000000000000004D
:102B8800000000000000000000000000000000003D
:102B9800000000000000000000000000000000002D
:102BA800000000000000000000000000000000001D
:102BB800000000000000000000000000000000000D
:102BC80000000000000000000000000000000000FD
:102BD80000000000000000000000000000000000ED
:102BE80000000000000000000000000000000000DD
:102BF80000000000000000000000000000000000CD
:102C080000000000000000000000000000000000BC
:102C180000000000000000000000000000000000AC
:102C2800000000000000000000000000000000009C
:102C3800000000000000000000000000000000008C
:102C4800000000000000000000000000000000007C
:102C5800000000000000000000000000000000006C
:102C6800000000000000000000000000000000005C
:102C7800000000000000000000000000000000004C
:102C8800000000000000000000000000000000003C
:102C9800000000000000000000000000000000002C
:102CA800000000000000000000000000000000001C
:102CB800000000000000000000000000000000000C
:102CC80000000000000000000000000000000000FC
:102CD80000000000000000000000000000000000EC
:102CE80000000000000000000000000000000000DC
:102CF80000000000000000000000000000000000CC
:102D080000000000000000000000000000000000BB
:102D180000000000000000000000000000000000AB
:102D2800000000000000000000000000000000009B
:102D3800000000000000000000000000000000008B
:102D4800000000000000000000000000000000007B
:102D5800000000000000000000000000000000006B
:102D6800000000000000000000000000000000005B
:102D7800000000000000000000000000000000004B
:102D8800000000000000000000000000000000003B
:102D9800000000000000000000000000000000002B
:102DA800000000000000000000000000000000001B
:102DB800000000000000000000000000000000000B
:102DC80000000000000000000000000000000000FB
:102DD80000000000000000000000000000000000EB
:102DE80000000000000000000000000000000000DB
:102DF80000000000000000000000000000000000CB
:102E080000000000000000000000000000000000BA
:102E180000000000000000000000000000000000AA
:102E2800000000000000000000000000000000009A
:102E3800000000000000000000000000000000008A
:102E4800000000000000000000000000000000007A
:102E5800000000000000000000000000000000006A
:102E6800000000000000000000000000000000005A
:102E7800000000000000000000000000000000004A
:102E8800000000000000000000000000000000003A
:102E9800000000000000000000000000000000002A
:102EA800000000000000000000000000000000001A
:102EB800000000000000000000000000000000000A
:102EC80000000000000000000000000000000000FA
:102ED80000000000000000000000000000000000EA
:102EE80000000000000000000000000000000000DA
:102EF80000000000000000000000000000000000CA
:102F080000000000000000000000000000000000B9
:102F180000000000000000000000000000000000A9
:102F28000000000000000000000000000000000099
:102F38000000000000000000000000000000000089
:102F48000000000000000000000000000000000079
:102F58000000000000000000000000000000000069
:102F68000000000000000000000000000000000059
:102F78000000000000000000000000000000000049
:102F88000000000000000000000000000000000039
:102F98000000000000000000000000000000000029
:102FA8000000000000000000000000000000000019
:102FB8000000000000000000000000000000000009
:102FC80000000000000000000000000000000000F9
:102FD80000000000000000000000000000000000E9
:102FE80000000000000000000000000000000000D9
:102FF80000000000000000000000000000000000C9
:1030080000000000000000000000000000000000B8
:1030180000000000000000000000000000000000A8
:103028000000000000000000000000000000000098
:103038000000000000000000000000000000000088
:103048000000000000000000000000000000000078
:103058000000000000000000000000000000000068
:103068000000000000000000000000000000000058
:103078000000000000000000000000000000000048
:103088000000000000000000000000000000000038
:103098000000000000000000000000000000000028
:1030A8000000000000000000000000000000000018
:1030B8000000000000000000000000000000000008
:1030C80000000000000000000000000000000000F8
:1030D80000000000000000000000000000000000E8
:1030E80000000000000000000000000000000000D8
:1030F80000000000000000000000000000000000C8
:1031080000000000000000000000000000000000B7
:1031180000000000000000000000000000000000A7
:103128000000000000000000000000000000000097
:103138000000000000000000000000000000000087
:103148000000000000000000000000000000000077
:103158000000000000000000000000000000000067
:103168000000000000000000000000000000000057
:103178000000000000000000000000000000000047
:103188000000000000000000000000000000000037
:103198000000000000000000000000000000000027
:1031A8000000000000000000000000000000000017
:1031B8000000000000000000000000000000000007
:1031C80000000000000000000000000000000000F7
:1031D80000000000000000000000000000000000E7
:1031E80000000000000000000000000000000000D7
:1031F80000000000000000000000000000000000C7
:1032080000000000000000000000000000000000B6
:1032180000000000000000000000000000000000A6
:103228000000000000000000000000000000000096
:103238000000000000000000000000000000000086
:103248000000000000000000000000000000000076
:103258000000000000000000000000000000000066
:103268000000000000000000000000000000000056
:103278000000000000000000000000000000000046
:103288000000000000000000000000000000000036
:103298000000000000000000000000000000000026
:1032A8000000000000000000000000000000000016
:1032B8000000000000000000000000000000000006
:1032C80000000000000000000000000000000000F6
:1032D80000000000000000000000000000000000E6
:1032E80000000000000000000000000000000000D6
:1032F80000000000000000000000000000000000C6
:1033080000000000000000000000000000000000B5
:1033180000000000000000000000000000000000A5
:103328000000000000000000000000000000000095
:103338000000000000000000000000000000000085
:103348000000000000000000000000000000000075
:103358000000000000000000000000000000000065
:103368000000000000000000000000000000000055
:103378000000000000000000000000000000000045
:103388000000000000000000000000000000000035
:103398000000000000000000000000000000000025
:1033A8000000000000000000000000000000000015
:1033B8000000000000000000000000000000000005
:1033C80000000000000000000000000000000000F5
:1033D80000000000000000000000000000000000E5
:1033E80000000000000000000000000000000000D5
:0833F8000000000000000000CD
:040000056000100087
:00000001FF
