:0200000460009A
:100000004643464200000156000000000101020084
:1000100000000000000000000000000000000000E0
:1000200000000000000000000000000000000000D0
:1000300000000000000000000000000000000000C0
:1000400000000000010406010000000000000000A4
:100050000000800000000000000000000000000020
:100060000000000000000000000000000000000090
:100070000000000000000000000000000000000080
:10008000EB04180AFF1E04320126000000000000E5
:100090000000000000000000000000000000000060
:1000A0000000000000000000000000000000000050
:1000B0000000000000000000000000000000000040
:1000C0000000000000000000000000000000000030
:1000D0000000000000000000000000000000000020
:1000E0000000000000000000000000000000000010
:1000F0000000000000000000000000000000000000
:1001000000000000000000000000000000000000EF
:1001100000000000000000000000000000000000DF
:1001200000000000000000000000000000000000CF
:1001300000000000000000000000000000000000BF
:1001400000000000000000000000000000000000AF
:10015000000000000000000000000000000000009F
:10016000000000000000000000000000000000008F
:10017000000000000000000000000000000000007F
:10018000000000000000000000000000000000006F
:10019000000000000000000000000000000000005F
:1001A000000000000000000000000000000000004F
:1001B000000000000000000000000000000000003F
:1001C000000100000010000001000000000000001D
:1001D000000001000000000000000000000000001E
:1001E000000000000000000000000000000000000F
:1001F00000000000000000000000000000000000FF
:10020000FFFFFFFFFFFFFFFFFFFFFFFFFFFFFFFFFE
:10021000FFFFFFFFFFFFFFFFFFFFFFFFFFFFFFFFEE
:10022000FFFFFFFFFFFFFFFFFFFFFFFFFFFFFFFFDE
:10023000FFFFFFFFFFFFFFFFFFFFFFFFFFFFFFFFCE
:10024000FFFFFFFFFFFFFFFFFFFFFFFFFFFFFFFFBE
:10025000FFFFFFFFFFFFFFFFFFFFFFFFFFFFFFFFAE
:10026000FFFFFFFFFFFFFFFFFFFFFFFFFFFFFFFF9E
:10027000FFFFFFFFFFFFFFFFFFFFFFFFFFFFFFFF8E
:10028000FFFFFFFFFFFFFFFFFFFFFFFFFFFFFFFF7E
:10029000FFFFFFFFFFFFFFFFFFFFFFFFFFFFFFFF6E
:1002A000FFFFFFFFFFFFFFFFFFFFFFFFFFFFFFFF5E
:1002B000FFFFFFFFFFFFFFFFFFFFFFFFFFFFFFFF4E
:1002C000FFFFFFFFFFFFFFFFFFFFFFFFFFFFFFFF3E
:1002D000FFFFFFFFFFFFFFFFFFFFFFFFFFFFFFFF2E
:1002E000FFFFFFFFFFFFFFFFFFFFFFFFFFFFFFFF1E
:1002F000FFFFFFFFFFFFFFFFFFFFFFFFFFFFFFFF0E
:10030000FFFFFFFFFFFFFFFFFFFFFFFFFFFFFFFFFD
:10031000FFFFFFFFFFFFFFFFFFFFFFFFFFFFFFFFED
:10032000FFFFFFFFFFFFFFFFFFFFFFFFFFFFFFFFDD
:10033000FFFFFFFFFFFFFFFFFFFFFFFFFFFFFFFFCD
:10034000FFFFFFFFFFFFFFFFFFFFFFFFFFFFFFFFBD
:10035000FFFFFFFFFFFFFFFFFFFFFFFFFFFFFFFFAD
:10036000FFFFFFFFFFFFFFFFFFFFFFFFFFFFFFFF9D
:10037000FFFFFFFFFFFFFFFFFFFFFFFFFFFFFFFF8D
:10038000FFFFFFFFFFFFFFFFFFFFFFFFFFFFFFFF7D
:10039000FFFFFFFFFFFFFFFFFFFFFFFFFFFFFFFF6D
:1003A000FFFFFFFFFFFFFFFFFFFFFFFFFFFFFFFF5D
:1003B000FFFFFFFFFFFFFFFFFFFFFFFFFFFFFFFF4D
:1003C000FFFFFFFFFFFFFFFFFFFFFFFFFFFFFFFF3D
:1003D000FFFFFFFFFFFFFFFFFFFFFFFFFFFFFFFF2D
:1003E000FFFFFFFFFFFFFFFFFFFFFFFFFFFFFFFF1D
:1003F000FFFFFFFFFFFFFFFFFFFFFFFFFFFFFFFF0D
:10040000FFFFFFFFFFFFFFFFFFFFFFFFFFFFFFFFFC
:10041000FFFFFFFFFFFFFFFFFFFFFFFFFFFFFFFFEC
:10042000FFFFFFFFFFFFFFFFFFFFFFFFFFFFFFFFDC
:10043000FFFFFFFFFFFFFFFFFFFFFFFFFFFFFFFFCC
:10044000FFFFFFFFFFFFFFFFFFFFFFFFFFFFFFFFBC
:10045000FFFFFFFFFFFFFFFFFFFFFFFFFFFFFFFFAC
:10046000FFFFFFFFFFFFFFFFFFFFFFFFFFFFFFFF9C
:10047000FFFFFFFFFFFFFFFFFFFFFFFFFFFFFFFF8C
:10048000FFFFFFFFFFFFFFFFFFFFFFFFFFFFFFFF7C
:10049000FFFFFFFFFFFFFFFFFFFFFFFFFFFFFFFF6C
:1004A000FFFFFFFFFFFFFFFFFFFFFFFFFFFFFFFF5C
:1004B000FFFFFFFFFFFFFFFFFFFFFFFFFFFFFFFF4C
:1004C000FFFFFFFFFFFFFFFFFFFFFFFFFFFFFFFF3C
:1004D000FFFFFFFFFFFFFFFFFFFFFFFFFFFFFFFF2C
:1004E000FFFFFFFFFFFFFFFFFFFFFFFFFFFFFFFF1C
:1004F000FFFFFFFFFFFFFFFFFFFFFFFFFFFFFFFF0C
:10050000FFFFFFFFFFFFFFFFFFFFFFFFFFFFFFFFFB
:10051000FFFFFFFFFFFFFFFFFFFFFFFFFFFFFFFFEB
:10052000FFFFFFFFFFFFFFFFFFFFFFFFFFFFFFFFDB
:10053000FFFFFFFFFFFFFFFFFFFFFFFFFFFFFFFFCB
:10054000FFFFFFFFFFFFFFFFFFFFFFFFFFFFFFFFBB
:10055000FFFFFFFFFFFFFFFFFFFFFFFFFFFFFFFFAB
:10056000FFFFFFFFFFFFFFFFFFFFFFFFFFFFFFFF9B
:10057000FFFFFFFFFFFFFFFFFFFFFFFFFFFFFFFF8B
:10058000FFFFFFFFFFFFFFFFFFFFFFFFFFFFFFFF7B
:10059000FFFFFFFFFFFFFFFFFFFFFFFFFFFFFFFF6B
:1005A000FFFFFFFFFFFFFFFFFFFFFFFFFFFFFFFF5B
:1005B000FFFFFFFFFFFFFFFFFFFFFFFFFFFFFFFF4B
:1005C000FFFFFFFFFFFFFFFFFFFFFFFFFFFFFFFF3B
:1005D000FFFFFFFFFFFFFFFFFFFFFFFFFFFFFFFF2B
:1005E000FFFFFFFFFFFFFFFFFFFFFFFFFFFFFFFF1B
:1005F000FFFFFFFFFFFFFFFFFFFFFFFFFFFFFFFF0B
:10060000FFFFFFFFFFFFFFFFFFFFFFFFFFFFFFFFFA
:10061000FFFFFFFFFFFFFFFFFFFFFFFFFFFFFFFFEA
:10062000FFFFFFFFFFFFFFFFFFFFFFFFFFFFFFFFDA
:10063000FFFFFFFFFFFFFFFFFFFFFFFFFFFFFFFFCA
:10064000FFFFFFFFFFFFFFFFFFFFFFFFFFFFFFFFBA
:10065000FFFFFFFFFFFFFFFFFFFFFFFFFFFFFFFFAA
:10066000FFFFFFFFFFFFFFFFFFFFFFFFFFFFFFFF9A
:10067000FFFFFFFFFFFFFFFFFFFFFFFFFFFFFFFF8A
:10068000FFFFFFFFFFFFFFFFFFFFFFFFFFFFFFFF7A
:10069000FFFFFFFFFFFFFFFFFFFFFFFFFFFFFFFF6A
:1006A000FFFFFFFFFFFFFFFFFFFFFFFFFFFFFFFF5A
:1006B000FFFFFFFFFFFFFFFFFFFFFFFFFFFFFFFF4A
:1006C000FFFFFFFFFFFFFFFFFFFFFFFFFFFFFFFF3A
:1006D000FFFFFFFFFFFFFFFFFFFFFFFFFFFFFFFF2A
:1006E000FFFFFFFFFFFFFFFFFFFFFFFFFFFFFFFF1A
:1006F000FFFFFFFFFFFFFFFFFFFFFFFFFFFFFFFF0A
:10070000FFFFFFFFFFFFFFFFFFFFFFFFFFFFFFFFF9
:10071000FFFFFFFFFFFFFFFFFFFFFFFFFFFFFFFFE9
:10072000FFFFFFFFFFFFFFFFFFFFFFFFFFFFFFFFD9
:10073000FFFFFFFFFFFFFFFFFFFFFFFFFFFFFFFFC9
:10074000FFFFFFFFFFFFFFFFFFFFFFFFFFFFFFFFB9
:10075000FFFFFFFFFFFFFFFFFFFFFFFFFFFFFFFFA9
:10076000FFFFFFFFFFFFFFFFFFFFFFFFFFFFFFFF99
:10077000FFFFFFFFFFFFFFFFFFFFFFFFFFFFFFFF89
:10078000FFFFFFFFFFFFFFFFFFFFFFFFFFFFFFFF79
:10079000FFFFFFFFFFFFFFFFFFFFFFFFFFFFFFFF69
:1007A000FFFFFFFFFFFFFFFFFFFFFFFFFFFFFFFF59
:1007B000FFFFFFFFFFFFFFFFFFFFFFFFFFFFFFFF49
:1007C000FFFFFFFFFFFFFFFFFFFFFFFFFFFFFFFF39
:1007D000FFFFFFFFFFFFFFFFFFFFFFFFFFFFFFFF29
:1007E000FFFFFFFFFFFFFFFFFFFFFFFFFFFFFFFF19
:1007F000FFFFFFFFFFFFFFFFFFFFFFFFFFFFFFFF09
:10080000FFFFFFFFFFFFFFFFFFFFFFFFFFFFFFFFF8
:10081000FFFFFFFFFFFFFFFFFFFFFFFFFFFFFFFFE8
:10082000FFFFFFFFFFFFFFFFFFFFFFFFFFFFFFFFD8
:10083000FFFFFFFFFFFFFFFFFFFFFFFFFFFFFFFFC8
:10084000FFFFFFFFFFFFFFFFFFFFFFFFFFFFFFFFB8
:10085000FFFFFFFFFFFFFFFFFFFFFFFFFFFFFFFFA8
:10086000FFFFFFFFFFFFFFFFFFFFFFFFFFFFFFFF98
:10087000FFFFFFFFFFFFFFFFFFFFFFFFFFFFFFFF88
:10088000FFFFFFFFFFFFFFFFFFFFFFFFFFFFFFFF78
:10089000FFFFFFFFFFFFFFFFFFFFFFFFFFFFFFFF68
:1008A000FFFFFFFFFFFFFFFFFFFFFFFFFFFFFFFF58
:1008B000FFFFFFFFFFFFFFFFFFFFFFFFFFFFFFFF48
:1008C000FFFFFFFFFFFFFFFFFFFFFFFFFFFFFFFF38
:1008D000FFFFFFFFFFFFFFFFFFFFFFFFFFFFFFFF28
:1008E000FFFFFFFFFFFFFFFFFFFFFFFFFFFFFFFF18
:1008F000FFFFFFFFFFFFFFFFFFFFFFFFFFFFFFFF08
:10090000FFFFFFFFFFFFFFFFFFFFFFFFFFFFFFFFF7
:10091000FFFFFFFFFFFFFFFFFFFFFFFFFFFFFFFFE7
:10092000FFFFFFFFFFFFFFFFFFFFFFFFFFFFFFFFD7
:10093000FFFFFFFFFFFFFFFFFFFFFFFFFFFFFFFFC7
:10094000FFFFFFFFFFFFFFFFFFFFFFFFFFFFFFFFB7
:10095000FFFFFFFFFFFFFFFFFFFFFFFFFFFFFFFFA7
:10096000FFFFFFFFFFFFFFFFFFFFFFFFFFFFFFFF97
:10097000FFFFFFFFFFFFFFFFFFFFFFFFFFFFFFFF87
:10098000FFFFFFFFFFFFFFFFFFFFFFFFFFFFFFFF77
:10099000FFFFFFFFFFFFFFFFFFFFFFFFFFFFFFFF67
:1009A000FFFFFFFFFFFFFFFFFFFFFFFFFFFFFFFF57
:1009B000FFFFFFFFFFFFFFFFFFFFFFFFFFFFFFFF47
:1009C000FFFFFFFFFFFFFFFFFFFFFFFFFFFFFFFF37
:1009D000FFFFFFFFFFFFFFFFFFFFFFFFFFFFFFFF27
:1009E000FFFFFFFFFFFFFFFFFFFFFFFFFFFFFFFF17
:1009F000FFFFFFFFFFFFFFFFFFFFFFFFFFFFFFFF07
:100A0000FFFFFFFFFFFFFFFFFFFFFFFFFFFFFFFFF6
:100A1000FFFFFFFFFFFFFFFFFFFFFFFFFFFFFFFFE6
:100A2000FFFFFFFFFFFFFFFFFFFFFFFFFFFFFFFFD6
:100A3000FFFFFFFFFFFFFFFFFFFFFFFFFFFFFFFFC6
:100A4000FFFFFFFFFFFFFFFFFFFFFFFFFFFFFFFFB6
:100A5000FFFFFFFFFFFFFFFFFFFFFFFFFFFFFFFFA6
:100A6000FFFFFFFFFFFFFFFFFFFFFFFFFFFFFFFF96
:100A7000FFFFFFFFFFFFFFFFFFFFFFFFFFFFFFFF86
:100A8000FFFFFFFFFFFFFFFFFFFFFFFFFFFFFFFF76
:100A9000FFFFFFFFFFFFFFFFFFFFFFFFFFFFFFFF66
:100AA000FFFFFFFFFFFFFFFFFFFFFFFFFFFFFFFF56
:100AB000FFFFFFFFFFFFFFFFFFFFFFFFFFFFFFFF46
:100AC000FFFFFFFFFFFFFFFFFFFFFFFFFFFFFFFF36
:100AD000FFFFFFFFFFFFFFFFFFFFFFFFFFFFFFFF26
:100AE000FFFFFFFFFFFFFFFFFFFFFFFFFFFFFFFF16
:100AF000FFFFFFFFFFFFFFFFFFFFFFFFFFFFFFFF06
:100B0000FFFFFFFFFFFFFFFFFFFFFFFFFFFFFFFFF5
:100B1000FFFFFFFFFFFFFFFFFFFFFFFFFFFFFFFFE5
:100B2000FFFFFFFFFFFFFFFFFFFFFFFFFFFFFFFFD5
:100B3000FFFFFFFFFFFFFFFFFFFFFFFFFFFFFFFFC5
:100B4000FFFFFFFFFFFFFFFFFFFFFFFFFFFFFFFFB5
:100B5000FFFFFFFFFFFFFFFFFFFFFFFFFFFFFFFFA5
:100B6000FFFFFFFFFFFFFFFFFFFFFFFFFFFFFFFF95
:100B7000FFFFFFFFFFFFFFFFFFFFFFFFFFFFFFFF85
:100B8000FFFFFFFFFFFFFFFFFFFFFFFFFFFFFFFF75
:100B9000FFFFFFFFFFFFFFFFFFFFFFFFFFFFFFFF65
:100BA000FFFFFFFFFFFFFFFFFFFFFFFFFFFFFFFF55
:100BB000FFFFFFFFFFFFFFFFFFFFFFFFFFFFFFFF45
:100BC000FFFFFFFFFFFFFFFFFFFFFFFFFFFFFFFF35
:100BD000FFFFFFFFFFFFFFFFFFFFFFFFFFFFFFFF25
:100BE000FFFFFFFFFFFFFFFFFFFFFFFFFFFFFFFF15
:100BF000FFFFFFFFFFFFFFFFFFFFFFFFFFFFFFFF05
:100C0000FFFFFFFFFFFFFFFFFFFFFFFFFFFFFFFFF4
:100C1000FFFFFFFFFFFFFFFFFFFFFFFFFFFFFFFFE4
:100C2000FFFFFFFFFFFFFFFFFFFFFFFFFFFFFFFFD4
:100C3000FFFFFFFFFFFFFFFFFFFFFFFFFFFFFFFFC4
:100C4000FFFFFFFFFFFFFFFFFFFFFFFFFFFFFFFFB4
:100C5000FFFFFFFFFFFFFFFFFFFFFFFFFFFFFFFFA4
:100C6000FFFFFFFFFFFFFFFFFFFFFFFFFFFFFFFF94
:100C7000FFFFFFFFFFFFFFFFFFFFFFFFFFFFFFFF84
:100C8000FFFFFFFFFFFFFFFFFFFFFFFFFFFFFFFF74
:100C9000FFFFFFFFFFFFFFFFFFFFFFFFFFFFFFFF64
:100CA000FFFFFFFFFFFFFFFFFFFFFFFFFFFFFFFF54
:100CB000FFFFFFFFFFFFFFFFFFFFFFFFFFFFFFFF44
:100CC000FFFFFFFFFFFFFFFFFFFFFFFFFFFFFFFF34
:100CD000FFFFFFFFFFFFFFFFFFFFFFFFFFFFFFFF24
:100CE000FFFFFFFFFFFFFFFFFFFFFFFFFFFFFFFF14
:100CF000FFFFFFFFFFFFFFFFFFFFFFFFFFFFFFFF04
:100D0000FFFFFFFFFFFFFFFFFFFFFFFFFFFFFFFFF3
:100D1000FFFFFFFFFFFFFFFFFFFFFFFFFFFFFFFFE3
:100D2000FFFFFFFFFFFFFFFFFFFFFFFFFFFFFFFFD3
:100D3000FFFFFFFFFFFFFFFFFFFFFFFFFFFFFFFFC3
:100D4000FFFFFFFFFFFFFFFFFFFFFFFFFFFFFFFFB3
:100D5000FFFFFFFFFFFFFFFFFFFFFFFFFFFFFFFFA3
:100D6000FFFFFFFFFFFFFFFFFFFFFFFFFFFFFFFF93
:100D7000FFFFFFFFFFFFFFFFFFFFFFFFFFFFFFFF83
:100D8000FFFFFFFFFFFFFFFFFFFFFFFFFFFFFFFF73
:100D9000FFFFFFFFFFFFFFFFFFFFFFFFFFFFFFFF63
:100DA000FFFFFFFFFFFFFFFFFFFFFFFFFFFFFFFF53
:100DB000FFFFFFFFFFFFFFFFFFFFFFFFFFFFFFFF43
:100DC000FFFFFFFFFFFFFFFFFFFFFFFFFFFFFFFF33
:100DD000FFFFFFFFFFFFFFFFFFFFFFFFFFFFFFFF23
:100DE000FFFFFFFFFFFFFFFFFFFFFFFFFFFFFFFF13
:100DF000FFFFFFFFFFFFFFFFFFFFFFFFFFFFFFFF03
:100E0000FFFFFFFFFFFFFFFFFFFFFFFFFFFFFFFFF2
:100E1000FFFFFFFFFFFFFFFFFFFFFFFFFFFFFFFFE2
:100E2000FFFFFFFFFFFFFFFFFFFFFFFFFFFFFFFFD2
:100E3000FFFFFFFFFFFFFFFFFFFFFFFFFFFFFFFFC2
:100E4000FFFFFFFFFFFFFFFFFFFFFFFFFFFFFFFFB2
:100E5000FFFFFFFFFFFFFFFFFFFFFFFFFFFFFFFFA2
:100E6000FFFFFFFFFFFFFFFFFFFFFFFFFFFFFFFF92
:100E7000FFFFFFFFFFFFFFFFFFFFFFFFFFFFFFFF82
:100E8000FFFFFFFFFFFFFFFFFFFFFFFFFFFFFFFF72
:100E9000FFFFFFFFFFFFFFFFFFFFFFFFFFFFFFFF62
:100EA000FFFFFFFFFFFFFFFFFFFFFFFFFFFFFFFF52
:100EB000FFFFFFFFFFFFFFFFFFFFFFFFFFFFFFFF42
:100EC000FFFFFFFFFFFFFFFFFFFFFFFFFFFFFFFF32
:100ED000FFFFFFFFFFFFFFFFFFFFFFFFFFFFFFFF22
:100EE000FFFFFFFFFFFFFFFFFFFFFFFFFFFFFFFF12
:100EF000FFFFFFFFFFFFFFFFFFFFFFFFFFFFFFFF02
:100F0000FFFFFFFFFFFFFFFFFFFFFFFFFFFFFFFFF1
:100F1000FFFFFFFFFFFFFFFFFFFFFFFFFFFFFFFFE1
:100F2000FFFFFFFFFFFFFFFFFFFFFFFFFFFFFFFFD1
:100F3000FFFFFFFFFFFFFFFFFFFFFFFFFFFFFFFFC1
:100F4000FFFFFFFFFFFFFFFFFFFFFFFFFFFFFFFFB1
:100F5000FFFFFFFFFFFFFFFFFFFFFFFFFFFFFFFFA1
:100F6000FFFFFFFFFFFFFFFFFFFFFFFFFFFFFFFF91
:100F7000FFFFFFFFFFFFFFFFFFFFFFFFFFFFFFFF81
:100F8000FFFFFFFFFFFFFFFFFFFFFFFFFFFFFFFF71
:100F9000FFFFFFFFFFFFFFFFFFFFFFFFFFFFFFFF61
:100FA000FFFFFFFFFFFFFFFFFFFFFFFFFFFFFFFF51
:100FB000FFFFFFFFFFFFFFFFFFFFFFFFFFFFFFFF41
:100FC000FFFFFFFFFFFFFFFFFFFFFFFFFFFFFFFF31
:100FD000FFFFFFFFFFFFFFFFFFFFFFFFFFFFFFFF21
:100FE000FFFFFFFFFFFFFFFFFFFFFFFFFFFFFFFF11
:100FF000FFFFFFFFFFFFFFFFFFFFFFFFFFFFFFFF01
:10100000D1002043F1150060000000000000000046
:10101000201000600010006000040260000000006A
:10102000000000600010020000000000FFFFFFFF52
:10103000FFFFFFFFFFFFFFFFFFFFFFFFFFFFFFFFC0
:10104000FFFFFFFFFFFFFFFFFFFFFFFFFFFFFFFFB0
:10105000FFFFFFFFFFFFFFFFFFFFFFFFFFFFFFFFA0
:10106000FFFFFFFFFFFFFFFFFFFFFFFFFFFFFFFF90
:10107000FFFFFFFFFFFFFFFFFFFFFFFFFFFFFFFF80
:10108000FFFFFFFFFFFFFFFFFFFFFFFFFFFFFFFF70
:10109000FFFFFFFFFFFFFFFFFFFFFFFFFFFFFFFF60
:1010A000FFFFFFFFFFFFFFFFFFFFFFFFFFFFFFFF50
:1010B000FFFFFFFFFFFFFFFFFFFFFFFFFFFFFFFF40
:1010C000FFFFFFFFFFFFFFFFFFFFFFFFFFFFFFFF30
:1010D000FFFFFFFFFFFFFFFFFFFFFFFFFFFFFFFF20
:1010E000FFFFFFFFFFFFFFFFFFFFFFFFFFFFFFFF10
:1010F000FFFFFFFFFFFFFFFFFFFFFFFFFFFFFFFF00
:10110000FFFFFFFFFFFFFFFFFFFFFFFFFFFFFFFFEF
:10111000FFFFFFFFFFFFFFFFFFFFFFFFFFFFFFFFDF
:10112000FFFFFFFFFFFFFFFFFFFFFFFFFFFFFFFFCF
:10113000FFFFFFFFFFFFFFFFFFFFFFFFFFFFFFFFBF
:10114000FFFFFFFFFFFFFFFFFFFFFFFFFFFFFFFFAF
:10115000FFFFFFFFFFFFFFFFFFFFFFFFFFFFFFFF9F
:10116000FFFFFFFFFFFFFFFFFFFFFFFFFFFFFFFF8F
:10117000FFFFFFFFFFFFFFFFFFFFFFFFFFFFFFFF7F
:10118000FFFFFFFFFFFFFFFFFFFFFFFFFFFFFFFF6F
:10119000FFFFFFFFFFFFFFFFFFFFFFFFFFFFFFFF5F
:1011A000FFFFFFFFFFFFFFFFFFFFFFFFFFFFFFFF4F
:1011B000FFFFFFFFFFFFFFFFFFFFFFFFFFFFFFFF3F
:1011C000FFFFFFFFFFFFFFFFFFFFFFFFFFFFFFFF2F
:1011D000FFFFFFFFFFFFFFFFFFFFFFFFFFFFFFFF1F
:1011E000FFFFFFFFFFFFFFFFFFFFFFFFFFFFFFFF0F
:1011F000FFFFFFFFFFFFFFFFFFFFFFFFFFFFFFFFFF
:10120000FFFFFFFFFFFFFFFFFFFFFFFFFFFFFFFFEE
:10121000FFFFFFFFFFFFFFFFFFFFFFFFFFFFFFFFDE
:10122000FFFFFFFFFFFFFFFFFFFFFFFFFFFFFFFFCE
:10123000FFFFFFFFFFFFFFFFFFFFFFFFFFFFFFFFBE
:10124000FFFFFFFFFFFFFFFFFFFFFFFFFFFFFFFFAE
:10125000FFFFFFFFFFFFFFFFFFFFFFFFFFFFFFFF9E
:10126000FFFFFFFFFFFFFFFFFFFFFFFFFFFFFFFF8E
:10127000FFFFFFFFFFFFFFFFFFFFFFFFFFFFFFFF7E
:10128000FFFFFFFFFFFFFFFFFFFFFFFFFFFFFFFF6E
:10129000FFFFFFFFFFFFFFFFFFFFFFFFFFFFFFFF5E
:1012A000FFFFFFFFFFFFFFFFFFFFFFFFFFFFFFFF4E
:1012B000FFFFFFFFFFFFFFFFFFFFFFFFFFFFFFFF3E
:1012C000FFFFFFFFFFFFFFFFFFFFFFFFFFFFFFFF2E
:1012D000FFFFFFFFFFFFFFFFFFFFFFFFFFFFFFFF1E
:1012E000FFFFFFFFFFFFFFFFFFFFFFFFFFFFFFFF0E
:1012F000FFFFFFFFFFFFFFFFFFFFFFFFFFFFFFFFFE
:10130000FFFFFFFFFFFFFFFFFFFFFFFFFFFFFFFFED
:10131000FFFFFFFFFFFFFFFFFFFFFFFFFFFFFFFFDD
:10132000FFFFFFFFFFFFFFFFFFFFFFFFFFFFFFFFCD
:10133000FFFFFFFFFFFFFFFFFFFFFFFFFFFFFFFFBD
:10134000FFFFFFFFFFFFFFFFFFFFFFFFFFFFFFFFAD
:10135000FFFFFFFFFFFFFFFFFFFFFFFFFFFFFFFF9D
:10136000FFFFFFFFFFFFFFFFFFFFFFFFFFFFFFFF8D
:10137000FFFFFFFFFFFFFFFFFFFFFFFFFFFFFFFF7D
:10138000FFFFFFFFFFFFFFFFFFFFFFFFFFFFFFFF6D
:10139000FFFFFFFFFFFFFFFFFFFFFFFFFFFFFFFF5D
:1013A000FFFFFFFFFFFFFFFFFFFFFFFFFFFFFFFF4D
:1013B000FFFFFFFFFFFFFFFFFFFFFFFFFFFFFFFF3D
:1013C000FFFFFFFFFFFFFFFFFFFFFFFFFFFFFFFF2D
:1013D000FFFFFFFFFFFFFFFFFFFFFFFFFFFFFFFF1D
:1013E000FFFFFFFFFFFFFFFFFFFFFFFFFFFFFFFF0D
:1013F000FFFFFFFFFFFFFFFFFFFFFFFFFFFFFFFFFD
:10140000824205D051F8043B40F8043B8242F9D8AF
:10141000704700BF044A05494FF0000342F8043BFF
:101420009142FBD8704700BFC0360020206D0020DD
:1014300008B5BFF34F8F00F06FF9544C544B0820A0
:101440005449C3F85401544AC3F800115348C3F82F
:10145000F0405349FFF7D4FF524A53495348FFF72E
:10146000CFFF534CFFF7D6FF4FF470004FF0E02151
:101470000023504AC1F8880D44F823200133B02BD3
:10148000FAD14D4B80214D4A03F8011B9342FBD109
:101490004FF0E0254A4E4B4A4FF0FF31C5F8084D5A
:1014A000D5F8243D43F4E023C5F8243DF36923F047
:1014B0007F0343F04003F361736A23F07F0343F03B
:1014C000400373629166D1661167516700F02CF991
:1014D0003D4A3E4BA2636322E36300246A61032317
:1014E0003B4AAC612B61C5F8202DD5F8FC2D394B5A
:1014F00042F080723849C5F8FC2D1A6842F00102AA
:101500001A605B680B6000F0DFFA344800F058FCAA
:10151000F16E334B334A41F44051F1661C60C3F81D
:101520000841C3F81841C3F82841C3F83841936B08
:10153000DB0708D442F615632B4951651365936B9D
:1015400043F001039363274A284C936843F0011347
:10155000936000F077F900F05FF800F045FC00F0D0
:10156000E5FA00F0DBF82368132BFCD900F07AFBD6
:101570002368B3F5967FFBD300F0D4F800F0D0F8E1
:1015800000F02EFC00F020FC30BFFDE70C0D111325
:1015900000800D401B10182038A901000000000039
:1015A0001C210060C036002058CA016000000020E5
:1015B000003400200117010000E400E0A0E400E096
:1015C00000C00F4000C00A40E1050100E505010030
:1015D00000002020001000E0906B00200046C32394
:1015E0000040084000400D400000C056946B0020B1
:1015F000054B4FF42A01054A05485A641864054A08
:1016000099639546FFF714FF00C00A40FFAAAAAAF3
:1016100007002000000006200F4B40F2376C0F4AF5
:10162000A020D96E41F44031D966D96E41F44071A1
:10163000D966C2F844C09064936C1B06FCD4084A77
:1016400040F23761A02351649364936C13F08003DC
:10165000FBD1044A1370704700C00F4000400C409B
:1016600000800C40D76C0020294A00210123C2F8D9
:10167000A000C2F8A410C2F8B0305369D907FCD555
:1016800001234FF4803C22495361C2F8A000C2F804
:10169000A4C0C2F8B0304B69DB07FCD501234FF47E
:1016A000003C1B4A4B61C1F8A000C1F8A4C0C1F8BE
:1016B000B0305369D907FCD50123DFF858C014496D
:1016C0005361C2F8A000C2F8A4C0C2F8B0304B69A0
:1016D000DB07FCD5D1F8003145F60D504FF0210C59
:1016E0009AB2C1F814C0824210D045F69D518A4288
:1016F0000AD1C3F34253032B08D0A3F10403B3FA76
:1017000083F35B0918017047002070470820704779
:1017100000402A4004000300704700BF704700BF2C
:10172000704700BF00BF70474FF0E02300214FF02B
:10173000100C3448C3F8941DC3F89CCD4FF0110C25
:10174000C3F8A00D3048C3F89CCD4FF0120CC3F87D
:10175000A00D2E48C3F89CCD2D4AC3F8A00DDFF88C
:10176000D0C042F015022B48C3F89CCDC3F8A00DA1
:10177000DFF8C0C02848C3F89CCDC3F8A00DDFF83F
:10178000B8C0C3F89C2D2548254AC3F8A0CDC3F89E
:101790009C0DC3F8A02D02F5A022DFF8A0C00C32EA
:1017A0002048C3F89CCDC3F8A02D1F4AC3F89C0D58
:1017B000C3F8A02D02F14062DFF884C002321B485A
:1017C000C3F89CCDC3F8A02D0A32C3F89C0DC3F812
:1017D000A02D00BF00BF00BF00BF00BF0122C3F8A3
:1017E000942DBFF34F8FBFF36F8FC3F8501FBFF31C
:1017F0004F8FBFF36F8FD3F8142D42F44032C3F8EC
:10180000142D70473F000010250008070900100044
:10181000206D00202100020725000813160020205B
:1018200027000B13180000602F000B071A00008020
:1018300013002000140000200900001017000040D1
:101840001900007030B5864B85B0DFF874E21822BD
:10185000844D0120C3F85CE28349C3F86052A5F5CA
:101860008055DFF860C2814CC3F864E2C3F8685267
:101870002125C3F86CC2C3F870C2C3F874C2C3F8A0
:1018800078C248F20C7CDA661A675A679A67DA6798
:10189000C3F88020C3F88420C3F88820C1F82C0343
:1018A000734AC1F83003C1F83403C1F83803C1F8F2
:1018B0003C03C1F85003A1696E4B0A406E486F4962
:1018C00013436F4AA361D4F8843043F00C03C4F887
:1018D00084304FF0FF34036843F002030360036871
:1018E00003EA0C031A43674B026044608A68664C43
:1018F0001340664A43F000538360C36823F07803C3
:10190000C360036A23401A43604B0262026A2240AA
:101910005F4C1343002243628462C46240F2056458
:10192000D1F8B83023F03F0343F00103C0F8B830DA
:10193000D1F8BC30574923F03F0343F00103C0F80E
:10194000BC3002610567C0F880404567C0F884403C
:101950000224036823F00203036081614E4B4F4968
:10196000C46143F8042B8B42FBD1434C236843F002
:1019700001032360256815F00105FBD145480222CB
:1019800040F2F561A06140F29940E26140F26642A6
:10199000C4F8001242F20141C4F81022404AC4F8CF
:1019A0002002C4F8302240F23542C4F834123D48D7
:1019B000C4F840223C4AC4F850022846C4F85422D5
:1019C00042F201223949C4F86012C4F86422FFF7D8
:1019D0004BFE0246002839D0810201234FF48020BB
:1019E00021662549C4F8A050C4F8A400C4F8B0305A
:1019F0004B69D807FCD515050124039228464C6194
:101A0000FFF732FE039A2A4B0244D2B21A7080B119
:101A1000194980024FF4802348660846C1F8A05057
:101A2000C1F8A430C1F8B0404369DB07FCD50123FD
:101A3000436120490024204801230094401A00EB10
:101A400002521E4800F0C8F905B030BD1B4B1849C2
:101A500018600870D860C3E9010005B030BD00BF50
:101A600000801F40F910010000841F4000C00F409B
:101A7000FFFCFF1F0003008000402A4000802A4036
:101A80001200FFFFFF37F70000FFF07C40000080EE
:101A9000FF000F83F05AF05A00422A4000432A40C8
:101AA0009F041830EB06180A063201263806180A79
:101AB000D96C002000000070000000703C6900201C
:101AC000F9B00100F970010010B5174A4FF48054C5
:101AD0004FF4005E4FF4404C4FF4803043F242012B
:101AE000136913F0020F0DD113F4005F0FD013F43C
:101AF000805F0FD0002BF3DA13F4803F0CD15B062C
:101B00000ED510BDC2F818C050619161E8E7C2F867
:101B100014E0E5E75461E3E74FF480339361DFE7D6
:101B200040235361DCE700BF00800D40414A0320A1
:101B30004149F3EE095AD2F880309FED406A23F014
:101B400001039FED3F5ADFF814C100B5C2F88030A1
:101B5000C2F89000D1F8E010DFF804E1CBB23948C8
:101B6000CEF8003007EE903A0B0DC1F30B21F8EEE2
:101B7000E77A06EE903A07EE101A334BB8EEC77AC2
:101B8000CCF80010F8EEE66A304937EEC66A37EE58
:101B9000C55A76EEC76A77EEE57A26EE266AC3ED79
:101BA000006A25EE265AD2F8803067EEA64AC0EDCC
:101BB000007AC6EE275A264885EE276AC4EEA76A41
:101BC00075EE875AFCEEE55A36EE076A15EE90CAB6
:101BD000BCEEC66A43EA0C5376EE877AC2F88030D0
:101BE00016EE103AD2F890C1FCEEE77A01EA034112
:101BF00041EA0C014FF0000C17EE903AC2F8901138
:101C0000C3F30B03D2F890110B431249C2F8903181
:101C1000D2F8803043F00203C2F880300E4B80F8D7
:101C200040C0C1F840314FF0E0230122C3F8082141
:101C300000BD00BF00810D4000441F400000AA42CB
:101C40000000B442046B0020086B00200000FF0F6E
:101C500000E400E000340020E5180100FC6A0020E8
:101C6000006B0020314B40F6617210B5C3F82021A3
:101C700040F2044400F0A0F82D4A2E49D2F88030FA
:101C80002D4843F00303C2F880302C4BC1F860416B
:101C900002681A4203D1D1F8A8319A071BD0254A0D
:101CA0004FF00041244B5963D2F8403143F0020316
:101CB000C2F84031D2F840319B07FBD44FF40030DA
:101CC0004FF0E0211C4B4FF00042C1F88C0219206C
:101CD0009A6300F07DF8184B0021164C4FF08042BB
:101CE0000A209A634FF480621960C4F8A80114486E
:101CF00000F05EF84FF4800203464FF4810040F29A
:101D000043111860C4F858311A640E4B0E4AC4F8D7
:101D10004811C3F804224FF0E0224FF400310123B0
:101D2000C2F80C11C4F8403110BD00BF00800D4056
:101D300000C00F4000002E4000900D40001C1E000F
:101D40000000002000340020E91A010008B50E4B05
:101D50001B6E9B0700D4FBBE72B60C4B00200C4AD6
:101D6000C3F8400103F160430A49A3F55F231164FE
:101D70009D46BFF34F8F4FF40013074A0748DB69B6
:101D800002609B68984700BF00441F4000002E403F
:101D900000C00A4003002000000012EB0080202059
:101DA000F8B500BFF8BC08BC9E46704700000000B4
:101DB0005FF800F0F94A01005FF800F00922010025
:101DC0005FF800F0F10A01005FF800F0551501001E
:101DD0005FF800F0050E01005FF800F0492E0100E9
:101DE0005FF800F0494D01005FF800F0E52C0100BC
:101DF00005010000F96D0000096F000099810000E5
:081E00006189000031D20000ED
:101E08006CC00F40030000000E0D0000D1E200007E
:101E18002A36000014000000130000000100000032
:101E2800F4841F402B32000014000000130000004F
:101E380001000000F8841F402D310000140000004C
:101E48001300000001000000F0841F402CFFFF0079
:101E58001400000000000000000000000100000065
:101E680000000000EC841F4000000000000000009B
:101E78006CC00F4030000000100F0000D1E20000DD
:101E880001270000170000001200000000010000F8
:101E980014851F401AFF0000120000000000000017
:101EA8000100000018851F401BFF00001200000001
:101EB800000000000100000010851F400026FF0000
:101EC80017000000120000000000000001010000DF
:101ED800010000000C851F400C851F400000000019
:101EE8006CC00F40C0000000504F0000A5E3000088
:101EF8000CFF0000130000000000000000000000BC
:101F080024851F400BFF00001300000000000000A4
:101F18000000000028851F400DFF0000130000008E
:101F2800000000000000000020851F400A25240052
:101F3800130000001200000012000000010203005C
:101F48000000000000000000000000000000000089
:101F58000901809611800A3A81550A3601082A0437
:101F6800000000F02B040000014021800A13800AC1
:101F780029800A0010034D0049004D002000500040
:101F88006F00430008034D0049004D000403090495
:101F98000902BA00050100A0FA080B0004FFFFFFC0
:101FA800000904000002FF5D010011210001012564
:101FB80081140000000013020800000705810320B7
:101FC8000004070502032000080904010004FF5D5E
:101FD80003001B2100010101834001042016850034
:101FE800000000000016050000000000000705833F
:101FF80003200002070504032000040705850320C9
:102008000040070505032000100904020001FF5DD8
:102018000200092100010122860700070586032026
:1020280000100904030000FFFD130406410001012C
:102038000309040400010300000009211101000143
:10204800221C000705870340000A00000902BA00A5
:10205800050100A0FA080B0004FFFFFF00090400B7
:102068000002FF5D0100112100010125811400001B
:10207800000013020800000705810320000407057B
:1020880002032000080904010004FF5D03001B216E
:1020980000010101834001042016850000000000B2
:1020A8000016050000000000000705830320000259
:1020B80007050403200004070585032000400705E1
:1020C80005032000100904020001FF5D0200092138
:1020D8000001012286070007058603200010090475
:1020E800030000FFFD130406410001010309040475
:1020F800000103000000092111010001221C000752
:1021080005870340000A00000A060002EF020140AA
:0421180001000000C2
:10211C0000000000000000000000000000000000B3
:10212C0000000000000000000000000000000000A3
:10213C00F8B54FF084439D695A6915400DD0254F71
:10214C0001269D6195FAA5F4B4FA84F457F824306D
:10215C0006FA04F49847A543F4D11F4B9D695A69BC
:10216C0015400DD01D4F01269D6195FAA5F4B4FACA
:10217C0084F457F8243006FA04F49847A543F4D1B4
:10218C00174B9D695A6915400DD0164F01269D615C
:10219C0095FAA5F4B4FA84F457F8243006FA04F44A
:1021AC009847A543F4D1104B9D695A6915400DD041
:1021BC000E4F01269D6195FAA5F4B4FA84F457F8F4
:1021CC00243006FA04F49847A543F4D1BFF34F8F9B
:1021DC00F8BD00BF082E002000400042882E0020D1
:1021EC0000800042082F002000C00042882F0020F1
:1021FC000548064B1B1AD90F01EBA301491002D05D
:10220C00034B03B118477047C0360020C03600207E
:10221C000000000008B5054B1BB105490548AFF39C
:10222C000080BDE80840FFF7E3BF00BF00000000DE
:10223C00C46A002000100260704700BF704700BFE6
:10224C00704700BF562802D1034B01229A73034BEF
:10225C001B6803B118477047A04500201C62002082
:10226C00562802D1034B00229A73034B1B6803B10F
:10227C0018477047A04500202C6200200023838261
:10228C00C0E90333704700BF704700BF012A57D124
:10229C002DE9F04F85B00E9A082A8CBF002201223E
:1022AC001AB1002005B0BDE8F08FB1F81EE040F285
:1022BC005E4CE645F5D193F805C0BCF1FF0FF0D1AB
:1022CC0093F806C0BCF1470FEBD193F800C00E9CFD
:1022DC009C4423440CF1060E7345E2D3934690467E
:1022EC0092469146174603921A4604E0F4440CF1C8
:1022FC00060E724526D39CF800E0BEF1030F21D9DF
:10230C009CF80130052BF1D1BEF1060FEED99CF8EB
:10231C00033003F00303032BE8D19CF902309CF843
:10232C000240002BBCF804509CF806602DDBB8F181
:10233C00000FDBD104F00F08C5F30A0B0396D5E7A9
:10234C00002070473A46002FABD04B460D46044652
:10235C000321402B2846CDF804A028BF402300932E
:10236C00012309F0D1F9E06000289AD0174A2346DE
:10237C0004F13401C263402208F01EFEB8F1000FD4
:10238C000BD10123184663758CE7002FAED104F0F6
:10239C000F07C5F30A09B246A8E75946039B424604
:1023AC002846052901934FF0000328BF0521009111
:1023BC00032109F0A9F9234620610028E1D0044942
:1023CC000522C163034908F0F7FDDAE7D5080000E0
:1023DC0079010000902A002008B52DED048B09EE40
:1023EC00900A9FED227A40F2E9312148F8EE697AA1
:1023FC0067EE807A87EE879A10F0EEFA40F2E931B8
:10240C0008EE900A1A4810F0E7FA08EE100A40F2AB
:10241C00E9311748F8EEE88A10F0DEFAB8EEC88A0F
:10242C0007EE100A9FED136A19EE902AB8EEC77AE0
:10243C00DFED116A38EE288A47F6FF7337EE087A1B
:10244C00C7EE067A67EE897ABDEC048B67EEA67A46
:10245C00FDEEE77A17EE900A10449842A8BF184692
:10246C000128B8BF012080B208BD00BF0000C842DF
:10247C0018FCFFFF00803B452DB25D40464AF8B585
:10248C0011680023454D04462B5411B18B79002B58
:10249C002FD1434A1378A34201D1002B78D1414B61
:1024AC00196829B38B791BB3C87A08B33E4D002346
:1024BC0095F800C008E0032A02D1CA7B012A60D03B
:1024CC00984201F11A0113D0DAB201339445F7D1D5
:1024DC000A7B012AEFD1CA7B012AF1D14A7BA242A5
:1024EC00EED1002331483249FF2203700B702A7061
:1024FC00F8BD304B1B78002BCBD191F807E0BEF127
:10250C00000FC6D0012301F1080701F109060DE007
:10251C00A44501D1285CD0B1082B18BF724503F13A
:10252C00010334BF01220022002AB2D017F8230085
:10253C00DAB20028F0D016F823C0BCF1000FEBD0B3
:10254C00A042E5D115F80C0008B1A445E4D1886887
:10255C000133DFED197A00EE100A184A01EB830300
:10256C00B4EEE70A1568D888F1EE10FA02D410B16F
:10257C00FFF732FF0544124A012315600D4A137010
:10258C0087E74A7BA242ACD08A7BA24298D1A8E7CB
:10259C0000231370F8BD00BF145C0020A46200205F
:1025AC00C66C0020A4630020D2300020CE6C00202A
:1025BC00C96C0020CB6C00200AD7233C946B002004
:1025CC00AC60002030B500220B7989B00446580766
:1025DC000692CDE9042203F001024FEA822248BFA1
:1025EC0042F040021D0748BF42F08002D80648BFA7
:1025FC0042F001029D0648BF42F00202580648BF55
:10260C0042F004021B064B7948BF42F00802DD067B
:10261C0048BF42F01002980648BF42F020025D0607
:10262C0048BF42F48072180623EA930048BF42F474
:10263C00007220EAD300C50762D403EAD300C007B6
:10264C0033D50123009204F1180C0A89C888920131
:10265C004D89B1F80EE080018DF818300023ADF8EB
:10266C000E20A5F500458A89AEF5004E098AADF815
:10267C000C00A2F500401A46A1F5004165F30F03CA
:10268C0001256EF30F02EE4660F31F4361F31F4208
:10269C00CDE90132BEE80F00ACE80F009EE8070060
:1026AC008CE80700257509B030BD03F00105C3F3B4
:1026BC0040004FEA530C85F0010580F0010005EA5B
:1026CC00D30E1EEA000F1FD10CEAD30E1EF0010F21
:1026DC0018D12CEA930E2EEAD30E1EF0010F19D14D
:1026EC000CEA930C1CF0010F10D100EA9300054288
:1026FC000ED103EA930303F00103C3F10803A1E72E
:10270C0000239FE703239DE702239BE7052399E71B
:10271C00062397E7042395E7DFF8B8C107EE902A64
:10272C00027F07EE101ADCF8001010B4002A00F03B
:10273C009F80046A0C1B06EE904AF8EE666AF5EE72
:10274C00C06AF1EE10FA07DD9FED5D6AF4EEC66A21
:10275C00F1EE10FA00F18F8090F87EC0B8EEC77AD7
:10276C00BCF1000F01D0B1EE477A90F87FC0F8EEC3
:10277C00E77ABCF1000F01D0F1EE677A002A5DD048
:10278C00F5EEC06AF1EE10FA58DDF7EE005A90ED56
:10279C000A6AB4EEE56AF1EE10FA7EDDB0EE085A84
:1027AC00F3EE0E5A26EE056AB4EEE56AF1EE10FA77
:1027BC0077D4DFED445AB4EEE56AF1EE10FACCBFF3
:1027CC0001220022DFED3F5A002A06FE256ABCEEEC
:1027DC00C66AB8EE466AF4EEC66AF1EE10FA2DD867
:1027EC0090ED115AD0ED125A90F8422037EE455A1E
:1027FC0077EEE55A012A85EE266A85EEA65A56D959
:10280C00D0ED134A022AD0ED145A80ED156A80EDF2
:10281C00136A75EE655A80ED165A36EE646A80EDD1
:10282C00145A86EE265A85EEA66A80ED175A80ED6C
:10283C00186A0ED1013280F842200AE000224FF0D3
:10284C00010C0265C2640266C2658265426580F84D
:10285C0042C0012280ED117AC0ED127A416680ED02
:10286C00057AC0ED067A02770162838410BC70474A
:10287C00DFED156A70E7F7EE005A90ED0A6AB4EED8
:10288C00E56AF1EE10FA0FD936EEC65ADFED0F5AA3
:10289C00A5EE256A80ED0A6A5EE700229FED0C6AC0
:1028AC0090E7B0EE656A96E7C0ED0A6A54E780EDF2
:1028BC00156A80ED136A80ED165A80ED145AB9E74B
:1028CC000000FA430000484300000000CDCC4C3E11
:1028DC0000001643946B00204FF01A0C1B4A01EBBE
:1028EC00810312680CFB0033134493F812C0BCF143
:1028FC00000F27D0DFED167ADFF860C000B5D2F8F4
:10290C00072083B0B3F8130000EE102ADCF8003077
:10291C00B4EEE70AF1EE10FA12D430B1CDE9003181
:10292C00FFF75AFD009B01990344DFF834C00948B6
:10293C00094ACCF8003001230170137003B000BDBC
:10294C000344F2E7034B197000F00CB8A4630020A9
:10295C000AD7233CCA6C0020CE6C0020946B00205C
:10296C00F860002000B5DFF874E09EF8001001312B
:10297C00C9B2032918D8164B01EB81021B6813440A
:10298C001A2202FB003303E05FFA8CF104290BD00E
:10299C009A7C01F1010C0533002AF5D08EF8001059
:1029AC005DF804EBFFF798BF0A4A137843B9DFF8D8
:1029BC0030C0FF20084913708CF80030087000BD3F
:1029CC0000218EF800105DF804EBFFF785BF00BF07
:1029DC00A4630020C96C0020D2300020CA6C0020F7
:1029EC00CE6C0020C36B2BB3826803F13401C2F3AD
:1029FC000E422F3A112A18D993F83420202A14D1D8
:102A0C0093F837200E2A10D1184600B583B00191E7
:102A1C000093FFF7D7FDDDE90031D86858B14022AB
:102A2C0003B05DF804EB08F0C7BAD86810B14022C7
:102A3C0008F0C2BA704703B000BD00BF204A13783B
:102A4C0000B583B00BB100231370DFF884C01A23D8
:102A5C00DFF880E0DCF800C08EF8000003FB00C358
:102A6C00DFF874E08EF80010997C11B3DCF80700E5
:102A7C00DFED147A00EE100A1349B3F81300B4EE2C
:102A8C00E70A0B68F1EE10FA11D428B10193FFF7A5
:102A9C00A3FC019B0A4A0344DFF840C000200B4909
:102AAC00CCF8003001230870137003B000BD034450
:102ABC00F2E7064B197003B05DF804EBFFF752BF59
:102ACC00CE6C00200AD7233C946B0020CA6C0020EB
:102ADC00A4630020D2300020C96C0020F8600020D4
:102AEC001D4BD3F8D82010689168006810B40842C8
:102AFC00137C546814BF0121002103F00303D4F8A4
:102B0C0000C0D06843EA81031CEA000F43F00801BF
:102B1C0018BF0B469908013B11740D2B0BD8DFE83D
:102B2C0003F0110C070C0A161111160A0C070C11E4
:102B3C0053690233536110BC70475369013B10BC9D
:102B4C00536170475369013310BC5361704753692B
:102B5C00023B10BC53617047006400201D4BD3F83E
:102B6C00D42010689168006810B40842137C546833
:102B7C0014BF0121002103F00303D4F800C0D06876
:102B8C0043EA81031CEA000F43F0080118BF0B460F
:102B9C009908013B11740D2B0BD8DFE803F0110CD5
:102BAC00070C0A161111160A0C070C115369023383
:102BBC00536110BC70475369013B10BC53617047A3
:102BCC005369013310BC536170475369023B10BC0D
:102BDC0053617047006400201D4BD3F8D02010685F
:102BEC009168006810B40842137C546814BF01212A
:102BFC00002103F00303D4F800C0D06843EA81033A
:102C0C001CEA000F43F0080118BF0B469908013B62
:102C1C0011740D2B0BD8DFE803F0110C070C0A16FE
:102C2C001111160A0C070C1153690233536110BCB5
:102C3C0070475369013B10BC5361704753690133B2
:102C4C0010BC536170475369023B10BC5361704711
:102C5C00006400201D4BD3F8CC20106891680068EC
:102C6C0010B40842137C546814BF0121002103F0F6
:102C7C000303D4F800C0D06843EA81031CEA000FB8
:102C8C0043F0080118BF0B469908013B11740D2B3A
:102C9C000BD8DFE803F0110C070C0A161111160AF9
:102CAC000C070C1153690233536110BC7047536904
:102CBC00013B10BC536170475369013310BC536125
:102CCC0070475369023B10BC53617047006400208D
:102CDC001D4BD3F8C82010689168006810B40842E6
:102CEC00137C546814BF0121002103F00303D4F8B2
:102CFC0000C0D06843EA81031CEA000F43F00801CE
:102D0C0018BF0B469908013B11740D2B0BD8DFE84B
:102D1C0003F0110C070C0A161111160A0C070C11F2
:102D2C0053690233536110BC70475369013B10BCAB
:102D3C00536170475369013310BC53617047536939
:102D4C00023B10BC53617047006400201D4BD3F84C
:102D5C00C42010689168006810B40842137C546851
:102D6C0014BF0121002103F00303D4F800C0D06884
:102D7C0043EA81031CEA000F43F0080118BF0B461D
:102D8C009908013B11740D2B0BD8DFE803F0110CE3
:102D9C00070C0A161111160A0C070C115369023391
:102DAC00536110BC70475369013B10BC53617047B1
:102DBC005369013310BC536170475369023B10BC1B
:102DCC0053617047006400201D4BD3F8C02010687D
:102DDC009168006810B40842137C546814BF012138
:102DEC00002103F00303D4F800C0D06843EA810348
:102DFC001CEA000F43F0080118BF0B469908013B71
:102E0C0011740D2B0BD8DFE803F0110C070C0A160C
:102E1C001111160A0C070C1153690233536110BCC3
:102E2C0070475369013B10BC5361704753690133C0
:102E3C0010BC536170475369023B10BC536170471F
:102E4C00006400201D4BD3F8BC201068916800680A
:102E5C0010B40842137C546814BF0121002103F004
:102E6C000303D4F800C0D06843EA81031CEA000FC6
:102E7C0043F0080118BF0B469908013B11740D2B48
:102E8C000BD8DFE803F0110C070C0A161111160A07
:102E9C000C070C1153690233536110BC7047536912
:102EAC00013B10BC536170475369013310BC536133
:102EBC0070475369023B10BC53617047006400209B
:102ECC001D4BD3F8B82010689168006810B4084204
:102EDC00137C546814BF0121002103F00303D4F8C0
:102EEC0000C0D06843EA81031CEA000F43F00801DC
:102EFC0018BF0B469908013B11740D2B0BD8DFE85A
:102F0C0003F0110C070C0A161111160A0C070C1100
:102F1C0053690233536110BC70475369013B10BCB9
:102F2C00536170475369013310BC53617047536947
:102F3C00023B10BC53617047006400201D4BD3F85A
:102F4C00B42010689168006810B40842137C54686F
:102F5C0014BF0121002103F00303D4F800C0D06892
:102F6C0043EA81031CEA000F43F0080118BF0B462B
:102F7C009908013B11740D2B0BD8DFE803F0110CF1
:102F8C00070C0A161111160A0C070C11536902339F
:102F9C00536110BC70475369013B10BC53617047BF
:102FAC005369013310BC536170475369023B10BC29
:102FBC0053617047006400201D4BD3F8B02010689B
:102FCC009168006810B40842137C546814BF012146
:102FDC00002103F00303D4F800C0D06843EA810356
:102FEC001CEA000F43F0080118BF0B469908013B7F
:102FFC0011740D2B0BD8DFE803F0110C070C0A161B
:10300C001111160A0C070C1153690233536110BCD1
:10301C0070475369013B10BC5361704753690133CE
:10302C0010BC536170475369023B10BC536170472D
:10303C00006400201D4BD3F8AC2010689168006828
:10304C0010B40842137C546814BF0121002103F012
:10305C000303D4F800C0D06843EA81031CEA000FD4
:10306C0043F0080118BF0B469908013B11740D2B56
:10307C000BD8DFE803F0110C070C0A161111160A15
:10308C000C070C1153690233536110BC7047536920
:10309C00013B10BC536170475369013310BC536141
:1030AC0070475369023B10BC5361704700640020A9
:1030BC001D4BD3F8A82010689168006810B4084222
:1030CC00137C546814BF0121002103F00303D4F8CE
:1030DC0000C0D06843EA81031CEA000F43F00801EA
:1030EC0018BF0B469908013B11740D2B0BD8DFE868
:1030FC0003F0110C070C0A161111160A0C070C110F
:10310C0053690233536110BC70475369013B10BCC7
:10311C00536170475369013310BC53617047536955
:10312C00023B10BC53617047006400201D4BD3F868
:10313C00A42010689168006810B40842137C54688D
:10314C0014BF0121002103F00303D4F800C0D068A0
:10315C0043EA81031CEA000F43F0080118BF0B4639
:10316C009908013B11740D2B0BD8DFE803F0110CFF
:10317C00070C0A161111160A0C070C1153690233AD
:10318C00536110BC70475369013B10BC53617047CD
:10319C005369013310BC536170475369023B10BC37
:1031AC0053617047006400201D4BD3F8A0201068B9
:1031BC009168006810B40842137C546814BF012154
:1031CC00002103F00303D4F800C0D06843EA810364
:1031DC001CEA000F43F0080118BF0B469908013B8D
:1031EC0011740D2B0BD8DFE803F0110C070C0A1629
:1031FC001111160A0C070C1153690233536110BCE0
:10320C0070475369013B10BC5361704753690133DC
:10321C0010BC536170475369023B10BC536170473B
:10322C00006400201D4BD3F89C2010689168006846
:10323C0010B40842137C546814BF0121002103F020
:10324C000303D4F800C0D06843EA81031CEA000FE2
:10325C0043F0080118BF0B469908013B11740D2B64
:10326C000BD8DFE803F0110C070C0A161111160A23
:10327C000C070C1153690233536110BC704753692E
:10328C00013B10BC536170475369013310BC53614F
:10329C0070475369023B10BC5361704700640020B7
:1032AC001D4BD3F8982010689168006810B4084240
:1032BC00137C546814BF0121002103F00303D4F8DC
:1032CC0000C0D06843EA81031CEA000F43F00801F8
:1032DC0018BF0B469908013B11740D2B0BD8DFE876
:1032EC0003F0110C070C0A161111160A0C070C111D
:1032FC0053690233536110BC70475369013B10BCD6
:10330C00536170475369013310BC53617047536963
:10331C00023B10BC53617047006400201D4BD3F876
:10332C00942010689168006810B40842137C5468AB
:10333C0014BF0121002103F00303D4F800C0D068AE
:10334C0043EA81031CEA000F43F0080118BF0B4647
:10335C009908013B11740D2B0BD8DFE803F0110C0D
:10336C00070C0A161111160A0C070C1153690233BB
:10337C00536110BC70475369013B10BC53617047DB
:10338C005369013310BC536170475369023B10BC45
:10339C0053617047006400201D4BD3F890201068D7
:1033AC009168006810B40842137C546814BF012162
:1033BC00002103F00303D4F800C0D06843EA810372
:1033CC001CEA000F43F0080118BF0B469908013B9B
:1033DC0011740D2B0BD8DFE803F0110C070C0A1637
:1033EC001111160A0C070C1153690233536110BCEE
:1033FC0070475369013B10BC5361704753690133EB
:10340C0010BC536170475369023B10BC5361704749
:10341C00006400201D4BD3F88C2010689168006864
:10342C0010B40842137C546814BF0121002103F02E
:10343C000303D4F800C0D06843EA81031CEA000FF0
:10344C0043F0080118BF0B469908013B11740D2B72
:10345C000BD8DFE803F0110C070C0A161111160A31
:10346C000C070C1153690233536110BC704753693C
:10347C00013B10BC536170475369013310BC53615D
:10348C0070475369023B10BC5361704700640020C5
:10349C001D4BD3F8882010689168006810B408425E
:1034AC00137C546814BF0121002103F00303D4F8EA
:1034BC0000C0D06843EA81031CEA000F43F0080106
:1034CC0018BF0B469908013B11740D2B0BD8DFE884
:1034DC0003F0110C070C0A161111160A0C070C112B
:1034EC0053690233536110BC70475369013B10BCE4
:1034FC00536170475369013310BC53617047536972
:10350C00023B10BC53617047006400201D4BD3F884
:10351C00842010689168006810B40842137C5468C9
:10352C0014BF0121002103F00303D4F800C0D068BC
:10353C0043EA81031CEA000F43F0080118BF0B4655
:10354C009908013B11740D2B0BD8DFE803F0110C1B
:10355C00070C0A161111160A0C070C1153690233C9
:10356C00536110BC70475369013B10BC53617047E9
:10357C005369013310BC536170475369023B10BC53
:10358C0053617047006400201D4BD3F880201068F5
:10359C009168006810B40842137C546814BF012170
:1035AC00002103F00303D4F800C0D06843EA810380
:1035BC001CEA000F43F0080118BF0B469908013BA9
:1035CC0011740D2B0BD8DFE803F0110C070C0A1645
:1035DC001111160A0C070C1153690233536110BCFC
:1035EC0070475369013B10BC5361704753690133F9
:1035FC0010BC536170475369023B10BC5361704758
:10360C00006400201D4BDA6F10689168006810B4DC
:10361C000842137C546814BF0121002103F00303FA
:10362C00D4F800C0D06843EA81031CEA000F43F0D1
:10363C00080118BF0B469908013B11740D2B0BD8D0
:10364C00DFE803F0110C070C0A161111160A0C070F
:10365C000C1153690233536110BC70475369013B21
:10366C0010BC536170475369013310BC53617047F0
:10367C005369023B10BC5361704700BF00640020CB
:10368C001D4B9A6F10689168006810B40842137C47
:10369C00546814BF0121002103F00303D4F800C0C7
:1036AC00D06843EA81031CEA000F43F0080118BFFD
:1036BC000B469908013B11740D2B0BD8DFE803F076
:1036CC00110C070C0A161111160A0C070C11536970
:1036DC000233536110BC70475369013B10BC5361FA
:1036EC0070475369013310BC536170475369023BF7
:1036FC0010BC5361704700BF006400201D4B5A6F13
:10370C0010689168006810B40842137C546814BFA8
:10371C000121002103F00303D4F800C0D06843EA70
:10372C0081031CEA000F43F0080118BF0B469908EF
:10373C00013B11740D2B0BD8DFE803F0110C070CB7
:10374C000A161111160A0C070C1153690233536136
:10375C0010BC70475369013B10BC536170475369EF
:10376C00013310BC536170475369023B10BC536169
:10377C00704700BF006400201D4B1A6F10689168E1
:10378C00006810B40842137C546814BF0121002156
:10379C0003F00303D4F800C0D06843EA81031CEAA9
:1037AC00000F43F0080118BF0B469908013B117438
:1037BC000D2B0BD8DFE803F0110C070C0A161111B6
:1037CC00160A0C070C1153690233536110BC704775
:1037DC005369013B10BC536170475369013310BCF2
:1037EC00536170475369023B10BC5361704700BF73
:1037FC00006400201D4BDA6E10689168006810B4EC
:10380C000842137C546814BF0121002103F0030308
:10381C00D4F800C0D06843EA81031CEA000F43F0DF
:10382C00080118BF0B469908013B11740D2B0BD8DE
:10383C00DFE803F0110C070C0A161111160A0C071D
:10384C000C1153690233536110BC70475369013B2F
:10385C0010BC536170475369013310BC53617047FE
:10386C005369023B10BC5361704700BF00640020D9
:10387C001D4B9A6E10689168006810B40842137C56
:10388C00546814BF0121002103F00303D4F800C0D5
:10389C00D06843EA81031CEA000F43F0080118BF0B
:1038AC000B469908013B11740D2B0BD8DFE803F084
:1038BC00110C070C0A161111160A0C070C1153697E
:1038CC000233536110BC70475369013B10BC536108
:1038DC0070475369013310BC536170475369023B05
:1038EC0010BC5361704700BF006400201D4B5A6E22
:1038FC0010689168006810B40842137C546814BFB7
:10390C000121002103F00303D4F800C0D06843EA7E
:10391C0081031CEA000F43F0080118BF0B469908FD
:10392C00013B11740D2B0BD8DFE803F0110C070CC5
:10393C000A161111160A0C070C1153690233536144
:10394C0010BC70475369013B10BC536170475369FD
:10395C00013310BC536170475369023B10BC536177
:10396C00704700BF006400201D4B1A6E10689168F0
:10397C00006810B40842137C546814BF0121002164
:10398C0003F00303D4F800C0D06843EA81031CEAB7
:10399C00000F43F0080118BF0B469908013B117446
:1039AC000D2B0BD8DFE803F0110C070C0A161111C4
:1039BC00160A0C070C1153690233536110BC704783
:1039CC005369013B10BC536170475369013310BC00
:1039DC00536170475369023B10BC5361704700BF81
:1039EC00006400201D4BDA6D10689168006810B4FB
:1039FC000842137C546814BF0121002103F0030317
:103A0C00D4F800C0D06843EA81031CEA000F43F0ED
:103A1C00080118BF0B469908013B11740D2B0BD8EC
:103A2C00DFE803F0110C070C0A161111160A0C072B
:103A3C000C1153690233536110BC70475369013B3D
:103A4C0010BC536170475369013310BC536170470C
:103A5C005369023B10BC5361704700BF00640020E7
:103A6C001D4B9A6D10689168006810B40842137C65
:103A7C00546814BF0121002103F00303D4F800C0E3
:103A8C00D06843EA81031CEA000F43F0080118BF19
:103A9C000B469908013B11740D2B0BD8DFE803F092
:103AAC00110C070C0A161111160A0C070C1153698C
:103ABC000233536110BC70475369013B10BC536116
:103ACC0070475369013310BC536170475369023B13
:103ADC0010BC5361704700BF006400201D4B5A6D31
:103AEC0010689168006810B40842137C546814BFC5
:103AFC000121002103F00303D4F800C0D06843EA8D
:103B0C0081031CEA000F43F0080118BF0B4699080B
:103B1C00013B11740D2B0BD8DFE803F0110C070CD3
:103B2C000A161111160A0C070C1153690233536152
:103B3C0010BC70475369013B10BC5361704753690B
:103B4C00013310BC536170475369023B10BC536185
:103B5C00704700BF006400201D4B1A6D10689168FF
:103B6C00006810B40842137C546814BF0121002172
:103B7C0003F00303D4F800C0D06843EA81031CEAC5
:103B8C00000F43F0080118BF0B469908013B117454
:103B9C000D2B0BD8DFE803F0110C070C0A161111D2
:103BAC00160A0C070C1153690233536110BC704791
:103BBC005369013B10BC536170475369013310BC0E
:103BCC00536170475369023B10BC5361704700BF8F
:103BDC00006400201D4BDA6C10689168006810B40A
:103BEC000842137C546814BF0121002103F0030325
:103BFC00D4F800C0D06843EA81031CEA000F43F0FC
:103C0C00080118BF0B469908013B11740D2B0BD8FA
:103C1C00DFE803F0110C070C0A161111160A0C0739
:103C2C000C1153690233536110BC70475369013B4B
:103C3C0010BC536170475369013310BC536170471A
:103C4C005369023B10BC5361704700BF00640020F5
:103C5C001D4B9A6C10689168006810B40842137C74
:103C6C00546814BF0121002103F00303D4F800C0F1
:103C7C00D06843EA81031CEA000F43F0080118BF27
:103C8C000B469908013B11740D2B0BD8DFE803F0A0
:103C9C00110C070C0A161111160A0C070C1153699A
:103CAC000233536110BC70475369013B10BC536124
:103CBC0070475369013310BC536170475369023B21
:103CCC0010BC5361704700BF006400201D4B5A6C40
:103CDC0010689168006810B40842137C546814BFD3
:103CEC000121002103F00303D4F800C0D06843EA9B
:103CFC0081031CEA000F43F0080118BF0B4699081A
:103D0C00013B11740D2B0BD8DFE803F0110C070CE1
:103D1C000A161111160A0C070C1153690233536160
:103D2C0010BC70475369013B10BC53617047536919
:103D3C00013310BC536170475369023B10BC536193
:103D4C00704700BF006400201D4B1A6C106891680E
:103D5C00006810B40842137C546814BF0121002180
:103D6C0003F00303D4F800C0D06843EA81031CEAD3
:103D7C00000F43F0080118BF0B469908013B117462
:103D8C000D2B0BD8DFE803F0110C070C0A161111E0
:103D9C00160A0C070C1153690233536110BC70479F
:103DAC005369013B10BC536170475369013310BC1C
:103DBC00536170475369023B10BC5361704700BF9D
:103DCC00006400201D4BDA6B10689168006810B419
:103DDC000842137C546814BF0121002103F0030333
:103DEC00D4F800C0D06843EA81031CEA000F43F00A
:103DFC00080118BF0B469908013B11740D2B0BD809
:103E0C00DFE803F0110C070C0A161111160A0C0747
:103E1C000C1153690233536110BC70475369013B59
:103E2C0010BC536170475369013310BC5361704728
:103E3C005369023B10BC5361704700BF0064002003
:103E4C001D4B9A6B10689168006810B40842137C83
:103E5C00546814BF0121002103F00303D4F800C0FF
:103E6C00D06843EA81031CEA000F43F0080118BF35
:103E7C000B469908013B11740D2B0BD8DFE803F0AE
:103E8C00110C070C0A161111160A0C070C115369A8
:103E9C000233536110BC70475369013B10BC536132
:103EAC0070475369013310BC536170475369023B2F
:103EBC0010BC5361704700BF006400201D4B5A6B4F
:103ECC0010689168006810B40842137C546814BFE1
:103EDC000121002103F00303D4F800C0D06843EAA9
:103EEC0081031CEA000F43F0080118BF0B46990828
:103EFC00013B11740D2B0BD8DFE803F0110C070CF0
:103F0C000A161111160A0C070C115369023353616E
:103F1C0010BC70475369013B10BC53617047536927
:103F2C00013310BC536170475369023B10BC5361A1
:103F3C00704700BF006400201D4B1A6B106891681D
:103F4C00006810B40842137C546814BF012100218E
:103F5C0003F00303D4F800C0D06843EA81031CEAE1
:103F6C00000F43F0080118BF0B469908013B117470
:103F7C000D2B0BD8DFE803F0110C070C0A161111EE
:103F8C00160A0C070C1153690233536110BC7047AD
:103F9C005369013B10BC536170475369013310BC2A
:103FAC00536170475369023B10BC5361704700BFAB
:103FBC00006400201D4BDA6A10689168006810B428
:103FCC000842137C546814BF0121002103F0030341
:103FDC00D4F800C0D06843EA81031CEA000F43F018
:103FEC00080118BF0B469908013B11740D2B0BD817
:103FFC00DFE803F0110C070C0A161111160A0C0756
:10400C000C1153690233536110BC70475369013B67
:10401C0010BC536170475369013310BC5361704736
:10402C005369023B10BC5361704700BF0064002011
:10403C001D4B9A6A10689168006810B40842137C92
:10404C00546814BF0121002103F00303D4F800C00D
:10405C00D06843EA81031CEA000F43F0080118BF43
:10406C000B469908013B11740D2B0BD8DFE803F0BC
:10407C00110C070C0A161111160A0C070C115369B6
:10408C000233536110BC70475369013B10BC536140
:10409C0070475369013310BC536170475369023B3D
:1040AC0010BC5361704700BF006400201D4B5A6A5E
:1040BC0010689168006810B40842137C546814BFEF
:1040CC000121002103F00303D4F800C0D06843EAB7
:1040DC0081031CEA000F43F0080118BF0B46990836
:1040EC00013B11740D2B0BD8DFE803F0110C070CFE
:1040FC000A161111160A0C070C115369023353617D
:10410C0010BC70475369013B10BC53617047536935
:10411C00013310BC536170475369023B10BC5361AF
:10412C00704700BF006400201D4B1A6A106891682C
:10413C00006810B40842137C546814BF012100219C
:10414C0003F00303D4F800C0D06843EA81031CEAEF
:10415C00000F43F0080118BF0B469908013B11747E
:10416C000D2B0BD8DFE803F0110C070C0A161111FC
:10417C00160A0C070C1153690233536110BC7047BB
:10418C005369013B10BC536170475369013310BC38
:10419C00536170475369023B10BC5361704700BFB9
:1041AC00006400201D4BDA6910689168006810B437
:1041BC000842137C546814BF0121002103F003034F
:1041CC00D4F800C0D06843EA81031CEA000F43F026
:1041DC00080118BF0B469908013B11740D2B0BD825
:1041EC00DFE803F0110C070C0A161111160A0C0764
:1041FC000C1153690233536110BC70475369013B76
:10420C0010BC536170475369013310BC5361704744
:10421C005369023B10BC5361704700BF006400201F
:10422C001D4B9A6910689168006810B40842137CA1
:10423C00546814BF0121002103F00303D4F800C01B
:10424C00D06843EA81031CEA000F43F0080118BF51
:10425C000B469908013B11740D2B0BD8DFE803F0CA
:10426C00110C070C0A161111160A0C070C115369C4
:10427C000233536110BC70475369013B10BC53614E
:10428C0070475369013310BC536170475369023B4B
:10429C0010BC5361704700BF006400201D4B5A696D
:1042AC0010689168006810B40842137C546814BFFD
:1042BC000121002103F00303D4F800C0D06843EAC5
:1042CC0081031CEA000F43F0080118BF0B46990844
:1042DC00013B11740D2B0BD8DFE803F0110C070C0C
:1042EC000A161111160A0C070C115369023353618B
:1042FC0010BC70475369013B10BC53617047536944
:10430C00013310BC536170475369023B10BC5361BD
:10431C00704700BF006400201D4B1A69106891683B
:10432C00006810B40842137C546814BF01210021AA
:10433C0003F00303D4F800C0D06843EA81031CEAFD
:10434C00000F43F0080118BF0B469908013B11748C
:10435C000D2B0BD8DFE803F0110C070C0A1611110A
:10436C00160A0C070C1153690233536110BC7047C9
:10437C005369013B10BC536170475369013310BC46
:10438C00536170475369023B10BC5361704700BFC7
:10439C00006400201D4BDA6810689168006810B446
:1043AC000842137C546814BF0121002103F003035D
:1043BC00D4F800C0D06843EA81031CEA000F43F034
:1043CC00080118BF0B469908013B11740D2B0BD833
:1043DC00DFE803F0110C070C0A161111160A0C0772
:1043EC000C1153690233536110BC70475369013B84
:1043FC0010BC536170475369013310BC5361704753
:10440C005369023B10BC5361704700BF006400202D
:10441C001D4B9A6810689168006810B40842137CB0
:10442C00546814BF0121002103F00303D4F800C029
:10443C00D06843EA81031CEA000F43F0080118BF5F
:10444C000B469908013B11740D2B0BD8DFE803F0D8
:10445C00110C070C0A161111160A0C070C115369D2
:10446C000233536110BC70475369013B10BC53615C
:10447C0070475369013310BC536170475369023B59
:10448C0010BC5361704700BF006400201D4B5A687C
:10449C0010689168006810B40842137C546814BF0B
:1044AC000121002103F00303D4F800C0D06843EAD3
:1044BC0081031CEA000F43F0080118BF0B46990852
:1044CC00013B11740D2B0BD8DFE803F0110C070C1A
:1044DC000A161111160A0C070C1153690233536199
:1044EC0010BC70475369013B10BC53617047536952
:1044FC00013310BC536170475369023B10BC5361CC
:10450C00704700BF006400201D4B1A68106891684A
:10451C00006810B40842137C546814BF01210021B8
:10452C0003F00303D4F800C0D06843EA81031CEA0B
:10453C00000F43F0080118BF0B469908013B11749A
:10454C000D2B0BD8DFE803F0110C070C0A16111118
:10455C00160A0C070C1153690233536110BC7047D7
:10456C005369013B10BC536170475369013310BC54
:10457C00536170475369023B10BC5361704700BFD5
:10458C00006400204B490122F8B54B4C0B782254A7
:10459C00002B67D149490A78002A71D1484B1E6813
:1045AC00002E3AD0B379002B37D0464BF17A1B68EA
:1045BC001F4691B333460AE0BCF1020F2ED193F89B
:1045CC000DC0844561D001321A338A4225D093F84C
:1045DC000CC0D5B2BCF1010FEED193F80DC08445DF
:1045EC00F1D11A2303FB0263D97B012902D00229E2
:1045FC0005D091B92846BDE8F840FEF71FBA3249FC
:10460C008B5C83F001038B54002B4CD12F4CFF217E
:10461C002F48304A237003701170F8BDBCF1030FA2
:10462C00D1D193F80DC0844507D093F80EE08645A0
:10463C00C9D114F80C30002BEFD01A2303FB026302
:10464C00997B615C0029E8D0D97B0129D2D0022961
:10465C00CFD11D498B5C83F001038B54002BD5D03B
:10466C000121C7E700231C4C0A220B702070014665
:10467C001A480EF0EBF81948BDE8F8400EF0BEB839
:10468C00154A0B7010700A22F1E7154B53F82010E5
:10469C0043F820707B1A312BBFD91A2101FB02621F
:1046AC00128A9A42B9D328460021BDE8F840FEF799
:1046BC00C5B900BFC06C0020A4620020BC6C0020F7
:1046CC00A4630020946B0020C0600020CE6C0020FE
:1046DC00C96C0020D2300020C66C0020A02900201C
:1046EC00205C0020424B02689A4210B57AD10379C3
:1046FC00022B77D1431D00F12F01002413F8012F59
:10470C008B4284EA0204F9D14179A1425FD1D0ED08
:10471C00027AF5EEC07AF1EE10FA63D4B7EE007AB5
:10472C00F4EEC77AF1EE10FA5CDCD0ED037AF5EE1C
:10473C00C07AF1EE10FA55D4F3EE046AF4EEE67A90
:10474C00F1EE10FA4EDCD0ED047ADFED2A6AF4EECD
:10475C00E67AF1EE10FA45D4B1EE046AF4EEC67ABC
:10476C00F1EE10FA3EDCD0ED057AF4EEE67AF1EEDD
:10477C0010FA37D4F4EEC77AF1EE10FA32DCB6EE5A
:10478C00007AD0ED067AF4EEC77AF1EE10FA29D45D
:10479C00B0EE087AF4EEC77AF1EE10FA22DC00F1F2
:1047AC001B0400F12B0C14F8012F131F02F1100144
:1047BC00DBB2C9B2E32B02D90AB1042912D8A44541
:1047CC00F1D190F82C30012B0CD8012010BD002316
:1047DC00102209480EF03AF8002310222146064810
:1047EC000EF034F804480EF009F8002010BD00BF9C
:1047FC00314D4941CDCCCC3DA0290020504B10B5BA
:10480C0002689A4240F096800379022B40F0928025
:10481C00431D00F13F01002413F8012F994284EA53
:10482C000204F9D14179A14279D1002200EB420175
:10483C0001324B8A03F5FA739BB2B3F57A7F79D8C0
:10484C000B8C03F5FA739BB2B3F57A7F72D8072AF7
:10485C00ECD1428E40F6B8339A426BD8828E9A4293
:10486C0068D8D0F806309FED377A07EE903AF4EE20
:10487C00C77AF1EE10FA5DD4F2EE0E6AF4EEE67A37
:10488C00F1EE10FA56DCD0F82E3007EE903AF5EE39
:10489C00C07AF1EE10FA4DD4F3EE046AF4EEE67A37
:1048AC00F1EE10FA46DCD0F80A3007EE903AF4EE4E
:1048BC00C77AF1EE10FA3DD4B2EE0E7AF4EEC77A66
:1048CC00F1EE10FA36DC90F83630053B5A2B31D825
:1048DC00D0F80E3042F21C52A3F5FA73934229D849
:1048EC0090F83730092B25D890F83830092B21D87F
:1048FC0090F839301F2B1DD8C36BB7EE007A07EE3A
:10490C00903AF4EEC77AF1EE10FA13D49FED0E7ACA
:10491C00F4EEC77AF1EE10FA0CDC012010BD002386
:10492C0010220A480DF092FF00231022214607485E
:10493C000DF08CFF05480DF061FF002010BD00BF8D
:10494C00314D4943CDCCCC3D00000044A029002082
:10495C0010B5002304460E4A0321A3822260236370
:10496C000C48C4E90133C4E90333C4E90633C4E990
:10497C000833C4E90A330BF04BFA042106480BF058
:10498C005FFA012105480BF075FA204610BD00BFF7
:10499C00381A0020E0420020E0410020C4630020CF
:1049AC00F8B504464FF440730025FF27A4F898335C
:1049BC0004F5EB63764A2030C4F858374FF468732B
:1049CC00257022626570C4F8A803A570A4F85C3742
:1049DC00E570A573277165626771A562C4F8785399
:1049EC00C4F87C5384F89A5384F85E57C4E9E055B4
:1049FC00C4E9E255C4E9E45507F0BAFC654B04F58B
:104A0C00EC6084F8855703F14C02C4F86037C4F8A5
:104A1C006457C4F86C27C4F86857C4F8705784F806
:104A2C007457C4F87857C4F87C57C4F8805784F886
:104A3C00845784F8865784F88757C4F88857C4F885
:104A4C008C57C4F89057C4F894570BF01DFC524B7C
:104A5C0004F5F36084F81A5803F15802C4F8983737
:104A6C00A4F81C7804F50467C4F8A427C4F89C5770
:104A7C00C4F8A057C4F8A85784F8AC57C4F8B0577A
:104A8C00C4F8B457C4F8C057C4F8C45784F8F657E0
:104A9C0084F8F857C4F80458C4F80858C4F80C58EB
:104AAC00C4F81058C4F81458A4F8185884F81B58B3
:104ABC0084F82758C4F82858C4F82C58C4F830582F
:104ACC00C4F834580AF022FE344B294604F6880008
:104ADC0003F16C02C4F840389833C4F84458C4F855
:104AEC004C2840F20112C4F858380123A4F8782855
:104AFC004FF4807284F87A38C4F84858C4F8505887
:104B0C00C4F85458C4F85C5884F86058C4F8645815
:104B1C00C4F8685884F86C58C4F87058C4F87458C1
:104B2C00C4F87C58A4F8805884F88258C4F8845887
:104B3C0012F06AF800220023C7E95223C7E9542374
:104B4C0040F2FF320023C7E95623C4F8A059C4F839
:104B5C00A459C4F8A859C4F8AC590EF031FA03465C
:104B6C0084F8B4593846C4F8B03984F8D55CC4F824
:104B7C00D65C08F08FFC04F55860FFF7E9FE204680
:104B8C0084F8F45DC4F80650C4F80A50F8BD00BFB0
:104B9C0074180020B0190020501B00207C1A002033
:104BAC0000B583B0019005F07BFF0198034A044BDC
:104BBC00C0F8C027C0F8C43703B000BD35010000F1
:104BCC005101000030B5044683B00D4606F042FF9B
:104BDC00D4F8683794F88527003B02F0FF0118BF22
:104BEC00012384F8F43D12B9084603B030BD94F8A3
:104BFC0087376FF07E0204F5EC6001912B70D4F8CE
:104C0C0088377F2BA8BF7F239342B8BF13466B8096
:104C1C00D4F88C377F2BA8BF7F239342B8BF1346A1
:104C2C00AB80D4F890377F2BA8BF7F239342B8BFBB
:104C3C001346AB710BF034FB0199084603B030BD41
:104C4C00704700BF90F8F40D704700BF2DE9F04F8E
:104C5C0004468BB0019106F0FDFE94F88238019960
:104C6C00C3B994F8940D10B90BB0BDE8F08F04F6ED
:104C7C00985E03F0FF058C46BEE80F00ACE80F0011
:104C8C009EE807008CE8070084F8945D01200BB0C7
:104C9C00BDE8F08FD4F884E80A4604F6840304F6E1
:104CAC00AC0C42F802EB53F8040F9C4522F8020FAF
:104CBC00F9D194F86C38033B012B0BD9B1F91630B0
:104CCC009AB2092A28BFFF230B7604F5046008F07A
:104CDC0037FFDBE7B1F904300EF48079B1F9080045
:104CEC000EF4806AA3F500450023A0F50040B1F94D
:104CFC0006209C46089360F30F0C47F6FF70CDE935
:104D0C000633821A65F30F0362F31F43B1F90E20C9
:104D1C00801A4A8960F31F4C40F2FF30824228BF50
:104D2C00024697018A89824228BF02461EF4806F90
:104D3C00CEF3C0204FEA8218CEF3002217D1D2B1A5
:104D4C008DF82000ADF81470ADF81680CDE9033C59
:104D5C002EF470630DF1080E8C460293BEE80F0022
:104D6C00ACE80F009EE807008CE80700ADE712B135
:104D7C0008B10120E4E70EF40075AB46B9F1000F61
:104D8C0005D120B14D450CBF02200320D8E74FEAD6
:104D9C005B26BBF1000F00D0B8B91EF4406F00D1F8
:104DAC00AEB94FEA9A2016B108B10520C8E7BBF19D
:104DBC00000F14BF002500F0010515B1B9F1000F6B
:104DCC0007D01040C0F10800BAE70320B8E7042070
:104DDC00B6E70620B4E700BFD0F854380BB1012079
:104DEC00704790F8950D7047D0F8A007003818BFA1
:104DFC00012070470138022808B505D808480DF085
:104E0C00FDFC07480DF0FAFC05480DF0F7FC64209A
:104E1C000EF080F80248BDE808400DF0EFBC00BF72
:104E2C00A0290020FFEE007A00B5B4EEE70A87B0A7
:104E3C00F1EE10FA5ED4F7EE007A9FED357AB4EE0F
:104E4C00E70AF1EE10FA77FE807A67EE877AFDEECC
:104E5C00E77A17EE901AFFEE007A5FFA81FEC1F343
:104E6C000721F4EEE70AF1EE10FA4DD4F7EE007AD2
:104E7C009FED277AF4EEE70AF1EE10FA77FEA07AAE
:104E8C0067EE877AFDEEE77A17EE902A5FFA82FCDE
:104E9C00C2F307220023019302930593CDE9033358
:104EAC006EF3070361F30F236CF31743C0F3001C7D
:104EBC0062F31F63CDF80E30030103F0200203F000
:104ECC00400103F4796343EA0C03134302094008DD
:104EDC0002F002020B4300F02000142113438DF862
:104EEC00060001A88DF807308DF805100FF0FEFABA
:104EFC0007B000BDFFEE007A80214FF0010EF4EEFA
:104F0C00E70AF1EE10FAB1D580224FF0010CC1E79F
:104F1C0000FEFF460B4611460022D3F800C003608A
:104F2C001846DCF81C30184770B50446006820B3EE
:104F3C00002504F10E060DE0627C531C2244DBB20A
:104F4C00082B6374107204D9237CA5740A2B657426
:104F5C0014D0206803681B69984770B120680368F7
:104F6C005B699847A37CC0B2002BE5D1FE28F0D139
:104F7C00012320726374A374EBE770BD04F1080382
:104F8C00002213F8011FB34282EA0102F9D1E37B3C
:104F9C009342DED1B4F80D30C82BDAD8B4F90B201B
:104FAC002046B4F90910FDF7B7FBD2E7B5EEC00AFD
:104FBC0000230B80F1EE10FA138019D9F3EE045A8A
:104FCC0090ED0E6AB7EE007AD0ED0F7AC6EE006A5D
:104FDC000023836380EE256A76EEE76AB4EEC76A37
:104FEC00F1EE10FA37FE067AE7EE267AC0ED0F7A6C
:104FFC000379002B00F0C9810368002B00F0C581F8
:10500C00037F002B00F0C18190F86930012B00F078
:10501C00B881022B03D1C379002B00F0B681F7EED7
:10502C00006ADFF8C0C390ED0A7ADCF80030B4EE09
:10503C00E67A10B5046AF1EE10FAA3EB040307EE5E
:10504C00903AF8EE677A40F3A481B4EEE77AF1EE89
:10505C0010FA80F2B581F0EE086AB3EE0E6A67EED4
:10506C00266AF4EEC66AF1EE10FA00F1AC819FEDFF
:10507C00D76AF4EEC66AF1EE10FACCBF0123002316
:10508C009FEDD26A002B46FE866AFCEEE66AF8EECD
:10509C00666AF4EEE67AF1EE10FA80F28D8177EE24
:1050AC00C77A76EEC76AB7EE006A87EEA67A36EE56
:1050BC00476AB5EEC06AF1EE10FA40F27D81B0F8A5
:1050CC007A3090ED057A5BB107EE903AF0EEC76A54
:1050DC00FBEEEF7AF4EEE76AF1EE10FA00F36C8176
:1050EC00B0F87C30D0ED066A5BB107EE903AF0EE8A
:1050FC00E65AFBEEEF7AF4EEE75AF1EE10FA00F313
:10510C005B81B0F876305BB107EE903AF0EEC75A9F
:10511C00F8EE677AF4EEE75AF1EE10FA00F14481FA
:10512C0090F88430002B00F0898090F88530002BAB
:10513C0000F0848090F842E0BEF1010F7ED9F7EECA
:10514C00007AB4EEE76AF1EE10FA77DBB6EE004ABD
:10515C0007EE903A90ED175A838CF8EE677A25EEAD
:10516C00045ADFEDA13A04EE103ADFED985AD0ED77
:10517C00154AB8EE444A64EE277A87EEA34AB4EE99
:10518C00E54AF1EE10FA75FE847A65EE275A67EE61
:10519C00A44A65EEA75AB0EEE45AF4EEC55AF1EE05
:1051AC0010FA07DCB1EE455AB4EEE55AF1EE10FAFE
:1051BC0035FE255A74EE855A9FED855AF4EEC55A84
:1051CC00F1EE10FA00F384819FED825AB4EEE55AA9
:1051DC00F1EE10FA75FE254AB6EE004AD0ED185ADB
:1051EC0090ED165A37EE247A65EE845A27EE855ADE
:1051FC0065EEA75AF0EEC54A65EEA77AF4EEE47AAE
:10520C00F1EE10FA07DCF1EE644AF4EEE74AF1EE47
:10521C0010FA74FEA74A75EE247ADFED6D5AF4EE9F
:10522C00E57AF1EE10FA07DCDFED6A5AF4EEE75A94
:10523C00F1EE10FA75FEA75A76EEA56A90F880305A
:10524C009FED695A07EE903AB0F88230F8EE677A23
:10525C00C7EE855AF3B1B0F840404FF6FF7E744567
:10526C0040F0C980D0ED0F4ADFED5B7A64EEA74ABF
:10527C0007EE903AB7EE005AF8EE677A84EEA74A3A
:10528C00B4EEC54AF1EE10FA35FE044A35EE445A36
:10529C0065EE855AF5EEC05AF1EE10FA40F28C80AC
:1052AC00B0F86A30002B40F0A180B7EE005A90F8AD
:1052BC006830022B00F0A980012B00F0DB8090F805
:1052CC006C309FED494A07EE903AF8EE677AC7EEDC
:1052DC00844A67EE247A66EEA46A67EE867A66EEF6
:1052EC00866A67EE807A66EE806A87EE857AC6EE0D
:1052FC00857AB0F8783027EE257A67EEA57A002B00
:10530C0040F0A18090ED0C6AD0ED0B6A77EE867AB6
:10531C0037EE267AF8FE676AFDEEE66AB8FE476A53
:10532C00BDEEC66A16EE903A16EE104A1BB20C8011
:10533C00138006EE903AB1F900C0F8EEE66A06EE7C
:10534C0010CABCF17F0FB8EEC66A77EEE67A37EE7C
:10535C00467AC0ED0C7A80ED0B7A54DCB1F9003052
:10536C006FF07E008342B8BF03460B80B2F9003069
:10537C007F2B45DC13F17F0F43DA4FF681731380DB
:10538C0010BD8379002B7FF44AAE00230363C36204
:10539C0070479FED127AF4EEC77AF1EE10FA0FD93E
:1053AC000023DFED0F6A6BE6F0EEE65AF4EEE57AD9
:1053BC00F1EE10FA7FF7B4AE00230363C36210BDA5
:1053CC00B0EE666A7BE6F0EE466A62E600004843A1
:1053DC000000FE420000FEC200007A440000484279
:1053EC0000001643946B00200000C84207EE903A70
:1053FC00B8EEE75A5BE707EE904AF8EE674A37E7F4
:10540C007F23138010BD7F23AFE7DCF800C0436B14
:10541C00B0F872E0ACEB03037345B1D390F8743081
:10542C005FED0F4A05EE103AC0F834C0B8EE455A9D
:10543C00C5EE247A27EE277A66EEA77A27EE067A4F
:10544C0067EE867A55E727EEA76A06EE903AF8EEF5
:10545C00666AA7EE076AF1EEC65AF4EEE65AF1EE6A
:10546C0010FA7FF74FAF86EEA56A27EE067A67EE45
:10547C00867A47E766EEA67AB0F87030E7EE077AE0
:10548C00B1EEE74A2BB107EE903AF8EEE77A84EEEC
:10549C00274A90F86D305FED2C2A03EE903A90F885
:1054AC006E3003EE103AF8EE633AF7EE007AB8EE8F
:1054BC00433AC3EEA24AC3EE223AB4EEE74AF1EE07
:1054CC0010FA77FE847A33EEE44AE4EE274A00E7DA
:1054DC00F0EE454A80E600BF8B795A1E022A28BF9F
:1054EC00042380F86830CB79032B28BF002380F885
:1054FC0069300B89092B78D9B3F57A7FA8BF4FF4A3
:10550C007A73A0F86A3047F230528B7A642B28BF3A
:10551C006423012B38BF012380F86C30CB7A642BC9
:10552C0028BF6423012B38BF012380F86D300B7B1F
:10553C00642B28BF6423012B38BF012380F86E3005
:10554C00B1F80D30002B08BF6423A0F8703091F82F
:10555C0010C0CB7B43EA0C23B3F5FA7F28BF4FF482
:10556C00FA73012B38BF0123A0F872304B7C642BEB
:10557C0028BF6423012B38BF012380F874304B8A79
:10558C00A0F876308B8AA0F87830CB8AA0F87A30E5
:10559C000B8BA0F87C308B7E003B18BF012380F86E
:1055AC007E30CB7E003B18BF012380F87F300B7F11
:1055BC00642B28BF642380F880304B7F91F81EC089
:1055CC0043EA0C23934228BF1346A0F88230CB7FCA
:1055DC00003B18BF012380F8843091F82030642BF5
:1055EC0028BF642380F8853070470A2389E700BF01
:1055FC0008B50B46362800F2B782DFE810F0AB0294
:10560C00A10297028D02830279026F0265025B028E
:10561C00510247023D023302D201C801BE01B4015E
:10562C00AA01A00196018C01820178016E0164012E
:10563C005A01500146013C01320128011E0114019E
:10564C000A010001F600EC00E200D800CE00C40014
:10565C00BA00B000A6009C00920088007E00740086
:10566C006A00600056004C0042003700DFF8F0C3BF
:10567C000422D1493620CCF8D8300DF061FF01203E
:10568C0008BDDFF8DCC30422CC493520CCF8D4307B
:10569C000DF056FFF3E7DFF8C8C30422C8493420E5
:1056AC00CCF8D0300DF04CFFE9E7DFF8B4C304229E
:1056BC00C4493320CCF8CC300DF042FFDFE7DFF8E3
:1056CC00A0C30422C0493220CCF8C8300DF038FFFA
:1056DC00D5E7DFF88CC30422BC493120CCF8C430A8
:1056EC000DF02EFFCBE7DFF878C30422B849302049
:1056FC00CCF8C0300DF024FFC1E7DFF864C30422FE
:10570C00B4492F20CCF8BC300DF01AFFB7E7DFF806
:10571C0050C30422B0492E20CCF8B8300DF010FF45
:10572C00ADE7DFF83CC30422AC492D20CCF8B430F3
:10573C000DF006FFA3E7DFF828C30422A8492C20AC
:10574C00CCF8B0300DF0FCFE99E7DFF814C304225E
:10575C00A4492B20CCF8AC300DF0F2FE8FE7DFF82B
:10576C0000C30422A0492A20CCF8A8300DF0E8FE92
:10577C0085E7DFF8ECC204229C492920CCF8A43040
:10578C000DF0DEFE7BE7DFF8D8C204229849282012
:10579C00CCF8A0300DF0D4FE71E7DFF8C4C20422BF
:1057AC0094492720CCF89C300DF0CAFE67E7DFF84F
:1057BC00B0C2042290492620CCF898300DF0C0FEDF
:1057CC005DE7DFF89CC204228C492520CCF894308C
:1057DC000DF0B6FE53E7DFF888C204228849242076
:1057EC00CCF890300DF0ACFE49E7DFF874C204221F
:1057FC0084492320CCF88C300DF0A2FE3FE7DFF873
:10580C0060C2042280492220CCF888300DF098FE2A
:10581C0035E7DFF84CC204227C492120CCF88430D7
:10582C000DF08EFE2BE7DFF838C2042278492020D9
:10583C00CCF880300DF084FE21E7DFF824C204227E
:10584C0074491F20CCF87C300DF07AFE17E7DFF896
:10585C0010C2042270491E20CCF878300DF070FE76
:10586C000DE7DFF8FCC104226C491D20CCF8743024
:10587C000DF066FE03E7DFF8E8C1042268491C203E
:10588C00CCF870300DF05CFEF9E6DFF8D4C10422E0
:10589C0064491B20CCF86C300DF052FEEFE6DFF8BB
:1058AC00C0C1042260491A20CCF868300DF048FEC3
:1058BC00E5E6DFF8ACC104225C491920CCF8643071
:1058CC000DF03EFEDBE6DFF898C1042258491820A3
:1058DC00CCF860300DF034FED1E6DFF884C1042240
:1058EC0054491720CCF85C300DF02AFEC7E6DFF8DF
:1058FC0070C1042250491620CCF858300DF020FE0F
:10590C00BDE6DFF85CC104224C491520CCF85430BC
:10591C000DF016FEB3E6DFF848C104224849142006
:10592C00CCF850300DF00CFEA9E6DFF834C104229F
:10593C0044491320CCF84C300DF002FE9FE6DFF802
:10594C0020C1042240491220CCF848300DF0F8FD5B
:10595C0095E6DFF80CC104223C491120CCF8443008
:10596C000DF0EEFD8BE6DFF8F8C00422384910206C
:10597C00CCF840300DF0E4FD81E6DFF8E4C0042201
:10598C0034490F20CCF83C300DF0DAFD77E6DFF827
:10599C00D0C0042230490E20CCF838300DF0D0FDA8
:1059AC006DE6DFF8BCC004222C490D20CCF8343055
:1059BC000DF0C6FD63E600BFD10900004D0A0000E2
:1059CC00C90A0000450B0000C10B00003D0C000093
:1059DC00B90C0000350D0000B10D00002D0E0000BB
:1059EC00A90E0000250F0000A10F00001D100000E3
:1059FC009910000015110000911100000D1200000B
:105A0C00891200000513000081130000FD13000033
:105A1C0079140000F514000071150000ED1500005C
:105A2C0069160000E516000061170000DD17000084
:105A3C0059180000D518000051190000CD190000AC
:105A4C00491A0000C51A0000411B0000BD1B0000D4
:105A5C00391C0000B51C0000311D0000AD1D0000FC
:105A6C0000640020DFF838C1042240490C20CCF837
:105A7C0030300DF065FD02E6DFF824C104223C490C
:105A8C000B20CCF82C300DF05BFDF8E5DFF810C1E5
:105A9C00042238490A20CCF828300DF051FDEEE5EF
:105AAC00DFF8FCC0042234490920CCF824300DF076
:105ABC0047FDE4E5DFF8E8C0042230490820CCF8C3
:105ACC0020300DF03DFDDAE5DFF8D4C004222C497E
:105ADC000720CCF81C300DF033FDD0E5DFF8C0C04A
:105AEC00042228490620CCF818300DF029FDC6E513
:105AFC00DFF8ACC0042224490520CCF814300DF09A
:105B0C001FFDBCE50422DFF898C020491046CCF8F4
:105B1C0010300DF015FDB2E5DFF884C004221C49ED
:105B2C000320CCF80C300DF00BFDA8E5DFF870C0AD
:105B3C00042218490220CCF808300DF001FD9EE536
:105B4C00DFF85CC0042214490120CCF804300DF0BD
:105B5C00F7FC94E5DFF848C0042210490020CCF88B
:105B6C0000300DF0EDFC8AE5002008BD291E000078
:105B7C00A51E0000211F00009D1F00001920000021
:105B8C0095200000112100008D2100000922000049
:105B9C0085220000012300007D230000F923000072
:105BAC00006400202DE9F0410E4615460446022102
:105BBC0030460DF063FA022128460DF05FFA234BB4
:105BCC003201234953F8028003EB0612D76803EB2A
:105BDC000512C4F80080A760D2F80CC02A0153F853
:105BEC0002E000231B4A6361C4F80CC01A4B4868DE
:105BFC001268C4F804E0A3FB02324FF4FA63920C6F
:105C0C0003FB02F24B681B1A9A42FBD8D8F80030FF
:105C1C002146DEF8002030461F4214BF012300232A
:105C2C001CEA020F43F0020218BF13462374FFF75D
:105C3C00DFFC0346214628462376FFF7D9FC227E5B
:105C4C00831820462376BDE8F08100BFCC1D0020D0
:105C5C00001000E0AC28002083DE1B43022110B5AD
:105C6C00044608460DF00AFA022105200DF006FA4A
:105C7C0002200DF0F1F90346052084F820300DF0D8
:105C8C00EBF9002302460548636284F82120E362A5
:105C9C00A386BDE810400CF0B1BD00BFA0290020C8
:105CAC00A94AAA4930B5137E83B004460D68012B6E
:105CBC0040F2B48072B6536962B6002B1846B8BF76
:105CCC00D81C80101AD072B6D3F1000C03F003016B
:105CDC000CF0030C58BFCCF10001516162B6226884
:105CEC0062B1B3F5007F06DA13F5007F40F3208133
:105CFC00404240B201E06FF07E009047944A137E20
:105D0C00012B51D972B6536962B6002B1846B8BF35
:105D1C00D81C80101AD072B6D3F1000C03F003011A
:105D2C000CF0030C58BFCCF10001516162B66268F3
:105D3C0062B1B3F5007F06DA13F5007F40F3FA8009
:105D4C00404240B201E06FF07E00904702200DF01F
:105D5C0083F994F82030834203D0636AEB1A312B19
:105D6C0018D805200DF078F994F8213083420FD023
:105D7C00E36AEB1A312B0BD9E562002840F0A480C2
:105D8C0001232563E56184F83530237684F82100FE
:105D9C0003B030BD656200287CD10123A56284F874
:105DAC00343084F82000DCE772B6D2E900130968BD
:105DBC00186893681942137C14BF0121002103F069
:105DCC00030343EA8103D168084243F0080118BF7A
:105DDC000B469808591E536910740D2994D801A0CC
:105DEC0050F821F0033E0000FD3D00000F3E000086
:105DFC00FD3D0000F93B0000093E0000033E0000A1
:105E0C00033E0000093E0000F93B0000FD3D000090
:105E1C000F3E0000FD3D0000033E000072B6D2E9CB
:105E2C0000130968186893681942137C14BF012188
:105E3C00002103F0030343EA8103D168084243F0D5
:105E4C00080118BF0B469808591E536910740D2988
:105E5C003FF632AF01A050F821F000BFF73D000033
:105E6C00F13D00001B3E0000F13D0000A93B00008D
:105E7C00153E0000F73D0000F73D0000153E000008
:105E8C00A93B0000F13D00001B3E0000F13D00006D
:105E9C00F73D000094F83430002B82D00022A36A26
:105EAC0084F83420EB1A40F2DB52934244D8294B4D
:105EBC001B78002B7FF475AFA368002B3FF471AFF8
:105ECC000190984701986CE7002394F835202376CD
:105EDC00002A3FF45BAF1F4A84F835301378002B4F
:105EEC007FF454AF226B40F2DB53AD1A9D4227D99D
:105EFC006369002B3FF44AAF01909847019845E73E
:105F0C00013B5361D8E601335361D5E6013B536144
:105F1C00FAE601335361F7E6023B5361F4E60233D0
:105F2C005361F1E6023B5361C6E602335361C3E6AB
:105F3C007F20E2E67F2008E7E368002BC0D130E742
:105F4C002369002BD8D121E744620020946B0020F8
:105F5C0060620020DA30002010B501210A200DF01B
:105F6C008DF801210A200DF055F8012125200DF0A6
:105F7C0085F8012125200DF04DF8012107200DF0A9
:105F8C007DF8012107200DF045F800234FF48C72A9
:105F9C00F02116480CF0F8F9012114480CF08AF99C
:105FAC00002112480AF048FD104800224FF0FF3340
:105FBC0004460321C27643610BF046FA0C4B0322D4
:105FCC000C49204623610CF0E7FB204602210BF024
:105FDC003BFA094B20460C22084923610CF0DCFBF0
:105FEC000748BDE810400CF009BC00BF9C6B0020BA
:105FFC003C005A00E40900203C007D00E809002028
:10600C00A029002010B5012122200DF037F8012124
:10601C0022200CF0FFFF00234FF48C72F021164865
:10602C000CF0B2F9012114480CF044F9002112488B
:10603C000AF002FD104800226FF0F82304460321F9
:10604C00C27643610BF000FA0C4B03220C4920463C
:10605C0023610CF0A1FB204602210BF0F5F9094B52
:10606C0020460B22084923610CF096FB0748BDE83B
:10607C0010400CF0C3BB00BF206C00203C005A0049
:10608C00E409002054007D00F8090020A02900201C
:10609C00034608461146062B14D90D2B0AD90E3B84
:1060AC0000B583B0062B43D8DFE803F04038362B1D
:1060BC001F1B1300DFF8BCC0073B204A3CF9133010
:1060CC0010F02CBCDFF8B0C01C4A3CF9133010F0B7
:1060DC0025BC1B4B1B4A1B6803B05DF804EB10F08E
:1060EC001DBC194B194A1B78F6E7194B93ED007A36
:1060FC00184AB7EEC77A8DED007B10F00FFC03B099
:10610C0000BD154B154A93ED007AB7EEC77A8DEDAD
:10611C00007B10F003FCF2E7114BE7E7114B124A3E
:10612C001B8803B05DF804EB10F0F8BB0F4BF6E7DF
:10613C000F4A03B05DF804EB10F0F0BB040A00202A
:10614C00042E0020380A0020D9300020300A00200C
:10615C00F42D0020180A0020A06A0020240A002038
:10616C00FC2D0020B86C0020100A0020B66C00201A
:10617C00400A0020B46A0020A46A0020374A43B2C7
:10618C00C1EB01112DE9F041064692F900004C00DB
:10619C0086B0984204F1180254D0314BB3F9003058
:1061AC009E4207D0062E51D90D2E53D84FF6A04142
:1061BC00002302E000214FF6FF730027294D0193C5
:1061CC001E2361F30F07284600934FF48C7361F381
:1061DC001F4700210BF016FC022128466F610BF0C3
:1061EC0033F9214B042204F11F0853F826702A823C
:1061FC00A5F812803FB1384610F02AFF3946024606
:10620C0028460CF0C9FA02A930460E22FFF740FFCF
:10621C00982302A8A5F812802B8210F019FF42F2E5
:10622C000415024602A90F480CF0B6FA4FF48C7311
:10623C0004F1350200210B4800950BF067FB06B00A
:10624C00BDE8F08100214FF4FC63B6E740F25F41FA
:10625C000023B2E74FF6FF710023AEE7D7300020E2
:10626C00B46C00209C6B00207C1200202DE9F04FB8
:10627C002DED048B8FB0002800F0158240F25F42A8
:10628C00924BDFF894820292B3F800A0904A0492E9
:10629C00029B0026002063F30F0663F31F46049B4A
:1062AC009F1E03F10C04394631F9023F5A4212B2D7
:1062BC0033EA230328BF13469842B8BF18468C42D2
:1062CC00F2D1642840F38082C82840F3F781B0F5FE
:1062DC00967F40F392829FED7F8A4FF0FA0B4FF43A
:1062EC00FA797D4C0021162520460AF0A5FB0022E8
:1062FC000F2320461146CDE900534FF48C730BF05D
:10630C0081FB022120460BF09FF8744B414607227B
:10631C002046666123610CF03FFA714B0121204647
:10632C004FF0CC0863610BF08FF86E4A4B4614218A
:10633C0009A8126841F6C30600926B4A10F0EEFAF7
:10634C0009A810F085FE082140F21513024661825F
:10635C0000EB40012046A3EB410309A923820CF07A
:10636C001BFA40F641032A461C212046CDE9008346
:10637C00FA230BF047FB44F208237C221C21204615
:10638C000093FA230BF0C2FAFA2349221C2120466F
:10639C0000960BF0BBFAFA23AF221C212046009684
:1063AC000BF0B4FA42F204132A461C210093204647
:1063BC00FA230BF0ABFABAF1000F04D0494A126879
:1063CC00524500F20882012143480BF03DF8474B3F
:1063DC00474A0721636107A84B46002510F09EFA37
:1063EC004FF4B01307A89FED439A236110F030FED1
:1063FC0007A9024638484FF001080CF0CDF95B466E
:10640C003B4A072107A8DFED3C9A10F087FA4FF4BE
:10641C008A0307A8DFED398A236110F019FE07A95A
:10642C0002462D482E460CF0B7F9354B0222354961
:10643C00294823610CF0B0F95B46334A072107A8C1
:10644C0010F06CFA4FF42B0307A84FF01C0B2361D0
:10645C0010F0FEFD07A902461F480CF09DF94B46B3
:10646C00294A072107A84FF07C0910F057FA4FF47E
:10647C005A0307A8236110F0EBFD07A90246164842
:10648C000CF08AF9214B01222149134823610CF0AD
:10649C0083F9144B14211F4A09A81B6810F03EFA0B
:1064AC0009A810F0D5FDE423024609A9638200EB8C
:1064BC00400309485B00C3F58B7323820CF06CF925
:1064CC0005480BF089F905973FE000BFB66C00203A
:1064DC00A46A00200000FA43206C0020090003008D
:1064EC0018C618C6042E0020540A002010841084EC
:1064FC00640A0020000000000000CC420000F842BA
:10650C0004007800680A00206C0A00201C00E400DB
:10651C00700A0020740A0020440A0020E12C05F1C6
:10652C001C03A8BFE1241BB227B2B8F1000F00F086
:10653C00958002354FF0000846F10006A5F1FC02EB
:10654C00324300F0D780B9469B46AF4BFA221C6809
:10655C000023A4FB05010FF073FA5045C0F0B58081
:10656C00844240F2B280A0EB0A00A4EB0A04B1EE24
:10657C00086A049907EE900AB8EE677A07EE904A1B
:10658C00F8EE677AC7EE276A66EE867ABDEEE77A92
:10659C0017EE102A052A1346A8BF052331F913005C
:1065AC0007EE103A01EB4303B8EEC77A05EE100A7A
:1065BC00B3F90210B8EEC55A04EE901A77EEC77A0A
:1065CC00F8EEE44A002A40F0838074EEC53AB3F941
:1065DC000430B6EE007A05EE903AF8EEE55A75EE18
:1065EC00C55A65EE875A67EEA76AB0EE086AF0EEF8
:1065FC00002A27EEA64A26EE866AB7EE002AB0EEEF
:10660C00447AB0EE463AA4EE626AA6EEE27A94EED2
:10661C00223A74EE666A37EE277A73EE027A27EE28
:10662C00237AA5EE277AA4EE867AA6EEA57A27EE33
:10663C00297AC7EE087A78EEE77AFDEEE77A17EE5C
:10664C00903A1CB2152C3FF769AF162705F11C03C5
:10665C003C461BB2B8F1000F7FF46BAF029909F105
:10666C00FF326A480191611E12B2039309B20134E0
:10667C00009159460AF0E0F84A46644824B2DDE934
:10668C000213CDE9007159460AF0D6F8029809F1C7
:10669C000102039B594612B2CDE900405B480AF057
:1066AC00CBF8039B45E74FF6A042594BDFF88081AE
:1066BC000292584AB3F800A00492E9E59FED568A7D
:1066CC004FF0640B4FF0C8090BE6B0EE497AB0E717
:1066DC0033F9021CB6EE007A042A03EE901AF8EE97
:1066EC00E33A74EEE33A63EE873A7FF770AF74EEF9
:1066FC00C55A78E745484446059F0AF02BFF9FEDA5
:10670C00479ADFED478A474D4CE0191841F10001DB
:10671C00A5FB016C2CF0010606EB5C06891B5B1AD1
:10672C00A3FB053660F10001580805FB016340EA44
:10673C00C3705044FA210023A0FB01010FF080F933
:10674C001C2140F21512084403B280B21B2B03DD4E
:10675C009042A8BF104601B237F9023F4FF6FF72C4
:10676C002A4807EE103A00920423B8EEC77A27EEB7
:10677C00097AC7EE087A78EEE77AFDEEE77A17EE3B
:10678C00902A12B2E12AA8BFE122162AB8BF16221B
:10679C000AF06CFB18F1010844F10004A8F107039E
:1067AC0023430CD0184B1A68A2EB0A035245A3FBE7
:1067BC000830AAD80AB91C21CEE75046BAE70FB068
:1067CC00BDEC048BBDE8F08F9FED178A4FF0320BB8
:1067DC004FF0640985E5FA200023AAFB00010FF0B5
:1067EC002FF900F11C0147F6EF3043462A4609B257
:1067FC00009020460BF010F8E5E59FED0C8A4FF069
:10680C00960B4FF496796CE5042E0020206C00203A
:10681C00B86C0020B46A0020000048430000CC4251
:10682C000000F842ABAAAAAA0000C8420000964396
:10683C004C0A00202DE9F04F844C8FB000214FF012
:10684C000F0820464FF0FF350AF0F6F8002216210B
:10685C004FF48C73204607AE05AF4FF01B09CDE902
:10686C00001811460BF0CEF8022120460AF0ECFD80
:10687C00774B072277492046C4E904350BF08CFF8F
:10688C00754B0121204663610AF0DEFD734B10222B
:10689C007349204623610BF07FFF724B724AADF8AF
:1068AC0018500025059293E8070086E8070001219F
:1068BC0020460AF0C9FD5C23162229B22046CDE9F8
:1068CC0000980BF09FF837F8021B0023AA1C4FF01E
:1068DC001F0C56F804AB61F30F0322825046A4F848
:1068EC0012C061F31F436361BAF1000F06D010F0C0
:1068FC00AFFB5146024620460BF04EFF5D3540F291
:10690C001713ADB29D42D6D1584B0026DFF874B1A7
:10691C004FF01B09DFF870A1039306EB460516F048
:10692C00010F40F641084FF05C0305EBC50518BF9D
:10693C004FF000080021454805F13107CDF80090D3
:10694C00CDF804803A353FB23A460BF05BF8484B31
:10695C00484A4FF6FF711B78107840F25F42C3EB48
:10696C00C30365823344DBB2834208BF0A4600236B
:10697C000E210AA862F30F0362F31F433E4A6361C0
:10698C003BF9023F00930223238233460FF0C6FFEC
:10699C000AA810F05DFB0AA902462C480BF0FCFE7D
:1069AC005C233A465D212948CDE900980BF02AF882
:1069BC003AF9023F65820E2100930AA82F4B304A08
:1069CC0063615F23238233460FF0A8FF0AA810F0FF
:1069DC003FFB0AA902461D480BF0DEFE3A465D233A
:1069EC00BA211A48CDF80480CDF800900BF00AF8C3
:1069FC004FF0FF3306F10E000E226361BC23C0B2D0
:106A0C000AA965822382FFF743FB039B53F8045FBB
:106A1C0003933DB1284610F01BFB294602460B4858
:106A2C000BF0BAFE3A2109480AF074FC01360AA8A8
:106A3C0010F00EFB0AA9024604480BF0ADFE072E1F
:106A4C007FF46BAF0FB0BDE8F08F00BF206C00205F
:106A5C0009000300F00A002018C618C678000800C8
:106A6C007C0A0020600900205F04A0FCB01200200A
:106A7C00DC6C0020B46C0020900A0020A0FCA0FC70
:106A8C009C0A0020A26A0020B26A0020DFF884C0B1
:106A9C00034608461146DCF80820042B00B58BB0E1
:106AAC00DCF814E00592DCF80C20CDF820E006921E
:106ABC00DCF810200792DCF8182009921CD803EBA4
:106ACC00830C104A0DEB830302EB8C0293ED057AD9
:106ADC001369B7EEC77A1A783AB10B4A02938DED67
:106AEC00007B0FF01BFF0BB000BD084A8DED007B47
:106AFC000FF014FF0BB000BD054A0BB05DF804EBB2
:106B0C000FF00CBF6C110020B00A0020A80A002066
:106B1C00400A002050690020C1EB011104282DE926
:106B2C00F0414FEA410486B004F1180212B257D872
:106B3C00334943B2064691F9001099424CD0314B7F
:106B4C00B3F90030984257D040F2FF710023002770
:106B5C002D4D01931E2361F30F07284600934FF42C
:106B6C008C7361F31F4700210AF04CFF0221284669
:106B7C006F610AF069FC254B042204F11F0853F8DD
:106B8C0026702A82A5F812803FB1384610F060FAC0
:106B9C003946024628460BF0FFFD02A930460E226C
:106BAC00FFF774FF982302A8A5F812802B8210F02F
:106BBC004FFA42F20415024602A913480BF0ECFD01
:106BCC004FF48C7304F1350200210F4800950AF044
:106BDC009DFE06B0BDE8F08100214FF4FC63B6E7E2
:106BEC0000211E204FF48C73CDE9000106480AF0F9
:106BFC0009FF06B0BDE8F08100214FF6FF73A6E750
:106C0C00D7300020B46C00209C6B00206812002050
:106C1C00F0B5002287B01F2118264FF48C733A4828
:106C2C000191114600964FF0FF340AF0EBFE364806
:106C3C0002210525074644610AF006FC334B03226A
:106C4C00334938463B610BF0A7FD324B0A223249DF
:106C5C0038463B610BF0A0FD012138467C610AF0FF
:106C6C00F3FB2E4B0C212E4AB3F900300DEB010037
:106C7C00009501330FF052FE2A4B03A83B6110F034
:106C8C00E7F903A9024638460BF086FD264B274A46
:106C9C001B6812689A421AD9254B1B88312B20D8B5
:106CAC004FF478724FF48C731748019200220096BF
:106CBC0011460AF0A7FE1448022144610AF0C4FBF5
:106CCC001C492A461C4B104803610BF065FD00243F
:106CDC00E1B201340846FFF71FFF072CF8D107B0CB
:106CEC00F0BD00224FF400414FF48C730648CDE9FF
:106CFC00006111460AF086FE0348022144610AF045
:106D0C00A3FB07220D49DDE79C6B00200900040062
:106D1C00CC0A002041000400D00A0020B46C0020F2
:106D2C00DC0A0020DE000A00946B002000680020C2
:106D3C00B06C0020C40A002055000400BC0A0020DE
:106D4C00634B1B78022B00F0A78000220F21182028
:106D5C004FF48C73F0B587B04FF0FF365D4C01915A
:106D6C00114600905C480AF04DFE5B480221074634
:106D7C0046610AF069FB594B0322594938463B617D
:106D8C000BF00AFD574A237852F82350002B7BD185
:106D9C0040F25F420023504962F30F0362F31F433A
:106DAC00514AC1E90423284610F052F929460246FB
:106DBC0049480BF0F1FC484801214C4E0725074689
:106DCC0046610AF041FB23780821494AA3EBC3032F
:106DDC000DEB0100128800951344464A0133DBB2D7
:106DEC000FF09CFD444B02A83B6110F031F902A955
:106DFC00024638460BF0D0FC022138467E610AF080
:106E0C0023FB23783D4A0821013304A80FF086FDAB
:106E1C003B4B04A83B6110F01BF904A90246384611
:106E2C000BF0BAFC374B384A1B6812689A421DD9D2
:106E3C00364B1B88312B31D800224FF47870182137
:106E4C004FF48C73CDE90010114623480AF0DAFD9B
:106E5C004FF0FF332048022143610AF0F5FA052276
:106E6C002B492C4B1C4803610BF096FC2578002415
:106E7C00C5EBC505E1B201346818C0B2FFF77EF965
:106E8C00072CF7D107B0F0BD012B1ED0164BC7E96C
:106E9C000436002D8FD086E7FFF7BABE18234FF4C7
:106EAC0000420D48CDE9003200224FF48C7311469C
:106EBC000AF0A8FD084A4FF0FF3302211046536137
:106ECC000AF0C2FA14492A46CBE74FF6A04261E712
:106EDC00D8300020DC6C00209C6B002009000400E2
:106EEC00E4090020601100204100040018C618C6F7
:106EFC00B46C0020DC0A0020A2000A00E40A002086
:106F0C00DA000400946B002000680020B06C0020B4
:106F1C00C40A002055000400BC0A00202DE9F04FE3
:106F2C00574C8FB00021574F2046DFF8789109F06D
:106F3C0083FD00221F2116204FF48C7348260191EB
:106F4C001146009020460AF05DFD022120460025E6
:106F5C000AF07AFA4C4B4FF0FF300B224B49DFF81A
:106F6C0048B1C4E9043020460BF016FC484B012113
:106F7C00204663610AF068FA464B0E2246492046C9
:106F8C0023610BF009FC15F0010F40F64102BBF92F
:106F9C0000004FF024030CBF11460021A6F10E0295
:106FAC00A8425FFA85FA12B25BD02046CDE90031D7
:106FBC004FF48C7300210AF025FD40F2FF72002380
:106FCC0001212046B04662F30F0362F31F43636155
:106FDC000AF03AFA042359F8041B66820846238205
:106FEC0039B1059110F034F80599024620460BF0A2
:106FFC00D3FB0E2206A950460135FFF747FD82232D
:10700C0006A8A4F81280238210F022F806A90246E2
:10701C00204624360BF0C0FB97ED026A97ED017AFF
:10702C001021B7EEC66A1D4AB7EEC77A0AA8143704
:10703C008DED026B8DED007B0FF070FCC323184AB5
:10704C000AA823826261A4F8128010F001F80AA940
:10705C00024620460BF0A0FB052D94D10FB0BDE8E5
:10706C00F08F242343F286112046CDE900314FF4F2
:10707C008C7300210AF0C6FC4FF6FF729FE700BF2D
:10708C00206C00206C11002009000300EC0A002089
:10709C0018C618C6B4000800F80A0020080B002017
:1070AC004D6B4D6B68120020B46C0020094B1B78A3
:1070BC00022B0CD0084B1B7833B1012B01D0FFF7FE
:1070CC00B9BB0020FFF7D2B80120FFF7CFB8FFF70C
:1070DC0025BF00BFD8300020DC6C002040F2DB5311
:1070EC0098422DE9F0410E4682B035D86421344BDC
:1070FC004FF48A7201FB00F43248A3FB04135B09C2
:10710C0002FB03F5984600221823CDE900322E4BE2
:10711C00A3FB051311465F094FF48C730AF072FC44
:10712C002A4B9C423CD8632D2DD8022E25484FF675
:10713C00FF734FF0010104460CBF254D254D4361F3
:10714C000AF082F9244B062229462046236102B01C
:10715C00BDE8F0410BF020BB002218204FF48C73DB
:10716C0011460090019217480AF04CFC4FF48A73B8
:10717C004FF6802110200422CDE900010221114894
:10718C000AF040FCD1E7C8EB48110F4A3BB249006A
:10719C00A2FB01214909C90241F4FC6189B2E9E76A
:1071AC005622A8F132013BB202FB01F16422B1FB81
:1071BC00F2F1C1F13F01C9B2490141F47841D9E77B
:1071CC00F11976059C6B00201F85EB51D32A010029
:1071DC00180B0020200B00207A000800014B1888A7
:1071EC00704700BFB06C00200146002008B50CF0C1
:1071FC00F5F80120A5210CF0F1F80248BDE8084093
:10720C000BF0FCBAA029002000B5012083B00BF0D4
:10721C00CBFFA52803D00023184603B000BD0020E7
:10722C000BF0C2FF0021019001200CF0D7F8019B5C
:10723C005A1ED2B2042AEED802480BF0DFFA019B98
:10724C00EAE700BFA0290020492201214D2310B5F7
:10725C008270322490F8372043708A420470C370D5
:10726C00017102D9002380F83730431D00F137013A
:10727C004FF0000C13F8012F8B428CEA020CF9D161
:10728C000D4C382280F805C004210CF047F92188F8
:10729C000A48013189B221800BF0A4FA07480BF09F
:1072AC00ADFA2388322B01D0012010BD03480BF01E
:1072BC00A5FA012010BD00BFB06C0020A029002051
:1072CC0070B58EB006460EAB6C46C3F13C0560192A
:1072DC000BF06AFF0EAB04F8010B9C42F7D16C4B20
:1072EC00009A9A4240F09C809DF80430012B40F0AB
:1072FC0097800DF105030DF13701002413F8012FD0
:10730C008B4284EA0204F9D19DF805108C427CD1A1
:10731C0004AA0DF11E0132F8023F03F5FA739BB279
:10732C00B3F57A7F7CD8D38903F5FA739BB2B3F5A6
:10733C007A7F75D89142EED1BDF8322040F6B83341
:10734C009A426DD8BDF834209A4269D8DDF80630DF
:10735C009FED507A07EE903AF4EEC77AF1EE10FA00
:10736C005ED4F2EE0E6AF4EEE67AF1EE10FA57DC29
:10737C00DDF82E3007EE903AF5EEC07AF1EE10FA09
:10738C004ED4F3EE046AF4EEE67AF1EE10FA47DC32
:10739C00DDF80A3007EE903AF4EEC77AF1EE10FA07
:1073AC003ED4B2EE0E7AF4EEC77AF1EE10FA37DC78
:1073BC009DF83630053B5A2B32D8DDF80E3042F2B0
:1073CC001C52A3F5FA7393422AD86D460DF1300C7A
:1073DC002C46103610350FCC644546F8100C46F888
:1073EC000C1C46F8082C46F8043CF1D100230A2268
:1073FC0003CD30607160012127480BF027FA264835
:10740C000BF0FCF901200EB070BD002310222248B5
:10741C000BF01CFA0023102221461F480BF016FA21
:10742C001D4800240BF0EAF94FF07E533222C6F8C7
:10743C0012401946C6F806304D2332704FF0010247
:10744C00C6F80A1073706FF07701F3700023B280E6
:10745C001322C6F82E304FF04603C6F81640F386BA
:10746C004923C6F81A40C6F81E40C6F82240C6F892
:10747C002640C6F82A40C6F83240B1733474F27311
:10748C007474B37004480BF0B9F920460EB070BD9B
:10749C00324D494DCDCCCC3DA029002016494FF0A2
:1074AC00000C0222431D10B5016000F12F01A0F861
:1074BC0006C0027113F8012F8B428CEA020CF9D131
:1074CC000E4C302280F805C040210CF027F82188A2
:1074DC000B48013189B221800BF084F908480BF07C
:1074EC008DF92388322B01D0012010BD04480BF0FC
:1074FC0085F9012010BD00BF314D4941B06C002011
:10750C00A0290020F0B58DB006466C46C4F14005AC
:10751C0060190BF049FE0CAB04F8010B9C42F7D13F
:10752C006846FDF7DFF80746B0B16D4634460FCD1F
:10753C000FC40FCD0FC495E80F0084E80F00002393
:10754C000A229DF8041013480BF080F911480BF037
:10755C0055F938460DB0F0BD4FF07E534FF08042D8
:10756C000D49F2604FF07D523361B36102230B4C35
:10757C003160726173600FCC31620121B362084BD0
:10758C00F0617262F162B36002480BF037F9384671
:10759C000DB0F0BDA0290020314D4941280B002031
:1075AC009A99993E08B531224D234FF0490C43214D
:1075BC00027002224370431D80F802C04FF0000C91
:1075CC00C17000F13F01027113F8012F8B428CEA5C
:1075DC00020CF9D180F805C0402280210BF09EFFEF
:1075EC00064B07481988013189B219800BF0FAF85B
:1075FC0003480BF003F9012008BD00BFB06C00205C
:10760C00A029002070B590B006466C46C4F18005E8
:10761C0060190BF0C9FD10AB04F8010B9C42F7D1BB
:10762C006846FDF7EBF80546E8B16C46A446103603
:10763C001034BCE80F0046F8043C10AB46F8100CB4
:10764C009C4546F80C1C46F8082CEFD100230A2266
:10765C009DF8041020480BF0F9F81F480BF0CEF8F9
:10766C00284610B070BD31224D234FF07E51C6F824
:10767C0012003270492273704323B2704FF0020231
:10768C00F370164BB2800022C6F806306FF0770309
:10769C00C6F80A101321C6F82E20B3734FF0854399
:1076AC000F4AC6F81600C6F81A00C6F81E00C6F82F
:1076BC002200C6F82600C6F82A00C6F8320030743C
:1076CC007074F173C6F836207587F36302480BF0BB
:1076DC0095F8284610B070BDA0290020CDCCCC3D2B
:1076EC004602030033224D234B214FF0000C10B502
:1076FC004924027043700322C170431D00F1DB0169
:10770C008470027113F8012F8B428CEA020CF9D1B0
:10771C000D4CDC2280F805C0C0210BF0FFFE218847
:10772C000A48013189B221800BF05CF807480BF054
:10773C0065F82388322B01D0012010BD03480BF0D3
:10774C005DF8012010BD00BFB06C0020A029002006
:10775C00F0B5B9B007466C4637AEC4F1C005601938
:10776C000BF022FD04F8010BB442F8D1414B009A06
:10777C009A4248D19DF80430032B44D10DF10503F6
:10778C000DF1DB01002413F8012F8B4284EA020473
:10779C00F9D19DF805108C422AD19DF80B40082C8C
:1077AC0031D8DDF8073007EE903AF5EEC07AF1EEFD
:1077BC0010FA28D49FED307AF4EEC77AF1EE10FA75
:1077CC0021DC6946DC2238460BF054FF00230A22E8
:1077DC0003212A480BF03AF800230A2221462748B5
:1077EC000BF034F825480BF009F8012039B0F0BD46
:1077FC000023102221480BF029F8002310222146E7
:10780C001E480BF023F81D4800240AF0F7FF332123
:10781C004D231B4A397049217B704B23C7F8072035
:10782C004FF0010EB97007F11402FB704FF01A0CF7
:10783C004FF0030321466FF00506124DBC71FC722C
:10784C00BB800CFB0470A2F1140342F808EC067424
:10785C00417499740533C3F80E509A42F9D101342E
:10786C001A32082CEDD105480AF0C8FF002039B0B7
:10787C00F0BD00BF334D494B00004842A029002009
:10788C000000A04050003C00F0B58BB007460AAB9E
:10789C006C460DF12106C3F5127560190BF084FCD2
:1078AC0004F8010BB442F8D12E4B009A9A422FD116
:1078BC009DF80430052B2BD19DF805000DF1050327
:1078CC0008AD002213F8011FAB4282EA0102F9D184
:1078DC0090421DD19DF80630581E042B18BF01286C
:1078EC0094BF0124002413D8EC46664610370CF1E3
:1078FC00100C0FCEAE4247F8100C47F80C1C47F892
:10790C00082C47F8043CF0D19CF800303B7025E083
:10791C00562164233222002039704321124C3B73D0
:10792C007A704522B97028213B7703F52023FA7031
:10793C004FF448527C600446397245F26401C7F832
:10794C000D3014237872C7F81200C7F8160078832C
:10795C0078777981B877A7F81F207B7420460BB015
:10796C00F0BD00BF5632434505000400F0B58DB0A4
:10797C0007460CAB6C460BAEC3F5047560190BF0E7
:10798C0013FC04F8010BB442F8D1304B009A9A4224
:10799C0022D04B225423002453213A7043227B7073
:1079AC000223B97007F10C002146FA707B6020228B
:1079BC00BC600FF029F97B1D07F12B00214613F851
:1079CC00012F984281EA0201F9D1797120480AF01D
:1079DC0015FF00200DB0F0BD9DF80430022BD8D15E
:1079EC009DF805400DF105030DF12B00002213F855
:1079FC00011F984282EA0102F9D19442C9D16D4625
:107A0C0008AE2C46103710350FCCB44247F8100C8A
:107A1C0047F80C1C47F8082C47F8043CF1D100231C
:107A2C0007CD386079600221BA600A2208480AF052
:107A3C000DFF00230A229DF8071005480AF006FFE7
:107A4C0003480AF0DBFE01200DB0F0BD4B5453434C
:107A5C00A0290020044B012004491B68044A03F5AB
:107A6C00FA63087013607047946B0020BE6C0020A2
:107A7C00B8600020074A107850B1074B07491B68C3
:107A8C0009685B1A002B02DB00231370704700207F
:107A9C00704700BFBE6C0020946B0020B8600020C3
:107AAC0000220023026042608360C2600261C361F5
:107ABC00C0E90533704700BF38B5054617200BF0F9
:107ACC0045F804460BF07CFA60400AF07FFF652114
:107ADC0014200AF081FF024B1B681844A86038BDC3
:107AEC00946B00200000000008B52DED028B9FED7B
:107AFC00228A224901200AF06FFF07EE900AF8EE65
:107B0C00E77AC7EE888AF5EE408AF1EE10FAF0D0EB
:107B1C001A4900200AF060FF07EE900AB0EE680ADE
:107B2C00F8EEE77AC7EE888A0DF07EFAF8EE007A66
:107B3C0020EE270AB5EE400AF1EE10FA10D4B1EEA1
:107B4C00C08AB7EEE80A9FED0A7B20EE070BB7EE72
:107B5C00C00B0DF061FC20EE080ABDEC028B08BDD9
:107B6C000DF03AFAB0EE408AEBE700BFAFF30080BD
:107B7C00182D4454FB2119400024744941420F0034
:107B8C00514BDFED527A00B52DED048BD3F80A2062
:107B9C0083B0D3F82E1007EE102A08EE101AB4EEAC
:107BAC00E77AF1EE10FA4BDBB4EEE78AF1EE10FA5D
:107BBC0064DADFED477A9FED477AF4EEC87A464AED
:107BCC00F1EE10FA77FE887AC7EE278A93F83630F2
:107BDC00D2ED007A08EE103A9FED409A4048B8EE8C
:107BEC00488A68EE277AC7EE899AFFF77DFFF1EE97
:107BFC00047AA0EE298AB4EEE78AF1EE10FA38D4B2
:107C0C00DFED387AB7EE007AB4EEE78AF1EE10FACF
:107C1C0077FE886AC6EE897A37EE677A68EEA77ABD
:107C2C00314A68EE878A314BFCEEE77AFCEEE88A43
:107C3C00C2ED007AC3ED008A03B0BDEC048B00BD2D
:107C4C00DFED237AB4EEE78AF1EE10FA03D5224A7F
:107C5C00DFED278ABAE7F3EE047A9FED1E7A1E4A0F
:107C6C00B4EEE78AF1EE10FA77FE887AC7EE278A2F
:107C7C00ACE79FED207ADFED207ACFE7164A9FED37
:107C8C00177AD2ED007A164868EE277A0192C7EE81
:107C9C00878AFFF729FFDFED0E7A019A0A4BA0EED7
:107CAC00288AB4EEE78AF1EE10FAD1D4F3EE047A16
:107CBC009FED087AB4EEE78AF1EE10FA77FE887A37
:107CCC00C7EE278A82E700BF806900206F12833AD3
:107CDC00CDCCCC3D00247449142A00200000C842AD
:107CEC00846200200000BE4224600020B0600020AE
:107CFC008096184B3333733FCDCC4C3D10B50446B6
:107D0C002DED028BFFF7F0FE2046F0EE408AFFF7D8
:107D1C00EBFEB0EE408A2046FFF7E6FE28EE088A1E
:107D2C00A8EEA88AA0EE008AB0EE480ABDEC028B41
:107D3C0010BD00BF2DE9F04F2DED028B83B01C461A
:107D4C00BDF93850BDF93C30BDF84070AB46BDF8BC
:107D5C00446099462B4347EA06051D43ADB235B93D
:107D6C00DFED737AB4EEE70AF1EE10FA2DD4DFF8FA
:107D7C00D8818A4681680346D8F80050A94240F25F
:107D8C009A8042EA040109B241BB1AF0010125D1E3
:107D9C0099829FED687A0021F0EE476A084602440A
:107DAC00C3ED036A83ED047A47F6FF7321449A42CC
:107DBC00A8BF1A469942A8BF19465F4B9A42B8BF52
:107DCC001A469942B8BF19460C46129B1A80139B4F
:107DDC001C8003B0BDEC028BBDE8F08F197D69BB34
:107DEC000121587D9D611975002800F08C809969DE
:107DFC00691A8F422DD807EE90BAD3ED006A9FED29
:107E0C004F6AF8EEE77A93ED037A597D77EEA67A0E
:107E1C00C7EE866A76EE876A00293DD0D969691A61
:107E2C00B14239D3FDEEE67A17EE901A08B207EE9E
:107E3C00900AF8EEE77A76EEE76A11E0597D11B90F
:107E4C000121DD6159759869281A87425ED900298C
:107E5C009FD0D969691AB1429BD3DFED366A0020F5
:107E6C0007EE909A93ED017ADFED345AF8EEE77A4B
:107E7C0093ED046A77EE877A87EEA57A37EE067A69
:107E8C00FDEEC77A17EE901A09B207EE901AF8EECB
:107E9C00E77A37EE677A82E7FDEEE67A9FED257A90
:107EAC00002117EE900A00B207EE900AF8EEE77A7E
:107EBC0076EEE76A73E79FED226AB0EE087ADFEDA3
:107ECC00216AC0EE067A0192009067EEA67A87EEE0
:107EDC00878AFFF709FE009B184620EE080A83EDFF
:107EEC00000AFFF701FE20EE080A009B6521142012
:107EFC0083ED010A0AF070FDD8F80010009B0844CD
:107F0C00019A98603DE75975DD6170E707EE90BA0C
:107F1C00D3ED006A9FED096AF8EEE77A93ED037AE8
:107F2C0077EEA67AC7EE866A76EE876A76E700BFAA
:107F3C006F12833A000000000180FFFF00007A44BA
:107F4C000000C8420000FA43946B0020B0EEC07AE7
:107F5C00D0ED037AF0EE606AF4EEC77A70B5F1EE0C
:107F6C0010FA04460D4616462DED048B82B001DB4B
:107F7C009FED3A0AB0EEE67AF4EEC77AF1EE10FA1B
:107F8C0001DBDFED366AB7EE006AD4ED025A344AF3
:107F9C00344B76EE657A92ED007A94ED048A93ED8B
:107FAC00005A27EE877AD4ED060A67EE857AA5EE9D
:107FBC00807AE5EEA67A28EE070A82ED007A28EEA2
:107FCC00278AC3ED007AB5EEC00AF1EE10FA3EDB5B
:107FDC00F0EE468AB0EEC00ACDED010A0DF090F835
:107FEC00B5EEC08A60EE288ADDED010AF1EE10FADA
:107FFC0030DBB7EE009AB0EEC80A0DF081F8D4ED84
:10800C00057A20EE090AF4EEE87AF1EE10FA07D4BC
:10801C00F1EE677AF4EEE87AF1EE10FA77FEA87AD0
:10802C00C5ED007AD4ED057AF4EEC07AF1EE10FAD3
:10803C0007D4F1EE677AF4EEC07AF1EE10FA77FE1F
:10804C00807AC6ED007A02B0BDEC048B70BDFFEEF9
:10805C00008ABFE7BFEE009ACDE700BF000000002A
:10806C00386000203C60002000220A490A480023A6
:10807C0010B40A60094C0A49226002600A60094C7B
:10808C0009480A490A4A2370037013700B6010BC2C
:10809C00704700BF3C600020185C00203860002056
:1080AC001C5C0020CC6C0020BD6C002010610020FA
:1080BC00C36C00202DE9F0415A4A84B05A4C126826
:1080CC00237890461BB1594B1B689A420FD203F090
:1080DC00C1FC574AD2F8683792F88517003B18BF95
:1080EC00012382F8F43D59BB04B0BDE8F08151493D
:1080FC000022514B4FF0010C08781546DFF848E18F
:10810C0018704E4B227093ED000A4D4BD3ED000AC4
:10811C000CFA02F320FA02F12B4311F0010FDBB23F
:10812C0004D01EF80210002908BF1D460132072A90
:10813C00EED1444B284693F82C10FCF773FEC6E79F
:10814C00D2F888376FF07E0102F5EC6092F8876701
:10815C007F2BD2F89057A8BF7F238B42B8BF0B461A
:10816C001FB2D2F88C377F2BA8BF7F238B42B8BFAE
:10817C000B461BB2019308F093F8DDED017A002356
:10818C0003AA02A9F8EEE70A07EE907A2D48B8EE9A
:10819C00E70A02930393FFF7D9FE264A06F01F0362
:1081AC00002D137033DD2022204908F13C00227091
:1081BC000860214943EA020E00229DED020A0B7869
:1081CC000124DDED030A104673451F4D1C4B18BFEF
:1081DC0081F800E01949C3ED000A81ED000A04FAA8
:1081EC0002F32EFA02F1034311F0010FDBB203D0BC
:1081FC00A95C002908BF18460132072AEFD1114BA0
:10820C0093F82C10FCF70EFE04B0BDE8F08106D0FC
:10821C004022064808F13C0122700160C9E722782F
:10822C00C7E700BF946B0020BD6C002010610020DC
:10823C00A0450020C36C0020CC6C0020185C0020F2
:10824C001C5C0020506900206C69002000220B4946
:10825C000B48002310B40A600A4C0B4922600260E0
:10826C000A600A4C0A480B4A0B49037023701370BE
:10827C000A480B6010BC0AF0C1BA00BF3C60002079
:10828C00185C0020386000201C5C0020CC6C0020A6
:10829C00BD6C0020C36C002010610020A0290020C0
:1082AC0038B51B4B1A78E2B11A49002308681A4AF0
:1082BC001A4C1B491B4D236008601B4C1B492B702F
:1082CC00D2F80A00D2F806C0194AC4F800C00860F7
:1082DC0001211360174C1848184A23600370117061
:1082EC0038BD172001250AF031FC04460AF068FE5F
:1082FC0060400AF06BFB652114200AF06DFB054908
:10830C000F4A0C68024B20441D709060CDE700BFF3
:10831C00C76C0020946B002080690020086100204D
:10832C00A8600020C26C0020102A0020142A002013
:10833C00AC630020A8630020C86C0020D43000205F
:10834C008462002000B587B0FFF7AAFF0023142138
:10835C0001A80593CDE90133CDE903338DF8051060
:10836C000CF0C4F807B000BDDFF860C29CF8002028
:10837C00EAB102F0FF030022012B30B50D4693B099
:10838C0004468CF800207DD0022B11D0812B00F0FC
:10839C00C580822B00F0E580102B57D0902B04D198
:1083AC008449854A09785370917013B030BD704779
:1083BC00824A0DF10E018248ADF80C3002F1300307
:1083CC00029010681032103141F8100C9A4252F899
:1083DC000C0C41F80C0C52F8080C41F8080C52F833
:1083EC00040C41F8040CECD11368506812890B6032
:1083FC000DF10D030A81002248600DF1470113F8BD
:10840C0001CF994282EA0C02F9D102A88DF80D2015
:10841C00FCF7F4F9002800F0C78002ACAC46A64685
:10842C000CF1100C1034BEE80F004CF8043C12ABED
:10843C004CF8100C9E454CF80C1C4CF8082CEED14A
:10844C00284613B0BDE83040FFF7ACB85A4B9878CB
:10845C00831E012BA9D8574B01901870FEF7C4FE50
:10846C0001980328A1D1FFF71BFF0022142102A8B9
:10847C0002928DF80910CDE90322CDE905220CF00A
:10848C0035F892E702214D4B4E480DF10E02ADF836
:10849C000C1003F12001029018681033103242F8CE
:1084AC00100C8B4253F80C0C42F80C0C53F8080CC3
:1084BC0042F8080C53F8040C42F8040CECD1586840
:1084CC00D3F800C019890DF10D0350600DF1370080
:1084DC00C2F800C01181002213F8011F834282EA06
:1084EC000102F9D102A88DF80D20FCF7FBF8002849
:1084FC005AD00DF1080CA646BCE80F00AEE80F00F0
:10850C00BCE80F00AEE80F009CE80F008EE80F00EF
:10851C00204613B0BDE83040FEF7C0BFDFF898C06E
:10852C00821D26300CF102018CF8013013681032D8
:10853C0052F80CEC10311C4652F808CC52F8043CA2
:10854C00824241F8104C41F80CEC41F808CC41F84F
:10855C00043CEBD1536810684B60086013890B81A5
:10856C0023E7DFF854C08A1D36310CF102008CF879
:10857C0001301368103252F80CEC10301C4652F8D3
:10858C0008CC52F8043C8A4240F8104C40F80CECF1
:10859C0040F808CC40F8043CEBD1536811684360B8
:1085AC0001601389038100E7074813B0BDE8304030
:1085BC000AF024B9D8300020286800202A6800204E
:1085CC00314D4943314D4941A0290020D86C002040
:1085DC002DE9F04FC34C93B006462378002B00F0E6
:1085EC006881C14BC14F1A68D7F82E30DFEDC07AC5
:1085FC0007EE103A3568B4EEE77AF1EE10FA0ED4C5
:10860C0097F83940012304F01F0403FA04F415EA27
:10861C00040140F09F80B7480170B7490B70348952
:10862C003560A4F50044758984EAE473A5F500452A
:10863C00A3EBE473B3F5486F07DC85EAE573A3EBB2
:10864C00E573B3F5486F40F3A980AC4B1B78002B56
:10865C0000F0B180DFF8C0C2DCF800309A4200F0C4
:10866C002181A74BDFF8BC921B68CCF80020A2EB51
:10867C000308D7F80E20B7F832C042459246B7F837
:10868C0034E000F2698100210EAB0DF1280B0A4693
:10869C000793002C20460695B8BF04F17F00002DEF
:1086AC004FEAE010C0F21A81079B804699ED000A50
:1086BC00CDE904B30023ADF82830ADF83830069B73
:1086CC00CDE9002143F3CF1302B201218D48CDE94E
:1086DC0002CEFFF72FFB069ABDF93830F96BA3EBEE
:1086EC00E213BDF9282007EE101A874907EE903ADD
:1086FC00A2EB0802F8EEE77A67EE877AFDEEE77AEE
:10870C0017EE903A07EE902AF8EEE77A1D4467EEE2
:10871C00877AFDEEE77A17EE902AC1ED007A1444C1
:10872C007A4A13607A4A47F6FF739442B8BF1446EC
:10873C009542B8BF15469C42A8BF1C469D42A8BF97
:10874C001D46A4F50044A5F500453481758113B090
:10875C00BDE8F08F06920AF033FC66490123069AB5
:10876C0091F800C0BCF1000F00F0F181DFF8BCC142
:10877C00DCF80010A0EB010E5F490978002900F02D
:10878C00D780644B1B68734500F2E48000235A4980
:10879C00CCF800000B7025EA040540E7574800238D
:1087AC005D490370086882427CD00A60574A1360A6
:1087BC00554A1360B6E7524B52481A60CDE908325D
:1087CC00D7F80680FFF790F94E488DED070AFFF7B2
:1087DC008BF94C488DED060AFFF786F9DDED067A2C
:1087EC00DDED076A67EEA77A9FED4C6A9FED4C7A38
:1087FC00E6EEA67A06EE908ADDE90832E0EE007A23
:10880C00E7EE866AF4EEC76AF1EE10FA07D4B2EE20
:10881C000E7AF4EEC76AF1EE10FA37FE267ACDE93D
:10882C000823404B374883ED007A9946D7F80A80E5
:10883C00FFF75AF933488DED070AFFF755F9314820
:10884C008DED060AFFF750F9DDED067ADDED076ACE
:10885C0067EEA77A9FED316A9FED317AE6EEA67A44
:10886C0006EE908ADDE90823E0EE007AE7EE866AF0
:10887C00F4EEC76AF1EE10FA07D4B2EE0E7AF4EE0B
:10888C00C76AF1EE10FA37FE267A2748DFF888C05F
:10889C001A4980ED007A01200870DCF80000904243
:1088AC007FF4E2AE184A194B12681B6814441D443D
:1088BC0038E717200AF04AF905460AF081FB6840B0
:1088CC000AF084F8652114200AF086F8064B1A6821
:1088DC001044012222700B4A906083E605F17F035D
:1088EC000693E1E6C76C0020946B002080690020A1
:1088FC006F12833AC86C0020D4300020C26C002068
:10890C000861002084620020A8630020AC63002072
:10891C000180FFFF24600020A86000206F12033D3F
:10892C00CDCCCC3D102A0020142A00202060002041
:10893C009949096871453FF62EAF0692974ACCF8D3
:10894C0000001370FFF71CF9944A1378069A002B59
:10895C003FF421AF254362E60EAA91490AABD7F842
:10896C0012000792C4458A689B46496807C38C4924
:10897C00386A8A891A80D1F81620079BD1F8121010
:10898C0007C3874A528B1A8000F2EE80A8EB0C03C7
:10899C00B1EE086A06EE903AAAEB0C0307EE903A99
:1089AC00F8EE666A12ABF8EE677A86EEA77A27EED7
:1089BC00067AFDEEC77A17EE901A05290A46A8BF6B
:1089CC00052207EE902A03EB420232F9203CF8EE26
:1089DC00E77A05EE103A32F91E3C37EE677A04EE70
:1089EC00903AB8EEC55AF8EEE44A002900F0B98086
:1089FC0032F9223CF6EE007A042903EE903AF8EEB6
:108A0C00E33A74EEE33A63EEA73A00F3C28032F92C
:108A1C001C3CF6EE007A05EE903AF8EEE55A75EE4F
:108A2C00C55A65EEA75A67EE076AB0EE086AF0EE13
:108A3C00002A27EE264A26EE866AB7EE002AF0EECA
:108A4C00447AB0EE463AA4EE626AE6EEE27A94EE2E
:108A5C00223A74EE666A77EE877A33EE027A67EE24
:108A6C00A37AE5EE077AE4EE867AE6EEA57AFDEED9
:108A7C00E77A17EE903A1AB2C64577D8A8EB0E03F0
:108A8C00B1EE086A07EE903AAAEB0E0307EE103A25
:108A9C00F8EE677A12ABB8EE477AC7EE876A26EE25
:108AAC00867AFDEEC77A17EE900A05280146A8BF14
:108ABC00052107EE901A03EB410131F9103CF8EE59
:108ACC00E77A05EE103A31F90E3C37EE677A04EE90
:108ADC00903AB8EEC55AF8EEE44A002848D174EE44
:108AEC00C53A31F90C3CF6EE007A05EE903AF8EE08
:108AFC00E55A75EEC55A65EEA75A67EE076AB0EEF1
:108B0C00086AF0EE002A27EE264A26EE866AB7EEB1
:108B1C00002AF0EE447AB0EE463AA4EE626AE6EE33
:108B2C00E27A94EE223A74EE666A77EE877A33EE46
:108B3C00027A67EEA37AE5EE077AE4EE867AE6EE41
:108B4C00A57AFDEEE77A17EE903A19B2A1E50B7013
:108B5C00254312490B70134B1860FFF711F8069A56
:108B6C005DE574EEC53A52E7002285E7002190E5F9
:108B7C0031F9123CF6EE007A042803EE903AF8EE46
:108B8C00E33A74EEE33A63EEA73AAADD74EEC55A03
:108B9C00B3E774EEC55A46E7B0600020D43000202D
:108BAC00926900202060002030B58FB0684807A97A
:108BBC00FCF74CF810BB674C674A2178126849B92E
:108BCC00664B40F6B8301B68D31A834200F2A8807B
:108BDC000FB030BD62490968521A322AF8D91421F3
:108BEC0006900190CDE90200CDE9040002A88DF8B1
:108BFC0009100BF07BFC019B2370E9E7564900221E
:108C0C00564B07A80968534C19602270FFF7E0FC1B
:108C1C009DF83410002214230829029205928DF835
:108C2C0009300692079B79D84E4A525C9000C2F3E9
:108C3C00C00100F0040001435008920000F0020053
:108C4C0002F00802014341EA02059908BDF820E050
:108C5C009A08BDF822C01C0101F0100102F020029C
:108C6C008EF4004E04F010048CF4004C1143C3F34A
:108C7C00001202A822435C0A41EAC4119C0804F0C9
:108C8C0040042143DC0842EAC41229431C0904F0C5
:108C9C00020422431C0104F0400304F0200422438C
:108CAC000024134361F30704BDF82420142163F35B
:108CBC000F24002382F400426EF307034EF3072EB9
:108CCC006EF30F236CF317434CF3072C6CF31F63F9
:108CDC004FF0000CCDF80E3062F3070CBDF82630C7
:108CEC0042F3072283F4004362F30F2CBDF82820D3
:108CFC0063F3174C43F30723120A63F31F6CBDF89D
:108D0C002A3062F317441B0ACDF812C063F31F64B8
:108D1C00CDF80A400BF0EAFB0FB030BD154694E7D6
:108D2C00CDE90121102302A8CDE90311CDE90511EC
:108D3C0014218DF80B308DF809100BF0D7FB019A2C
:108D4C000121074B0548217002601A600FB030BD3D
:108D5C00A0450020D56C0020946B0020E46400201A
:108D6C00E86400200818002008B5144B4FF48072FA
:108D7C000021186012480DF047FF4FF4806200216B
:108D8C0010480DF041FF00230F4A4FF0FF0C0F4924
:108D9C000F480B7080F800C00E49DFF84CC00E482D
:108DAC00C1F800C0C2E900330C4A13700C4B0D4AD9
:108DBC001A60BDE8084009F021BD00BFA463002083
:108DCC00A4620020205C0020C0600020CE6C00203B
:108DDC00D23000201C620020A0290020C96C002089
:108DEC002C6200206D03000075240000014B1860FC
:108DFC00704700BF145C0020354B1A7810B532B1A7
:108E0C00344A354912680968521A002A2ADA334B57
:108E1C001A7842B12F4A324912680968521A002A4C
:108E2C0001DB00221A702F4B1A7842B1294A2E49C5
:108E3C0012680968521A002A01DB00221A702B4AA8
:108E4C00137873B12A49087807280AD82949096880
:108E5C0039B1DFF880C0012BDCF8004011D0022BB7
:108E6C0006D010BD002224481A7009F0C7FCCEE7CA
:108E7C00224B1B68E31A002BF3DBBDE81040F9F71B
:108E8C0071BD1E4B1B68E31A002BEADBD1F80730CF
:108E9C004FF01A0CDFED1A7A00EE103A194B1B78D2
:108EAC00B4EEE70A03EB8303F1EE10FA0CFB00338C
:108EBC001944B1F8150009D418B1F9F78DFA0B4A19
:108ECC00044402230D4913700C6010BD0444F8E7F0
:108EDC00BC6C0020946B0020BC600020C06C002097
:108EEC0004610020CB6C0020AC600020CE6C002014
:108EFC00D2300020A4630020A0290020F8600020BC
:108F0C000AD7233CCA6C002038B53A480024FBF73A
:108F1C0047FD00250AF024F9374B38494FF6FF720C
:108F2C004FF448505C749A84A3F8402064229C74DB
:108F3C0083F86E205D619D611C771C629D62DD6211
:108F4C001D635C639D63DD6383F842405D649D64D7
:108F5C00DD641D655D659D65DD651D66C3F8764048
:108F6C00C3E9194145F26401A3F86C1001F51B210A
:108F7C0019671421C3E9004483F87410C3F87A40CC
:108F8C001F49A3F8840083F880200122A3F87E40B7
:108F9C00A3F8824040F201130C638C861948C1E996
:108FAC000834C1E90044C1E90244C1E90444C1E9FF
:108FBC000644C1E90A442146FCF7F4FD04220321CE
:108FCC001148FCF7EFFD082309220A210F4809F08C
:108FDC00C3F92323242225210D4809F0BDF90D4B9B
:108FEC001D605D609C60DD601D61DC61C3E9054452
:108FFC0038BD00BFA0450020B46800200400280044
:10900C007068002044620020606200209C6B00208D
:10901C00206C0020846200200AF0A2B8284A9FED40
:10902C00297AD2ED006A284BF4EEC76AD3ED007AA8
:10903C00F1EE10FA07D4F4EEC77AF1EE10FA12D56D
:10904C009FED220A70479FED217AF4EEC77AF1EE7C
:10905C0010FAF5D4B3EE040AF4EEC07AF1EE10FA7D
:10906C0030FE270A70471A4A9FED1A7AD2ED006A31
:10907C00194867EEA67A00B5C7EE876A83B0CDEDC6
:10908C00016AFEF731FD104BDDED016AD3ED007A7C
:10909C009FED0E7AE0EE267AF4EEC77AF1EE10FA36
:1090AC0009D4B3EE040AF4EEC07AF1EE10FA30FEF5
:1090BC00270A03B000BD9FED050A03B000BD00BF39
:1090CC00F42D00206F12833AA06A0020CDCCCC3D49
:1090DC00F82D00200000C842086800201C4B1B78AB
:1090EC004BBB1C4B1C4A1978B2F90030022923D017
:1090FC00DFF878C019499CF800C0CCEBCC0CA3EB82
:10910C000C03184481FB00310B18C117C1EBA301F0
:10911C00134BC1EBC101401A0730A3FB0013C11A5A
:10912C0003EB51039B08C3EBC303C01A60440D4B04
:10913C00012110801970704718440B49431D81FBA5
:10914C000301D817C0EB610000EB8000181AEEE7A2
:10915C00DA300020D8300020B46C002093244992DF
:10916C0025499224D630002067666666DC6C0020A8
:10917C000D4B9B7B9BB90D4BDFED0D7A93ED007A7C
:10918C00B4EEE77AF1EE10FA09D4C30707D5094B10
:10919C001B782BB1084B1B7813B900F0FE007047FD
:1091AC0040F00100704700BFA0450020A06A0020DD
:1091BC006F12833ABA6C0020CD6C00206B4B1B787D
:1091CC0003B170476A4A6B4B30B5117887B0B3F96D
:1091DC00003002299AB220D0062A1CD9073A062A56
:1091EC0047D8073B644931F91320DFF8C4C1024466
:1091FC00B2F5FA7FA8BF4FF4FA726245B8BF624667
:10920C0021F81320FEF726FC01235C495C4A0B7005
:10921C00137007B030BD5B49E5E7042AF4D80DEBB9
:10922C008305594A03EB8303DFF888E107EE900AC4
:10923C000DF1040C02EB8304B8EEE76AD4ED036A7B
:10924C0094ED017ABEE80F00ACE80F00DEF80030B8
:10925C00CCF800306B68D3ED007AE6EE267AF4EEAB
:10926C00C77AF1EE10FA0DD583ED007AFEF7F2FB1A
:10927C00CAE70E3B062BC5D8DFE803F073636148E1
:10928C002D1F0D0094ED027AF4EEC77AF1EE10FA70
:10929C0037FE277AE8E73D4B4FF0190C42F210727B
:1092AC00196810FB0C109042A8BF1046B0F5FA7F5D
:1092BC00B8BF4FF4FA701860A4E7354A4FF00503B5
:1092CC00117810FB03135F2BA8BF5F23052BB8BFCE
:1092DC000523137096E72F4B07EE900A93ED007A57
:1092EC00F8EEE76ADFED2C7AA6EEA77AB4EEE77A11
:1092FC00F1EE10FA07D4F2EE0E7AB4EEE77AF1EE54
:10930C0010FA77FE877AC3ED007A7BE707EE900AB6
:10931C00224B9FED217AF8EEE76AD3ED007AE6EE68
:10932C00877AF5EEC07AF1EE10FA1CD4B3EE047A1B
:10933C00F4EEC77AF1EE10FA77FE277AE3E7184BD2
:10934C00CAE7184AB2F800C04FF0050340F6B8312E
:10935C0010FB03C38B42A8BF0B4623EAE3731380B5
:10936C0050E7114AEEE7DFED117ACCE7DA30002056
:10937C00D8300020B46C0020B46A0020D630002015
:10938C00DB300020A46A0020D0110020042E002025
:10939C00D9300020F42D0020CDCCCC3DA06A00208B
:1093AC00FC2D0020B86C0020B66C002000000000E2
:1093BC000CFEFFFF6C09002008B5144B1B78022B28
:1093CC0023D013484FF0010C124B0178DFF854E016
:1093DC006144A3FB0123104A82F800C003F4FF721E
:1093EC0002EB53030D4AC91A82F800C00A22C1EBE2
:1093FC00C10301700A48AEF80030002309F026FAC8
:10940C000748BDE8084009F0F9B908BDD83000207C
:10941C00DC6C0020ABAAAAAAD6300020DB300020DE
:10942C00A0290020B46C0020124A08B5137883F0F0
:10943C000103137063B10021072009F0EBFD22201A
:10944C00002109F0E7FD0C48BDE8084009F0D6B949
:10945C000121072009F0DEFD0121222009F0DAFDAF
:10946C0001230649064A0B7013700348BDE80840F7
:10947C0009F0C4B9DA300020A0290020D630002031
:10948C00DB3000203B4B10B51A783B4C022AB4F968
:10949C00003027D09AB2062A1BD8384A002122F86D
:1094AC001310FEF7D7FA364BB4F9001001221B68E3
:1094BC00344C3548C83321700360344C344B354838
:1094CC0022701A7009F08EF93248BDE8104009F08C
:1094DC0095B9073A062A0CD82F4A073B002122F8E7
:1094EC001310DEE7042BDCD8DFE803F011151A1F8C
:1094FC000C000E3B062BD4D8DFE803F037332E2AB2
:10950C0025211C004FF07E52244B9A61C9E7234B56
:10951C00234A9A60C5E74FF08042204BDA60C0E7DF
:10952C004FF07E521D4B1A61BBE74FF07D521B4B27
:10953C005A61B6E71B4B41F288321A60B1E71A4BFD
:10954C0046221A70ADE74FF07E52184B1A60A8E70E
:10955C00174B00221A60A4E74FF07E52154B1A608D
:10956C009FE7154B00221A809BE7144B00221A80B0
:10957C0097E700BFD8300020B46C0020A46A00200C
:10958C00946B0020D73000204C690020D63000208E
:10959C00DB300020A0290020B46A00205069002094
:1095AC009A99993E042E0020D9300020F42D0020E9
:1095BC00A06A0020FC2D0020B86C0020B66C0020A6
:1095CC0038B50E4C0E482378012B14BF012502250B
:1095DC0009F014F92378AB420ED02846FDF704FEAF
:1095EC00074809F00BF9322009F094FC4FF0E02306
:1095FC00044AC3F80C2DFEE738BD00BFD83000205C
:10960C00A02900200400FA052DE9F047A84C90B0E1
:10961C00A84EA94F94F80E8035683A78B8F1000F2F
:10962C0017D0002A00F035810CA9A14887F80080DA
:10963C00FBF7C8FAC0B9A14BDFF8C0821A68AA427E
:10964C0053D198F80060002E00F0F88010B0BDE8FF
:10965C00F087002AE8D09A4ACDF83A8012788DF833
:10966C003E8022F0010218E1BDF93420BDF9323000
:10967C00002A934F9349B8BF5242002B91ED0E7ABA
:10968C0092B2B8BF5B429DF8300012FA83F307EE3A
:10969C00903A3B78F8EEE77A03F0010383F001028D
:1096AC0077EE877A0240C1ED0E7A00F0010140F0AE
:1096BC00278181F00101DFF844820B4240F0E48005
:1096CC00814B38701D60A37B1BB140F001008DF8FD
:1096DC003000FFF74DFD0CA98DF830007448FBF7F6
:1096EC00AFFA764B1A68AA42ABD0754F1D60A37BBC
:1096FC003978002B40F0E781744ADFED757A92EDF2
:10970C00007AB4EEE77AF1EE10FA02D4CA0700F14F
:10971C003D81704B1A78002A40F0BF810DF1380A58
:10972C006D4B1B788BBBDFF8D0C198F800209CF8F0
:10973C000030EAB9ADF82A20ADF82C2053BB674AAB
:10974C001688674AB2F800C01A466648CDE900325E
:10975C00654BCDE9026C93ED000A0BAB05930DF153
:10976C002A03049300231A46FEF7E4FA397811E031
:10977C005BB95E4832680068121A5D480068904216
:10978C0000F2EC8101238CF800300023ADF82A3074
:10979C00ADF82C304B4B01F00102C1F34001002617
:1097AC0018469A71D97152460DF12E01B7EE000A86
:1097BC00ADF82E60ADF83860FBF7F8FBBDF82A1059
:1097CC00BDF82E00BDF82C200144BDF83800024431
:1097DC00ADF82A1041EA0200ADF82C2080B2002826
:1097EC003FF42FAF3878FFF7C3FCADF83A108DF883
:1097FC00380051462E48ADF83C208DF83E60FBF702
:10980C001FFA304B5B79002B3FF41BAFBDF92A10CC
:10981C00384808F0E7FFBDF92C10364808F0E2FF95
:10982C0033460A222946334809F010F8314808F02B
:10983C00E5FF98F80060002E7FF408AF1C48FBF79A
:10984C0001FA00283FF402AF1F4A1368EB1AB3F574
:10985C007A6FFFF4FBAE1A480EA9A37B1560027851
:10986C0013481343CDF83A608DF83E608DF83830CC
:10987C00FBF7E6F933460A2204211E4808F0E6FFFE
:10988C001C4808F0BBFFE1E61B4B88F800201A705F
:10989C0016E7CDF839200F92012220460EA98DF83B
:1098AC003820FBF7CDF9134808F0A8FFBCE600BF41
:1098BC00A0450020946B0020C16C0020EC640020BB
:1098CC00BF6C0020B468002028620020A06A002031
:1098DC006F12833ABA6C0020DD6C0020B66C00204D
:1098EC00B86C002008680020002E00209C6A002024
:1098FC00042E0020A0290020DB6C0020DA6C002054
:10990C003268814BDFF850821A60012300227F48B5
:10991C0088F800307E4B1A70FEF7F0F97D4BDFEDC6
:10992C007E6A93ED007ADFED7D7AA0EE267AB4EEB6
:10993C00E77AF1EE10FA07D4F2EE0E7AB4EEE77A8B
:10994C00F1EE10FA77FE877A754B7048C3ED007A0A
:10995C00FEF7D4F9734BDFED706A93ED007ADFED0F
:10996C006F7AA0EE267AB4EEE77AF1EE10FA07D40D
:10997C00F2EE0E7AB4EEE77AF1EE10FA77FE877A11
:10998C00694B9DF83000C3ED007A99E6069309F017
:10999C0017FB664A069B1178002900F0CE81644AB9
:1099AC00DFF8B0E11168A0EB010C9EF80010002963
:1099BC0040F098805F4B1968614500F2BA811060E5
:1099CC0001215D4A8EF8001092F800901170FFF79B
:1099DC0025FB5A49DFED5A7A0B7887EE807A52498B
:1099EC0007EE903A9FED576AD1ED006A47488DED2E
:1099FC00096AF8EE677A67EEA66ACDED077AC6EECD
:109A0C00865A8DED087ACDED065AFEF76DF8DDED30
:109A1C00065AF1EE046ADDED077A9DED087AE5EE63
:109A2C00807A454A434BF4EEE67AF1EE10FA00F1F7
:109A3C00DD81DFED455AF7EE006A9DED096AF4EE23
:109A4C00E57AF1EE10FA75FEA75AC5EE867A76EE37
:109A5C00E76A67EE277A107827EE267A3B4A81452B
:109A6C003978FCEEE77ABCEEC77AC2ED007A83ED6A
:109A7C00007A3FF453AE002842D041F0010100239C
:109A8C008DF838100EA93248CDF83A308A468DF848
:109A9C003E30FBF7D5F8397842E6002221F001017F
:109AAC002B481A70244B8DF838100EA91A70CDF86B
:109ABC003A208A46274B8DF83E2001221A70FBF77C
:109ACC00BFF839782CE6194B1A78002A3FF426AEE9
:109ADC0000220DF1380A1A70174B1A7001221D4B17
:109AEC001A701DE619490968614500F2228110605F
:109AFC00114A8EF8003011781370002900F019818A
:109B0C00397801F0FE01BAE79C6A00200868002051
:109B1C00DB6C0020FC2D00206F12033DCDCCCC3D26
:109B2C00002E0020F42D0020F82D0020BA6C00200F
:109B3C000C610020B4600020CD6C0020D9300020D6
:109B4C00002474490000C8420000BE422860002076
:109B5C00A0450020D3300020DA6C0020BE4E3688A1
:109B6C0096426CD8931BB1EE086ADFF828E306EE38
:109B7C00903A831B0EF1020C07EE903AF8EE666AEF
:109B8C00F8EE677A86EEA77A27EE067AFDEEC77AAC
:109B9C0017EE903ACDED067A052BA8BF05233CF9BC
:109BAC0013C007EE903A994604EE90CA3EF913C0E2
:109BBC00F8EEE77A069B05EE10CAF8EEE44A37EEAB
:109BCC00677AB8EEC55A002B40F01C8174EEC53A8A
:109BDC00DFF8C4C2F6EE007A3CF9193006EE903A82
:109BEC00F8EEE66A76EEC56A66EEA76A27EE076AB5
:109BFC00F0EE085AF0EE002A27EE064A66EE255AD9
:109C0C00B7EE002AF0EE447AB0EE653AE4EE625A12
:109C1C00E6EE627A94EE223A34EE466A77EE877A72
:109C2C0033EE027A67EEA37AE5EE077AE4EEA57AD4
:109C3C00E6EE267AFDEEE77A17EE903A1BB2DFF8E5
:109C4C005CC2BCF800C0944500F2DA80A2EB0C02B6
:109C5C00A0EB0C00B1EE086ADFF844E207EE902AA4
:109C6C0007EE100A0EF10200F8EE677AB8EE477AAA
:109C7C00C7EE876A26EE867AFDEEC77A17EE902A33
:109C8C00CDED067A052AA8BF052230F9129007EE11
:109C9C00902A069804EE909A3EF91290F8EEE77A24
:109CAC0005EE109AF8EEE44A37EE677AB8EEC55A2C
:109CBC00002840F0BC8074EEC53A6848F6EE007A95
:109CCC0030F9122006EE902AF8EEE66A76EEC56AB6
:109CDC0066EEA76A27EE076AF0EE085AF0EE002A45
:109CEC0027EE064A66EE255AB7EE002AF0EE447AC5
:109CFC00B0EE653AE4EE625AE6EE627A94EE223AFF
:109D0C0034EE466A77EE877A33EE027A67EEA37A00
:109D1C00E5EE077AE4EEA57AE6EE267AFDEEE77A32
:109D2C0017EE902A12B20020ADF82A00ADF82C00E4
:109D3C000BE539780DF1380AF2E401231370484A27
:109D4C001370484A1370484B1860FFF767F9474B7C
:109D5C00DFED477A1B7887EE807A9FED466A07EE37
:109D6C00903A454B4548D3ED006A8DED096AF8EE03
:109D7C00677A67EEA66ACDED077AC6EE865A8DED48
:109D8C00087ACDED065AFDF7AFFEDDED065AF1EE81
:109D9C00046ADDED077A9DED087AE5EE807AF4EE43
:109DAC00E67AF1EE10FA26D4DFED355AF7EE006ABA
:109DBC009DED096AF4EEE57AF1EE10FA75FEA75AFC
:109DCC00C5EE867A76EEE76A67EE277A2D4A27EE9D
:109DDC00267A2D4B39780DF1380AFCEEE77ABCEE79
:109DEC00C77AC2ED007A83ED007A99E4DFED276A39
:109DFC00DFED277A2DE6DFED256ADFED257AE3E747
:109E0C00002290E7AEF1020EF6EE007A3EF9193020
:109E1C0003EE903A069BF8EEE33A042B74EEE33A29
:109E2C0063EEA73A7FF7D4AE74EEC56ADEE6AEF108
:109E3C00020EF6EE007A3EF9120003EE900A069836
:109E4C00F8EEE33A042874EEE33A63EEA73A7FF7B0
:109E5C0034AF74EEC56A3DE7B66C0020B86A0020DA
:109E6C00D3300020CD6C00200C610020D9300020B4
:109E7C00002474490000C842F82D00200868002016
:109E8C000000BE4228600020B46000203333733FD2
:109E9C00CDCC4C3DA46A0020A86A0020B86C0020F0
:109EAC00B46A00200B4A1278824212D008B5431EC5
:109EBC00042B00D908BDFDF797F9074808F09EFC64
:109ECC00322009F027F84FF0E023044AC3F80C2D98
:109EDC00FEE77047D8300020A02900200400FA05C6
:109EEC002DE9F04F9C4E91B09C483468FBF7D8FE9E
:109EFC009B48FBF719F8062009F0AEF8994A13783D
:109F0C00834204D098490B68E31A312B1CD8974D27
:109F1C0097499848FEF728FAFDF7ACFD48B9964FDB
:109F2C002B78023B032B00F2A381DFE803F05B3EAE
:109F3C001C1A2B78023B032B00F25A81DFE813F03A
:109F4C00DF00E3009400550007460C60002800F089
:109F5C00BB808A4B1978002940F0E980834D17703B
:109F6C00D6E7FFF751FBFEF747FF7C4A3978137EA3
:109F7C0011B3834A1370834A92F90030002B09DB2A
:109F8C00814B1B68E31A002B04DBFF207F4B012164
:109F9C00107019707E4CA36823B13368B3F5FA7F47
:109FAC0080F0B58011B0BDE8F08FFEF7FDFD6B4A77
:109FBC003978137E0029DCD176480168611A312981
:109FCC0073D86F4A1370744B1A78002AD3D0734924
:109FDC000A68A21A312ACED900220C601A70FDF739
:109FEC0065F8C8E7FEF766F8BFE76D4A0DF1280C77
:109FFC006C4BB2F800806C4AB2F800906B4AD2F805
:10A00C0000B06B4AD2F800A06A4AD2F800E06A4A63
:10A01C0012780092694A1168694A0191177807CB46
:10A02C001B88CDF81A00ADF82630664BCDF81E1003
:10A03C00CDF822200FCBACE80700009A02A8ACF8B0
:10A04C000030ADF83A80ADF83C90CDF80EB0CDF8BC
:10A05C0036A0CDF812E08DF83E2001998DF83F70B6
:10A06C00CDF81610FDF7F0F85748FDF73BFB424FC3
:10A07C003B7833B9554B04F2DC521A600123434A46
:10A08C001370FDF7ABF831287FF64AAF504808F053
:10A09C00B5FB3B78002B7FF443AF4C4B04F5FA62D5
:10A0AC001A600123394A13703AE70460A3B9344D9E
:10A0BC002A78002A35D0354A002100931170FCF71C
:10A0CC003FFE3A78009B15E0424B0121274D1C6066
:10A0DC002A4B177019701BE72978D0690129009356
:10A0EC00A4EB0000264D14BF01210221FCF7F6FF62
:10A0FC003A78009B2B70002A3FF465AF3BE71D4874
:10A10C00FDF7CCF9B3E71A48FDF74CFAAFE7304846
:10A11C0008F074FB3049204611B0BDE8F04F08F050
:10A12C0001BD1A4A11780029C6D129704BE729497B
:10A13C0000200E4D0968187040F2DB53611A287824
:10A14C0099424BD9023801288CBF02200120FFF71D
:10A15C00A9FE044A1770DBE6946B0020706800209F
:10A16C00B4680020D5300020DC640020D8300020FA
:10A17C008069002050690020DA300020D36C002068
:10A18C00D26C0020D73000204C690020D630002043
:10A19C002C600020CC600020DB300020006100200F
:10A1AC00B66C0020A46A0020B86C0020FC2D0020A6
:10A1BC00A06A0020F42D0020D9300020042E0020AD
:10A1CC00DD6C0020B46A0020C0690020006800200B
:10A1DC00A0290020E0640020A40D0020FDF704F865
:10A1EC004FF0E0232449254AC3F80C1D17708FE665
:10A1FC00234A0DF1280C234BB2F80080224AB2F806
:10A20C000090224AD2F800B0214AD2F800A0214A8C
:10A21C00D2F800E0204A12780092204A1168204AB5
:10A22C000191177807CB1B88CDF81A00ADF82630B2
:10A23C001C4BCDF81E10CDF822200FCBACE807003C
:10A24C00009A02A8ACF80030ADF83A80ADF83C901A
:10A25C00CDF80EB0CDF836A0CDF812E08DF83E203A
:10A26C0001998DF83F70CDF81610FCF7EDFFFEE666
:10A27C00FFF7CAF979E600BF0400FA05D5300020D3
:10A28C00B66C0020A46A0020B86C0020FC2D0020C5
:10A29C00A06A0020F42D0020D9300020042E0020CC
:10A2AC00DD6C0020B46A002008B508F059FF07489F
:10A2BC00FDF7F6FB0021064808F0CEFB054A0649DF
:10A2CC000348BDE808400BF0F9B900BF086800204E
:10A2DC002C600020002B0020950901002DE9F04F87
:10A2EC00B548BFB0FAF75CFCB44F4FF4167008F0E9
:10A2FC0011FEB3483B6808F081FAFCF785FF06466F
:10A30C00002800F0DE8107ACAE4D30462E70FAF717
:10A31C0071FDAB4808F072FA2046FCF7D1FF00281B
:10A32C0040F08C81A84BA94FA94E0393D7F800B0ED
:10A33C00A84BD6F800E0DFF8E8A2DFF8E892DFF8E7
:10A34C00E8820493A44B2046C3F800B0A34BC3F897
:10A35C0000E0FDF7D7F8002800F07982A646DFF878
:10A36C00CCC2BEE80F00ACE80F00BEE80F00ACE8B2
:10A37C000F009EE80F008CE80F002046FDF742F915
:10A38C00002800F03982A646DFF8A4C2BEE80F0010
:10A39C00ACE80F00BEE80F00ACE80F00BEE80F0001
:10A3AC00ACE80F009EE80F008CE80F002046FDF78C
:10A3BC00CFF9002800F0FF81DC222146884809F003
:10A3CC0059F92046FDF7D2FA0146002800F0D68153
:10A3DC00A646DFF860C2BEE80F00ACE80F00BEE88E
:10A3EC000F00ACE80F009EE807008CE80700FBF7B5
:10A3FC00B3FDFBF707FE2B78012B00F0B181013B7D
:10A40C00DBB2032B40F24C821F23DFF82CB200226C
:10A41C0001931823734811460093F02307F0F2FAC6
:10A42C00704A002302211046536107F00DF86E4B61
:10A43C0058466C4A13610CF00BFE594602466948AB
:10A44C0008F0AAF90121072008F0E4FD6748FDF7A0
:10A45C0033FB2B78022B00F01482032B00F01D82AF
:10A46C00042B00F02482624A624B10461360624B4C
:10A47C005360624B9360624BD360624B1361624BCF
:10A48C005361FBF7EBFB0221062008F0F7FD204699
:10A49C00FDF7FAF921465D48FBF71EF84FF4E1325F
:10A4AC005B495A48FAF736FD5A4B1B78002B40F0A3
:10A4BC005C814348002408F0A1F9414808F09EF95A
:10A4CC00554D3F4808F09AF93D4808F097F900239C
:10A4DC000A2221463A4808F0B9F9013435F9021F2D
:10A4EC00374808F07FF9364808F088F9072CEED188
:10A4FC004A4D002400230A222146314808F0A6F9CF
:10A50C00013435F9021F2E4808F06CF92C4808F07C
:10A51C0075F9072CEED1BAF80010294808F062F949
:10A52C00274808F06BF9B9F80010254808F05AF9DB
:10A53C00234808F063F997ED000A01212048B7EE93
:10A54C00C00A08F091F91E4808F058F998ED000A75
:10A55C0001211B48B7EEC00A08F086F9184808F02C
:10A56C004DF996ED000A01211548B7EEC00A08F026
:10A57C007BF9134808F042F9039900230A22097861
:10A58C000F4808F063F90E4808F038F904990023D5
:10A59C000A2209680A4808F059F9094808F02EF906
:10A5AC000548FAF74FFB064808F028F904483FB075
:10A5BC00BDE8F04F08F022B9A0450020946B0020B4
:10A5CC00A0290020D8300020D9300020FC2D0020FC
:10A5DC00F42D0020042E0020002E0020F82D002049
:10A5EC00C06900209C6B0020080004000868002053
:10A5FC0070680020CD6F0000AD700000A9720000E3
:10A60C001973000075730000B1740000B468002069
:10A61C00B0290020DA300020A26A0020B26A0020A3
:10A62C00B66C0020B86C0020A06A00205069002095
:10A63C0080690020D05B0020280C0020DDF82E0063
:10A64C00DDF83210DDF836209E4BDFF8D8A2DFF8AB
:10A65C00D8929D4FDFF8D4829C4EDFF8D4C207C34A
:10A66C00BDF83A100FAA9A481980BDF84E109DF803
:10A67C005330AAF80010BDF85010A3F10103039059
:10A68C00A9F80010B3FA83F3DDF822B05B09C7F820
:10A69C0000B0DDF84A10C8F800109DF85210DDF833
:10A6AC0026E00170C6F800E08A48DDF82A10049014
:10A6BC00016089490B700FCAACE80700ACF8003098
:10A6CC0040E6864808F09AF83A683B6802F5FA7852
:10A6DC00984540F2F580354607AC0FE0FAF77CFB65
:10A6EC0006437F48FAF780FB05430A20F6B208F0D0
:10A6FC0011FC3B68EDB2984540F2C9802146784880
:10A70C00FAF760FA7648FAF79DFA0346744823B1D3
:10A71C00FAF76AFB002840F0C8807148FAF792FA01
:10A72C0003466F48002BD9D03D683B6896359D4257
:10A73C000FD813E0FAF746FA6948FAF755FB0346C7
:10A74C000A20002B40F0B18008F0E4FB3B689D42EE
:10A75C0004D93B68214662489845EBD80126D3E5DD
:10A76C00DFF8D0B14FF4FC6351E60021072008F06C
:10A77C0051FC0021222008F04DFC9AE6DFF8A0B134
:10A78C000223584A05900BF10C00CBE9002300235F
:10A79C002022CBF808300CF037FA05980BF10503A2
:10A7AC000BF12B0113F8012F994280EA0200F9D129
:10A7BC008BF805001BE64C4A03234C494FF0010B68
:10A7CC004FF0FA0E8446C2E90013494B1432494942
:10A7DC0042F80C3CA2F1140342F808BC22F804EC39
:10A7EC0083F812C00533C3F80E109342F8D1013030
:10A7FC001A320828EED1E4E53F4B4FF07E52C3F8F5
:10A80C000A203E4AC3F812001A600222C3F816004E
:10A81C009A803B4AC3F81A00C3F806200022C3F8FA
:10A82C001E00C3F82E2041F28832C3F82200DA81D0
:10A83C00344AC3F82600C3F836204FF08542C3F8DB
:10A84C002A00C3F8320018825887DA63AEE52E4B23
:10A85C004FF07E512D4A196103F11C0C99614FF098
:10A86C008041D9604FF07D515961294919602949BE
:10A87C009960022159600121D9620FCA8CE80F003E
:10A88C007BE52548FDF7E2FCFDF7EEFBEBE5AEB909
:10A89C00002D3FF463AF042636E5FDF753FDE2E5EA
:10A8AC001E4A52F823B01F23B1E505262CE50E48AD
:10A8BC00FEF75AFA1A48FEF799FAD4E5032623E56F
:10A8CC0007AC4BE7A46A0020FC2D0020F42D0020DF
:10A8DC00D9300020042E0020DD6C0020A02900209F
:10A8EC00A04500204B545343C0690020334D494BC5
:10A8FC0000A0400050003C0080690020314D4943CD
:10A90C00CDCCCC3D4602030050690020280B002022
:10A91C00314D49419A99993E04680020C0090020A4
:10A92C00D05B0020B66C0020B86C0020A06A002020
:10A93C00B46A00201C0C0020704700BF704700BF99
:10A94C00704700BF00207047704700BF0020704761
:10A95C000020704701207047064A002113684160AF
:10A96C002BB11A465B68002BFBD15060704710600E
:10A97C00704700BFFC63002070B584B0DDF820C0C8
:10A98C0010B10BB1A2B199B91E46154604466246E8
:10A99C0003910A480A4907F04BFF0A49039B2246D8
:10A9AC000648CDE9005607F043FF002004B070BD07
:10A9BC0004B0BDE8704000F0FFBA00BFA029002031
:10A9CC004C0C0020A40C002030B59D1C044685B016
:10A9DC00D0F8C40740D05D1C35D0DD1C00D1838B72
:10A9EC00808D04F6A14584F8A73C1B0A84F8A52C9D
:10A9FC0084F8A83C002360F30703C0F3032040F065
:10AA0C00200060F30F23101D60F31743001260F356
:10AA1C001F630020C4F8A13C84F8A60CAAB90F4B04
:10AA2C00083229461868D2B2D3F800C040F6B213E7
:10AA3C0000932346D4F89C0B094CC4F800C0FFF7D4
:10AA4C009BFF05B030BD438BCAE704F6A9400392C7
:10AA5C0008F010FE039AE2E7038BC1E7946B002029
:10AA6C006C680020D0F8C43783F83810704700BFEA
:10AA7C0008B508F075FB044B04491868044A1B68B8
:10AA8C000860136008BD00BF946B00206C68002048
:10AA9C00686800200020704700207047704700BF96
:10AAAC0038B5534A4FF4805E4FF400554FF4404490
:10AABC004FF4803043F24201136A13F0020F40F05E
:10AACC00878013F4005F00F0878013F4805F00F040
:10AADC008580002BF0DA13F4803C40F082805B061A
:10AAEC0040F18380434C444AD4F88010434B41F0EE
:10AAFC0003014348C4F880104FF0404191634FF478
:10AB0C00404151630521C2F800C00822C0F8B410BE
:10AB1C004FF08061C0F8A4220A205A680A435A6098
:10AB2C00C3F8841008F0F6F9364AD2F8403143F0F5
:10AB3C000203C2F84031D2F840319B07FBD4324DAE
:10AB4C0005F0F8F801242B1F05F17C0243F8044FA3
:10AB5C009342FBD14FF4807200212C480CF054F836
:10AB6C0000222B49274B0A700321C3F89040C3F8ED
:10AB7C00A8112849C3F84821C3F85451C3F84C21F3
:10AB8C00C3F85821C3F84011D3F884212249234833
:10AB9C0042F48052C3F88421D3F85821D3F85421BD
:10ABAC00C1F800021E4A4FF0E0214FF48030C1F88A
:10ABBC000C01C3F84821D3F8482142F01202C3F823
:10ABCC004821D3F8482142F44022C3F8482138BD2B
:10ABDC009462506291626FE755626DE7C2F824E0AF
:10ABEC006AE74FF48033936266E74023536263E76E
:10ABFC0000800D4000C00F4000A00D4000800042BE
:10AC0C0000801F4000022E40004000201C610020EC
:10AC1C00BB6C0020158B010000340020DD9000007F
:10AC2C0004000003C368002B32D063298CBF0023BF
:10AC3C0001236BBB10B582B004460091019308F060
:10AC4C00BFF9DFF8B8E0A060DEF80000DDE9001322
:10AC5C00002841D0DFF8A0C0DCF88C2022F07F4225
:10AC6C00914216D34369891A23B92DE05869891A80
:10AC7C0058B303461A698A42F8D99869521A1A616C
:10AC8C00A061C4E904139C61A3695C6102B010BDAE
:10AC9C00704772B64FF00070CCF88C30521ACCF86A
:10ACAC004401A361DEF800302161013963611A614E
:10ACBC004FF04042CEF800409C61CCF88810CCF8A4
:10ACCC008C2062B602B010BD034600222161C4E99B
:10ACDC0005235C6102B010BD074B01F1FF3C4FF046
:10ACEC004042A061CEF80040C4E90410C3F888C00B
:10ACFC00C3F88C20CAE700BF00022E40C8600020B9
:10AD0C0072B6184A136873B183420ED05B6953B1A3
:10AD1C0098425B69FBD181694B6123B100691A6967
:10AD2C00996102441A6162B670470F484FF0000CEB
:10AD3C005B69C0F88CC09BB1D0F88C1010B421F0BA
:10AD4C007F411C6921441961C0F888104FF04041C3
:10AD5C00C0F88C10C3F818C0136062B610BC7047F2
:10AD6C001360E0E7C860002000022E4003698C46A7
:10AD7C009A68510670B5054603D41B689A6852064A
:10AD8C00FBD54022DCF80860DCF83CE0CCF808206D
:10AD9C00DCF800201A60DCF804205A60DCF80C2087
:10ADAC00DA60DCF810201A61DCF814205A61DCF847
:10ADBC0018209A61DCF81C209D62DA61DCF82C20EA
:10ADCC001C68DA62012CDCF83020DCE90D011A6316
:10ADDC001A46C3F83CE0C3E90D0103D012681168B0
:10ADEC000129FBD1C2F800C00122CCF800201A685E
:10ADFC0094451A462DD04FF0000E10681146046889
:10AE0C000246C1F824E08E46A4450862F5D1516291
:10AE1C000021116295F8341011F0FD0F08D10E4885
:10AE2C000168596279B10B62026001209E6070BDAD
:10AE3C000A48016859620029F5D109490B60026082
:10AE4C0001209E6070BD07490B60026001209E606E
:10AE5C0070BD0021DBE700BF3062002038620020AB
:10AE6C003C620020346200202DE9F0470C46C98872
:10AE7C0082B0B1F5804F03D9002002B0BDE8F08755
:10AE8C0090469946054604F0A1FF0028F4D00090A6
:10AE9C0004F09CFF00990346002876D0E088002837
:10AEAC003BD1DFF80CA1D5F800E00B60DFF804C152
:10AEBC0001223C4F04EA0C0C256866684A608F60DE
:10AECC00CC600CF580540C610CF500544C610CF505
:10AEDC0040548C610CF58044CC6100245A60C3F85A
:10AEEC0008A0DC604FF48054C3F83C901C614FF414
:10AEFC000054C3F828E05C614FF44054C3E90B8064
:10AF0C009C6170464FF48044C3E90D56DC611A60B5
:10AF1C0002B0BDE8F047FFF729BFCDE9001304F0FC
:10AF2C0055FF0246DDE9001398B394F800C0E088A1
:10AF3C004FEADC1CD5F800E01B4D4FEA0C268CF0D8
:10AF4C00010746EA004C4CEA05054FF0010CC2F82B
:10AF5C0004C0DFF860C0956008EA0C0CC2F80C80E5
:10AF6C000CF5805515610CF5005555610CF54055E7
:10AF7C000CF5804C9561C2F81CC00A601360C2F8D5
:10AF8C0028E00A4A42EA072A90E7084604F026FF1E
:10AF9C0072E70846009304F021FF009804F01EFFAE
:10AFAC006AE700BF8002080080000080808000807B
:10AFBC008081008000F0FFFF2DE9F84F4FF0E02575
:10AFCC004FF4803A80468946D5F80C719B46C5F8FB
:10AFDC008CA1164607EA0A0704F0F8FE00287FD079
:10AFEC0006F1FF3A04465FEA9A3A04D114E0BAF14A
:10AFFC00010A286010D0054604F0E8FE0028F6D1BE
:10B00C0026462468304604F0E9FEAE42F8D1002F03
:10B01C005FD10020BDE8F88F00234FF0010EC0F87F
:10B02C003CB00663C0F800E03049C0E90D33C0E91C
:10B03C000A892F4B98F8350043EA002A2346000270
:10B04C0009EA0102B6F5804F02F5805B02F5005C5F
:10B05C0002F5405502F5804222D840EA0646234AC2
:10B06C0048F280054FF0010C09EA020221463543F3
:10B07C00C3F804C002F5805602F540549D6002F5F9
:10B08C00005502F58042C3F80C9040461E615D618C
:10B09C009C61DA61FFF76AFEA7B90120BDE8F88F61
:10B0AC00C3F804E0A6F58046C3F808A0C3F80C90DA
:10B0BC0009F58049C3F810B0C3F814C09D61DA617A
:10B0CC001B68BDE74FF0E0234FF48032C3F80C212E
:10B0DC00E3E74FF0E0234FF48032C3F80C2198E7FC
:10B0EC00002F96D0C5F80CA193E700BF00F0FFFF2E
:10B0FC00800000402DE9F843DFF8EC90D9F80050BF
:10B10C005DB14FF00008AB682E6A1A0602D413F03A
:10B11C007C0F04D13546002EF5D1BDE8F8836B6A5F
:10B12C00002B5CD01E62AF6A002E47D07362334690
:10B13C002846996AB942C5E908881A6A05D092B1BD
:10B14C001346996A1A6AB942F9D1596A41B30A622B
:10B15C0052B39E425162C3E9088803621846EFD18C
:10B16C0016461346EDE703462C6A1A681B683B61CA
:10B17C00C7F80C80C7F818802CB12046246A04F05C
:10B18C002DFE002CF9D13A6C1AB12846C5F8208056
:10B19C0090472846354604F021FE002EB3D1BCE77B
:10B1AC00C9F80020002AD4D19E4208BF1646C3E934
:10B1BC0008220C4A036211602C6AD6E72A682A68B6
:10B1CC000849C5E908663A613A6CFE600B60BE61DD
:10B1DC00002ADAD12846BDE8F84304F0FFBDC9F8CF
:10B1EC000060A0E73062002034620020874B30B54D
:10B1FC00D3F8444183B06103C3F8444109D5844B6F
:10B20C001B6833B19A6812F0FC0F5CD01B6A002BE0
:10B21C00F8D1230309D57F4B1B6833B19A6812F020
:10B22C00FC0F66D01B6A002BF8D1A00700F18F80B1
:10B23C0061070FD5754BD3F8845145F02A02C3F83A
:10B24C008421AA0769D42B0704D4734B1A78022AD9
:10B25C0000F09F80E20107D56F4B1A78012A00F0AD
:10B26C00BF80032A00F0AE80A3012AD5DFF8C4E129
:10B27C00DEF800202AB35369944600250EE01969C4
:10B28C009D61042900F2B680586919B110B10469A6
:10B29C000C440461CCF814309C460346CCF8145092
:10B2AC00002BECD1CEF800305C4D002411465269D5
:10B2BC00C86803689B68AB42C1E9054455D1002AB4
:10B2CC00F4D103B030BD120406D59A6A1846D26B7D
:10B2DC0012B101939047019BD3E90851002941D049
:10B2EC000D621846002D38D0696204F077FD2B46AC
:10B2FC0088E7150406D59A6A1846D26B12B10193E9
:10B30C009047019BD3E9085121B30D621846BDB19A
:10B31C00696204F063FD2B4680E715F001022AD028
:10B32C003D4A117801298ED801203D4924F08074C2
:10B33C0010704FF04042C3F88010C3F8842093E79C
:10B34C00384A116004F04AFDA0077FF571AFFFF792
:10B35C00D1FE6DE72F4A1560D8E7334A116004F02F
:10B36C003DFD56E72A4A1560BBE701929847019AC2
:10B37C00002A9BD1A5E728492C4B0A700221019287
:10B38C0099632B4B186800F041FE294B019A1A6007
:10B39C0059E768077FF568AF03251C4904F08070F6
:10B3AC001D7042F21075C1F880504FF04045C1F845
:10B3BC008450D1F88411890501D51C494A630028B1
:10B3CC003FF452AF0420114900221870D1F88401C7
:10B3DC001146C0F3816000F069FB154B186043E720
:10B3EC000A4A02211970D2F8843143F48073C2F8EE
:10B3FC00843139E7CEF80030013904484FF040432E
:10B40C00C0F88810C0F88C304EE700BF00022E4008
:10B41C00346200203C620020BB6C00202D01000037
:10B42C00A0860100386200203062002000A00D4090
:10B43C0080620020C8600020036B012A2DE9F04FC8
:10B44C008C4C38BF01221B7D89B004FB01F1022B0F
:10B45C004FEA114500F0A6800523012141EA510471
:10B46C00A24240F2EB80013B4FEA4101F6D120238E
:10B47C001C46039390F83530A0F84440002B40F064
:10B48C00D88005F1840102254FEA5119039A002A4C
:10B49C0000F084804FF0FF370023D2007649BA4683
:10B4AC0000930292CDE906408C469846DDF80CE0FC
:10B4BC00CDE904139CF8030066469CF802B0002109
:10B4CC004419CDF804C016F8012B0BEB050C834680
:10B4DC0023464A44F078944500EB050457D3A34225
:10B4EC0038BF2346634538BF6346BB4202D2C246CF
:10B4FC001F46009101310429E5D1F044DDF804C068
:10B50C00029BB8F11F0F9C44D4D9039ADDE90413B4
:10B51C00013308319A42C7D1BB2FDDF800B0DDE909
:10B52C0006403BD8BAF11F0F5646A0F84840A0F889
:10B53C004CB080F84E9080F84F50A0F84AA016D826
:10B54C004D4A029F02EB0B0101EBCA010C789A44A5
:10B55C008A784C44BAF11F0F2A440C708A70CC784C
:10B56C000A792C442A44CC700A713944EED9012250
:10B57C001C23A0F8466002FA0BF203FA0BF380F8D6
:10B58C00362080F83730012009B0BDE8F08F9342A7
:10B59C0038BF1346A34238BF2346A6E7002009B0A4
:10B5AC00BDE8F08F0F2A4FF0010328BF0F22541E65
:10B5BC0003FA04F4B4F5807F43DCE20800D01346B0
:10B5CC004FF0FF3E573500262B4FF446A0F8443081
:10B5DC0033460021FA5C234402EB5512914238BFEA
:10B5EC001146FF2BF6D9714501D28E46B446013671
:10B5FC00A642EDD1BEF1BB0FD0D86D09BCF1FF0F47
:10B60C00A0F84840A0F84AC080F84E5006D86346CF
:10B61C00FA5C2A44FA542344FF2BF9D9012C14D098
:10B62C00022C1DD0042C20D80CF0030211239340C3
:10B63C000CE066354FF002096D0927E70C460391C3
:10B64C0018E720234FF48074BAE7FF234FEADC0C91
:10B65C00002280F83630A0F846C080F8372092E7F8
:10B66C000CF0010255239340F0E70CF00702012384
:10B67C009340EBE7AB2A01001C610020B0F846C0F8
:10B68C00BCF11F0F3DD8F0B5B0F844E040F0020516
:10B69C001C4C07E0BE452ED90260A551F444BCF108
:10B6AC001F0F20D854F82C204FEA8C06D107F3D466
:10B6BC0002F0060122F01F030229B3F84470E9D00E
:10B6CC00BE4518D91A468242E8D011681F2921F0CC
:10B6DC001F02F8D81A68F4440260BCF11F0F40F046
:10B6EC0002021A60DED9F0BD1B6823F01F03B3F809
:10B6FC0044207245E6D39842D0D01A68D207E1D4E0
:10B70C00F2E77047004000202DE9F84306460F464B
:10B71C001546994604F04AFB00287BD0044604F0F9
:10B72C0055FB8046002872D06022002120460BF089
:10B73C006BFA3C22002108F104000BF065FA01239E
:10B74C004022032FC8F80030C8F80820C4F8108035
:10B75C0084F835906361266384F834705ED03DB113
:10B76C007368002B65D01A469B6B002BFBD194633E
:10B77C00317D002F3BD101294FF480408CBF002339
:10B78C000123DA062B0243EA0133089943EA014309
:10B79C00717D0B430343134394F8372043F07043FC
:10B7AC006360B37DF17D1B0443EAC15343EA02237A
:10B7BC0094F83620134343F08043A36037F0020320
:10B7CC0018D1264BD3F85821CAB9616844F002024B
:10B7DC00204641F4004161602260C3F85841D3F81F
:10B7EC00402142F02002C3F84021BDE8F88300223A
:10B7FC001046C7E7032F1ED02046BDE8F88311681A
:10B80C0044F00203204621601360BDE8F883204613
:10B81C0004F0D4FA00242046BDE8F883DDE90812D0
:10B82C002046FFF709FE90B14DB9317D2A462846D6
:10B83C00A8E774609CE72046FFF720FFDCE77368FD
:10B84C00002B90D11A46317D184674609AE7404619
:10B85C0004F0C4FA204604F0B1FADBE700022E40F3
:10B86C00F8B590F83430044613F0FD0F4DD1036851
:10B87C0023F01F03984200F0C6801A68194622F084
:10B88C001F039C42F9D163681D0400F1AD8023684D
:10B89C00694A0B60D2F8403143F04003C2F84031A2
:10B8AC00D2F844319806FBD52023C2F84431634EBC
:10B8BC003568E5B128462D6A836AA342F9D1436AFB
:10B8CC00002B00F0B2801D62002D00F0AB806B628B
:10B8DC0023691F2B03D804E01B681F2B01D983425B
:10B8EC00FAD19842E5D004F079FA002DE2D125691D
:10B8FC001F2D05D928462D6804F070FA1F2DF9D894
:10B90C002046BDE8F84004F059BA4D4800F18005D6
:10B91C0050F8042FD1070CD422F01F02944203D10B
:10B92C0058E08C425BD00A46136823F01F01DB07FA
:10B93C00F7D58542ECD1236B94F84E601B7DB4F89F
:10B94C0048E0022BB4F84A2053D01F2A1BD8B4F875
:10B95C004C303C4994F84FC00B4403EBC2031F78A6
:10B96C0072449D78D878BF1B1979A5EB0C05A0EB18
:10B97C000C001F2AA1EB0C011F709D70D87019715F
:10B98C0003EBCE03EBD9304E3568002DAFD02846F3
:10B99C002D6A836AA34206D0002DA8D028462D6AB2
:10B9AC00836AA342F8D1436A002B43D01D62002D59
:10B9BC003DD06B6223691F2B03D804E01B681F2B3F
:10B9CC0001D98342FAD19842E6D004F007FA002D4F
:10B9DC00E4D18CE723688542036099D1ABE72368F7
:10B9EC008542136094D1A6E74B6843F400434B6047
:10B9FC004DE7FF2AC7D813498B5C9B1B8B547244B1
:10BA0C00FF2AF9D9BFE70C4AD2F8403123F02003C2
:10BA1C00C2F84031D2F8443113F40043FAD1C2F8E1
:10BA2C00583144E7094A136052E735604CE7084A3D
:10BA3C001360BFE73560BAE700022E403462002085
:10BA4C00FC3F00201C6100203C6200203062002082
:10BA5C00386200200B4B70B51E688EB10A4DF4682D
:10BA6C0014B90AE0646844B12368DB68AB42F9D0CE
:10BA7C00204698476468002CF6D1B668002EEED1AB
:10BA8C0070BD00BF7C62002031010000064900221D
:10BA9C000B68C0E901222BB11A465B68002BFBD165
:10BAAC00506070470860704720620020F0B583B08A
:10BABC0007460E46154604F069F900283CD02822AA
:10BACC00002104460BF0A0F8002308202775A6756A
:10BADC001A46E5751946009020460193FFF714FEAF
:10BAEC00206030B304F082F92368154A20611549AF
:10BAFC001548DA630122186483F8352013480B6863
:10BB0C000270A3B11A469B68002BFBD194600023F2
:10BB1C000F484FF400210F4A2376C2E900010E4A68
:10BB2C0020460C49FFF7A0F9204603B0F0BD0C608D
:10BB3C00EDE7204604F032F90024204603B0F0BDB6
:10BB4C00919D00007C620020CD9B0000D16C0020F8
:10BB5C0080060001A05B0020A05300200000000024
:10BB6C0010B5037E092B00F29480DFE803F0162257
:10BB7C003D404C61697073054F4B504993F805C0BB
:10BB8C0000234FEA0C4C1A464B604CF4106CBDE889
:10BB9C001040C1F800C0FFF767B99FED3F7B474AE3
:10BBAC000023464982ED007BBDE81040424AFFF776
:10BBBC005BB9DFF81CE1424B9EF80010D3F800C0D3
:10BBCC000131802928BF0121BCF1000F53D06346FD
:10BBDC0002E09B68002B4ED05A7D9142F9D1013185
:10BBEC00802908BF0121F2E79FED2D7BD7E79FED60
:10BBFC002E7B324A0023314982ED007BBDE8104098
:10BC0C00304AFFF731B92C4AB0F822E02B4912F830
:10BC1C0004CB2D4B43EA0C43DFF8B8C04EEA0C0CB6
:10BC2C000B600023C1F804C0BDE81040FFF71CB93D
:10BC3C00214AB0F822E0214992F801C00432E8E729
:10BC4C001D4AB0F822E01D4992F802C0F6E79FEDBC
:10BC5C00187BA4E7184A1D495388184C0B801B0409
:10BC6C00DFF874C0214663600023C4F800C0BDE84F
:10BC7C001040FFF7F9B80B048EF800100F4943F48D
:10BC8C00A0630B600023BDE810401A464B60FFF721
:10BC9C00EBB810BDAFF30080800600010000080077
:10BCAC008006000100001200800600030000FC0763
:10BCBC008006000200000900A0530020A05B0020B9
:10BCCC007C620020A453002080060003B26C00208C
:10BCDC00D66C00200000FC0780060002836A186BFB
:10BCEC0090F824300133DBB2182B80F8243003D9C0
:10BCFC00024B00221A707047FFF732BFD16C002044
:10BD0C0070B50E69002E3AD00546D36A002837D09C
:10BD1C00315C0131C9B293B35A78032A2FD1C1F1E6
:10BD2C00320271551C78520001EB5400D2B231280A
:10BD3C00C8BF1446022C13D9302911D806F1020CB5
:10BD4C00A3F1020E04238C440131DAB21EF8030075
:10BD5C000233C9B20CF8010F312918BF9442F3D841
:10BD6C00681C73180022C0B2DA70022807D8C5F11B
:10BD7C0002023044D2B2BDE870400AF045BF70BD3B
:10BD8C000146C8E7424B2DE9F04F1C6885B00646CA
:10BD9C00002C79D04FF00009DFF8008101E06468D5
:10BDAC00A4B1A26831463B4B2046002AF7D1B8F823
:10BDBC000050D4F800C0093D0095DCF80050A847AD
:10BDCC00002851D1A1466468002CEAD1324BB8F856
:10BDDC0000B003F109059B44AB4503D822E0454470
:10BDEC00AB451FD96B7895F80080042BF7D1B8F1CF
:10BDFC00090FF4D1264B1C68002CF0D04FF0000931
:10BE0C00ABEB050ACDF80CB0A7682B4601223146E6
:10BE1C00204657B16468002CF6D1DDF80CB04544CF
:10BE2C00AB45DFD805B0BDE8F08FD4F800C0CDF835
:10BE3C0000A0DCF800B0D847636868B1B9F1000F16
:10BE4C000FD0C9F80430F368A1466360F460A660B3
:10BE5C001C46002CD8D1E0E7A1461C46002CD3D1BF
:10BE6C00DBE70B4A1360EEE76368B9F1000F08D00B
:10BE7C00C9F804300023C4E90136F46005B0BDE80C
:10BE8C00F08F034A1360F5E7DFF810809EE700BFE0
:10BE9C0020620020A9530020A0530020B26C002087
:10BEAC00C36B2BB11A68544952688A421DD1704732
:10BEBC00816A0246096B00B5087E83B081F8243094
:10BECC00092810D8DFE800F01427354F5E6C877610
:10BEDC00810508460191FFF755FF0A20474B0022C8
:10BEEC0001991A70087603B000BD01461846104738
:10BEFC0008680123DFF80CC142689CF807C06FF397
:10BF0C001A4242EA0C42426008460B7603B05DF8D6
:10BF1C0004EBFFF725BE3A4A02230868B2F802C0C8
:10BF2C0081F815C0426822F07F0242EA0C0242609E
:10BF3C00EAE7344B988893F80FC09A7BA1F8190064
:10BF4C00986842EA0C0293F806C0C1F81E00187CEF
:10BF5C0081F81BC098701043B3F80EC0A3F800C052
:10BF6C0008D00323D0E7274B1A79032A02D95A7930
:10BF7C00032A36D0072308460B7603B05DF804EB92
:10BF8C00FFF7EEBD00200191FFF7BAFE1D4B0199A2
:10BF9C005A78002A2CD19B78002BEBD00623B3E7E0
:10BFAC0001200191FFF7ACFE164B01999B78002BF9
:10BFBC00F4D1DFE7134A082313485288B2F5006F17
:10BFCC0028BF4FF4006202809EE70E4A0923B2F8A4
:10BFDC0007208A8398E702200191FFF791FE0199CF
:10BFEC00C8E7D8881A78488422B95A78002AD2D05F
:10BFFC00052389E7042387E729010000D16C002081
:10C00C00A05B0020A0530020B26C0020002835D08B
:10C01C00F8B5C46806466CB1194D00272368204654
:10C02C001B69984723462A68A76064682B605A608E
:10C03C00002CF3D174682CB12046A46BFFF710FCD4
:10C04C00002CF9D13068FFF70BFC0E490B6893B14B
:10C05C00002201E0224673B11C469B68A642F9D12E
:10C06C0052B19360206908B103F0CAFE2046BDE8C6
:10C07C00F84003F093BEF8BD0B60F3E7704700BFC8
:10C08C00206200207C620020704700BF704700BF18
:10C09C00704700BF704700BFCB0800EBD10C11F00C
:10C0AC00070102D1DAB1084607E0C05C0841C1F1D2
:10C0BC000801914209D20CF1010C1CF8013B8B4098
:10C0CC0008318A4240EA0300F7D88A4206D201239B
:10C0DC009340013B03401F2A98BF184670471046F7
:10C0EC00704700BF2DE9F04F85B00E9C182C03D97A
:10C0FC00013A18BF01221AB1002005B0BDE8F08F3B
:10C10C0093F804C00CF1FF3EBEF1010FF4D893F884
:10C11C0005E0BEF1030FEFD15C7A082C2746EBD972
:10C12C009D7A212DE8D19D7B002DE5D0062615FBAF
:10C13C000E6EA645E0D109340E9EB442A046DBD863
:10C14C0005EB450603F10F0502E003329642D3D00E
:10C15C0015F802E0BEF1220FF7D11A44B0F83C47B3
:10C16C00557C127C42EA05229442A0F8BC20C3D331
:10C17C00CCEBCC020E9D44464244AA42BCD8BCF146
:10C18C00010F99460E4680461B5D7CD0072BB3D120
:10C19C0009EB07039A7A052AAED11A7B032AABD195
:10C1AC00DC7A14F00F0C2746A6D01A7C072AA3D1F0
:10C1BC005A7C052AA0D1D97C03299DD19A7C15469D
:10C1CC0012F00F0298D093F80EE0587B40EA0E2A3A
:10C1DC00187D93F815E040EA0E2B04F0F000DC7BA0
:10C1EC0080289B7D0294039379D00F2F84D805F07F
:10C1FC00F003802B80D1039B30460391CDE900B333
:10C20C000123FFF781FA029B3A460399019300231D
:10C21C00C8F80C003046CDF800A0FFF775FA594667
:10C22C005246A8F82E203B4AA8F82C10C8F810004B
:10C23C00C263D8F80C303046374A3849DA630023E9
:10C24C00C8E90533C8E90733C8E9093399F802206E
:10C25C00B8F8BC3088F83E2799F8062088F83020CA
:10C26C0099F8072088F8312099F8022042EA034215
:10C27C004346C8E90D1208F5667208F13401FEF761
:10C28C00F3FD012039E7072B7FF436AF09EB0700EC
:10C29C00837A052B7FF430AF017B03297FF42CAF1D
:10C2AC00C37A13F00F023FF427AF03F0F003802B97
:10C2BC007FF422AF90F80EE0634690F80DC0C07B7F
:10C2CC004CEA0E24CDE900403046FFF71DFA00235E
:10C2DC00A8F82C40C8F80C00C8F81030A9E70F2DAE
:10C2EC003FF60AAF6246012330460194CDF800A018
:10C2FC000291FFF709FA039B2A4602990193002346
:10C30C00C8F80C003046CDF800B0FFF7FDF95146E7
:10C31C005A4686E7E1A200003DAD000081060022EE
:10C32C00406920B10368034A1B6A934200D17047ED
:10C33C00184700BF8D890000F0B500F1100383B0E1
:10C34C0007460A4E002500F1280453F8040F20B1CB
:10C35C000268D269B24204D11D60A342F5D103B088
:10C36C00F0BD0193B9689047019BF5E7859F0000EC
:10C37C0010B504460321C03003F04AFD04F5F070FB
:10C38C00052103F05DFD04F54870012103F072FDF9
:10C39C002046BDE81040FFF779BB00BFD0F86823FA
:10C3AC00CB6A934214D0D0F86C23934218D0D0F8B7
:10C3BC007023934216D0D0F874239A4214D040695B
:10C3CC0020B10368094A9B68934200D17047184713
:10C3DC00012290F8783323EA020380F87833EEE7F1
:10C3EC000222F6E70422F4E70822F2E7898900002A
:10C3FC00C36B1BB101461846FFF7D0BF704700BF97
:10C40C00C38D002B4DD070B50C46016982B000294C
:10C41C0044D0D0F86813002945D090F879E390F80F
:10C42C0078133EEA010C39D0B2F1FF3F14BF154628
:10C43C001D464FF0000C012313EA0E0F0CF1010204
:10C44C002CD019423ED05FFA82FC5B00BCF1040F89
:10C45C00F2D1D0F868331E462A4601902146304668
:10C46C0007F008F91C4A019B96420FD926F01F01D0
:10C47C007019BFF34F8F4FF0E022C2F8701F2031BC
:10C48C008842FAD8BFF34F8FBFF36F8F2A463146DD
:10C49C00186902B0BDE87040FEF78EBD002002B0F6
:10C4AC0070BD00207047D0F838174FF0030EC91A32
:10C4BC0080F879E3C0F86813C91AC0F86C13C0F897
:10C4CC003817ACE70B430CF1DA0C80F8783350F8E2
:10C4DC002C301E46C0E700BFFFFF1F2000B5DDE972
:10C4EC0001CE11B3C0F8681301210B462AB10133F8
:10C4FC00DA31DBB240F821201946BCF1000F05D02F
:10C50C000133DA31DBB240F821C01946BEF1000F1D
:10C51C0005D0013301F1DA0CD9B240F82CE001233B
:10C52C008B40013B80F8793300BD0B46DEE700BF42
:10C53C0041EA0221009A41EA0341019B42EA034C81
:10C54C000346029AC0E90D1C00F134018068FEF725
:10C55C008BBC00BF064A0021136841602BB11A4600
:10C56C005B68002BFBD1506070471060704700BFB8
:10C57C00B0630020F8B50D4B1C687CB105460F4626
:10C58C0001E0646854B120683B46AA6829460668F5
:10C59C002046B0470028F4D0022801D02046F8BD30
:10C5AC000123204685F87A33F8BD00BFB063002024
:10C5BC002DE9F04300F56672B0F8BC40002583B05D
:10C5CC001444074680F8BE50A24229D22E46294672
:10C5DC00A8464FF001091378FE2B37D003F0030067
:10C5EC0002283DD0032837D0012832D00132002058
:10C5FC00A24213D803F0FC03842B41D01ED9B02BDC
:10C60C003AD031D8902B37D0A02B05D10EB9052DAF
:10C61C0039D901360021F6B29442DCD8052D3FD829
:10C62C00C5F10602681D0021D2B2C0B2920007EB20
:10C63C00800003B0BDE8F0430AF0E6BA082B1DD029
:10C64C00802B19D0042B08BF8046E5E702F20112BB
:10C65C00E2E750780232CBE7D2F801000532C7E7A7
:10C66C00B2F801000332C3E7C02BD5D1002E18BF9E
:10C67C00013E0021F6B2CFE70021CDE781B2CBE736
:10C68C0087F8BE90C8E741EA084138460192FFF7A7
:10C69C0071FF6B1C07EB8505019A6861DDB2B8E789
:10C6AC0003B0BDE8F08300BF034640690A4610B5ED
:10C6BC0082B028B10468DFF8D4C0E46864454ED178
:10C6CC002F49506B884201D002B010BDB3F8BC109A
:10C6DC00126B8A42F8D118460093FFF769FF009B52
:10C6EC00D3F858139A8D002941D0D8680093FEF7DF
:10C6FC0063FC009BD3F85C1321B19A8DD868FEF7CC
:10C70C005BFC009BD3F8601329B19A8DD868009319
:10C71C00FEF752FC009BD3F8641329B19A8DD868AC
:10C72C000093FEF749FC009B986840F24C52C18B79
:10C73C009142C9D1028CB2F51A7F03D040F22F413D
:10C74C008A42C1D10F494FF48022C3E90D120E4A1F
:10C75C0003F1340102B0BDE81040FEF785BBCDE912
:10C76C000031A047DDE900320028ADD1A8E7D3F8AD
:10C77C003817891A881AC3E9D610C3F83807B4E7F2
:10C78C00810600222109F403F42A00203D880000D0
:10C79C002DE9F04FB0F8BC3000F56675A7B08146B6
:10C7AC00EC180D911AA80A92002130220AF02CFAEA
:10C7BC00A54250D20026CDF82C903746B246B3464F
:10C7CC00B046089604960F960796099603960C9613
:10C7DC000E96CDE905662B78FE2B00F0588103F000
:10C7EC000301022900F06181032900F05A8101291B
:10C7FC0000F0548101350022A5422CD803F0FC0333
:10C80C00A02B00F25681732B70D8043BD8B224288D
:10C81C001FD8242B1DD8DFE803F0641C1C1C531CF0
:10C82C001C1C1C1C1C1C1C1C1C1C491C1C1C3A1CF1
:10C83C001C1C1C1C1C1C1C1C1C1C301C1C1C21002F
:10C84C00002E00F052810136F6B200231F469A46A4
:10C85C001A93A542BFD327B0BDE8F08FBAF1FF0FF2
:10C86C0000F06B810223A5424FF000074FF0FF0A46
:10C87C00ADF86A200393AED3EDE7012900F0858172
:10C88C00022900F08881A5420892A4D3E3E7BAF10B
:10C89C00FF0F00F065810123A5424FF000074FF018
:10C8AC00FF0AADF86820039395D3D4E7012900F073
:10C8BC006681022900F07281A54204928BD3CAE7EB
:10C8CC00BAF1170FC5D81F2AC3D90DEB4A03A542DD
:10C8DC000AF1010AA3F868205FFA8AFAFFF47BAF29
:10C8EC00B9E7A5420792FFF476AFB4E7743B2C2B63
:10C8FC00AFD801A151F823F067A9000043A70000AD
:10C90C0043A7000043A7000043A7000043A7000073
:10C91C0043A7000043A7000043A7000043A7000063
:10C92C0043A7000043A70000A9A8000043A70000EC
:10C93C0043A7000043A700009DA8000043A70000E8
:10C94C0043A7000043A7000043A7000043A7000033
:10C95C0043A7000043A7000043A7000043A7000023
:10C96C0043A7000043A700003BA7000043A700001B
:10C97C0043A7000043A7000073A9000043A70000D1
:10C98C0043A7000043A7000043A7000043A70000F3
:10C99C0043A7000043A7000043A7000043A70000E3
:10C9AC0043A7000043A7000031A70000D3B2A54263
:10C9BC000993FFF410AF4EE70B9B93F8BE30002B9E
:10C9CC0040F0A780B8F1000F00F0AE80D30700F163
:10C9DC00AB80D8F80030D3F81090AF4B994540F0AD
:10C9EC00C18112F0020940F02B81002F00F0D98098
:10C9FC00069B012B40F0D580059B002B3FF425AF07
:10CA0C00BDF86A2003EB0B0A0799CDF84090BDF8EE
:10CA1C006890139414964C461646DFF88492CDE930
:10CA2C0011750F0416E0651C012259460A983C4307
:10CA3C00FFF732FB049AD8F80030002A5B69C0F289
:10CA4C00E0804B4540F0EC800BF1010BDA4500F037
:10CA5C00EC802C46B442E6D3DDE910329A4240F227
:10CA6C00DD805A1CD3B20DEB83021093B2F86850E0
:10CA7C00B2F86A60D8E793B2A5420693FFF4ABAE66
:10CA8C00E9E693B2A5420593FFF4A5AEE3E66B7815
:10CA9C0003331D44A542FFF49EAEDCE66A780235F2
:10CAAC00AAE6D5F801200535A6E6B5F80120033530
:10CABC00A2E6B02B3FF4C9AEC02B7FF4CAAE002E59
:10CACC003FF4C3AE013E16F0FF067FF4BEAEB8F1E4
:10CADC00000F3FF4BAAED8F80030704A9B6993420D
:10CAEC0040F03D810026B046AFE6BDF86830079AAD
:10CAFC0043EA02430E930C9B052B3CD80B9A013650
:10CB0C0002EB83020133F6B2DBB2D2F814800C9341
:10CB1C009BE69DF83430099999423FF453AF0023BA
:10CB2C001F469A461A9394E6DDE9053202FB03BBD5
:10CB3C0000231F469A461A938BE6039B43F002018F
:10CB4C000DEB870303290391A3F86A207FF481AED0
:10CB5C0001370023A542FFB20393FFF43CAE7AE603
:10CB6C00039B43F001010DEB870303290391A3F809
:10CB7C006820EDD06DE6B0460136F6B265E653B2EC
:10CB8C00A5420493FFF427AE65E653B2A542089381
:10CB9C00FFF421AE5FE613B208935AE613B2049386
:10CBAC0057E6059B002B3FF450AE5F461095119451
:10CBBC00DFF8ECA0059D069CCDE9126B049EDDF818
:10CBCC0028B000E09946224639465846FFF764FAE9
:10CBDC00B04207DB089B984204DCD8F800305B6954
:10CBEC00534526D109F1010327449D42EAD1069A07
:10CBFC00DDE9126BDDE9105402EB0B0309FB023B80
:10CC0C0023E610F0010F0CBF02464FF0FF324B45EC
:10CC1C003FF41AAF21464046984715E7254603E7EF
:10CC2C0002462146404698470EE7DDE91254149E11
:10CC3C000BE6079A40EA0241012240469847D1E7A9
:10CC4C00BAF1180F40F297800123BDF86890BDF837
:10CC5C006AE01093059B002B3FF4F7AD069B4FF059
:10CC6C00000A0F4903F1FF3C079A0F910121CDF8FF
:10CC7C0064B001FA0CF1CDF84CA01497CDF844E057
:10CC8C00CDF848C0CDE91515CDE917461D465C46D3
:10CC9C004FEA024B22E000BF799F0000819F000009
:10CCAC007D9F0000119B994537D24E4609F1010931
:10CCBC002A4621460A984BEA0607FFF7EDF9049A33
:10CCCC00D8F80030002A5B6917DB0F9A934234D1F5
:10CCDC000AF1010A059B2C44534535D9109B002BB6
:10CCEC00E0D10DEB490309F10109B9F1170FB3F8C4
:10CCFC00686028BF4FF01709DAE7129A1E2AE4D8A9
:10CD0C00159A02424FF0010202FA05F2C2F100023A
:10CD1C0042EA000218BF1046D7E7DDE913329A4207
:10CD2C0010D95A1C4E46D3B20DEB83021393B2F8B2
:10CD3C006A30B2F868901193BAE702463946404619
:10CD4C009847C5E74E46B3E7DDF864B00F96189EDA
:10CD5C00DDE90523DDE9165402FB03BB75E540460E
:10CD6C009847BFE6089B4046109200930E99049B8F
:10CD7C00C847109A35E6059B012B8CBF0123002375
:10CD8C00BAF1010F88BF0023109353B1BAF1010F10
:10CD9C000CD00F9B4FF6FF7E03F47F4909F5807989
:10CDAC005CE74FF6FF7EDDF8409053E7BDF86890E6
:10CDBC004FF6FF7E52E700BF30B50446406983B0A2
:10CDCC00D1E90B5328B10268DFF87CC05268624588
:10CDDC0032D194F8BE20F2B1012B23D8194B9D42CD
:10CDEC0010D9A28D25F01F032A44BFF34F8F4FF0AB
:10CDFC00E021C1F8703F20339A42FAD8BFF34F8F2D
:10CE0C00BFF36F8F2346A28D2946E06803B0BDE8BF
:10CE1C003040FEF7D1B82A464FF480712046FFF718
:10CE2C00B7FCDBE72A46013B204612F8011B41F414
:10CE3C008071FFF7ADFCD1E701939047019B00286F
:10CE4C00CCD1C6E7FFFF1F2085890000C36B1BB147
:10CE5C0001461846FFF7B0BF704700BF704700BFD0
:10CE6C004FEA114C8BB2BCF1090F30B516D1ABB1F6
:10CE7C00202B18D8013B4FF0010C416C0CFA03F33A
:10CE8C0003EA010E002A40F08380BEF1000F04D0AB
:10CE9C0021EA030180F841C0416430BDBCF1010FAF
:10CEAC00A3F1300E45D0B0F860E1E645F5D1B0F80D
:10CEBC0062C19C45F1D8B0F864E1E6449E45ECD9DA
:10CECC00CCF10A0C8C441FFA8CF33F2BE5D800EB09
:10CEDC0083044FF0010EA3F12001C3F1200CA56CCB
:10CEEC000EFA03F30EFA01F12EFA0CFC954241EA0C
:10CEFC000C0117D0A264D0F85441D0F8502141EA6B
:10CF0C00040CD0F858411A43C0F854C1C0F8502151
:10CF1C002240D0F85C410CEA040C52EA0C0218BF17
:10CF2C0080F841E0D0E9524223430A43C0E952322F
:10CF3C0030BDBEF1090FB6D80121D0F8484100EB45
:10CF4C00830301FA0EFE44EA0E0CD0F84C41C0F8F3
:10CF5C0048C144EAEE7CC0F84CC153F8784C94427A
:10CF6C009BD043F8782CD0F85841D0E954324EEA93
:10CF7C00030342EAEE72C0F850312340D0F85C4112
:10CF8C00C0F854212240134387D080F8411030BDA3
:10CF9C00BEF1000F81D10B4380F841C0436430BD1A
:10CFAC00A0F10C00FFF75CBF90F8413013B10123E6
:10CFBC0080F84230704700BF01207047704700BFB7
:10CFCC00704700BF00220023C0E95223C0E954235C
:10CFDC00704700BF0368DFF810C0DB69634501D1FF
:10CFEC00FFF73EBF184700BF51AD0000002343625E
:10CFFC00436380F86C3180F82030704770B50D4673
:10D00C0082B0064611492B6B11480193EB6A0093D1
:10D01C00D5E90D2305F00CFCEC6A74B12B8E63B1D1
:10D02C00102B94BFE51804F1100514F8012B0949D5
:10D03C00074805F0FDFBAC42F7D10749044805F061
:10D04C00F7FB002086F8240502B070BDCC0C002044
:10D05C00A0290020F80C0020880D0020A0F10C0065
:10D06C00FFF7CCBF0000000090F87431013BDBB23D
:10D07C0080F874313BB9436103639FED037B80ED12
:10D08C00527B80ED547B70470000000000000000D4
:10D09C0070B50D4682B011461E46044602462B461C
:10D0AC001148CDE90016114905F0C2FB606910B1B9
:10D0BC00002002B070BDA36A0BB1AB42F9D10C4B8E
:10D0CC00F318012B02D90B4B9E42F1D10A490648A9
:10D0DC0005F0AEFBAA68236820469B6CC4E90925C1
:10D0EC009847012002B070BDA0290020000D00203F
:10D0FC00FCFFFEFF080001004C0D0020A0F1180001
:10D10C00FFF7C6BFD0F800C000B5DCF818E0DFF8B8
:10D11C0010C0E64500D100BDF4465DF804EB604755
:10D12C004DAD0000704700BF012070470023C36065
:10D13C00C36180F854310372704700BF026806491E
:10D14C00526A8A4207D190F841201AB1012280F824
:10D15C00422070477047104799AE000090F8353068
:10D16C0013B1012380F83630704700BF0000000077
:10D17C0090F86831013BDBB280F868313BB98360D1
:10D18C0043629FED037B80ED4F7B80ED517B7047BD
:10D19C00000000000000000003680D4A9B6A9342E7
:10D1AC0010D190F87431013BDBB280F8743143B983
:10D1BC00436103639FED047B80ED527B80ED547BD8
:10D1CC0070477047184700BF0000000000000000C7
:10D1DC0059AF000050F8182C034607491838526A0A
:10D1EC008A4207D193F829201AB1012283F82A2008
:10D1FC0070477047104700BF99AE00000000000058
:10D20C0050F8183C0E4A9B6A934211D190F85C314D
:10D21C00013BDBB280F85C314BB940F8043C8361D4
:10D22C009FED057B80ED4C7B80ED4E7B704770470E
:10D23C0018381847AFF30080000000000000000011
:10D24C0059AF000050F8183C1838DB69184700BF7C
:10D25C00A0F1180C50F8180C00B5D0F818E00448E0
:10D26C00864504D06046F4465DF804EB604700BD8B
:10D27C004DAD0000002B18BF002801D012B109B928
:10D28C0000207047FDF798BE2DE9F04F0F4641691D
:10D29C0085B019B1002005B0BDE8F08F8168002978
:10D2AC00F8D1013A18BF0122002AF3D1F98B3C8C3A
:10D2BC00DFF8C8C104E001320CF1060C0F2AE9D0EA
:10D2CC00BCF800E08E45F6D1BCF802E0A645F2D1E0
:10D2DC006A4902EB420201EB420251790029D9D191
:10D2EC0011790E9A8946162AD4D9B1FA81F25209CB
:10D2FC000029CFD019790129CCD95979FF29C9D165
:10D30C0080F89524C0F896249A7A222A00F081801D
:10D31C0009214FF0000B4FF0000A4FF000080E9A55
:10D32C008A42B7D95A5C03EB010C072A4DD0114441
:10D33C0090F89524B8F1000FF1D0B2FA82F6760984
:10D34C00002AECD0CDF804A00446B0F8963402F0D4
:10D35C000F020321384600930123FEF7D5F9C4F8D8
:10D36C009C04002896D0CDF804B04246B4F898340A
:10D37C003846032100933346FEF7C6F9C4F8A004DF
:10D38C00002887D0D4F89C0404F2A4413C4BB4F898
:10D39C009624C3632346FDF70FFE3A4BD4F8A00442
:10D3AC00B9F1030FC36345D0B9F1040F4ED0B9F1F5
:10D3BC00070F56D04FF48072002104F1480009F099
:10D3CC0023FC012084F82C9065E79CF801E0BEF169
:10D3DC00050FACD19CF803E0BEF1030FA7D10D1DD6
:10D3EC005C5D402CA646A2D89CF80540002C9ED132
:10D3FC009CF902608A1D9CF80240002E03940EDBFF
:10D40C00A0F898E49A5CDDF80C8093469CF8002018
:10D41C008DE75A7A142A7FF43DAF1D2179E780F805
:10D42C00954413F805E0A0F896E49A5C92469CF8B3
:10D43C0000207CE740F2014223461349009205226A
:10D44C00FFF718FF012384F86C31B3E740F2044373
:10D45C000C220E4900932346FFF70CFF84F86C61F5
:10D46C00A8E740F207422346094900920222FFF73F
:10D47C0001FF012384F86C319CE700BF982A00203F
:10D48C00E9C90000B1AE00007C2A0020842A0020EB
:10D49C00782A002010B50446032100F5C07002F074
:10D4AC00B7FC04F52870072102F0CAFC012104F531
:10D4BC008C6002F0DFFC2046FEF7E8FA04F10C0069
:10D4CC00FFF748F804F11800BDE81040FDF744BA26
:10D4DC0030B5046B97B054B301901E2200210DF1AE
:10D4EC000A0009F091FB019B4FF605724FF0000CFE
:10D4FC0093F866112046ADF8082061F3070C93F8F9
:10D50C00672102A962F30F2C93F8692162F3174C7F
:10D51C0093F86A2193F86B3162F31F6C20228DF81B
:10D52C001030CDF80CC0FEF76BFF17B030BD426B5E
:10D53C00154612B9104617B030BD214601904C2249
:10D54C000DF10B0009F060FB41F25212019B2846D1
:10D55C00ADF80820802293F86AC102A98DF80A2040
:10D56C00FF228DF80C2093F8662162F3070493F8E0
:10D57C00672162F30F2493F8692162F3174493F83F
:10D58C006B2140236CF31F648DF813204F22CDF8D0
:10D59C000F40FDF719FA012017B030BD2DE9F0410D
:10D5AC00066B84B08446002E44D000F2E447444D10
:10D5BC003C46AE4610341035BEE80F0044F8043C2F
:10D5CC00404B44F8100C9E4544F80C1C44F8082CB5
:10D5DC00EFD19CF866310BBB1A468CF8E6348CF80C
:10D5EC00E5249CF867211AB39CF868318CF8E73471
:10D5FC0000249CF86B3121218CF8E82430225B004C
:10D60C000297019209228CF8ED3440F20123304646
:10D61C000094FEF78DFF04B0BDE8F0819CF8682102
:10D62C008CF8E6348CF8E5249CF86721002ADBD1D1
:10D63C001346DBE7446BCCB3214F4FF4A97300F2D4
:10D64C00E44800F2E64607F1300EA0F8E4343D461B
:10D65C00103610370FCD754546F8100C46F80C1CDB
:10D66C0046F8082C46F8043CF1D19CF866310BBB0B
:10D67C001A468CF8E7249CF867218CF8E834E2B160
:10D68C009CF868318CF8E93420469CF86B314146A3
:10D69C008CF8EA2432225B008CF8EF344FF0FF3325
:10D6AC00FDF792F9012004B0BDE8F081204604B0EA
:10D6BC00BDE8F0819CF86821DBE71346E2E700BF88
:10D6CC0080090020B00900200146006B08B598B114
:10D6DC00B1F86931022291F86BC1A1F8E63491F8E6
:10D6EC00663101F2E4410A70072281F804C08B71A3
:10D6FC00BDE80840FEF784BE486B00B908BD40F297
:10D70C00A222B1F8693191F86BC1A1F8E42491F827
:10D71C00662101F2E441A1F803306FF00103CA71F4
:10D72C00322281F805C0FDF74FF9012008BD00BF7A
:10D73C0070B590F8694182B08C4212D0044690F8D2
:10D74C002C000D4684F86B31431E84F8691184F863
:10D75C006A21062B0DD8DFE803F0353B0C41580C41
:10D76C000F0090F86A419442E8D190F86B419C42CA
:10D77C00E4D1002002B070BD636B002B4BD0322281
:10D78C00002104F2E440019309F03EFA3E4A84F889
:10D79C00F0544FF4D175137804F2E441019884F8F5
:10D7AC00E6340133A4F8E45403F00F031370302271
:10D7BC006FF0010384F8EF243222FDF705F9012004
:10D7CC0002B070BD204602B0BDE87040FFF7E6BE67
:10D7DC00204602B0BDE87040FFF77ABE00234FF43C
:10D7EC0000624031D4F8A004A4F8E524C4F8E8346D
:10D7FC0084F8E714C4F8EC340028E0D023460C225B
:10D80C0004F2E441FDF7D8FBD9E7204602B0BDE8AD
:10D81C007040FFF759BF1D4A4FF0010CC4F8E634B5
:10D82C00C4F8EE34C4F8EA34C4F8F234A4F8F6348C
:10D83C001378206B84F8E534634484F8EF1404F215
:10D84C00E4411370402344F2010284F8E4C484F8E8
:10D85C00E9340F4BA4F8E724C4F8EB3418B11422C4
:10D86C00FEF7CEFD85E7D4F8A004002881D023462E
:10D87C001422FDF7A1FB00287FF47BAF0549064875
:10D88C0004F0D6FF75E700BFC56C0020C46C002007
:10D89C0001404030740D0020A0290020F8B5164638
:10D8AC0090F82C2080F868310446531E0D4680F801
:10D8BC00661180F86761062B00F29980DFE803F0AF
:10D8CC004145497B93970400436B1F46002B00F0A6
:10D8DC00AD80322200F2E447002100F2E44009F06E
:10D8EC0093F941F2A203A4F8E4348A4B1A78102A73
:10D8FC0000F2CE80511C01F00F011970334684F8F0
:10D90C00E6242A468449854804F092FF55EA06032A
:10D91C000BD0002E40F0D180002D00F0CF80804A3B
:10D92C00804BC4F8E724C4F8EB344FF000006FF0E0
:10D93C00010332223946A4F8EF04606BFDF744F87A
:10D94C0037E0BDE8F840FFF729BEBDE8F840FFF727
:10D95C00BFBD406B00284CD040F2A2334FF06401A5
:10D96C00714AA4F8E4340F2384F8E63440F2FF1330
:10D97C0015FB013516FB0131FF2384F8EB3482FBD8
:10D98C0005632B4482FB01520A445B1200215212A4
:10D99C0084F8E73484F8E9346FF0010384F8E82460
:10D9AC0084F8EA240A22A4F8EC1404F2E441FDF70A
:10D9BC000BF80120F8BD00235C49002265F30F230E
:10D9CC00C0F8E414D0F8A00466F31743C4F8EC24B0
:10D9DC00C4F8E8340028ECD023460C2204F2E441CD
:10D9EC00FDF7EAFAE5E7BDE8F840FFF76DBE002069
:10D9FC00F8BD03464E4A84F8F00461F30703C4F8FB
:10DA0C00E424D4F8A0044FF4706266F30F23C4F836
:10DA1C00E82443F47F03C4F8EC340028C9D023462F
:10DA2C000D2204F2E441FDF7C7FAC2E70A46334679
:10DA3C0040493A4804F0FCFE1022364B04F2E44113
:10DA4C0084F8E4241A78C4F8E674102AC4F8EA744A
:10DA5C00C4F8EE74C4F8F2741DD8501C00F00F001A
:10DA6C00187055EA060384F8E5240BD076BB75B321
:10DA7C00314846F288026123C4F8E704A4F8EB2489
:10DA8C0084F8ED34206B48B11222FEF7B9FC90E714
:10DA9C000121002231E73A460120E1E7D4F8A00445
:10DAAC00002886D023460C22FDF786FA002880D168
:10DABC0022491A4804F0BCFE7BE7BDB99EB1194A55
:10DACC00174BC4F8E724C4F8EB342EE7CDB9B6B144
:10DADC00134844F201024023C4F8E604A4F8EB24F2
:10DAEC0084F8ED34CEE7002D3FF41FAF002E3FF449
:10DAFC001CAF0B4BC4F8E734C4F8EB3415E7002D1E
:10DB0C00C0D0002EBED0064BC4F8E634C4F8EA34BC
:10DB1C00B8E700BFC56C00208C0D0020A0290020A8
:10DB2C0028886061000140400308208000010FC07C
:10DB3C0009000009A80D002001404028740D0020A8
:10DB4C0000210022002380F8421080F84110C0E927
:10DB5C005423C0E95223704738B50C4605461322AE
:10DB6C002349204609F094F820B9022385F82C307B
:10DB7C00012038BD0F221F49204609F089F820B931
:10DB8C000123012085F82C3038BD15221A49204676
:10DB9C0009F07EF80028F3D011221849204609F02C
:10DBAC0077F818B9052385F82C30E1E70D221449D4
:10DBBC00204609F06DF8B0B10D221249204609F04B
:10DBCC0067F860B10B221049204609F061F830B1BA
:10DBDC000B220E49204609F05BF80028C8D1072318
:10DBEC0085F82C30C4E7032385F82C30C0E700BF40
:10DBFC00C80D0020DC0D0020EC0D0020040E0020D0
:10DC0C00180E0020280E0020380E0020440E002094
:10DC1C00F0B5044683B00D46214822491F461646EE
:10DC2C0004F006FEA36A23B1AB4202D0002003B07D
:10DC3C00F0BD60690028F9D106F47063B3F5A06FEC
:10DC4C00F5D106F03C0397B1394620460193FFF716
:10DC5C0083FF019B082B0CD194F82C30013B062B35
:10DC6C0019D8DFE803F0080B0B1808180B00082B69
:10DC7C0004D00120DBE7042384F820300A4908484B
:10DC8C0004F0D6FDA86801216063C4E90905FCF71E
:10DC9C00E9FE0220CBE7089B012BEAD1EEE700BF9F
:10DCAC00A0290020500E0020840E0020A0F11800A6
:10DCBC00FFF7AEBF10B50446FFF74EFF94F82C30BB
:10DCCC00022B0AD003F0FB03012B01D0012010BD65
:10DCDC000423012084F8203010BD0123012084F896
:10DCEC00203010BD10B504461838FFF735FF237DE2
:10DCFC00022B07D003F0FB03012B01D10423237269
:10DD0C00012010BD01230120237210BD2DE9F0412B
:10DD1C0000F2E4470446884682B0164600213222BF
:10DD2C0038461D4608F070FF4023294A84F8EF84DA
:10DD3C0084F8E93484F8EA3484F8ED3484F8EE3469
:10DD4C00137884F8E634013303F00F0313700023C7
:10DD5C0084F8E73484F8EB34012384F8E83484F84D
:10DD6C00EC344FF4D173A4F8E4344DB1334604F2DF
:10DD7C00EF42701913F8011B834202F8011FF9D10D
:10DD8C00606BB0B1089B63B96FF001033222394666
:10DD9C00FCF71AFE05F014F9C4F8700102B0BDE8E6
:10DDAC00F081A06A194600F56A70FCF73BFF606BC6
:10DDBC00EAE73346424607490095074804F038FD28
:10DDCC0005F0FEF8C4F8700102B0BDE8F08100BFA8
:10DDDC00C56C0020B40E0020A029002090F82C3037
:10DDEC000022013B30B5044685B080F86D21062B2E
:10DDFC0014D8DFE803F0042D1313251315001C4A67
:10DE0C00002301200292ADF80C3005F083F84FF09E
:10DE1C00FF33062202A9606BFCF7D6FD05B030BDBE
:10DE2C001449012302AA00914FF000010D468DF810
:10DE3C0008100221FFF76AFF84F86D5105B030BD60
:10DE4C000023FF22194605B0BDE83040FFF770BC37
:10DE5C0040F243230120ADF8083005F05BF84FF099
:10DE6C00FF33022202A9606BFCF7AEFD05B030BD9A
:10DE7C0053F4420390D00300A0F11800FFF7AEBF9B
:10DE8C0010B5036B802480F8E51480F8E44480F826
:10DE9C006E119BB1044652B9022204F2E4411846B9
:10DEAC00FEF7AEFA05F08CF8C4F8700110BD03F55E
:10DEBC005F701146FCF7B6FE236BEDE7D0F8A0447B
:10DECC00002CF3D0034600F2E44112222046BDE8B8
:10DEDC001040FDF771B800BFDFF824C19C44BCF1C1
:10DEEC00010F30B5964685B005D9404A934202D011
:10DEFC00002005B030BD43690BB17345F8D1826881
:10DF0C00002AF5D190F874C104464FF00105016365
:10DF1C000CF1010CC0F814E04023084604F2E44173
:10DF2C000392CDE9002284F874C184F84150FEF7C5
:10DF3C00D5FA636984F86C51039AD88BB3F820C076
:10DF4C002B4B03E0013206330F2A16D0198881427D
:10DF5C00F8D159886145F5D102EB4202244B03EB11
:10DF6C0042031A79531E84F82C20062B08D8DFE8BC
:10DF7C0003F01D3307071D072700002384F82C30FE
:10DF8C004FF0090C2121052040F2FF320023A4F8A8
:10DF9C006211A4F864011749A4F860C11648C4E9D9
:10DFAC00562304F045FC012005B030BD4FF0010CA8
:10DFBC004FF4807127204FF0FF324FF0FF33E6E72C
:10DFCC000E4A02212046FFF75BFF0122002384F852
:10DFDC00382084F86D31D3E74FF47F4C2121362063
:10DFEC006FF440624FF0FF33D1E700BF080001002F
:10DFFC00982A00204C0D0020A029002090D003006E
:10E00C00FCFFFEFFA0F10C00FFF766BF2DE9F0410D
:10E01C0082B005460F46144600211E2200F2E6404F
:10E02C000193089E08F0F0FD01210022019B61F391
:10E03C00070285F8E414402161F30F2285F8E914F6
:10E04C0061F31742264967F31F62C5F8EB2444F2CB
:10E05C000102A5F8E7240A78013202F00F020A70D7
:10E06C0085F8E5245BB1013B621E05F2EE4114FA22
:10E07C0083F312F8010F9A4201F8010FF9D1286BC2
:10E08C0078B1202205F2E441FEF7BAF9DEB904F0CA
:10E09C0097FFC5F87001642002B0BDE8F04104F0B0
:10E0AC0039BFD5F8A00428B12B4605F2E441202253
:10E0BC00FCF782FF04F084FFC5F87001002EEAD053
:10E0CC0002B0BDE8F081286B314600F55F70FCF7BB
:10E0DC00A9FD04F075FFC5F8700102B0BDE8F08130
:10E0EC00C56C00208B7B102B00D07047F0B5CB7B20
:10E0FC0089B0202B00F0A180802B00F089803D2B73
:10E10C0040F08B800B7C602B40F085804B7D91F830
:10E11C0016E01A02087D4FEA131CCC7D02F47063E2
:10E12C000A7E4CEA0E1C4FEA022E0343C87E1209EB
:10E13C000EF4706E44EA0E044FEA002E0009E61A43
:10E14C000EF4706E4B7E02968E7E42EA031591F8A9
:10E15C00242046EA0E0EA5EB0C0791F81EC004EB2A
:10E16C000E0691F8213001944FEA1C1403964FF0DF
:10E17C00000E0E7F049440EA06104FEA0C264FEA7C
:10E18C00022C2844120906F470641E0207920CF447
:10E19C00706206F4706691F81DC006927246059680
:10E1AC004CEA040C029E67F30F02049C1B0960F3FB
:10E1BC001F4266F30F0EC87F039E66F31F4E44EAA0
:10E1CC00001691F82000059C2043069CACEB000740
:10E1DC0091F8220043EA001391F8230091F82510DE
:10E1EC0004430798F31A40EA01100CEB0401029166
:10E1FC0030443049019CCD818C81A1F800C04E8007
:10E20C008F800B814881C1E904E2029ACA8002E046
:10E21C000B7C602B3FD009B0F0BD862B01D0982B26
:10E22C00F9D10B7C602BF6D10B7ECA7D1B022149E8
:10E23C0003F4706313430B83EDE70B7C602BEAD183
:10E24C004FF0000C1C4862468B181432D2B293F873
:10E25C0015E08A5C42EA0E2220F8022B93F81BE0B0
:10E26C009A7E42EA0E22828093F821E093F82020D5
:10E27C0042EA0E220CF1020E428193F8272093F809
:10E28C00263043EA022362465FFA8EFC0382BCF11D
:10E29C00060FD9D1BFE701F11403074817311A78DB
:10E2AC0013F801CF42EA0C22994220F8022BF6D146
:10E2BC00B1E700BFA85B0020FC5B002010B5044652
:10E2CC0086B041B30B78812B04D0212B02D00020D7
:10E2DC0006B010BD206B039100F55F70FCF710FDCC
:10E2EC0003990B78812B23D194F83830002B40D034
:10E2FC0094F86E2194F86D31812A04D094F86F2132
:10E30C00002A00F0928001330022DBB284F86F21E6
:10E31C0084F86D311BE023B390F838304BB390F890
:10E32C006D3180F86F110133DBB280F86D310EE086
:10E33C002046FFF7D7FE94F83830D3B194F86D31FE
:10E34C000022013384F86F21DBB284F86D310A2B83
:10E35C000FD8DFE803F0645E5852413309261809E0
:10E36C00110090F86D31F2E7324A04212046FFF794
:10E37C0087FD012006B010BD6322002384F86D21B7
:10E38C0084F83830F5E7DFF8ACC03021012304AA5B
:10E39C008DF8101020460321CDF800C0FFF736FE93
:10E3AC00E7E7DFF890C0012304AA48212046CDF806
:10E3BC0000C08DF81030FFF729FEDAE706201D4962
:10E3CC00012304AA84F86D012046009140218DF8A8
:10E3DC001030FFF71BFECCE7DFF858C046F23D01CA
:10E3EC001922049105238DF81420204604AA10212B
:10E3FC00CDF800C0FFF70AFEBBE7DFF838C04FF4DA
:10E40C00C1410622EDE7DFF82CC046F220011822AC
:10E41C00E7E7084A02212046FFF732FDA9E7054A43
:10E42C0003212046FFF72CFDA3E7012284F86F217E
:10E43C008DE700BF90D00300036B6BB110B50446A1
:10E44C0003F55F70FCF75CFC0022204601231146AB
:10E45C00BDE81040FFF732BF704700BF436A8BB175
:10E46C0000B583B0019003F55F70FCF749FC01998E
:10E47C0000220123A1F10C00114603B05DF804EB5E
:10E48C00FFF71CBF704700BF10B5044686B00029CB
:10E49C0036D00B78212B02D0002006B010BD806A3C
:10E4AC00039100F56A70FCF72BFC03992046FFF7EB
:10E4BC0019FE94F83A3003B394F86D310133DBB2A2
:10E4CC0084F86D31013B0A2B17D8DFE803F02F06D7
:10E4DC003D42474D53606D742200DFF8F8C046F2A0
:10E4EC0086011222049105238DF81420204604AADB
:10E4FC001021CDF800C0FFF709FC012006B010BDBB
:10E50C0023B190F83A30002BD6D1F6E790F86D3164
:10E51C00D8E7FF2320461A461946FFF7BFF9002219
:10E52C00FF2384F83A2084F86D31E6E7DFF8A4C0C5
:10E53C000021012304AA8DF8101020460821CDF8E3
:10E54C0000C0FFF7E3FBD8E7DFF888C046F298017C
:10E55C00C7E7DFF880C046F23D01C2E7DFF874C0C0
:10E56C0046F220011822BDE7DFF868C04FF4C14124
:10E57C001822B7E7DFF85CC0012304AA402120462B
:10E58C00CDF800C08DF81030FFF7C0FBB5E7DFF811
:10E59C0044C0012304AA48212046CDF800C08DF8C0
:10E5AC001030FFF7B3FBA8E70023012120461A46E1
:10E5BC00FFF7BEF8A1E7DFF81CC03021012304AA45
:10E5CC008DF8101020460321CDF800C0FFF79EFBFC
:10E5DC0093E700BF90D00300836A6BB110B504467B
:10E5EC0003F56A70FCF78CFB0022204601231146D0
:10E5FC00BDE81040FFF748BF704700BF03698BB1FF
:10E60C0000B583B0019003F56A70FCF779FB0199B2
:10E61C0000220123A1F11800114603B05DF804EBB0
:10E62C00FFF732BF704700BF2DE9F0419DF81C4049
:10E63C009046BDF918004C4D002C64D0B5F9102053
:10E64C00B5F91240B5F90C60B5F914C0B5F916E07E
:10E65C00B5F90E509342B8BF13466045B8BF60463B
:10E66C00A342A8BF23467045A3EB0607A8BF70467C
:10E67C009E4206EE907AF8EEE66A6ADCA41B07EE80
:10E68C00904AB8EEE77AC6EE877A431B854205EED0
:10E69C00903A27EEA76AF8EEE55A4BDCAEEB050E86
:10E6AC0007EE10EAB8EEC77AC5EE876AB0EE467A86
:10E6BC00A6EEA67AB1EEC76A9FED2C7AB4EEC76AC5
:10E6CC00F1EE10FA2CDD36EE477A9FED294AF7EE83
:10E6DC00005A9FED285AC7EE044AF4EEE54AF1EED3
:10E6EC0010FA75FEA45A85EE867A67EE877A27EEC5
:10E6FC00267A67EE857A27EE057AC1ED007A88EDE9
:10E70C00007ABDE8F081B5F90420B5F90640B5F9F9
:10E71C000060B5F908C0B5F90AE0B5F9025099E7FF
:10E72C00DFED157AB0EE677AC1ED007A88ED007AEC
:10E73C00BDE8F081ACEB050C07EE10CAB8EEC77A59
:10E74C00C5EE876AB0EE467AA6EEA67AF1EE666A58
:10E75C00B0E7921B07EE902AB8EEE77AC6EE877AFE
:10E76C00F1EE677A91E700BFA85B00209A99193EF9
:10E77C009A99593F0000004500000000000000007D
:10E78C0090F82C30032B70B5044686B071D0042B56
:10E79C000D4610D0072B00F0C480D4F89C04002840
:10E7AC0065D02346B4F8962404F2A44106B0BDE823
:10E7BC007040FCF701BCCB6A19785A78082900F034
:10E7CC009D80012AE9D1D988406C884202D06164CD
:10E7DC0084F8412004F1440003F1080E00229FED5F
:10E7EC00C07B84ED527B9FEDC07B84ED547B3EF966
:10E7FC00021F50F804CF8C4512D001604FF0010578
:10E80C00012184F841509140D4F8505145EA010C53
:10E81C00D4F8545145EAE171C4F850C1C4F854110C
:10E82C000132042AE3D1197AD4E916208A4200F085
:10E83C004D81D4F85021A165012142F0100284F8D9
:10E84C004110C4F850215B7AD4F85411834207D09C
:10E85C0042F020020120E36584F84100C4E9542110
:10E86C000123D4F89C0484F84230002899D106B0D6
:10E87C0070BD9FED9B7BCA6A80ED527B9FED9A7BAE
:10E88C0080ED547B1378202B87D10B6B112B84D903
:10E89C009388416C8B4205D00121436480F8411070
:10E8AC0080F842100432DFF84CE2002132F9023FCA
:10E8BC0001294FF0010501F10101184698BF98B2EA
:10E8CC001EF8013B04EB830C05FA03F3DCF848500B
:10E8DC00854210D0CCF848004FF0010084F841007C
:10E8EC00D4F850011843C4F85001D4F8540140EA4C
:10E8FC00E370C4F854010629D8D1B1E790F86C3113
:10E90C0093423FF44AAF80F86C21002A3FF445AFA4
:10E91C0090F8953400225B0811460233FEF708FF8D
:10E92C003BE790F83830BBB190F86D31052B13D81C
:10E93C00DFE803F0C4BCAFA2030D00213022012399
:10E94C0000913F218DF8102004AAFFF75FFB0023F4
:10E95C0084F86D3184F83830EB6A626C1E465B8843
:10E96C005BBA9BB29A4203D00122636484F84120C3
:10E97C003F22002304F1440106F1040C4FF0010E78
:10E98C00C4E9522300230022C4E9542300233CF998
:10E99C00022F51F8040F90420FD00A600EFA03F2C6
:10E9AC00D4F8500184F841E01043C4F85001D4F875
:10E9BC00540140EAE270C4F854010133042BE6D14F
:10E9CC00B4F94C30012502A903AA2046CDE9003543
:10E9DC00B4F94830FFF728FE9DED027ADDED037A9D
:10E9EC0003AAB8FE477ABDEEC77AF8FE677AFDEE49
:10E9FC00E77A01952046B4F9543084ED127AC4EDCF
:10EA0C00137A0093B4F95030FFF70EFE9DED027AA5
:10EA1C00DDED037AB8FE477ABDEEC77AF8FE677A69
:10EA2C00FDEEE77A226E84ED147AC4ED157A337913
:10EA3C00E16D9A4217D023664FF00102D4E95430AD
:10EA4C0084F8412043F01003C4F8503172798A42A3
:10EA5C003FF406AF43F020030121E26584F8411036
:10EA6C00C4E95430FCE672798A4235D194F84130CD
:10EA7C00002B3FF492AEF3E60021012304AA00918F
:10EA8C0048218DF81030FFF7C1FA042384F86D315A
:10EA9C0062E70021012304AA009140218DF8103077
:10EAAC00FFF7B4FA032384F86D3155E7104A0421BB
:10EABC00FFF7E6F9022384F86D314DE70C4A022189
:10EACC00FFF7DEF9012384F86D3145E75B7A834269
:10EADC00CCD0D4E95421BBE6D4E95430BAE700BF1A
:10EAEC003F000000000000000000000000000000DB
:10EAFC0090D0030000130020C36B1BB101461846D5
:10EB0C00FFF73EBE704700BF2DE9F0470B788EB083
:10EB1C003F2B61D0302B03D000200EB0BDE8F08726
:10EB2C0047F6FF74002590F83920C0E952450024BF
:10EB3C000025C0E954454B790C791B0443EA0423A6
:10EB4C00CC782343002A40F09A80C26B9B1A426C0B
:10EB5C009A4205D00122436480F8412080F842207B
:10EB6C00CA79402B8E794FEA02254FEA12148A7A21
:10EB7C0005F4706546EA05050E7A2F4644EA06143C
:10EB8C00ADF81C504FEA0225A046ADF81E4005F426
:10EB9C0070654C7A4FEA121244EA0504A146ADF8AE
:10EBAC002040CC7A42EA04129246ADF8222000F0C2
:10EBBC003E810022B3F5800FADF8262000F03D8198
:10EBCC00B3F1401FADF8242064D0B3F5000F40F032
:10EBDC003981FF230A9361E0B1F8013040F2FF1450
:10EBEC000025426CC0E9524593424FF000044FF0AF
:10EBFC000005C0E9544505D00122436480F841204A
:10EC0C0080F84220CA78C46EA24208D04FF4007437
:10EC1C000025C2660122C0E9544580F84120A3F5C5
:10EC2C000043914E00224FF0010EB3FA83F35B09BF
:10EC3C00C0E9183316F8013B01EB420C013200EB32
:10EC4C008304BCF804500EFA03F3A76CAF420DD04A
:10EC5C00A564D0F8504180F841E01C43C0F8504105
:10EC6C00D0F8544144EAE374C0F85441042AE1D189
:10EC7C00012380F8423000200EB0BDE8F087A3F5E8
:10EC8C0000420024B2FA82F280F839405209D203D1
:10EC9C00C2635BE74FF0FF130A920993B1F90D3091
:10ECAC00826E934208D0836601234FF4807280F801
:10ECBC0041300023C0E95423B1F90F30C26E9342A6
:10ECCC0009D0C366D0F8503143F40073C0F850310A
:10ECDC00012380F84130B1F91130026F934209D011
:10ECEC000367D0F8503143F48063C0F850310123EE
:10ECFC0080F84130B1F91330426F934209D0436729
:10ED0C00D0F8503143F40063C0F85031012380F83F
:10ED1C004130B1F91530826F934209D08367D0F836
:10ED2C00503143F48053C0F85031012380F8413006
:10ED3C00B1F91730C26F934209D0C367D0F8503184
:10ED4C0043F40053C0F85031012380F841308B78E4
:10ED5C00D0F880201909B2EB131F0AD0D0F850312B
:10ED6C00C0F8801043F48043C0F85031012380F880
:10ED7C0041300DF11A0C00F1440200F16404002141
:10ED8C004FF0010E52F8046F0EFA01F53CF8023FF9
:10ED9C000131B3420DD01360D0F8503180F841E00E
:10EDAC002B43C0F85031D0F8543143EAE575C0F824
:10EDBC005451A242E6D101243B4606AA05A9CDF83E
:10EDCC00008001940390FFF72FFC9DED057A4B46D4
:10EDDC00DDED067A06AAB8FE477ABDEEC77AF8FED4
:10EDEC00677AFDEEE77A0398CDF800A0019480EDE8
:10EDFC00127AC0ED137AFFF717FC9DED057ADDED65
:10EE0C00067A0023B8FE477ABDEEC77AF8FE677A19
:10EE1C00FDEEE77A039880F8424080F8383080EDB8
:10EE2C00147AC0ED157A00200EB0BDE8F0874FF4CF
:10EE3C0080320023CDE9092330E701230A92ADF893
:10EE4C0024302BE7802BADF8282003D1FF23ADF81D
:10EE5C002A3023E7B3F1801F03D14FF0FF130A933D
:10EE6C001CE7ADF82A2019E70C1C002030B5CC6A41
:10EE7C0083B023781BB1012B80F8403005D090F87B
:10EE8C002C3091F83020072B02D0002003B030BD7D
:10EE9C000023214601920546FFF710FA019A08B1AA
:10EEAC000120F3E721462846FFF72EFEF8E700BFC6
:10EEBC002DE9F04F83B00D46964604460B7800AF13
:10EECC00012B80F8403000F0C080112B164609D081
:10EEDC0090F82C30072B00F0058100200C37BD4634
:10EEEC00BDE8F08F002200236946C7F800D0C0E9C6
:10EEFC005223C0E95423731DAEF10202DB08002A31
:10EF0C00A1EBC3039D46E84603DDA91C684604F04B
:10EF1C00B1FB98F8051098F807200B0998F80650E3
:10EF2C0002F0010201F00F0088F8053043EA0513E6
:10EF3C0088F8072043EA02330A0788F80A0003D44A
:10EF4C00C64A52F820201343626C9A4203D0012225
:10EF5C00636484F842202722002304F1440104F165
:10EF6C00500C4646C4E952230123002251F8040FE9
:10EF7C0016F8015FA8420AD0D4F850011843C4F81F
:10EF8C005001D4F854011043C4F854010D60DB183F
:10EF9C0052418C45EAD198F80420E36D934206D097
:10EFAC00D4F85031E26543F02003C4F8503198F89E
:10EFBC000820636D934206D0D4F85031626543F05B
:10EFCC000803C4F8503198F80920A36D934206D079
:10EFDC00D4F85031A26543F01003C4F850314FF00F
:10EFEC00000E08F1050C04F1600104F5A4794FF052
:10EFFC0027080123724651F804AB4EEA02051CF8AF
:10F00C00010F48EA0306AE467D605045B0460BD072
:10F01C00D4F8505145EA030AD4F8545145EA020B8E
:10F02C00C4E954AB41F8040CDB1852414945E2D118
:10F03C007A680123C4F84861C4F84C2184F8423042
:10F04C0084F86C31D7F800D047E7BEF1400F90F848
:10F05C002C20F44628BF4FF0400C012A4DD0052A35
:10F06C0000F0BF80032A00F0FB8000200021C4E9DF
:10F07C005201BEF1000F00F038814FF0000E013D3F
:10F08C0004F14408F14671467246D4E9540643EA49
:10F09C000E0E42EA090958F804AF0131C4E952E9ED
:10F0AC0015F801BF89B2D34507D018431643C4E9FC
:10F0BC00540695F800A0C8F800A0DB1852418C4506
:10F0CC00E5D8D4E9563203403240134302D0012331
:10F0DC0084F84230012384F86C3101200C37BD4692
:10F0EC00BDE8F08F0023FFF7CFF90028F5D13246A9
:10F0FC0029462046FFF708FDEFE609796B8843EABD
:10F10C000143416C994202D0436480F8422027228B
:10F11C00002304F1440105F1050804F15009C4E988
:10F12C005223D4E954060123002218F801AF51F8F8
:10F13C0004BFD34507D018431643C4E9540698F8C6
:10F14C0000A0C1F800A0DB1852414945EDD16A7A04
:10F15C00E36D934205D040F02000C4F850016B7A67
:10F16C00E365AA7C636D934205D040F00800C4F8B7
:10F17C005001AB7C6365EA7CA36D934205D040F0F3
:10F18C001000C4F85001EB7CA365BEF10A0F98D9AE
:10F19C0009354FF0000804F16C0A4FF02709AE4610
:10F1AC004FF48061434641EA090943EA08085AF8DA
:10F1BC00042FC4E952981EF801BF934507D00843A9
:10F1CC001E43C4E954069EF80020CAF800200EF134
:10F1DC000A024918A2EB05025B4192B26245E2D3E6
:10F1EC006FE7C978B5F8012042EA0142416C9142BF
:10F1FC0002D0426480F8423000220023BEF1050F99
:10F20C00C4E9522371D94FF00008043504F1440AC3
:10F21C004FF48063AE46C1464246D4E9540643EAF5
:10F22C00080842EA09095AF8041FC4E952891EF871
:10F23C0001BF8B4507D018431643C4E954069EF80A
:10F24C000010CAF800100EF10501DB18A1EB050146
:10F25C00524189B28C45E2D833E700BF101C002024
:10F26C004FF03F084FF00009416CC0E952894FF054
:10F27C0000084FF00009C0E95489D5F80D208A42E6
:10F28C0004D0426480F8413080F84230DFF860C02E
:10F29C0000224FF0010E05EB4203032A02F101029A
:10F2AC00B3F901101CF8013B98BF89B204EB83063B
:10F2BC000EFA03F388BF09B2B06C88420DD0B1646A
:10F2CC00D4F85001D4F85461184384F841E046EA6C
:10F2DC00E373C4F85001C4F85431062ADBD101237E
:10F2EC00D4E9540684F84230EBE6D4E95406E8E657
:10F2FC00301C0020A0F11800FFF7DABD30B5CC6A45
:10F30C0083B023781BB1012B80F8343005D090F8F2
:10F31C00203091F83020072B02D0002003B030BDF4
:10F32C000C380023214601920546FEF7C7FF019ACF
:10F33C0008B10120F2E721462846FFF7E5FBF8E784
:10F34C00074A084B106BB2F834C0918FC3F8060013
:10F35C00906BA3F80AC0D982C3F81200704700BFA3
:10F36C0080090020FC5B002010B4019CC1660221C6
:10F37C00C0E91C2301220023C0E91E4180F8822031
:10F38C0080F8833010BC704703685B69184700BF76
:10F39C0003689B69184700BF00238361704700BF57
:10F3AC00704700BF704700BF08460F22034908B5DD
:10F3BC0007F06EFC003818BF012008BDDC0D0020E2
:10F3CC00D0F81CC08C4504D0BCF1000F01D000203B
:10F3DC00704730B5846883B014B1002003B030BDE1
:10F3EC0002F4706CBCF5A06FF7D19C4614460B462A
:10F3FC000546BCF1000F07D001910F2260460C4965
:10F40C0007F046FC019B80B162060CD5012283F803
:10F41C003820069A012A06D19A680220C5E90623EB
:10F42C00C5F89020DAE70120D8E7A861D5E700BF3E
:10F43C00DC0D002090F88030013BDBB280F880308E
:10F44C0023B98360C0F8943080F88130704700BFD6
:10F45C00826812B1002210467047D0F81CC0BCF173
:10F46C00000F01D08C45F6D1094A934205D0094AC8
:10F47C00934202D0084A9342ECD190F8803001229A
:10F48C00C161134480F880308B68836110467047EB
:10F49C008000010001000C000600010030B58468FA
:10F4AC0085B024B1944202D0002005B030BD154681
:10F4BC000446F9B191F83120022AF5D091F83000C8
:10F4CC0001281BD0164A93421AD0164A934206D0F2
:10F4DC001548181AB0FA80F040090028E5D0C4F895
:10F4EC00981094F880300120A560034484F8803093
:10F4FC0005B030BD0A4A9342E7D1F2E7012AE1D1C7
:10F50C00D4F89430002BECD1C4F8941008460A229D
:10F51C0021210093CDE90133FDF70AF8E1E700BFA3
:10F52C000600010001000C008000010030B50468E9
:10F53C000B4DD4F810E0039CAE450CD1C1660221F2
:10F54C00C0E91C230122002380F8822080F883303C
:10F55C00C0E91E4130BDF4460394BDE8304060471D
:10F56C0059D20000704700BF704700BF0023C36032
:10F57C00704700BF0368094ADB6993420DD190F8CC
:10F58C008030013BDBB280F880302BB98360C0F84F
:10F59C00943080F8813070477047184725D30000AD
:10F5AC0008460F22034908B507F072FB003818BF54
:10F5BC00012008BDDC0D002050F80C3C0C389B6978
:10F5CC00184700BF50F80C3C0A4ADB6993420ED135
:10F5DC0090F87430013BDBB280F8743033B940F8EA
:10F5EC00043CC0F8883080F87530704770470C3890
:10F5FC00184700BF25D3000050F80C3C0C385B6951
:10F60C00184700BF844650F80C0C30B5D0F810E009
:10F61C000C4C0398A6450DD1CCF860100221CCE916
:10F62C001923012200238CF876208CF87730CCE952
:10F63C001B0130BD0390ACF10C00F446BDE830402A
:10F64C00604700BF59D2000050F8042C12B10022C0
:10F65C0010467047D0F810C0614502D0BCF1000FC5
:10F66C00F6D10A4A934205D0094A934202D0094A7C
:10F67C009342ECD190F8743001220161134480F86C
:10F68C0074308B68C3601046704700BF8000010067
:10F69C0001000C0006000100D0F810C0614504D038
:10F6AC00BCF1000F01D00020704730B550F8044C6D
:10F6BC0083B014B1002003B030BD02F4706CBCF503
:10F6CC00A06FF7D19C4614460B460546BCF1000FC3
:10F6DC0007D001910F2260460B4907F0D9FA019B24
:10F6EC0080B162060CD5012283F83820069A012AD3
:10F6FC0006D19A680220C5E90323C5F88420DAE70D
:10F70C000120D8E7E860D5E7DC0D002000B583B018
:10F71C000190FCF71FFF01980C3003B05DF804EB6F
:10F72C00FBF71AB9704700BF10B50C4651060CD543
:10F73C000023DFF8A4E003EB430C01331EF80C109C
:10F74C00F44491422ED0102BF5D10023DFF88CE03D
:10F75C0001E0192B08D01EF813C00EEB4301013346
:10F76C009445F6D1487810BD51062BD490F86030F2
:10F77C0014F0220F174818BF42F040029B074FF0BD
:10F78C00000348BF82F0400202E00133602B19D025
:10F79C00017801309142F8D114F0110F14D003F01C
:10F7AC001F0010BD90F86030DB0708D49CF90120D5
:10F7BC009CF80130002A0ADA03F07F02C5E79CF8B6
:10F7CC00020010BD002010BD203398B210BD1846A9
:10F7DC0010BD00BF3C210020D012002034120020AC
:10F7EC0010B50446D0F8940086B078B1012260348C
:10F7FC004FF0000C4FF400732121CDF800C0CDE97F
:10F80C0001240922FCF794FE06B010BDD4F8903008
:10F81C00002BF9D094F860304FF4D1720120ADF880
:10F82C0014208DF8163003F075FB6FF001030322E2
:10F83C0005A9D4F89000FBF7C7F806B010BD00BFBF
:10F84C00532A80F85E1080F85F201CD0392A0FD024
:10F85C00472A2DD000B583B00190FFF765FF019BBF
:10F86C005A6AA3F85C009AB303B05DF804EB104736
:10F87C0090F86010C1F34002944682F00102D2B2BB
:10F88C0094450FD1704790F86020D14302F0010CE1
:10F89C0001F001018C45F5D061F3000280F8602085
:10F8AC00FFF79EBF62F3410180F86010FFF798BF2D
:10F8BC0090F86010C1F38002944682F00102D2B23B
:10F8CC009445DFD062F3820180F86010FFF788BFA7
:10F8DC00FFF728FF03B000BD464BCB18072B70B5C4
:10F8EC00044682B036D9A1F5E023732B02D900204F
:10F8FC0002B070BD90F88130002B55D001F0070399
:10F90C000120CDB2C1F3C40198406318064693F8A8
:10F91C004C100140002A53D0002932D12A4694F8C9
:10F92C005E10204684F85F500193FFF7FDFE226ABB
:10F93C00A4F85C00002A59D09047019BA26A1AB126
:10F94C00284601939047019B93F84C20324383F84F
:10F95C004C2016E001F00701012390F85EC08B40AB
:10F96C0003EA0C0082B960B1E26A32B101F16700BE
:10F97C000193904794F85EC0019B2CEA030C84F829
:10F98C005EC0012002B070BD0028FAD1A26A32B16B
:10F99C0001F167000193904794F85EC0019B43EA24
:10F9AC000C0384F85E30ECE7036F9B07A6D4C36F9F
:10F9BC00072BE6D85A1C0344C26783F83C10E0E7D7
:10F9CC000029DED02A4694F85E1020460193FFF7FA
:10F9DC0037FFE26A019B12B128469047019B93F8CE
:10F9EC004C2022EA060283F84C20CAE7FFF79AFE65
:10F9FC00019BA3E720FFF8FFDFF820C101EA0C0C04
:10FA0C00BCF17F4F50D0454B70B5D0F86CE082B054
:10FA1C00044616460EEA03030D46B3F5803F3ED06E
:10FA2C00BEF5402F02D13E4B9D4254D0AAB2002AC3
:10FA3C0038D0012394F8851084F88330002963D0E2
:10FA4C0004F18400002304E001335FFA83FC614578
:10FA5C002BD930F802CF6245F6D11EBBA26EDEB2B6
:10FA6C0032B1A9B270460193904794F88510019B6E
:10FA7C00481EC0B2B04284F8850013D98A1B03F12A
:10FA8C0044014333023A04EB410104EB4300D2B28C
:10FA9C000132520002B0BDE8704007F023B8FFF706
:10FAAC001BFFA8B102B070BD7047002EFAD0636E78
:10FABC0023B1A9B27046984794F885100329F1D860
:10FACC004B1C04EB410184F88530A1F88650E9E722
:10FADC00D4F86CE0A4E7D4E91D32D21A002A19D06C
:10FAEC00A6EB03034FF064001146B8BF511C00FB9A
:10FAFC0003F303EB610303FB02F1002993FBF2F325
:10FB0C000ADB84F88430CDE7002ECBD0636E002B5B
:10FB1C00CFD1D5E73223F4E7013BF2E70000FFFF3A
:10FB2C00200006002DE9F84304460E46904600F1ED
:10FB3C00450700F14B0917F8015F032D1BD9B3786A
:10FB4C00AB4218D0F378AB4215D03379AB4212D01C
:10FB5C0073792A462046AB420DD0B379AB420AD01A
:10FB6C00F379AB4207D094F84410FFF769FEE36ACF
:10FB7C00284603B19847B945DDD1B8F1000F14D030
:10FB8C00E36A93B10025012707FA05F394F84420A2
:10FB9C00134207D0327805F167001342C0B201D18D
:10FBAC00E36A98470135082DEED1771C06F1070959
:10FBBC0017F8015F032D29D994F84630AB4225D0B4
:10FBCC0094F84730AB4221D094F84830AB421DD06A
:10FBDC0094F84930AB4219D094F84A30AB4215D066
:10FBEC0094F84B30AB4211D031782A46204684F839
:10FBFC005F5084F85E10FFF797FD236AA4F85C0051
:10FC0C0023B39847A36A0BB128469847B945CFD17F
:10FC1C00B8F1000F14D0A36A93B10025012707FA9D
:10FC2C0005F394F84420134207D1327805F16700AC
:10FC3C001342C0B201D0A36A98470135082DEED10A
:10FC4C00326873686264A364BDE8F883FFF76AFDE9
:10FC5C00D8E700BF10B5D0F8942082B0CC6B94429A
:10FC6C0002D0002002B010BD0A6B082AF9D1012283
:10FC7C00C96A0190FFF756FF0122019B104683F8D9
:10FC8C008120EFE790F882301BB390F8813010B5EB
:10FC9C000446FBB194F88330BBB9A26E92B194F8D0
:10FCAC0085300BB90EE0A26E013BE06EDBB204EBCB
:10FCBC00430184F88530B1F88610904794F885306C
:10FCCC00002BF0D1002384F88530002384F8823097
:10FCDC0010BD7047026F12F00202DBD1C36F022B12
:10FCEC00D8D900F13C01FFF71DFFEEE7012380F8A6
:10FCFC0081300A789A4201D00020704700B583B059
:10FD0C0019440192FFF70EFF019803B000BD00BF2C
:10FD1C00012380F875300A789A4201D00020704790
:10FD2C0000B583B019440C380192FFF7FBFE019823
:10FD3C0003B000BDDFF850C00E490F4A0F4B1048FE
:10FD4C0010B4DCF80040CCF800201460D1F800C0EE
:10FD5C000C4A04680A601946C2F800C01A4603F13E
:10FD6C00400C1C601B6442F880CF41F8C02F01602E
:10FD7C0010BC7047FC600020D0600020E0400020E8
:10FD8C00246200208040002014610020024B18687F
:10FD9C0008B102681A60704714610020024B1A689F
:10FDAC0018600260704700BF14610020024B186895
:10FDBC0008B102681A607047FC600020024B1A6898
:10FDCC0018600260704700BFFC600020024B18688E
:10FDDC0008B102681A60704724620020024B1A684E
:10FDEC0018600260704700BF24620020034B186843
:10FDFC0018B1016800221960026070471861002078
:10FE0C00024B1A6818600260704700BF186100202E
:10FE1C0001EB410100EB411188420DD2DFF81CC00F
:10FE2C00DCF8002000E01846034643F8602B9942AA
:10FE3C000246F8D8CCF80000704700BFFC600020E8
:10FE4C0000EB811C604511D2024610B5084C4FEAFC
:10FE5C00811E2168134643F8401B9C4511461A46E7
:10FE6C00F8D8AEF140010844206010BD704700BFC7
:10FE7C0024620020352303FB010188420DD2DFF8F8
:10FE8C001CC0DCF8002000E01846034643F8352B74
:10FE9C0099420246F8D8CCF800007047186100204F
:10FEAC0090F82430013BDBB280F8243003B9836036
:10FEBC00704700BF012380F8263070474FEA114C81
:10FECC008BB2BCF1090F0FD173B1082B12D8013BC7
:10FEDC004FF0010C90F827100CFA03F322BB21EA27
:10FEEC00030180F827107047BCF1010F03D0144BAD
:10FEFC0099421DD07047303B082BFBD801A151F81B
:10FF0C0023F000BF2DDE000029DE000021DE000002
:10FF1C00E5DD0000E5DD0000E5DD0000E5DD0000CD
:10FF2C00E5DD000025DE0000194380F8271070473E
:10FF3C004263704702637047C262704782627047C7
:10FF4C0038020C0090F826302BB10122002380F8E7
:10FF5C00252080F82630704700238361704700BF4E
:10FF6C000368DFF810C05B69634501D1FFF7A6BFDA
:10FF7C00184700BFADDD0000A3F101130146012BB2
:10FF8C0003D883681BB19A4201D00020704791F8C6
:10FF9C00243001208A60034481F82430704700BF6C
:10FFAC00034612B10878022801D000207047487827
:10FFBC00042A83F8270091F90200986291F9030052
:10FFCC00D86207D991F90400052A186302D091F977
:10FFDC0005205A630122104683F82520704700BF84
:10FFEC0070B504460D4612481646124902F020FC24
:04FFFC00E3691BB1E9
:02000004600199
:10000000AB4201D0002070BDA0680028FAD106F4F0
:100010007063B3F5A06FF6D1330602D5049B012BB4
:1000200001D0012070BD0749044802F007FCAB680D
:1000300002202362C4E9063570BD00BFA02900205C
:10004000F00E0020280F002070B50E4682B0114639
:100050001D460446024633460E48CDE900150E49BA
:1000600002F0ECFBA06810B1002002B070BDE369A3
:100070000BB1B342F9D1A5F10115012DF4D807490F
:10008000044802F0DBFBB3680120C4E9063602B085
:1000900070BD00BFA0290020500F0020980F002045
:1000A00030B50568064CD5F810E0A64503D101230C
:1000B00080F8263030BDF446BDE83040604700BFD0
:1000C000A5DD00000023C360704700BF0268084937
:1000D00092698A420AD190F8262032B10121002289
:1000E00080F8251080F8262070477047104700BF21
:1000F00035DE00000368074ADB69934209D190F8B6
:100100002430013BDBB280F824300BB983607047A8
:100110007047184791DD000050F80C2C0346074942
:100120000C3892698A4207D19A7E22B101210022BD
:1001300059769A7670477047104700BF35DE000049
:1001400050F80C3C074ADB69934208D1037E013B1F
:10015000DBB2037613B940F8043C704770470C38A3
:10016000184700BF91DD0000034612B1087802284D
:1001700001D0002070474878042AD87691F902000F
:10018000D86191F90300186207D991F90400052A92
:10019000586202D091F905209A62012210465A76DF
:1001A000704700BF50F80C3C0C385B69184700BF23
:1001B000844650F80C0C10B5D0F810E0064886457F
:1001C00003D101238CF81A3010BDACF10C00F446B9
:1001D000BDE81040604700BFA5DD000070B50E46C9
:1001E00082B011461D460446A0F10C0233460F486A
:1001F000CDE900150E4902F021FB54F8040C10B1B2
:10020000002002B070BD23690BB19E42F9D1A5F167
:100210000115012DF4D80749044802F00FFBB3681B
:100220000120C4E9033602B070BD00BFA029002040
:10023000500F0020980F002070B504460D4612485C
:100240001646124902F0FAFA23699D4202D00BB118
:10025000002070BD54F8040C0028F9D106F4706336
:10026000B3F5A06FF5D1330602D5049B012B01D065
:10027000012070BD0649044802F0E0FAAB68022094
:100280006361C4E9033570BDA0290020F00E002091
:10029000280F002000B583B00190FCF761F90198A8
:1002A0000C3003B05DF804EBFAF75CBB002380F878
:1002B000253080F82730C0E90A33C0E90C33704795
:1002C00010B483B00B46CDE90012C27C002A30D0B6
:1002D00072B6C27CD40708D54FF0E02C4469DCF834
:1002E000801121408162CCF88011910708D54FF030
:1002F000E02C8469DCF884112140C162CCF88411BF
:10030000540708D54FF0E02CC469DCF8881121406F
:100310000163CCF88811110708D54FF0E02C046A6E
:10032000DCF88C1121404163CCF88C11D2063AD410
:1003300062B68268934240D0234A8360926923491F
:10034000C2F3011CC2F3826251F82CC00132BCFB23
:10035000F2F103B38B4232D8B1FBF3F2B1FBF2F10D
:100360008B422ED3B2F5817F1BD2022A27D9023AC3
:10037000530803EB032342EA0323C360026803210B
:1003800000201061516201211364019B1366116109
:1003900003B010BC70479445EFD34A1CB2F5817F7F
:1003A000E3D30B4BE9E74FF0E021446AD1F8902109
:1003B00022408263C1F89021BAE7C368DEE70023D8
:1003C000DBE71146E9E700BF00C00F40381C002002
:1003D000FF7F7F0090F81CC04160BCF1020FC2603B
:1003E00001D18368184702F01DB900BF304B314975
:1003F00010B5D3E9114E9EF80400C8771A6C94F832
:1004000004C081F81CC0087752B1B2F5004F23D365
:1004100029495118274A1964D07682F81BC010BDAB
:1004200019680F24D86C8C6540F20134CA610C61E4
:100430004FF47C544C6103210468246883F83D1018
:100440001E4B9C4220D1037F4260022BC26020D110
:100450008368BDE8104018472468E18B090421D463
:10046000E283DEF80010B4F81EE0A4F816E0CC8BAE
:10047000240412D4CA83CA8BCA8200210D4A19648B
:10048000D07682F81BC010BD23461146BDE810404F
:100490001847BDE8104002F0C5B8CC8B62F30804E1
:1004A000CC83E8E7E18B62F30801E183D9E700BF81
:1004B0000029002000800E400180FFFFB9E200000B
:1004C000304B314910B5D3E9114E9EF80400C8777E
:1004D0001A6C94F804C081F81CC0087752B1B2F5C8
:1004E000004F23D329495118274A1964D07682F83E
:1004F0001BC010BD19680F24D86C8C6540F2013404
:10050000CA610C614FF47C544C6103210468246877
:1005100083F83D101E4B9C4220D1037F4260022B8A
:10052000C26020D18368BDE8104018472468E18B81
:10053000090421D4E283DEF80010B4F81EE0A4F828
:1005400016E0CC8B240412D4CA83CA8BCA82002141
:100550000D4A1964D07682F81BC010BD234611469F
:10056000BDE810401847BDE8104002F05BB8CC8BE6
:1005700062F30804CC83E8E7E18B62F30801E183CE
:10058000D9E700BFB028002000800E400180FFFFA7
:10059000B9E2000043682DE9F04FD3E90041814DF5
:1005A0004FF0B80922684FF00F0B22EA01027E4992
:1005B0002260AA6911407D4A0A43AA6190F810E0BE
:1005C0007B4A03EB0E0603EB8E0E317C02EB01112E
:1005D0008968C1F8009090F811C003EB0C050CF18C
:1005E0000A0C95F8241002EB01118968C1F80090FB
:1005F000817C03EB010803EB810198F838A002EB42
:100600000A1ADAF808A0CAF80090D4F800905F68D7
:1006100049EA0709C4F80090347CDEF814E002EBE4
:1006200004146468C4F800E095F8244053F82CC022
:1006300002EB04146468C4F800C098F83840C96B31
:1006400002EB0412526811609A6C98F84410116021
:100650001A6A317F5B6B116095F830201A600222B4
:1006600003681A61C3F858B0C27C002A32D072B64F
:10067000C37CDD0708D54FF0E0214469D1F8802123
:1006800022408262C1F880219C0708D54FF0E0210A
:100690008469D1F884212240C262C1F884215907BB
:1006A00008D54FF0E021C469D1F8882122400263C7
:1006B000C1F888211A0708D54FF0E021046AD1F863
:1006C0008C2122404263C1F88C21DF065CD462B6E3
:1006D000C27C0368374D8168A9425FD0314985608B
:1006E0008969354CC1F30117C1F38261334E54F867
:1006F00027400131B4FBF1F4B44230D80021C1608D
:1007000000241C6103245C620724196401211C6617
:10071000196112B3D60704D5816A4FF0E023C3F8FC
:100720000011950704D5C16A4FF0E023C3F8041106
:10073000540704D5016B4FF0E023C3F808111107EB
:1007400004D5416B4FF0E023C3F80C11D30604D558
:10075000826B4FF0E023C3F81021BDE8F08F1849F9
:10076000A1FB0461090DB4FBF1F4AC4288BF013177
:10077000B1F5817F14D20229C0D902394C0804EBAB
:10078000042441EA0421BAE74FF0E022416AD2F89A
:1007900090310B408363C2F8903198E7C168AFE7AE
:1007A0000849ACE700C00F40CFFFFFE3100000088E
:1007B000CC1D002000093D00381C0020FF083D0032
:1007C00083DE1B43FF7F7F00704700BFD0F800C06F
:1007D00000B5DCF810E0F4465DF804EB604700BFBC
:1007E00000B5D0F800C0BDF804E0CDF804E0DCF8B6
:1007F00038E0F4465DF804EB604700BF00B5D0F880
:1008000000C0BDF804E0CDF804E0DCF83CE0F446BC
:100810005DF804EB604700BF704700BF01F0030CB8
:10082000C907B0F90820B0F90A3080F81AC002D41C
:100830008281C3817047194613460A46C38182816B
:10084000704700BF2DE9F0411C4686B08646D0F8BF
:1008500000C0A142BDF93050BDF8343026D0AA42C4
:1008600015D0DCF814608046234FBE423AD1404692
:10087000CDE900532346DCF82840A047D8F80030E3
:100880001D4ADB6A934228D106B0BDE8F081A1423F
:100890001FDD01310C93DCF83C5070460B1B2146E8
:1008A000AC461BB206B0BDE8F0416047AA420CDD81
:1008B0000C93531CDCF838402A465B1B7046A44658
:1008C0001BB206B0BDE8F041604728461546024617
:1008D000EEE720460C460146DBE7404606B0BDE8A1
:1008E000F0411847CDE904230391B047D8F800C080
:1008F0000399DDE90423BAE7ADE60000D0F800C0B3
:10090000F0B5134D87B0DCF814600446BDF83070C4
:10091000AE420ED1013B0197009220460B44DCF819
:1009200028601BB2B0472368DB6AAB420BD107B02B
:10093000F0BDCDE904230391B047D4F800C003997A
:10094000DDE90423E6E7204607B0BDE8F04018479C
:10095000ADE60000D0F800C0F0B5144D87B0DCF86B
:1009600014600446BDF83070AE420FD1013B0197D0
:10097000204613441BB200930B46DCF82860B047B6
:100980002368DB6AAB420BD107B0F0BDCDE904238D
:100990000391B047D4F800C00399DDE90423E5E7EB
:1009A000204607B0BDE8F040184700BFADE60000A4
:1009B000D0F800C02DE9F04F90469B46DCF814209B
:1009C00083B01E4B05460C46BDF930709A42BDF807
:1009D000349029D1A344A3451EDDDFF864A00AE0CA
:1009E0000134CDF80090DCF8386024B2B047D5F877
:1009F00000C05C4510DADCF820603B4642462146E8
:100A000056452846ECD00134CDF80090B047D5F8D3
:100A100000C024B25C45EEDBDCF82C30074A934280
:100A200006D103B0BDE8F08F9047D5F800C0D1E7FC
:100A3000284603B0BDE8F04F184700BFADE6000000
:100A4000C5E600000268B0F90C30B0F90EC010B570
:100A5000146C82B0094A944207D10022CDE900C14A
:100A60001146FFF7A5FF02B010BD00220191CDF89D
:100A700000C01146A04702B010BD00BF95E80000BD
:100A800030B50468094DD4F840E0BDF90CC0BDF89C
:100A90001040AE45CDE903C403D1BDE83040FFF7B7
:100AA00087BFF446BDE83040604700BF95E80000CE
:100AB0002DE9F04F1D460368884616462C4983B041
:100AC0005A690446BDF930908A42BDF8347041D16C
:100AD000D3F824B03246DFF89CA041460097204668
:100AE000D34508BFD3F83CB02B46D847236809F15B
:100AF000FF32D3F824B032440097D34512B231D13B
:100B0000D3F83CA041462B462046D04723683246C6
:100B1000DFF864A04146D3F820B020460097D345C3
:100B200008BFD3F838B04B46D8472268691E4B46F9
:100B3000156A204641440097554509B208BF956B98
:100B40003246A84723680A4ADB6A934205D103B0BC
:100B5000BDE8F08F90472368BAE7204603B0BDE8B0
:100B6000F04F18472B4641462046D847CEE700BFF6
:100B7000ADE60000E1E60000C5E600002DE9F04F1B
:100B800085B091468046581ABDF938401D46BDF8DB
:100B90003CB0A21A002AB8BF52420028B8BF404257
:100BA000824263DCA4464E46A2464F461C46894616
:100BB00065463146A1454EDDA942D4BF4FF0FF3313
:100BC0000123A9EB040CA7EB0A0A0FFA8CF6002EFE
:100BD000B8BF0136BAF1000F4FEA6606B8BFCAF1D6
:100BE000000ACDE90020CDE9023C15E0224A9445F7
:100BF00028D10F69224629464046B847A6EB0A038A
:100C00000134029A1EB2AA1824B2002E02DA15B2DA
:100C1000039AD6184C4512DCD8F800105B462A46D9
:100C2000D1F818C0DDE90007B842DFDC124B9C4563
:100C30005B460CD10F6940462146B847DEE705B058
:100C4000BDE8F08F224629464046E047D6E72146D8
:100C50004046E047D2E72646A9423D464C46574625
:100C6000B146AA460D4604DA0123AAE79A460F4682
:100C7000A0E74FF0FF33A4E7B1E60000002361F3E3
:100C80000F03002162F31F434FF0FF324160016107
:100C900001770162C0E90233024BC0E90523024B30
:100CA00003607047010100011C1800202DE9F04F7E
:100CB0008FB0BDF868509DF860C006951D1EBDF947
:100CC00064406ADDC5F1010396460027621C1BB231
:100CD00082469146F3460393C5EBC5337E1C0891CB
:100CE0005B000A92029505930CF00103CDF824C035
:100CF0000793039BCDF82CE0002B4ADB059A37B213
:100D00000232134405927200013213441BB2039362
:100D1000029B5C1E24B2BC4247DA099B03F002032B
:100D20000493079BABB1DDF82080029B0FFA8BF296
:100D3000DAF8000098444F4B066A0FFA88F19E4299
:100D400040F08280069B00930FFA89F3866B504631
:100D5000B047049B93B1089B029A46489D1A0FFA2C
:100D60008BF20FFA89F329B2DAF800502E6A864224
:100D700006980090504608BFAE6BB047BC420BF1DE
:100D8000FF3B09F10209029407DD039B7E1C002B47
:100D9000B4DA37B2029CBC4202DA0FB0BDE8F08F81
:100DA00003EB460301331BB20393099B079A03F03D
:100DB0000203049312BB002BE0D00B9BDDF82080D4
:100DC0001A1B0A9B03EB440312B21BB2A8EB0606E4
:100DD000DAF80000274935B2066A8E423BD10699FF
:100DE00000912946866B5046B047029B9C42C5D075
:100DF000079B002BAFD00223049396E7DDF82080F9
:100E00000B9B08EB0601DAF800501A1B19480FFA81
:100E100081FC0A9B296A12B203EB440381421BB294
:100E20001DD1069900916146A86BCDE90C230546BA
:100E30005046A847DDE90C2304990029C6D1029B3E
:100E40009C427FF472AF99E706980FFA89F30090FD
:100E50005046B0477DE7069829460090C3E70698BC
:100E60000D46614600905046CDE90C23A847DDE9C8
:100E70000C23E1E7C5E60000D0F800C02DE9F043FF
:100E80001D461C4EDCF8143087B004461746B342AA
:100E9000BDF8388023D1DCF820906B0016487A1B0F
:100EA0000133CDF80080814512B21BB2204608BF45
:100EB000DCF838900591C8472B460320002505999A
:100EC0003A46CDF80880CDE900052046FFF7EEFE52
:100ED0002368DB6AB34208D107B0BDE8F08305910F
:100EE0009847D4F800C00599D5E7204607B0BDE87B
:100EF000F0431847ADE60000C5E600002DE9F04FCD
:100F000093B082460291BDF870100D9203919DF846
:100F10007810026A08919DF87C10BDF874900591D4
:100F2000002A00F0B980117A5B1A0599D2E900B065
:100F3000DBB2089A114300EBC30230F8337092F829
:100F400002800129D37892F9050092F906200E93C8
:100F500009900F9256D80023A24E10930A93DAF804
:100F600000305A69B24255D10E9A002A00F08380AF
:100F7000B8F1000F7FD008991A46059800254FF068
:100F800000090023012908BF012811960CBF012187
:100F90000021049110991E460D98059C494401FBBF
:100FA0000401002409B207910F994118494409B27C
:100FB000CDE90B93069105E001346D00E4B2EDB28A
:100FC000A0454CD916F0070F06F1010603D17B1C92
:100FD0001BF807509FB22B06EED5049BFBB1029B7A
:100FE00050460999D2F8189059187F4B21449945D9
:100FF000039B08BFD2F8109009B2069AC847DAF8E6
:101000000020D9E7DAF80030764E10925A690A903B
:10101000B242A9D050469047DAF80030A4E70A9BC4
:1010200002981919089BD2F81C9001FB03010FFAD2
:1010300083FC6E4B09B2BDF91400994522D1D2F858
:1010400040906B4B039A9945009001926346079A32
:1010500050461DD1FFF7ACFCDAF80020ACE7DDE923
:101060000B930E9909F1010C43445FFA8CF9894501
:1010700090D31346119EDB6AB34240F0058113B052
:10108000BDE8F08F039A6346009050460192079A9C
:10109000C847DAF800208FE7B0F90C2002998A429D
:1010A000EDDDB0F90E200D9CA242E8DD4FF0060206
:1010B000089D15FB0212002AE1DD059A04EBC2022D
:1010C000002ADCDD027F474E82F00102AF2B94BF85
:1010D000002202F001021A440368D4B25A69B242F3
:1010E00040F00B81029F04EB8404089D7A1D414966
:1010F000BC46BE4690B2059A2144CDF81890012D09
:1011000008BF012AD146039F8A460CBF4FF0010B4E
:101110004FF0000BDDF83480CDF810B093460C9002
:101120000E961AF8016B0FFA8EF208240025099228
:10113000CDF81CC0CDE90AEA1AE00499002934D0A0
:10114000D3F818A018FA85F2274812B2BDF91C107E
:101150008245484608BFD3F810A03B46D047D9F88F
:101160000030013C0135760814F0FF046DB260D008
:10117000F207E2D406988742F3D0049900293BD0C5
:1011800018FA85F2D3F818A0BDF91C100FFA82FCEA
:10119000154A924540F08F80D3F810A0624603466E
:1011A0004846D047D9F80030DBE71BFB0582D3F86F
:1011B0001CA0BDF920100FFA8BF00FFA82FC0B4A2D
:1011C000924566D1D3F840A06246094B009048464C
:1011D0009A4501970B46099927D1FFF7E9FBD9F802
:1011E0000030BEE7ADE60000B1E6000065E90000B2
:1011F00095E80000081300201BFB0582D3F81CA013
:10120000BDF920100FFA8BF00FFA82FC414A92458B
:1012100049D1D3F840A062463F4B009048469A45DA
:101220000B46069901910999D7D0D047D9F80030DB
:1012300097E7DDF81CC0089A0CF1010CDDE90AEA19
:101240001FFA8CFC96440C9A62457FF46AAFCA463A
:10125000039ADDF81890DDF810B04A450E9E3FF471
:101260000AAFBBF1000F2DD01C6A50462B4ACDF8B7
:1012700000909442BDF930100D9A08BF9C6B082372
:10128000A047DAF80030F6E6504613B0BDE8F04F5C
:1012900018470B4600906246099948460197D04787
:1012A000D9F800305DE70B4606990090624601913F
:1012B00048460999B9E7069B62464846D047D9F89F
:1012C00000304EE70899059A0298D500DC6901EBD9
:1012D0008102821808B211B20E4A944211D11C6CDC
:1012E0000D4B0D9A9C4203465046CDE900590DD155
:1012F000FFF75EFBDAF80030BDE69047DAF8003021
:10130000F0E603460D9A5046CDE90059A047DAF8B9
:101310000030B0E665E9000095E80000C5E6000091
:10132000036AF0B587B0002B55D00A2946D00D29A5
:101330004ED01A7A91424BD393F80AC08C4547D3CA
:101340008A1A5C68D2B204EBC204E27894F802C054
:101350006AB3BCF1000F2AD0C27EB0F910E0057E5E
:10136000B0F91260477E8AB194F905209444B0F92F
:101370000C2005FB0CEC944508DD4FF0000EA0F8A6
:1013800010E01B7B03FB07631EB243820B46324611
:1013900071460590CDE90257B0F816C0CDF804C0EB
:1013A000B0F814C0CDF800C0FFF7A8FD059821796A
:1013B000038A027E01FB0233038209E04FF0000C36
:1013C000428A417EA0F810C01B7B01FB03234382AD
:1013D000012007B0F0BD0A2932D00D29F8D0C57E12
:1013E000B0F910C090F818E0B0F91220447E65B151
:1013F0000625B0F90C601EFB05C5B54205DD02EB04
:10140000C4029C46038212B2428203940B46CDF87A
:1014100008E06146B0F816C00590CDF804C0B0F8F9
:1014200014C0CDF800C0FFF769FD0598037E028A5D
:1014300003EB430302EB43030382012007B0F0BD3B
:10144000428A417E038202EBC1034382012007B03E
:10145000F0BD00BF01294FF0000338BF012161F347
:10146000070361F30F230383704700BF30B590F883
:1014700068308E46090AB3B9A2B1436B5FFA8EFE9B
:10148000501E1B685966DA6D12F4F81FFBD05A6FB4
:10149000C3F864E0DA6D12F4F81FFBD001385A6F1C
:1014A000451CEFD130BD012B24D05FFA8EFC614585
:1014B0003DD0002AF6D0531E1FFA8CF511E01160C2
:1014C000826C446D1460426C446D1460426B156014
:1014D000826C013B446D1460426C446D14605A1C74
:1014E000E0D090F85FC0426BBCF1000FE7D0A2F8EB
:1014F00000E0EDE7002AD5D002F1FF3C7246102350
:101500001404816C03F1FF334FEA42024CBF846B39
:10151000C46B9BB22160016CC46C0C60416CC46CE8
:101520000C60002BECD1BCF1010CE7D230BD90F87F
:101530005F30D0F834C07BB95200CCF80010002ADC
:10154000B0D0531E826C013B416D1160416D426C05
:101550001160591CF6D130BDACF800E0EFE700BFD8
:1015600090F96A30002B02DB436A026E1A6090F831
:10157000683003B17047426BD37C002BFAD0D80798
:1015800004D5906A4FF0E021C1F80001990704D515
:10159000D06A4FF0E021C1F80401580704D5106B60
:1015A0004FF0E021C1F80801190704D5506B4FF046
:1015B000E021C1F80C01DB06DCD5926B4FF0E02393
:1015C000C3F81021D6E700BF70B5002A84B0BDF87B
:1015D000206006DB1C461D46B0F90E30934200DD4C
:1015E0000CB904B070BD002C05DAA3B20131194466
:1015F0005B4209B21DB2B0F90C308B42F1DD1FFA2B
:1016000081FE0EEB050404F1FF3C0FFA8CFCBCF1EB
:10161000000FE6DB002902DA25B24FF0000E016868
:10162000634592B24C6D15DCA3EB0E034FF0010C39
:1016300071469BB2CDF800C0CDE90203A047039BE1
:1016400002981AB2002BCCD0314604B0BDE87040ED
:10165000FFF70CBF0123029071460093ABB2A04785
:101660002A460298F0E700BF70B5002984B0BDF8A3
:10167000206006DB1C461D46B0F90C308B4200DDB5
:101680000CB904B070BD002C05DAA3B201321A44C3
:101690005B4212B21DB2B0F90E309342F1DD1FFA77
:1016A00082FE0EEB050404F1FF3C0FFA8CFCBCF14A
:1016B000000FE6DB002A02DA25B24FF0000E0268C6
:1016C000634589B2546D11DCA3EB0E03724603909F
:1016D0009DB201230095A04703982AB2002DD0D0D7
:1016E000314604B0BDE87040FFF7C0BEABB27246F1
:1016F000039000930123A0472A460398F0E700BF18
:101700002DE9F04F85B0BDF93850BDF83C80002B75
:1017100043D0002D41D0002B1C4641DBB0F90C30EA
:101720008B423ADD002D46DBB0F90EC0944534DD26
:1017300014FA81F61FFA81F906F1FF3E0FFA8EFEC8
:10174000BEF1000F29DB97B2BA462F44BB46013FDA
:101750003FB2002F21DB002902DA34B24FF000093A
:10176000002A03DA0FFA8BF54FF0000A73452DDDDE
:10177000A3B2BC452FDDAAB2009249460668524684
:101780000390766DB04704FB05F232B141460398F1
:1017900005B0BDE8F04FFFF769BE05B0BDE8F08FBA
:1017A0009CB20131B0F90C302144644209B224B238
:1017B0008B42F2DDB6E7ADB20132B0F90EC02A4479
:1017C0006D4212B22DB29445E7DDB1E7A3EB0904F7
:1017D000A3B224B2CDE7ACEB0A0C1FFA8CF20FFADD
:1017E0008CF5C9E790F86820034642B190F96A2069
:1017F000002A03DB826A036E13607047704700B5EE
:1018000083B0406BD3E90E120193FEF759FD019BA3
:1018100093F96A20002A02DB9A6A1B6E136003B0F8
:1018200000BD00BF2DE9F0431C4685B01E460B1ECF
:10183000BDF8307004DBB0F90C10994200DD14B92A
:1018400005B0BDE8F083002C05DAA1B201320A44EC
:10185000494212B20EB2B0F90E109142F0DD16FA02
:1018600082FE1FFA82F80EF1FF3C0FFA8CFCBCF1ED
:10187000000FE5DB002A03DA0FFA8EF64FF00008BE
:1018800061452BDD1FFA86F90446054600682049AC
:1018900042698A4231D194F868202AB395F96A20C6
:1018A000002A02DBAA6A296E116099B2CDF8009075
:1018B0004246446D01232846A04726B132463946A8
:1018C0002846FFF7D3FD2B682846124ADB6A93426D
:1018D00019D105B0BDE8F043FFF742BEA1EB080106
:1018E0001FFA81F90EB2CFE704F13400039307C861
:1018F000FEF7E6FC2068039BD0E720460393904761
:101900002068039BD1E705B0BDE8F043184700BF4E
:10191000C9F6000045F400002DE9F043002A85B027
:10192000BDF8307006DB1C461E46B0F90E309342FF
:1019300000DD14B905B0BDE8F083002C154605DACA
:10194000A3B2013119445B4209B21EB2B0F90C30A6
:101950008B42EFDD16FA81FC1FFA81F90CF1FF32A0
:1019600012B2002AE6DB002903DA0FFA8CF64FF0F8
:10197000000993422FDDB3B2044680460068224935
:1019800042698A4235D194F868204AB398F96A20AE
:10199000002A04DBD8F82820D8F8601011604FF036
:1019A000010CAAB24946CDF800C0406D044640463D
:1019B000A04726B1324639464046FFF757FDD8F8D2
:1019C00000304046114ADB6A934218D105B0BDE8A9
:1019D000F043FFF7C5BDA3EB090293B216B2CBE704
:1019E00004F13400039307C8FEF76AFC2068039BE8
:1019F000CCE72046039390472068039BCFE705B0D0
:101A0000BDE8F043184700BFC9F6000045F40000E8
:101A10002DE9F04F85B0BDF93850BDF83C80002B62
:101A20005ED0002D5CD0002B1C465CDBB0F90C3086
:101A30008B4255DD002D61DBB0F90EC094454FDDC2
:101A400014FA81F61FFA81F906F1FF3E0FFA8EFEB5
:101A5000BEF1000F44DB97B2BA462F44BB46013FAC
:101A60003FB2002F3CDB002902DA34B24FF000090C
:101A7000002A03DA0FFA8BF54FF0000A73454FDDA9
:101A8000A3B2BC4545DD1FFA85FB06460746006844
:101A90002F4942698A4255D196F86820002A44D0DD
:101AA00097F96A20002A02DBBA6A396E1160524641
:101AB000CDF800B04946466D3846B04704FB05F204
:101AC0001AB141463846FFF7D1FC3B683846214AF7
:101AD000DB6A934232D105B0BDE8F04FFFF740BD5D
:101AE00005B0BDE8F08F9CB20131B0F90C30214453
:101AF000644209B224B28B42F2DD9BE7ADB20132FF
:101B0000B0F90EC02A446D4212B22DB29445E7DD01
:101B100096E7ACEB0A0C1FFA8CFB0FFA8CF5B4E7D6
:101B2000A3EB090293B214B2ABE706F134000393BE
:101B300007C8FEF7C5FB3068039BB1E705B0BDE8F9
:101B4000F04F18473046039390473068039BAEE749
:101B5000C9F6000045F4000070B582B012B209B2B7
:101B600004469DF918509DF91C600193FFF786F813
:101B70001A481B4A1B4984F86B5062632A01019B77
:101B800000EB05152160002184F8696084F86A3053
:101B90008B4284F86810A4F8701082586167ED6871
:101BA000E166656602F1840502F18802C4E90B5220
:101BB0000DDB1A0100EB031382582046DB6802F1AB
:101BC000840588322366C4E9095202B070BD2046FC
:101BD0002166C4E9095202B070BD00BFCC1D0020CF
:101BE000B02800209018002070B5554B044690F99D
:101BF0006A0082B0002914BF0E461E461546002812
:101C000008DB0121C0B201F03FFA012194F86A001B
:101C100001F006FA012194F86B0001F035FA012178
:101C200094F86B0001F0FCF994F86830D3B92907F7
:101C3000606B25644CBF434B07236A07424A48BF89
:101C400043F08043C4E90E63404B984218BF904272
:101C50004FD03F4B98424CD094F96900002829DAC4
:101C600002B070BD012B4CD094F85F30E26B002BBA
:101C700042D0636B4FF6FF70002110801980012164
:101C800094F85D0001F000FA94F85D00012101F084
:101C9000C7F994F95E000028DEDB0121C0B201F033
:101CA000F3F994F85E00012101F0BAF994F96900A2
:101CB0000028D5DB0121C0B201F0E6F9012194F83A
:101CC000690001F0ADF9642001F02AF9002194F8CF
:101CD000690001F0A5F9642001F022F994F8690087
:101CE000012101F09DF9C82002B0BDE8704001F06B
:101CF00017B9FEF74FFCAFE7FF211160626B13606D
:101D0000BDE7194694F85400019301F0BDF9002194
:101D100094F8540001F084F9019994F8560001F008
:101D2000B3F994F85600002101F07AF994F95500BE
:101D3000002891DB0021C0B201F0A6F98CE700BFBA
:101D40000024F4000700008000290020B0280020B3
:101D50005029002090F8683043B9436B1A685166E7
:101D6000D36D13F4F81FFBD0536F7047012B0BD0CA
:101D700090F85F20436BF2B11980836C426D1A605A
:101D8000436C426D1A607047082310B40C06826CD5
:101D900003F1FF334FEA41014CBF846BC46B13F076
:101DA000FF032260026CC46C1460426CC46C14604B
:101DB000ECD110BC70471960DFE700BF0368314AFF
:101DC0005B69934270B504460D4656D190F8683071
:101DD000002B4DD094F96A30002B02DBA36A226EEF
:101DE0001A60D5B194F87010236B2046626E1A60A9
:101DF000FFF7B0FF2368E26A616EDB6A1160224A76
:101E000093423CD194F96A30002B02DB636A226E64
:101E10001A6094F868301BB170BD94F87110E3E754
:101E2000626BD37C002BF7D0DD0704D5906A4FF0AE
:101E3000E021C1F800019C0704D5D06A4FF0E021F1
:101E4000C1F80401580704D5106B4FF0E021C1F828
:101E50000801190704D5506B4FF0E021C1F80C01BF
:101E6000DB06D9D5926B4FF0E023C3F8102170BD8B
:101E7000343007C8FEF724FAACE79847B1E7BDE86D
:101E800070401847C9F6000045F40000426E08B5DE
:101E9000036B1A60FFF75EFFC36A426E1A6008BDEB
:101EA00090F8683083B9436B0A0A1B685A66DA6D8A
:101EB00012F4F81FFBD0C9B25A6F5966DA6D12F4EA
:101EC000F81FFBD05B6F7047012B0BD090F85F20A1
:101ED000436BF2B11980836C426D1A60436C426DA2
:101EE0001A607047102310B40C04826C03F1FF33A6
:101EF0004FEA41014CBF846BC46B13F0FF032260B7
:101F0000026CC46C1460426CC46C1460ECD110BCE4
:101F10007047C1F30F221A60836C426D1A60436CE4
:101F2000426D1A60436B1960D5E700BF002909DBD9
:101F300070B5B0F90CE082B08E4501DD002A02DAFE
:101F400002B070BD7047B0F90EE09645F8DD1E4650
:101F50000123044692B2009389B205686D6DA847CB
:101F60003146204602B0BDE87040FFF799BF00BF80
:101F7000F0B51C460B1E85B005DBB0F90CE09E45A4
:101F800001DD002A01DA05B0F0BDB0F90E10914272
:101F9000F9DDD0F800C016461D492746DCF81420AC
:101FA000044605468A4228D190F86820E2B195F9A6
:101FB0006A20002A02DBAA6A296E116099B2012305
:101FC000B2B228460093DCF85440A0473946284670
:101FD000FFF766FF2B680F4ADB6A934213D105B007
:101FE000BDE8F040FFF7BCBA3430039307C8FEF7F2
:101FF00067F9D4F800C0039BD9E703939047D4F85E
:1020000000C0039BDAE705B0BDE8F040184700BF09
:10201000C9F6000045F40000F8B51F4690F8683096
:1020200004460D461646002B5DD094F96A30002B0D
:1020300002DBA36A226E1A60236B2946626E204679
:102040001A60FFF787FEE36A626E1A60C7B1002567
:1020500006E0013516F8011BFFF77CFEBD420FD0EC
:1020600094F868302046022BF3D194F85F30002BAF
:10207000EFD0013536F8021BFFF712FFBD42EFD15A
:1020800094F96A30002B02DB636A226E1A6094F8BE
:10209000683003B1F8BD626BD37C002BFAD0DD074A
:1020A00004D5906A4FF0E021C1F800019C0704D5E7
:1020B000D06A4FF0E021C1F80401580704D5106B35
:1020C0004FF0E021C1F80801190704D5506B4FF01B
:1020D000E021C1F80C01DB06DCD5926B4FF0E02368
:1020E000C3F81021F8BD343007C8FEF7E9F89CE7C3
:1020F0002DE9F041984690F8683004460D461746A1
:10210000002B3AD094F96A30002B02DBA36A226ECE
:102110001A60236B2946626E20461A60FFF71AFE8A
:10212000E36A626E1A60B8F1000F1AD0002607E069
:10213000013615F8011BFFF70DFE46452F4610D05E
:1021400094F868303D462046022BF1D194F85F3078
:10215000002BEDD0013637F8021BFFF7A1FE4645F4
:10216000EED194F96A30002B02DB636A226E1A60AA
:1021700094F8683033B1BDE8F081343007C8FEF719
:102180009FF8BFE7626BD37C002BF4D0DD0704D54A
:10219000906A4FF0E021C1F800019C0704D5D06A95
:1021A0004FF0E021C1F80401580704D5106B4FF03F
:1021B000E021C1F80801190704D5506B4FF0E02168
:1021C000C1F80C01DB06D6D5926B4FF0E023C3F8C3
:1021D0001021D0E790F8683003BB436B0A0E1B68F0
:1021E0005A66DA6D12F4F81FFBD0C1F30742586F3C
:1021F0005A66DA6D12F4F81FFBD0C1F30722586F4C
:102200005A66DA6D12F4F81FFBD0C9B25A6F5966DC
:10221000DA6D12F4F81FFBD05B6F7047012B10B41E
:1022200019D090F85FC00B0C426BBCF1000F28D0A6
:10223000D0F848C01380436DCCF80030436C426D39
:102240001A60436B1980836C426D1A60436C426D57
:1022500010BC1A60704720230029826C03F1FF3301
:102260004FEA4101B4BF846BC46B13F0FF032260DB
:10227000026CC46C1460426CC46C1460ECD110BC71
:1022800070474FEA116CC2F800C0826C446D146054
:10229000426C446D14600A0A446B2360836C446D85
:1022A0001C60436C446D1C60436B1A60836C426D10
:1022B0001A60436C426D1A60436B1960C3E700BF3C
:1022C00001F003010023B0F97E20022900B583B09C
:1022D00081768DF80730B0F9803028D0032917D0E7
:1022E00001292FD04FF0C00C90F87810C38190F8DE
:1022F000793082818DF807C0A0F86C10A0F86E309C
:1023000001230DF107023621FFF786FE03B000BD61
:102310004FF0600C90F87C10838190F87830C28187
:102320008DF807C0A0F86C10A0F86E30E8E790F8C0
:102330007BC090F87C108281C381A0F86CC0A0F8AB
:102340006E10DDE74FF0A00C90F87910838190F8C3
:102350007B30C2818DF807C0A0F86C10A0F86E30F9
:10236000CEE700BF10B59C4682B004460B460092F3
:10237000F0214FF4A072CDF804C000F0EFF8044A49
:102380004FF0000320462260A4F87B3002B010BD5D
:10239000F018002030B585B00D4680F87A30002165
:1023A0000192044600F01CF9019AF02DA2F1F0030D
:1023B000B3FA83F34FEA53132ED16BB34FF00001FE
:1023C0004FF4A043A4F87B10A4F87830A4F8802040
:1023D00020462749A4F87E5000F0DAF82368254A01
:1023E0001B6B93423DD194F879300022D4F87E00E3
:1023F000C02194F878508DF80F103621A2760DF197
:102400000F02A4F86E300123E0602046A4F86C505F
:10241000FFF702FE05B030BD872D09D143B142F66A
:10242000350142F63403A4F87810A4F87B30CDE7E8
:10243000D2F5A0734FF0000048BF0133D5F1F00191
:1024400048BF0131C3F34703C1F3470184F8793032
:1024500061F3070084F8781063F30F20A4F87B0081
:10246000B4E70021204605B0BDE83040184700BF62
:10247000581F0060A5010100064B42F2210200290D
:1024800018BF0B46A0F8702090F87A2019464367D1
:10249000FFF7AABB0048E801B0F86CC0614489B2FC
:1024A0000B44013B70B543EA0145B0F86E30044679
:1024B0002A211A44BDF8103092B21344013B43EA7A
:1024C0000246FFF7E3FC29462046FFF783FE20463D
:1024D0002B21FFF7DBFC31462046FFF77BFE204631
:1024E0002C21BDE87040FFF7D1BC00BF01F0030113
:1024F000002390F87820022990F879C000B583B0C5
:1025000081768DF807301CD0032911D001291DD008
:1025100062F30F03C0216CF31F438DF80710C366ED
:1025200001230DF107023621FFF776FD03B000BD50
:102530006CF30F03602162F31F438DF80710C3662D
:10254000EEE7A0F86C20A0F86EC0E9E7A023A0F8A1
:102550006E20A0F86CC08DF80730E1E710B582B0AE
:1025600004469DF910C0CDF800C09DF914C0CDF807
:1025700004C0FFF7F1FA0023044A2046A4F878309B
:1025800084F87A30226002B010BD00BF50190020DC
:102590002DE9F8430D7805B307464C1C013D94F82E
:1025A000019004F102082178384609F07F0642467E
:1025B000334608EB0604FFF79BFD19F0800F08D0A7
:1025C00018F806000134FF2808BF4FF4FA7000F035
:1025D000A7FC013DEDB2FF2DE1D1BDE8F88300BFBE
:1025E00038B5036804460D4A0D461B6D934211D160
:1025F0000B4942F2210390F87A204167A0F870302D
:10260000FFF7F2FA2DB129462046BDE83840FFF722
:10261000BFBF38BD00219847F4E700BF5D0301004C
:102620000048E801EFF3108272B6437F33B9017FAF
:10263000012907D0032911D0012343770AB962B6D3
:1026400070477047DFF868C0DCF80010F9B1164930
:1026500043610B68086083615861EDE700B5DFF8FE
:1026600054E01249DEF800C0BCF1000F16D04361FF
:102670000B68836158614FF0E0234FF0805C086085
:10268000C3F804CD0123437702B962B600BD064BFF
:10269000CCF800001860C0E90511CDE7C0E905CC11
:1026A000CEF80000E7E700BFC0630020B863002059
:1026B000B4630020BC63002070B5EFF3108272B6E3
:1026C0000C4C206880B10C4E00254369236073B127
:1026D0009D6102B962B6836845779847EFF310822F
:1026E00072B620680028F0D102B962B670BD3360BE
:1026F000EFE700BFBC630020B8630020FFF7DCBF3A
:102700000449054A4968054B196013680133136091
:10271000704700BF001000E0946B0020906B002019
:10272000014802F093BA00BFB02900200120704791
:10273000012A70B508BF0A228AB005461E4659B361
:102740004FF0210C01E05FFA84FC0CF1FF34B1FB87
:10275000F2F302FB131EBEF1090F0EF1370098BF12
:102760000EF130000DEB0C0E914219468EF804006C
:10277000E9D23EB10CF1FF3C2D225FFA8CFC0DEB4F
:102780000C031A712B6801A9CCF1220228465B6860
:10279000614498470AB070BD30234FF0210C8DF88A
:1027A0002530E6E72DE9F0410C46C9B1E2B1064615
:1027B00001EB020800250D4F02E0444505440CD012
:1027C0003368013401201B68BB42F6D014F8011CA9
:1027D0003046984744450544F2D12846BDE8F0818B
:1027E0000D462846BDE8F0811546F6E711060100C2
:1027F000002903DB00230A22FFF79ABF49422D2359
:102800000A22FFF795BF00BF00B5036883B040F60A
:102810000D2C022201A95B68ADF804C0984703B0F3
:1028200000BD00BF044B022888BF0346D3F800C098
:102830001846DCF804301847A02900200EB400B573
:1028400082B003AA52F8041B019204F00BF902B003
:102850005DF804EB03B0704732B90368044A1B68A3
:10286000934203D101207047FFF762BFC9B21847F6
:1028700011060100B4EE400B70B5F1EE10FA86B00F
:10288000864680F18280B0EEC07B9FED486BB4EE4F
:10289000467BF1EE10FA6CDC9FED467BB4EEC70B85
:1028A000F1EE10FA5CDC9FED457BB4EEC70BF1EE68
:1028B00010FA55D4B5EEC00BF1EE10FA61D4002336
:1028C000B6EE007B002964D04FF0000C9FED3D6B0D
:1028D0000CF1010C27EE067B6145F9D130EE070BB8
:1028E0000C460A2270467646FCEEC07BB8EE676B5B
:1028F00017EE901A30EE460B8DED000BFFF718FF28
:102900000F2C21464FF02E0328BF0F2105468DF8CE
:1029100008300DF10903481EB2EE046B02AA53FA07
:1029200080F09DED000B20EE060BFCEEC07BCDEDA4
:10293000007A9DF8003007EE903A3033B8EEE77B2E
:1029400002F8013F904230EE470BECD133684A1C4D
:10295000304602A95B68D2B29847284606B070BDDF
:10296000DEF80030032219495B6806B0BDE870400C
:1029700018470368032216495B6806B0BDE870403B
:102980001847B1EE400B01239AE70368032211496F
:10299000EAE730EE070B0A227046FCEEC07B17EE2A
:1029A000901A06B0BDE87040FFF7C2BEFFFFFFFF00
:1029B000FFFFEF7F000000E0FFFFEF41000000E0BD
:1029C000FFFFEFC19A9999999999B93FC40F0020D7
:1029D000C00F0020BC0F002008B1014B18607047E9
:1029E00040620020884200DB7047DFF86CC0091AA3
:1029F000DCF8003003B3164A00B582FB032EDA1769
:102A00009E44C2EB2E42DFF854E00EFB1233DFF897
:102A100050E00EFB02F244F2A71E0EFB0322002A36
:102A200013DA6FF00043D318CCF80030B3FBF1F2A7
:102A300001FB1233184400BD064BB3FBF1F2CCF896
:102A4000003001FB1233184470471346ECE700BF17
:102A50005F0B4E8342CE0C1F406200201DF301002D
:102A6000ECF4FFFF0022C0E90022826061B110B5E2
:102A700082B000900846019104F0F0FA009B0446F1
:102A800018B9184602B010BD7047013003F0C4F900
:102A9000009B0028F5D00022019918600270C3E95C
:102AA000014404F01BFA009B184602B010BD00BFA1
:102AB00010B50446006803F0B7F9204610BD00BF0A
:102AC00030B5144683B00346026834B902B11470BD
:102AD000002218469A6003B030BD0D4641688C4212
:102AE0000DD90090611C104603F088FC009B024643
:102AF00078B19968C3E9000409B901701A689C604B
:102B000029461046009304F0E9F9009B184603B0EB
:102B100030BD186830B1CDE9002303F085F9DDE957
:102B200000231A6000221846C3E9012203B030BD19
:102B300010B5044682B059B10846019104F08EFAEE
:102B4000019902462046FFF7BBFF204602B010BDA8
:102B50008160204602B010BD2A284AD8264B70B5A5
:102B60001B780646E3B9254B9B5DFF2B2AD0244AF0
:102B700002EB061291680A6802F44050B0F5805FDB
:102B800031D01C0620D41F4C2360236AD80704D4FC
:102B900001F032FD236AD907FAD51A4B586A70BD85
:102BA000184C194D01E001F027FDA36C1B06FAD467
:102BB000AB6C13F08003F6D10F4A13700F4B9B5D83
:102BC000FF2BD4D1002070BD0F4C03F07F03236096
:102BD000236ADA0704D401F00FFD236ADB07FAD574
:102BE000094B586A70BD22F480521C060A60EBD46F
:102BF000C9E70020704700BFD76C0020A821002043
:102C0000CC1D002000400C4000800C40A94AAA4B7B
:102C100090422DE9F047A94CD3F814E09969D4F813
:102C20000CC000F2088103F1437303F5F45303333E
:102C3000A3FB0023DB0D03EB830303EB830202F210
:102C4000B63240F227639A4228BF1A469C4BA3FB38
:102C50000232D208203A984D0CF01F04D5F880308B
:102C6000944243F0C003C5F880300BD22CF01F0C07
:102C7000924C4CEA020CC4F80CC02368002BFCDA1E
:102C80000CF01F041EF0007327D18E4D2E698E4D5F
:102C9000B54300F0FA8081F4805576464FF48057B2
:102CA00016F0605F06D02EF0605E4EEA030E824B97
:102CB000C3F814E015F4405F07D021F440517E4D75
:102CC0003943A961AB6C1B07FCD44EF0007E7A49F6
:102CD000C1F814E08B6C9F06FCD47C49884200F25A
:102CE000DF80012635460EE0082D0CD1042E00F2BF
:102CF00091800136022506FB00F38B4200F2C3806F
:102D00005B008B4206D8013506FB05F300FB03F39D
:102D10008B42E9D9771E05F1FF384FEA872A8EEA00
:102D200087276B4959186B4B99427CD9DFF8E4919E
:102D30006C2369486349B0FBF5F0684DB0FBF6F0D1
:102D40000E6835404D4508D043F400534FF480558C
:102D50000D600B600B68002BFCDA57490B6903F020
:102D60000703434504D0C1F810808B6CDE03FCD40C
:102D700017F4E05F0BD02EF4E05E0AF4E0534E4906
:102D800043EA0E0EC1F814E08B6C9D07FCD4544D41
:102D9000544945198D4239D8534BED09A3FB0535EC
:102DA0002D0B6B1E1B028EEA030111F4407F07D02E
:102DB0002EF4407E03F440733F4943EA0E034B6117
:102DC0003D494B6923F000734B618B6C9B06FCD42F
:102DD000464BA242A3FB00134FF0FF314FEA93434F
:102DE000B0FBF5F5B1FBF3F34149086041490D60D3
:102DF00041490B6008D22CF01F0C30494CEA02020A
:102E0000CA600B68002BFCDABDE8F0874FF4407312
:102E10000425C8E7771E2E494FF007084FEA872A96
:102E200059188EEA8727294B99421CD8DFF8E89079
:102E3000362332487EE7324B984201D80E220AE709
:102E4000304B984228D9304A904227D9821A2F4BCA
:102E5000120AA3FB0232D20902EB820202EB8202C7
:102E600002F2E242EDE6A3F182532948DFF8AC908A
:102E7000A3F589337E3BA3FB01310B0D03FB00F06F
:102E800043EA090956E7012544E71F468EF0C0567C
:102E90000D464FF0C05303E70F22DCE61222DAE6BC
:102EA000012603464FF0000A77464FF000083546EA
:102EB00037E700BF001C4E0E00C00F400000084066
:102EC0001F85EB5100800D4040300080FFB19F26F0
:102ED000808D5B00FF7EF64D00643F4D7F300180AA
:102EE0007FD1F0087F17B42C9F10E50083DE1B43D1
:102EF000AC280020A82800200C6B002000B29F26E0
:102F0000FF0A6B1B00A4781F0046C32323B24C00AA
:102F1000001BB7006C20008036200080002000805D
:102F200000B970472DE9F84F01218146224C234E0C
:102F3000234D54E8003F3268286844E80013002B12
:102F4000F7D120494B684FF47A7BDFF87CA01B1A3D
:102F500001270BFB02F8DAF80020A2FB03235B45F4
:102F600094BF9844D84454E8003F3268286844E845
:102F70000073002BF7D14B68DAF800C01B1A0BFB6B
:102F800002F2ACFB03C3B3F57A7F94BFD21802F50B
:102F90007A72A2EB0802B2F57A7F08D3B9F1010F79
:102FA00008F57A7809F1FF39DDD1BDE8F88F01F035
:102FB00023FB0449D7E700BF986B0020946B0020E7
:102FC000906B0020001000E00C6B002010B50F4B40
:102FD0004FF0010C0E4CDFF844E053E8002F20685E
:102FE000DEF8001043E800C2002AF6D1094B5B6806
:102FF000094A5B1A4FF47A71126801FB00F0A2FBD8
:1030000003238B4294BFC018401810BD986B00205A
:10301000946B0020001000E00C6B0020906B0020EF
:10302000362812D802010C4B03EB00109B58C268E3
:10303000D3F804C01CEA020F03D039B1C3F88420CE
:103040007047836829B9054A1A607047C3F8882019
:103050007047034A1A607047CC1D002038300100C9
:1030600038F0010036280BD8064B020103EB0010A4
:103070009A58C36892681A4214BF01200020704712
:1030800000207047CC1D0020362831D802011B4B90
:10309000012903EB00109B5800B55A68D0E902ECF7
:1030A00012D0042910D022EA0C025A60C9B10229B8
:1030B0001FD003294FF015020CBF114B114BCEF856
:1030C000003043681A6000BD42EA0C0201295A60D0
:1030D00007D040F63803CEF80030436815221A6056
:1030E00000BD38231522CEF8003043681A6000BDB9
:1030F0007047054BCEF80030EFE700BFCC1D002035
:10310000383001003800010038F0010010B4134AD3
:103110000020134B0121134CDFF84CC0C2F8F032F1
:10312000C2F8F402C2F8B810C2F8A000C2F8A44075
:10313000C2F8B0105369DB07FCD551619CF8003030
:10314000DB07EFD41368054943F0010313600B68F4
:10315000DB07FCD462B610BC704700BF00802A4079
:103160000504012401000F0000812A4010B5DFF89A
:1031700040E04FF6FF7C0C480EF17E04A0F5805332
:10318000002203E0834202F1010203D219880233D4
:103190006145F7D12EF8022FA64500F58050EDD1FC
:1031A000024B01221A7010BD00107C60DF6C002001
:1031B0000E6B002041F2BB03984238D81D4B10B56E
:1031C0001B7882B05BB382081B4BDFF874C0A3FB93
:1031D0000213D11A03EB510318495B09C3EB831E99
:1031E0001C46A2EB0E033CF813C059184FEA4C0CD6
:1031F0000A030CEB013CBCEB013F15D900F0030EB8
:10320000FF204EEA840E134602321B88D9B21B0AF5
:103210008E4508BF18469445F5D802B010BD019000
:10322000FFF7A4FF0198CEE7FF2002B010BDFF20FA
:10323000704700BFDF6C002005411004C007060086
:10324000106B002030B583B072B6334B40F20645A8
:10325000324C9C610224DC610024C3F8A040C3F816
:10326000F0528518C3F8F442C3F8F842C3F8FC42A0
:103270004FF47024C3F8A4400124C3F8B04020F0F8
:103280001F03BFF34F8F4FF0E024C4F85C3F20339F
:103290009D42FAD8BFF34F8FBFF36F8F1E4D6B69FE
:1032A000DC07FCD50123DFF87CC094B220F07F401E
:1032B0006B6144F47024C5F8F0C242F2012CC5F8E9
:1032C000F4C2C5F8BC30C5F8A000C5F8A440124C43
:1032D000C5F8B03001E05B060AD4636913F001055C
:1032E000F9D04123636103B0BDE83040FFF70EBF62
:1032F000082A0DD842B10A48CDE9001200F0C0F901
:10330000DDE9001211442A46034B40205861E4E7EE
:10331000A2F108050822EEE700802A40F05AF05A90
:1033200080812A403204180800B5864672B6294BBF
:1033300002212948002298614FF47020D96140F29F
:103340000641C3F8F0120121C3F8F422C3F8F822B1
:10335000C3F8FC22C3F8A020204AC3F8A4000EEA58
:103360000202C3F8B010BFF34F8F02F1200302F541
:1033700080514FF0E02C8B422CBF0121802102EBC9
:1033800041118B42CCF85C2F1A4603F12003F8D18F
:10339000BFF34F8FBFF36F8F0E4A5369D907FCD528
:1033A00001200F490F4B4FF4702C50610EEA0303BC
:1033B000C2F8F0120749C2F8A030C2F8A4C0C2F89F
:1033C000B0004B69DB07FCD501235DF804EB4B61D2
:1033D000FFF79CBE00802A40F05AF05A00F0FFFF31
:1033E0002004180800F0FF0041F2BB03984200F2ED
:1033F0008E80484B2DE9F0471B78C2B00E4605463B
:10340000002B00F08180AB08434F05F00305A7FBBC
:103410000327DA1B07EB5207404A7F0945EA870575
:10342000C7EB8717DF1B3E4B32F81740FB186000D5
:103430004FEA033800EB0330B0EB033F68D9424654
:10344000FF21134602321B885FFA83FC1B0AAC453E
:1034500008BF19468242F4D38E4244D0B4F5006FBF
:1034600044D302AC4FF48072FF21204603F0D2FB1C
:1034700008F1020208F580532A48934294BF0123C1
:103480004FF40063424603EBC7231818400013466D
:1034900002321B888242D9B24FEA13236354F6D119
:1034A0000DF1070966550DF2071A00254C464046F6
:1034B000FFF73AFF14F801CF02220DF1060108EBE5
:1034C0004500631EBCF1FF0FA3EB090306D043EADE
:1034D0000C230135ADF80630FFF7B4FE5445E9D1B1
:1034E0000E4B23F8175042B0BDE8F08702A945EA19
:1034F0000625022201340D80FFF7A4FE074B23F8B6
:10350000174042B0BDE8F087FFF730FE7BE7704719
:10351000FF21A1E7DF6C002005411004106B0020A3
:10352000C007060000003E3062B170B505460C468B
:103530008E182046013415F8011BFFF755FFA642EF
:10354000F7D170BD704700BF704700BF36285CD808
:10355000DFF808C1000170B55CF80030DFF800E169
:1035600073455BD052D8B3F1844F55D0AEF5804E41
:10357000734549D1344E6044344CDFF8E8C0C4F898
:10358000B4C2D0E9015CC0684FF0E02E4FF00054A7
:10359000042ACEF8104137D8D3F814E02EEA000EF2
:1035A000C3F814E04FF0050EC5F800E0DCF800E0C9
:1035B0004EF4803ECCF800E0D3F804C02CEA000CB6
:1035C000C3F804C0DFF8A0C05CF822C090FAA0F2F3
:1035D000B2FA82F246F8221022D0D9690F2A21EAE3
:1035E0000001D96120DC52004FF0030ED9680CFABB
:1035F00002FC0EFA02F221EA020242EA0C02DA604E
:1036000098615A6902435A6170BD7047DFF85CE007
:103610007345F9D10E4EAEE70E4EACE70E4EAAE75B
:10362000DA690243DA61EBE7103A4FF0030E1969E9
:1036300052000CFA02FC0EFA02F221EA020242EAFD
:103640000C021A61DCE700BF882E00200034002045
:10365000882F0020082E0020082F0020CC1D0020DD
:103660000080004221000000D009002000C000427C
:1036700008B5F6F739FEF6F739FC00F0BDFFFAE7BA
:10368000844641EA000313F003036DD1403A41D36D
:1036900051F8043B40F8043B51F8043B40F8043B2C
:1036A00051F8043B40F8043B51F8043B40F8043B1C
:1036B00051F8043B40F8043B51F8043B40F8043B0C
:1036C00051F8043B40F8043B51F8043B40F8043BFC
:1036D00051F8043B40F8043B51F8043B40F8043BEC
:1036E00051F8043B40F8043B51F8043B40F8043BDC
:1036F00051F8043B40F8043B51F8043B40F8043BCC
:1037000051F8043B40F8043B51F8043B40F8043BBB
:10371000403ABDD2303211D351F8043B40F8043B5B
:1037200051F8043B40F8043B51F8043B40F8043B9B
:1037300051F8043B40F8043B103AEDD20C3205D36B
:1037400051F8043B40F8043B043AF9D2043208D063
:10375000D2071CBF11F8013B00F8013B01D30B88D5
:1037600003806046704700BF082A13D38B078DD0B3
:1037700010F003038AD0C3F10403D21ADB071CBF85
:1037800011F8013B00F8013B80D331F8023B20F8EF
:10379000023B7BE7043AD9D3013A11F8013B00F828
:1037A000013BF9D20B7803704B7843708B788370B0
:1037B0006046704701F1FF3C70B566464FF0000E61
:1037C00001E00EF1010EB0FBF2F402FB1403092B31
:1037D00003F1370598BF03F130059042204606F803
:1037E000015FEED201EB0E0300225A70BEF1000F12
:1037F00011D0481C70440CF102021CF8014F10F863
:10380000015DA1EB0C03521A8CF80050013B0470CF
:1038100073449A42EFDB084670BD00BF72B6EFF307
:103820000583524CC4F884301EF0040F0CBFEFF334
:103830000882EFF309824FF0E0234D4DD3F8280DB5
:10384000D3F82C1DC4E92201D3F8341DD3F8383D38
:10385000C4E924139369A83444F8103CD36944F8AC
:103860000C3C00F0CFF804ED020A01F043FB0B23FF
:1038700044F8040C4FF0FF323E4844F8283C2B68D3
:10388000202104355A4042F30003013903EA0003C2
:1038900083EA5202F7D1A542F1D1344BC3F8A820F4
:1038A000BFF34F8F4FF0E0233149334AC3F8701F05
:1038B000C3F8702FBFF34F8FBFF36F8F2F4A0224CF
:1038C0002F48D36E2F4943F44053D3660460D36925
:1038D0002D4823F07F0343F04003D3610B688342FC
:1038E00040D8274D00204FF0E0234FF0FF322860F2
:1038F0000121C5F8080125480C460E46C5F800010F
:10390000C5F80811C3F88021C3F88421C3F88821C1
:10391000C3F88C21C3F8902101E000F073F9D5F8C9
:103920000C31002BF9D04F2CC5F80C6104F10104C7
:10393000F3D9174B022017494FF00042C1F840015C
:103940005A63D5F80C313BB9134814490C4A01634A
:10395000D2F80C31002BFAD04FF0E023104AC3F814
:103960000C2DFEE7FFF752F9BBE700BF00FF272051
:1039700080FF27202083B8EDA0FF272000C00F4044
:1039800000400840AC280020803DCD0B009F240063
:1039900000900D4000002E4000800F40F100AD0B64
:1039A0000400FA05094A08B50346106823B1034428
:1039B00007498B4201D8136008BD03F04DFA0C2271
:1039C00003464FF0FF301A6008BD00BFFC2A0020FC
:1039D00000002820002070474FF0FF30704700BFE4
:1039E0004FF4005300204B60704700BF0120704728
:1039F0004FF0FF30704700BF30BFFDE730BFFDE73D
:103A0000FFF70CBF124AD2F880305B07FBD5D2F823
:103A100080301048C3F30B230F4990ED007A07EE76
:103A2000903A91ED006AB8EE477A0C4AF8EEE77AE0
:103A30000B4BD2ED006A77EEC77A93ED007AB8EEC1
:103A4000477A67EE867A87EEA60A37EE400A704715
:103A500000810D40FC6A0020046B0020086B0020F0
:103A6000006B0020836B70B586460E4610461BB176
:103A7000536843F40043536072B6DEF8342042B317
:103A80001B4B1060D3F8B02132421ED1194C65682F
:103A900005E06268A2EB050CBCF5166F0BD2D3F8FB
:103AA000402142F48042C3F84021D3F8B811D3F842
:103AB00040215204EDD5314007D10D4ACEE9020133
:103AC000D2F8B0313343C2F8B031CEF8340062B628
:103AD00070BD0749CEE90202D1F8B0313343C1F8D5
:103AE000B031CEF83000CEF8340062B670BD00BF01
:103AF00000002E40001000E070B5056B95B12B461C
:103B0000002403E01B680134012B0CD05A68120614
:103B1000F8D5036306462CB12846B36B2D68984749
:103B2000013CF9D170BD00220023C0E90C23F1E76C
:103B300000B501BBDFF8A0C0234B0021234A4FF0A2
:103B4000010E4FF001109960C3F800E0CCE902319A
:103B50004FF0800CC3F804C0C2F8BC01D2F8B031F9
:103B60001B4843EA0E03C2F8B0310160D2F8B0310D
:103B7000002BFBD100BD0904164BDFF85CC04FF0F1
:103B8000010E41F080019860104A596000F58051A3
:103B9000C3F800E0D96000F50051CCF84830196155
:103BA00000F5405100F58040596100219861CCF842
:103BB0004C10D2F8B03143F48033C2F8B031D2F8AF
:103BC000B031002BFBD1B7E72044002000002E408D
:103BD000A86800204044002000000020074901227E
:103BE0000B78824023EA02030B7033B9044AD2F8FF
:103BF000483123F08003C2F848317047E26C00205E
:103C000000002E402DE9F047AB4C82B0D4F844615F
:103C1000F107C4F8446147D5D4F8AC31002B3ED04D
:103C2000A64D4FF00117DFF8AC82C4F8AC31D5E9EE
:103C30000A20D4F8403143F40053C4F84031D4F89A
:103C400040319B04F5D5D4F8403123F40053C4F837
:103C50004031C4F8B471D4F8B43113F00113FAD17F
:103C600091B28446C8F80030B1F5A06F00F08A81A7
:103C700000F28E80B1F5817F00F0A28100F2DB803E
:103C8000802900F07981822903D110F0780300F0B7
:103C90001082C4F8C071D4F8AC31002BC5D1864A6B
:103CA000D2F8BC31002B43D1720614D5824AD2F827
:103CB000AC31C2F8AC31D2F8BC31C2F8BC31D2F868
:103CC000B031002BFBD14FF0FF307D49C2F8B40179
:103CD000D2F884210B60F40103D57A4B1B6803B141
:103CE0009847B00103D5784B1B6803B1984771071B
:103CF00008D5714BD3F8843113F4007315D0734B8E
:103D000001221A706C4BD3F848311A060AD53306D3
:103D100008D56F4A13782BB1013BDBB21370002B2F
:103D200000F0368202B0BDE8F087684A1370E9E718
:103D30006849C2F8BC310868034240F0CC81604A4F
:103D400012681340B0D01C0C5C4D1FFA83F810D0E1
:103D500094FAA4F7B7FA87F705EBC7104030FFF7DE
:103D6000CBFE012303FA07F7BC43F1D1B8F1000FF2
:103D70009AD0012798FAA8F4B4FA84F405EBC41099
:103D800007FA04F4FFF7B8FE38EA0408F2D18BE72B
:103D9000B1F5106F00F0AE803AD840F281639942DD
:103DA0007DD8B1F5D06FFFF474AF4B4B5968002943
:103DB0003FF46FAF1FFA8CFE120C04E019690C334C
:103DC00000293FF466AFB3F800C09445F6D1B3F8CC
:103DD00002C0F445F2D14FEA122C000CBCF1030FE3
:103DE00000F0CC811B89834228BF0346B2F5007FD7
:103DF0009A4640F09C81354B1B78002B40F0C681E1
:103E0000364952463648DFF8D890FFF739FC9FE133
:103E100040F6211E714500F0FD804FF6C003994227
:103E20007FF437AF83B2FF2B3FF633AF43F46E43DB
:103E300063F30F0CB9E740F2A113994200F09080B0
:103E400040F2023399427FF424AF10F0780F7FF4F0
:103E500020AF00F07F02234B000653F822104CBF26
:103E600041F4803141F0010143F8221000211E4B42
:103E7000E96499600121AB64196080210E4A5960A0
:103E80004FF00113C2F8BC31D2F8B03143F48033A3
:103E9000C2F8B031D2F8B031002BFBD1FBE6B1F55E
:103EA000086F7FF4F6AE114B012111481B780370A7
:103EB000FFF73EFEEFE600BF00002E4000000020AE
:103EC000AC680020A46C0020A86C0020E66C0020E8
:103ED000E76C0020A8680020D4210020981F006013
:103EE00000002020C0012E4020440020E56C00206E
:103EF000DC6A00204FEA124CA84A4FF44C01CC2057
:103F000082F800C04FF0CC120193C4F8C411C4F879
:103F1000C801C4F8CC11C4F8D001C4F8D421C4F845
:103F2000D811C4F8DC1100F0A7FA9D4A0121019BC9
:103F3000AA6411608021936051604FF00112EB641C
:103F4000C4F8BC21D4F8B02142F48032C4F8B021C6
:103F5000944AC8F80030D2F8B031002BFBD19AE671
:103F600083B2042B7FF495AE010C8F483F2928BF04
:103F70003F21FFF7DDFD8EE68C4802210380FFF72D
:103F8000D7FD88E68649EB648B600123A9640B604A
:103F900080234B604FF001138249C4F8BC31D4F840
:103FA000B03143F48033C4F8B031D1F8B031002BD4
:103FB000FBD1130C5B0643F08073C1F854316AE601
:103FC00010F0780F7FF465AE00F07F02784B0006AA
:103FD00053F822104CBF21F4803121F0010143F845
:103FE000221000216E4BE96499600121AB641960D5
:103FF00080216C4A59604FF00113C2F8BC31D2F8ED
:10400000B03143F48033C2F8B031D2F8B031002B74
:10401000FBD140E681B204297FF43BAEB0F5820FBC
:104020004FEA1041BFF435AEDFF88CC1CCE9002077
:1040300009B30A04EB605F4B42F08002AB605A6048
:1040400001221A60584A9A60D4F8B01141F0010177
:10405000C4F8B01102F58051D96002F50051196120
:1040600002F5405102F5804259619A614D4AD2F8F9
:10407000B031002BFBD14A4B00214A4A9960E964D8
:104080000121AB64196048F2800159604FF00113BF
:10409000C2F8BC31D2F8B03143F48033C2F8B03149
:1040A0004FF48033C8F80030D2F8B031002BFBD188
:1040B000F1E500F07F013E4A000652F821103B4A2C
:1040C000138031D5C90301D501231370022137486C
:1040D000FFF72EFDDFE5002040F621140860364989
:1040E0000D88A5427FF42BAE898804297FF427AE82
:1040F0002D49324D4C782A498860C5E90210304874
:10410000047001200860802048604FF00111C2F85F
:10411000BC11D2F8B01141F00101C2F8B011D2F8CF
:10412000B0110029FBD10AE6CB07CFD5CCE7B2F519
:10413000E06F7FF466AE234B1B782BBB2249DFF880
:104140008C9052464846FFF79BFA072389F80130C6
:1041500029F01F0309EB0A02BFF34F8F4FF0E02154
:10416000C1F8703F20339A42FAD8BFF34F8FBFF3A4
:104170006F8F16485146FFF7DBFC8CE50B788342C6
:1041800028BF03469A463CE61149D8E70E4938E66F
:104190000520FFF723FD08F051FC00BFE56C00206F
:1041A0002044002000002E4028680020DC6A002007
:1041B000C0012E4040440020C85B002000000020C9
:1041C000D86C0020E66C0020542000600000202005
:1041D000981F00602DE9F043441E83B0062C02D9DD
:1041E00003B0BDE8F083124D90460F46C60105EBC3
:1041F000C0143C2200210190201D994602F00AFDC6
:10420000B8FA88F23904520941EA42710122A951EF
:10421000C4F83890A260B9F1000FE1D00549019BC4
:104220009A400B681A430A6003B0BDE8F08300BFF0
:1042300000000020AC6800202DE9F04300F1FF3EB3
:1042400083B0BEF1060F02D903B0BDE8F0839146FA
:10425000C201124F884602F1400605463C22002169
:10426000F4190193201D02F0D5FCB9FA89FC4FEA3C
:104270000842019B4FEA5C1C42EA4C72BA5101228F
:10428000A363A260002BDFD0054905F110000B6885
:1042900082401A430A6003B0BDE8F08300000020AA
:1042A000AC68002012044FF0010C816042F08002E3
:1042B000C0F800C0C36101F5805C01F54053426065
:1042C00001F5005201F58041C0F80CC08161C0E9E0
:1042D00004237047431E062B00D9704700F1100CD1
:1042E000064B0A4603EBC01000B54FF0010E0EFA64
:1042F0000CF15DF804EBFFF7B5BB00BF40000020F8
:10430000431E062B00D970474FF0010C034B0A46A1
:104310000CFA00F103EBC010FFF7A4BB0000002073
:1043200040687047144B0A22DFF850C0D3F82002CF
:1043300020F07F4000EB800300B55B0085B0604556
:1043400038BF18466946FFF735FADFF834C06B46C8
:104350000022604619780132013341B10A2A20F85F
:10436000021FF7D116228CF8002005B000BD5200C4
:104370008CF8002005B000BD00441F4080969800D6
:1043800008300020002070474FF0FF30704700BF1A
:104390004FF0FF30704700BF704700BF704700BF4D
:1043A000104670470020704730B5164D4FF0E0249E
:1043B00015494FF4003205EB401583B001EBC00105
:1043C000C4F88C210346082228460191FFF76AFFB2
:1043D000019921F01F030831BFF34F8FC4F85C3FF0
:1043E00020339942FAD8BFF34F8FBFF36F8F02206B
:1043F0002946FFF785FF4FF40033C4F80C3103B0B2
:1044000030BD00BF60440020C00020204368C06968
:10441000C3F30E43C3F10803002B1EDD104910B592
:104420000A78104C013224F81030062A12D81446AB
:104430000C700D490C6823440C4C0B6024680C4B29
:10444000985434B10B4B01221A70A0470022094B3B
:104450001A7010BD00242246EAE7FFF7A5BF00BF8F
:10446000E06C0020E86A0020E46A0020AC6C0020C8
:10447000F46A0020DE6C002010B58022002115486F
:10448000002402F0C7FB144823461421224604707E
:104490000120FFF7D1FEC0222146104802F0BAFBEE
:1044A0000F49104A0C70104B104811491C701460D1
:1044B000046002205460946022460C7008210D4B69
:1044C000FFF788FE20460134FFF76EFF062CF9D176
:1044D00010BD00BF20450020E46C00206044002097
:1044E000E06C0020E86A0020E16C0020E46A002013
:1044F000DE6C0020F1220100202968D82DE9F04F60
:10450000344E83B03378002B5CD0DFF8E8A08B46C4
:10451000314C9AF80090314D04EB4914304FD5F8E6
:10452000008001900CE03B78002B4BD12B68A3EB73
:104530000803FA2B44D83378002B43D000F05CF802
:104540002046FFF7EDFE10F08000ECD12549264B08
:10455000387048681B68254D1B0CC3EB031222F012
:104560000042A5FB0252120A4B681B1A9A42FBD862
:104570001F4D5A46019905EB49152846FFF780F86B
:104580005A46002329462046FFF78CFEBFF34F8F83
:104590004FF0E023C3F8705FBFF34F8FBFF36F8F0F
:1045A00001202146FFF796FE09F101090020B9F12B
:1045B000030F88BF81468AF8009003B0BDE8F08FF2
:1045C00001233B704FF0FF3003B0BDE8F08F4FF098
:1045D000FF307047E56C002020450020946B0020E0
:1045E000E36C0020001000E0AC28002011239708A5
:1045F00000012020E46C0020284B2DE9F0411E78BA
:1046000076B1DFF8B08098F800404CB90123B207CA
:1046100088F8003024D4002388F80030730701D4D0
:10462000BDE8F0811E4B1A68002AF9D0EFF305822D
:10463000002AF5D1EFF3108572B6186830B3194C23
:10464000217819BB0122227042691A6012B391616C
:1046500005B962B600258368457798472570DFE77E
:10466000114B1B78002BD6D0104F57F8045F2B68E6
:1046700028461B69984710B16B699B6898470A4B9D
:1046800001341A78E3B29A42EFD8C4E7002DC7D1BB
:1046900062B6C5E7064B1A60DAE700BFE86C002097
:1046A000B4630020CF6C0020D06C0020FC430020BD
:1046B000C0630020D46C002001207047B0F8463061
:1046C000B0F848209BB292B2934202D2013AD01A7B
:1046D0007047416B01390A44D01A7047016972B6BC
:1046E000B0F84A20B0F84C3092B29BB29A423CBF2C
:1046F000806B1218C86AD31A62B6C0F302601844FD
:10470000704700BFB0F84A100246B0F84C3089B28A
:104710009BB2994210D00133906B116B984298BFB5
:104720000023994203D9126AD05CC0B270475B1A69
:10473000526AD05CC0B27047D0F810C072B6B0F800
:104740004A0080B2814201D062B6E4E7DCF82C3046
:1047500013F0E06F03D14FF0FF3062B67047DCF822
:104760001C0000214FF0010C136AC0F30900A2F8ED
:104770004AC0A2F84C105870EFE700BFB0F84AC02A
:104780000146B0F84C301FFA8CFC9BB29C4525D0FA
:10479000013310B5D1F838E09E4515D90A6B1C4697
:1047A0009A4216D90A6AD25CD0B28A6DA1F84C40FE
:1047B0004AB19C451DD3ACEB0303CC6B9C4202D3A6
:1047C000CB6DC2F8883010BD00240A6B23469A4294
:1047D000E8D8486A9A1A825CD0B2E6E76246006975
:1047E00072B6B1F84AC01FFA8CFC624505D062B6B9
:1047F000CEE7E644AEEB0303DFE7C36A13F0E06FF6
:1048000003D14FF0FF3062B67047C069C0F30900B2
:10481000F9E700BF90F8443043B110B50446FFF704
:10482000EBFE94F84430002BF9D110BD704700BF67
:1048300038B54369D3E90312096811422DD00169E3
:10484000044690F844200D4632B1FFF7D5FE94F8A7
:104850004430002BF9D163690021104AA961207E00
:1048600003EB0010007D02EB0010D0F804C005201F
:10487000CCF8000094F819C003EB0C1393F8343013
:1048800002EB0312A36D52681060A4F84A10A4F85A
:104890004C1013B1E26DC3F8842038BDCC1D00204C
:1048A00007EE901A9FED947A0421B6EE005AF8EEC6
:1048B000677A9FED926A41F6FF7CC7EE275A2DE991
:1048C000F04315468E460122046907EE901AF8EE71
:1048D000E77A85EEA77A77EE057AFDEEE77A17EEAE
:1048E000903A6345A8BF6346012BB8BF012307EE8A
:1048F000903AF8EEE76A76EEC76AC6EE877AF5EE8A
:10490000C07AF1EE10FA01D5F1EE677AF4EEC67ACC
:10491000F1EE10FA03D8B0EE676A8E461A460131FE
:104920002129D2D141690023866BB1F85870A0F8D3
:104930004A30F71BA0F84C30A0F84630C763B1F8F6
:104940005A70A0F84830F61B80F844300664D1E96C
:1049500003763B683343AE053B60C5F34023837663
:1049600000F1A580077EDFF8C08101EB0717644BDB
:1049700097F814C0D7F81C9008EB0C1CDCF8086002
:10498000DCF804C03360BB69CCF80030B9F1000F2B
:1049900002D03F6AC9F80070477ED92301EB0717A0
:1049A00097F834C008EB0C1CDCF808603360BF6B70
:1049B000DCF804301F60437E01EB0313DF6B0FB1A3
:1049C0001B6C3B60BEF1080F0EF1FF3CCCBF4FF0FB
:1049D000000E4FF0010E42EA4E434FEA0C6202F025
:1049E000F8521343002223614B7849681033E26088
:1049F000444A42F8231042694FF0010E424905F043
:104A0000030C5778B2F85620404B7A544FF00217F7
:104A100041694A7803EB521302F01F029B000EFA21
:104A200002F21A60E762A36A43F08803A3626B078D
:104A300034D44CF47013AF06827E2AD543F08053F1
:104A4000002A3CD12E07A36103D5236943F000530C
:104A500023616369EA0654BF23F0805343F0805317
:104A60006361EB0503D5236943F4005323618B682D
:104A70006BB1274D2C78002C3CD0264B03EB8401E6
:104A800001E08B422AD053F8042F9042F9D1BDE8BF
:104A9000F083002AD6D043F0A003D3E705F00F033C
:104AA000042B14BF1C4B1D4B4CEA0303C3E7477E8A
:104AB0004FF2D903DFF8708001EB071770E7427EF1
:104AC00043F0A00301EB021292F8342008EB021627
:104AD000B668326822F440423260B3E7611C104A83
:104AE000104B297043F82400137843F0020313702D
:104AF000BDE8F0830121F2E7001BB74BEC78AD6015
:104B000038F001000034002000E400E040380038B4
:104B1000D06C0020FC43002010003C0010003C4002
:104B2000E86C002000440020CC1D0020EFF313802F
:104B3000B8B9EFF310834BB9EFF305823AB94FF4EC
:104B40008073EFF3118050B1984208D270470F2A5A
:104B500002D8EFF311827047034B9B5CF1E71846D4
:104B600070474FF0FF30F1E7F0E300E0036D2DE90F
:104B7000F04188460446066913B1426DC3F88420AB
:104B8000A37E2BB172B6B36943F00053B36162B632
:104B9000B4F84650636BADB20135AB424CD8002738
:104BA0003D46B4F848309BB29D4219D029E0736964
:104BB0001B0210D5B4F84830626B9BB201339A42A5
:104BC00037D91A46E16A99422ED9E169CB5CDBB24A
:104BD000F361A4F84820B4F848309BB2AB4210D13E
:104BE000FFF7A4FF6369B3F856308342DFDAB0F50C
:104BF000807FF0D1FFF700FDB4F848309BB2AB42A4
:104C0000EED0E26AAA4219D9E26902F8058072B6CA
:104C1000012084F84400A4F84670B36943F400030B
:104C2000B36162B6BDE8F0815B1AA16ACB5CDBB20E
:104C3000CEE700221346C5E72F46B2E7AD1AA26AB7
:104C400002F80580E3E700BFFFF790BF02695369F0
:104C500013F4401F70B537D0D36A13F0E06FC3F37D
:104C6000026E2ED0B0F84A40B0F84C30A4B29EB2DA
:104C7000D2F81CC0631CB0F84C10856BCCF3090C47
:104C800089B29D4298BF0023994208D0016B994296
:104C9000A3EB010166D9016A01F803C01C460EF1BD
:104CA000FF3313F0FF0EE3D1836DA0F84A4043B108
:104CB000B4425BD3A41B016CA14202D8C16DC3F8FE
:104CC00084105369DD0248D4D2F818E01EF4000FB6
:104CD00028D053691C0225D5B0F846C0B0F848303A
:104CE0001FFA8CFC9BB206E0C169C95CC9B2D161F4
:104CF000D16A490512D463453CD0446B0133C16A83
:104D00009C4298BF00239942A3EB0104ECD8816A2E
:104D1000095DC9B2D161D16A4905ECD56345A0F8F6
:104D2000483029D01EF4800F16D053695B0213D58A
:104D30000021036D80F8441013B1416DC3F8881051
:104D4000837E2BB172B6936923F00053936162B6F0
:104D5000936923F48003936170BD536943F4801316
:104D60005361B1E7446A04F801C097E7816B891B7E
:104D70000C44A0E7A0F84830936923F40003936142
:104D8000936943F480039361CCE700BF10B500231F
:104D90004FF470440F224FF4806EA0F88C411946F6
:104DA000A0F88E214FF46044A0F890310A46B0F884
:104DB000883148F2B82C43F0F003A0F8883101EBB9
:104DC0004103013100EB431304299C80A3F806E062
:104DD0005A841A865A805A81A3F80EC05A82DA82FF
:104DE0005A83DA83EBD1B0F8883143F00F03A0F88F
:104DF0008831B0F8883143F47063A0F8883110BD71
:104E0000374B384A996F384841F47F0170B599673C
:104E100041F20106D3F8801045F6C05543F226044E
:104E20000A43C3F88020FFF7B1FF00F58040FFF789
:104E3000ADFF00F58040FFF7A9FF00F58040FFF7C8
:104E4000A5FF0022A0F503104FF00F0E114600EB56
:104E500042134FEA421C01329981042A5981A3F876
:104E60000EE09E82DD8020F80C1019829C81EED12C
:104E700000221E484FF00F0E41F20106114645F682
:104E8000C05543F2260400EB42134FEA421C0132A4
:104E90009981042A5981A3F80EE09E82DD8020F8D2
:104EA0000C1019829C81EED1002211480F2641F28C
:104EB0000105114645F6C05443F2260E00EB42139D
:104EC0004FEA421C01329981042A5981DE819D8278
:104ED000DC8020F80C101982A3F80CE0EED170BD34
:104EE00000C00F40000003FC00C03D4000001E4019
:104EF00000401E40074A506A936A19468446506A29
:104F0000936A9942F9D18445F7D1DB0B43EA4040DB
:104F1000704700BF00400D4008B5D0E900325BB1DA
:104F2000BAB10F4BA3FB0213DB0803EB4303B2EB55
:104F300083030AD1012008BD094BA3FB0213DB0840
:104F400003EB4303B2EB830301D0D21A4260F02A91
:104F5000F0D801F081FF1C22034600201A6008BD32
:104F6000ABAAAAAA30B583B060B3044621B11D46EE
:104F7000B2FA82F35B09A2B9206818B362680AB377
:104F8000164B174902FB03F3B1EBB30F1AD3A36817
:104F9000FBB9002323606360A360E360012003B0DA
:104FA00030BD0193069BC0E90012C360FFF7B4FF58
:104FB00060B1002DF2D0626801992068A56001F00F
:104FC00029FEEBE701F048FF16230360002003B041
:104FD00030BD002101F01EFEDBE700BFABAAAAAA8C
:104FE0005555551500B52DED028BB0EE408A83B0B6
:104FF00000F066FBB4EE488AF1EE10FA06D6DFED5B
:105000000C7AB4EEE78AF1EE10FA03D403B0BDECEB
:10501000028B00BDCDED017A01F01EFFDDED017ABE
:1050200087EEA70A2123036003B0BDEC028B00BD0D
:105030000000000082B08DED010A019AB2F17E5F9E
:1050400039D0A2F50003B3F1FE4F38D2BFEE000B0A
:1050500002F140432A4903F54D03C3F3C34001EB7A
:10506000001091ED404B91ED445B91ED467B91ED4D
:10507000426BD90DC90590ED002B521A03EE902A10
:1050800090ED021BDB15B7EEE33AA2EE030B03EE45
:10509000903A20EE002BA5EE007BB8EEE33BA6EEA7
:1050A000027BA3EE041B30EE010BA2EE070BB7EE62
:1050B000C00B02B070479FED130A02B07047530057
:1050C00017D0B2F1FF4F18D0002A0DDBB3F17F4F9C
:1050D0000AD2DFED0D7A9DED017A67EE277A17EEA1
:1050E000902AA2F13862B1E79DED010A02B000F00A
:1050F000D7BA012002B000F0C1BA9DED010AD8E78D
:1051000048050020000000000000004B10EE101ABF
:1051100010EE902AA1F5000C5000BCF1FE4F00F1FA
:10512000FF336FF0807C7ED2634538BF002080F073
:10513000B980BFEE001B01F1404303F54D03C3F3FB
:10514000C3426FF31603C91A07EE901ADB15B7EEC8
:10515000E75A07EE903AAF4B03EB021292ED024B87
:1051600092ED002B00B5A2EE051B93ED403B93EDB5
:10517000426B93ED442BA1EE036B93ED465BB8EECF
:10518000E77B37EE047B93ED484BA1EE025B2DED00
:10519000028BA1EE047B21EE018BB7EEE00A28EE34
:1051A000083BA8EE057BA6EE037B20EE077B17EEFF
:1051B000903A48F2BF01C3F3CF338B4283B04CD255
:1051C000B7EE000B944B93ED402B37EE023B13EE02
:1051D000102A33EE423B02F01F01801803EBC1029C
:1051E00093ED424B37EE437B53F831C0D2F804E0E5
:1051F00093ED446B93ED465BA7EE046B27EE074BF4
:10520000002111EB0C020EEBC033A7EE050B43ECB3
:10521000172BA6EE040B20EE070BB7EEC00B03B066
:10522000BDEC028B00BD634580F0B1804B00581E81
:10523000604580F0938000294BDB0020B1F5000F22
:10524000BFF477AFDFED757A20EE270A10EE103A43
:1052500023F00043A3F138616BE79FED666BB4EE7A
:10526000C67BF1EE10FA16DC9FED646BB4EEC67BE4
:10527000F1EE10FA43DD4FF04C53002860D001935B
:10528000DDED016ABFEE006A76EE666AF4EE466A0C
:10529000F1EE10FA94D003B0BDEC028B5DF804EB94
:1052A00000F0E6B9002869D0B1F17E5F3FD0B0F1DF
:1052B0007F4F69D14B00B3F1FE4F6FEA020234BF5A
:1052C00000230123D20F934200F08F809FED540AF8
:1052D0007047C2F3C7537E2B27D9962B64D8012081
:1052E000C3F1960300FA03F3581E10421DD1134276
:1052F00014BF01200020000421F000419EE79FED33
:10530000416BB4EEC67BF1EE10FA30D99FED3F6BE6
:10531000B4EEC67BF1EE10FA7FF552AF03B0BDECF0
:10532000028B5DF804EB00F09DB900F0B9B982F48E
:1053300080035B0013F5000F26D8B7EE000A704714
:105340000093DDED006AB7EE006A76EE866AF4EE51
:10535000466AF1EE10FA3FF433AF9CE7002920EEE5
:10536000000A23DB0020BBBB9A423CDB704703B042
:10537000BDEC028B5DF804EB00F06EB981F48003A4
:105380005B0013F5000FD8D930EE200A70470028D3
:10539000F4D04B00B3F17F4FF6D8B0F17F4FF3D18B
:1053A000B3F1FE4F87D1C8E70020A5E7C2F3C7518C
:1053B000A1F17F001728D5D8C1F19600012101FA8B
:1053C00000F000F1FF3C1CEA020FCBD11040CAD024
:1053D000B1EE400A0846C6E7002AC7DAF7EE007ABF
:1053E00087EE800A704700F049B920EEA00A7047A6
:1053F000AFF3008071D5D1FFFFFF5F40E2AAA3FFAA
:10540000FFFF5F400000000000C062C0000000001D
:1054100000A062C058070020000400200000004BDC
:105420000000000010EE102AC2F30A53B3F57D7F8E
:10543000B7EEC07A1ED2B3F5667F72D327EE077B34
:1054400027EE071B734B93ED142B93ED125B93ED3B
:105450000E3BA7EE025B27EE012B93ED0C6B93ED59
:10546000104BA7EE036BA1EE046BA5EE026BB7EE3B
:10547000C60B704740F22E418B4255D8654A92EDDB
:10548000086B27EE066BFDEEC66B92ED0A5B16EE1F
:10549000903A03F500031B16990706EE903A54BFA5
:1054A000114602F17001D807B8EEE66BA6EE457B17
:1054B00027EE076B1CD503F0030302EBC30291ED4B
:1054C000185B92ED000B91ED1A3B27EE000BB0EE4E
:1054D000457B91ED164BA6EE037B20EE065B26EE98
:1054E000056BA5EE040BA7EE060BB7EEC00B7047DD
:1054F00091ED144B26EE065B91ED127B91ED0E2B98
:10550000A6EE047B26EE054B91ED0C0B91ED103BC6
:10551000A6EE020BA5EE030BA7EE040BB7EEC00B35
:105520007047B7EE000A7047B3F5FF6F53D2C2F36E
:105530008361394B03EB810C53F82110C2F316033E
:10554000C2F3C25043F4000310B58340DCF82000DE
:10555000DCF810C003FB01F1A3FB00E0E3FB0C014E
:1055600001F1005382B09C0F03F04043C91A8DED46
:10557000010A00F03DFA019A9FED246B04EBD27210
:1055800041EC170B900754BF224B244B27EE067BB0
:10559000E10727EE076B20D51E4902F0030201EB5D
:1055A000C20293ED185B92ED000B93ED1A3B27EED0
:1055B000000BB0EE457B93ED164BA6EE037B20EE81
:1055C000065B26EE056BA5EE040BA7EE060BB7EE09
:1055D000C00B02B010BD00F063B893ED144B26EE83
:1055E000065B93ED127B93ED0E2BA6EE047B26EE6D
:1055F000054B93ED0C0B93ED103BA6EE020BA5EEC5
:10560000030BA7EE040BE2E7AFF30080182D445420
:10561000FB21193C80080020481C0020F0080020D5
:1056200010B582B08DED010A044601F015FC9DED28
:10563000010A046002B010BD30B1F1EE407A27EEED
:10564000800A2220FFF7ECBFF0EE407A27EE800AB6
:105650002220FFF7E5BF00BF9FED010AFFF7ECBF77
:10566000000000109FED010AFFF7E6BF0000201ABE
:105670009FED010AFFF7E0BF000000709FED070AF1
:10568000F7EE007ABFEE007A00284FF0220047FEC6
:10569000877A87EE800AFFF7C3BF00BF00000000D3
:1056A00070EE407AB4EE400A87EEA77AF1EE10FA77
:1056B000B0EE470A02D62120FFF7B2BF704700BF05
:1056C000B1EEC00A704700BF03460846194601F014
:1056D00035B800BF81F0004102E000BF83F0004315
:1056E00030B54FEA41044FEA430594EA050F08BF7D
:1056F00090EA020F1FBF54EA000C55EA020C7FEA41
:10570000645C7FEA655C00F0E2804FEA5454D4EBBD
:105710005555B8BF6D420CDD2C4480EA020281EA87
:10572000030382EA000083EA010180EA020281EABF
:105730000303362D88BF30BD11F0004F4FEA013111
:105740004FF4801C4CEA113102D0404261EB410120
:1057500013F0004F4FEA03334CEA133302D05242A6
:1057600063EB430394EA050F00F0A780A4F1010462
:10577000D5F1200E0DDB02FA0EFC22FA05F280189C
:1057800041F1000103FA0EF2801843FA05F3594182
:105790000EE0A5F120050EF1200E012A03FA0EFC01
:1057A00028BF4CF0020C43FA05F3C01851EBE3712B
:1057B00001F0004507D54FF0000EDCF1000C7EEB48
:1057C00000006EEB0101B1F5801F1BD3B1F5001F86
:1057D0000CD349085FEA30004FEA3C0C04F10104A5
:1057E0004FEA445212F5800F80F09A80BCF1004FCE
:1057F00008BF5FEA500C50F1000041EB045141EA50
:10580000050130BD5FEA4C0C404141EB0101013C18
:1058100028BFB1F5801FE9D291F0000F04BF014607
:105820000020B1FA81F308BF2033A3F10B03B3F1D9
:1058300020020CDA0C3208DD02F1140CC2F10C0269
:1058400001FA0CF021FA02F10CE002F11402D8BFC7
:10585000C2F1200C01FA02F120FA0CFCDCBF41EA93
:105860000C019040E41AA2BF01EB0451294330BD62
:105870006FEA04041F3C1CDA0C340EDC04F114043F
:10588000C4F1200220FA04F001FA02F340EA030016
:1058900021FA04F345EA030130BDC4F10C04C4F15C
:1058A000200220FA02F001FA04F340EA030029463C
:1058B00030BD21FA04F0294630BD94F0000F83F486
:1058C000801306BF81F480110134013D4EE77FEA69
:1058D000645C18BF7FEA655C29D094EA050F08BFB5
:1058E00090EA020F05D054EA000C04BF1946104696
:1058F00030BD91EA030F1EBF0021002030BD5FEADA
:10590000545C05D14000494128BF41F0004130BD01
:1059100014F580043CBF01F5801130BD01F0004555
:1059200045F0FE4141F470014FF0000030BD7FEAC8
:10593000645C1ABF194610467FEA655C1CBF0B46C3
:10594000024650EA013406BF52EA033591EA030FDA
:1059500041F4002130BD00BF90F0000F04BF0021D2
:10596000704730B54FF4806404F132044FF0000505
:105970004FF0000150E700BF90F0000F04BF00217E
:10598000704730B54FF4806404F1320410F00045E4
:1059900048BF40424FF000013EE700BF42004FEADF
:1059A000E2014FEA31014FEA02701FBF12F07F435C
:1059B00093F07F4F81F06051704732F07F4208BF13
:1059C000704793F07F4F04BF41F40021704730B51A
:1059D0004FF4607401F0004521F000411CE700BF66
:1059E00050EA010208BF704730B54FF000050AE0E9
:1059F00050EA010208BF704730B511F0004502D5EA
:105A0000404261EB41014FF4806404F132045FEAEB
:105A1000915C3FF4D8AE4FF003025FEADC0C18BF94
:105A200003325FEADC0C18BF033202EBDC02C2F186
:105A3000200300FA03FC20FA02F001FA03FE40EA18
:105A40000E0021FA02F11444BDE600BF53B94AB971
:105A5000002908BF00281CBF4FF0FF314FF0FF3076
:105A600000F09CB9ADF1080C6DE904CE00F006F829
:105A7000DDF804E0DDE9022304B070472DE9F047CA
:105A800082B00646DDF828E00846B4460D46002BF5
:105A90004ED18A4214466DD9B2FA82F242B1C2F1B5
:105AA0002003954026FA03F394401D4306FA02FCB6
:105AB000260CA7B2B5FBF6F14FEA1C4306FB1155C5
:105AC00043EA054301FB07F0984209D9E31801F1C5
:105AD000FF3580F00381984240F20081023923446F
:105AE0001B1A1FFA8CFCB3FBF6F006FB10334CEAD2
:105AF000034C00FB07F363450AD914EB0C0C00F1CF
:105B0000FF3580F0ED80634540F2EA80A44402381E
:105B100040EA0140ACEB030C0021BEF1000F04D0C1
:105B20002CFA02F30022CEE9003202B0BDE8F08781
:105B30008B4209D9BEF1000F01D0CEE900610021EE
:105B4000084602B0BDE8F087B3FA83F11746002992
:105B50004DD1834202D3B24200F20F81B6EB070C63
:105B600060EB030301201D46BEF1000FDDD0CEE93E
:105B700000C5DAE7002A00F098801A46B4FA84F3E8
:105B8000002B40F0AF800B1B270CA6B20121B3FB0A
:105B9000F7F54FEA1C4007FB153340EA034306FBC9
:105BA00005F8984507D9E31805F1FF3002D298456A
:105BB00000F2E8800546A3EB08031FFA8CFCB3FB58
:105BC000F7F007FB10334CEA034C06FB00F3634588
:105BD00008D914EB0C0C00F1FF3602D2634500F239
:105BE000CE803046ACEB030C40EA054095E7C1F1AE
:105BF00020058B4022FA05FC4CEA030C00FA01F464
:105C000026FA05F3E84002FA01F943EA04084FEAEC
:105C10001C4206FA01FAB0FBF2F71FFA8CF602FBFF
:105C200017004FEA184444EA004407FB06F0A0427C
:105C30000AD91CEB040407F1FF3380F09C80A042DA
:105C400040F29980023F6444241A1FFA88F3B4FB9F
:105C5000F2F002FB104443EA044300FB06F69E42C6
:105C600009D91CEB030300F1FF3480F082809E42CF
:105C70007FD90238634440EA0740A0FB09749B1BAC
:105C8000A3423E46A04664D361D0BEF1000F0AD0C5
:105C9000BAEB060263EB080303FA05F5CA401543A5
:105CA000CB40CEE9005300213FE7730843EAC173BC
:105CB0004A08190C41EA02414FEAC67C9BB2B2FB8A
:105CC000F4F02646A04627461F2243EA0143B1FBD3
:105CD000F4F1A3EB080341EA004158E72946FFE647
:105CE000284615E71A46C3F120019C4026FA01F325
:105CF00020FA01F190400343270C06FA02FCB1FBA5
:105D0000F7F0A6B207FB1015190C41EA054100FB9C
:105D100006F58D423BD9611801D28D4220D8491B2E
:105D20000138B1FBF7F5019505FB06F8019D9BB223
:105D300007FB151143EA0143434526D2E31805F159
:105D4000FF31C6D24345C4D2A91E2344C1E7BA4598
:105D50009BD2B7EB090664EB0C040138A04694E72C
:105D6000651B29440238B1FBF7F5019505FB06F8E0
:105D7000DCE720467FE71F4666E70846F4E6A444D2
:105D800002382FE7023D234415E70199A1E7491B9B
:105D9000B1FBF7F5019505FB06F8C7E7704700BFB3
:105DA00010B5A1FB021482B074BB00F045F80346A5
:105DB00070B350F8042C22F00302043A242A10D8BD
:105DC000132A16D91B2AC0E900441AD9242AC0E98B
:105DD00002440ABFC0E9044400F1100100F11801B7
:105DE00008E02146019000F015FF019B184602B023
:105DF00010BD014600221846C1E900228A6002B0A7
:105E000010BD00F10801F5E701F026F80C2303604E
:105E10000023184602B010BD024B0146186800F07E
:105E20000BB800BF6C2D0020024B0146186801F032
:105E300019BA00BF6C2D00202DE9F04F01F10B02C3
:105E4000162A85B0804624D8102900F2AB8000F0D5
:105E5000C9FA022518211022B74C2144A1F10800EB
:105E60004E68864200F062817268F168B46822F080
:105E700003023244E1608C60516841F00101404608
:105E8000516000F0B5FA06F10804204605B0BDE8FF
:105E9000F08F32F0070200F18580914200F282809B
:105EA000019200F09FFA019AB2F5FC7FC0F0BA812E
:105EB000570A7FD0042F00F27281970907F1390544
:105EC0002BB207F1380CDB009B4C2344A3F10806EE
:105ED0005B689E4207D10DE00028DF6880F21381E5
:105EE000BE4207D03B46596821F00301881A0F28AB
:105EF000F2DD6546236991498B4200F0F1805E68CE
:105F000026F00306B11A0F2900F391818B4800296E
:105F1000C4E9040080F27981B6F5007F676880F0FB
:105F20001981F10801310FFA81FC76090121B14094
:105F300054F83C0098600F4304EBCC010839D96059
:105F4000676044F83C30C360AB1001269E40BE42FF
:105F500036D83E4206D125F0030576003E4205F1D3
:105F60000405FAD004EBC50A04EBC507A946F96895
:105F70000EE0486820F0030EAEEB020CBCF10F0FF0
:105F80000B46C96800F31881BCF1000F80F22D8127
:105F90008F42EED109F1010919F0030F07F108074B
:105FA000E5D17FE10C23C8F800300024204605B07D
:105FB000BDE8F08F4FF4007340254FF03F0C83E7AE
:105FC000A768796821F0030393429A4603D3991A8C
:105FD0000F2900F387805A495A4E0968103111443D
:105FE0000820CDE9011200F06BFF01994B1E03441C
:105FF0004542834630681D40B0F1FF3F18BF294637
:106000004046019100F000FF411C0546DDE9011208
:1060100000F02B8107EB0A0C844500F224814A4BE7
:10602000186800EB01090BF1FF3EC3F8009000F087
:106030008981306801301BBFA5EB0C0C09EB0C000B
:106040003560186015F00700814600F04881C0F106
:1060500008000544CDE901236B1803EA0E015844FA
:10606000401A00EA0E06314640469B4600F0CCFE40
:10607000421CDDE9012300F09581401B304440F0D3
:1060800001011868A56000EB0609A7426960C3F822
:10609000009017D0BAF10F0F40F25E81AAF10C0107
:1060A00021F0070C796801F0010141EA0C017960E7
:1060B000052607EB0C01BCF10F0FC1E9016600F2E8
:1060C00063816968214B1E684E4538BFC3F8009054
:1060D0001F4B1E684E4501D2C3F800902F46C6E004
:1060E000676831E7BD1841F0010142F001027A60B2
:1060F0004046A560696000F07BF907F1080420467E
:1061000005B0BDE8F08F9A6801931944D760BA6072
:106110004A6842F0010240464A6000F069F9019B7A
:1061200003F10804204605B0BDE8F08FCE68B14207
:106130007FF49AAE0235DDE6A0220020A8220020DE
:10614000C0660020582D002090660020B866002010
:10615000BC660020B6F5206F4FEA56207CD3142889
:1061600000F2D38000F15C0109B25B30C90004EB9E
:10617000010C6158ACF1080C8C4503D1A8E089688A
:106180008C4504D0486820F00300B042F7D8D1F81D
:106190000CC0C3E9021CCCF80830CB60D4E6142F45
:1061A00072D9542F00F2BA80170B07F16F052BB28A
:1061B00007F16E0CDB0087E69D1842F001025A6081
:1061C0009E68864AF1608E60C4E90455C5E90222E2
:1061D0004CF001026A60404643F80EC0019300F0A3
:1061E00007F9019B03F10804E0E69E441C46DEF833
:1061F000043043F00103CEF8043054F8083F404621
:10620000D9608B6000F0F4F8D0E61E444046726816
:10621000019342F00102726000F0EAF8019B03F181
:106220000804C3E6D508691C09B2C90014E69D1824
:1062300042F001025A60694A0193C4E90455C5E974
:10624000022241F001026A604046995100F0D0F804
:10625000019B03F10804A9E6B00900F1390109B274
:106260003830C90083E7A74263D0A768796821F076
:1062700003009042A0EB020102D30F293FF732AF97
:10628000404600F0B5F890E607F15C052BB207F147
:106290005B0CDB0018E6514651F808398B428A4600
:1062A00040F09A8015F0030F05F1FF35F3D16368D4
:1062B00023EA0603636076009E423FF681AE1EB974
:1062C0007EE6760009F104091E42FAD04D4649E601
:1062D0008010012606FA00F00743676059E7CDE910
:1062E00002236B1803EA0E01ABEB010606EA0E0669
:1062F00031464046019300F087FD431C019B04BFDB
:106300004E461846DDE90223B7E6542827D8300B5D
:1063100000F16F0109B26E30C90028E7B7F5AA7F16
:1063200027D8D70B07F178052BB207F1770CDB00E4
:10633000CAE52B4B186800EB01090BF1FF3EC3F8CF
:10634000009076E615EA0E0F7FF473AEA56851440F
:1063500041F001016960B5E601236B6090E7B0F59B
:10636000AA7F25D8F00B00F1780109B27730C90077
:10637000FDE640F254539F4224D8930C03F17D056F
:1063800003F17C0CEB009FE507F108014046CDE9E5
:10639000012300F067FFA568029B6968D3F80090AD
:1063A000019A8FE6A9F108010BEB0100002664E6D3
:1063B00040F2545188420BD8B00C00F17D01C90065
:1063C0007C30D4E64FF47E737F254FF07E0C7BE566
:1063D0004FF47E717E20CAE663686CE7A822002035
:1063E00090660020014800F067BD00BF886600206D
:1063F000014800F063BD00BF88660020DFF80CC0D4
:106400000A460146DCF8000000F002B86C2D0020BE
:10641000002900F09F802DE9F04383B00C460092E4
:106420008046FFF7DFFF009901F10B03162B60D8C0
:106430001023994260D854F804EC2EF003029A42DB
:10644000A4F1080565DAB348806805EB020C6045E5
:10645000DCF8046000F0908026F0010060444068A1
:10646000C0076CD426F00306901983424CDD1EF061
:10647000010F0FD154F8080C281A0746406820F085
:10648000030006441644B34240F3EF801618B342AB
:1064900040F3C9804046CDE90023FFF7CDFCDDE99C
:1064A00000230646002800F0178154F8041C21F050
:1064B00001012944A0F1080C614500F0AE80043AC6
:1064C000242A00F2CE80132A00F29C800346224642
:1064D000116819605168596092689A602146404677
:1064E00000F0C0FE4046FFF783FF304603B0BDE832
:1064F000F08333F007039CD50C23C8F80030002646
:10650000304603B0BDE8F0830246DCE90201C16019
:1065100088606968D01A0F2801F0010105EB0206B6
:106520001BD811436960736843F0010373604046F0
:10653000FFF75EFF2646304603B0BDE8F0831EF04D
:10654000010FA7D154F8080C281A0746406820F01C
:1065500003009BE71146FFF76FBC19436960E91818
:1065600040F001004860736843F001030831736034
:10657000404600F077FEDAE726F00306B01803F194
:10658000100C604580F28B801EF0010F82D154F810
:10659000080C281A0746406820F0030006441644F9
:1065A000B445B1463FF772AF3E46F96856F8080F5A
:1065B000043A242AC160886000F2A580132A40F2C0
:1065C000A0802168B9606168F9601B2A00F2A4808C
:1065D000083407F110022168116061685160A168F8
:1065E0009160F918A9EB03024A4D42F00102A9603B
:1065F0004A607A6802F00102134340467B60FFF76D
:10660000F7FE98E723680360636843601B2A3BD862
:1066100004F1080200F108035AE750F8041C21F0C5
:1066200003010A4475E7043A3D46F96855F8080F36
:10663000242AC160886020D8132A1CD92168B96037
:106640006168F9601B2A3DD8083407F110022168FF
:10665000116061685160A16891602C4632463D46E8
:1066600057E7214600F044FA38E7DCE90201043A32
:10667000C1608860D8E72A46E9E7214628460093AA
:1066800000F036FA009BE8E7A3688360E368C36024
:10669000242A25D004F1100200F1100318E71D4A46
:1066A0001D449560C21A42F001026A6054F8042C3D
:1066B00002F001021343404644F8043CFFF798FE01
:1066C000264638E7A1683961E1687961242A10D04B
:1066D000103407F11802BAE74046FFF789FE0EE7CB
:1066E000236903616169416104F1180200F1180333
:1066F000EEE62269BA616269FA61183407F1200294
:10670000A5E7324667E721463046009300F0F0F9EE
:10671000009B66E7A0220020A1683961E1687961E9
:10672000242A03D0103407F1180254E72269BA6111
:106730006269FA61183407F120024CE713460A46F1
:106740000146022000F0F6BC024A0349034800F06B
:10675000C9B800BF602D00202D7C0100A8260020B4
:106760000C4B4168994210B5044601D003F0ECFA95
:10677000A168094B994202D0204603F0E5FAE1688E
:10678000064B994204D02046BDE8104003F0DCBA25
:1067900010BD00BFC46600202C6700209467002055
:1067A0002DE9F843314A324C3249DFF8DC90DFF80A
:1067B000DC80314F1160002504232946082204F1B2
:1067C0005C00C4E903352D4EA560C4E90055C4E959
:1067D0000555656600F01EFA04F15800C4E9074942
:1067E000C4E90987E66200F063FB2946244B63672E
:1067F000082204F1C400C4E91A55C4E91E552567EE
:10680000C4F8CC50C4F8805000F004FA04F16803D6
:1068100004F1C000C4F88430C4E92298C4E92476A5
:1068200000F046FB174BC4F8DC30294604F596709F
:106830000822C4E93455C4E93855C4F8D850C4F81E
:106840003451C4F8E85000F0E5F904F1D003C4E98C
:106850003D87C4F8F09004F59470C4F8FC60C4F867
:10686000EC30BDE8F84300F023BB00BFFC6700201C
:10687000C46600202D460100D1480100F548010002
:1068800009000100120002006D480100914801005A
:1068900010B504460A4800F00FFB636B23B9094B9F
:1068A000094A1B68626323B1BDE81040044800F048
:1068B00005BBFFF775FFBDE81040014800F0FEBAC8
:1068C0008C660020FC67002045460100014800F06E
:1068D000F3BA00BF8C660020014800F0EFBA00BF99
:1068E0008C6600202DE9F8430746884616464FF08F
:1068F00000097568013D11D4B468A389012B08D93A
:10690000B4F90E3001332146384602D0C04749EA77
:106910000009013D6B1C04F16804EED13668002EBD
:10692000E7D14846BDE8F8830CB430B5144B0D1ED2
:106930001C689DB01FDB14BF01220022AA1A114B54
:106940000593002121AB1B910290069004920792BF
:1069500002A9209A0193204601F0A8F9431CBCBF6C
:106960008B23236015B1029B00221A701DB0BDE875
:10697000304002B070478B2323604FF0FF30F5E7C3
:106980006C2D00200802FFFF10B50C46B1F90E1067
:1069900000F024FA002803DB236D0344236510BDB7
:1069A000A38923F48053A38110BD00BF2DE9F041DA
:1069B0001F46B1F90C301646DA050C4605460BD4D5
:1069C00023F48053A381B4F90E103B463246284687
:1069D000BDE8F04100F02ABA0223B1F90E100022FE
:1069E00000F0E6F9B4F90C30EAE700BF10B50C4648
:1069F000B1F90E1000F0DCF9B4F90C30421C0EBFF6
:106A000023F4805343F480532065A38110BD00BF5D
:106A1000B1F90E1000F0BAB970B5ADF5067D0E46AD
:106A2000009313464FF40072059206A905AA054685
:106A300000F028F898B10246059B0390314628469D
:106A400000F0F4F9039A059006AB9A4204D0284668
:106A5000114600F007FC05980DF5067D70BD4FF05E
:106A6000FF30F9E700B5DFF818E084461346DEF89A
:106A700000005DF804EB0A466146FFF7CDBF00BF9A
:106A80006C2D002010B59AB021B1D2F800C0BCF135
:106A9000000F1CD100214FF4227CADF80CC01991DD
:106AA000009104914FF6FF7C0291059114466946CE
:106AB0001A461C9BADF80EC001F0F8F8002814DB54
:106AC000009B206000221A7004981AB010BD00913B
:106AD000049161464FF4C16CADF80CC04FF0000C4E
:106AE000CDF864C0DEDA8B23036000201AB010BD3D
:106AF000884270B531D98B1883422ED9032A00EB16
:106B000002011DD941EA030C1CF0030F1D4618D1E8
:106B10004FEA920C0CF1FF36A1EB8C048C4653F833
:106B200004ED4CF804EDA445F9D1C6EB867301EBF6
:106B3000830105EB830CACF10403043902F003027A
:106B400052B102F1FF3C6FEA0C0C9C4413F8012D8A
:106B500001F8012D6345F9D170BD032A50D941EAEE
:106B600000039B074ED10F2A51D922F00F0301F1E8
:106B7000100601F1100C103B203100F1100E1944E9
:106B80005CF8104C4EF8104C5CF80C4C4EF80C4C69
:106B90005CF8084C4EF8084C5CF8044C4EF8044C79
:106BA0000CF1100C8C450EF1100EE9D1F11812F019
:106BB0000C0F034402F00F0503F1100325D025F05C
:106BC000030CACF1040426461A1F1C198C465CF811
:106BD00004EB42F804EFA242F9D10431043331440A
:106BE000334405F00302002AB6D0013A0132013BDA
:106BF0000A4411F801CB03F801CF9142F9D170BDDD
:106C00000346F0E7013A0346F0E72A46EBE703467E
:106C10001546D4E730B584078646034606D0A2B3AE
:106C200003F8011B980702F1FF32F8D1032A26D995
:106C30005FFA81FC0CEB0C2C0F2A0CEB0C402AD9D0
:106C400022F00F0C9C44C3E90000C3E9020010339A
:106C50006345F8D112F00C0F02F00F0417D04FEA81
:106C6000940C0CF1FF351A4603EB8C0C42F8040B24
:106C70006245FBD1043304F0030203EB850322B128
:106C80001A4403F8011B9A42FBD1704630BD2246DC
:106C9000002AF5D1F9E71446E1E700BF8AB340EADC
:106CA00001039B0730B504468E4618D1032A07D846
:106CB00015E0043A23D01CF0803F20D1032A26D9C6
:106CC0002368DEF80050A3F10131AB4221EA030C46
:106CD0002046714604F104040EF1040EE9D0037855
:106CE0000C78A3420FD1013A024406E06BB110F8D0
:106CF000013F11F8014FA34205D19042F6D1002087
:106D000030BD10467047181B30BD184630BD2046B8
:106D10007146E4E710B504460843830701D1032A0E
:106D200019D8A44601F1FF3E07E01EF8011F03F841
:106D3000011B501E31B19C4602466346002AF4D125
:106D4000204610BD94440028FAD003F8011B634587
:106D5000FBD1204610BD0B46A44618681946A0F189
:106D6000013323EA000313F0803F01F10403D9D17A
:106D7000043A032A4CF8040BEFD81946D2E700BFB7
:106D8000014B93F810027047042B002038B5074CD4
:106D90000023054608462360FCF71EFE431C00D076
:106DA00038BD2368002BFBD02B6038BDB0680020B5
:106DB00038B58C46084C114605461A4660460023F5
:106DC0002360FCF715FE431C00D038BD2368002B60
:106DD000FBD02B6038BD00BFB068002038B58C46B2
:106DE000084C114605461A46604600232360FCF70E
:106DF000F1FD431C00D038BD2368002BFBD02B6075
:106E000038BD00BFB068002038B5074C00230546E8
:106E100008462360FCF7C6FD431C00D038BD23683C
:106E2000002BFBD02B6038BDB068002038B58C46F5
:106E3000084C114605461A46604600232360FBF7BE
:106E4000F1FC431C00D038BD2368002BFBD02B6025
:106E500038BD00BFB0680020014B1868704700BF04
:106E60006C2D002070B50E4E0E4DAE4208D0761B34
:106E7000B610002455F8043B01349847A642F9D8CF
:106E8000094E0A4D05F0DEFDAE4208D0761BB61065
:106E9000002455F8043B01349847A642F9D870BD48
:106EA000F01D0060F01D0060081E0060F01D006015
:106EB000704700BF704700BF704700BF704700BFFA
:106EC000082802D14FF48050704708B5FFF7C4FF7F
:106ED000162303604FF0FF3008BD00BF80EA0102B7
:106EE000844612F0030F4FD111F0030F32D14DF849
:106EF000044D11F0040F51F8043B0BD0A3F1013203
:106F00009A4312F0803F04BF4CF8043B51F8043B15
:106F100016D100BF51F8044BA3F101329A4312F08D
:106F2000803FA4F101320BD14CF8043BA24312F094
:106F3000803F04BF51F8043B4CF8044BEAD0234691
:106F40000CF8013B13F0FF0F4FEA3323F8D15DF843
:106F5000044B704711F0010F06D011F8012B0CF80B
:106F6000012B002A08BF704711F0020FBFD031F883
:106F7000022B12F0FF0F16BF2CF8022B8CF800200A
:106F800012F47F4FB3D1704711F8012B0CF8012B8D
:106F9000002AF9D1704700BF0000000001F0FF0196
:106FA000102A2BDB10F0070F08D010F8013B013A34
:106FB0008B422DD010F0070F42B3F6D1F0B441EA66
:106FC000012141EA014122F007047FF0000700237C
:106FD000F0E80256083C85EA010586EA010685FAD2
:106FE00047F5A3FA87F586FA47F6A5FA87F68EB92C
:106FF000EED1F0BC01F0FF0102F0070232B110F84F
:10700000013B013A83EA010313B1F8D10020704734
:1070100001387047002D06BF35460338073815F094
:10702000010F07D1013015F4807F02BF013015F444
:10703000C03F0130F0BC0138704700BF00000000C5
:107040000000000000000000000000000000000040
:1070500000000000000000000000000030B490F8C4
:1070600000F020F007016FF0000C10F0070491F819
:1070700020F040F048804FF000046FF00700D1E9A5
:10708000002391F840F000F1080082FA4CF2A4FAD3
:107090008CF283FA4CF3A2FA8CF34BBBD1E90223B6
:1070A00082FA4CF200F10800A4FA8CF283FA4CF355
:1070B000A2FA8CF3E3B9D1E9042382FA4CF200F18D
:1070C0000800A4FA8CF283FA4CF3A2FA8CF37BB991
:1070D000D1E9062301F1200182FA4CF200F1080007
:1070E000A4FA8CF283FA4CF3A2FA8CF3002BC6D0EC
:1070F000002A04BF04301A4612BAB2FA82F200EB38
:10710000D20030BC7047D1E9002304F00305C4F17C
:1071100000004FEAC50514F0040F91F840F00CFA96
:1071200005F562EA05021CBF63EA050362464FF0FB
:107130000004AAE7F0B51D4C83B005462068019114
:1071400016461F46FFF7B8FE194A0199136823B384
:107150005A6820681F2A23DC4DB9541C02325C6037
:1071600043F82210FFF7AAFE002003B0F0BD03EBA6
:10717000820E0124CEF88860D3F88861944046EAF4
:10718000040C022DC3F888C1CEF80871E5D1D3F8FC
:107190008C512543C3F88C51DFE7064B1360D7E7CA
:1071A000FFF78CFE4FF0FF30DFE700BFF82A00202A
:1071B000F0640020F4640020F8B5064608200C4670
:1071C000FFF77EFE07463046FFF70CF9224A936828
:1071D0005D6825F00305A5F111031C1B3C44B4FBBD
:1071E000F7F4013C07FB04F4A74208DC0021304619
:1071F000FFF70AFE184A93682B44984204D03046A1
:10720000FFF7F6F80020F8BD61423046FFF7FCFDBD
:107210000130114A0DD0114993682D1B45F001052D
:107220005D600B6830461B1B0B60FFF7E1F8012027
:10723000F8BD00213046FFF7E7FD074A9268831A40
:107240000F2BDCDD43F001035360054B03491B6842
:10725000C01A0860D3E700BFA0220020906600207B
:10726000582D0020002965D02DE9F0410C46074635
:10727000FFF7B8F854F804EC7D49A4F1080C2EF09F
:1072800001030CEB03028D685068954220F0030067
:107290000EF0010600F08B80151850606D6805F047
:1072A0000105A846AEBB54F8084CACEB040C2344D3
:1072B000DCF8084001F1080E74456BD0DCF80C5086
:1072C000E560AC60B8F1000F00F08C8043F0010085
:1072D000CCF804001360B3F5007F35D2DA084868B3
:1072E0005C090132012312B2A34003434B6051F801
:1072F0003200CCF8080001EBC203083BCCF80C309C
:1073000041F832C0C0F80CC03846BDE8F041FFF784
:107310006FB885B9034401F1080E9068704543F0D9
:1073200001047AD0D268C2609060CCF804404CF876
:107330000330D0E770474EF00102B3F5007F44F808
:10734000042C4CF80330C9D3B3F5206F4FEA532017
:107350004AD2980900F1390212B200F13804D20081
:1073600088188A580838904203D15FE092689042AA
:1073700004D0516821F003019942F7D8D068CCE9D4
:107380000220C0F808C03846C2F80CC0BDE8F04181
:10739000FFF72EB8A5BB1844D2E90223D3609A6048
:1073A00040F00103CCF804304CF80000ACE718447E
:1073B00046B954F8083CACEB030C1844DCE9022352
:1073C000D3609A6040F00103CCF80430294BC1F837
:1073D00008C01B68834297D8274B38461968FFF7C7
:1073E000EBFE91E7034498E714280FD9542824D8DA
:1073F000180B00F16F0212B200F16E04D200AFE779
:1074000043F00101CCF8041013607DE700F15C0249
:1074100012B200F15B04D200A2E7C1E904CCCCE9CE
:1074200002EECCF804404CF803306DE7A4100123C1
:10743000A3404C6823434B60A1E7B0F5AA7F07D86F
:10744000D80B00F1780212B200F17704D20087E77E
:1074500040F25452904206D8980C00F17D0200F19F
:107460007C04D2007CE74FF47E727E2478E700BF74
:10747000A02200205C2D0020C066002082B049B10F
:107480005AB16BB113780B601278101E18BF01202F
:1074900002B0704701A9002AF3D1104602B070472C
:1074A0006FF00100F4E700BF30B5436C83B00546D0
:1074B0000C4653B153F8240088B1026843F82420E5
:1074C0000023C0E9033303B030BD21220421FEF7BD
:1074D00067FC034668640028ECD10020F3E7012133
:1074E00001FA04F35A1D920028460193FEF758FC56
:1074F0000028F2D0019B44608360E1E731B1436C26
:107500004A6853F82200086043F82210704700BF11
:107510002DE9F0410E6917460D461C4601F1140293
:107520004FF0000E11688BB207FB03434FEA134C78
:10753000090C07FB01CC0EF1010E9BB203EB0C43CF
:10754000764542F8043B4FEA1C44EBDC3CB1AB68A7
:10755000B34207DD05EB860301365C612E612846E8
:10756000BDE8F081696801318046FFF79DFF07465D
:10757000B0B12A69023205F10C0192000C30FCF71F
:107580007FF8D8F844306A6853F82210296043F82D
:1075900022503D4605EB860301365C612E61DEE735
:1075A000024B03483A46BA2102F04CFD0C10002071
:1075B00020100020B0F5803F034636BF03040020B2
:1075C0001020B3F1807F3CBF1B020830B3F1805F15
:1075D00006D3B3F1804F0FD29A0012D40330704714
:1075E0001A01B2F1804F00F1040006D29B0108D4C9
:1075F0005B00F3D4202070471A46002AFBDB0130E1
:1076000070470230704700BF0368590708D0DA0797
:107610001FD499072AD55B080360012210467047E2
:107620009AB282B91B0CDAB2B2B11022190701D199
:1076300004321B09990714D0D90701D401325B0821
:10764000036010467047DAB24AB11A0717D1042214
:10765000EFE700221046704718221B0AE6E70822CF
:10766000FBE7590707D502329B08E9E79B0802228E
:10767000036010467047DB0804D12022CEE7DB0808
:107680000322DDE70332DBE738B5436C04460D46E1
:107690004BB15868B0B102685A6000220123C0E9BA
:1076A0000323456138BD21220421FEF779FB0346FF
:1076B00060640028EDD1094B0948002240F24511D1
:1076C00002F0C0FC1C2201212046FEF769FB0028C5
:1076D000F1D001220223C0E90123DEE70C100020D3
:1076E000201000202DE9F04F0F691569AF4285B0D9
:1076F0000E46904605DB2A4643463D4688461746D9
:107700001E46D8F80830D8F80410EC19A342B8BFC8
:107710000131FFF7C9FE8446002800F09C80143038
:1077200000EB840E704505D20346002143F8041B8C
:107730009E45FBD8143606EB870296427CD208F1B0
:10774000140707EB8505A5EB080308F11508A84504
:10775000A3F11503CDE902E44FEA930A8CBF00249C
:1077600001249146E34605E0090C34D1B14500F10E
:1077700004005ED956F8041B8AB2002AF4D0CDE981
:107780000090B8468646002358F8041BDEF8000037
:107790001FFA81F94FEA114C81B202FB0911000C6A
:1077A000194402FB0C0000EB114089B241EA004190
:1077B00045454EF8041B4FEA1043E5D8DDE900903B
:1077C000002C4FEA8A0208BF00220244536056F898
:1077D000041C090CCAD00368CDF800908846BC464A
:1077E000864600221946BCF8009008FB092909EBDF
:1077F00011499BB243EA09434EF8043B5CF8043B51
:10780000DEF800101B0C8AB208FB032303EB1943BC
:1078100065454FEA1342E6D8002C4FEA8A02DDF8AC
:10782000009008BF00220244B145536000F10400FB
:10783000A0D8DDE902E4DC46002C02DC05E0013CD6
:1078400003D05EF8043D002BF9D06046CCF8104020
:1078500005B0BDE8F08F034B034862464FF4B171A9
:1078600002F0F0FB0C10002020100020F8B512F000
:107870000303144607462FD10E46A4102AD03D6CB0
:10788000002D32D004F0010364103BB92868B8B170
:10789000054604F001036410002BF7D02A46314658
:1078A0003846FFF71FFF36B17B6C716853F8212013
:1078B000326043F8216074B1064628680028E7D199
:1078C0002A4629463846FFF70DFF0023286003604B
:1078D0000546DEE73046F8BD013B0F4A52F823204B
:1078E0000023FFF715FE0646C7E701213846FFF7DC
:1078F000DBFD054640B1012340F27122C0E90432AC
:10790000002338640360BDE7044B05482A4640F273
:10791000451102F097FB00BF9C2100200C100020B5
:10792000201000202DE9F0470D4691462E69AB68E6
:10793000496806EB6216741C9C4207464FEA6218BF
:1079400004DD5B009C4201F10101FADC3846FFF7DF
:10795000ABFD844600284FD0B8F1000F00F11400B1
:107960000BDD08F105010CEB81010346002243F811
:10797000042B8B42FBD100EB8800296905F114032D
:1079800019F01F0803EB810E2ED0C8F12009024622
:107990004FF0000A196801FA08F141EA0A0142F8B9
:1079A000041B53F8041B9E4521FA09FAF2D8AEEBEA
:1079B0000503153B23F0030305F11502964538BF77
:1079C0000023043340F803A0BAF1000F00D134467D
:1079D0007B6C6A68CCF8104053F82210296060462E
:1079E00043F82250BDE8F087043853F8042B40F8E0
:1079F000042F9E45F9D8EAE7034B044862464FF44A
:107A0000EF7102F01FFB00BF0C10002020100020BF
:107A100003690A6900B5B3EB020E12D100F1140C30
:107A200014310CEB820301EB820101E09C4508D28A
:107A300053F8040D51F8042D9042F7D003D24FF0C3
:107A4000FF3E704600BD4FF0010E704600BD00BF06
:107A50002DE9F04F17460A693B69A2EB0308B8F11C
:107A6000000F83B00C4615D1143107F1140505EB56
:107A7000830501EB830302E0994280F0858053F88F
:107A8000046D55F8042D9642F6D080F08A804FF0B0
:107A9000010805E0FBDB3B464FF000080F461C46A3
:107AA0007968FFF701FD002800F086803A692669B1
:107AB000C0F80C8007F1100107F11408834600F1AB
:107AC000140704F1140008EB820E944600EB8606BE
:107AD0000023B946C2460A46019450F8041B52F8E6
:107AE000045F8CB21FFA85F8A8EB0408090C9844CF
:107AF000C1EB154101EB28411FFA88F848EA01441F
:107B0000864249F8044B4FEA2143E6D8A146019C3E
:107B1000301B1538153420F00300A64238BF002072
:107B20000AEB00010431C4198E4562460846DC4662
:107B300098BF23461AD9A7EB0A070434C61950F890
:107B4000045B13FA85F82B442D0C05EB28459BB2FA
:107B500043EA05498645C6F800904FEA2543EDD82B
:107B60000EF1FF335B1A23F003032344B9F1000F36
:107B700004D153F8041D013A0029FAD06046CCF82C
:107B8000102003B0BDE8F08F0021FFF78DFC844684
:107B900058B101220023C0E90423604603B0BDE8C8
:107BA000F08F3B4627461C467AE7074B074862465C
:107BB00040F2372102F046FA0246034B034840F2F6
:107BC000452102F03FFA00BF0C10002020100020D9
:107BD0002DE9F043894683B0012157EC106B9046A4
:107BE000FFF762FC0446002846D0C7F30A55C7F3E6
:107BF00013030DB143F480130193331E15D101A873
:107C0000FFF702FD019B636101212030216115B363
:107C1000A5F233450544C0F13500C9F80050C8F855
:107C20000000204603B0BDE8F08368460093FFF7EC
:107C3000EBFCDDE9002328B1C0F1200103FA01F1DA
:107C40000A43C340002B0CBF012102216261A361E2
:107C50002161002DDCD104EB8103A0F23240C9F890
:107C600000001869FFF7A6FCC0EB4110C8F800003F
:107C7000204603B0BDE8F083034B0448224640F29F
:107C80000F3102F0DFF900BF0C100020201000209F
:107C900049B1FF2A02D80A70012070478A23036085
:107CA0004FF0FF3070470846704700BF2DE9F04F96
:107CB0002DED028BD1B00C46079190460993824678
:107CC00002F076F9036811931846FFF7C7F9082206
:107CD0001090002120A8FEF79DFFA389180603D568
:107CE0002369002B01F06E8000239FED728BCDE99C
:107CF0002533CDE9143327AA0D9324921746129306
:107D00001393059345462C466C4BD3F8CC61FFF793
:107D100037F820AA034600921AA922465046B047D7
:107D2000002800F09880C0F28E801A9A252A034617
:107D300001D01C44E8E7B4EB0508064640F08F800C
:107D400000234FF0FF328DF85F309B4606930134DD
:107D50002378049201349946A9F120035A2B00F2AA
:107D6000AF80DFE813F0FE02AD00AD00FA02AD0017
:107D7000AD00AD00DD02AD00AD00A802B702AD0060
:107D8000B302C002AD00BC025B005B005B005B00A5
:107D90005B005B005B005B005B00AD00AD00AD0015
:107DA000AD00AD00AD00AD002101AD009C01AC0304
:107DB000210121012101AD00AD00AD00AD00A803FE
:107DC000AD00AD000803AD00AD00AD007302AD0025
:107DD0006103AD00AD009807AD00AD00AD00AD0092
:107DE000AD00AD00AD00AD002101AD009C018701EB
:107DF000210121012101ED0387016C00AD00080480
:107E0000AD00F8033D0413046C00AD0073026A007A
:107E10008303AD00AD00FB07AD006A00A9F130039C
:107E2000002214F8019B02EB820203EB4202A9F14B
:107E30003003092BF5D906928EE723788AE7237859
:107E40004BF0200B86E70822002120A8FEF7E2FE77
:107E500001231C4458E7B4EB0508064610D02599C9
:107E6000269B013143440729C7E9005826932591F1
:107E700017DC0837059B43440593002E7FF460AF61
:107E8000269B002B41F00383079B9B8903F0400353
:107E9000002B41F0CF86059851B0BDEC028BBDE8B8
:107EA000F08F079924AA504601F022FF0028EBD159
:107EB00027AFDFE70000000000000000042B0020D7
:107EC000B9F1000FDCD00023CDE90B3301228DF88E
:107ED000DC908DF85F3008930A9204930E9337ADCF
:107EE0000292269A1BF08403904600F005819DF8CB
:107EF0005F1009B3DDF894C000260CF101010120E8
:107F00000132786007290DF15F00CDE92512386054
:107F100000F33E8408377EB1DDF894C00CF1010116
:107F200018A80232386007294FF00200CDE9251267
:107F3000786000F320840837802B00F06583049B71
:107F40000A995E1A002E00F3E8801BF4807F40F04F
:107F500021810A9B7B601A44259B3D600133072BDE
:107F60002692259300F3BC8308371BF0040F05D03D
:107F7000069B02995D1A002D00F31884DDE9053196
:107F800002988142ACBF5B181B180593002A40F091
:107F9000778300232593089B1BB108995046FFF770
:107FA00061F927AF2546AEE6099B073323F00703A7
:107FB000B3EC028B9FEDA17BB0EEC86BB4EE476BC8
:107FC000F1EE10FA099300F33986B4EE488BF1EE26
:107FD00010FA81F14685B9F1610F01F07A83B9F1A8
:107FE000410F01F07084049B013301F07F82B9F1ED
:107FF000670F18EE903A4BF4807801F0F584B9F1F0
:10800000470F01F0F1840023089318EE903A002BFB
:10801000C1F20885B0EE487B0026A9F14103252B6B
:1080200001F2DD81DFE813F0A50CDB09DB09DB09D8
:10803000700ADD0ADB09DB09DB09DB09DB09DB0987
:10804000DB09DB09DB09DB09DB09DB09DB09DB0910
:10805000DB09DB09DB09DB09DB09DB09DB09DB0900
:10806000DB09DB09DB09DB09A50CDB09DB09DB0923
:10807000700ADD0A1BF0200F40F0DE85099A1BF024
:10808000100F52F8046B41F01C861BF0400F099250
:1080900001F08E8046F3C038434636B21FE2B9F194
:1080A000430F03D01BF0100F00F06586082200215B
:1080B00022A8FEF7AFFD099A37AD126822AB294618
:1080C000504602F089FF0A90013001F0AE850A9B0C
:1080D00023EAE3730293099B269A0433099300234E
:1080E000CDE90B338DF85F30089304930E931BF0AA
:1080F000840390467FF4FBAE0699029E8E1B002EF1
:1081000000F321849DF85F1000297FF4F3AE049BF7
:108110000A995E1A002E7FF718AF4A49259B0F91E6
:10812000102E27DD39464FF0100837462E462546DB
:10813000079C04E0103F102F01F1080116DD013308
:1081400040481032072BC1E90008CDE92532F1DDA6
:1081500024AA2146504601F0CBFD002840F0988229
:10816000103F102FDDE9253227A9E8DC2C463546E3
:108170003E460F4601330F9939603244072BCDE953
:1081800025327E6000F364841BF4807F07F10807CA
:108190003FF4DFAEB9F1650F40F3AC82B5EE408B32
:1081A000F1EE10FA40F05283259B274939600133E4
:1081B00001320121072B26922593796000F37F87F6
:1081C0000837199B0D998B4280F2EB84109B119913
:1081D0001A44C7E90013259B26920133072B2593E8
:1081E00000F3D38508370D9B5D1E002D7FF7BDAED4
:1081F0001449259B0F91102D40F39787A146DDF878
:108200001C8010260C4604E00837103D102D40F36A
:108210008B8701331032072BC7E90046CDE92532A1
:10822000F2DD24AA4146504601F062FD002840F0EC
:108230002F82DDE9253227AFE7E700BFFFFFFFFF11
:10824000FFFFEF7F7C220020700A0020DDF82480F1
:1082500058F8045B00238DF85F30002D00F0A185F5
:10826000B9F1530F00F037871BF010030B9340F068
:108270003287049B002BC1F2FC801A460B992846DA
:10828000FEF78CFE9DF85F300890002801F04884CE
:10829000089A521B0A9222EAE27202920BB1013250
:1082A00002920B9BCDF8248004930E930C930893B9
:1082B0004FF0730915E6099B53F8042B0692002A28
:1082C00080F27584069A09935242069223784BF005
:1082D000040B3FE52B238DF85F3023783AE52378B4
:1082E0004BF0800B36E5214611F8019BB9F12A0FBE
:1082F00001F09084A9F13003092B98BF002201F20C
:10830000DD8211F8019B02EB820203EB4202A9F12C
:108310003003092BF5D942EAE27304930C461BE5BE
:10832000504601F045FE436813931846FEF796FE4B
:1083300015900646504601F03BFE82682378149261
:10834000002E3FF407AD002A3FF404AD1278002A56
:108350003FF400AD4BF4806BFCE423784BF0010B51
:10836000F8E49DF85F202378002A7FF4F3AC202204
:108370008DF85F20EEE41BF0200F4BF0100000F0B2
:108380002884099B073323F007031A46596852F8DB
:10839000083B099200228DF85F20049A002A18DB1E
:1083A00053EA010220F4906B15D1049A9AB910F0A7
:1083B00001031A46029300F0738630238DF83F3193
:1083C000049B0A92CDE90B330E9308930DF23F15EF
:1083D00087E520F4806B50AD03F00702DB0843EA29
:1083E0004173C908303253EA0106284605F8012DC9
:1083F000F2D11BF0010F00F01582302A00F012823A
:108400003023049905F8013C023850AB1B1A9942FD
:108410004FF00002B8BF1946CDE90B2208920A932B
:10842000054602910E925CE51BF0200F4BF0100107
:1084300021D1099B1A1D099B04981B684FF0000865
:1084400040458DF85F801E4659DB21F0800B002BE4
:1084500040F08C850992002840F0E983CDE90B00BB
:108460000A900E900290089050AD3AE51BF0200F54
:1084700000F0BE835946099B073323F0070200230F
:108480008DF85F30049BD2F8048052F8086B099293
:10849000002B35DB56EA080321F0800B31D1049B19
:1084A000002B40F0C483CDE90B330A930E93029363
:1084B000089350AD15E523784BF0080B4AE41BF008
:1084C000200F4BF0100300F07A83099A073222F054
:1084D00007029B46536852F8086B09929846002B96
:1084E000C0F2C282049A002A0BDB56EA08032BF082
:1084F000800B06D1002A00F04187302607E0099260
:108500008B460A2E78F1000380F0BF823036049A41
:108510009DF85F308DF83F61012AB8BF01220292B9
:1085200001220A920DF23F15002B01F06D83029B90
:10853000013302930023CDE90B3308930E93D0E46B
:108540002378682B03BF63784BF4007B01344BF036
:10855000400BFFF7FFBB099A1BF0200F02F1040349
:1085600000F08883126805991160C917516009935A
:108570002546FFF7C8BB23786C2B03BF63784BF00D
:10858000200B01344BF0100BFFF7E4BB099A049E5B
:1085900052F8041B002047F630038642ADF86030E5
:1085A0008DF85F000B46C0F2DB832BF0800545F0B1
:1085B000020B002940F0D683002E00F0E6860992D7
:1085C00030230122CDE90A210E918DF83F31029628
:1085D0000DF23F154FF078098E4608910C91A5E3F6
:1085E0001BF0200F40F02583099A1BF0100F52F862
:1085F000043B41F05E831BF0400F00F0E9859BB225
:10860000099258460021C5E6069B02995E1A002E83
:108610007FF795AC8B49259B0F91102E24DD3846B2
:108620004FF010082F4619462546864C04E0103EB0
:10863000102E00F1080013DD013110320729C0E9C6
:108640000048CDE92512F2DD079924AA504601F031
:108650004FFBE8B9103E102EDDE9251227A8EBDC10
:108660002C460B463D46074601330F99396032448C
:10867000072BCDE925327E6000F3638508375EE481
:10868000079924AA504601F033FB00283FF481AC3F
:10869000089B002B3FF4F8AB08995046FEF7E2FD2B
:1086A000079B9B8903F04003FFF7F2BB109B1199D6
:1086B0001A44C7E90013259B26920133072B259303
:1086C00000F3068707F108010028C1F21E810D980A
:1086D0000D6001330244072BCDE92532486046DDA9
:1086E000079924AA504601F003FB0028D0D1269A0E
:1086F00027AF3AE40D98259B012802F1010203F10E
:10870000010307F1080140F364810120072BCDE943
:1087100025323D60786000F32C821098119E013361
:108720000244072BC1E90060CDE9253200F32D8218
:1087300008310D98B5EE408BF1EE10FA00F1FF36DE
:1087400000F05F81013301353244072BCDE925323A
:108750000D604E6000F34981083112984860013382
:108760000244072B1CA8CDE925320860B8DC01F1D2
:108770000807FFF7FABB07990F9324AA504601F0A8
:10878000B7FA002884D1269A0F9B27AFFFF7D4BBF6
:1087900007990F9324AA504601F0AAFA00287FF403
:1087A00077AF269A0F9B27AFFFF7B5BB102D259B00
:1087B00041F3D580A046DDF81C90234C102604E040
:1087C000103D102D07F1080715DD01331032072B7E
:1087D000C7E90046CDE92532F2DD24AA49465046D4
:1087E00001F086FA00287FF453AF103D102DDDE92B
:1087F000253227AFE9DC21464446884601332A4426
:10880000072BC7E90085CDE925327FF7B7AB07997C
:1088100024AA504601F06CFA00287FF439AF269A5A
:10882000FFF7ACBB049950AA521B91424FF00003D2
:10883000B8BF1146CDE90B3308930A9202910E930B
:10884000FFF74FBB7C220020AC1D002019980028A8
:1088500040F300840B9B0D998B42A8BF0B46002B65
:1088600098460ADD1A44C7E90053259B2692013336
:10887000072B259300F3B48708370B9EB8F1000F40
:10888000A8BFA6EB0806002E00F3AB820B9B1BF4DF
:10889000806F03EB050940F0CA82199B0D998B424A
:1088A00003DB1BF0010F00F07D85109911980A443D
:1088B000C7E900012599269201310729259100F386
:1088C0009B8708370D996E18A6EB0906CD1AAE42A4
:1088D000A8BF2E46002E0BDD259BC7F80090013364
:1088E0003244072B7E602692259300F3D387083706
:1088F000002EA8BFAD1B002D7FF737ABB949259BD4
:108900000F91102D40F31184A146DDF81C80102634
:108910000C4604E00837103D102D40F30584013368
:108920001032072BC7E90046CDE92532F2DD24AA33
:108930004146504601F0DCF900287FF4A9AEDDE99C
:10894000253227AFE7E72599102E404640F361878F
:108950000F943A46A846079CA34D1F4604E0103EDC
:10896000102E02F1080216DD013110301023072904
:10897000CDE9251015605360F1DD24AA214650464B
:1089800001F0B6F900287FF483AE103E102EDDE929
:10899000251027AAE8DC3B460F9C17462A46454689
:1089A000904601F1010C3218BCF1070FCDE925C248
:1089B000C7F800807E6000F336839DF85F100837AB
:1089C000002940F0F880002B3FF4B9AA0B46FFF7CE
:1089D000A5BA1BF0010F7FF498AE0120072BCDE95B
:1089E00025323D6078607FF7B8AE079924AA5046DB
:1089F00001F07EF900287FF44BAEDDE9253227A98E
:108A0000ABE60D9801287FF7A8AE112875480F90A6
:108A100040F3B783A046079F1025044604E00831C1
:108A2000103E102E40F3AC8301331032072BC1E906
:108A30000045CDE92532F2DD24AA3946504601F041
:108A400057F900287FF424AEDDE9253227A9E7E7AE
:108A5000079924AA504601F04BF900287FF418AE7C
:108A6000269A27AFFFF771BA2D238DF85F30049B4C
:108A7000764268EB4808002BFFF643AD0A2E78F1EA
:108A800000032BF0800BFFF441AD0294CDF8289049
:108A900050A9DDF8509008974FF0000C0BF480645B
:108AA00026E016EB0803514843F10003A0FB032026
:108AB00020F0030202EB90029B1AF31A4B484FF08E
:108AC000CC32B646474602FB03F268F1000800FBD1
:108AD0000822A3FB0063BEF10A0F13444FEA5606B7
:108AE00077F10007294646EAC3764FEA53082DD3AB
:108AF0003E4D16EB080343F10003A5FB032020F0D5
:108B0000030202EB90029B1AF31AA3FB053268F1F1
:108B1000000005FB00225B0843EAC27303EB8303FA
:108B2000A6EB430330330CF1010C01F8013C4D1E60
:108B3000002CB6D099F800306345B2D1BCF1FF0FDC
:108B4000AFD00A2E78F1000380F0B3830499029C21
:108B5000CDF8509050AB5A1B9142B8BF1146DDF88A
:108B60002890089F9DF85F30CDF834C00A9202919A
:108B7000DAE4079924AA504601F0BAF800287FF4F5
:108B800087ADDDE9253227A9C7E5079924AA504614
:108B900001F0AEF800287FF47BADDDE9253227A98E
:108BA000C7E51BF0010F3FF4E0A9FFF70FBB0993E6
:108BB0002378FFF7CFB81E460023FFF79EB9099A26
:108BC0000432099909920E684FEAE6789B464346BB
:108BD00085E4099B1A1D099B09921B680021FFF778
:108BE000D9BB00BF7C220020AC1D0020CDCCCCCC5A
:108BF000099A1BF0100052F8043B41F057801BF01B
:108C0000400100F0A8818DF85F009BB204994FF0FD
:108C1000000841451E46C0F2A9812BF0800B002BB5
:108C200040F0A481049B0992002B3FF43CAC002649
:108C30006CE45846FFF7A5BB5B4646E4B5EEC08B37
:108C4000F1EE10FA2BF0800B00F11E839DF85F30DF
:108C5000B9F1470FCCBFA44DA44D002B40F0528773
:108C60000322CDE90B3308930A9204930E930292E8
:108C7000FFF737B91BF0100F40F07C821BF0400F5C
:108C800040F0A7831BF4007F00F07482099A0599D5
:108C9000126811706BE4964E1BF0200F00F07D817E
:108CA000099B073323F007031A46586852F8083B1C
:108CB00009921BF0010140F05C81049A8DF85F106D
:108CC000002AC0F28B8153EA00022BF4906B00F073
:108CD000948103F00F02B25C8DF83F211B0943EA37
:108CE0000073020953EA10100DF23F150BD003F088
:108CF0000F001B09305C05F8010D43EA02731209ED
:108D000053EA0200F3D1049A50AB4FF0000E5B1B04
:108D10009A42CDE90BEEB8BF1A460A930292CDF8FB
:108D200020E0CDF838E000293FF4DBA8029BDDE924
:108D300025C2023302931BF084039046614604D19E
:108D4000069E0298361A002E06DCBEF1000F3FF494
:108D5000E5A80226FFF7D1B80223F5E5654E9BE7AB
:108D60004BF0020B0992634E03F00F020221B25C3A
:108D70004FF07809B0E7099B1B688DF8DC300123C0
:108D800002930A9337ADFFF7A6B9079924AA504674
:108D900000F0AEFF00287FF47BAC269A27AFFFF7E8
:108DA00022BA049B0895062B28BF062302930A9338
:108DB0002B460495CDE90B334F4DCDF824800E930F
:108DC000FFF78FB840215046FDF736F8079B186033
:108DD0001861002800F06087079A40235361FEF76E
:108DE00083BF102E259B40F32E874448DDF81C805E
:108DF0000F9039464FF01009074604E00831103E45
:108E0000102E40F32B8201331032072BC1E9007979
:108E1000CDE92532F2DD24AA4146504600F068FF34
:108E200000287FF435ACDDE9253227A9E7E70D9B63
:108E3000DDF83880CDF83CB0EB1804930C9BDDF8DE
:108E40001CB00B94002B4E463946DDF85090159F10
:108E50000E9531DDB8F1000F40F32B8108F1FF389A
:108E60002598139B01303A440728C1E90037269220
:108E7000259000F39F800831049B99F800009D1B0A
:108E80008542A8BF0546002D0CDD259801302A44F7
:108E90000728C1E900652692259000F35E8199F8C4
:108EA00000000831002DACBF441B0446002C14DC2C
:108EB00006440C9B002BCDDCB8F1000FCEDCDDE9C5
:108EC0000D35EB189E42CDF850900B9CDDF83CB070
:108ED000B1460F4628BF9946DFE4102C2598074B72
:108EE0002BDD10250A9310E0C00F00207C1000201D
:108EF0009810002084100020AC1000207C2200205C
:108F0000103C102C01F1080116DD0130AE4B10327F
:108F10000728C1E90035CDE92502F1DD24AA59462B
:108F2000504600F0E5FE00287FF4B2AB103C102C58
:108F3000DDE9250227A9E8DC0A9B0B600130224409
:108F40000728CDE925024C6000F3588399F800000A
:108F500008310644ADE71BF4007840F032820499F2
:108F60008DF85F8000291E46BFF657AE0992FFF7C5
:108F7000C8BA53EA000237D030228DF860200022B0
:108F80008DF85F20049A8DF86190002A23DB2BF482
:108F9000906242F0020B02219BE6099A1BF0100F2F
:108FA00052F8043B099214D11BF0400F0DD09BB234
:108FB00000207EE624AA5946504600F099FE00287B
:108FC0007FF466AB269A27A956E71BF4007F40F092
:108FD000F58100206DE64BF0020B022103F00F0239
:108FE0002BF4806BB25C77E6049B00218B428DF8FA
:108FF0005F10C0F241812BF4906B049A002A00F0BC
:10900000CB80012A33788DF83F31B8BF012200238D
:1090100002920122CDE90B3308930A920E930DF2CE
:109020003F15FEF75EBF07990F9324AA504600F044
:109030005FFE00287FF42CAB9DF85F10269A0F9BF3
:10904000002900F0AC801E46DDF894C0034627AF2F
:10905000FEF753BF259B5D49396001330132012181
:10906000072B26922593796000F37C81083700282E
:109070007FF41CAB0D990BF001030B433EF475AF6D
:10908000109B11991A44C7E90013259B26920133BE
:10909000072B259300F31C8207F10801FFF717BB8C
:1090A000049B0A93CDE90B330E93089350ADFEF762
:1090B00018BF0C9B013B09F1FF390C93D0E60799CF
:1090C00024AA504600F014FE00287FF4E1AA269A54
:1090D00027AFFFF776B80822002122A81B95FDF7DD
:1090E00099FD049B002B7DDB00260294CDF82080A7
:1090F000344698460EE037A9504601F06DFF411CFA
:10910000204400F09484404509DC06F1040600F098
:10911000008504461B9A925922AB002AEBD10A948F
:10912000DDF82080029C6AE04C4601330F993960DB
:109130002A44072B7D60CDE925327EF715AFFFF776
:10914000CFBA079924AA504600F0D2FD00287FF438
:109150009FAA269A27AFFEF7F2BE24AA5946504688
:1091600000F0C6FD00287FF493AA99F80000269A23
:1091700027A997E6099A059912681160FFF7F7B9D0
:10918000444601330F9808603244072BCDE925325D
:109190004E607FF7E1AA28E4049BFFF784B9002B17
:1091A00000F00981DDF894C00B4627AFFEF7B6BE8C
:1091B0001BF4007F16BF46F3C0184FEAE67876B27C
:1091C0004346FFF78CB900BF7C220020700A0020C4
:1091D0001BF4007100F0F980DBB2099258460021BF
:1091E000FFF7D8B822AB009300231BAA19465046BC
:1091F00001F01AFF0A90013000F019841B950A9BB8
:10920000002B00F09F80632B00F34C810023089318
:1092100037AD0822002122A8FDF7FCFC0A9E22ABF4
:1092200000931BAA33462946504601F0FDFE8642B4
:1092300040F042850A9A0023AB5422EAE27202927D
:109240009DF85F20049312B1029A01320292CDE997
:109250000B33CDF824800E93FEF743BE0F46013347
:109260000F9939603244072BCDE925327E6000F337
:1092700023810837FFF70ABB33788DF83F312BF491
:10928000806B0DF23F153EE52D238DF85F30B9F16F
:10929000470F4FF000030893049340F3E680032246
:1092A000964D0A92CDE90B330E9304230293FEF7F9
:1092B00018BE159A1399AD1A2846FDF72BFD99F89B
:1092C00001300BB109F101098D4A16EB080343F196
:1092D0000003A2FB030727F0030000EB97001B1A13
:1092E000F31A4FF0CC3168F1000803FB01F102FBE7
:1092F0000811A3FB023001445B0843EAC1764FEA40
:10930000510816EB080343F10003A2FB031020F001
:10931000030101EB90015B1AF31AA3FB023168F120
:1093200000005B0802FB001243EAC27303EB8303F5
:10933000A6EB4303303305F8013C4FF0010C013D2F
:10934000FFF7F8BB9DF85F30CDF82480003B18BFD5
:10935000012302930A9B0493CDE90B330E930893E8
:10936000FEF7BFBD079924AA504600F0C1FC0028B3
:109370007FF48EA91998269A27AF78E69DF85F307A
:1093800002920A9250ADFFF7CFB8049B0992CDE943
:109390000A330E930C93029350AD4FF078099E461A
:1093A0000893C3E46E18A6EB0906CD1AAE42A8BF17
:1093B0002E46FFF79DBA27AFFEF7C1BDDBB20020F6
:1093C00077E48DF85F10DBB220E409925846FEF78F
:1093D000E1BF099A059912681180FFF7C8B822AB5E
:1093E00001931BAB0093B0EE470B049A19AB02211B
:1093F00050468DED027B00F0D9FE9DED027B0546C7
:109400001BF0010F40F05582229B5A1B199B0D92B5
:10941000D81C0B93C0F2018204999942C0F20B81CF
:109420009A4200F392820B9B0A931BF4806F03D045
:109430000B9B002B00F32D830A9B23EAE373C346A7
:1094400002934FF0670900230E930C930BF0020177
:10945000002E00F0CA804FF02D0E8DF85FE0029BC9
:1094600001330293002304935DE40322254D0A9205
:1094700018E72846FDF7F2FD9DF85F300A9020EAD4
:10948000E0720292002B3EF40CAFFEF708BF079C7F
:1094900024AA2146504600F02BFCA38903F0400388
:1094A000FEF7F6BC591C5046FCF7C6FC05460028E2
:1094B00000F0F6830890ACE6079924AA504600F025
:1094C00017FC00287FF4E4A8269A27AFFFF7DEB93F
:1094D000079924AA504600F00BFC00287FF4D8A876
:1094E000DDE92532199827A9FFF7EEB80023089384
:1094F000062304934BF48078FEF787BDC00F00204D
:10950000CDCCCCCC7C100020049B01330D930221E8
:1095100022AB01931BAB0093B0EE470B19AB0D9A36
:1095200050468DED027B00F041FE0D9B29F0200C92
:10953000BCF1460F9DED027B054600EB030100F0F8
:109540009880B5EE407BF1EE10FA00F0D882229BB5
:10955000994288BF4FF0450C40F2CF8230205A1C10
:1095600022921870229B8B42F9D35B1B0D93BCF1A6
:10957000470F199B0B9356D0BCF1460F00F08F801C
:109580000B9B8DF87090013B002B1993C0F24C811E
:109590002B22092B8DF8712000F34F8130228DF89A
:1095A00072200DF17302303302F8013B1CABD31A69
:1095B00012930D9B129A012B1A440A9240F3418296
:1095C0000A9B109A13440A930A9A2BF4806343F47B
:1095D000807B22EAE2720023CDE90B330E930292E4
:1095E00034E7049B0D93032192E79DF85FE0BEF101
:1095F000000F7FF434AF0496FFF795BB24AA5946B9
:10960000504600F075FB00287FF442A899F800004E
:10961000269A27A906444CE4199B0B934B1BBCF1DB
:10962000470F0D933BD10B9B0333C0F2F680049B95
:109630000B9A93420FDA0B9B013BA9F10209002B15
:109640008DF870901993A3DA0B9B2D22C3F10103BF
:109650008DF87120A2E70D9B0B9A934200F3758160
:109660001BF0010F0B9B00F0B282109A13440A9377
:10967000DBE62B78302B00F06182199B1944B5EEA4
:10968000407BF1EE10FAC7D0229B8B42FFF466AF0D
:109690005B1B0D93BCF1470F199B0B93C3D00B9928
:1096A000049A0BF00103002943EA020340F3CF823E
:1096B000002B40F01A820B9B0A934FF066091BF4B3
:1096C000806F40F0E8810A9B23EAE373C34602936C
:1096D000B9E647F63003ADF86030049B632B4BF0DE
:1096E000020B00F35C8118EE903A002BC0F23B8134
:1096F000B0EE480B19A800F061FCB4EE007B20EE40
:10970000077BB5EE407BF1EE10FA40F0408201237A
:109710000026199337AD0896AE480499B3EE004B76
:109720002B4606E0B5EE407BF1EE10FA00F00F821A
:10973000114627EE047BFDEEC76B4A1E16EE90CA5B
:1097400010F80CE0B8EEE65B9C4637EE457B03F87C
:1097500001EB0029E6D1B6EE005BB4EEC57BF1EE7D
:1097600010FA08DCB4EE457BF1EE10FA1ED116EECD
:10977000902AD2071AD5CDF888C013F8011C90F8AA
:109780000FC08C451A460AD14FF0300E02F801EC9A
:10979000229A511E229112F8011C6145F6D03929F6
:1097A00016BF0131817AC9B202F8011C199A5B1BFC
:1097B0000D93B9F1610F02F1FF33199300F01F828D
:1097C00050214FF04109002B8DF87010C0F20E822D
:1097D0002B22092B8DF871202FDC0DF17202E2E6AD
:1097E000079924AA504600F083FA00287EF450AF6F
:1097F000269A27AFFFF741B8079924AA504600F0F0
:1098000077FA00287EF444AF199B269A27AFFFF71A
:1098100059B8DFF8CC81FFF7C4B80B9BA9F1020956
:10982000013B8DF8709019930B9A2D238DF87130B0
:10983000C2F101030832BFF6B1AE0DF17F0CDFF8C3
:10984000A4E162461046AEFB0312D20802EB82018D
:10985000A3EB41013031632B00F8011C134600F1EA
:10986000FF32EFDC303302F8013C831E634580F0A9
:10987000C8810DF1710213F8011B02F8011F634545
:10988000F9D103F5A0736B44CC3B1B1A1CAA9B1A9D
:1098900012938EE6079924AA504600F029FA002870
:1098A0007EF4F6AE199D0D9B269A5D1B27AFFFF740
:1098B0001FB8049B4FF0470CE918E0E600230C4664
:1098C0000493FEF749BA45F63003ADF86030049BC7
:1098D000632B4BF0020B62DC18EE903A002B42DB5C
:1098E000B0EE480B19A800F069FBB4EE007B20EE47
:1098F000077BB5EE407BF1EE10FA01D101231993FD
:1099000000263548089637AD07E746421030334801
:109910000F9052DA1027804603E00831103E102ED7
:109920004BDD01331032072BC1E90087CDE9253229
:10993000F3DD079924AA504600F0DAF900287EF4F6
:10994000A7AEDDE9253227A9E8E70D9B109A9A1802
:109950000B9B0A92002B79DD4FF06709AFE6DFF829
:109960008080FEF74BBF0023089337AD2D26B1EE64
:10997000487BB0EE470B19A800F020FBB4EE007B4B
:1099800020EE077BB5EE407BF1EE10FA04BF012319
:109990001993B9F1610F3FF4BFAE0F48BDE6049BC8
:1099A0005046591CFCF748FA0546002800F03D8156
:1099B00008904BF48078FEF728BB01330F980860BD
:1099C0003244072BCDE925324E6000F30281083185
:1099D000FEF77DBE84100020981000207C2200201D
:1099E000AC1D0020CDCCCCCC049A002A00F0D48051
:1099F000002BC0F22481B0EE487B002622AB0193FD
:109A00001BAB0093B0EE470B19AB049A02215046F2
:109A10008DED027B00F0CAFB00239DED027B054625
:109A20000893EDE42D26B1EE487BFEF7F6BA079BCE
:109A30009B890022089243F04003079A9381FEF726
:109A400027BE1BF0010F3FF4BFADB9E5C3F1010321
:109A50001A4422EAE273C3460A9202934FF067095E
:109A6000F1E418EE903A13F000432BF0800B0B93C7
:109A700000F09A802D238DF85F30B9F1470F4FF039
:109A800000030893049340F3F8800322944D0A9254
:109A900008E44FF0670914990B78FF2B00F0F88069
:109AA00000200B9A0E90844603E001300131FF2B19
:109AB00009D0934207DAD21A4B78002BF5D10B78F4
:109AC0000CF1010CF3E7CDE90B201491CDF838C06F
:109AD0000C9A0E9B159913440A9A01FB03230A93CF
:109AE00023EAE373C3460293B0E4109B02EB01093F
:109AF0004B440A934FF06609E1E55B1B0D93199BFC
:109B00000B933DE50023032208930A920493FFF789
:109B1000C9BB049B029CDDF820800A93FFF76FBB52
:109B2000CDF824801BB3049B0A935A1C0292049024
:109B30000E900C904FF07309FEF7D3B9B5EE407B51
:109B4000F1EE10FA1ED1199B0B93194466E5002A19
:109B50000491FFF62BAE0499302001EB030C19465B
:109B600001F8010B6145FBD11A44531C1EE6049B0E
:109B70000A930293089B0E930C9304934FF073097E
:109B8000FEF7AFB90D9BC3F10103199376E50026EB
:109B90005448089637ADC0E5934273DBB0EE487B7E
:109BA0000123049E049329E79DF85F30B9F1470F24
:109BB000CCBF4B4D4C4D002B40F0868003220493CC
:109BC0000A920E930C9308930292FEF78AB90A93B5
:109BD0002BE4079924AA504600F08AF800287EF466
:109BE00057ADDDE9253227A9FEF771BD2D238DF88C
:109BF0007130C2F101030832FFF61FAEEDE57021AE
:109C0000E1E502231293D4E4CDE90B3308930E93DC
:109C1000FEF767B9099A63780C4652F8041B09925B
:109C200041EAE1710491FEF795B8079A938943F0F0
:109C3000400393814FF0FF330593FEF72CB92D2697
:109C4000B1EE487BDAE629490F91FFF708BBC3461E
:109C500033B9012302934FF066090A93FFF7F3BB70
:109C6000109B03F10109049B4B440A9323EAE3731D
:109C700002934FF06609FFF7E6BB03221A4D0A92E2
:109C8000FFF710BB01232D260493B1EE487BB5E608
:109C900000230E930C931BE70C23CAF80030C9E78E
:109CA000079B08909B8943F04003C6E65946FEF7A0
:109CB000C2BB5846FEF78FBF079B9B8943F040030A
:109CC000BBE65B46FEF77DBF002304930E930C9327
:109CD000089303230A9304230293FEF702B900BFFB
:109CE000BC0F002084100020801000207C22002067
:109CF0002DE9F0411546926802B32C680746884664
:109D0000083401E00834C9B16B68581E002B1146B5
:109D1000686013DD54F8046C002EF3D0334654F819
:109D2000082C4146384602F015FB431C07D0AA68B0
:109D3000921B1146AA6008340029E5D100200023B7
:109D4000C5E90133BDE8F08170B5002941D0064670
:109D50000C4610B1436B002B3ED0FCF7B7FD636E91
:109D6000B4F90C20DD0730D4900538D521463046B3
:109D700000F04CF8E36A054633B1E1693046984794
:109D80000028B8BF4FF0FF35A3891A0639D4216BDC
:109D900041B104F14003994202D03046FDF762FA26
:109DA00000232363616C21B13046FDF75BFA002389
:109DB0006364636E0022DB07A2811ED5A06DFDF7F0
:109DC00079F8FCF789FD284670BD002ACED1FCF752
:109DD00083FD0025284670BDFCF75AFDBDE7A06D48
:109DE000FDF76AF8B4F90C30002BBFD1636ED907C8
:109DF000EDD4A06DFDF762F8E9E7A06DFDF75EF820
:109E0000DCE721693046FDF72DFAC0E7B1F90C20F7
:109E10002DE9F041804610070C4650D4496842F4C1
:109E200000630029A38164DDA66A002E44D00021CE
:109E300012F48052D8F80050C8F8001065D1E169DA
:109E400001234046B047411C02466CD0B4F90C30A7
:109E5000A66A5B0705D56368D21A236B0BB1E36B67
:109E6000D21A0023E1694046B047471CB4F90C30D0
:109E70004DD1D8F800101D2940D8304ACA40D60725
:109E80003CD52269226023F40062A281D9044FF0FC
:109E90000002626003D5D8F80030002B41D0216B5E
:109EA000C8F8005041B104F14003994202D0404645
:109EB000FDF7D8F9002323630020BDE8F0810E6987
:109EC000002EF9D00D680E6092070CBF4B6900237D
:109ED000AD1B8B600AE02B463246E169676A40465B
:109EE000B8470028A5EB0005064406DD002DF2DC8E
:109EF000E2E7E16B002997DCDEE7A38943F040034A
:109F0000A3814FF0FF30BDE8F081226DA1E7226907
:109F1000226023F40062A281DB044FF00002626041
:109F2000BDD52065BBE7D8F80030002B8ED01D2BA7
:109F300001D0162BE1D1C8F80050BDE70100402048
:109F400000B5034683B008B1426B52B3B1F90C00BF
:109F500098B14A6ED20701D4820512D518460091F5
:109F6000FFF754FF00994A6E0346D00702D48A894E
:109F700092050ED5184603B000BD0346184603B03F
:109F800000BD886D01930091FCF796FFDDE9001399
:109F9000E4E7886D0093FCF791FF009B184603B03F
:109FA00000BDCDE90001FCF773FCDDE90031CDE730
:109FB00000487047DC2C0020000000004DF804BD74
:109FC00083B08DED000B019ADFF870C022F00043E2
:109FD00000216345016025D8DDF800C053EA0C0C70
:109FE00020D0DFF85CC002EA0C0CBCF1000F0AD1F3
:109FF0009FED107B20EE077B8DED007B019A6FF0CB
:10A00000350122F00043DDE900BC6FF31E5242F03F
:10A010007F5C1B154CF4001CA3F2FE33CDE900BCA1
:10A020000B4403609DED000B03B05DF804BB70476B
:10A03000AFF300800000000000005043FFFFEF7FFF
:10A040000000F07F00B50B4C2468864685B0E068C0
:10A050009C460C4652B108490094CDE90112734662
:10A060000649624600F0ECFFF9F7C8FC04490A46CD
:10A07000F2E700BF6C2D0020B4100020C4100020B7
:10A08000A40D00202DE9F04F03690C69A34283B0B1
:10A09000C0F28880013C01F1140500F1140855F864
:10A0A000243058F82420013308EB84069A420096A5
:10A0B0004FEA840B05EB8407B2FBF3F63AD3002397
:10A0C0000191C64629469C4651F8042BDEF80090C3
:10A0D0001FFA82FA06FB0A334FEA134A120C06FBF8
:10A0E00002A29BB21FFA89FAAAEB030363441FFA88
:10A0F00082FCCCEB234C0CEB194C9BB243EA0C4397
:10A100008F424EF8043B4FEA2C4C4FEA1243DBD20D
:10A1100058F80B3001996BB9009B043B984504D368
:10A1200007E0984504F1FF3403D21A68043B002A83
:10A13000F7D004618146FDF76BFC00282EDB013669
:10A140004146002255F8040BD1F800C01FFA80FEEA
:10A150001FFA8CF3A3EB0E031344020CC2EB234251
:10A1600002EB1C429BB243EA0243AF4241F8043B7C
:10A170004FEA2242E6D258F8242008EB84036AB959
:10A18000043B984504D307E0984504F1FF3403D21B
:10A190001A68043B002AF7D0C9F81040304603B0D3
:10A1A000BDE8F08F002003B0BDE8F08F2DE9F04F3F
:10A1B00093B08DED000B0491816B1C9D069257ECC2
:10A1C000106B0446089341B1C26B4A60012393406F
:10A1D0008B60FDF793F90023A363B7F10008B4BFC8
:10A1E000012300232B60A34BBCBF28F00048CDF80F
:10A1F000048033EA080300F092809DED007BB5EE09
:10A20000407BF1EE10FA0DD1089A012313601D9BDB
:10A2100013B11D9A984B1360984B0293029813B098
:10A22000BDE8F08F10AAB0EE470B11A920468DEDC6
:10A23000027BFDF7CDFC5FEA18539DED027B109A7F
:10A24000834640F08280119B134403F2324120295F
:10A2500040F3E281C1F1400108FA01F803F2124132
:10A2600026FA01F148EA010106EE101AB8EE466B33
:10A27000013B16EE901A4FF00108A1F1F8719FED25
:10A28000772BB7EE081B9FED775B9FED784B06EEC3
:10A29000901A03EE903A36EE416BB8EEE33BA6EE31
:10A2A000025BB0EE456BA3EE046BFDEEC65BB5EE54
:10A2B000C06BF1EE10FACDED055A00F1C0800599A2
:10A2C000D21A162902F1FF3A00F2A4806C4B03EB7C
:10A2D000C10393ED006BB4EEC67BF1EE10FA00F112
:10A2E000A281002A40F3C0840027CDE90A178A44DE
:10A2F00000230993049B092B3DD8052BC4BF043BC5
:10A300000493049BA3F10203CCBF00250125032B7A
:10A3100033D8DFE813F0FA01F701ED019201089A52
:10A32000C8F3130842F20F7358EA060813601BD1F2
:10A330001D9B002B00F04286524B029308331D9A5E
:10A340000298136013B0BDE8F08F17EE901AB0EECC
:10A35000476BC1F3130141F07F51A3F2FF3341F486
:10A3600040114FF000088AE71D9B002B40F06181EF
:10A37000454B029352E7002304930025E5632946E9
:10A3800020468DED067BFDF78FF89DED067B029054
:10A39000002800F0B485119A029BA363002A75DBA4
:10A3A00005990E2972DC364B03EBC10393ED003B9C
:10A3B00087EE036BBDEEC66B029916EE103A303392
:10A3C00001F8013B4FF0FF39B8EEC65BA5EE437BC9
:10A3D0000123B2EE044B11E087EE036BBDEEC66BBA
:10A3E000013316EE102A4B4502F13002B8EEC65B7F
:10A3F00001F8012BA5EE437B00F0A38427EE047B3C
:10A40000B5EE407BF1EE10FAE6D1059B01330493E3
:10A410000D46ECE001230B93059BBAF1000FBABF88
:10A42000C2F101074FF0000A0027002B80F2F180F3
:10A43000059BFF1A5B42099300230A935AE7B8EE83
:10A44000E55BB4EE465BF1EE10FA3FF438AF0599E8
:10A450000139059133E700BFAFF3008061436F63BB
:10A46000A787D23FB3C8608B288AC63FFB799F502D
:10A470001344D33F0000F07F710A0020700A0020CF
:10A4800090060020F4100020001100204FF0FF394A
:10A490000695CDF83090B8F1000F00F0E984DDF8B2
:10A4A000248002F23342012120469244BD18FDF778
:10A4B000EBF80646002F40F09F82099B002B00F02E
:10A4C0009383B8F1000F40F077835946099A2046EC
:10A4D000FDF7CCF901238346099301212046FDF7BE
:10A4E000D3F80A9B8046002B40F04582049B012B49
:10A4F00040F3AA820120504410F01F0000F00881B0
:10A500001B2800F3D582C0F11C0005440744824497
:10A51000002D05DD59462A462046FDF703FA8346FD
:10A52000BAF1000F05DD414652462046FDF7FAF923
:10A5300080460B9B002B40F00082B9F1000F40F3E6
:10A54000D781099B002B40F02481059B01330493A4
:10A55000029F012507E0594600230A222046FCF706
:10A56000D7FF0135834641465846FFF78BFD4D45E1
:10A5700000F1300A07F801ABEDDB029BB9F1000FE7
:10A5800003F1010209F1FF394FF00003D8BF4FF08A
:10A59000000991440093594601222046FDF7C2F973
:10A5A00041468346FDF734FA002840F32083029A9F
:10A5B00002E0914500F026834D4609F1FF3915F878
:10A5C000013C392BF5D0013389F800304146204653
:10A5D000FCF794FF5EB1009B2BB1B34203D0194648
:10A5E0002046FCF78BFF31462046FCF787FF594693
:10A5F0002046FCF783FF00232B70089B049A1A6007
:10A600001D9B002B3FF40AAE02981D6013B0BDE8FD
:10A61000F08F9A440A936BE6C1F1200106FA01F12A
:10A6200006EE101A22E6059B013B059300230B93CF
:10A63000F2E6AC4B0293033381E601230D93DDE98F
:10A640000523134403F101094E46012E0C93B8BFB4
:10A650000126172E40F39C84012204235B0003F1A2
:10A660001400B042114602F10102F7D9E16320461D
:10A670008DED0E7BFCF718FF0290002800F03F8460
:10A68000B9F10E0F9DED0E7BA06346D8002D44D08E
:10A690000599002940F3F182934B01F00F0203EB7F
:10A6A000C203CD0593ED006B4FEA211340F18A837D
:10A6B0008E4A92ED085B03F00F03032187EE054BF2
:10A6C000002B00F0FB81894A01E05B100832D807BB
:10A6D00003D45B100832DE07F7D592ED005B5B1008
:10A6E00001F1010126EE056B00F0E8810832F2E786
:10A6F00001230D93069B002B40F38B81069E0C9645
:10A70000B146A6E700230D9399E700230D93F1E7E7
:10A710001C20054407448244FAE6119A002AC0F23C
:10A720004081059B0E2B00F33C816F4B059A03EB98
:10A73000C20393ED003B069B002B80F2ED82B9F142
:10A74000000F00F3E98240F08682B1EE046B23EE45
:10A75000066BB4EEC67BF1EE10FA494640F27C82FD
:10A76000029D312305F8013B2046FCF7C7FE059BFF
:10A77000023304933BE7314600230A222046FCF7CC
:10A78000C7FE0C9B002B064640F3FA83DDF83090A1
:10A790000595002F05DD31463A462046FDF7C2F803
:10A7A00006460A9B002B40F0F6823746029D6B1E40
:10A7B0004B440A93009B03F001030C934146584617
:10A7C000FFF760FC31460B9000F1300A5846FDF768
:10A7D0001FF9414681463A462046FDF739F9C368DC
:10A7E0000146002B36D109905846FDF711F9099919
:10A7F00006902046FCF782FE069A002A5AD1049B56
:10A800001BB90C9B002B00F0A483B9F1000F43DBB4
:10A810000A9BA9469D4209F801AB00F0D782594630
:10A8200000230A222046FCF773FEBE4283463146CF
:10A830004FF000034FF00A02204635D0FCF768FEC7
:10A840003946064600230A222046FCF761FE4D46A3
:10A850000746B3E72046FCF751FEB9F1000F08DBCD
:10A86000009B03F00102049B49EA030952EA090232
:10A870002ED1594601222046FDF754F84146834621
:10A88000FDF7C6F8002840F34183BAF1390F00F014
:10A8900024830B9B03F1310A05F801AB059B00965D
:10A8A000013304933E4691E6FCF732FE4D460646E0
:10A8B000074683E7B9F1000FC0F28483049B49EA9D
:10A8C00003090C9B53EA090900F07C83002A9FDDF1
:10A8D000BAF1390F00F001830AF1010305F8013BD9
:10A8E000DCE700BF00110020900600206806002071
:10A8F000049B022B7FF725AEB9F1000F40F00082D8
:10A9000041464B4605222046FCF702FE01468046A2
:10A910005846FDF77DF8484540F3F281029D31230A
:10A9200005F8013B41462046FCF7E8FD059B023354
:10A930000493002E7FF457AE59E641465846FDF782
:10A9400067F80028BFF6F9AD594600230A222046D1
:10A95000059DFCF7DDFD099B013D8346002B7FF43F
:10A960000AAF0C9B002B40F3FE82059BDDF8309074
:10A9700004930595ECE51A4601462046FCF776FF60
:10A98000049B012B804640F3F98100230A93D8F8F9
:10A99000103008EB83031869FCF70CFEC0F12000AF
:10A9A000A9E50D9B73B9002F67D1099B002B74D1CA
:10A9B0001D461E4691E5119A002A03DB05990E29D2
:10A9C0007FF7B4AE049B012B7FF765AD099B09F1BE
:10A9D000FF384345C0F27781B9F1000FA3EB0808B7
:10A9E00080F2BE82A7EB0903012120460D93FCF7FC
:10A9F0004BFE3D460D9F0646BAF1000F7FF75DAD59
:10AA000057453B46A8BF5346ED1AFF1AAAEB030A67
:10AA100053E50021E16320468DED067BFCF744FD04
:10AA20009DED067B0290002800F06982029BA363E3
:10AA3000002D40F09F81119AAA42C0F27C8201232E
:10AA40000C93994606936CE6009B002B7FF452AD65
:10AA5000019BC3F31303002B7FF44CAD019B23F048
:10AA600000431B0D1B05002B3FF444AD01230135B2
:10AA70000AF1010A0A9318463DE5BAF1000F00F009
:10AA8000FE8157453B46099EA8BF5346FD1AAAEBD7
:10AA9000030A2F46002E3FF420AD5946099A20465E
:10AAA000FCF7E4FE0023834609933D461E4614E569
:10AAB0001C283FF42DADC0F13C002AE684EE065B75
:10AAC0000B9B3BB1B7EE006BB4EEC65BF1EE10FA38
:10AAD00000F1E081B1EE0C4B06EE901AB8EEE66B99
:10AAE000A6EE054B14EE901A53EC142BA1F1507303
:10AAF000B9F1000F00F09B80DDF814C0484643EC2C
:10AB0000142BB64B029DFDEEC53B03EBC00212EDCC
:10AB1000022B13EE902A02F1300E0D9A691CB8EE4A
:10AB2000E36B0E4635EE466B002A00F05B81B6EE15
:10AB3000003B83EE025B35EE445BB4EEC65BF1EEA8
:10AB400010FA85F800E000F32782B7EE001BB2EEA2
:10AB5000043B002518E001358542BFF62CAF26EEF8
:10AB6000036B25EE035BFDEEC64B14EE902AB8EEA8
:10AB7000E42B303236EE426BB4EEC56BF1EE10FAD8
:10AB800001F8012B00F1DF8131EE464BB4EEC54BED
:10AB9000F1EE10FADFD5029A0CF1010C02E09142BD
:10ABA00000F097810D4611F8013D392BF7D00133A4
:10ABB0000B70CDF810C01AE5314642462046FCF72E
:10ABC00055FE5A46014606462046FCF78BFD59467F
:10ABD0000D902046FCF792FC099BDDF834B0B3EBF6
:10ABE000080309937FF471AC0123099375E403D141
:10ABF0001AF0010F7FF4DBAC4D4619F8013D302B04
:10AC0000FAD0E3E4059B029A0233049331231370D4
:10AC1000DCE406EE901AB1EE0C4BB8EEE66BA5EE56
:10AC2000064B14EE901A53EC142BA1F1507343EC25
:10AC3000142BB1EE046B35EE466BB4EEC46BF1EE43
:10AC400010FA00F35681B1EE444BB4EEC46BF1EE52
:10AC500010FA7FF562AD00212046FCF74FFC069B01
:10AC6000029D5B420493C2E4059B0A939A4600232B
:10AC7000C2F101070B93FFF73BBB00F00781059A78
:10AC8000564B524202F00F0103EBC10393ED005B00
:10AC9000131127EE055B00F07981514A022101E092
:10ACA0005B100832DD0703D45B100832D807F7D5F4
:10ACB00092ED006B5B1001F1010125EE065B3FF4A4
:10ACC000FFAE0832F2E7099B0A9AA8EB03031A4485
:10ACD000012120460A92FCF7D7FCCA4407EB09057C
:10ACE0000646CDF82480002F3FF4EFAB57453B4696
:10ACF000A8BF5346ED1AFF1AAAEB030AFFF7E5BBFC
:10AD000041462046FCF7FAFB069B029D5B420493FA
:10AD1000002E7FF468AC6AE4029B5E1C87EE036B36
:10AD2000BDEEC66B029A16EE103AB9F1010F03F1AF
:10AD30003003B8EEC65B31461370A3EE457B7FF45B
:10AD400047AB37EE077BB4EEC37B059BF1EE10FA01
:10AD500003F1010304939C4608DCB4EE437BF1EE5F
:10AD600010FA05D116EE103ADB0701D5029A19E761
:10AD70000D463CE40C95A946069589E4009B002B02
:10AD80007FF403AEDDE90012C2F31303002B00F0E1
:10AD9000C4800A91FBE571682046FCF785FB0546F7
:10ADA000002800F00481336902339A0006F10C0197
:10ADB0000C30F8F765FC294601222046FCF7B2FD6D
:10ADC0000746F3E40221B0EE474B79E4059B009679
:10ADD00001333E460493FFF7DEBB00BF9006002020
:10ADE00068060020029A24EE022B012882F800E077
:10ADF00014D0B2EE043B029A151826EE036BFDEE5A
:10AE0000C65B15EE902A303201F8012BA942B8EE4C
:10AE1000E54B36EE446BF0D1711E0144B6EE005B9B
:10AE200032EE054BB4EEC64BF1EE10FA3FF5B3AE81
:10AE300035EE425BB4EEC65BF1EE10FA0DDC119A12
:10AE4000002AFFF6B0AD059A0E2A3FF7ACAD059A81
:10AE500003EBC20393ED003B60E70D46013915F8A3
:10AE6000013C302BF9D00CF101030493FFF7BFBB79
:10AE7000109ADDF82480C2F13602FFF714BB099E58
:10AE8000002E7FF40AAE3D46FFF727BB0221B0EE4D
:10AE9000475B15E6B9F1000F3FF4BBAE0C980028F4
:10AEA0007FF73BACB2EE043BB1EE0C4B013106EE4A
:10AEB000901A25EE035B059BB8EEE66BA5EE064BFC
:10AEC00014EE901A03F1FF3C53EC142BA1F15073D4
:10AED00015E60CF1010C31236AE6A946392309F87D
:10AEE000013B059B00960133029A04933E46FFF70F
:10AEF00063BB029D312305F8013B002134E4334B51
:10AF00003348002240F2AF11FFF79CF87FF4C4AC45
:10AF10001AF0010F7FF4B9ACBEE4019B23F00043AB
:10AF20001B0D1B05002B3FF431AD012301350AF148
:10AF3000010A0A932BE50D9B002B33D101230C93BF
:10AF4000994606932FE50CF1010304930D46FFF794
:10AF50004EBBBAF1390FC0D091453FF79AAC9BE494
:10AF60004A46FFF7A0BA049A022A05DC059A049221
:10AF700099460595FFF7ECBA0595DDF83090BBE4EE
:10AF8000049A0595022AF8DC994602E4022197E525
:10AF90000021E163FFF76BBB0CF1010304930D4645
:10AFA000FFF725BB0D9B069399460C930EE5074BC7
:10AFB00007482A4640F2EF21FFF744F8054B029379
:10AFC000FFF72CB9002A3FF754AC65E40C100020C1
:10AFD00004110020F410002030B5044687B05BB1A6
:10AFE00010480193D0F8C85171B12046A847421CBF
:10AFF000019B10D007B030BD00F582730948019362
:10B00000D0F8C8510029F0D10A46204603A9A84724
:10B01000421C019BEED100218A221960226007B0F8
:10B0200030BD00BF042B002010B582B0049CCDE9D8
:10B0300000344FF0FF3301F055FC02B010BD00BFEB
:10B040000EB400B582B003ABDFF81CC053F8042B7C
:10B0500001930146DCF8000000F008F802B05DF84A
:10B0600004EB03B0704700BF6C2D00202DE9F04FBA
:10B07000C5B00DF1500A83460491164600210822FE
:10B0800050461C460B93FBF7C5FDBBF1000F04D0E7
:10B09000DBF83430002B00F04987049B5A6EB3F97B
:10B0A0000C30D00740F14181990400F1A985049941
:10B0B00043F4005322F400528B814A66930401F159
:10B0C000AE80049BB3F90C301D0740F1BD80049A9B
:10B0D0001269002A00F0B88003F01A020A2A00F070
:10B0E000C2800023CDE91933CDE90E331BAADFF866
:10B0F0006C980D93189217460793B0464546D9F8B9
:10B10000CC41FBF73DFECDF800A003462A4612A92C
:10B110005846A047002800F0C580C0F2BB80129AB4
:10B12000252A034601D01D44E9E7B5EB080604468D
:10B1300040F0BC80002319468DF8433008934FF04F
:10B14000FF326B78059205F10108039108F10108BF
:10B150001946A1F120035A2B00F2F280DFE813F028
:10B16000E603F000F000DF03F000F000F000BF03A2
:10B17000F000F00007025302F00012020004F00099
:10B18000F1035B005B005B005B005B005B005B004E
:10B190005B005B00F000F000F000F000F000F00059
:10B1A000F000F000F000D8019F03F000F000F00084
:10B1B000F000F000F000F000F000F000F0001902E4
:10B1C000F000F000F000AA01F000FB02F000F00037
:10B1D000BA05F000F000F000F000F000F000F00020
:10B1E000F000F000F000D8016801F000F000F0007D
:10B1F000950368016D00F0008B03F0007D036A0386
:10B2000020036D00F000AA016A005902F000F0006E
:10B21000FB05F0006A00A1F13003002218F8011BC1
:10B2200002EB820203EB4202A1F13003092BF5D9B4
:10B2300008928EE798F8003088E7039B43F02003DC
:10B24000039398F8003081E7049D5846294601F0A1
:10B250005FFA002840F0F687B5F90C3003F01A02C7
:10B260000A2A7FF43EAF0499B1F90E20002AFFF6B6
:10B2700038AF4A6ED20702D49F0540F190870499F7
:10B2800023463246584601F015F80790079845B016
:10B29000BDE8F08F082200215046FBF7BBFC0123DC
:10B2A0001D442CE7B5EB0806044610D01A9B334426
:10B2B0001A93199B0133072BC7E90086199310DCF9
:10B2C0000837079B33440793002C7FF433AF1A9B56
:10B2D000002B40F06E87049B0022B3F90C301992CA
:10B2E00018E0049918AA584601F024F878B91BAF61
:10B2F000E7E7049918AA584601F01CF8002800F066
:10B300008380099B1BB109995846FBF7ABFF049B4F
:10B31000B3F90C30049A526ED0077FD55B0600F16A
:10B320006687079845B0BDE8F08F9F0540F114810E
:10B330009D047FF5BCAE90047FF5C6AE00F071BFF2
:10B340000029C4D0002301228DF8AC108DF84330C1
:10B3500009930A9205932BAD0692DDE919C0039C6F
:10B3600014F084060146624626D1089B069C1C1BED
:10B37000002C00F3ED839DF8433003B300260C96B8
:10B380000132012301317B60072A0DF14303CDE92E
:10B3900019213B6000F3868308370C9B63B10132AF
:10B3A00011AB02313B60072A4FF00203CDE91921AE
:10B3B0007B6000F36B830837802E00F0EE82059BE4
:10B3C0000A981C1A002C00F326830A9B3D60013268
:10B3D0001944072ACDE919217B6000F34C83083713
:10B3E000039B5C0705D5089B069A9C1A002C00F36A
:10B3F0006583DDE9073206988242ACBF9B181B18B3
:10B40000079300297FF475AF00231993099B1BB1A3
:10B4100009995846FBF726FF1BAF6FE69A053FF5E3
:10B420007DAF049CA06DFBF749FDB4F90C3075E7C6
:10B43000039B980640F13C840B9B073323F00702E3
:10B44000536852F8084B0B921E46002BC0F238820C
:10B45000059A002A07DB039B23F08003039354EA39
:10B46000060300F08C840A2C76F1000380F0F7804C
:10B470003034059A9DF843308DF80F41012AB8BF4A
:10B4800001220692002B00F0AF83069B01330025BA
:10B4900006930123CDE909530DF20F15DDE91921BA
:10B4A000039B13F08406084694463FF45EAF0023E6
:10B4B0000C9365E70B9E00238DF8433056F8043B50
:10B4C0000993002B00F05585532900F07284039BEB
:10B4D00013F0100440F06D84059A002AC0F2138521
:10B4E00009982146FBF75AFD9DF84330099D002835
:10B4F00000F08B86421B0A9222EAE2720692002B2F
:10B5000000F00E850132059406920B960994C5E76A
:10B51000432903D0039BDD0640F127840822002144
:10B5200016A8FBF777FB0B9A2BAD126816AB2946D2
:10B530005846FFF751FD0A90013000F04F860A9BF4
:10B5400023EAE37306930B9B04330B9300238DF8DC
:10B5500043300993059300E7049DA86DFBF7ACFC0D
:10B56000B5F90C306A6E99043FF5A8AD9FE50B9BC9
:10B5700053F8042B0892002A80F23D83089A0B931B
:10B5800052420892039B43F00403039398F800305F
:10B59000DCE5039B43F010009B0640F14E830B9BC0
:10B5A000073323F007031A46596852F8083B0B92F9
:10B5B00000228DF84320059A002AC0F2118320F45E
:10B5C0009062039253EA010200F01E8344AD03F03F
:10B5D0000702DB0843EA4173C908303253EA010429
:10B5E000284605F8012DF2D1039B13F0010340F02A
:10B5F0009E82059A099344AB5B1B9A42B8BF1A46D8
:10B600000A930692A9E62B238DF8433098F8003070
:10B610009CE503998E0600F1A48003990B9A11F022
:10B62000100052F8043B40F02783039911F04001C9
:10B6300000F0CA848DF843009BB205990026B14200
:10B640001C4606DB039921F080010391002B00F0DA
:10B650007B850A2C76F100030B92FFF409AF039B64
:10B6600009970020CDF830B044A9DDF834B0069039
:10B6700003F48067CDF8288025E00690A319B5482B
:10B6800043F10003A0FB032C2CF0030202EB9C020D
:10B690009B1AE31A4FF0CC32A046B64602FB03F2E7
:10B6A00066F1000600FB0622A3FB0043B8F10A0F77
:10B6B00013444FEA54047EF1000E294644EAC37451
:10B6C0004FEA53062ED3069BA24A01330693A319D1
:10B6D00043F100031046A2FB032525F0030202EB11
:10B6E00095029B1AE31AA3FB003266F1000500FBEA
:10B6F00005225B0843EAC27303EB8303A4EB430315
:10B70000303301F8013C4D1E002FB7D006989BF84E
:10B7100000308342B1D1FF28AFD00A2C76F100036C
:10B7200080F0AF8405999DF84330CDF834B044AA39
:10B73000521B9142B8BF1146DDE90978DDF830B0FF
:10B740000A920691002B00F0EE83069B01330693CC
:10B7500000230993A2E6039B43F010019B0640F1EE
:10B7600089820B9B073323F0070200238DF84330B7
:10B77000059B566852F8084B0B92002BC0F2EE82E4
:10B7800021F08003039354EA06037FF46CAE059B1B
:10B79000002B40F0DE840A930693099344ADDCE568
:10B7A000059C0B990398002247F630039442ADF8AC
:10B7B00044308DF8432051F8043BC0F2D28220F08F
:10B7C000800040F002000390002B00F0E58303F0BE
:10B7D0000F0461481B09045D8DF80F410B9100F0C7
:10B7E0005685022106910DF20F1503F00F011B097A
:10B7F000415C05F8011D43EA0273120953EA020194
:10B80000F3D144AB5A1B059B0A929342B8BF13462F
:10B81000069A002A00F03985DDE91921039C0233DC
:10B8200014F0840606930846944600F0E98200234B
:10B830000993B4E5039886063FF5B1AE03990B9AD8
:10B84000CD0652F8043B00F114850398440640F1FC
:10B85000C8839BB20B920021AAE603990B9A8C062F
:10B8600002F1040340F1F081126807991160C917D1
:10B8700051600B9342E498F800306C2B00F08F82FB
:10B88000039A42F01002039260E498F80030682BAB
:10B8900000F07B82039A42F04002039256E4039A3E
:10B8A000940642F0100300F100820B9A04320B99C7
:10B8B00003930C680B92E6173346002BBFF6C8AD16
:10B8C0002D238DF84330059B644266EB4606002B22
:10B8D000FFF6C9AD039B23F080030393C3E55846ED
:10B8E000FEF766FB43680F931846FBF7B7FB0E9015
:10B8F00004465846FEF75CFB826898F800300D92CB
:10B90000002C3FF423AC002A3FF420AC1278002A2C
:10B910003FF41CAC039A42F48062039216E4039B4A
:10B9200043F00103039398F800300FE49DF843209F
:10B9300098F80030002A7FF409AC20228DF84320CB
:10B9400004E4039B43F08003039398F80030FFF76F
:10B95000FDBB00BFCDCCCCCC84100020042B00203C
:10B96000404610F8011B2A2900F07784A1F130032A
:10B97000092B98BF002200F2178410F8011B02EB7C
:10B98000820203EB4202A1F13003092BF5D942EA0E
:10B99000E27305938046FFF7DCBB089B06981C1AF0
:10B9A000002C7FF70CAD102C40F3268438460C9504
:10B9B000AE4F049D102604E0103C102C00F108004E
:10B9C00015DD01321031072AC0E90076CDE91921D1
:10B9D000F2DD18AA2946584600F0ACFC00287FF496
:10B9E00090AC103C102CDDE919211BA8E9DC0C9D62
:10B9F0003B46074601322144072ACDE919213B6025
:10BA00007C6000F3A482059B0A981C1A002C07F1A5
:10BA100008077FF7DAAC102C40F3ED823846102689
:10BA2000924F04E0103C102C00F1080016DD0132AA
:10BA30008E4B1031072AC0E90036CDE91921F1DD1E
:10BA4000049918AA584600F075FC00287FF459ACF8
:10BA5000103C102CDDE919211BA8E8DC3B46074609
:10BA600001322144072ACDE919213B607C6000F3B3
:10BA7000AA800837A9E4049918AA584600F05AFC8D
:10BA800000287FF43EAC1A991BAFA9E4049918AAC8
:10BA9000584600F04FFC00287FF433ACDDE9192153
:10BAA0001BAF89E4049918AA584600F043FC00280B
:10BAB0007FF427ACDDE919211BAF6EE4102C199B34
:10BAC00040F381833A46049E694F102504E0103C00
:10BAD000102C02F1080215DD01331031072BC2E9E9
:10BAE0000075CDE91931F2DD18AA3146584600F04B
:10BAF00021FC00287FF405AC103C102CDDE9193145
:10BB00001BAAE9DC3E46174601332144072BC7E94F
:10BB10000064CDE919317FF76CAC049918AA584636
:10BB200000F008FC00287FF4ECAB1A9961E4302A9D
:10BB300000F001823023059A05F8013C023844AB3D
:10BB40001B1A9A42B8BF1A460A9306920546EFE0BE
:10BB500000230C93102C464E624623DD39461023F9
:10BB60002F46049D04E0103C102C01F1080117DD64
:10BB700001321030072AC1E90063CDE91920F2DD56
:10BB800018AA2946584600F0D5FB00287FF4B9AB27
:10BB9000103C102CDDE919201BA94FF01003E7DC45
:10BBA0003D460F4601322118072ACDE919213E6092
:10BBB0007C6000F37A819DF843600837002E36D010
:10BBC0000026FFF7DDBB049918AA584600F0B2FB27
:10BBD00000287FF496ABDDE919211BAFFFF7F5BB19
:10BBE00020F480620392F1E4099301230A930DF299
:10BBF0000F15FFF7B2BB0B9398F80030FFF7A6BA0A
:10BC000092047FF561AAF2E2059A002A7FF4DEAC85
:10BC100010F00102069200F0428130238DF80F31BE
:10BC2000059B0A9209930DF20F15FFF796BB0C9B2B
:10BC3000002B7FF4B4ABFFF7C2BB0B9B1A1D0B9B11
:10BC40000B921B680021B3E4039AD00600F18C81AB
:10BC5000039A510600F19582039A920540F184817E
:10BC60000B9A07991268117003E600BF8C2200201E
:10BC7000BC1D00200B9B1A1D0B9B05981B68002602
:10BC8000B0428DF843601C4667DB21F080010391D0
:10BC9000002B7FF4DEAC0B92002840F05A820A9011
:10BCA0000690099044ADFFF758BB0393FFF7C4BB60
:10BCB000039B0B9AD90652F8044B3FF5F8AD039B52
:10BCC0005E0640F1768144F3C0360B9224B23346CF
:10BCD000FFF7BBBBAD48039B9D0640F1B5800B9BB6
:10BCE000073323F007031A465C6852F8083B0B92AF
:10BCF000039A12F00102069240F08C808DF84320E6
:10BD0000059A002AC0F2B780039A22F49062039247
:10BD100053EA040240F0F380059A002A00F0F6810D
:10BD200003788DF80F31012306920A930DF20F1557
:10BD3000DDE91921039B13F084060846944600F0C0
:10BD4000A1829DF84330002B00F0AB8200230993C1
:10BD50000C93FFF715BB8E48BDE70B920391FFF7DD
:10BD600082BB40F00200039031E50B9B1B688DF80D
:10BD7000AC30012306930A932BADFFF7E4BB002AF6
:10BD800000F0D4813024FFF774BB039B43F40073AD
:10BD9000039308F1010898F80030FFF7D7B9039B27
:10BDA00043F02003039308F1010898F80030FFF7EF
:10BDB000CDB9099B13930822002116A8FAF72AFF90
:10BDC000059B002BC0F219810024069725461F46CB
:10BDD0000EE02BA95846FFF7FFF8411C284400F05D
:10BDE000FD81B84209DC04F1040400F00882054634
:10BDF000139A125916AB002AEBD1069F05950AE15A
:10BE0000089C069B0996E41A002C7FF7C8AA022317
:10BE10000C939FE653EA04025ED100238DF8433071
:10BE2000059B002BC0F22181039B23F490630393B5
:10BE300000F0878103788DF80F31069B0A93059BEC
:10BE400006930DF20F1573E70B9A52F8043B0B9211
:10BE5000039AD40608D4520602D59BB2002447E7C1
:10BE6000039A960500F18181002441E742F0020225
:10BE7000039202220692039A22F48062039203F054
:10BE80000F02825C8DF80F211B0943EA047322091B
:10BE900053EA14147FF4A7AC0DF20F15B1E4059B1F
:10BEA00044ADCDE90933FFF758BA049918AA5846AA
:10BEB00000F040FA064600287FF423AA9DF843309C
:10BEC000DDE91921002B40F089800C9B1BAF002B72
:10BED0007FF465AAFFF773BA30228DF84420002260
:10BEE0008DF84320059A8DF84510002A039ABDDB92
:10BEF00022F4906242F0020203920222069203F0C0
:10BF00000F02825CBEE7099D2846FBF7A7F89DF863
:10BF100043300A9020EAE0720692002B7FF4F2AAE6
:10BF2000099D05930B960993FFF717BA5846FAF740
:10BF3000AFFCFFF7B2B8059A44AB5B1B9A42B8BF9F
:10BF40001A460A93002306920993FFF706BA04994A
:10BF500018AA584600F0EEF900287FF4D2A9DDE9CE
:10BF600019211BAFFFF72BBA0B9A079912681160C2
:10BF70007FE4059B074D0B96062B28BF06230693EF
:10BF80000A93099B0593FFF7E8B900BF98100020BA
:10BF900084100020AC1000200B91002C00F0DC80FD
:10BFA000302301228DF80F310DF20F1523460A922E
:10BFB00032E4039B0B929D054ABF44F3C016E6177B
:10BFC00064B23346FFF741BA039810F4007600F0EC
:10BFD000CF808DF84310DBB2FFF72FBB1BAFFFF70D
:10BFE000CFB9039810F4007100F0BB80DBB20B9264
:10BFF0000021FFF7DDBAAC4B32E516AB009300230E
:10C0000013AA19465846FFF70FF80590013000F0C3
:10C01000E580099B1393059B002B7CD0632B00F3D9
:10C02000B680002309932BAD0822002116A8FAF749
:10C03000F1FD059C16AB009313AA234629465846EA
:10C04000FEF7F2FF844240F01681059900236B54FD
:10C0500021EAE17206929DF84320002A40F0B58063
:10C06000CDE90A160592FFF778B903788DF80F31FC
:10C07000039B23F480630393069B0A930DF20F1531
:10C0800056E60E9A0F99AD1A2846FAF743FE9BF82A
:10C0900001300BB10BF1010B844AA31943F10003EA
:10C0A000A2FB030C2CF0030000EB9C001B1AE31A0C
:10C0B0004FF0CC3166F1000603FB01F102FB0611E3
:10C0C000A3FB023001445B0843EAC1744E08A31984
:10C0D00043F10003A2FB031020F0030101EB9001E8
:10C0E0005B1AE31AA3FB023166F1000002FB0012A7
:10C0F0005B0843EAC27303EB8303A4EB43033033CF
:10C1000005F8013C0120013DFFF701BB059B0A93A7
:10C1100044A805460CE69DF84330099D0B96003B6C
:10C1200018BF01230693059B0A9301E69DF843304F
:10C130003BB1059BCDE90933012344AD0693FFF7DD
:10C14000ADB9059BFFF727BB059B0B92002B3FF476
:10C1500022AB0024FFF78CB9059B0A9344ADFFF78F
:10C160005BBB03980B92FFF723BADBB20024BFE559
:10C1700005998DF8436000291C46BFF663AAFFF7B6
:10C1800068BA0B9A079912681180FFF772BB591CA5
:10C190005846F9F751FE054600B3099044E7886D0B
:10C1A000FAF78CFEFFF76BB8002380460593FEF785
:10C1B000D0BF049918AA584600F0BCF800283FF4F4
:10C1C0008AA8FFF7A4B83A4E9EE4059A0A92069A06
:10C1D0000B96013206920593FFF760B90498B0F907
:10C1E0000C30426E43F04001D207818109D54FF0F7
:10C1F000FF330793FFF795B82B4BFFF7FBBB069F69
:10C2000009E79905F3D4FFF70CB99BB1059B0B9691
:10C210005A1C06920A9305900990FFF73FB9D70779
:10C22000E5D4049B9B899E05E1D4049B986DFAF7A5
:10C2300045FEDCE7059A0993CDE905320B960A9293
:10C24000FFF78BB8049A536ED807D0D49389990519
:10C25000CDD4906DFAF732FEC9E70B9A98F8013009
:10C2600052F8041B0B9241EAE17180460591FEF7FA
:10C270006DBF0846E3E4049A938943F04003938139
:10C28000FFF73FB80996FFF770B8069350E5059B96
:10C290000122012BB8BF01230DF20F150A92FFF7FF
:10C2A000BBBA0993FFF788B88C220020CDCCCCCC48
:10C2B000BC1D0020F0B50D46ADF2744D16468989BF
:10C2C0006A6E1B92EA89ADF8162021F00201EA6934
:10C2D000ADF8141009921CA96A6A029107460691EA
:10C2E0000B924FF48061002218A8019304910791EA
:10C2F0000892FAF7DDFD3246019B02A93846FEF7A7
:10C30000B5FE061E07DB02A93846FDF719FE002818
:10C3100018BF4FF0FF36BDF814305B0603D5AB896C
:10C3200043F04003AB811898FAF7C4FD30460DF294
:10C33000744DF0BD936810B514461BB91846002320
:10C34000636010BD00F068F80023A3600023636001
:10C3500010BD00BF2DE9F0438E681D46AE420B684C
:10C3600083B00C4690463AD8B1F90CC01CF4906FDB
:10C370000FD13546184641462A46FAF7B9FBA3685D
:10C380009E1B2368A6602B440020236003B0BDE8F9
:10C39000F0834A69096902EB42025E1A02EBD2722B
:10C3A0006B1C52103344934294BF17461F4693426E
:10C3B00088BF1A461CF4806F814612D01146F9F7E7
:10C3C0003BFDF0B1324621690190F7F759F9A28996
:10C3D000019B22F4906242F08002A28105E02E4689
:10C3E000C8E7FAF715F8034638B123613344BE1B9A
:10C3F000A660676123602E46BCE721694846FAF7CC
:10C4000031FFA3890C2243F04003C9F800204FF00C
:10C41000FF30A381BAE700BF9368002B00F0B7801C
:10C420002DE9F04FB1F90CC01CF0080F83B00C4699
:10C43000804617462DD00B695BB31CF002033E68A3
:10C4400033D04FF0000ADFF8C4B25546B9465D4517
:10C450002B46524628BF5B464046B5B1E169676A44
:10C46000B847002840F38B80D9F808301B1A824463
:10C47000C9F80830002B79D02D1A5D452B4652465D
:10C4800028BF5B464046002DE8D1D6E900A5083616
:10C49000DDE72146404600F03BF9002874D1B4F9AD
:10C4A0000CC03E681CF00203CBD11CF0010A70D115
:10C4B000236800975546002D54D01CF4007FD4F813
:10C4C0000890184600F0AB80A945CB4600F2E48006
:10C4D0001CF4906F34D021696269A3EB010902EB6F
:10C4E000420202EBD27209F1010352102B44934233
:10C4F00094BF93469B46934288BF1A461CF4806FB4
:10C5000000F0E98011464046F9F796FC002800F05B
:10C51000F7804A4621690190F7F7B2F8A289019B9A
:10C5200022F4906242F08002A28103EB09002361B1
:10C53000ABEB0903C4F814B0A3602060A946AB4676
:10C5400051465A46FAF7D4FAA2682368A2EB0902C8
:10C55000A260009A91685B44491B2360916029B1F5
:10C56000B4F90CC0D6E900A50836A4E7002003B052
:10C57000BDE8F08F21464046FDF7E2FC68B3B4F910
:10C580000C3043F04003A3814FF0FF30EFE7002071
:10C5900070471D469A461846B946009365B3002871
:10C5A00031D05246D4E904132068AA4228BF2A4653
:10C5B000884204D9A16803EB010B5A457CDC934205
:10C5C0006DDCE169009A676A4046B847B0F1000B3C
:10C5D000D5DDBAEB0B0ACDD00120D9F80830A3EB9A
:10C5E0000B03C9F80830002BC0D0009BA5EB0B054E
:10C5F0005B440093002DD2D1756833460836002D78
:10C60000FAD01B680093009F2A460A213846FAF7A1
:10C61000C5FC002871D00130A0EB070AC1E72269F0
:10C620009A4221D36269AA421ED86FF00043AB42FE
:10C6300028BF2B46E16993FBF2F3676A02FB03F321
:10C6400040465246B847B0F1000998DD009A936819
:10C65000A3EB0903A5EB09059360002B86D0B4F981
:10C660000CC02368CA4426E7A94528BFA946184636
:10C670004A465146FAF73CFAA2682368A2EB09023F
:10C680004B44A2602360002AE0D121464046FDF7DA
:10C6900057FC0028DAD072E7A946AB4650E700996C
:10C6A0000192FAF725FA019AA3689B1AA3602368FE
:10C6B0001344236093468CE700995A46FAF718FA18
:10C6C00023685B44236021464046FDF739FC00287F
:10C6D0003FF47FAF53E74046F9F79AFE0346002840
:10C6E0007FF423AF21694046FAF7BCFDA3890C22F1
:10C6F000C8F8002023F0800343E76A1C924651E704
:10C700000C22B4F90C30C8F800203AE700FCFF7F97
:10C7100010B5354B0446186882B00B4610B1426B19
:10C72000002A53D0B3F90C20110711D51869C8B1EC
:10C73000B3F90C2012F0010126D059694FF0000C1A
:10C740004942C3F808C0996120B3002002B010BD6F
:10C75000D00640D5510723D4186942F008029A81C7
:10C760000028E5D19A8902F42072B2F5007FDFD06B
:10C7700019462046019300F0C9F8019BB3F90C203B
:10C78000186912F00101D8D1940758BF596999600E
:10C790000028DAD11106D9D542F040029A811FE073
:10C7A000196B61B103F14000814206D0204601932C
:10C7B000FAF758FD019BB3F90C20002119631869A1
:10C7C0000021C3E9000122F02402C6E70191FAF733
:10C7D0005FF8019BA6E7092142F0400221609A819F
:10C7E0004FF0FF30B2E700BF6C2D00202DE9F04F75
:10C7F0008BB0DDE91589149F02901C46B8F1000F3B
:10C8000057D0166801960029C34608BF4FF0FF377E
:10C81000002588460391924606E0019B53F8040BDD
:10C820000193002837D06546AF423ED9002C3CD05A
:10C83000DBF800300493DBF804300593019B029889
:10C840001A68D9F8C8615B4606A9B047431C33D0C3
:10C8500000EB050CBC453AD8039B013C002BDCD017
:10C8600000280DDD08F1FF32019E06A900EB020E43
:10C8700011F8013B02F8013F7245F9D1019680445D
:10C88000019BDAF8002053F8040B01930432CAF834
:10C8900000200028C7D10399D84609B1CAF8000082
:10C8A0000022C8F800200CF1FF3528460BB0BDE887
:10C8B000F08F00F58678A4E7029B05468A210022C6
:10C8C00028461960CBF800200BB0BDE8F08FD846A1
:10C8D000DDF810A0DDF814B02846C8E900AB0BB0B5
:10C8E000BDE8F08F00B585B0DFF81CC00698009059
:10C8F0000798019003480068CDF808C0FFF776FF5D
:10C9000005B000BD6C2D0020042B0020B1F90C20D7
:10C91000930706D501F143030122C1E904320B60FC
:10C92000704730B50B46B1F90E10002999B0044696
:10C9300032DB02AA009300F05BF80028009B29DBA1
:10C940004FF4806120460093039DF9F775FA009B30
:10C95000B3F90C20002839D005F4704142F0800270
:10C9600018601861B1F5005F4FF480609A815861DA
:10C970003AD1B3F90E100093204600F04DF8009B19
:10C98000B3F90C2080B322F0030242F001024FF40D
:10C99000006117E0B3F90C20019312F0800F0CBF77
:10C9A0004FF48061402120460091F9F745FA019B40
:10C9B0000099B3F90C2048B1C3E9040142F08002A8
:10C9C000186000210A439A8119B030BD9105FBD44B
:10C9D00022F0030203F1430142F002020120C3E905
:10C9E00004109A811960EFE74FF40061EAE700BF95
:10C9F00038B5084C00230546084611462360F6F773
:10CA0000EFFF431C00D038BD2368002BFBD02B6008
:10CA100038BD00BFB068002038B5074C002305467C
:10CA200008462360F6F7E2FF431C00D038BD2368B8
:10CA3000002BFBD02B6038BDB06800205FF800F001
:0CCA40004D1D00605FF800F0A11D0060BB
:04CA4C00F8B500BF7A
:08CA5000788CFF7F010000005B
:10CA580000000000000000000000000000000000CE
:10CA680000000000000000000000000000000000BE
:10CA780000000000000000000000000000000000AE
:10CA8800000000000000000000000000000000009E
:10CA9800000000000000000000000000000000008E
:10CAA800000000000000000000000000000000007E
:10CAB800000000000000000000000000000000006E
:10CAC800000000000000000000000000000000005E
:10CAD800000000000000000000000000000000004E
:10CAE800000000000000000000000000000000003E
:10CAF800000000000000000000000000000000002E
:10CB0800000000000000000000000000000000001D
:10CB1800000000000000000000000000000000000D
:10CB280000000000000000000000000000000000FD
:10CB380000000000000000000000000000000000ED
:10CB480000000000000000000000000000000000DD
:10CB580000000000000000000000000000000000CD
:10CB680000000000000000000000000000000000BD
:10CB780000000000000000000000000000000000AD
:10CB8800000000000000000000000000000000009D
:10CB9800000000000000000000000000000000008D
:10CBA800000000000000000000000000000000007D
:10CBB800000000000000000000000000000000006D
:10CBC800000000000000000000000000000000005D
:10CBD800000000000000000000000000000000004D
:10CBE800000000000000000000000000000000003D
:10CBF800000000000000000000000000000000002D
:10CC0800000000000000000000000000000000001C
:10CC1800000000000000000000000000000000000C
:10CC280000000000000000000000000000000000FC
:10CC380000000000000000000000000000000000EC
:10CC480000000000000000000000000000000000DC
:10CC580000000000000000000000000000000000CC
:10CC680000000000000000000000000000000000BC
:10CC780000000000000000000000000000000000AC
:10CC8800000000000000000000000000000000009C
:10CC9800000000000000000000000000000000008C
:10CCA800000000000000000000000000000000007C
:10CCB800000000000000000000000000000000006C
:10CCC800000000000000000000000000000000005C
:10CCD800000000000000000000000000000000004C
:10CCE800000000000000000000000000000000003C
:10CCF800000000000000000000000000000000002C
:10CD0800000000000000000000000000000000001B
:10CD1800000000000000000000000000000000000B
:10CD280000000000000000000000000000000000FB
:10CD380000000000000000000000000000000000EB
:10CD480000000000000000000000000000000000DB
:10CD580000000000000000000000000000000000CB
:10CD680000000000000000000000000000000000BB
:10CD780000000000000000000000000000000000AB
:10CD8800000000000000000000000000000000009B
:10CD9800000000000000000000000000000000008B
:10CDA800000000000000000000000000000000007B
:10CDB800000000000000000000000000000000006B
:10CDC800000000000000000000000000000000005B
:10CDD800000000000000000000000000000000004B
:10CDE800000000000000000000000000000000003B
:10CDF800000000000000000000000000000000002B
:10CE0800000000000000000000000000000000001A
:10CE1800000000000000000000000000000000000A
:10CE280000000000000000000000000000000000FA
:10CE380000000000000000000000000000000000EA
:10CE480000000000000000000000000000000000DA
:10CE5800000000000000F03F748515D3B0D9EF3F03
:10CE68000F89F96C58B5EF3F515B12D00193EF3F32
:10CE78007B517D3CB872EF3FAAB968318754EF3FC8
:10CE88003862756E7A38EF3FE1DE1FF59D1EEF3F81
:10CE980015B7310AFE06EF3FCBA93A37A7F1EE3FA7
:10CEA8002234124CA6DEEE3F2D89616008CEEE3F9B
:10CEB800272A36D5DABFEE3F824F9D562BB4EE3F78
:10CEC800295448DD07ABEE3F85553AB07EA4EE3FC6
:10CED800CD3B7F669EA0EE3F745FECE8759FEE3F0A
:10CEE8008701EB7314A1EE3F13CE4C9989A5EE3F51
:10CEF800DBA02A42E5ACEE3FE5C5CDB037B7EE3F43
:10CF080090F0A38291C4EE3F5D253EB203D5EE3F7B
:10CF1800ADD35A999FE8EE3F475EFBF276FFEE3FAE
:10CF28009C5285DD9B19EF3F6990EFDC2037EF3F7E
:10CF380087A4FBDC1858EF3F5F9B7B33977CEF3F60
:10CF4800DA90A4A2AFA4EF3F40456E5B76D0EF3FE6
:10CF5800000000000000E8429423914BF86AAC3FBF
:10CF6800F3C4FA50CEBFCE3FD6520CFF422EE63F56
:10CF78000000000000003843FE822B65471547403B
:10CF88009423914BF86ABC3EF3C4FA50CEBF2E3FAF
:10CF9800D6520CFF422E963FBEF3F879EC61F63F6D
:10CFA800DEAA8C80F77BD5BF3D88AF4AED71F53F8F
:10CFB800DB6DC0A7F0BED2BFB010F0F03995F43FDA
:10CFC800673A517FAE1ED0BF8503B8B095C9F33F0D
:10CFD800E92482A6D831CBBFA564880C190DF33F8C
:10CFE8005877C00A4F57C6BFA08E0B7B225EF23F10
:10CFF80000819CC72BAAC1BF3F341A4A4ABBF13FE4
:10D008005E0E8CCE764EBABFBAE58AF05823F13F51
:10D01800CC1C615A3C97B1BFA70099413F95F03F9E
:10D028001E0CE138F452A2BF000000000000F03FDF
:10D038000000000000000000AC479AFD8C60EE3F45
:10D048008459F25DAAA5AA3FA06A021FB3A4EC3FC7
:10D05800B42E36AA535EBC3FE6FC6A573620EB3F37
:10D0680008DB2077E526C53F2DAAA163D1C2E93F99
:10D078007047220D86C2CB3FED417803E686E83F34
:10D08800E17EA0C88B05D13F624853F5DC67E73FD6
:10D0980009EEB6573004D43FEF39FAFE422EE63F88
:10D0A8003483B848A30ED0BF6A0BE00B5B57D53F5B
:10D0B80023410AF2FEFFDFBF0080E03779C3414316
:10D0C800176E05B5B5B89346F5F93FE9034F384DE6
:10D0D800321D30F94877825A3CBF737FDD4F157592
:10D0E800000000000000F03F0000000000002440A5
:10D0F80000000000000059400000000000408F4080
:10D10800000000000088C34000000000006AF840EA
:10D118000000000080842E4100000000D01263410E
:10D128000000000084D797410000000065CDCD4184
:10D13800000000205FA00242000000E87648374265
:10D14800000000A2941A6D42000040E59C30A24203
:10D158000000901EC4BCD64200003426F56B0C4378
:10D168000080E03779C3414300A0D885573476431F
:10D1780000C84E676DC1AB43003D9160E458E14380
:10D18800408CB5781DAF154450EFE2D6E41A4B44F5
:10D1980092D54D06CFF08044F64AE1C7022DB5443A
:10D1A800B49DD9794378EA44BEF3F879EC61F63F47
:10D1B8001930965BC6FEDEBF3D88AF4AED71F53F7C
:10D1C800A4FCD432680BDBBFB010F0F03995F43F03
:10D1D8007BB71F0A8B41D7BF8503B8B095C9F33F0A
:10D1E8007BCF6D1AE99DD3BFA564880C190DF33F59
:10D1F80031B6F2F39B1DD0BFA08E0B7B225EF23FAF
:10D20800F07A3B1B1D7CC9BF3F341A4A4ABBF13F29
:10D218009F3CAF93E3F9C2BFBAE58AF05823F13FC8
:10D228005C8D78BFCB60B9BFA70099413F95F03FAF
:10D23800CE5F47B69D6FAABF000000000000F03F18
:10D248000000000000000000AC479AFD8C60EE3F33
:10D258003DF5249FCA38B33FA06A021FB3A4EC3F30
:10D26800BA913854A976C43FE6FC6A573620EB3F9A
:10D27800D2E4C44A0B84CE3F2DAAA163D1C2E93FB0
:10D288001C65C6F04506D43FED417803E686E83FC5
:10D29800F89F1B2C9C8ED83F624853F5DC67E73F0C
:10D2A800CC7BB14EA4E0DC3F0B6E49C91676D23F69
:10D2B8007AC675A06919D7BFDDBAA76C0AC7DE3F61
:10D2C800C8F6BE484715E7BF2BB82A654715F73F8C
:10D2D800000000000000F03F000000000000F0BF68
:10D2E800000000000000F0BF000000000000F03F58
:10D2F80083C8C96D305F6441182D4454FB21F93F40
:10D30800000000000000F03F1C620CFDFFFFDFBFC3
:10D31800198F06E15355A53F9D359AE887C056BF3A
:10D32800C3F87B024393F93E03A695595455C5BFEC
:10D33800C40B23057610813F24CF7437EB9429BFA3
:10D34800000000000000F03F000000000000F0BFF7
:10D35800000000000000F0BF000000000000F03FE7
:10D3680083C8C96D305F6441182D4454FB21F93FCF
:10D37800000000000000F0BF1C620CFDFFFFDF3F53
:10D38800198F06E15355A5BF9D359AE887C0563FCA
:10D39800C3F87B024393F9BE03A695595455C5BFFC
:10D3A800C40B23057610813F24CF7437EB9429BF33
:10D3B8003C0B00204C0B00205C0B0020586900201F
:10D3C8005C690020606900206469002068690020A9
:10D3D80000000000000000000000FF27100032FFDE
:10D3E80027100032FF27100032FF271000320000FC
:10D3F8000000000000000000000000000000000025
:10D408000040004000400000E73BE73BE73B0000EE
:10D418001C0C0020280C0020340C0020400C00209C
:10D4280000000000010000000300000002000000EE
:10D43800000000004D494D0076322E382E302D6107
:10D448006C70686100000000477261706820726546
:10D4580061647900252B35642070782F73000000F3
:10D46800253564206D73000025352E31662025256D
:10D478000000000025352E316620487A00000000A3
:10D48800253564202525000025356C75206D730031
:10D498002D2D2D00582D537065656400592D53703E
:10D4A800656564002B2F2D25642020543D256C755F
:10D4B8006D7300002B256400203000002D256400CA
:10D4C80030000000256C75206D73000045313A70FE
:10D4D800616765202045323A656469740000000080
:10D4E800765825643A252B35640000007659256462
:10D4F8003A252B356400000025372E3366000000DE
:10D5080025362E326620257300000000575220571A
:10D5180041524E00534156454400000041494D00D8
:10D5280041494D20506172616D7300002025642FC0
:10D53800256400005025642F3300000041494D2028
:10D5480053756D6D6172790045313A6E617620458B
:10D55800323A6564697400005B252E32662E2E25EA
:10D568002E32665D000000002D3E2041494D00002E
:10D578002D3E204D494D00002CE015091408F1F00E
:10D588001E1F20212B29E1F200000000582D5370A6
:10D59800656564202870782F73290000592D537011
:10D5A800656564202870782F7329000050617261C6
:10D5B8006D657465727300007658300076583100D6
:10D5C800765832007658330076583400765835004D
:10D5D800765836007659300076593100765932003F
:10D5E8007659330076593400765935007659360025
:10D5F800582D44656C617900592D44656C6179003A
:10D608005369676D6100000052462D487A0000009A
:10D6180052462D537072640052462D447574790039
:10D62800542D456E64000000454D412D416C7068D5
:10D63800610000004E6F6973652D476174650000D5
:10D6480053656E73697469762E0000004D61782DFC
:10D658004465666C0000000043757276652D457858
:10D668007000000070782F73000000004D494D20B5
:10D678004D4F44450000000041494D204D4F444561
:10D688000000000043494D204D4F44450000000074
:10D698004B494D204D4F4445000000000A202121F0
:10D6A80021212121212121212120426C7565746FBE
:10D6B8006F7468436F6E74726F6C6C65723A3A710E
:10D6C800756575655F446174615F5472616E7366F8
:10D6D80065722063616C6C65642077697468206288
:10D6E80061642064617461206C696E653A202575F7
:10D6F8000A0000000920706970653A25702062757B
:10D70800666665723A2570206C656E3A25752064E8
:10D7180072697665723A25700A00000055534248CE
:10D7280049445061727365723A3A636F6E74726FEE
:10D738006C206D73673A202578202578203A2025BB
:10D7480078202575203A0000202530327800000026
:10D758004A6F79737469636B436F6E74726F6C6C24
:10D7680065723A3A62745F636C61696D5F636F6C8E
:10D778006C656374696F6E2825702920436F6E6E1F
:10D78800656374696F6E3A257020636C6173733AD0
:10D79800257820546F703A25780A0000094A6F7975
:10D7A800737469636B436F6E74726F6C6C6572200F
:10D7B800636C61696D20636F6C6C656374696F6E0F
:10D7C8000A000000537769746368207472616E738D
:10D7D800666572206661696C0A00000053657420F2
:10D7E80052756D626C6520646174613A2025642C01
:10D7F8002025640A000000005365742052756D628C
:10D808006C6520646174612028555342293A2025AB
:10D81800642C2025640A0000576972656C6573736F
:10D8280020436F6E74726F6C6C657200504C415976
:10D8380053544154494F4E28522933004E6176695A
:10D84800676174696F6E20436F6E74726F6C6C657C
:10D85800720000004D6F74696F6E20436F6E7472B2
:10D868006F6C6C657200000058626F78205769729F
:10D87800656C65737300000050726F20436F6E749F
:10D88800726F6C6C657200004A6F792D436F6E2061
:10D89800285229004A6F792D436F6E20284C2900A1
:10D8A8004A6F79737469636B436F6E74726F6C6CD3
:10D8B80065723A3A636C61696D5F626C7565746F25
:10D8C8006F7468202D20436C6173732025782025A0
:10D8D800730A00004A6F79737469636B436F6E74DF
:10D8E800726F6C6C65723A3A636C61696D5F626CF9
:10D8F8007565746F6F746820496E746572666163CC
:10D90800650A00000A232323232323232073775F38
:10D9180073656E64434D442825782025702025754D
:10D92800292063616C6C656420776974682062746F
:10D938006472697665725F203D3D203020000000EA
:10D948004D6F757365436F6E74726F6C6C65722082
:10D95800436F6E74726F6C6C65723A3A636C61698E
:10D968006D5F626C7565746F6F7468202D20436CF1
:10D978006173732025780A004D6F757365436F6E68
:10D9880074726F6C6C65723A3A636C61696D5F6250
:10D998006C7565746F6F746820545255450A0000A1
:10D9A8004D6F757365436F6E74726F6C6C65723A08
:10D9B8003A62745F636C61696D5F636F6C6C656319
:10D9C80074696F6E2825702920436F6E6E656374C5
:10D9D800696F6E3A257020636C6173733A257820FD
:10D9E800546F703A25780A00094D6F757365436F57
:10D9F8006E74726F6C6C657220636C61696D206304
:10DA08006F6C6C656374696F6E0A00006E616E00FE
:10DA1800696E66006F7666004C435F434F4C4C411D
:10DA2800544500004C435F435459504500000000E2
:10DA38004C435F4D4F4E4554415259004C435F4E45
:10DA4800554D4552494300004C435F54494D4500EC
:10DA58004C435F4D455353414745530042616C6CFD
:10DA68006F63207375636365656465640000000017
:10DA78002F646174612F6A656E6B696E732F776F9F
:10DA8800726B73706163652F474E552D746F6F6CA1
:10DA9800636861696E2F61726D2D31352D352F7375
:10DAA80072632F6E65776C69622D63796777696E2B
:10DAB8002F6E65776C69622F6C6962632F7374646B
:10DAC8006C69622F6D707265632E6300494E460063
:10DAD8004E414E0030313233343536373839616291
:10DAE8006364656600000000303132333435363700
:10DAF800383941424344454600000000286E756CA1
:10DB08006C2900002C2066756E6374696F6E3A206C
:10DB180000000000617373657274696F6E202225BE
:10DB28007322206661696C65643A2066696C6520B9
:10DB3800222573222C206C696E65202564257325A7
:10DB4800730A0000496E66696E6974790000000006
:10DB58004E614E002F646174612F6A656E6B696E49
:10DB6800732F776F726B73706163652F474E552DF6
:10DB7800746F6F6C636861696E2F61726D2D3135DA
:10DB88002D352F7372632F6E65776C69622D6379FB
:10DB98006777696E2F6E65776C69622F6C6962634F
:10DBA8002F7374646C69622F64746F612E63000054
:10DBB800440A00204C0A0020D40A0020D80B002078
:10DBC800000000000000803FCDCC4C3DA40D00209B
:10DBD800E40B0020000000000000A0410000003F0E
:10DBE800140C0020F00B0020CDCCCC3D0000A04050
:10DBF800CDCCCC3DFC0C0020FC0B0020CDCCCC3D8A
:10DC08000000803FCDCC4C3DA40D0020080C002026
:10DC18000000003F00004040CDCCCC3DA40D0020CA
:10DC2800D80B0020000000000000803FCDCC4C3D08
:10DC3800A40D0020E40B0020000000000000A0411B
:10DC48000000003F140C0020F00B0020CDCCCC3D90
:10DC58000000A040CDCCCC3DFC0C0020FC0B0020EB
:10DC6800CDCCCC3D0000803FCDCC4C3DA40D002058
:10DC7800080C00200000003F00004040CDCCCC3D07
:10DC8800A40D0020280A291B2B0952DA51D950D893
:10DC98004FD749D14CD44BD34ED64AD24DD53AC2A0
:10DCA8003BC33CC43DC53EC63FC740C841C942CA44
:10DCB80043CB44CC45CD0000D80B0020E40B00201A
:10DCC800F00B0020FC0B0020080C0020680B002043
:10DCD8006C0B0020700B0020740B0020780B0020C8
:10DCE8007C0B0020800B0020840B0020880B002078
:10DCF8008C0B0020900B0020940B0020980B002028
:10DD08009C0B0020A00B0020A80B0020B00B0020CB
:10DD1800B80B0020C00B0020C80B0020D00B00203F
:10DD2800542F2F552A2A562D2D572B2B580A0A596E
:10DD3800CD315AD1325BCE335CD0345D00355ECF05
:10DD4800365FCA3760D23861CB3962C93063CC2EAE
:10DD5800030400010205000000000000003E5B4FC4
:10DD68005B3E3E6B4F6B3E1C3E7C3E1C183C7E3C33
:10DD7800181C577D571C1C5E7F5E1C00183C180041
:10DD8800FFE7C3E7FF0018241800FFE7DBE7FF30D1
:10DD9800483A060E2629792926407F050507407F3F
:10DDA80005253F5A3CE73C5A7F3E1C1C08081C1CB2
:10DDB8003E7F14227F22145F5F005F5F06097F01A8
:10DDC8007F006689956A606060606094A2FFA29493
:10DDD80008047E040810207E201008082A1C080861
:10DDE8001C2A08081E101010100C1E0C1E0C3038AF
:10DDF8003E3830060E3E0E06000000000000005FB0
:10DE080000000007000700147F147F14242A7F2ACB
:10DE1800122313086462364956205000080703008D
:10DE2800001C2241000041221C002A1C7F1C2A08D9
:10DE3800083E08080080703000080808080800003C
:10DE480060600020100804023E5149453E00427FB0
:10DE5800400072494949462141494D331814127FFF
:10DE68001027454545393C4A49493141211109079F
:10DE78003649494936464949291E00001400000020
:10DE880040340000000814224114141414140041F2
:10DE980022140802015909063E415D594E7C1211AF
:10DEA800127C7F494949363E414141227F414141E7
:10DEB8003E7F494949417F090909013E4141517362
:10DEC8007F0808087F00417F41002040413F017FD3
:10DED800081422417F404040407F021C027F7F049B
:10DEE80008107F3E4141413E7F090909063E4151E4
:10DEF800215E7F09192946264949493203017F01D4
:10DF0800033F4040403F1F2040201F3F4038403FD4
:10DF1800631408146303047804036159494D4300EA
:10DF28007F4141410204081020004141417F040221
:10DF380001020440404040400003070800205454B8
:10DF480078407F2844443838444444283844442896
:10DF58007F385454541800087E090218A4A49C78E9
:10DF68007F0804047800447D40002040403D007F45
:10DF78001028440000417F40007C047804787C0825
:10DF88000404783844444438FC18242418182424F9
:10DF980018FC7C08040408485454542404043F44DE
:10DFA800243C4040207C1C2040201C3C4030403C0D
:10DFB80044281028444C9090907C4464544C44006D
:10DFC80008364100000077000000413608000201D1
:10DFD8000204023C2623263C1EA1A161123A4040BD
:10DFE800207A38545455592155557941225454783A
:10DFF80042215554784020545579400C1E527212D3
:10E00800395555555939545454593955545458005B
:10E0180000457C410002457D420001457C407D125F
:10E0280011127DF0282528F07C54554500205454C1
:10E038007C547C0A097F4932494949323A4444446C
:10E048003A324A4848303A4141217A3A42402078A7
:10E05800009DA0A07D3D4242423D3D4040403D3CA8
:10E0680024FF2424487E4943662B2FFC2F2BFF09CD
:10E0780029F620C0887E09032054547941000044C1
:10E088007D413048484A32384040227A007A0A0AAC
:10E09800727D0D19317D2629292F2826292929261F
:10E0A80030484D4020380808080808080808382F64
:10E0B80010C8ACBA2F102834FA00007B00000814EE
:10E0C8002A142222142A14085500550055AA55AAC4
:10E0D80055AAFF55FF55FF000000FF00101010FF64
:10E0E80000141414FF001010FF00FF1010F010F0BF
:10E0F800141414FC001414F700FF0000FF00FF14B0
:10E1080014F404FC141417101F10101F101F1414FB
:10E11800141F00101010F0000000001F1010101045
:10E128001F10101010F010000000FF101010101039
:10E1380010101010FF10000000FF140000FF00FF77
:10E1480000001F10170000FC04F414141710171413
:10E1580014F404F40000FF00F71414141414141435
:10E16800F700F7141414171410101F101F141414A8
:10E17800F4141010F010F000001F101F0000001F12
:10E1880014000000FC140000F010F01010FF10FF45
:10E19800141414FF141010101F00000000F010FFDA
:10E1A800FFFFFFFFF0F0F0F0F0FFFFFF00000000BE
:10E1B80000FFFF0F0F0F0F0F3844443844FC4A4A42
:10E1C8004A347E02020606027E027E0263554941F7
:10E1D800633844443C04407E201E2006027E02022E
:10E1E80099A5E7A5991C2A492A1C4C7201724C3042
:10E1F8004A4D4D303048784830BC625A463D3E4919
:10E208004949007E0101017E2A2A2A2A2A44445FBC
:10E21800444440514A444040444A51400000FF01B0
:10E2280003E080FF000008086B6B083612362436BE
:10E23800060F090F06000018180000001010003023
:10E2480040FF0101001F01011E00191D1712003CAB
:10E258003C3C3C0000000000080A020604050109D5
:10E2680000000000000000000000000005F20000AF
:10E27800890601003588000039880000DD18010092
:10E28800ADE60000B1E6000065E90000C5E6000063
:10E29800E1E6000061EA0000ADE6000001E70000E9
:10E2A800FDE6000039E80000E1E7000095E800001D
:10E2B80029E9000029E7000095E9000000000000B6
:10E2C80000000000D59F000099A5000011A20000E1
:10E2D8003101000029A20000000000000000000039
:10E2E80005F2000089060100358800003988000021
:10E2F80055FE0000C9F6000011FE0000E5F500001B
:10E308004DF50000ADF4000061EA000045F400009E
:10E3180001E70000A1FC000009F70000FDF700007C
:10E32800F5F8000029E9000029E7000095E9000058
:10E33800DD180100DD1801000000000000000000E9
:10E3480005F20000890601003588000039880000C0
:10E3580055FE0000C9F6000011FE0000E5F50000BA
:10E368004DF50000ADF4000061EA000045F400003E
:10E37800A5010100A1FC000009F70000FDF700005D
:10E38800F5F8000029E9000029E7000095E90000F8
:10E398005D0301007D030100000000000000000093
:10E3A80005F2000089060100358800003988000060
:10E3B80055FE0000C9F6000011FE0000E5F500005A
:10E3C8004DF50000ADF4000061EA000045F40000DE
:10E3D800D1030100A1FC000009F70000FDF70000CF
:10E3E800F5F8000029E9000029E7000095E9000098
:10E3F8005D0301007D030100000000000000000033
:10E4080069DE000085890000898900003D880000D8
:10E41800A5DD0000ADDD000035DE000091DD000067
:10E428008D890000D1DE000091DE000049DE000089
:10E438002DDF000085DF000051DE0000B1DF0000A5
:10E44800D9DF0000F4FFFFFF000000004188000052
:10E458001DE100004DE00000A9DF00004588000034
:10E46800298800002D880000C1E0000095E0000028
:10E4780089E00000FDDF000025E000003188000091
:10E4880000000000000000007D01000029010000DC
:10E498002D010000310100006D01000000000000A6
:10E4A80000000000110601008522010089220100F8
:10E4B8007D220100692201006D2201007522010000
:10E4C80081220100000000000000000079B1000076
:10E4D800ADAE00002D01000031010000B5AE000016
:10E4E800C9BD00004DAD000051AD0000EDAE00000B
:10E4F80099AE000059AF0000A9AE00005DCD000044
:10E5080029C3000001BB0000A1CD0000DDAE000062
:10E51800A5BB0000CDBC000081AF0000F5AF000036
:10E52800C5AE00002DB0000089B00000C9C40000CD
:10E53800F4FFFFFF00000000F5BE0000EDD1000071
:10E5480019B000004DAF000015B0000091AE0000FA
:10E558004DB0000061B000004DC30000E8FFFFFFB0
:10E5680000000000418800009DBB0000E5D10000CC
:10E578001DB00000D5BB000069BD00002D8800005B
:10E58800EDAF000041B1000035B10000C5B000009A
:10E59800F1B00000EDC40000000000000000000021
:10E5A8008DD3000045DB0000898900003D8800000C
:10E5B80059D20000E9D8000075DB000025D300001F
:10E5C8008D890000B1D20000DDDB000099D2000087
:10E5D80089D2000091D2000095D2000041D30000FA
:10E5E8001DD4000079D2000081D2000065D400005B
:10E5F800F4FFFFFF000000004188000089D50000FB
:10E6080001DC00005DD4000091D4000055D4000066
:10E6180059D4000039D50000F5D40000E9D4000031
:10E62800A9D40000B5D40000318800000000000023
:10E63800000000002D2B010089060100A125010022
:10E64800F9260100C125010061260100E925010024
:10E6580085270100152701009D25010000010203FF
:10E668000000010000000300000002000000060096
:10E678000000040000000C00000008000000090071
:10E688000001020304050000D8399D270054EA2A36
:10E6980000A4781F007B9A17A2000000F9A20000CE
:10E6A80083F9A2006E83F9A24E6E83F9444E6E83FD
:10E6B80015444E6E2915444EFC29154427FC29158E
:10E6C8005727FC29D15727FCF5D1572734F5D157BF
:10E6D800DD34F5D1C0DD34F5DBC0DD3462DBC0DD0F
:10E6E8009562DBC0999562DB3C999562433C9995AC
:10E6F80090433C994190433C00202020202020203A
:10E7080020202828282828202020202020202020D9
:10E7180020202020202020202088101010101010E9
:10E728001010101010101010100404040404040435
:10E7380004040410101010101010414141414141CF
:10E7480001010101010101010101010101010101B1
:10E7580001010101101010101010424242424242C1
:10E768000202020202020202020202020202020281
:10E778000202020210101010200000000000000029
:10E788000000000000000000000000000000000081
:10E798000000000000000000000000000000000071
:10E7A8000000000000000000000000000000000061
:10E7B8000000000000000000000000000000000051
:10E7C8000000000000000000000000000000000041
:10E7D8000000000000000000000000000000000031
:10E7E8000000000000000000000000000000000021
:10E7F8000000000000000000000000002020202091
:10E808002020202020202020202020202020202000
:10E81800202020202020202020202020000000422E
:10E82800C8801F40B8821F40080000000000004256
:10E83800C4801F40B4821F400400000000C0004292
:10E8480024801F4014821F401000000000C00042B6
:10E8580028801F4018821F402000000000C000428E
:10E868002C801F401C821F404000000000C0004256
:10E8780034801F4024821F400001000000400042F5
:10E8880064811F4054831F40000400000040004280
:10E8980080811F4070831F4000000200004000423A
:10E8A8007C811F406C831F40000001000040004233
:10E8B80068811F4058831F40000800000040004244
:10E8C8003C811F402C831F40010000000040004293
:10E8D80044811F4034831F40040000000040004270
:10E8E80040811F4030831F4002000000004000426A
:10E8F80048811F4038831F40080000000000004284
:10E9080004811F40F4821F40000004000000004200
:10E9180008811F40F8821F400000080000000042E4
:10E9280018811F4008831F4000008000000000423B
:10E9380014811F4004831F40000040000000004273
:10E9480000811F40F0821F400000020000000042CA
:10E95800FC801F40EC821F400000010000000042C4
:10E9680024811F4014831F4000000004000000425F
:10E9780028811F4018831F40000000080000004243
:10E988001C811F400C831F40000000010000004252
:10E9980020811F4010831F40000000020000004239
:10E9A800EC801F40DC821F40001000000000004285
:10E9B800F0801F40E0821F4000200000000000425D
:10E9C80034811F4024831F400000004000000042A3
:10E9D80038811F4028831F400000008000800042CB
:10E9E80094801F4084821F400000040000C0004241
:10E9F80090801F4080821F400000008000800042FD
:10EA0800A8801F4098821F400000800000800042BC
:10EA1800A4801F4094821F40000040000040004234
:10EA28006C811F405C831F400010000000C0004242
:10EA380030801F4020821F408000000000400042BC
:10EA4800B0811F40A0831F4000000020004000420A
:10EA5800AC811F409C831F40000000100040004212
:10EA680084811F4074831F4000000400004000425E
:10EA780088811F4078831F40000008000000004282
:10EA88002C811F401C831F40000000100000004222
:10EA980030811F4020831F400000002000000042FA
:10EAA8000C811F40FC821F40000010000000004243
:10EAB80010811F4000831F4000002000008000429A
:10EAC800C8811F40B8831F400080000000800042BA
:10EAD800C4811F40B4831F400040000000800042F2
:10EAE800C0811F40B0831F4000200000008000420A
:10EAF800BC811F40AC831F40001000000080004212
:10EB0800D0811F40C0831F400000020000800042E7
:10EB1800CC811F40BC831F400000010000C00042A0
:10EB280074801F4064821F400000000100C0004242
:10EB380080801F4070821F400000000800C0004213
:10EB480084801F4074821F400000001000C00042F3
:10EB58006C801F405C821F400000400000C00042E3
:10EB68007C801F406C821F400000000400C00042EF
:10EB780078801F4068821F400000000200C00042E9
:10EB880088801F4078821F40000000202C5E74603F
:10EB9800616264346667656E362D3738271E1F201C
:10EBA8002122232425267333762E77785F44454621
:10EBB8004748494A4B4C4D4E4F5051525354555665
:10EBC8005758595A5B5C5D2F3130636D3504050623
:10EBD8000708090A0B0C0D0E0F1011121314151645
:10EBE8001718191A1B1C1D6F7170752A0500000073
:10EBF800190000007D00000007080C0B06050F0037
:10EC08000D0E0102838407080C0B06050F000D0E7C
:10EC180001028384FFFFFFFFFFFFFFFFFFFF8182E9
:10EC2800090A000000010000E02D00201200000089
:10EC380000060000102100600A0000000002000029
:10EC480054200060BA00000000070000981F006010
:10EC5800BA000000EE030000B02D002012000000F2
:10EC6800000004EE702D0020400000000022040087
:10EC7800C42D00201C00000000210400FE200060BC
:10EC88000900000000030000941F0060000000005D
:10EC9800010309048C1F006000000000020309043E
:10ECA8007C1F0060000000000303090408300020F6
:10ECB80000000000040309042030002000000000C8
:10ECC800000000000000000000000000303030307C
:10ECD800303030303030303030303030303030302C
:10ECE80030303030303030303030303000000000DC
:10ECF8000000000000000000A0220020A022002048
:10ED0800A8220020A8220020B0220020B022002043
:10ED1800B8220020B8220020C0220020C0220020F3
:10ED2800C8220020C8220020D0220020D0220020A3
:10ED3800D8220020D8220020E0220020E022002053
:10ED4800E8220020E8220020F0220020F022002003
:10ED5800F8220020F82200200023002000230020B1
:10ED6800082300200823002010230020102300205F
:10ED7800182300201823002020230020202300200F
:10ED880028230020282300203023002030230020BF
:10ED9800382300203823002040230020402300206F
:10EDA800482300204823002050230020502300201F
:10EDB80058230020582300206023002060230020CF
:10EDC800682300206823002070230020702300207F
:10EDD800782300207823002080230020802300202F
:10EDE80088230020882300209023002090230020DF
:10EDF8009823002098230020A0230020A02300208F
:10EE0800A8230020A8230020B0230020B02300203E
:10EE1800B8230020B8230020C0230020C0230020EE
:10EE2800C8230020C8230020D0230020D02300209E
:10EE3800D8230020D8230020E0230020E02300204E
:10EE4800E8230020E8230020F0230020F0230020FE
:10EE5800F8230020F82300200024002000240020AC
:10EE6800082400200824002010240020102400205A
:10EE7800182400201824002020240020202400200A
:10EE880028240020282400203024002030240020BA
:10EE9800382400203824002040240020402400206A
:10EEA800482400204824002050240020502400201A
:10EEB80058240020582400206024002060240020CA
:10EEC800682400206824002070240020702400207A
:10EED800782400207824002080240020802400202A
:10EEE80088240020882400209024002090240020DA
:10EEF8009824002098240020A0240020A02400208A
:10EF0800A8240020A8240020B0240020B024002039
:10EF1800B8240020B8240020C0240020C0240020E9
:10EF2800C8240020C8240020D0240020D024002099
:10EF3800D8240020D8240020E0240020E024002049
:10EF4800E8240020E8240020F0240020F0240020F9
:10EF5800F8240020F82400200025002000250020A7
:10EF68000825002008250020102500201025002055
:10EF78001825002018250020202500202025002005
:10EF880028250020282500203025002030250020B5
:10EF98003825002038250020402500204025002065
:10EFA8004825002048250020502500205025002015
:10EFB80058250020582500206025002060250020C5
:10EFC8006825002068250020702500207025002075
:10EFD8007825002078250020802500208025002025
:10EFE80088250020882500209025002090250020D5
:10EFF8009825002098250020A0250020A025002085
:10F00800A8250020A8250020B0250020B025002034
:10F01800B8250020B8250020C0250020C0250020E4
:10F02800C8250020C8250020D0250020D025002094
:10F03800D8250020D8250020E0250020E025002044
:10F04800E8250020E8250020F0250020F0250020F4
:10F05800F8250020F82500200026002000260020A2
:10F068000826002008260020102600201026002050
:10F078001826002018260020202600202026002000
:10F0880028260020282600203026002030260020B0
:10F098003826002038260020402600204026002060
:10F0A8004826002048260020502600205026002010
:10F0B80058260020582600206026002060260020C0
:10F0C8006826002068260020702600207026002070
:10F0D8007826002078260020802600208026002020
:10F0E80088260020882600209026002090260020D0
:10F0F800982600209826002000000000C466002002
:10F108002C67002094670020000000000000000029
:10F1180000000000000000000000000000000000E7
:10F1280000000000000000000000000000000000D7
:10F1380000000000000000000000000000000000C7
:10F1480000000000000000000000000000000000B7
:10F1580000000000000000000000000000000000A7
:10F168000000000000000000000000000000000097
:10F178000000000000000000000000000000000087
:10F188000000000000000000000000000000000077
:10F1980001000000000000000E33CDAB34126DE614
:10F1A800ECDE05000B00000000000000000000007D
:10F1B8000000000000000000000000000000000047
:10F1C8000000000000000000000000000000000037
:10F1D8000000000000000000000000000000000027
:10F1E8000000000000000000000000000000000017
:10F1F8000000000000000000000000000000000007
:10F2080000000000000000000000000000000000F6
:10F2180000000000000000000000000000000000E6
:10F2280000000000000000000000000000000000D6
:10F2380000000000000000000000000000000000C6
:10F2480000000000000000000000000000000000B6
:10F2580000000000000000000000000000000000A6
:10F268000000000000000000000000000000000096
:10F278000000000000000000000000000000000086
:10F288000000000000000000000000000000000076
:10F298000000000000000000000000000000000066
:10F2A8000000000000000000000000000000000056
:10F2B8000000000000000000000000000000000046
:10F2C8000000000000000000000000000000000036
:10F2D8000000000000000000000000000000000026
:10F2E8000000000000000000000000000000000016
:10F2F80000000000000000000029DE07007B9A17CC
:10F3080000003A40E81E0060000000000000000015
:10F3180000000000000000000000000000000000E5
:10F3280000000000000000000000000000000000D5
:10F3380000000000000000000000000000000000C5
:10F3480000000000000000000000000000000000B5
:10F3580000C03940781E0060000000000000000076
:10F368000000000000000000000000000000000095
:10F378000000000000000000000000000000000085
:10F388000000000000000000000000000000000075
:10F398000000000000000000000000000000000065
:10F3A80000403940081E0060000000000000000016
:10F3B8000000000000000000000000000000000045
:10F3C8000000000000000000000000000000000035
:10F3D8000000000000000000000000000000000025
:10F3E8000000000000000000000000000000000015
:10F3F800541A002000000000E8030000000000008C
:10F40800E41B002000000000E803000000000000EA
:10F4180000801840182A00200000000080600020AA
:10F4280040600020000000000000000028000000EC
:10F43800400000002800000040000000000000001C
:10F4480000000000000000000000000000000000B4
:10F4580000000000000000000000000000000000A4
:10F468000000803F0000803F0215000005060100F3
:10F478000000000068C00F40000000300F000000CE
:10F48800020000002C851F4001000000FF00000062
:10F49800FF00000000000000000000000E00000057
:10F4A8000200000030851F4001000000FF0000003E
:10F4B800FF000000000000000000000013024000F0
:10F4C80026001800780000008002000005200001D6
:10F4D8000000000008000FC000000000000000004D
:10F4E80005200001000000005E04DD0203005E0448
:10F4F800EA0203005E04120B03005E04190704000D
:10F508005E048E0207007E050920070179001C2091
:10F5180007004C05680201014C052F0401014C0548
:10F52800D50305014C05C40502014C05CC090201AF
:10F538005C0AE82102016D0426C606016D0428C68E
:10F5480006010000420C0000846600208001202093
:10F558000000000043000000000000000000000060
:10F568000000000000000000000000000000000093
:10F578000000000043000000000000000000000040
:10F588000000000000000000000000000000000073
:10F598000000000043000000000000000000000020
:10F5A8000000000000000000000000000000000053
:10F5B8000000000043000000000000000000000000
:10F5C8000000000000000000000000000000000033
:10F5D80000000000430000000000000000000000E0
:10F5E8000000000000000000000000000000000013
:10F5F80000000000430000000000000000000000C0
:10F6080000000000000000000000000000000000F2
:10F61800000000004300000000000000000000009F
:10F6280000000000000000000000000000000000D2
:10F63800000000004300000000000000000000007F
:10F6480000000000000000000000000000000000B2
:10F6580000000000000000000000000000000000A2
:10F668000000000000000000000000000000000092
:10F678000000000000000000000000000000000082
:10F688000000000000000000000000000000000072
:10F698000000000000000000000000000000000062
:10F6A8000000000000000000000000000000000052
:10F6B8000000000000000000000000000000000042
:10F6C8000000000000000000000000000000000032
:10F6D8000000000000000000000000000000000022
:10F6E8000000000000000000000000000000000012
:10F6F8000000000000000000000000000000000002
:10F7080000000000000000000000000000000000F1
:10F71800000000000000000000000000755B010010
:10F728006153010000000000A81C0020F80B002015
:10F73800A40D0020A40D0020A40D0020A40D00207D
:10F74800A40D0020A40D0020A40D0020A40D00206D
:10F75800A40D0020FFFFFFFFFFFFFFFFFFFFFFFFDC
:10F76800FFFF000001004153434949000000000029
:10F778000000000000000000000000000000000081
:10F788000000000000004153434949000000000008
:10F798000000000000000000000000000000000061
:10F7A8000000000000000000FFFFFFFF0000020053
:10F7B8000000000003000000C4660020A826002006
:10F7C80040000000000104000200000000000000EA
:10F7D800000158555342323000000000000000007C
:10F7E800000000000000000004010000000000000C
:10F7F8000000000000000000000000000000000001
:10F8080012034D0053004600540031003000300010
:10F81800F80000000600FF0901A101850109011592
:10F828000025FF7508953FB1020902953F8102C086
:10F8380012010002EF0201400912C0AB14010102DB
:10F84800030100000000803F0000803F0000803F6F
:10F858000000803F881300002D1401002D140100C2
:10F868002D1401002D1401002D1401002D14010088
:10F878002D1401002D1401002D1401002D14010078
:10F888002D1401002D1401002D1401002D14010068
:10F898002D1401002D1401002D1401002D14010058
:10F8A8002D1401002D1401002D1401002D14010048
:10F8B8002D1401002D1401002D1401002D14010038
:10F8C8002D1401002D1401002D1401002D14010028
:10F8D8002D1401002D1401002D1401002D14010018
:10F8E8002D1401002D1401002D1401002D14010008
:10F8F8002D1401002D1401002D1401002D140100F8
:10F908002D1401002D1401002D1401002D140100E7
:10F918002D1401002D1401002D1401002D140100D7
:10F928002D1401002D1401002D1401002D140100C7
:10F938002D1401002D1401002D1401002D140100B7
:10F948002D1401002D1401002D1401002D140100A7
:10F958002D1401002D1401002D1401002D14010097
:10F968002D1401002D1401002D1401002D14010087
:10F978002D1401002D1401002D1401002D14010077
:10F988002D1401002D1401002D1401002D14010067
:10F998002D1401002D1401002D1401002D14010057
:10F9A8002D1401002D1401002D1401002D14010047
:10F9B8002D1401002D1401002D1401002D14010037
:10F9C8002D1401002D1401002D1401002D14010027
:10F9D8002D1401002D1401002D1401002D14010017
:10F9E8002D1401002D1401002D1401002D14010007
:10F9F8002D1401002D1401002D1401002D140100F7
:10FA08002D1401002D1401002D1401002D140100E6
:10FA18002D1401002D1401002D1401002D140100D6
:10FA28002D1401002D1401002D1401002D140100C6
:10FA38002D1401002D1401002D1401002D140100B6
:10FA48002D1401002D1401002D1401002D140100A6
:10FA58002D1401002D1401000C030000000000000B
:10FA6800000000000000000000000000000000008E
:10FA7800B203580062006F00780020005300650050
:10FA880063007500720069007400790020004D0061
:10FA98006500740068006F006400200033002C00CB
:10FAA8002000560065007200730069006F006E0048
:10FAB800200031002E00300030002C002000A9006A
:10FAC8002000320030003000350020004D00690071
:10FAD800630072006F0073006F00660074002000FE
:10FAE80043006F00720070006F00720061007400C4
:10FAF80069006F006E002E00200041006C006C0051
:10FB0800200072006900670068007400730020001C
:10FB1800720065007300650072007600650064007D
:10FB28002E00FF01010101FF014601010000000054
:10FB380000000000000000000000000000000000BD
:10FB480000000000000000000000000000000000AD
:10FB5800000000000000000000000000000000009D
:10FB6800000000000000000000000000000000008D
:10FB7800000000000000000000000000000000007D
:10FB8800000000000000000000000000000000006D
:10FB9800000000000000000000000000000000005D
:10FBA800000000000000000000000000000000004D
:10FBB800000000000000000000000000000000003D
:10FBC800000000000000000000000000000000002D
:10FBD800000000000000000000000000000000001D
:10FBE800000000000000000000000000000000000D
:10FBF80000000000000000000000000000000000FD
:10FC080000000000000000000000000000000000EC
:10FC180000000000000000000000000000000000DC
:10FC280000000000000000000000000000000000CC
:10FC380000000000000000000000000000000000BC
:10FC480000000000000000000000000000000000AC
:10FC5800000000000000000000000000000000009C
:10FC6800000000000000000000000000000000008C
:10FC7800000000000000000000000000000000007C
:10FC8800000000000000000000000000000000006C
:10FC9800000000000000000000000000000000005C
:10FCA800000000000000000000000000000000004C
:10FCB800000000000000000000000000000000003C
:10FCC800000000000000000000000000000000002C
:10FCD800000000000000000000000000000000001C
:10FCE800000000000000000000000000000000000C
:10FCF80000000000000000000000000000000000FC
:10FD080000000000000000000000000000000000EB
:10FD180000000000000000000000000000000000DB
:10FD280000000000000000000000000000000000CB
:10FD380000000000000000000000000000000000BB
:10FD480000000000000000000000000000000000AB
:10FD5800000000000000000000000000000000009B
:10FD6800000000000000000000000000000000008B
:10FD7800000000000000000000000000000000007B
:10FD8800000000000000000000000000000000006B
:10FD9800000000000000000000000000000000005B
:10FDA800000000000000000000000000000000004B
:10FDB800000000000000000000000000000000003B
:10FDC800000000000000000000000000000000002B
:10FDD800000000000000000000000000000000001B
:10FDE800000000000000000000000000000000000B
:10FDF80000000000000000000000000000000000FB
:10FE080000000000000000000000000000000000EA
:10FE180000000000000000000000000000000000DA
:10FE280000000000000000000000000000000000CA
:10FE380000000000000000000000000000000000BA
:10FE480000000000000000000000000000000000AA
:10FE5800000000000000000000000000000000009A
:10FE6800000000000000000000000000000000008A
:10FE7800000000000000000000000000000000007A
:10FE8800000000000000000000000000000000006A
:10FE9800000000000000000000000000000000005A
:10FEA800000000000000000000000000000000004A
:10FEB800000000000000000000000000000000003A
:10FEC800000000000000000000000000000000002A
:10FED800000000000000000000000000000000001A
:10FEE800000000000000000000000000000000000A
:10FEF80000000000000000000000000000000000FA
:10FF080000000000000000000000000000000000E9
:10FF180000000000000000000000000000000000D9
:10FF280000000000000000000000000000000000C9
:10FF380000000000000000000000000000000000B9
:10FF480000000000000000000000000000000000A9
:10FF58000000000000000000000000000000000099
:10FF68000000000000000000000000000000000089
:10FF78000000000000000000000000000000000079
:10FF88000000000000000000000000000000000069
:10FF98000000000000000000000000000000000059
:10FFA8000000000000000000000000000000000049
:10FFB8000000000000000000000000000000000039
:10FFC8000000000000000000000000000000000029
:10FFD8000000000000000000000000000000000019
:10FFE8000000000000000000000000000000000009
:08FFF800000000000000000001
:02000004600298
:1000000000000000000000000000000000000000F0
:1000100000000000000000000000000000000000E0
:1000200000000000000000000000000000000000D0
:1000300000000000000000000000000000000000C0
:1000400000000000000000000000000000000000B0
:1000500000000000000000000000000000000000A0
:100060000000000000000000000000000000000090
:100070000000000000000000000000000000000080
:100080000000000000000000000000000000000070
:100090000000000000000000000000000000000060
:1000A0000000000000000000000000000000000050
:1000B0000000000000000000000000000000000040
:1000C0000000000000000000000000000000000030
:1000D0000000000000000000000000000000000020
:1000E0000000000000000000000000000000000010
:1000F0000000000000000000000000000000000000
:1001000000000000000000000000000000000000EF
:080110000000000000000000E7
:10011800FFFFFFFFFFFFFFFFFFFFFFFFFFFFFFFFE7
:10012800FFFFFFFFFFFFFFFFFFFFFFFFFFFFFFFFD7
:10013800FFFFFFFFFFFFFFFFFFFFFFFFFFFFFFFFC7
:10014800FFFFFFFFFFFFFFFFFFFFFFFFFFFFFFFFB7
:10015800FFFFFFFFFFFFFFFFFFFFFFFFFFFFFFFFA7
:10016800FFFFFFFFFFFFFFFFFFFFFFFFFFFFFFFF97
:10017800FFFFFFFFFFFFFFFFFFFFFFFFFFFFFFFF87
:10018800FFFFFFFFFFFFFFFFFFFFFFFFFFFFFFFF77
:10019800FFFFFFFFFFFFFFFFFFFFFFFFFFFFFFFF67
:1001A800FFFFFFFFFFFFFFFFFFFFFFFFFFFFFFFF57
:1001B800FFFFFFFFFFFFFFFFFFFFFFFFFFFFFFFF47
:1001C800FFFFFFFFFFFFFFFFFFFFFFFFFFFFFFFF37
:1001D800FFFFFFFFFFFFFFFFFFFFFFFFFFFFFFFF27
:1001E800FFFFFFFFFFFFFFFFFFFFFFFFFFFFFFFF17
:1001F800FFFFFFFFFFFFFFFFFFFFFFFFFFFFFFFF07
:10020800FFFFFFFFFFFFFFFFFFFFFFFFFFFFFFFFF6
:10021800FFFFFFFFFFFFFFFFFFFFFFFFFFFFFFFFE6
:10022800FFFFFFFFFFFFFFFFFFFFFFFFFFFFFFFFD6
:10023800FFFFFFFFFFFFFFFFFFFFFFFFFFFFFFFFC6
:10024800FFFFFFFFFFFFFFFFFFFFFFFFFFFFFFFFB6
:10025800FFFFFFFFFFFFFFFFFFFFFFFFFFFFFFFFA6
:10026800FFFFFFFFFFFFFFFFFFFFFFFFFFFFFFFF96
:10027800FFFFFFFFFFFFFFFFFFFFFFFFFFFFFFFF86
:10028800FFFFFFFFFFFFFFFFFFFFFFFFFFFFFFFF76
:10029800FFFFFFFFFFFFFFFFFFFFFFFFFFFFFFFF66
:1002A800FFFFFFFFFFFFFFFFFFFFFFFFFFFFFFFF56
:1002B800FFFFFFFFFFFFFFFFFFFFFFFFFFFFFFFF46
:1002C800FFFFFFFFFFFFFFFFFFFFFFFFFFFFFFFF36
:1002D800FFFFFFFFFFFFFFFFFFFFFFFFFFFFFFFF26
:1002E800FFFFFFFFFFFFFFFFFFFFFFFFFFFFFFFF16
:1002F800FFFFFFFFFFFFFFFFFFFFFFFFFFFFFFFF06
:10030800FFFFFFFFFFFFFFFFFFFFFFFFFFFFFFFFF5
:10031800FFFFFFFFFFFFFFFFFFFFFFFFFFFFFFFFE5
:10032800FFFFFFFFFFFFFFFFFFFFFFFFFFFFFFFFD5
:10033800FFFFFFFFFFFFFFFFFFFFFFFFFFFFFFFFC5
:10034800FFFFFFFFFFFFFFFFFFFFFFFFFFFFFFFFB5
:10035800FFFFFFFFFFFFFFFFFFFFFFFFFFFFFFFFA5
:10036800FFFFFFFFFFFFFFFFFFFFFFFFFFFFFFFF95
:10037800FFFFFFFFFFFFFFFFFFFFFFFFFFFFFFFF85
:10038800FFFFFFFFFFFFFFFFFFFFFFFFFFFFFFFF75
:10039800FFFFFFFFFFFFFFFFFFFFFFFFFFFFFFFF65
:1003A800FFFFFFFFFFFFFFFFFFFFFFFFFFFFFFFF55
:1003B800FFFFFFFFFFFFFFFFFFFFFFFFFFFFFFFF45
:1003C800FFFFFFFFFFFFFFFFFFFFFFFFFFFFFFFF35
:1003D800FFFFFFFFFFFFFFFFFFFFFFFFFFFFFFFF25
:1003E800FFFFFFFFFFFFFFFFFFFFFFFFFFFFFFFF15
:1003F800FFFFFFFFFFFFFFFF0000000000000000FD
:1004080000000000000000000000000000000000E4
:1004180000000000000000000000000000000000D4
:1004280000000000000000000000000000000000C4
:1004380000000000000000000000000000000000B4
:1004480000000000000000000000000000000000A4
:100458000000000000000000000000000000000094
:100468000000000000000000000000000000000084
:100478000000000000000000000000000000000074
:100488000000000000000000000000000000000064
:100498000000000000000000000000000000000054
:1004A8000000000000000000000000000000000044
:1004B8000000000000000000000000000000000034
:1004C8000000000000000000000000000000000024
:1004D8000000000000000000000000000000000014
:1004E8000000000000000000000000000000000004
:1004F80000000000000000000000000000000000F4
:1005080000000000000000000000000000000000E3
:1005180000000000000000000000000000000000D3
:1005280000000000000000000000000000000000C3
:1005380000000000000000000000000000000000B3
:1005480000000000000000000000000000000000A3
:100558000000000000000000000000000000000093
:100568000000000000000000000000000000000083
:100578000000000000000000000000000000000073
:100588000000000000000000000000000000000063
:100598000000000000000000000000000000000053
:1005A8000000000000000000000000000000000043
:1005B8000000000000000000000000000000000033
:1005C8000000000000000000000000000000000023
:1005D8000000000000000000000000000000000013
:1005E8000000000000000000000000000000000003
:1005F80000000000000000000000000000000000F3
:1006080000000000000000000000000000000000E2
:1006180000000000000000000000000000000000D2
:1006280000000000000000000000000000000000C2
:1006380000000000000000000000000000000000B2
:1006480000000000000000000000000000000000A2
:100658000000000000000000000000000000000092
:100668000000000000000000000000000000000082
:100678000000000000000000000000000000000072
:100688000000000000000000000000000000000062
:100698000000000000000000000000000000000052
:1006A8000000000000000000000000000000000042
:1006B8000000000000000000000000000000000032
:1006C8000000000000000000000000000000000022
:1006D8000000000000000000000000000000000012
:1006E8000000000000000000000000000000000002
:1006F80000000000000000000000000000000000F2
:1007080000000000000000000000000000000000E1
:1007180000000000000000000000000000000000D1
:1007280000000000000000000000000000000000C1
:1007380000000000000000000000000000000000B1
:1007480000000000000000000000000000000000A1
:100758000000000000000000000000000000000091
:100768000000000000000000000000000000000081
:100778000000000000000000000000000000000071
:100788000000000000000000000000000000000061
:100798000000000000000000000000000000000051
:1007A8000000000000000000000000000000000041
:1007B8000000000000000000000000000000000031
:1007C8000000000000000000000000000000000021
:1007D8000000000000000000000000000000000011
:1007E8000000000000000000000000000000000001
:1007F80000000000000000000000000000000000F1
:1008080000000000000000000000000000000000E0
:1008180000000000000000000000000000000000D0
:1008280000000000000000000000000000000000C0
:1008380000000000000000000000000000000000B0
:1008480000000000000000000000000000000000A0
:100858000000000000000000000000000000000090
:100868000000000000000000000000000000000080
:100878000000000000000000000000000000000070
:100888000000000000000000000000000000000060
:100898000000000000000000000000000000000050
:1008A8000000000000000000000000000000000040
:1008B8000000000000000000000000000000000030
:1008C8000000000000000000000000000000000020
:1008D8000000000000000000000000000000000010
:1008E8000000000000000000000000000000000000
:1008F80000000000000000000000000000000000F0
:1009080000000000000000000000000000000000DF
:1009180000000000000000000000000000000000CF
:1009280000000000000000000000000000000000BF
:1009380000000000000000000000000000000000AF
:10094800000000000000000000000000000000009F
:10095800000000000000000000000000000000008F
:10096800000000000000000000000000000000007F
:10097800000000000000000000000000000000006F
:10098800000000000000000000000000000000005F
:10099800000000000000000000000000000000004F
:1009A800000000000000000000000000000000003F
:1009B800000000000000000000000000000000002F
:1009C800000000000000000000000000000000001F
:1009D800000000000000000000000000000000000F
:1009E80000000000000000000000000000000000FF
:1009F80000000000000000000000000000000000EF
:100A080000000000000000000000000000000000DE
:100A180000000000000000000000000000000000CE
:100A280000000000000000000000000000000000BE
:100A380000000000000000000000000000000000AE
:100A4800000000000000000000000000000000009E
:100A5800000000000000000000000000000000008E
:100A6800000000000000000000000000000000007E
:100A7800000000000000000000000000000000006E
:100A8800000000000000000000000000000000005E
:100A9800000000000000000000000000000000004E
:100AA800000000000000000000000000000000003E
:100AB800000000000000000000000000000000002E
:100AC800000000000000000000000000000000001E
:100AD800000000000000000000000000000000000E
:100AE80000000000000000000000000000000000FE
:100AF80000000000000000000000000000000000EE
:100B080000000000000000000000000000000000DD
:100B180000000000000000000000000000000000CD
:100B280000000000000000000000000000000000BD
:100B380000000000000000000000000000000000AD
:100B4800000000000000000000000000000000009D
:100B5800000000000000000000000000000000008D
:100B6800000000000000000000000000000000007D
:100B7800000000000000000000000000000000006D
:100B8800000000000000000000000000000000005D
:100B9800000000000000000000000000000000004D
:100BA800000000000000000000000000000000003D
:100BB800000000000000000000000000000000002D
:100BC800000000000000000000000000000000001D
:100BD800000000000000000000000000000000000D
:100BE80000000000000000000000000000000000FD
:100BF80000000000000000000000000000000000ED
:100C080000000000000000000000000000000000DC
:100C180000000000000000000000000000000000CC
:100C280000000000000000000000000000000000BC
:100C380000000000000000000000000000000000AC
:100C4800000000000000000000000000000000009C
:100C5800000000000000000000000000000000008C
:100C6800000000000000000000000000000000007C
:100C7800000000000000000000000000000000006C
:100C8800000000000000000000000000000000005C
:100C9800000000000000000000000000000000004C
:100CA800000000000000000000000000000000003C
:100CB800000000000000000000000000000000002C
:100CC800000000000000000000000000000000001C
:100CD800000000000000000000000000000000000C
:100CE80000000000000000000000000000000000FC
:100CF80000000000000000000000000000000000EC
:100D080000000000000000000000000000000000DB
:100D180000000000000000000000000000000000CB
:100D280000000000000000000000000000000000BB
:100D380000000000000000000000000000000000AB
:100D4800000000000000000000000000000000009B
:100D5800000000000000000000000000000000008B
:100D6800000000000000000000000000000000007B
:100D7800000000000000000000000000000000006B
:100D8800000000000000000000000000000000005B
:100D9800000000000000000000000000000000004B
:100DA800000000000000000000000000000000003B
:100DB800000000000000000000000000000000002B
:100DC800000000000000000000000000000000001B
:100DD800000000000000000000000000000000000B
:100DE80000000000000000000000000000000000FB
:100DF80000000000000000000000000000000000EB
:100E080000000000000000000000000000000000DA
:100E180000000000000000000000000000000000CA
:100E280000000000000000000000000000000000BA
:100E380000000000000000000000000000000000AA
:100E4800000000000000000000000000000000009A
:100E5800000000000000000000000000000000008A
:100E6800000000000000000000000000000000007A
:100E7800000000000000000000000000000000006A
:100E8800000000000000000000000000000000005A
:100E9800000000000000000000000000000000004A
:100EA800000000000000000000000000000000003A
:100EB800000000000000000000000000000000002A
:100EC800000000000000000000000000000000001A
:100ED800000000000000000000000000000000000A
:100EE80000000000000000000000000000000000FA
:100EF80000000000000000000000000000000000EA
:100F080000000000000000000000000000000000D9
:100F180000000000000000000000000000000000C9
:100F280000000000000000000000000000000000B9
:100F380000000000000000000000000000000000A9
:100F48000000000000000000000000000000000099
:100F58000000000000000000000000000000000089
:100F68000000000000000000000000000000000079
:100F78000000000000000000000000000000000069
:100F88000000000000000000000000000000000059
:100F98000000000000000000000000000000000049
:100FA8000000000000000000000000000000000039
:100FB8000000000000000000000000000000000029
:100FC8000000000000000000000000000000000019
:100FD8000000000000000000000000000000000009
:100FE80000000000000000000000000000000000F9
:080FF8000000000000000000F1
:040000056000100087
:00000001FF
