:0200000460009A
:100000004643464200000156000000000101020084
:1000100000000000000000000000000000000000E0
:1000200000000000000000000000000000000000D0
:1000300000000000000000000000000000000000C0
:1000400000000000010406010000000000000000A4
:100050000000800000000000000000000000000020
:100060000000000000000000000000000000000090
:100070000000000000000000000000000000000080
:10008000EB04180AFF1E04320126000000000000E5
:100090000000000000000000000000000000000060
:1000A0000000000000000000000000000000000050
:1000B0000000000000000000000000000000000040
:1000C0000000000000000000000000000000000030
:1000D0000000000000000000000000000000000020
:1000E0000000000000000000000000000000000010
:1000F0000000000000000000000000000000000000
:1001000000000000000000000000000000000000EF
:1001100000000000000000000000000000000000DF
:1001200000000000000000000000000000000000CF
:1001300000000000000000000000000000000000BF
:1001400000000000000000000000000000000000AF
:10015000000000000000000000000000000000009F
:10016000000000000000000000000000000000008F
:10017000000000000000000000000000000000007F
:10018000000000000000000000000000000000006F
:10019000000000000000000000000000000000005F
:1001A000000000000000000000000000000000004F
:1001B000000000000000000000000000000000003F
:1001C000000100000010000001000000000000001D
:1001D000000001000000000000000000000000001E
:1001E000000000000000000000000000000000000F
:1001F00000000000000000000000000000000000FF
:10020000FFFFFFFFFFFFFFFFFFFFFFFFFFFFFFFFFE
:10021000FFFFFFFFFFFFFFFFFFFFFFFFFFFFFFFFEE
:10022000FFFFFFFFFFFFFFFFFFFFFFFFFFFFFFFFDE
:10023000FFFFFFFFFFFFFFFFFFFFFFFFFFFFFFFFCE
:10024000FFFFFFFFFFFFFFFFFFFFFFFFFFFFFFFFBE
:10025000FFFFFFFFFFFFFFFFFFFFFFFFFFFFFFFFAE
:10026000FFFFFFFFFFFFFFFFFFFFFFFFFFFFFFFF9E
:10027000FFFFFFFFFFFFFFFFFFFFFFFFFFFFFFFF8E
:10028000FFFFFFFFFFFFFFFFFFFFFFFFFFFFFFFF7E
:10029000FFFFFFFFFFFFFFFFFFFFFFFFFFFFFFFF6E
:1002A000FFFFFFFFFFFFFFFFFFFFFFFFFFFFFFFF5E
:1002B000FFFFFFFFFFFFFFFFFFFFFFFFFFFFFFFF4E
:1002C000FFFFFFFFFFFFFFFFFFFFFFFFFFFFFFFF3E
:1002D000FFFFFFFFFFFFFFFFFFFFFFFFFFFFFFFF2E
:1002E000FFFFFFFFFFFFFFFFFFFFFFFFFFFFFFFF1E
:1002F000FFFFFFFFFFFFFFFFFFFFFFFFFFFFFFFF0E
:10030000FFFFFFFFFFFFFFFFFFFFFFFFFFFFFFFFFD
:10031000FFFFFFFFFFFFFFFFFFFFFFFFFFFFFFFFED
:10032000FFFFFFFFFFFFFFFFFFFFFFFFFFFFFFFFDD
:10033000FFFFFFFFFFFFFFFFFFFFFFFFFFFFFFFFCD
:10034000FFFFFFFFFFFFFFFFFFFFFFFFFFFFFFFFBD
:10035000FFFFFFFFFFFFFFFFFFFFFFFFFFFFFFFFAD
:10036000FFFFFFFFFFFFFFFFFFFFFFFFFFFFFFFF9D
:10037000FFFFFFFFFFFFFFFFFFFFFFFFFFFFFFFF8D
:10038000FFFFFFFFFFFFFFFFFFFFFFFFFFFFFFFF7D
:10039000FFFFFFFFFFFFFFFFFFFFFFFFFFFFFFFF6D
:1003A000FFFFFFFFFFFFFFFFFFFFFFFFFFFFFFFF5D
:1003B000FFFFFFFFFFFFFFFFFFFFFFFFFFFFFFFF4D
:1003C000FFFFFFFFFFFFFFFFFFFFFFFFFFFFFFFF3D
:1003D000FFFFFFFFFFFFFFFFFFFFFFFFFFFFFFFF2D
:1003E000FFFFFFFFFFFFFFFFFFFFFFFFFFFFFFFF1D
:1003F000FFFFFFFFFFFFFFFFFFFFFFFFFFFFFFFF0D
:10040000FFFFFFFFFFFFFFFFFFFFFFFFFFFFFFFFFC
:10041000FFFFFFFFFFFFFFFFFFFFFFFFFFFFFFFFEC
:10042000FFFFFFFFFFFFFFFFFFFFFFFFFFFFFFFFDC
:10043000FFFFFFFFFFFFFFFFFFFFFFFFFFFFFFFFCC
:10044000FFFFFFFFFFFFFFFFFFFFFFFFFFFFFFFFBC
:10045000FFFFFFFFFFFFFFFFFFFFFFFFFFFFFFFFAC
:10046000FFFFFFFFFFFFFFFFFFFFFFFFFFFFFFFF9C
:10047000FFFFFFFFFFFFFFFFFFFFFFFFFFFFFFFF8C
:10048000FFFFFFFFFFFFFFFFFFFFFFFFFFFFFFFF7C
:10049000FFFFFFFFFFFFFFFFFFFFFFFFFFFFFFFF6C
:1004A000FFFFFFFFFFFFFFFFFFFFFFFFFFFFFFFF5C
:1004B000FFFFFFFFFFFFFFFFFFFFFFFFFFFFFFFF4C
:1004C000FFFFFFFFFFFFFFFFFFFFFFFFFFFFFFFF3C
:1004D000FFFFFFFFFFFFFFFFFFFFFFFFFFFFFFFF2C
:1004E000FFFFFFFFFFFFFFFFFFFFFFFFFFFFFFFF1C
:1004F000FFFFFFFFFFFFFFFFFFFFFFFFFFFFFFFF0C
:10050000FFFFFFFFFFFFFFFFFFFFFFFFFFFFFFFFFB
:10051000FFFFFFFFFFFFFFFFFFFFFFFFFFFFFFFFEB
:10052000FFFFFFFFFFFFFFFFFFFFFFFFFFFFFFFFDB
:10053000FFFFFFFFFFFFFFFFFFFFFFFFFFFFFFFFCB
:10054000FFFFFFFFFFFFFFFFFFFFFFFFFFFFFFFFBB
:10055000FFFFFFFFFFFFFFFFFFFFFFFFFFFFFFFFAB
:10056000FFFFFFFFFFFFFFFFFFFFFFFFFFFFFFFF9B
:10057000FFFFFFFFFFFFFFFFFFFFFFFFFFFFFFFF8B
:10058000FFFFFFFFFFFFFFFFFFFFFFFFFFFFFFFF7B
:10059000FFFFFFFFFFFFFFFFFFFFFFFFFFFFFFFF6B
:1005A000FFFFFFFFFFFFFFFFFFFFFFFFFFFFFFFF5B
:1005B000FFFFFFFFFFFFFFFFFFFFFFFFFFFFFFFF4B
:1005C000FFFFFFFFFFFFFFFFFFFFFFFFFFFFFFFF3B
:1005D000FFFFFFFFFFFFFFFFFFFFFFFFFFFFFFFF2B
:1005E000FFFFFFFFFFFFFFFFFFFFFFFFFFFFFFFF1B
:1005F000FFFFFFFFFFFFFFFFFFFFFFFFFFFFFFFF0B
:10060000FFFFFFFFFFFFFFFFFFFFFFFFFFFFFFFFFA
:10061000FFFFFFFFFFFFFFFFFFFFFFFFFFFFFFFFEA
:10062000FFFFFFFFFFFFFFFFFFFFFFFFFFFFFFFFDA
:10063000FFFFFFFFFFFFFFFFFFFFFFFFFFFFFFFFCA
:10064000FFFFFFFFFFFFFFFFFFFFFFFFFFFFFFFFBA
:10065000FFFFFFFFFFFFFFFFFFFFFFFFFFFFFFFFAA
:10066000FFFFFFFFFFFFFFFFFFFFFFFFFFFFFFFF9A
:10067000FFFFFFFFFFFFFFFFFFFFFFFFFFFFFFFF8A
:10068000FFFFFFFFFFFFFFFFFFFFFFFFFFFFFFFF7A
:10069000FFFFFFFFFFFFFFFFFFFFFFFFFFFFFFFF6A
:1006A000FFFFFFFFFFFFFFFFFFFFFFFFFFFFFFFF5A
:1006B000FFFFFFFFFFFFFFFFFFFFFFFFFFFFFFFF4A
:1006C000FFFFFFFFFFFFFFFFFFFFFFFFFFFFFFFF3A
:1006D000FFFFFFFFFFFFFFFFFFFFFFFFFFFFFFFF2A
:1006E000FFFFFFFFFFFFFFFFFFFFFFFFFFFFFFFF1A
:1006F000FFFFFFFFFFFFFFFFFFFFFFFFFFFFFFFF0A
:10070000FFFFFFFFFFFFFFFFFFFFFFFFFFFFFFFFF9
:10071000FFFFFFFFFFFFFFFFFFFFFFFFFFFFFFFFE9
:10072000FFFFFFFFFFFFFFFFFFFFFFFFFFFFFFFFD9
:10073000FFFFFFFFFFFFFFFFFFFFFFFFFFFFFFFFC9
:10074000FFFFFFFFFFFFFFFFFFFFFFFFFFFFFFFFB9
:10075000FFFFFFFFFFFFFFFFFFFFFFFFFFFFFFFFA9
:10076000FFFFFFFFFFFFFFFFFFFFFFFFFFFFFFFF99
:10077000FFFFFFFFFFFFFFFFFFFFFFFFFFFFFFFF89
:10078000FFFFFFFFFFFFFFFFFFFFFFFFFFFFFFFF79
:10079000FFFFFFFFFFFFFFFFFFFFFFFFFFFFFFFF69
:1007A000FFFFFFFFFFFFFFFFFFFFFFFFFFFFFFFF59
:1007B000FFFFFFFFFFFFFFFFFFFFFFFFFFFFFFFF49
:1007C000FFFFFFFFFFFFFFFFFFFFFFFFFFFFFFFF39
:1007D000FFFFFFFFFFFFFFFFFFFFFFFFFFFFFFFF29
:1007E000FFFFFFFFFFFFFFFFFFFFFFFFFFFFFFFF19
:1007F000FFFFFFFFFFFFFFFFFFFFFFFFFFFFFFFF09
:10080000FFFFFFFFFFFFFFFFFFFFFFFFFFFFFFFFF8
:10081000FFFFFFFFFFFFFFFFFFFFFFFFFFFFFFFFE8
:10082000FFFFFFFFFFFFFFFFFFFFFFFFFFFFFFFFD8
:10083000FFFFFFFFFFFFFFFFFFFFFFFFFFFFFFFFC8
:10084000FFFFFFFFFFFFFFFFFFFFFFFFFFFFFFFFB8
:10085000FFFFFFFFFFFFFFFFFFFFFFFFFFFFFFFFA8
:10086000FFFFFFFFFFFFFFFFFFFFFFFFFFFFFFFF98
:10087000FFFFFFFFFFFFFFFFFFFFFFFFFFFFFFFF88
:10088000FFFFFFFFFFFFFFFFFFFFFFFFFFFFFFFF78
:10089000FFFFFFFFFFFFFFFFFFFFFFFFFFFFFFFF68
:1008A000FFFFFFFFFFFFFFFFFFFFFFFFFFFFFFFF58
:1008B000FFFFFFFFFFFFFFFFFFFFFFFFFFFFFFFF48
:1008C000FFFFFFFFFFFFFFFFFFFFFFFFFFFFFFFF38
:1008D000FFFFFFFFFFFFFFFFFFFFFFFFFFFFFFFF28
:1008E000FFFFFFFFFFFFFFFFFFFFFFFFFFFFFFFF18
:1008F000FFFFFFFFFFFFFFFFFFFFFFFFFFFFFFFF08
:10090000FFFFFFFFFFFFFFFFFFFFFFFFFFFFFFFFF7
:10091000FFFFFFFFFFFFFFFFFFFFFFFFFFFFFFFFE7
:10092000FFFFFFFFFFFFFFFFFFFFFFFFFFFFFFFFD7
:10093000FFFFFFFFFFFFFFFFFFFFFFFFFFFFFFFFC7
:10094000FFFFFFFFFFFFFFFFFFFFFFFFFFFFFFFFB7
:10095000FFFFFFFFFFFFFFFFFFFFFFFFFFFFFFFFA7
:10096000FFFFFFFFFFFFFFFFFFFFFFFFFFFFFFFF97
:10097000FFFFFFFFFFFFFFFFFFFFFFFFFFFFFFFF87
:10098000FFFFFFFFFFFFFFFFFFFFFFFFFFFFFFFF77
:10099000FFFFFFFFFFFFFFFFFFFFFFFFFFFFFFFF67
:1009A000FFFFFFFFFFFFFFFFFFFFFFFFFFFFFFFF57
:1009B000FFFFFFFFFFFFFFFFFFFFFFFFFFFFFFFF47
:1009C000FFFFFFFFFFFFFFFFFFFFFFFFFFFFFFFF37
:1009D000FFFFFFFFFFFFFFFFFFFFFFFFFFFFFFFF27
:1009E000FFFFFFFFFFFFFFFFFFFFFFFFFFFFFFFF17
:1009F000FFFFFFFFFFFFFFFFFFFFFFFFFFFFFFFF07
:100A0000FFFFFFFFFFFFFFFFFFFFFFFFFFFFFFFFF6
:100A1000FFFFFFFFFFFFFFFFFFFFFFFFFFFFFFFFE6
:100A2000FFFFFFFFFFFFFFFFFFFFFFFFFFFFFFFFD6
:100A3000FFFFFFFFFFFFFFFFFFFFFFFFFFFFFFFFC6
:100A4000FFFFFFFFFFFFFFFFFFFFFFFFFFFFFFFFB6
:100A5000FFFFFFFFFFFFFFFFFFFFFFFFFFFFFFFFA6
:100A6000FFFFFFFFFFFFFFFFFFFFFFFFFFFFFFFF96
:100A7000FFFFFFFFFFFFFFFFFFFFFFFFFFFFFFFF86
:100A8000FFFFFFFFFFFFFFFFFFFFFFFFFFFFFFFF76
:100A9000FFFFFFFFFFFFFFFFFFFFFFFFFFFFFFFF66
:100AA000FFFFFFFFFFFFFFFFFFFFFFFFFFFFFFFF56
:100AB000FFFFFFFFFFFFFFFFFFFFFFFFFFFFFFFF46
:100AC000FFFFFFFFFFFFFFFFFFFFFFFFFFFFFFFF36
:100AD000FFFFFFFFFFFFFFFFFFFFFFFFFFFFFFFF26
:100AE000FFFFFFFFFFFFFFFFFFFFFFFFFFFFFFFF16
:100AF000FFFFFFFFFFFFFFFFFFFFFFFFFFFFFFFF06
:100B0000FFFFFFFFFFFFFFFFFFFFFFFFFFFFFFFFF5
:100B1000FFFFFFFFFFFFFFFFFFFFFFFFFFFFFFFFE5
:100B2000FFFFFFFFFFFFFFFFFFFFFFFFFFFFFFFFD5
:100B3000FFFFFFFFFFFFFFFFFFFFFFFFFFFFFFFFC5
:100B4000FFFFFFFFFFFFFFFFFFFFFFFFFFFFFFFFB5
:100B5000FFFFFFFFFFFFFFFFFFFFFFFFFFFFFFFFA5
:100B6000FFFFFFFFFFFFFFFFFFFFFFFFFFFFFFFF95
:100B7000FFFFFFFFFFFFFFFFFFFFFFFFFFFFFFFF85
:100B8000FFFFFFFFFFFFFFFFFFFFFFFFFFFFFFFF75
:100B9000FFFFFFFFFFFFFFFFFFFFFFFFFFFFFFFF65
:100BA000FFFFFFFFFFFFFFFFFFFFFFFFFFFFFFFF55
:100BB000FFFFFFFFFFFFFFFFFFFFFFFFFFFFFFFF45
:100BC000FFFFFFFFFFFFFFFFFFFFFFFFFFFFFFFF35
:100BD000FFFFFFFFFFFFFFFFFFFFFFFFFFFFFFFF25
:100BE000FFFFFFFFFFFFFFFFFFFFFFFFFFFFFFFF15
:100BF000FFFFFFFFFFFFFFFFFFFFFFFFFFFFFFFF05
:100C0000FFFFFFFFFFFFFFFFFFFFFFFFFFFFFFFFF4
:100C1000FFFFFFFFFFFFFFFFFFFFFFFFFFFFFFFFE4
:100C2000FFFFFFFFFFFFFFFFFFFFFFFFFFFFFFFFD4
:100C3000FFFFFFFFFFFFFFFFFFFFFFFFFFFFFFFFC4
:100C4000FFFFFFFFFFFFFFFFFFFFFFFFFFFFFFFFB4
:100C5000FFFFFFFFFFFFFFFFFFFFFFFFFFFFFFFFA4
:100C6000FFFFFFFFFFFFFFFFFFFFFFFFFFFFFFFF94
:100C7000FFFFFFFFFFFFFFFFFFFFFFFFFFFFFFFF84
:100C8000FFFFFFFFFFFFFFFFFFFFFFFFFFFFFFFF74
:100C9000FFFFFFFFFFFFFFFFFFFFFFFFFFFFFFFF64
:100CA000FFFFFFFFFFFFFFFFFFFFFFFFFFFFFFFF54
:100CB000FFFFFFFFFFFFFFFFFFFFFFFFFFFFFFFF44
:100CC000FFFFFFFFFFFFFFFFFFFFFFFFFFFFFFFF34
:100CD000FFFFFFFFFFFFFFFFFFFFFFFFFFFFFFFF24
:100CE000FFFFFFFFFFFFFFFFFFFFFFFFFFFFFFFF14
:100CF000FFFFFFFFFFFFFFFFFFFFFFFFFFFFFFFF04
:100D0000FFFFFFFFFFFFFFFFFFFFFFFFFFFFFFFFF3
:100D1000FFFFFFFFFFFFFFFFFFFFFFFFFFFFFFFFE3
:100D2000FFFFFFFFFFFFFFFFFFFFFFFFFFFFFFFFD3
:100D3000FFFFFFFFFFFFFFFFFFFFFFFFFFFFFFFFC3
:100D4000FFFFFFFFFFFFFFFFFFFFFFFFFFFFFFFFB3
:100D5000FFFFFFFFFFFFFFFFFFFFFFFFFFFFFFFFA3
:100D6000FFFFFFFFFFFFFFFFFFFFFFFFFFFFFFFF93
:100D7000FFFFFFFFFFFFFFFFFFFFFFFFFFFFFFFF83
:100D8000FFFFFFFFFFFFFFFFFFFFFFFFFFFFFFFF73
:100D9000FFFFFFFFFFFFFFFFFFFFFFFFFFFFFFFF63
:100DA000FFFFFFFFFFFFFFFFFFFFFFFFFFFFFFFF53
:100DB000FFFFFFFFFFFFFFFFFFFFFFFFFFFFFFFF43
:100DC000FFFFFFFFFFFFFFFFFFFFFFFFFFFFFFFF33
:100DD000FFFFFFFFFFFFFFFFFFFFFFFFFFFFFFFF23
:100DE000FFFFFFFFFFFFFFFFFFFFFFFFFFFFFFFF13
:100DF000FFFFFFFFFFFFFFFFFFFFFFFFFFFFFFFF03
:100E0000FFFFFFFFFFFFFFFFFFFFFFFFFFFFFFFFF2
:100E1000FFFFFFFFFFFFFFFFFFFFFFFFFFFFFFFFE2
:100E2000FFFFFFFFFFFFFFFFFFFFFFFFFFFFFFFFD2
:100E3000FFFFFFFFFFFFFFFFFFFFFFFFFFFFFFFFC2
:100E4000FFFFFFFFFFFFFFFFFFFFFFFFFFFFFFFFB2
:100E5000FFFFFFFFFFFFFFFFFFFFFFFFFFFFFFFFA2
:100E6000FFFFFFFFFFFFFFFFFFFFFFFFFFFFFFFF92
:100E7000FFFFFFFFFFFFFFFFFFFFFFFFFFFFFFFF82
:100E8000FFFFFFFFFFFFFFFFFFFFFFFFFFFFFFFF72
:100E9000FFFFFFFFFFFFFFFFFFFFFFFFFFFFFFFF62
:100EA000FFFFFFFFFFFFFFFFFFFFFFFFFFFFFFFF52
:100EB000FFFFFFFFFFFFFFFFFFFFFFFFFFFFFFFF42
:100EC000FFFFFFFFFFFFFFFFFFFFFFFFFFFFFFFF32
:100ED000FFFFFFFFFFFFFFFFFFFFFFFFFFFFFFFF22
:100EE000FFFFFFFFFFFFFFFFFFFFFFFFFFFFFFFF12
:100EF000FFFFFFFFFFFFFFFFFFFFFFFFFFFFFFFF02
:100F0000FFFFFFFFFFFFFFFFFFFFFFFFFFFFFFFFF1
:100F1000FFFFFFFFFFFFFFFFFFFFFFFFFFFFFFFFE1
:100F2000FFFFFFFFFFFFFFFFFFFFFFFFFFFFFFFFD1
:100F3000FFFFFFFFFFFFFFFFFFFFFFFFFFFFFFFFC1
:100F4000FFFFFFFFFFFFFFFFFFFFFFFFFFFFFFFFB1
:100F5000FFFFFFFFFFFFFFFFFFFFFFFFFFFFFFFFA1
:100F6000FFFFFFFFFFFFFFFFFFFFFFFFFFFFFFFF91
:100F7000FFFFFFFFFFFFFFFFFFFFFFFFFFFFFFFF81
:100F8000FFFFFFFFFFFFFFFFFFFFFFFFFFFFFFFF71
:100F9000FFFFFFFFFFFFFFFFFFFFFFFFFFFFFFFF61
:100FA000FFFFFFFFFFFFFFFFFFFFFFFFFFFFFFFF51
:100FB000FFFFFFFFFFFFFFFFFFFFFFFFFFFFFFFF41
:100FC000FFFFFFFFFFFFFFFFFFFFFFFFFFFFFFFF31
:100FD000FFFFFFFFFFFFFFFFFFFFFFFFFFFFFFFF21
:100FE000FFFFFFFFFFFFFFFFFFFFFFFFFFFFFFFF11
:100FF000FFFFFFFFFFFFFFFFFFFFFFFFFFFFFFFF01
:10100000D1002043F1150060000000000000000046
:101010002010006000100060004803600000000025
:10102000000000600054030000000000FFFFFFFF0D
:10103000FFFFFFFFFFFFFFFFFFFFFFFFFFFFFFFFC0
:10104000FFFFFFFFFFFFFFFFFFFFFFFFFFFFFFFFB0
:10105000FFFFFFFFFFFFFFFFFFFFFFFFFFFFFFFFA0
:10106000FFFFFFFFFFFFFFFFFFFFFFFFFFFFFFFF90
:10107000FFFFFFFFFFFFFFFFFFFFFFFFFFFFFFFF80
:10108000FFFFFFFFFFFFFFFFFFFFFFFFFFFFFFFF70
:10109000FFFFFFFFFFFFFFFFFFFFFFFFFFFFFFFF60
:1010A000FFFFFFFFFFFFFFFFFFFFFFFFFFFFFFFF50
:1010B000FFFFFFFFFFFFFFFFFFFFFFFFFFFFFFFF40
:1010C000FFFFFFFFFFFFFFFFFFFFFFFFFFFFFFFF30
:1010D000FFFFFFFFFFFFFFFFFFFFFFFFFFFFFFFF20
:1010E000FFFFFFFFFFFFFFFFFFFFFFFFFFFFFFFF10
:1010F000FFFFFFFFFFFFFFFFFFFFFFFFFFFFFFFF00
:10110000FFFFFFFFFFFFFFFFFFFFFFFFFFFFFFFFEF
:10111000FFFFFFFFFFFFFFFFFFFFFFFFFFFFFFFFDF
:10112000FFFFFFFFFFFFFFFFFFFFFFFFFFFFFFFFCF
:10113000FFFFFFFFFFFFFFFFFFFFFFFFFFFFFFFFBF
:10114000FFFFFFFFFFFFFFFFFFFFFFFFFFFFFFFFAF
:10115000FFFFFFFFFFFFFFFFFFFFFFFFFFFFFFFF9F
:10116000FFFFFFFFFFFFFFFFFFFFFFFFFFFFFFFF8F
:10117000FFFFFFFFFFFFFFFFFFFFFFFFFFFFFFFF7F
:10118000FFFFFFFFFFFFFFFFFFFFFFFFFFFFFFFF6F
:10119000FFFFFFFFFFFFFFFFFFFFFFFFFFFFFFFF5F
:1011A000FFFFFFFFFFFFFFFFFFFFFFFFFFFFFFFF4F
:1011B000FFFFFFFFFFFFFFFFFFFFFFFFFFFFFFFF3F
:1011C000FFFFFFFFFFFFFFFFFFFFFFFFFFFFFFFF2F
:1011D000FFFFFFFFFFFFFFFFFFFFFFFFFFFFFFFF1F
:1011E000FFFFFFFFFFFFFFFFFFFFFFFFFFFFFFFF0F
:1011F000FFFFFFFFFFFFFFFFFFFFFFFFFFFFFFFFFF
:10120000FFFFFFFFFFFFFFFFFFFFFFFFFFFFFFFFEE
:10121000FFFFFFFFFFFFFFFFFFFFFFFFFFFFFFFFDE
:10122000FFFFFFFFFFFFFFFFFFFFFFFFFFFFFFFFCE
:10123000FFFFFFFFFFFFFFFFFFFFFFFFFFFFFFFFBE
:10124000FFFFFFFFFFFFFFFFFFFFFFFFFFFFFFFFAE
:10125000FFFFFFFFFFFFFFFFFFFFFFFFFFFFFFFF9E
:10126000FFFFFFFFFFFFFFFFFFFFFFFFFFFFFFFF8E
:10127000FFFFFFFFFFFFFFFFFFFFFFFFFFFFFFFF7E
:10128000FFFFFFFFFFFFFFFFFFFFFFFFFFFFFFFF6E
:10129000FFFFFFFFFFFFFFFFFFFFFFFFFFFFFFFF5E
:1012A000FFFFFFFFFFFFFFFFFFFFFFFFFFFFFFFF4E
:1012B000FFFFFFFFFFFFFFFFFFFFFFFFFFFFFFFF3E
:1012C000FFFFFFFFFFFFFFFFFFFFFFFFFFFFFFFF2E
:1012D000FFFFFFFFFFFFFFFFFFFFFFFFFFFFFFFF1E
:1012E000FFFFFFFFFFFFFFFFFFFFFFFFFFFFFFFF0E
:1012F000FFFFFFFFFFFFFFFFFFFFFFFFFFFFFFFFFE
:10130000FFFFFFFFFFFFFFFFFFFFFFFFFFFFFFFFED
:10131000FFFFFFFFFFFFFFFFFFFFFFFFFFFFFFFFDD
:10132000FFFFFFFFFFFFFFFFFFFFFFFFFFFFFFFFCD
:10133000FFFFFFFFFFFFFFFFFFFFFFFFFFFFFFFFBD
:10134000FFFFFFFFFFFFFFFFFFFFFFFFFFFFFFFFAD
:10135000FFFFFFFFFFFFFFFFFFFFFFFFFFFFFFFF9D
:10136000FFFFFFFFFFFFFFFFFFFFFFFFFFFFFFFF8D
:10137000FFFFFFFFFFFFFFFFFFFFFFFFFFFFFFFF7D
:10138000FFFFFFFFFFFFFFFFFFFFFFFFFFFFFFFF6D
:10139000FFFFFFFFFFFFFFFFFFFFFFFFFFFFFFFF5D
:1013A000FFFFFFFFFFFFFFFFFFFFFFFFFFFFFFFF4D
:1013B000FFFFFFFFFFFFFFFFFFFFFFFFFFFFFFFF3D
:1013C000FFFFFFFFFFFFFFFFFFFFFFFFFFFFFFFF2D
:1013D000FFFFFFFFFFFFFFFFFFFFFFFFFFFFFFFF1D
:1013E000FFFFFFFFFFFFFFFFFFFFFFFFFFFFFFFF0D
:1013F000FFFFFFFFFFFFFFFFFFFFFFFFFFFFFFFFFD
:10140000824205D051F8043B40F8043B8242F9D8AF
:10141000704700BF044A05494FF0000342F8043BFF
:101420009142FBD8704700BFC05A002040C700203F
:1014300008B5BFF34F8F00F06FF9544C544B0820A0
:101440005449C3F85401544AC3F800115348C3F82F
:10145000F0405349FFF7D4FF524A53495348FFF72E
:10146000CFFF534CFFF7D6FF4FF470004FF0E02151
:101470000023504AC1F8880D44F823200133B02BD3
:10148000FAD14D4B80214D4A03F8011B9342FBD109
:101490004FF0E0254A4E4B4A4FF0FF31C5F8084D5A
:1014A000D5F8243D43F4E023C5F8243DF36923F047
:1014B0007F0343F04003F361736A23F07F0343F03B
:1014C000400373629166D1661167516700F02CF991
:1014D0003D4A3E4BA2636322E36300246A61032317
:1014E0003B4AAC612B61C5F8202DD5F8FC2D394B5A
:1014F00042F080723849C5F8FC2D1A6842F00102AA
:101500001A605B680B6000F0DFFA344800F058FCAA
:10151000F16E334B334A41F44051F1661C60C3F81D
:101520000841C3F81841C3F82841C3F83841936B08
:10153000DB0708D442F615632B4951651365936B9D
:1015400043F001039363274A284C936843F0011347
:10155000936000F077F900F05FF800F029FC00F0EC
:10156000E5FA00F0DBF82368132BFCD900F07AFBD6
:101570002368B3F5967FFBD300F0D4F800F0D0F8E1
:1015800000F02EFC00F028FC30BFFDE70C0D11131D
:1015900000800D401B10182098CA020000000000B7
:1015A00004220060C05A0020A0EC0260000000206D
:1015B000005800200107020000E400E0A0E400E081
:1015C00000C00F4000C00A40C1F30100C5F3010094
:1015D00000002020001000E08CC500200046C3233E
:1015E0000040084000400D400000C05690C500205B
:1015F000054B4FF42A01054A05485A641864054A08
:1016000099639546FFF714FF00C00A40FFAFAAAAEE
:1016100007002000000005200F4B40F2376C0F4AF6
:10162000A020D96E41F44031D966D96E41F44071A1
:10163000D966C2F844C09064936C1B06FCD4084A77
:1016400040F23761A02351649364936C13F08003DC
:10165000FBD1044A1370704700C00F4000400C409B
:1016600000800C4003C70020294A00210123C2F852
:10167000A000C2F8A410C2F8B0305369D907FCD555
:1016800001234FF4803C22495361C2F8A000C2F804
:10169000A4C0C2F8B0304B69DB07FCD501234FF47E
:1016A000003C1B4A4B61C1F8A000C1F8A4C0C1F8BE
:1016B000B0305369D907FCD50123DFF858C014496D
:1016C0005361C2F8A000C2F8A4C0C2F8B0304B69A0
:1016D000DB07FCD5D1F8003145F60D504FF0210C59
:1016E0009AB2C1F814C0824210D045F69D518A4288
:1016F0000AD1C3F34253032B08D0A3F10403B3FA76
:1017000083F35B0918017047002070470820704779
:1017100000402A4004000300704700BF704700BF2C
:10172000704700BF00BF70474FF0E02300214FF02B
:10173000100C3448C3F8941DC3F89CCD4FF0110C25
:10174000C3F8A00D3048C3F89CCD4FF0120CC3F87D
:10175000A00D2E48C3F89CCD2D4AC3F8A00DDFF88C
:10176000D0C042F015022B48C3F89CCDC3F8A00DA1
:10177000DFF8C0C02848C3F89CCDC3F8A00DDFF83F
:10178000B8C0C3F89C2D2548254AC3F8A0CDC3F89E
:101790009C0DC3F8A02D02F5A022DFF8A0C00C32EA
:1017A0002048C3F89CCDC3F8A02D1F4AC3F89C0D58
:1017B000C3F8A02D02F14062DFF884C002321B485A
:1017C000C3F89CCDC3F8A02D0A32C3F89C0DC3F812
:1017D000A02D00BF00BF00BF00BF00BF0122C3F8A3
:1017E000942DBFF34F8FBFF36F8FC3F8501FBFF31C
:1017F0004F8FBFF36F8FD3F8142D42F44032C3F8EC
:10180000142D70473F000010250008070900100044
:1018100040C70020210002072500081316002020E1
:1018200027000B13180000602F000B071A00008020
:1018300013002000140000200900001017000040D1
:101840001900007030B5864B85B0DFF874E21822BD
:10185000844D0120C3F85CE28349C3F86052A5F5CA
:101860008055DFF860C2814CC3F864E2C3F8685267
:101870002125C3F86CC2C3F870C2C3F874C2C3F8A0
:1018800078C248F20C7CDA661A675A679A67DA6798
:10189000C3F88020C3F88420C3F88820C1F82C0343
:1018A000734AC1F83003C1F83403C1F83803C1F8F2
:1018B0003C03C1F85003A1696E4B0A406E486F4962
:1018C00013436F4AA361D4F8843043F00C03C4F887
:1018D00084304FF0FF34036843F002030360036871
:1018E00003EA0C031A43674B026044608A68664C43
:1018F0001340664A43F000538360C36823F07803C3
:10190000C360036A23401A43604B0262026A2240AA
:101910005F4C1343002243628462C46240F2056458
:10192000D1F8B83023F03F0343F00103C0F8B830DA
:10193000D1F8BC30574923F03F0343F00103C0F80E
:10194000BC3002610567C0F880404567C0F884403C
:101950000224036823F00203036081614E4B4F4968
:10196000C46143F8042B8B42FBD1434C236843F002
:1019700001032360256815F00105FBD145480222CB
:1019800040F2F561A06140F29940E26140F26642A6
:10199000C4F8001242F20141C4F81022404AC4F8CF
:1019A0002002C4F8302240F23542C4F834123D48D7
:1019B000C4F840223C4AC4F850022846C4F85422D5
:1019C00042F201223949C4F86012C4F86422FFF7D8
:1019D0004BFE0246002839D0810201234FF48020BB
:1019E00021662549C4F8A050C4F8A400C4F8B0305A
:1019F0004B69D807FCD515050124039228464C6194
:101A0000FFF732FE039A2A4B0244D2B21A7080B119
:101A1000194980024FF4802348660846C1F8A05057
:101A2000C1F8A430C1F8B0404369DB07FCD50123FD
:101A3000436120490024204801230094401A00EB10
:101A400002521E4800F0C4F905B030BD1B4B1849C6
:101A500018600870D860C3E9010005B030BD00BF50
:101A600000801F40F910010000841F4000C00F409B
:101A7000FFFCFF1F0003008000402A4000802A4036
:101A80001200FFFFFF37F70000FFF07C40000080EE
:101A9000FF000F83F05AF05A00422A4000432A40C8
:101AA0009F041830EB06180A063201263806180A79
:101AB00004C700200000007000000070D0C20020A9
:101AC000F9B00100F970010010B5174A4FF48054C5
:101AD0004FF4005E4FF4404C4FF4803043F242012B
:101AE000136913F0020F0DD113F4005F0FD013F43C
:101AF000805F0FD0002BF3DA13F4803F0CD15B062C
:101B00000ED510BDC2F818C050619161E8E7C2F867
:101B100014E0E5E75461E3E74FF480339361DFE7D6
:101B200040235361DCE700BF00800D40414A0320A1
:101B30004149F3EE095AD2F880309FED406A23F014
:101B400001039FED3F5ADFF814C100B5C2F88030A1
:101B5000C2F89000D1F8E010DFF804E1CBB23948C8
:101B6000CEF8003007EE903A0B0DC1F30B21F8EEE2
:101B7000E77A06EE903A07EE101A334BB8EEC77AC2
:101B8000CCF80010F8EEE66A304937EEC66A37EE58
:101B9000C55A76EEC76A77EEE57A26EE266AC3ED79
:101BA000006A25EE265AD2F8803067EEA64AC0EDCC
:101BB000007AC6EE275A264885EE276AC4EEA76A41
:101BC00075EE875AFCEEE55A36EE076A15EE90CAB6
:101BD000BCEEC66A43EA0C5376EE877AC2F88030D0
:101BE00016EE103AD2F890C1FCEEE77A01EA034112
:101BF00041EA0C014FF0000C17EE903AC2F8901138
:101C0000C3F30B03D2F890110B431249C2F8903181
:101C1000D2F8803043F00203C2F880300E4B80F8D7
:101C200040C0C1F840314FF0E0230122C3F8082141
:101C300000BD00BF00810D4000441F400000AA42CB
:101C40000000B44200C5002004C500200000FF0FC2
:101C500000E400E000580020E5080200F8C400207D
:101C6000FCC40020314B40F6617210B5C3F820214E
:101C700040F2044400F0A8F82D4A2E49D2F88030F2
:101C80002D4843F00303C2F880302C4BC1F860416B
:101C900002681A4203D1D1F8A8319A071BD0254A0D
:101CA0004FF00041244B5963D2F8403143F0020316
:101CB000C2F84031D2F840319B07FBD44FF40030DA
:101CC0004FF0E0211C4B4FF00042C1F88C0219206C
:101CD0009A6300F089F8184B0021164C4FF08042AF
:101CE0000A209A634FF480621960C4F8A80114486E
:101CF00000F062F84FF4800203464FF4810040F296
:101D000043111860C4F858311A640E4B0E4AC4F8D7
:101D10004811C3F804224FF0E0224FF400310123B0
:101D2000C2F80C11C4F8403110BD00BF00800D4056
:101D300000C00F4000002E4000900D40001C1E000F
:101D40000000002000580020A10B020008B50E4B37
:101D50001B6E9B0700D4FBBE72B60C4B00200C4AD6
:101D6000C3F8400103F160430A49A3F55F231164FE
:101D70009D46BFF34F8F4FF40013074A0748DB69B6
:101D800002609B68984700BF00441F4000002E403F
:101D900000C00A4003002000000012EB0080202059
:101DA000F8B500BFF8BC08BC9E46704700000000B4
:101DB0005FF800F00D2B02005FF800F0415D0200BB
:101DC0005FF800F0F1FA01005FF800F0FD12020088
:101DD0005FF800F0712C02005FF800F0550502007A
:101DE0005FF800F0915F02005FF800F005FE01006F
:101DF00005010000899E0000AD3D01005D5101001C
:081E00008D6D0100E1BF01003E
:101E0800CDCCCC3D0AD7233C17B7D13877CC2B3271
:101E18009595E6241FB14F0A000020410000C842F2
:101E280000401C4620BCBE4CCA1B0E5AAEC59D7451
:101E38009A9999999999B93F7B14AE47E17A843F69
:101E48002D431CEBE2361A3F3A8C30E28E79453E40
:101E5800BC89D897B2D29C3C33A7A8D523F6493978
:101E68003DA7F444FD0FA5329D978CCF08BA5B259A
:101E7800436FAC642806C80A000000000000244034
:101E88000000000000005940000000000088C34026
:101E98000000000084D797410080E03779C34143B0
:101EA800176E05B5B5B89346F5F93FE9034F384DB8
:101EB800321D30F94877825A3CBF737FDD4F157564
:101EC8006CC00F40030000000E0D0000B1D00100EF
:101ED8002A36000014000000130000000100000072
:101EE800F4841F402B32000014000000130000008F
:101EF80001000000F8841F402D310000140000008C
:101F08001300000001000000F0841F402CFFFF00B8
:101F180014000000000000000000000001000000A4
:101F280000000000EC841F400000000000000000DA
:101F38006CC00F4030000000100F0000B1D001004D
:101F48000127000017000000120000000001000037
:101F580014851F401AFF0000120000000000000056
:101F68000100000018851F401BFF00001200000040
:101F7800000000000100000010851F400026FF003F
:101F8800170000001200000000000000010100001E
:101F9800010000000C851F400C851F400000000058
:101FA8006CC00F40C0000000504F000085D10100F8
:101FB8000CFF0000130000000000000000000000FB
:101FC80024851F400BFF00001300000000000000E4
:101FD8000000000028851F400DFF000013000000CE
:101FE800000000000000000020851F400A25240092
:101FF800130000001200000012000000010203009C
:1020080000000000000000000000000000000000C8
:102018000901809611800A3A81550A3601082A0476
:10202800000000F02B040000014021800A13800A00
:1020380029800A003E0353006500720069006100B0
:102048006C002F004B006500790062006F00610092
:10205800720064002F004D006F007500730065006A
:102068002F004A006F007900730074006900630054
:102078006B00000018035400650065006E007300D3
:1020880079006400750069006E006F00040309049C
:102098000902AF00060100C032080B00020202016B
:1020A80000090400000102020100052400100105D6
:1020B8002401010104240206052406000107058203
:1020C8000310001009040100020A000000070503BC
:1020D80002400000070583024000000904020001D5
:1020E80003010100092111010001223F00070584B5
:1020F800030800010904030001030000000921117D
:10210800010001225400070586030800020904049F
:1021180000010300000009211101000122550007F8
:102128000587030C000109040500010300000009EC
:102138002111010001222800070585030800040079
:102148000902AF00060100C032080B0002020201BA
:102158000009040000010202010005240010010525
:102168002401010104240206052406000107058252
:102178000310000509040100020A00000007050316
:1021880002000200070583020002000904020001A0
:1021980003010100092111010001223F0007058404
:1021A80003080001090403000103000000092111CC
:1021B80001000122540007058603080002090404EF
:1021C8000001030000000921110100012255000748
:1021D8000587030C0001090405000103000000093C
:1021E80021110100012228000705850308000400C9
:0C21F8000A060002EF0201400100000096
:1022040000000000000000000000000000000000CA
:1022140000000000000000000000000000000000BA
:10222400F8B54FF084439D695A6915400DD0254F88
:1022340001269D6195FAA5F4B4FA84F457F8243084
:1022440006FA04F49847A543F4D11F4B9D695A69D3
:1022540015400DD01D4F01269D6195FAA5F4B4FAE1
:1022640084F457F8243006FA04F49847A543F4D1CB
:10227400174B9D695A6915400DD0164F01269D6173
:1022840095FAA5F4B4FA84F457F8243006FA04F461
:102294009847A543F4D1104B9D695A6915400DD058
:1022A4000E4F01269D6195FAA5F4B4FA84F457F80B
:1022B400243006FA04F49847A543F4D1BFF34F8FB2
:1022C400F8BD00BF7053002000400042F0530020CE
:1022D400008000427054002000C00042F0540020EE
:1022E4000548064B1B1AD90F01EBA301491002D074
:1022F400034B03B118477047C05A0020C05A00204E
:102304000000000008B5054B1BB105490548AFF3B3
:102314000080BDE80840FFF7E3BF00BF00000000F5
:10232400A8C4002000540360704700BF704700BF7A
:10233400704700BF00238382C0E90333704700BFA6
:10234400704700BF194B1B781A074CBFF7EE007A91
:10235400DFED177A5A0703D5B7EE007A77EEC77A1E
:1023640003F00202DB07C0ED007A03D5D2B10023EB
:102374000B607047002AFAD00E4B0B60D0ED007A48
:10238400F5EE407AF1EE10FA0FD09FED0B7A67EE7E
:10239400877AC0ED007AD1ED007A67EE877AC1EDD5
:1023A400007A70474FF07E53E7E77047EDC6002090
:1023B40000000000000080BFF304353F234A244995
:1023C400136870B50133234C136024680870A0B3FC
:1023D4009CB36FF02E0504F12F0304F13F0CDFF8DA
:1023E40084E02D1B01261A4613F8011F814207D1F0
:1023F4002A44BEF8001006FA02F20A43AEF800209E
:102404009C45F0D16FF01A0204F11B0304F11F057F
:10241400114E141B4FF0010C1A4613F8011F814290
:1024240005D1224431780CFA02F20A4332709D42FB
:10243400F2D10A4BDB79834200D070BD0438C0B2BC
:10244400E328FAD8064B01221A7070BD58BC00204C
:10245400DCC6002090A40020EDC6002024C3002088
:10246400E8C60020C6C60020244A2549136870B572
:102474000133244C136024680870B0B3ACB36FF01C
:102484002E0504F12F0304F13F0CDFF888E02D1B27
:1024940001261A4613F8011F814208D12A44BEF8C6
:1024A400001006FA02F221EA0202AEF800209C456E
:1024B400EFD16FF01A0204F11B0304F11F05124E51
:1024C400141B4FF0010C1A4613F8011F814206D168
:1024D400224431780CFA02F221EA020232709D425F
:1024E400F1D10A4BDB79834200D070BD0438C0B20D
:1024F400E328FAD8064B00221A7070BD58BC00209D
:10250400DCC6002090A40020EDC6002024C30020D7
:10251400E8C60020C6C60020012A57D12DE9F04F95
:1025240085B00E9A082A8CBF002201221AB100201D
:1025340005B0BDE8F08FB1F81EE040F25E4CE64510
:10254400F5D193F805C0BCF1FF0FF0D193F806C0A4
:10255400BCF1470FEBD193F800C00E9C9C4423447C
:102564000CF1060E7345E2D393469046924691468B
:10257400174603921A4604E0F4440CF1060E724521
:1025840026D39CF800E0BEF1030F21D99CF801305A
:10259400052BF1D1BEF1060FEED99CF8033003F000
:1025A4000303032BE8D19CF902309CF80240002B72
:1025B400BCF804509CF806602DDBB8F1000FDBD1A9
:1025C40004F00F08C5F30A0B0396D5E70020704703
:1025D4003A46002FABD04B460D4604460321402B10
:1025E4002846CDF804A028BF40230093012317F008
:1025F40019FBE06000289AD0174A234604F13401FD
:10260400C263402216F066FFB8F1000F0BD101231C
:10261400184663758CE7002FAED104F00F07C5F39D
:102624000A09B246A8E75946039B424628460529AB
:1026340001934FF0000328BF05210091032117F0F7
:10264400F1FA234620610028E1D004490522C16340
:10265400034916F03FFFDAE7850900004101000055
:102664006450002008B52DED048B09EE900A9FED0F
:10267400227A40F2E9312148F8EE697A67EE807AED
:1026840087EE879A1FF0FCF840F2E93108EE900AD1
:102694001A481FF0F5F808EE100A40F2E93117481D
:1026A400F8EEE88A1FF0ECF8B8EEC88A07EE100AD4
:1026B4009FED136A19EE902AB8EEC77ADFED116A1E
:1026C40038EE288A47F6FF7337EE087AC7EE067AA3
:1026D40067EE897ABDEC048B67EEA67AFDEEE77AA5
:1026E40017EE900A10449842A8BF18460128B8BFB4
:1026F400012080B208BD00BF0000C84218FCFFFFE3
:1027040000803B452DB25D4030B500220B7989B085
:10271400044658070692CDE9042203F001024FEA69
:10272400822248BF42F040021D0748BF42F08002A7
:10273400D80648BF42F001029D0648BF42F002029B
:10274400580648BF42F004021B064B7948BF42F0CA
:102754000802DD0648BF42F01002980648BF42F066
:1027640020025D0648BF42F48072180623EA9300F3
:1027740048BF42F4007220EAD300C50762D403EADA
:10278400D300C00733D50123009204F1180C0A8941
:10279400C88892014D89B1F80EE080018DF8183097
:1027A4000023ADF80E20A5F500458A89AEF5004E4C
:1027B400098AADF80C00A2F500401A46A1F50041C3
:1027C40065F30F0301256EF30F02EE4660F31F431A
:1027D40061F31F42CDE90132BEE80F00ACE80F00FF
:1027E4009EE807008CE80700257509B030BD03F0AA
:1027F4000105C3F340004FEA530C85F0010580F056
:10280400010005EAD30E1EEA000F1FD10CEAD30E15
:102814001EF0010F18D12CEA930E2EEAD30E1EF0EF
:10282400010F19D10CEA930C1CF0010F10D100EA2E
:10283400930005420ED103EA930303F00103C3F1AD
:102844000803A1E700239FE703239DE702239BE7F7
:10285400052399E7062397E7042395E7F8B5284B62
:10286400284F93F87E5C93F81E1D97F900300D43B2
:102874003A7835EA030619D0002402E00134082C22
:102884000BD026FA04F3DA07F8D51F4B33F81400FB
:10289400013421F005F9082CF3D11C4B3A781B685C
:1028A40032431B4932333A700B601346154204D04D
:1028B400164A1749126832320A6023EA050313F0F4
:1028C400FF045DB21BD0114B114A1B6812689B1A9E
:1028D400002B14DB002602E00136082E0BD024FA6C
:1028E40006F2D307F8D5084B33F81600013621F069
:1028F4002FF8082EF3D13B7823EA05033B70F8BD8B
:1029040060880020F0C600204C3B002090C50020C9
:1029140054B90020562802D10C4B00229A730C4B58
:102924001B7863B100B583B00190FFF797FF094BA3
:1029340001981B683BB103B05DF804EB1847054BE5
:102944001B6813B1184703B000BD704760680020CE
:10295400E7C60020D0BA0020562802D10C4B012231
:102964009A730C4B1B7863B100B583B00190FFF7E9
:1029740075FF094B01981B683BB103B05DF804EB8C
:102984001847054B1B6813B1184703B000BD7047C7
:1029940060680020E7C60020BCBA002007EE902A39
:1029A40090F824209C4607EE101A00B5DFF8D0E119
:1029B400DEF80030002A00F0A380816A591A06EE7E
:1029C400901AF8EE666AF5EEC06AF1EE10FA07DDC9
:1029D4009FED666AF4EEC66AF1EE10FA00F1A0808B
:1029E40090F88E10B8EEC77A09B1B1EE477A90F834
:1029F4008F10F8EEE77A09B1F1EE677A002A5FD01A
:102A0400F5EEC06AF1EE10FA5ADDF7EE005A90EDD9
:102A14000C6AB4EEE56AF1EE10FA40F39380B0EE7E
:102A2400085AF3EE0E5A26EE056AB4EEE56AF1EEA4
:102A340010FA00F18B80DFED4E5AB4EEE56AF1EE48
:102A440010FACCBF01220022DFED495A002A06FE0B
:102A5400256ABCEEC66AB8EE466AF4EEC66AF1EEC2
:102A640010FA2DD890ED155AD0ED165A90F8522040
:102A740037EE455A77EEE55A012A85EE266A85EE49
:102A8400A65A69D9D0ED174A022AD0ED185A80ED1A
:102A9400196A80ED176A75EE655A80ED1A5A36EE9A
:102AA400646A80ED185A86EE265A85EEA66A80ED91
:102AB4001B5A80ED1C6A0DD1013280F8522009E0C6
:102AC400002201210266C2650267C266826642660E
:102AD40080F852100121027980ED157AC0ED167A42
:102AE400436780ED077AC0ED087A80F8241083628A
:102AF400A0F82CC01AB190F87830052B03D000BD93
:102B0400DFED1C6A6CE790ED106AD0ED116A36EEC9
:102B1400077A76EEA77A80ED107AC0ED117A00BDBF
:102B2400F7EE005A90ED0C6AB4EEE56AF1EE10FA95
:102B34000FD936EEC65ADFED105AA5EE256A80EDA0
:102B44000C6A4DE700229FED0D6A7DE7B0EE656AE1
:102B540083E7C0ED0C6A43E780ED196A80ED176ADC
:102B640080ED1A5A80ED185AA6E700BF0000FA4318
:102B74000000484300000000CDCC4C3E000016434A
:102B840090C50020C36B2BB3826803F13401C2F3F8
:102B94000E422F3A112A18D993F83420202A14D13E
:102BA40093F837200E2A10D1184600B583B001914E
:102BB4000093FFF7A9FDDDE90031D86858B1402240
:102BC40003B05DF804EB16F085BCD86810B1402260
:102BD40016F080BC704703B000BD00BF10B50446BA
:102BE40082B049B10846019125F04AFD23680246A6
:102BF400019920465B689847204602B0BDE8104022
:102C04001EF054BD30B501EB8103324C4FF01A0C69
:102C140083B022680CFB003313449B7C002B42D00E
:102C24000546181F192834D9A3F11E00082841D9D4
:102C3400272B4CD0A3F13A000B2844D9283BDBB214
:102C4400BF2B3AD91346D3F8073001EB8100DFEDEF
:102C5400227A00EE103A214BB4EEE70A1C681A23DC
:102C640003FB0500F1EE10FA0244B2F813000ED48F
:102C740020B10091FFF7F6FC00990444184A194862
:102C8400194B1170012204601A7003B030BD044462
:102C9400F4E703F15D00CDE9002120F001FF236892
:102CA400DDE90021CFE70E4B197003B0BDE83040D9
:102CB40000F01EB803F11300EDE70C4830F81300E0
:102CC4000028BFD0E7E7A3F5805398B2E3E73020AC
:102CD400E1E700BF4CBC00200AD7233C90C500208C
:102CE400F2C6002098B90020F6C60020300A002061
:102CF40000B5DFF884E083B09EF800100131C9B25A
:102D0400032919D8194B01EB81021B6813441A22B9
:102D140002FB003303E05FFA8CF104290CD09A7CA7
:102D240001F1010C0533002AF5D08EF8001003B030
:102D34005DF804EBFFF766BF0D4A13783BB1002141
:102D44008EF8001003B05DF804EBFFF75BBF01934E
:102D540020F0BEFD019BFF20DFF820C00549044A96
:102D64008CF800301370087003B000BD4CBC002018
:102D7400F1C600209A560020F2C60020F6C60020B4
:102D84002DE9F0417C4F00237C4D82B03968044624
:102D94002B5411B18B79002B52D1794A137813B18A
:102DA400A34200F0C780774B196859B38B794BB3B2
:102DB400C87A38B3744D002395F800C009E0032A9B
:102DC40003D1CA7B012A00F09E80984201F11A01C6
:102DD40018D0DAB201339445F7D10A7B012AEED137
:102DE400CA7B012AF1D14A7BA242EED120F070FDC8
:102DF40000236648FF22664903700B702A7002B0F4
:102E0400BDE8F081231F192B40F28680A4F11E0334
:102E1400082B40F28880272C00F09980A4F13A0313
:102E24000B2B40F28C80A4F12803DBB2BF2BE6D835
:102E3400584A32F81300002870D102B0BDE8F0817E
:102E4400554B1B78002BA8D191F807C0BCF1000F9B
:102E5400A3D0012301F1080E01F109080FE0A642F5
:102E640003D12E5C002E00F08580082B18BF9445FA
:102E740003F101038CBF01220022002A8DD01EF829
:102E84002300DAB20028F0D018F82360002EECD02A
:102E9400A042E4D1A85D08B1A642E6D15D1E331F6D
:102EA400192B56D9A6F11E03082B5AD9272E5FD009
:102EB400A6F13A030B2B57D9A6F12803DBB2BF2B9B
:102EC40004D8344A32F81300002844D10A46AB1C13
:102ED400DFED327A01EB830331490E709268D888B2
:102EE40000EE102A2F4AB4EEE70A1568F1EE10FA44
:102EF40002D410B1FFF7B6FB05442B4A0123156039
:102F0400254A137049E74A7BA2423FF46FAF8A7B9C
:102F1400A2427FF45AAF69E704F15D0002B0BDE854
:102F2400F04120F015BD04F1130002B0BDE8F041FA
:102F340020F00EBD0023137002B0BDE8F081A4F5AB
:102F44008054A0B202B0BDE8F04120F001BD3020B1
:102F5400E4E706F15D00019120F0A2FD3A680199D1
:102F6400B5E706F11300F6E7A6F5805080B2F2E764
:102F74003020F0E7064691E78CA400204CBB0020EB
:102F8400EAC600204CBC00209A560020F6C6002059
:102F9400F1C60020300A0020F3C600200AD7233CE3
:102FA400EBC6002090C5002030A900201D4BD3F8AB
:102FB400D82010689168006810B40842137C5468E3
:102FC40014BF0121002103F00303D4F800C0D0682A
:102FD40043EA81031CEA000F43F0080118BF0B46C3
:102FE4009908013B11740D2B0BD8DFE803F0110C89
:102FF400070C0A161111160A0C070C115369023337
:10300400536110BC70475369013B10BC5361704756
:103014005369013310BC536170475369023B10BCC0
:1030240053617047ACBC00201D4BD3F8D42010680A
:103034009168006810B40842137C546814BF0121DD
:10304400002103F00303D4F800C0D06843EA8103ED
:103054001CEA000F43F0080118BF0B469908013B16
:1030640011740D2B0BD8DFE803F0110C070C0A16B2
:103074001111160A0C070C1153690233536110BC69
:1030840070475369013B10BC536170475369013366
:1030940010BC536170475369023B10BC53617047C5
:1030A400ACBC00201D4BD3F8D02010689168006898
:1030B40010B40842137C546814BF0121002103F0AA
:1030C4000303D4F800C0D06843EA81031CEA000F6C
:1030D40043F0080118BF0B469908013B11740D2BEE
:1030E4000BD8DFE803F0110C070C0A161111160AAD
:1030F4000C070C1153690233536110BC70475369B8
:10310400013B10BC536170475369013310BC5361D8
:1031140070475369023B10BC53617047ACBC00203C
:103124001D4BD3F8CC2010689168006810B4084295
:10313400137C546814BF0121002103F00303D4F865
:1031440000C0D06843EA81031CEA000F43F0080181
:1031540018BF0B469908013B11740D2B0BD8DFE8FF
:1031640003F0110C070C0A161111160A0C070C11A6
:1031740053690233536110BC70475369013B10BC5F
:10318400536170475369013310BC536170475369ED
:10319400023B10BC53617047ACBC00201D4BD3F8FC
:1031A400C82010689168006810B40842137C546801
:1031B40014BF0121002103F00303D4F800C0D06838
:1031C40043EA81031CEA000F43F0080118BF0B46D1
:1031D4009908013B11740D2B0BD8DFE803F0110C97
:1031E400070C0A161111160A0C070C115369023345
:1031F400536110BC70475369013B10BC5361704765
:103204005369013310BC536170475369023B10BCCE
:1032140053617047ACBC00201D4BD3F8C420106828
:103224009168006810B40842137C546814BF0121EB
:10323400002103F00303D4F800C0D06843EA8103FB
:103244001CEA000F43F0080118BF0B469908013B24
:1032540011740D2B0BD8DFE803F0110C070C0A16C0
:103264001111160A0C070C1153690233536110BC77
:1032740070475369013B10BC536170475369013374
:1032840010BC536170475369023B10BC53617047D3
:10329400ACBC00201D4BD3F8C020106891680068B6
:1032A40010B40842137C546814BF0121002103F0B8
:1032B4000303D4F800C0D06843EA81031CEA000F7A
:1032C40043F0080118BF0B469908013B11740D2BFC
:1032D4000BD8DFE803F0110C070C0A161111160ABB
:1032E4000C070C1153690233536110BC70475369C6
:1032F400013B10BC536170475369013310BC5361E7
:1033040070475369023B10BC53617047ACBC00204A
:103314001D4BD3F8BC2010689168006810B40842B3
:10332400137C546814BF0121002103F00303D4F873
:1033340000C0D06843EA81031CEA000F43F008018F
:1033440018BF0B469908013B11740D2B0BD8DFE80D
:1033540003F0110C070C0A161111160A0C070C11B4
:1033640053690233536110BC70475369013B10BC6D
:10337400536170475369013310BC536170475369FB
:10338400023B10BC53617047ACBC00201D4BD3F80A
:10339400B82010689168006810B40842137C54681F
:1033A40014BF0121002103F00303D4F800C0D06846
:1033B40043EA81031CEA000F43F0080118BF0B46DF
:1033C4009908013B11740D2B0BD8DFE803F0110CA5
:1033D400070C0A161111160A0C070C115369023353
:1033E400536110BC70475369013B10BC5361704773
:1033F4005369013310BC536170475369023B10BCDD
:1034040053617047ACBC00201D4BD3F8B420106846
:103414009168006810B40842137C546814BF0121F9
:10342400002103F00303D4F800C0D06843EA810309
:103434001CEA000F43F0080118BF0B469908013B32
:1034440011740D2B0BD8DFE803F0110C070C0A16CE
:103454001111160A0C070C1153690233536110BC85
:1034640070475369013B10BC536170475369013382
:1034740010BC536170475369023B10BC53617047E1
:10348400ACBC00201D4BD3F8B020106891680068D4
:1034940010B40842137C546814BF0121002103F0C6
:1034A4000303D4F800C0D06843EA81031CEA000F88
:1034B40043F0080118BF0B469908013B11740D2B0A
:1034C4000BD8DFE803F0110C070C0A161111160AC9
:1034D4000C070C1153690233536110BC70475369D4
:1034E400013B10BC536170475369013310BC5361F5
:1034F40070475369023B10BC53617047ACBC002059
:103504001D4BD3F8AC2010689168006810B40842D1
:10351400137C546814BF0121002103F00303D4F881
:1035240000C0D06843EA81031CEA000F43F008019D
:1035340018BF0B469908013B11740D2B0BD8DFE81B
:1035440003F0110C070C0A161111160A0C070C11C2
:1035540053690233536110BC70475369013B10BC7B
:10356400536170475369013310BC53617047536909
:10357400023B10BC53617047ACBC00201D4BD3F818
:10358400A82010689168006810B40842137C54683D
:1035940014BF0121002103F00303D4F800C0D06854
:1035A40043EA81031CEA000F43F0080118BF0B46ED
:1035B4009908013B11740D2B0BD8DFE803F0110CB3
:1035C400070C0A161111160A0C070C115369023361
:1035D400536110BC70475369013B10BC5361704781
:1035E4005369013310BC536170475369023B10BCEB
:1035F40053617047ACBC00201D4BD3F8A420106865
:103604009168006810B40842137C546814BF012107
:10361400002103F00303D4F800C0D06843EA810317
:103624001CEA000F43F0080118BF0B469908013B40
:1036340011740D2B0BD8DFE803F0110C070C0A16DC
:103644001111160A0C070C1153690233536110BC93
:1036540070475369013B10BC536170475369013390
:1036640010BC536170475369023B10BC53617047EF
:10367400ACBC00201D4BD3F8A020106891680068F2
:1036840010B40842137C546814BF0121002103F0D4
:103694000303D4F800C0D06843EA81031CEA000F96
:1036A40043F0080118BF0B469908013B11740D2B18
:1036B4000BD8DFE803F0110C070C0A161111160AD7
:1036C4000C070C1153690233536110BC70475369E2
:1036D400013B10BC536170475369013310BC536103
:1036E40070475369023B10BC53617047ACBC002067
:1036F4001D4BD3F89C2010689168006810B40842F0
:10370400137C546814BF0121002103F00303D4F88F
:1037140000C0D06843EA81031CEA000F43F00801AB
:1037240018BF0B469908013B11740D2B0BD8DFE829
:1037340003F0110C070C0A161111160A0C070C11D0
:1037440053690233536110BC70475369013B10BC89
:10375400536170475369013310BC53617047536917
:10376400023B10BC53617047ACBC00201D4BD3F826
:10377400982010689168006810B40842137C54685B
:1037840014BF0121002103F00303D4F800C0D06862
:1037940043EA81031CEA000F43F0080118BF0B46FB
:1037A4009908013B11740D2B0BD8DFE803F0110CC1
:1037B400070C0A161111160A0C070C11536902336F
:1037C400536110BC70475369013B10BC536170478F
:1037D4005369013310BC536170475369023B10BCF9
:1037E40053617047ACBC00201D4BD3F89420106883
:1037F4009168006810B40842137C546814BF012116
:10380400002103F00303D4F800C0D06843EA810325
:103814001CEA000F43F0080118BF0B469908013B4E
:1038240011740D2B0BD8DFE803F0110C070C0A16EA
:103834001111160A0C070C1153690233536110BCA1
:1038440070475369013B10BC53617047536901339E
:1038540010BC536170475369023B10BC53617047FD
:10386400ACBC00201D4BD3F8902010689168006810
:1038740010B40842137C546814BF0121002103F0E2
:103884000303D4F800C0D06843EA81031CEA000FA4
:1038940043F0080118BF0B469908013B11740D2B26
:1038A4000BD8DFE803F0110C070C0A161111160AE5
:1038B4000C070C1153690233536110BC70475369F0
:1038C400013B10BC536170475369013310BC536111
:1038D40070475369023B10BC53617047ACBC002075
:1038E4001D4BD3F88C2010689168006810B408420E
:1038F400137C546814BF0121002103F00303D4F89E
:1039040000C0D06843EA81031CEA000F43F00801B9
:1039140018BF0B469908013B11740D2B0BD8DFE837
:1039240003F0110C070C0A161111160A0C070C11DE
:1039340053690233536110BC70475369013B10BC97
:10394400536170475369013310BC53617047536925
:10395400023B10BC53617047ACBC00201D4BD3F834
:10396400882010689168006810B40842137C546879
:1039740014BF0121002103F00303D4F800C0D06870
:1039840043EA81031CEA000F43F0080118BF0B4609
:103994009908013B11740D2B0BD8DFE803F0110CCF
:1039A400070C0A161111160A0C070C11536902337D
:1039B400536110BC70475369013B10BC536170479D
:1039C4005369013310BC536170475369023B10BC07
:1039D40053617047ACBC00201D4BD3F884201068A1
:1039E4009168006810B40842137C546814BF012124
:1039F400002103F00303D4F800C0D06843EA810334
:103A04001CEA000F43F0080118BF0B469908013B5C
:103A140011740D2B0BD8DFE803F0110C070C0A16F8
:103A24001111160A0C070C1153690233536110BCAF
:103A340070475369013B10BC5361704753690133AC
:103A440010BC536170475369023B10BC536170470B
:103A5400ACBC00201D4BD3F880201068916800682E
:103A640010B40842137C546814BF0121002103F0F0
:103A74000303D4F800C0D06843EA81031CEA000FB2
:103A840043F0080118BF0B469908013B11740D2B34
:103A94000BD8DFE803F0110C070C0A161111160AF3
:103AA4000C070C1153690233536110BC70475369FE
:103AB400013B10BC536170475369013310BC53611F
:103AC40070475369023B10BC53617047ACBC002083
:103AD4001D4BDA6F10689168006810B40842137CBB
:103AE400546814BF0121002103F00303D4F800C07B
:103AF400D06843EA81031CEA000F43F0080118BFB1
:103B04000B469908013B11740D2B0BD8DFE803F029
:103B1400110C070C0A161111160A0C070C11536923
:103B24000233536110BC70475369013B10BC5361AD
:103B340070475369013310BC536170475369023BAA
:103B440010BC5361704700BFACBC00201D4B9A6F82
:103B540010689168006810B40842137C546814BF5C
:103B64000121002103F00303D4F800C0D06843EA24
:103B740081031CEA000F43F0080118BF0B469908A3
:103B8400013B11740D2B0BD8DFE803F0110C070C6B
:103B94000A161111160A0C070C11536902335361EA
:103BA40010BC70475369013B10BC536170475369A3
:103BB400013310BC536170475369023B10BC53611D
:103BC400704700BFACBC00201D4B5A6F1068916851
:103BD400006810B40842137C546814BF012100210A
:103BE40003F00303D4F800C0D06843EA81031CEA5D
:103BF400000F43F0080118BF0B469908013B1174EC
:103C04000D2B0BD8DFE803F0110C070C0A16111169
:103C1400160A0C070C1153690233536110BC704728
:103C24005369013B10BC536170475369013310BCA5
:103C3400536170475369023B10BC5361704700BF26
:103C4400ACBC00201D4B1A6F10689168006810B45A
:103C54000842137C546814BF0121002103F00303BC
:103C6400D4F800C0D06843EA81031CEA000F43F093
:103C7400080118BF0B469908013B11740D2B0BD892
:103C8400DFE803F0110C070C0A161111160A0C07D1
:103C94000C1153690233536110BC70475369013BE3
:103CA40010BC536170475369013310BC53617047B2
:103CB4005369023B10BC5361704700BFACBC002089
:103CC4001D4BDA6E10689168006810B40842137CCA
:103CD400546814BF0121002103F00303D4F800C089
:103CE400D06843EA81031CEA000F43F0080118BFBF
:103CF4000B469908013B11740D2B0BD8DFE803F038
:103D0400110C070C0A161111160A0C070C11536931
:103D14000233536110BC70475369013B10BC5361BB
:103D240070475369013310BC536170475369023BB8
:103D340010BC5361704700BFACBC00201D4B9A6E91
:103D440010689168006810B40842137C546814BF6A
:103D54000121002103F00303D4F800C0D06843EA32
:103D640081031CEA000F43F0080118BF0B469908B1
:103D7400013B11740D2B0BD8DFE803F0110C070C79
:103D84000A161111160A0C070C11536902335361F8
:103D940010BC70475369013B10BC536170475369B1
:103DA400013310BC536170475369023B10BC53612B
:103DB400704700BFACBC00201D4B5A6E1068916860
:103DC400006810B40842137C546814BF0121002118
:103DD40003F00303D4F800C0D06843EA81031CEA6B
:103DE400000F43F0080118BF0B469908013B1174FA
:103DF4000D2B0BD8DFE803F0110C070C0A16111178
:103E0400160A0C070C1153690233536110BC704736
:103E14005369013B10BC536170475369013310BCB3
:103E2400536170475369023B10BC5361704700BF34
:103E3400ACBC00201D4B1A6E10689168006810B469
:103E44000842137C546814BF0121002103F00303CA
:103E5400D4F800C0D06843EA81031CEA000F43F0A1
:103E6400080118BF0B469908013B11740D2B0BD8A0
:103E7400DFE803F0110C070C0A161111160A0C07DF
:103E84000C1153690233536110BC70475369013BF1
:103E940010BC536170475369013310BC53617047C0
:103EA4005369023B10BC5361704700BFACBC002097
:103EB4001D4BDA6D10689168006810B40842137CD9
:103EC400546814BF0121002103F00303D4F800C097
:103ED400D06843EA81031CEA000F43F0080118BFCD
:103EE4000B469908013B11740D2B0BD8DFE803F046
:103EF400110C070C0A161111160A0C070C11536940
:103F04000233536110BC70475369013B10BC5361C9
:103F140070475369013310BC536170475369023BC6
:103F240010BC5361704700BFACBC00201D4B9A6DA0
:103F340010689168006810B40842137C546814BF78
:103F44000121002103F00303D4F800C0D06843EA40
:103F540081031CEA000F43F0080118BF0B469908BF
:103F6400013B11740D2B0BD8DFE803F0110C070C87
:103F74000A161111160A0C070C1153690233536106
:103F840010BC70475369013B10BC536170475369BF
:103F9400013310BC536170475369023B10BC536139
:103FA400704700BFACBC00201D4B5A6D106891686F
:103FB400006810B40842137C546814BF0121002126
:103FC40003F00303D4F800C0D06843EA81031CEA79
:103FD400000F43F0080118BF0B469908013B117408
:103FE4000D2B0BD8DFE803F0110C070C0A16111186
:103FF400160A0C070C1153690233536110BC704745
:104004005369013B10BC536170475369013310BCC1
:10401400536170475369023B10BC5361704700BF42
:10402400ACBC00201D4B1A6D10689168006810B478
:104034000842137C546814BF0121002103F00303D8
:10404400D4F800C0D06843EA81031CEA000F43F0AF
:10405400080118BF0B469908013B11740D2B0BD8AE
:10406400DFE803F0110C070C0A161111160A0C07ED
:104074000C1153690233536110BC70475369013BFF
:1040840010BC536170475369013310BC53617047CE
:104094005369023B10BC5361704700BFACBC0020A5
:1040A4001D4BDA6C10689168006810B40842137CE8
:1040B400546814BF0121002103F00303D4F800C0A5
:1040C400D06843EA81031CEA000F43F0080118BFDB
:1040D4000B469908013B11740D2B0BD8DFE803F054
:1040E400110C070C0A161111160A0C070C1153694E
:1040F4000233536110BC70475369013B10BC5361D8
:1041040070475369013310BC536170475369023BD4
:1041140010BC5361704700BFACBC00201D4B9A6CAF
:1041240010689168006810B40842137C546814BF86
:104134000121002103F00303D4F800C0D06843EA4E
:1041440081031CEA000F43F0080118BF0B469908CD
:10415400013B11740D2B0BD8DFE803F0110C070C95
:104164000A161111160A0C070C1153690233536114
:1041740010BC70475369013B10BC536170475369CD
:10418400013310BC536170475369023B10BC536147
:10419400704700BFACBC00201D4B5A6C106891687E
:1041A400006810B40842137C546814BF0121002134
:1041B40003F00303D4F800C0D06843EA81031CEA87
:1041C400000F43F0080118BF0B469908013B117416
:1041D4000D2B0BD8DFE803F0110C070C0A16111194
:1041E400160A0C070C1153690233536110BC704753
:1041F4005369013B10BC536170475369013310BCD0
:10420400536170475369023B10BC5361704700BF50
:10421400ACBC00201D4B1A6C10689168006810B487
:104224000842137C546814BF0121002103F00303E6
:10423400D4F800C0D06843EA81031CEA000F43F0BD
:10424400080118BF0B469908013B11740D2B0BD8BC
:10425400DFE803F0110C070C0A161111160A0C07FB
:104264000C1153690233536110BC70475369013B0D
:1042740010BC536170475369013310BC53617047DC
:104284005369023B10BC5361704700BFACBC0020B3
:104294001D4BDA6B10689168006810B40842137CF7
:1042A400546814BF0121002103F00303D4F800C0B3
:1042B400D06843EA81031CEA000F43F0080118BFE9
:1042C4000B469908013B11740D2B0BD8DFE803F062
:1042D400110C070C0A161111160A0C070C1153695C
:1042E4000233536110BC70475369013B10BC5361E6
:1042F40070475369013310BC536170475369023BE3
:1043040010BC5361704700BFACBC00201D4B9A6BBE
:1043140010689168006810B40842137C546814BF94
:104324000121002103F00303D4F800C0D06843EA5C
:1043340081031CEA000F43F0080118BF0B469908DB
:10434400013B11740D2B0BD8DFE803F0110C070CA3
:104354000A161111160A0C070C1153690233536122
:1043640010BC70475369013B10BC536170475369DB
:10437400013310BC536170475369023B10BC536155
:10438400704700BFACBC00201D4B5A6B106891688D
:10439400006810B40842137C546814BF0121002142
:1043A40003F00303D4F800C0D06843EA81031CEA95
:1043B400000F43F0080118BF0B469908013B117424
:1043C4000D2B0BD8DFE803F0110C070C0A161111A2
:1043D400160A0C070C1153690233536110BC704761
:1043E4005369013B10BC536170475369013310BCDE
:1043F400536170475369023B10BC5361704700BF5F
:10440400ACBC00201D4B1A6B10689168006810B496
:104414000842137C546814BF0121002103F00303F4
:10442400D4F800C0D06843EA81031CEA000F43F0CB
:10443400080118BF0B469908013B11740D2B0BD8CA
:10444400DFE803F0110C070C0A161111160A0C0709
:104454000C1153690233536110BC70475369013B1B
:1044640010BC536170475369013310BC53617047EA
:104474005369023B10BC5361704700BFACBC0020C1
:104484001D4BDA6A10689168006810B40842137C06
:10449400546814BF0121002103F00303D4F800C0C1
:1044A400D06843EA81031CEA000F43F0080118BFF7
:1044B4000B469908013B11740D2B0BD8DFE803F070
:1044C400110C070C0A161111160A0C070C1153696A
:1044D4000233536110BC70475369013B10BC5361F4
:1044E40070475369013310BC536170475369023BF1
:1044F40010BC5361704700BFACBC00201D4B9A6ACE
:1045040010689168006810B40842137C546814BFA2
:104514000121002103F00303D4F800C0D06843EA6A
:1045240081031CEA000F43F0080118BF0B469908E9
:10453400013B11740D2B0BD8DFE803F0110C070CB1
:104544000A161111160A0C070C1153690233536130
:1045540010BC70475369013B10BC536170475369E9
:10456400013310BC536170475369023B10BC536163
:10457400704700BFACBC00201D4B5A6A106891689C
:10458400006810B40842137C546814BF0121002150
:1045940003F00303D4F800C0D06843EA81031CEAA3
:1045A400000F43F0080118BF0B469908013B117432
:1045B4000D2B0BD8DFE803F0110C070C0A161111B0
:1045C400160A0C070C1153690233536110BC70476F
:1045D4005369013B10BC536170475369013310BCEC
:1045E400536170475369023B10BC5361704700BF6D
:1045F400ACBC00201D4B1A6A10689168006810B4A6
:104604000842137C546814BF0121002103F0030302
:10461400D4F800C0D06843EA81031CEA000F43F0D9
:10462400080118BF0B469908013B11740D2B0BD8D8
:10463400DFE803F0110C070C0A161111160A0C0717
:104644000C1153690233536110BC70475369013B29
:1046540010BC536170475369013310BC53617047F8
:104664005369023B10BC5361704700BFACBC0020CF
:104674001D4BDA6910689168006810B40842137C15
:10468400546814BF0121002103F00303D4F800C0CF
:10469400D06843EA81031CEA000F43F0080118BF05
:1046A4000B469908013B11740D2B0BD8DFE803F07E
:1046B400110C070C0A161111160A0C070C11536978
:1046C4000233536110BC70475369013B10BC536102
:1046D40070475369013310BC536170475369023BFF
:1046E40010BC5361704700BFACBC00201D4B9A69DD
:1046F40010689168006810B40842137C546814BFB1
:104704000121002103F00303D4F800C0D06843EA78
:1047140081031CEA000F43F0080118BF0B469908F7
:10472400013B11740D2B0BD8DFE803F0110C070CBF
:104734000A161111160A0C070C115369023353613E
:1047440010BC70475369013B10BC536170475369F7
:10475400013310BC536170475369023B10BC536171
:10476400704700BFACBC00201D4B5A6910689168AB
:10477400006810B40842137C546814BF012100215E
:1047840003F00303D4F800C0D06843EA81031CEAB1
:10479400000F43F0080118BF0B469908013B117440
:1047A4000D2B0BD8DFE803F0110C070C0A161111BE
:1047B400160A0C070C1153690233536110BC70477D
:1047C4005369013B10BC536170475369013310BCFA
:1047D400536170475369023B10BC5361704700BF7B
:1047E400ACBC00201D4B1A6910689168006810B4B5
:1047F4000842137C546814BF0121002103F0030311
:10480400D4F800C0D06843EA81031CEA000F43F0E7
:10481400080118BF0B469908013B11740D2B0BD8E6
:10482400DFE803F0110C070C0A161111160A0C0725
:104834000C1153690233536110BC70475369013B37
:1048440010BC536170475369013310BC5361704706
:104854005369023B10BC5361704700BFACBC0020DD
:104864001D4BDA6810689168006810B40842137C24
:10487400546814BF0121002103F00303D4F800C0DD
:10488400D06843EA81031CEA000F43F0080118BF13
:104894000B469908013B11740D2B0BD8DFE803F08C
:1048A400110C070C0A161111160A0C070C11536986
:1048B4000233536110BC70475369013B10BC536110
:1048C40070475369013310BC536170475369023B0D
:1048D40010BC5361704700BFACBC00201D4B9A68EC
:1048E40010689168006810B40842137C546814BFBF
:1048F4000121002103F00303D4F800C0D06843EA87
:1049040081031CEA000F43F0080118BF0B46990805
:10491400013B11740D2B0BD8DFE803F0110C070CCD
:104924000A161111160A0C070C115369023353614C
:1049340010BC70475369013B10BC53617047536905
:10494400013310BC536170475369023B10BC53617F
:10495400704700BFACBC00201D4B5A6810689168BA
:10496400006810B40842137C546814BF012100216C
:1049740003F00303D4F800C0D06843EA81031CEABF
:10498400000F43F0080118BF0B469908013B11744E
:104994000D2B0BD8DFE803F0110C070C0A161111CC
:1049A400160A0C070C1153690233536110BC70478B
:1049B4005369013B10BC536170475369013310BC08
:1049C400536170475369023B10BC5361704700BF89
:1049D400ACBC00201D4B1A6810689168006810B4C4
:1049E4000842137C546814BF0121002103F003031F
:1049F400D4F800C0D06843EA81031CEA000F43F0F6
:104A0400080118BF0B469908013B11740D2B0BD8F4
:104A1400DFE803F0110C070C0A161111160A0C0733
:104A24000C1153690233536110BC70475369013B45
:104A340010BC536170475369013310BC5361704714
:104A44005369023B10BC5361704700BFACBC0020EB
:104A5400F8B58A4B01278A4E04461D783754002D39
:104A640077D1884B1A78002A40F0A580864B1F68BE
:104A7400002F33D0BB798BB3844BF87AD3F800E0A2
:104A840060B33B4610E0022941D0032908D1597B89
:104A9400A14200F0C38093F80EC0A44500F0BA8090
:104AA40001321A33824219D0197BD5B20129EAD1D5
:104AB400597BA142F4D11A2303FB0273DC7B012C42
:104AC40000F0C180022C00F09380FCB9704E337862
:104AD400002B34D01EF0FCFE347030E0231F192B61
:104AE4005FD9A4F11E03082B7CD9272C00F0B980D0
:104AF400A4F13A030B2B5AD9A4F12803DBB2BF2B40
:104B040004D8644A32F8130000284CD1F8BD597B0C
:104B1400A142C5D1604B53F8241043F824E0AEEB16
:104B2400010EBEF1310FD9D91A2303FB02731B8A7C
:104B34007345D3D3564C2378002B40F09980574BC0
:104B44000021574A284619701570BDE8F840FEF751
:104B540059B8544A002510701D701FF0C7FC524B01
:104B64001B78002BD2D0514B1B78DA07CED5474B9C
:104B74004F4A1B6812689B1A0E2BC7D910214D4847
:104B84001FF038FC2B4621460A224B481CF0B6FD88
:104B940039464A481FF02EFC4748BDE8F8401CF04F
:104BA40085BD04F15D00BDE8F8401EF079BFA4F5B1
:104BB4008054A0B2F7E73B4A1D7010701FF096FCBA
:104BC400394B1B78002BA1D0384B1B78DB079DD5C4
:104BD4002E4B374A1B6812689B1A0E2B96D911214B
:104BE4003748CDE704F11300BDE8F8401EF058BF84
:104BF40034498B5C83F001038B54002B9AD11EF053
:104C040067FE234C00232548254AFF2123700370A7
:104C14001170F8BD735C002B3FF460AF1A2303FBE3
:104C24000273997B715C00293FF458AFDC7B012C43
:104C340009D0022C7FF449AF22498B5C83F0010335
:104C44008B54002BDBD0124C237863B91448012217
:104C5400124B0021057028461A70BDE8F840FDF794
:104C6400D1BF30209FE71EF033FE00232370EDE711
:104C74001EF02EFE0023237061E700BFE1C6002072
:104C84004CBB0020DBC600204CBC002090C500209B
:104C9400F6C60020300A00209CA40020F1C60020A3
:104CA4009A560020EAC6002019C7002018C7002021
:104CB400A8C60020DC0B0020704F002064260020D2
:104CC400F00B00205CB90020014610B1114B1870A4
:104CD400704710B5104C82B02278B2B1034603E09D
:104CE4000133082B0FD02278DA40D207F8D50B4ACB
:104CF400019132F8130000931EF02AFEDDE9003121
:104D04000133082BEFD100232370024B197002B03A
:104D140010BD00BFE7C60020F0C600204C3B0020B9
:104D240010B5002304460E4A0321A38222602363A4
:104D34000C48C4E90133C4E90333C4E90633C4E9C4
:104D44000833C4E90A3319F0CBFF0421064819F0EB
:104D5400DFFF0121054819F0F5FF204610BD00BF13
:104D64008C3E0020E0620020E061002070BC002046
:104D74002DE9F047002406464FF0FF0A2030FB4D92
:104D84004FF4407834704FF4687774703562B470BF
:104D9400C6F86403F470C6F8800386F804A0B473FC
:104DA4007462B46286F805A016F0D8FB06F580603C
:104DB400C6F8005406F58055C6F84407C6F86007DF
:104DC400C6F80444C6F8084416F0C8FBDFF8A493F8
:104DD40006F5FC6006F61873C6F8E097C6F8680B8B
:104DE400A6F8588BC6F8183FC6F8E447C6F8E84753
:104DF400C6F8384BC6F83C4BC6F8404BC6F8444B93
:104E0400C6F8484BC6F84C4BC6F8504BC6F8544B42
:104E140086F85A4B86F81E4FA6F81C7F15F034FD11
:104E240041F2586306F57260C6F8209FF318C6F87D
:104E3400244FC6F8284FC5F85836A5F8988285F847
:104E44009A42A5F85C7685F85E46C5F8A802C5E9DD
:104E54009E44C5E9A044C5E9A244C5E9A44415F0AB
:104E640013FD41F6985306F5B350C5F86446F3189C
:104E7400C5F86846C5F86096C5F8B849C5F8BC4990
:104E8400C5F8C049C5F8C449C5F8C849C5F8CC49EE
:104E9400C5F8D049C5F8D449A5F8D88985F8DA49C0
:104EA400A5F89C7D85F89E4DC5F8983DC5F8E809A0
:104EB40015F0EAFC42F2D84205F58053C5F8A44D3A
:104EC400C5F8A84DB218C5F8A09D06F5ED5006F535
:104ED4000055C3E93E44C3E94044C3E94244C3E93D
:104EE4004444A5F8188183F81A41C5F82801C3F889
:104EF400D824A3F8DC7483F8DE4415F0C5FC42F230
:104F0400E04042F61843A5F858883018DFF8688264
:104F1400F318C5F8E094A5F81C7C08F15809C5F805
:104F2400183CC5F8E444C5F8E844C5F83848C5F861
:104F34003C48C5F84048C5F84448C5F84848C5F851
:104F44004C48C5F85048C5F8544885F85A4885F87F
:104F54001E4CC5F8680815F097FC42F6204085F809
:104F6400A24C3018C5F8244CC5F8284CC5F8304C70
:104F740085F8344CC5F8384CC5F83C4CC5F8208C41
:104F8400C5F8484CC5F84C4C85F87E4C85F8804CE7
:104F9400C5F88C4CC5F8904CC5F8944CC5F8984CA1
:104FA400C5F89C4CA5F8A04CA5F8A4ACC5F8B04C29
:104FB400C5F8B44CC5F8B84CC5F8BC4C85F8AF4C32
:104FC40085F8A34CC5F82C9C19F0F0FAC5F8C08CF0
:104FD400DFF8A88106F5335085F8424DC5F8CC9C1E
:104FE40008F14C09C5F8C44CC5F8C84CC5F8D04CF8
:104FF40085F8D44CC5F8D84CC5F8DC4CC5F8E84C59
:10500400C5F8EC4C85F81E4D85F8204DC5F82C4D9F
:10501400C5F8304DC5F8344DC5F8384DC5F83C4D8C
:10502400A5F8404D85F8434DA5F844AD85F84F4D9E
:10503400C5F8504DC5F8544DC5F8584DC5F85C4DEC
:1050440019F0B4FA42F6605085F8854D3018C5F869
:10505400644DC5F8684DC5F8704D85F8744DC5F8B4
:10506400784DC5F87C4DC5F8608DC5F8804D85F840
:10507400844D85F8864D85F8874DC5F8884DC5F86B
:105084008C4DC5F8904DC5F8944DC5F86C9D1AF03B
:1050940063F842F6985085F8BD4D3018C5F8988DE0
:1050A400C5F89C4DC5F8A04DC5F8A84D85F8AC4D84
:1050B400C5F8B04DC5F8B44DC5F8A49DC5F8B84DB4
:1050C40085F8BC4D85F8BE4D85F8BF4DC5F8C04D7B
:1050D400C5F8C44DC5F8C84DC5F8CC4D1AF03CF818
:1050E400234B2146C5F8E44D03F16C02C5F8E03DBD
:1050F4009833C5F8E84DC5F8F04D05F62860C5F8B5
:10510400F83D40F20113C5F8F44DA5F8183E01230B
:10511400C5F8FC4D85F8004EC5F8044EC5F8084E98
:1051240085F80C4EC5F8104EC5F8144EC5F81C4E43
:10513400A5F8204E85F8224EC5F8244EC5F8EC2D6E
:105144004FF4807285F81A3E22F0FAFE05F55E638C
:1051540000200021C3E95201C3E95401002140F2B7
:10516400FF30C3E95601C5F8404F09E0684000200C
:10517400D03E0020C83C0020A43F0020043E002074
:10518400C5F8444FC5F8484FC5F84C4F1CF090FF84
:1051940085F8544FC5F8500F06F5405542F6E050D7
:1051A40085F875423018C5F8764217F0C3F843F213
:1051B40020303018FFF7B4FD85F894433046C6F824
:1051C4000640C6F80A40BDE8F08700BF00B583B0CA
:1051D400019013F0F3FE0198064A00F50050064BC7
:1051E400C0F8482CC0F8E82CC0F84C3CC0F8EC3CA3
:1051F40003B000BD590700001507000038B5044688
:105204000D4614F0B5FE234B1B780BB1FDF726FBBE
:1052140004F50053D3F8682DAAB3012204F54051D4
:1052240081F8942393F8852D4ABB93F8BD3D03F090
:10523400FF0003B938BD42F69850201890F8272093
:105244006FF07E012A70826A7F2AA8BF7F228A4279
:10525400B8BF0A466A80D0E90B237F2AA8BF7F2201
:105264007F2BA8BF7F238A42B8BF0A468B42B8BFB0
:105274000B46AA80AB7119F07BFF012038BD42F6C2
:1052840060502018DAE7D3F8A02D003A18BF0122A5
:10529400C4E700BFE7C60020234A10B5087882B0EF
:1052A40013780C4683420DD0C0F300111070C0F384
:1052B400C003C0F340020091C0F3800100F001007C
:1052C4001EF0FCFCB4F90200B4F9041094F90620B1
:1052D40088B901B37F28A8BF7F2011F17F0F40B2A6
:1052E40011DB7F29A8BF7F2149B2002302B0BDE8AA
:1052F40010401EF019BD10F17F0FEBDA11F17F0F92
:105304006FF07E00EDDA6FF07E01002302B0BDE89D
:1053140010401EF009BD2AB17F290846A8BF7F218D
:1053240049B2E2E702B010BD9E56002000F540509D
:1053340090F89403704700BF2DE9F04F044689B0FC
:105344000D4614F015FE04F5005E9EF8223ECBB91E
:1053540004F5405C9CF8340310B909B0BDE8F08F43
:105364000CF54E7403F0FF06AE460FCCAEE80F000A
:1053740094E807008EE807008CF83463012009B034
:10538400BDE8F08F42F6246342F64C6CDEF8241E2E
:105394002A46E318A44442F8021B53F8040F9C4520
:1053A40022F8020FF9D19EF80C3E033B012B0CD9D5
:1053B400B5F916309AB2092A28BFFF232B7642F694
:1053C400E050201817F00CFBD8E7B5F9043040F290
:1053D400FF3EB5F9080001F48079A3F500460023E7
:1053E400A0F50040B5F906209C46069301F4806AB6
:1053F40060F30F0C47F6FF70CDE90433821A66F3AD
:105404000F0362F31F43B5F90E20801A6A897245AF
:1054140060F31F4CC1F3C02028BF72464FEA8218C4
:10542400AA89724528BF72464E05C1F3002E4FEA81
:10543400821218D4BEF1000F1BD0EE468DF818006E
:10544400ADF80C80ADF80E20CDE9013C21F4706379
:10545400AC460093BEE80F00ACE80F009EE80700DE
:105464008CE80700ABE7BEF1000F02D008B10120C1
:10547400E3E701F400764F46B3462FB920B14E4519
:105484000CBF02200320D8E74FEA5B27BBF1000FD3
:1054940000D0C0B911F4406F00D1B7B94FEA9A20D7
:1054A40017B108B10520C8E7BBF1000F14BF0026EF
:1054B40000F0010616B1B9F1000F08D00EEA000E93
:1054C400CEF10800B9E70320B7E70420B5E70620CA
:1054D400B3E700BF00F50053D3F8F43D0BB101204E
:1054E400704700F5405090F83503704700F50050C0
:1054F400D0F8283C0BB101207047D0F8C80CC01A72
:1055040018BF0120704700BF00F5005393F87E0CCC
:1055140093F81E3D18437047012810B582B073D02C
:10552400821E012A35D9454C1EF0E0FF23781BB1B9
:10553400434B1B78DA071DD464201CF063FD1EF076
:10554400D5FF2378A3B13E4B1B78DB0710D53D4B29
:105554003D4A1B6812689B1A0E2B09D90B213B4844
:105564001EF048FF3A4802B0BDE810401CF09EB857
:1055740002B010BD334B344A1B6812689B1A0E2BC1
:10558400DAD9252133481EF035FF31481CF08EF856
:10559400D2E7314A012401903048314904705068FF
:1055A400304C00F00F0094600143244C51601DF016
:1055B400FDFF1EF09BFF2278002AB5D0204A127806
:1055C400D107B1D51F4A204912680968521A0E2A18
:1055D400AAD90E2124481EF00DFF019B0321032BA1
:1055E4000CBF224822481EF005FF212121481EF04D
:1055F40001FF17481CF05AF835211F481EF0FAFE27
:1056040013481CF053F88FE70C4C1EF06FFF2378FF
:10561400002B89D00A4B1B78D80785D5094B0A4A39
:105624001B6812689B1A0E2B7FF67EAF232113484A
:105634001EF0E0FE06481CF039F875E719C7002093
:1056440018C7002090C50020A8C60020C40C002064
:10565400704F00209C0C0020ACC60020F8C600202F
:105664000020800002082080300C0020040C002060
:10567400080C0020400C0020640C00200C0C0020BE
:10568400DFED757A20EE270A60EEA70ABDEEC00AA8
:10569400FDEEE00A10EE103A10EE902A03F50073C6
:1056A4002DE9F04140F2FF3802F500746B4D0746D6
:1056B40043456B4E84B06A68A8BF4346444530787E
:1056C400A8BF444623EAE37324EAE47461B96FF3A0
:1056D4000D1242EA03126A6000285AD06FF397321F
:1056E40042EA84326A6033E022F07F4242EA036293
:1056F4006A60AA6822F0030242EA1323AB6000281E
:1057040056D06FF38B0343EA8403AB60DFED527A28
:105714006A6821EE271A6FF30D12BDEEC11A11EE5D
:10572400103A03F5007383F30A0342EA0312DFED30
:105734004A7A6FF3973261EEA71AFDEEE11A11EE81
:10574400903A03F5007383F30A0342EA83336B60F0
:1057540000244FF0010803E00134102C14D03078F9
:1057640047FA04F32A6808FA04F113F0010F22EA55
:10577400010318BF41EA02032B600028ECD1013475
:105784001DF014FF102CEAD104B0BDE8F0411DF067
:105794000DBF1DF00BFF6B6830786FF3973343EA4E
:1057A40084336B600028D3D11DF000FF3078CFE73D
:1057B400CDED021A8DED011ACDED037A1DF0F6FE42
:1057C400AB6830786FF38B039DED011ADDED021A9F
:1057D40043EA8403AB60002898D11DF0E7FE9DEDF9
:1057E400011ADDED037A6B6821EE271A1D4A307821
:1057F4001A40DDED021ABDEEC11A11EE103A03F59E
:1058040000734345A8BF434623EAE37342EA031205
:105814006A6000288BD1CDED011ACDED027A1DF01E
:10582400C5FEDDED011ADDED027A6B6861EEA71AA3
:105834000D4A30781A40FDEEE11A11EE903A03F564
:1058440000734345A8BF434623EAE37342EA833324
:105854006B600028A8D07BE70080FF43ACC6002023
:10586400F8C600200FC0FFFFFF3F00FF0B461146A4
:105874000022D3F800C003601846DCF81C30184737
:1058840070B50446006818B3002604F117050CE04F
:10589400A27E531C2244DBB2082BA376507403D996
:1058A400637E66830A2B14D0206803681B699847BB
:1058B40070B1206803685B699847E37EC0B2002B2F
:1058C400E6D1FE28F0D140F2011360746383EBE764
:1058D40070BD04F11103002213F8011FAB4282EAE8
:1058E4000102F9D1237E9342DED1E38AC82BDBD8AF
:1058F400B4F914202046B4F91210FDF74FF8D3E799
:105904000268002A31D0DFF864C070B5037A82B02F
:10591400DCF800408B4226461FD00D461168044631
:1059240010468A689047032815DDFD2220688DF80B
:1059340005508DF804200A228DF80720EA438DF8DB
:1059440006200268536804220DEB020198470122E5
:105954002572E660227402B070BD037C002BDCD09B
:10596400C368E31A312BF6D9D7E7704790C50020F6
:1059740090F89430EBB1838D4FF6FF72934218D0B8
:1059840090F8952007EE103ADFED0B6A07EE902AA7
:10599400B8EE477A9FED090AF8EE677A67EE877AE0
:1059A40087EEA67AB4EEC07AF1EE10FA30FE070A5A
:1059B40070479FED030A70470000C8420000484347
:1059C40000000000034690F82400E0B1B7EE007A2E
:1059D400D3ED0C7A1A499A6AF4EEC77A0868801AE9
:1059E400F1EE10FA10DDF0EE086AB3EE0E7A67EE0F
:1059F400A67AF4EEC77AF1EE10FA16D51E23984271
:105A04002CBF0020012070470023DFED0E7A002B0D
:105A14009FED0D7A47FE877AFCEEE77A17EE903A0F
:105A240098422CBF0020012070479FED077AF4EEC6
:105A3400C77AF1EE10FACCBF01230023E7E700BFD9
:105A440090C5002000001643000048434FF6FF7243
:105A5400B0F85030934204D007EE903AB8EE670A9B
:105A6400704790ED130ADFED027A20EE270A7047A3
:105A740000007A44B5EEC00A002330B5F1EE10FA06
:105A84000B80138019D9F3EE045A90ED126AB7EE25
:105A9400007AD0ED137AC6EE006A0023836480EEA8
:105AA400256A76EEE76AB4EEC76AF1EE10FA37FEBD
:105AB400067AE7EE267AC0ED137A0379002B00F01C
:105AC400E5810368002B00F0E18190F82430002B7D
:105AD40000F0DC8190F87930012B00F0D381022BA7
:105AE40003D1C379002B00F0D181F7EE006ADFF80F
:105AF400D8E390ED0C7ADEF80030B4EEE67A846AEE
:105B04001B1BF1EE10FA07EE903AF8EE677A40F3B9
:105B1400C381B4EEE77AF1EE10FA33DAF0EE086AF4
:105B2400B3EE0E6A67EE266AF4EEC66AF1EE10FA78
:105B340000F175829FEDE06AF4EEC66AF1EE10FAA8
:105B4400CCBF012300239FEDDC6A002B46FE866A4E
:105B5400FCEEE66AF8EE666AF4EEE67AF1EE10FA26
:105B640080F2948176EEC76A77EEC77AB7EE006A60
:105B740087EEA67A76EE476AF5EEC06AF1EE10FA81
:105B840040F2848190F87830052B00F0A781B0F8BA
:105B94008AC0D0ED077ABCF1000F0BD007EE10CA13
:105BA400B0EEE76ABBEEEF7AB4EEC76AF1EE10FA34
:105BB40000F37E81B0F88CC090ED087ABCF1000F40
:105BC4000BD006EE10CAF0EEC75ABBEEEF6AF4EE45
:105BD400C65AF1EE10FA00F36B81B0F886C0BCF13E
:105BE400000F12D006EE10CAF0EEE75AB8EE466A7D
:105BF400F4EEC65AF1EE10FA07D5F0EEC75AB4EE39
:105C0400E56AF1EE10FA00F3538190F894C0BCF108
:105C1400000F00F0898090F895C0BCF1000F00F0EF
:105C2400838090F85240012C7ED9B7EE006AF4EEDE
:105C3400C66AF1EE10FA77DBB6EE004A90ED1B5A15
:105C4400848D06EE10CADFEDA43A25EE045A04EE64
:105C5400104AB8EE466ADFED985AB8EE444AD0EDE1
:105C6400194A24EE066A86EE234AB4EEE54AF1EEBA
:105C740010FA35FE846A65EE065A66EE244A65EE2D
:105C8400865AB0EEE45AF4EEC55AF1EE10FA07DC87
:105C9400B1EE455AB4EEE55AF1EE10FA35FE255A46
:105CA40074EE854ADFED8A5AF4EEE54AF1EE10FA15
:105CB40000F35482DFED815AF4EEE45AF1EE10FA67
:105CC40075FEA44AB6EE004AD0ED1C5A90ED1A5A5D
:105CD40077EEA47A65EE845A26EE055A65EE865A66
:105CE400F0EEC54A25EE866AB4EEE46AF1EE10FAE7
:105CF40007DCF1EE644AF4EEC64AF1EE10FA74FEE3
:105D0400864A35EE245A9FED726AB4EEC65AF1EE15
:105D140010FA07DC9FED696AB4EEC56AF1EE10FA79
:105D240036FE056A37EE067A90F89040DFED6A5A3F
:105D340006EE104AB0F892C0B8EE466A86EE255ACE
:105D4400BCF1000F1CD0B0F850404FF6FF75AC42C8
:105D540000F0948106EE104AF8EE464A06EE10CAA8
:105D6400F7EE005AB8EE466A84EE864AB4EEE54A87
:105D7400F1EE10FA35FE844A75EEC45A25EE255A22
:105D8400B5EEC05AF1EE10FA40F29280B0F87AC043
:105D9400BCF1000F40F04681B7EE006A022B00F020
:105DA4004E81012B00F0AC8190F87C309FED4A4A83
:105DB40004EE903AF8EE644AC4EE845A67EEA57A8B
:105DC40027EE257A67EEA67A27EE267A67EE807AA2
:105DD40027EE007AC7EE865AC7EE066AB0F8963008
:105DE400DFED3C4A07EE103AB0F8983007EE903AEF
:105DF40025EE856AB8EE477AB0F88830F8EE675A2F
:105E040066EE856AC7EE247A85EEA47A67EE867A12
:105E140027EE267A002B40F0558190ED0E6AD0EDE6
:105E24000D6A37EE067A77EEA67AF8FE476AFDEE3B
:105E3400E66AB8FE676ABDEEC66A16EE903A16EEDA
:105E4400104A1BB20C80138006EE903AB1F900C0E0
:105E5400F8EEE66A06EE10CABCF17F0FB8EEC66A29
:105E640037EE667A77EEC67A80ED0E7AC0ED0D7A5B
:105E740000F3CC80B1F900306FF07E008342B8BFEC
:105E84000346C4E08379002B7FF42FAE00234364E0
:105E940003648363436330BD9FED097AF4EEC77AEC
:105EA400F1EE10FA7FF66EAE0023DFED066A4AE6E5
:105EB40000238363436330BD000048430000FEC2F7
:105EC400000048420000164390C500200000000076
:105ED4000000FE4200007A440000C84290F890306E
:105EE4005FED036A07EE103AB0F89230B8EE477AE5
:105EF400C7EE267AE3B1B0F850C04FF6FF7EF44502
:105F040000F0F78007EE10CAB8EE476A07EE103AC1
:105F1400F7EE006AB8EE477AC6EE075AF4EEE65A90
:105F2400F1EE10FA76FEA55A76EEE56A67EEA67AE9
:105F3400F5EEC07AF1EE10FAA8D9B0F88830D0EDB9
:105F4400116A90ED107A002B00F09F8026EEA65A7D
:105F540006EE103AB8EE466AA7EE075AF1EEC55AB5
:105F6400B4EEE56AF1EE10FA05DAF5EE405AF1EE18
:105F740010FA40F098801FED2B4AF0EE443AB0F846
:105F8400983026EEA76A5FED2D4A67EE277A05EE74
:105F9400103AB0F8963080ED104AB8EE455A05EE46
:105FA400903AD0ED0E6AF8EE655A90ED0D7A85EED2
:105FB400244AC0ED113A85EEA45AE6EE046AA7EE2F
:105FC400857AF8FE667AFDEEE77A17EE903AB8FE27
:105FD400476ABDEEC66A1BB216EE104A07EE903A47
:105FE4000C80F8EEE77A1380B1F900C076EEE76A28
:105FF40006EE10CABCF17F0FB8EEC66AC0ED0E6A99
:1060040037EE467A80ED0D7A7FF734AF7F230B802D
:10601400B2F900307F2B0ADD7F23138030BDF0EE10
:10602400466A99E506EE10CAB8EEC66AB6E613806B
:106034007F33BFF630AF4FF68173138030BDDEF887
:1060440000C0C36BB0F882E0ACEB03037345FFF40C
:1060540022AF90F884305FED604A05EE903AC0F8C4
:106064003CC0F8EE655A85EEA46A67EE865A27EEC0
:10607400066A65EEA65A66EE266AAFE6D0ED134AC6
:106084001FED6C6A64EE864A68E626EEA65A1FED9A
:10609400706AA7EE075AF1EEC55AF4EEC65AF1EE4D
:1060A40010FA7FF668AF86EE255A65EE075A25EE9C
:1060B400266A37EE654A76EEC63AB0EE657AF0EEB9
:1060C400466A5CE727EE076A06EE903AF8EE666ADF
:1060D400A7EEA76AF1EEC65AF4EEE65AF1EE10FA0C
:1060E4007FF79BAE86EEA56A67EE867A27EE067A80
:1060F40093E690ED136A1FED897A26EE076A05E7A9
:1061040067EE075AB0F88030E7EEA75AB1EEE53AE9
:106114002BB105EE903AF8EEE55A83EE253A90F865
:106124007D305FED932A04EE103A90F87E3003EE52
:10613400903AB8EE444AF7EE004AF8EE633AC4EEF9
:10614400225A83EEA24AB4EEE43AF1EE10FA74FE57
:10615400834A34EE654AE4EE245A2FE6F0EE654AAB
:10616400B0E500BF017171B9002380F8241080F8F4
:106174005210836343630362C3610366C3650367A9
:10618400C36683664366704732214FF0560C002382
:1061940064224170452180F800C04FF0430CC17067
:1061A400282180F802C0017245F26401DFF83CC086
:1061B40043720273C0F81230C0F816304383C0F83B
:1061C40004C04FF4485C02774377064A837714236C
:1061D40041810549A0F81FC0C0F80D10C0F8212066
:1061E40043747047E803E80364000A0006000400EF
:1061F4008B795A1E012A00B503D91A1F012A88BFB8
:10620400042380F87830CB79032B28BF002380F84F
:1062140079300B89092B40F29F80B3F57A7FA8BFB0
:106224004FF47A73A0F87A3047F230528B7A4FF0F9
:10623400000C642B28BF6423012B38BF012380F892
:106244007C30CB7A642B28BF6423012B38BF012315
:1062540080F87D300B7B642B28BF6423012B38BF6F
:10626400012380F87E30B1F80D30002B08BF642381
:10627400A0F8803091F810E0CB7B43EA0E23B3F50D
:10628400FA7F28BF4FF4FA73012B38BF0123A0F81B
:1062940082304B7C642B28BF6423012B38BF01233D
:1062A40080F884304B8AA0F886308B8AA0F8883036
:1062B400CB8AA0F88A300B8BA0F88C308B7E003B05
:1062C40018BF012380F88E30CB7E003B18BF01231A
:1062D40080F88F300B7F642B28BF642380F89030C4
:1062E4004B7F91F81EE043EA0E23934228BF1346E6
:1062F400A0F89230CB7F003B18BF012380F8943084
:1063040091F82030642B28BF642380F8953091F8ED
:10631400222091F8213043EA0223B3F5FA6F28BF13
:106324004FF4FA63642B38BF6423A0F8963091F8D5
:10633400233091F82420C0F844C043EA0223C0F873
:1063440040C0B3F5FA6F28BF4FF4FA63642B38BF2B
:106354006423A0F8983000BD0A2363E75622322351
:106364004FF0430C0A704FF006024B7045238A80AD
:1063740081F802C0CB7090F878308B7190F8793046
:10638400CB71B0F87A300B8190F87C308B7290F836
:106394007D30CB7290F87E300B73B0F88030A1F86A
:1063A4000D30B0F88230A1F80F3090F884304B747F
:1063B400B0F8862090F88E304A82B0F888208A821D
:1063C400B0F88A20CA82B0F88C200A838B7690F8C1
:1063D4008F30CB7690F890300B7790F89430B0F8FB
:1063E4009220CB77A1F81D2090F8953081F82030C9
:1063F400B0F89630A1F82130B0F89830A1F82330E5
:10640400704700BF08B50B46362800F2B782DFE8B4
:1064140010F0AB02A10297028D02830279026F028F
:1064240065025B02510247023D023302D201C801F8
:10643400BE01B401AA01A00196018C018201780178
:106444006E0164015A01500146013C0132012801E8
:106454001E0114010A010001F600EC00E200D8005C
:10646400CE00C400BA00B000A6009C0092008800D0
:106474007E0074006A00600056004C004200370041
:10648400DFF8F0C30422D1493620CCF8D8301CF010
:10649400CFF8012008BDDFF8DCC30422CC49352045
:1064A400CCF8D4301CF0C4F8F3E7DFF8C8C30422F6
:1064B400C8493420CCF8D0301CF0BAF8E9E7DFF84A
:1064C400B4C30422C4493320CCF8CC301CF0B0F857
:1064D400DFE7DFF8A0C30422C0493220CCF8C8307B
:1064E4001CF0A6F8D5E7DFF88CC30422BC493120A0
:1064F400CCF8C4301CF09CF8CBE7DFF878C3042256
:10650400B8493020CCF8C0301CF092F8C1E7DFF86D
:1065140064C30422B4492F20CCF8BC301CF088F8A2
:10652400B7E7DFF850C30422B0492E20CCF8B830C6
:106534001CF07EF8ADE7DFF83CC30422AC492D2003
:10654400CCF8B4301CF074F8A3E7DFF828C30422B5
:10655400A8492C20CCF8B0301CF06AF899E7DFF891
:1065640014C30422A4492B20CCF8AC301CF060F8EE
:106574008FE7DFF800C30422A0492A20CCF8A83012
:106584001CF056F885E7DFF8ECC204229C49292068
:10659400CCF8A4301CF04CF87BE7DFF8D8C2042216
:1065A40098492820CCF8A0301CF042F871E7DFF8B5
:1065B400C4C2042294492720CCF89C301CF038F83B
:1065C40067E7DFF8B0C2042290492620CCF898305F
:1065D4001CF02EF85DE7DFF89CC204228C492520CC
:1065E400CCF894301CF024F853E7DFF888C2042276
:1065F40088492420CCF890301CF01AF849E7DFF8D9
:1066040074C2042284492320CCF88C301CF010F886
:106614003FE7DFF860C2042280492220CCF88830AA
:106624001CF006F835E7DFF84CC204227C4921202F
:10663400CCF884301BF0FCFF2BE7DFF838C20422CF
:1066440078492020CCF880301BF0F2FF21E7DFF8F6
:1066540024C2042274491F20CCF87C301BF0E8FFCC
:1066640017E7DFF810C2042270491E20CCF87830F6
:106674001BF0DEFF0DE7DFF8FCC104226C491D208E
:10668400CCF874301BF0D4FF03E7DFF8E8C1042230
:1066940068491C20CCF870301BF0CAFFF9E6DFF81B
:1066A400D4C1042264491B20CCF86C301BF0C0FF19
:1066B400EFE6DFF8C0C1042260491A20CCF8683044
:1066C4001BF0B6FFE5E6DFF8ACC104225C491920F3
:1066D400CCF864301BF0ACFFDBE6DFF898C1042291
:1066E40058491820CCF860301BF0A2FFD1E6DFF83F
:1066F40084C1042254491720CCF85C301BF098FF65
:10670400C7E6DFF870C1042250491620CCF858308F
:106714001BF08EFFBDE6DFF85CC104224C49152056
:10672400CCF854301BF084FFB3E6DFF848C10422F0
:1067340048491420CCF850301BF07AFFA9E6DFF862
:1067440034C1042244491320CCF84C301BF070FFB0
:106754009FE6DFF820C1042240491220CCF84830DB
:106764001BF066FF95E6DFF80CC104223C491120BA
:10677400CCF844301BF05CFF8BE6DFF8F8C0042251
:1067840038491020CCF840301BF052FF81E6DFF886
:10679400E4C0042234490F20CCF83C301BF048FFFD
:1067A40077E6DFF8D0C0042230490E20CCF8383028
:1067B4001BF03EFF6DE6DFF8BCC004222C490D201F
:1067C400CCF834301BF034FF63E600BFAD0D00009D
:1067D400290E0000A50E0000210F00009D0F0000EF
:1067E4001910000095100000111100008D11000017
:1067F4000912000085120000011300007D1300003F
:10680400F913000075140000F11400006D15000068
:10681400E915000065160000E11600005D17000090
:10682400D917000055180000D11800004D190000B8
:10683400C9190000451A0000C11A00003D1B0000E0
:10684400B91B0000351C0000B11C00002D1D000008
:10685400A91D0000251E0000A11E00001D1F000030
:10686400991F000015200000912000000D21000058
:1068740089210000ACBC0020DFF838C10422404963
:106884000C20CCF830301BF0D3FE02E6DFF824C134
:1068940004223C490B20CCF82C301BF0C9FEF8E54F
:1068A400DFF810C1042238490A20CCF828301BF044
:1068B400BFFEEEE5DFF8FCC0042234490920CCF821
:1068C40024301BF0B5FEE4E5DFF8E8C004223049CB
:1068D4000820CCF820301BF0ABFEDAE5DFF8D4C09A
:1068E40004222C490720CCF81C301BF0A1FED0E573
:1068F400DFF8C0C0042228490620CCF818301BF069
:1069040097FEC6E5DFF8ACC0042224490520CCF884
:1069140014301BF08DFEBCE50422DFF898C020493A
:106924001046CCF810301BF083FEB2E5DFF884C0CB
:1069340004221C490320CCF80C301BF079FEA8E596
:10694400DFF870C0042218490220CCF808301BF08C
:106954006FFE9EE5DFF85CC0042214490120CCF8E8
:1069640004301BF065FE94E5DFF848C004221049AA
:106974000020CCF800301BF05BFE8AE5002008BD47
:106984000522000081220000FD220000792300007E
:10699400F523000071240000ED24000069250000A7
:1069A400E525000061260000DD26000059270000CF
:1069B400D5270000ACBC00202DE9F0410E46154659
:1069C4000446022130461BF0D1FB022128461BF06D
:1069D400CDFB234B3201234953F8028003EB06120B
:1069E400D76803EB0512C4F80080A760D2F80CC086
:1069F4002A0153F802E000231B4A6361C4F80CC067
:106A04001A4B48681268C4F804E0A3FB02324FF43E
:106A1400FA63920C03FB02F24B681B1A9A42FBD8EE
:106A2400D8F800302146DEF8002030461F4214BF5B
:106A3400012300231CEA020F43F0020218BF13468D
:106A44002374FFF7DFFC0346214628462376FFF72D
:106A5400D9FC227E831820462376BDE8F08100BF4E
:106A640050430020001000E07C4E002083DE1B43D6
:106A7400022110B5044608461BF078FB02210520CC
:106A84001BF074FB02201BF05FFB0346052084F817
:106A940020301BF059FB002384F821006362E36279
:106AA400A3861DF023FD0C4B1B789BB10B4B1B786D
:106AB400DB070FD50A4B0B4A1B6812689B1A0E2B77
:106AC40008D9272108481DF095FC0848BDE8104066
:106AD4001AF0ECBD10BD00BF19C7002018C7002074
:106AE40090C50020A8C60020D00C0020704F0020C4
:106AF400A94AAA4930B5137E83B004460D68012B18
:106B040040F2B48072B6536962B6002B1846B8BF1F
:106B1400D81C80101AD072B6D3F1000C03F0030114
:106B24000CF0030C58BFCCF10001516162B622682D
:106B340062B1B3F5007F06DA13F5007F40F32081DC
:106B4400404240B201E06FF07E009047944A137EC9
:106B5400012B51D972B6536962B6002B1846B8BFDF
:106B6400D81C80101AD072B6D3F1000C03F00301C4
:106B74000CF0030C58BFCCF10001516162B662689D
:106B840062B1B3F5007F06DA13F5007F40F3FA80B3
:106B9400404240B201E06FF07E00904702201BF0BB
:106BA400D3FA94F82030834203D0636AEB1A312B72
:106BB40018D805201BF0C8FA94F8213083420FD06E
:106BC400E36AEB1A312B0BD9E562002840F0A4806C
:106BD40001232563E56184F83530237684F82100A8
:106BE40003B030BD656200287CD10123A56284F81E
:106BF400343084F82000DCE772B6D2E90013096867
:106C0400186893681942137C14BF0121002103F012
:106C1400030343EA8103D168084243F0080118BF23
:106C24000B469808591E536910740D2994D801A075
:106C340050F821F0634B00005D4B00006F4B0000E7
:106C44005D4B000059490000694B0000634B000094
:106C5400634B0000694B0000594900005D4B000084
:106C64006F4B00005D4B0000634B000072B6D2E92D
:106C740000130968186893681942137C14BF012132
:106C8400002103F0030343EA8103D168084243F07F
:106C9400080118BF0B469808591E536910740D2932
:106CA4003FF632AF01A050F821F000BF574B00006F
:106CB400514B00007B4B0000514B00000949000080
:106CC400754B0000574B0000574B0000754B0000FC
:106CD40009490000514B00007B4B0000514B000060
:106CE400574B000094F83430002B82D00022A36A62
:106CF40084F83420EB1A40F2DB52934244D8294BF7
:106D04001B78002B7FF475AFA368002B3FF471AFA1
:106D14000190984701986CE7002394F83520237676
:106D2400002A3FF45BAF1F4A84F835301378002BF8
:106D34007FF454AF226B40F2DB53AD1A9D4227D946
:106D44006369002B3FF44AAF01909847019845E7E7
:106D5400013B5361D8E601335361D5E6013B5361EE
:106D6400FAE601335361F7E6023B5361F4E602337A
:106D74005361F1E6023B5361C6E602335361C3E655
:106D84007F20E2E67F2008E7E368002BC0D130E7EC
:106D94002369002BD8D121E7E8BA002090C5002050
:106DA40004BB0020A356002010B501210A201BF0CB
:106DB400DDF901210A201BF0A5F9012125201BF092
:106DC400D5F9012125201BF09DF9012107201BF095
:106DD400CDF9012107201BF095F900234FF48C72A3
:106DE400F02120481AF038FA01211E481AF0CAF995
:106DF40000211C4818F088FD1A4800224FF0FF3388
:106E040004460321C276436119F086FA164B032225
:106E14001649204623611AF0EBFB0221204619F0A3
:106E24007BFA134B0D221349204623611AF0E0FB31
:106E34001DF05CFB104B1B789BB1104B1B78DB07E0
:106E44000FD50F4B0F4A1B6812689B1A0E2B08D9DB
:106E540016210D481DF0CEFA0C48BDE810401AF07A
:106E640025BC10BD98C500203C005A00F80C002039
:106E74003C007D00FC0C002019C7002018C700202E
:106E840090C50020A8C600200C0D0020704F0020E3
:106E940010B5012122201BF069F9012122201BF0E9
:106EA40031F900234FF48C72F02120481AF0D4F900
:106EB40001211E481AF066F900211C4818F024FD2F
:106EC4001A4800226FF0F82304460321C276436176
:106ED40019F022FA164B03221649204623611AF0B0
:106EE40087FB0221204619F017FA134B0B22134992
:106EF400204623611AF07CFB1DF0F8FA104B1B7836
:106F04009BB1104B1B78DB070FD50F4B0F4A1B6847
:106F140012689B1A0E2B08D916210D481DF06AFA27
:106F24000C48BDE810401AF0C1BB10BD1CC60020BF
:106F34003C005A00F80C002054007D00240D002071
:106F440019C7002018C7002090C50020A8C600203B
:106F5400300D0020704F0020034608461146062BD2
:106F640014D90D2B0AD90E3B00B583B0062B43D898
:106F7400DFE803F04038362B1F1B1300DFF8BCC0DA
:106F8400073B204A3CF9133020F064BEDFF8B0C060
:106F94001C4A3CF9133020F05DBE1B4B1B4A1B6896
:106FA40003B05DF804EB20F055BE194B194A1B7869
:106FB400F6E7194B93ED007A184AB7EEC77A8DEDD0
:106FC400007B20F047FE03B000BD154B154A93ED3E
:106FD400007AB7EEC77A8DED007B20F03BFEF2E736
:106FE400114BE7E7114B124A1B8803B05DF804EB21
:106FF40020F030BE0F4BF6E70F4A03B05DF804EB08
:1070040020F028BE480D00206C5300207C0D002089
:10701400A2560020740D00205C5300205C0D00205B
:1070240084C40020680D002064530020D0C60020D2
:10703400540D0020CEC60020481C002098C4002017
:1070440088C40020374A43B2C1EB01112DE9F04155
:10705400064692F900004C0086B0984204F11802EA
:1070640054D0314BB3F900309E4207D0062E51D98B
:107074000D2E53D84FF6A041002302E000214FF615
:10708400FF730027294D01931E2361F30F07284640
:1070940000934FF48C7361F31F47002119F01AFC1D
:1070A400022128466F6119F037F9214B042204F1BB
:1070B4001F0853F826702A82A5F812803FB138467B
:1070C40021F0DEFA3946024628461AF091FA02A95E
:1070D40030460E22FFF740FF982302A8A5F812803D
:1070E4002B8221F0CDFA42F20415024602A90F4880
:1070F4001AF07EFA4FF48C7304F1350200210B4828
:10710400009519F06BFB06B0BDE8F08100214FF447
:10711400FC63B6E740F25F410023B2E74FF6FF712C
:107124000023AEE7A0560020CCC6002098C500205E
:10713400C03500202DE9F04F2DED048B8FB00028D1
:1071440000F0158240F25F42924BDFF89482029283
:10715400B3F800A0904A0492029B0026002063F337
:107164000F0663F31F46049B9F1E03F10C0439466C
:1071740031F9023F5A4212B233EA230328BF1346BD
:107184009842B8BF18468C42F2D1642840F38082FA
:10719400C82840F3F781B0F5967F40F392829FEDC3
:1071A4007F8A4FF0FA0B4FF4FA797D4C00211625B3
:1071B400204618F0A9FB00220F2320461146CDE9F2
:1071C40000534FF48C7319F085FB0221204619F00B
:1071D400A3F8744B414607222046666123611AF0E6
:1071E40007FA714B012120464FF0CC08636119F076
:1071F40093F86E4A4B46142109A8126841F6C30657
:1072040000926B4A20F026FD09A821F039FA0821E2
:1072140040F215130246618200EB40012046A3EBC5
:10722400410309A923821AF0E3F940F641032A46EF
:107234001C212046CDE90083FA2319F04BFB44F2CC
:1072440008237C221C2120460093FA2319F0C6FA55
:10725400FA2349221C212046009619F0BFFAFA238A
:10726400AF221C212046009619F0B8FA42F204130A
:107274002A461C2100932046FA2319F0AFFABAF1EA
:10728400000F04D0494A1268524500F208820121D5
:10729400434819F041F8474B474A0721636107A85F
:1072A4004B46002520F0D6FC4FF4B01307A89FED01
:1072B400439A236121F0E4F907A9024638484FF0C4
:1072C40001081AF095F95B463B4A072107A8DFED50
:1072D4003C9A20F0BFFC4FF48A0307A8DFED398AFB
:1072E400236121F0CDF907A902462D482E461AF054
:1072F4007FF9354B02223549294823611AF078F980
:107304005B46334A072107A820F0A4FC4FF42B0363
:1073140007A84FF01C0B236121F0B2F907A902461C
:107324001F481AF065F94B46294A072107A84FF070
:107334007C0920F08FFC4FF45A0307A8236121F045
:107344009FF907A9024616481AF052F9214B012267
:107354002149134823611AF04BF9144B14211F4A95
:1073640009A81B6820F076FC09A821F089F9E42318
:10737400024609A9638200EB400309485B00C3F598
:107384008B7323821AF034F9054819F08DF90597A7
:107394003FE000BFCEC6002088C400200000FA43AE
:1073A4001CC600200900030018C618C66C53002030
:1073B400940D002010841084A40D0020000000000F
:1073C4000000CC420000F84204007800A80D002020
:1073D400AC0D00201C00E400B00D0020B40D002012
:1073E400840D0020E12C05F11C03A8BFE1241BB28D
:1073F40027B2B8F1000F00F0958002354FF0000875
:1074040046F10006A5F1FC02324300F0D780B946EC
:107414009B46AF4BFA221C680023A4FB05011EF017
:10742400A9FB5045C0F0B580844240F2B280A0EB85
:107434000A00A4EB0A04B1EE086A049907EE900A64
:10744400B8EE677A07EE904AF8EE677AC7EE276AD5
:1074540066EE867ABDEEE77A17EE102A052A134601
:10746400A8BF052331F9130007EE103A01EB4303DB
:10747400B8EEC77A05EE100AB3F90210B8EEC55A91
:1074840004EE901A77EEC77AF8EEE44A002A40F048
:10749400838074EEC53AB3F90430B6EE007A05EE93
:1074A400903AF8EEE55A75EEC55A65EE875A67EEDE
:1074B400A76AB0EE086AF0EE002A27EEA64A26EE86
:1074C400866AB7EE002AB0EE447AB0EE463AA4EEED
:1074D400626AA6EEE27A94EE223A74EE666A37EEB7
:1074E400277A73EE027A27EE237AA5EE277AA4EEA2
:1074F400867AA6EEA57A27EE297AC7EE087A78EE80
:10750400E77AFDEEE77A17EE903A1CB2152C3FF7B6
:1075140069AF162705F11C033C461BB2B8F1000FF6
:107524007FF46BAF029909F1FF326A480191611E41
:1075340012B2039309B201340091594618F0E4F8E9
:107544004A46644824B2DDE90213CDE90071594684
:1075540018F0DAF8029809F10102039B594612B2B5
:10756400CDE900405B4818F0CFF8039B45E74FF6A0
:10757400A042594BDFF880810292584AB3F800A028
:107584000492E9E59FED568A4FF0640B4FF0C80969
:107594000BE6B0EE497AB0E733F9021CB6EE007A96
:1075A400042A03EE901AF8EEE33A74EEE33A63EE3B
:1075B400873A7FF770AF74EEC55A78E7454844467A
:1075C400059F18F02FFF9FED479ADFED478A474D3F
:1075D4004CE0191841F10001A5FB016C2CF00106E7
:1075E40006EB5C06891B5B1AA3FB053660F1000100
:1075F400580805FB016340EAC3705044FA21002394
:10760400A0FB01011EF0B6FA1C2140F21512084439
:1076140003B280B21B2B03DD9042A8BF104601B217
:1076240037F9023F4FF6FF722A4807EE103A0092EC
:107634000423B8EEC77A27EE097AC7EE087A78EE03
:10764400E77AFDEEE77A17EE902A12B2E12AA8BF94
:10765400E122162AB8BF162218F070FB18F10108AF
:1076640044F10004A8F1070323430CD0184B1A6813
:10767400A2EB0A035245A3FB0830AAD80AB91C217D
:10768400CEE75046BAE70FB0BDEC048BBDE8F08FEF
:107694009FED178A4FF0320B4FF0640985E5FA200D
:1076A4000023AAFB00011EF065FA00F11C0147F655
:1076B400EF3043462A4609B20090204619F014F8E8
:1076C400E5E59FED0C8A4FF0960B4FF496796CE547
:1076D4006C5300201CC60020D0C6002098C4002093
:1076E400000048430000CC420000F842ABAAAAAA1A
:1076F4000000C842000096438C0D00202DE9F04F95
:10770400844C8FB000214FF00F0820464FF0FF3516
:1077140018F0FAF8002216214FF48C73204607AEB5
:1077240005AF4FF01B09CDE90018114619F0D2F846
:107734000221204618F0F0FD774B072277492046B6
:10774400C4E9043519F054FF754B012120466361E7
:1077540018F0E2FD734B102273492046236119F09F
:1077640047FF724B724AADF818500025059293E812
:10777400070086E807000121204618F0CDFD5C23B0
:10778400162229B22046CDE9009819F0A3F837F85B
:10779400021B0023AA1C4FF01F0C56F804AB61F324
:1077A4000F0322825046A4F812C061F31F436361A1
:1077B400BAF1000F06D020F063FF5146024620467E
:1077C40019F016FF5D3540F21713ADB29D42D6D1C4
:1077D400584B0026DFF874B14FF01B09DFF870A195
:1077E400039306EB460516F0010F40F641084FF0EF
:1077F4005C0305EBC50518BF4FF0000800214548A0
:1078040005F13107CDF80090CDF804803A353FB248
:107814003A4619F05FF8484B484A4FF6FF711B7817
:10782400107840F25F42C3EBC30365823344DBB29A
:10783400834208BF0A4600230E210AA862F30F03FD
:1078440062F31F433E4A63613BF9023F0093022304
:107854002382334620F0FEF90AA820F011FF0AA97A
:1078640002462C4819F0C4FE5C233A465D2129489F
:10787400CDE9009819F02EF83AF9023F65820E21FD
:1078840000930AA82F4B304A63615F232382334657
:1078940020F0E0F90AA820F0F3FE0AA902461D48E8
:1078A40019F0A6FE3A465D23BA211A48CDF80480A1
:1078B400CDF8009019F00EF84FF0FF3306F10E00EA
:1078C4000E226361BC23C0B20AA965822382FFF73A
:1078D40043FB039B53F8045F03933DB1284620F018
:1078E400CFFE294602460B4819F082FE3A21094888
:1078F40018F078FC01360AA820F0C2FE0AA9024654
:10790400044819F075FE072E7FF46BAF0FB0BDE885
:10791400F08F00BF1CC60020090003002C0E0020BD
:1079240018C618C678000800BC0D0020880900207D
:107934005F04A0FCF435002007C70020CCC600205B
:10794400D00D0020A0FCA0FCDC0D002086C400208B
:1079540096C40020DFF884C0034608461146DCF8CC
:107964000820042B00B58BB0DCF814E00592DCF899
:107974000C20CDF820E00692DCF810200792DCF809
:10798400182009921CD803EB830C104A0DEB8303D7
:1079940002EB8C0293ED057A1369B7EEC77A1A7875
:1079A4003AB10B4A02938DED007B20F053F90BB0F2
:1079B40000BD084A8DED007B20F04CF90BB000BDF2
:1079C400054A0BB05DF804EB20F044B9B034002054
:1079D400F00D0020E80D0020481C0020E4C2002027
:1079E400C1EB011104282DE9F0414FEA410486B0AE
:1079F40004F1180212B257D8334943B2064691F93A
:107A0400001099424CD0314BB3F90030984257D012
:107A140040F2FF71002300272D4D01931E2361F3D3
:107A24000F07284600934FF48C7361F31F4700211E
:107A340018F050FF022128466F6118F06DFC254BA9
:107A4400042204F11F0853F826702A82A5F8128034
:107A54003FB1384620F014FE39460246284619F054
:107A6400C7FD02A930460E22FFF774FF982302A82F
:107A7400A5F812802B8220F003FE42F20415024680
:107A840002A9134819F0B4FD4FF48C7304F13502C4
:107A940000210F48009518F0A1FE06B0BDE8F08162
:107AA40000214FF4FC63B6E700211E204FF48C73D1
:107AB400CDE90001064818F00DFF06B0BDE8F081DD
:107AC40000214FF6FF73A6E7A0560020CCC6002085
:107AD40098C50020AC350020F0B5002287B01F21E6
:107AE40018264FF48C733A480191114600964FF0D2
:107AF400FF3418F0EFFE364802210525074644619D
:107B040018F00AFC334B0322334938463B6119F021
:107B14006FFD324B0A22324938463B6119F068FD49
:107B2400012138467C6118F0F7FB2E4B0C212E4ABC
:107B3400B3F900300DEB01000095013320F08AF811
:107B44002A4B03A83B6120F09BFD03A9024638465B
:107B540019F04EFD264B274A1B6812689A421AD91F
:107B6400254B1B88312B20D84FF478724FF48C733B
:107B74001748019200220096114618F0ABFE1448F3
:107B84000221446118F0C8FB1C492A461C4B1048CA
:107B9400036119F02DFD0024E1B201340846FFF71A
:107BA4001FFF072CF8D107B0F0BD00224FF40041AD
:107BB4004FF48C730648CDE90061114618F08AFE33
:107BC40003480221446118F0A7FB07220D49DDE7B1
:107BD40098C5002009000400080C0020410004009E
:107BE4000C0E0020CCC60020180E0020DE000A0077
:107BF40090C50020B8C10020C2C60020040E002099
:107C040055000400FC0D0020634B1B78022B00F090
:107C1400A78000220F2118204FF48C73F0B587B091
:107C24004FF0FF365D4C0191114600905C4818F00E
:107C340051FE5B4802210746466118F06DFB594B23
:107C44000322594938463B6119F0D2FC574A23783C
:107C540052F82350002B7BD140F25F42002350495D
:107C640062F30F0362F31F43514AC1E90423284618
:107C740020F006FD29460246494819F0B9FC484857
:107C840001214C4E07250746466118F045FB237831
:107C94000821494AA3EBC3030DEB010012880095A8
:107CA4001344464A0133DBB21FF0D4FF444B02A80D
:107CB4003B6120F0E5FC02A90246384619F098FC25
:107CC400022138467E6118F027FB23783D4A0821BB
:107CD400013304A81FF0BEFF3B4B04A83B6120F016
:107CE400CFFC04A90246384619F082FC374B384AC7
:107CF4001B6812689A421DD9364B1B88312B31D828
:107D040000224FF4787018214FF48C73CDE90010E1
:107D14001146234818F0DEFD4FF0FF3320480221BE
:107D2400436118F0F9FA05222B492C4B1C480361D6
:107D340019F05EFC25780024C5EBC505E1B20134D9
:107D44006818C0B2FFF77EF9072CF7D107B0F0BD71
:107D5400012B1ED0164BC7E90436002D8FD086E7C1
:107D6400FFF7BABE18234FF400420D48CDE90032A4
:107D740000224FF48C73114618F0ACFD084A4FF002
:107D8400FF3302211046536118F0C6FA14492A46FB
:107D9400CBE74FF6A04261E7A156002007C70020B9
:107DA40098C5002009000400F80C0020D00B002026
:107DB4004100040018C618C6CCC60020180E0020C6
:107DC400A2000A00200E0020DA00040090C5002062
:107DD400B8C10020C2C60020040E002055000400D3
:107DE400FC0D00202DE9F04F574C8FB00021574F68
:107DF4002046DFF8789117F087FD00221F21162016
:107E04004FF48C734826019111460090204618F0D7
:107E140061FD02212046002518F07EFA4C4B4FF0FC
:107E2400FF300B224B49DFF848B1C4E90430204647
:107E340019F0DEFB484B01212046636118F06CFA0F
:107E4400464B0E2246492046236119F0D1FB15F01A
:107E5400010F40F64102BBF900004FF024030CBFB0
:107E640011460021A6F10E02A8425FFA85FA12B269
:107E74005BD02046CDE900314FF48C73002118F01B
:107E840029FD40F2FF72002301212046B04662F32F
:107E94000F0362F31F43636118F03EFA042359F899
:107EA400041B66820846238239B1059120F0E8FB61
:107EB40005990246204619F09BFB0E2206A950465E
:107EC4000135FFF747FD822306A8A4F81280238218
:107ED40020F0D6FB06A902462046243619F088FB7A
:107EE40097ED026A97ED017A1021B7EEC66A1D4A32
:107EF400B7EEC77A0AA814378DED026B8DED007BBF
:107F04001FF0A8FEC323184A0AA823826261A4F8BA
:107F1400128020F0B5FB0AA90246204619F068FB3E
:107F2400052D94D10FB0BDE8F08F242343F28611C0
:107F34002046CDE900314FF48C73002118F0CAFCBF
:107F44004FF6FF729FE700BF1CC60020B03400202C
:107F540009000300280E002018C618C6B400080043
:107F6400340E0020440E00204D6B4D6BAC350020C8
:107F7400CCC60020094B1B78022B0CD0084B1B7875
:107F840033B1012B01D0FFF7B9BB0020FFF7D2B802
:107F94000120FFF7CFB8FFF725BF00BFA15600208F
:107FA40007C7002040F2DB5398422DE9F0410E460A
:107FB40082B035D86421344B4FF48A7201FB00F44B
:107FC4003248A3FB04135B0902FB03F59846002225
:107FD4001823CDE900322E4BA3FB051311465F098C
:107FE4004FF48C7318F076FC2A4B9C423CD8632DDA
:107FF4002DD8022E25484FF6FF734FF00101044699
:108004000CBF254D254D436118F086F9244B0622FB
:1080140029462046236102B0BDE8F04119F0E8BAD0
:10802400002218204FF48C731146009001921748D7
:1080340018F050FC4FF48A734FF68021102004226C
:10804400CDE900010221114818F044FCD1E7C8EB46
:1080540048110F4A3BB24900A2FB01214909C90258
:1080640041F4FC6189B2E9E75622A8F132013BB23E
:1080740002FB01F16422B1FBF2F1C1F13F01C9B28B
:10808400490141F47841D9E7F119760598C50020F2
:108094001F85EB51D32A0100540E00205C0E0020F2
:1080A4007A000800014B1888704700BFC2C6002040
:1080B40010B50446002021461AF008FAA521012033
:1080C4001AF004FA1CF012FA144B1B780BB3144B7D
:1080D4001B78DB071DD5134B134A1B6812689B1AC8
:1080E4000E2B16D9023C16211048E4B21CF082F97A
:1080F400032C0FD80E4B53F82440204620F0C0FA2E
:10810400014620461CF076F90A48BDE8104019F0F3
:10811400CDBA10BD1221084CF3E700BF19C70020E7
:1081240018C7002090C50020A8C60020780E0020A3
:10813400B00B0020704F0020640E002000B5012019
:1081440083B01AF0A9F8A52803D00023184603B079
:1081540000BD00201AF0A0F80021009001201AF0C0
:10816400B5F9009B5A1ED2B2042AEED81CF0BEF90F
:10817400174A009B1278002AE8D0164A1278D207D0
:10818400E4D5154A154912680968521A0E2ADDD930
:10819400182113481CF02EF9009B9A1ED2B2032A10
:1081A40013D81049019351F822201046009220F070
:1081B40067FA0146DDE90023104600931CF01AF922
:1081C400094819F073FA009BC0E70321074AF3E753
:1081D40019C7002018C7002090C50020A8C6002099
:1081E400900E0020C00B0020704F0020F80C0020DF
:1081F400492201214D2310B58270322490F8372092
:1082040043708A420470C370017102D9002380F85C
:108214003730431D00F137014FF0000C13F8012FE4
:108224008B428CEA020CF9D1244C3822042180F8C8
:1082340005C01AF0EBF92388013323801CF056F9AA
:108244001F4B1A781AB11F4A1278D20704D4228815
:10825400322A1AD0012010BD1B4A1C491268096831
:10826400521A0E2AF3D92B2119481CF0C3F821887D
:10827400184819F00FFA012117481CF0BBF81548EB
:1082840019F014FA2288322AE4D11CF02FF90C4B8D
:108294001B78002BDED00B4B1B78DB07DAD50A4B9F
:1082A4000A4A1B6812689B1A0E2BD3D930210B483B
:1082B4001CF0A0F8074819F0F9F9CBE7C2C6002072
:1082C40019C7002018C7002090C50020A8C60020A8
:1082D400AC0E0020704F002080280020D80E002013
:1082E40070B590B0064610AB02ACC3F13C05601902
:1082F40019F0D2FF10AB04F8010B9C42F7D1B14B3B
:10830400029A9A4240F0F3809DF80C30012B40F021
:1083140097800DF10D030DF13F01002413F8012F97
:10832400994284EA0204F9D19DF80D20944240F068
:10833400188106AA0DF1260132F8023F03F5FA73FB
:108344009BB2B3F57A7F00F25981D38903F5FA73AE
:108354009BB2B3F57A7F00F2A8819142ECD1BDF8CB
:108364003A2040F6B8339A4200F2E280BDF83C204D
:108374009A4200F2DD80DDF80E309FED937A07EE2D
:10838400903AF4EEC77AF1EE10FA00F1AA81F2EE17
:108394000E6AF4EEE67AF1EE10FA00F3A281DDF84B
:1083A400363007EE903AF5EEC07AF1EE10FA00F1AD
:1083B4004181F3EE046AF4EEE67AF1EE10FA00F38A
:1083C4003981DDF8123007EE903AF4EEC77AF1EE17
:1083D40010FA00F1A281B2EE0E7AF4EEC77AF1EE51
:1083E40010FA00F39A819DF83E30053B5A2B00F2B7
:1083F400B081DDF8163042F21C52A3F5FA739342B1
:1084040000F2C38102AD0DF1380C2C461036103544
:108414000FCC644546F8100C46F80C1C46F8082CA2
:1084240046F8043CF1D103CD306071601CF05EF875
:10843400664B1B78002B40F01981012010B070BDF1
:10844400624D1CF053F82B788BB1614B1B78DA0723
:108454000DD5604B604A1B6812689B1A0E2B06D917
:1084640031215E481BF0C6FF5D4819F01FF9002357
:108474004D22322100207270F2704FF001023170EF
:108484004FF07E51C6F81230C6F81630C6F81A30CE
:10849400C6F81E30C6F82230C6F82630C6F82A3090
:1084A400C6F83230337473744FF04603B28013222B
:1084B400C6F80610C6F80A106FF07701F386492350
:1084C400C6F82E00B370B173F2731CF00FF82B785A
:1084D40053B13F4B1B78DA0706D53E4B3E4A1B6827
:1084E40012689B1A0E2B1BD8002010B070BD374D9C
:1084F4001BF0FCFF2B78002BB9D0354B1B78D90728
:10850400B5D5344B344A1B6812689B1A0E2BAED96E
:108514002F2134481BF06EFF314819F0C7F8A6E745
:108524002F2131481BF066FF2D4819F0BFF8DBE717
:10853400264D1BF0DBFF2B78002B98D0244B1B78A7
:10854400D90794D5234B244A1B6812689B1A0E2B17
:108554008DD9332125481BF04DFF214819F0A6F889
:1085640085E71A4D01921BF0C1FF2B78002B3FF4D5
:108574007EAF174B1B78DB077FF579AF154B164998
:108584001B6809685B1A0E2B7FF671AF30211848FF
:108594001BF030FF002301991022114819F0AEF8A6
:1085A4000B2114481BF026FF0023102221460C48FF
:1085B40019F0A4F8012110481BF01CFF084819F019
:1085C40075F854E7324D494DCDCCCC3D19C7002048
:1085D40018C7002090C50020A8C600203C0F00202A
:1085E400704F00200C0F0020601100201810002094
:1085F400700F0020A40F0020802800206F4D1BF076
:1086040075FF2B78002B3FF432AF6D4B1B78DC07E2
:108614007FF52DAF6B4B6C4A1B6812689B1A0E2BAF
:108624007FF625AF302169481BF0E4FE684819F055
:108634003DF81CE7614D1BF059FF2B78002B3FF4EC
:1086440016AF5F4B1B78DB077FF511AF5D4B5E4ABE
:108654001B6812689B1A0E2B7FF609AF32215D4806
:108664001BF0C8FE5A4819F021F800E7544B1B7858
:10867400DB077FF5E2AE534B534A1B6812689B1A23
:108684000E2B7FF6DAAE1E2153481BF0B3FE0023F7
:108694000A2201214E4819F031F801214F481BF0FC
:1086A400A9FE4B4819F002F8C7E6444D1BF01EFF23
:1086B4002B78002B3FF4DBAE414B1B78D8077FF5BA
:1086C400D6AE404B404A1B6812689B1A0E2B7FF6AD
:1086D400CEAE302142481BF08DFE3D4818F0E6FF37
:1086E400C5E6364D1BF002FF2B78002B3FF4BFAEDE
:1086F400334B1B78DA077FF5BAAE324B324A1B682C
:1087040012689B1A0E2B7FF6B2AE362135481BF049
:1087140071FE2F4818F0CAFFA9E6284D1BF0E6FEAB
:108724002B78002B3FF4A3AE254B1B78DC077FF599
:108734009EAE244B244A1B6812689B1A0E2B7FF6AC
:1087440096AE362128481BF055FE214818F0AEFF9E
:108754008DE61A4D1BF0CAFE2B78002B3FF487AE32
:10876400174B1B78D8077FF582AE164B164A1B6849
:1087740012689B1A0E2B7FF67AAE37211B481BF02A
:1087840039FE134818F092FF71E60C4D1BF0AEFE53
:108794002B78002B3FF46BAE094B1B78D9077FF580
:1087A40066AE084B084A1B6812689B1A0E2B7FF6AC
:1087B4005EAE0F490648FAF711FA58E619C70020C9
:1087C40018C7002090C50020A8C60020B00F0020C4
:1087D400704F002084100020901100208028002079
:1087E400E40F00204C100020B8100020F0100020EE
:1087F4002811002010B500212B4C0422431D00F148
:108804003F0CC1800460027113F8012F634581EAB3
:108814000201F9D14022254C4171114619F0F6FEAE
:108824002388013323801BF061FE214B1A781AB18F
:10883400204A1278D20704D42288322A1AD001207E
:1088440010BD1D4A1D4912680968521A0E2AF3D92F
:108854002B211B481BF0CEFD21881A4818F01AFF63
:10886400012119481BF0C6FD164818F01FFF228885
:10887400322AE4D11BF03AFE0D4B1B78002BDED0DC
:108884000C4B1B78DB07DAD50B4B0C4A1B681268C0
:108894009B1A0E2BD3D930210C481BF0ABFD094891
:1088A40018F004FFCBE700BF314D4941C2C6002098
:1088B40019C7002018C7002090C50020A8C60020B2
:1088C400B0110020704F002080280020D80E002016
:1088D400F0B593B0064612AB02ACC3F18005601943
:1088E40019F0DAFC12AB04F8010B9C42F7D1A44B4B
:1088F400029A9A4240F009819DF80C30042B40F012
:10890400BC800DF10D030DF14701002413F8012F74
:108914008B4284EA0204F9D19DF80D20944240F080
:108924004F81DDED047AF5EEC07AF1EE10FA00F134
:108934000581B7EE007AF4EEC77AF1EE10FA00F38F
:10894400FD80DDED057AF5EEC07AF1EE10FA00F166
:108954006881F3EE046AF4EEE67AF1EE10FA00F3BD
:108964006081DDED067ADFED876AF4EEE67AF1EEFA
:1089740010FA00F17281B1EE046AF4EEC67AF1EEF7
:1089840010FA00F36A81DDED077AF4EEE67AF1EE8F
:1089940010FA00F17E81F4EEC77AF1EE10FA00F3DA
:1089A4007881B6EE007ADDED087AF4EEC77AF1EE5E
:1089B40010FA00F18A81B0EE087AF4EEC77AF1EE8B
:1089C40010FA00F382810DF123020DF1270412F84D
:1089D400010F031FDBB2002818BFE32B94BF012350
:1089E40000231F4600F2A6819442F0D19DF8343052
:1089F400012B00F286810DF1370313F8010F041FD8
:108A040000F11002E4B2D2B2E32C03D910B1062A69
:108A140000F2A9819942F0D102AD34460FCD0FC4C2
:108A24000FCD0FC40FCD0FC495E80F0084E80F00DD
:108A34001BF05CFD544B1B78002B63D0534B1B780D
:108A4400DB075FD5524B534A1B6812689B1A0E2BE7
:108A540058D91E2150481BF0CDFC00230A220421C2
:108A64004E4818F04BFE01214D481BF0C3FC4B4807
:108A740018F01CFE384613B0F0BD434D1BF036FD14
:108A84002B788BB1414B1B78DB070DD5404B414A0A
:108A94001B6812689B1A0E2B06D9312141481BF022
:108AA400A9FC3E4818F002FE4FF07D534FF07E5271
:108AB4004FF08040324973610023F060042031603C
:108AC40032613949B2613362384A7362B362012355
:108AD400374C7060B160F261F3620FCCF3633063C2
:108AE4007163B2631BF002FD2B7853B1274B1B78E3
:108AF400DA0706D5264B274A1B6812689B1A0E2BE9
:108B040035D80027384613B0F0BD1F4D1BF0EEFCDE
:108B14002B78002BC8D01D4B1B78DA07C4D51C4B0F
:108B24001C4A1B6812689B1A0E2BBDD92F212148A1
:108B34001BF060FC194818F0B9FDB5E7124D1BF0A5
:108B4400D5FC2B78002BAFD0104B1B78D807ABD5B6
:108B54000F4B104A1B6812689B1A0E2BA4D937219D
:108B640015481BF047FC0D4818F0A0FD9CE72F2189
:108B740012481BF03FFC094818F098FDC1E700BFFC
:108B8400314D4941CDCCCC3D19C7002018C7002038
:108B940090C50020A8C6002080140020704F00203B
:108BA400802800200C1200209A99993E1A16040776
:108BB400A0140020DC1100207412002050140020A6
:108BC400754D01921BF092FC2B78002B3FF46CAF97
:108BD400724B1B78DF077FF567AF714B71491B68D8
:108BE40009685B1A0E2B7FF65FAF30216E481BF0CD
:108BF40001FC0023019910226C4818F07FFD0B2121
:108C04006B481BF0F7FB002310222146674818F03D
:108C140075FD012167481BF0EDFB644818F046FD23
:108C240042E75D4D1BF062FC2B78002B3FF43CAF18
:108C34005A4B1B78D9077FF537AF594B594A1B68F4
:108C440012689B1A0E2B7FF62FAF38215A481BF05F
:108C5400D1FB564818F02AFD26E74F4D1BF046FC81
:108C64002B78002B3FF420AF4C4B1B78DA077FF5B1
:108C74001BAF4B4B4B4A1B6812689B1A0E2B7FF69B
:108C840013AF39214D481BF0B5FB484818F00EFDD1
:108C94000AE7414D1BF02AFC2B78002B3FF404AF6C
:108CA4003E4B1B78DB077FF5FFAE3D4B3D4A1B680F
:108CB40012689B1A0E2B7FF6F7AE392140481BF041
:108CC40099FB3A4818F0F2FCEEE6334D1BF00EFC2B
:108CD4002B78002B3FF4E8AE304B1B78DF077FF591
:108CE400E3AE2F4B2F4A1B6812689B1A0E2B7FF69C
:108CF400DBAE372133481BF07DFB2C4818F0D6FC43
:108D0400D2E6254D1BF0F2FB2B78002B3FF4CCAEC2
:108D1400224B1B78D8077FF5C7AE214B214A1B682D
:108D240012689B1A0E2B7FF6BFAE27491F48F9F72E
:108D340055FFB9E6184D1BF0D9FB2B78002B3FF4F7
:108D4400B3AE164B1B78DC077FF5AEAE144B154A59
:108D54001B6812689B1A0E2B7FF6A6AE1B4913489C
:108D6400F9F73CFFA0E60C4D1BF0C0FB2B78002B61
:108D74003FF49AAE094B1B78D9077FF595AE084BA3
:108D8400084A1B6812689B1A0E2B7FF68DAE104999
:108D94000648F9F723FF87E619C7002018C7002003
:108DA40090C50020A8C6002040120020704F00206B
:108DB400A40F002080280020AC120020E81200201C
:108DC4002413002060130020D813002098130020DF
:108DD4001414002031224D2343214FF0000C10B510
:108DE4004924027043700222C170431D00F13F0107
:108DF4008470027113F8012F8B428CEA020CF9D1B2
:108E0400154C4022802180F805C019F0FFFB23880F
:108E1400013323801BF06AFB104B1B78CBB1104B42
:108E24001B78DB0715D50F4B0F4A1B6812689B1A7A
:108E34000E2B0ED92B210D481BF0DCFA21880C488F
:108E440018F028FC01210B481BF0D4FA084818F04C
:108E54002DFC012010BD00BFC2C6002019C7002090
:108E640018C7002090C50020A8C60020B414002014
:108E7400704F00208028002070B592B0064612ABD7
:108E840002ACC3F1C005601919F006FA12AB04F87C
:108E9400010B9C42F7D1AA4B029A9A4240F01681E8
:108EA4009DF80C30022B40F0B4800DF10D030DF150
:108EB4004701002413F8012F994284EA0204F9D1EE
:108EC4009DF80D20944240F0578106AA0DF1260129
:108ED40032F8023F03F5FA739BB2B3F57A7F00F2DE
:108EE4007C81D38903F5FA739BB2B3F57A7F00F2E0
:108EF400CB818A42ECD1BDF83A2040F6B8339A428D
:108F040000F20581BDF83C209A4200F20081DDF8B0
:108F14000E309FED8C7A07EE903AF4EEC77AF1EEBC
:108F240010FA00F1CD81F2EE0E6AF4EEE67AF1EE7B
:108F340010FA00F3C581DDF8363007EE903AF5EE0D
:108F4400C07AF1EE10FA00F16481F3EE046AF4EEF3
:108F5400E67AF1EE10FA00F35C81DDF8123007EEE8
:108F6400903AF4EEC77AF1EE10FA00F1C581B2EE50
:108F74000E7AF4EEC77AF1EE10FA00F3BD819DF893
:108F84003E30053B5A2B00F2EF81DDF8163042F2F9
:108F94001C52A3F5FA73934200F202829DF83F300B
:108FA400092B00F2C5819DF84030092B00F2C081E5
:108FB4009DF841301F2B00F24982B7EE007ADDEDB7
:108FC400117AF4EEC77AF1EE10FA00F102829FED05
:108FD4005E7AF4EEC77AF1EE10FA00F3FA8102AD8C
:108FE4002C46103610350FCC46F8043C12AB46F82C
:108FF400100C9C4246F80C1C46F8082CF0D11BF0CF
:1090040075FA524B1B78002B40F01F81012012B0DF
:1090140070BD4E4D1BF06AFA2B788BB14C4B1B780C
:10902400DC070DD54B4B4C4A1B6812689B1A0E2B60
:1090340006D9312149481BF0DDF9494818F036FBBF
:1090440031214FF07E52002331704D21C6F80A20A1
:109054006FF0770271704921B2731322B17043210A
:10906400F273F1704FF002013E4AB1803E49C6F8F6
:1090740036204FF08542C6F806100021C6F812309B
:10908400C6F81630C6F81A30C6F81E30C6F82230B4
:10909400C6F82630C6F82A30C6F8323033747374F2
:1090A4007387C6F82E10F2631BF020FA2B7853B1A5
:1090B400274B1B78DA0706D5264B274A1B6812680C
:1090C4009B1A0E2B1BD8002012B070BD1F4D1BF035
:1090D4000DFA2B78002BB3D01D4B1B78DB07AFD5D3
:1090E4001C4B1D4A1B6812689B1A0E2BA8D92F21F2
:1090F4001E481BF07FF91A4818F0D8FAA0E72F2170
:109104001B481BF077F9164818F0D0FADBE70F4D2F
:109114001BF0ECF92B78002B92D00D4B1B78DB075E
:109124008ED50C4B0C4A1B6812689B1A0E2B87D9E0
:10913400332110481BF05EF9094818F0B7FA7FE7AD
:10914400314D4943CDCCCC3D0000004419C700202B
:1091540018C7002090C50020A8C6002010150020C4
:10916400704F002046020300CDCCCC3DE01400201B
:10917400DC170020E0150020A24D01921BF0B6F987
:109184002B78002B3FF45CAF9F4B1B78D8077FF5FF
:1091940057AF9E4B9E491B6809685B1A0E2B7FF6DE
:1091A4004FAF30219B481BF025F900230199102271
:1091B400994818F0A3FA0B2198481BF01BF90023D7
:1091C40010222146944818F099FA012194481BF082
:1091D40011F9914818F06AFA32E78A4D1BF086F9C2
:1091E4002B78002B3FF42CAF874B1B78D9077FF5E6
:1091F40027AF864B864A1B6812689B1A0E2B7FF694
:109204001FAF302187481BF0F5F8834818F04EFA59
:1092140016E77C4D1BF06AF92B78002B3FF410AF56
:10922400794B1B78D8077FF50BAF784B784A1B68CE
:1092340012689B1A0E2B7FF603AF32217A481BF07B
:10924400D9F8754818F032FAFAE66F4B1B78DB0749
:109254007FF5DCAE6D4B6E4A1B6812689B1A0E2BB1
:109264007FF6D4AE1E2171481BF0C4F800230A22F5
:109274000221694818F042FA012169481BF0BAF842
:10928400654818F013FAC1E65E4D1BF02FF92B78F0
:10929400002B3FF4D5AE5C4B1B78DA077FF5D0AEDC
:1092A4005A4B5B4A1B6812689B1A0E2B7FF6C8AE9A
:1092B40030215F481BF09EF8574818F0F7F9BFE6D5
:1092C400504D1BF013F92B78002B3FF4B9AE4E4BE5
:1092D4001B78DC077FF5B4AE4C4B4D4A1B68126813
:1092E4009B1A0E2B7FF6ACAE362152481BF082F847
:1092F400494818F0DBF9A3E6424D1BF0F7F82B7848
:10930400002B3FF49DAE404B1B78D9077FF598AEF8
:109314003E4B3F4A1B6812689B1A0E2B7FF690AE99
:10932400362145481BF066F83B4818F0BFF987E63C
:10933400344D1BF0DBF82B78002B3FF481AE324B1D
:109344001B78DC077FF57CAE304B314A1B68126812
:109354009B1A0E2B7FF674AE382138481BF04AF85E
:109364002D4818F0A3F96BE6264D1BF0BFF82B78B7
:10937400002B3FF465AE244B1B78DA077FF560AE13
:10938400224B234A1B6812689B1A0E2B7FF658AE99
:1093940037212B481BF02EF81F4818F087F94FE6A9
:1093A400184D1BF0A3F82B78002B3FF449AE164B55
:1093B4001B78DB077FF544AE144B154A1B68126813
:1093C4009B1A0E2B7FF63CAE1E491348F9F706FC98
:1093D40036E60C4D1BF08AF82B78002B3FF430AEA8
:1093E400094B1B78D9077FF52BAE084B084A1B683D
:1093F40012689B1A0E2B7FF623AE13490648F9F721
:10940400EDFB1DE619C7002018C7002090C50020F9
:10941400A8C6002044150020704F0020A40F00208F
:1094240080280020781500204C1600200C180020FD
:10943400AC150020141600208016002028170020E8
:10944400B8160020F01600209C1700200C4D1BF0CD
:109454004DF82B78002B3FF4F3AD0A4B1B78D8075B
:109464007FF5EEAD084B094A1B6812689B1A0E2B58
:109474007FF6E6AD06490748F9F7B0FBE0E500BF23
:1094840019C7002018C7002090C50020A8C60020D6
:1094940064170020704F002070B590B0064610ABE2
:1094A4006C46C3F5EE75601918F0F6FE10AB04F8BF
:1094B400010B9C42F7D1A74B009A9A4240F08B8053
:1094C4009DF80430012B6DD10DF105030DF13F0022
:1094D400002213F8011F834282EA0102F9D19DF8A8
:1094E4000530934240F01A819DF80630012B00F2BA
:1094F40055819DF807301A1FD2B2E32A40F28480C6
:10950400002B00F081801033DBB2042B7CD9924C09
:109514001AF0ECFF23788BB1904B1B78D9070DD54B
:109524008F4B904A1B6812689B1A0E2B06D9212177
:109534008D481AF05FFF8D4818F0B8F85322312196
:1095440000237270412231704921F270884AB1704F
:10955400B26013228749727371606FF07701864A93
:10956400B373F37333617361B361F3613362736231
:10957400B362F3627363B363F363317332631AF0F8
:10958400B5FF23785BB1754B1B78DA0707D5744BAD
:10959400744A1B6812689B1A0E2B00F2B7800020D5
:1095A40010B070BD6C4C1AF0A1FF2378002BC5D00D
:1095B4006A4B1B78DB07C1D5694B6A4A1B68126882
:1095C4009B1A0E2BBAD920216C481AF013FF674856
:1095D40018F06CF8B2E7604C1AF088FF2378002B7F
:1095E400ACD05E4B1B78DA07A8D55D4B5D4A1B688F
:1095F40012689B1A0E2BA1D91E2161481AF0FAFE9B
:109604005A4818F053F899E70DF10E0207A932F8F9
:10961400023F03F5FA739BB2B3F57A7F00F2DA8066
:10962400D38903F5FA739BB2B3F57A7F00F2D28043
:109634009142ECD1BDF82C2040F6B8339A4200F2A6
:10964400E580BDF82E209A4200F2E080DDED027A3A
:109654009FED4C7AF4EEC77AF1EE10FA00F1F28045
:10966400B2EE0E7AF4EEC77AF1EE10FA00F3EA8065
:10967400039B42F21C52A3F5FA73934200F21A813F
:10968400B7EE007ADDED0C7AF4EEC77AF1EE10FA5B
:1096940000F1F4809FED3C7AF4EEC77AF1EE10FA13
:1096A40000F3EC806D462C46103610350FCC46F88E
:1096B400043C10AB46F8100C9C4246F80C1C46F8CF
:1096C400082CF0D11AF012FF234B1B78DBB1234B8B
:1096D4001B78DB0717D5224B224A1B6812689B1A9A
:1096E4000E2B10D91D2129481AF084FE00230A22CA
:1096F40001211E4818F002F8012125481AF07AFECB
:109704001A4817F0D3FF012010B070BD362121484C
:109714001AF070FE154817F0C9FF40E70E4C1AF016
:10972400E5FE2378002B3FF409AF0C4B1B78DD07D3
:109734007FF504AF0A4B0B4A1B6812689B1A0E2B69
:109744007FF6FCAE1C2114481AF054FE074817F0AB
:10975400ADFFF3E63153494119C7002018C7002073
:1097640090C50020A8C60020B4180020704F002027
:10977400CDCCCC3D010000F00000C8424C180020C4
:109784002C180020CDCCCC3D00000044BC19002096
:10979400802800208419002070180020534C1AF0EF
:1097A400A5FE2378002B3FF4C9AE514B1B78D80794
:1097B4007FF5C4AE4F4B504A1B6812689B1A0E2BA0
:1097C4007FF6BCAE20214D481AF014FE4C4817F029
:1097D4006DFFB3E6454C1AF089FE2378002B3FF465
:1097E400ADAE434B1B78DA077FF5A8AE414B424A36
:1097F4001B6812689B1A0E2B7FF6A0AE1E214148EF
:109804001AF0F8FD3E4817F051FF97E6374C1AF06E
:109814006DFE2378002B3FF491AE354B1B78DB07AC
:109824007FF58CAE334B344A1B6812689B1A0E2B9F
:109834007FF684AE1E2134481AF0DCFD304817F060
:1098440035FF7BE6294C1AF051FE2378002B3FF4B8
:1098540075AE274B1B78DD077FF570AE254B264A86
:109864001B6812689B1A0E2B7FF668AE21212748CD
:109874001AF0C0FD224817F019FF5FE61B4C1AF0DE
:1098840035FE2378002B3FF459AE194B1B78D907CA
:109894007FF554AE174B184A1B6812689B1A0E2B9F
:1098A4007FF64CAE24211A481AF0A4FD144817F090
:1098B400FDFE43E60D4C1AF019FE2378002B3FF40D
:1098C4003DAE0B4B1B78D8077FF538AE094B0A4ADF
:1098D4001B6812689B1A0E2B7FF630AE1F210D48B1
:1098E4001AF088FD064817F0E1FE27E619C70020A4
:1098F40018C7002090C50020A8C60020901800209A
:10990400704F0020D8180020F818002018190020E3
:109914005C1900203C19002033224D234B214FF0C9
:10992400000C10B54924027043700322C170431D1A
:1099340000F1DB018470027113F8012F8B428CEA71
:10994400020CF9D1244CDC22C02180F805C018F0A7
:109954005DFE2388013323801AF0C8FD1F4B1A785B
:109964001AB11F4A1278D20704D42288322A1AD094
:10997400012010BD1B4A1C4912680968521A0E2A9C
:10998400F3D92B2119481AF035FD2188184817F00E
:1099940081FE012117481AF02DFD154817F086FEA7
:1099A4002288322AE4D11AF0A1FD0C4B1B78002B3B
:1099B400DED00B4B1B78DB07DAD50A4B0A4A1B684F
:1099C40012689B1A0E2BD3D930210B481AF012FDC2
:1099D400074817F06BFECBE7C2C6002019C700206A
:1099E40018C7002090C50020A8C60020DC1900205C
:1099F400704F002080280020D80E00202DE9F0416F
:109A0400B8B007466C4637AEC4F1C005601918F00B
:109A140043FC04F8010BB442F8D1A54B009A9A42D6
:109A240040F089809DF80430032B35D10DF10503F6
:109A34000DF1DB01002413F8012F994284EA02049A
:109A4400F9D19DF80560B44240F0E6809DF80B40E2
:109A5400082C00F21181DDF8073007EE903AF5EE9C
:109A6400C07AF1EE10FA00F1BB809FED927AF4EE29
:109A7400C77AF1EE10FA00F3B380DC226946384667
:109A840018F070FE1AF032FD8B4B1B78002B6BD153
:109A9400012038B0BDE8F081874D1AF027FD2B78FE
:109AA400002B40F0888033230024844A4FF00108BF
:109AB4003B704D23C7F807204FF01A0E7B704923E3
:109AC40007F114022146BB704B236FF0050C7C4E4A
:109AD400FB704FF00303BC71FC72BB800EFB04707F
:109AE400A2F1140342F8088C80F810C041749974F0
:109AF4000533C3F80E609A42F9D101341A32082CA6
:109B0400ECD11AF0F3FC2B788BB16E4B1B78DA078F
:109B14000DD56D4B6D4A1B6812689B1A0E2B06D926
:109B24002F216B481AF066FC6A4817F0BFFD00202D
:109B340038B0BDE8F081604D1AF0D8FC2B78002BCA
:109B4400B1D0604B1B78D907ADD55F4B5F4A1B681A
:109B540012689B1A0E2BA6D92F215F481AF04AFCD3
:109B64005C4817F0A3FD9EE7564B1B78DB078FD5A7
:109B7400554B564A1B6812689B1A0E2B88D91E2116
:109B840056481AF037FC00230A220321514817F0E3
:109B9400B5FD0B2152481AF02DFC00230A22214660
:109BA4004C4817F0ABFD01214E481AF023FC4948FC
:109BB40017F07CFD6CE7434B1B78DA077FF573AF36
:109BC400414B424A1B6812689B1A0E2B7FF66BAFFF
:109BD400312145481AF00EFC3E4817F067FD62E754
:109BE400354D1AF083FC2B78002B3FF45CAF354BDA
:109BF4001B78D9077FF557AF334B344A1B6812687B
:109C04009B1A0E2B7FF64FAF372138481AF0F2FB20
:109C1400304817F04BFD46E7274D1AF067FC2B78C8
:109C2400002B3FF440AF274B1B78DB077FF53BAF9E
:109C3400254B264A1B6812689B1A0E2B7FF633AFFE
:109C440030212B481AF0D6FB00233146102221483C
:109C540017F054FD0B2127481AF0CCFB00231022E7
:109C640021461C4817F04AFD01211E481AF0C2FB88
:109C7400184817F01BFD16E70F4D1AF037FC2B7828
:109C8400002B3FF410AF0F4B1B78D8077FF50BAFB9
:109C94000D4B0E4A1B6812689B1A0E2B7FF603AFFE
:109CA400372115481AF0A6FB0A4817F0FFFCFAE61C
:109CB400334D494B0000484219C700200000A04022
:109CC40050003C0018C7002090C50020A8C6002002
:109CD400101B0020704F0020081A0020401B002099
:109CE400601B002080280020381A0020D81A002089
:109CF4006C1A0020A40F0020A01A002010B53322F3
:109D040004464D234B214920227063700322E170E5
:109D1400631D04F1DB014FF0000CA070227113F8F5
:109D2400012F8B428CEA020CF9D1DC22C02120469F
:109D340084F805C018F06AFC124A138801331380B2
:109D44001AF0D4FB104B1B78BBB1104B1B78DB070C
:109D540013D50F4B0F4A1B6812689B1A0E2B0CD994
:109D64001B210D481AF046FBA37943B908210B487F
:109D74001AF040FB0A4817F099FC012010BD062197
:109D84000848F5E7C2C6002019C7002018C70020FC
:109D940090C50020A8C60020781B00206C1B002062
:109DA400704F00209422002008B5562232234FF031
:109DB400430C4521027006224370431D80F802C003
:109DC4004FF0000CC17000F12401027113F8012F4F
:109DD4008B428CEA020CF9D180F805C025224FF49D
:109DE400087118F013FC034A0120138803441380FC
:109DF40008BD00BFC2C60020F0B58BB007460AAB51
:109E04006C460DF12506C3F51275601918F044FA75
:109E140004F8010BB442F8D1314B009A9A4232D182
:109E24009DF80430062B2ED19DF805400DF1050355
:109E340009A8002213F8011F984282EA0102F9D10D
:109E4400944220D19DF80630581E043B012B88BF54
:109E5400012894BF0124002415D86E460DF1200C6E
:109E64003546103710360FCD654547F8100C47F8C6
:109E74000C1C47F8082C47F8043CF1D130683379BE
:109E840038603B7128E032226423562100207A7026
:109E94004522144CFA7028223B73397043213B77D6
:109EA40003F520233A7245F26402B9704FF4485125
:109EB4007C6004467A811422C7F80D300A4B78720C
:109EC400C7F81200C7F8160078837877B877A7F830
:109ED4001F107A74C7F8213020460BB0F0BD00BFC4
:109EE4005632434506000400E803E8034B2254239A
:109EF40043214FF0000C10B553240270437002222A
:109F0400C170431D00F12B018470027113F8012FFD
:109F14008B428CEA020CF9D1154C2C224FF4F071CF
:109F240080F805C018F072FB2388013323801AF0EF
:109F3400DDFA104B1B78CBB10F4B1B78DB0715D523
:109F44000E4B0F4A1B6812689B1A0E2B0ED92A213E
:109F54000C481AF04FFA21880B4817F09BFB01219B
:109F64000A481AF047FA084817F0A0FB012010BD70
:109F7400C2C6002019C7002018C7002090C50020C1
:109F8400A8C60020941B0020704F002080280020C9
:109F9400F0B58DB007460CAB6C460BAEC3F504753B
:109FA400601918F079F904F8010BB442F8D1494B5F
:109FB400009A9A422FD04B225423002453213A7002
:109FC40043227B700223B97007F10C002146FA701A
:109FD4007B602022BC601DF0B3FF7B1D07F12B00CA
:109FE400214613F8012F984281EA0201F9D17971CF
:109FF4001AF07CFA384B1B7853B1384B1B78DA07CC
:10A0040006D5374B374A1B6812689B1A0E2B31D87A
:10A0140000200DB0F0BD9DF80430022BCBD19DF88B
:10A0240005400DF105030DF12B00002213F8011F6B
:10A03400984282EA0102F9D19442BCD16D4608AE3D
:10A044002C46103710350FCCB44247F8100C47F8A3
:10A054000C1C47F8082C47F8043CF1D107CD3860B4
:10A064007960BA601AF042FA1B4B1B7853B901208D
:10A074000DB0F0BD2E211C481AF0BCF91B4817F096
:10A0840015FBC5E7154B1B78DB07F0D5144B154AB8
:10A094001B6812689B1A0E2BE9D91D2114481AF06B
:10A0A400A9F900230A220221104817F027FB0921ED
:10A0B40010481AF09FF900230A229DF807100B4854
:10A0C40017F01CFB01210C481AF094F9074817F00B
:10A0D400EDFACCE74B54534319C7002018C70020AE
:10A0E40090C50020A8C60020C01B0020704F00208F
:10A0F400F01B0020101C002080280020044B0120AD
:10A1040004491B68044A03F5FA6308701360704736
:10A1140090C50020DEC6002044A90020074A10781C
:10A1240050B1074B07491B6809685B1A002B02DB17
:10A134000023137070470020704700BFDEC6002064
:10A1440090C5002044A90020002200230260426040
:10A154008360C2600261C361C0E90533704700BF18
:10A1640038B50546172017F069FD044617F0A0FF1F
:10A17400604017F07FFB6521142017F081FB024B30
:10A184001B681844A86038BD90C50020000000007A
:10A1940008B52DED028B9FED228A2249012017F08C
:10A1A4006FFB07EE900AF8EEE77AC7EE888AF5EEC1
:10A1B400408AF1EE10FAF0D01A49002017F060FB43
:10A1C40007EE900AB0EE680AF8EEE77AC7EE888ADE
:10A1D4001AF0B6FEF8EE007A20EE270AB5EE400A31
:10A1E400F1EE10FA10D4B1EEC08AB7EEE80A9FED92
:10A1F4000A7B20EE070BB7EEC00B1BF099F820EE9C
:10A20400080ABDEC028B08BD1AF072FEB0EE408A5B
:10A21400EBE700BFAFF30080182D4454FB21194035
:10A224000024744941420F00514BDFED527A00B5CE
:10A234002DED048BD3F80A2083B0D3F82E1007EE4B
:10A24400102A08EE101AB4EEE77AF1EE10FA4BDB9E
:10A25400B4EEE78AF1EE10FA64DADFED477A9FEDA7
:10A26400477AF4EEC87A464AF1EE10FA77FE887A15
:10A27400C7EE278A93F83630D2ED007A08EE103A0A
:10A284009FED409A4048B8EE488A68EE277AC7EEB8
:10A29400899AFFF77DFFF1EE047AA0EE298AB4EEE5
:10A2A400E78AF1EE10FA38D4DFED387AB7EE007AA7
:10A2B400B4EEE78AF1EE10FA77FE886AC6EE897A80
:10A2C40037EE677A68EEA77A314A68EE878A314BAF
:10A2D400FCEEE77AFCEEE88AC2ED007AC3ED008A70
:10A2E40003B0BDEC048B00BDDFED237AB4EEE78A46
:10A2F400F1EE10FA03D5224ADFED278ABAE7F3EE2E
:10A30400047A9FED1E7A1E4AB4EEE78AF1EE10FA43
:10A3140077FE887AC7EE278AACE79FED207ADFEDD7
:10A32400207ACFE7164A9FED177AD2ED007A1648C5
:10A3340068EE277A0192C7EE878AFFF729FFDFEDDF
:10A344000E7A019A0A4BA0EE288AB4EEE78AF1EE5F
:10A3540010FAD1D4F3EE047A9FED087AB4EEE78ACA
:10A36400F1EE10FA77FE887AC7EE278A82E700BFFB
:10A3740064C300206F12833ACDCCCC3D00247449D1
:10A38400E44F00200000C84228BB00200000BE4269
:10A39400A0A800203CA900208096184B3333733FBB
:10A3A400CDCC4C3D10B504462DED028BFFF7F0FEED
:10A3B4002046F0EE408AFFF7EBFEB0EE408A2046DE
:10A3C400FFF7E6FE28EE088AA8EEA88AA0EE008A27
:10A3D400B0EE480ABDEC028B10BD00BF2DE9F04F72
:10A3E4002DED028B83B01C46BDF93850BDF93C30CD
:10A3F400BDF84070AB46BDF8446099462B4347EA2C
:10A4040006051D43ADB235B9DFED737AB4EEE70A44
:10A41400F1EE10FA2DD4DFF8D8818A46816803461C
:10A42400D8F80050A94240F29A8042EA040109B2E5
:10A4340041BB1AF0010125D199829FED687A002170
:10A44400F0EE476A08460244C3ED036A83ED047ADA
:10A4540047F6FF7321449A42A8BF1A469942A8BFFF
:10A4640019465F4B9A42B8BF1A469942B8BF19467B
:10A474000C46129B1A80139B1C8003B0BDEC028B0C
:10A48400BDE8F08F197D69BB0121587D9D61197567
:10A49400002800F08C809969691A8F422DD807EE44
:10A4A40090BAD3ED006A9FED4F6AF8EEE77A93ED28
:10A4B400037A597D77EEA67AC7EE866A76EE876AC6
:10A4C40000293DD0D969691AB14239D3FDEEE67A43
:10A4D40017EE901A08B207EE900AF8EEE77A76EED5
:10A4E400E76A11E0597D11B90121DD615975986957
:10A4F400281A87425ED900299FD0D969691AB142C6
:10A504009BD3DFED366A002007EE909A93ED017A33
:10A51400DFED345AF8EEE77A93ED046A77EE877A42
:10A5240087EEA57A37EE067AFDEEC77A17EE901A13
:10A5340009B207EE901AF8EEE77A37EE677A82E707
:10A54400FDEEE67A9FED257A002117EE900A00B21F
:10A5540007EE900AF8EEE77A76EEE76A73E79FED86
:10A56400226AB0EE087ADFED216AC0EE067A019223
:10A57400009067EEA67A87EE878AFFF709FE009BB4
:10A58400184620EE080A83ED000AFFF701FE20EECC
:10A59400080A009B6521142083ED010A17F070F965
:10A5A400D8F80010009B0844019A98603DE759755B
:10A5B400DD6170E707EE90BAD3ED006A9FED096A9A
:10A5C400F8EEE77A93ED037A77EEA67AC7EE866A19
:10A5D40076EE876A76E700BF6F12833A00000000C8
:10A5E4000180FFFF00007A440000C8420000FA43E3
:10A5F40090C5002038B52DED068B9FED3F9A2F2195
:10A6040005464FF47A74F0EE499A3C489FED3C8A33
:10A6140019F0F0FEDFED3B8A9FED3BAA3B4817F0B3
:10A6240045F82846FFF7B4FD20EE0A0AF4EEC08A86
:10A63400A0EE009A79EE809AF1EE10FAB4EEC80A10
:10A6440070FE288AF1EE10FA30FE088A013CE8D147
:10A65400DFED2F7A89EEA7AA89EE270AAAEE4A0A25
:10A66400B5EE400AF1EE10FA40D4B1EEC09A0B21D7
:10A67400284819F0BFFE03212448B7EEE80A17F072
:10A6840047F8224817F012F80B21234819F0B2FEBC
:10A69400B7EEC80A03211D4817F03AF81B4817F013
:10A6A40005F80C211D4819F0A5FEB7EECA0A0321CE
:10A6B400164817F02DF8154816F0F8FF0E21184823
:10A6C40019F098FEB7EEC90A0321104817F020F8D4
:10A6D4000E4816F0EBFF2F21124819F08BFE0B48A1
:10A6E400BDEC068BBDE8384016F0E0BF1AF000FC64
:10A6F400B0EE409ABBE700BF000000001C1C002025
:10A70400286B6ECE286B6E4E55550541704F002058
:10A7140000007A444C1C0020581C0020641C0020BB
:10A72400741C0020841C0020B0EEC07AD0ED037AA3
:10A73400F0EE606AF4EEC77A70B5F1EE10FA0446F2
:10A744000D4616462DED048B82B001DB9FED3A0ACF
:10A75400B0EEE67AF4EEC77AF1EE10FA01DBDFED43
:10A76400366AB7EE006AD4ED025A344A344B76EEB8
:10A77400657A92ED007A94ED048A93ED005A27EEFF
:10A78400877AD4ED060A67EE857AA5EE807AE5EE3F
:10A79400A67A28EE070A82ED007A28EE278AC3ED0E
:10A7A400007AB5EEC00AF1EE10FA3EDBF0EE468A0E
:10A7B400B0EEC00ACDED010A1AF02EFCB5EEC08A47
:10A7C40060EE288ADDED010AF1EE10FA30DBB7EE17
:10A7D400009AB0EEC80A1AF01FFCD4ED057A20EEF8
:10A7E400090AF4EEE87AF1EE10FA07D4F1EE677A8A
:10A7F400F4EEE87AF1EE10FA77FEA87AC5ED007A65
:10A80400D4ED057AF4EEC07AF1EE10FA07D4F1EE45
:10A81400677AF4EEC07AF1EE10FA77FE807AC6ED2C
:10A82400007A02B0BDEC048B70BDFFEE008ABFE776
:10A83400BFEE009ACDE700BF00000000BCA80020D6
:10A84400C0A80020002211491148002310B40A6056
:10A85400104902600A601048104903700B80104CC4
:10A864001049114822600A600260104C1049114AD4
:10A8740023700B70104C137010481149114A237047
:10A88400037013700B6010BC704700BFC0A8002099
:10A89400BCA8002098A40020F4C60020C6C600204E
:10A8A40094A40020B8A80020B4A80020EDC600207D
:10A8B400D9C60020E8C60020DFC60020DDC600207F
:10A8C400B0B90020E4C600202DE9F04FBA4EBB4ACF
:10A8D400BB4DBC4CD2F8008095ED007AD4ED006AF3
:10A8E4002DED028BB37991B0002B40F00A81B5EEC7
:10A8F400407A00220023B4492260F1EE10FA2A6063
:10A90400F5EE406AB14A0B7013700CBF1A4601226F
:10A91400F1EE10FA0CAB0CBF934642F0010BAC4EB7
:10A92400327822B1AB4A1268904580F08180AA4AFD
:10A93400AA4FD2F8281C002900F035821946A848ED
:10A94400FAF75CFC002840F06B813E88A54AA64BD0
:10A95400B6B211881B78B142A449DBB206D108789B
:10A96400984203D1BBF1000F00F0F281168007A8D2
:10A974009F4ABFEE000A0B7008A9136801331360E5
:10A98400F7F7E0FC9B4B95ED007AD3ED007A77EE78
:10A99400877AF4EEC07AF1EE10FA07D4B7EE000A23
:10A9A400F4EEC07AF1EE10FA30FE270A924BFFEE75
:10A9B400000A94ED007AD3ED007A77EE877AF4EE0C
:10A9C400E07AF1EE10FA07D4F7EE000AF4EEE07A3A
:10A9D400F1EE10FA70FEA70A884B4FF00008884A7F
:10A9E4006FF02E0C93F80090F025ACEB020C40466F
:10A9F4004FF0010E07E008F101080135B8F1070F27
:10AA0400EDB200F0AA8129FA08F3D907F3D57D49FC
:10AA140001F1100701EB0C0311F8014F0EFA03F3D7
:10AA240003439BB2AC4208BF1846B942F2D1E2E7F5
:10AA3400754A194608A8019317780022BFEE000A48
:10AA440032706E4A1770F7F77DFC6A4A95ED007A0A
:10AA5400D2ED007A019B77EE877AF4EEC07AF1EEBC
:10AA640010FA07D4B7EE000AF4EEC07AF1EE10FA49
:10AA740030FE270A604AFFEE000A94ED007AD2ED18
:10AA8400007A77EE877AF4EEE07AF1EE10FA07D4E2
:10AA9400F7EE000AF4EEE07AF1EE10FA70FEA70A7F
:10AAA400574A6FF02E0ECDF804804FF0F00CAEEB49
:10AAB400020E00204FF001094FF00008CDE90232E8
:10AAC4003A4609E008F101080CF1010CB8F1070F4E
:10AAD4005FFA8CFC00F0508122FA08F3DF07F1D50D
:10AAE400484901F1100701EB0E0311F801AF09FA0F
:10AAF40003F303439BB2E24508BF18468F42F2D1E9
:10AB0400E0E7F37903F11002D2B2042A40F25E8145
:10AB1400043BDBB2E32B3FF6EAAE3C4B1B785FFA17
:10AB240083FBBBF1000F3FF4E2AE274B1A7812B956
:10AB3400374AC2F80080374A0121197013689845D2
:10AB440000F04C81324BC2F800801F68D6F80CC06C
:10AB5400A8EB0707336B6745C0F05C81DFED2E5A25
:10AB640007EE903A9FED2D6A0CABC7EEA57A67EE1F
:10AB7400867AF0EE675AC5ED007AB7EE006AF4EE15
:10AB8400C67AF1EE10FA76FE277A104A0121C4ED56
:10AB9400007A1170B4EE657AF1EE10FA7FF4BFAE6C
:10ABA400D4ED007AF4EE667AF1EE10FA14BF4FF0A9
:10ABB400010B4FF0000BB2E624C3002090C5002027
:10ABC400B4A80020B8A80020DFC60020D9C6002001
:10ABD400DDC60020B0B9002060880020C6C6002071
:10ABE40060680020CAC60020EDC60020FFC6002011
:10ABF40048BB002094A4002098A40020F4C60020A0
:10AC0400E4C2002013C30020E4C60020E8C60020EC
:10AC140058B9002048A90020005043470000000014
:10AC2400704871490268BDF93230013207EE903A3A
:10AC340002600A68B8EEE70A6C48134406AA0B607F
:10AC440005A9BDF9343000EE903A0023F8EEE00A8D
:10AC540005930693FFF768FD9DF83020644B02F0DE
:10AC64001F021A709DF93630002B40F3A58008F1BD
:10AC74003C0020215F4B3170186042EA01065E4BB4
:10AC84009DED056A08A91E7007A85C4BBFEE000A7B
:10AC9400DDED066A83ED006A594BC3ED006AF7F7F0
:10ACA40051FBD5ED007A76EE277AF4EEC07AF1EE18
:10ACB40010FA07D4B7EE000AF4EEC07AF1EE10FAF7
:10ACC40030FE270AD4ED007AFFEE000A76EEA77A6A
:10ACD400F4EEE07AF1EE10FA07D4F7EE000AF4EE9F
:10ACE400E07AF1EE10FA70FEA70A4FF000093F4A2D
:10ACF4006FF02E0EF02548464FF00108AEEB020E21
:10AD040006E009F101090135B9F1070FEDB214D0DC
:10AD140026FA09F3DB07F4D53A4901F1100C01EBEB
:10AD24000E0311F8014F08FA03F303439BB2AC423C
:10AD340008BF18466145F2D1E3E73B88DDED081A08
:10AD440018439DED071A92F82C1080B2FAF798FC7C
:10AD540011B0BDEC028BBDE8F08F3043DDED081A75
:10AD64009DED071A92F82C1080B2FAF789FC11B005
:10AD7400BDEC028BBDE8F08F039A234F92F82C10A0
:10AD84003A88DDED0C1A10439DED081ADDE90183C4
:10AD940080B20193FAF774FC1C4A019BD2F8281C78
:10ADA40000297FF4CBADD2F8C82C002A7FF4C6ADBD
:10ADB40017493A800A70C1E506D008F13C034021E6
:10ADC4000C483170036058E7317856E70A4AF03B83
:10ADD400127842FA03F303F0010BA2E6F0EE475AAD
:10ADE4000CABD7E638A9002034A90020E4C2002027
:10ADF400E4C60020B0B90020F4C6002094A40020CA
:10AE040098A4002013C30020C6C600206088002038
:10AE1400EDC60020DFF8C4920DF1200E306907EE74
:10AE2400903AD9F804100CABD9F808209FEDA96A20
:10AE3400AEE80700B9F80C20C7EE867AD9F81210EC
:10AE4400AEF800209E46D9F81620D6F81E00AEE8CB
:10AE54000700B9F81A20AEF80020B28DF18D9742A0
:10AE6400C0F0E480B81AACEB0202F1EE084A10AE6E
:10AE740005EE900A06EE102AF8EE655AB8EE466A18
:10AE840085EE865A25EE245ABDEEC56A16EE100AE2
:10AE940005280246A8BF052206EE102A06EB420248
:10AEA40032F9206CB8EEC66A01EE906A32F91E6C73
:10AEB40035EE465A02EE106AF8EEE11AB8EEC22AEE
:10AEC400002840F0DB8032EE614A32F91C2CB6EEE9
:10AED400006A04EE902AF8EEE44A74EEE14A64EE65
:10AEE400864A65EE053A8F42F0EE082AF0EE000A33
:10AEF40025EE231A63EEA22AF7EE005AB0EE416A59
:10AF040031EE633AA3EEE06AF0EE623AE1EE602AD3
:10AF1400D1EE203A36EE056A26EE046A33EEA55ADF
:10AF2400A1EE856AA2EE226AA3EE246AF0EE463A06
:10AF3400C0F09280ACEB01027F1AF1EE084A10A82F
:10AF440005EE902A06EE107AF8EE655AB8EE466AD7
:10AF540086EE255A25EE245ABDEEC56A16EE101A61
:10AF640005290A46A8BF052206EE102A00EB420274
:10AF7400B8EEC66A32F9100C35EE465A06EE100ADF
:10AF840032F90E0CF8EEC62A00EE100AB8EEC00A2A
:10AF9400002950D130EE624A32F90C2CB6EE006A28
:10AFA40004EE902AF8EEE44A74EEE24A64EE864A2D
:10AFB40025EE052AB0EE086AF0EE000A25EE023A04
:10AFC40022EE066AF7EE001A63EEA73AB0EE461ACE
:10AFD400A3EE606AFFEE005A93EE201AF4EEE53A0F
:10AFE400B0EE468AB0EE436AF1EE10FA33EE423A1E
:10AFF400A2EE606A36EE056A31EE215A26EE046A44
:10B00400A2EE856AA0EE086AA3EE246A5AD566EE1B
:10B01400277AC5ED005ABFEE006AF4EEC67AF1EE67
:10B0240010FA7FF5AAADF0EE467AAEE58F4237D33B
:10B03400DFED293A7EE732F9120CB6EE006A0429F4
:10B0440004EE100AB8EEC44A30EE444A24EE064A2E
:10B05400A2DD70EE624AABE766EE273A9FED1E6A08
:10B06400BFEE005A67EE867AF4EEC53AF1EE10FAB6
:10B074001FD5F0EE455A85ED005A7EE532F9226C73
:10B08400B6EE006A042804EE106AB8EEC44A32EE42
:10B09400444A24EE064A7FF718AF72EE614A20E76D
:10B0A4009FED0D6A67EE867AF0EE675AC5ED007A79
:10B0B40063E5F4EEE53AF1EE10FA75FEA35AC5ED38
:10B0C400005A5AE5F4EEE13AF1EE10FA71FEA35A91
:10B0D4009DE700BF005043470000000034C3002038
:10B0E400002221492148002310B50A60204902604A
:10B0F4000A60204C2048214922600B800370204CB8
:10B104002049214823700A6002602049204C214ACA
:10B1140021480B702370137003702049204A214882
:10B12400214C0B60106021492148224A2370224B94
:10B1340008601A6019F0DAF9204B1B789BB1204B98
:10B144001B78DB070FD51F4B1F4A1B6812689B1A1D
:10B154000E2B08D918211D4819F04CF91C48BDE8DC
:10B16400104016F0A3BA10BDC0A80020BCA800204F
:10B1740098A4002094A40020F4C60020C6C6002091
:10B18400EDC60020B8A80020B4A80020D9C600202D
:10B19400DFC60020E8C60020DDC60020B0B90020CC
:10B1A40090A40020E4C20020E4C60020BCBA002021
:10B1B400BD01000069020000D0BA002019C70020B8
:10B1C40018C7002090C50020A8C60020B41C002089
:10B1D400704F002038B51B4B1A78E2B11A4900238E
:10B1E40008681A4A1A4C1B491B4D236008601B4C03
:10B1F4001B492B70D2F80A00D2F806C0194AC4F8C9
:10B2040000C0086001211360174C1848184A2360D5
:10B214000370117038BD1720012516F00FFD044688
:10B2240016F046FF604016F025FB6521142016F049
:10B2340027FB05490F4A0C68024B20441D7090609F
:10B24400CDE700BFECC6002090C5002064C30020F9
:10B25400A8B900202CA90020E3C60020E04F00205C
:10B26400E44F002054BC002050BC0020EEC6002057
:10B274009C56002028BB0020F8B5424DFFF7AAFFDA
:10B28400414A6B68414E1A40317842F400526A6078
:10B2940071B303F00F033E4A1A43AB6823F0030370
:10B2A4006A6043F002033B4A1A4042F400623A4B9C
:10B2B400134043F40013C3F3150343F00043AB609E
:10B2C4000024012703E00134202C0DD031782B68B1
:10B2D40007FA04F223EA02032B600029F3D10134B4
:10B2E40018F064F9202CF1D1BDE8F84018F05EB9EB
:10B2F40018F05CF96A68294B3178134043F4000371
:10B304006B60002933D118F051F93178D5E9012364
:10B3140023F0030322F07F4243F00203C5E9012333
:10B324000029C0D118F042F9AB681D4A31781A409F
:10B3340042F40062AA600029B9D118F037F9AB6869
:10B3440031786FF3153343F40013AB600029B2D1A5
:10B3540018F02CF9AB683178C3F3150343F00043BC
:10B36400AB600029ACD118F021F93178A8E7C2F319
:10B374000D02AB6842F4000223F003036A6043F059
:10B38400020390E7ACC600200FC0FFFFF8C6002000
:10B394000020800002F0FFFF0308C0FFFF3F00FF12
:10B3A40003F0FFFF2DE9F04FC34C93B0064623781A
:10B3B400002B00F06881C14BC14F1A68D7F82E30BA
:10B3C400DFEDC07A07EE103A3568B4EEE77AF1EEB5
:10B3D40010FA0ED497F83940012304F01F0403FA3D
:10B3E40004F415EA040140F09F80B7480170B7499E
:10B3F4000B7034893560A4F50044758984EAE473DC
:10B40400A5F50045A3EBE473B3F5486F07DC85EAC3
:10B41400E573A3EBE573B3F5486F40F3A980AC4B38
:10B424001B78002B00F0B180DFF8C0C2DCF80030DC
:10B434009A4200F02181A74BDFF8BC921B68CCF83C
:10B444000020A2EB0308D7F80E20B7F832C042451B
:10B454009246B7F834E000F2698100210EAB0DF199
:10B46400280B0A460793002C20460695B8BF04F122
:10B474007F00002D4FEAE010C0F21A81079B80463E
:10B4840099ED000ACDE904B30023ADF82830ADF8F6
:10B494003830069BCDE9002143F3CF1302B20121DA
:10B4A4008D48CDE902CEFEF799FF069ABDF93830F2
:10B4B400F96BA3EBE213BDF9282007EE101A8749B4
:10B4C40007EE903AA2EB0802F8EEE77A67EE877A85
:10B4D400FDEEE77A17EE903A07EE902AF8EEE77A57
:10B4E4001D4467EE877AFDEEE77A17EE902AC1EDE8
:10B4F400007A14447A4A13607A4A47F6FF739442F6
:10B50400B8BF14469542B8BF15469C42A8BF1C4616
:10B514009D42A8BF1D46A4F50044A5F5004534810D
:10B52400758113B0BDE8F08F069216F0C1FD66492F
:10B534000123069A91F800C0BCF1000F00F0F181DC
:10B54400DFF8BCC1DCF80010A0EB010E5F490978FC
:10B55400002900F0D780644B1B68734500F2E48037
:10B5640000235A49CCF800000B7025EA040540E793
:10B57400574800235D490370086882427CD00A6002
:10B58400574A1360554A1360B6E7524B52481A6043
:10B59400CDE90832D7F80680FEF7FAFD4E488DED66
:10B5A400070AFEF7F5FD4C488DED060AFEF7F0FD9F
:10B5B400DDED067ADDED076A67EEA77A9FED4C6A4A
:10B5C4009FED4C7AE6EEA67A06EE908ADDE9083223
:10B5D400E0EE007AE7EE866AF4EEC76AF1EE10FA5E
:10B5E40007D4B2EE0E7AF4EEC76AF1EE10FA37FE23
:10B5F400267ACDE90823404B374883ED007A9946F3
:10B60400D7F80A80FEF7C4FD33488DED070AFEF72C
:10B61400BFFD31488DED060AFEF7BAFDDDED067A71
:10B62400DDED076A67EEA77A9FED316A9FED317A07
:10B63400E6EEA67A06EE908ADDE90823E0EE007ACB
:10B64400E7EE866AF4EEC76AF1EE10FA07D4B2EEBA
:10B654000E7AF4EEC76AF1EE10FA37FE267A27481E
:10B66400DFF888C01A4980ED007A01200870DCF800
:10B67400000090427FF4E2AE184A194B12681B682E
:10B6840014441D4438E7172016F0D8FA054616F07E
:10B694000FFD684016F0EEF86521142016F0F0F85E
:10B6A400064B1A681044012222700B4A906083E60C
:10B6B40005F17F030693E1E6ECC6002090C5002067
:10B6C40064C300206F12833AEEC600209C5600200B
:10B6D400E3C60020A8B9002028BB002050BC0020ED
:10B6E40054BC00200180FFFFA0A800202CA900204A
:10B6F4006F12033DCDCCCC3DE04F0020E44F002041
:10B704009CA800209949096871453FF62EAF06921E
:10B71400974ACCF800001370FEF786FD944A13781C
:10B72400069A002B3FF421AF254362E60EAA914905
:10B734000AABD7F812000792C4458A689B46496849
:10B7440007C38C49386A8A891A80D1F81620079B66
:10B75400D1F8121007C3874A528B1A8000F2EE8088
:10B76400A8EB0C03B1EE086A06EE903AAAEB0C03C0
:10B7740007EE903AF8EE666A12ABF8EE677A86EE58
:10B78400A77A27EE067AFDEEC77A17EE901A0529F6
:10B794000A46A8BF052207EE902A03EB420232F9BB
:10B7A400203CF8EEE77A05EE103A32F91E3C37EE0B
:10B7B400677A04EE903AB8EEC55AF8EEE44A0029E6
:10B7C40000F0B98032F9223CF6EE007A042903EE47
:10B7D400903AF8EEE33A74EEE33A63EEA73A00F3F4
:10B7E400C28032F91C3CF6EE007A05EE903AF8EE8F
:10B7F400E55A75EEC55A65EEA75A67EE076AB0EECC
:10B80400086AF0EE002A27EE264A26EE866AB7EE8C
:10B81400002AF0EE447AB0EE463AA4EE626AE6EE0E
:10B82400E27A94EE223A74EE666A77EE877A33EE21
:10B83400027A67EEA37AE5EE077AE4EE867AE6EE1C
:10B84400A57AFDEEE77A17EE903A1AB2C64577D894
:10B85400A8EB0E03B1EE086A07EE903AAAEB0E03CA
:10B8640007EE103AF8EE677A12ABB8EE477AC7EEF5
:10B87400876A26EE867AFDEEC77A17EE900A0528C7
:10B884000146A8BF052107EE901A03EB410131F9E7
:10B89400103CF8EEE77A05EE103A31F90E3C37EE3B
:10B8A400677A04EE903AB8EEC55AF8EEE44A0028F6
:10B8B40048D174EEC53A31F90C3CF6EE007A05EE47
:10B8C400903AF8EEE55A75EEC55A65EEA75A67EE5A
:10B8D400076AB0EE086AF0EE002A27EE264A26EE42
:10B8E400866AB7EE002AF0EE447AB0EE463AA4EE49
:10B8F400626AE6EEE27A94EE223A74EE666A77EED3
:10B90400877A33EE027A67EEA37AE5EE077AE4EEFD
:10B91400867AE6EEA57AFDEEE77A17EE903A19B24A
:10B92400A1E50B70254312490B70134B1860FEF709
:10B934007BFC069A5DE574EEC53A52E7002285E782
:10B94400002190E531F9123CF6EE007A042803EE6A
:10B95400903AF8EEE33A74EEE33A63EEA73AAADDDE
:10B9640074EEC55AB3E774EEC55A46E73CA9002005
:10B974009C56002076C300209CA800202DE9F041AD
:10B984008AB0A54803A9F9F7D7FC18BBA34DA44A6C
:10B994002B78146853B9A34E40F6B8323368E31ACF
:10B9A400934200F2C3800AB0BDE8F0819E4B1B684D
:10B9B400E41A322CF7D99D4A9D491368097823F07B
:10B9C40001031360002900F06E8117F0EFFD0023DE
:10B9D4002B70E8E7924A0024904903A8914B12681F
:10B9E4000C701A60FFF7DEFCBDF810308F4EC3EB0D
:10B9F4008322904C7368A4FB02128D4D6FF30D13D8
:10BA0400D20B297843EA02137360002900F0DD8029
:10BA1400BDF812206FF39733C2EB8222A4FB0242DB
:10BA2400D20B43EA8230BDF81420824CC2EB82224E
:10BA3400A4FB0232B36823F0030343EAD253520255
:10BA440060F31702C6E90123002900F08380BDF8E2
:10BA540016206FF38B03C2EB8222A4FB0242D20BAB
:10BA640043EA8203BDF818206FF315337148C2EB23
:10BA74008222A0FB0202D20B43EA0233BDF81A2051
:10BA84006C48C2EB8222A0FB0202D20163F31502CE
:10BA9400B26032680024012702E001341C2C11D06A
:10BAA400039B07FA04F0E340DB074CBF02438243E5
:10BAB40032600029F1D1013417F078FD32681C2C72
:10BAC4002978EDD19DF82430082B20D85A48C35C3E
:10BAD400180740F1F18042F08052C3F3400703F0AD
:10BAE4000104C3F380083260002900F0A780002F0E
:10BAF40000F0DC8042F00052B8F1000F00F08880C2
:10BB040042F0804254B142F00042326009E022F037
:10BB140080533360002970D022F0E04222F00042CA
:10BB2400326017F043FD0AB0BDE8F0813F4A136864
:10BB340043F0010313603E4B1B78002B00F0B080F0
:10BB440017F034FD0122384B34602A701C600AB0AF
:10BB5400BDE8F08117F02AFDBDF81620B368C2EBEA
:10BB6400822229786FF38B03A4FB0202D20B43EAEF
:10BB74008203B36000297FF475AF17F017FDBDF899
:10BB84001820B368C2EB822229786FF31533A4FB23
:10BB94000202D20B43EA0233B36000297FF46EAF92
:10BBA40017F004FDBDF81A30B268C3EB832329787B
:10BBB400A4FB0343DB0162F31503B36000297FF4A4
:10BBC40068AF17F0F3FC297863E717F0EFFCBDF8D2
:10BBD40012207368C2EB822229786FF39733A4FB97
:10BBE4000242D20B43EA8230706000297FF41BAF1B
:10BBF40017F0DCFC7068297815E7019117F0D6FC82
:10BC040032682B7822F000523260002B3DD0019C28
:10BC140022F0804276E700BF6068002000C7002061
:10BC240090C5002090BE002094BE0020ACC6002029
:10BC3400F8C60020018000805C3C002017F0B6FCB0
:10BC440032682B78002F34D042F000523260002B3F
:10BC54007FF452AF17F0AAFC32682B78B8F1000FCA
:10BC640018D042F080423260002B7FF44BAF17F0C3
:10BC74009DFC33682A7884B143F000433360002A82
:10BC84007FF44FAF17F092FC4BE717F08FFC32684C
:10BC94002B78019C22F08042E5E723F00043EDE796
:10BCA40017F084FC4CE717F081FC8EE622F000527A
:10BCB40022E722F00052C9E722F080520DE700BFCC
:10BCC40008B51D4B4FF48072002118601B481CF00E
:10BCD40037F94FF48062002119481CF031F9002330
:10BCE400184A4FF0FF0C184918480B7080F800C030
:10BCF40017491848C2E90033174A08601370174BF4
:10BD0400174A1A6018F0F2FB164B1B789BB1164BBE
:10BD14001B78DB070FD5154B154A1B6812689B1A55
:10BD24000E2B08D91821134818F064FB1248BDE8FB
:10BD3400084015F0BBBC08BD4CBC00204CBB002027
:10BD44009CA400205CB90020F6C600209A5600206E
:10BD5400BCBA002051280000F1C60020D0BA00204F
:10BD6400810B000019C7002018C7002090C50020CF
:10BD7400A8C60020D01C0020704F0020014B186082
:10BD8400704700BF4CBC002010B5124C0120124A71
:10BD94002368124903F5FA53087013600022104B0C
:10BDA4001A7018F0A3FB0F4B1B7893B10E4B1B7842
:10BDB400DB070ED50D4A236812689B1A0E2B08D98F
:10BDC40012210B4818F016FB0A48BDE8104015F084
:10BDD4006DBC10BD90C5002050B90020DBC600200A
:10BDE400EAC6002019C7002018C70020A8C60020F2
:10BDF400EC1C0020704F0020014B1860704700BFFE
:10BE04008CA4002010B5124C0120124A2368124958
:10BE140003F5FA53087013600022104B1A7018F0DF
:10BE240065FB0F4B1B7893B10E4B1B78DB070ED5CC
:10BE34000D4A236812689B1A0E2B08D911210B484E
:10BE440018F0D8FA0A48BDE8104015F02FBC10BD10
:10BE540090C50020A4B90020E1C60020EAC6002055
:10BE640019C7002018C70020A8C60020001D002004
:10BE7400704F0020704B1A7830B583B032B16F49DF
:10BE84006F480A680068121A002A4ADA6D4B1A7859
:10BE940042B16A4A6C4912680968521A002A01DBE5
:10BEA40000221A70694B1A783AB3644A68491268D6
:10BEB4000968521A002A20DB664A1078021F192AE0
:10BEC40015D9A0F11E02082A40F29680272800F016
:10BED400A780A0F13A020B2A40F29E802838C0B213
:10BEE400BF2808D85C4A32F8100020B100E05D3069
:10BEF40017F02EFD554B00221A70584A137873B16F
:10BF04005749097807290AD856480068054630B1C8
:10BF14004A48012B0068044629D0022B1CD003B0E8
:10BF240030BD00221A7018F0E1FA4F4B1B78002B39
:10BF3400ACD04E4B1B78DB07A8D54D4A3F490B6864
:10BF440012689B1A0E2BA1D916214A4818F052FAEE
:10BF5400494815F0ABFB99E7484B1B68C31A002B03
:10BF6400DDDB084603B0BDE83040F6F7C1BE434B05
:10BF74001B68C31A002BD2DB414B1A2093F800E054
:10BF84000EEB8E034FEA8E0C00FB0133EB18987C0A
:10BF9400031F192B32D9A0F11E03082B44D92728DB
:10BFA40048D0A0F13A030B2B40D9A0F12803DBB20F
:10BFB400BF2B03D8284830F8130000BB2B46D3F816
:10BFC4000730F444DFED2F7A00EE103A1A23B4EE72
:10BFD400E70A03FB01CC05EB0C03F1EE10FAB3F80E
:10BFE40015001FD418B1F6F73DFB1C4A0444022384
:10BFF400224913700C6092E7133079E75D300191A8
:10C0040017F0A6FC1E4B019993F800E0154B4FEA7C
:10C014008E0C124A1B68D2E7A0F5805080B267E705
:10C02400302065E70444E2E71330E8E7A0F58050E8
:10C0340080B2E4E73020E2E7DBC6002090C50020B0
:10C0440050B90020E1C60020A4B90020F3C60020A6
:10C0540030A90020EBC60020300A0020F6C60020DC
:10C064009A5600204CBC002019C7002018C7002095
:10C07400A8C60020141D0020704F002098B900208D
:10C08400F2C600200AD7233C38B53E480024F8F70E
:10C094006FFE3D4B3D494FF6FF7200253C489A85A3
:10C0A400A3F8502064221C72DC601C745C83DD6184
:10C0B4001D6283F824409C621D635D639D63DC63A1
:10C0C4001D645D649D64DD6483F852405D659D6517
:10C0D400DD651D665D669D66DD661D67C3E91D4100
:10C0E40045F26401A3F87C1001F51B21C3E9004467
:10C0F40083F87E20C3F88010142183F890204FF435
:10C104007A7283F88410C3F894002249A3F8982023
:10C114000122C3F88640C3F88A40A3F88E40A3F8EE
:10C12400924040F201138C860B621B48C1E9004423
:10C13400C1E90244C1E90444C1E90644C1E909442E
:10C14400C1E90B442146FAF737FC042203211348C2
:10C15400FAF732FC16F07CF8082309220A21104869
:10C1640015F062F82323242225210E4815F05CF8EB
:10C174000D4B1D605D609C60DD601D61DC61C3E989
:10C18400054438BD6068002034C200200400280043
:10C194000032E803E8C10020E8BA002004BB002014
:10C1A40098C500201CC6002028BB00200846114664
:10C1B4001AF0BCB9084619F0CFBE00BF084619F002
:10C1C400C3BE00BF2DE9F043CB8C17468A8C83B0E5
:10C1D4000D4604469A424ED0096ADFF82891531C52
:10C1E40001EBC2069BB2B3F5007FAB8436D03B684B
:10C1F4004FF480604FF080081B684B4536D10191A5
:10C2040019F0A2FE019900284FF00003706008BFE6
:10C214004FF000087380A6F80080AB8C013B9BB202
:10C2240001EBC300426822B131F8335041888D429A
:10C2340008D800224FF6FF7320462260A38003B083
:10C24400BDE8F08302EBC10201EBC31301312260AC
:10C2540041802046A38003B0BDE8F0833B684FF4DF
:10C264007E704FF07F081B684B45C8D001463846A6
:10C274009847296AC7E7B2F5007FDAD0086A520006
:10C284003B6896B2A8424FEAC6010ED09B681C4A8E
:10C2940093422AD11AF04AF901460029C9D0DFF89D
:10C2A4006490AA8CEE84296299E7164A1B68914629
:10C2B400934220D1084619F047FE01460029B8D020
:10C2C400D5F800C06868AA68EB68C1F800C0486087
:10C2D4008A60CB60D5F810C06869AA69EB69C1F8B7
:10C2E40010C048618A61CB61DBE70A4601463846E3
:10C2F40098470146D1E7384698470146DEE700BF34
:10C30400AD9F0000BD9F0000002966D000882DE984
:10C31400F84F4FF6FF7948453DD0D3F82C80C40937
:10C3240000F07F0308EBC400406810EBC30032D078
:10C33400551E92460F46B0F806B00D440126CEB104
:10C344000379042B42D0052B3BD0022B26D1044683
:10C354001CF096F982450DD1BAF1000F21D07B1E55
:10C36400601E01E09D421CD013F8011F10F8012F3C
:10C374009142F7D0CB450ED04FEADB130BF07F0B85
:10C3840008EBC303586810EBCB0004D086F0010619
:10C39400B0F806B0D3E70020BDE8F88FBAF1000F7B
:10C3A400E8D14FF6FF739B45F5D04FEADB130BF052
:10C3B4007F0B08EBC308D8F8040000EBCB00BDE802
:10C3C400F88F036803F10804D888C3E7046820469B
:10C3D400002CBFD01CF054F9BCE70020704700BF0C
:10C3E4004FF6FF728B8E934230B50C4683B00546F0
:10C3F4002AD10B8E0A6883B904F10C016846FFF751
:10C40400E1FE009A002A32D101214FF6FF7328463B
:10C414002A602171AB8003B030BD013BC86A9BB276
:10C4240000EBC30CDCF804100029E5D030F833E04D
:10C43400BCF802008645DFD901EBC00200EBC31350
:10C444000130ACF802000BE0D909E26A02EBC10248
:10C4540003F07F01526832F8310002EBC102A0867A
:10C46400044928462A60AB80516003B030BDBDF852
:10C474000430F5E70000FFFF2DE9F843D0E9017E21
:10C48400BEF1030F14D81EF0FF0367D0013BFE1D5D
:10C4940007F1080C0022DDB23346AC4413F8014F17
:10C4A400002C08BF42F001026345F7D1002A46D0B0
:10C4B4000023BE4405460E468EF80830036884689F
:10C4C40098689846C8B1E11D39440737C3889C422F
:10C4D40010D164B33B46C21D01E0994227D013F842
:10C4E40001EF12F801CFE645F7D0006828B1C38800
:10C4F4009C42EFD000680028E8D16868B4F5803F1A
:10C50400D8F8007081463A6830D2936804F1090281
:10C5140020498B4225D111461AF008F828B32B681C
:10C524000022C4809968016098606A6002E0838890
:10C5340001338380052330603371BDE8F88302231F
:10C544000D440B714B1E16F8012F03F8012F9D4269
:10C55400F9D1002301F80E30BDE8F88302230B71F2
:10C56400F7E7014638469847D8E73A6852680A49D7
:10C574008A420AD04946384690472A680121002356
:10C58400926888F804101A60FFDE484619F0E4FC4B
:10C59400F3E700BFAD9F0000B59F000043687BB187
:10C5A40082682DE9F0410D46D98882B004468A425A
:10C5B40007D0511C1344A1601D7202B0BDE8F08184
:10C5C400704752000168501C88460968B0F5803FE6
:10C5D40006460F4612D209680A3289680846144989
:10C5E40088421DD118461146019319F09FFF019B03
:10C5F40020B1C6800346A2686060DAE73A680D4954
:10C6040052688A4208D1184619F0A6FC0122002378
:10C6140088F804206360D0E7194638469047F5E768
:10C6240019460193034638469847019BE0E700BF4B
:10C63400AD9F0000B59F00002DE9F0470D4601793C
:10C644008146CA0743D4CB062AD411F0600F22D006
:10C65400B9F800404FF6FF739C4218D0EA6A4FF6CF
:10C66400FF7800E0EA6AE30904F07F07A24629465E
:10C6740002EBC3035E6806EBC700C488FFF7DCFF68
:10C68400AB8E444526F83730A5F834A0EAD14FF0F4
:10C69400FF33C9F80030002389F80430BDE8F0877F
:10C6A400B9F800304FF6FF7293423AD0EA6AD809DB
:10C6B400AE8E03F07F0402EBC00011F0600F4068FF
:10C6C40020F83460AB86E6D0B9F80040C7E7A86824
:10C6D4000028B8D0D9F80020002404E003680446F8
:10C6E400002BB0D018468242F8D183882A68013BD7
:10C6F4009BB28380002BA6D1036854B123601368D6
:10C7040009495B688B4206D119F026FC99F804109C
:10C7140099E7AB60F3E701461046984799F804108F
:10C7240091E700231B80FFDEB59F0000000000009E
:10C734002DE9F84391F800E00446BEF12B0F00F018
:10C74400DD80BEF12D0F40F0B58091F801E04FF08F
:10C7540001090131AEF13006F6B2BEF12E0F18BF59
:10C76400092E8CBF4FF0010E4FF0000E00F2AB808B
:10C77400092E00F20C8170467246B54F12E011F892
:10C7840001CFF318ACF1300645F100051846F6B2B6
:10C794002A46092E00F29C8013F1663F75EB0708C8
:10C7A40080F0968095004FF0000C830045EA907568
:10C7B4001B1842EB0505DB186D4116EB0308184600
:10C7C40055F100082A4628BF4FF0010CBCF1000FB8
:10C7D400D5D04FF0000C9F4D4FF0CC378318164640
:10C7E4000CF1010C43F100030FFA8CFCA5FB0328A8
:10C7F40028F0030202EB98029B1AC31A66F10002A6
:10C8040007FB03F0B6F5200F05FB0200A3FB05327E
:10C8140010444FEA53034FEA500243EAC070DDD29A
:10C824000D78A5F13003092B0B460CD81F4613F8DD
:10C83400015FA5F13006092EF8D9C1F10101614467
:10C844000F440FFA87FC2E2D00F0A5801D7805F00B
:10C85400DF016746452935D15D782D2D00F08D80A7
:10C864002B2D00F0E780A5F13006F1B2092929D873
:10C874000133002108E013F8015FA5F130065FFAE7
:10C8840086F8B8F1090F18D801EB810106EB4101D4
:10C8940001EB0C07B7F59A7FEDDDBEF1000F00F058
:10C8A400B780B9F1000F40F0BD8000220123A260DF
:10C8B40023700AE04FF000094CE7BEF1000F01D0ED
:10C8C400ACEB010705B3002323702046BDE8F883D1
:10C8D400BCF1000F40F09580B9F1000F46D04FF045
:10C8E40000469C45AE41FFF474AF5B424FF0020238
:10C8F40065EB45052270C4E90235E6E791F801E0ED
:10C904004FF00009013125E707F1260387EAE775AF
:10C914004C2BA5EBE77505D8B0F5000F72F10003B9
:10C92400C0F0A480114618F0E1FF002F41EC170B72
:10C934007DDD494B03F1480105F001026D1022B180
:10C9440093ED006B27EE067B25B108338B42F3D1C0
:10C954009FED3D7BB9F1000F01D0B1EE477B04237D
:10C96400204684ED027B2370BDE8F8830322204631
:10C97400C4E902352270BDE8F8839D78A5F130063C
:10C98400F1B209299ED802334FF0010E71E70B462C
:10C9940070467246F4465D785F1CA5F13006F6B227
:10C9A400092E1DD8DFF8C080B0F1993F0CF1FF3398
:10C9B40072EB080116D2910017F8015F0FFA83FC9D
:10C9C400830041EA90711B1842EB0101DB184941D5
:10C9D400F018A5F1300641F10002F6B2092EE3D9B0
:10C9E4003B4634E77D787B1CA5F1300109293FF6ED
:10C9F4002EAF17F8025FA5F13003092BF2D93B469D
:10CA040025E7B5F5801FBFF4E4AE4FF0000C07E74F
:10CA14000020B9F1000F08D110490423C4E9020130
:10CA2400237052E74FF0004240E70D49F5E791D0FB
:10CA34000C4B7FE79D78A5F13006F1B209293FF64A
:10CA440041AF023315E700BF000000000000F87F8B
:10CA540099999919CDCCCCCC801E00600000F07F50
:10CA64000000F0FF381E00609999010007EE900A5B
:10CA7400002FF8EEE77A1ADD0E4B03F1180105F0EA
:10CA840001026D1022B193ED007A67EE877A25B129
:10CA940004339942F3D1DFED087AB9F1000F01D0E4
:10CAA400F1EE677A0123C4ED027A23700DE7F4D026
:10CAB400024BE2E7201E00600000C07F081E0060F9
:10CAC400036863B3197911F0100200B511D01A8804
:10CAD4004FF6FF7C624548D0D0F804E04FEAD21C00
:10CAE40002F07F00DEF82C2002EBCC02526802EB4D
:10CAF400C0021E2911D8DFE801F036101010101002
:10CB040034101010141014102010101010101010E5
:10CB140010101010191019102A00012000BD184619
:10CB240070471868003818BF012000BDD2E90032F0
:10CB3400134314BF0120002000BDD3ED007AF5EEAD
:10CB4400407AF1EE10FA14BF0120002000BD92EDEE
:10CB5400007BB5EE407BF1EE10FA14BF01200020FB
:10CB640000BD187800BD002000BD0022C1E700BF51
:10CB7400016899B30B7913F0100200B585B012D097
:10CB84000A884FF6FF7C624500F09E80D0F804E0EE
:10CB94004FEAD21C02F07F00DEF82C2002EBCC021C
:10CBA400526802EBC002023B1C2B14D8DFE803F0EE
:10CBB400191318694013131325130F132C1313138C
:10CBC4001313131313131313601342134C00086845
:10CBD400B0F5803F35D3002005B000BD084670474E
:10CBE40009686846FFF7A4FD9DF80030013B032B5C
:10CBF400F1D8DFE803F0615951490868B0F5803F86
:10CC040028BF002080B2E7E7D1ED007AF5EEC07AC4
:10CC1400F1EE10FADFDB9FED307AF4EEC77AF1EE35
:10CC240010FAD8D8FCEEE77A17EE903A98B2D3E728
:10CC34000878D1E7D2E90003B0F5803F73F100032F
:10CC4400C9D280B205B000BD92ED007BB5EEC07BC9
:10CC5400F1EE10FABFDB9FED1E6BB4EEC67BF1EE76
:10CC640010FAB8D8BCEEC77B17EE103A98B2B3E707
:10CC7400D2E90003B0F5803F73F10003E1D3002053
:10CC8400DFE709680831ACE79DED027BB5EEC07BB8
:10CC9400F1EE10FADFDA9EE7DDE90203B0F5803F3A
:10CCA40073F10003CDD3EAE7DDE90203B0F5803F79
:10CCB40073F100038FD2C4E7DDED027AF5EEC07A9A
:10CCC400F1EE10FAA7DA86E700226CE7AFF30080F2
:10CCD40000000000E0FFEF4000FF7F47000000007D
:10CCE400016891B30B7913F0100200B587B012D02C
:10CCF4000A884FF6FF7C624500F09F80D0F804E07C
:10CD04004FEAD21C02F07F00DEF82C2002EBCC02AA
:10CD1400526802EBC002023B1C2B13D8DFE803F07D
:10CD24001812176A4012121224120F122B12121226
:10CD34001212121212121212611242124C000868DC
:10CD4400FF2836D9002007B000BD0846704709689F
:10CD540002A8FFF7EDFC9DF80830013B032BF1D846
:10CD6400DFE803F0635B534B0868B0F5807F28BFAE
:10CD74000020C0B2E7E7D1ED007AF5EEC07AF1EE1B
:10CD840010FADFDB9FED307AF4EEC77AF1EE10FA99
:10CD9400D8D8FCEEE77ACDED017A9DF80400D2E70D
:10CDA4000878D0E7D2E90003B0F5807F73F100037F
:10CDB400C8D2C0B207B000BD92ED007BB5EEC07B17
:10CDC400F1EE10FABEDB9FED1E6BB4EEC67BF1EE06
:10CDD40010FAB7D8FCEEC77BCDED017A9DF80400BC
:10CDE400B1E7D2E90003B0F5807F73F10003E0D32B
:10CDF4000020DEE709680831AAE79DED047BB5EE63
:10CE0400C07BF1EE10FADEDA9CE7DDE90403B0F54D
:10CE1400807F73F10003CCD3EAE7DDE90403B0F5C6
:10CE2400807F73F100038DD2C3E7DDED047AF5EE64
:10CE3400C07AF1EE10FAA5DA84E700226BE700BFAE
:10CE44000000000000E06F4000007F4370B584B034
:10CE540004AC04E90E0000297BD09DF80C200D469B
:10CE6400002A48D1029C0646032C4AD814F0FF003D
:10CE740072D0013801F1FF3C51FA80F0634613F897
:10CE8400011F002908BF42F001028342F7D1002AA2
:10CE94004CD0089B986840B1C3889C4238D0006845
:10CEA400002832D1B4F5803F50D2089B04F1090028
:10CEB4002D491A6813681B688B4250D119F044F845
:10CEC400002843D001236A1EC11DC4808380931CA3
:10CED40012F801CF5B1B01F801CF9C42F7D8002365
:10CEE40004442372089B9B680360089B9860052395
:10CEF4003060337102E0042301600371012004B047
:10CF040070BD089B98680028CCD0C3889C42C6D1C9
:10CF14006A1EC11D01E09C4214D9931C11F801CF73
:10CF240012F801EF5B1BE645F5D0B8E70223337135
:10CF3400731E1CF8012F844503F8012FF9D1002337
:10CF44003355DBE7838801338380D0E70123089AD4
:10CF54001371002004B070BD02233371EFE7014662
:10CF640010469847ACE700BFBD9F00002DE9F0478D
:10CF740045688EB035B300F10C0203468E460DF1C0
:10CF8400140CD0E9026407CA8CE80700D4B12A79EA
:10CF9400DAB1202A16D108AF99463346F0469CE808
:10CFA400070087E807002146069A2846FFF7ACF9F0
:10CFB400044680B131462046FFF73EFB0A23C4F8FD
:10CFC400008023710EB0BDE8F08720222A714FF053
:10CFD400FF322A60DFE7B48E4FF6FF7397E807004D
:10CFE4009C420BAFA24687E8070036D0E209F36AF9
:10CFF40003EBC2035A6804F07F0303AC32F8331026
:10D0040002EBC302B1862A4B2046314617465360D1
:10D01400FFF7E6F9039C002CD4D00BAB00963846FE
:10D024000ECBFFF713FF0028CCD0BDF810204FF62D
:10D03400FF71D9F80800FA806B888B4230D0F16A0E
:10D04400DE0903F07F0301EBC6010646496801EBE4
:10D05400C303A3F806A06A80ACE7338E32689BB1A1
:10D06400013BF16A9BB201EBC300446864B131F83F
:10D0740033C041888C4507D904EBC10203AC01EBF2
:10D08400C31A01314180BEE703AC06F10C0120460E
:10D09400FFF798F8039B1A463BB90123337191E7D4
:10D0A4000646A5F800A06A8084E7BDF810A0AAE7A8
:10D0B4000000FFFF2DE9F043456891B035B300F15E
:10D0C4000C0203468E460DF11C0CD0E9026407CA1B
:10D0D4008CE80700D4B12A79DAB1202A16D10AAF34
:10D0E40099463346F0469CE8070087E80700214646
:10D0F400089A2846FFF708F9044680B131462046CD
:10D10400FFF79AFA0A23C4F80080237111B0BDE82E
:10D11400F08320222A714FF0FF322A60DFE797E87C
:10D1240007000DAB83E80700314603A8FFF758F961
:10D13400039F002FEAD0314605A8FFF751F9059C5B
:10D14400002CE3D00DAB009638460ECBFFF77EFEE5
:10D154000028DBD0BDF818204FF6FF71D9F808C0BD
:10D16400FA806B88BDF810008B420CD0F16ADE099E
:10D1740003F07F0301EBC6016646496801EBC30374
:10D18400D8806A80BAE7664628806A80B6E700BF1E
:10D19400037913F0100200B585B010D002884FF661
:10D1A400FF7C624500F09780D1F82CC04FEAD21E74
:10D1B40002F07F010CEBCE02526802EBC102023B8B
:10D1C4001C2B17D8DFE803F02E166D847E16161676
:10D1D40080166F16711616161616161616161616CD
:10D1E4000F167B161900D2E90003B0F1004F73F15A
:10D1F400000300D3002005B000BD92ED007B9FED3D
:10D20400386BB4EEC67BF1EE10FAF3DB9FED366BB0
:10D21400B4EEC67BF1EE10FAECD8FDEEC77B17EE48
:10D22400900AE8E701466846FFF782FA9DF8003065
:10D23400013B032BDED8DFE803F01F140C029FED43
:10D24400286B9DED027BB4EEC67BF1EE10FAD1DBC8
:10D25400DCE7DDE90203B0F1004F73F10003CAD348
:10D26400C8E7DDE9020310F1004243F10003002B9B
:10D2740018BF002005B000BDDDED027A9FED1C7AD9
:10D28400F4EEC77AF1EE10FAB4DB9FED1A7AF4EEFD
:10D29400C77AF1EE10FAADD8FDEEE77A17EE900AF0
:10D2A400A9E70168BFE70068A5E7D0ED007A9FED24
:10D2B400107AF4EEC77AF1EE10FA9BDBE5E7D2E9D7
:10D2C4000003D0E7007896E7006820EAE07092E770
:10D2D40001680831A7E7002271E700BFAFF30080BF
:10D2E400000000000000E0C10000C0FFFFFFDF41BC
:10D2F400000000CFFFFFFF4E037913F0100200B5CA
:10D3040085B010D002884FF6FF7C624500F097800C
:10D31400D1F82CC04FEAD21E02F07F010CEBCE02F2
:10D32400526802EBC102023B1C2B17D8DFE803F062
:10D334002E166D847E16161680166F167116161626
:10D3440016161616161616160F167B161900D2E99F
:10D354000003B0F1004F73F1000300D3002005B0C7
:10D3640000BD92ED007B9FED386BB4EEC67BF1EE11
:10D3740010FAF3DB9FED366BB4EEC67BF1EE10FAD8
:10D38400ECD8FDEEC77B17EE900AE8E70146684645
:10D39400FFF7CEF99DF80030013B032BDED8DFE820
:10D3A40003F01F140C029FED286B9DED027BB4EE7D
:10D3B400C67BF1EE10FAD1DBDCE7DDE90203B0F164
:10D3C400004F73F10003CAD3C8E7DDE9020310F18B
:10D3D400004243F10003002B18BF002005B000BD3C
:10D3E400DDED027A9FED1C7AF4EEC77AF1EE10FAC5
:10D3F400B4DB9FED1A7AF4EEC77AF1EE10FAADD8E9
:10D40400FDEEE77A17EE900AA9E70168BFE7006826
:10D41400A5E7D0ED007A9FED107AF4EEC77AF1EE2D
:10D4240010FA9BDBE5E7D2E90003D0E7007896E742
:10D43400006820EAE07092E701680831A7E700225B
:10D4440071E700BFAFF30080000000000000E0C1FE
:10D454000000C0FFFFFFDF41000000CFFFFFFF4ED1
:10D46400037913F0100200B587B010D002884FF68C
:10D47400FF7C624500F09D80D1F82CC04FEAD21E9B
:10D4840002F07F010CEBCE02526802EBC102023BB8
:10D494001C2B13D8DFE803F02A12598381121212CD
:10D4A40086120F125B12121212121212121212129E
:10D4B4007012791215000068FF2833D9002007B0D4
:10D4C40000BD92ED007BB5EEC07BF1EE10FAF5DB0A
:10D4D4009FED396BB4EEC67BF1EE10FAEED8FCEE9C
:10D4E400C77BCDED017A9DF80400E8E7014602A868
:10D4F400FFF71EF99DF80830013B032BDED8DFE867
:10D5040003F01C140A029DED047BB5EEC07BF1EE22
:10D5140010FADDDAD2E7DDE90403B0F5807F73F1B8
:10D52400000330D2C0B207B000BDDDE90403B0F59A
:10D53400807F73F10003C1D2F4E7DDED047AF5EEE8
:10D54400C07AF1EE10FA09DAB8E70168CFE7D0ED56
:10D55400007AF5EEC07AF1EE10FAAFDB9FED187A9F
:10D56400F4EEC77AF1EE10FAA8D8FCEEE77ACDED26
:10D57400017A9DF80400A2E7D2E90003B0F5807FA8
:10D5840073F10003CED30020CCE7D2E90003B0F559
:10D59400807F73F1000391D2C4E700788FE70168BC
:10D5A4000831A4E70068B0F5807F28BF0020C0B22E
:10D5B40085E700226BE700BF0000000000E06F4039
:10D5C40000007F4300000000037913F0100200B54F
:10D5D40085B010D002884FF6FF7C624500F09C8035
:10D5E400D1F82CC04FEAD21E02F07F010CEBCE0220
:10D5F400526802EBC102023B1C2B14D8DFE803F093
:10D604002A1359828013131385130F135B131313F7
:10D6140013131313131313136F13781316000068E3
:10D62400B0F5803F32D3002005B000BD92ED007B01
:10D63400B5EEC07BF1EE10FAF5DB9FED396BB4EE7D
:10D64400C67BF1EE10FAEED8BCEEC77B17EE103AAB
:10D6540098B2E9E701466846FFF76AF89DF800309A
:10D66400013B032BDFD8DFE803F01C140A029DED15
:10D67400027BB5EEC07BF1EE10FADEDAD3E7DDE92A
:10D684000203B0F5803F73F100032FD280B205B0DE
:10D6940000BDDDE90203B0F5803F73F10003C2D29F
:10D6A400F4E7DDED027AF5EEC07AF1EE10FA09DA6C
:10D6B400B9E70168CFE7D0ED007AF5EEC07AF1EE74
:10D6C40010FAB0DB9FED187AF4EEC77AF1EE10FA97
:10D6D400A9D8FCEEE77A17EE903A98B2A4E7D2E91B
:10D6E4000003B0F5803F73F10003CFD30020CDE7F2
:10D6F400D2E90003B0F5803F73F1000393D2C5E78C
:10D70400007891E701680831A5E70068B0F5803F2B
:10D7140028BF002080B287E700226CE7AFF30080C7
:10D7240000000000E0FFEF4000FF7F4700F10C0223
:10D734002DE9F04FD0E9013587B007CA8DE807001D
:10D74400002B4BD006AC04E907001A79202A44D1F7
:10D754008146002841D01B884FF6FF7843453CD0D2
:10D76400DA09EF6A03F07F0307EBC202506810EB9B
:10D77400C30032D04D1E8A46B0F806B001264D448F
:10D78400D6B10379042B46D0052B3FD0022B29D1E7
:10D7940004461AF075FF50450ED1BAF1000F24D09B
:10D7A40009F1FF33601E01E0AB421ED013F8011FE4
:10D7B40010F8012F9142F7D0C3450ED04FEADB1386
:10D7C4000BF07F0B07EBC303586810EBCB0004D0BE
:10D7D40086F00106B0F806B0D2E70023184607B079
:10D7E400BDE8F08FBAF1000FE6D14FF6FF739B4509
:10D7F400F3D04FEADB130BF07F0B07EBC3077B6817
:10D8040003EBCB03184607B0BDE8F08F036803F1C0
:10D814000804D888BFE704682046002CBBD01AF05F
:10D824002FFFB8E710B584B00446FFF77FFF48B375
:10D83400037913F0100211D002884FF6FF718A4267
:10D8440072D0D4F808E04FEAD21C02F07F01DEF86F
:10D854002C2002EBCC02526802EBC102023B1C2BCF
:10D8640010D8DFE803F0180F25272A0F0F0F300F09
:10D87400350F3A0F0F0F0F0F0F0F0F0F0F0F3D0F35
:10D88400440F13009FED290A04B010BD92ED000B64
:10D89400B7EEC00BF8E701466846FEF749FF9DF86E
:10D8A4000030013B032BEDD8DFE803F03B342D2897
:10D8B4000168F1E701680831EEE7037800EE103AF9
:10D8C400B8EE400AE0E790ED000AB8EE400ADBE764
:10D8D40090ED000AB8EEC00AD6E790ED000AD3E74F
:10D8E400D2E9000118F000F900EE100ACCE7D2E901
:10D8F400000118F001F900EE100AC5E79DED020BD6
:10D90400B7EEC00BC0E7DDE9020118F0EDF800EE58
:10D91400100AB9E7DDE9020118F0EEF800EE100A8A
:10D92400B2E79DED020AAFE7002297E7000000008E
:10D934002DE9F04F456893B050F8046B09AB07C864
:10D9440083E80700002D67D096F83C20002A67D0B2
:10D95400202A40F0A08006F138020392039A4FF681
:10D96400FF77148893E80700BC420CAB83E80700F8
:10D9740060D0E309D6F82C9004F07F0409EBC303CC
:10D98400586810EBC40055D0DDF828800124B0F8A5
:10D9940006A0F4B10379042B00F08B80052B00F072
:10D9A4008380022B7CD183461AF06AFE804510D115
:10D9B400B8F1000F21D06B1E0BF1FF3008EB030C04
:10D9C40001E09C4519D013F8011F10F8012F914272
:10D9D400F7D0BA452ED04FEADA130AF07F0A09EBE2
:10D9E400C303586810EBCA0024D084F00104B0F8D3
:10D9F40006A0CEE7B8F1000FEBD14FF6FF739A45BE
:10DA040018D04FEADA130AF07F0A09EBC309D9F8F0
:10DA1400045015EBCA050DD0284613B0BDE8F08FAD
:10DA240020224FF0FF3106F13800B163039086F8ED
:10DA34003C2093E70CAB93E807000FAB83E80700A7
:10DA4400314605A8FEF7CCFC059C24B3314607A853
:10DA5400FEF7C6FC079DF5B10FAB009620460ECB32
:10DA6400FFF7F4F9B8B1BDF820204FF6FF71039B1E
:10DA7400E2805B88BDF818008B4223D0F16ADC0990
:10DA840003F07F0301EBC401496801EBC303D880B1
:10DA9400039B5A80C0E70025284613B0BDE8F08FE9
:10DAA400B8F1000F95D1A8E7036803F1080BD888F3
:10DAB4007CE7D0F800B0BBF1000F9BD058461AF0B9
:10DAC400DFFD73E7039B1880E2E700BFF8B5054666
:10DAD4000C46FFF72DFF06462F684CB338B320469B
:10DAE4001AF0CEFD054639463046FEF7A5FD032D56
:10DAF40064D815F0FF0069D0013804F1FF3C00221E
:10DB040054FA80F0634613F8011F002908BF42F05D
:10DB140001028342F7D18AB902233371731E1CF8C0
:10DB2400012F844503F8012FF9D100237355F8BD63
:10DB34000028FCD03946FEF77FFDF8BDB868A8B1CF
:10DB4400C3889D420CD1631EC21D05EB030E01E088
:10DB54009E452CD013F801CF12F8011F8C45F7D045
:10DB640000680028ECD1B5F5803F1DD23A6805F174
:10DB74000900184913681B688B4223D118F0E4F993
:10DB840090B10123013CC58083802919C31D14F879
:10DB9400012FA14203F8012FF9D1002305442B7270
:10DBA400BB680360B86005E001233B71F8BD83885E
:10DBB40001338380052330603371F8BDB8680028D1
:10DBC400BED1D0E7014610469847D9E70223337106
:10DBD400ABE700BFBD9F00002DE9F043446891B05E
:10DBE400F4B100F10C030DF11C0CD0E9025E93E8D2
:10DBF40007008CE80700BEF1000F1CD023799BB10D
:10DC0400202B18D127460AAE2B469CE8070086E84D
:10DC1400070020467146089AFEF776FB044678B161
:10DC2400204611B0BDE8F0832023274623714FF02E
:10DC3400FF332360E7E70024204611B0BDE8F083FA
:10DC4400AE8E4FF6FF730AAA0DF1340C9E42B04615
:10DC540007CA8CE8070034D0F209EB6A05A803EB85
:10DC6400C2035A6806F07F0332F8331002EBC30292
:10DC7400A9862B4B294616465360FEF7B1FB059B3C
:10DC84009946002BCCD00DAB009530460ECBFFF758
:10DC9400DDF80028C4D0BDF818204FF6FF71F280DB
:10DCA4007B888B4234D0E96AD80903F07F034C4661
:10DCB40001EBC001496801EBC303A3F806807A8035
:10DCC400AEE72B8E2A68B3B1013BE96A9BB201EB44
:10DCD400C300D0F804C0BCF1000F0CD031F833E01D
:10DCE40041888E4507D90CEBC10201EBC318013101
:10DCF400418005A8BDE705A805F10C010390FEF7D6
:10DD040061FA059B03981A463BB901232B7187E7F7
:10DD14004C46A7F800807A8082E7BDF81880A8E70F
:10DD24000000FFFF2DE9F04F50F8044B87B094F842
:10DD34003C3006AD07C8202B8DE8070005E9070035
:10DD440044D18146002841D0238F4FF6FF784345C4
:10DD54003CD0DA09E76A03F07F0307EBC20250689C
:10DD640010EBC30032D04D1E8A46B0F806B001262F
:10DD74004D44D6B10379042B44D0052B3DD0022B5E
:10DD840028D104461AF07CFC50450ED1BAF1000F9C
:10DD940023D009F1FF33601E01E0AB421DD013F81C
:10DDA400011F10F8012F9142F7D0C3450ED04FEA5E
:10DDB400DB130BF07F0B07EBC303586810EBCB00AE
:10DDC40004D086F00106B0F806B0D2E7002007B010
:10DDD400BDE8F08FBAF1000FE7D14FF6FF739B4512
:10DDE400F4D04FEADB130BF07F0B07EBC307786823
:10DDF40000EBCB0007B0BDE8F08F036803F1080423
:10DE0400D888C1E704682046002CBDD01AF038FC3D
:10DE1400BAE700BF08B5FFF785FF20B10079B0FA73
:10DE240080F0400908BD012008BD00BF10B582B0D4
:10DE3400044608460191FFF775FF01990B6818B174
:10DE44000279202A18BF0020C4E90003204602B04A
:10DE540010BD00BF00B583B00191FFF763FF0199C6
:10DE640050B103791A1F012A01D9022B04D1042BC2
:10DE740005D0052B05D00146084603B000BD016856
:10DE8400FAE701680831F7E738B505460C46FFF7AD
:10DE940049FF78B30379296813F010020ED0028881
:10DEA4004FF6FF7C624543D04FEAD21E02F07F0C4E
:10DEB400CA6A02EBCE02526802EBCC020A3B122B76
:10DEC40018D8DFE803F025172C171717171717179B
:10DED4001717171717170A1719001368B3F5803F98
:10DEE400536873F1000334BF0123002313B1FFF718
:10DEF4006BFB0446204638BDD2E900C3002BF9DB96
:10DF0400BCF5803F73F10003B4BF01230023EDE7A8
:10DF14000368B3F5803F2CBF00230123E6E70368C1
:10DF2400002BE7DBB3F5803FACBF00230123DDE723
:10DF34000022C3E700000000037913F0100200B5CB
:10DF440085B00FD002884FF6FF7C62457ED0D1F8B1
:10DF54002CC04FEAD21E02F07F010CEBCE025268B5
:10DF640002EBC102023B1C2B1ED8DFE803F0271D85
:10DF74004F6A6D1D1D1D511D531D571D1D1D1D1D5A
:10DF84001D1D1D1D1D1D201D201D0F0092ED007B5C
:10DF9400B5EEC07BF1EE10FA06DB9FED316BB4EE0B
:10DFA400C67BF1EE10FA53D9002005B000BDD2E9CA
:10DFB4000003002B18BF002005B000BD01466846D1
:10DFC400FEF7B6FB9DF80030013B032BECD8DFE8ED
:10DFD40003F015100A029DED027BB5EEC07BF1EE55
:10DFE40010FADADAE0E7DDE90203002B18BF0020BB
:10DFF400DBE7039B002BD7D10298D6E7DDED027A4D
:10E00400F5EEC07AF1EE10FA0FDACDE70168D6E743
:10E014000068CAE7006820EAE070C6E7D0ED007A3D
:10E02400F5EEC07AF1EE10FABEDB9FED0F7AF4EE56
:10E03400C77AF1EE10FAB7D8FCEEE77A17EE900A39
:10E04400B3E701680831BAE70078AEE7002289E750
:10E05400FCEEC77B17EE900AA7E700BFAFF3008082
:10E064000000E0FFFFFFEF41FFFF7F4F38B505469B
:10E074000C46FFF757FE38B30379296813F01002F2
:10E084000ED002884FF6FF7C624523D04FEAD21EA1
:10E0940002F07F0CCA6A02EBCE02526802EBCC0299
:10E0A4000A3B122B10D8DFE803F00C0F110F0F0FEF
:10E0B4000F0F0F0F0F0F0F0F0F0F0A0F0A005368E8
:10E0C40013B9FFF739FF0446204638BD0368002B17
:10E0D400F7DAF9E70022E3E7437E024663B1037E01
:10E0E400B3B1093BDBB2172B16D80F4921FA03F35E
:10E0F400DB0711D500235376D2E904318B420FD2CA
:10E10400581C012110611B7851761376002BE8D13D
:10E11400107B0130C0B27047012300201373704795
:10E124004FF480731383F3E7130080000346407EAB
:10E1340008B1187E7047D3E904218A4202D2511CE7
:10E1440019611078012218765A767047437E2DE9BA
:10E15400F041044688B08846002B3FD0037E00215E
:10E1640004F11F00A34F01268E4617E02A2B27FA3D
:10E1740002F220D9D2071ED53F291CD084F819E019
:10E184005FFA8CF100F8013F236965695A1CAB42C0
:10E1940080F0DA8022611B7866762376A3F1300260
:10E1A40001F1010C092AE7D9A3F12B02452BD2B2C4
:10E1B400DCD9652BE0D06318002204F1200104A807
:10E1C40083F82020FEF7B4FA9DF81030013B032BAE
:10E1D40000F20D81DFE803F035271E0DD0E904219C
:10E1E4008A4202D2531C0361137801222376627699
:10E1F400B5E79DED067BF7EEC76BB7EEE65AB4EED6
:10E20400457BF1EE10FA52D10E23C8ED006A88F86E
:10E2140004301CE0DDE90676EEB90A23C8F8007084
:10E2240088F8043013E0DDE9066716F1004347F18E
:10E234000003002B60D10C23C8F8006088F8043078
:10E2440005E0069A0E23C8F8002088F80430002060
:10E2540008B0BDE8F081E4694FF6FF73A28E9A42DC
:10E2640040F08380238E2268002B00F0B280013BB3
:10E27400E06A99B200EBC10CDCF80430002B00F02A
:10E28400A88030F831E0BCF80200864540F2A18055
:10E2940003EBC00300EBC1120130ACF80200A8F894
:10E2A40000201A2288F80420C3E90076CFE7E46945
:10E2B4004FF6FF72A38E934264D1238E2268002B03
:10E2C4006DD0013BE06A9BB200EBC3067168002984
:10E2D40065D030F833707088874260D901EBC00292
:10E2E40000EBC313013070801E21A8F8003088F8B9
:10E2F400041082ED007BAAE7E4694FF6FF73A28E57
:10E304009A4225D1238E2268002B57D0013BE06A24
:10E3140099B200EBC10CDCF80430002B4ED030F87D
:10E3240031E0BCF80200864548D903EBC00300EB9A
:10E33400C1120130ACF80200A8F800201C2288F8B1
:10E344000420C3E9006782E74FF48073238332E734
:10E35400D109E36A03EBC10302F07F015B6833F880
:10E36400310003EBC103A086E6E7D109E36A03EBBE
:10E37400C10302F07F015B6833F8310003EBC10392
:10E38400A0868CE7D909E26A02EBC10203F07F019F
:10E39400526832F8310002EBC102A086A4E704F10E
:10E3A4000C0102A88DED007BFDF70CFF029A9DED98
:10E3B400007BCAB901230420237149E704F10C014D
:10E3C40002A8FDF7FFFE029B002BF3D0BDF80C2042
:10E3D400B2E704F10C0102A8FDF7F4FE029B002B46
:10E3E400E8D0BDF80C205AE7BDF80C307CE70320D8
:10E3F4002EE700BF0D0000042DE9F0410646006839
:10E4040088462221036817461B68984773680344AB
:10E414007360B7B147441D4D18F8011B22241C4BEF
:10E424005A788A421ED013F8024F9D42F8D13068C0
:10E43400036881B11B68984773681844B8457060D5
:10E44400EAD13068222103681B6898477368034443
:10E454007360BDE8F0815B6806220E4998477368D3
:10E464001844EBE730680368002CE2D01B685C2199
:10E4740098472146D6E900230344146810462268CD
:10E484007360904773681844D8E700BF7A1E002071
:10E494006C1E00207C1E00202DE9F04F467E87B0C4
:10E4A4000446002E00F0B080067E00224FF0010AE0
:10E4B4001346934617466276EBB960692369834233
:10E4C40080F0C6805A1C22611D786776B542257695
:10E4D40015D0002D00F0C1805C2D1AD06368B3B153
:10E4E400A168DA88914271D00B444A1CA2601D7263
:10E4F400637E002BE1D0257E6776B542E9D1606862
:10E50400B0FA80F04009800007B0BDE8F08F637E68
:10E51400D2E7D4E90430834280F02E815A1C226170
:10E524001A7884F819A02276002A00F09680752AB9
:10E5340012D0994B2F2103F112008A4207D013F80D
:10E54400021F8342F9D1032007B0BDE8F08F5D7844
:10E55400002DF8D06776C1E700254FF0040E6776EA
:10E56400AC462369984203F1010240F2F380226130
:10E574001A7822F020032276002A00F0ED80373B3F
:10E58400402ADBB201DC303AD3B243EA05110F2B47
:10E594000EF1FF3E8DB264D81EF0FF0E84F819C050
:10E5A400DFD105F520539BB2B3F5806F45D305F554
:10E5B40010539BB2B3F5806F59D37F2D2B465CD893
:10E5C400C9B22046FDF7EAFF637E75E74900226879
:10E5D40001F10108D2F800900192B8F5803F1CD2F5
:10E5E400D9F800200A31926810466C4A904227D12B
:10E5F4001846029317F09AFF029B70B1A0F80680A8
:10E604000346A16860606FE7D0E90432934202D206
:10E614005A1C02611E78267647E7D9F80020604923
:10E6240052688A4279D1184617F096FC0123019A60
:10E63400137100236360637E3EE7C1F3090B3DE77A
:10E644000A4602931946034648469847029BD4E774
:10E6540000232383002E3FF452AF022007B0BDE80D
:10E66400F08F03200123637607B0BDE8F08FC1F378
:10E67400090343EA8B2303F5803303F03F029B092C
:10E6840062F07F021F2B8DF811204FF000028DF8ED
:10E69400102046D903F03F0262F07F028DF8122069
:10E6A400C3F389129BB20F2A58D862F01F020DF1EE
:10E6B4001408D5B28DF8135008F1FF38019607E01D
:10E6C4001E440133A360357218F8015D002D30D06B
:10E6D4006668002EF8D0A368F2889342F0D15A00FD
:10E6E400236802F1010902931B68B9F5803F23D224
:10E6F40002F10A011A68926810469446274A904229
:10E704003ED13046039317F011FF039BA0B1A0F84C
:10E7140006900646A3686060D2E7194648469047CB
:10E7240084E763F03F030DF11308DDB28DF8125056
:10E73400C2E7019E637EBFE61A68194952688A429D
:10E7440025D1304617F008FC0123029A13710023E7
:10E754006360B9E700232376022083E702F03F02D7
:10E764001B0B0DF1150862F07F0243F0F0058DF8E4
:10E7740013208DF814509FE74FF4807323836CE7C4
:10E784000A46184603933146E047039BBEE73146E9
:10E7940018469047D8E700BF681E0020AD9F0000D0
:10E7A400B59F0000437E2DE9F047964688B0A3B19B
:10E7B40090F818C0BCF1000F1FD0ACF109047546E5
:10E7C4000A460346E4B2172C1ED8DFF828C32CFAF5
:10E7D40004F4E40758D500224276D0E90432934287
:10E7E40080F06D825A1C0261012293F800C04276C7
:10E7F40080F818C0BCF1000FDFD1047B0134E4B20F
:10E80400204608B0BDE8F08701210173417E61B95B
:10E81400D3E90410814280F09782481C18610120DA
:10E8240091F800C0587683F818C0BCF17B0F30D83B
:10E83400BCF15A0F40F24681ACF15B0CBCF1200FE5
:10E8440027D8DFE81CF0CA00260026002600260090
:10E854002600260026002600260026001101260098
:10E86400260026002600260026002600F5002600A5
:10E874002600260026002600D500260026002600B5
:10E884002600260026002C000120597E187300293A
:10E89400BED011461846FFF759FC0446B0E72020C5
:10E8A4004FF0FF315FFA85FC10711160BCF1000F6D
:10E8B40000F09C8059694FF0010E0D4619694FF024
:10E8C40000008C4CA942587601F1010080F0F580DB
:10E8D4001861097883F819E0A1F109001976002973
:10E8E40000F0EE80C0B2172824FA00F400F2798117
:10E8F400E107E3D483F80CE067461C461646002281
:10E904006368A260002B00F03882637E002B00F065
:10E914000382237E272B00F0F781222B00F0F48161
:10E924002046FFF703FCA0F130020346D2B2092AC5
:10E934000AD9A0F15F02D2B21B2A05D9A0F1410283
:10E94400D2B2192A00F2B580626815464FF000026F
:10E9540029466276002D00F03281A268E88882425E
:10E9640000F0B38111440132A2600B72637E002B6C
:10E9740000F023816268237E1546A3F13002D2B2EF
:10E98400092AE3D9A3F15F02D2B21B2ADED9A3F18B
:10E994004102D2B2192AD9D9002D00F09481637EA4
:10E9A4007BB1237E002B00F0C381A3F10902D2B214
:10E9B400172A00F23C814F4BD340DB0773D5002369
:10E9C4006376D4E90432934280F030825A1C226187
:10E9D40001221B7862762376E4E740244FF0FF306F
:10E9E400E9B214711060002940F09280052407E711
:10E9F400012106201170597E1071002900F0FE805B
:10EA0400197E3D4A00295BD01078884251D10132E9
:10EA14003A4900208A4258764DD0D3E90410814205
:10EA24004BD24C1C01201C61097858761976E9E711
:10EA34005A7E002A00F0E080197E314A00293FD036
:10EA44001078884235D101322E4900208A42587606
:10EA540031D0D3E9041081422FD24C1C01201C6117
:10EA6400097858761976E9E7002106201170597E55
:10EA74001071002900F0BE80197E234A01B310787A
:10EA8400884216D10132214900209142587612D091
:10EA9400D3E90410814210D24C1C01201C61097876
:10EAA40058761976EAE701232373637E002B00F07E
:10EAB400C2800324A4E60024A2E64FF480721A83E1
:10EAC40002249DE6BCF1220F73D10020596898609E
:10EAD400002900F09580184602920193FFF7DCFCB0
:10EAE400044600287FF48CAEDDE90101FDF7C4FC87
:10EAF40086E600BF13008000841E0020881E0020CC
:10EB0400941E0020981E00208C1E0020911E0020C0
:10EB14000024184603925C76CDE90131FFF7DCFA54
:10EB2400044600287FF46CAE0198FFF7FFFA5D28D5
:10EB3400019B53D00299A046039E1C464F1EE269D6
:10EB440006A811460192FDF74BFC0699002900F036
:10EB5400BA8073884FF6FF72BDF81C00934200F030
:10EB6400EC80019A4FEAD31C03F07F03D26A02EBD4
:10EB7400CC02526802EBC303D88070803A46204628
:10EB8400FFF710FE01462046002940F04581FFF7BB
:10EB9400A3FA0546002840F03D812046FFF7C6FA57
:10EBA4005D2819D02046FFF7C1FA2C2881D165765B
:10EBB400C5E7BCF1270F88D06BE663681D46D4E92E
:10EBC4000432934280F02E815A1C22614FF00102DC
:10EBD4001B7862762376D0E62346444600225A7692
:10EBE4000EE67D2983F80CE07FF486AE00221446FD
:10EBF4005A7605E6944A4BE7944A2AE7944A0CE786
:10EC04001C682068016809680D4692498D42CDE967
:10EC1400013240F09D80282017F096F9DDE9013299
:10EC2400002800F08C808C494160586053E7012231
:10EC34002273627E52B9D4E90432934280F0FF8099
:10EC44005A1C226101221B78627623763A2B7FF4C8
:10EC540030AF00223046D4E9013162760B441A7297
:10EC64006168E3690831A2680193FDF74DFB0199DE
:10EC7400002800F093800190FDF7DEFC019A114614
:10EC840020467A1EFFF78EFDB8B92046FFF724FA16
:10EC940098B901902046FFF749FA7D2852D02046C2
:10ECA400FFF744FA2C287FF404AF019B20466376D7
:10ECB400FFF712FA00283FF422AE0446A0E54FF411
:10ECC4008073038399E504249AE552002168501C5B
:10ECD4008A460968B0F5803F804689463DD2096876
:10ECE4000A320193896808465C49884240F0828070
:10ECF4001146284617F01AFC019B014669B3A1F896
:10ED04000680A26861602DE62046FFF7C5FB002857
:10ED14003FF445AE044673E5D4E90432934280F0EF
:10ED24008A805A1C226101221B7862762376F1E5DF
:10ED340023461C7B0134E4B262E530801DE70121E7
:10ED4400217172E7234651E74FF480711983A0E5DE
:10ED54002821A847DDE9013262E7D9F80030404AAA
:10ED64005B6893425AD1284617F0F6F801238AF8D3
:10ED7400043000236360637EF9E52368354A18682C
:10ED84001D4603681B68934241D1282017F0DCF824
:10ED9400002836D0304A42606060B6E504A8FDF72A
:10EDA4001FFB049D002D8ED0019906A8FDF718FBCA
:10EDB400069A002A87D0BDF81C004FF6FF7EBDF8E6
:10EDC40014C0E880718871451ED0019B4FEAD11EA2
:10EDD40001F07F01DB6A03EBCE035B6803EBC10345
:10EDE400A3F806C07080294620460192FDF744FB33
:10EDF400019A44E70346294648469847019B014641
:10EE04007CE701222A71C7E7A6F800C0EAE72821B7
:10EE14009847BDE70446F3E40C46F1E42946484626
:10EE24009847A3E74FF480732383B5E54FF48072CA
:10EE3400234622837DE74FF48073238370E54FF4E8
:10EE44008072228335E600BF8C1E0020941E0020B1
:10EE5400841E0020BD9F000001001F00AD9F000024
:10EE6400B59F000000000000B4EE400B2DE9F04116
:10EE7400F1EE10FA8AB006460CD1B5EE400B0B4603
:10EE8400F1EE10FA12D030EE007BB4EE470BF1EE47
:10EE940010FA0BD130680422B54903685B689847BF
:10EEA4007368034473600AB0BDE8F081B5EEC00B2B
:10EEB400F1EE10FA00F12E811946002B00F04D817D
:10EEC400012202EB820201394FEA4202F9D19FED9D
:10EED400A47BB4EEC70BF1EE10FAC0F2C180DFF8E8
:10EEE400A4C20025A34C4FF480700CF140014719D3
:10EEF400401091ED007BB4EEC07BF1EE10FA04D823
:10EF04003DB294ED007B20EE070B6145A4F10804AB
:10EF1400A1F10801EBD1FCEEC07B17EE90CABCF165
:10EF2400090F0ED96146944CA4FB02020846013B2A
:10EF3400A4FB017163284FEAD2025BB24FEAD1010C
:10EF4400F2D807EE902AB8EE676B07EE90CAB8EED7
:10EF5400677B30EE470B20EE060BFCEEC07BB8EE71
:10EF6400676B17EE904A30EE460B30EE000BBCEEAA
:10EF7400C00B10EE101A0C44944210D30CF1010C87
:10EF8400002D18BFBCF1090F8CBF0122002240F2F2
:10EF9400D680013500244FF0010C2DB208E0764AEA
:10EFA400764904FB02F2B1EB720F2CBF012200225E
:10EFB400002B0FDD72B1704A704F00E050B1A2FB1C
:10EFC4000414013BE408D8B202FB04F15BB2B7EBD2
:10EFD400710FF3D20DF12607DFF89C813946A8FBA7
:10EFE4000C20BCF1090F4FEAD00000EB8002ACEB1F
:10EFF4004202844602F1300201F8012DEFD8306854
:10F004007A1A0093D0F800C0DCF80480C047726814
:10F01400009B02447260002B51D1002D3FF443AF9A
:10F0240030686521ACB203681B6898477368002D8B
:10F0340003447360C0F2868039464F4DA5FB043209
:10F04400092C4FEAD20202EB8203A4EB430394B2ED
:10F0540003F1300301F8013DF0D830687A1A1CE757
:10F06400B5EEC00BF1EE10FA27DD9FED3F7BB4EE59
:10F07400C70BF1EE10FA20D8DFF80CC1B2EE046B26
:10F084003F4C4FF480700CF1400100252F1A4010C2
:10F0940091ED007B27EE067BB4EEC07BF1EE10FA17
:10F0A40004DD3DB294ED007B20EE070B6145A4F135
:10F0B4000804A1F10801E9D12DE700252BE7013B64
:10F0C4000DF120082C4ADBB2C446C3F11F010DEB3D
:10F0D400010EA2FB0410C00800EB8001A4EB410167
:10F0E400044630310CF8011DF445F2D16A4630680B
:10F0F400A8EB03012E24D31A02399C770368A8EBEA
:10F1040001025B689847736803447360002D3FF401
:10F11400CAAE85E730682D21039302688DED000B9C
:10F12400126890477268039B0244194672609DED11
:10F13400000BB1EE407B4BB3B0EE470BC0E60122AF
:10F14400002435E730682D2164420368A4B21B68AB
:10F1540098477368034473606EE70122B7E600BF03
:10F1640000000000D0126341F168E388B5F8E43E82
:10F17400941E0020781E0060CDCCCCCC99999919AE
:10F18400C01E0060801E0060381E00609FED066B8C
:10F194000122B4EEC60BB0EE470BF1EE10FA7FF687
:10F1A4009EAE62E7AFF3008000000000D01263C19E
:10F1B40010B50446006803681B68984763680344F5
:10F1C400636010BD03792DE9F0470C4613F010017C
:10F1D40088B005460FD001884FF6FF70814200F0D9
:10F1E400D881C809D26A01F07F0102EBC0025268DB
:10F1F40002EBC1021146023B3E2B40D8DFE813F07C
:10F204004B0054005A0067006E003F003F003F006F
:10F214007C003F00B6003F00F1003F003F003F008C
:10F224003F003F003F003F003F003F003F003F00E2
:10F23400FA003F002F013F0066013F006D013F00CF
:10F244003F003F003F003F003F003F003F003F00C2
:10F254003F003F003F003F003F003F003F003F00B2
:10F264003F003F003F003F003F003F003F003F00A2
:10F274003F003F003F003F003F003F0096012068F1
:10F284000422C94903685B68984763680344636060
:10F2940008B0BDE8F087284619F0F2F9294602467D
:10F2A4002046FFF7A9F8F3E729682068CA880831DF
:10F2B4000368E8E72D68002D00F07481284619F0F2
:10F2C400DFF9024629462046FFF796F8E0E7296869
:10F2D4002046CA880831FFF78FF8D9E720682B78D1
:10F2E40002685568002B00F056810422AF49A847F4
:10F2F400636803446360CBE70DF11E022B684FF093
:10F304000009AB4D11464FF0CC3E052713EB09081D
:10F314009C464E4648F10008A5FB080A2AF0030063
:10F3240000EB9A00A8EB0008B3EB080369F10000B6
:10F334000EFB03F905FB0099A3FB0530814403F0A0
:10F3440001005B08A0FB070A43EAC97310EB08003D
:10F35400BCF10A0F4FEA590900F1300076F10006BA
:10F3640001F8010DD2D22068521A8BE72B68DD1701
:10F37400002BC0F22B810DF11E028D4E4FF0CC38C4
:10F384004FF0050C114613EB05099E462F4649F133
:10F394000009A6FB090A2AF0030000EB9A00A9EB76
:10F3A4000009B3EB090365F1000008FB03F506FB54
:10F3B4000055A3FB0630054403F001005B08A0FBE5
:10F3C4000C0A43EAC57310EB0900BEF10A0F4FEAB9
:10F3D400550500F1300077F1000701F8010DD2D294
:10F3E400C1E795ED000A06212046B7EEC00AFFF7F3
:10F3F4003BFD4DE70DF11E02DFF8B4C14FF0CC39EF
:10F404004FF00508D1E9003611469D199A46B646D3
:10F4140045F10005ACFB050727F0030000EB97005E
:10F424002D1A5B1B66F1000009FB03F60CFB00665A
:10F43400A3FB0C30064403F001005B08A0FB0807A3
:10F4440043EAC6734019BAF10A0F4FEA560600F1AF
:10F4540030007EF1000E01F8010DD6D283E7D1E928
:10F464000035002DC0F2A8800DF11E02504E4FF061
:10F47400CC394FF0050E11465F199A46AC4647F158
:10F484000007A6FB070828F0030000EB98003F1ACA
:10F49400DB1B65F1000009FB03F506FB0055A3FB2C
:10F4A4000630054403F001005B08A0FB0E0843EAA4
:10F4B400C573C019BAF10A0F4FEA550500F13000BF
:10F4C4007CF1000C01F8010DD6D24CE791ED000B54
:10F4D40020460921FFF7C8FCDAE67B212046FFF726
:10F4E40067FE4FF6FF762D88B5424BD00127A26800
:10F4F400E80905F07F052146D36A03EBC003586889
:10F5040000EBC5052846FFF75DFEED88B54239D00E
:10F514002068002F87F0010703680CBF2C213A21D3
:10F524001B689847636803446360E0E75B212046F7
:10F53400FFF73EFE4FF6FF762D88B54207D118E05F
:10F54400206803681B689847636803446360A26883
:10F55400E90905F07F05D36A03EBC1032146586826
:10F5640000EBC5052846FFF72DFEED882C21B5429A
:10F57400E6D120685D2103681B68984763680344EB
:10F58400636085E67D212046FFF712FE08B0BDE8E2
:10F59400F08700222EE605220649A8476368034443
:10F5A400636075E62A468DE6941E0020841E0020C2
:10F5B400CDCCCCCC8C1E00202D2120460193FFF70E
:10F5C400F7FD019B5B4265EB45054DE72D21204688
:10F5D4000193FFF7EDFD019B5B4265EB4505CAE630
:10F5E4002DE9F04F2DED028BA7B0D0484FF6FF79EF
:10F5F4000CA916ACF6F7B2FE002324ADCC4A8DF864
:10F604005C300DF1640B18934FF480232146284697
:10F614002293A3F5A02316922593CDF884B0ADF8D8
:10F624008C90FDF709F820230622C24928468DF85C
:10F6340094304FF0FF3324932346FCF765FE0028F3
:10F6440000F0E282074606AE21463846FCF7F4FF96
:10F6540004233B71B84B3B60B84B3046DFF8CC9287
:10F664000993072399F804A00A930123CDE90754C9
:10F674008DF82C30FEF7B0FA074630B12146FCF77E
:10F68400DBFF062387F800A03B71A848F6F79AF938
:10F69400AB4B8246304609930C230A930123CDE9F0
:10F6A40007548DF82C30FEF797FA0746002800F02F
:10F6B4006B822146FCF7C0FF062387F800A0B9F847
:10F6C4002C903B719DF89430002B00F02B82202B62
:10F6D40011D12346092228469A49FCF715FE07460C
:10F6E400002800F0548221463846FCF7A5FF0C237D
:10F6F400C7F800903B71944B4FF001089DF8361009
:10F7040030460993092308278DF82C800A934FF07B
:10F714000B094FF0060ACDE90754FDF727FC8B4B84
:10F724009DF83710304609930A978DF82C80CDE95F
:10F734000754FDF71BFC864BBDF83810304609937F
:10F74400CDF828908DF82C80CDE90754FDF7B2FC54
:10F75400804A9DF83A10304609928DF82C80CDF8F5
:10F7640028A0CDE90754FDF701FC7B4A9DF83B1026
:10F77400304609920D228DF82C800A92CDE9075467
:10F78400FDF7F4FB0D229DF83C1030460A92734AB3
:10F794008DF82C800992CDE90754FDF7E7FB704BF7
:10F7A400BDF83D103046CDF828904FF00A09099372
:10F7B4008DF82C80CDE90754FDF77CFC694BBDF82E
:10F7C4003F103046099310238DF82C800A93CDE91D
:10F7D4000754FDF76FFC644B9DF8411030460A97BF
:10F7E40009938DF82C80CDE90754FDF7BFFB5F4BDF
:10F7F400BDF8421030460A9709938DF82C80CDE964
:10F804000754FDF757FC5A4BBDF8441030460A978D
:10F8140009938DF82C80CDE90754FDF74BFC554B2B
:10F82400BDF8461030460993CDF828908DF82C8009
:10F83400CDE90754FDF73EFC4F4BBDF84810304668
:10F84400CDF8289009938DF82C80CDE90754FDF765
:10F8540031FC4A4B30460A979DF84A908DF82C802B
:10F864000993CDE90754FEF7B7F90746002800F0DD
:10F8740083812146FCF7E0FEB9F1000987F804A072
:10F8840018BF4FF0010987F800909DF84B30B3F191
:10F89400000918BF4FF001099DF89430002B40F087
:10F8A4005F8120238DF894304FF0FF332493234657
:10F8B400082228463249FCF727FD0746002800F0B5
:10F8C4006C8221463846FCF7B7FE062387F8009081
:10F8D4003B712C4B4FF001089DF84C1030460993B6
:10F8E4000A230E278DF82C800A93CDE90754FDF7DF
:10F8F4003DFB254BBDF84D10304609930A978DF812
:10F904002C80CDE90754FDF7D5FB204B30460A97F0
:10F914009DF84F908DF82C800993CDE90754FEF79C
:10F924005BF90746002840D032E000BF34C2002013
:10F93400C8500020602200209C1E0020702000205F
:10F94400A01E0020B01E0020BC1E0020C81E0020E7
:10F95400D41E0020E01E0020E81E0020F81E002017
:10F96400081F0020141F0020281F0020341F00201F
:10F97400401F00204C1F0020581F0020641F00203F
:10F98400701F00207C1F0020881F0020981F00206B
:10F994002146FCF751FEB9F100094FF0060318BFE8
:10F9A4004FF001093B7187F80090B54B4FF0010807
:10F9B4009DF850103046099311230A278DF82C80A6
:10F9C4000A93CDE90754FDF7D1FAAE4BBDF85110B7
:10F9D400304609938DF82C800A97CDE90754FDF73A
:10F9E40069FBA94BBDF85310304609930A978DF86B
:10F9F4002C80CDE90754FDF75DFBA448F6F726F803
:10FA04009DF89430B0EE408A002B40F0B180202362
:10FA14008DF894304FF0FF33249323460A2228466E
:10FA24009B49FCF771FC0746002800F07A812146C7
:10FA34003846FCF701FEF6EE007A0C2378EE277ABE
:10FA44003B71FDEEE77AC7ED007A9048F5F790FF39
:10FA54009DF89430B0EE408A002B40F0858020233E
:10FA64008DF894304FF0FF33249323461122284617
:10FA74008849FCF749FC0746002800F01581214617
:10FA84003846FCF7D9FDF6EE007A0C2378EE277A97
:10FA94003B71FDEEE77AC7ED007A00237E4F3146D5
:10FAA40028462246079308940697FFF78BFB3846AF
:10FAB40011F0FCFD1898169E90B1784C03E016F0F6
:10FAC4004BFA189858B1336802685B681892A342DD
:10FAD400F5D001463046984718980028F3D1169E71
:10FAE400BDF88820219B22B30024DFF8B09127467B
:10FAF4000AE016F031FA219B01342F60BDF888101A
:10FB0400A2B26F60914214D903EBC4056968084638
:10FB14000029F1D033685B684B45EAD030469847FA
:10FB2400219BE9E720238DF894304FF0FF33249391
:10FB3400CFE500214FF6FF725B45ADF88810ADF8B4
:10FB44008C2008D03268554952688A4240F061815D
:10FB5400184616F001FA27B0BDEC028BBDE8F08F11
:10FB6400202B3FF4A4AEB4E6202B3FF47EAF94E701
:10FB7400202B3FF452AF68E79DF84B30B3EB0009FC
:10FB840018BF4FF0010987E6B9F82C909AE5444B69
:10FB9400214602A806930923079301238DF82030F8
:10FBA400FCF71EFCDDF808A0BAF1000F3FF4A3AD8A
:10FBB400214604A8FCF714FC049F002F3FF49BADDE
:10FBC4000094504696E80E00FDF740F900283FF4F3
:10FBD40092ADBDF814104FF6FF72BDF80C00AAF8F0
:10FBE4000610BDF89230934200F01D81219A4FEA2D
:10FBF400D31C03F07F0302EBCC02526802EBC30375
:10FC0400D880ADF892106EE5264B214602A80693E3
:10FC14000623079301238DF82030FCF7E1FBDDF880
:10FC240008A0BAF1000F00F0FC80214604A8FCF7FC
:10FC3400D7FB049F002F00F0F48006AE00945046DA
:10FC440096E80E00FDF702F900283FF405ADBDF873
:10FC54001430BDF80C00AAF80630BDF892204A45CD
:10FC640000F0ED8021994FEAD21C02F07F0201EBF3
:10FC7400CC01496801EBC202D080ADF89230E3E4D4
:10FC8400A81F0020BC1F0020C81F002034C2002071
:10FC9400D41F0020E01F0020704F0020B59F0000FB
:10FCA400B01E002060220020664B214602A8069365
:10FCB4001123079301238DF82030FCF791FBDDF825
:10FCC4000890B9F1000F3FF4E8AE214604A8FCF710
:10FCD40087FB049F002F3FF4E0AE0094484696E86B
:10FCE4000E00FDF7B3F800283FF4D7AEBDF81410AA
:10FCF4004FF6FF72BDF80C00A9F80610BDF892305B
:10FD0400934200F09980219A4FEAD31C03F07F03B9
:10FD140002EBCC02526802EBC303D880ADF8921018
:10FD2400ADE6494B214602A806930A230793012313
:10FD34008DF82030FCF754FBDDF80890B9F1000F82
:10FD44003FF483AE214604A8FCF74AFB049F002F2E
:10FD54003FF47BAE0094484696E80E00FDF776F833
:10FD640000283FF472AEBDF814104FF6FF72BDF8D0
:10FD74000C00A9F80610BDF89230934259D0219A8C
:10FD84004FEAD31C03F07F0302EBCC02526802EB70
:10FD9400C303D880ADF8921049E62C4B214602A843
:10FDA40006930823079301238DF82030FCF718FBF2
:10FDB400DDF808A0BAF1000F3FF48BAD214604A88A
:10FDC400FCF70EFB049F002F3FF483AD00945046D4
:10FDD40096E80E00FDF73AF800283FF47AADBDF836
:10FDE40014104FF6FF72BDF80C00AAF80610BDF807
:10FDF400923093421AD0219A4FEAD31C03F07F0326
:10FE040002EBCC02526802EBC303D880ADF8921027
:10FE140057E519463046904727B0BDEC028BBDE844
:10FE2400F08F06AE18E4ADF89000EAE6ADF8900065
:10FE3400ECE7ADF89000ADE7ADF890006EE7ADF8F3
:10FE440090001AE7E01F0020D41F0020701F00203C
:10FE540000B5024685B00848002301A9019002F1CB
:10FE64003800CDE90232FFF7ADF90A2005B05DF89C
:10FE740004EB14F0ABBA00BF704F00202DE9F0433F
:10FE8400002395B0674A8DF8143004AC04924FF403
:10FE9400802206934FF6FF731092A2F5A022ADF8CC
:10FEA40044300DF11C08604B6846139206220193FE
:10FEB4000123CDF83C80009402928DF80C30FDF7BC
:10FEC40037FD38B100990546FCF7B6FB04232B71C6
:10FED400564B2B600623564A684602930123CDE90C
:10FEE40000428DF80C30FDF723FD054630B1009932
:10FEF400FCF7A2FB04232B714E4B2B600A234E4AC2
:10FF0400684602930123CDE900428DF80C30FDF7D9
:10FF14000FFD054630B10099FCF78EFB04232B71CD
:10FF2400464B2B60464B0921464AD3F820324648BB
:10FF340017F090FE0523454A68460293012342497F
:10FF44008DF80C30CDE90042FDF7C0FD404B1B7825
:10FF5400023BDBB2032B5CD83E4A52F823103E4BE3
:10FF64006846CDE900430423029301238DF80C3045
:10FF7400FDF7ACFD2046FFF76BFF0698049E90B199
:10FF8400364C03E015F0E8FF069858B13368026870
:10FF94005B680692A342F5D001463046984706981E
:10FFA4000028F3D1049EBDF840200F9BEAB1002441
:10FFB400DFF8A89027460AE015F0CEFF0F9B013426
:10FFC4002F60BDF84010A2B26F6091420DD903EBCF
:10FFD400C405696808460029F1D033685B684B455D
:10FFE400EAD0304698470F9BE9E700214FF6FF72AD
:0CFFF4004345ADF84010ADF8442007D0A4
:02000004600199
:100000003268174952688A4207D1184615F0A6FF90
:1000100015B0BDE8F0830849A3E71946304690477C
:1000200015B0BDE8F08300BFC8500020602200205A
:100030009C1E0020F41F0020F80C0020FC1F002054
:100040000820002000441F401820002098BE0020F7
:1000500020200020A1560020E809002030210020A7
:10006000B59F00002DE9F04F00239FB0B84A8DF8EE
:100070003C300EAD0E924FF4802210934FF6FF737A
:100080001A92A2F5A022ADF86C3011A9B14B08A8C4
:100090001D92062209930123199108950A928DF861
:1000A0002C30FDF747FC38B129460446FCF7C6FA68
:1000B00004232371A84B23600623A84A08A80A93A7
:1000C0000123CDE908528DF82C30FDF733FC0446AE
:1000D00030B12946FCF7B2FA04232371A04B236008
:1000E0000A23A04A08A80A930123CDE908528DF8F3
:1000F0002C30FDF71FFC044630B12946FCF79EFA70
:1001000004232371984B23600623984A08A80A9376
:100110000123CDE908528DF82C30FDF70BFC064683
:1001200038B12946FCF78AFA202333714FF0FF33A8
:1001300033608F4B08A80B9302230C930123CDE966
:1001400009658DF83430FDF749FD834648B12946ED
:10015000FCF774FA40238BF804304FF0FF33CBF8F0
:100160000030844FBBF1000F39D04FF6FF78BA460C
:1001700003964FF00C09BDF86C40444500F0A9818E
:10018000E209199B03EBC2035F6804F07F0337F8B1
:10019000332007EBC307ADF86C20774B2946384670
:1001A0000AF1020A7B603AF9026CFCF747FA87F819
:1001B00004903E60BBF80230434500F0B581199AC7
:1001C000D90903F07F0302EBC102526802EBC303BB
:1001D000DC806A4BABF802409A45CCD1039E002EDE
:1001E00000F017823379002B00F0AB81202B40F018
:1001F00010822B46022230466149FCF787F80446FC
:10020000002800F01D8229462046FCF717FA4023FB
:10021000A24623714FF0FF332360DFF890B1BAF1AB
:10022000000F3AD04FF6FF7703964FF00C08BDF859
:100230006C40BC4200F08B81E209199B03EBC203C6
:1002400004F07F025B6833F8321003EBC209ADF8AB
:100250006C10494B294648460BF1020BC9F8043093
:100260003BF9026CFCF7EAF989F80480C9F80060F0
:10027000BAF80230BB4200F0AC81199AD90903F0F8
:100280007F0302EBC102526802EBC303DC803D4BEB
:10029000AAF802405B45CAD1039E3B4B06270124C6
:1002A00008A80B93394B0C9719888DF83440CDE989
:1002B0000965FCF701FF364B08A80C971988354BE8
:1002C0008DF834400B93CDE90965FCF7F5FE002E5F
:1002D0007FD0314B1C683379002B40F0968120236E
:1002E00033714FF0FF3333602B46082230462B49E1
:1002F000FCF70CF80746002800F0868229463846AD
:10030000FCF79CF90E233C603B71254B1C6833794C
:10031000002B00F07481202B5BD12B460422304649
:100320002049FBF7F3FF0746002800F033822946F7
:100330003846FCF783F90E233C603B711A4B1C686E
:100340003379002B00F05581202B42D130E000BFE3
:10035000C8500020602200209C1E0020F41F0020B6
:10036000F80C0020FC1F0020082000201C23002087
:100370002820002088C400200000FFFF96C4002031
:10038000F4180020A6C400202C200020CEC6002097
:10039000D0C6002034200020645300203C200020E0
:1003A00084C40020482000205C53002098C4002012
:1003B0002B46082230469849FBF7A8FF074600283D
:1003C00000F0AD8129463846FCF738F90E233C6031
:1003D0003B71924B012408A80B9309238DF83440FC
:1003E0000C938F4B1978CDE90965FCF7C1FD8D4B56
:1003F0008DF8344008A81C788B4B0B930F23CDE964
:1004000009650C93FDF7EAFB074640B12946FCF766
:1004100015F9B4FA84F35B093B7006233B71DEB136
:10042000824B1F683379002B40F0DF80202333712B
:100430004FF0FF3333602B46062230467C49FBF7F2
:1004400065FF0446002800F02F8129462046FCF76E
:10045000F5F80A23276023712846FFF7FBFC109864
:100460000E9E90B1734C03E015F078FD109858B1D2
:10047000336802685B681092A342F5D001463046AB
:10048000984710980028F3D10E9EBDF86820199B5C
:10049000002A00F088800024DFF8988127460AE0CF
:1004A00015F05CFD199B01342F60BDF86810A2B2F5
:1004B0006F60914277D903EBC4056968084600294B
:1004C000F1D033685B684345EAD030469847199BC2
:1004D000E9E7BDF868300E9A5BB1013B19999BB210
:1004E00001EBC300476827B131F8334041888C42A3
:1004F00012D811A908A8FBF767FE089F002F40F04B
:10050000BD8101230AF1020A8DF83C304A4B534564
:100510007FF42FAE039E62E601EBC31307EBC10726
:1005200001319CB2418038E6002364F30F0364F389
:100530001F43CBF80030404B53457FF41CAE039E65
:100540004DE6202333714FF0FF33336051E6BDF8A1
:1005500068300E9A9BB1013B19999BB201EBC30025
:10056000446864B131F833C041888C4507D901EB48
:10057000C31304EBC10901319CB2418069E611A9A2
:1005800008A8FBF721FEDDF82090B9F1000F40F03C
:10059000788101230BF1020B8DF83C30274B5B4532
:1005A0007FF443AE78E64FF6FF720021ADF86C2081
:1005B00011AAADF86810934208D032681D495268FC
:1005C0008A4240F06181184615F0C8FC1FB0BDE8B2
:1005D000F08F002364F30F0364F31F43CAF8003065
:1005E000164B9B457FF423AE56E6202B3FF423AFFA
:1005F00032E7202333714FF0FF333360D8E62023F6
:1006000033714FF0FF33336087E6202B3FF46CAE3D
:10061000DFE64FF0000A00E6502000205C200020BA
:10062000A256002008C70020682000206C5300203C
:1006300078200020B59F000096C40020A6C40020AA
:10064000994B294604A808930223099301238DF8A6
:100650002830FBF7C7FE049F002FDAD0294606A8F2
:10066000FBF7C0FE069C002CD3D008AB00953846A3
:100670000ECBFCF7EDFB0028CBD0BDF81C104FF6DD
:10068000FF72BDF81400F9807388934200F0028174
:10069000199ADF0903F07F0302EBC702526802EBED
:1006A000C303D8807180AEE5804B294604A8089327
:1006B0000623099301238DF82830FBF793FEDDF81C
:1006C0001080B8F1000F3FF4C7AE294606A8FBF72B
:1006D00089FE069C002C3FF4BFAE08AB0095404657
:1006E0000ECBFCF7B5FB00283FF4B6AEBDF81C10EE
:1006F0004FF6FF72BDF81400A8F8061073889342F5
:1007000000F0D080199A4FEAD31C03F07F0302EB6C
:10071000CC02526802EBC303D880718095E6644B2B
:10072000294604A808930823099301238DF828304B
:10073000FBF758FEDDF81080B8F1000F3FF449AE2A
:10074000294606A8FBF74EFE069F002F3FF441AE58
:1007500008AB009540460ECBFCF77AFB00283FF42F
:1007600038AEBDF81C104FF6FF72BDF81400A8F8A3
:1007700006107388934200F09380199A4FEAD31CB5
:1007800003F07F0302EBCC02526802EBC303D88074
:10079000718017E6474B294604A808930423099360
:1007A00001238DF82830FBF71DFEDDF81080B8F12D
:1007B000000F3FF4C3AD294606A8FBF713FE069FC2
:1007C000002F3FF4BBAD08AB009540460ECBFCF7C5
:1007D0003FFB00283FF4B2ADBDF81C104FF6FF728E
:1007E000BDF81400A8F806107388934256D0199AE1
:1007F0004FEAD31C03F07F0302EBCC02526802EBFA
:10080000C303D880718092E52B4B294604A8089336
:100810000823099301238DF82830FBF7E3FDDDF869
:100820001080B8F1000F3FF470AD294606A8FBF721
:10083000D9FD069F002F3FF468AD08AB00954046F8
:100840000ECBFCF705FB00283FF45FADBDF81C1094
:100850004FF6FF72BDF81400A8F806107388934293
:100860001AD0199A4FEAD31C03F07F0302EBCC0293
:10087000526802EBC303D88071803FE5BDF8244085
:100880008BE4BDF82440E4E41946304690471FB09D
:10089000BDE8F08F308005E73080EDE73080B1E7CC
:1008A000308075E7308038E7F41800207820002089
:1008B00050200020482000203C2000202DE9F0435B
:1008C000002395B0704A8DF8143004AC04924FF4B4
:1008D000802206934FF6FF731092A2F5A022ADF886
:1008E00044300DF11C08694B6846139206220193AF
:1008F0000123CDF83C80009402928DF80C30FDF776
:1009000019F838B121460546FBF798FE04232B71F0
:100910005F4B2B6009235F4A5F4D684602930123BA
:10092000AF688DF80C30CDE90042FDF703F80646BC
:1009300028B12146FBF782FE0E2337603371574BF7
:100940006846EF68CDE900430A23029301238DF83E
:100950000C30FCF7EFFF064628B12146FBF76EFE90
:100960000E23376033714E4B68462F69CDE9004343
:100970000B23029301238DF80C30FCF7DBFF0646B6
:1009800028B12146FBF75AFE0E2337603371454BE1
:1009900068466F69CDE900430B23029301238DF86C
:1009A0000C30FCF7C7FF064628B12146FBF746FE90
:1009B0000E23376033713C4B6846AE69CDE9004386
:1009C0000923029301238DF80C30FCF7B3FF054691
:1009D00028B12146FBF732FE0E232E602B712046F4
:1009E000FFF738FA0698049E90B1304C03E015F0FA
:1009F000B5FA069858B1336802685B680692A3425C
:100A0000F5D001463046984706980028F3D1049E59
:100A1000BDF840200F9BEAB10024DFF890902746F4
:100A20000AE015F09BFA0F9B01342F60BDF84010CF
:100A3000A2B26F6091420DD903EBC4056968084604
:100A40000029F1D033685B684B45EAD030469847BF
:100A50000F9BE9E700214FF6FF724345ADF84010C8
:100A6000ADF8442007D03268104952688A4205D157
:100A7000184615F073FA15B0BDE8F08319463046F4
:100A8000904715B0BDE8F083C850002060220020D8
:100A90009C1E002080200020E4C200208C2000202A
:100AA00098200020A4200020B0200020B59F000046
:100AB0002DE9F04F002397B0AC4A8DF81C3006AFFB
:100AC00006924FF4802208934FF6FF731292A2F51C
:100AD000A022ADF84C3009A9A54B02A81592062218
:100AE000039301231191029704928DF81430FCF7BF
:100AF00021FF38B139460446FBF7A0FD04232371DA
:100B00009C4B23609C4A0B2302A804939B4BCDE98A
:100B10000272012293F82C508DF81420FCF70AFF82
:100B2000044628B13946FBF789FD0A232560237165
:100B30000523934A02A804930123CDE902728DF89C
:100B40001430FCF7F7FE834648B13946FBF776FDD3
:100B500040228BF804204FF0FF32CBF80020BBF18D
:100B6000000F39D04FF6FF76DFF828924FF00A08D1
:100B7000BDF84C40B44200F0C580E209119B03EB84
:100B8000C20304F07F025D6835F8323005EBC20520
:100B9000ADF84C307B4B3946284609F101096B60B2
:100BA00019F801ACFBF74AFDC5F800A0BBF802300C
:100BB00085F80480B34200F0CD80119AD90903F082
:100BC0007F0302EBC102526802EBC303DC806E4B71
:100BD000ABF802409945CBD10A236C4A02A8049392
:100BE0000123CDE902728DF81430FCF7A3FE824692
:100BF00048B13946FBF722FD40228AF804204FF025
:100C0000FF32CAF80020DFF89081BAF1000F39D026
:100C10004FF6FF76DFF884B14FF00A09BDF84C407B
:100C2000B44200F0BD80E209119B03EBC2035D6892
:100C300004F07F0335F8332005EBC305ADF84C20F5
:100C4000504B394628460BF1010B6B601BF8013CF9
:100C50000193FBF7F3FC019B85F804902B60BAF835
:100C60000230B34200F0D880119AD90903F07F0313
:100C7000C34502EBC102526802EBC303DC80AAF851
:100C80000240CBD13846FFF7E5F80898069D90B1B1
:100C90003F4C03E015F062F9089858B12B680268E0
:100CA0005B680892A342F5D0014628469847089809
:100CB0000028F3D1069DBDF84820119B002A00F0C2
:100CC00096800024324E27460DE015F047F9119B1F
:100CD0000134C8F80070BDF84810A2B2C8F804701A
:100CE000914240F2848003EBC408D8F8041008460F
:100CF0000029EDD02B685B68B342E6D028469847C0
:100D0000119BE5E7BDF84830069A9BB1013B11996C
:100D10009BB201EBC300456865B131F833404188AF
:100D20008C4207D901EBC31305EBC10501319CB21D
:100D300041802FE709A902A8FBF746FA029D002D82
:100D400075D1012399448DF81C300F4B99457FF4E0
:100D50000DAF41E7002364F30F0364F31F43CBF8A7
:100D60000030094B99457FF403AF35E7C8500020A8
:100D7000602200209C1E0020BC200020E4C2002035
:100D8000C82000200000FFFF24C30020D020002046
:100D9000B59F000014C3002004C3002000C300203E
:100DA000BDF84830069A9BB1013B11999BB201EB0B
:100DB000C300456865B131F8334041888C4207D99A
:100DC00001EBC31305EBC10501319CB2418037E74C
:100DD00009A902A8FBF7F8F9029D8DBB0BF1010BE5
:100DE0000123C3458DF81C307FF416AF4AE74FF658
:100DF000FF720021ADF84C2009AAADF848109342CB
:100E000007D02A68104952688A4213D1184615F053
:100E1000A5F817B0BDE8F08F0023C34564F30F03B6
:100E200064F31F43CAF800307FF4F8AE2AE7BDF838
:100E30000C40AFE619462846904717B0BDE8F08F42
:100E4000BDF80C40FCE600BFB59F00002DE9F04F57
:100E50000023A3B0B64A8DF84C300DF14809129228
:100E60004FF4802214934FF6FF731E92A2F5A02236
:100E7000ADF87C3015A9AF4B0EA8219206220F9336
:100E800001231D91CDF8389010928DF84430FCF775
:100E900051FD38B149460446FBF7D0FB04232371CA
:100EA000A54B2360A54B0A250EA81095CDE90E93FE
:100EB00001238DF84430A24B9E79FCF73BFD04469C
:100EC00020B14946FBF7BAFB257126609C4B0EA862
:100ED000D3F807509B4BCDF838900F93092310930C
:100EE00001238DF84430FCF725FD044628B149461E
:100EF000FBF7A4FB0E2325602371934B0EA8CDE9CD
:100F00000E930923109301238DF844308C4BDD7A26
:100F1000FCF710FD044628B14946FBF78FFB0A2376
:100F200025602371894B0EA8CDE90E9307231093FA
:100F300001238DF84430FCF7FDFC034648B14946D7
:100F40000390FBF77BFB4022039B1A714FF0FF32AB
:100F50001A607B4AD27A002A00F0CB814FF0010B55
:100F6000DFF8DCA1CDE904B3049B5E1E059B002BDA
:100F700000F0AD81BDF87C304FF6FF72934200F077
:100F80001D83D9091D9A02EBC102546803F07F0248
:100F900034F8321004EBC204ADF87C106C4A4FF602
:100FA000FF716260059A52888A4200F02D841D9973
:100FB000D00902F07F0201EBC001496801EBC202D7
:100FC000D380059A494620465380FBF737FB202300
:100FD0000422604923714FF0FF33204623604B46C3
:100FE000FBF794F99AF80C700546002800F0538539
:100FF00049462846FBF722FB0A232F602B712379F1
:101000009AF80D70002B40F00F83202323714FF0CE
:10101000FF3323604B46082220464F49FBF776F901
:101020000546002800F0838449462846FBF706FB66
:101030000A232F602B7123799AF80E70002B40F051
:10104000DF83202323714FF0FF3323604B460822B8
:1010500020464249FBF75AF90546002800F0DF8494
:1010600049462846FBF7EAFA0A232F602B712379B9
:101070009AF80F70002B00F0D182202B40F02781CE
:101080004B460C2220463649FBF740F9054600281E
:1010900000F0108449462846FBF7D0FA0A232F6057
:1010A0002B711A23264A03FB06231F8A2379002B60
:1010B00000F0AE82202B40F00A814B4606222046EB
:1010C0002849FBF723F90546002800F0B783494675
:1010D0002846FBF7B3FA0A232F602B712379002BE4
:1010E00000F09082202B40F0F2804B4605222046F3
:1010F0001D49FBF70BF98346002800F0558449464B
:101100005846FBF79BFA40238BF804304FF0FF332F
:10111000CBF80030BBF1000F00F0D9801A23D04685
:10112000CDF81CA003FB06F300260393A1E000BF4B
:10113000C8500020602200209C1E0020DC200020DF
:10114000A4C30020E8200020F4200020002100207B
:101150000000FFFF08210020102100201C2100209A
:10116000282100203821002040210020D9091D9A83
:1011700002EBC102546803F07F0234F8321004EB32
:10118000C204ADF87C10AF4A4FF6FF716260BBF845
:1011900002208A4200F0FB801D99D00902F07F02F4
:1011A00001EBC001496801EBC202D38049462046E9
:1011B000ABF80230FBF742FA20230722A249237141
:1011C0004FF0FF33204623604B46FBF79FF898F81B
:1011D00012700546002800F0998149462846FBF721
:1011E0002DFA0A232F602B71039A06EB8603B500B4
:1011F0001344964A1344B3F813A02379002B5FD10C
:10120000202323714FF0FF3323604B4607222046F3
:101210008F49FBF77BF80746002800F01F814946FD
:101220003846FBF70BFA0A23C7F800A03B71039B73
:1012300035441D44854B1D442379B5F81570002BAA
:1012400038D0202B3ED14B46082220468149FBF75F
:101250005DF80546002800F09D8001364946284685
:10126000FBF7ECF90A23042E2F602B712DD008F127
:101270000508BDF87C304FF6FF7293427FF476AFDD
:10128000BDF87830129A002B71D0013B1D999BB2AA
:1012900001EBC3004468002C69D031F83350418819
:1012A0008D4264D901EBC31304EBC10401319BB23D
:1012B000418068E7202323714FF0FF332360C2E7AA
:1012C000202BA2D00136042ED1D1DDF81CA0049928
:1012D0000AF11A0A5D4BCAB2DB7A082918BF934299
:1012E00001F101028CBF012300230492002B7FF443
:1012F0003BAE4846FEF7AEFD1498129E90B1564C98
:1013000003E014F02BFE149858B1336802685B6850
:101310001492A342F5D0014630469847149800280D
:10132000F3D1129EBDF878201D9B002A00F0708238
:101330000024DFF8248127460BE014F00FFE1D9BEC
:1013400001342F60BDF87810A2B26F60914240F274
:101350005F8203EBC405696808460029F0D0336852
:101360005B684345E9D0304698471D9BE8E715A9DF
:101370000EA8FAF729FF0E9C002C40F0DF830136FF
:101380000123042E8DF84C307FF471AF9DE7ABF84C
:1013900000300BE72F4BBDF87CA00E9308230F9372
:1013A00001238DF840304FF6FF739A4500F06781B6
:1013B0004FEADA121D9B03EBC2030AF07F025B685F
:1013C00033F8321003EBC203ADF87C100693069B92
:1013D0001C4A5A604FF6FF73BDF87C109942089181
:1013E00000F0E981CA091D9B03EBC2035D6801F0AF
:1013F0007F0335F8332005EBC305ADF87C20114B96
:1014000006986B600EABCDF800900ECBFBF720FD7D
:1014100000283FF457AF069B089ADA804FF6FF7218
:101420006388934200F073831D9AD90903F07F0308
:1014300002EBC102526802EBC303A3F806A0089BAB
:1014400063800AE70000FFFF48210020A4C30020BA
:101450005021002058210020B59F0000A94BBDF865
:101460007C100E93072308910F9301238DF84030D1
:101470004FF6FF73994200F0DB80CA091D9B03EB16
:10148000C20301F07F025B6833F8321003EBC20342
:10149000ADF87C100693069B9B4A5A604FF6FF738B
:1014A000BDF87C109942099100F06081CA091D9B2A
:1014B00003EBC2035F6801F07F0337F8332007EBCB
:1014C000C307ADF87C20904B0EAA06987B60CDF840
:1014D00000900ECAFBF7BCFC00283FF4A8AE069BA8
:1014E000099ADA804FF6FF726388934200F0158301
:1014F0001D9AD90903F07F0302EBC102526802EB87
:10150000C303089ADA80099B638088E67F4BBDF8A5
:101510007CA00E9307230F9301238DF840304FF6E4
:10152000FF739A4500F0D1804FEADA121D9B03EB5E
:10153000C2030AF07F025B6833F8321003EBC20388
:10154000ADF87C100693069B6F4A5A604FF6FF7306
:10155000BDF87C109942089100F0E480CA091D9BF7
:1015600003EBC2035D6801F07F0335F8332005EB20
:10157000C305ADF87C20644B0EAA06986B60CDF8CD
:1015800000900ECAFBF764FC00283FF42DAE069BCA
:10159000089ADA804FF6FF726388934200F0BA82AD
:1015A0001D9AD90903F07F0302EBC102526802EBD6
:1015B000C303A3F806A0089B63800EE6BDF878304D
:1015C000129A5BB1013B1D999BB201EBC3004468C9
:1015D00024B131F8335041888D420BD815A90EA89B
:1015E000FAF7F2FD0E9C002C40F0B88201238DF832
:1015F0004C306CE601EBC31304EBC10401319BB228
:101600004180CBE4202323714FF0FF3323606CE54E
:10161000202323714FF0FF3323604EE520232371F5
:101620004FF0FF3323602BE5202B3FF4F3AC4EE665
:10163000BDF87830129A5BB1013B1D999BB201EB6A
:10164000C300476827B131F833C041888C450CD8B6
:1016500015A90CA8FAF7B8FD0C9B0693002B40F0D7
:101660008A8201238DF84C30E1E507EBC10201EBE2
:10167000C31306924A1C9BB2428008930BE7BDF845
:101680007830129A5BB1013B1D999BB201EBC3000C
:10169000456825B131F833C041888C450BD815A970
:1016A0000CA8FAF791FD0C9B0693002B3FF467AE54
:1016B000BDF834A08BE605EBC10201EBC313069223
:1016C0004A1C1FFA83FA428081E6BDF87830129AEC
:1016D0005BB1013B1D999BB201EBC300456825B18D
:1016E00031F833C041888C4512D815A90CA8FAF7F7
:1016F0006BFD0C9B0693002B40F03A8201238DF882
:101700004C3071E5502100200000FFFF48210020EF
:1017100005EBC10201EBC31306924A1C1FFA83FAC0
:10172000428010E7BDF87830129A5BB1013B1D99F9
:101730009BB201EBC300456825B131F833C0418845
:101740008C450AD815A90CA8FAF73EFD0C9D002D72
:10175000D4D0BDF8343008930DE701EBC31305EB8B
:10176000C10501319BB24180089304E7BDF8783090
:10177000129A5BB1013B1D999BB201EBC300476814
:1017800027B131F833C041888C450BD815A90CA876
:10179000FAF71AFD0C9F002F3FF463AFBDF8343009
:1017A000099390E601EBC3134A1C07EBC1079BB2F8
:1017B0004280099387E6BDF87830129A5BB1013B0D
:1017C0001D999BB201EBC300456825B131F833C0C8
:1017D00041888C450BD815A90CA8FAF7F5FC0C9D8F
:1017E000002D3FF4CCADBDF83430089307E601EB93
:1017F000C3134A1C05EBC1059BB242800893FEE56A
:10180000202B3FF423AC62E5059A1380FFF7D9BB88
:101810004FF6FF720021ADF87C2015AAADF87810C4
:10182000934208D03268BE4952688A4240F09A8199
:10183000184614F093FB23B0BDE8F08FB94B49462E
:101840000AA80E9306230F9301238DF84030FAF770
:10185000C9FDDDF82880B8F1000F3FF43FAC4946E0
:101860000CA8FAF7BFFD0C9D002D3FF437AC0EAB72
:10187000CDF8009040460ECBFBF7EAFA00283FF483
:101880002DACBDF834204FF6FF71BDF82C00A8F840
:10189000062063888B4200F055811D994FEAD31CC6
:1018A00003F07F0301EBCC01496801EBC303D8804F
:1018B00062800CE49C4B49460AA80E930C230F93BC
:1018C00001238DF84030FAF78DFDDDF82880B8F15E
:1018D000000F3FF4E6AB49460CA8FAF783FD0C9DD8
:1018E000002D3FF4DEAB0EABCDF8009040460ECBA2
:1018F000FBF7AEFA00283FF4D4ABBDF834104FF636
:10190000FF72BDF82C00A8F806106388934200F01F
:101910001B811D9A4FEAD31C03F07F0302EBCC021C
:10192000526802EBC303D8806180FFF7B3BB7F4BE3
:1019300049460AA80E9308230F9301238DF84030DF
:10194000FAF750FDDDF82880B8F1000F3FF473ABD3
:1019500049460CA8FAF746FD0C9D002D3FF46BABF1
:101960000EABCDF8009040460ECBFBF771FA002885
:101970003FF461ABBDF834104FF6FF72BDF82C0098
:10198000A8F806106388934200F0E0801D9A4FEAA1
:10199000D31C03F07F0302EBCC02526802EBC303BB
:1019A000D8806180FFF740BB614B49460AA80E937F
:1019B00005230F9301238DF84030FAF713FD0A9D9C
:1019C000002D3FF484AC49460CA8FAF70BFDDDF876
:1019D00030B0BBF1000F3FF47AAC0EABCDF8009005
:1019E00028460ECBFBF734FA00283FF470ACBDF864
:1019F00034104FF6FF72BDF82C00E98063889342E3
:101A000000F0A6801D9ADD0903F07F0302EBC502FA
:101A1000526802EBC303D8806180FFF770BB454B6F
:101A200049460AA80E9308230F9301238DF84030EE
:101A3000FAF7D8FCDDF82880B8F1000F3FF417ABB7
:101A400049460CA8FAF7CEFC0C9D002D3FF40FABD5
:101A50000EABCDF8009040460ECBFBF7F9F900280D
:101A60003FF405ABBDF834104FF6FF72BDF82C0003
:101A7000A8F80610638893426CD01D9A4FEAD31CD5
:101A800003F07F0302EBCC02526802EBC303D88061
:101A90006180FFF7E5BA284B49460AA80E93042354
:101AA0000F9301238DF84030FAF79CFCDDF8288075
:101AB000B8F1000F3FF4A3AA49460CA8FAF792FC2C
:101AC0000C9D002D3FF49BAA0EABCDF80090404634
:101AD0000ECBFBF7BDF900283FF491AABDF83410F6
:101AE0004FF6FF72BDF82C00A8F8061063889342E9
:101AF00032D01D9A4FEAD31C03F07F0302EBCC02D5
:101B0000526802EBC303D8806180FFF771BAA4F872
:101B100000A094E4A4F800A04DE5089B2380F2E423
:101B2000B59F00003821002028210020102100202E
:101B3000402100201C21002008210020BDF83C305D
:101B4000FFF721BB2080B3E62080EDE6208028E768
:101B5000208061E720809BE72080D5E7BDF83C30FE
:101B6000FFF71CBA19463046904723B0BDE8F08F06
:101B7000BDF834A0E7E4BDF8343008938BE400BF2F
:101B80002DE9F043002395B03D494FF480228DF8B4
:101B9000143004AC06934FF6FF730DF11C0804914A
:101BA000ADF844306846374B3749CDE90F82CDE96F
:101BB000004306220123139102928DF80C30FBF7AB
:101BC000B9FE38B121460546FAF738FD04222F4BFD
:101BD0002A712B602046FEF73DF90698049E90B1CD
:101BE0002B4C03E014F0BAF9069858B13368026838
:101BF0005B680692A342F5D00146304698470698A6
:101C00000028F3D1049EBDF840200F9BEAB10024C8
:101C1000DFF87C9027460AE014F0A0F90F9B01340E
:101C20002F60BDF84010A2B26F6091420DD903EB56
:101C3000C405696808460029F1D033685B684B45E4
:101C4000EAD0304698470F9BE9E700214FF6FF7234
:101C50004345ADF84010ADF8442007D032680C4938
:101C600052688A4205D1184614F078F915B0BDE8DB
:101C7000F08319463046904715B0BDE8F08300BFA9
:101C8000C8500020602200200000FFFF9C1E0020A2
:101C9000B59F00002DE9F04F91B0DFF8DC830225FD
:101CA0000127064605900C46CDF81C800895069144
:101CB0008DF82470CDE9020104A8FBF739FD002856
:101CC0007FD00379002B7CD00E950AADCDF83480FF
:101CD00028468DF83C70CDE90B64FBF729FD002800
:101CE00070D00379402B6DD12846FBF721FD864645
:101CF000002800F09C820379402B40F098820388F2
:101D00004FF6FF78434500F09282E26AD90903F06A
:101D10007F0002EBC101496811EBC00100F087822E
:101D2000C9884FF0000C00E0C988C809414501F09E
:101D30007F070CF1010C02EBC00003D0416811EBEE
:101D4000C701F1D1BCF1070FA8BF4FF0070C1CF081
:101D5000FF0100F06C82B346884601954FF6FF778D
:101D60002546DFF818A39146002619467446B94265
:101D700000F08182C80901F07F0109EBC0004068D2
:101D800010EBC10014D0C188334600E0C188CA09F5
:101D900001F07F0C002B00F07F82B94209EBC202F8
:101DA00003F1FF3300F06782506810EBCC00EDD1F7
:101DB00001362AF8020FF1B2884540F235822188B7
:101DC000D5E70AAD00279C4A02234FF0010804A87A
:101DD000079208938DF82480CDE90564FBF7A8FCF1
:101DE00088B1017979B1944A022328468DF83C8064
:101DF0000D920E93CDE90B64FBF79AFC18B10379B1
:101E0000402B00F0A7818D4B28460D9306230E939F
:101E10000123CDE90B648DF83C30FBF789FC90B1D0
:101E2000037983B12846FBF783FC48B12146FBF7D1
:101E3000B1F940F6B8339842A8BF184620EAE070DE
:101E40007F4B012718807F4B28460D9306230E9366
:101E50000123CDE90B648DF83C30FBF769FC90B1B0
:101E6000037983B12846FBF763FC48B12146FBF7B1
:101E700091F940F6B8339842A8BF184620EAE070BE
:101E8000714B01271880714B28460D9308230E9340
:101E90000123CDE90B648DF83C30FBF749FC80B1A0
:101EA000037973B12846FBF7BFFCDFED697AB4EE26
:101EB000E70AF1EE10FA40F13181664B0127C3EDDC
:101EC000007A654B28460D9304230E930123CDE938
:101ED0000B648DF83C30FBF72BFCB0B10379A3B158
:101EE0002846FBF7A1FCB5EEC00AF1EE10FA00F1AE
:101EF0002981F3EE047AB4EEE70AF1EE10FA37FE28
:101F0000800A564B012783ED000A554B28460D9356
:101F100008230E930123CDE90B648DF83C30FBF7C9
:101F200007FC80B1037973B12846FBF77DFCDFED38
:101F3000487AB4EEE70AF1EE10FA40F1E280494B3C
:101F40000127C3ED007A484B28460D9309230E93D1
:101F50000123CDE90B648DF83C30FBF7E9FBE0B1E0
:101F60000379D3B12846FBF7E3FB002800F0ED80AE
:101F70002146FBF70FF93D4B023083FB0032C317BC
:101F8000C3EB620303EB83035F2BA8BF5F23052B27
:101F9000B8BF0523364A01271370364B4FF00108AE
:101FA00028460D930F238DF83C800E93CDE90B64EA
:101FB000FBF7BEFB002871D00379002B6ED02846BA
:101FC000FBF7B6FB002865D0027912F010030ED0A3
:101FD00003884FF6FF718B4200F06E81DF0903F03A
:101FE0007F01E36A03EBC7035B6803EBC1031E2AAF
:101FF00000F2A180DFE812F05D019F009F009F00CA
:102000009F009F003C019F009F009F001D019F00BB
:102010001D019F0024019F009F009F009F009F00C3
:102020009F009F009F009F009F009F0044009F0013
:1020300044009F00300100BFF41800202C20002035
:10204000CEC6002034200020D0C600203C20002036
:10205000CDCCCC3D645300204820002084C4002017
:10206000502000205C5300205C20002067666666DC
:10207000A2560020682000202820002086C40020CE
:10208000D3E900231A4314BF4FF001084FF00008B2
:1020900088F00108894B012783F80080884B0622CD
:1020A00028460D9301230E928DF83C30CDE90B6448
:1020B000FBF73EFBF0B10379E3B12846FBF738FBB1
:1020C000002844D02146FBF719F942F210739842D8
:1020D000A8BF1846B0F5FA7FB8BF4FF4FA70794B35
:1020E0001860F8F70DF805F02BF911B0BDE8F04FC6
:1020F000FFF746BD002FF8D0F8F702F805F020F9F9
:10210000F3E7F2EE0E7A704B0127B4EEE70AF1EE38
:1021100010FA77FE807AC3ED007A14E7F2EE0E7AB9
:102120006A4B0127B4EEE70AF1EE10FA77FE807AE7
:10213000C3ED007AC5E64FF00008604B012783F835
:102140000080ABE79FED620ADBE6052322E74FF450
:10215000FA70C4E72846FBF7EBFA8646002861D000
:102160000379402B5ED103884FF6FF78434559D061
:10217000E76ADA0903F07F0107EBC202526812EB4B
:10218000C1024FD0D2884FF0000C00E0D288D109B4
:10219000424502F07F000CF1010C07EBC10103D0B6
:1021A0004A6812EBC002F1D1BCF1070FA8BF4FF093
:1021B000070C1CF0FF0135D0B346A24601950C4632
:1021C0004FF6FF784FF00009424E194675464145DB
:1021D00053D0C80901F07F0107EBC000406810EB45
:1021E000C10012D0C1884B4600E0C188CA0901F085
:1021F0007F0C002B43D0414507EBC20203F1FF33B4
:102200003BD0506810EBCC00EFD109F1010926F862
:10221000020F5FFA89F1A14201D22988D7E75E4611
:102220005446019D0127EEE52C465E46019D01279F
:10223000C9E50368B3F1000818BF4FF0010827E7AC
:10224000D0ED007AF5EE407AF1EE10FA14BF4FF0BF
:1022500001084FF000081BE793ED007BB5EE407BD3
:10226000F1EE10FA14BF4FF001084FF000080FE72D
:1022700090F800800CE700209AE50020C5E7514661
:10228000FAF788FFB0F5FA7F134BA8BF4FF4FA7046
:102290009842B8BF1846B8E72946FAF77BFFB0F571
:1022A000FA7F0D4BA8BF4FF4FA709842B8BF18469A
:1022B0007EE54FF00108EDE6002398E608C7002010
:1022C000782000206C5300205C53002064530020D1
:1022D0000000000096C400200CFEFFFF70B509232B
:1022E00088B06A4A05460693012303900C468DF890
:1022F0001C30CDE9000102A8CDE90412FBF718FA61
:10230000002800F0C1800379002B00F0BD8002A8F6
:10231000FBF78AFAB5EEC00AF1EE10FA00F1A780D9
:10232000F7EE007AB4EEE70AF1EE10FA37FE800A13
:10233000574B012683ED020A564B02A805930A2348
:1023400006930123CDE903548DF81C30FBF7F0F917
:10235000B0B10379A3B102A8FBF766FAB5EEC00AE3
:10236000F1EE10FA00F18D80F3EE047AB4EEE70A94
:10237000F1EE10FA37FE800A454B012683ED030A81
:10238000454B02A805930B2306930123CDE9035483
:102390008DF81C30FBF7CCF9B8B10379ABB102A8CA
:1023A000FBF742FADFED3D7AB4EEE70AF1EE10FA00
:1023B00007D4F1EE047AB4EEE70AF1EE10FA77FEF4
:1023C000807A334B0126C3ED047A354B02A805937E
:1023D0000B2306930123CDE903548DF81C30FBF742
:1023E000A7F9B8B10379ABB102A8FBF71DFADFED8D
:1023F0002B7AB4EEE70AF1EE10FA07D4F7EE007A82
:10240000B4EEE70AF1EE10FA77FE807A204B01264F
:10241000C3ED057A23490922012302A8CDE903541B
:10242000CDE905128DF81C30FBF782F910B3037962
:1024300003B302A8FBF7F8F9F6EE007AB4EEE70A68
:10244000F1EE10FA07D4F0EE087AB4EEE70AF1EEF6
:1024500010FA77FE807A0E4BC3ED067AF7F750FE3E
:1024600004F06EFF08B0BDE87040FFF789BB9FED38
:102470000E0A5DE7002EF1D108B0BDE87040FFF70D
:102480007FBB9FED090A77E7002655E780200020F3
:10249000E4C200208C20002098200020CDCCCC3D30
:1024A000A4200020B0200020000000002DE9F04F03
:1024B00091B0DFF8EC820A260127054605900C460C
:1024C000CDF81C80089606918DF82470CDE90201A4
:1024D00004A8FBF72DF9002800F082800379002B77
:1024E0007ED00E960AAECDF8348030468DF83C7022
:1024F000CDE90B54FBF71CF9002872D00379402B6F
:102500006FD13046FBF714F90246002800F0218114
:102510000079402840F01D8113884FF6FF7E7345F7
:1025200000F01781D909E76A03F07F0307EBC101C7
:10253000496811EBC30100F00C81CB884FF0000912
:1025400000E0DB88D909734503F07F0C09F101092C
:1025500007EBC10103D04B6813EBCC03F1D1B9F108
:10256000040FA8BF4FF0040919F0FF039B4600F0C9
:10257000F08040284FF000094FF6FF782ED11188E7
:1025800041452BD0C80901F07F0107EBC00040682E
:1025900010EBC10015D0C1884B4600E0C1884FEA5E
:1025A000D11A01F07F0E002B00F0E380414507EBCC
:1025B000CA0A03F1FF3311D0DAF8040010EBCE00A1
:1025C000ECD1734B03F8090009F101095FFA89F1B5
:1025D0008B4540F2BE8010794028D0D00020F0E733
:1025E0000AAE4FF00009DFF8BCA14FF00508012743
:1025F00004A8CDF81CA0CDF820808DF82470CDE97A
:102600000554FBF795F870B1037963B130468DF846
:102610003C70CDE90DA8CDE90B54FBF789F810B15A
:102620000379402B2BD05B4B0B2230460D930123BB
:102630000E928DF83C30CDE90B54FBF779F8B0B130
:102640000379A3B13046FBF773F820B12146FAF7BE
:10265000A1FD80F30100504B83F82C00F7F750FDEB
:1026600004F06EFE11B0BDE8F04FFFF789BAB9F182
:10267000000FF7D0F7F744FD04F062FEF2E73046B2
:10268000FBF756F80746002860D0017940295DD154
:1026900003884FF6FF7E734558D0DA09D4F82C80B2
:1026A00003F07F0308EBC202526812EBC3024DD065
:1026B000D3884FF0000C00E0DB88DA09734503F0A3
:1026C0007F000CF1010C08EBC20203D0536813EB3E
:1026D000C003F1D1BCF1100FA8BF4FF0100C1CF0DB
:1026E000FF039B4632D040294FF000024FF6FF7A9D
:1026F0002AD13988514527D0C809D4F82CE001F0F7
:102700007F010EEBC000406810EBC10013D0C18800
:10271000134600E0C1884FEAD11901F07F08DBB110
:1027200051450EEBC90903F1FF330DD0D9F8040070
:1027300010EBC800EED1194B98540132D1B28B4541
:1027400004D939794029D4D00020F4E74FF00109A9
:1027500069E74FF0010946E721460192FAF71AFDB1
:10276000019AC0B2011FC9B2E329E4D90028E4D11B
:10277000E1E721460192FAF70DFD019AC0B2011F6F
:10278000C9B2E3297FF61DAF00287FF41DAF18E71B
:1027900000C30020BC200020E4C2002014C300209D
:1027A000D0200020C82000202DE9F047072390B05A
:1027B000A54A06460E9301230B900C468DF83C303B
:1027C000CDE902010AA8CDE90C12FAF7B1FF002801
:1027D00000F0FD810379002B00F0F9810AA8FAF7D7
:1027E000A7FF38B12146FAF7D5FC0928A8BF092070
:1027F00020EAE070954D85F837000125944B0AA832
:102800000D9307230E930123CDE90B648DF83C3023
:10281000FAF78EFF88B103797BB10AA8FAF788FF2F
:1028200038B12146FAF7B6FC0928A8BF092020EAEA
:10283000E070864D85F838000125864B0AA80D9377
:1028400008230E930123CDE90B648DF83C30FAF791
:102850006FFF70B1037963B10AA8FAF769FF20B17D
:102860002146FAF797FC80F30500784D85F839008A
:102870000125794B0AA80D9304230E930123CDE97A
:102880000B648DF83C30FAF753FFC0B10379B3B154
:102890000AA8FAF7C9FFB5EEC00AF1EE10FA00F186
:1028A0009381F3EE047AB4EEE70AF1EE10FA37FE04
:1028B000800A664D10EE103AC5F82E300125674BA0
:1028C0000AA80D9309230E930123CDE90B648DF81B
:1028D0003C30FAF72DFFE8B10379DBB10AA8FAF72B
:1028E00027FF002800F075812146FAF753FC5C4B66
:1028F000023083FB0032C317C3EB620303EB830395
:102900005F2BA8BF5F23052BB8BF05234F4D85F86C
:1029100036300125534B0AA80D9308230E9301234B
:10292000CDE90B648DF83C30FAF702FF90B10379E2
:1029300083B10AA8FAF778FFDFED4B7AB4EEE70A25
:10294000F1EE10FA40F13181404D17EE903AC5F8A2
:102950000A300125454B0AA80D9308230E93012345
:10296000CDE90B648DF83C30FAF7E2FE90B10379C3
:1029700083B10AA8FAF758FFDFED3B7AB4EEE70A15
:10298000F1EE10FA40F10281304D17EE903AC5F8A1
:1029900006300125364B0AA80D9306230E9301231A
:1029A000CDE90B648DF83C30FAF7C2FEC0B1037973
:1029B000B3B10AA8FAF7BCFE002800F00C8121464A
:1029C000FAF79CFC42F210739842A8BF1846B0F583
:1029D000FA7FB8BF4FF4FA701C4DC5F80E00012500
:1029E000244B0AA80D9306230E930123CDE90B6413
:1029F0008DF83C30FAF79CFE90B1037983B10AA8B8
:102A0000FAF796FE48B12146FAF7C4FB40F6B83310
:102A10009842A8BF184620EAE0700C4D6886012550
:102A2000154B0AA80D9306230E930123CDE90B64E1
:102A30008DF83C30FAF77CFE68B303795BB30AA8E3
:102A4000FAF776FE20B319E06421002064C3002069
:102A50006C21002074210020482000205C200020F0
:102A60006766666650200020CDCCCC3D3C2000201F
:102A7000782000202C200020342000202146FAF766
:102A800089FB40F6B8339842A8BF184620EAE070A8
:102A9000A44DA8860125A44B0AA80D930B230E93E1
:102AA0000123CDE90B648DF83C30FAF741FEC0B14B
:102AB0000379B3B10AA8FAF7B7FEF7EE007AB4EEDD
:102AC000E70AF1EE10FA07D4DFED987AB4EEE70AE0
:102AD000F1EE10FA77FE807A924D17EE903AEB63A2
:102AE0000125934B4FF00208012704A80793CDF866
:102AF00020808DF82470CDE90564FAF719FE78B1CD
:102B000002796AB18A4B0AA88DF83C70CDE90D387C
:102B1000CDE90B64FAF70CFE10B10379402B5DD0C0
:102B20000223844F04A80893012307978DF82430CB
:102B3000CDE90564FAF7FCFD80B1037973B1022396
:102B40000AA80B960E930123CDE90C478DF83C3073
:102B5000FAF7EEFD10B10379402B05D06DB910B036
:102B6000BDE8F047FFF70CB80AA8FAF7E1FD824686
:102B700018B10379402B00F09880F7F7C1FA04F000
:102B8000DFFB10B0BDE8F047FEF7FABFF2EE0E7AB9
:102B9000644DB4EEE70AF1EE10FA77FE807A17EE94
:102BA000903AC5F806300125F4E6F2EE0E7A5D4D56
:102BB000B4EEE70AF1EE10FA77FE807A17EE903A5B
:102BC000C5F80A300125C5E69FED5B0A71E60025D0
:102BD00014E605239AE64FF4FA70FDE60AA8FAF720
:102BE000A7FD8246002800F0C5800379402B40F005
:102BF000C18001884FF6FF7C614500F0BB80E36A2D
:102C0000CA0901F07F0003EBC202526812EBC00256
:102C100000F0B080D288002700E0D288D009624559
:102C200002F07F0507F1010703EBC00003D0426803
:102C300012EBC502F1D1072FA8BF072717F0FF023B
:102C4000914600F097800027364D4FF6FF72914273
:102C500000F0A580C80901F07F0103EBC0004068C7
:102C600010EBC10017D0C188BC4600E0C1884FEA14
:102C7000D11801F07F0EBCF1000F00F0948091425A
:102C800003EBC8080CF1FF3C00F08980D8F8040081
:102C900010EBCE00EAD105EB470101374882F9B2CB
:102CA000494567D2BAF80010D1E701884FF6FF779F
:102CB000B9423FF462AFE36ACA0901F07F0003EB57
:102CC000C202526812EBC0023FF457AFD28800260E
:102CD00000E0D288D009BA4202F07F0506F1010671
:102CE00003EBC00003D0426812EBC502F1D1072EFE
:102CF000A8BF072616F0FF0291463FF43EAF00261C
:102D0000084D4FF6FF7841454BD0C80901F07F01CF
:102D100003EBC000406810EBC1001FD0C1883246F1
:102D20000DE000BF64C30020982000200000004494
:102D300028200020F418002000000000C188CF09DE
:102D400001F07F0E002A3FD0414503EBC70702F197
:102D5000FF3226D0786810EBCE00EFD106F11001DB
:102D6000013625F81100F1B24945BFF406AFBAF8B3
:102D70000010C8E702231C4F04A8089301230797FB
:102D80008DF82430CDE90564FAF7D2FC00283FF431
:102D9000F4AE0379002B3FF4F0AE0125CFE600201E
:102DA00079E70020DAE721460193FAF7F3F9B0F565
:102DB000FA7F0E4B4FF6FF72A8BF4FF4FA7098429D
:102DC000B8BF1846019B66E721460193FAF7E2F97E
:102DD000B0F5FA7F054BA8BF4FF4FA709842B8BF20
:102DE0001846019BBAE700BFF41800200CFEFFFF55
:102DF0002DE9F04F99B0A94F0A26012504460D9000
:102E000088460F9710960E918DF84450CDE90A012F
:102E10000CA8FAF78DFC002846D00379002B43D08C
:102E20000DF148091597169648468DF85C50CDE986
:102E30001348FAF77DFCC8B3027912F010030FD0E3
:102E400003884FF6FF718B4200F07A85DD0903F0AD
:102E50007F01D8F82C3003EBC5035B6803EBC1039B
:102E60001E2A00F2B980DFE812F02100B700B70097
:102E7000B700B700B7009F03B700B700B7008403DF
:102E8000B7008403B700AB00B700B700B700B700C6
:102E9000B700B700B700B700B700B700B7007A03B4
:102EA000B7007A03B70092030DF148097C4B4846FE
:102EB00015930A2316930123CDE913488DF85C304E
:102EC000FAF736FCB0B10379A3B14846FAF730FC03
:102ED000002800F078834146FAF7C4FA031E18BFB1
:102EE0000123704882799A4204D083710126F8F751
:102EF00047FF00E000266C4B4846159309231693C4
:102F00000123CDE913488DF85C30FAF711FC002855
:102F100053D00379002B50D04846FAF785FCB5EE24
:102F2000C00AF1EE10FA00F14B83DFED607AB4EEE7
:102F3000E70AF1EE10FA37FE800A5A4A10EE103A0C
:102F40004FF0010AC2F80730DFF864B10727012506
:102F50000CA8CDF83CB010978DF84450CDE90D4841
:102F6000FAF7E6FB78B103796BB1484613948DF814
:102F70005C50CDF85080CDE915B7FAF7D9FB10B108
:102F80000379402B2DD04EB9BAF1000F0CD104F0CB
:102F9000D7F919B0BDE8F04FFEF7F2BD4148F6F79A
:102FA000AFFEBAF1000FF2D0F7F7AAF804F0C8F9B3
:102FB00019B0BDE8F04FFEF7E3BD4FF0000AC3E7DC
:102FC000D0ED007AF5EE407AF1EE10FA14BF01234D
:102FD0000023002B3FF46AAF19B0BDE8F04FF8F7BB
:102FE000D5BE4846FAF7A4FB0190002800F0C9823C
:102FF0000379402B40F0C58203884FF6FF74A3424B
:1030000000F0BF82DA09D8F82C5003F07F0305EBFB
:10301000C202526812EBC30200F0B382D3880020D0
:1030200000E0DB88DA09A34203F07F0100F1010030
:1030300005EBC20203D0536813EBC103F1D108289A
:10304000DFF860E0A8BF0820C3B202938EF80B300F
:10305000002B00F0B081079600270EF114044FF604
:10306000FF7A4FF0010B4646CDF800E0019A137944
:10307000402B40F09E821388534500F09A82DA0973
:10308000D6F82CC003F07F030CEBC202556815EB99
:10309000C30521D0EB8839460DE000BF8021002018
:1030A000DC200020A4C30020E820002000004842CB
:1030B00000210020EB88DA0903F07F00002900F0EE
:1030C0007A8253450CEBC20201F1FF3100F07182AC
:1030D000556815EBC005EDD11A21009BA4F114022F
:1030E00044F808BC01FB07336FF005010392197423
:1030F0004FF00001597413464FF0000205335A7324
:103100008D4AC3F80E20A342F6D18C4B48468DF869
:103110005CB015930423CDE913561693FAF708FB18
:1031200048B3037913F010020DD00288524500F025
:1031300005844FEAD21CF16A02F07F0E01EBCC014C
:103140004A6802EBCE020A3B122B14D8DFE813F0D8
:1031500001021300F8011300130013001300130001
:1031600013001300130013001300130013001300C7
:10317000EE011300DB010120714B04F8080C4846F6
:10318000159308238DF85CB01693CDE91356FAF722
:10319000CFFA50B3037913F010020DD002885245D4
:1031A00000F0CA834FEAD21CF16A02F07F0E01EBF5
:1031B000CC014A6802EBCE020A3B122B14D8DFE89E
:1031C00013F07001130067011300130013001300C4
:1031D0001300130013001300130013001300130057
:1031E00013005D0113004A010020564B04F8070C40
:1031F0004846159308238DF85CB01693CDE9135615
:10320000FAF796FA50B3037913F010020DD0028842
:10321000524500F08F834FEAD21CF16A02F07F0E14
:1032200001EBCC014A6802EBCE020A3B122B14D808
:10323000DFE813F0630113005A01130013001300B9
:1032400013001300130013001300130013001300E6
:1032500013001300500113003D0100203A4B04F805
:10326000060C484615930C238DF85CB01693CDE9F7
:103270001356FAF75DFA70B3037913F010020DD00C
:103280000288524500F054834FEAD21CF16A02F0E2
:103290007F0E01EBCC014A6802EBCE020A3B122BF7
:1032A00018D8DFE813F013001700CF00170017003D
:1032B0001700170017001700170017001700170056
:1032C000170017001700C5001700B2000368FF2B96
:1032D00040F2AA8000201D4B04F8050C48461593C7
:1032E00006238DF85CB01693CDE91356FAF720FA51
:1032F000002832D0037913F010020DD00288524515
:1033000000F014834FEAD21CF16A02F07F0E01EB49
:10331000CC014A6802EBCE020A3B122B1DD8DFE833
:1033200003F0171C5C1C1C1C1C1C1C1C1C1C1C1CE7
:103330001C1C681C540000BF50003C0008210020E9
:10334000102100201C2100202821002038210020ED
:103350000368DB43DB0F002B3FD1FA209B4B1A2184
:10336000009A4FF005080F9301FB07238DF844B036
:1033700018820CA8CDF84080CDE90D56FAF7D8F99F
:1033800088B103797BB1914B48461395CDF85880AD
:10339000149615938DF85CB0FAF7CAF918B1037951
:1033A000402B00F019810137029A1A34FBB29A427D
:1033B0003FF65CAE079E8648F8F7E2FC002E3FF42D
:1033C000F3AD8348F6F79CFCEEE5136813F1004378
:1033D000536843F10003002BBFD13146F9F7DAFE01
:1033E000B0F5FA7FA8BF4FF4FA703228B8BF322088
:1033F000B4E71368B3F1004F536873F1000334BFAF
:1034000001230023002BE8D1A7E7D2E90023002BFA
:10341000FFF660AFB2F5807F73F10003B4BF012304
:103420000023002B3FF456AF3146FAF71BF852E762
:103430001368B3F5807F536873F1000334BF012331
:103440000023EEE70368002BFFF644AFFF2BCCBF51
:1034500000230123E5E7D2E90023002BFFF6C4AEE9
:10346000B2F5807F73F10003B4BF01230023002B6A
:103470003FF4BAAE3146F9F7F5FFB6E61368B3F597
:10348000807F536873F1000334BF01230023EEE70C
:103490000368002BFFF6A8AEFF2BCCBF002301234F
:1034A000E5E70368FF2B8CBF00230123DFE7D2E9A8
:1034B0000023002BFFF6D1AEB2F5807F73F100033D
:1034C000B4BF01230023002B3FF4C7AE3146F9F708
:1034D000C9FFC3E61368B3F5807F536873F1000337
:1034E00034BF01230023EEE70368002BFFF6B5AEDF
:1034F000FF2BCCBF00230123E5E70368FF2B8CBF24
:1035000000230123DFE7D2E90023002BFFF633AECF
:10351000B2F5807F73F10003B4BF01230023002BB9
:103520003FF429AE3146F9F79DFF25E61368B3F560
:10353000807F536873F1000334BF01230023EEE75B
:103540000368002BFFF617AEFF2BCCBF002301232F
:10355000E5E70368FF2B8CBF00230123DFE7D3E9F6
:1035600000231A4314BF01230023002B3FF49EAC19
:1035700032E50368003B18BF0123002B3FF496ACF3
:103580002AE5DFF84CE000238EF80B3013E793EDCB
:10359000007BB5EE407BF1EE10FA14BF012300234F
:1035A000002B3FF483AC17E50378002B3FF47EAC8F
:1035B00012E5002590E52B79202B18BF0D468BE5F1
:1035C0009FED040AB9E403468BE400BF40210020CC
:1035D000A4C30020000000004846FAF7A9F80590AF
:1035E00000283FF4E0AE0579402D7FF4DCAE03887F
:1035F0004FF6FF7C63453FF4D6AEDA09D6F82CE0EF
:1036000003F07F030EEBC202526812EBC3023FF4D9
:10361000CAAED388002000E0DB88DA09634503F0F6
:103620007F0100F101000EEBC20203D0536813EBDF
:10363000C103F1D10428A8BF042010F0FF030693B2
:103640003FF4B1AE1A2308974FF6FF78099403FBB5
:1036500007F3002704932B46039D402B40F0E8809E
:10366000059B1B88434500F0E380DA09D6F82CC09F
:1036700003F07F030CEBC202546814EBC30414D0B4
:10368000E388394600E0E388DA0903F07F00002987
:1036900000F03C8143450CEBC20201F1FF3100F028
:1036A000C780546814EBC004EDD1954B4846159380
:1036B000072316934FF00103CDE913468DF85C30D4
:1036C000FAF736F878B3037913F010020DD00188B9
:1036D000414500F038814FEAD11CF26A01F07F01C8
:1036E00002EBCC02526802EBC1020A3B122B19D842
:1036F000DFE813F000011800F700180018001800A8
:1037000018001800180018001800180018001800F9
:1037100018001800E70018001300D2E90023002B5E
:1037200080F2FC800020774BA8744846159307234D
:1037300016934FF00103CDE913468DF85C30F9F78D
:10374000F7FF28B3037913F010020DD0018841452B
:1037500000F0FD804FEAD11CF26A01F07F0102EB1C
:10376000CC02526802EBC1020A3B122B10D8DFE8F0
:1037700003F00A0F610F0F0F0F0F0F0F0F0F0F0F37
:103780000F0F9C0F90000368DB43DB0F002B51D120
:1037900050205D4B049A1593082316934FF00103B4
:1037A0008DF85C3007EB87031344009A1344A3F8A9
:1037B00013004846CDE91346BC00F9F7B9FF28B31A
:1037C000037913F010020DD00288424500F0BD804D
:1037D0004FEAD21EF16A02F07F0C01EBCE014A687B
:1037E00002EBCC020A3B122B0FD8DFE803F00A0EE3
:1037F0002F0E0E0E0E0E0E0E0E0E0E0E0E0E460E90
:103800003A000368DB43DB0F03BB00203C44049B0E
:103810000137069A1C44009B1C44FBB29A42A4F850
:10382000150078D9059B05351B79402B3FF418AF5F
:1038300000243AE73146F9F7ADFCB0F5FA6FA8BFBE
:103840004FF4FA600128B8BF0120A2E73146F9F72A
:10385000A1FCB0F5FA6FA8BF4FF4FA6020EAE0705F
:10386000D4E7136813F10043536843F10003B3FA3C
:1038700083F35B09002BE9D1C7E71368B3F1004F6D
:10388000536873F1000334BF01230023002BDDD103
:10389000BBE7136813F10043536843F10003B3FA25
:1038A00083F35B09002BC5D172E71368B3F1004FB6
:1038B000536873F1000334BF01230023002BB9D1F7
:1038C00066E71368B3F5807F536873F1000334BF74
:1038D00001230023002B3FF425AF3146F9F7C2FD49
:1038E00021E70368002BFFF61DAFFF2BCCBF0023A1
:1038F0000123EFE70368FF2B8CBF00230123E9E7D7
:103900004821002050210020582100202379202B1D
:1039100018BF0C46C9E6DDE9087444E5B2F5807FBE
:1039200073F10003B4BF01230023D3E70022F3E4C3
:103930000022B3E4002278E400223DE4002202E405
:103940000023FFF78DBA0022CFE600224AE70022CB
:103950000AE700BF2DE9F04F91B0DFF874830A2722
:103960000126044605900D46CDF81C800897069167
:103970008DF82460CDE9020104A8F9F7D9FE0028EA
:1039800045D00379002B42D00E970AAFCDF8348092
:1039900038468DF83C60CDE90B45F9F7C9FEB8B360
:1039A000027912F010030ED003884FF6FF718B429C
:1039B00000F0C882DE0903F07F01EB6A03EBC60367
:1039C0005B6803EBC1031E2A00F2CF80DFE812F030
:1039D0002000CD00CD00CD00CD00CD00A502CD0052
:1039E000CD00CD008702CD008702CD00C100CD0003
:1039F000CD00CD00CD00CD00CD00CD00CD00CD005F
:103A0000CD00CD007D02CD007D02CD0098020AAF31
:103A1000AA4B38460D930A230E930123CDE90B459B
:103A20008DF83C30F9F784FE002800F0908003798F
:103A3000002B00F08C803846F9F77AFE28B1294631
:103A4000F9F710FD003818BF01209D4B0126987131
:103A50009C4B38460D930C230E930123CDE90B4567
:103A60008DF83C30F9F764FE00285CD00379002B18
:103A700059D03846F9F7D8FEB5EEC00AF1EE10FA83
:103A800000F15782DFED907AB4EEE70AF1EE10FA1A
:103A900037FE800A10EE103A894ADFF83882012694
:103AA0009360052304A8CDF81C8008938DF824604A
:103AB000CDE90545F9F73CFE68B303795BB305230F
:103AC00038460B940E930123CDE90C588DF83C3009
:103AD000F9F72EFE10B10379402B4BD0DEB911B0AF
:103AE000BDE8F04FFEF74CB80368DB43DB0F002B5B
:103AF00040F070817820724B09F10409009A03EBC1
:103B0000880308F10108D8815FFA88F39A4277D8D0
:103B10006B48F8F773F96A48F6F7EAF911B0BDE8AF
:103B2000F04FFEF72DB80523DFF8A88104A808930D
:103B30000123CDF81C808DF82430CDE90545F9F737
:103B4000F7FD0028CAD00379002BB8D1C6E70026BC
:103B50007EE7D0ED007AF5EE407AF1EE10FA14BF70
:103B600001230023002B3FF453AF11B0BDE8F04F09
:103B7000F8F74AB93846F9F7DBFD0346002800F0AC
:103B8000B6810279402A40F0B28102884FF6FF7C6C
:103B9000624500F0AC81D109EE6A02F07F0206EBCB
:103BA000C101496811EBC20100F0A181CA8800245B
:103BB00000E0D288D109624502F07F0004F10104DF
:103BC00006EBC10103D04A6812EBC002F1D1082C08
:103BD00001933B4B4FF02002A8BF0824002103F1C2
:103BE0000C00E4B20094DC7114F0ACF9002C8FD01E
:103BF000DFF8CC904FF000084FF6FF7B4FF0010A42
:103C0000019A1379402B40F08D8113885B4500F0B9
:103C10008981DA0903F07F0306EBC202546814EBD2
:103C2000C30414D0E288404600E0E288D30902F0E1
:103C30007F01002800F078815A4506EBC30300F1AC
:103C4000FF3000F06F815C6814EBC104EDD11F4BB5
:103C500038468DF83CA00D930523CDE90B450E9316
:103C6000F9F766FD002838D0027912F010010CD067
:103C70000188594500F060814FEAD11E01F07F0CA8
:103C800006EBCE01496801EBCC010A3A122A23D88F
:103C9000DFE812F0150122000C01220022002200B0
:103CA0002200220022002200220022002200220004
:103CB0002200220002012200EF0000BF8C21002020
:103CC00030A400209821002000004842B0210020AC
:103CD00080210020A821002000209B4B89F80C00A7
:103CE00038460D9305238DF83CA00E93CDE90B4586
:103CF000F9F71EFD00B3027912F010010CD0018813
:103D0000594500F01D814FEAD11E01F07F0C06EBF2
:103D1000CE01496801EBCC010A3A122A0BD8DFE840
:103D200002F0A20A990A0A0A0A0A0A0A0A0A0A0AEE
:103D30000A0A8F0A7D000020844B89F80D0038465E
:103D40000D9306238DF83CA00E93CDE90B45F9F7B2
:103D5000EFFC00283FF4CEAE037913F010020BD035
:103D600002885A4500F0EA80D10902F07F0206EB92
:103D7000C101496801EBC2020A3B122B3FF6BAAE01
:103D800001A151F823F000BFE5180100F11801006E
:103D9000D11B0100F1180100F1180100F118010018
:103DA000F1180100F1180100F1180100F1180100EB
:103DB000F1180100F1180100F1180100F1180100DB
:103DC000F1180100F1180100011C0100F1180100B7
:103DD000E91B01002946F9F7DDF9B0F5FA6FA8BF34
:103DE0004FF4FA600A28B8BF0A2084E6136813F17A
:103DF0000043536843F10003B3FA83F35B09002BDC
:103E0000E8D177E61368B3F1004F536873F100030C
:103E100034BF01230023002BDCD16BE6D1E9001273
:103E2000002A88DBB1F5807F72F10002B4BF012265
:103E30000022002A3FF47FAF2946F9F713FB7BE706
:103E40000A68B2F5807F4A6872F1000234BF01222D
:103E50000022EEE70268002AFFF66DAFFF2ACCBF12
:103E600000220122E5E70268FF2A8CBF002201221E
:103E7000DFE7D1E90012002AFFF62EAFB1F5807F0F
:103E800072F10002B4BF01220022002A3FF424AFE5
:103E90002946F9F7E7FA20E70A68B2F5807F4A6811
:103EA00072F1000234BF01220022EEE70268002A0C
:103EB000FFF612AFFF2ACCBF00220122E5E702681D
:103EC000FF2A8CBF00220122DFE7D3E900231A4337
:103ED00014BF01230023002B3FF49AAD45E603688D
:103EE000003B18BF0123002B3FF492AD3DE6184B79
:103EF0000021202203F10C00D97114F023F807E609
:103F000093ED007BB5EE407BF1EE10FA14BF012378
:103F10000023002B3FF47CAD27E60378002B3FF411
:103F200077AD22E6002492E62279202A18BF0446C3
:103F30008DE69FED080AADE50021A6E600221BE70D
:103F40000021E9E600233EE5B8210020C021002041
:103F500030A40020000000002DE9F043002395B0BC
:103F6000444A06468DF8143004AC06934FF480237F
:103F70000DF11C08684610934FF6FF730492ADF8DC
:103F800044303D4BCDF83C8013933C4B009401935F
:103F90000623029301238DF80C30F9F7CBFC38B1DE
:103FA00021460546F8F74AFB04232B71344B2B605E
:103FB000344B31466846CDE9004307230293012381
:103FC0008DF80C30F9F784FD2046FBF743FF069887
:103FD000049E90B12C4C03E011F0C0FF069858B13C
:103FE000336802685B680692A342F5D0014630460A
:103FF000984706980028F3D1049EBDF840200F9BF7
:10400000EAB10024DFF8809027460AE011F0A6FF0D
:104010000F9B01342F60BDF84010A2B26F60914237
:104020000DD903EBC405696808460029F1D033684F
:104030005B684B45EAD0304698470F9BE9E7002183
:104040004FF6FF724345ADF84010ADF8442007D05D
:1040500032680D4952688A4205D1184611F07EFF38
:1040600015B0BDE8F08319463046904715B0BDE85D
:10407000F08300BFC85000200000FFFF6022002036
:10408000C8210020D0210020B59F00002DE9F04775
:104090006D4994B0054614F0C5F880B16B492846C7
:1040A00014F0C0F8002840F0AF80694B01271B785E
:1040B000BB4209D114B0BDE8F047FDF761BD02274E
:1040C000634B1B78BB42F5D000230DF11C08614AFD
:1040D00004AC8DF81430684606934FF480230492A4
:1040E0000094CDE90F834FF6FF73ADF844305A4B7F
:1040F00013935A4B01930623029301238DF80C303E
:10410000F9F718FC064630B12146F8F797FA042370
:104110003371534B3360534B68460094019306232D
:10412000029301238DF80C30F9F704FC064630B1F8
:104130002146F8F783FA042333714B4B33604B4B22
:1041400029466846009401930423029301238DF8C5
:104150000C30F9F7BDFC2046FBF77CFE0698049E68
:1041600090B1434C03E011F0F9FE069858B1336862
:1041700002685B680692A342F5D001463046984734
:1041800006980028F3D1049EBDF840200F9BFAB199
:104190000024DFF8DC90A2460CE011F0DFFE0F9B5C
:1041A0000134C5F800A0BDF84010A2B2C5F804A0C3
:1041B00091420DD903EBC405696808460029EFD088
:1041C00033685B684B45E8D0304698470F9BE7E77C
:1041D00000224345ADF840204FF6FF72ADF8442071
:1041E00007D03268224952688A4220D1184611F01D
:1041F000B5FE10F02FF950200DF006FF384614B030
:10420000BDE8F04703F082B81A49284614F00AF8CE
:1042100058B11949284614F005F860B117492846E5
:1042200014F000F848B905274AE7032748E719467C
:1042300030469047DDE7042742E7114814B0BDE857
:10424000F047FFF789BE00BF080C0020F80C0020E3
:10425000A1560020C85000200000FFFF602200206F
:104260009C1E00201C22002024220020302100203F
:10427000B59F0000040C0020D42C00202C1D002031
:10428000D82100202DE9F04F0023C9B04FF480223F
:10429000DFF868A30DF18C088DF884302293A3F524
:1042A0008033CDF880A02F930368CDE92B824FF6A1
:1042B000FF72ADF8B4208268002B00F0A4811A448C
:1042C00030AD20AE3493002335922EA94FF00A0270
:1042D0002846309637968DF8CC308DF8D930CDE918
:1042E0003133FAF761FA044620B99DF8D830002B33
:1042F00040F09C80319850B1309BDFF8FC921A68F6
:1043000013685B684B4540F0858111F027FEBDF8CE
:10431000B020209B002A40F0DA802B98404514D032
:10432000BDF8B010BDF8B2208A420ED01A68C9009C
:10433000D2F80890A14A914540F0FD8212F0F8F8B9
:10434000BDF8B0302B90ADF8B230002C40F0E380D7
:104350009B4B2846CDE930630323329301238DF82C
:10436000CC30F9F7E1FC28B103791A1F012A64D98E
:10437000022B62D0934C9449204613F053FF00283F
:1043800000F03E819149204613F04CFF002800F0D8
:10439000E0828F49204613F045FF002800F0A484F6
:1043A0008C49204613F03EFF002800F0D7828A494E
:1043B000204613F037FF002800F082858749204609
:1043C00013F030FF002800F087858549204613F060
:1043D00029FF002801F02D808249204613F022FF9A
:1043E000002840F0F78704237F4C16A81893012378
:1043F000CDE916648DF86430F9F796FC90B1037935
:1044000083B14FF0040901272846CDF8C8908DF8F4
:10441000CC70CDE93064F9F787FC18B10379202B13
:1044200001F008817148FFF797FD77E09DF8BC30F7
:1044300013F0080F18BF03245CE7042B00F0808200
:10444000052B00F0B88004466949204613F0EAFEC7
:10445000002840F0E380FBF713FD2298209E98B1DE
:10446000DFF8949103E011F079FD229858B1336898
:1044700002685B6822924B45F5D00146304698476A
:1044800022980028F3D1209EBDF8B0302B99002B44
:104490007DD00024DFF8609127460AE011F05EFD30
:1044A0002B9901342F60BDF8B020A3B26F609A42FF
:1044B0006DD901EBC40568680028F2D033685B68E9
:1044C0004B45EBD00146304698472B99E9E76FF012
:1044D00060412B9851181A680290926800EBC1094C
:1044E0008B461746354AB9F802109742D9F80400AE
:1044F0004FEAC10140F02682039312F019F8039BA2
:1045000000283FF40AAFB9F802200299C9F8040064
:1045100021F83B2001E73748FFF71EFD2298209E37
:1045200098B1DFF8D49003E011F018FD229858B14B
:10453000336802685B6822924B45F5D001463046ED
:10454000984722980028F3D1209EBDF8B0302B99CF
:10455000EBB10024DFF8A09027460AE011F0FEFC42
:104560002B9901342F60BDF8B020A3B26F609A423E
:104570000DD901EBC40568680028F2D033685B6888
:104580004B45EBD00146304698472B99E9E700228E
:104590004FF6FF734145ADF8B020ADF8B43007D009
:1045A0003368154A5B6893422FD1084611F0D6FC58
:1045B00049B0BDE8F08F0468083445E7AD9F0000BE
:1045C00044220020803000200023002014230020FB
:1045D00024230020342300204423002054230020DF
:1045E0006C2300207C23002090230020082400203E
:1045F0004822002030220020B59F0000C850002033
:10460000FAF7F0FF29E7A04B59E63046984749B042
:10461000BDE8F08F01461046984778E69B49204652
:1046200013F000FE10B9FBF71DFD16E79849204670
:1046300013F0F8FD00287FF49EAE4FF4802333AAD8
:104640008DF8C4003C934FF6FF73329016A8ADF876
:10465000F430904B834602923F938F4BCDF8C0A02D
:10466000179306233B921893012316958DF8643017
:10467000F9F760F9064630B11699F7F7DFFF042322
:104680003371864B3360864B584616951F68854BB1
:1046900017930923189301238DF86430F9F74AF929
:1046A000064628B11699F7F7C9FF0A233760337118
:1046B00002F040FE7C4B0746584617930A23169596
:1046C000189301238DF86430F9F734F9064628B1C0
:1046D0001699F7F7B3FF06233770337102F024FE03
:1046E000724B0746584617930D23169518930123CE
:1046F0008DF86430F9F71EF9064628B11699F7F7D8
:104700009DFF0A2337603371694B5846CDE9165334
:104710000A23189301238DF86430664B1F78F9F74C
:1047200009F9064628B11699F7F788FF062337706E
:10473000337102F00FFE604B0746584617930A2369
:104740001695189301238DF86430F9F7F3F80646AF
:1047500028B11699F7F772FF06233770337157485F
:10476000F0F7E6FD564B0746584617930F2316956C
:10477000189301238DF86430F9F7DCF8064628B168
:104780001699F7F75BFF0623377033714B48F0F744
:10479000AFFE4C4B074658461793122316951893B5
:1047A00001238DF86430F9F7C5F8064628B116994B
:1047B000F7F744FF0623377033714048F0F78CFE5B
:1047C000414B07465846179311231695189301231A
:1047D0008DF86430F9F7AEF8064628B11699F7F768
:1047E0002DFF0623377033713448F0F78FFE374BB7
:1047F0000746584617930D231695189301238DF8F5
:104800006430F9F797F8064628B11699F7F716FFBE
:104810000A23376033712E4B5846CDE916530E23C9
:10482000189301238DF86430244B9F7BF9F782F8AD
:10483000064628B11699F7F701FF06233770337142
:104840002846FBF707FB3298309F98B1DFF8849039
:1048500003E011F083FB329858B13B6802685B6853
:1048600032924B45F5D00146384698473298002899
:10487000F3D1309FBDF8F0303B99002B45D0002597
:10488000144CA94633E000BF6C48002050220020A1
:104890005C2200200000FFFF602200209C1E002000
:1048A00090C5002068220020742200208022002071
:1048B0009022002005C700209C2200206068002074
:1048C000A8220020B8220020CC220020E0220020D4
:1048D000F0220020B59F000011F040FB3B9901350C
:1048E000C6E90099ABB2BDF8F0209A420DD901EBB0
:1048F000C50670680028F2D03B685B68A342EBD025
:104900000146384698473B99E9E70023ADF8F03077
:104910004FF6FF73ADF8F430029B99423FF49DAD22
:104920003B68DFF834905B684B4540F0B282084644
:1049300011F014FB91E50A4601461846C847FFE40A
:10494000046881E50A46039301461846B847039B6D
:10495000D6E5FBF7B3FF80E5B59F00004FF4802359
:1049600033AA8DF8C4003C934FF6FF73329016A81B
:10497000ADF8F430AD4B834602923F93AC4BCDF88B
:10498000C0A0179306233B921893012316958DF828
:104990006430F8F7CFFF064630B11699F7F74EFEB0
:1049A00004233371A34B3360A34B5846CDE9165310
:1049B0000723189301238DF86430A04B93F83740F8
:1049C000F8F7B8FF064628B11699F7F737FE0A231D
:1049D000346033719A4B58461695179307231893F2
:1049E00001238DF86430954B93F83840F8F7A2FF17
:1049F000064628B11699F7F721FE0A233460337171
:104A0000904B5846169517930823189301238DF859
:104A100064308A4B93F83940F8F78CFF064628B18A
:104A20001699F7F70BFE0A2334603371864B58460C
:104A3000169517930423189301238DF864307F4B48
:104A4000D3F82E40F8F776FF064628B11699F7F707
:104A5000F5FD0E23346033717C4B58461695179341
:104A60000923189301238DF86430744B93F8364072
:104A7000F8F760FF064628B11699F7F7DFFD0A231D
:104A800034603371724B5846169517930823189368
:104A900001238DF86430694BD3F80A40F8F74AFFD8
:104AA000064628B11699F7F7C9FD0E233460337115
:104AB000684B5846169517930823189301238DF8D1
:104AC00064305E4BD3F80640F8F734FF064628B151
:104AD0001699F7F7B3FD0E23346033715E4B5846D9
:104AE000169517930623189301238DF86430534BC2
:104AF000D3F80E40F8F71EFF064628B11699F7F7CF
:104B00009DFD0A2334603371544B58461695179314
:104B10000623189301238DF86430484B5C8EF8F718
:104B200009FF064628B11699F7F788FD0A23346075
:104B300033714B4B58461695179306231893012350
:104B40008DF864303D4B9C8EF8F7F4FE064628B194
:104B50001699F7F773FD0A2334603371414B5846B9
:104B6000169517930B23189301238DF86430334B5C
:104B7000DC6BF8F7DFFE064628B11699F7F75EFD05
:104B80000E2334603371384B584616951793022321
:104B9000189301238DF86430F8F7CCFE0446039097
:104BA000002800F0AE8016990027F7F747FD402354
:104BB000DDF8589023714FF0FF3323601F4BB3F99A
:104BC00012A0B9F834404FF6FF739C425BD0E20963
:104BD000D9F82C3003EBC2035E6804F07F0336F88B
:104BE000332006EBC306A9F83420104B3046494663
:104BF00001377360F7F722FD4FF00C0303984FF66F
:104C0000FF72C6F800A033714388934270D0D9F880
:104C10002C20D90903F07F03072F02EBC102526851
:104C200002EBC303DC8044806BD01FE00000FFFF79
:104C3000602200209C1E00206421002064C300200C
:104C40006C21002074210020482000205C200020DE
:104C5000502000203C200020782000202C20002024
:104C600034200020982000202820002007F108038D
:104C7000954AB9F8344002EB4303B3F902A04FF66A
:104C8000FF739C42A3D1B9F83030D9F80020A3B10A
:104C9000013BD9F82C109BB201EBC300466866B10A
:104CA00031F8334041888C4207D901EBC31306EB3E
:104CB000C10601319CB2418097E709F10C015846C9
:104CC000F7F782FA169E002E40F01C84013701226D
:104CD000072F89F8042014D007F108027A4B03EB60
:104CE0004202B2F902A06CE7FBF7E2FEFFF7B5BBA8
:104CF0000023039A072F64F30F0364F31F43136029
:104D0000B4D1724B5846169517930223189301237A
:104D10008DF86430F8F70EFE0446049000287CD02D
:104D200016990027F7F78AFC4023169E23714FF04F
:104D3000FF332360644BB3F920300393BA464FF03E
:104D40000C093746BC8E4FF6FF739C4237D0E20900
:104D5000FB6A03EBC2035E6804F07F0336F833207E
:104D600006EBC306BA865A4B304639467360F7F7EE
:104D700065FC039B04984FF6FF723360438886F806
:104D80000490934200F08980FA6AD9090AF1010679
:104D900003F07F0302EBC102072EB246526802EB1A
:104DA000C303DC80448038D006F11003464ABC8E31
:104DB00032F9133003934FF6FF739C42C7D13B8EF9
:104DC0003A689BB1013BF96A9BB201EBC3004668AC
:104DD00066B131F8334041888C4207D901EBC313E7
:104DE00006EBC10601319CB24180BCE707F10C0122
:104DF0005846F7F7E9F9169E002E40F087833E46A5
:104E00005746012201373271072F06D007F11002F1
:104E10002D4B33F91230039390E72846FBF71AF82D
:104E20003298309F88B1DFF8AC9003E011F096F82B
:104E3000329848B13B6802685B6832924B45F5D0C6
:104E4000014638469847F3E7309FBDF8F0303B996C
:104E5000002B3FF45AAD0025A9460BE011F07EF877
:104E60003B990135C4E90099ABB2BDF8F0209A42F4
:104E70007FF64BAD01EBC50460680028F1D03B68BC
:104E8000144A5B689342E9D00146384698473B99FB
:104E9000E7E738469847FFF7E0BA00230AF1010236
:104EA000049964F30F03072A924664F31F430B60CF
:104EB000B3D002F11003044A32F91330039341E7EF
:104EC000FBF7C4FFFFF7C9BA64C30020F418002041
:104ED0000000FFFFB59F00004FF4802333AA8DF838
:104EE000C4003C934FF6FF73329016A8ADF8F4302F
:104EF000A04B834602923F939F4BCDF8C0A01793DF
:104F000006233B921893012316958DF86430F8F729
:104F100011FD064630B11699F7F790FB0423337163
:104F2000964B3360964B0A2758461897CDE916538F
:104F300001238DF86430934B9C79F8F7FBFC06460F
:104F400020B11699F7F77AFB377134608E4B5846CB
:104F5000169517930C23189301238DF86430894B11
:104F60009F68F8F7E7FC064628B11699F7F766FB45
:104F70000E2337603371854B5846169517930723D8
:104F8000189301238DF864307E4BDF79F8F7D2FC5B
:104F9000064628B11699F7F751FB0A23376033719B
:104FA0007B4B5846169517930523189301238DF8CC
:104FB0006430F8F7BFFC169F0446049040B13946B0
:104FC000F7F73CFB4023169F23714FF0FF3323601C
:104FD0006C4BDB79002B00F02C816A4B4FF0010900
:104FE00003938FE0D909FA6A02EBC102546803F017
:104FF0007F0234F8321004EBC204B9865D4A4FF6E2
:10500000FF716260049A52888A4200F04E81F96A08
:10501000D00902F07F0201EBC001496801EBC20236
:10502000D380049A394620465380F7F707FB2023A4
:10503000039E052223714FF0FF335649204623601B
:105040003B46367B0596F7F761F90646002800F0E7
:10505000A78039463046F7F7F1FA059B33600A23FB
:105060003371039A2379527B0592002B6DD1202353
:1050700023714FF0FF33236009F1FF363B460522D1
:10508000454920460696F7F741F90646002800F004
:10509000588139463046F7F7D1FA059B33600A2329
:1050A000337109F10103374A02EB8303DB8805936F
:1050B0002379002B4CD0202B11D13B4606222046D1
:1050C0003649F7F723F90646002800F0F180394603
:1050D0003046F7F7B3FA059B33600A233371039B1D
:1050E0005FFA89F204330393264BDB79B9F1080F99
:1050F00018BF934209F101098CBF01230023002B43
:1051000000F09780049B002BE9D0BB8E4FF6FF7216
:1051100007F10C01934205917FF464AF3B8E3A682E
:10512000E3B1013BF96A9BB201EBC3004468ACB147
:1051300031F8336041888E4210D901EBC31304EB80
:10514000C10401319BB2418058E7202B94D0C6E7BF
:10515000202323714FF0FF332360AEE707F10C01EA
:105160005846F7F731F8169C002C40F00E840123C6
:105170003B71B4E70000FFFF602200209C1E00206E
:105180008C21002030A400209821002064230020DE
:10519000A8210020B0210020B8210020C02100203B
:1051A000A64BB98E169305230691179301238DF80C
:1051B00060304FF6FF73994200F05281CA09FB6AD2
:1051C00012AE03EBC2035A6801F07F0332F83310CA
:1051D00002EBC303B9860793994B3046079A3946C9
:1051E0005360F7F7FFF8129E002E3FF43AAFDDF858
:1051F0001CA0009750469BE80E00F7F729FE0028F8
:105200003FF42FAFBDF84C104FF6FF72AAF806100E
:105210006388934200F0E581FA6AD80903F07F03BE
:1052200002EBC002526802EBC303069ADA80618087
:105230000FE72846FAF70EFE3298309F88B1DFF864
:10524000049203E010F08AFE329848B13B6802688D
:105250005B6832924B45F5D0014638469847F3E7F4
:10526000309FBDF8F0303B99002B3FF44EAB00254A
:10527000A9460BE010F072FE3B990135C4E9009994
:10528000ABB2BDF8F0209A427FF63FAB01EBC5040C
:1052900060680028F1D03B686A4A5B689342E9D0B5
:1052A0000146384698473B99E7E7049A1380B8E6E9
:1052B000654BB98E169306230691179301238DF83B
:1052C00060304FF6FF73994200F0E680CA09FB6A2E
:1052D00012AE03EBC2035A6801F07F0332F83310B9
:1052E00002EBC303B9860793554B3046079A3946FC
:1052F0005360F7F777F8129E002E3FF4F0AEDDF81A
:105300001CA0009750469BE80E00F7F7A1FD00286F
:105310003FF4E5AEBDF84C104FF6FF72AAF8061048
:105320006388934200F05781FA6AD80903F07F033B
:1053300002EBC002526802EBC303069ADA80618076
:10534000C5E6424BB98E16930523069117930123A8
:105350008DF860304FF6FF73994200F0B980CA09AA
:10536000FB6A12AE03EBC2035A6801F07F0332F806
:10537000331002EBC303B9860793314B3046079ACB
:1053800039465360F7F72EF8129E002E3FF489AE8F
:10539000DDF81CA0009750469BE80E00F7F758FD7B
:1053A00000283FF47EAEBDF84C104FF6FF72AAF80D
:1053B00006106388934200F01181FA6AD80903F05D
:1053C0007F0302EBC002526802EBC303069ADA8045
:1053D00061805EE61E49204612F024FF002800F09E
:1053E000E8801C49204612F01DFF002840F0BC80D8
:1053F000DFF868900427012416A818978DF86440F8
:10540000CDE91669F8F790FC70B1037963B12846CD
:1054100032978DF8CC40CDE93069F8F785FC18B1AA
:105420000379202B00F0DA820B48FEF795FDFFF799
:1054300075B8F6F7ABFCFFF710B800BFB02100203D
:105440000000FFFFB59F0000C0210020B821002010
:10545000342400204C2400205824002090230020D5
:105460003B8E3A68002B71D0013B99B2FB6A03EB8B
:10547000C1004668002E69D033F831C043889C458E
:1054800064D903EBC11206EBC301013312AE4380B2
:1054900093B2079106939FE63B8E3A68002B46D065
:1054A000013B99B2FB6A03EBC1004668002E3ED077
:1054B00033F831C043889C4539D903EBC11206EB60
:1054C000C301013312AE438093B2079106930BE7F9
:1054D0003B8E3A68EBB1013B99B2FB6A03EBC1002A
:1054E0004668B6B133F831C043889C4511D903EB07
:1054F000C11206EBC301013312AE438093B2079190
:1055000006933AE7BDF85C40FFF76FBBBDF85C401F
:1055100029E412AE07F10C013046F6F755FE129B56
:105520000793002B40F0F48301233B71B9E512AEE1
:1055300007F10C013046F6F747FE129B0793002B4C
:105540003FF415AEBDF84C300693CDE612AE07F130
:105550000C013046F6F738FE129B0793002B40F003
:10556000BE8301233B717CE59F49204612F05AFE21
:10557000002839D1DFF890920427012416A8189743
:105580008DF86440CDE91669F8F746FC60B9284605
:1055900032978DF8CC40CDE93069F8F7C5FB18B1EA
:1055A0000379202B00F0AA839048FEF7D5FCFEF784
:1055B000B5BF2846F0F7EAFD29468D48F0F71AFEF8
:1055C00029468B48F0F7CCFE2846F4F7EFFBFCF7B2
:1055D000D7FAFEF742BF069B2380B0E6069B2380E6
:1055E000F6E6069B238022E68249204612F01AFE48
:1055F000002840F0FD81DFF810920427012416A84E
:1056000018978DF86440CDE91669F8F705FC60B984
:10561000284632978DF8CC40CDE93069F8F784FB05
:1056200018B10379202B00F05F837348FEF794FCD8
:10563000FEF774BF12A908A88DF85470CDF85090E9
:10564000CDE91264F8F7F4FB16A96948DDE90867AB
:10565000F0F786FE002E00F0928133884FF6FF723D
:10566000934200F08C81DA09F96A03F07F0301EBC1
:10567000C202566816EBC30600F08181F38800224F
:1056800099460B4606923279042A00F02E81052AAB
:1056900000F02881022A18BF00264FF6FF729145BC
:1056A00000F04B814FEAD91205934FEAD9145349C0
:1056B00003EBC20209F07F03304652689A46CDE9F7
:1056C0000243049202EBC30412F0ACFDDDE90423B3
:1056D000002800F09B804A493046CDE9043212F0A0
:1056E000A1FD049B00286BD1059A002C00F0B0812D
:1056F000267916F010010FD032F83AC04FF6FF713C
:105700008C4500F069814FEADC110CF07F0003EB5F
:10571000C101496801EBC0011E2E20D8DFE816F058
:1057200098011F001F001F001F001F00BD011F0068
:105730001F001F0048001F0048001F00A8011F0095
:105740001F001F001F001F001F001F001F001F0061
:105750001F001F003F001F003F001F009C01244A44
:1057600001215171BDF80820039903EBC202526870
:1057700012EBC10200F0F680D2884FF6FF718A4228
:1057800000F0F080D10902F07F0203EBC1014E6806
:1057900016EBC20600F0E680B6F8069073E7D1E992
:1057A00000210A43124A14BF012100215171D9E797
:1057B00052F83A200E49003A18BF01224A71D1E747
:1057C00010493046049312F02DFD002873D1049B3C
:1057D000002C00F0398120463946F7F7F7FE044ADD
:1057E000049BA2F85000BDE77C2400208C240020FC
:1057F00034C20020B4240020C424002070200020E3
:1058000098230020A423002090230020002C00F0E7
:10581000DE80267916F0100100F0B58032F83A10DB
:105820004FF6FF7C614500F02881C80901F07F0137
:1058300003EBC0035B6803EBC1031E2E20D8DFE837
:1058400016F0C6001F001F001F001F001F00FC00F5
:105850001F001F001F0030001F0030001F001E012E
:105860001F001F001F001F001F001F001F001F0040
:105870001F001F001F0025001F0025001F00310111
:1058800001219D48F0F770FCFB6A6BE7D3E9002328
:1058900099481A4314BF01210021F0F765FCFB6A07
:1058A00060E752F83A109448003918BF0121F0F728
:1058B0005BFCFB6A56E79149304612F0B3FCE8B94D
:1058C0005CB120463946F7F7CDFD031FDBB2012B53
:1058D00030D9431EDBB2012B2CD98948FEF73CFBA3
:1058E000FEF7BBBD36680836D7E63668D5E683498D
:1058F000304612F097FC0028EFD000248149304652
:1059000012F090FC002844D124B120463946F7F724
:10591000A9FD04468DF85F40012306934FF6FF73FF
:1059200099451FD04FEAD912FB6A029209F07F0213
:10593000039217E78DF85E00EEE77349304612F0E8
:1059400071FC002843D07149304612F06BFC0028EE
:105950007ED06F49304612F065FC0028C7D1664BF7
:10596000A3F85000069B53B116A96348F0F742FC18
:10597000614816A9F0F7F4FC16A8F4F717FAFCF73B
:10598000FFF8FEF76ABD0B4657E7BDF85C30FFF73E
:1059900035BB6049304612F045FC40B924B1204681
:1059A0003946F7F713FE0446ADF86040B4E75A49AC
:1059B000304612F037FC002840F0AF8124B1204679
:1059C0003946F7F74FFD04468DF86240A4E7002101
:1059D0004948F0F7C9FBA1E701469DE629460AA818
:1059E000F8F726FADDE90A01FCF754F9FEF735BDB0
:1059F0004A49204612F016FC002858D1DFF82C91B5
:105A00000427012416A818978DF86440CDE916697B
:105A1000F8F702FA60B9284632978DF8CC40CDE904
:105A20003069F8F781F918B10379202B00F0B981BA
:105A30003B48FEF791FAFEF771BD12F83A102E4876
:105A4000F0F792FBFB6A8DE62B4AA2F8504089E6FC
:105A5000294B00225A7161E791ED007BB5EE407B46
:105A6000F1EE10FA244A14BF01210021517179E6A8
:105A7000D4ED007AF5EE407AF2E70346DDE6D4EDA8
:105A8000007AF5EE407AF1EE10FA1B4814BF0121BE
:105A90000021F0F769FBFB6A64E612F83A10164A37
:105AA00051715FE693ED007BB5EE407BEBE71D495E
:105AB000204612F0B7FB00283AD1DFF87090042797
:105AC000012416A818978DF86440CDE91669F8F7F7
:105AD000A3F960B9284632978DF8CC40CDE93069FA
:105AE000F8F722F918B10379202B00F064810E48F1
:105AF000FEF732FAFEF712BD34C20020BC1E0020B1
:105B0000B8230020C81E0020702000209823002009
:105B1000A4230020D41E0020E01E0020EC2400203E
:105B2000FC24002024250020342500209023002080
:105B3000B349204612F076FBF8B9B24B4FF0040996
:105B4000012716A8CDF860908DF86470CDE9166332
:105B5000F8F762F960B9AB4B284630968DF8CC70F7
:105B6000CDE93139F8F7E0F810B10379202B3AD0BC
:105B7000A548FEF7F1F9FEF7D1BCA449204612F082
:105B800051FB002800F09B80A149204612F04AFBFF
:105B9000002800F08B809F49204612F043FB074607
:105BA000002865D09C49204612F03CFB074600289F
:105BB00038D09A49204612F035FB18B39849204650
:105BC00012F030FBC8B9974B06229749284632920B
:105BD000CDE9306301238DF8CC30F8F73DF903F0BF
:105BE00013F9FEF73ABC294616A8F8F721F9DDE9C2
:105BF0001601FDF7AFFEFEF730BC8C48FEF7ACF99E
:105C0000FEF72BBC8A4B0522002128463292CDE9B3
:105C1000306301238DF8CC30F8F72AFA03F07EF8D0
:105C2000FEF71BBC774B0124824928468DF8CC40F7
:105C3000CDE9306304233293F8F70EF97E4B8146A9
:105C4000394616A8179303238DF8644018931696C7
:105C5000F8F71CF9794B0446394628463193F8F792
:105C600007FA4A460146204602F016FFFEF7F5BB4A
:105C7000734B0124014616A88DF86440CDE91663E4
:105C80000B231893F8F7F4F96E4B814639462846F2
:105C900031930A2330968DF8CC403293F8F7F6F81A
:105CA0000146484602F070FEFEF7D7BBFBF768FFDF
:105CB0000EF0D0FB32200CF0A7F918F0DFFF624B9A
:105CC00004225C4928463292CDE9306301238DF8E5
:105CD000CC30F8F7C1F8FEF7D9F9FEF7BEBBBDF836
:105CE0004C300693FFF778BA29460EA8F8F7A0F8CB
:105CF000DDE90E01FCF7DAFBFEF7AFBB29460CA885
:105D0000F8F796F8DDE90C01FCF7E8FAFEF7A5BB19
:105D1000BDF84C300693FFF730BB4C49304612F0CB
:105D200081FA40B924B120463946F7F79BFB044677
:105D30008DF86340F0E54649304612F073FA40B9F9
:105D400024B120463946F7F78DFB04468DF86440B0
:105D5000E2E54049304612F065FA40B924B12046E8
:105D60003946F7F733FC0446ADF86540D4E53A49C7
:105D7000304612F057FA38B92846CDE93047F6F7E1
:105D8000F9FEADF86700C7E53449304612F04AFA2B
:105D9000D8B92846CDE93047F6F7A4FF8DF8690059
:105DA000BAE5294610A8F8F743F8DDE91001FCF739
:105DB000FBFCFEF752BB294612A8F8F739F8DDE9DB
:105DC0001201FDF715F8FEF748BB2549304612F0E1
:105DD00029FA38B92846CDE93047F6F7CBFEADF8B9
:105DE0006A0099E51F49304612F01CFAE0BB2846CC
:105DF000CDE93047F6F7BEFEADF86C008CE500BF8C
:105E00005C250020902300206C2500209425002094
:105E1000A0250020B4250020D8250020F025002052
:105E20000426002010260020182600202826002006
:105E3000FC25002080300020E4250020E8250020FB
:105E4000C0250020CC25002030210020E81E0020A5
:105E5000F81E0020081F0020141F0020281F00200B
:105E6000341F0020401F00204649304612F0DAF966
:105E700038B92846CDE93047F6F77CFEADF86E001C
:105E80004AE54149304612F0CDF938B92846CDE906
:105E90003047F6F76FFEADF870003DE53B49304600
:105EA00012F0C0F938B92846CDE93047F6F70AFEB6
:105EB0008DF8720030E53649304612F0B3F938B942
:105EC0002846CDE93047F6F7FDFD8DF8730023E550
:105ED0003049304612F0A6F938B92846CDE93047A6
:105EE000F6F700FF8DF8740016E52B49304612F0E6
:105EF00099F938B92846CDE93047F6F73BFEADF8B9
:105F0000750009E52549304612F08CF938B9284664
:105F1000CDE93047F6F7D6FD8DF87700FCE420494F
:105F2000304612F07FF938B92846CDE93047F6F708
:105F3000D9FE8DF87800EFE41A49304612F072F974
:105F400038B92846CDE93047F6F714FEADF87900A8
:105F5000E2E41549304612F065F938B92846CDE932
:105F60003047F6F707FEADF87B00D5E433460F4A1D
:105F70004021284611F070FE2846FDF7EDFFFEF7A0
:105F80006CBA00BF4C1F0020581F0020641F002067
:105F9000701F00207C1F0020881F0020981F0020F9
:105FA000A81F0020BC1F0020C81F0020F8230020CD
:105FB0000CF050B9284A9FED297AD2ED006A284B9F
:105FC000F4EEC76AD3ED007AF1EE10FA07D4F4EEDE
:105FD000C77AF1EE10FA12D59FED220A70479FEDB5
:105FE000217AF4EEC77AF1EE10FAF5D4B3EE040A92
:105FF000F4EEC07AF1EE10FA30FE270A70471A4A22
:106000009FED1A7AD2ED006A194867EEA67A00B5BC
:10601000C7EE876A83B0CDED016AF4F7BBF8104B89
:10602000DDED016AD3ED007A9FED0E7AE0EE267A7F
:10603000F4EEC77AF1EE10FA09D4B3EE040AF4EEE6
:10604000C07AF1EE10FA30FE270A03B000BD9FEDD2
:10605000050A03B000BD00BF5C5300206F12833AF5
:1060600084C40020CDCCCC3D605300200000C84249
:10607000C0C100201C4B1B784BBB1C4B1C4A197821
:10608000B2F90030022923D0DFF878C019499CF812
:1060900000C0CCEBCC0CA3EB0C03184481FB00310B
:1060A0000B18C117C1EBA301134BC1EBC101401A7F
:1060B0000730A3FB0013C11A03EB51039B08C3EB8A
:1060C000C303C01A60440D4B012110801970704742
:1060D00018440B49431D81FB0301D817C0EB610035
:1060E00000EB8000181AEEE7A3560020A15600200E
:1060F000CCC6002093244992254992249F56002023
:106100006766666607C700200D4B9B7B9BB90D4BEE
:10611000DFED0D7A93ED007AB4EEE77AF1EE10FA46
:1061200009D4C30707D5094B1B782BB1084B1B7843
:1061300013B900F0FE00704740F00100704700BF47
:106140006068002084C400206F12833AD8C6002003
:10615000F5C600206B4B1B7803B170476A4A6B4B46
:1061600030B5117887B0B3F9003002299AB220D047
:10617000062A1CD9073A062A47D8073B644931F951
:106180001320DFF8C4C10244B2F5FA7FA8BF4FF470
:10619000FA726245B8BF624621F81320F3F7B0FFE8
:1061A00001235C495C4A0B70137007B030BD5B493A
:1061B000E5E7042AF4D80DEB8305594A03EB830382
:1061C000DFF888E107EE900A0DF1040C02EB83047E
:1061D000B8EEE76AD4ED036A94ED017ABEE80F00E9
:1061E000ACE80F00DEF80030CCF800306B68D3ED7F
:1061F000007AE6EE267AF4EEC77AF1EE10FA0DD5C3
:1062000083ED007AF3F77CFFCAE70E3B062BC5D877
:10621000DFE803F0736361482D1F0D0094ED027AEF
:10622000F4EEC77AF1EE10FA37FE277AE8E73D4B35
:106230004FF0190C42F21072196810FB0C109042CA
:10624000A8BF1046B0F5FA7FB8BF4FF4FA701860D7
:10625000A4E7354A4FF00503117810FB03135F2BB9
:10626000A8BF5F23052BB8BF0523137096E72F4BFC
:1062700007EE900A93ED007AF8EEE76ADFED2C7AEC
:10628000A6EEA77AB4EEE77AF1EE10FA07D4F2EEB2
:106290000E7AB4EEE77AF1EE10FA77FE877AC3ED64
:1062A000007A7BE707EE900A224B9FED217AF8EE09
:1062B000E76AD3ED007AE6EE877AF5EEC07AF1EE82
:1062C00010FA1CD4B3EE047AF4EEC77AF1EE10FAA9
:1062D00077FE277AE3E7184BCAE7184AB2F800C0FE
:1062E0004FF0050340F6B83110FB03C38B42A8BF43
:1062F0000B4623EAE373138050E7114AEEE7DFED24
:10630000117ACCE7A3560020A1560020CCC600206D
:1063100098C400209F560020A456002088C4002066
:10632000143500206C530020A25600205C5300203E
:10633000CDCCCC3D84C4002064530020D0C60020C6
:10634000CEC60020000000000CFEFFFF94090020D4
:10635000044608B5F1F7AEFE1A2113480EF04CF8CA
:10636000631EDBB2032B18D8104A52F8234034B115
:10637000204612F087F9014620460EF03DF80C4801
:106380000BF096F90EF066F832200BF03DFE4FF060
:10639000E023084AC3F80C2DFEE7074C07212046EE
:1063A0000EF02AF8EBE700BF38260020F80900209D
:1063B000704F00200400FA052C1D002010B5044683
:1063C00082B049B10846019112F05CF92368024697
:1063D000019920465B689847204602B0BDE810400E
:1063E0000BF066B910B5204C237883F001032370BD
:1063F0001BB3002107200BF087FE002122200BF0A9
:1064000083FE0EF075F8194B1B78ABB1184B1B7857
:10641000DB0711D5174B184A1B6812689B1A0E2B05
:106420000AD92378BBB1112114480DF0E5FF1448B7
:10643000BDE810400BF03CB910BD012107200BF066
:1064400063FE012122200BF05FFE01230D490E4A5D
:106450000B701370D5E710210C480DF0CDFF0848E4
:10646000BDE810400BF024B9A356002019C7002046
:1064700018C7002090C50020A8C600205426002080
:10648000704F00209F560020A45600206826002050
:1064900038B5164D2B78012B14BF012402240EF0C1
:1064A00027F8134B1B781BB1124B1B78DB0706D464
:1064B0002B78A34202D02046FFF74AFF38BD0E4B8F
:1064C0000E4A1B6812689B1A0E2BF1D927210C4823
:1064D0000DF092FF022C4FF003010CBF09480A484F
:1064E0000DF08AFF09480BF0E3F8E1E7A156002020
:1064F00019C7002018C7002090C50020A8C600209A
:106500007C260020080C0020F80C0020704F002092
:106510001E4B1B78022B37D001201D4ADFF898C094
:1065200010B51C4C23780344A2FB03121A490870CF
:1065300002F4FF7101EB52029B1AC3EBC3022370FA
:10654000164BACF8002018700DF0D2FF144B1B78DE
:10655000CBB1144B1B78DB0715D5134B134A1B68C3
:1065600012689B1A0E2B0ED90F2111480DF044FF13
:10657000217800230A220F480BF0C2F80D48BDE82D
:1065800010400BF095B810BD704700BFA156002019
:10659000ABAAAAAA07C700209F560020A456002035
:1065A00019C7002018C7002090C50020A8C60020E9
:1065B000A4260020704F0020CCC6002038B5454BE3
:1065C000454C1A78B4F90030022A3CD09AB2062A17
:1065D0002FD8424A002122F81310F3F791FD404DC5
:1065E000218801223F4B19702B683F49C8330B604B
:1065F0003E4B3F491A700A700DF07AFF3D4B1B78F5
:1066000003B33D4B1B78DB071CD53C4A2B68126853
:106610009B1A0E2B16D9152139480DF0EDFEB4F951
:10662000001038480BF038F83648BDE838400BF019
:106630003FB8073A062A0DD8334A073B002122F813
:106640001310CAE738BD042BC7D8DFE803F01115D3
:106650001A1F0C000E3B062BBFD8DFE803F03733C0
:106660002E2A25211C004FF07E52284B9A61B4E758
:10667000264B274A9A60B0E74FF08042234BDA60FE
:10668000ABE74FF07E52214B1A61A6E74FF07D52E7
:106690001E4B5A61A1E71F4B41F288321A609CE7FA
:1066A0001D4B46221A7098E74FF07E521B4B1A6022
:1066B00093E71B4B00221A608FE74FF07E52194B75
:1066C0001A608AE7184B00221A8086E7174B0022CF
:1066D0001A8082E7A1560020CCC6002088C4002082
:1066E00090C50020A0560020E0C20020A456002043
:1066F0009F56002019C7002018C70020A8C60020F8
:10670000B4260020704F002098C40020E4C200206E
:106710009A99993E6C530020A25600205C530020A9
:1067200084C4002064530020D0C60020CEC60020C0
:1067300038B5292176480DF05FFE76480AF0B8FF9B
:106740001321754800240DF057FE72480AF0B0FF7F
:10675000724D29216E480DF04FFE6E480AF0A8FFD9
:1067600004216F480DF048FE00230A2221466948A3
:1067700001340AF0C5FF03216A480DF03DFE35F9EA
:10678000021F64480AF088FF052167480DF034FEB7
:1067900060480AF08DFF072CE2D1644D00240421EB
:1067A00063480DF029FE00230A222146594801348E
:1067B0000AF0A6FF03215B480DF01EFE35F9021F0B
:1067C00054480AF069FF052157480DF015FE51485D
:1067D0000AF06EFF072CE2D10C2156480DF00CFE9A
:1067E000554B4C4819880AF057FF032153480DF0C8
:1067F00003FE48480AF05CFF0C2151480DF0FCFDF7
:10680000504B444819880AF047FF03214B480DF0CC
:10681000F3FD40480AF04CFF0C214B480DF0ECFD15
:106820004A4B01213B4893ED000AB7EEC00A0AF03B
:1068300071FF022146480DF0DFFD36480AF038FFAF
:106840000C2144480DF0D8FD434B0121314893ED14
:10685000000AB7EEC00A0AF05DFF03213F480DF0C1
:10686000CBFD2C480AF024FF0C213D480DF0C4FD5F
:106870003C4B0121274893ED000AB7EEC00A0AF00D
:1068800049FF022132480DF0B7FD22480AF010FFFF
:106890000C2135480DF0B0FD344900230A22097857
:1068A0001C480AF02DFF022129480DF0A5FD1948CA
:1068B0000AF0FEFE0C212E480DF09EFD2D4900230E
:1068C0000A22096813480AF01BFF03211B480DF038
:1068D00093FD10480AF0ECFE0C2127480DF08CFDCA
:1068E0002648EEF725FD78B1092125480DF084FDF5
:1068F00008480AF0DDFE292105480DF07DFD054818
:10690000BDE838400AF0D4BE0D211E48EEE700BFB6
:10691000DC260020704F00200827002086C40020BD
:106920001C270020242700204C0D002096C40020A6
:106930002827002030270020CEC60020800D002010
:1069400040270020D0C6002050270020645300209C
:10695000602700206427002084C4002074270020C2
:10696000782700205C53002088270020A2560020B2
:10697000982700206C530020A82700206068002082
:10698000D0260020CC2600202DE9F047694C90B09D
:10699000694E6A4F94F80E8035683A78B8F1000F66
:1069A00018D0002A00F09A810CA9624887F800806C
:1069B000EEF726FC002835D1614BDFF8C8811A6854
:1069C000AA4270D198F80060002E00F0548110B0F7
:1069D000BDE8F087002AE7D05A4A0EA92046CDF834
:1069E0003A8012788DF83E8022F001028DF838202E
:1069F000EEF754FC0DF07CFD534A1278002AD3D0F8
:106A0000524A1278D107CFD5514932680968521AD3
:106A10000E2AC9D918214F480DF0EEFC4E480AF055
:106A200047FEC1E7BDF93420BDF93230002A454F99
:106A30004A49B8BF5242002B91ED127A92B2B8BFC8
:106A40005B429DF8300012FA83F307EE903A3B78F0
:106A5000F8EEE77A03F0010383F0010277EE877A1C
:106A60000240C1ED127A00F0010140F05C8181F03A
:106A70000101DFF810810B4240F02B81384B387058
:106A80001D60A37B1BB140F001008DF83000FFF7C3
:106A90003BFB0CA98DF830002648EEF7FFFB284B96
:106AA0001A68AA428ED0274F1D60A37B3978002B2D
:106AB00040F04B822B4ADFED2C7A92ED007AB4EE57
:106AC000E77AF1EE10FA02D4CA0700F1A181274B50
:106AD0001A78002A40F023820DF1380A244B1B78E3
:106AE000002B60D1DFF8A0C098F800209CF800309F
:106AF000002A4BD1ADF82A20ADF82C20002B57D11D
:106B00001C4A16881C4AB2F800C01A461B48CDE938
:106B100000321B4BCDE9026C93ED000A0BAB0593E1
:106B20000DF12A03049300231A46F3F759FC397830
:106B30003EE000BF6068002090C50020E2C6002053
:106B4000A4BE0020E0C6002019C7002018C70020FE
:106B5000A8C60020D0270020704F002034C200209B
:106B6000CCBA002084C400206F12833AD8C600201B
:106B700008C70020CEC60020D0C60020C0C100201B
:106B80006853002005C7002006C700205BB989486C
:106B900032680068121A88480068904200F2F68154
:106BA00001238CF800300023ADF82A30ADF82C30EA
:106BB000824E01F00103B371C1F340033046F3711B
:106BC000EEF7A0FE4FF0000352460DF12E01B7EE96
:106BD000000A3046ADF82E30ADF83830EEF74CFFF5
:106BE000BDF82A10BDF82E30BDF82C201944BDF890
:106BF00038301A44ADF82A1041EA0203ADF82C20CF
:106C00009BB2002B3FF4DEAE3878FFF77DFA4FF0F1
:106C10000003ADF83A1051468DF8380068488DF8F9
:106C20003E30ADF83C20EEF739FB7379002B3FF492
:106C3000C9AE022163480DF0DFFBBDF92A1062489E
:106C40000AF02AFD20200DF0C3FBBDF92C105E4890
:106C50000AF022FD20200DF0BBFB00230A2229466A
:106C600059480AF04DFD58480AF022FD98F8006096
:106C7000002E7FF4ACAE5248EEF75AFB00283FF4EA
:106C8000A6AE524A1368EB1AB3F57A6FFFF49FAEC3
:106C90004F480EA9A37B1560027849481343CDF8ED
:106CA0003A608DF83E608DF83830EEF7F7FA15212E
:106CB00048480DF0A1FB33460A22042142480AF05D
:106CC0001FFD0D2144480DF097FB3F480AF0F0FCF2
:106CD0007DE6424B88F800201A70CFE6CDF83920C7
:106CE0000EA90F92012220468DF83820EEF7D6FA31
:106CF0000DF0FEFB3A4A1278002A3FF455AE394AAD
:106D00001278D0077FF550AE374932680968521AB9
:106D10000E2A7FF649AE162134480DF06DFB2A4845
:106D20000AF0C6FC40E63268224BDFF8E0801A60C9
:106D3000012300222E4888F80030284B1A70F3F700
:106D400033FB2C4BDFED2C6A93ED007ADFED2B7AD1
:106D5000A0EE267AB4EEE77AF1EE10FA07D4F2EE5E
:106D60000E7AB4EEE77AF1EE10FA77FE877A244BCA
:106D70001F48C3ED007AF3F717FB224BDFED1E6AC5
:106D800093ED007ADFED1D7AA0EE267AB4EEE77A75
:106D9000F1EE10FA07D4F2EE0E7AB4EEE77AF1EEE5
:106DA00010FA77FE877A184B9DF83000C3ED007A11
:106DB00064E600BF80C400206C53002034C2002071
:106DC00060680020EC270020704F0020CCBA002023
:106DD000E0C60020F02700200828002006C7002079
:106DE00019C7002018C70020A8C60020B827002017
:106DF000C0C10020645300206F12033DCDCCCC3DB8
:106E0000685300205C5300206053002005C7002019
:106E100006930BF04FF9D54A069B1178002900F034
:106E2000CB81D34ADFF874E31168A0EB010C9EF824
:106E30000010002940F09880CE4B1968614500F29F
:106E4000908110600121CC4A8EF8001092F80090D9
:106E50001170FFF7AFF8C949DFEDC97A0B7887EEFB
:106E6000807AC84907EE903A9FEDC76AD1ED006A73
:106E7000C6488DED096AF8EE677A67EEA66ACDED31
:106E8000077AC6EE865A8DED087ACDED065AF3F7ED
:106E900081F9DDED065AF1EE046ADDED077A9DED2C
:106EA000087AE5EE807AB44AB24BF4EEE67AF1EE77
:106EB00010FA00F1DA81DFEDB65AF7EE006A9DEDC7
:106EC000096AF4EEE57AF1EE10FA75FEA75AC5EEFE
:106ED000867A76EEE76A67EE277A107827EE267ACA
:106EE000AC4A81453978FCEEE77ABCEEC77AC2ED50
:106EF000007A83ED007A3FF4EFAD002842D041F0F4
:106F0000010100238DF838100EA9A348CDF83A30BE
:106F10008A468DF83E30EEF7C1F93978DEE5002279
:106F200021F001019C481A70934B8DF838100EA97E
:106F30001A70CDF83A208A46984B8DF83E200122EF
:106F40001A70EEF7ABF93978C8E5884B1A78002A41
:106F50003FF4C2AD00220DF1380A1A70864B1A7048
:106F600001228E4B1A70B9E58A490968614500F221
:106F7000F8801060804A8EF8003011781370002974
:106F800000F0EF80397801F0FE01BAE7844E3688D0
:106F900096426CD8931BB1EE086ADFF80CE206EE5D
:106FA000903A831B0EF1020C07EE903AF8EE666AF7
:106FB000F8EE677A86EEA77A27EE067AFDEEC77AB4
:106FC00017EE903ACDED067A052BA8BF05233CF9C4
:106FD00013C007EE903A994604EE90CA3EF913C0EA
:106FE000F8EEE77A069B05EE10CAF8EEE44A37EEB3
:106FF000677AB8EEC55A002B40F0438174EEC53A6B
:10700000DFF8A8C1F6EE007A3CF9193006EE903AA6
:10701000F8EEE66A76EEC56A66EEA76A27EE076ABC
:10702000F0EE085AF0EE002A27EE064A66EE255AE0
:10703000B7EE002AF0EE447AB0EE653AE4EE625A1A
:10704000E6EE627A94EE223A34EE466A77EE877A7A
:1070500033EE027A67EEA37AE5EE077AE4EEA57ADC
:10706000E6EE267AFDEEE77A17EE903A1BB2DFF8ED
:1070700040C1BCF800C0944500F20181A2EB0C02B3
:10708000A0EB0C00B1EE086ADFF828E107EE902AC9
:1070900007EE100A0EF10200F8EE677AB8EE477AB2
:1070A000C7EE876A26EE867AFDEEC77A17EE902A3B
:1070B000CDED067A052AA8BF052230F9129007EE19
:1070C000902A069804EE909A3EF91290F8EEE77A2C
:1070D00005EE109AF8EEE44A37EE677AB8EEC55A34
:1070E000002840F0E38074EEC53A2E48F6EE007AB0
:1070F00030F9122006EE902AF8EEE66A76EEC56ABE
:1071000066EEA76A27EE076AF0EE085AF0EE002A4C
:1071100027EE064A66EE255AB7EE002AF0EE447ACC
:10712000B0EE653AE4EE625AE6EE627A94EE223A06
:1071300034EE466A77EE877A33EE027A67EEA37A08
:10714000E5EE077AE4EEA57AE6EE267AFDEEE77A3A
:1071500017EE902A12B20020ADF82A00ADF82C00EC
:10716000D4E439780DF1380AB8E400BFD8C600205D
:10717000ACB9002040A90020F5C60020A25600208E
:1071800000247449605300200000C842C0C10020A0
:107190000000BE42A4A80020606800209B5600208A
:1071A000CEC600209CC4002088C400208CC40020CF
:1071B000D0C6002098C4002001231370464A1370E3
:1071C000464A1370464B1860FEF7F4FE454BDFED60
:1071D000467A1B7887EE807A9FED446A07EE903AF4
:1071E000434B4448D3ED006A8DED096AF8EE677AA7
:1071F00067EEA66ACDED077AC6EE865A8DED087A5F
:10720000CDED065AF2F7C6FFDDED065AF1EE046A3F
:10721000DDED077A9DED087AE5EE807AF4EEE67A08
:10722000F1EE10FA26D4DFED345AF7EE006A9DED48
:10723000096AF4EEE57AF1EE10FA75FEA75AC5EE8A
:10724000867A76EEE76A67EE277A2C4A27EE267A68
:107250002B4B39780DF1380AFCEEE77ABCEEC77A91
:10726000C2ED007A83ED007A38E4DFED266ADFEDC7
:10727000267A30E6DFED236ADFED237AE3E70022AA
:1072800069E7AEF1020EF6EE007A3EF9193003EE30
:10729000903A069BF8EEE33A042B74EEE33A63EE81
:1072A000A73A7FF7ADAE74EEC56AB7E6AEF1020E4F
:1072B000F6EE007A3EF9120003EE900A0698F8EE18
:1072C000E33A042874EEE33A63EEA73A7FF70DAF92
:1072D00074EEC56A16E700BF9B560020F5C6002075
:1072E000ACB90020A2560020002474490000C84216
:1072F00060530020C0C100200000BE42A4A80020AE
:1073000040A900203333733FCDCC4C3D054A127861
:10731000824206D008B5431E042B00D908BDFFF7F2
:1073200017F87047A1560020014B1868704700BF3E
:10733000CCBA00200148EDF7FBBF00BF6068002019
:1073400001230249024A0B70137070479F560020B8
:10735000A4560020014B1878704700BFA3560020A8
:1073600008B50AF077FF0748F2F7F0FE002106485B
:107370000AF0C8FA054A06490348BDE808400EF07D
:107380002BB900BFC0C10020A8A80020D850002001
:1073900091F701002DE9F0435748BBB0574CEDF78A
:1073A00017FF4FF41670564D0AF02EFE554F266803
:1073B00040F2EE28DFF85C910DF09AF82B78002B64
:1073C00077D03B78DA0774D52368D9F800209B1A68
:1073D0000E2B6ED926684B4FDFF838810DF088F8F8
:1073E0002B78002B6FD03B78DB076CD52368D8F85F
:1073F00000209B1A0E2B66D9242143480CF0FCFF79
:1074000042480AF055F9F0F79BFE002864D10DF0D0
:107410006FF82B78002B40F09F812768236807F5D1
:1074200096679F4240F2EE82002603ADB04612E01E
:10743000EEF752F840EA08032F485FFA83F8EEF7B8
:1074400057F840EA06030A20DEB20AF0DDFD2368A1
:107450009F4240F2BB8229462748EDF7D1FE2648DD
:10746000EDF766FF0346244813B1EEF741F8F0B993
:107470002148EDF75DFF03461F48002BD8D0266852
:10748000236806F5C8769E4206D8A3E20AF0BCFD42
:1074900023689E4240F29E8229461748EDF7B0FECF
:1074A0001548EEF725F803460A20002BEED00520FC
:1074B00013E023682A789B1B5AB1B3F5FA6F89D879
:1074C0000DF016F878E723689B1BB3F5FA6F85D3A8
:1074D00092E74345F4D97DE703AD0D4E3070EEF7EA
:1074E0001DF83378023B032B00F28E82DFE813F0A5
:1074F0002C012401E00014006068002090C50020E9
:1075000019C7002018C7002030280020704F002025
:10751000A1560020A8C6002032219B480CF06CFF29
:107520009A480AF0C5F82846F0F7DCFE002840F03B
:10753000CC80974A974BD2F800C01F68964B2846DC
:10754000C3F800C0954B1F60F1F7C4F9002800F0A4
:107550006D812F46924C0FCF0FC40FCF0FC40FCFAA
:107560000FC497E80F0084E80F002846F1F786FC67
:10757000002800F07E812F468A4C0FCF0FC40FCF1A
:107580000FC40FCF0FC497E80F0084E80F008648A0
:10759000F1F784FF2846F2F733FA002800F09C81C7
:1075A000DC22294681480BF0DFF82846F2F7F2FC8E
:1075B0000446002800F0B5812F467D4C0FCF0FC444
:1075C0000FCF0FC497E8070084E80700EFF7EEFB42
:1075D000EFF760FC3378012B00F0D280013BDBB287
:1075E000042B40F206821F22724C182301920022C3
:1075F000714F714811460093F02309F06DF9002393
:10760000022138467B6108F089FE6C4B20463B61C5
:1076100011F038F821460246384609F0EBFF012107
:1076200007200AF071FD6648F2F79CFD3378022BC3
:1076300000F0C081032B00F0D981043B012B40F204
:10764000CB816049604A614B0846C1E90023604A2A
:10765000604BC1E90223604B604AC1E90423EFF7A4
:1076600009FA022106200AF083FD2846F2F7C6FB3C
:1076700029465B48EEF7BEFD4FF4E13259495848C0
:10768000EEF7F6F8584B1B78002B40F06381337807
:10769000023B012B40F26B81172154480CF0ACFEE9
:1076A0003A480AF005F83BB0BDE8F043FFF740B8B0
:1076B00020214F480CF0A0FE344809F0F9FF28467D
:1076C000F0F710FE00283FF434AFDDF81E00DDF8BF
:1076D0002210DDF82620474B474C07C3BDF82A107F
:1076E0000BAABDF83E00198044499DF8433008803C
:1076F0004349A3F10103BDF84000B3FA83F30880C6
:1077000023495B09DDF812C0C1F800C03D49DDF82E
:107710003A0008601F49DDF816709DF842000F60BE
:10772000394908703949DDF81A00086038490B708A
:107730000FCA07C4238001E7222136480CF05CFE03
:10774000124809F0B5FFEEE61D2133480CF054FE57
:107750000E4809F0ADFFE6E6304B1B78DD077FF5FC
:107760005CAE2F4A236812689B1A0E2B7FF655AE2B
:1077700029212C480CF040FE044809F099FF4CE602
:10778000294C4FF4FC6230E7EC280020704F0020B9
:10779000645300205C530020685300206053002095
:1077A000E4C2002064C3002024C30020A4C300203E
:1077B00030A400202428002098C5002008000400E0
:1077C000C0C10020E8C10020713E0100513F01000E
:1077D0000D430100E14101008D420100B943010068
:1077E00034C20020804F0020A356002068290020CA
:1077F000C828002088C4002098C40020CEC60020DD
:10780000D0C6002084C40020A25600206C53002063
:1078100008C7002084280020A828002018C70020BE
:10782000A8C6002058280020182800207A4C7B4940
:107830007B4AA1604FF0804122600122E1604FF05D
:107840007E51E2622161A1610421764A616076493C
:107850002062E1614FF07D51C4E90900616130347B
:107860000FCA84E80F002846F1F708FB00287FF4D0
:1078700082AE6E4B4FF085416D4AD96341F288313B
:107880001A600222C3F812009A806A4AC3F81600EE
:10789000C3F806200022C3F81A00C3F82E204FF0C8
:1078A0007E52C3F81E00C3F80A20634AC3F82200C0
:1078B000C3F82600C3F82A00C3F83200188258879C
:1078C0005E48D981C3F83620F1F7E8FD2846F2F783
:1078D00097F800287FF464AE594A032359494FF0C2
:1078E000010CFA270446C2E90013574B14325749DA
:1078F00042F80C3CA2F1140342F808CC22F8047CB4
:107900009C740533C3F80E109A42F9D101301A3233
:107910000828EFD12846F2F73DFB044600287FF403
:107920004BAE4B4F02234B4A014607F10C00C7E90F
:10793000002300232022BB6010F004FB7B1D2146A6
:1079400007F12B0013F8012F834281EA0201F9D1DC
:1079500079713BE6002107200AF0D6FB00212220A6
:107960000AF0D2FB3378023B012B3FF695AE3A4C3E
:107970004FF496700AF048FB384D23682A7843F09C
:1079800001032360FAB10BF013FE50200AF03CFB18
:1079900023682A7823F0010323608AB10BF008FEE4
:1079A00033782F49032B2F480CBF2F4A2F4A09F059
:1079B00099FE71E62E48F3F795FBF2F745FF40E696
:1079C0000BF0F6FDEAE70BF0F3FDDCE7B8F1000F92
:1079D00016D19EB9012080E51948F4F773F91C48C7
:1079E000F4F70CFA0120EDF771F92AE6F3F746FCFB
:1079F00027E620491F2251F82340F6E504206CE5D4
:107A000003206AE503ADE5E70A211B480CF0F4FC0E
:107A1000144809F04DFE86E5E4C200209A99993E8B
:107A2000314D4941A01400201A16040764C30020F8
:107A3000314D4943CDCCCC3D4602030024C3002048
:107A4000A4C30020334D494B00A0400050003C002F
:107A500030A400204B545343ACC60020F8C600208D
:107A60002C290020704F0020040C0020080C00205E
:107A7000BCC10020080A0020202900202DE9F04F79
:107A80009E4DA1B09E482C68EFF734F89D48EDF765
:107A9000F9FE06200AF05AFB9B4A1378834204D071
:107AA0009A490B68E31A312B1AD8994EF2F738FB32
:107AB00058B9984F3378023B032B00F2C186DFE8B8
:107AC00013F0C901C6011E001C003378023B032BD2
:107AD00000F2BA86DFE813F0720276023B02FC0184
:107AE00007460C60002800F0EB818B4B19780029C9
:107AF00040F00183864E1770D8E7FEF745FFF4F794
:107B0000BBF97F4B3A7893F81880002A00F0D180B7
:107B1000824B83F80080824A92F90030002B09DB07
:107B2000804B1B68E31A002B04DBFF207E4B0121F6
:107B3000107019707D4EB3683BB17D4A2B68126896
:107B40009B1AB3F5FA7F80F0BB82794F0CF0EAFB09
:107B500000282FD00CF02CFCC1B274480D2918BF9E
:107B60000A290CBF0124002427D10AF02DF8B3689C
:107B7000002B00F0BB806F4912A809F0E9FE12A9A2
:107B80006A4809F0D1FF804612A809F003FFB8F156
:107B9000000F40F0A8806849644809F0ADFF88B143
:107BA000FEF7C6FD6549614809F034FF0CF0BAFBE9
:107BB0000028CFD121B0BDE8F08F09F08DFF2B68F0
:107BC0003B60C3E75E49594809F096FF804618B10B
:107BD0005C48F2F711FDE5E75B49544809F08CFF7A
:107BE000814668B143464246404664210CF09EF807
:107BF000242156480CF000FC554809F059FDD1E706
:107C000054494A4809F078FF002800F0B980502410
:107C10004FF478434A4649464F48CDE900434FF474
:107C20008C7308F059FE4FF4FC63224649460094D9
:107C300001934FF48C73484808F04EFE51231F22E5
:107C400049464548444CCDE900324FF48C73A0229C
:107C500008F042FE0221404808F060FB4FF0FF337D
:107C60000B223E4963614FF008132046236109F05F
:107C7000C1FC3B4B0B223B492046236109F0BAFC77
:107C8000394B20460B223949236109F0B3FC2B689C
:107C90002821374A03F6B83336481360364A136052
:107CA000364B83F800900CF0A7FB294809F000FD43
:107CB00078E731490A68A21A312A00F2B780174BD7
:107CC00083F800802D4B1A78002A3FF424AF28490E
:107CD0000A68A21A312A7FF61EAF00220C601A70C1
:107CE000F0F74AF917E71148FCF7CCFA13490F48A7
:107CF00021B0BDE8F04F09F08DBE00BF90C5002057
:107D0000E8C1002034C200209D56002088BE00201B
:107D1000A1560020A3560020FDC60020FCC600206E
:107D2000A0560020E0C200209F560020A8A80020F6
:107D3000C0BA0020F0290020CC2000208030002094
:107D400038190020C0C10020F4290020F8290020A3
:107D5000704F0020202A00201CC600202C2A002062
:107D600008005800382A00200800A800442A0020F3
:107D7000A0B90020502A002068B90020A456002095
:107D8000B04912A809F0BEFD12A9AF4809F0CCFE17
:107D900050B1B368032B07D90321AB4809F0D8FED3
:107DA00003783A2B00F0128112A809F0F3FDA749DD
:107DB00012A809F0A7FD12A9A34809F0B5FE0028F2
:107DC0004BD112A809F0E6FDA14912A809F09AFDCD
:107DD00012A99D4809F0A8FE804612A809F0DAFD14
:107DE000B8F1000F00F0A0819749032212A809F012
:107DF000BDFE12A809F014FF044612A809F0CAFD3E
:107E000040F6B833204610219C42924CA8BF184639
:107E100020EAE070208090480CF0EEFA21888F482C
:107E200009F03AFC8D4809F043FCBBE60C60B8F160
:107E3000000F40F0B1808A4E3378002B00F06D8146
:107E4000884B00221A70EFF7E1FE3B78B0E0F3F7C1
:107E500097FD56E6F2F73AFD53E6B368032BB0D927
:107E60000321794809F074FE03783A2BA9D112A8AE
:107E700009F090FD0221744809F06AFE0478303C54
:107E8000062C3FF68FAE7049042212A809F06EFE50
:107E900012A809F0C5FE804612A809F07BFDB8F5CE
:107EA000FA7F4046704BA8BF4FF4FA70DFF8EC81C0
:107EB00008219842B8BF184628F814006B48ADE076
:107EC0006B4B01216B4E1C606B4B17701970EDE50D
:107ED000604A1AAF694BB2F800A0694AB2F800B024
:107EE000684AD2ED007A684ACDED027AD2F800E015
:107EF000664AD2F800C0664A92F80090654A126855
:107F00000392654A92F8008007CB1B88CDF85A008F
:107F1000ADF86630614BCDF85E10CDF862200FCB26
:107F200007C73B8012A8029BADF87AA0ADF87CB0E1
:107F3000CDF84E30CDF876E0CDF852C08DF87E9079
:107F4000039A8DF87F80CDF85620F0F753F9544806
:107F5000F1F7E4FC534F3B7833B9534B04F2DC5256
:107F60001A6001223F4B1A70F0F79EF831287FF615
:107F7000A1AD2E214D480CF03FFA384809F098FB8E
:107F80003B78002B7FF496AD474B04F5FA621A60FC
:107F90000122344B1A708DE53278D869012A304EAF
:107FA000A4EB000014BF01210221EFF7FDFF3B7895
:107FB00086F80080002B3FF485AEACE53C48F0F736
:107FC0001BFCC7E73B48F0F707FFC3E712A809F01F
:107FD000E1FC02211C4809F0BBFD0478303C062C72
:107FE0003FF6E0AD1849042212A809F0BFFD12A81F
:107FF00009F016FE804612A809F0CCFCB8F5FA7F0D
:108000004046194BA8BF4FF4FA70DFF87080082182
:108010009842B8BF184628F8140027480CF0ECF92D
:1080200021460E4809F038FB032124480CF0E4F9FE
:1080300038F91410094809F02FFB084809F038FBFB
:10804000B0E500BF7C2A0020A8A80020802A0020DC
:10805000902A0020CEC60020A02A0020704F0020C9
:10806000FCC600209F5600200CFEFFFF942A002033
:108070008CBE0020A1560020FDC6002088C4002030
:10808000D0C600206453002084C400205C5300202C
:10809000A25600206C53002008C7002098C400207E
:1080A000A4C30020A3560020B8C1002090290020BE
:1080B000E4C2002064C30020842A0020042B002096
:1080C0000CF016FAAE4B1B7883B1AE4B1B78D90778
:1080D0000CD5AD4A2B6812689B1A0E2B06D92E219F
:1080E000AA480CF089F9AA4809F0E2FAA949AA4875
:1080F00009F090FC29E5A9490020A94E09681870EB
:1081000040F2DB53611A3078994234D902380128A1
:108110008CBF02200120FEF71BF9A24B1A78002A1F
:108120007FF48FAE3270CDE59F4912A809F0EAFBCB
:1081300012A9994809F0F8FC804612A809F02AFC17
:10814000B8F1000F21D09449032212A809F00EFDC6
:1081500012A809F065FD044612A809F01BFC40F6C0
:10816000B83310219148A342A8BF2346904C23EA7C
:10817000E373238050E6EFF79DFF4FF0E0238D4936
:108180008D4AC3F80C1D177090E48C4912A809F0B1
:10819000B9FB12A9804809F0C7FC804612A809F073
:1081A000F9FBB8F1000F33D002227B4912A809F085
:1081B000DDFC12A809F03AFD12A88DED020A09F0C3
:1081C000E9FBDFED7F7A9DED020AB4EEE70AF1EEFE
:1081D00010FA07D4F2EE0E7AB4EEE70AF1EE10FAD6
:1081E00077FE807A774C0E217748C4ED007A0CF048
:1081F00003F994ED000A01216548B7EEC00A09F0C1
:1082000089FA25200CF0E4F8614809F051FAC9E434
:108210006E4912A809F076FB12A95F4809F084FCA8
:10822000804612A809F0B6FBB8F1000F33D0032244
:10823000594912A809F09AFC12A809F0F7FC12A8F3
:108240008DED020A09F0A6FB9DED020AB5EEC00A0B
:10825000F1EE10FA00F19080F3EE047AB4EEE70A42
:10826000F1EE10FA77FE807A594C0E215948C4ED90
:10827000007A0CF0C1F894ED000A01214448B7EEF1
:10828000C00A09F047FA032153480CF0B5F84048FA
:1082900009F00EFA86E4514912A809F033FB12A93D
:1082A0003D4809F041FC804612A809F073FBB8F183
:1082B000000F23D00422384912A809F057FC12A855
:1082C00009F0B4FC12A88DED020A09F063FBDFEDA2
:1082D0003C7A9DED020AB4EEE70AF1EE10FA07D4FB
:1082E000F2EE0E7AB4EEE70AF1EE10FA77FE807A3B
:1082F0003B4C0F213B48C4ED007A78E73A4912A87D
:1083000009F000FB12A9244809F00EFC814612A8CE
:1083100009F040FBB9F1000F72D01F49042212A8E6
:1083200009F024FC12A809F07BFC044612A809F00D
:1083300031FBA31C2D4A2E4C82FB0312DB171021AC
:108340002C48C3EB620303EB83035F2BA8BF5F23BF
:10835000052BB8BF052323700CF04EF84346217857
:108360000A220B4809F0CCF9022123480CF044F80A
:10837000074809F09DF915E4DFED207A74E700BFA6
:1083800019C7002018C70020A8C60020C029002057
:10839000704F002080300020A8A800208CBE002054
:1083A000A15600209F560020B42A0020B82A0020A1
:1083B000D0C600200400FA059D560020BC1B0020FA
:1083C000CDCCCC3D64530020CC2A0020DC2A0020F8
:1083D00084C40020E02A002074270020F02A002016
:1083E0005C530020F82A0020082B00206766666690
:1083F000A2560020102B0020602700200000000063
:108400001E4912A809F07EFA12A91D4809F08CFB3A
:10841000804612A809F0BEFAB8F1000F3AD0032244
:10842000174912A8DFF8688009F0A0FB12A809F02C
:10843000F7FB044612A809F0ADFA42F210730E22BF
:108440001049A342A8BF23460F4CB3F5FA7F20463C
:10845000B8BF4FF4FA73C8F8003023685B689847D8
:10846000D8F800104B460A22204609F049F9204668
:108470000649FDF7A3FFFFF795BB00BF242B0020A3
:10848000A8A80020282B0020704F0020800D00207D
:108490006C530020CB49CC4809F02EFB002800F09B
:1084A0007C815621C9484FF004080BF0A5FFC8484D
:1084B00009F0FEF8404608F10108FF210AF008F82B
:1084C000B8F13C0FF6D112A8EFF70CFF002840F0EE
:1084D0006A81DDF84E30F7EE007A07EE103AB4EE1E
:1084E000677AF1EE10FA40F05E81BDF87A802421BF
:1084F000B8480BF081FFB8F1000F40F05881A14659
:10850000B54804210BF078FFB14809F0D1F84FF0DD
:108510007E5304A8CDF81630CDF81A300023CDF8DC
:108520002230CDF82630CDF82A30CDF82E30CDF8D7
:108530003230CDF83630CDF83A30ADF82030A74B98
:1085400004930123ADF814300023CDF83E3041F2FE
:108550008833ADF81E30A24BCDF842302D23ADF854
:108560004630EFF747FE12A8EFF7BCFE804630B169
:10857000BDF87A2040F2D2439A4200F04D81252185
:1085800098480BF039FF4FF00008974804214FF04E
:10859000460A0BF031FF8E4809F08AF808EB090310
:1085A00001224FF0000802934FF07E5304A8ADF86B
:1085B0001420CDF81630CDF81A30884BCDF8228033
:1085C00004930023CDF82680CDF83E3041F2883365
:1085D000CDF82A80ADF81E30CDF82E80CDF832804F
:1085E000CDF83680CDF83A80CDF84280ADF82080C5
:1085F000ADF846A0EFF7FEFD0E2009F04FFEC14397
:108600000E20C9B209F064FF12A8EFF76BFE80F0EC
:108610000109242175480BF0EFFE6F495FFA89F9D3
:108620007148C14518BF084604210BF0E5FE6848B3
:1086300009F03EF8029A04A89144EFF7DBFD674B7E
:10864000012204A8ADF846A0049341F28833ADF8A6
:108650001420ADF81E30664BCDF82280CDF81A30CC
:10866000644BCDF82680CDF81630634BCDF82A80C8
:10867000CDF83E30CDF82E80CDF83280CDF8368062
:10868000CDF83A80CDF84280ADF82080EFF7B2FD0A
:1086900012A8EFF727FEDDF84E30DFED586A07EE3F
:1086A000903A9FED577A77EEE67AF0EEE77AF4EEBD
:1086B000C77AF1EE10FA7ED5DDF87630DFED516A3B
:1086C00007EE903A77EEE67AF0EEE77AF4EEC77AC4
:1086D000F1EE10FA6FD5DDF85230F1EE026A252185
:1086E000494807EE903A8DED037A77EEE67AF0EEA0
:1086F000E77ACDED027A0BF07FFEDDED027A9DED9B
:10870000037AF4EEC77AF1EE10FA58D53248042114
:10871000A1440BF071FE2E4808F0CAFF4FF07E53C3
:10872000002404A8CDF81630CDF81A302B4BCDF824
:10873000224004930123CDF82640ADF814300023E5
:10874000CDF82A40CDF83E3041F28833CDF82E40A6
:10875000ADF81E304623CDF83240ADF84630CDF8A6
:108760003640CDF83A40CDF84240ADF82040EFF722
:1087700041FD162125480BF03FFE23465FFA89F1A3
:108780000A22134808F0BCFF382121480BF034FEC0
:108790000F4808F08DFFFFF705BA1E490C48FDF79A
:1087A0000DFEFFF7FFB924210A480BF025FE4FF01C
:1087B00000090D48A5E6252113480BF01DFE0024F5
:1087C0000948A4E7382B0020A8A80020442B00204B
:1087D000704F00209C2B002080290020324D494DF5
:1087E000D2043702C42B002088290020EC2B002063
:1087F000000090409A99E94033334B419A99E940FF
:108800006F12833A33334B41142C00203C2C002050
:10881000542C0020902C0020BDF87C2040F23723FF
:108820009A427FF4ACAE9DF87E3025212748029312
:108830000BF0E2FD029B2D2B7FF4A5AE2448A5E6AC
:10884000FEF7A2F8FFF75DB9224A1AAF224BB2F841
:1088500000A0224AB2F800B0214AD2ED007A214AA3
:10886000CDED027AD2F800E01F4AD2F800C01F4ACC
:1088700092F800901E4A126803921E4A92F80080F5
:1088800007CB1B88CDF85A00ADF866301A4BCDF8EF
:108890005E10CDF862200FCB07C73B8012A8029B69
:1088A000ADF87AA0ADF87CB0CDF84E30CDF876E0DA
:1088B000CDF852C08DF87E90039A8DF87F80CDF868
:1088C0005620EFF797FCFFF745BB00BFC42B0020F5
:1088D00080290020CEC6002088C40020D0C60020F9
:1088E0006453002084C400205C530020A256002062
:1088F0006C53002008C7002098C4002000B5A1B028
:108900000346084A802168460FF0A6F968460FF032
:10891000B9FE014668460BF06FFD034808F0C8FE3B
:1089200021B000BDD82C0020704F002000B5A3B0AE
:108930000346094A009102A880210FF08DF902A890
:108940000FF0A0FE014602A80BF056FD034808F008
:10895000AFFE23B000BD00BFF42C0020704F0020FC
:1089600010B5044682B049B1084601910FF08AFE65
:1089700023680246019920465B689847204602B06A
:10898000BDE8104008F094BEB1F5807F70B50C468C
:1089900096B019D0292130480BF02EFD21462F48E2
:1089A00008F07AFE0B212E480BF026FD4FF4807163
:1089B0002A4808F071FE294808F07AFE294816B0C6
:1089C000BDE87040FFF79ABF064600F1FF0201259F
:1089D0002548120A00230570244D25492A80254A7E
:1089E00009681380244A25481360254A1370254AD4
:1089F00011604FF0FF31244A11604FF48052FF2183
:108A00000FF0A0FA152121480BF0F6FC00230A22F2
:108A10003146124808F074FE0F211D480BF0ECFCA3
:108A200029880E4808F038FE0C4808F041FE2888D6
:108A30002346184A5021009002A80FF00DF902A811
:108A40000FF020FE014602A80BF0D6FC034808F008
:108A50002FFE16B070BD00BF182D0020704F0020F3
:108A6000A40F0020442D0020EFC60020C0C6002027
:108A700090C50020C4C600204CA9002050A90020A9
:108A8000E6C6002094B9002048500020582D002050
:108A9000702D0020802D00202DE9F043874D8FB0F0
:108AA0002B78012B40F09F8094460C46844A8046E8
:108AB000844941F2883610680B681B1AB34204D906
:108AC000814B1B88002B40F0D2800B689CF8001073
:108AD0001360002900F0EE8000227C4E7C4F13468C
:108AE000104608E0FF2A02F1010200F3E3807D5402
:108AF0001CF8011FB9B1715603F1060EB1F1FF3F29
:108B0000CDB2F5D00231A3F1020345EA801011463F
:108B100009D0BEF1070F20FA03F5E3DC1CF8011FB2
:108B200073460029E7D1002A00F0C480694D9146C0
:108B3000674F2968684BD6196FEA010E384610F85E
:108B4000011B8EEA010E08214EF3000C01390CEADC
:108B5000030C8CEA5E0EF7D18642F0D16FEA0E0369
:108B6000B4F5805F2B6044D222445C485849B2F58A
:108B7000805F204488BFC4F5805901244A4609F02B
:108B8000F3FD574B0C2157481C700BF035FC08EBDC
:108B90000401554808F080FD214654480BF02CFC98
:108BA000534B5148198808F077FD132151480BF0B9
:108BB00023FC4D4808F07CFD434843464E4A01885B
:108BC00001310180302102A80FF046F802A80FF011
:108BD00059FD014602A80BF00FFC434808F068FD60
:108BE0000FB0BDE8F08345490FB0BDE8F043FFF793
:108BF0009DBE434804F1C045424B20401968814264
:108C000006D0186000F1C040019209F001FC019A01
:108C100028462F4996B2019209F088FB019A2A440E
:108C200025F01F05BFF34F8F4FF0E021C1F85C5FC7
:108C30002035AA42FAD8BFF34F8FBFF36F8F1EB310
:108C4000314B751EC7F1C04013FA85F5013B01E0B9
:108C50009D4219D01A1919780133125C8A42F7D053
:108C60002A4940460FB0BDE8F043FFF75FBE1D2123
:108C700027480BF0C1FB1C4808F01AFD2548FFF7F8
:108C80003DFE00232B70ABE70C2116480BF0B4FB24
:108C900008F10101144808F0FFFC012113480BF012
:108CA000ABFB134B1048198808F0F6FC0E4808F08F
:108CB000FFFC81E718494046D4E700BFEFC600201B
:108CC00094B9002090C50020C4C600205C3B002061
:108CD00088BD00204CA900202083B8ED50A90020B9
:108CE000E6C60020F42D0020704F0020042E002046
:108CF000C0C60020082E00201C2E0020AC2D002015
:108D000000F0FFFF4850002089BD0020342E0020D5
:108D1000BC2D0020DC2D0020E42D002070B52C4C53
:108D20002378012B29D12B4D06462B68834207D18E
:108D3000294B1D7835BB2948FFF7E0FD257070BD34
:108D4000262127480BF058FB0023102229682548CC
:108D500008F0D6FC0D2124480BF04EFB0023102216
:108D60003146204808F0CCFC1E4808F0A1FC1F4802
:108D7000FFF7C4FD0023237070BD1D48BDE870409F
:108D8000FFF7BCBD1B494FF0C0441648FFF7E8FD94
:108D900019491448FFF7E4FD184D0BF05BFB642004
:108DA00009F032F94FF0C04009F032FB144B204675
:108DB0004FF48072191904F5807409F0B7FAAC42C7
:108DC000F4D14FF0E0230F4AC3F80C2DFEE700BFAB
:108DD000EFC600204CA90020E6C60020902E0020FF
:108DE000482E0020704F0020702E0020802E002082
:108DF000AC2D0020A02E0020D02E002000100060FE
:108E000050A900C00400FA0510B5044610210C4812
:108E10000BF0F2FA8CB120460FF034FC01462046EC
:108E20000BF0EAFA074808F043FC0023064807491C
:108E3000074A03700B80137010BD0921054CEEE743
:108E4000EC2E0020704F0020EFC60020C4C600208A
:108E5000E6C60020E02E0020704700BF704700BF2C
:108E6000704700BF00207047704700BF0020704768
:108E70000020704701207047064A002113684160B6
:108E80002BB11A465B68002BFBD150607047106015
:108E9000704700BFA8BC002070B584B0DDF820C0CA
:108EA00010B10BB1A2B199B91E46154604466246EF
:108EB00003910A480A4908F015FC0A49039B224617
:108EC0000648CDE9005608F00DFC002004B070BD46
:108ED00004B0BDE8704000F0FFBA00BF704F002042
:108EE000002F0020582F002030B59D1C044685B06F
:108EF000D0F8C40740D05D1C35D0DD1C00D1838B79
:108F0000808D04F6A14584F8A73C1B0A84F8A52CA3
:108F100084F8A83C002360F30703C0F3032040F06B
:108F2000200060F30F23101D60F31743001260F35D
:108F30001F630020C4F8A13C84F8A60CAAB90F4B0B
:108F4000083229461868D2B2D3F800C040F6B213EE
:108F500000932346D4F89C0B094CC4F800C0FFF7DB
:108F60009BFF05B030BD438BCAE704F6A9400392CE
:108F700009F0FAFB039AE2E7038BC1E790C50020F2
:108F8000E4C10020D0F8C43783F83810704700BF20
:108F900008B509F05FF9044B04491868044A1B68D6
:108FA0000860136008BD00BF90C50020E4C1002028
:108FB000E0C100200020704700207047704700BFCC
:108FC00038B5534A4FF4805E4FF400554FF4404497
:108FD0004FF4803043F24201136A13F0020F40F065
:108FE000878013F4005F00F0878013F4805F00F047
:108FF0008580002BF0DA13F4803C40F082805B0621
:1090000040F18380434C444AD4F88010434B41F0F4
:1090100003014348C4F880104FF0404191634FF47E
:10902000404151630521C2F800C00822C0F8B410C5
:109030004FF08061C0F8A4220A205A680A435A609F
:10904000C3F8841008F0E0FF364AD2F8403143F00C
:109050000203C2F84031D2F840319B07FBD4324DB5
:1090600005F0BAFD01242B1F05F17C0243F8044FE3
:109070009342FBD14FF4807200212C480EF062FF26
:1090800000222B49274B0A700321C3F89040C3F8F4
:10909000A8112849C3F84821C3F85451C3F84C21FA
:1090A000C3F85821C3F84011D3F88421224923483A
:1090B00042F48052C3F88421D3F85821D3F85421C4
:1090C000C1F800021E4A4FF0E0214FF48030C1F891
:1090D0000C01C3F84821D3F8482142F01202C3F82A
:1090E0004821D3F8482142F44022C3F8482138BD32
:1090F0009462506291626FE755626DE7C2F824E0B6
:109100006AE74FF48033936266E74023536263E774
:1091100000800D4000C00F4000A00D4000800042C4
:1091200000801F4000022E4000600020BCB90020DB
:10913000DAC60020158B01000058002009750100D7
:1091400004000003C368002B32D063298CBF0023C6
:1091500001236BBB10B582B004460091019308F067
:10916000A9FFDFF8B8E0A060DEF80000DDE9001339
:10917000002841D0DFF8A0C0DCF88C2022F07F422C
:10918000914216D34369891A23B92DE05869891A87
:1091900058B303461A698A42F8D99869521A1A6173
:1091A000A061C4E904139C61A3695C6102B010BDB5
:1091B000704772B64FF00070CCF88C30521ACCF871
:1091C0004401A361DEF800302161013963611A6155
:1091D0004FF04042CEF800409C61CCF88810CCF8AB
:1091E0008C2062B602B010BD034600222161C4E9A2
:1091F00005235C6102B010BD074B01F1FF3C4FF04D
:109200004042A061CEF80040C4E90410C3F888C011
:10921000C3F88C20CAE700BF00022E4064B90020CA
:1092200072B6184A136873B183420ED05B6953B1AA
:1092300098425B69FBD181694B6123B100691A696E
:10924000996102441A6162B670470F484FF0000CF2
:109250005B69C0F88CC09BB1D0F88C1010B421F0C1
:109260007F411C6921441961C0F888104FF04041CA
:10927000C0F88C10C3F818C0136062B610BC7047F9
:109280001360E0E764B9002000022E4003698C46B9
:109290009A68510670B5054603D41B689A68520651
:1092A000FBD54022DCF80860DCF83CE0CCF8082074
:1092B000DCF800201A60DCF804205A60DCF80C208E
:1092C000DA60DCF810201A61DCF814205A61DCF84E
:1092D00018209A61DCF81C209D62DA61DCF82C20F1
:1092E0001C68DA62012CDCF83020DCE90D011A631D
:1092F0001A46C3F83CE0C3E90D0103D012681168B7
:109300000129FBD1C2F800C00122CCF800201A6864
:1093100094451A462DD04FF0000E1068114604688F
:109320000246C1F824E08E46A4450862F5D1516298
:109330000021116295F8341011F0FD0F08D10E488C
:109340000168596279B10B62026001209E6070BDB4
:109350000A48016859620029F5D109490B60026089
:1093600001209E6070BD07490B60026001209E6075
:1093700070BD0021DBE700BFD4BA0020DCBA0020BA
:10938000E0BA0020D8BA00202DE9F0470C46C98881
:1093900082B0B1F5804F03D9002002B0BDE8F0875C
:1093A00090469946054605F063FC0028F4D00090ED
:1093B00005F05EFC00990346002876D0E08800287E
:1093C0003BD1DFF80CA1D5F800E00B60DFF804C159
:1093D00001223C4F04EA0C0C256866684A608F60E5
:1093E000CC600CF580540C610CF500544C610CF50C
:1093F00040548C610CF58044CC6100245A60C3F861
:1094000008A0DC604FF48054C3F83C901C614FF41A
:109410000054C3F828E05C614FF44054C3E90B806A
:109420009C6170464FF48044C3E90D56DC611A60BC
:1094300002B0BDE8F047FFF729BFCDE9001305F002
:1094400017FC0246DDE9001398B394F800C0E088E9
:109450004FEADC1CD5F800E01B4D4FEA0C268CF0DF
:10946000010746EA004C4CEA05054FF0010CC2F832
:1094700004C0DFF860C0956008EA0C0CC2F80C80EC
:109480000CF5805515610CF5005555610CF54055EE
:109490000CF5804C9561C2F81CC00A601360C2F8DC
:1094A00028E00A4A42EA072A90E7084605F0E8FB66
:1094B00072E70846009305F0E3FB009805F0E0FB37
:1094C0006AE700BF80020800800000808080008082
:1094D0008081008000F0FFFF2DE9F84F4FF0E0257C
:1094E0004FF4803A80468946D5F80C719B46C5F802
:1094F0008CA1164607EA0A0705F0BAFB00287FD0C0
:1095000006F1FF3A04465FEA9A3A04D114E0BAF150
:10951000010A286010D0054605F0AAFB0028F6D104
:1095200026462468304605F0ABFBAE42F8D1002F4A
:109530005FD10020BDE8F88F00234FF0010EC0F886
:109540003CB00663C0F800E03049C0E90D33C0E923
:109550000A892F4B98F8350043EA002A2346000277
:1095600009EA0102B6F5804F02F5805B02F5005C66
:1095700002F5405502F5804222D840EA0646234AC9
:1095800048F280054FF0010C09EA020221463543FA
:10959000C3F804C002F5805602F540549D6002F500
:1095A000005502F58042C3F80C9040461E615D6193
:1095B0009C61DA61FFF76AFEA7B90120BDE8F88F68
:1095C000C3F804E0A6F58046C3F808A0C3F80C90E1
:1095D00009F58049C3F810B0C3F814C09D61DA6181
:1095E0001B68BDE74FF0E0234FF48032C3F80C2135
:1095F000E3E74FF0E0234FF48032C3F80C2198E703
:10960000002F96D0C5F80CA193E700BF00F0FFFF34
:10961000800000402DE9F843DFF8EC90D9F80050C5
:109620005DB14FF00008AB682E6A1A0602D413F041
:109630007C0F04D13546002EF5D1BDE8F8836B6A66
:10964000002B5CD01E62AF6A002E47D07362334697
:109650002846996AB942C5E908881A6A05D092B1C4
:109660001346996A1A6AB942F9D1596A41B30A6232
:1096700052B39E425162C3E9088803621846EFD193
:1096800016461346EDE703462C6A1A681B683B61D1
:10969000C7F80C80C7F818802CB12046246A05F062
:1096A000EFFA002CF9D13A6C1AB12846C5F820809F
:1096B00090472846354605F0E3FA002EB3D1BCE7C3
:1096C000C9F80020002AD4D19E4208BF1646C3E93B
:1096D00008220C4A036211602C6AD6E72A682A68BD
:1096E0000849C5E908663A613A6CFE600B60BE61E4
:1096F000002ADAD12846BDE8F84305F0C1BAC9F816
:109700000060A0E7D4BA0020D8BA0020874B30B55B
:10971000D3F8444183B06103C3F8444109D5844B75
:109720001B6833B19A6812F0FC0F5CD01B6A002BE7
:10973000F8D1230309D57F4B1B6833B19A6812F027
:10974000FC0F66D01B6A002BF8D1A00700F18F80B8
:1097500061070FD5754BD3F8845145F02A02C3F841
:109760008421AA0769D42B0704D4734B1A78022AE0
:1097700000F09F80E20107D56F4B1A78012A00F0B4
:10978000BF80032A00F0AE80A3012AD5DFF8C4E130
:10979000DEF800202AB35369944600250EE01969CB
:1097A0009D61042900F2B680586919B110B10469AD
:1097B0000C440461CCF814309C460346CCF8145099
:1097C000002BECD1CEF800305C4D002411465269DC
:1097D000C86803689B68AB42C1E9054455D1002ABB
:1097E000F4D103B030BD120406D59A6A1846D26B84
:1097F00012B101939047019BD3E90851002941D050
:109800000D621846002D38D0696205F039FA2B46F2
:1098100088E7150406D59A6A1846D26B12B10193EF
:109820009047019BD3E9085121B30D621846BDB1A1
:10983000696205F025FA2B4680E715F001022AD06F
:109840003D4A117801298ED801203D4924F08074C9
:1098500010704FF04042C3F88010C3F8842093E7A3
:10986000384A116005F00CFAA0077FF571AFFFF7D9
:10987000D1FE6DE72F4A1560D8E7334A116005F035
:10988000FFF956E72A4A1560BBE701929847019A0B
:10989000002A9BD1A5E728492C4B0A70022101928E
:1098A00099632B4B186800F03FFE294B019A1A6010
:1098B00059E768077FF568AF03251C4904F08070FD
:1098C0001D7042F21075C1F880504FF04045C1F84C
:1098D0008450D1F88411890501D51C494A630028B8
:1098E0003FF452AF0420114900221870D1F88401CE
:1098F0001146C0F3816000F069FB154B186043E727
:109900000A4A02211970D2F8843143F48073C2F8F4
:10991000843139E7CEF80030013904484FF0404334
:10992000C0F88810C0F88C304EE700BF00022E400F
:10993000D8BA0020E0BA0020DAC600202D010000CD
:10994000A0860100DCBA0020D4BA002000A00D409F
:1099500024BB002064B90020036B012A2DE9F04FDD
:109960008C4C38BF01221B7D89B004FB01F1022B16
:109970004FEA114500F0A6800523012141EA510478
:10998000A24240F2EB80013B4FEA4101F6D1202395
:109990001C46039390F83530A0F84440002B40F06B
:1099A000D88005F1840102254FEA5119039A002A53
:1099B00000F084804FF0FF370023D2007649BA468A
:1099C00000930292CDE906408C469846DDF80CE003
:1099D000CDE904139CF8030066469CF802B0002110
:1099E0004419CDF804C016F8012B0BEB050C834687
:1099F00023464A44F078944500EB050457D3A3422C
:109A000038BF2346634538BF6346BB4202D2C246D5
:109A10001F46009101310429E5D1F044DDF804C06E
:109A2000029BB8F11F0F9C44D4D9039ADDE90413BB
:109A3000013308319A42C7D1BB2FDDF800B0DDE910
:109A400006403BD8BAF11F0F5646A0F84840A0F890
:109A50004CB080F84E9080F84F50A0F84AA016D82D
:109A60004D4A029F02EB0B0101EBCA010C789A44AC
:109A70008A784C44BAF11F0F2A440C708A70CC7853
:109A80000A792C442A44CC700A713944EED9012257
:109A90001C23A0F8466002FA0BF203FA0BF380F8DD
:109AA000362080F83730012009B0BDE8F08F9342AE
:109AB00038BF1346A34238BF2346A6E7002009B0AB
:109AC000BDE8F08F0F2A4FF0010328BF0F22541E6C
:109AD00003FA04F4B4F5807F43DCE20800D01346B7
:109AE0004FF0FF3E573500262B4FF446A0F8443088
:109AF00033460021FA5C234402EB5512914238BFF1
:109B00001146FF2BF6D9714501D28E46B446013677
:109B1000A642EDD1BEF1BB0FD0D86D09BCF1FF0F4D
:109B2000A0F84840A0F84AC080F84E5006D86346D6
:109B3000FA5C2A44FA542344FF2BF9D9012C14D09F
:109B4000022C1DD0042C20D80CF0030211239340CA
:109B50000CE066354FF002096D0927E70C460391CA
:109B600018E720234FF48074BAE7FF234FEADC0C98
:109B7000002280F83630A0F846C080F8372092E7FF
:109B80000CF0010255239340F0E70CF0070201238B
:109B90009340EBE7AB2A0100BCB90020B0F846C007
:109BA000BCF11F0F3DD8F0B5B0F844E040F002051D
:109BB0001C4C07E0BE452ED90260A551F444BCF10F
:109BC0001F0F20D854F82C204FEA8C06D107F3D46D
:109BD00002F0060122F01F030229B3F84470E9D015
:109BE000BE4518D91A468242E8D011681F2921F0D3
:109BF0001F02F8D81A68F4440260BCF11F0F40F04D
:109C000002021A60DED9F0BD1B6823F01F03B3F80F
:109C100044207245E6D39842D0D01A68D207E1D4E6
:109C2000F2E77047006000202DE9F84306460F4632
:109C30001546994605F00CF800287BD0044605F03F
:109C400017F88046002872D06022002120460EF0CE
:109C500079F93C22002108F104000EF073F9012388
:109C60004022032FC8F80030C8F80820C4F810803C
:109C700084F835906361266384F834705ED03DB11A
:109C80007368002B65D01A469B6B002BFBD1946345
:109C9000317D002F3BD101294FF480408CBF002340
:109CA0000123DA062B0243EA0133089943EA014310
:109CB000717D0B430343134394F8372043F0704303
:109CC0006360B37DF17D1B0443EAC15343EA022381
:109CD00094F83620134343F08043A36037F0020327
:109CE00018D1264BD3F85821CAB9616844F0020252
:109CF000204641F4004161602260C3F85841D3F826
:109D0000402142F02002C3F84021BDE8F883002240
:109D10001046C7E7032F1ED02046BDE8F883116820
:109D200044F00203204621601360BDE8F88320461A
:109D300004F096FF00242046BDE8F883DDE9081210
:109D40002046FFF709FE90B14DB9317D2A462846DD
:109D5000A8E774609CE72046FFF720FFDCE7736804
:109D6000002B90D11A46317D184674609AE7404620
:109D700004F086FF204604F073FFDBE700022E406C
:109D8000F8B590F83430044613F0FD0F4DD1036858
:109D900023F01F03984200F0C6801A68194622F08B
:109DA0001F039C42F9D163681D0400F1AD80236854
:109DB000694A0B60D2F8403143F04003C2F84031A9
:109DC000D2F844319806FBD52023C2F84431634EC3
:109DD0003568E5B128462D6A836AA342F9D1436A02
:109DE000002B00F0B2801D62002D00F0AB806B6292
:109DF00023691F2B03D804E01B681F2B01D9834262
:109E0000FAD19842E5D004F03BFF002DE2D125695C
:109E10001F2D05D928462D6804F032FF1F2DF9D8D3
:109E20002046BDE8F84004F01BBF4D4800F1800516
:109E300050F8042FD1070CD422F01F02944203D112
:109E400058E08C425BD00A46136823F01F01DB0701
:109E5000F7D58542ECD1236B94F84E601B7DB4F8A6
:109E600048E0022BB4F84A2053D01F2A1BD8B4F87C
:109E70004C303C4994F84FC00B4403EBC2031F78AD
:109E800072449D78D878BF1B1979A5EB0C05A0EB1F
:109E90000C001F2AA1EB0C011F709D70D870197166
:109EA00003EBCE03EBD9304E3568002DAFD02846FA
:109EB0002D6A836AA34206D0002DA8D028462D6AB9
:109EC000836AA342F8D1436A002B43D01D62002D60
:109ED0003DD06B6223691F2B03D804E01B681F2B46
:109EE00001D98342FAD19842E6D004F0C9FE002D90
:109EF000E4D18CE723688542036099D1ABE72368FE
:109F00008542136094D1A6E74B6843F400434B604D
:109F10004DE7FF2AC7D813498B5C9B1B8B547244B7
:109F2000FF2AF9D9BFE70C4AD2F8403123F02003C9
:109F3000C2F84031D2F8443113F40043FAD1C2F8E8
:109F4000583144E7094A136052E735604CE7084A44
:109F50001360BFE73560BAE700022E40D8BA002090
:109F6000FC5F0020BCB90020E0BA0020D4BA002079
:109F7000DCBA00200B4B70B51E688EB10A4DF46838
:109F800014B90AE0646844B12368DB68AB42F9D0D5
:109F9000204698476468002CF6D1B668002EEED1B2
:109FA00070BD00BF20BB0020310100000649002227
:109FB0000B68C0E901222BB11A465B68002BFBD16C
:109FC0005060704708607047C4BA0020F0B583B095
:109FD00007460E46154604F02BFE00283CD02822EA
:109FE000002104460DF0AEFF002308202775A6755A
:109FF0001A46E5751946009020460193FFF714FEB6
:10A00000206030B304F044FE2368154A20611549EE
:10A010001548DA630122186483F8352013480B6869
:10A020000270A3B11A469B68002BFBD194600023F9
:10A030000F484FF400210F4A2376C2E900010E4A6F
:10A0400020460C49FFF7A0F9204603B0F0BD0C6094
:10A05000EDE7204604F0F4FD0024204603B0F0BDF7
:10A06000B981010020BB0020F57F0100FBC6002064
:10A070008006000100A40020009C002010B5037E93
:10A08000092B00F29480DFE803F016223D404C617A
:10A09000697073054F4B504993F805C000234FEA90
:10A0A0000C4C1A464B604CF4106CBDE81040C1F8E3
:10A0B00000C0FFF769B99FED3F7B474A002346493F
:10A0C00082ED007BBDE81040424AFFF75DB9DFF842
:10A0D0001CE1424B9EF80010D3F800C001318029EA
:10A0E00028BF0121BCF1000F53D0634602E09B68FA
:10A0F000002B4ED05A7D9142F9D10131802908BF01
:10A100000121F2E79FED2D7BD7E79FED2E7B324AB1
:10A110000023314982ED007BBDE81040304AFFF753
:10A1200033B92C4AB0F822E02B4912F804CB2D4B5E
:10A1300043EA0C43DFF8B8C04EEA0C0C0B60002376
:10A14000C1F804C0BDE81040FFF71EB9214AB0F8BD
:10A1500022E0214992F801C00432E8E71D4AB0F834
:10A1600022E01D4992F802C0F6E79FED187BA4E7B4
:10A17000184A1D495388184C0B801B04DFF874C023
:10A18000214663600023C4F800C0BDE81040FFF71B
:10A19000FBB80B048EF800100F4943F4A0630B606A
:10A1A0000023BDE810401A464B60FFF7EDB810BD24
:10A1B000AFF3008080060001000008008006000167
:10A1C00000001200800600030000FC078006000269
:10A1D00000000900009C002000A4002020BB0020FB
:10A1E000049C002080060003C8C6002002C700208F
:10A1F0000000FC0780060002836A186B90F8243088
:10A200000133DBB2182B80F8243003D9024B002233
:10A210001A707047FFF732BFFBC6002070B50E6999
:10A22000002E3AD00546D36A002837D0315C013180
:10A23000C9B293B35A78032A2FD1C1F132027155B2
:10A240001C78520001EB5400D2B23128C8BF14462A
:10A25000022C13D9302911D806F1020CA3F1020EF9
:10A2600004238C440131DAB21EF803000233C9B270
:10A270000CF8010F312918BF9442F3D8681C7318E9
:10A280000022C0B2DA70022807D8C5F102023044B9
:10A29000D2B2BDE870400DF055BE70BD0146C8E7B2
:10A2A000424B2DE9F04F1C6885B00646002C79D052
:10A2B0004FF00009DFF8008101E06468A4B1A268F2
:10A2C00031463B4B2046002AF7D1B8F80050D4F86D
:10A2D00000C0093D0095DCF80050A847002851D186
:10A2E000A1466468002CEAD1324BB8F800B003F103
:10A2F00009059B44AB4503D822E04544AB451FD933
:10A300006B7895F80080042BF7D1B8F1090FF4D1E0
:10A31000264B1C68002CF0D04FF00009ABEB050A6F
:10A32000CDF80CB0A7682B4601223146204657B124
:10A330006468002CF6D1DDF80CB04544AB45DFD89D
:10A3400005B0BDE8F08FD4F800C0CDF800A0DCF86F
:10A3500000B0D847636868B1B9F1000F0FD0C9F8F1
:10A360000430F368A1466360F460A6601C46002CCC
:10A37000D8D1E0E7A1461C46002CD3D1DBE70B4A3D
:10A380001360EEE76368B9F1000F08D0C9F8043034
:10A390000023C4E90136F46005B0BDE8F08F034A3C
:10A3A0001360F5E7DFF810809EE700BFC4BA002015
:10A3B000099C0020009C0020C8C60020C36B2BB164
:10A3C0001A68544952688A421DD17047816A024610
:10A3D000096B00B5087E83B081F82430092810D8B5
:10A3E000DFE800F01427354F5E6C8776810508465C
:10A3F0000191FFF755FF0A20474B002201991A707F
:10A40000087603B000BD01461846104708680123CE
:10A41000DFF80CC142689CF807C06FF31A4242EAA9
:10A420000C42426008460B7603B05DF804EBFFF780
:10A4300025BE3A4A02230868B2F802C081F815C066
:10A44000426822F07F0242EA0C024260EAE7344BA3
:10A45000988893F80FC09A7BA1F81900986842EA8F
:10A460000C0293F806C0C1F81E00187C81F81BC0CE
:10A4700098701043B3F80EC0A3F800C008D00323AF
:10A48000D0E7274B1A79032A02D95A79032A36D002
:10A49000072308460B7603B05DF804EBFFF7EEBD2B
:10A4A00000200191FFF7BAFE1D4B01995A78002A4E
:10A4B0002CD19B78002BEBD00623B3E70120019130
:10A4C000FFF7ACFE164B01999B78002BF4D1DFE728
:10A4D000134A082313485288B2F5006F28BF4FF47F
:10A4E000006202809EE70E4A0923B2F807208A83A1
:10A4F00098E702200191FFF791FE0199C8E7D888FB
:10A500001A78488422B95A78002AD2D0052389E7DC
:10A51000042387E729010000FBC6002000A40020D7
:10A52000009C0020C8C60020002835D0F8B5C468BB
:10A5300006466CB1194D0027236820461B699847D1
:10A5400023462A68A76064682B605A60002CF3D108
:10A5500074682CB12046A46BFFF712FC002CF9D1D3
:10A560003068FFF70DFC0E490B6893B1002201E043
:10A57000224673B11C469B68A642F9D152B1936042
:10A58000206908B104F08EFB2046BDE8F84004F0D5
:10A5900057BBF8BD0B60F3E7704700BFC4BA00209B
:10A5A00020BB0020704700BF704700BF704700BF4E
:10A5B000704700BFCB0800EBD10C11F0070102D1AE
:10A5C000DAB1084607E0C05C0841C1F108019142D8
:10A5D00009D20CF1010C1CF8013B8B4008318A4276
:10A5E00040EA0300F7D88A4206D201239340013B98
:10A5F00003401F2A98BF184670471046704700BF97
:10A600002DE9F04F85B00E9C182C03D9013A18BFE4
:10A6100001221AB1002005B0BDE8F08F93F804C004
:10A620000CF1FF3EBEF1010FF4D893F805E0BEF146
:10A63000030FEFD15C7A082C2746EBD99D7A212DA8
:10A64000E8D19D7B002DE5D0062615FB0E6EA645B4
:10A65000E0D109340E9EB442A046DBD805EB450696
:10A6600003F10F0502E003329642D3D015F802E061
:10A67000BEF1220FF7D11A44B0F83C47557C127C4A
:10A6800042EA05229442A0F8BC20C3D3CCEBCC0212
:10A690000E9D44464244AA42BCD8BCF1010F9946E3
:10A6A0000E4680461B5D7CD0072BB3D109EB070318
:10A6B0009A7A052AAED11A7B032AABD1DC7A14F040
:10A6C0000F0C2746A6D01A7C072AA3D15A7C052A4C
:10A6D000A0D1D97C03299DD19A7C154612F00F0296
:10A6E00098D093F80EE0587B40EA0E2A187D93F834
:10A6F00015E040EA0E2B04F0F000DC7B80289B7D07
:10A700000294039379D00F2F84D805F0F003802BA7
:10A7100080D1039B30460391CDE900B30123FFF7BD
:10A7200083FA029B3A46039901930023C8F80C0070
:10A730003046CDF800A0FFF777FA59465246A8F800
:10A740002E203B4AA8F82C10C8F81000C263D8F895
:10A750000C303046374A3849DA630023C8E90533FC
:10A76000C8E90733C8E9093399F80220B8F8BC30C2
:10A7700088F83E2799F8062088F8302099F80720B5
:10A7800088F8312099F8022042EA03424346C8E99A
:10A790000D1208F5667208F13401FEF7F5FD01208F
:10A7A00039E7072B7FF436AF09EB0700837A052BD7
:10A7B0007FF430AF017B03297FF42CAFC37A13F011
:10A7C0000F023FF427AF03F0F003802B7FF422AF9A
:10A7D00090F80EE0634690F80DC0C07B4CEA0E2462
:10A7E000CDE900403046FFF71FFA0023A8F82C40BF
:10A7F000C8F80C00C8F81030A9E70F2D3FF60AAFD3
:10A800006246012330460194CDF800A00291FFF783
:10A810000BFA039B2A46029901930023C8F80C0007
:10A820003046CDF800B0FFF7FFF951465A4686E7AB
:10A83000098701006591010081060022406920B16D
:10A840000368034A1B6A934200D17047184700BF50
:10A85000B96D0100F0B500F1100383B007460A4E50
:10A86000002500F1280453F8040F20B10268D269D2
:10A87000B24204D11D60A342F5D103B0F0BD0193F3
:10A88000B9689047019BF5E7AD83010010B5044618
:10A890000321C03004F026FA04F5F070052104F01D
:10A8A00039FA04F54870012104F04EFA2046BDE85B
:10A8B0001040FFF77BBB00BFD0F86823CB6A934200
:10A8C00014D0D0F86C23934218D0D0F87023934260
:10A8D00016D0D0F874239A4214D0406920B103688E
:10A8E000094A9B68934200D170471847012290F8AB
:10A8F000783323EA020380F87833EEE70222F6E7A2
:10A900000422F4E70822F2E7B56D0100C36B1BB126
:10A9100001461846FFF7D0BF704700BFC38D002B1C
:10A920004DD070B50C46016982B0002944D0D0F8F2
:10A930006813002945D090F879E390F878133EEA3F
:10A94000010C39D0B2F1FF3F14BF15461D464FF040
:10A95000000C012313EA0E0F0CF101022CD0194256
:10A960003ED05FFA82FC5B00BCF1040FF2D1D0F85C
:10A9700068331E462A4601902146304607F0F4FE11
:10A980001C4A019B96420FD926F01F017019BFF394
:10A990004F8F4FF0E022C2F8701F20318842FAD862
:10A9A000BFF34F8FBFF36F8F2A463146186902B04D
:10A9B000BDE87040FEF790BD002002B070BD0020E1
:10A9C0007047D0F838174FF0030EC91A80F879E3B2
:10A9D000C0F86813C91AC0F86C13C0F83817ACE790
:10A9E0000B430CF1DA0C80F8783350F82C301E460B
:10A9F000C0E700BFFFFF1F2000B5DDE901CE11B3A6
:10AA0000C0F8681301210B462AB10133DA31DBB2F9
:10AA100040F821201946BCF1000F05D00133DA318E
:10AA2000DBB240F821C01946BEF1000F05D001335A
:10AA300001F1DA0CD9B240F82CE001238B40013B44
:10AA400080F8793300BD0B46DEE700BF41EA022102
:10AA5000009A41EA0341019B42EA034C0346029AF1
:10AA6000C0E90D1C00F134018068FEF78DBC00BF09
:10AA7000064A0021136841602BB11A465B68002B1F
:10AA8000FBD1506070471060704700BF5CBC002075
:10AA9000F8B50D4B1C687CB105460F4601E06468B3
:10AAA00054B120683B46AA68294606682046B0474C
:10AAB0000028F4D0022801D02046F8BD012320460A
:10AAC00085F87A33F8BD00BF5CBC00202DE9F04367
:10AAD00000F56672B0F8BC40002583B01444074608
:10AAE00080F8BE50A24229D22E462946A8464FF0F1
:10AAF00001091378FE2B37D003F0030002283DD064
:10AB0000032837D0012832D001320020A24213D8C6
:10AB100003F0FC03842B41D01ED9B02B3AD031D89E
:10AB2000902B37D0A02B05D10EB9052D39D9013680
:10AB30000021F6B29442DCD8052D3FD8C5F10602BB
:10AB4000681D0021D2B2C0B2920007EB800003B0B2
:10AB5000BDE8F0430DF0F6B9082B1DD0802B19D0BD
:10AB6000042B08BF8046E5E702F20112E2E75078C5
:10AB70000232CBE7D2F801000532C7E7B2F8010094
:10AB80000332C3E7C02BD5D1002E18BF013E0021F0
:10AB9000F6B2CFE70021CDE781B2CBE787F8BE90D0
:10ABA000C8E741EA084138460192FFF771FF6B1C84
:10ABB00007EB8505019A6861DDB2B8E703B0BDE82F
:10ABC000F08300BF034640690A4610B582B028B141
:10ABD0000468DFF8D4C0E46864454ED12F49506B57
:10ABE000884201D002B010BDB3F8BC10126B8A428B
:10ABF000F8D118460093FFF769FF009BD3F858136C
:10AC00009A8D002941D0D8680093FEF765FC009B1F
:10AC1000D3F85C1321B19A8DD868FEF75DFC009BD8
:10AC2000D3F8601329B19A8DD8680093FEF754FCCD
:10AC3000009BD3F8641329B19A8DD8680093FEF76E
:10AC40004BFC009B986840F24C52C18B9142C9D199
:10AC5000028CB2F51A7F03D040F22F418A42C1D153
:10AC60000F494FF48022C3E90D120E4A03F134015B
:10AC700002B0BDE81040FEF787BBCDE90031A04728
:10AC8000DDE900320028ADD1A8E7D3F83817891ADA
:10AC9000881AC3E9D610C3F83807B4E78106002242
:10ACA0002109F403CC500020696C01002DE9F04F1C
:10ACB000B0F8BC3000F56675A7B08146EC180D9170
:10ACC0001AA80A92002130220DF03CF9A54250D278
:10ACD0000026CDF82C903746B246B346B0460896CB
:10ACE00004960F960796099603960C960E96CDE954
:10ACF00005662B78FE2B00F0588103F00301022932
:10AD000000F06181032900F05A81012900F054818B
:10AD100001350022A5422CD803F0FC03A02B00F241
:10AD20005681732B70D8043BD8B224281FD8242B0B
:10AD30001DD8DFE803F0641C1C1C531C1C1C1C1CCD
:10AD40001C1C1C1C1C1C491C1C1C3A1C1C1C1C1CF8
:10AD50001C1C1C1C1C1C301C1C1C2100002E00F088
:10AD600052810136F6B200231F469A461A93A54235
:10AD7000BFD327B0BDE8F08FBAF1FF0F00F06B81B1
:10AD80000223A5424FF000074FF0FF0AADF86A20FA
:10AD90000393AED3EDE7012900F08581022900F08D
:10ADA0008881A5420892A4D3E3E7BAF1FF0F00F02F
:10ADB00065810123A5424FF000074FF0FF0AADF86F
:10ADC0006820039395D3D4E7012900F06681022916
:10ADD00000F07281A54204928BD3CAE7BAF1170F33
:10ADE000C5D81F2AC3D90DEB4A03A5420AF1010AAF
:10ADF000A3F868205FFA8AFAFFF47BAFB9E7A542AF
:10AE00000792FFF476AFB4E7743B2C2BAFD801A1C7
:10AE100051F823F08F8D01006B8B01006B8B0100CB
:10AE20006B8B01006B8B01006B8B01006B8B010046
:10AE30006B8B01006B8B01006B8B01006B8B010036
:10AE40006B8B0100D18C01006B8B01006B8B0100BF
:10AE50006B8B0100C58C01006B8B01006B8B0100BB
:10AE60006B8B01006B8B01006B8B01006B8B010006
:10AE70006B8B01006B8B01006B8B01006B8B0100F6
:10AE80006B8B0100638B01006B8B01006B8B0100EE
:10AE90006B8B01009B8D01006B8B01006B8B0100A4
:10AEA0006B8B01006B8B01006B8B01006B8B0100C6
:10AEB0006B8B01006B8B01006B8B01006B8B0100B6
:10AEC0006B8B0100598B0100D3B2A5420993FFF4AB
:10AED00010AF4EE70B9B93F8BE30002B40F0A780DD
:10AEE000B8F1000F00F0AE80D30700F1AB80D8F8C6
:10AEF0000030D3F81090AF4B994540F0C18112F06B
:10AF0000020940F02B81002F00F0D980069B012B15
:10AF100040F0D580059B002B3FF425AFBDF86A209B
:10AF200003EB0B0A0799CDF84090BDF86890139495
:10AF300014964C461646DFF88492CDE911750F043D
:10AF400016E0651C012259460A983C43FFF732FB84
:10AF5000049AD8F80030002A5B69C0F2E0804B45C3
:10AF600040F0EC800BF1010BDA4500F0EC802C4650
:10AF7000B442E6D3DDE910329A4240F2DD805A1C39
:10AF8000D3B20DEB83021093B2F86850B2F86A6046
:10AF9000D8E793B2A5420693FFF4ABAEE9E693B2CD
:10AFA000A5420593FFF4A5AEE3E66B7803331D4499
:10AFB000A542FFF49EAEDCE66A780235AAE6D5F833
:10AFC00001200535A6E6B5F801200335A2E6B02B31
:10AFD0003FF4C9AEC02B7FF4CAAE002E3FF4C3AE1F
:10AFE000013E16F0FF067FF4BEAEB8F1000F3FF44D
:10AFF000BAAED8F80030704A9B69934240F03D8168
:10B000000026B046AFE6BDF86830079A43EA02432F
:10B010000E930C9B052B3CD80B9A013602EB830256
:10B020000133F6B2DBB2D2F814800C939BE69DF8A4
:10B030003430099999423FF453AF00231F469A4692
:10B040001A9394E6DDE9053202FB03BB00231F4699
:10B050009A461A938BE6039B43F002010DEB87039C
:10B0600003290391A3F86A207FF481AE01370023FE
:10B07000A542FFB20393FFF43CAE7AE6039B43F094
:10B0800001010DEB870303290391A3F86820EDD09C
:10B090006DE6B0460136F6B265E653B2A5420493BA
:10B0A000FFF427AE65E653B2A5420893FFF421AE44
:10B0B0005FE613B208935AE613B2049357E6059B72
:10B0C000002B3FF450AE5F4610951194DFF8ECA0D2
:10B0D000059D069CCDE9126B049EDDF828B000E0CA
:10B0E0009946224639465846FFF764FAB04207DBD4
:10B0F000089B984204DCD8F800305B69534526D1A0
:10B1000009F1010327449D42EAD1069ADDE9126B59
:10B11000DDE9105402EB0B0309FB023B23E610F0C0
:10B12000010F0CBF02464FF0FF324B453FF41AAF00
:10B1300021464046984715E7254603E70246214643
:10B14000404698470EE7DDE91254149E0BE6079A35
:10B1500040EA0241012240469847D1E7BAF1180F70
:10B1600040F297800123BDF86890BDF86AE0109323
:10B17000059B002B3FF4F7AD069B4FF0000A0F49EB
:10B1800003F1FF3C079A0F910121CDF864B001FA59
:10B190000CF1CDF84CA01497CDF844E0CDF848C0A0
:10B1A000CDE91515CDE917461D465C464FEA024B21
:10B1B00022E000BFA1830100A9830100A583010053
:10B1C000119B994537D24E4609F101092A4621467D
:10B1D0000A984BEA0607FFF7EDF9049AD8F8003011
:10B1E000002A5B6917DB0F9A934234D10AF1010AF6
:10B1F000059B2C44534535D9109B002BE0D10DEB1A
:10B20000490309F10109B9F1170FB3F8686028BFC4
:10B210004FF01709DAE7129A1E2AE4D8159A02426B
:10B220004FF0010202FA05F2C2F1000242EA000206
:10B2300018BF1046D7E7DDE913329A4210D95A1CDD
:10B240004E46D3B20DEB83021393B2F86A30B2F8D4
:10B2500068901193BAE70246394640469847C5E7D9
:10B260004E46B3E7DDF864B00F96189EDDE905237E
:10B27000DDE9165402FB03BB75E540469847BFE67F
:10B28000089B4046109200930E99049BC847109A61
:10B2900035E6059B012B8CBF01230023BAF1010F7A
:10B2A00088BF0023109353B1BAF1010F0CD00F9B4C
:10B2B0004FF6FF7E03F47F4909F580795CE74FF68E
:10B2C000FF7EDDF8409053E7BDF868904FF6FF7EB3
:10B2D00052E700BF30B50446406983B0D1E90B5353
:10B2E00028B10268DFF87CC05268624532D194F818
:10B2F000BE20F2B1012B23D8194B9D4210D9A28D4B
:10B3000025F01F032A44BFF34F8F4FF0E021C1F80F
:10B31000703F20339A42FAD8BFF34F8FBFF36F8F3D
:10B320002346A28D2946E06803B0BDE83040FEF711
:10B33000D3B82A464FF480712046FFF7B7FCDBE70D
:10B340002A46013B204612F8011B41F48071FFF7A9
:10B35000ADFCD1E701939047019B0028CCD1C6E713
:10B36000FFFF1F20B16D0100C36B1BB101461846E2
:10B37000FFF7B0BF704700BF002A77D15B4ADFF804
:10B3800070C1C0F83823C0F854C34A7E092A6DD171
:10B390008A7E002A6AD191F81BC0BCF1020F65D8E1
:10B3A00038B580F8B023049A0F2A61D922F00F0C27
:10B3B00003F11002634403F1100E02E010327245F3
:10B3C00058D012F810CCBCF1090FF7D112F80F3C8D
:10B3D000042BF3D112F80C3C012BEFD112F80B3CEB
:10B3E000092BEBD112F8093C022BE7D812F807CC55
:10B3F000BCF1070FE2D112F806CCBCF1050FDDD18C
:10B4000012F805CC0CF0F00CBCF1800FD6D112F87C
:10B4100004CCBCF1030FD1D112F803CCBCF1010F65
:10B42000CCD112F802CCBCF1000FC7D190F8B0C358
:10B43000BCF1000F4FD112F80E3C80F8B13312F876
:10B440000D3C80F8B23312F8093C80F8B33312F89F
:10B45000053C03F00F0380F8B43312F8013C80F888
:10B46000B5330CF1010C80F8B0C3A7E7002070479A
:10B47000002038BD90F8B033002BF9D003460022ED
:10B48000DFF870E04FF4801CC3F8BC23084683F853
:10B49000B62303F55C71C3F87823C3F89823A3F8A7
:10B4A000B923C3F8BF23C3F87C23C3F88023C3F8B0
:10B4B0008423C3F88823C3F88C23C3F89023C3F8EC
:10B4C000942303F56872C3F870E3C3F874C3FDF7FF
:10B4D0005BFF012038BD90F8B14312F80E5CAC421E
:10B4E000CCD190F8B3439C42BBD2A8E7982F002060
:10B4F000802F0020A006002970B590F8B6330446CE
:10B5000063B100F55E76002556F8040F18B1FFF719
:10B510000BF894F8B6330135AB42F5D80023C4F8E4
:10B52000BC3384F8B633C4F87833C4F89833A4F83D
:10B53000B933C4F8BF33C4F87C33C4F88033C4F8DB
:10B540008433C4F88833C4F88C33C4F89033C4F817
:10B550009433C4F8C333C4F8C73384F8CB3370BD15
:10B5600010B5044607210C3003F0A4FB04F5A070CD
:10B57000022103F0B7FB04F50070042103F0CAFBBD
:10B5800004F54070012103F0DFFB2046BDE81040C8
:10B59000FEF70CBD09B390F8B6338B421DD34FF0C4
:10B5A000010C10B590F8B92382B00CFA01F4AAB9D5
:10B5B000034680F8B9C30D480193C3E9DC0103F5E4
:10B5C0005C719868FDF7E0FE019B93F8C32322EAC3
:10B5D000040283F8C32302B010BD704790F8C33350
:10B5E000234380F8C33302B010BD00BF230308001B
:10B5F00090F8B6338B422CD3012210B590F8B933B2
:10B6000082B002FA01F4EBB90029034680F8B923AD
:10B6100041F480210CBFA020A32003F56772C3F87A
:10B620007413C3F8700303F55C7198680193FDF718
:10B63000ABFE019B93F8C42322EA040283F8C423DF
:10B6400002B010BD90F8C433234380F8C43302B075
:10B6500010BD704730B5044683B0009106F02AFD56
:10B6600004F54E7200998A4227D004F55573994229
:10B6700001D003B030BD94F8BA23002AF9D0531E8C
:10B68000234493F8BC130829F3D1A1684FF00005B7
:10B6900094F8BB0384F8BA53497D01930092FEF7F6
:10B6A00095FC009A174904EB8204019B09220D7056
:10B6B000C4F8780383F8BC23DBE794F8CB331D464A
:10B6C000002BD6D094F8B603A0B1012102E00131DD
:10B6D00088420FD301238B402B42F8D02046CDE97E
:10B6E0000012FFF785FF94F8B603DDE9001201317F
:10B6F0008842EFD244F62061104603B0BDE83040E6
:10B70000FDF720BDFAC6002070B5C56B05B3002457
:10B71000012604E0013495F8B6339C420ED806FAAF
:10B7200004F2D5F898331A42F4D021462846FFF7A0
:10B730005FFF013495F8B6339C42F0D92B4605F5EE
:10B740006671D5F878030122BDE87040FDF7C4BEEC
:10B7500070BD00BF09B390F8B6338B421DD34FF0D4
:10B76000010C10B590F8B92382B00CFA01F4AAB913
:10B77000034680F8B9C30D480193C3E9DC0103F522
:10B780005C719868FDF700FE019B93F8C52322EADF
:10B79000040283F8C52302B010BD704790F8C5338A
:10B7A000234380F8C53302B010BD00BF2301100051
:10B7B00009B390F8B6338B421DD34FF0010C10B58E
:10B7C00090F8B92382B00CFA01F4AAB9034680F8C4
:10B7D000B9C30D480193C3E9DC0103F55C719868B6
:10B7E000FDF7D2FD019B93F8C62322EA040283F8F9
:10B7F000C62302B010BD704790F8C633234380F8CB
:10B80000C63302B010BD00BF2301110009B390F888
:10B81000B6338B421DD34FF0010C10B590F8B9230D
:10B8200082B00CFA01F4AAB9034680F8B9C30D48F6
:10B830000193C3E9DC0103F55C719868FDF7A4FD91
:10B84000019B93F8C72322EA040283F8C72302B0BE
:10B8500010BD704790F8C733234380F8C73302B058
:10B8600010BD00BF2301120009B390F8B6338B421C
:10B870001DD34FF0010C10B590F8B92382B00CFA2B
:10B8800001F4AAB9034680F8B9C30D480193C3E98E
:10B89000DC0103F55C719868FDF776FD019B93F878
:10B8A000C82322EA040283F8C82302B010BD7047FF
:10B8B00090F8C833234380F8C83302B010BD00BFEE
:10B8C0002301130009B390F8B6338B421DD34FF018
:10B8D000010C10B590F8B92382B00CFA01F4AAB9A2
:10B8E000034680F8B9C30D480193C3E9DC0103F5B1
:10B8F0005C719868FDF748FD019B93F8C92322EA23
:10B90000040283F8C92302B010BD704790F8C93310
:10B91000234380F8C93302B010BD00BF23011400D7
:10B9200009B390F8B6338B421DD34FF0010C10B51C
:10B9300090F8B92382B00CFA01F4AAB9034680F852
:10B94000B9C30D480193C3E9DC0103F55C71986844
:10B95000FDF71AFD019B93F8CA2322EA040283F83B
:10B96000CA2302B010BD704790F8CA33234380F851
:10B97000CA3302B010BD00BF230304004B1E0344B2
:10B9800070B5044693F8BC0382B00D46092809D867
:10B99000DFE800F01D1D0A0A0A0A0A32054D12F0FE
:10B9A00001025CD002B070BDD60766D50130C0B2CE
:10B9B000072883F8BC03F5D1454A117819B94549E0
:10B9C0000978002972D0062283F8BC23EAE7D2075F
:10B9D000E8D5022283F8BC2394F8CB33002B5CD04B
:10B9E000012229462046AA40134384F8CB3302B0F3
:10B9F000BDE87040FFF7AEBE9107D0D5294620467E
:10BA0000CDE90032FFF75EFF009B0821019A83F821
:10BA1000BC1393053DD5012246F2A81104F55570DB
:10BA200084F8BB2302B0BDE87040FDF78BBB12F079
:10BA30000102B7D1CDE9002304EB8503D3F87803E5
:10BA40001E46FEF771FD009A29462046C6F8782367
:10BA5000FFF780FE0122019B83F8BC23A2E7294661
:10BA60002046CDE90023FFF775FE19480121009A11
:10BA7000019B027083F8BC1394E7012194F8CB2357
:10BA800001FA05F522EA050284F8CB2383F8BC13FA
:10BA900088E7C2F380225200BEE744F6206104F535
:10BAA0004E70FDF74FFB94F8CB3399E701211170ED
:10BAB000A94094F8CB2322EA0102294684F8CB233B
:10BAC00083F8BC032046FFF72BFF84F8BA5369E7DD
:10BAD000FAC60020FBC6002000222DE9F041864D69
:10BAE00082B080F8B92304464B6B0E8FAB426BD00B
:10BAF000824DAB4236D0A32B03D10B6B042B00F04D
:10BB0000B78094F8C313002940F0868094F8C513D9
:10BB1000002940F0BF8094F8C613002940F09E80B1
:10BB200094F8C713002940F0BF8094F8C813002987
:10BB300040F0CE8094F8C913002940F0D38094F8E7
:10BB4000C413002940F0BA8094F8CA13002960D0C9
:10BB500091FAA1F12046B1FA81F102B0BDE8F041BD
:10BB6000FFF7DEBE94F8B013B0F8A233012990F8C5
:10BB7000A503A4F8B63384F8B80357D8DBB2002B7A
:10BB8000BFD001252F4614E05B4884F8B973C4E99F
:10BB9000DC05A068FDF7F8FB94F8C33323EA06033D
:10BBA000013594F8B61394F8B923A94284F8C33345
:10BBB0002CD3234604F55C7107FA05F6002AE3D07E
:10BBC00094F8C3333343EBE790F8B633B34298D1DC
:10BBD000D0F87833002B94D1012590F8B50394F870
:10BBE000B42303212B46CDE90050A068FEF71CF8D2
:10BBF000434B01462A46C4F87803496804F5667148
:10BC0000C3632346FDF768FC94F8B923002A3FF488
:10BC100078AF02B0BDE8F08191FAA1F12046B1FA07
:10BC200081F102B0BDE8F041FFF7B4BC94F8B23343
:10BC300040F6013194F8B10341EA03412346C4E9D7
:10BC4000DC1004F55C71A068FDF79EFB012294F8FE
:10BC5000B63384F8B923002B93D1DAE791FAA1F136
:10BC60002046B1FA81F102B0BDE8F041FFF7A0BD76
:10BC7000002E3FF446AF90F8B6339E423FF641AFF8
:10BC8000CB6A31461A68FFF779FE94F8B923002A87
:10BC9000BFD136E791FAA1F12046B1FA81F102B0A5
:10BCA000BDE8F041FFF756BD91FAA1F12046B1FA87
:10BCB00081F102B0BDE8F041FFF7A8BD91FAA1F112
:10BCC0002046B1FA81F102B0BDE8F041FFF790BC27
:10BCD00091FAA1F12046B1FA81F102B0BDE8F0413C
:10BCE000FFF7C2BD91FAA1F12046B1FA81F102B08D
:10BCF000BDE8F041FFF7E6BD23030800A0060029D8
:10BD000005950100704700BF4FEA114C8BB2BCF1A2
:10BD1000090F30B516D1ABB1202B18D8013B4FF02D
:10BD2000010C416C0CFA03F303EA010E002A40F007
:10BD30008380BEF1000F04D021EA030180F841C0E6
:10BD4000416430BDBCF1010FA3F1300E45D0B0F815
:10BD500060E1E645F5D1B0F862C19C45F1D8B0F894
:10BD600064E1E6449E45ECD9CCF10A0C8C441FFA00
:10BD70008CF33F2BE5D800EB83044FF0010EA3F1C9
:10BD80002001C3F1200CA56C0EFA03F30EFA01F1A9
:10BD90002EFA0CFC954241EA0C0117D0A264D0F8AF
:10BDA0005441D0F8502141EA040CD0F858411A43CC
:10BDB000C0F854C1C0F850212240D0F85C410CEAD0
:10BDC000040C52EA0C0218BF80F841E0D0E952425C
:10BDD00023430A43C0E9523230BDBEF1090FB6D841
:10BDE0000121D0F8484100EB830301FA0EFE44EA3A
:10BDF0000E0CD0F84C41C0F848C144EAEE7CC0F8C3
:10BE00004CC153F8784C94429BD043F8782CD0F82E
:10BE10005841D0E954324EEA030342EAEE72C0F8C8
:10BE200050312340D0F85C41C0F8542122401343E4
:10BE300087D080F8411030BDBEF1000F81D10B4397
:10BE400080F841C0436430BDA0F10C00FFF75CBF37
:10BE500090F8413013B1012380F84230704700BFA1
:10BE600001207047704700BF704700BF00220023C9
:10BE7000C0E95223C0E95423704700BF0368DFF8CC
:10BE800010C0DB69634501D1FFF73EBF184700BF13
:10BE9000059B010000234362436380F86C3180F806
:10BEA0002030704770B50D4682B0064611492B6BA5
:10BEB00011480193EB6A0093D5E90D2305F012FCBC
:10BEC000EC6A74B12B8E63B1102B94BFE51804F1AA
:10BED000100514F8012B0949074805F003FCAC4292
:10BEE000F7D10749044805F0FDFB002086F824053A
:10BEF00002B070BDA82F0020704F0020D42F00206A
:10BF000064290020A0F10C00FFF7CCBF90F8743139
:10BF1000013BDBB280F874313BB9436103639FEDB1
:10BF2000037B80ED527B80ED547B70470000000066
:10BF30000000000070B50D4682B011461E46044652
:10BF400002462B461148CDE90016114905F0CAFBFF
:10BF5000606910B1002002B070BDA36A0BB1AB42A2
:10BF6000F9D10C4BF318012B02D90B4B9E42F1D1A6
:10BF70000A49064805F0B6FBAA68236820469B6C70
:10BF8000C4E909259847012002B070BD704F002018
:10BF9000DC2F0020FCFFFEFF0800010028300020FD
:10BFA000A0F11800FFF7C6BFD0F800C000B5DCF85C
:10BFB00018E0DFF810C0E64500D100BDF4465DF89A
:10BFC00004EB6047019B0100704700BF01207047F0
:10BFD0000023C360C36180F854310372704700BF0F
:10BFE00002680649526A8A4207D190F841201AB184
:10BFF000012280F842207047704710474D9C010095
:10C0000090F8353013B1012380F83630704700BF07
:10C010000000000090F86831013BDBB280F8683125
:10C020003BB9836043629FED037B80ED4F7B80EDE6
:10C03000517B7047000000000000000003680D4ABB
:10C040009B6A934210D190F87431013BDBB280F8C7
:10C05000743143B9436103639FED047B80ED527BF0
:10C0600080ED547B70477047184700BF0000000008
:10C0700000000000099D010050F8182C03460749F4
:10C080001838526A8A4207D193F829201AB101223E
:10C0900083F82A2070477047104700BF4D9C01006D
:10C0A0000000000050F8183C0E4A9B6A934211D1E0
:10C0B00090F85C31013BDBB280F85C314BB940F861
:10C0C000043C83619FED057B80ED4C7B80ED4E7BD6
:10C0D0007047704718381847AFF300800000000021
:10C0E00000000000099D010050F8183C1838DB6979
:10C0F000184700BFA0F1180C50F8180C00B5D0F884
:10C1000018E00448864504D06046F4465DF804EB28
:10C11000604700BD019B0100002B18BF002801D023
:10C1200012B109B900207047FDF7D6B92DE9F04FDB
:10C130000F46416985B019B1002005B0BDE8F08F08
:10C1400081680029F8D1013A18BF0122002AF3D1F1
:10C15000F98B3C8CDFF8C8C104E001320CF1060C0D
:10C160000F2AE9D0BCF800E08E45F6D1BCF802E019
:10C17000A645F2D16A4902EB420201EB4202517933
:10C180000029D9D111790E9A8946162AD4D9B1FA43
:10C1900081F252090029CFD019790129CCD95979D6
:10C1A000FF29C9D180F89524C0F896249A7A222ACA
:10C1B00000F0818009214FF0000B4FF0000A4FF092
:10C1C00000080E9A8A42B7D95A5C03EB010C072A81
:10C1D0004DD0114490F89524B8F1000FF1D0B2FA87
:10C1E00082F67609002AECD0CDF804A00446B0F817
:10C1F000963402F00F020321384600930123FDF725
:10C2000013FDC4F89C04002896D0CDF804B0424633
:10C21000B4F898343846032100933346FDF704FD03
:10C22000C4F8A004002887D0D4F89C0404F2A441E8
:10C230003C4BB4F89624C3632346FDF74DF93A4BC3
:10C24000D4F8A004B9F1030FC36345D0B9F1040FCA
:10C250004ED0B9F1070F56D04FF48072002104F18F
:10C2600048000BF06FFE012084F82C9065E79CF8E5
:10C2700001E0BEF1050FACD19CF803E0BEF1030F65
:10C28000A7D10D1D5C5D402CA646A2D89CF80540A8
:10C29000002C9ED19CF902608A1D9CF80240002E61
:10C2A00003940EDBA0F898E49A5CDDF80C809346CA
:10C2B0009CF800208DE75A7A142A7FF43DAF1D21A7
:10C2C00079E780F8954413F805E0A0F896E49A5CC5
:10C2D00092469CF800207CE740F201422346134935
:10C2E00000920522FFF718FF012384F86C31B3E7B1
:10C2F00040F204430C220E4900932346FFF70CFF43
:10C3000084F86C61A8E740F207422346094900928D
:10C310000222FFF701FF012384F86C319CE700BF84
:10C320006C50002099B70100659C0100505000201E
:10C33000585000204C50002010B50446032100F551
:10C34000C07002F0CFFC04F52870072102F0E2FC77
:10C35000012104F58C6002F0F7FC2046FDF726FE73
:10C3600004F10C00FEF784FB04F11800BDE8104056
:10C37000FCF782BD30B5046B97B054B301901E2218
:10C3800000210DF10A000BF0DDFD019B4FF6057257
:10C390004FF0000C93F866112046ADF8082061F3C9
:10C3A000070C93F8672102A962F30F2C93F8692117
:10C3B00062F3174C93F86A2193F86B3162F31F6CA8
:10C3C00020228DF81030CDF80CC0FEF7A7FA17B078
:10C3D00030BD426B154612B9104617B030BD21462C
:10C3E00001904C220DF10B000BF0ACFD41F252120A
:10C3F000019B2846ADF80820802293F86AC102A963
:10C400008DF80A20FF228DF80C2093F8662162F344
:10C41000070493F8672162F30F2493F8692162F30C
:10C42000174493F86B2140236CF31F648DF813209D
:10C430004F22CDF80F40FCF757FD012017B030BD5B
:10C440002DE9F041066B84B08446002E44D000F202
:10C45000E447444D3C46AE4610341035BEE80F006C
:10C4600044F8043C404B44F8100C9E4544F80C1C26
:10C4700044F8082CEFD19CF866310BBB1A468CF8B7
:10C48000E6348CF8E5249CF867211AB39CF86831EF
:10C490008CF8E73400249CF86B3121218CF8E824D7
:10C4A00030225B000297019209228CF8ED3440F2B1
:10C4B000012330460094FEF7C9FA04B0BDE8F081CC
:10C4C0009CF868218CF8E6348CF8E5249CF8672108
:10C4D000002ADBD11346DBE7446BCCB3214F4FF48A
:10C4E000A97300F2E44800F2E64607F1300EA0F826
:10C4F000E4343D46103610370FCD754546F8100C24
:10C5000046F80C1C46F8082C46F8043CF1D19CF87F
:10C5100066310BBB1A468CF8E7249CF867218CF82F
:10C52000E834E2B19CF868318CF8E93420469CF894
:10C530006B3141468CF8EA2432225B008CF8EF34F0
:10C540004FF0FF33FCF7D0FC012004B0BDE8F081D0
:10C55000204604B0BDE8F0819CF86821DBE7134673
:10C56000E2E700BFA8090020D80900200146006BBF
:10C5700008B598B1B1F86931022291F86BC1A1F800
:10C58000E63491F8663101F2E4410A70072281F83D
:10C5900004C08B71BDE80840FEF7C0B9486B00B914
:10C5A00008BD40F2A222B1F8693191F86BC1A1F83F
:10C5B000E42491F8662101F2E441A1F803306FF020
:10C5C0000103CA71322281F805C0FCF78DFC0120FD
:10C5D00008BD00BF70B590F8694182B08C4212D09E
:10C5E000044690F82C000D4684F86B31431E84F805
:10C5F000691184F86A21062B0DD8DFE803F0353B7A
:10C600000C41580C0F0090F86A419442E8D190F820
:10C610006B419C42E4D1002002B070BD636B002BE3
:10C620004BD03222002104F2E44001930BF08AFC4B
:10C630003E4A84F8F0544FF4D175137804F2E44183
:10C64000019884F8E6340133A4F8E45403F00F03AE
:10C65000137030226FF0010384F8EF243222FCF7CC
:10C6600043FC012002B070BD204602B0BDE870401E
:10C67000FFF7E6BE204602B0BDE87040FFF77ABE85
:10C6800000234FF400624031D4F8A004A4F8E5245C
:10C69000C4F8E83484F8E714C4F8EC340028E0D097
:10C6A00023460C2204F2E441FCF716FFD9E72046AA
:10C6B00002B0BDE87040FFF759BF1D4A4FF0010CB2
:10C6C000C4F8E634C4F8EE34C4F8EA34C4F8F234FA
:10C6D000A4F8F6341378206B84F8E534634484F8C6
:10C6E000EF1404F2E4411370402344F2010284F891
:10C6F000E4C484F8E9340F4BA4F8E724C4F8EB341D
:10C7000018B11422FEF70AF985E7D4F8A00400282E
:10C7100081D023461422FCF7DFFE00287FF47BAF94
:10C720000549064804F0DEFF75E700BFE9C60020B2
:10C73000E5C600200140403050300020704F0020FE
:10C74000F8B5164690F82C2080F868310446531E40
:10C750000D4680F8661180F86761062B00F299801B
:10C76000DFE803F04145497B93970400436B1F4684
:10C77000002B00F0AD80322200F2E447002100F2ED
:10C78000E4400BF0DFFB41F2A203A4F8E4348A4B4F
:10C790001A78102A00F2CE80511C01F00F01197096
:10C7A000334684F8E6242A468449854804F09AFFF3
:10C7B00055EA06030BD0002E40F0D180002D00F08A
:10C7C000CF80804A804BC4F8E724C4F8EB344FF0A4
:10C7D00000006FF0010332223946A4F8EF04606BC9
:10C7E000FCF782FB37E0BDE8F840FFF729BEBDE863
:10C7F000F840FFF7BFBD406B00284CD040F2A23399
:10C800004FF06401714AA4F8E4340F2384F8E6344D
:10C8100040F2FF1315FB013516FB0131FF2384F8AD
:10C82000EB3482FB05632B4482FB01520A445B120A
:10C830000021521284F8E73484F8E9346FF00103E0
:10C8400084F8E82484F8EA240A22A4F8EC1404F218
:10C85000E441FCF749FB0120F8BD00235C490022BC
:10C8600065F30F23C0F8E414D0F8A00466F317436F
:10C87000C4F8EC24C4F8E8340028ECD023460C2299
:10C8800004F2E441FCF728FEE5E7BDE8F840FFF7D5
:10C890006DBE0020F8BD03464E4A84F8F00461F3F3
:10C8A0000703C4F8E424D4F8A0044FF4706266F3DC
:10C8B0000F23C4F8E82443F47F03C4F8EC340028C1
:10C8C000C9D023460D2204F2E441FCF705FEC2E77D
:10C8D0000A46334640493A4804F004FF1022364BDA
:10C8E00004F2E44184F8E4241A78C4F8E674102AC7
:10C8F000C4F8EA74C4F8EE74C4F8F2741DD8501C7D
:10C9000000F00F00187055EA060384F8E5240BD0F8
:10C9100076BB75B3314846F288026123C4F8E70458
:10C92000A4F8EB2484F8ED34206B48B11222FDF713
:10C93000F5FF90E70121002231E73A460120E1E7C7
:10C94000D4F8A004002886D023460C22FCF7C4FDAE
:10C95000002880D122491A4804F0C4FE7BE7BDB903
:10C960009EB1194A174BC4F8E724C4F8EB342EE7FC
:10C97000CDB9B6B1134844F201024023C4F8E6042D
:10C98000A4F8EB2484F8ED34CEE7002D3FF41FAF7C
:10C99000002E3FF41CAF0B4BC4F8E734C4F8EB3463
:10C9A00015E7002DC0D0002EBED0064BC4F8E634EB
:10C9B000C4F8EA34B8E700BFE9C6002068300020B8
:10C9C000704F0020288860610001404003082080EB
:10C9D00000010FC0090000098430002001404028F8
:10C9E0005030002000210022002380F8421080F8FF
:10C9F0004110C0E95423C0E95223704738B50C46B2
:10CA000005461322234920460BF0E0FA20B9022301
:10CA100085F82C30012038BD0F221F4920460BF02D
:10CA2000D5FA20B90123012085F82C3038BD152214
:10CA30001A4920460BF0CAFA0028F3D011221849EF
:10CA400020460BF0C3FA18B9052385F82C30E1E72E
:10CA50000D22144920460BF0B9FAB0B10D2212494B
:10CA600020460BF0B3FA60B10B22104920460BF0C0
:10CA7000ADFA30B10B220E4920460BF0A7FA002880
:10CA8000C8D1072385F82C30C4E7032385F82C3060
:10CA9000C0E700BFA4300020B8300020C83000201C
:10CAA000E0300020F4300020043100201431002058
:10CAB00020310020F0B5044683B00D4621482249BC
:10CAC0001F46164604F00EFEA36A23B1AB4202D005
:10CAD000002003B0F0BD60690028F9D106F470634E
:10CAE000B3F5A06FF5D106F03C0397B13946204667
:10CAF0000193FFF783FF019B082B0CD194F82C3096
:10CB0000013B062B19D8DFE803F0080B0B180818B7
:10CB10000B00082B04D00120DBE7042384F820302D
:10CB20000A49084804F0DEFDA86801216063C4E9F1
:10CB30000905FCF727FA0220CBE7089B012BEAD175
:10CB4000EEE700BF704F00202C3100206031002044
:10CB5000A0F11800FFF7AEBF10B50446FFF74EFF77
:10CB600094F82C30022B0AD003F0FB03012B01D0E8
:10CB7000012010BD0423012084F8203010BD0123C2
:10CB8000012084F8203010BD10B504461838FFF796
:10CB900035FF237D022B07D003F0FB03012B01D1CE
:10CBA00004232372012010BD01230120237210BD34
:10CBB0002DE9F04100F2E4470446884682B016466B
:10CBC0000021322238461D460BF0BCF94023294A89
:10CBD00084F8EF8484F8E93484F8EA3484F8ED3496
:10CBE00084F8EE34137884F8E634013303F00F034D
:10CBF0001370002384F8E73484F8EB34012384F8BD
:10CC0000E83484F8EC344FF4D173A4F8E4344DB133
:10CC1000334604F2EF42701913F8011B834202F805
:10CC2000011FF9D1606BB0B1089B63B96FF00103CC
:10CC300032223946FCF758F905F03CFAC4F8700185
:10CC400002B0BDE8F081A06A194600F56A70FCF7F1
:10CC500079FA606BEAE73346424607490095074890
:10CC600004F040FD05F026FAC4F8700102B0BDE8FA
:10CC7000F08100BFE9C6002090310020704F0020F5
:10CC800090F82C300022013B30B5044685B080F886
:10CC90006D21062B14D8DFE803F0042D13132513A0
:10CCA00015001C4A002301200292ADF80C3005F05B
:10CCB000ABF94FF0FF33062202A9606BFCF714F9C1
:10CCC00005B030BD1449012302AA00914FF00001C4
:10CCD0000D468DF808100221FFF76AFF84F86D51A8
:10CCE00005B030BD0023FF22194605B0BDE8304035
:10CCF000FFF770BC40F243230120ADF8083005F087
:10CD000083F94FF0FF33022202A9606BFCF7ECF8C5
:10CD100005B030BD53F4420390D00300A0F11800D9
:10CD2000FFF7AEBF10B5036B802480F8E51480F8E0
:10CD3000E44480F86E119BB1044652B9022204F219
:10CD4000E4411846FDF7EAFD05F0B4F9C4F87001B6
:10CD500010BD03F55F701146FCF7F4F9236BEDE7A6
:10CD6000D0F8A044002CF3D0034600F2E441122294
:10CD70002046BDE81040FCF7AFBB00BFDFF824C180
:10CD80009C44BCF1010F30B5964685B005D9404AA8
:10CD9000934202D0002005B030BD43690BB173450A
:10CDA000F8D18268002AF5D190F874C104464FF09A
:10CDB000010501630CF1010CC0F814E040230846A2
:10CDC00004F2E4410392CDE9002284F874C184F8AE
:10CDD0004150FDF711FE636984F86C51039AD88BBA
:10CDE000B3F820C02B4B03E0013206330F2A16D0D4
:10CDF00019888142F8D159886145F5D102EB420288
:10CE0000244B03EB42031A79531E84F82C20062B83
:10CE100008D8DFE803F01D3307071D0727000023AC
:10CE200084F82C304FF0090C2121052040F2FF320C
:10CE30000023A4F86211A4F864011749A4F860C1A2
:10CE40001648C4E9562304F04DFC012005B030BD5E
:10CE50004FF0010C4FF4807127204FF0FF324FF05C
:10CE6000FF33E6E70E4A02212046FFF75BFF01226F
:10CE7000002384F8382084F86D31D3E74FF47F4CD9
:10CE8000212136206FF440624FF0FF33D1E700BF1D
:10CE9000080001006C50002028300020704F002056
:10CEA00090D00300FCFFFEFFA0F10C00FFF766BF6F
:10CEB0002DE9F04182B005460F46144600211E229E
:10CEC00000F2E6400193089E0BF03CF8012100229D
:10CED000019B61F3070285F8E414402161F30F22FE
:10CEE00085F8E91461F31742264967F31F62C5F814
:10CEF000EB2444F20102A5F8E7240A78013202F09B
:10CF00000F020A7085F8E5245BB1013B621E05F251
:10CF1000EE4114FA83F312F8010F9A4201F8010F5F
:10CF2000F9D1286B78B1202205F2E441FDF7F6FC37
:10CF3000DEB905F0BFF8C5F87001642002B0BDE8A5
:10CF4000F04105F061B8D5F8A00428B12B4605F2F0
:10CF5000E4412022FCF7C0FA05F0ACF8C5F87001F6
:10CF6000002EEAD002B0BDE8F081286B314600F512
:10CF70005F70FCF7E7F805F09DF8C5F8700102B0A6
:10CF8000BDE8F081E9C600208B7B102B00D07047F4
:10CF9000F0B5CB7B89B0202B00F0A180802B00F076
:10CFA00089803D2B40F08B800B7C602B40F085808E
:10CFB0004B7D91F816E01A02087D4FEA131CCC7DD8
:10CFC00002F470630A7E4CEA0E1C4FEA022E034301
:10CFD000C87E12090EF4706E44EA0E044FEA002E69
:10CFE0000009E61A0EF4706E4B7E02968E7E42EABF
:10CFF000031591F8242046EA0E0EA5EB0C0791F8D4
:10D000001EC004EB0E0691F8213001944FEA1C1467
:10D0100003964FF0000E0E7F049440EA06104FEA8C
:10D020000C264FEA022C2844120906F470641E02F2
:10D0300007920CF4706206F4706691F81DC00692B7
:10D04000724605964CEA040C029E67F30F02049C9C
:10D050001B0960F31F4266F30F0EC87F039E66F341
:10D060001F4E44EA001691F82000059C2043069CC0
:10D07000ACEB000791F8220043EA001391F823007B
:10D0800091F8251004430798F31A40EA01100CEBBD
:10D090000401029130443049019CCD818C81A1F87A
:10D0A00000C04E808F800B814881C1E904E2029A62
:10D0B000CA8002E00B7C602B3FD009B0F0BD862B0C
:10D0C00001D0982BF9D10B7C602BF6D10B7ECA7D59
:10D0D0001B02214903F4706313430B83EDE70B7CC0
:10D0E000602BEAD14FF0000C1C4862468B181432BA
:10D0F000D2B293F815E08A5C42EA0E2220F8022BA5
:10D1000093F81BE09A7E42EA0E22828093F821E097
:10D1100093F8202042EA0E220CF1020E428193F88D
:10D12000272093F8263043EA022362465FFA8EFCFA
:10D130000382BCF1060FD9D1BFE701F11403074800
:10D1400017311A7813F801CF42EA0C22994220F8DD
:10D15000022BF6D1B1E700BF08A4002074A4002080
:10D1600010B5044686B041B30B78812B04D0212B37
:10D1700002D0002006B010BD206B039100F55F7057
:10D18000FCF74EF803990B78812B23D194F83830B3
:10D19000002B40D094F86E2194F86D31812A04D090
:10D1A00094F86F21002A00F0928001330022DBB254
:10D1B00084F86F2184F86D311BE023B390F8383088
:10D1C0004BB390F86D3180F86F110133DBB280F80A
:10D1D0006D310EE02046FFF7D7FE94F83830D3B11A
:10D1E00094F86D310022013384F86F21DBB284F8AA
:10D1F0006D310A2B0FD8DFE803F0645E58524133DB
:10D2000009261809110090F86D31F2E7324A04211D
:10D210002046FFF787FD012006B010BD63220023E2
:10D2200084F86D2184F83830F5E7DFF8ACC03021A0
:10D23000012304AA8DF8101020460321CDF800C068
:10D24000FFF736FEE7E7DFF890C0012304AA482184
:10D250002046CDF800C08DF81030FFF729FEDAE740
:10D2600006201D49012304AA84F86D01204600917F
:10D2700040218DF81030FFF71BFECCE7DFF858C0D7
:10D2800046F23D011922049105238DF81420204611
:10D2900004AA1021CDF800C0FFF70AFEBBE7DFF8B3
:10D2A00038C04FF4C1410622EDE7DFF82CC046F24A
:10D2B00020011822E7E7084A02212046FFF732FD45
:10D2C000A9E7054A03212046FFF72CFDA3E7012229
:10D2D00084F86F218DE700BF90D00300036B6BB122
:10D2E00010B5044603F55F70FBF79AFF0022204655
:10D2F00001231146BDE81040FFF732BF704700BF61
:10D30000436A8BB100B583B0019003F55F70FBF702
:10D3100087FF019900220123A1F10C00114603B0FF
:10D320005DF804EBFFF71CBF704700BF10B5044663
:10D3300086B0002936D00B78212B02D0002006B011
:10D3400010BD806A039100F56A70FBF769FF0399CD
:10D350002046FFF719FE94F83A3003B394F86D3184
:10D360000133DBB284F86D31013B0A2B17D8DFE8BB
:10D3700003F02F063D42474D53606D742200DFF8E5
:10D38000F8C046F286011222049105238DF814207C
:10D39000204604AA1021CDF800C0FFF709FC0120A7
:10D3A00006B010BD23B190F83A30002BD6D1F6E785
:10D3B00090F86D31D8E7FF2320461A461946FFF74B
:10D3C000BFF90022FF2384F83A2084F86D31E6E7A4
:10D3D000DFF8A4C00021012304AA8DF81010204614
:10D3E0000821CDF800C0FFF7E3FBD8E7DFF888C0DD
:10D3F00046F29801C7E7DFF880C046F23D01C2E778
:10D40000DFF874C046F220011822BDE7DFF868C0DB
:10D410004FF4C1411822B7E7DFF85CC0012304AA2A
:10D4200040212046CDF800C08DF81030FFF7C0FB3A
:10D43000B5E7DFF844C0012304AA48212046CDF80F
:10D4400000C08DF81030FFF7B3FBA8E700230121DF
:10D4500020461A46FFF7BEF8A1E7DFF81CC03021CE
:10D46000012304AA8DF8101020460321CDF800C036
:10D47000FFF79EFB93E700BF90D00300836A6BB178
:10D4800010B5044603F56A70FBF7CAFE0022204679
:10D4900001231146BDE81040FFF748BF704700BFA9
:10D4A00003698BB100B583B0019003F56A70FBF797
:10D4B000B7FE019900220123A1F11800114603B023
:10D4C0005DF804EBFFF732BF704700BF2DE9F04174
:10D4D0009DF81C409046BDF918004C4D002C64D0BE
:10D4E000B5F91020B5F91240B5F90C60B5F914C0C2
:10D4F000B5F916E0B5F90E509342B8BF1346604532
:10D50000B8BF6046A342A8BF23467045A3EB0607F9
:10D51000A8BF70469E4206EE907AF8EEE66A6ADC94
:10D52000A41B07EE904AB8EEE77AC6EE877A431B53
:10D53000854205EE903A27EEA76AF8EEE55A4BDCF5
:10D54000AEEB050E07EE10EAB8EEC77AC5EE876AB5
:10D55000B0EE467AA6EEA67AB1EEC76A9FED2C7AB7
:10D56000B4EEC76AF1EE10FA2CDD36EE477A9FED85
:10D57000294AF7EE005A9FED285AC7EE044AF4EE06
:10D58000E54AF1EE10FA75FEA45A85EE867A67EE4A
:10D59000877A27EE267A67EE857A27EE057AC1ED3F
:10D5A000007A88ED007ABDE8F081B5F90420B5F97C
:10D5B0000640B5F90060B5F908C0B5F90AE0B5F95B
:10D5C000025099E7DFED157AB0EE677AC1ED007A87
:10D5D00088ED007ABDE8F081ACEB050C07EE10CACF
:10D5E000B8EEC77AC5EE876AB0EE467AA6EEA67A9E
:10D5F000F1EE666AB0E7921B07EE902AB8EEE77A82
:10D60000C6EE877AF1EE677A91E700BF08A40020A2
:10D610009A99193E9A99593F000000450000000070
:10D620000000000090F82C30032B70B5044686B043
:10D6300071D0042B0D4610D0072B00F0C480D4F815
:10D640009C04002865D02346B4F8962404F2A44133
:10D6500006B0BDE87040FBF73FBFCB6A19785A7837
:10D66000082900F09D80012AE9D1D988406C8842C0
:10D6700002D0616484F8412004F1440003F1080EF3
:10D6800000229FEDC07B84ED527B9FEDC07B84ED3B
:10D69000547B3EF9021F50F804CF8C4512D0016034
:10D6A0004FF00105012184F841509140D4F85051C8
:10D6B00045EA010CD4F8545145EAE171C4F850C16F
:10D6C000C4F854110132042AE3D1197AD4E916209E
:10D6D0008A4200F04D81D4F85021A165012142F029
:10D6E000100284F84110C4F850215B7AD4F8541128
:10D6F000834207D042F020020120E36584F8410014
:10D70000C4E954210123D4F89C0484F84230002851
:10D7100099D106B070BD9FED9B7BCA6A80ED527BAC
:10D720009FED9A7B80ED547B1378202B87D10B6B78
:10D73000112B84D99388416C8B4205D0012143641D
:10D7400080F8411080F842100432DFF84CE20021EA
:10D7500032F9023F01294FF0010501F1010118469C
:10D7600098BF98B21EF8013B04EB830C05FA03F353
:10D77000DCF84850854210D0CCF848004FF001004A
:10D7800084F84100D4F850011843C4F85001D4F88B
:10D79000540140EAE370C4F854010629D8D1B1E736
:10D7A00090F86C3193423FF44AAF80F86C21002A24
:10D7B0003FF445AF90F8953400225B0811460233E0
:10D7C000FEF708FF3BE790F83830BBB190F86D31B9
:10D7D000052B13D8DFE803F0C4BCAFA2030D002172
:10D7E0003022012300913F218DF8102004AAFFF779
:10D7F0005FFB002384F86D3184F83830EB6A626C8B
:10D800001E465B885BBA9BB29A4203D001226364D6
:10D8100084F841203F22002304F1440106F1040C66
:10D820004FF0010EC4E9522300230022C4E954231F
:10D8300000233CF9022F51F8040F90420FD00A60E8
:10D840000EFA03F2D4F8500184F841E01043C4F812
:10D850005001D4F8540140EAE270C4F85401013395
:10D86000042BE6D1B4F94C30012502A903AA2046C5
:10D87000CDE90035B4F94830FFF728FE9DED027A76
:10D88000DDED037A03AAB8FE477ABDEEC77AF8FE4B
:10D89000677AFDEEE77A01952046B4F9543084EDBD
:10D8A000127AC4ED137A0093B4F95030FFF70EFEEC
:10D8B0009DED027ADDED037AB8FE477ABDEEC77AB8
:10D8C000F8FE677AFDEEE77A226E84ED147AC4EDF5
:10D8D000157A3379E16D9A4217D023664FF0010231
:10D8E000D4E9543084F8412043F01003C4F8503197
:10D8F00072798A423FF406AF43F020030121E265CA
:10D9000084F84110C4E95430FCE672798A4235D17A
:10D9100094F84130002B3FF492AEF3E6002101234E
:10D9200004AA009148218DF81030FFF7C1FA0423B2
:10D9300084F86D3162E70021012304AA009140219F
:10D940008DF81030FFF7B4FA032384F86D3155E7F2
:10D95000104A0421FFF7E6F9022384F86D314DE700
:10D960000C4A0221FFF7DEF9012384F86D3145E707
:10D970005B7A8342CCD0D4E95421BBE6D4E954305D
:10D98000BAE700BF3F0000000000000000000000F8
:10D990000000000090D0030044360020C36B1BB190
:10D9A00001461846FFF73EBE704700BF2DE9F0471D
:10D9B0000B788EB03F2B61D0302B03D000200EB0FF
:10D9C000BDE8F08747F6FF74002590F83920C0E9DC
:10D9D000524500240025C0E954454B790C791B04BD
:10D9E00043EA0423CC782343002A40F09A80C26B98
:10D9F0009B1A426C9A4205D00122436480F8412070
:10DA000080F84220CA79402B8E794FEA02254FEAEE
:10DA100012148A7A05F4706546EA05050E7A2F46D7
:10DA200044EA0614ADF81C504FEA0225A046ADF8B2
:10DA30001E4005F470654C7A4FEA121244EA050460
:10DA4000A146ADF82040CC7A42EA04129246ADF8E5
:10DA5000222000F03E810022B3F5800FADF8262091
:10DA600000F03D81B3F1401FADF8242064D0B3F540
:10DA7000000F40F03981FF230A9361E0B1F80130D3
:10DA800040F2FF140025426CC0E9524593424FF02A
:10DA900000044FF00005C0E9544505D0012243645D
:10DAA00080F8412080F84220CA78C46EA24208D093
:10DAB0004FF400740025C2660122C0E9544580F885
:10DAC0004120A3F50043914E00224FF0010EB3FA1E
:10DAD00083F35B09C0E9183316F8013B01EB420CF4
:10DAE000013200EB8304BCF804500EFA03F3A76C78
:10DAF000AF420DD0A564D0F8504180F841E01C43FE
:10DB0000C0F85041D0F8544144EAE374C0F854419D
:10DB1000042AE1D1012380F8423000200EB0BDE894
:10DB2000F087A3F500420024B2FA82F280F839406F
:10DB30005209D203C2635BE74FF0FF130A920993C5
:10DB4000B1F90D30826E934208D0836601234FF401
:10DB5000807280F841300023C0E95423B1F90F30BE
:10DB6000C26E934209D0C366D0F8503143F40073BB
:10DB7000C0F85031012380F84130B1F91130026F03
:10DB8000934209D00367D0F8503143F48063C0F862
:10DB90005031012380F84130B1F91330426F934284
:10DBA00009D04367D0F8503143F40063C0F85031D6
:10DBB000012380F84130B1F91530826F934209D0CA
:10DBC0008367D0F8503143F48053C0F850310123BB
:10DBD00080F84130B1F91730C26F934209D0C36762
:10DBE000D0F8503143F40053C0F85031012380F88D
:10DBF00041308B78D0F880201909B2EB131F0AD07E
:10DC0000D0F85031C0F8801043F48043C0F8503150
:10DC1000012380F841300DF11A0C00F1440200F1AB
:10DC2000640400214FF0010E52F8046F0EFA01F562
:10DC30003CF8023F0131B3420DD01360D0F85031AF
:10DC400080F841E02B43C0F85031D0F8543143EA1A
:10DC5000E575C0F85451A242E6D101243B4606AA1C
:10DC600005A9CDF8008001940390FFF72FFC9DEDEE
:10DC7000057A4B46DDED067A06AAB8FE477ABDEE78
:10DC8000C77AF8FE677AFDEEE77A0398CDF800A030
:10DC9000019480ED127AC0ED137AFFF717FC9DED29
:10DCA000057ADDED067A0023B8FE477ABDEEC77A25
:10DCB000F8FE677AFDEEE77A039880F8424080F834
:10DCC000383080ED147AC0ED157A00200EB0BDE832
:10DCD000F0874FF480320023CDE9092330E7012398
:10DCE0000A92ADF824302BE7802BADF8282003D121
:10DCF000FF23ADF82A3023E7B3F1801F03D14FF0A3
:10DD0000FF130A931CE7ADF82A2019E79040002082
:10DD100030B5CC6A83B023781BB1012B80F840303A
:10DD200005D090F82C3091F83020072B02D000203D
:10DD300003B030BD0023214601920546FFF710FADB
:10DD4000019A08B10120F3E721462846FFF72EFE8D
:10DD5000F8E700BF2DE9F04F83B00D469646044624
:10DD60000B7800AF012B80F8403000F0C080112B01
:10DD7000164609D090F82C30072B00F005810020C2
:10DD80000C37BD46BDE8F08F002200236946C7F876
:10DD900000D0C0E95223C0E95423731DAEF1020242
:10DDA000DB08002AA1EBC3039D46E84603DDA91C5E
:10DDB000684604F0D9FC98F8051098F807200B097C
:10DDC00098F8065002F0010201F00F0088F80530C3
:10DDD00043EA051388F8072043EA02330A0788F864
:10DDE0000A0003D4C64A52F820201343626C9A42B8
:10DDF00003D00122636484F842202722002304F127
:10DE0000440104F1500C4646C4E952230123002288
:10DE100051F8040F16F8015FA8420AD0D4F8500157
:10DE20001843C4F85001D4F854011043C4F8540105
:10DE30000D60DB1852418C45EAD198F80420E36D5F
:10DE4000934206D0D4F85031E26543F02003C4F881
:10DE5000503198F80820636D934206D0D4F85031C1
:10DE6000626543F00803C4F8503198F80920A36DA7
:10DE7000934206D0D4F85031A26543F01003C4F8A1
:10DE800050314FF0000E08F1050C04F1600104F56B
:10DE9000A4794FF027080123724651F804AB4EEAEB
:10DEA00002051CF8010F48EA0306AE467D605045A6
:10DEB000B0460BD0D4F8505145EA030AD4F8545177
:10DEC00045EA020BC4E954AB41F8040CDB1852419B
:10DED0004945E2D17A680123C4F84861C4F84C216D
:10DEE00084F8423084F86C31D7F800D047E7BEF1AF
:10DEF000400F90F82C20F44628BF4FF0400C012A28
:10DF00004DD0052A00F0BF80032A00F0FB800020DE
:10DF10000021C4E95201BEF1000F00F038814FF03A
:10DF2000000E013D04F14408F14671467246D4E901
:10DF3000540643EA0E0E42EA090958F804AF0131CB
:10DF4000C4E952E915F801BF89B2D34507D0184397
:10DF50001643C4E9540695F800A0C8F800A0DB18E1
:10DF600052418C45E5D8D4E9563203403240134340
:10DF700002D0012384F84230012384F86C3101205F
:10DF80000C37BD46BDE8F08F0023FFF7CFF900281E
:10DF9000F5D1324629462046FFF708FDEFE609791C
:10DFA0006B8843EA0143416C994202D0436480F894
:10DFB00042202722002304F1440105F1050804F161
:10DFC0005009C4E95223D4E954060123002218F869
:10DFD00001AF51F804BFD34507D018431643C4E935
:10DFE000540698F800A0C1F800A0DB18524149453A
:10DFF000EDD16A7AE36D934205D040F02000C4F879
:10E0000050016B7AE365AA7C636D934205D040F0C2
:10E010000800C4F85001AB7C6365EA7CA36D9342B1
:10E0200005D040F01000C4F85001EB7CA365BEF1B0
:10E030000A0F98D909354FF0000804F16C0A4FF027
:10E040002709AE464FF48061434641EA090943EA95
:10E0500008085AF8042FC4E952981EF801BF9345E6
:10E0600007D008431E43C4E954069EF80020CAF8AE
:10E0700000200EF10A024918A2EB05025B4192B2A0
:10E080006245E2D36FE7C978B5F8012042EA014260
:10E09000416C914202D0426480F842300022002359
:10E0A000BEF1050FC4E9522371D94FF000080435C1
:10E0B00004F1440A4FF48063AE46C1464246D4E9B7
:10E0C000540643EA080842EA09095AF8041FC4E959
:10E0D00052891EF801BF8B4507D018431643C4E987
:10E0E00054069EF80010CAF800100EF10501DB1866
:10E0F000A1EB0501524189B28C45E2D833E700BF5C
:10E10000944000204FF03F084FF00009416CC0E9F7
:10E1100052894FF000084FF00009C0E95489D5F842
:10E120000D208A4204D0426480F8413080F84230A9
:10E13000DFF860C000224FF0010E05EB4203032A16
:10E1400002F10102B3F901101CF8013B98BF89B23A
:10E1500004EB83060EFA03F388BF09B2B06C884261
:10E160000DD0B164D4F85001D4F85461184384F848
:10E1700041E046EAE373C4F85001C4F85431062A7A
:10E18000DBD10123D4E9540684F84230EBE6D4E92C
:10E190005406E8E6B4400020A0F11800FFF7DABD0D
:10E1A00030B5CC6A83B023781BB1012B80F83430B2
:10E1B00005D090F8203091F83020072B02D00020B5
:10E1C00003B030BD0C380023214601920546FEF70E
:10E1D000C7FF019A08B10120F2E721462846FFF760
:10E1E000E5FBF8E7074A084B106BB2F834C0918F93
:10E1F000C3F80600906BA3F80AC0D982C3F81200D6
:10E20000704700BFA809002074A4002010B4019C2E
:10E21000C1660221C0E91C2301220023C0E91E417E
:10E2200080F8822080F8833010BC704703685B69F7
:10E23000184700BF03689B69184700BF002383612C
:10E24000704700BF704700BF704700BF08460F22ED
:10E25000034908B509F0BAFE003818BF012008BD0F
:10E26000B8300020D0F81CC08C4504D0BCF1000FA1
:10E2700001D00020704730B5846883B014B100200D
:10E2800003B030BD02F4706CBCF5A06FF7D19C46B2
:10E2900014460B460546BCF1000F07D001910F2232
:10E2A00060460C4909F092FE019B80B162060CD5D4
:10E2B000012283F83820069A012A06D19A680220A2
:10E2C000C5E90623C5F89020DAE70120D8E7A86160
:10E2D000D5E700BFB830002090F88030013BDBB2BA
:10E2E00080F8803023B98360C0F8943080F88130A2
:10E2F000704700BF826812B1002210467047D0F804
:10E300001CC0BCF1000F01D08C45F6D1094A9342E4
:10E3100005D0094A934202D0084A9342ECD190F8C2
:10E3200080300122C161134480F880308B688361A2
:10E33000104670478000010001000C00060001003B
:10E3400030B5846885B024B1944202D0002005B075
:10E3500030BD15460446F9B191F83120022AF5D0B6
:10E3600091F8300001281BD0164A93421AD0164A61
:10E37000934206D01548181AB0FA80F040090028D8
:10E38000E5D0C4F8981094F880300120A5600344CB
:10E3900084F8803005B030BD0A4A9342E7D1F2E7F5
:10E3A000012AE1D1D4F89430002BECD1C4F89410B8
:10E3B00008460A2221210093CDE90133FCF746FBF0
:10E3C000E1E700BF0600010001000C008000010031
:10E3D00030B504680B4DD4F810E0039CAE450CD169
:10E3E000C1660221C0E91C230122002380F882209B
:10E3F00080F88330C0E91E4130BDF4460394BDE887
:10E400003040604709C00100704700BF704700BF3F
:10E410000023C360704700BF0368094ADB69934269
:10E420000DD190F88030013BDBB280F880302BB901
:10E430008360C0F8943080F8813070477047184787
:10E44000D5C0010008460F22034908B509F0BEFDFA
:10E45000003818BF012008BDB830002050F80C3C2F
:10E460000C389B69184700BF50F80C3C0A4ADB691E
:10E4700093420ED190F87430013BDBB280F87430D7
:10E4800033B940F8043CC0F8883080F875307047E4
:10E4900070470C38184700BFD5C0010050F80C3C3D
:10E4A0000C385B69184700BF844650F80C0C30B537
:10E4B000D0F810E00C4C0398A6450DD1CCF86010B4
:10E4C0000221CCE91923012200238CF876208CF854
:10E4D0007730CCE91B0130BD0390ACF10C00F44661
:10E4E000BDE83040604700BF09C0010050F8042C6F
:10E4F00012B1002210467047D0F810C0614502D01A
:10E50000BCF1000FF6D10A4A934205D0094A934262
:10E5100002D0094A9342ECD190F874300122016193
:10E52000134480F874308B68C3601046704700BF96
:10E530008000010001000C0006000100D0F810C0AE
:10E54000614504D0BCF1000F01D00020704730B508
:10E5500050F8044C83B014B1002003B030BD02F475
:10E56000706CBCF5A06FF7D19C4614460B4605466F
:10E57000BCF1000F07D001910F2260460B4909F052
:10E5800025FD019B80B162060CD5012283F838205D
:10E59000069A012A06D19A680220C5E90323C5F824
:10E5A0008420DAE70120D8E7E860D5E7B83000201A
:10E5B00000B583B00190FCF75BFA01980C3003B012
:10E5C0005DF804EBFAF758BC704700BF10B50C4675
:10E5D00051060CD50023DFF8A4E003EB430C013314
:10E5E0001EF80C10F44491422ED0102BF5D10023CC
:10E5F000DFF88CE001E0192B08D01EF813C00EEBF9
:10E60000430101339445F6D1487810BD51062BD40F
:10E6100090F8603014F0220F174818BF42F0400203
:10E620009B074FF0000348BF82F0400202E0013335
:10E63000602B19D0017801309142F8D114F0110FFC
:10E6400014D003F01F0010BD90F86030DB0708D431
:10E650009CF901209CF80130002A0ADA03F07F02BD
:10E66000C5E79CF8020010BD002010BD203398B211
:10E6700010BD184610BD00BFE8460020143600202B
:10E680007835002010B50446D0F8940086B078B1F3
:10E69000012260344FF0000C4FF400732121CDF8BB
:10E6A00000C0CDE901240922FCF7D0F906B010BD65
:10E6B000D4F89030002BF9D094F860304FF4D17238
:10E6C0000120ADF814208DF8163003F09DFC6FF09A
:10E6D0000103032205A9D4F89000FAF705FC06B05F
:10E6E00010BD00BF532A80F85E1080F85F201CD058
:10E6F000392A0FD0472A2DD000B583B00190FFF7FB
:10E7000065FF019B5A6AA3F85C009AB303B05DF8F9
:10E7100004EB104790F86010C1F34002944682F079
:10E720000102D2B294450FD1704790F86020D143D6
:10E7300002F0010C01F001018C45F5D061F30002FB
:10E7400080F86020FFF79EBF62F3410180F86010FF
:10E75000FFF798BF90F86010C1F38002944682F0F2
:10E760000102D2B29445DFD062F3820180F86010DA
:10E77000FFF788BFFFF728FF03B000BD464BCB185B
:10E78000072B70B5044682B036D9A1F5E023732B70
:10E7900002D9002002B070BD90F88130002B55D016
:10E7A00001F007030120CDB2C1F3C4019840631802
:10E7B000064693F84C100140002A53D0002932D16C
:10E7C0002A4694F85E10204684F85F500193FFF7C4
:10E7D000FDFE226AA4F85C00002A59D09047019BF4
:10E7E000A26A1AB1284601939047019B93F84C20E6
:10E7F000324383F84C2016E001F00701012390F822
:10E800005EC08B4003EA0C0082B960B1E26A32B1AB
:10E8100001F167000193904794F85EC0019B2CEAD8
:10E82000030C84F85EC0012002B070BD0028FAD14C
:10E83000A26A32B101F167000193904794F85EC07B
:10E84000019B43EA0C0384F85E30ECE7036F9B07FF
:10E85000A6D4C36F072BE6D85A1C0344C26783F8BB
:10E860003C10E0E70029DED02A4694F85E102046EE
:10E870000193FFF737FFE26A019B12B128469047E8
:10E88000019B93F84C2022EA060283F84C20CAE749
:10E89000FFF79AFE019BA3E720FFF8FFDFF820C1F6
:10E8A00001EA0C0CBCF17F4F50D0454B70B5D0F84D
:10E8B0006CE082B0044616460EEA03030D46B3F53B
:10E8C000803F3ED0BEF5402F02D13E4B9D4254D0FA
:10E8D000AAB2002A38D0012394F8851084F8833036
:10E8E000002963D004F18400002304E001335FFABF
:10E8F00083FC61452BD930F802CF6245F6D11EBBAF
:10E90000A26EDEB232B1A9B270460193904794F87C
:10E910008510019B481EC0B2B04284F8850013D90F
:10E920008A1B03F144014333023A04EB410104EB37
:10E930004300D2B20132520002B0BDE8704009F08B
:10E940006FBAFFF71BFFA8B102B070BD7047002E71
:10E95000FAD0636E23B1A9B27046984794F8851037
:10E960000329F1D84B1C04EB410184F88530A1F850
:10E970008650E9E7D4F86CE0A4E7D4E91D32D21A56
:10E98000002A19D0A6EB03034FF064001146B8BF6C
:10E99000511C00FB03F303EB610303FB02F10029AD
:10E9A00093FBF2F30ADB84F88430CDE7002ECBD062
:10E9B000636E002BCFD1D5E73223F4E7013BF2E7BA
:10E9C0000000FFFF200006002DE9F84304460E4634
:10E9D000904600F1450700F14B0917F8015F032D40
:10E9E0001BD9B378AB4218D0F378AB4215D033794A
:10E9F000AB4212D073792A462046AB420DD0B37990
:10EA0000AB420AD0F379AB4207D094F84410FFF739
:10EA100069FEE36A284603B19847B945DDD1B8F1EC
:10EA2000000F14D0E36A93B10025012707FA05F31C
:10EA300094F84420134207D0327805F1670013425E
:10EA4000C0B201D1E36A98470135082DEED1771C99
:10EA500006F1070917F8015F032D29D994F846300C
:10EA6000AB4225D094F84730AB4221D094F84830DF
:10EA7000AB421DD094F84930AB4219D094F84A30DB
:10EA8000AB4215D094F84B30AB4211D031782A46C6
:10EA9000204684F85F5084F85E10FFF797FD236AE4
:10EAA000A4F85C0023B39847A36A0BB128469847A3
:10EAB000B945CFD1B8F1000F14D0A36A93B10025A6
:10EAC000012707FA05F394F84420134207D132785E
:10EAD00005F167001342C0B201D0A36A984701351F
:10EAE000082DEED1326873686264A364BDE8F883D0
:10EAF000FFF76AFDD8E700BF10B5D0F8942082B0C8
:10EB0000CC6B944202D0002002B010BD0A6B082AE0
:10EB1000F9D10122C96A0190FFF756FF0122019B3A
:10EB2000104683F88120EFE790F882301BB390F80D
:10EB3000813010B50446FBB194F88330BBB9A26EA6
:10EB400092B194F885300BB90EE0A26E013BE06EF5
:10EB5000DBB204EB430184F88530B1F886109047AE
:10EB600094F88530002BF0D1002384F88530002301
:10EB700084F8823010BD7047026F12F00202DBD1C0
:10EB8000C36F022BD8D900F13C01FFF71DFFEEE760
:10EB9000012380F881300A789A4201D00020704722
:10EBA00000B583B019440192FFF70EFF019803B03E
:10EBB00000BD00BF012380F875300A789A4201D069
:10EBC0000020704700B583B019440C380192FFF75C
:10EBD000FBFE019803B000BDDFF850C00E490F4A9C
:10EBE0000F4B104810B4DCF80040CCF80020146043
:10EBF000D1F800C00C4A04680A601946C2F800C087
:10EC00001A4603F1400C1C601B6442F880CF41F8A7
:10EC1000C02F016010BC70479CB900206CB9002067
:10EC2000E0600020C8BA002080600020B4B9002055
:10EC3000024B186808B102681A607047B4B9002026
:10EC4000024B1A6818600260704700BFB4B9002018
:10EC5000024B186808B102681A6070479CB900201E
:10EC6000024B1A6818600260704700BF9CB9002010
:10EC7000024B186808B102681A607047C8BA0020D1
:10EC8000024B1A6818600260704700BFC8BA0020C3
:10EC9000034B186818B101680022196002607047C0
:10ECA000B8B90020024B1A6818600260704700BFB4
:10ECB000B8B9002001EB810100EBC10188420DD2FF
:10ECC000DFF81CC0DCF8002000E01846034643F8DB
:10ECD000282B99420246F8D8CCF80000704700BFB4
:10ECE000B4B9002001EB410100EB411188420DD283
:10ECF000DFF81CC0DCF8002000E01846034643F8AB
:10ED0000602B99420246F8D8CCF80000704700BF4B
:10ED10009CB9002000EB811C604511D2024610B561
:10ED2000084C4FEA811E2168134643F8401B9C455E
:10ED300011461A46F8D8AEF140010844206010BDD3
:10ED4000704700BFC8BA0020352303FB0101884289
:10ED50000DD2DFF81CC0DCF8002000E018460346A6
:10ED600043F8352B99420246F8D8CCF8000070479A
:10ED7000B8B9002090F82430013BDBB280F8243091
:10ED800003B98360704700BF012380F826307047C5
:10ED90004FEA114C8BB2BCF1090F0FD173B1082BA4
:10EDA00012D8013B4FF0010C90F827100CFA03F336
:10EDB00022BB21EA030180F827107047BCF1010F44
:10EDC00003D0144B99421DD07047303B082BFBD821
:10EDD00001A151F823F000BF0DCC010009CC0100C6
:10EDE00001CC0100C5CB0100C5CB0100C5CB0100A2
:10EDF000C5CB0100C5CB010005CC0100194380F84B
:10EE0000271070474263704702637047C2627047C1
:10EE10008262704738020C0090F826302BB1012234
:10EE2000002380F8252080F8263070470023836176
:10EE3000704700BF0368DFF810C05B69634501D10C
:10EE4000FFF7A6BF184700BF8DCB0100A3F1011348
:10EE50000146012B03D883681BB19A4201D00020E0
:10EE6000704791F8243001208A60034481F82430EF
:10EE7000704700BF034612B10878022801D0002075
:10EE800070474878042A83F8270091F902009862B5
:10EE900091F90300D86207D991F90400052A186393
:10EEA00002D091F905205A630122104683F82520EB
:10EEB000704700BF70B504460D4612481646124909
:10EEC00002F010FCE3691BB1AB4201D0002070BD21
:10EED000A0680028FAD106F47063B3F5A06FF6D1EC
:10EEE000330602D5049B012B01D0012070BD0749D8
:10EEF000044802F0F7FBAB6802202362C4E9063540
:10EF000070BD00BF704F0020CC31002004320020C3
:10EF100070B50E4682B011461D4604460246334681
:10EF20000E48CDE900150E4902F0DCFBA06810B1D7
:10EF3000002002B070BDE3690BB1B342F9D1A5F175
:10EF40000115012DF4D80749044802F0CBFBB36842
:10EF50000120C4E9063602B070BD00BF704F00202A
:10EF60002C3200207432002030B50568064CD5F8EC
:10EF700010E0A64503D1012380F8263030BDF446C9
:10EF8000BDE83040604700BF85CB01000023C3606F
:10EF9000704700BF0268084992698A420AD190F816
:10EFA000262032B10121002280F8251080F8262089
:10EFB00070477047104700BF15CC01000368074A2F
:10EFC000DB69934209D190F82430013BDBB280F831
:10EFD00024300BB9836070477047184771CB01002C
:10EFE00050F80C2C034607490C3892698A4207D125
:10EFF0009A7E22B10121002259769A767047704795
:10F00000104700BF15CC010050F80C3C074ADB69E3
:10F01000934208D1037E013BDBB2037613B940F87B
:10F02000043C704770470C38184700BF71CB010093
:10F03000034612B10878022801D0002070474878B2
:10F04000042AD87691F90200D86191F90300186278
:10F0500007D991F90400052A586202D091F90520D8
:10F060009A62012210465A76704700BF50F80C3C55
:10F070000C385B69184700BF844650F80C0C10B57B
:10F08000D0F810E00648864503D101238CF81A30E9
:10F0900010BDACF10C00F446BDE81040604700BF65
:10F0A00085CB010070B50E4682B011461D46044660
:10F0B000A0F10C0233460F48CDE900150E4902F0CD
:10F0C00011FB54F8040C10B1002002B070BD23698C
:10F0D0000BB19E42F9D1A5F10115012DF4D80749D4
:10F0E000044802F0FFFAB3680120C4E9033602B015
:10F0F00070BD00BF704F00202C3200207432002001
:10F1000070B504460D4612481646124902F0EAFA56
:10F1100023699D4202D00BB1002070BD54F8040C4D
:10F120000028F9D106F47063B3F5A06FF5D133066A
:10F1300002D5049B012B01D0012070BD0649044873
:10F1400002F0D0FAAB6802206361C4E9033570BDF8
:10F15000704F0020CC3100200432002000B583B075
:10F160000190FBF785FC01980C3003B05DF804EBCF
:10F17000F9F782BE002380F8253080F82730C0E9F7
:10F180000A33C0E90C33704710B483B00B46CDE9A5
:10F190000012C27C002A30D072B6C27CD40708D5D7
:10F1A0004FF0E02C4469DCF8801121408162CCF8FA
:10F1B0008011910708D54FF0E02C8469DCF88411A8
:10F1C0002140C162CCF88411540708D54FF0E02CDF
:10F1D000C469DCF8881121400163CCF8881111075B
:10F1E00008D54FF0E02C046ADCF88C112140416313
:10F1F000CCF88C11D2063AD462B68268934240D0E1
:10F20000234A836092692349C2F3011CC2F38262DC
:10F2100051F82CC00132BCFBF2F103B38B4232D85F
:10F22000B1FBF3F2B1FBF2F18B422ED3B2F5817F49
:10F230001BD2022A27D9023A530803EB032342EADE
:10F240000323C36002680321002010615162012181
:10F250001364019B1366116103B010BC70479445A1
:10F26000EFD34A1CB2F5817FE3D30B4BE9E74FF0B4
:10F27000E021446AD1F8902122408263C1F89021B4
:10F28000BAE7C368DEE70023DBE71146E9E700BF22
:10F2900000C00F40BC400020FF7F7F0090F81CC0E2
:10F2A0004160BCF1020FC26001D18368184702F0CF
:10F2B0001DB900BF304B314910B5D3E9114E9EF84E
:10F2C0000400C8771A6C94F804C081F81CC0087751
:10F2D00052B1B2F5004F23D329495118274A196476
:10F2E000D07682F81BC010BD19680F24D86C8C65CD
:10F2F00040F20134CA610C614FF47C544C6103212B
:10F300000468246883F83D101E4B9C4220D1037F83
:10F310004260022BC26020D18368BDE810401847CC
:10F320002468E18B090421D4E283DEF80010B4F8EC
:10F330001EE0A4F816E0CC8B240412D4CA83CA8B36
:10F34000CA8200210D4A1964D07682F81BC010BD14
:10F3500023461146BDE810401847BDE8104002F0B2
:10F36000C5B8CC8B62F30804CC83E8E7E18B62F389
:10F370000801E183D9E700BFD04E002000800E4095
:10F380000180FFFF99D00100304B314910B5D3E91E
:10F39000114E9EF80400C8771A6C94F804C081F8E6
:10F3A0001CC0087752B1B2F5004F23D32949511838
:10F3B000274A1964D07682F81BC010BD19680F2443
:10F3C000D86C8C6540F20134CA610C614FF47C54F6
:10F3D0004C6103210468246883F83D101E4B9C4255
:10F3E00020D1037F4260022BC26020D18368BDE838
:10F3F000104018472468E18B090421D4E283DEF829
:10F400000010B4F81EE0A4F816E0CC8B240412D44B
:10F41000CA83CA8BCA8200210D4A1964D07682F849
:10F420001BC010BD23461146BDE810401847BDE87B
:10F43000104002F05BB8CC8B62F30804CC83E8E7A1
:10F44000E18B62F30801E183D9E700BF804E002021
:10F4500000800E400180FFFF99D0010043682DE934
:10F46000F04FD3E90041814D4FF0B80922684FF0C9
:10F470000F0B22EA01027E492260AA6911407D4AEF
:10F480000A43AA6190F810E07B4A03EB0E0603EBF7
:10F490008E0E317C02EB01118968C1F8009090F862
:10F4A00011C003EB0C050CF10A0C95F8241002EBCB
:10F4B00001118968C1F80090817C03EB010803EB1E
:10F4C000810198F838A002EB0A1ADAF808A0CAF805
:10F4D0000090D4F800905F6849EA0709C4F80090EA
:10F4E000347CDEF814E002EB04146468C4F800E035
:10F4F00095F8244053F82CC002EB04146468C4F857
:10F5000000C098F83840C96B02EB041252681160D1
:10F510009A6C98F8441011601A6A317F5B6B116025
:10F5200095F830201A60022203681A61C3F858B0B7
:10F53000C27C002A32D072B6C37CDD0708D54FF0FA
:10F54000E0214469D1F8802122408262C1F8802103
:10F550009C0708D54FF0E0218469D1F8842122402E
:10F56000C262C1F88421590708D54FF0E021C4696F
:10F57000D1F8882122400263C1F888211A0708D5F2
:10F580004FF0E021046AD1F88C2122404263C1F897
:10F590008C21DF065CD462B6C27C0368374D81687B
:10F5A000A9425FD0314985608969354CC1F30117A3
:10F5B000C1F38261334E54F827400131B4FBF1F4BA
:10F5C000B44230D80021C16000241C6103245C6275
:10F5D0000724196401211C66196112B3D60704D5EA
:10F5E000816A4FF0E023C3F80011950704D5C16A82
:10F5F0004FF0E023C3F80411540704D5016B4FF01A
:10F60000E023C3F80811110704D5416B4FF0E02344
:10F61000C3F80C11D30604D5826B4FF0E023C3F876
:10F620001021BDE8F08F1849A1FB0461090DB4FB5E
:10F63000F1F4AC4288BF0131B1F5817F14D20229C7
:10F64000C0D902394C0804EB042441EA0421BAE78A
:10F650004FF0E022416AD2F890310B408363C2F848
:10F66000903198E7C168AFE70849ACE700C00F40A8
:10F67000CFFFFFE3100000085043002000093D00C9
:10F68000BC400020FF083D0083DE1B43FF7F7F005E
:10F69000704700BFD0F800C000B5DCF810E0F446B9
:10F6A0005DF804EB604700BF00B5D0F800C0BDF8BE
:10F6B00004E0CDF804E0DCF838E0F4465DF804EB53
:10F6C000604700BF00B5D0F800C0BDF804E0CDF839
:10F6D00004E0DCF83CE0F4465DF804EB604700BF72
:10F6E000704700BF01F0030CC907B0F90820B0F95A
:10F6F0000A3080F81AC002D48281C381704719464B
:10F7000013460A46C3818281704700BF2DE9F0414C
:10F710001C4686B08646D0F800C0A142BDF93050E4
:10F72000BDF8343026D0AA4215D0DCF814608046EB
:10F73000234FBE423AD14046CDE900532346DCF880
:10F740002840A047D8F800301D4ADB6A934228D1F0
:10F7500006B0BDE8F081A1421FDD01310C93DCF859
:10F760003C5070460B1B2146AC461BB206B0BDE8B0
:10F77000F0416047AA420CDD0C93531CDCF8384082
:10F780002A465B1B7046A4461BB206B0BDE8F0419A
:10F790006047284615460246EEE720460C460146DD
:10F7A000DBE7404606B0BDE8F0411847CDE9042349
:10F7B0000391B047D8F800C00399DDE90423BAE704
:10F7C0008DD40100D0F800C0F0B5134D87B0DCF83F
:10F7D00014600446BDF83070AE420ED1013B019773
:10F7E000009220460B44DCF828601BB2B047236827
:10F7F000DB6AAB420BD107B0F0BDCDE90423039126
:10F80000B047D4F800C00399DDE90423E6E72046B9
:10F8100007B0BDE8F04018478DD40100D0F800C013
:10F82000F0B5144D87B0DCF814600446BDF83070B4
:10F83000AE420FD1013B0197204613441BB2009307
:10F840000B46DCF82860B0472368DB6AAB420BD17B
:10F8500007B0F0BDCDE904230391B047D4F800C050
:10F860000399DDE90423E5E7204607B0BDE8F04051
:10F87000184700BF8DD40100D0F800C02DE9F04F2B
:10F8800090469B46DCF8142083B01E4B05460C4680
:10F89000BDF930709A42BDF8349029D1A344A345F4
:10F8A0001EDDDFF864A00AE00134CDF80090DCF83A
:10F8B000386024B2B047D5F800C05C4510DADCF8F7
:10F8C00020603B464246214656452846ECD001344E
:10F8D000CDF80090B047D5F800C024B25C45EEDB0F
:10F8E000DCF82C30074A934206D103B0BDE8F08F14
:10F8F0009047D5F800C0D1E7284603B0BDE8F04FE7
:10F90000184700BF8DD40100A5D401000268B0F9EA
:10F910000C30B0F90EC010B5146C82B0094A944294
:10F9200007D10022CDE900C11146FFF7A5FF02B0C3
:10F9300010BD00220191CDF800C01146A04702B0D1
:10F9400010BD00BF75D6010030B50468094DD4F86C
:10F9500040E0BDF90CC0BDF81040AE45CDE903C490
:10F9600003D1BDE83040FFF787BFF446BDE8304023
:10F97000604700BF75D601002DE9F04F1D460368B2
:10F98000884616462C4983B05A690446BDF9309022
:10F990008A42BDF8347041D1D3F824B03246DFF842
:10F9A0009CA0414600972046D34508BFD3F83CB001
:10F9B0002B46D847236809F1FF32D3F824B03244EC
:10F9C0000097D34512B231D1D3F83CA041462B4623
:10F9D0002046D04723683246DFF864A04146D3F87A
:10F9E00020B020460097D34508BFD3F838B04B4627
:10F9F000D8472268691E4B46156A20464144009745
:10FA0000554509B208BF956B3246A84723680A4A94
:10FA1000DB6A934205D103B0BDE8F08F90472368BD
:10FA2000BAE7204603B0BDE8F04F18472B464146E1
:10FA30002046D847CEE700BF8DD40100C1D40100D5
:10FA4000A5D401002DE9F04F85B091468046581AA3
:10FA5000BDF938401D46BDF83CB0A21A002AB8BF17
:10FA600052420028B8BF4042824263DCA4464E4660
:10FA7000A2464F461C46894665463146A1454EDDA5
:10FA8000A942D4BF4FF0FF330123A9EB040CA7EB2D
:10FA90000A0A0FFA8CF6002EB8BF0136BAF1000F31
:10FAA0004FEA6606B8BFCAF1000ACDE90020CDE9E9
:10FAB000023C15E0224A944528D10F692246294686
:10FAC0004046B847A6EB0A030134029A1EB2AA18B0
:10FAD00024B2002E02DA15B2039AD6184C4512DC75
:10FAE000D8F800105B462A46D1F818C0DDE90007B7
:10FAF000B842DFDC124B9C455B460CD10F69404697
:10FB00002146B847DEE705B0BDE8F08F224629461A
:10FB10004046E047D6E721464046E047D2E7264642
:10FB2000A9423D464C465746B146AA460D4604DA20
:10FB30000123AAE79A460F46A0E74FF0FF33A4E758
:10FB400091D40100002361F30F03002162F31F43EE
:10FB50004FF0FF324160016101770162C0E9023379
:10FB6000024BC0E90523024B03607047010100010D
:10FB7000703C00202DE9F04F8FB0BDF868509DF823
:10FB800060C006951D1EBDF964406ADDC5F1010324
:10FB900096460027621C1BB282469146F3460393A9
:10FBA000C5EBC5337E1C08915B000A920295059354
:10FBB0000CF00103CDF824C00793039BCDF82CE093
:10FBC000002B4ADB059A37B20232134405927200C9
:10FBD000013213441BB20393029B5C1E24B2BC424D
:10FBE00047DA099B03F002030493079BABB1DDF8EE
:10FBF0002080029B0FFA8BF2DAF8000098444F4BFA
:10FC0000066A0FFA88F19E4240F08280069B0093BC
:10FC10000FFA89F3866B5046B047049B93B1089B5B
:10FC2000029A46489D1A0FFA8BF20FFA89F329B20D
:10FC3000DAF800502E6A864206980090504608BFB7
:10FC4000AE6BB047BC420BF1FF3B09F102090294D5
:10FC500007DD039B7E1C002BB4DA37B2029CBC424A
:10FC600002DA0FB0BDE8F08F03EB460301331BB29D
:10FC70000393099B079A03F00203049312BB002B22
:10FC8000E0D00B9BDDF820801A1B0A9B03EB44039A
:10FC900012B21BB2A8EB0606DAF80000274935B20B
:10FCA000066A8E423BD1069900912946866B5046E2
:10FCB000B047029B9C42C5D0079B002BAFD00223CC
:10FCC000049396E7DDF820800B9B08EB0601DAF839
:10FCD00000501A1B19480FFA81FC0A9B296A12B2BC
:10FCE00003EB440381421BB21DD10699009161468A
:10FCF000A86BCDE90C2305465046A847DDE90C2347
:10FD000004990029C6D1029B9C427FF472AF99E707
:10FD100006980FFA89F300905046B0477DE70698A1
:10FD200029460090C3E706980D466146009050466C
:10FD3000CDE90C23A847DDE90C23E1E7A5D40100B8
:10FD4000D0F800C02DE9F0431D461C4EDCF81430FD
:10FD500087B004461746B342BDF8388023D1DCF89B
:10FD600020906B0016487A1B0133CDF80080814546
:10FD700012B21BB2204608BFDCF838900591C84784
:10FD80002B460320002505993A46CDF80880CDE999
:10FD900000052046FFF7EEFE2368DB6AB34208D178
:10FDA00007B0BDE8F08305919847D4F800C00599E5
:10FDB000D5E7204607B0BDE8F04318478DD40100D1
:10FDC000A5D401002DE9F04F93B082460291BDF811
:10FDD00070100D9203919DF87810026A08919DF8B9
:10FDE0007C10BDF874900591002A00F0B980117A5A
:10FDF0005B1A0599D2E900B0DBB2089A114300EB17
:10FE0000C30230F8337092F802800129D37892F956
:10FE1000050092F906200E9309900F9256D8002300
:10FE2000A24E10930A93DAF800305A69B24255D1C3
:10FE30000E9A002A00F08380B8F1000F7FD0089955
:10FE40001A46059800254FF000090023012908BF34
:10FE5000012811960CBF01210021049110991E4622
:10FE60000D98059C494401FB0401002409B2079147
:10FE70000F994118494409B2CDE90B93069105E069
:10FE800001346D00E4B2EDB2A0454CD916F0070F75
:10FE900006F1010603D17B1C1BF807509FB22B060D
:10FEA000EED5049BFBB1029B50460999D2F81890FD
:10FEB00059187F4B21449945039B08BFD2F81090F5
:10FEC00009B2069AC847DAF80020D9E7DAF8003014
:10FED000764E10925A690A90B242A9D05046904785
:10FEE000DAF80030A4E70A9B02981919089BD2F8A7
:10FEF0001C9001FB03010FFA83FC6E4B09B2BDF9A4
:10FF00001400994522D1D2F840906B4B039A994541
:10FF1000009001926346079A50461DD1FFF7ACFC52
:10FF2000DAF80020ACE7DDE90B930E9909F1010C3A
:10FF300043445FFA8CF9894590D31346119EDB6ADE
:10FF4000B34240F0058113B0BDE8F08F039A6346D9
:10FF5000009050460192079AC847DAF800208FE7D0
:10FF6000B0F90C2002998A42EDDDB0F90E200D9C0B
:10FF7000A242E8DD4FF00602089D15FB0212002A9E
:10FF8000E1DD059A04EBC202002ADCDD027F474E68
:10FF900082F00102AF2B94BF002202F001021A444A
:10FFA0000368D4B25A69B24240F00B81029F04EB5D
:10FFB0008404089D7A1D4149BC46BE4690B2059A0C
:10FFC0002144CDF81890012D08BF012AD146039F86
:10FFD0008A460CBF4FF0010B4FF0000BDDF8348068
:10FFE000CDF810B093460C900E961AF8016B0FFAEC
:10FFF0008EF2082400250992CDF81CC0CDE90AEA4A
:02000004600298
:100000001AE00499002934D0D3F818A018FA85F220
:10001000274812B2BDF91C108245484608BFD3F8E4
:1000200010A03B46D047D9F80030013C0135760896
:1000300014F0FF046DB260D0F207E2D40698874254
:10004000F3D0049900293BD018FA85F2D3F818A010
:10005000BDF91C100FFA82FC154A924540F08F80C2
:10006000D3F810A0624603464846D047D9F800307E
:10007000DBE71BFB0582D3F81CA0BDF920100FFAAB
:100080008BF00FFA82FC0B4A924566D1D3F840A060
:100090006246094B009048469A4501970B460999DC
:1000A00027D1FFF7E9FBD9F80030BEE78DD4010076
:1000B00091D4010045D7010075D601004C360020CF
:1000C0001BFB0582D3F81CA0BDF920100FFA8BF0A2
:1000D0000FFA82FC414A924549D1D3F840A06246CA
:1000E0003F4B009048469A450B4606990191099965
:1000F000D7D0D047D9F8003097E7DDF81CC0089A70
:100100000CF1010CDDE90AEA1FFA8CFC96440C9A0A
:1001100062457FF46AAFCA46039ADDF81890DDF8AD
:1001200010B04A450E9E3FF40AAFBBF1000F2DD030
:100130001C6A50462B4ACDF800909442BDF930100D
:100140000D9A08BF9C6B0823A047DAF80030F6E64A
:10015000504613B0BDE8F04F18470B46009062467A
:10016000099948460197D047D9F800305DE70B461A
:10017000069900906246019148460999B9E7069BA5
:1001800062464846D047D9F800304EE70899059AAC
:100190000298D500DC6901EB8102821808B211B225
:1001A0000E4A944211D11C6C0D4B0D9A9C42034691
:1001B0005046CDE900590DD1FFF75EFBDAF800306B
:1001C000BDE69047DAF80030F0E603460D9A504657
:1001D000CDE90059A047DAF80030B0E645D7010074
:1001E00075D60100A5D40100036AF0B587B0002BD5
:1001F00055D00A2946D00D294ED01A7A91424BD3B8
:1002000093F80AC08C4547D38A1A5C68D2B204EBD3
:10021000C204E27894F802C06AB3BCF1000F2AD09D
:10022000C27EB0F910E0057EB0F91260477E8AB157
:1002300094F905209444B0F90C2005FB0CEC94458E
:1002400008DD4FF0000EA0F810E01B7B03FB0763F6
:100250001EB243820B46324671460590CDE90257E5
:10026000B0F816C0CDF804C0B0F814C0CDF800C086
:10027000FFF7A8FD05982179038A027E01FB02336E
:10028000038209E04FF0000C428A417EA0F810C0C2
:100290001B7B01FB03234382012007B0F0BD0A2929
:1002A00032D00D29F8D0C57EB0F910C090F818E012
:1002B000B0F91220447E65B10625B0F90C601EFB32
:1002C00005C5B54205DD02EBC4029C46038212B2AD
:1002D000428203940B46CDF808E06146B0F816C0A0
:1002E0000590CDF804C0B0F814C0CDF800C0FFF7F9
:1002F00069FD0598037E028A03EB430302EB430387
:100300000382012007B0F0BD428A417E038202EBE6
:10031000C1034382012007B0F0BD00BF01294FF0A7
:10032000000338BF012161F3070361F30F23038347
:10033000704700BF30B590F868308E46090AB3B9EF
:10034000A2B1436B5FFA8EFE501E1B685966DA6DD0
:1003500012F4F81FFBD05A6FC3F864E0DA6D12F4A0
:10036000F81FFBD001385A6F451CEFD130BD012B6F
:1003700024D05FFA8EFC61453DD0002AF6D0531E92
:100380001FFA8CF511E01160826C446D1460426CB0
:10039000446D1460426B1560826C013B446D1460C7
:1003A000426C446D14605A1CE0D090F85FC0426B00
:1003B000BCF1000FE7D0A2F800E0EDE7002AD5D0AD
:1003C00002F1FF3C724610231404816C03F1FF33E9
:1003D0004FEA42024CBF846BC46B9BB22160016C3C
:1003E000C46C0C60416CC46C0C60002BECD1BCF193
:1003F000010CE7D230BD90F85F30D0F834C07BB943
:100400005200CCF80010002AB0D0531E826C013B81
:10041000416D1160416D426C1160591CF6D130BDC7
:10042000ACF800E0EFE700BF90F96A30002B02DB88
:10043000436A026E1A6090F8683003B17047426BED
:10044000D37C002BFAD0D80704D5906A4FF0E02176
:10045000C1F80001990704D5D06A4FF0E021C1F836
:100460000401580704D5106B4FF0E021C1F80801D2
:10047000190704D5506B4FF0E021C1F80C01DB06E1
:10048000DCD5926B4FF0E023C3F81021D6E700BF14
:1004900070B5002A84B0BDF8206006DB1C461D46FE
:1004A000B0F90E30934200DD0CB904B070BD002CE1
:1004B00005DAA3B2013119445B4209B21DB2B0F9A9
:1004C0000C308B42F1DD1FFA81FE0EEB050404F1C6
:1004D000FF3C0FFA8CFCBCF1000FE6DB002902DACE
:1004E00025B24FF0000E0168634592B24C6D15DCE9
:1004F000A3EB0E034FF0010C71469BB2CDF800C088
:10050000CDE90203A047039B02981AB2002BCCD07E
:10051000314604B0BDE87040FFF70CBF01230290E4
:1005200071460093ABB2A0472A460298F0E700BF9D
:1005300070B5002984B0BDF8206006DB1C461D465E
:10054000B0F90C308B4200DD0CB904B070BD002C4A
:1005500005DAA3B201321A445B4212B21DB2B0F9FD
:100560000E309342F1DD1FFA82FE0EEB050404F11A
:10057000FF3C0FFA8CFCBCF1000FE6DB002A02DA2C
:1005800025B24FF0000E0268634589B2546D11DC4C
:10059000A3EB0E03724603909DB201230095A04782
:1005A00003982AB2002DD0D0314604B0BDE8704087
:1005B000FFF7C0BEABB27246039000930123A04781
:1005C0002A460398F0E700BF2DE9F04F85B0BDF94A
:1005D0003850BDF83C80002B43D0002D41D0002B7B
:1005E0001C4641DBB0F90C308B423ADD002D46DB76
:1005F000B0F90EC0944534DD14FA81F61FFA81F982
:1006000006F1FF3E0FFA8EFEBEF1000F29DB97B216
:10061000BA462F44BB46013F3FB2002F21DB0029E1
:1006200002DA34B24FF00009002A03DA0FFA8BF530
:100630004FF0000A73452DDDA3B2BC452FDDAAB2F1
:1006400000924946066852460390766DB04704FB17
:1006500005F232B14146039805B0BDE8F04FFFF70F
:1006600069BE05B0BDE8F08F9CB20131B0F90C3025
:100670002144644209B224B28B42F2DDB6E7ADB246
:100680000132B0F90EC02A446D4212B22DB2944527
:10069000E7DDB1E7A3EB0904A3B224B2CDE7ACEBED
:1006A0000A0C1FFA8CF20FFA8CF5C9E790F8682053
:1006B000034642B190F96A20002A03DB826A036E86
:1006C00013607047704700B583B0406BD3E90E12DA
:1006D0000193FEF759FD019B93F96A20002A02DB82
:1006E0009A6A1B6E136003B000BD00BF2DE9F04392
:1006F0001C4685B01E460B1EBDF8307004DBB0F9F9
:100700000C10994200DD14B905B0BDE8F083002C4F
:1007100005DAA1B201320A44494212B20EB2B0F96E
:100720000E109142F0DD16FA82FE1FFA82F80EF1E9
:10073000FF3C0FFA8CFCBCF1000FE5DB002A03DA6A
:100740000FFA8EF64FF0000861452BDD1FFA86F98F
:10075000044605460068204942698A4231D194F82E
:1007600068202AB395F96A20002A02DBAA6A296E5A
:10077000116099B2CDF800904246446D012328469D
:10078000A04726B1324639462846FFF7D3FD2B68ED
:100790002846124ADB6A934219D105B0BDE8F043FE
:1007A000FFF742BEA1EB08011FFA81F90EB2CFE7B5
:1007B00004F13400039307C8FEF7E6FC2068039BAE
:1007C000D0E72046039390472068039BD1E705B00C
:1007D000BDE8F043184700BFA9E4010025E201008D
:1007E0002DE9F043002A85B0BDF8307006DB1C46C9
:1007F0001E46B0F90E30934200DD14B905B0BDE8D5
:10080000F083002C154605DAA3B2013119445B428E
:1008100009B21EB2B0F90C308B42EFDD16FA81FC42
:100820001FFA81F90CF1FF3212B2002AE6DB00292F
:1008300003DA0FFA8CF64FF0000993422FDDB3B2C2
:10084000044680460068224942698A4235D194F8BC
:1008500068204AB398F96A20002A04DBD8F82820D7
:10086000D8F8601011604FF0010CAAB24946CDF8DB
:1008700000C0406D04464046A04726B13246394686
:100880004046FFF757FDD8F800304046114ADB6A72
:10089000934218D105B0BDE8F043FFF7C5BDA3EB07
:1008A000090293B216B2CBE704F13400039307C8F0
:1008B000FEF76AFC2068039BCCE720460393904731
:1008C0002068039BCFE705B0BDE8F043184700BFA1
:1008D000A9E4010025E201002DE9F04F85B0BDF942
:1008E0003850BDF83C80002B5ED0002D5CD0002B32
:1008F0001C465CDBB0F90C308B4255DD002D61DB12
:10090000B0F90EC094454FDD14FA81F61FFA81F953
:1009100006F1FF3E0FFA8EFEBEF1000F44DB97B2E8
:10092000BA462F44BB46013F3FB2002F3CDB0029B3
:1009300002DA34B24FF00009002A03DA0FFA8BF51D
:100940004FF0000A73454FDDA3B2BC4545DD1FFAE9
:1009500085FB0646074600682F4942698A4255D101
:1009600096F86820002A44D097F96A20002A02DB12
:10097000BA6A396E11605246CDF800B04946466DEC
:100980003846B04704FB05F21AB141463846FFF736
:10099000D1FC3B683846214ADB6A934232D105B02C
:1009A000BDE8F04FFFF740BD05B0BDE8F08F9CB249
:1009B0000131B0F90C302144644209B224B28B42B7
:1009C000F2DD9BE7ADB20132B0F90EC02A446D42B0
:1009D00012B22DB29445E7DD96E7ACEB0A0C1FFA94
:1009E0008CFB0FFA8CF5B4E7A3EB090293B214B2B7
:1009F000ABE706F13400039307C8FEF7C5FB306888
:100A0000039BB1E705B0BDE8F04F184730460393AC
:100A100090473068039BAEE7A9E4010025E201009E
:100A200070B582B012B209B204469DF918509DF912
:100A30001C600193FFF786F81A481B4A1B4984F88B
:100A40006B5062632A01019B00EB051521600021B8
:100A500084F8696084F86A308B4284F86810A4F8DE
:100A6000701082586167ED68E166656602F1840581
:100A700002F18802C4E90B520DDB1A0100EB0313EB
:100A800082582046DB6802F1840588322366C4E977
:100A9000095202B070BD20462166C4E9095202B075
:100AA00070BD00BF50430020804E0020E43C002079
:100AB00070B5554B044690F96A0082B0002914BF06
:100AC0000E461E461546002808DB0121C0B201F083
:100AD0004FFB012194F86A0001F016FB012194F804
:100AE0006B0001F045FB012194F86B0001F00CFB59
:100AF00094F86830D3B92907606B25644CBF434B29
:100B000007236A07424A48BF43F08043C4E90E63A3
:100B1000404B984218BF90424FD03F4B98424CD028
:100B200094F96900002829DA02B070BD012B4CD07D
:100B300094F85F30E26B002B42D0636B4FF6FF708E
:100B4000002110801980012194F85D0001F010FB54
:100B500094F85D00012101F0D7FA94F95E000028B5
:100B6000DEDB0121C0B201F003FB94F85E0001213D
:100B700001F0CAFA94F969000028D5DB0121C0B25E
:100B800001F0F6FA012194F8690001F0BDFA642041
:100B900001F03AFA002194F8690001F0B5FA6420F6
:100BA00001F032FA94F86900012101F0ADFAC82091
:100BB00002B0BDE8704001F027BAFEF74FFCAFE786
:100BC000FF211160626B1360BDE7194694F8540071
:100BD000019301F0CDFA002194F8540001F094FA49
:100BE000019994F8560001F0C3FA94F856000021D8
:100BF00001F08AFA94F95500002891DB0021C0B277
:100C000001F0B6FA8CE700BF0024F4000700008072
:100C1000D04E0020804E0020204F002090F86830F9
:100C200043B9436B1A685166D36D13F4F81FFBD0B8
:100C3000536F7047012B0BD090F85F20436BF2B1DC
:100C40001980836C426D1A60436C426D1A60704764
:100C5000082310B40C06826C03F1FF334FEA410104
:100C60004CBF846BC46B13F0FF032260026CC46C36
:100C70001460426CC46C1460ECD110BC70471960F5
:100C8000DFE700BF0368314A5B69934270B50446F1
:100C90000D4656D190F86830002B4DD094F96A304B
:100CA000002B02DBA36A226E1A60D5B194F8701093
:100CB000236B2046626E1A60FFF7B0FF2368E26A7A
:100CC000616EDB6A1160224A93423CD194F96A302A
:100CD000002B02DB636A226E1A6094F868301BB145
:100CE00070BD94F87110E3E7626BD37C002BF7D0F2
:100CF000DD0704D5906A4FF0E021C1F800019C07A0
:100D000004D5D06A4FF0E021C1F80401580704D59A
:100D1000106B4FF0E021C1F80801190704D5506BA2
:100D20004FF0E021C1F80C01DB06D9D5926B4FF0F2
:100D3000E023C3F8102170BD343007C8FEF724FA51
:100D4000ACE79847B1E7BDE870401847A9E4010057
:100D500025E20100426E08B5036B1A60FFF75EFFE3
:100D6000C36A426E1A6008BD90F8683083B9436B5D
:100D70000A0A1B685A66DA6D12F4F81FFBD0C9B272
:100D80005A6F5966DA6D12F4F81FFBD05B6F70472B
:100D9000012B0BD090F85F20436BF2B11980836C6C
:100DA000426D1A60436C426D1A607047102310B494
:100DB0000C04826C03F1FF334FEA41014CBF846B9A
:100DC000C46B13F0FF032260026CC46C1460426CAD
:100DD000C46C1460ECD110BC7047C1F30F221A60D0
:100DE000836C426D1A60436C426D1A60436B1960EC
:100DF000D5E700BF002909DB70B5B0F90CE082B07F
:100E00008E4501DD002A02DA02B070BD7047B0F9EC
:100E10000EE09645F8DD1E460123044692B200938B
:100E200089B205686D6DA8473146204602B0BDE81D
:100E30007040FFF799BF00BFF0B51C460B1E85B090
:100E400005DBB0F90CE09E4501DD002A01DA05B0B2
:100E5000F0BDB0F90E109142F9DDD0F800C0164691
:100E60001D492746DCF81420044605468A4228D14D
:100E700090F86820E2B195F96A20002A02DBAA6A9C
:100E8000296E116099B20123B2B228460093DCF8B2
:100E90005440A04739462846FFF766FF2B680F4AA3
:100EA000DB6A934213D105B0BDE8F040FFF7BCBA4E
:100EB0003430039307C8FEF767F9D4F800C0039BEA
:100EC000D9E703939047D4F800C0039BDAE705B055
:100ED000BDE8F040184700BFA9E4010025E2010089
:100EE000F8B51F4690F8683004460D461646002BAC
:100EF0005DD094F96A30002B02DBA36A226E1A607F
:100F0000236B2946626E20461A60FFF787FEE36A6C
:100F1000626E1A60C7B1002506E0013516F8011BA4
:100F2000FFF77CFEBD420FD094F868302046022BBC
:100F3000F3D194F85F30002BEFD0013536F8021B67
:100F4000FFF712FFBD42EFD194F96A30002B02DBAC
:100F5000636A226E1A6094F8683003B1F8BD626B60
:100F6000D37C002BFAD0DD0704D5906A4FF0E02146
:100F7000C1F800019C0704D5D06A4FF0E021C1F808
:100F80000401580704D5106B4FF0E021C1F80801A7
:100F9000190704D5506B4FF0E021C1F80C01DB06B6
:100FA000DCD5926B4FF0E023C3F81021F8BD34304C
:100FB00007C8FEF7E9F89CE72DE9F041984690F85C
:100FC000683004460D461746002B3AD094F96A3033
:100FD000002B02DBA36A226E1A60236B2946626E25
:100FE00020461A60FFF71AFEE36A626E1A60B8F1D3
:100FF000000F1AD0002607E0013615F8011BFFF795
:101000000DFE46452F4610D094F868303D462046E8
:10101000022BF1D194F85F30002BEDD0013637F878
:10102000021BFFF7A1FE4645EED194F96A30002B72
:1010300002DB636A226E1A6094F8683033B1BDE84F
:10104000F081343007C8FEF79FF8BFE7626BD37CAE
:10105000002BF4D0DD0704D5906A4FF0E021C1F8F1
:1010600000019C0704D5D06A4FF0E021C1F80401CB
:10107000580704D5106B4FF0E021C1F8080119079B
:1010800004D5506B4FF0E021C1F80C01DB06D6D53A
:10109000926B4FF0E023C3F81021D0E790F868304E
:1010A00003BB436B0A0E1B685A66DA6D12F4F81F15
:1010B000FBD0C1F30742586F5A66DA6D12F4F81F7D
:1010C000FBD0C1F30722586F5A66DA6D12F4F81F8D
:1010D000FBD0C9B25A6F5966DA6D12F4F81FFBD013
:1010E0005B6F7047012B10B419D090F85FC00B0CE8
:1010F000426BBCF1000F28D0D0F848C01380436D7C
:10110000CCF80030436C426D1A60436B1980836CDD
:10111000426D1A60436C426D10BC1A607047202308
:101120000029826C03F1FF334FEA4101B4BF846BA5
:10113000C46B13F0FF032260026CC46C1460426C39
:10114000C46C1460ECD110BC70474FEA116CC2F84B
:1011500000C0826C446D1460426C446D14600A0AD5
:10116000446B2360836C446D1C60436C446D1C6055
:10117000436B1A60836C426D1A60436C426D1A6057
:10118000436B1960C3E700BF01F003010023B0F90E
:101190007E20022900B583B081768DF80730B0F942
:1011A000803028D0032917D001292FD04FF0C00C50
:1011B00090F87810C38190F8793082818DF807C05B
:1011C000A0F86C10A0F86E3001230DF10702362153
:1011D000FFF786FE03B000BD4FF0600C90F87C1066
:1011E000838190F87830C2818DF807C0A0F86C1028
:1011F000A0F86E30E8E790F87BC090F87C10828110
:10120000C381A0F86CC0A0F86E10DDE74FF0A00C11
:1012100090F87910838190F87B30C2818DF807C0F7
:10122000A0F86C10A0F86E30CEE700BF10B59C4659
:1012300082B004460B460092F0214FF4A072CDF824
:1012400004C000F0EFF8044A4FF00003204622608B
:10125000A4F87B3002B010BD443D002030B585B00D
:101260000D4680F87A3000210192044600F01CF906
:10127000019AF02DA2F1F003B3FA83F34FEA53136E
:101280002ED16BB34FF000014FF4A043A4F87B10B4
:10129000A4F87830A4F8802020462749A4F87E508E
:1012A00000F0DAF82368254A1B6B93423DD194F88D
:1012B00079300022D4F87E00C02194F878508DF85F
:1012C0000F103621A2760DF10F02A4F86E30012323
:1012D000E0602046A4F86C50FFF702FE05B030BD78
:1012E000872D09D143B142F6350142F63403A4F803
:1012F0007810A4F87B30CDE7D2F5A0734FF0000052
:1013000048BF0133D5F1F00148BF0131C3F34703B2
:10131000C1F3470184F8793061F3070084F878104D
:1013200063F30F20A4F87B00B4E70021204605B04A
:10133000BDE83040184700BF1820006085EF01006D
:10134000064B42F22102002918BF0B46A0F870207C
:1013500090F87A2019464367FFF7AABB0048E801D6
:10136000B0F86CC0614489B20B44013B70B543EAEC
:101370000145B0F86E3004462A211A44BDF81030F9
:1013800092B21344013B43EA0246FFF7E3FC2946CD
:101390002046FFF783FE20462B21FFF7DBFC31467A
:1013A0002046FFF77BFE20462C21BDE87040FFF76A
:1013B000D1BC00BF01F00301002390F8782002297E
:1013C00090F879C000B583B081768DF807301CD0D5
:1013D000032911D001291DD062F30F03C0216CF342
:1013E0001F438DF80710C36601230DF10702362154
:1013F000FFF776FD03B000BD6CF30F03602162F3CD
:101400001F438DF80710C366EEE7A0F86C20A0F824
:101410006EC0E9E7A023A0F86E20A0F86CC08DF89C
:101420000730E1E710B582B004469DF910C0CDF851
:1014300000C09DF914C0CDF804C0FFF7F1FA0023F5
:10144000044A2046A4F8783084F87A30226002B04A
:1014500010BD00BFA43D00202DE9F8430D7805B371
:1014600007464C1C013D94F8019004F102082178D4
:10147000384609F07F064246334608EB0604FFF77C
:101480009BFD19F0800F08D018F806000134FF28E2
:1014900008BF4FF4FA7000F0B7FD013DEDB2FF2D2B
:1014A000E1D1BDE8F88300BF38B5036804460D4AB2
:1014B0000D461B6D934211D10B4942F2210390F866
:1014C0007A204167A0F87030FFF7F2FA2DB1294673
:1014D0002046BDE83840FFF7BFBF38BD0021984720
:1014E000F4E700BF3DF101000048E801EFF310828E
:1014F00072B6437F33B9017F012907D0032911D088
:10150000012343770AB962B670477047DFF868C0B5
:10151000DCF80010F9B1164943610B68086083617B
:101520005861EDE700B5DFF854E01249DEF800C07D
:10153000BCF1000F16D043610B68836158614FF016
:10154000E0234FF0805C0860C3F804CD01234377AB
:1015500002B962B600BD064BCCF800001860C0E9C5
:101560000511CDE7C0E905CCCEF80000E7E700BFE4
:101570006CBC002064BC002060BC002068BC002063
:1015800070B5EFF3108272B60C4C206880B10C4E2F
:1015900000254369236073B19D6102B962B6836817
:1015A00045779847EFF3108272B620680028F0D193
:1015B00002B962B670BD3360EFE700BF68BC0020BF
:1015C00064BC0020FFF7DCBF0449054A4968054BAD
:1015D0001960136801331360704700BF001000E00A
:1015E00090C500208CC50020014803F0B7BA00BFA9
:1015F000804F0020F8B50C4671B182B106468F18B5
:1016000000253368304614F8011B1B689847BC421C
:101610000544F6D12846F8BD0D462846F8BD1546C6
:10162000F8E700BF012A70B508BF0A228AB0054654
:101630001E4659B34FF0210C01E05FFA84FC0CF117
:10164000FF34B1FBF2F302FB131EBEF1090F0EF1E2
:10165000370098BF0EF130000DEB0C0E9142194689
:101660008EF80400E9D23EB10CF1FF3C2D225FFA66
:101670008CFC0DEB0C031A712B6801A9CCF1220232
:1016800028465B68614498470AB070BD30234FF02C
:10169000210C8DF82530E6E7002903DB00230A2220
:1016A000FFF7C0BF49422D230A22FFF7BBBF00BF8F
:1016B00000B5036883B040F60D2C022201A95B68D7
:1016C000ADF804C0984703B000BD00BF044B02282A
:1016D00088BF0346D3F800C01846DCF8043018472A
:1016E000704F00200EB400B582B003AA52F8041B5C
:1016F000019206F04FFB02B05DF804EB03B07047B7
:101700001AB90368C9B21B681847FFF78BBF00BF3F
:1017100000000000B4EE400B70B5F1EE10FA86B098
:10172000864680F18280B0EEC07B9FED486BB4EEC0
:10173000467BF1EE10FA6CDC9FED467BB4EEC70BF6
:10174000F1EE10FA5CDC9FED457BB4EEC70BF1EED9
:1017500010FA55D4B5EEC00BF1EE10FA61D40023A7
:10176000B6EE007B002964D04FF0000C9FED3D6B7E
:101770000CF1010C27EE067B6145F9D130EE070B29
:101780000C460A2270467646FCEEC07BB8EE676BCC
:1017900017EE901A30EE460B8DED000BFFF742FF6F
:1017A0000F2C21464FF02E0328BF0F2105468DF840
:1017B00008300DF10903481EB2EE046B02AA53FA79
:1017C00080F09DED000B20EE060BFCEEC07BCDED16
:1017D000007A9DF8003007EE903A3033B8EEE77BA0
:1017E00002F8013F904230EE470BECD133684A1CBF
:1017F000304602A95B68D2B29847284606B070BD51
:10180000DEF80030032219495B6806B0BDE870407D
:1018100018470368032216495B6806B0BDE87040AC
:101820001847B1EE400B01239AE7036803221149E0
:10183000EAE730EE070B0A227046FCEEC07B17EE9B
:10184000901A06B0BDE87040FFF7ECBEFFFFFFFF47
:10185000FFFFEF7F000000E0FFFFEF41000000E02E
:10186000FFFFEFC19A9999999999B93FA032002049
:101870009C3200209832002008B1014B186070475C
:10188000E4BA0020884200DB7047DFF86CC0091A18
:10189000DCF8003003B3164A00B582FB032EDA17DA
:1018A0009E44C2EB2E42DFF854E00EFB1233DFF809
:1018B00050E00EFB02F244F2A71E0EFB0322002AA8
:1018C00013DA6FF00043D318CCF80030B3FBF1F219
:1018D00001FB1233184400BD064BB3FBF1F2CCF808
:1018E000003001FB1233184470471346ECE700BF89
:1018F0005F0B4E8342CE0C1FE4BA00201DF30100A3
:10190000ECF4FFFF0022C0E90022826061B110B553
:1019100082B000900846019106F0B4FE009B044698
:1019200018B9184602B010BD7047013004F00EFB24
:10193000009B0028F5D00022019918600270C3E9CD
:10194000014406F0DFFD009B184602B010BD00BF49
:1019500070B50446002582B00E46C0E90055084621
:10196000A56006F08FFE10B9204602B070BD034698
:101970000130019304F0EAFA0028F5D0019B3146CA
:1019800005702060C4E9013306F0BCFD204602B0BA
:1019900070BD00BF10B50446006804F0DFFA2046B1
:1019A00010BD00BF30B5144683B00346026834B999
:1019B00002B11470002218469A6003B030BD0D4683
:1019C00041688C420DD90090611C104604F0B0FDB6
:1019D000009B024678B19968C3E9000409B9017017
:1019E0001A689C6029461046009306F08BFD009B08
:1019F000184603B030BD186830B1CDE9002304F0BB
:101A0000ADFADDE900231A6000221846C3E901227D
:101A100003B030BD10B5044682B059B108460191FB
:101A200006F030FE019902462046FFF7BBFF204634
:101A300002B010BD8160204602B010BD0346806830
:101A4000F0B50C46196883B08518A14204D9002A64
:101A500034D1184603B0F0BD0844A04227D9002A6B
:101A6000F7D05E68B54219D9671A01260846691C85
:101A7000CDE9003204F05CFD009B84460028E8D0EC
:101A8000019AC3E90005986820B98CF80000D3F8E2
:101A900000C098686044AEB10CEB07042146009387
:101AA00000F062FE009B00211A6851550FE0002AE9
:101AB000CFD05E68B54205D90026D7E75E68B5424B
:101AC000FAD808442146009306F01CFD009B1846F6
:101AD0009D6003B0F0BD00BF10B582B00023044686
:101AE00001228DF8041001A98DF80530FFF7A6FF3B
:101AF000204602B010BD00BF826808B53AB1006848
:101B000059B106F08FFBB0FA80F0400908BD49B129
:101B10000878B0FA80F0400908BD0078B0FA80F08B
:101B2000400908BD012008BD8A6808B58368934252
:101B300009D3006830B1096839B106F047FAB0FA44
:101B400080F0400908BD002008BD084608BD00BF60
:101B500083688B4203D9006808B108447047024B80
:101B6000002218461A70704701C7002070B50D4654
:101B7000896882B00446914202D30B4611461A4648
:101B80000020C4E90100AB6820608B4215D393426A
:101B900028BF13462A68D65CD0542A6851180FD043
:101BA00008460193009106F06DFD0099024620461B
:101BB000FFF7F8FE2A68019BD654204602B070BD9C
:101BC000A160D654F9E700BF2DE9F0410768064649
:101BD000E7B18468D4B1B846454618F8010B05F062
:101BE00043FF0028F8D1013C3C4402E0A54205D85F
:101BF000013C207805F038FF0028F7D1621CAF4285
:101C0000A2EB0502B26004D30023BB543046BDE80A
:101C1000F0813846294600F0A7FD3768B268F3E73F
:101C2000006808B104F052B9704700BF006810B1F5
:101C3000002105F00FBE9FED010A70470000000073
:101C40002A284AD8264B70B51B780646E3B9254B9F
:101C50009B5DFF2B2AD0244A02EB061291680A688A
:101C600002F44050B0F5805F31D01C0620D41F4CE8
:101C70002360236AD80704D402F03AFC236AD90708
:101C8000FAD51A4B586A70BD184C194D01E002F094
:101C90002FFCA36C1B06FAD4AB6C13F08003F6D1B7
:101CA0000F4A13700F4B9B5DFF2BD4D1002070BDEA
:101CB0000F4C03F07F032360236ADA0704D402F099
:101CC00017FC236ADB07FAD5094B586A70BD22F46A
:101CD00080521C060A60EBD4C9E70020704700BFA1
:101CE00003C70020544700205043002000400C4010
:101CF00000800C40A94AAA4B90422DE9F047A94C1C
:101D0000D3F814E09969D4F80CC000F2088103F10B
:101D1000437303F5F4530333A3FB0023DB0D03EB01
:101D2000830303EB830202F2B63240F227639A4246
:101D300028BF1A469C4BA3FB0232D208203A984D8A
:101D40000CF01F04D5F88030944243F0C003C5F86E
:101D500080300BD22CF01F0C924C4CEA020CC4F8D1
:101D60000CC02368002BFCDA0CF01F041EF000737B
:101D700027D18E4D2E698E4DB54300F0FA8081F447
:101D8000805576464FF4805716F0605F06D02EF0EF
:101D9000605E4EEA030E824BC3F814E015F4405F18
:101DA00007D021F440517E4D3943A961AB6C1B072C
:101DB000FCD44EF0007E7A49C1F814E08B6C9F068B
:101DC000FCD47C49884200F2DF80012635460EE0D3
:101DD000082D0CD1042E00F291800136022506FB5D
:101DE00000F38B4200F2C3805B008B4206D80135C2
:101DF00006FB05F300FB03F38B42E9D9771E05F1DF
:101E0000FF384FEA872A8EEA87276B4959186B4BB0
:101E100099427CD9DFF8E4916C2369486349B0FBAF
:101E2000F5F0684DB0FBF6F00E6835404D4508D032
:101E300043F400534FF480550D600B600B68002B8A
:101E4000FCDA57490B6903F00703434504D0C1F896
:101E500010808B6CDE03FCD417F4E05F0BD02EF403
:101E6000E05E0AF4E0534E4943EA0E0EC1F814E076
:101E70008B6C9D07FCD4544D544945198D4239D87B
:101E8000534BED09A3FB05352D0B6B1E1B028EEA90
:101E9000030111F4407F07D02EF4407E03F4407319
:101EA0003F4943EA0E034B613D494B6923F0007300
:101EB0004B618B6C9B06FCD4464BA242A3FB0013E8
:101EC0004FF0FF314FEA9343B0FBF5F5B1FBF3F36D
:101ED0004149086041490D6041490B6008D22CF02E
:101EE0001F0C30494CEA0202CA600B68002BFCDA76
:101EF000BDE8F0874FF440730425C8E7771E2E49EC
:101F00004FF007084FEA872A59188EEA8727294B8E
:101F100099421CD8DFF8E890362332487EE7324BEE
:101F2000984201D80E220AE7304B984228D9304A0D
:101F3000904227D9821A2F4B120AA3FB0232D209F0
:101F400002EB820202EB820202F2E242EDE6A3F130
:101F500082532948DFF8AC90A3F589337E3BA3FB7D
:101F600001310B0D03FB00F043EA090956E7012597
:101F700044E71F468EF0C0560D464FF0C05303E7AE
:101F80000F22DCE61222DAE6012603464FF0000AB1
:101F900077464FF00008354637E700BF001C4E0E6D
:101FA00000C00F40000008401F85EB5100800D402D
:101FB00040300080FFB19F26808D5B00FF7EF64D94
:101FC00000643F4D7F3001807FD1F0087F17B42C33
:101FD0009F10E50083DE1B437C4E0020784E0020DE
:101FE00008C5002000B29F26FF0A6B1B00A4781FC3
:101FF0000046C32323B24C00001BB7006C200080B6
:10200000362000800020008000B970472DE9F84F8D
:1020100001218146224C234E234D54E8003F326873
:10202000286844E80013002BF7D120494B684FF48F
:102030007A7BDFF87CA01B1A01270BFB02F8DAF889
:102040000020A2FB03235B4594BF9844D84454E886
:10205000003F3268286844E80073002BF7D14B68D2
:10206000DAF800C01B1A0BFB02F2ACFB03C3B3F59A
:102070007A7F94BFD21802F57A72A2EB0802B2F509
:102080007A7F08D3B9F1010F08F57A7809F1FF39A1
:10209000DDD1BDE8F88F02F02BFA0449D7E700BF85
:1020A00094C5002090C500208CC50020001000E0E1
:1020B00008C5002010B50F4B4FF0010C0E4CDFF897
:1020C00044E053E8002F2068DEF8001043E800C227
:1020D000002AF6D1094B5B68094A5B1A4FF47A7102
:1020E000126801FB00F0A2FB03238B4294BFC018CF
:1020F000401810BD94C5002090C50020001000E0DD
:1021000008C500208CC50020362812D802010C4BCF
:1021100003EB00109B58C268D3F804C01CEA020FFE
:1021200003D039B1C3F884207047836829B9054AC0
:102130001A607047C3F888207047034A1A607047D6
:10214000504300203830010038F0010036280BD809
:10215000064B020103EB00109A58C36892681A42BA
:1021600014BF01200020704700207047504300201A
:10217000362831D802011B4B012903EB00109B5874
:1021800000B55A68D0E902EC12D0042910D022EA36
:102190000C025A60C9B102291FD003294FF0150261
:1021A0000CBF114B114BCEF8003043681A6000BDD4
:1021B00042EA0C0201295A6007D040F63803CEF8F3
:1021C0000030436815221A6000BD38231522CEF86E
:1021D000003043681A6000BD7047054BCEF80030F0
:1021E000EFE700BF50430020383001003800010005
:1021F00038F0010010B4134A0020134B0121134C96
:10220000DFF84CC0C2F8F032C2F8F402C2F8B810DD
:10221000C2F8A000C2F8A440C2F8B0105369DB07AE
:10222000FCD551619CF80030DB07EFD413680549F9
:1022300043F0010313600B68DB07FCD462B610BCEB
:10224000704700BF00802A400504012401000F00F0
:1022500000812A4010B5DFF840E04FF6FF7C0C48C3
:102260000EF17E04A0F58053002203E0834202F1C8
:10227000010203D2198802336145F7D12EF8022FEB
:10228000A64500F58050EDD1024B01221A7010BD19
:1022900000107C6009C700200AC5002041F2BB0382
:1022A000984238D81D4B10B51B7882B05BB38208BA
:1022B0001B4BDFF874C0A3FB0213D11A03EB5103CD
:1022C00018495B09C3EB831E1C46A2EB0E033CF8C6
:1022D00013C059184FEA4C0C0A030CEB013CBCEB41
:1022E000013F15D900F0030EFF204EEA840E13467D
:1022F00002321B88D9B21B0A8E4508BF1846944586
:10230000F5D802B010BD0190FFF7A4FF0198CEE709
:10231000FF2002B010BDFF20704700BF09C700209A
:1023200005411004C00706000CC5002030B583B07D
:1023300072B6334B40F20645324C9C610224DC619C
:102340000024C3F8A040C3F8F0528518C3F8F44243
:10235000C3F8F842C3F8FC424FF47024C3F8A44019
:102360000124C3F8B04020F01F03BFF34F8F4FF09C
:10237000E024C4F85C3F20339D42FAD8BFF34F8F6E
:10238000BFF36F8F1E4D6B69DC07FCD50123DFF8AF
:102390007CC094B220F07F406B6144F47024C5F897
:1023A000F0C242F2012CC5F8F4C2C5F8BC30C5F841
:1023B000A000C5F8A440124CC5F8B03001E05B069F
:1023C0000AD4636913F00105F9D04123636103B0B6
:1023D000BDE83040FFF70EBF082A0DD842B10A48C9
:1023E000CDE9001200F0C0F9DDE9001211442A46DF
:1023F000034B40205861E4E7A2F108050822EEE70C
:1024000000802A40F05AF05A80812A40320418088D
:1024100000B5864672B6294B0221294800229861F0
:102420004FF47020D96140F20641C3F8F012012147
:10243000C3F8F422C3F8F822C3F8FC22C3F8A020A2
:10244000204AC3F8A4000EEA0202C3F8B010BFF39A
:102450004F8F02F1200302F580514FF0E02C8B42A8
:102460002CBF0121802102EB41118B42CCF85C2F63
:102470001A4603F12003F8D1BFF34F8FBFF36F8FDC
:102480000E4A5369D907FCD501200F490F4B4FF471
:10249000702C50610EEA0303C2F8F0120749C2F82B
:1024A000A030C2F8A4C0C2F8B0004B69DB07FCD56D
:1024B00001235DF804EB4B61FFF79CBE00802A40CE
:1024C000F05AF05A00F0FFFF2004180800F0FF0057
:1024D00041F2BB03984200F28E80484B2DE9F04751
:1024E0001B78C2B00E460546002B00F08180AB0879
:1024F000434F05F00305A7FB0327DA1B07EB520741
:10250000404A7F0945EA8705C7EB8717DF1B3E4B2B
:1025100032F81740FB1860004FEA033800EB033035
:10252000B0EB033F68D94246FF21134602321B88B5
:102530005FFA83FC1B0AAC4508BF19468242F4D3FC
:102540008E4244D0B4F5006F44D302AC4FF4807295
:10255000FF21204605F0F6FC08F1020208F5805341
:102560002A48934294BF01234FF40063424603EB91
:10257000C72318184000134602321B888242D9B282
:102580004FEA13236354F6D10DF1070966550DF296
:10259000071A00254C464046FFF73AFF14F801CFD2
:1025A00002220DF1060108EB4500631EBCF1FF0F8E
:1025B000A3EB090306D043EA0C230135ADF806303E
:1025C000FFF7B4FE5445E9D10E4B23F8175042B043
:1025D000BDE8F08702A945EA0625022201340D80F4
:1025E000FFF7A4FE074B23F8174042B0BDE8F08781
:1025F000FFF730FE7BE77047FF21A1E709C7002006
:10260000054110040CC50020C007060000003E3044
:1026100062B170B505460C468E182046013415F897
:10262000011BFFF755FFA642F7D170BD704700BFF1
:10263000704700BF36285CD8DFF808C1000170B5CC
:102640005CF80030DFF800E173455BD052D8B3F19D
:10265000844F55D0AEF5804E734549D1344E604419
:10266000344CDFF8E8C0C4F8B4C2D0E9015CC068FB
:102670004FF0E02E4FF00054042ACEF8104137D826
:10268000D3F814E02EEA000EC3F814E04FF0050E64
:10269000C5F800E0DCF800E04EF4803ECCF800E045
:1026A000D3F804C02CEA000CC3F804C0DFF8A0C0C3
:1026B0005CF822C090FAA0F2B2FA82F246F8221038
:1026C00022D0D9690F2A21EA0001D96120DC520009
:1026D0004FF0030ED9680CFA02FC0EFA02F221EA5E
:1026E000020242EA0C02DA6098615A6902435A61B6
:1026F00070BD7047DFF85CE07345F9D10E4EAEE770
:102700000E4EACE70E4EAAE7DA690243DA61EBE758
:10271000103A4FF0030E196952000CFA02FC0EFA3F
:1027200002F221EA020242EA0C021A61DCE700BF6F
:10273000F053002000580020F05400207053002077
:10274000705400205043002000800042210000000F
:102750001C0A002000C0004208B5F4F71BFEF5F784
:102760008DF901F0C5FEFAE7844641EA000313F053
:1027700003036DD1403A41D351F8043B40F8043B88
:1027800051F8043B40F8043B51F8043B40F8043B4B
:1027900051F8043B40F8043B51F8043B40F8043B3B
:1027A00051F8043B40F8043B51F8043B40F8043B2B
:1027B00051F8043B40F8043B51F8043B40F8043B1B
:1027C00051F8043B40F8043B51F8043B40F8043B0B
:1027D00051F8043B40F8043B51F8043B40F8043BFB
:1027E00051F8043B40F8043B51F8043B40F8043BEB
:1027F00051F8043B40F8043B403ABDD2303211D38B
:1028000051F8043B40F8043B51F8043B40F8043BCA
:1028100051F8043B40F8043B51F8043B40F8043BBA
:10282000103AEDD20C3205D351F8043B40F8043B8A
:10283000043AF9D2043208D0D2071CBF11F8013B88
:1028400000F8013B01D30B8803806046704700BF4E
:10285000082A13D38B078DD010F003038AD0C3F15D
:102860000403D21ADB071CBF11F8013B00F8013B3F
:1028700080D331F8023B20F8023B7BE7043AD9D3FE
:10288000013A11F8013B00F8013BF9D20B780370D3
:102890004B7843708B7883706046704701F1FF3C42
:1028A00070B566464FF0000E01E00EF1010EB0FB70
:1028B000F2F402FB1403092B03F1370598BF03F16F
:1028C00030059042204606F8015FEED201EB0E0380
:1028D00000225A70BEF1000F11D0481C70440CF158
:1028E00002021CF8014F10F8015DA1EB0C03521A13
:1028F0008CF80050013B047073449A42EFDB0846A9
:1029000070BD00BF72B6EFF30583524CC4F884303B
:102910001EF0040F0CBFEFF30882EFF309824FF0B3
:10292000E0234D4DD3F8280DD3F82C1DC4E9220126
:10293000D3F8341DD3F8383DC4E924139369A8347F
:1029400044F8103CD36944F80C3C00F0CFF804ED97
:10295000020A02F057FA0B2344F8040C4FF0FF323E
:102960003E4844F8283C2B68202104355A4042F365
:102970000003013903EA000383EA5202F7D1A542BA
:10298000F1D1344BC3F8A820BFF34F8F4FF0E023B1
:102990003149334AC3F8701FC3F8702FBFF34F8F0C
:1029A000BFF36F8F2F4A02242F48D36E2F4943F471
:1029B0004053D3660460D3692D4823F07F0343F06E
:1029C0004003D3610B68834240D8274D00204FF06D
:1029D000E0234FF0FF3228600121C5F808012548A7
:1029E0000C460E46C5F80001C5F80811C3F8802151
:1029F000C3F88421C3F88821C3F88C21C3F890213F
:102A000001E000F0CFF9D5F80C31002BF9D04F2CB4
:102A1000C5F80C6104F10104F3D9174B02201749E2
:102A20004FF00042C1F840015A63D5F80C313BB970
:102A3000134814490C4A0163D2F80C31002BFAD028
:102A40004FF0E023104AC3F80C2DFEE7FFF752F9D0
:102A5000BBE700BF00FF272080FF27202083B8EDC1
:102A6000A0FF272000C00F40004008407C4E0020FF
:102A7000803DCD0B009F240000900D4000002E40B3
:102A800000800F40F100AD0B0400FA05094A08B5BB
:102A90000346106823B1034407498B4201D81360F1
:102AA00008BD05F071FB0C2203464FF0FF301A60A1
:102AB00008BD00BFD450002000002820002070472F
:102AC0004FF0FF30704700BF4FF4005300204B60C1
:102AD000704700BF012070474FF0FF30704700BFC4
:102AE00030BFFDE730BFFDE7FFF70CBF124AD2F859
:102AF00080305B07FBD5D2F880301048C3F30B233E
:102B00000F4990ED007A07EE903A91ED006AB8EE29
:102B1000477A0C4AF8EEE77A0B4BD2ED006A77EE73
:102B2000C77A93ED007AB8EE477A67EE867A87EE39
:102B3000A60A37EE400A704700810D40F8C4002015
:102B400000C5002004C50020FCC4002000B521BB46
:102B5000DFF8ACC0264B002A4FF0010048F280019C
:102B600008BF8021CCF8483018600020596012045A
:102B7000CCF84C004FF0011C1E499860C1F8BCC154
:102B8000D1F8B0311C4843F48033C1F8B031026051
:102B9000D1F8B031002BFBD100BD0904174B4FF029
:102BA000010C4FF0000E41F080019860C3F800C0A6
:102BB000596000F58051DFF848C0D96000F5005138
:102BC000CCF80CE0196100F5405100F58040CCF8DC
:102BD0000830596107499861D1F8B03143F00103D9
:102BE000C1F8B031D1F8B031002BFBD1B2E700BF52
:102BF0002064002000002E4028C2002040640020F5
:102C000000000020836B70B586460E4610461BB14F
:102C1000536843F40043536072B6DEF8342042B385
:102C20001B4B1060D3F8B02132421ED1194C65689D
:102C300005E06268A2EB050CBCF5166F0BD2D3F869
:102C4000402142F48042C3F84021D3F8B811D3F8B0
:102C500040215204EDD5314007D10D4ACEE90201A1
:102C6000D2F8B0313343C2F8B031CEF8340062B696
:102C700070BD0749CEE90202D1F8B0313343C1F843
:102C8000B031CEF83000CEF8340062B670BD00BF6F
:102C900000002E40001000E070B5056B95B12B468A
:102CA000002403E01B680134012B0CD05A68120683
:102CB000F8D5036306462CB12846B36B2D689847B8
:102CC000013CF9D170BD00220023C0E90C23F1E7DB
:102CD00000B501BBDFF8A0C0234B0021234A4FF011
:102CE000010E4FF001109960C3F800E0CCE9023109
:102CF0004FF0800CC3F804C0C2F8BC01D2F8B03168
:102D00001B4843EA0E03C2F8B0310160D2F8B0317B
:102D1000002BFBD100BD0904164BDFF85CC04FF05F
:102D2000010E41F080019860104A596000F5805111
:102D3000C3F800E0D96000F50051CCF848301961C3
:102D400000F5405100F58040596100219861CCF8B0
:102D50004C10D2F8B03143F48033C2F8B031D2F81D
:102D6000B031002BFBD1B7E72064002000002E40DB
:102D700028C20020406400200000002007490122F2
:102D80000B78824023EA02030B7033B9044AD2F86D
:102D9000483123F08003C2F8483170470EC7002045
:102DA00000002E402DE9F047AC4C82B0D4F84461CD
:102DB000F507C4F8446150D5D4F8AC31002B47D0A6
:102DC000A74D4FF00117DFF8C082DFF8C092C4F8BA
:102DD000AC31D5E90A02D4F8403143F40053C4F8C9
:102DE0004031D4F840319904F5D5D4F8403123F47A
:102DF0000053C4F84031C4F8B471D4F8B43113F0BE
:102E00000113FAD11FFA80FCC8F80030BCF5086F36
:102E100000F0558100F29A8040F202318C4500F0BA
:102E2000AA8100F2AA80BCF1820F00F0FA81BCF501
:102E3000817F00F0CB81BCF1800F40F09B808948FE
:102E400002210380FFF744FFD4F8AC31002BBED140
:102E5000824BD3F8BC41002C42D1700616D57F4B73
:102E6000D3F8AC21C3F8AC21D3F8BC21C3F8BC2102
:102E7000D3F8B041002CFBD14FF0FF32C3F8B4219E
:102E8000D3F8843101F03CF9774B1C60F40103D591
:102E9000764B1B6803B19847B00103D5744B1B6890
:102EA00003B19847710708D56C4BD3F8843113F4FC
:102EB000007348D06F4B01221A70684BD3F8483129
:102EC0001A060AD5330608D56B4A13782BB1013B95
:102ED000DBB21370002B00F03A8202B0BDE8F0873D
:102EE000DFF8A481C3F8BC41D8F80020144240F0B8
:102EF000AE815D4B1B681C40AFD01FFA84F8584D63
:102F0000240C11D04FF0010994FAA4F7B7FA87F70F
:102F100005EBC71009FA07F74030FFF7BDFEBC43C9
:102F2000F2D1B8F1000F98D0012798FAA8F4B4FABA
:102F300084F405EBC41007FA04F4FFF7ADFE38EA99
:102F40000408F2D189E74B4A1370B6E742F2210137
:102F50008C4500F09D805FD8BCF5106F00F0B78005
:102F600040F621139C4505D1B2F5102F4FEA1241CE
:102F7000C0F0A381C4F8C07166E7BCF5A06F00F093
:102F8000DC80ACF5D06CBCF1010FF3D83B4B596839
:102F90000029EFD0000C1FFA82FE03E019690C3300
:102FA0000029E7D0B3F800C08445F7D1B3F802C0D8
:102FB000F445F3D14FEA102C120CBCF1030F00F0D2
:102FC00087811B899A4228BF1A46B0F5007F40F0DE
:102FD000A781284B1B78002B40F0B5812849294850
:102FE0000192FFF7C1FBDFF89CA0019A2AF01F03B2
:102FF0000AEB0201BFF34F8F4FF0E020C0F8703FA3
:1030000020339942FAD8BFF34F8FBFF36F8F1D481B
:103010001146FFF75DFE17E742F221239C4543D09E
:1030200042F221339C45A5D10023C5F84890EB64BA
:10303000C9F808300123C9F800308023C9F80430EA
:10304000C4F8BC71D4F8B03143F48033C4F8B03163
:10305000D4F8B031002BFBD1F6E600BF00002E40C3
:1030600000000020C0C400202CC20020B8C60020F0
:10307000BCC600201AC700201CC7002080470020C3
:10308000982000600000202028C20020206400203A
:10309000110C07297FF46EAFAF4BC3E90002012288
:1030A000AE48FFF753FDCFE692B2002ABCD1AC4B3D
:1030B000000C1A68AB4B1A60AB4B1870B4E7AB4B03
:1030C0000121AB481B780370FFF702FEBCE6000C41
:1030D000A649A84A08704FF0C8110193C4F8C82146
:1030E000C4F8CC11C4F8D021C4F8D421C4F8D82134
:1030F000C4F8DC2101F006F800F082FB00F0CCFD02
:1031000000F042FA9C4A0121019BAA6411608021CF
:10311000936051604FF00112EB64C4F8BC21D4F805
:10312000B02142F48032C4F8B021944AC8F800308B
:10313000D2F8B031002BFBD186E68F4AEB64936066
:103140000123AA641360802353604FF001138B4A5C
:10315000C4F8BC31D4F8B03143F48033C4F8B03192
:10316000D2F8B031002BFBD1030C5B0643F0807327
:10317000C2F8543168E612F0780F7FF4FBAE02F02B
:103180007F017F4B12F0800F53F8212014BF42F4CF
:10319000803242F0010243F821200021764BE9649D
:1031A00099600121AB6419608021744A59604FF025
:1031B0000113C2F8BC31D2F8B03143F48033C2F805
:1031C000B031D2F8B031002BFBD13DE612F0780FD0
:1031D0007FF4D0AE02F07F01694B12F0800F53F8FC
:1031E000212014BF22F4803222F0010243F8212072
:1031F0000021614BE96499600121AB641960802171
:103200005E4A59604FF00113C2F8BC31D2F8B031B8
:1032100043F48033C2F8B031D2F8B031002BFBD187
:1032200012E612F078037FF4A5AE554902F07F0054
:1032300051F820004E490B8013063BD5C20301D53F
:1032400001230B7002214A48FFF742FDFCE50022F2
:10325000414942F22100C8F80020D1E9002591B28D
:1032600081423AD0474B9A427FF443AE464B9D424F
:103270007FF43FAE394A0021444B1278444D1A7016
:1032800001233D4A13608023916053603B4BC5E9A5
:1032900002214FF00112C3F8BC21D3F8B02142F053
:1032A0000102C3F8B021C8F80010D3F8B021002AF9
:1032B000FBD11EE6C307C5D5C2E7274BC3E9000211
:1032C000264AE923104613700122FFF73FFCBBE5B5
:1032D0000B789A4228BF1A4681E6A9B20029C1D1CB
:1032E0001E492C4F03C9B98086284FEA1141386026
:1032F000B971B7D172B62848017841F04001017028
:10330000D3F848110F0606D441F080018020C3F89D
:103310004401C3F8481162B6204B50211970A1E74F
:10332000B0F5E06F7FF45BAE1D4B1B786BB91D49A8
:10333000DFF878A001925046FFF716FA07238AF8C3
:103340000130019A52E6174949E61749F0E706208D
:10335000FFF714FD0BF092FC28A4002020C20020EF
:1033600090C50020A8C6002018C7002019C700205B
:10337000C0C400200200CC002064002000002E40C9
:10338000C0012E4021090002020001000AC70020EE
:1033900000000020A0C600200EC700201CC700208F
:1033A0001AC70020482100609820006000002020FB
:1033B0002DE9F043441E83B0062C02D903B0BDE8CA
:1033C000F083124D90460F46C60105EBC0143C2217
:1033D00000210190201D994604F0B4FDB8FA88F24E
:1033E0003904520941EA42710122A951C4F83890C6
:1033F000A260B9F1000FE1D00549019B9A400B682A
:103400001A430A6003B0BDE8F08300BF000000204B
:103410002CC200202DE9F04300F1FF3E83B0BEF145
:10342000060F02D903B0BDE8F0839146C201124FE6
:10343000884602F1400605463C220021F41901931A
:10344000201D04F07FFDB9FA89FC4FEA0842019B78
:103450004FEA5C1C42EA4C72BA510122A363A2609B
:10346000002BDFD0054905F110000B6882401A439C
:103470000A6003B0BDE8F083000000202CC20020E9
:1034800012044FF0010C816042F08002C0F800C0CD
:10349000C36101F5805C01F54053426001F50052C3
:1034A00001F58041C0F80CC08161C0E90423704778
:1034B000431E062B00D9704700F1100C064B0A463C
:1034C00003EBC01000B54FF0010E0EFA0CF15DF8E1
:1034D00004EBFFF797BB00BF40000020431E062B04
:1034E00000D970474FF0010C034B0A460CFA00F16B
:1034F00003EBC010FFF786BB000000204068704758
:10350000144B0A22DFF850C0D3F8200220F07F408D
:1035100000EB800300B55B0085B0604538BF1846FE
:103520006946FFF7BBF9DFF834C06B4600226046FE
:1035300019780132013341B10A2A20F8021FF7D16C
:1035400016228CF8002005B000BD52008CF8002037
:1035500005B000BD00441F408096980084560020AE
:1035600000F0EEBE00F0BCBE00F022BF00F0DABEFC
:1035700000F070BF00F04ABF0846114600F03CBFA3
:10358000084600F025BF00BF80220021064810B584
:1035900004F0D8FC002305480C211A4603700720CC
:1035A000BDE81040FFF736BF6065002013C700205C
:1035B0002DE9F047304E3378002B58D0DFF8DCA0EF
:1035C0002E4C2F4D9AF80090D5F8008004EB49144A
:1035D0002C4F0CE03B78002B49D12B68A3EB080360
:1035E0001E2B42D83378002B41D000F081FF2046BB
:1035F000FFF784FF10F08000ECD12349234B387093
:1036000048681B681B0CC3EB0312214B22F00042DD
:10361000A3FB0232120A4B681B1A9A42FBD81D4DBB
:1036200000231D4A05EB491507CA85E807000C224F
:1036300029462046FFF724FFBFF34F8F4FF0E023CA
:10364000C3F8705FBFF34F8FBFF36F8F0720214622
:10365000FFF72EFF09F101090020B9F1030F88BF20
:1036600081468AF80090BDE8F08701233B704FF057
:10367000FF30BDE8F08700BF19C70020606500205B
:1036800090C500200FC70020001000E07C4E0020F5
:1036900011239708C0002020ACC6002013C70020CB
:1036A0002DE9F04F334E83B03378002B5CD0DFF838
:1036B000E4A08346304C9AF80090304D04EB491456
:1036C0002F4FD5F8008001910CE03B78002B4BD1B7
:1036D0002B68A3EB0803322B44D83378002B43D05C
:1036E00000F006FF2046FFF709FF10F08000ECD144
:1036F0002449254B387048681B68244D1B0CC3EBCC
:10370000031222F00042A5FB0252120A4B681B1A58
:103710009A42FBD81E4D019B05EB49151868596864
:103720002A46002303C2082229462046FFF7A8FEA6
:10373000BFF34F8F4FF0E023C3F8705FBFF34F8F9D
:10374000BFF36F8F58462146FFF7B2FE09F101091A
:103750000020B9F10B0F88BF81468AF8009003B0B2
:10376000BDE8F08F01233B704FF0FF3003B0BDE8A0
:10377000F08F00BF19C70020E065002090C5002031
:1037800010C70020001000E07C4E00201123970895
:103790004001202014C7002017494FF0000C0A8870
:1037A0004B8862F3070CC2F3012200B542EA8302A0
:1037B000B1F804E0C3F38313C988CEF3051062F3B4
:1037C0000F2C43EA0E1383B040EA81108A0863F39A
:1037D000174C0A4B694660F31F6C8DF804201A8859
:1037E00005209B78CDF800C0ADF805208DF8073096
:1037F000FFF756FF03B000BD68A4002070A40020AE
:1038000010B54FF4C0720021094804F09BFB00235F
:10381000084808211A4603700420FFF7FBFD002327
:10382000082105201A46BDE81040FFF7F3BD00BF90
:10383000E065002014C700200C4B00220C4800B5A6
:1038400083B090F800C018888DF8012069465A8826
:103850009B88ADF8020004208DF800C0ADF804206C
:10386000ADF80630FFF71CFF03B000BD60A40020D8
:103870000BC7002000B551B1144A137831EA030C8C
:1038800005D00B431370C8B14FF0010E02E0C8B170
:103890004FF0000E0E4A02F1060C13461978013360
:1038A000814208D09C45F9D100231178013251B1F1
:1038B0000133062BF9D1BEF1000F03D05DF804EB04
:1038C000FFF7BABF00BD024AD054F7E70BC700208C
:1038D00060A4002008B51B4B00201B4903F1060C17
:1038E0000A780870197803F8010B634542EA01026F
:1038F000F8D102BB154B002203F1080E10461988BF
:103900004FF0000C23F8020B002918BF42F001020F
:103910007345F4D10E4B93F800E05978188041EAD2
:103920000E01987883F802C0084318BF42F00102E4
:10393000D2B21AB908BDFFF77FFFDBE7BDE8084048
:10394000FFF72ABF60A400200BC7002068A4002056
:1039500070A40020B0F5424F00B519D3030ADF2B45
:1039600015D9F02B5ED0E02B4ED0E22B70D01C335B
:10397000DBB2032B0BD8C0F3090040B10022444B4B
:1039800019880233814277D00132042AF8D100BD70
:103990001F2819D80A2842D00B28F8D100222B2042
:1039A0003C4B4FF0000E03F1060C13F8011B814253
:1039B00002D1012203F801EC9C45F6D1002AE6D0A1
:1039C0005DF804EBFFF738BF7F28E0D8324B0344A3
:1039D00013F8203C002BDAD003F03F0013F0400333
:1039E00003D10028D3D01A46DAE72C490B7813F01C
:1039F000020206D023F002030B700028E0D001225F
:103A0000CEE70028CCD100BD10F0FF02BFD0234983
:103A10000B781A42BBD023EA00030B70D0E70022D8
:103A20002820BDE710F0FF00B1D01A4B4FF0000C7A
:103A3000991DE64613F8012B904203D14FF0010C7B
:103A400003F801EC9942F5D1BCF1000FB8D19EE723
:103A500010F0FF009BD0124B1A78824214D05A7893
:103A6000824213D09A78824291D102220021995445
:103A70005DF804EBFFF790BE002305495DF804EB09
:103A800021F81230FFF788BE0022EFE70122EDE7B0
:103A900068A4002060A40020E84600200BC7002096
:103AA00070A40020B0F5424F24D3030ADF2B27D99E
:103AB000F02B48D0E02B37D0E22B48D01C33DBB2C0
:103AC000032B1DD8C0F30900D0B1314A00B502F173
:103AD000080C9646134619880233814209D09C454A
:103AE000F9D1002311880232002947D00133042B79
:103AF000F8D100BD1F2804D80A2821D00B2810D0E7
:103B000070477F28FCD8234B034413F8200C00286F
:103B1000F6D0C0F3801100F03F004900C9B2FFF7B2
:103B2000A9BE2B200021FAE710F0FF00E8D01A4BC5
:103B30001A7830EA0201E3D010431870FFF77CBE18
:103B400028200021EBE70021C0B2FFF793BE10F060
:103B5000FF00D5D0114B19788842D1D05A789042C5
:103B6000CED093F802C06045CAD079B162B1BCF141
:103B7000000FC5D102229854FFF70EBE2EF8130095
:103B80005DF804EBFFF708BE0122F4E70A46F2E70E
:103B900068A40020E84600200BC7002070A4002085
:103BA0002DE9F04F334E83B03378002B5DD0DFF832
:103BB000E4A08346304C9AF80090304D04EB491451
:103BC0002F4FD5F8008001910CE03B78002B4CD1B1
:103BD0002B68A3EB08031E2B45D83378002B44D069
:103BE00000F086FC2046FFF789FC10F08000ECD145
:103BF0002449254B387048681B68244D1B0CC3EBC7
:103C0000031222F00042A5FB0252120A4B681B1A53
:103C10009A42FBD81E4D5946019E05EB4915324686
:103C20002846FEF7A1FD3246002329462046FFF72D
:103C300027FCBFF34F8F4FF0E023C3F8705FBFF353
:103C40004F8FBFF36F8F06202146FFF731FC09F13C
:103C500001090020B9F1030F88BF81468AF800905E
:103C600003B0BDE8F08F01233B704FF0FF3003B08D
:103C7000BDE8F08F19C700206067002090C50020C4
:103C800011C70020001000E07C4E0020112397088F
:103C9000C002202015C7002080220021064810B550
:103CA00004F050F90023054808211A460370062045
:103CB000BDE81040FFF7AEBB6067002015C70020CD
:103CC000B0F1000C4FF0000010B518BF4FF0010C20
:103CD00082B0DFF854E0ADF80200ADF804004CF01B
:103CE00004009DF81040002918BF844668464CF037
:103CF0000201002A18BF8C4601214CF008028DF801
:103D000000100621D2B2002B18BF94464CF01003CD
:103D1000DBB2002C18BF9C468EF800C08DF801C0A5
:103D2000FFF73EFF02B010BD1BC7002000B54FF0EB
:103D3000010C83B08DF800C0DFF844C09CF800C0CF
:103D40008DF801C06FF07E0C6045B8BF60466145DC
:103D5000B8BF614662458DF802006846B8BF62464A
:103D600063458E464FF00601B8BF63468DF80420C8
:103D70008DF803E08DF80530FFF712FF03B000BDAA
:103D80001BC7002070B5164D4FF0E02415494FF4C5
:103D90000032154E05EB401582B001EB4021C4F80E
:103DA0008C210346328828460191FFF769FB01996F
:103DB00033880B44BFF34F8FC4F85C1F20318B4214
:103DC000FAD8BFF34F8FBFF36F8F03202946FFF759
:103DD00085FB4FF40033C4F80C3102B070BD00BF56
:103DE0006064002040032020D2C60020264B1A88A1
:103DF0004368C3F30E43D21A002AF0B5C46983B0F6
:103E000028DD2248224D01782D78CBB2DFF894C00E
:103E1000A942204D09D01CF803100F4635F81110A7
:103E20000E46C1F500718A421AD90133002125F8E6
:103E30001420082B184D88BF0B4625F8141098BF86
:103E400019460CF80340154B017019680A441A60B2
:103E500003B0F0BD204603B0BDE8F040FFF792BFCD
:103E60000F4906EB47200192084401EB4421FEF77D
:103E70007BFC019A09492046B31825F817300B68D6
:103E800013440B60E7E700BFD2C600200CC7002038
:103E90000DC70020CCC40020DCC40020C8C4002012
:103EA00040032020ECC40020224B1A78002A3FD186
:103EB00002F0FF03204A1278002A39D01F4A1288E4
:103EC000002A35D01E49C2F5006210B5087884B0CA
:103ED0001C4901EB40141C4901EBC0212046CDE9EF
:103EE00002230191FFF7CCFADDE901120A44BFF386
:103EF0004F8F4FF0E020039BC0F8701F20318A42A3
:103F0000FAD80193BFF34F8FBFF36F8F0320214681
:103F1000FFF7CEFA0A480021084B027819800132D7
:103F2000019BD2B2032A98BF1346037004B010BDA0
:103F3000704700BF17C7002019C70020D4C6002053
:103F400016C70020E0670020401320202DE9F04F25
:103F500087B00490002900F0BF8000235F4C604FC1
:103F60004FF00109DFF890A15E4E029303915E4B82
:103F70005E4A1D783B8802EB451284F8009001925E
:103F8000002B40F0A58098461D469B460198FFF700
:103F9000B5FA10F0800000F08B80BFF34F8F9AF8D5
:103FA000003084F800B00DB9D6F80080002B7BD12A
:103FB0003368A3EB0803782B00F283804C4B1B780B
:103FC000002B71D000F094FA3B88012584F8009012
:103FD000002BDBD044491A46C3F500600D780399E5
:103FE00000EBC520DFF814B19142584417D2059375
:103FF000DDE903210192FEF7B7FB019A4FF0404142
:10400000059B9B1A3B803B4BC3F88410BFF34F8F3B
:10401000029800231044237007B0BDE8F08F049984
:10402000FEF7A2FB00230BEBC5214FF400620198C1
:10403000FFF726FA0BEBC521BFF34F8F01F12002EA
:1040400001F50063934294BF012340234FF0E02227
:1040500001EB4313C2F8701F20318B42FAD1BFF33A
:104060004F8FBFF36F8F03200199FFF721FA1E4A8C
:1040700013780133DBB2042B28BF002313703B8875
:10408000039AD11A029A1A4403910292049A1A448A
:1040900000230492174A3B80C2F88430BFF34F8F4D
:1040A000237000297FF463AF029807B0BDE8F08F5A
:1040B0004FF400620C4B8AF800001D7813463A80DA
:1040C0008DE7012302988AF8003007B0BDE8F08F31
:1040D0001A46C3F5006082E70846E6E717C70020E6
:1040E000D4C6002090C5002016C70020E06700203D
:1040F00019C7002000002E4012C7002040132020C6
:10410000704700BF2D4B002180222D4870B51B78D1
:1041100000242C4E8B420CBF40234FF400732A4DD9
:1041200033802B8003F00EFF284A2146284B147061
:104130004FF4807227481C8003F004FF264A1021A8
:10414000264B0220C2E90044C2E90244244AC3E9E2
:1041500000441470234AC3E90244234B1C702346D5
:1041600014602246FFF756F9204B2246318803207F
:10417000FFF71EF92346012229880320FFF74AF999
:1041800020460134FFF7FEFD082CF9D1184B002121
:104190004A221848184C0460C3F88410C3F88020E1
:1041A000D3F84821154942F08072C3F8482121B163
:1041B000134A137843F00103137070BD1AC700202F
:1041C000E0670020D2C60020D6C6002016C7002017
:1041D000D4C6002060640020CCC40020DCC40020D1
:1041E0000CC70020C8C400200DC70020E91B020036
:1041F00000002E40B8C60020A51C020000000000F0
:104200001DC700202DE9F84F4FF400324FF0E02396
:10421000C3F88C212B4B1C78002950D082468B464A
:10422000E4B20027DFF8B490274B5046274AABEBA7
:1042300007081B78A34204F1010437D0092C244B52
:10424000244928BF00241E5D39F8163031F8165075
:1042500003EB4621ED1A1144A8452A4617D21E4CFD
:1042600042465046FEF780FA236839F81610584641
:10427000A3EB0B0388443B4429F8168023604FF0DE
:10428000E0234FF40032C3F80C21BDE8F88FFEF7AD
:104290006BFA114A2F4430461368AA445B1B136023
:1042A000084A1470FFF76EFDBB45BDD84FF0E02300
:1042B0004FF400323846C3F80C21BDE8F88F0846A9
:1042C000DDE700BF0DC700200CC700204003202001
:1042D000ECC40020CCC40020C8C40020DCC40020F2
:1042E0000B4B0C4A12781978D3B28A420DD00133A5
:1042F00009480A4A092B0A4928BF0023C35C31F840
:10430000131002EB4323585C70474FF0FF307047A7
:104310000CC700200DC70020ECC400204003202063
:10432000DCC40020054B186800B1704700B583B0AD
:10433000019000F0DDF8019803B000BDC8C4002072
:104340002DE9F84F144E154D33782A78934220D03A
:10435000DCB2DFF85090DFF850B0DFF85080104F3B
:104360000134082CA24601D90024A24619F8040001
:10437000DBF8003038F8102037F81010521A9B1A6A
:10438000CBF80030FFF7FEFC86F800A02B78A342A4
:10439000E6D1BDE8F88F00BF0DC700200CC7002094
:1043A000DCC40020ECC40020C8C40020CCC4002021
:1043B00000B583B001210DF10700FFF723FF18B10D
:1043C0009DF8070003B000BD4FF0FF30FAE700BFD3
:1043D000084B00B583B01B788DF8070033B101217D
:1043E0000DF10700FFF7B2FD03B000BD03F0FF00C1
:1043F00003B000BD19C70020034B1B780BB1FFF7BA
:10440000A5BD03F0FF00704719C700202DE9F0415A
:1044100000240D4E01230D4DA0460D4F33703B7807
:104420002846A34205D0FFF769F8030658BF08F5F0
:10443000006801342035042CF1D1BFF34F8F0023E5
:1044400040463370BDE8F08117C70020E0670020C8
:1044500016C70020204B1B7813B1204B1A8802B9D5
:1044600070471F4BC2F500621E481F4930B51B78CC
:1044700083B01E4C00EB431001EBC3210123054622
:1044800023700023CDE90012FEF7FAFFDDE90012E8
:104490000A44BFF34F8F4FF0E023C3F8701F203161
:1044A0008A42FAD8BFF34F8FBFF36F8F032029469C
:1044B000FEF7FEFF0A49002208480B78028001330C
:1044C000DBB2042B28BF13460B70BFF34F8F074B93
:1044D0001A7003B030BD00BF19C70020D4C6002039
:1044E00016C70020E06700204013202017C70020D7
:1044F0002E4B2DE9F0411E7886B1DFF8C88098F880
:1045000000305BB90123F10788F8003040D4B207CE
:1045100027D4002388F80030730701D4BDE8F08168
:10452000234B1A68002AF9D0EFF30582002AF5D14F
:10453000EFF3108572B61868002830D01D4C217832
:1045400000292CD10122227042691A60002A2AD047
:10455000916105B962B60025836845779847257053
:10456000DCE7154B1B78002BD3D0144F002557F8F0
:10457000044F236820461B69984710B163699B6804
:1045800098470D4B01351A78EBB29A42EFD8C0E745
:10459000FFF7C8FE0028BAD0AFF30080B7E7002DC0
:1045A000BCD162B6BAE7064B1A60D2E71DC700203D
:1045B00060BC0020F7C60020F9C60020FC63002084
:1045C0006CBC0020FEC6002001207047B0F84630C9
:1045D000B0F848209BB292B2934202D2013AD01A6C
:1045E0007047416B01390A44D01A7047016972B6AD
:1045F000B0F84A20B0F84C3092B29BB29A423CBF1D
:10460000806B1218C86AD31A62B6C0F302601844ED
:10461000704700BFB0F84A100246B0F84C3089B27B
:104620009BB2994210D00133906B116B984298BFA6
:104630000023994203D9126AD05CC0B270475B1A5A
:10464000526AD05CC0B27047D0F810C072B6B0F8F1
:104650004A0080B2814201D062B6E4E7DCF82C3037
:1046600013F0E06F03D14FF0FF3062B67047DCF813
:104670001C0000214FF0010C136AC0F30900A2F8DE
:104680004AC0A2F84C105870EFE700BFB0F84AC01B
:104690000146B0F84C301FFA8CFC9BB29C4525D0EB
:1046A000013310B5D1F838E09E4515D90A6B1C4688
:1046B0009A4216D90A6AD25CD0B28A6DA1F84C40EF
:1046C0004AB19C451DD3ACEB0303CC6B9C4202D397
:1046D000CB6DC2F8883010BD00240A6B23469A4285
:1046E000E8D8486A9A1A825CD0B2E6E76246006966
:1046F00072B6B1F84AC01FFA8CFC624505D062B6AA
:10470000CEE7E644AEEB0303DFE7C36A13F0E06FE6
:1047100003D14FF0FF3062B67047C069C0F30900A3
:10472000F9E700BF90F8443043B110B50446FFF7F5
:10473000DFFE94F84430002BF9D110BD704700BF64
:1047400038B54369D3E90312096811422DD00169D4
:10475000044690F844200D4632B1FFF7C9FE94F8A4
:104760004430002BF9D163690021104AA961207EF1
:1047700003EB0010007D02EB0010D0F804C0052010
:10478000CCF8000094F819C003EB0C1393F8343004
:1047900002EB0312A36D52681060A4F84A10A4F84B
:1047A0004C1013B1E26DC3F8842038BD5043002093
:1047B00007EE901A9FED947A0421B6EE005AF8EEB7
:1047C000677A9FED926A41F6FF7CC7EE275A2DE982
:1047D000F04315468E460122046907EE901AF8EE62
:1047E000E77A85EEA77A77EE057AFDEEE77A17EE9F
:1047F000903A6345A8BF6346012BB8BF012307EE7B
:10480000903AF8EEE76A76EEC76AC6EE877AF5EE7A
:10481000C07AF1EE10FA01D5F1EE677AF4EEC67ABD
:10482000F1EE10FA03D8B0EE676A8E461A460131EF
:104830002129D2D141690023866BB1F85870A0F8C4
:104840004A30F71BA0F84C30A0F84630C763B1F8E7
:104850005A70A0F84830F61B80F844300664D1E95D
:1048600003763B683343AE053B60C5F34023837654
:1048700000F1A580077EDFF8C08101EB0717644BCC
:1048800097F814C0D7F81C9008EB0C1CDCF80860F3
:10489000DCF804C03360BB69CCF80030B9F1000F1C
:1048A00002D03F6AC9F80070477ED92301EB071791
:1048B00097F834C008EB0C1CDCF808603360BF6B61
:1048C000DCF804301F60437E01EB0313DF6B0FB194
:1048D0001B6C3B60BEF1080F0EF1FF3CCCBF4FF0EC
:1048E000000E4FF0010E42EA4E434FEA0C6202F016
:1048F000F8521343002223614B7849681033E26079
:10490000444A42F8231042694FF0010E424905F033
:10491000030C5778B2F85620404B7A544FF00217E8
:1049200041694A7803EB521302F01F029B000EFA12
:1049300002F21A60E762A36A43F08803A3626B077E
:1049400034D44CF47013AF06827E2AD543F08053E2
:10495000002A3CD12E07A36103D5236943F00053FD
:1049600023616369EA0654BF23F0805343F0805308
:104970006361EB0503D5236943F4005323618B681E
:104980006BB1274D2C78002C3CD0264B03EB8401D7
:1049900001E08B422AD053F8042F9042F9D1BDE8B0
:1049A000F083002AD6D043F0A003D3E705F00F032D
:1049B000042B14BF1C4B1D4B4CEA0303C3E7477E7B
:1049C0004FF2D903DFF8708001EB071770E7427EE2
:1049D00043F0A00301EB021292F8342008EB021618
:1049E000B668326822F440423260B3E7611C104A74
:1049F000104B297043F82400137843F0020313701E
:104A0000BDE8F0830121F2E7001BB74BEC78AD6005
:104A100038F001000058002000E400E04038003881
:104A2000F9C60020FC63002010003C0010003C4050
:104A30001DC700200064002050430020EFF31380C6
:104A4000B8B9EFF310834BB9EFF305823AB94FF4DD
:104A50008073EFF3118050B1984208D270470F2A4B
:104A600002D8EFF311827047034B9B5CF1E71846C5
:104A700070474FF0FF30F1E7F0E300E0036D2DE900
:104A8000F04188460446066913B1426DC3F884209C
:104A9000A37E2BB172B6B36943F00053B36162B623
:104AA000B4F84650636BADB20135AB424CD8002729
:104AB0003D46B4F848309BB29D4219D029E0736955
:104AC0001B0210D5B4F84830626B9BB201339A4296
:104AD00037D91A46E16A99422ED9E169CB5CDBB23B
:104AE000F361A4F84820B4F848309BB2AB4210D12F
:104AF000FFF7A4FF6369B3F856308342DFDAB0F5FD
:104B0000807FF0D1FFF7F4FCB4F848309BB2AB42A1
:104B1000EED0E26AAA4219D9E26902F8058072B6BB
:104B2000012084F84400A4F84670B36943F40003FC
:104B3000B36162B6BDE8F0815B1AA16ACB5CDBB2FF
:104B4000CEE700221346C5E72F46B2E7AD1AA26AA8
:104B500002F80580E3E700BFFFF790BF02695369E1
:104B600013F4401F70B537D0D36A13F0E06FC3F36E
:104B7000026E2ED0B0F84A40B0F84C30A4B29EB2CB
:104B8000D2F81CC0631CB0F84C10856BCCF3090C38
:104B900089B29D4298BF0023994208D0016B994287
:104BA000A3EB010166D9016A01F803C01C460EF1AE
:104BB000FF3313F0FF0EE3D1836DA0F84A4043B1F9
:104BC000B4425BD3A41B016CA14202D8C16DC3F8EF
:104BD00084105369DD0248D4D2F818E01EF4000FA7
:104BE00028D053691C0225D5B0F846C0B0F848302B
:104BF0001FFA8CFC9BB206E0C169C95CC9B2D161E5
:104C0000D16A490512D463453CD0446B0133C16A73
:104C10009C4298BF00239942A3EB0104ECD8816A1F
:104C2000095DC9B2D161D16A4905ECD56345A0F8E7
:104C3000483029D01EF4800F16D053695B0213D57B
:104C40000021036D80F8441013B1416DC3F8881042
:104C5000837E2BB172B6936923F00053936162B6E1
:104C6000936923F48003936170BD536943F4801307
:104C70005361B1E7446A04F801C097E7816B891B6F
:104C80000C44A0E7A0F84830936923F40003936133
:104C9000936943F480039361CCE700BF10B5002310
:104CA0004FF470440F224FF4806EA0F88C411946E7
:104CB000A0F88E214FF46044A0F890310A46B0F875
:104CC000883148F2B82C43F0F003A0F8883101EBAA
:104CD0004103013100EB431304299C80A3F806E053
:104CE0005A841A865A805A81A3F80EC05A82DA82F0
:104CF0005A83DA83EBD1B0F8883143F00F03A0F880
:104D00008831B0F8883143F47063A0F8883110BD61
:104D1000374B384A996F384841F47F0170B599672D
:104D200041F20106D3F8801045F6C05543F226043F
:104D30000A43C3F88020FFF7B1FF00F58040FFF77A
:104D4000ADFF00F58040FFF7A9FF00F58040FFF7B9
:104D5000A5FF0022A0F503104FF00F0E114600EB47
:104D600042134FEA421C01329981042A5981A3F867
:104D70000EE09E82DD8020F80C1019829C81EED11D
:104D800000221E484FF00F0E41F20106114645F673
:104D9000C05543F2260400EB42134FEA421C013295
:104DA0009981042A5981A3F80EE09E82DD8020F8C3
:104DB0000C1019829C81EED1002211480F2641F27D
:104DC0000105114645F6C05443F2260E00EB42138E
:104DD0004FEA421C01329981042A5981DE819D8269
:104DE000DC8020F80C101982A3F80CE0EED170BD25
:104DF00000C00F40000003FC00C03D4000001E400A
:104E000000401E40074A506A936A19468446506A19
:104E1000936A9942F9D18445F7D1DB0B43EA4040CC
:104E2000704700BF00400D4008B5D0E900325BB1CB
:104E3000BAB10F4BA3FB0213DB0803EB4303B2EB46
:104E400083030AD1012008BD094BA3FB0213DB0831
:104E500003EB4303B2EB830301D0D21A4260F02A82
:104E6000F0D803F091F91C22034600201A6008BD17
:104E7000ABAAAAAA30B583B060B3044621B11D46DF
:104E8000B2FA82F35B09A2B9206818B362680AB368
:104E9000164B174902FB03F3B1EBB30F1AD3A36808
:104EA000FBB9002323606360A360E360012003B0CB
:104EB00030BD0193069BC0E90012C360FFF7B4FF49
:104EC00060B1002DF2D0626801992068A56003F0FE
:104ED00039F8EBE703F058F916230360002003B01C
:104EE00030BD002103F02EF8DBE700BFABAAAAAA71
:104EF0005555551500B52DED028BB0EE408A83B0A7
:104F000000F066FBB4EE488AF1EE10FA06D6DFED4B
:104F10000C7AB4EEE78AF1EE10FA03D403B0BDECDC
:104F2000028B00BDCDED017A03F02EF9DDED017AA3
:104F300087EEA70A2123036003B0BDEC028B00BDFE
:104F40000000000082B08DED010A019AB2F17E5F8F
:104F500039D0A2F50003B3F1FE4F38D2BFEE000BFB
:104F600002F140432A4903F54D03C3F3C34001EB6B
:104F7000001091ED404B91ED445B91ED467B91ED3E
:104F8000426BD90DC90590ED002B521A03EE902A01
:104F900090ED021BDB15B7EEE33AA2EE030B03EE36
:104FA000903A20EE002BA5EE007BB8EEE33BA6EE98
:104FB000027BA3EE041B30EE010BA2EE070BB7EE53
:104FC000C00B02B070479FED130A02B07047530048
:104FD00017D0B2F1FF4F18D0002A0DDBB3F17F4F8D
:104FE0000AD2DFED0D7A9DED017A67EE277A17EE92
:104FF000902AA2F13862B1E79DED010A02B000F0FB
:10500000D7BA012002B000F0C1BA9DED010AD8E77D
:1050100048050020000000000000004B10EE101AB0
:1050200010EE902AA1F5000C5000BCF1FE4F00F1EB
:10503000FF336FF0807C7ED2634538BF002080F064
:10504000B980BFEE001B01F1404303F54D03C3F3EC
:10505000C3426FF31603C91A07EE901ADB15B7EEB9
:10506000E75A07EE903AAF4B03EB021292ED024B78
:1050700092ED002B00B5A2EE051B93ED403B93EDA6
:10508000426B93ED442BA1EE036B93ED465BB8EEC0
:10509000E77B37EE047B93ED484BA1EE025B2DEDF1
:1050A000028BA1EE047B21EE018BB7EEE00A28EE25
:1050B000083BA8EE057BA6EE037B20EE077B17EEF0
:1050C000903A48F2BF01C3F3CF338B4283B04CD246
:1050D000B7EE000B944B93ED402B37EE023B13EEF3
:1050E000102A33EE423B02F01F01801803EBC1028D
:1050F00093ED424B37EE437B53F831C0D2F804E0D6
:1051000093ED446B93ED465BA7EE046B27EE074BE4
:10511000002111EB0C020EEBC033A7EE050B43ECA4
:10512000172BA6EE040B20EE070BB7EEC00B03B057
:10513000BDEC028B00BD634580F0B1804B00581E72
:10514000604580F0938000294BDB0020B1F5000F13
:10515000BFF477AFDFED757A20EE270A10EE103A34
:1051600023F00043A3F138616BE79FED666BB4EE6B
:10517000C67BF1EE10FA16DC9FED646BB4EEC67BD5
:10518000F1EE10FA43DD4FF04C53002860D001934C
:10519000DDED016ABFEE006A76EE666AF4EE466AFD
:1051A000F1EE10FA94D003B0BDEC028B5DF804EB85
:1051B00000F0E6B9002869D0B1F17E5F3FD0B0F1D0
:1051C0007F4F69D14B00B3F1FE4F6FEA020234BF4B
:1051D00000230123D20F934200F08F809FED540AE9
:1051E0007047C2F3C7537E2B27D9962B64D8012072
:1051F000C3F1960300FA03F3581E10421DD1134267
:1052000014BF01200020000421F000419EE79FED23
:10521000416BB4EEC67BF1EE10FA30D99FED3F6BD7
:10522000B4EEC67BF1EE10FA7FF552AF03B0BDECE1
:10523000028B5DF804EB00F09DB900F0B9B982F47F
:1052400080035B0013F5000F26D8B7EE000A704705
:105250000093DDED006AB7EE006A76EE866AF4EE42
:10526000466AF1EE10FA3FF433AF9CE7002920EED6
:10527000000A23DB0020BBBB9A423CDB704703B033
:10528000BDEC028B5DF804EB00F06EB981F4800395
:105290005B0013F5000FD8D930EE200A70470028C4
:1052A000F4D04B00B3F17F4FF6D8B0F17F4FF3D17C
:1052B000B3F1FE4F87D1C8E70020A5E7C2F3C7517D
:1052C000A1F17F001728D5D8C1F19600012101FA7C
:1052D00000F000F1FF3C1CEA020FCBD11040CAD015
:1052E000B1EE400A0846C6E7002AC7DAF7EE007AB0
:1052F00087EE800A704700F049B920EEA00A704797
:10530000AFF3008071D5D1FFFFFF5F40E2AAA3FF9A
:10531000FFFF5F400000000000C062C0000000000E
:1053200000A062C058070020000400200000004BCD
:105330000000000010EE102AC2F30A53B3F57D7F7F
:10534000B7EEC07A1ED2B3F5667F72D327EE077B25
:1053500027EE071B734B93ED142B93ED125B93ED2C
:105360000E3BA7EE025B27EE012B93ED0C6B93ED4A
:10537000104BA7EE036BA1EE046BA5EE026BB7EE2C
:10538000C60B704740F22E418B4255D8654A92EDCC
:10539000086B27EE066BFDEEC66B92ED0A5B16EE10
:1053A000903A03F500031B16990706EE903A54BF96
:1053B000114602F17001D807B8EEE66BA6EE457B08
:1053C00027EE076B1CD503F0030302EBC30291ED3C
:1053D000185B92ED000B91ED1A3B27EE000BB0EE3F
:1053E000457B91ED164BA6EE037B20EE065B26EE89
:1053F000056BA5EE040BA7EE060BB7EEC00B7047CE
:1054000091ED144B26EE065B91ED127B91ED0E2B88
:10541000A6EE047B26EE054B91ED0C0B91ED103BB7
:10542000A6EE020BA5EE030BA7EE040BB7EEC00B26
:105430007047B7EE000A7047B3F5FF6F53D2C2F35F
:105440008361394B03EB810C53F82110C2F316032F
:10545000C2F3C25043F4000310B58340DCF82000CF
:10546000DCF810C003FB01F1A3FB00E0E3FB0C013F
:1054700001F1005382B09C0F03F04043C91A8DED37
:10548000010A00F03DFA019A9FED246B04EBD27201
:1054900041EC170B900754BF224B244B27EE067BA1
:1054A000E10727EE076B20D51E4902F0030201EB4E
:1054B000C20293ED185B92ED000B93ED1A3B27EEC1
:1054C000000BB0EE457B93ED164BA6EE037B20EE72
:1054D000065B26EE056BA5EE040BA7EE060BB7EEFA
:1054E000C00B02B010BD00F063B893ED144B26EE74
:1054F000065B93ED127B93ED0E2BA6EE047B26EE5E
:10550000054B93ED0C0B93ED103BA6EE020BA5EEB5
:10551000030BA7EE040BE2E7AFF30080182D445411
:10552000FB21193C80080020CC410020F00800201D
:1055300010B582B08DED010A044602F025FE9DED06
:10554000010A046002B010BD30B1F1EE407A27EEDE
:10555000800A2220FFF7ECBFF0EE407A27EE800AA7
:105560002220FFF7E5BF00BF9FED010AFFF7ECBF68
:10557000000000109FED010AFFF7E6BF0000201AAF
:105580009FED010AFFF7E0BF000000709FED070AE2
:10559000F7EE007ABFEE007A00284FF0220047FEB7
:1055A000877A87EE800AFFF7C3BF00BF00000000C4
:1055B00070EE407AB4EE400A87EEA77AF1EE10FA68
:1055C000B0EE470A02D62120FFF7B2BF704700BFF6
:1055D000B1EEC00A704700BF03460846194602F004
:1055E0003DBA00BF81F0004102E000BF83F00043FC
:1055F00030B54FEA41044FEA430594EA050F08BF6E
:1056000090EA020F1FBF54EA000C55EA020C7FEA31
:10561000645C7FEA655C00F0E2804FEA5454D4EBAE
:105620005555B8BF6D420CDD2C4480EA020281EA78
:10563000030382EA000083EA010180EA020281EAB0
:105640000303362D88BF30BD11F0004F4FEA013102
:105650004FF4801C4CEA113102D0404261EB410111
:1056600013F0004F4FEA03334CEA133302D0524297
:1056700063EB430394EA050F00F0A780A4F1010453
:10568000D5F1200E0DDB02FA0EFC22FA05F280188D
:1056900041F1000103FA0EF2801843FA05F3594173
:1056A0000EE0A5F120050EF1200E012A03FA0EFCF2
:1056B00028BF4CF0020C43FA05F3C01851EBE3711C
:1056C00001F0004507D54FF0000EDCF1000C7EEB39
:1056D00000006EEB0101B1F5801F1BD3B1F5001F77
:1056E0000CD349085FEA30004FEA3C0C04F1010496
:1056F0004FEA445212F5800F80F09A80BCF1004FBF
:1057000008BF5FEA500C50F1000041EB045141EA40
:10571000050130BD5FEA4C0C404141EB0101013C09
:1057200028BFB1F5801FE9D291F0000F04BF0146F8
:105730000020B1FA81F308BF2033A3F10B03B3F1CA
:1057400020020CDA0C3208DD02F1140CC2F10C025A
:1057500001FA0CF021FA02F10CE002F11402D8BFB8
:10576000C2F1200C01FA02F120FA0CFCDCBF41EA84
:105770000C019040E41AA2BF01EB0451294330BD53
:105780006FEA04041F3C1CDA0C340EDC04F1140430
:10579000C4F1200220FA04F001FA02F340EA030007
:1057A00021FA04F345EA030130BDC4F10C04C4F14D
:1057B000200220FA02F001FA04F340EA030029462D
:1057C00030BD21FA04F0294630BD94F0000F83F477
:1057D000801306BF81F480110134013D4EE77FEA5A
:1057E000645C18BF7FEA655C29D094EA050F08BFA6
:1057F00090EA020F05D054EA000C04BF1946104687
:1058000030BD91EA030F1EBF0021002030BD5FEACA
:10581000545C05D14000494128BF41F0004130BDF2
:1058200014F580043CBF01F5801130BD01F0004546
:1058300045F0FE4141F470014FF0000030BD7FEAB9
:10584000645C1ABF194610467FEA655C1CBF0B46B4
:10585000024650EA013406BF52EA033591EA030FCB
:1058600041F4002130BD00BF90F0000F04BF0021C3
:10587000704730B54FF4806404F132044FF00005F6
:105880004FF0000150E700BF90F0000F04BF00216F
:10589000704730B54FF4806404F1320410F00045D5
:1058A00048BF40424FF000013EE700BF42004FEAD0
:1058B000E2014FEA31014FEA02701FBF12F07F434D
:1058C00093F07F4F81F06051704732F07F4208BF04
:1058D000704793F07F4F04BF41F40021704730B50B
:1058E0004FF4607401F0004521F000411CE700BF57
:1058F00050EA010208BF704730B54FF000050AE0DA
:1059000050EA010208BF704730B511F0004502D5DA
:10591000404261EB41014FF4806404F132045FEADC
:10592000915C3FF4D8AE4FF003025FEADC0C18BF85
:1059300003325FEADC0C18BF033202EBDC02C2F177
:10594000200300FA03FC20FA02F001FA03FE40EA09
:105950000E0021FA02F11444BDE600BF80F00040C1
:1059600002E000BF81F0004142001FBF5FEA410337
:1059700092EA030F7FEA226C7FEA236C6AD04FEA37
:105980001262D2EB1363C1BFD2184140484041407C
:10599000B8BF5B42192B88BF704710F0004F40F42E
:1059A000000020F07F4018BF404211F0004F41F44A
:1059B000000121F07F4118BF494292EA030F3FD016
:1059C000A2F1010241FA03FC10EB0C00C3F1200329
:1059D00001FA03F100F0004302D5494260EB4000B8
:1059E000B0F5000F13D3B0F1807F06D340084FEA23
:1059F000310102F10102FE2A51D2B1F1004F40EB18
:105A0000C25008BF20F0010040EA0300704749007F
:105A100040EB0000013A28BFB0F5000FEDD2B0FA1C
:105A200080FCACF1080CB2EB0C0200FA0CF0AABF3F
:105A300000EBC25052421843BCBFD04018437047DD
:105A400092F0000F81F4000106BF80F400000132E3
:105A5000013BB5E74FEA41037FEA226C18BF7FEABA
:105A6000236C21D092EA030F04D092F0000F08BFFC
:105A70000846704790EA010F1CBF0020704712F0E3
:105A80007F4F04D1400028BF40F00040704712F122
:105A900000723CBF00F50000704700F0004343F087
:105AA000FE4040F4000070477FEA226216BF0846BD
:105AB0007FEA23630146420206BF5FEA412390EA80
:105AC000010F40F4800070474FF0000304E000BF76
:105AD00010F0004348BF40425FEA000C08BF704727
:105AE00043F0964301464FF000001CE050EA0102EB
:105AF00008BF70474FF000030AE000BF50EA010200
:105B000008BF704711F0004302D5404261EB4101EC
:105B10005FEA010C02BF84460146002043F0B64311
:105B200008BFA3F18053A3F50003BCFA8CF2083A36
:105B3000A3EBC25310DB01FA02FC634400FA02FC3F
:105B4000C2F12002BCF1004F20FA02F243EB020046
:105B500008BF20F00100704702F1200201FA02FCA8
:105B6000C2F1200250EA4C0021FA02F243EB02009B
:105B700008BF20EADC70704753B94AB9002908BF52
:105B800000281CBF4FF0FF314FF0FF3000F09CB9F0
:105B9000ADF1080C6DE904CE00F006F8DDF804E084
:105BA000DDE9022304B070472DE9F04782B00646D4
:105BB000DDF828E00846B4460D46002B4ED18A4257
:105BC00014466DD9B2FA82F242B1C2F12003954077
:105BD00026FA03F394401D4306FA02FC260CA7B2F2
:105BE000B5FBF6F14FEA1C4306FB115543EA0543AA
:105BF00001FB07F0984209D9E31801F1FF3580F065
:105C00000381984240F20081023923441B1A1FFA93
:105C10008CFCB3FBF6F006FB10334CEA034C00FBA4
:105C200007F363450AD914EB0C0C00F1FF3580F043
:105C3000ED80634540F2EA80A444023840EA014026
:105C4000ACEB030C0021BEF1000F04D02CFA02F3E0
:105C50000022CEE9003202B0BDE8F0878B4209D9BC
:105C6000BEF1000F01D0CEE900610021084602B06C
:105C7000BDE8F087B3FA83F1174600294DD183427E
:105C800002D3B24200F20F81B6EB070C60EB0303C4
:105C900001201D46BEF1000FDDD0CEE900C5DAE7D8
:105CA000002A00F098801A46B4FA84F3002B40F0E2
:105CB000AF800B1B270CA6B20121B3FBF7F54FEA0F
:105CC0001C4007FB153340EA034306FB05F89845E3
:105CD00007D9E31805F1FF3002D2984500F2E880B9
:105CE0000546A3EB08031FFA8CFCB3FBF7F007FB98
:105CF00010334CEA034C06FB00F3634508D914EB60
:105D00000C0C00F1FF3602D2634500F2CE80304623
:105D1000ACEB030C40EA054095E7C1F120058B4050
:105D200022FA05FC4CEA030C00FA01F426FA05F30A
:105D3000E84002FA01F943EA04084FEA1C4206FA75
:105D400001FAB0FBF2F71FFA8CF602FB17004FEADC
:105D5000184444EA004407FB06F0A0420AD91CEBB1
:105D6000040407F1FF3380F09C80A04240F2998048
:105D7000023F6444241A1FFA88F3B4FBF2F002FBDA
:105D8000104443EA044300FB06F69E4209D91CEB8B
:105D9000030300F1FF3480F082809E427FD90238F5
:105DA000634440EA0740A0FB09749B1BA3423E46A4
:105DB000A04664D361D0BEF1000F0AD0BAEB060250
:105DC00063EB080303FA05F5CA401543CB40CEE95F
:105DD000005300213FE7730843EAC1734A08190CD6
:105DE00041EA02414FEAC67C9BB2B2FBF4F0264680
:105DF000A04627461F2243EA0143B1FBF4F1A3EB7F
:105E0000080341EA004158E72946FFE6284615E71E
:105E10001A46C3F120019C4026FA01F320FA01F151
:105E200090400343270C06FA02FCB1FBF7F0A6B240
:105E300007FB1015190C41EA054100FB06F58D42E0
:105E40003BD9611801D28D4220D8491B0138B1FBE2
:105E5000F7F5019505FB06F8019D9BB207FB1511AF
:105E600043EA0143434526D2E31805F1FF31C6D288
:105E70004345C4D2A91E2344C1E7BA459BD2B7EB20
:105E8000090664EB0C040138A04694E7651B29441D
:105E90000238B1FBF7F5019505FB06F8DCE7204673
:105EA0007FE71F4666E70846F4E6A44402382FE77A
:105EB000023D234415E70199A1E7491BB1FBF7F522
:105EC000019505FB06F8C7E7704700BF0A220021CD
:105ED00001F0B4BD10B5A1FB021482B074BB00F098
:105EE00045F8034670B350F8042C22F00302043A3C
:105EF000242A10D8132A16D91B2AC0E900441AD91B
:105F0000242AC0E902440ABFC0E9044400F1100198
:105F100000F1180108E02146019002F013F8019BFE
:105F2000184602B010BD014600221846C1E9002201
:105F30008A6002B010BD00F10801F5E702F024F913
:105F40000C2303600023184602B010BD024B01462B
:105F5000186800F00BB800BF44530020024B014604
:105F6000186802F0A1BC00BF445300202DE9F04F97
:105F700001F10B02162A85B0804624D8102900F2C0
:105F8000AB8000F0C9FA022518211022B74C214439
:105F9000A1F108004E68864200F062817268F168E3
:105FA000B46822F003023244E1608C60516841F031
:105FB00001014046516000F0B5FA06F108042046A0
:105FC00005B0BDE8F08F32F0070200F18580914204
:105FD00000F28280019200F09FFA019AB2F5FC7FF4
:105FE000C0F0BA81570A7FD0042F00F2728197095E
:105FF00007F139052BB207F1380CDB009B4C234429
:10600000A3F108065B689E4207D10DE00028DF6817
:1060100080F21381BE4207D03B46596821F003014C
:10602000881A0F28F2DD6546236991498B4200F0FA
:10603000F1805E6826F00306B11A0F2900F3918102
:106040008B480029C4E9040080F27981B6F5007F0D
:10605000676880F01981F10801310FFA81FC760937
:106060000121B14054F83C0098600F4304EBCC018F
:106070000839D960676044F83C30C360AB10012632
:106080009E40BE4236D83E4206D125F0030576003A
:106090003E4205F10405FAD004EBC50A04EBC5073E
:1060A000A946F9680EE0486820F0030EAEEB020C3A
:1060B000BCF10F0F0B46C96800F31881BCF1000F4B
:1060C00080F22D818F42EED109F1010919F0030F01
:1060D00007F10807E5D17FE10C23C8F80030002460
:1060E000204605B0BDE8F08F4FF4007340254FF017
:1060F0003F0C83E7A768796821F0030393429A462F
:1061000003D3991A0F2900F387805A495A4E096818
:10611000103111440820CDE9011202F069F801990B
:106120004B1E03444542834630681D40B0F1FF3F9B
:1061300018BF29464046019101F0FEFF411C05466B
:10614000DDE9011200F02B8107EB0A0C844500F217
:1061500024814A4B186800EB01090BF1FF3EC3F89C
:10616000009000F08981306801301BBFA5EB0C0C5A
:1061700009EB0C003560186015F00700814600F04F
:106180004881C0F108000544CDE901236B1803EAFA
:106190000E015844401A00EA0E06314640469B461E
:1061A00001F0CAFF421CDDE9012300F09581401B8C
:1061B000304440F001011868A56000EB0609A742D1
:1061C0006960C3F8009017D0BAF10F0F40F25E81FA
:1061D000AAF10C0121F0070C796801F0010141EAF4
:1061E0000C017960052607EB0C01BCF10F0FC1E92A
:1061F000016600F263816968214B1E684E4538BF15
:10620000C3F800901F4B1E684E4501D2C3F80090A2
:106210002F46C6E0676831E7BD1841F0010142F042
:1062200001027A604046A560696000F07BF907F1E1
:106230000804204605B0BDE8F08F9A680193194420
:10624000D760BA604A6842F0010240464A6000F0F6
:1062500069F9019B03F10804204605B0BDE8F08F01
:10626000CE68B1427FF49AAE0235DDE67048002078
:106270007848002078C000203053002048C000201B
:1062800070C0002074C00020B6F5206F4FEA562081
:106290007CD3142800F2D38000F15C0109B25B309A
:1062A000C90004EB010C6158ACF1080C8C4503D11A
:1062B000A8E089688C4504D0486820F00300B0420B
:1062C000F7D8D1F80CC0C3E9021CCCF80830CB6079
:1062D000D4E6142F72D9542F00F2BA80170B07F1AD
:1062E0006F052BB207F16E0CDB0087E69D1842F0BC
:1062F00001025A609E68864AF1608E60C4E90455C6
:10630000C5E902224CF001026A60404643F80EC023
:10631000019300F007F9019B03F10804E0E69E44B5
:106320001C46DEF8043043F00103CEF8043054F884
:10633000083F4046D9608B6000F0F4F8D0E61E4478
:1063400040467268019342F00102726000F0EAF880
:10635000019B03F10804C3E6D508691C09B2C90012
:1063600014E69D1842F001025A60694A0193C4E99B
:106370000455C5E9022241F001026A604046995184
:1063800000F0D0F8019B03F10804A9E6B00900F180
:10639000390109B23830C90083E7A74263D0A76842
:1063A000796821F003009042A0EB020102D30F298B
:1063B0003FF732AF404600F0B5F890E607F15C05D4
:1063C0002BB207F15B0CDB0018E6514651F8083997
:1063D0008B428A4640F09A8015F0030F05F1FF3595
:1063E000F3D1636823EA0603636076009E423FF6BA
:1063F00081AE1EB97EE6760009F104091E42FAD08C
:106400004D4649E68010012606FA00F00743676012
:1064100059E7CDE902236B1803EA0E01ABEB010645
:1064200006EA0E0631464046019301F085FE431C04
:10643000019B04BF4E461846DDE90223B7E6542807
:1064400027D8300B00F16F0109B26E30C90028E780
:10645000B7F5AA7F27D8D70B07F178052BB207F13C
:10646000770CDB00CAE52B4B186800EB01090BF138
:10647000FF3EC3F8009076E615EA0E0F7FF473AE88
:10648000A568514441F001016960B5E601236B60E4
:1064900090E7B0F5AA7F25D8F00B00F1780109B29A
:1064A0007730C900FDE640F254539F4224D8930C44
:1064B00003F17D0503F17C0CEB009FE507F108017A
:1064C0004046CDE9012302F0EFF9A568029B696817
:1064D000D3F80090019A8FE6A9F108010BEB0100B7
:1064E000002664E640F2545188420BD8B00C00F10B
:1064F0007D01C9007C30D4E64FF47E737F254FF0D8
:106500007E0C7BE54FF47E717E20CAE663686CE703
:106510007848002048C00020014801F065BE00BF57
:1065200040C00020014801F061BE00BF40C0002013
:10653000DFF80CC00A460146DCF8000000F002B8A3
:1065400044530020002900F09F802DE9F04383B0E0
:106550000C4600928046FFF7DFFF009901F10B0324
:10656000162B60D81023994260D854F804EC2EF012
:1065700003029A42A4F1080565DAB348806805EB86
:10658000020C6045DCF8046000F0908026F0010009
:1065900060444068C0076CD426F00306901983421B
:1065A0004CDD1EF0010F0FD154F8080C281A0746D5
:1065B000406820F0030006441644B34240F3EF80E5
:1065C0001618B34240F3C9804046CDE90023FFF7D7
:1065D000CDFCDDE900230646002800F0178154F8C1
:1065E000041C21F001012944A0F1080C614500F0D0
:1065F000AE80043A242A00F2CE80132A00F29C8056
:1066000003462246116819605168596092689A6081
:106610002146404602F048F94046FFF783FF3046E6
:1066200003B0BDE8F08333F007039CD50C23C8F812
:1066300000300026304603B0BDE8F0830246DCE9B6
:106640000201C16088606968D01A0F2801F0010159
:1066500005EB02061BD811436960736843F0010320
:1066600073604046FFF75EFF2646304603B0BDE844
:10667000F0831EF0010FA7D154F8080C281A074622
:10668000406820F003009BE71146FFF76FBC1943F9
:106690006960E91840F001004860736843F0010345
:1066A00008317360404602F0FFF8DAE726F003068F
:1066B000B01803F1100C604580F28B801EF0010FC2
:1066C00082D154F8080C281A0746406820F00300CD
:1066D00006441644B445B1463FF772AF3E46F968EA
:1066E00056F8080F043A242AC160886000F2A58099
:1066F000132A40F2A0802168B9606168F9601B2A02
:1067000000F2A480083407F110022168116061686A
:106710005160A1689160F918A9EB03024A4D42F05B
:106720000102A9604A607A6802F001021343404600
:106730007B60FFF7F7FE98E72368036063684360B8
:106740001B2A3BD804F1080200F108035AE750F86D
:10675000041C21F003010A4475E7043A3D46F96838
:1067600055F8080F242AC160886020D8132A1CD944
:106770002168B9606168F9601B2A3DD8083407F1C7
:1067800010022168116061685160A16891602C4617
:1067900032463D4657E7214601F042FB38E7DCE947
:1067A0000201043AC1608860D8E72A46E9E7214639
:1067B0002846009301F034FB009BE8E7A368836060
:1067C000E368C360242A25D004F1100200F110030D
:1067D00018E71D4A1D449560C21A42F001026A6022
:1067E00054F8042C02F001021343404644F8043CE0
:1067F000FFF798FE264638E7A1683961E1687961BC
:10680000242A10D0103407F11802BAE74046FFF7E7
:1068100089FE0EE7236903616169416104F1180291
:1068200000F11803EEE62269BA616269FA61183470
:1068300007F12002A5E7324667E72146304600937C
:1068400001F0EEFA009B66E770480020A16839610C
:10685000E1687961242A03D0103407F1180254E763
:106860002269BA616269FA61183407F120024CE7C3
:10687000000000002DE9F04F2DED068B804697B00B
:10688000184600240023CDE90434894600219246AD
:1068900012914A461192164612F8013B2D2B5FD8F1
:1068A00001A151F823F000BFD54802005D47020066
:1068B0005D4702005D4702005D4702005D47020040
:1068C0005D4702005D4702005D47020091460200FD
:1068D0009146020091460200914602009146020054
:1068E0005D4702005D4702005D4702005D47020010
:1068F0005D4702005D4702005D4702005D47020000
:106900005D4702005D4702005D4702005D470200EF
:106910005D4702005D4702005D4702005D470200DF
:106920005D4702005D470200914602005D4702009C
:106930005D4702005D4702005D4702005D470200BF
:106940005D4702005D4702005D4702005D470200AF
:106950005D470200734B02005D470200874B020057
:1069600000220692302B00F08280002207922F2B0B
:1069700040F2C5844FF0000B1F4630465D465C4632
:1069800016E0082CC8BF0BEB8B0B00F10100C8BF51
:1069900003EB4B031190C8BFA3F1300B0378D8BFB2
:1069A000A2F130052F2B04F101041F4640F3A28011
:1069B00005EB8502392B03EB4202E2DDB349089374
:1069C000012201F003FB002860D1119A531C11939E
:1069D00051781A460846002C40F0DB80302840F001
:1069E0000F85134600220133119318783028114681
:1069F00002F10102F7D0A0F13104082C00F2AE81BF
:106A00008A1C0992A0F1300C1E464FF0000E0124A2
:106A100005EB85050CEB4505002201331193197830
:106A2000A1F13000092802F1010700F23584844603
:106A3000002800F0FB860999012F3944099100F0E4
:106A4000F886671C394606E045000131081B01380D
:106A5000824240F34484481E082805EB8500F3DD9C
:106A60000BEB8B0040001029D8BF8346EDE773780D
:106A700003F0DF03582B00F0D783013611963378EB
:106A8000302BFAD06BB10122079270E7089B652B7F
:106A90001AD0452B18D0002C32D1079B002B00F0C8
:106AA000B7809FED788BBAF1000F02D0119BCAF826
:106AB0000030069BBBB1B1EE488BB0EE480B17B06F
:106AC000BDEC068BBDE8F08F002C72D1A646099470
:106AD000079B002B40F0BB829FED6A8BBAF1000F41
:106AE00001D0CAF80090B0EE480B17B0BDEC068B91
:106AF000BDE8F08F6549012201F068FA002844D012
:106B000007EE905AB8EE677B092C8DED047B40F3BD
:106B1000A3820022102C23460892A8BF1023A64669
:106B2000914609925A4A02EBC30212ED125B06EE3D
:106B300090BA0F2CB8EE666BA5EE076B8DED046B6B
:106B400000F3AC80089A002A00F08682089A40F38D
:106B50006E82162A40F31E840899C4F125028A42E7
:106B6000C0F29C804A4BC4F10F040A1B03EBC4041F
:106B700003EBC20394ED008B93ED007B9DED046B62
:106B800028EE068B28EE078B8DE7119A531C119384
:106B90005178A1F13002092A00F2D5800992A64667
:106BA000002A00F040860121DDF824C00991224628
:106BB00097E30022CDE90822119BA646591C1191AA
:106BC0005F782B2F00F0BC802D2F00F0B3804FF0AA
:106BD000000CA7F13009B9F1090F36D8302F1199FF
:106BE00040F0D880013111910F78302FFAD0A7F101
:106BF0003100082840F2CC804FF000095CBB0799B7
:106C000011437FF44EAF089A002A40F0F48399466E
:106C1000692F00F0CF8300F3C883492F00F0CA83A7
:106C20004E2F7FF459AF1B4911A802F09DFA00289E
:106C30003FF452AF119B1B78282B00F02385164898
:106C400001F08CFDB0EE408B2DE711934FF0000961
:106C5000D4E74FF0000907EE905A099BB8EE677B26
:106C6000A9EB0303BEF1000F08BFA646102C089342
:106C70002346A8BF1023092C8DED047B3FF752AFAC
:106C800060E700BF0000000000000000C00C002012
:106C900090060020B032002080300020089AE31ACD
:106CA0001344002B40F3998023F00F0213F00F03DD
:106CB00040F00683B2F59A7F00F39283102A4FEAE0
:106CC000221300F0F38455489DED047B0021024619
:106CD00013F0010F01F101014FEA630303D092EDBC
:106CE000006B27EE067B012B02F10802F0D18DED3F
:106CF000047B059BA3F15473059300EBC1009DED4C
:106D0000046B90ED007B464B27EE067B17EE902A36
:106D1000444913408B428DED047B00F26183A1F561
:106D200080118B4240F262843F4B4FF0FF32CDE93D
:106D3000042354E04FF0010C991C11919F7848E70F
:106D40004FF0000CF8E701F0DF0145297FF4D8AEE1
:106D500000220121A646099208912FE700F0DF00EA
:106D600045287FF49EAE4FF0000E0121CDF824E0BF
:106D70007446089122E700230693721C11927378DF
:106D8000002B3FF4A9AE1646ECE501230693F4E789
:106D9000A7F13009481C11904F782F2FC8BF0C93D2
:106DA00007DCC1E20130119007782F2FA3F13009E1
:106DB00005DD09EB8903392F07EB4303F2DD401AA8
:106DC00008280C9B40F3B08244F61F69BCF1000F09
:106DD0003FF414AFC9F1000910E740F0AB82002383
:106DE00007930095234672463146404602F066FB03
:106DF0008346002800F0F482089A099BCDF83CA055
:106E0000002AA3EB0903A8BF002309934FF0000950
:106E100022EAE2730C934C46CCE000BF68060020E7
:106E20000000F07F0000A07CFFFFEF7F991A1F3B5E
:106E30009A42A5EB0105C0F27981012202FA01F321
:106E40000A9300230D932F44079B5544AA455246AD
:106E50001F44A8BF2A46BA42A8BF3A46002A03DD0B
:106E6000AD1ABF1AAAEB020A099B002B00F303819B
:106E7000002D00F31A81089B002B00F34D81002F99
:106E800000F33D81BAF1000F08DD2146524640462D
:106E900002F020FD0446002800F03A8112993246A3
:106EA000404602F0ADFD8146002800F0318100230C
:106EB000C768C360214602F083FD0028C0F29B83AF
:106EC000059D00F036832146484602F04BFFB0EEA8
:106ED000007BB4EEC70BF1EE10FA00F2C080002F79
:106EE00040F02C81049B002B40F0C881C5F31303B4
:106EF000002B40F05781B7EE007BB4EEC70BF1EEEC
:106F000010FA00F1D082B6EE007B20EE077BB0EEE7
:106F100047ABB1EE477BBD48DFF808C3284060456A
:106F200053EC172B00F00F810799F1B1B0F1D46F3A
:106F30001BD89FEDB06BB4EEC6ABF1EE10FA11D8D2
:106F4000BCEECA7B17EE103A012B38BF012307EEC7
:106F5000103AB8EE477BB0EE47AB0FB9B1EE477BC6
:106F600053EC172B03F1D6610B1AB0EE480B43EC30
:106F7000192B0A9002F004FEA9EE008B8DED048B14
:106F800018EE905A0A98079B23B9A04B2B409842C1
:106F900000F00F811299404602F034FA3146404623
:106FA00002F030FA2146404602F02CFA49464046AB
:106FB00002F028FADBF80410404602F0F9F9064620
:106FC000002800F0A580DBF81020023292000BF1BF
:106FD0000C010C30FBF7C8FB9DED048B14AA13A920
:106FE0004046B0EE480B02F05DFE1290002865D0DE
:106FF0000121404602F020FB0446002800F0888072
:10700000139A002A76DB099B0C9F02EB030A079B6D
:10701000149DD21A2A447E4B013A9A42C5F1360594
:10702000FFF604AF00230D9301230A930BE71632FA
:10703000FFF634AE099BA3EB0909764B03EBC903BA
:1070400093ED007B9DED046B86EE078B2BE508949A
:107050000024119B2246B1E59DED048B23E5B6EE9D
:10706000007B20EE077BB0EE47AB002F7FF453AFE1
:10707000B1EE477B4FE721461A46404602F0CEFB71
:1070800004461298D4B102462146404602F002FB63
:107090000246129892B1014640460E9202F0B2F9B1
:1070A0000E9A1292002D7FF7E6AE12992A464046BC
:1070B00002F010FC129000287FF4DDAEDDF83CA059
:1070C0009FED4E8B2223C8F800300146404602F067
:1070D00099F93146404602F095F92146404602F0C2
:1070E00091F95946404602F08DF94946404602F072
:1070F00089F9D8E40C9BDDF824A09F1A87E7314674
:107100003A46404602F0E6FB064600287FF4BAAE57
:10711000DDF83CA01298D3E731460C9A404602F0C5
:107120007DFB064600287FF4AAAEF1E73A49891AAA
:10713000012202FA01F30D930A9284E6B7EE007B76
:10714000B0EE47ABE7E6A5F1547305939DED046BF4
:10715000B0EE460B8DED0A7B8DED046B0D9002F0C9
:107160000FFD9DED046B9DED0A7B2849A0EE076B9A
:1071700016EE905A294B0D98294099428DED046BDB
:1071800040F29A8018EE902A03F154739A4203D188
:1071900018EE103A0133BBD0214B4FF0FF32CDE94E
:1071A0000423F7E6B7EE006BBFEE007BB0EE46AB14
:1071B000B1E651EC1A0B07F02DFDFEF7A1FB049B85
:1071C00041EC170B1F43C5F313052F433AEE477BE2
:1071D00044D19FED0C6BB4EEC67BF1EE10FA7FF557
:1071E000D9AE9DED048BDDF83CA012986DE700BF91
:1071F000AFF300800000C0FFFFFFDF410000000090
:107200000000F07F9535A094FFFFCF3F0000F07F96
:1072100002FCFFFF90060020E2FBFFFFFFFF9F7CC8
:10722000FFFFEF7F0000E07F069B019312AB02900F
:107230000093AC4A13AB11A9404601F09DFC10F03D
:107240000F0504463FF42DAC062D40F0E8800136D2
:1072500000239FED9C8B1196069324E49FED9B6B7E
:10726000B4EEC67BF1EE10FABBD49FED9A6BB4EE90
:10727000C67BF1EE10FA7FF78DAEB2E7049B012BCF
:1072800090D1002D8ED1DDF83CA0129822239FEDE5
:107290008D8BC8F8003018E701F0DF01452900F0B8
:1072A000A380002C7FF4D5AC079B1A439FED858B00
:1072B0003FF414ACFFF7F7BB05F15475059562E692
:1072C000894901EBC3039DED046B93ED007B27EE31
:1072D000067B8DED047B002A3FF481ADEAE4013AA0
:1072E0003A44082A02F101047FF792AB102CDCBF6C
:1072F0000BEB8B0B0CEB4B0B0022FFF78EBB7B4990
:107300000122304600F062FE40B9119A1346013264
:107310001192834605465878FFF760BB079B002B08
:107320003FF4DAABFFF7BDBB44F61F618945A8BF48
:1073300089464BE55B421A1113F00F030DD06A49E1
:1073400001EBC3039DED046B93ED007B86EE077BA1
:107350008DED047B002A3FF442AD1F2A00F34181EA
:1073600012F0100318BF6A2307939DED047B604B56
:1073700001E052100833D00703D452100833D1076C
:10738000F7D593ED006B521027EE067B00F0B88026
:107390000833F4E7544B03EBC20393ED008B9DEDF0
:1073A000047B28EE078BFFF77EBB6E2F3FF43BACD0
:1073B000FFF792BB4F4911A801F0D6FE00283FF419
:1073C0008BAB119B4C49013B11A8119301F0CCFEF2
:1073D00010B9119B013311939FED408BFFF763BBF5
:1073E0002223C8F80030F7E7002C00F0EA810121E1
:1073F0000891FFF7E3BB9FED338B9946FFF76EBB18
:10740000A0F13103082B55D920F02000452885D163
:107410004FF0000ECDF824E00124FFF759BB129A7B
:107420003AB1352114A802F0CFFC1299404601F080
:10743000E9FF013D042D00F2FE81DFE805F0032E97
:107440002B200300149B0493139B03F23342159BE0
:1074500023F4801343EA02530593E40502D543F075
:1074600000430593254A1A409DED048B002A7FF4C2
:107470001AAB00F089FE22230360FFF714BB4FF024
:10748000FF326FF00043CDE90423E3057FF5E4AD5F
:10749000059BE4E7194B0593F7E7DDE91412159B0B
:1074A000CDE90412D9E7B6EE006BBEEE007BB0EE7C
:1074B00046AB30E5134601220992FFF7A3BA00BF9D
:1074C000AFF3008000000000000000009535A0949C
:1074D000FFFFDF3F35E5AF350000E03F0000000073
:1074E0000000F07FC046002090060020C00C002065
:1074F00060090020A4320020A83200200000F07FA4
:10750000079B8DED047B002B65D017EE900AC0F32E
:107510000A51C1F16B03002B5DDD1F2B52DD342BB3
:10752000049240F3FE804FF05C7305936A23079347
:1075300057E40A9ADDF834C0DDF83CA0B349C5F33E
:107540001303002F00F08C808B4200F0DD80BCF133
:10755000000F00F0D4801CEA050F2FD0B0EE480BCE
:1075600002F00EFB079B002B00F01281C5F30A53BB
:10757000C3F16B03002B40F35381190501F17F53D5
:10758000002203F5401343EC172BA0EE078B9FED71
:107590009B7B9F4B28EE078B18EE902A1340002B05
:1075A0007FF423AE2223C8F800301EE6BCF1000FA2
:1075B00000F085801CEA050F40F08480079B002BBB
:1075C000E5D112E64FF0FF329A4017EE103A134021
:1075D00004939DED047BB5EE407BF1EE10FA7FF451
:1075E00000AC2223C8F80030FFF75BBA02F15473F5
:1075F0000593FFF7F4BBDDE904120F43DDF83CA06F
:10760000DCD1C2F313031546002BD7D122F000477B
:107610003F0D3F05B7F1D66FD0D9D9F814301BB95B
:10762000D9F81030012BC9DD49460122404602F04D
:1076300051F92146814602F0C3F90028BEDD079BBF
:10764000002B00F08180A7F580176FEA17536FEACF
:10765000035305934FF0FF3304939DED048B96E79E
:1076600043BBDDE90401034600289FD1079B002BA3
:107670006AD0674F2F40B7F1D66FE4D8B7F15C7F7F
:1076800085D802E6634911A814AA01F08DFD0528EA
:107690007FF4D5AA159B43F0FF4343F4E003059321
:1076A000149B04939DED048BFFF7FDB95A4800210C
:1076B000FFF71FBBBCF1000F7FF47CAF049B1A42A5
:1076C0003FF47CAFB0EE480B02F05AFA079B93B33D
:1076D000C5F30A53C3F16B03002B76DD190501F1E5
:1076E0007F53002203F5401343EC172BA0EE478B8A
:1076F000B5EE408BF1EE10FA7FF449AFC5E5049B7F
:107700001A423FF45BAF29E7079B049963BB4F1C08
:1077100031D0BCF1000F61D01CEA050F3FF465AD1C
:107720001CE7C1F14B014FF0FF338B400340059341
:107730009DED047B4FE738EE408BB5EE408BF1EECC
:1077400010FA7FF452ADA0E5314B12982B40A3F50F
:1077500080136FEA13536FEA035305934FF0FF331F
:1077600004939DED048BB0E4294B2B40B3F1D46F0F
:1077700012D9481C19D1294B9D4233D0244B2B40A0
:1077800003F580130593002304939DED048B15E707
:10779000129838EE008B98E41B0DC3F16B034FF089
:1077A000FF3000FA03F39942E5D0BCF1000F04D09A
:1077B0001CEA050F3FF4EBAED0E611423FF4E7AE12
:1077C000CCE6002A3FF428AE11E638EE408BB5EE49
:1077D000408BF1EE10FA7FF4DAAE56E511423FF439
:1077E00004ADBBE60131C9D122239FED068B12986F
:1077F000C8F8003069E400BFAFF30080000000006B
:1078000000005039000000000000F07FFFFF0F0073
:107810000000F07FD446002068060020FFFFEF7FC5
:1078200038EE008BB3E60122FFF7F7B83A46FFF7D0
:10783000F4B8224655E5E50505D54FF0004305931C
:107840009DED048B15E69FED018B12E60000000014
:107850000000000010B5234C234B0A460146206867
:10786000FFF708F8B4EE400BF1EE10FA27D6F7EE6A
:10787000C07B9FED1E7AF0EEE76AF4EE476AF1EE08
:1078800010FA0EDDB0EEC05B9FED146BB4EE465BFC
:10789000F1EE10FA05DC236822221A60B0EE670AC6
:1078A00010BD17EE903A13F0FF4FF7D110EE902A6B
:1078B0000F4B1340002BEED1B0EE670A10BD10EE57
:1078C000903A002B0B4804DA00F050FFF1EE407ABA
:1078D000E4E7BDE8104000F049BF00BFFFFFFFFF35
:1078E000FFFFEF7F44530020DC500020FFFF7F7F2D
:1078F0000000F07F80300020242B2DE9F84F42D883
:10790000012B884619463ED091464B4A82461E4678
:10791000C64670461EF8017BD35D13F00803F8D10C
:107920002D2F70D02B2F05BF9EF800709B469B46D5
:1079300000F1020E6FF0004361BB302F4DD00A26DC
:1079400031460022B3FBF6F4104606FB143505E081
:107950003CD006FB00C001221EF8017BA7F1300CD1
:10796000BCF1090F06D9A7F1410CBCF1190F17D8CA
:10797000A7F1370C61451CDD571CEDD08442E7D2DE
:107980004FF0FF32E8E700F0FFFB16230360002012
:10799000BDE8F88F1029D4D1302F27D00E46D0E77C
:1079A000A7F1610CBCF1190F03D8A7F1570C614581
:1079B000E2DC511C30D0BBF1000F0CD1B9F1000F4B
:1079C000E6D0AABBC9F80080BDE8F88F6545C0DAEB
:1079D0004FF0FF32C0E74042F0E79EF8002002F08F
:1079E000DF02582A08D008263146AAE79EF8002070
:1079F00002F0DF02582AD1D110269EF801703146DC
:107A00000EF1020E9DE79EF800704FF0004300F16A
:107A1000020E4FF0010B8FE72222CAF80020B9F1C5
:107A2000000F07D00EF1FF381846C9F80080CBE7E9
:107A30000346F7E71846ABE72D42002000B5DFF814
:107A400018E084461346DEF800005DF804EB0A46B1
:107A50006146FFF751BF00BF4453002013460A465A
:107A60000146022000F088BE024B0344587800F023
:107A7000080070472C420020024A0349034800F0E6
:107A8000C9B800BF385300201D9D0200784C00206B
:107A90000C4B4168994210B5044601D004F040FAFD
:107AA000A168094B994202D0204604F039FAE168F6
:107AB000064B994204D02046BDE8104004F030BA8D
:107AC00010BD00BF7CC00020E4C000204CC10020DD
:107AD0002DE9F843314A324C3249DFF8DC90DFF8C7
:107AE000DC80314F1160002504232946082204F16F
:107AF0005C00C4E903352D4EA560C4E90055C4E916
:107B00000555656600F01EFA04F15800C4E90749FE
:107B1000C4E90987E66200F063FB2946244B6367EA
:107B2000082204F1C400C4E91A55C4E91E552567AA
:107B3000C4F8CC50C4F8805000F004FA04F1680393
:107B400004F1C000C4F88430C4E92298C4E9247662
:107B500000F046FB174BC4F8DC30294604F596705C
:107B60000822C4E93455C4E93855C4F8D850C4F8DB
:107B70003451C4F8E85000F0E5F904F1D003C4E949
:107B80003D87C4F8F09004F59470C4F8FC60C4F824
:107B9000EC30BDE8F84300F023BB00BFB4C10020C7
:107BA0007CC0002075580200195B02003D5B02009A
:107BB0000900010012000200B55A0200D95A020061
:107BC00010B504460A4800F00FFB636B23B9094B5C
:107BD000094A1B68626323B1BDE81040044800F005
:107BE00005BBFFF775FFBDE81040014800F0FEBA85
:107BF00044C00020B4C100208D580200014800F0AC
:107C0000F3BA00BF44C00020014800F0EFBA00BF43
:107C100044C000202DE9F8430746884616464FF039
:107C200000097568013D11D4B468A389012B08D9F6
:107C3000B4F90E3001332146384602D0C04749EA34
:107C40000009013D6B1C04F16804EED13668002E7A
:107C5000E7D14846BDE8F8830CB430B5144B0D1E8F
:107C60001C689DB01FDB14BF01220022AA1A114B11
:107C70000593002121AB1B9102900690049207927C
:107C800002A9209A0193204602F0FCF8431CBCBFD5
:107C90008B23236015B1029B00221A701DB0BDE832
:107CA000304002B070478B2323604FF0FF30F5E780
:107CB000445300200802FFFF10B50C46B1F90E1026
:107CC00000F024FA002803DB236D0344236510BD74
:107CD000A38923F48053A38110BD00BF2DE9F04197
:107CE0001F46B1F90C301646DA050C4605460BD492
:107CF00023F48053A381B4F90E103B463246284644
:107D0000BDE8F04100F02ABA0223B1F90E100022BA
:107D100000F0E6F9B4F90C30EAE700BF10B50C4604
:107D2000B1F90E1000F0DCF9B4F90C30421C0EBFB2
:107D300023F4805343F480532065A38110BD00BF1A
:107D4000B1F90E1000F0BAB970B5ADF5067D0E466A
:107D5000009313464FF40072059206A905AA054642
:107D600000F028F898B10246059B0390314628465A
:107D700000F0F4F9039A059006AB9A4204D0284625
:107D8000114600F091FD05980DF5067D70BD4FF090
:107D9000FF30F9E700B5DFF818E084461346DEF857
:107DA00000005DF804EB0A466146FFF7CDBF00BF57
:107DB0004453002010B59AB021B1D2F800C0BCF1F4
:107DC000000F1CD100214FF4227CADF80CC019919A
:107DD000009104914FF6FF7C02910591144669468B
:107DE0001A461C9BADF80EC002F04CF8002814DBBC
:107DF000009B206000221A7004981AB010BD0091F8
:107E0000049161464FF4C16CADF80CC04FF0000C0A
:107E1000CDF864C0DEDA8B23036000201AB010BDF9
:107E2000884270B531D98B1883422ED9032A00EBD2
:107E300002011DD941EA030C1CF0030F1D4618D1A5
:107E40004FEA920C0CF1FF36A1EB8C048C4653F8F0
:107E500004ED4CF804EDA445F9D1C6EB867301EBB3
:107E6000830105EB830CACF10403043902F0030237
:107E700052B102F1FF3C6FEA0C0C9C4413F8012D47
:107E800001F8012D6345F9D170BD032A50D941EAAB
:107E900000039B074ED10F2A51D922F00F0301F1A5
:107EA000100601F1100C103B203100F1100E1944A6
:107EB0005CF8104C4EF8104C5CF80C4C4EF80C4C26
:107EC0005CF8084C4EF8084C5CF8044C4EF8044C36
:107ED0000CF1100C8C450EF1100EE9D1F11812F0D6
:107EE0000C0F034402F00F0503F1100325D025F019
:107EF000030CACF1040426461A1F1C198C465CF8CE
:107F000004EB42F804EFA242F9D1043104333144C6
:107F1000334405F00302002AB6D0013A0132013B96
:107F20000A4411F801CB03F801CF9142F9D170BD99
:107F30000346F0E7013A0346F0E72A46EBE703463B
:107F40001546D4E730B584078646034606D0A2B36B
:107F500003F8011B980702F1FF32F8D1032A26D952
:107F60005FFA81FC0CEB0C2C0F2A0CEB0C402AD98D
:107F700022F00F0C9C44C3E90000C3E90200103357
:107F80006345F8D112F00C0F02F00F0417D04FEA3E
:107F9000940C0CF1FF351A4603EB8C0C42F8040BE1
:107FA0006245FBD1043304F0030203EB850322B1E5
:107FB0001A4403F8011B9A42FBD1704630BD224699
:107FC000002AF5D1F9E71446E1E700BF8AB340EA99
:107FD00001039B0730B504468E4618D1032A07D803
:107FE00015E0043A23D01CF0803F20D1032A26D983
:107FF0002368DEF80050A3F10131AB4221EA030C03
:108000002046714604F104040EF1040EE9D0037811
:108010000C78A3420FD1013A024406E06BB110F88C
:10802000013F11F8014FA34205D19042F6D1002043
:1080300030BD10467047181B30BD184630BD204675
:108040007146E4E710B504460843830701D1032ACB
:1080500019D8A44601F1FF3E07E01EF8011F03F8FE
:10806000011B501E31B19C4602466346002AF4D1E2
:10807000204610BD94440028FAD003F8011B634544
:10808000FBD1204610BD0B46A44618681946A0F146
:10809000013323EA000313F0803F01F10403D9D137
:1080A000043A032A4CF8040BEFD81946D2E700BF74
:1080B000014B93F810027047DC50002038B5074C94
:1080C0000023054608462360FAF7FAFC431C00D05B
:1080D00038BD2368002BFBD02B6038BD30C2002098
:1080E00038B58C46084C114605461A4660460023B2
:1080F0002360FAF7F1FC431C00D038BD2368002B45
:10810000FBD02B6038BD00BF30C2002038B58C4694
:10811000084C114605461A46604600232360FAF7CC
:10812000CDFC431C00D038BD2368002BFBD02B6056
:1081300038BD00BF30C2002038B5074C00230546CB
:1081400008462360FAF7A2FC431C00D038BD236820
:10815000002BFBD02B6038BD30C2002038B58C46D8
:10816000084C114605461A46604600232360F9F77D
:10817000ADFA431C00D038BD2368002BFBD02B6028
:1081800038BD00BF30C20020014B1868704700BFE7
:108190004453002070B50E4E0E4DAE4208D0761BF3
:1081A000B610002455F8043B01349847A642F9D88C
:1081B000094E0A4D06F066FDAE4208D0761BB61099
:1081C000002455F8043B01349847A642F9D870BD05
:1081D000F01D0060F01D0060081E0060F01D0060D2
:1081E000704700BF704700BF704700BF704700BFB7
:1081F000082802D14FF48050704708B5FFF7C4FF3C
:10820000162303604FF0FF3008BD00BF00000000E0
:10821000000000000000000000000000000000005E
:108220000000000002780B78012A28BF9A4240F033
:10823000D8806DE9044540EA0104CDE902676FF09A
:10824000000C4FEA44721AB380EA010414F0070FDD
:108250006BD100F0070420F0070004F0030521F0C3
:1082600007014FEAC505F0E8042314F0040FF1E814
:1082700004670CFA05F462EA040266EA04060BD00D
:1082800063EA0403624667EA0407664604E000BF47
:10829000F0E80423F1E8046782FA4CF582EA060468
:1082A000A4FA8CF46CBB83FA4CF583EA0705A5FAB3
:1082B0008CF595B950E9022351E9026782FA4CF531
:1082C00082EA0604A4FA8CF483FA4CF583EA0705E3
:1082D000A5FA8CF52543DBD09CB92DBAB5FA85F407
:1082E00024F0070427FA04F1DDE9026723FA04F316
:1082F00003F0FF0001F0FF01FDE80445A0EB0100E1
:10830000704724BAB4FA84F424F0070426FA04F17E
:10831000DDE9026722FA04F202F0FF0001F0FF013A
:10832000FDE80445A0EB0100704714F0030F3CD1B9
:1083300010F0030428D150F8082B51F8083B82FABA
:108340004CF582EA0305A5FA8CF55DB950F8042CCA
:1083500051F8043C82FA4CF582EA0305A5FA8CF543
:10836000002DE8D02DBAB5FA85F424F0070423FADD
:1083700004F122FA04F202F0FF0001F0FF01FDE82F
:108380000445A0EB010070474FEAC40420F003004D
:1083900050F8082B21F0030151F8083B0CFA04F4C3
:1083A00062EA040263EA0403C9E710F003041DD083
:1083B000A1EB040120F00300E40750F8042B06D0E1
:1083C00012D28B785FFAA2F4E41A06D12BB1CB78E3
:1083D0005FFAB2F4E41A00D133B920465DF8104BCD
:1083E0007047A2EB0300704701F1040150F8042B21
:1083F000CC0721F0030151F8043B48D824D222F0E5
:108400007F4482FA4CF594EA1325A5FA8CF50AD13B
:1084100065B951F8043B84EA0204B4EB036F0ED152
:1084200050F8042BEBE74FEA132355E035F07F4576
:108430004DD10878FDE80445C0F1000070474FEACF
:10844000126203F0FF0347E002EA1C4482FA4CF593
:1084500094EA1345A5FA8CF50AD165B951F8043BA5
:1084600084EA0204B4EB034F0CD150F8042BEBE781
:108470004FEA134330E015EA1C4528D10B884FEA38
:10848000124229E04FEA124203EA1C4324E002F0C0
:10849000FF0482FA4CF594EA1365A5FA8CF50AD12B
:1084A00065B951F8043B84EA0204B4EB032F09D107
:1084B00050F8042BEBE74FEA13630DE015F0FF0FC4
:1084C00005D10B684FEA122223F07F4304E04FF0FE
:1084D0000000FDE80445704712BA1BBA82FA4CF45A
:1084E00082EA0304A4FA8CF5B5FA85F402FA04F2E0
:1084F00003FA04F34FEA1260FDE80445A0EB1360B1
:10850000704700BF80EA0102844612F0030F4FD18A
:1085100011F0030F32D14DF8044D11F0040F51F852
:10852000043B0BD0A3F101329A4312F0803F04BF09
:108530004CF8043B51F8043B16D100BF51F8044BF2
:10854000A3F101329A4312F0803FA4F101320BD122
:108550004CF8043BA24312F0803F04BF51F8043BA7
:108560004CF8044BEAD023460CF8013B13F0FF0F04
:108570004FEA3323F8D15DF8044B704711F0010F37
:1085800006D011F8012B0CF8012B002A08BF704708
:1085900011F0020FBFD031F8022B12F0FF0F16BFFF
:1085A0002CF8022B8CF8002012F47F4FB3D17047C7
:1085B00011F8012B0CF8012B002AF9D1704700BFEC
:1085C0000000000001F0FF01102A2BDB10F0070F64
:1085D00008D010F8013B013A8B422DD010F0070F64
:1085E00042B3F6D1F0B441EA012141EA014122F05F
:1085F00007047FF000070023F0E80256083C85EAF4
:10860000010586EA010685FA47F5A3FA87F586FA99
:1086100047F6A5FA87F68EB9EED1F0BC01F0FF015E
:1086200002F0070232B110F8013B013A83EA01037C
:1086300013B1F8D10020704701387047002D06BFF4
:1086400035460338073815F0010F07D1013015F40E
:10865000807F02BF013015F4C03F0130F0BC01380B
:10866000704700BF00000000000000000000000094
:1086700000000000000000000000000000000000FA
:108680000000000030B490F800F020F007016FF017
:10869000000C10F0070491F820F040F048804FF0F3
:1086A00000046FF00700D1E9002391F840F000F1D9
:1086B000080082FA4CF2A4FA8CF283FA4CF3A2FA84
:1086C0008CF34BBBD1E9022382FA4CF200F1080093
:1086D000A4FA8CF283FA4CF3A2FA8CF3E3B9D1E951
:1086E000042382FA4CF200F10800A4FA8CF283FA17
:1086F0004CF3A2FA8CF37BB9D1E9062301F12001F6
:1087000082FA4CF200F10800A4FA8CF283FA4CF3DE
:10871000A2FA8CF3002BC6D0002A04BF04301A46FC
:1087200012BAB2FA82F200EBD20030BC7047D1E943
:10873000002304F00305C4F100004FEAC50514F05E
:10874000040F91F840F00CFA05F562EA05021CBF2F
:1087500063EA050362464FF00004AAE79FED010BB0
:10876000704700BF000000000000F87F9FED010A85
:10877000704700BF0000C07FF0B51D4C83B00546B8
:108780002068019116461F46FFF72EFD194A0199F0
:10879000136823B35A6820681F2A23DC4DB9541C80
:1087A00002325C6043F82210FFF720FD002003B086
:1087B000F0BD03EB820E0124CEF88860D3F8886107
:1087C000944046EA040C022DC3F888C1CEF8087123
:1087D000E5D1D3F88C512543C3F88C51DFE7064B24
:1087E0001360D7E7FFF702FD4FF0FF30DFE700BF70
:1087F000D0500020A8BE0020ACBE0020F8B5064630
:1088000008200C46FFF7F4FC07463046FDF784FECF
:10881000224A93685D6825F00305A5F111031C1B2E
:108820003C44B4FBF7F4013C07FB04F4A74208DC2A
:1088300000213046FFF780FC184A93682B44984289
:1088400004D03046FDF76EFE0020F8BD6142304690
:10885000FFF772FC0130114A0DD0114993682D1BAE
:1088600045F001055D600B6830461B1B0B60FDF792
:1088700059FE0120F8BD00213046FFF75DFC074A94
:108880009268831A0F2BDCDD43F001035360054B24
:1088900003491B68C01A0860D3E700BF7048002076
:1088A00048C0002030530020002965D02DE9F04158
:1088B0000C460746FDF730FE54F804EC7D49A4F160
:1088C000080C2EF001030CEB03028D6850689542F2
:1088D00020F003000EF0010600F08B8015185060A8
:1088E0006D6805F00105A846AEBB54F8084CACEB2A
:1088F000040C2344DCF8084001F1080E74456BD0E9
:10890000DCF80C50E560AC60B8F1000F00F08C8032
:1089100043F00100CCF804001360B3F5007F35D2BA
:10892000DA0848685C090132012312B2A34003430C
:108930004B6051F83200CCF8080001EBC203083B51
:10894000CCF80C3041F832C0C0F80CC03846BDE855
:10895000F041FDF7E7BD85B9034401F1080E9068C9
:10896000704543F001047AD0D268C2609060CCF8C0
:1089700004404CF80330D0E770474EF00102B3F5E5
:10898000007F44F8042C4CF80330C9D3B3F5206FB2
:108990004FEA53204AD2980900F1390212B200F18D
:1089A0003804D20088188A580838904203D15FE012
:1089B0009268904204D0516821F003019942F7D89F
:1089C000D068CCE90220C0F808C03846C2F80CC014
:1089D000BDE8F041FDF7A6BDA5BB1844D2E90223CE
:1089E000D3609A6040F00103CCF804304CF80000EA
:1089F000ACE7184446B954F8083CACEB030C1844F7
:108A0000DCE90223D3609A6040F00103CCF8043023
:108A1000294BC1F808C01B68834297D8274B3846BA
:108A20001968FFF7EBFE91E7034498E714280FD984
:108A3000542824D8180B00F16F0212B200F16E0412
:108A4000D200AFE743F00101CCF8041013607DE7DA
:108A500000F15C0212B200F15B04D200A2E7C1E9AE
:108A600004CCCCE902EECCF804404CF803306DE7BE
:108A7000A4100123A3404C6823434B60A1E7B0F549
:108A8000AA7F07D8D80B00F1780212B200F1770460
:108A9000D20087E740F25452904206D8980C00F179
:108AA0007D0200F17C04D2007CE74FF47E727E24CC
:108AB00078E700BF704800203453002078C00020C1
:108AC0002DE9F041D0F810E0BEEB611F05DC00237A
:108AD000036100234361BDE8F08100F114044E11ED
:108AE00011F01F0C04EB8E0504EB860327D054F81D
:108AF000261004339D4221FA0CF137D9CCF120081D
:108B000027461A6802FA08F20A4347F8042B53F87A
:108B1000041B9D4221FA0CF1F3D8AEEB060E4FEA8E
:108B20008E0EAEF1050E4FEA9E02231D2EF0030EAF
:108B300043F822109E4489B10EF1040E0EE09D42CE
:108B400088BF00F11002C2D953F8041B42F8041F79
:108B50009D42F9D8AEEB060E04EB8E0EAEEB04038D
:108B60009B10A6450361B4D0BDE8F08141610029A6
:108B7000ADD0A646E0E700BF2DE9F04F8946096871
:108B800092468A7885B0302A0090029340F01C8289
:108B9000CB1C1A78302A1C4603F10103F9D0A4EB50
:108BA0000108A8F10208B04EB35C002B00F0EE8083
:108BB0002378F25C00231D46002A00F06F812746CF
:108BC00017F8012FB25C002AFAD1A84901930122BB
:108BD0003846FFF7FBF9019B834600284FD03A78CF
:108BE000002D00F0C781A5EB070B4FEA8B0B02F0BD
:108BF000DF02502A3D464FD0C9F80070002B74D1D7
:108C00002A1B013A072A194604DD5210072A01F1EE
:108C10000101FADC009800F0CBFB8146002800F04F
:108C2000988200F11407AC42019780F00082A146BF
:108C30004FF00008039000240CE0202C19D02146AE
:108C400004342A78B25C02F00F028A4048EA020833
:108C50004D4553D015F8012D2E2AEED14D45ECD3BC
:108C6000824901222846FFF7B1F90028F0D0202CD4
:108C7000E5D1002147F8048B04248846E1E7002D64
:108C800000F095813A7802F0DF02A5EB070B502A3D
:108C90004FEA8B0B3D46AFD16A782B2A00F06881F2
:108CA0002D2A40F0E5800120AA78B15C4A1E182ADE
:108CB00005F1020700F2E5807A78B25C10390137DD
:108CC00052B90BE001EB810102EB4102A2F110016C
:108CD00017F8012FB25C0AB1192AF3DD00B149423D
:108CE0008B44C9F80070002B8AD0B8F1000F0CBF7C
:108CF00006240024204605B0BDE8F08FDDF80C9076
:108D000047F8048B019BFF1ABB104046C9F810308E
:108D100000F028FCDAF80050C0EBC700A84255DC90
:108D2000C0F22A81DAF808305B45C0F21881DAF81F
:108D300004309B4580F2A780A3EB0B0BAB4570DAA8
:108D40000BF1FF34002C40F0858126466311019A17
:108D500004F01F0452F823200123A3401342A5EB83
:108D60000B055946484600F08481FFF7A9FEDAF862
:108D70000C40DAF804B0022C00F03981032C00F02A
:108D80009281012C00F08B8112247DE03749012271
:108D90002046FFF71BF90346002840F081806278E7
:108DA000B15C651C00297DD0302A2C4640F07D81C5
:108DB00014F8013F302BFBD0F25CB2FA82F34FF093
:108DC00001085B09002A7FF4FAAE67E0441B2146E4
:108DD000484601F027F8064678B1621E5311019902
:108DE000012651F8231002F01F0306FA03F30B4289
:108DF00003D0B24200F33481022621464846FFF7F1
:108E00005FFEDAF80830A3445B45C0F2A880DAF8C8
:108E100004305B4540F3DC80A3EB0B0B5D4500F3B6
:108E20000A81DAF80C20022A44D0032A00F02B81B0
:108E3000012A42D1AB4540D1BBF1010F08D00BF163
:108E4000FF31484600F0EEFF002836D0DAF8043053
:108E500002990B60019B0122C9F810201A600E9B39
:108E60006224C3F8009045E7CC400020C00C0020ED
:108E7000B15C4A1E182A05F101074FF000007FF689
:108E80001BAF2F46B8E601240E9BC3F80090029B4F
:108E90002046C3F800B005B0BDE8F08F274694E641
:108EA0002278254602F0DF02502A00F0E880C9F857
:108EB00000501AE70F9A002ACAD00098494600F0DD
:108EC000A1FA50240E9A00232046136005B0BDE895
:108ED000F08FD9F808309E4280F2EA8009EB8602D2
:108EE000731C0121022CC9F81030DDF80480516197
:108EF00000F0CE80002B40F3008108EB830409F1E1
:108F00001801D9F814308C424FEA530340F215810E
:108F100040460A6843EAC27340F8043B51F8043BF8
:108F20008C424FEA5303F4D8A4EB0902193A08F132
:108F30000401900822F0030241F820300A4403B1F2
:108F40000432A2EB08039B104245C9F8103000F030
:108F5000D780DAF808300BF1010B5B4565DA009831
:108F6000494600F04FFA0E9A0023A3241360C1E68D
:108F7000002099E6AB463AE62C1A4946009822466C
:108F800000F0A8FCDAF80830ABEB040B9B458146F7
:108F9000E5DCDAF804309B45BFF675AFA3EB0B0BAD
:108FA00000F11402AB450192BFF63BAFC8E67A78F8
:108FB000B15C7D1C2F4600293FF419AE17F8012F34
:108FC000B15C0029FAD10EE68C1C4FF00008EAE5EE
:108FD0000124002E3FF458AFDAF80C30022B06D0F3
:108FE000032B08D0012B2DD044F010044CE70F9B2D
:108FF000C3F101030F930F9B002BF5D0019AD9F811
:109000001060904602EB8600002104E042F8041B49
:1090100090427FF65EAF13685F1CF7D00133022CDD
:10902000136035D015F01F056ED121242CE7019F68
:109030004FF0000864E60BF1FF34002E3FF482AEDF
:10904000012683E6B207CFD5019B1B681E43F307B9
:10905000D4D4C9E72146484600F0E4FE064675E64A
:10906000A11E484600F0DEFE00283FF4C5AE0326F0
:10907000C3E6FFF725FD0224DAF804B0A9E74FF0B4
:10908000000B012308E60F9A002A7FF4E1AE14E7F3
:10909000DAF80030013BAB4243D02224F4E646F03C
:1090A00002060224D0E70224A5E74FF0010886E576
:1090B000D9F804100098013100F07AF90746002829
:1090C00041D0D9F8103002339A0009F10C010C306C
:1090D000F9F74AFB4946009800F094F93B690121F1
:1090E00007EB8302022C0B443B6107F1140851612A
:1090F000B946CDD09E4295DAFCE60023C9F810307F
:109100000023C9F8143024E708EB8606C5F12005D2
:1091100056F8040C00F026FAA84286DAD9F8103086
:10912000E8E66B1105F01F0558F823200123AB403A
:10913000134214BF21242224A6E6C8F80030002BD5
:10914000DBD04246FCE6064B06483A46842103F053
:1091500065F8034B03484A46E42103F05FF800BF7B
:10916000F83200200C3300200139036811F8012F78
:1091700003F1010CA2B100B502E011F8012F5AB1C0
:109180001CF8013BA3F1410EBEF1190F98BF20332B
:109190009342F2D0002000BDC0F800C0012000BD05
:1091A000C0F800C0012070472DE9F04F0B6815464C
:1091B0005A1105EB820213F01F0385B00CBF9046D5
:1091C00002F10408009382460CBF131F1346026885
:1091D000002048F8040C5178002900F0B3801C46A8
:1091E0009C46CDF804A00B46654E8646013281466A
:1091F00082464746214610E0202B00F29D805045D4
:1092000008DDA44502D2BEF1070F68DD65455DD3D8
:109210004FF0080E12F8013FCBB116F80380B8F1F9
:10922000000FE9D00EF1010EBEF1080F00F10100B0
:1092300041DCDCF800304FEA031B08F00F0848EA75
:109240000B03CCF8003012F8013F002BE5D1B846F3
:109250000B46002876D0A44502D2BEF1070F79DD77
:1092600065455AD2291F624652F8040B41F8040F93
:109270009A42F9D9A3EB0C02591C22F003020CF11B
:10928000010C8C4588BF0022291D0A44002011468C
:1092900004329A420860FAD958F8041C19B106E061
:1092A00053F8042D1AB99D42FAD101232B600520F1
:1092B00005B0BDE8F08F6545ACD24CF8049C4FF08A
:1092C000000BACF1040C4FF0010EB6E7ACF1040456
:1092D0004CF8049C8246A4464FF0000E9AE7CEF16B
:1092E000080E4FEA8E0ECDE902C7DCF80030E046EA
:1092F000CEF1200B9446D8F8042002FA0BF71F4356
:1093000022FA0EF3C8F8007048F8043FA045F2D3E3
:109310006246039FDDF808C078E7009A58F8041CFD
:10932000002ABBD0C2F120024FF0FF3020FA02F237
:10933000114048F8041CB1E7292BDDF804A0B84619
:109340000B4603D0042005B0BDE8F08F0132CAF807
:1093500000207EE7CEF10802DCF800109200C2F196
:10936000200E66460846776807FA0EF1014327FA91
:1093700002F0316046F8040FA642F4D370E700BF54
:10938000CC40002082B049B15AB16BB113780B6068
:109390001278101E18BF012002B0704701A9002AE0
:1093A000F3D1104602B070476FF00100F4E700BF40
:1093B00030B5436C83B005460C4653B153F82400D6
:1093C00088B1026843F824200023C0E9033303B0C6
:1093D00030BD21220421FCF77DFD0346686400288E
:1093E000ECD10020F3E7012101FA04F35A1D9200A9
:1093F00028460193FCF76EFD0028F2D0019B4460E3
:109400008360E1E731B1436C4A6853F82200086099
:1094100043F82210704700BF2DE9F0410E6917464E
:109420000D461C4601F114024FF0000E11688BB27C
:1094300007FB03434FEA134C090C07FB01CC0EF169
:10944000010E9BB203EB0C43764542F8043B4FEA16
:109450001C44EBDC3CB1AB68B34207DD05EB860393
:1094600001365C612E612846BDE8F08169680131F2
:109470008046FFF79DFF0746B0B12A69023205F129
:109480000C0192000C30F9F76FF9D8F844306A6893
:1094900053F82210296043F822503D4605EB86031D
:1094A00001365C612E61DEE7024B03483A46BA2181
:1094B00002F0B4FEF8320020703300202DE9F843AA
:1094C000092B089C1E460546884617463CDD224B64
:1094D00006F10802A3FB02325208012300215B00BF
:1094E0009A4201F10101FADC2846FFF761FF0146CB
:1094F00060B30123092F4461036113DC08F10A04FE
:109500000927BE420BDDF61B264414F8013B0A2254
:10951000303B2846FFF780FFB4420146F5D10846AC
:10952000BDE8F88308F10904A146B84414F8013BEA
:109530000A22303B2846FFF76FFF44450146F5D12C
:1095400009EB0704083CDCE70021CDE70A46034BA2
:109550000348D32102F062FE398EE338F83200204E
:1095600070330020B0F5803F034636BF030400206F
:109570001020B3F1807F3CBF1B020830B3F1805F45
:1095800006D3B3F1804F0FD29A0012D40330704744
:109590001A01B2F1804F00F1040006D29B0108D4F9
:1095A0005B00F3D4202070471A46002AFBDB013011
:1095B00070470230704700BF0368590708D0DA07C8
:1095C0001FD499072AD55B08036001221046704713
:1095D0009AB282B91B0CDAB2B2B11022190701D1CA
:1095E00004321B09990714D0D90701D401325B0852
:1095F000036010467047DAB24AB11A0717D1042245
:10960000EFE700221046704718221B0AE6E70822FF
:10961000FBE7590707D502329B08E9E79B080222BE
:10962000036010467047DB0804D12022CEE7DB0838
:109630000322DDE70332DBE738B5436C04460D4611
:109640004BB15868B0B102685A6000220123C0E9EA
:109650000323456138BD21220421FCF73BFC03466E
:1096600060640028EDD1094B0948002240F2451101
:1096700002F0D4FD1C2201212046FCF72BFC00281F
:10968000F1D001220223C0E90123DEE7F8320020F5
:10969000703300202DE9F04F0F691569AF4285B096
:1096A0000E46904605DB2A4643463D468846174609
:1096B0001E46D8F80830D8F80410EC19A342B8BFF9
:1096C0000131FFF775FE8446002800F09C801430BD
:1096D00000EB840E704505D20346002143F8041BBD
:1096E0009E45FBD8143606EB870296427CD208F1E1
:1096F000140707EB8505A5EB080308F11508A84535
:10970000A3F11503CDE902E44FEA930A8CBF0024CC
:1097100001249146E34605E0090C34D1B14500F13E
:1097200004005ED956F8041B8AB2002AF4D0CDE9B1
:109730000090B8468646002358F8041BDEF8000067
:109740001FFA81F94FEA114C81B202FB0911000C9A
:10975000194402FB0C0000EB114089B241EA0041C0
:1097600045454EF8041B4FEA1043E5D8DDE900906B
:10977000002C4FEA8A0208BF00220244536056F8C8
:10978000041C090CCAD00368CDF800908846BC467A
:10979000864600221946BCF8009008FB092909EB0F
:1097A00011499BB243EA09434EF8043B5CF8043B81
:1097B000DEF800101B0C8AB208FB032303EB1943ED
:1097C00065454FEA1342E6D8002C4FEA8A02DDF8DD
:1097D000009008BF00220244B145536000F104002C
:1097E000A0D8DDE902E4DC46002C02DC05E0013C07
:1097F00003D05EF8043D002BF9D06046CCF8104051
:1098000005B0BDE8F08F034B034862464FF4B171D9
:1098100002F004FDF832002070330020F8B512F099
:109820000303144607462FD10E46A4102AD03D6CE0
:10983000002D32D004F0010364103BB92868B8B1A0
:10984000054604F001036410002BF7D02A46314688
:109850003846FFF71FFF36B17B6C716853F8212043
:10986000326043F8216074B1064628680028E7D1C9
:109870002A4629463846FFF70DFF0023286003607B
:109880000546DEE73046F8BD013B0F4A52F823207B
:109890000023FFF7C1FD0646C7E701213846FFF761
:1098A00087FD054640B1012340F27122C0E9043230
:1098B000002338640360BDE7044B05482A4640F2A4
:1098C000451102F0ABFC00BF48470020F8320020F1
:1098D000703300202DE9F0470D4691462E69AB68A4
:1098E000496806EB6216741C9C4207464FEA6218F0
:1098F00004DD5B009C4201F10101FADC3846FFF710
:1099000057FD844600284FD0B8F1000F00F1140035
:109910000BDD08F105010CEB81010346002243F841
:10992000042B8B42FBD100EB8800296905F114035D
:1099300019F01F0803EB810E2ED0C8F12009024652
:109940004FF0000A196801FA08F141EA0A0142F8E9
:10995000041B53F8041B9E4521FA09FAF2D8AEEB1A
:109960000503153B23F0030305F11502964538BFA7
:109970000023043340F803A0BAF1000F00D13446AD
:109980007B6C6A68CCF8104053F82210296060465E
:1099900043F82250BDE8F087043853F8042B40F810
:1099A000042F9E45F9D8EAE7034B044862464FF47A
:1099B000EF7102F033FC00BFF8320020703300205A
:1099C00003690A6900B5B3EB020E12D100F1140C61
:1099D00014310CEB820301EB820101E09C4508D2BB
:1099E00053F8040D51F8042D9042F7D003D24FF0F4
:1099F000FF3E704600BD4FF0010E704600BD00BF37
:109A00002DE9F04F17460A693B69A2EB0308B8F14C
:109A1000000F83B00C4615D1143107F1140505EB86
:109A2000830501EB830302E0994280F0858053F8BF
:109A3000046D55F8042D9642F6D080F08A804FF0E0
:109A4000010805E0FBDB3B464FF000080F461C46D3
:109A50007968FFF7ADFC002800F086803A69266936
:109A6000C0F80C8007F1100107F11408834600F1DB
:109A7000140704F1140008EB820E944600EB8606EE
:109A80000023B946C2460A46019450F8041B52F816
:109A9000045F8CB21FFA85F8A8EB0408090C9844FF
:109AA000C1EB154101EB28411FFA88F848EA01444F
:109AB000864249F8044B4FEA2143E6D8A146019C6F
:109AC000301B1538153420F00300A64238BF0020A3
:109AD0000AEB00010431C4198E4562460846DC4693
:109AE00098BF23461AD9A7EB0A070434C61950F8C1
:109AF000045B13FA85F82B442D0C05EB28459BB22B
:109B000043EA05498645C6F800904FEA2543EDD85B
:109B10000EF1FF335B1A23F003032344B9F1000F66
:109B200004D153F8041D013A0029FAD06046CCF85C
:109B3000102003B0BDE8F08F0021FFF739FC844608
:109B400058B101220023C0E90423604603B0BDE8F8
:109B5000F08F3B4627461C467AE7074B074862468C
:109B600040F2372102F05AFB0246034B034840F211
:109B7000452102F053FB00BFF83200207033002073
:109B800082B08DED000B019A154B1340A3F1507379
:109B9000002B06DD00221946104641EC100B02B0E6
:109BA00070475B42B3F1A07F4FEA235209DA4FF4CA
:109BB0000023134100221946104641EC100B02B05D
:109BC0007047A2F114031E2BDABF4FF00042DA40B7
:109BD000012200231946104641EC100B02B07047D9
:109BE0000000F07FF8B5036900F114040F4604EBA0
:109BF00083010D1F51F8046C3046FFF7B3FCC0F130
:109C000020030A283B6034DDAC42A0F10B031AD2DA
:109C100051F8080C2BB3C3F1200C9E4020FA0CF233
:109C20001643A1F108059840AC4246F07F5343F437
:109C300040131AD251F80C1C21FA0CF108430246C9
:109C400043EC102BF8BD0B280AD006FA03F141F0C3
:109C50007F53002043F44013024643EC102BF8BD21
:109C6000002046F07F5343F44013024643EC102B90
:109C7000F8BDAC4238BF51F8081CC0F10B0C00F124
:109C8000150026FA0CFE34BF21FA0CF1002106FA69
:109C900000F04EF07F53084343F44013024643EC78
:109CA000102BF8BD2DE9F043894683B0012157EC14
:109CB000106B9046FFF77CFB0446002846D0C7F3A4
:109CC0000A55C7F313030DB143F480130193331EF8
:109CD00015D101A8FFF770FC019B636101212030C1
:109CE000216115B3A5F233450544C0F13500C9F82B
:109CF0000050C8F80000204603B0BDE8F083684675
:109D00000093FFF759FCDDE9002328B1C0F12001E1
:109D100003FA01F10A43C340002B0CBF01210221C9
:109D20006261A3612161002DDCD104EB8103A0F20B
:109D30003240C9F800001869FFF714FCC0EB41106D
:109D4000C8F80000204603B0BDE8F083034B044888
:109D5000224640F20F3102F061FA00BFF8320020D3
:109D600070330020F0B583B00E4669460746FFF712
:109D700039FF01A9304655EC104BB0EE407BFFF7A0
:109D800031FF33693A69D21ADDE900315B1A03EB1E
:109D90004213002B09DD17EE902A02EB035545EC28
:109DA000174B87EE000B03B0F0BD10EE902A51EC7C
:109DB000100BC3EB033302EB035141EC100B87EEA6
:109DC000000B03B0F0BD00BF0139491101F1010CD6
:109DD000116902F1140303EB81018B4200EB8C0C3F
:109DE00016D210B5A0F1040E53F8044B4EF8044FF0
:109DF0009942F9D8891A153921F003010430084431
:109E0000844504D9002340F8043B8445FBD810BDA9
:109E1000844505D9002340F8043B8445FBD87047AE
:109E2000704700BF03694A11934200F1140009DA38
:109E300000EB830302E053F8042D82B98342FAD881
:109E40000020704700EB8203F8DD11F01F01F5D010
:109E500050F822C02CFA01F28A409445EED001203D
:109E6000704700BF49B1FF2A02D80A70012070472D
:109E70008A2303604FF0FF3070470846704700BFE9
:109E8000000000002DE9F04F2DED028BD1B00C4603
:109E9000079190460993824602F076F90368119380
:109EA0001846FEF7EFFB08221090002120A8FEF7CD
:109EB00049F8A389180603D52369002B01F06E80A9
:109EC00000239FED728BCDE92533CDE9143327AA0A
:109ED0000D932492174612931393059345462C46EF
:109EE0006C4BD3F8CC61FEF7E3F820AA034600924E
:109EF0001AA922465046B047002800F09880C0F2C8
:109F00008E801A9A252A034601D01C44E8E7B4EB58
:109F10000508064640F08F8000234FF0FF328DF891
:109F20005F309B46069301342378049201349946AE
:109F3000A9F120035A2B00F2AF80DFE813F0FE02F4
:109F4000AD00AD00FA02AD00AD00AD00DD02AD0028
:109F5000AD00A802B702AD00B302C002AD00BC0262
:109F60005B005B005B005B005B005B005B005B0019
:109F70005B00AD00AD00AD00AD00AD00AD00AD00CB
:109F80002101AD009C01AC03210121012101AD00A3
:109F9000AD00AD00AD00A803AD00AD000803AD00FD
:109FA000AD00AD007302AD006103AD00AD009807D8
:109FB000AD00AD00AD00AD00AD00AD00AD00AD0039
:109FC0002101AD009C018701210121012101ED0347
:109FD00087016C00AD000804AD00F8033D041304D4
:109FE0006C00AD0073026A008303AD00AD00FB0797
:109FF000AD006A00A9F13003002214F8019B02EBC6
:10A00000820203EB4202A9F13003092BF5D9069233
:10A010008EE723788AE723784BF0200B86E7082227
:10A02000002120A8FDF78EFF01231C4458E7B4EB64
:10A030000508064610D02599269B0131434407297F
:10A04000C7E900582693259117DC0837059B434440
:10A050000593002E7FF460AF269B002B41F0038315
:10A06000079B9B8903F04003002B41F0CF860598A6
:10A0700051B0BDEC028BBDE8F08F079924AA504681
:10A0800001F022FF0028EBD127AFDFE7000000003E
:10A0900000000000DC500020B9F1000FDCD00023EC
:10A0A000CDE90B3301228DF8DC908DF85F300893F9
:10A0B0000A9204930E9337AD0292269A1BF0840302
:10A0C000904600F005819DF85F1009B3DDF894C05B
:10A0D00000260CF1010101200132786007290DF101
:10A0E0005F00CDE92512386000F33E8408377EB169
:10A0F000DDF894C00CF1010118A80232386007297C
:10A100004FF00200CDE92512786000F32084083773
:10A11000802B00F06583049B0A995E1A002E00F3E1
:10A12000E8801BF4807F40F021810A9B7B601A4409
:10A13000259B3D600133072B2692259300F3BC83BA
:10A1400008371BF0040F05D0069B02995D1A002DFD
:10A1500000F31884DDE9053102988142ACBF5B1839
:10A160001B180593002A40F0778300232593089B52
:10A170001BB108995046FEF797FB27AF2546AEE680
:10A18000099B073323F00703B3EC028B9FEDA17B00
:10A19000B0EEC86BB4EE476BF1EE10FA099300F322
:10A1A0003986B4EE488BF1EE10FA81F14685B9F1AB
:10A1B000610F01F07A83B9F1410F01F07084049BC3
:10A1C000013301F07F82B9F1670F18EE903A4BF43A
:10A1D000807801F0F584B9F1470F01F0F184002394
:10A1E000089318EE903A002BC1F20885B0EE487B38
:10A1F0000026A9F14103252B01F2DD81DFE813F0F0
:10A20000A50CDB09DB09DB09700ADD0ADB09DB09C8
:10A21000DB09DB09DB09DB09DB09DB09DB09DB091E
:10A22000DB09DB09DB09DB09DB09DB09DB09DB090E
:10A23000DB09DB09DB09DB09DB09DB09DB09DB09FE
:10A24000A50CDB09DB09DB09700ADD0A1BF0200F16
:10A2500040F0DE85099A1BF0100F52F8046B41F0B4
:10A260001C861BF0400F099201F08E8046F3C03827
:10A27000434636B21FE2B9F1430F03D01BF0100F73
:10A2800000F065860822002122A8FDF75BFE099AEE
:10A2900037AD126822AB2946504602F089FF0A907A
:10A2A000013001F0AE850A9B23EAE3730293099B18
:10A2B000269A043309930023CDE90B338DF85F30E0
:10A2C000089304930E931BF0840390467FF4FBAE37
:10A2D0000699029E8E1B002E00F321849DF85F10CC
:10A2E00000297FF4F3AE049B0A995E1A002E7FF7D3
:10A2F00018AF4A49259B0F91102E27DD39464FF0A4
:10A30000100837462E462546079C04E0103F102FC4
:10A3100001F1080116DD013340481032072BC1E975
:10A320000008CDE92532F1DD24AA2146504601F08E
:10A33000CBFD002840F09882103F102FDDE9253238
:10A3400027A9E8DC2C4635463E460F4601330F99D7
:10A3500039603244072BCDE925327E6000F36484F6
:10A360001BF4807F07F108073FF4DFAEB9F1650FFA
:10A3700040F3AC82B5EE408BF1EE10FA40F0528320
:10A38000259B27493960013301320121072B269291
:10A390002593796000F37F870837199B0D998B42CD
:10A3A00080F2EB84109B11991A44C7E90013259B96
:10A3B00026920133072B259300F3D38508370D9B95
:10A3C0005D1E002D7FF7BDAE1449259B0F91102D0A
:10A3D00040F39787A146DDF81C8010260C4604E068
:10A3E0000837103D102D40F38B8701331032072BB7
:10A3F000C7E90046CDE92532F2DD24AA41465046A0
:10A4000001F062FD002840F02F82DDE9253227AF00
:10A41000E7E700BFFFFFFFFFFFFFEF7F4C48002093
:10A42000B00D0020DDF8248058F8045B00238DF87F
:10A430005F30002D00F0A185B9F1530F00F0378790
:10A440001BF010030B9340F03287049B002BC1F2EA
:10A45000FC801A460B992846FEF7B4F89DF85F3049
:10A460000890002801F04884089A521B0A9222EAB8
:10A47000E27202920BB1013202920B9BCDF8248062
:10A4800004930E930C9308934FF0730915E6099B00
:10A4900053F8042B0692002A80F27584069A0993D9
:10A4A0005242069223784BF0040B3FE52B238DF8A4
:10A4B0005F3023783AE523784BF0800B36E5214670
:10A4C00011F8019BB9F12A0F01F09084A9F1300332
:10A4D000092B98BF002201F2DD8211F8019B02EBEB
:10A4E000820203EB4202A9F13003092BF5D942EABB
:10A4F000E27304930C461BE5504601F045FE4368A9
:10A5000013931846FEF7BEF815900646504601F024
:10A510003BFE826823781492002E3FF407AD002A98
:10A520003FF404AD1278002A3FF400AD4BF4806B89
:10A53000FCE423784BF0010BF8E49DF85F202378CE
:10A54000002A7FF4F3AC20228DF85F20EEE41BF0AC
:10A55000200F4BF0100000F02884099B073323F0F4
:10A5600007031A46596852F8083B099200228DF8F1
:10A570005F20049A002A18DB53EA010220F4906B52
:10A5800015D1049A9AB910F001031A46029300F00B
:10A59000738630238DF83F31049B0A92CDE90B334B
:10A5A0000E9308930DF23F1587E520F4806B50ADB4
:10A5B00003F00702DB0843EA4173C908303253EA6B
:10A5C0000106284605F8012DF2D11BF0010F00F01D
:10A5D0001582302A00F012823023049905F8013CDC
:10A5E000023850AB1B1A99424FF00002B8BF19460F
:10A5F000CDE90B2208920A93054602910E925CE582
:10A600001BF0200F4BF0100121D1099B1A1D099B53
:10A6100004981B684FF0000840458DF85F801E4687
:10A6200059DB21F0800B002B40F08C85099200282B
:10A6300040F0E983CDE90B000A900E90029008905B
:10A6400050AD3AE51BF0200F00F0BE835946099B40
:10A65000073323F0070200238DF85F30049BD2F804
:10A66000048052F8086B0992002B35DB56EA080388
:10A6700021F0800B31D1049B002B40F0C483CDE945
:10A680000B330A930E930293089350AD15E523788C
:10A690004BF0080B4AE41BF0200F4BF0100300F0C6
:10A6A0007A83099A073222F007029B46536852F8D0
:10A6B000086B09929846002BC0F2C282049A002AC5
:10A6C0000BDB56EA08032BF0800B06D1002A00F0C2
:10A6D0004187302607E009928B460A2E78F1000365
:10A6E00080F0BF823036049A9DF85F308DF83F616C
:10A6F000012AB8BF0122029201220A920DF23F15EF
:10A70000002B01F06D83029B013302930023CDE9FE
:10A710000B3308930E93D0E42378682B03BF637840
:10A720004BF4007B01344BF0400BFFF7FFBB099A61
:10A730001BF0200F02F1040300F0888312680599D2
:10A740001160C917516009932546FFF7C8BB2378EC
:10A750006C2B03BF63784BF0200B01344BF0100BD4
:10A76000FFF7E4BB099A049E52F8041B002047F649
:10A7700030038642ADF860308DF85F000B46C0F2C2
:10A78000DB832BF0800545F0020B002940F0D683D7
:10A79000002E00F0E686099230230122CDE90A213D
:10A7A0000E918DF83F3102960DF23F154FF078096A
:10A7B0008E4608910C91A5E31BF0200F40F02583F5
:10A7C000099A1BF0100F52F8043B41F05E831BF016
:10A7D000400F00F0E9859BB2099258460021C5E67A
:10A7E000069B02995E1A002E7FF795AC8B49259B3C
:10A7F0000F91102E24DD38464FF010082F461946D1
:10A800002546864C04E0103E102E00F1080013DDB2
:10A81000013110320729C0E90048CDE92512F2DDE7
:10A82000079924AA504601F04FFBE8B9103E102EBC
:10A83000DDE9251227A8EBDC2C460B463D460746F2
:10A8400001330F9939603244072BCDE925327E6000
:10A8500000F3638508375EE4079924AA504601F0A7
:10A8600033FB00283FF481AC089B002B3FF4F8AB8E
:10A8700008995046FEF718F8079B9B8903F04003A0
:10A88000FFF7F2BB109B11991A44C7E90013259BEF
:10A8900026920133072B259300F3068707F1080161
:10A8A0000028C1F21E810D980D6001330244072B70
:10A8B000CDE92532486046DD079924AA504601F0CB
:10A8C00003FB0028D0D1269A27AF3AE40D98259BA8
:10A8D000012802F1010203F1010307F1080140F32D
:10A8E00064810120072BCDE925323D60786000F3BB
:10A8F0002C821098119E01330244072BC1E900609D
:10A90000CDE9253200F32D8208310D98B5EE408B4C
:10A91000F1EE10FA00F1FF3600F05F8101330135EE
:10A920003244072BCDE925320D604E6000F349819A
:10A9300008311298486001330244072B1CA8CDE966
:10A9400025320860B8DC01F10807FFF7FABB079968
:10A950000F9324AA504601F0B7FA002884D1269A12
:10A960000F9B27AFFFF7D4BB07990F9324AA50463C
:10A9700001F0AAFA00287FF477AF269A0F9B27AF41
:10A98000FFF7B5BB102D259B41F3D580A046DDF820
:10A990001C90234C102604E0103D102D07F10807F1
:10A9A00015DD01331032072BC7E90046CDE925320A
:10A9B000F2DD24AA4946504601F086FA00287FF4C9
:10A9C00053AF103D102DDDE9253227AFE9DC2146DC
:10A9D0004446884601332A44072BC7E90085CDE960
:10A9E00025327FF7B7AB079924AA504601F06CFADD
:10A9F00000287FF439AF269AFFF7ACBB049950AA20
:10AA0000521B91424FF00003B8BF1146CDE90B3302
:10AA100008930A9202910E93FFF74FBB4C48002017
:10AA2000304300201998002840F300840B9B0D99B7
:10AA30008B42A8BF0B46002B98460ADD1A44C7E993
:10AA40000053259B26920133072B259300F3B487EF
:10AA500008370B9EB8F1000FA8BFA6EB0806002E22
:10AA600000F3AB820B9B1BF4806F03EB050940F0F6
:10AA7000CA82199B0D998B4203DB1BF0010F00F07A
:10AA80007D85109911980A44C7E9000125992692FD
:10AA900001310729259100F39B8708370D996E181E
:10AAA000A6EB0906CD1AAE42A8BF2E46002E0BDD3E
:10AAB000259BC7F8009001333244072B7E60269215
:10AAC000259300F3D3870837002EA8BFAD1B002DB8
:10AAD0007FF737ABB949259B0F91102D40F31184B7
:10AAE000A146DDF81C8010260C4604E00837103D16
:10AAF000102D40F3058401331032072BC7E90046BF
:10AB0000CDE92532F2DD24AA4146504601F0DCF9B8
:10AB100000287FF4A9AEDDE9253227AFE7E72599C4
:10AB2000102E404640F361870F943A46A846079C92
:10AB3000A34D1F4604E0103E102E02F1080216DD60
:10AB40000131103010230729CDE92510156053601D
:10AB5000F1DD24AA2146504601F0B6F900287FF421
:10AB600083AE103E102EDDE9251027AAE8DC3B4617
:10AB70000F9C17462A464546904601F1010C3218B3
:10AB8000BCF1070FCDE925C2C7F800807E6000F355
:10AB900036839DF85F100837002940F0F880002BBD
:10ABA0003FF4B9AA0B46FFF7A5BA1BF0010F7FF4DB
:10ABB00098AE0120072BCDE925323D6078607FF704
:10ABC000B8AE079924AA504601F07EF900287FF418
:10ABD0004BAEDDE9253227A9ABE60D9801287FF7BA
:10ABE000A8AE112875480F9040F3B783A046079F81
:10ABF0001025044604E00831103E102E40F3AC83CB
:10AC000001331032072BC1E90045CDE92532F2DDD1
:10AC100024AA3946504601F057F900287FF424AEA3
:10AC2000DDE9253227A9E7E7079924AA504601F074
:10AC30004BF900287FF418AE269A27AFFFF771BAB8
:10AC40002D238DF85F30049B764268EB4808002B7B
:10AC5000FFF643AD0A2E78F100032BF0800BFFF4D2
:10AC600041AD0294CDF8289050A9DDF85090089796
:10AC70004FF0000C0BF4806426E016EB08035148FB
:10AC800043F10003A0FB032020F0030202EB90023B
:10AC90009B1AF31A4B484FF0CC32B646474602FB9C
:10ACA00003F268F1000800FB0822A3FB0063BEF179
:10ACB0000A0F13444FEA560677F10007294646EA81
:10ACC000C3764FEA53082DD33E4D16EB080343F1EC
:10ACD0000003A5FB032020F0030202EB90029B1A65
:10ACE000F31AA3FB053268F1000005FB00225B08A4
:10ACF00043EAC27303EB8303A6EB430330330CF147
:10AD0000010C01F8013C4D1E002CB6D099F8003022
:10AD10006345B2D1BCF1FF0FAFD00A2E78F100032A
:10AD200080F0B3830499029CCDF8509050AB5A1B2D
:10AD30009142B8BF1146DDF82890089F9DF85F301A
:10AD4000CDF834C00A920291DAE4079924AA504659
:10AD500001F0BAF800287FF487ADDDE9253227A994
:10AD6000C7E5079924AA504601F0AEF800287FF401
:10AD70007BADDDE9253227A9C7E51BF0010F3FF4C4
:10AD8000E0A9FFF70FBB09932378FFF7CFB81E4662
:10AD90000023FFF79EB9099A0432099909920E68B7
:10ADA0004FEAE6789B46434685E4099B1A1D099BBA
:10ADB00009921B680021FFF7D9BB00BF4C48002057
:10ADC00030430020CDCCCCCC099A1BF0100052F8B7
:10ADD000043B41F057801BF0400100F0A8818DF842
:10ADE0005F009BB204994FF0000841451E46C0F237
:10ADF000A9812BF0800B002B40F0A481049B0992C9
:10AE0000002B3FF43CAC00266CE45846FFF7A5BB92
:10AE10005B4646E4B5EEC08BF1EE10FA2BF0800BEA
:10AE200000F11E839DF85F30B9F1470FCCBFA44DF0
:10AE3000A44D002B40F052870322CDE90B33089339
:10AE40000A9204930E930292FFF737B91BF0100F8A
:10AE500040F07C821BF0400F40F0A7831BF4007F82
:10AE600000F07482099A0599126811706BE4964E8D
:10AE70001BF0200F00F07D81099B073323F00703AF
:10AE80001A46586852F8083B09921BF0010140F03D
:10AE90005C81049A8DF85F10002AC0F28B8153EA1E
:10AEA00000022BF4906B00F0948103F00F02B25C6F
:10AEB0008DF83F211B0943EA0073020953EA101081
:10AEC0000DF23F150BD003F00F001B09305C05F8A5
:10AED000010D43EA0273120953EA0200F3D1049A06
:10AEE00050AB4FF0000E5B1B9A42CDE90BEEB8BFA2
:10AEF0001A460A930292CDF820E0CDF838E00029F6
:10AF00003FF4DBA8029BDDE925C2023302931BF06C
:10AF100084039046614604D1069E0298361A002E9C
:10AF200006DCBEF1000F3FF4E5A80226FFF7D1B81A
:10AF30000223F5E5654E9BE74BF0020B0992634E49
:10AF400003F00F020221B25C4FF07809B0E7099BD1
:10AF50001B688DF8DC30012302930A9337ADFFF7AD
:10AF6000A6B9079924AA504600F0AEFF00287FF446
:10AF70007BAC269A27AFFFF722BA049B0895062BD5
:10AF800028BF062302930A932B460495CDE90B3381
:10AF90004F4DCDF824800E93FFF78FB840215046D7
:10AFA000FAF7E4FF079B18601861002800F060873B
:10AFB000079A40235361FEF783BF102E259B40F371
:10AFC0002E874448DDF81C800F9039464FF0100959
:10AFD000074604E00831103E102E40F32B82013367
:10AFE0001032072BC1E90079CDE92532F2DD24AA20
:10AFF0004146504600F068FF00287FF435ACDDE99B
:10B00000253227A9E7E70D9BDDF83880CDF83CB065
:10B01000EB1804930C9BDDF81CB00B94002B4E46F0
:10B020003946DDF85090159F0E9531DDB8F1000FCF
:10B0300040F32B8108F1FF382598139B01303A44E7
:10B040000728C1E900372692259000F39F80083138
:10B05000049B99F800009D1B8542A8BF0546002D62
:10B060000CDD259801302A440728C1E900652692A5
:10B07000259000F35E8199F800000831002DACBFE7
:10B08000441B0446002C14DC06440C9B002BCDDC36
:10B09000B8F1000FCEDCDDE90D35EB189E42CDF89E
:10B0A00050900B9CDDF83CB0B1460F4628BF994646
:10B0B000DFE4102C2598074B2BDD10250A9310E0B8
:10B0C0009C320020CC330020E8330020D433002011
:10B0D000FC3300204C480020103C102C01F10801EA
:10B0E00016DD0130AE4B10320728C1E90035CDE93D
:10B0F0002502F1DD24AA5946504600F0E5FE00285D
:10B100007FF4B2AB103C102CDDE9250227A9E8DC66
:10B110000A9B0B60013022440728CDE925024C60D0
:10B1200000F3588399F8000008310644ADE71BF49A
:10B13000007840F0328204998DF85F8000291E4625
:10B14000BFF657AE0992FFF7C8BA53EA000237D0EC
:10B1500030228DF8602000228DF85F20049A8DF84F
:10B160006190002A23DB2BF4906242F0020B022153
:10B170009BE6099A1BF0100F52F8043B099214D178
:10B180001BF0400F0DD09BB200207EE624AA59464A
:10B19000504600F099FE00287FF466AB269A27A956
:10B1A00056E71BF4007F40F0F58100206DE64BF080
:10B1B000020B022103F00F022BF4806BB25C77E6E6
:10B1C000049B00218B428DF85F10C0F241812BF46B
:10B1D000906B049A002A00F0CB80012A33788DF816
:10B1E0003F31B8BF0122002302920122CDE90B3387
:10B1F00008930A920E930DF23F15FEF75EBF079972
:10B200000F9324AA504600F05FFE00287FF42CAB79
:10B210009DF85F10269A0F9B002900F0AC801E4617
:10B22000DDF894C0034627AFFEF753BF259B5D4969
:10B230003960013301320121072B26922593796071
:10B2400000F37C81083700287FF41CAB0D990BF0CC
:10B2500001030B433EF475AF109B11991A44C7E9E3
:10B260000013259B26920133072B259300F31C82A4
:10B2700007F10801FFF717BB049B0A93CDE90B33D5
:10B280000E93089350ADFEF718BF0C9B013B09F1DC
:10B29000FF390C93D0E6079924AA504600F014FE1B
:10B2A00000287FF4E1AA269A27AFFFF776B8082294
:10B2B000002122A81B95FCF745FE049B002B7DDB9B
:10B2C00000260294CDF82080344698460EE037A937
:10B2D000504601F06DFF411C204400F0948440452D
:10B2E00009DC06F1040600F0008504461B9A925919
:10B2F00022AB002AEBD10A94DDF82080029C6AE0A0
:10B300004C4601330F9939602A44072B7D60CDE903
:10B3100025327EF715AFFFF7CFBA079924AA50461A
:10B3200000F0D2FD00287FF49FAA269A27AFFEF7EF
:10B33000F2BE24AA5946504600F0C6FD00287FF40C
:10B3400093AA99F80000269A27A997E6099A0599E1
:10B3500012681160FFF7F7B9444601330F9808608F
:10B360003244072BCDE925324E607FF7E1AA28E46D
:10B37000049BFFF784B9002B00F00981DDF894C02D
:10B380000B4627AFFEF7B6BE1BF4007F16BF46F391
:10B39000C0184FEAE67876B24346FFF78CB900BF93
:10B3A0004C480020B00D00201BF4007100F0F98023
:10B3B000DBB2099258460021FFF7D8B822AB0093C0
:10B3C00000231BAA1946504601F01AFF0A900130CB
:10B3D00000F019841B950A9B002B00F09F80632BC3
:10B3E00000F34C810023089337AD0822002122A8E6
:10B3F000FCF7A8FD0A9E22AB00931BAA3346294600
:10B40000504601F0FDFE864240F042850A9A002334
:10B41000AB5422EAE27202929DF85F20049312B1CB
:10B42000029A01320292CDE90B33CDF824800E93BB
:10B43000FEF743BE0F4601330F9939603244072BA4
:10B44000CDE925327E6000F323810837FFF70ABB80
:10B4500033788DF83F312BF4806B0DF23F153EE5CC
:10B460002D238DF85F30B9F1470F4FF0000308939B
:10B47000049340F3E6800322964D0A92CDE90B3304
:10B480000E9304230293FEF718BE159A1399AD1A72
:10B490002846FCF7D7FD99F801300BB109F10109F5
:10B4A0008D4A16EB080343F10003A2FB030727F0C4
:10B4B000030000EB97001B1AF31A4FF0CC3168F130
:10B4C000000803FB01F102FB0811A3FB0230014459
:10B4D0005B0843EAC1764FEA510816EB080343F1D3
:10B4E0000003A2FB031020F0030101EB90015B1AA3
:10B4F000F31AA3FB023168F100005B0802FB0012A3
:10B5000043EAC27303EB8303A6EB4303303305F82E
:10B51000013C4FF0010C013DFFF7F8BB9DF85F3097
:10B52000CDF82480003B18BF012302930A9B0493AB
:10B53000CDE90B330E930893FEF7BFBD079924AAFC
:10B54000504600F0C1FC00287FF48EA91998269A75
:10B5500027AF78E69DF85F3002920A9250ADFFF770
:10B56000CFB8049B0992CDE90A330E930C93029352
:10B5700050AD4FF078099E460893C3E46E18A6EBD1
:10B580000906CD1AAE42A8BF2E46FFF79DBA27AFD7
:10B59000FEF7C1BDDBB2002077E48DF85F10DBB2AF
:10B5A00020E409925846FEF7E1BF099A059912680E
:10B5B0001180FFF7C8B822AB01931BAB0093B0EE2C
:10B5C000470B049A19AB022150468DED027B00F027
:10B5D000D9FE9DED027B05461BF0010F40F0558220
:10B5E000229B5A1B199B0D92D81C0B93C0F201820F
:10B5F00004999942C0F20B819A4200F392820B9B0C
:10B600000A931BF4806F03D00B9B002B00F32D8358
:10B610000A9B23EAE373C34602934FF067090023B2
:10B620000E930C930BF00201002E00F0CA804FF035
:10B630002D0E8DF85FE0029B0133029300230493EB
:10B640005DE40322254D0A9218E72846FDF71AF813
:10B650009DF85F300A9020EAE0720292002B3EF4DF
:10B660000CAFFEF708BF079C24AA2146504600F005
:10B670002BFCA38903F04003FEF7F6BC591C50468F
:10B68000FAF774FC0546002800F0F6830890ACE653
:10B69000079924AA504600F017FC00287FF4E4A87C
:10B6A000269A27AFFFF7DEB9079924AA504600F083
:10B6B0000BFC00287FF4D8A8DDE92532199827A9CA
:10B6C000FFF7EEB800230893062304934BF4807829
:10B6D000FEF787BD9C320020CDCCCCCCCC330020F3
:10B6E000049B01330D93022122AB01931BAB00930A
:10B6F000B0EE470B19AB0D9A50468DED027B00F072
:10B7000041FE0D9B29F0200CBCF1460F9DED027B04
:10B71000054600EB030100F09880B5EE407BF1EEAA
:10B7200010FA00F0D882229B994288BF4FF0450C56
:10B7300040F2CF8230205A1C22921870229B8B42FA
:10B74000F9D35B1B0D93BCF1470F199B0B9356D09C
:10B75000BCF1460F00F08F800B9B8DF87090013B81
:10B76000002B1993C0F24C812B22092B8DF87120EC
:10B7700000F34F8130228DF872200DF173023033C7
:10B7800002F8013B1CABD31A12930D9B129A012BAA
:10B790001A440A9240F341820A9B109A13440A9376
:10B7A0000A9A2BF4806343F4807B22EAE27200233E
:10B7B000CDE90B330E93029234E7049B0D930321E2
:10B7C00092E79DF85FE0BEF1000F7FF434AF04967E
:10B7D000FFF795BB24AA5946504600F075FB002898
:10B7E0007FF442A899F80000269A27A906444CE461
:10B7F000199B0B934B1BBCF1470F0D933BD10B9B3C
:10B800000333C0F2F680049B0B9A93420FDA0B9B32
:10B81000013BA9F10209002B8DF870901993A3DA6E
:10B820000B9B2D22C3F101038DF87120A2E70D9B24
:10B830000B9A934200F375811BF0010F0B9B00F0F4
:10B84000B282109A13440A93DBE62B78302B00F077
:10B850006182199B1944B5EE407BF1EE10FAC7D016
:10B86000229B8B42FFF466AF5B1B0D93BCF1470F2D
:10B87000199B0B93C3D00B99049A0BF00103002979
:10B8800043EA020340F3CF82002B40F01A820B9B65
:10B890000A934FF066091BF4806F40F0E8810A9B21
:10B8A00023EAE373C3460293B9E647F63003ADF8E3
:10B8B0006030049B632B4BF0020B00F35C8118EEAD
:10B8C000903A002BC0F23B81B0EE480B19A800F073
:10B8D00061FCB4EE007B20EE077BB5EE407BF1EE21
:10B8E00010FA40F0408201230026199337AD0896E4
:10B8F000AE480499B3EE004B2B4606E0B5EE407B14
:10B90000F1EE10FA00F00F82114627EE047BFDEEF7
:10B91000C76B4A1E16EE90CA10F80CE0B8EEE65B54
:10B920009C4637EE457B03F801EB0029E6D1B6EEE5
:10B93000005BB4EEC57BF1EE10FA08DCB4EE457B9B
:10B94000F1EE10FA1ED116EE902AD2071AD5CDF8D4
:10B9500088C013F8011C90F80FC08C451A460AD114
:10B960004FF0300E02F801EC229A511E229112F88B
:10B97000011C6145F6D0392916BF0131817AC9B25F
:10B9800002F8011C199A5B1B0D93B9F1610F02F1CA
:10B99000FF33199300F01F8250214FF04109002B13
:10B9A0008DF87010C0F20E822B22092B8DF87120B9
:10B9B0002FDC0DF17202E2E6079924AA504600F04E
:10B9C00083FA00287EF450AF269A27AFFFF741B8DC
:10B9D000079924AA504600F077FA00287EF444AF75
:10B9E000199B269A27AFFFF759B8DFF8CC81FFF7EC
:10B9F000C4B80B9BA9F10209013B8DF87090199313
:10BA00000B9A2D238DF87130C2F101030832BFF675
:10BA1000B1AE0DF17F0CDFF8A4E162461046AEFB3B
:10BA20000312D20802EB8201A3EB41013031632BF8
:10BA300000F8011C134600F1FF32EFDC303302F84E
:10BA4000013C831E634580F0C8810DF1710213F83B
:10BA5000011B02F8011F6345F9D103F5A0736B4484
:10BA6000CC3B1B1A1CAA9B1A12938EE6079924AA98
:10BA7000504600F029FA00287EF4F6AE199D0D9B81
:10BA8000269A5D1B27AFFFF71FB8049B4FF0470CAA
:10BA9000E918E0E600230C460493FEF749BA45F6A0
:10BAA0003003ADF86030049B632B4BF0020B62DC7B
:10BAB00018EE903A002B42DBB0EE480B19A800F0CC
:10BAC00069FBB4EE007B20EE077BB5EE407BF1EE28
:10BAD00010FA01D10123199300263548089637AD95
:10BAE00007E74642103033480F9052DA102780465D
:10BAF00003E00831103E102E4BDD01331032072BCE
:10BB0000C1E90087CDE92532F3DD079924AA504623
:10BB100000F0DAF900287EF4A7AEDDE9253227A986
:10BB2000E8E70D9B109A9A180B9B0A92002B79DD7F
:10BB30004FF06709AFE6DFF88080FEF74BBF0023C8
:10BB4000089337AD2D26B1EE487BB0EE470B19A810
:10BB500000F020FBB4EE007B20EE077BB5EE407BCF
:10BB6000F1EE10FA04BF01231993B9F1610F3FF40C
:10BB7000BFAE0F48BDE6049B5046591CFAF7F6F9D4
:10BB80000546002800F03D8108904BF48078FEF7D0
:10BB900028BB01330F9808603244072BCDE92532CA
:10BBA0004E6000F302810831FEF77DBED4330020E1
:10BBB000E83300204C48002030430020CDCCCCCCD2
:10BBC000049A002A00F0D480002BC0F22481B0EE49
:10BBD000487B002622AB01931BAB0093B0EE470BD2
:10BBE00019AB049A022150468DED027B00F0CAFB8E
:10BBF00000239DED027B05460893EDE42D26B1EE72
:10BC0000487BFEF7F6BA079B9B890022089243F017
:10BC10004003079A9381FEF727BE1BF0010F3FF404
:10BC2000BFADB9E5C3F101031A4422EAE273C3468A
:10BC30000A9202934FF06709F1E418EE903A13F07C
:10BC400000432BF0800B0B9300F09A802D238DF88E
:10BC50005F30B9F1470F4FF000030893049340F3AE
:10BC6000F8800322944D0A9208E44FF06709149972
:10BC70000B78FF2B00F0F88000200B9A0E90844682
:10BC800003E001300131FF2B09D0934207DAD21AC9
:10BC90004B78002BF5D10B780CF1010CF3E7CDE9D3
:10BCA0000B201491CDF838C00C9A0E9B15991344B3
:10BCB0000A9A01FB03230A9323EAE373C346029320
:10BCC000B0E4109B02EB01094B440A934FF0660964
:10BCD000E1E55B1B0D93199B0B933DE500230322CC
:10BCE00008930A920493FFF7C9BB049B029CDDF8FA
:10BCF00020800A93FFF76FBBCDF824801BB3049B11
:10BD00000A935A1C029204900E900C904FF0730903
:10BD1000FEF7D3B9B5EE407BF1EE10FA1ED1199BB8
:10BD20000B93194466E5002A0491FFF62BAE0499A3
:10BD3000302001EB030C194601F8010B6145FBD1E2
:10BD40001A44531C1EE6049B0A930293089B0E930D
:10BD50000C9304934FF07309FEF7AFB90D9BC3F139
:10BD60000103199376E500265448089637ADC0E5DF
:10BD7000934273DBB0EE487B0123049E049329E7D2
:10BD80009DF85F30B9F1470FCCBF4B4D4C4D002BA8
:10BD900040F08680032204930A920E930C9308933A
:10BDA0000292FEF78AB90A932BE4079924AA504617
:10BDB00000F08AF800287EF457ADDDE9253227A986
:10BDC000FEF771BD2D238DF87130C2F101030832E9
:10BDD000FFF61FAEEDE57021E1E502231293D4E4F6
:10BDE000CDE90B3308930E93FEF767B9099A637890
:10BDF0000C4652F8041B099241EAE1710491FEF7E6
:10BE000095B8079A938943F0400393814FF0FF332D
:10BE10000593FEF72CB92D26B1EE487BDAE62949C9
:10BE20000F91FFF708BBC34633B9012302934FF0CC
:10BE300066090A93FFF7F3BB109B03F10109049B0A
:10BE40004B440A9323EAE37302934FF06609FFF72A
:10BE5000E6BB03221A4D0A92FFF710BB01232D26E1
:10BE60000493B1EE487BB5E600230E930C931BE7D9
:10BE70000C23CAF80030C9E7079B08909B8943F060
:10BE80004003C6E65946FEF7C2BB5846FEF78FBFD1
:10BE9000079B9B8943F04003BBE65B46FEF77DBFF3
:10BEA000002304930E930C93089303230A93042313
:10BEB0000293FEF702B900BF98320020D43300206D
:10BEC000D03300204C4800202DE9F04115469268FF
:10BED00002B32C6807468846083401E00834C9B12B
:10BEE0006B68581E002B1146686013DD54F8046C13
:10BEF000002EF3D0334654F8082C4146384602F061
:10BF000015FB431C07D0AA68921B1146AA6008348F
:10BF10000029E5D100200023C5E90133BDE8F08107
:10BF200070B5002941D006460C4610B1436B002B7A
:10BF30003ED0FBF763FE636EB4F90C20DD0730D40E
:10BF4000900538D52146304600F04CF8E36A0546A6
:10BF500033B1E169304698470028B8BF4FF0FF354C
:10BF6000A3891A0639D4216B41B104F140039942E7
:10BF700002D03046FCF798FC00232363616C21B1AA
:10BF80003046FCF791FC00236364636E0022DB07FC
:10BF9000A2811ED5A06DFCF725F9FBF735FE2846DA
:10BFA00070BD002ACED1FBF72FFE0025284670BDBC
:10BFB000FBF706FEBDE7A06DFCF716F9B4F90C30EF
:10BFC000002BBFD1636ED907EDD4A06DFCF70EF93D
:10BFD000E9E7A06DFCF70AF9DCE721693046FCF7D8
:10BFE00063FCC0E7B1F90C202DE9F0418046100751
:10BFF0000C4650D4496842F400630029A38164DDF3
:10C00000A66A002E44D0002112F48052D8F80050C5
:10C01000C8F8001065D1E16901234046B047411CD2
:10C0200002466CD0B4F90C30A66A5B0705D563688C
:10C03000D21A236B0BB1E36BD21A0023E16940469D
:10C04000B047471CB4F90C304DD1D8F800101D2969
:10C0500040D8304ACA40D6073CD52269226023F432
:10C060000062A281D9044FF00002626003D5D8F8C3
:10C070000030002B41D0216BC8F8005041B104F1D1
:10C080004003994202D04046FCF70EFC0023236394
:10C090000020BDE8F0810E69002EF9D00D680E6019
:10C0A00092070CBF4B690023AD1B8B600AE02B4647
:10C0B0003246E169676A4046B8470028A5EB0005AB
:10C0C000064406DD002DF2DCE2E7E16B002997DC97
:10C0D000DEE7A38943F04003A3814FF0FF30BDE8C2
:10C0E000F081226DA1E72269226023F40062A2811F
:10C0F000DB044FF000026260BDD52065BBE7D8F8D5
:10C100000030002B8ED01D2B01D0162BE1D1C8F8AA
:10C110000050BDE70100402000B5034683B008B1E0
:10C12000426B52B3B1F90C0098B14A6ED20701D4F8
:10C13000820512D518460091FFF754FF00994A6E08
:10C140000346D00702D48A8992050ED5184603B05B
:10C1500000BD0346184603B000BD886D01930091F1
:10C16000FCF742F8DDE90013E4E7886D0093FCF783
:10C170003DF8009B184603B000BDCDE90001FBF778
:10C180001FFDDDE90031CDE700487047B4520020C3
:10C19000000000004DF804BD83B08DED000B019A46
:10C1A000DFF870C022F0004300216345016025D80C
:10C1B000DDF800C053EA0C0C20D0DFF85CC002EAC6
:10C1C0000C0CBCF1000F0AD19FED107B20EE077B19
:10C1D0008DED007B019A6FF0350122F00043DDE91F
:10C1E00000BC6FF31E5242F07F5C1B154CF4001C28
:10C1F000A3F2FE33CDE900BC0B4403609DED000BC0
:10C2000003B05DF804BB7047AFF30080000000008E
:10C2100000005043FFFFEF7F0000F07F00B50B4CA4
:10C220002468864685B0E0689C460C4652B10849B1
:10C230000094CDE9011273460649624600F0ECFF16
:10C24000F6F750FC04490A46F2E700BF44530020C9
:10C250000434002014340020803000202DE9F04FF9
:10C2600003690C69A34283B0C0F28880013C01F1EC
:10C27000140500F1140855F8243058F8242001332F
:10C2800008EB84069A4200964FEA840B05EB84077C
:10C29000B2FBF3F63AD300230191C64629469C46E9
:10C2A00051F8042BDEF800901FFA82FA06FB0A33DD
:10C2B0004FEA134A120C06FB02A29BB21FFA89FA3C
:10C2C000AAEB030363441FFA82FCCCEB234C0CEB78
:10C2D000194C9BB243EA0C438F424EF8043B4FEAA1
:10C2E0002C4C4FEA1243DBD258F80B3001996BB952
:10C2F000009B043B984504D307E0984504F1FF34C4
:10C3000003D21A68043B002AF7D004618146FDF786
:10C3100057FB00282EDB01364146002255F8040B5E
:10C32000D1F800C01FFA80FE1FFA8CF3A3EB0E03B6
:10C330001344020CC2EB234202EB1C429BB243EAC1
:10C340000243AF4241F8043B4FEA2242E6D258F89A
:10C35000242008EB84036AB9043B984504D307E022
:10C36000984504F1FF3403D21A68043B002AF7D041
:10C37000C9F81040304603B0BDE8F08F002003B08C
:10C38000BDE8F08F2DE9F04F93B08DED000B0491D7
:10C39000816B1C9D069257EC106B0446089341B1CB
:10C3A000C26B4A60012393408B60FDF72BF800239A
:10C3B000A363B7F10008B4BF012300232B60A34B94
:10C3C000BCBF28F00048CDF8048033EA080300F031
:10C3D00092809DED007BB5EE407BF1EE10FA0DD121
:10C3E000089A012313601D9B13B11D9A984B13608B
:10C3F000984B0293029813B0BDE8F08F10AAB0EEEC
:10C40000470B11A920468DED027BFDF74BFC5FEA3F
:10C4100018539DED027B109A834640F08280119B59
:10C42000134403F23241202940F3E281C1F140017B
:10C4300008FA01F803F2124126FA01F148EA010173
:10C4400006EE101AB8EE466B013B16EE901A4FF04E
:10C450000108A1F1F8719FED772BB7EE081B9FED56
:10C46000775B9FED784B06EE901A03EE903A36EE2E
:10C47000416BB8EEE33BA6EE025BB0EE456BA3EE7C
:10C48000046BFDEEC65BB5EEC06BF1EE10FACDEDC0
:10C49000055A00F1C0800599D21A162902F1FF3A17
:10C4A00000F2A4806C4B03EBC10393ED006BB4EE80
:10C4B000C67BF1EE10FA00F1A281002A40F3C0849D
:10C4C0000027CDE90A178A4400230993049B092B0E
:10C4D0003DD8052BC4BF043B0493049BA3F1020386
:10C4E000CCBF00250125032B33D8DFE813F0FA0178
:10C4F000F701ED019201089AC8F3130842F20F7395
:10C5000058EA060813601BD11D9B002B00F04286E1
:10C51000524B029308331D9A0298136013B0BDE882
:10C52000F08F17EE901AB0EE476BC1F3130141F094
:10C530007F51A3F2FF3341F440114FF000088AE726
:10C540001D9B002B40F06181454B029352E7002375
:10C5500004930025E563294620468DED067BFCF714
:10C5600027FF9DED067B0290002800F0B485119A0C
:10C57000029BA363002A75DB05990E2972DC364BFA
:10C5800003EBC10393ED003B87EE036BBDEEC66B7F
:10C59000029916EE103A303301F8013B4FF0FF39A3
:10C5A000B8EEC65BA5EE437B0123B2EE044B11E06F
:10C5B00087EE036BBDEEC66B013316EE102A4B45BA
:10C5C00002F13002B8EEC65B01F8012BA5EE437B09
:10C5D00000F0A38427EE047BB5EE407BF1EE10FA69
:10C5E000E6D1059B013304930D46ECE001230B9348
:10C5F000059BBAF1000FBABFC2F101074FF0000A64
:10C600000027002B80F2F180059BFF1A5B42099303
:10C6100000230A935AE7B8EEE55BB4EE465BF1EE11
:10C6200010FA3FF438AF05990139059133E700BF9F
:10C63000AFF3008061436F63A787D23FB3C8608BBD
:10C64000288AC63FFB799F501344D33F0000F07FF8
:10C65000B10D0020B00D00209006002044340020D1
:10C66000503400204FF0FF390695CDF83090B8F1E6
:10C67000000F00F0E984DDF8248002F2334201214A
:10C6800020469244BD18FCF7D7FF0646002F40F025
:10C690009F82099B002B00F09383B8F1000F40F0BC
:10C6A00077835946099A2046FDF7B8F80123834657
:10C6B000099301212046FCF7BFFF0A9B8046002B0F
:10C6C00040F04582049B012B40F3AA820120504494
:10C6D00010F01F0000F008811B2800F3D582C0F184
:10C6E0001C00054407448244002D05DD59462A46B6
:10C6F0002046FDF7EFF88346BAF1000F05DD41460D
:10C7000052462046FDF7E6F880460B9B002B40F092
:10C710000082B9F1000F40F3D781099B002B40F054
:10C720002481059B01330493029F012507E05946AC
:10C7300000230A222046FCF76FFE0135834641465E
:10C740005846FFF78BFD4D4500F1300A07F801AB65
:10C75000EDDB029BB9F1000F03F1010209F1FF3992
:10C760004FF00003D8BF4FF00009914400935946A1
:10C7700001222046FDF7AEF841468346FDF720F939
:10C78000002840F32083029A02E0914500F02683BE
:10C790004D4609F1FF3915F8013C392BF5D001332D
:10C7A00089F8003041462046FCF72CFE5EB1009B24
:10C7B0002BB1B34203D019462046FCF723FE314685
:10C7C0002046FCF71FFE59462046FCF71BFE0023BF
:10C7D0002B70089B049A1A601D9B002B3FF40AAE35
:10C7E00002981D6013B0BDE8F08F9A440A936BE67F
:10C7F000C1F1200106FA01F106EE101A22E6059BAE
:10C80000013B059300230B93F2E6AC4B02930333F9
:10C8100081E601230D93DDE90523134403F10109AA
:10C820004E46012E0C93B8BF0126172E40F39C8470
:10C83000012204235B0003F11400B042114602F10F
:10C840000102F7D9E16320468DED0E7BFCF7B0FDC8
:10C850000290002800F03F84B9F10E0F9DED0E7B91
:10C86000A06346D8002D44D00599002940F3F182F9
:10C87000934B01F00F0203EBC203CD0593ED006B68
:10C880004FEA211340F18A838E4A92ED085B03F050
:10C890000F03032187EE054B002B00F0FB81894A33
:10C8A00001E05B100832D80703D45B100832DE07C2
:10C8B000F7D592ED005B5B1001F1010126EE056BEF
:10C8C00000F0E8810832F2E701230D93069B002B6C
:10C8D00040F38B81069E0C96B146A6E700230D938C
:10C8E00099E700230D93F1E71C2005440744824497
:10C8F000FAE6119A002AC0F24081059B0E2B00F344
:10C900003C816F4B059A03EBC20393ED003B069B02
:10C91000002B80F2ED82B9F1000F00F3E98240F0C4
:10C920008682B1EE046B23EE066BB4EEC67BF1EEAD
:10C9300010FA494640F27C82029D312305F8013B02
:10C940002046FCF75FFD059B023304933BE731462D
:10C9500000230A222046FCF75FFD0C9B002B0646B5
:10C9600040F3FA83DDF830900595002F05DD314660
:10C970003A462046FCF7AEFF06460A9B002B40F0E5
:10C98000F6823746029D6B1E4B440A93009B03F0D0
:10C9900001030C9341465846FFF760FC31460B906B
:10C9A00000F1300A5846FDF70BF8414681463A46F9
:10C9B0002046FDF725F8C3680146002B36D10990C3
:10C9C0005846FCF7FDFF099906902046FCF71AFD32
:10C9D000069A002A5AD1049B1BB90C9B002B00F02D
:10C9E000A483B9F1000F43DB0A9BA9469D4209F8D5
:10C9F00001AB00F0D782594600230A222046FCF7FB
:10CA00000BFDBE42834631464FF000034FF00A0251
:10CA1000204635D0FCF700FD3946064600230A22A1
:10CA20002046FCF7F9FC4D460746B3E72046FCF7E5
:10CA3000E9FCB9F1000F08DB009B03F00102049B45
:10CA400049EA030952EA09022ED159460122204639
:10CA5000FCF740FF41468346FCF7B2FF002840F355
:10CA60004183BAF1390F00F024830B9B03F1310AA3
:10CA700005F801AB059B0096013304933E4691E611
:10CA8000FCF7CAFC4D460646074683E7B9F1000F9E
:10CA9000C0F28483049B49EA03090C9B53EA090909
:10CAA00000F07C83002A9FDDBAF1390F00F001838A
:10CAB0000AF1010305F8013BDCE700BF5034002018
:10CAC0009006002068060020049B022B7FF725AE0D
:10CAD000B9F1000F40F0008241464B460522204646
:10CAE000FCF79AFC014680465846FCF769FF48452A
:10CAF00040F3F281029D312305F8013B4146204677
:10CB0000FCF780FC059B02330493002E7FF457AEA4
:10CB100059E641465846FCF753FF0028BFF6F9ADE9
:10CB2000594600230A222046059DFCF775FC099B07
:10CB3000013D8346002B7FF40AAF0C9B002B40F392
:10CB4000FE82059BDDF8309004930595ECE51A46CE
:10CB500001462046FCF762FE049B012B804640F311
:10CB6000F98100230A93D8F8103008EB8303186981
:10CB7000FCF7F8FCC0F12000A9E50D9B73B9002F6C
:10CB800067D1099B002B74D11D461E4691E5119A71
:10CB9000002A03DB05990E297FF7B4AE049B012B15
:10CBA0007FF765AD099B09F1FF384345C0F27781F6
:10CBB000B9F1000FA3EB080880F2BE82A7EB0903CE
:10CBC000012120460D93FCF737FD3D460D9F06469B
:10CBD000BAF1000F7FF75DAD57453B46A8BF5346FE
:10CBE000ED1AFF1AAAEB030A53E50021E163204680
:10CBF0008DED067BFCF7DCFB9DED067B02900028AB
:10CC000000F06982029BA363002D40F09F81119A7E
:10CC1000AA42C0F27C8201230C93994606936CE6EB
:10CC2000009B002B7FF452AD019BC3F31303002B39
:10CC30007FF44CAD019B23F000431B0D1B05002B23
:10CC40003FF444AD012301350AF1010A0A93184665
:10CC50003DE5BAF1000F00F0FE8157453B46099EC5
:10CC6000A8BF5346FD1AAAEB030A2F46002E3FF435
:10CC700020AD5946099A2046FCF7D0FD0023834693
:10CC800009933D461E4614E51C283FF42DADC0F126
:10CC90003C002AE684EE065B0B9B3BB1B7EE006BD3
:10CCA000B4EEC65BF1EE10FA00F1E081B1EE0C4B90
:10CCB00006EE901AB8EEE66BA6EE054B14EE901A4F
:10CCC00053EC142BA1F15073B9F1000F00F09B80CD
:10CCD000DDF814C0484643EC142BB64B029DFDEE24
:10CCE000C53B03EBC00212ED022B13EE902A02F1BA
:10CCF000300E0D9A691CB8EEE36B0E4635EE466BAE
:10CD0000002A00F05B81B6EE003B83EE025B35EE5D
:10CD1000445BB4EEC65BF1EE10FA85F800E000F378
:10CD20002782B7EE001BB2EE043B002518E0013568
:10CD30008542BFF62CAF26EE036B25EE035BFDEEBE
:10CD4000C64B14EE902AB8EEE42B303236EE426B2E
:10CD5000B4EEC56BF1EE10FA01F8012B00F1DF81A2
:10CD600031EE464BB4EEC54BF1EE10FADFD5029A28
:10CD70000CF1010C02E0914200F097810D4611F890
:10CD8000013D392BF7D001330B70CDF810C01AE5F7
:10CD9000314642462046FCF741FD5A4601460646CA
:10CDA0002046FCF777FC59460D902046FCF72AFBFD
:10CDB000099BDDF834B0B3EB080309937FF471AC41
:10CDC0000123099375E403D11AF0010F7FF4DBAC62
:10CDD0004D4619F8013D302BFAD0E3E4059B029A49
:10CDE0000233049331231370DCE406EE901AB1EEA3
:10CDF0000C4BB8EEE66BA5EE064B14EE901A53EC16
:10CE0000142BA1F1507343EC142BB1EE046B35EEEF
:10CE1000466BB4EEC46BF1EE10FA00F35681B1EE3E
:10CE2000444BB4EEC46BF1EE10FA7FF562AD002115
:10CE30002046FCF7E7FA069B029D5B420493C2E49E
:10CE4000059B0A939A460023C2F101070B93FFF753
:10CE50003BBB00F00781059A564B524202F00F018E
:10CE600003EBC10393ED005B131127EE055B00F0AC
:10CE70007981514A022101E05B100832DD0703D4B9
:10CE80005B100832D807F7D592ED006B5B1001F10B
:10CE9000010125EE065B3FF4FFAE0832F2E7099B85
:10CEA0000A9AA8EB03031A44012120460A92FCF7D0
:10CEB000C3FBCA4407EB09050646CDF82480002FC2
:10CEC0003FF4EFAB57453B46A8BF5346ED1AFF1A58
:10CED000AAEB030AFFF7E5BB41462046FCF792FAAE
:10CEE000069B029D5B420493002E7FF468AC6AE4CB
:10CEF000029B5E1C87EE036BBDEEC66B029A16EEBC
:10CF0000103AB9F1010F03F13003B8EEC65B3146B8
:10CF10001370A3EE457B7FF447AB37EE077BB4EE8F
:10CF2000C37B059BF1EE10FA03F1010304939C46C9
:10CF300008DCB4EE437BF1EE10FA05D116EE103AA0
:10CF4000DB0701D5029A19E70D463CE40C95A9468A
:10CF5000069589E4009B002B7FF403AEDDE9001207
:10CF6000C2F31303002B00F0C4800A91FBE5716843
:10CF70002046FCF71DFA0546002800F004813369BD
:10CF800002339A0006F10C010C30F5F7EDFB29464F
:10CF900001222046FCF79EFC0746F3E40221B0EE96
:10CFA000474B79E4059B009601333E460493FFF717
:10CFB000DEBB00BF9006002068060020029A24EE27
:10CFC000022B012882F800E014D0B2EE043B029A52
:10CFD000151826EE036BFDEEC65B15EE902A303277
:10CFE00001F8012BA942B8EEE54B36EE446BF0D1C7
:10CFF000711E0144B6EE005B32EE054BB4EEC64B3B
:10D00000F1EE10FA3FF5B3AE35EE425BB4EEC65B1F
:10D01000F1EE10FA0DDC119A002AFFF6B0AD059A78
:10D020000E2A3FF7ACAD059A03EBC20393ED003B2C
:10D0300060E70D46013915F8013C302BF9D00CF1B1
:10D0400001030493FFF7BFBB109ADDF82480C2F1FF
:10D050003602FFF714BB099E002E7FF40AAE3D4650
:10D06000FFF727BB0221B0EE475B15E6B9F1000FD1
:10D070003FF4BBAE0C9800287FF73BACB2EE043B0C
:10D08000B1EE0C4B013106EE901A25EE035B059BC9
:10D09000B8EEE66BA5EE064B14EE901A03F1FF3CDA
:10D0A00053EC142BA1F1507315E60CF1010C312354
:10D0B0006AE6A946392309F8013B059B009601332E
:10D0C000029A04933E46FFF763BB029D312305F8A5
:10D0D000013B002134E4334B3348002240F2AF11CE
:10D0E000FFF79CF87FF4C4AC1AF0010F7FF4B9ACE1
:10D0F000BEE4019B23F000431B0D1B05002B3FF4F6
:10D1000031AD012301350AF1010A0A932BE50D9B8C
:10D11000002B33D101230C93994606932FE50CF194
:10D12000010304930D46FFF74EBBBAF1390FC0D08F
:10D1300091453FF79AAC9BE44A46FFF7A0BA049AA0
:10D14000022A05DC059A049299460595FFF7ECBA88
:10D150000595DDF83090BBE4049A0595022AF8DCC9
:10D16000994602E4022197E50021E163FFF76BBBDA
:10D170000CF1010304930D46FFF725BB0D9B0693AD
:10D1800099460C930EE5074B07482A4640F2EF21DB
:10D19000FFF744F8054B0293FFF72CB9002A3FF73D
:10D1A00054AC65E4F83200205434002044340020AC
:10D1B00030B5044687B05BB110480193D0F8C85130
:10D1C00071B12046A847421C019B10D007B030BD6A
:10D1D00000F5827309480193D0F8C8510029F0D1B5
:10D1E0000A46204603A9A847421C019BEED1002114
:10D1F0008A221960226007B030BD00BFDC500020D9
:10D2000010B582B0049CCDE900344FF0FF3301F03B
:10D2100055FC02B010BD00BF0EB400B582B003AB28
:10D22000DFF81CC053F8042B01930146DCF8000022
:10D2300000F008F802B05DF804EB03B0704700BFDF
:10D24000445300202DE9F04FC5B00DF1500A83463C
:10D25000049116460021082250461C460B93FAF70B
:10D2600071FEBBF1000F04D0DBF83430002B00F06E
:10D270004987049B5A6EB3F90C30D00740F14181C5
:10D28000990400F1A985049943F4005322F4005253
:10D290008B814A66930401F1AE80049BB3F90C3094
:10D2A0001D0740F1BD80049A1269002A00F0B88081
:10D2B00003F01A020A2A00F0C2800023CDE91933D4
:10D2C000CDE90E331BAADFF86C980D931892174620
:10D2D0000793B0464546D9F8CC41FAF7E9FECDF8B8
:10D2E00000A003462A4612A95846A047002800F08D
:10D2F000C580C0F2BB80129A252A034601D01D4486
:10D30000E9E7B5EB0806044640F0BC800023194667
:10D310008DF8433008934FF0FF326B78059205F19A
:10D320000108039108F101081946A1F120035A2BC5
:10D3300000F2F280DFE813F0E603F000F000DF0314
:10D34000F000F000F000BF03F000F000070253020D
:10D35000F00012020004F000F1035B005B005B00D0
:10D360005B005B005B005B005B005B00F000F000BB
:10D37000F000F000F000F000F000F000F000D80144
:10D380009F03F000F000F000F000F000F000F0006B
:10D39000F000F000F0001902F000F000F000AA0127
:10D3A000F000FB02F000F000BA05F000F000F00021
:10D3B000F000F000F000F000F000F000F000D80104
:10D3C0006801F000F000F000950368016D00F000C6
:10D3D0008B03F0007D036A0320036D00F000AA01B7
:10D3E0006A005902F000F000FB05F0006A00A1F1AC
:10D3F0003003002218F8011B02EB820203EB420209
:10D40000A1F13003092BF5D908928EE798F8003086
:10D4100088E7039B43F02003039398F8003081E7EB
:10D42000049D5846294601F05FFA002840F0F6872F
:10D43000B5F90C3003F01A020A2A7FF43EAF0499C2
:10D44000B1F90E20002AFFF638AF4A6ED20702D497
:10D450009F0540F19087049923463246584601F0D3
:10D4600015F80790079845B0BDE8F08F0822002115
:10D470005046FAF767FD01231D442CE7B5EB08067B
:10D48000044610D01A9B33441A93199B0133072B7F
:10D49000C7E90086199310DC0837079B33440793CC
:10D4A000002C7FF433AF1A9B002B40F06E87049B57
:10D4B0000022B3F90C30199218E0049918AA5846C2
:10D4C00001F024F878B91BAFE7E7049918AA584689
:10D4D00001F01CF8002800F08380099B1BB109991A
:10D4E0005846FBF7E1F9049BB3F90C30049A526EED
:10D4F000D0077FD55B0600F16687079845B0BDE889
:10D50000F08F9F0540F114819D047FF5BCAE90041F
:10D510007FF5C6AE00F071BF0029C4D00023012200
:10D520008DF8AC108DF8433009930A9205932BAD1A
:10D530000692DDE919C0039C14F084060146624698
:10D5400026D1089B069C1C1B002C00F3ED839DF844
:10D55000433003B300260C960132012301317B6076
:10D56000072A0DF14303CDE919213B6000F38683BF
:10D5700008370C9B63B1013211AB02313B60072AC3
:10D580004FF00203CDE919217B6000F36B8308376C
:10D59000802E00F0EE82059B0A981C1A002C00F3E6
:10D5A00026830A9B3D6001321944072ACDE91921DF
:10D5B0007B6000F34C830837039B5C0705D5089B11
:10D5C000069A9C1A002C00F36583DDE90732069861
:10D5D0008242ACBF9B181B18079300297FF475AFDC
:10D5E00000231993099B1BB109995846FBF75CF975
:10D5F0001BAF6FE69A053FF57DAF049CA06DFAF76F
:10D60000F5FDB4F90C3075E7039B980640F13C84B6
:10D610000B9B073323F00702536852F8084B0B9219
:10D620001E46002BC0F23882059A002A07DB039BB6
:10D6300023F08003039354EA060300F08C840A2C41
:10D6400076F1000380F0F7803034059A9DF843307E
:10D650008DF80F41012AB8BF01220692002B00F07D
:10D66000AF83069B0133002506930123CDE90953BF
:10D670000DF20F15DDE91921039B13F0840608460E
:10D6800094463FF45EAF00230C9365E70B9E0023A6
:10D690008DF8433056F8043B0993002B00F0558574
:10D6A000532900F07284039B13F0100440F06D8442
:10D6B000059A002AC0F2138509982146FAF782FFDD
:10D6C0009DF84330099D002800F08B86421B0A928A
:10D6D00022EAE2720692002B00F00E8501320594D8
:10D6E00006920B960994C5E7432903D0039BDD06F8
:10D6F00040F127840822002116A8FAF723FC0B9A90
:10D700002BAD126816AB29465846FFF751FD0A901B
:10D71000013000F04F860A9B23EAE37306930B9BCC
:10D7200004330B9300238DF843300993059300E7EE
:10D73000049DA86DFAF758FDB5F90C306A6E99048E
:10D740003FF5A8AD9FE50B9B53F8042B0892002AE8
:10D7500080F23D83089A0B9352420892039B43F058
:10D760000403039398F80030DCE5039B43F01000BA
:10D770009B0640F14E830B9B073323F007031A46A9
:10D78000596852F8083B0B9200228DF84320059A05
:10D79000002AC0F2118320F49062039253EA01023E
:10D7A00000F01E8344AD03F00702DB0843EA417337
:10D7B000C908303253EA0104284605F8012DF2D198
:10D7C000039B13F0010340F09E82059A099344AB3A
:10D7D0005B1B9A42B8BF1A460A930692A9E62B230E
:10D7E0008DF8433098F800309CE503998E0600F1DF
:10D7F000A48003990B9A11F0100052F8043B40F0FA
:10D800002783039911F0400100F0CA848DF843008A
:10D810009BB205990026B1421C4606DB039921F014
:10D8200080010391002B00F07B850A2C76F1000328
:10D830000B92FFF409AF039B09970020CDF830B09D
:10D8400044A9DDF834B0069003F48067CDF8288051
:10D8500025E00690A319B54843F10003A0FB032C73
:10D860002CF0030202EB9C029B1AE31A4FF0CC321D
:10D87000A046B64602FB03F266F1000600FB062254
:10D88000A3FB0043B8F10A0F13444FEA54047EF19E
:10D89000000E294644EAC3744FEA53062ED3069B72
:10D8A000A24A01330693A31943F100031046A2FBD9
:10D8B000032525F0030202EB95029B1AE31AA3FB52
:10D8C000003266F1000500FB05225B0843EAC273E3
:10D8D00003EB8303A4EB4303303301F8013C4D1EFB
:10D8E000002FB7D006989BF800308342B1D1FF28B3
:10D8F000AFD00A2C76F1000380F0AF8405999DF833
:10D900004330CDF834B044AA521B9142B8BF1146FF
:10D91000DDE90978DDF830B00A920691002B00F0BD
:10D92000EE83069B0133069300230993A2E6039B33
:10D9300043F010019B0640F189820B9B073323F0D3
:10D94000070200238DF84330059B566852F8084BB8
:10D950000B92002BC0F2EE8221F08003039354EA75
:10D9600006037FF46CAE059B002B40F0DE840A9327
:10D970000693099344ADDCE5059C0B9903980022BE
:10D9800047F630039442ADF844308DF8432051F807
:10D99000043BC0F2D28220F0800040F002000390ED
:10D9A000002B00F0E58303F00F0461481B09045DC0
:10D9B0008DF80F410B9100F05685022106910DF272
:10D9C0000F1503F00F011B09415C05F8011D43EA27
:10D9D0000273120953EA0201F3D144AB5A1B059BAF
:10D9E0000A929342B8BF1346069A002A00F039857E
:10D9F000DDE91921039C023314F0840606930846DE
:10DA0000944600F0E98200230993B4E50398860662
:10DA10003FF5B1AE03990B9ACD0652F8043B00F1E5
:10DA200014850398440640F1C8839BB20B920021F1
:10DA3000AAE603990B9A8C0602F1040340F1F081E7
:10DA4000126807991160C91751600B9342E498F866
:10DA500000306C2B00F08F82039A42F01002039288
:10DA600060E498F80030682B00F07B82039A42F063
:10DA70004002039256E4039A940642F0100300F128
:10DA800000820B9A04320B9903930C680B92E617F1
:10DA90003346002BBFF6C8AD2D238DF84330059BD0
:10DAA000644266EB4606002BFFF6C9AD039B23F0EC
:10DAB00080030393C3E55846FEF766FB43680F9364
:10DAC0001846FAF7DFFD0E9004465846FEF75CFB59
:10DAD000826898F800300D92002C3FF423AC002AA5
:10DAE0003FF420AC1278002A3FF41CAC039A42F4B5
:10DAF0008062039216E4039B43F00103039398F8BA
:10DB000000300FE49DF8432098F80030002A7FF49D
:10DB100009AC20228DF8432004E4039B43F08003EA
:10DB2000039398F80030FFF7FDBB00BFCDCCCCCC01
:10DB3000D4330020DC500020404610F8011B2A2975
:10DB400000F07784A1F13003092B98BF002200F286
:10DB5000178410F8011B02EB820203EB4202A1F1D1
:10DB60003003092BF5D942EAE27305938046FFF7AB
:10DB7000DCBB089B06981C1A002C7FF70CAD102C00
:10DB800040F3268438460C95AE4F049D102604E0E1
:10DB9000103C102C00F1080015DD01321031072A6D
:10DBA000C0E90076CDE91921F2DD18AA29465846C8
:10DBB00000F0ACFC00287FF490AC103C102CDDE9A8
:10DBC00019211BA8E9DC0C9D3B4607460132214484
:10DBD000072ACDE919213B607C6000F3A482059BF4
:10DBE0000A981C1A002C07F108077FF7DAAC102CF2
:10DBF00040F3ED8238461026924F04E0103C102C82
:10DC000000F1080016DD01328E4B1031072AC0E901
:10DC10000036CDE91921F1DD049918AA584600F023
:10DC200075FC00287FF459AC103C102CDDE919215B
:10DC30001BA8E8DC3B46074601322144072ACDE910
:10DC400019213B607C6000F3AA800837A9E404999D
:10DC500018AA584600F05AFC00287FF43EAC1A99E6
:10DC60001BAFA9E4049918AA584600F04FFC0028FD
:10DC70007FF433ACDDE919211BAF89E4049918AABC
:10DC8000584600F043FC00287FF427ACDDE9192159
:10DC90001BAF6EE4102C199B40F381833A46049E1F
:10DCA000694F102504E0103C102C02F1080215DD2C
:10DCB00001331031072BC2E90075CDE91931F2DDCE
:10DCC00018AA3146584600F021FC00287FF405AC24
:10DCD000103C102CDDE919311BAAE9DC3E46174641
:10DCE00001332144072BC7E90064CDE919317FF7DF
:10DCF0006CAC049918AA584600F008FC00287FF480
:10DD0000ECAB1A9961E4302A00F001823023059AC5
:10DD100005F8013C023844AB1B1A9A42B8BF1A46B8
:10DD20000A9306920546EFE000230C93102C464E12
:10DD3000624623DD394610232F46049D04E0103C43
:10DD4000102C01F1080117DD01321030072AC1E95A
:10DD50000063CDE91920F2DD18AA2946584600F0E3
:10DD6000D5FB00287FF4B9AB103C102CDDE919205D
:10DD70001BA94FF01003E7DC3D460F460132211886
:10DD8000072ACDE919213E607C6000F37A819DF875
:10DD900043600837002E36D00026FFF7DDBB04991C
:10DDA00018AA584600F0B2FB00287FF496ABDDE9D4
:10DDB00019211BAFFFF7F5BB20F480620392F1E459
:10DDC000099301230A930DF20F15FFF7B2BB0B93D2
:10DDD00098F80030FFF7A6BA92047FF561AAF2E244
:10DDE000059A002A7FF4DEAC10F00102069200F0E2
:10DDF000428130238DF80F31059B0A9209930DF271
:10DE00000F15FFF796BB0C9B002B7FF4B4ABFFF70D
:10DE1000C2BB0B9B1A1D0B9B0B921B680021B3E42A
:10DE2000039AD00600F18C81039A510600F1958285
:10DE3000039A920540F184810B9A07991268117038
:10DE400003E600BF5C480020404300200B9B1A1DE6
:10DE50000B9B05981B680026B0428DF843601C465A
:10DE600067DB21F080010391002B7FF4DEAC0B9285
:10DE7000002840F05A820A900690099044ADFFF7BE
:10DE800058BB0393FFF7C4BB039B0B9AD90652F808
:10DE9000044B3FF5F8AD039B5E0640F1768144F3F9
:10DEA000C0360B9224B23346FFF7BBBBAD48039B91
:10DEB0009D0640F1B5800B9B073323F007031A46FC
:10DEC0005C6852F8083B0B92039A12F0010206922A
:10DED00040F08C808DF84320059A002AC0F2B7806C
:10DEE000039A22F49062039253EA040240F0F38012
:10DEF000059A002A00F0F68103788DF80F3101238E
:10DF000006920A930DF20F15DDE91921039B13F018
:10DF100084060846944600F0A1829DF84330002B09
:10DF200000F0AB82002309930C93FFF715BB8E48DA
:10DF3000BDE70B920391FFF782BB40F00200039014
:10DF400031E50B9B1B688DF8AC30012306930A93D7
:10DF50002BADFFF7E4BB002A00F0D4813024FFF79B
:10DF600074BB039B43F40073039308F1010898F812
:10DF70000030FFF7D7B9039B43F02003039308F168
:10DF8000010898F80030FFF7CDB9099B13930822D8
:10DF9000002116A8F9F7D6FF059B002BC0F21981C6
:10DFA0000024069725461F460EE02BA95846FFF78A
:10DFB000FFF8411C284400F0FD81B84209DC04F15F
:10DFC000040400F008820546139A125916AB002A81
:10DFD000EBD1069F05950AE1089C069B0996E41A79
:10DFE000002C7FF7C8AA02230C939FE653EA040291
:10DFF0005ED100238DF84330059B002BC0F22181B8
:10E00000039B23F49063039300F0878103788DF8DA
:10E010000F31069B0A93059B06930DF20F1573E7CC
:10E020000B9A52F8043B0B92039AD40608D452067A
:10E0300002D59BB2002447E7039A960500F181813F
:10E04000002441E742F00202039202220692039A60
:10E0500022F48062039203F00F02825C8DF80F219C
:10E060001B0943EA0473220953EA14147FF4A7AC92
:10E070000DF20F15B1E4059B44ADCDE90933FFF76F
:10E0800058BA049918AA584600F040FA06460028E3
:10E090007FF423AA9DF84330DDE91921002B40F0DD
:10E0A00089800C9B1BAF002B7FF465AAFFF773BA26
:10E0B00030228DF8442000228DF84320059A8DF8F7
:10E0C0004510002A039ABDDB22F4906242F002025E
:10E0D00003920222069203F00F02825CBEE7099DC2
:10E0E0002846FAF7CFFA9DF843300A9020EAE0720A
:10E0F0000692002B7FF4F2AA099D05930B960993D3
:10E10000FFF717BA5846F9F75BFDFFF7B2B8059A63
:10E1100044AB5B1B9A42B8BF1A460A93002306928F
:10E120000993FFF706BA049918AA584600F0EEF9C9
:10E1300000287FF4D2A9DDE919211BAFFFF72BBA24
:10E140000B9A0799126811607FE4059B074D0B96A7
:10E15000062B28BF062306930A93099B0593FFF716
:10E16000E8B900BFE8330020D4330020FC3300209E
:10E170000B91002C00F0DC80302301228DF80F3150
:10E180000DF20F1523460A9232E4039B0B929D0574
:10E190004ABF44F3C016E61764B23346FFF741BAEC
:10E1A000039810F4007600F0CF808DF84310DBB2B6
:10E1B000FFF72FBB1BAFFFF7CFB9039810F4007127
:10E1C00000F0BB80DBB20B920021FFF7DDBAAC4B55
:10E1D00032E516AB0093002313AA19465846FFF701
:10E1E0000FF80590013000F0E580099B1393059B23
:10E1F000002B7CD0632B00F3B680002309932BAD5A
:10E200000822002116A8F9F79DFE059C16AB009385
:10E2100013AA234629465846FEF7F2FF844240F0EF
:10E220001681059900236B5421EAE17206929DF84C
:10E230004320002A40F0B580CDE90A160592FFF789
:10E2400078B903788DF80F31039B23F4806303932F
:10E25000069B0A930DF20F1556E60E9A0F99AD1A0A
:10E260002846F9F7EFFE9BF801300BB10BF1010BDB
:10E27000844AA31943F10003A2FB030C2CF0030012
:10E2800000EB9C001B1AE31A4FF0CC3166F100063C
:10E2900003FB01F102FB0611A3FB023001445B0802
:10E2A00043EAC1744E08A31943F10003A2FB031013
:10E2B00020F0030101EB90015B1AE31AA3FB02318A
:10E2C00066F1000002FB00125B0843EAC27303EB35
:10E2D0008303A4EB4303303305F8013C0120013DE7
:10E2E000FFF701BB059B0A9344A805460CE69DF881
:10E2F0004330099D0B96003B18BF01230693059BF5
:10E300000A9301E69DF843303BB1059BCDE9093303
:10E31000012344AD0693FFF7ADB9059BFFF727BB7B
:10E32000059B0B92002B3FF422AB0024FFF78CB926
:10E33000059B0A9344ADFFF75BBB03980B92FFF775
:10E3400023BADBB20024BFE505998DF843600029AC
:10E350001C46BFF663AAFFF768BA0B9A07991268C2
:10E360001180FFF772BB591C5846F7F7FFFD0546B1
:10E3700000B3099044E7886DF9F738FFFFF76BB8F1
:10E38000002380460593FEF7D0BF049918AA58468B
:10E3900000F0BCF800283FF48AA8FFF7A4B83A4E72
:10E3A0009EE4059A0A92069A0B960132069205930C
:10E3B000FFF760B90498B0F90C30426E43F04001A9
:10E3C000D207818109D54FF0FF330793FFF795B846
:10E3D0002B4BFFF7FBBB069F09E79905F3D4FFF72B
:10E3E0000CB99BB1059B0B965A1C06920A9305909B
:10E3F0000990FFF73FB9D707E5D4049B9B899E0599
:10E40000E1D4049B986DF9F7F1FEDCE7059A0993D6
:10E41000CDE905320B960A92FFF78BB8049A536E3A
:10E42000D807D0D493899905CDD4906DF9F7DEFE45
:10E43000C9E70B9A98F8013052F8041B0B9241EA95
:10E44000E17180460591FEF76DBF0846E3E4049A4A
:10E45000938943F040039381FFF73FB80996FFF794
:10E4600070B8069350E5059B0122012BB8BF01232C
:10E470000DF20F150A92FFF7BBBA0993FFF788B8A0
:10E480005C480020CDCCCCCC40430020F0B50D46FC
:10E49000ADF2744D164689896A6E1B92EA89ADF811
:10E4A000162021F00201EA69ADF8141009921CA9A6
:10E4B0006A6A0291074606910B924FF4806100222E
:10E4C00018A80193049107910892F9F789FE324642
:10E4D000019B02A93846FEF7B5FE061E07DB02A91E
:10E4E0003846FDF719FE002818BF4FF0FF36BDF87B
:10E4F00014305B0603D5AB8943F04003AB81189819
:10E50000F9F770FE30460DF2744DF0BD936810B50A
:10E5100014461BB918460023636010BD00F068F86C
:10E520000023A3600023636010BD00BF2DE9F0430A
:10E530008E681D46AE420B6883B00C4690463AD8B2
:10E54000B1F90CC01CF4906F0FD135461846414606
:10E550002A46F9F765FCA3689E1B2368A6602B4436
:10E560000020236003B0BDE8F0834A69096902EB2B
:10E5700042025E1A02EBD2726B1C52103344934279
:10E5800094BF17461F46934288BF1A461CF4806FFB
:10E59000814612D01146F7F7E9FCF0B13246216905
:10E5A0000190F4F7E1F8A289019B22F4906242F015
:10E5B0008002A28105E02E46C8E7F7F7C3FF0346B5
:10E5C00038B123613344BE1BA660676123602E46C9
:10E5D000BCE721694846FAF767F9A3890C2243F0A2
:10E5E0004003C9F800204FF0FF30A381BAE700BF15
:10E5F0009368002B00F0B7802DE9F04FB1F90CC003
:10E600001CF0080F83B00C46804617462DD00B69CE
:10E610005BB31CF002033E6833D04FF0000ADFF812
:10E62000C4B25546B9465D452B46524628BF5B46A7
:10E630004046B5B1E169676AB847002840F38B806E
:10E64000D9F808301B1A8244C9F80830002B79D059
:10E650002D1A5D452B46524628BF5B464046002D8D
:10E66000E8D1D6E900A50836DDE72146404600F0AE
:10E670003BF9002874D1B4F90CC03E681CF00203C9
:10E68000CBD11CF0010A70D1236800975546002DAC
:10E6900054D01CF4007FD4F80890184600F0AB80EA
:10E6A000A945CB4600F2E4801CF4906F34D0216978
:10E6B0006269A3EB010902EB420202EBD27209F19B
:10E6C000010352102B44934294BF93469B469342BE
:10E6D00088BF1A461CF4806F00F0E980114640465E
:10E6E000F7F744FC002800F0F7804A4621690190C2
:10E6F000F4F73AF8A289019B22F4906242F080027A
:10E70000A28103EB09002361ABEB0903C4F814B049
:10E71000A3602060A946AB4651465A46F9F780FBF4
:10E72000A2682368A2EB0902A260009A91685B4488
:10E73000491B2360916029B1B4F90CC0D6E900A54A
:10E740000836A4E7002003B0BDE8F08F214640461C
:10E75000FDF7E2FC68B3B4F90C3043F04003A38149
:10E760004FF0FF30EFE7002070471D469A461846ED
:10E77000B946009365B3002831D05246D4E904135A
:10E780002068AA4228BF2A46884204D9A16803EB20
:10E79000010B5A457CDC93426DDCE169009A676AA3
:10E7A0004046B847B0F1000BD5DDBAEB0B0ACDD02F
:10E7B0000120D9F80830A3EB0B03C9F80830002B6F
:10E7C000C0D0009BA5EB0B055B440093002DD2D17C
:10E7D000756833460836002DFAD01B680093009FF9
:10E7E0002A460A213846F9F7EDFE002871D001309B
:10E7F000A0EB070AC1E722699A4221D36269AA42C3
:10E800001ED86FF00043AB4228BF2B46E16993FB53
:10E81000F2F3676A02FB03F340465246B847B0F191
:10E82000000998DD009A9368A3EB0903A5EB09059D
:10E830009360002B86D0B4F90CC02368CA4426E745
:10E84000A94528BFA94618464A465146F9F7E8FAAD
:10E85000A2682368A2EB09024B44A2602360002A4D
:10E86000E0D121464046FDF757FC0028DAD072E798
:10E87000A946AB4650E700990192F9F7D1FA019AFF
:10E88000A3689B1AA36023681344236093468CE714
:10E8900000995A46F9F7C4FA23685B44236021467D
:10E8A0004046FDF739FC00283FF47FAF53E7404670
:10E8B000F7F748FE034600287FF423AF216940465E
:10E8C000F9F7F2FFA3890C22C8F8002023F0800397
:10E8D00043E76A1C924651E70C22B4F90C30C8F8A1
:10E8E00000203AE700FCFF7F10B5354B044618685E
:10E8F00082B00B4610B1426B002A53D0B3F90C2002
:10E90000110711D51869C8B1B3F90C2012F0010133
:10E9100026D059694FF0000C4942C3F808C09961EC
:10E9200020B3002002B010BDD00640D5510723D43B
:10E93000186942F008029A810028E5D19A8902F408
:10E940002072B2F5007FDFD019462046019300F017
:10E95000C9F8019BB3F90C20186912F00101D8D154
:10E96000940758BF596999600028DAD11106D9D5A2
:10E9700042F040029A811FE0196B61B103F140003F
:10E98000814206D020460193F9F78EFF019BB3F92F
:10E990000C200021196318690021C3E9000122F04D
:10E9A0002402C6E70191F9F70BF9019BA6E70921BB
:10E9B00042F0400221609A814FF0FF30B2E700BF81
:10E9C000445300202DE9F04F8BB0DDE91589149FE9
:10E9D00002901C46B8F1000F57D016680196002926
:10E9E000C34608BF4FF0FF37002588460391924683
:10E9F00006E0019B53F8040B0193002837D06546CD
:10EA0000AF423ED9002C3CD0DBF800300493DBF859
:10EA100004300593019B02981A68D9F8C8615B46D7
:10EA200006A9B047431C33D000EB050CBC453AD8CF
:10EA3000039B013C002BDCD000280DDD08F1FF32E8
:10EA4000019E06A900EB020E11F8013B02F8013FFE
:10EA50007245F9D101968044019BDAF8002053F801
:10EA6000040B01930432CAF800200028C7D103998F
:10EA7000D84609B1CAF800000022C8F800200CF1FD
:10EA8000FF3528460BB0BDE8F08F00F58678A4E787
:10EA9000029B05468A21002228461960CBF80020F7
:10EAA0000BB0BDE8F08FD846DDF810A0DDF814B04B
:10EAB0002846C8E900AB0BB0BDE8F08F00B585B0C3
:10EAC000DFF81CC006980090079801900348006882
:10EAD000CDF808C0FFF776FF05B000BD4453002015
:10EAE000DC500020B1F90C20930706D501F1430357
:10EAF0000122C1E904320B60704730B50B46B1F911
:10EB00000E10002999B0044632DB02AA009300F0EF
:10EB10005BF80028009B29DB4FF4806120460093BE
:10EB2000039DF7F723FA009BB3F90C20002839D096
:10EB300005F4704142F0800218601861B1F5005F81
:10EB40004FF480609A8158613AD1B3F90E10009366
:10EB5000204600F04DF8009BB3F90C2080B322F062
:10EB6000030242F001024FF4006117E0B3F90C20F8
:10EB7000019312F0800F0CBF4FF4806140212046BA
:10EB80000091F7F7F3F9019B0099B3F90C2048B114
:10EB9000C3E9040142F08002186000210A439A810F
:10EBA00019B030BD9105FBD422F0030203F14301FB
:10EBB00042F002020120C3E904109A811960EFE7D4
:10EBC0004FF40061EAE700BF38B5084C0023054662
:10EBD000084611462360F3F777FF431C00D038BD89
:10EBE0002368002BFBD02B6038BD00BF30C2002053
:10EBF00038B5074C0023054608462360F3F76AFF43
:10EC0000431C00D038BD2368002BFBD02B6038BDDF
:10EC100030C2002041EC170BB5EEC07BF1EE10FACC
:10EC200001D400F00BB808B581F0004100F006F8FF
:10EC3000404261EB410108BD000000009FED0B7BED
:10EC400041EC160B9FED0B5B26EE077BBCEEC77B02
:10EC5000B8EE474BA4EE456BFCEEC67B17EE101AE0
:10EC600017EE900A704700BFAFF30080000000006D
:10EC70000000F03D000000000000F0415FF800F0EF
:10EC80004D1D00605FF800F0A11D00600000000055
:04EC90000000000080
:04EC9400F8B500BF10
:08EC98004069FF7F010000004C
:10ECA0000000000000000000000000000000000064
:10ECB0000000000000000000000000000000000054
:10ECC0000000000000000000000000000000000044
:10ECD0000000000000000000000000000000000034
:10ECE0000000000000000000000000000000000024
:10ECF0000000000000000000000000000000000014
:10ED00000000000000000000000000000000000003
:10ED100000000000000000000000000000000000F3
:10ED200000000000000000000000000000000000E3
:10ED300000000000000000000000000000000000D3
:10ED400000000000000000000000000000000000C3
:10ED500000000000000000000000000000000000B3
:10ED600000000000000000000000000000000000A3
:10ED70000000000000000000000000000000000093
:10ED80000000000000000000000000000000000083
:10ED90000000000000000000000000000000000073
:10EDA0000000000000000000000000000000000063
:10EDB0000000000000000000000000000000000053
:10EDC0000000000000000000000000000000000043
:10EDD0000000000000000000000000000000000033
:10EDE0000000000000000000000000000000000023
:10EDF0000000000000000000000000000000000013
:10EE00000000000000000000000000000000000002
:10EE100000000000000000000000000000000000F2
:10EE200000000000000000000000000000000000E2
:10EE300000000000000000000000000000000000D2
:10EE400000000000000000000000000000000000C2
:10EE500000000000000000000000000000000000B2
:10EE600000000000000000000000000000000000A2
:10EE70000000000000000000000000000000000092
:10EE80000000000000000000000000000000000082
:10EE90000000000000000000000000000000000072
:10EEA0000000000000000000000000000000000062
:10EEB0000000000000000000000000000000000052
:10EEC0000000000000000000000000000000000042
:10EED0000000000000000000000000000000000032
:10EEE0000000000000000000000000000000000022
:10EEF0000000000000000000000000000000000012
:10EF00000000000000000000000000000000000001
:10EF100000000000000000000000000000000000F1
:10EF200000000000000000000000000000000000E1
:10EF300000000000000000000000000000000000D1
:10EF400000000000000000000000000000000000C1
:10EF500000000000000000000000000000000000B1
:10EF600000000000000000000000000000000000A1
:10EF70000000000000000000000000000000000091
:10EF80000000000000000000000000000000000081
:10EF90000000000000000000000000000000000071
:10EFA0000000000000000000000000000000000061
:10EFB0000000000000000000000000000000000051
:10EFC0000000000000000000000000000000000041
:10EFD0000000000000000000000000000000000031
:10EFE0000000000000000000000000000000000021
:10EFF0000000000000000000000000000000000011
:10F000000000000000000000000000000000000000
:10F0100000000000000000000000000000000000F0
:10F0200000000000000000000000000000000000E0
:10F0300000000000000000000000000000000000D0
:10F0400000000000000000000000000000000000C0
:10F0500000000000000000000000000000000000B0
:10F0600000000000000000000000000000000000A0
:10F070000000000000000000000000000000000090
:10F080000000000000000000000000000000000080
:10F090000000000000000000000000000000000070
:10F0A000000000000000F03F748515D3B0D9EF3F99
:10F0B0000F89F96C58B5EF3F515B12D00193EF3FC8
:10F0C0007B517D3CB872EF3FAAB968318754EF3F5E
:10F0D0003862756E7A38EF3FE1DE1FF59D1EEF3F17
:10F0E00015B7310AFE06EF3FCBA93A37A7F1EE3F3D
:10F0F0002234124CA6DEEE3F2D89616008CEEE3F31
:10F10000272A36D5DABFEE3F824F9D562BB4EE3F0D
:10F11000295448DD07ABEE3F85553AB07EA4EE3F5B
:10F12000CD3B7F669EA0EE3F745FECE8759FEE3F9F
:10F130008701EB7314A1EE3F13CE4C9989A5EE3FE6
:10F14000DBA02A42E5ACEE3FE5C5CDB037B7EE3FD8
:10F1500090F0A38291C4EE3F5D253EB203D5EE3F11
:10F16000ADD35A999FE8EE3F475EFBF276FFEE3F44
:10F170009C5285DD9B19EF3F6990EFDC2037EF3F14
:10F1800087A4FBDC1858EF3F5F9B7B33977CEF3FF6
:10F19000DA90A4A2AFA4EF3F40456E5B76D0EF3F7C
:10F1A000000000000000E8429423914BF86AAC3F55
:10F1B000F3C4FA50CEBFCE3FD6520CFF422EE63FEC
:10F1C0000000000000003843FE822B6547154740D1
:10F1D0009423914BF86ABC3EF3C4FA50CEBF2E3F45
:10F1E000D6520CFF422E963FBEF3F879EC61F63F03
:10F1F000DEAA8C80F77BD5BF3D88AF4AED71F53F25
:10F20000DB6DC0A7F0BED2BFB010F0F03995F43F6F
:10F21000673A517FAE1ED0BF8503B8B095C9F33FA2
:10F22000E92482A6D831CBBFA564880C190DF33F21
:10F230005877C00A4F57C6BFA08E0B7B225EF23FA5
:10F2400000819CC72BAAC1BF3F341A4A4ABBF13F79
:10F250005E0E8CCE764EBABFBAE58AF05823F13FE7
:10F26000CC1C615A3C97B1BFA70099413F95F03F34
:10F270001E0CE138F452A2BF000000000000F03F75
:10F280000000000000000000AC479AFD8C60EE3FDB
:10F290008459F25DAAA5AA3FA06A021FB3A4EC3F5D
:10F2A000B42E36AA535EBC3FE6FC6A573620EB3FCD
:10F2B00008DB2077E526C53F2DAAA163D1C2E93F2F
:10F2C0007047220D86C2CB3FED417803E686E83FCA
:10F2D000E17EA0C88B05D13F624853F5DC67E73F6C
:10F2E00009EEB6573004D43FEF39FAFE422EE63F1E
:10F2F0003483B848A30ED0BF6A0BE00B5B57D53FF1
:10F3000023410AF2FEFFDFBF0080E03779C34143AB
:10F31000176E05B5B5B89346F5F93FE9034F384D7B
:10F32000321D30F94877825A3CBF737FDD4F157527
:10F33000000000000000F03F00000000000024403A
:10F3400000000000000059400000000000408F4015
:10F35000000000000088C34000000000006AF84080
:10F360000000000080842E4100000000D0126341A4
:10F370000000000084D797410000000065CDCD411A
:10F38000000000205FA00242000000E876483742FB
:10F39000000000A2941A6D42000040E59C30A24299
:10F3A0000000901EC4BCD64200003426F56B0C430E
:10F3B0000080E03779C3414300A0D88557347643B5
:10F3C00000C84E676DC1AB43003D9160E458E14316
:10F3D000408CB5781DAF154450EFE2D6E41A4B448B
:10F3E00092D54D06CFF08044F64AE1C7022DB544D0
:10F3F000B49DD9794378EA44BEF3F879EC61F63FDD
:10F400001930965BC6FEDEBF3D88AF4AED71F53F11
:10F41000A4FCD432680BDBBFB010F0F03995F43F98
:10F420007BB71F0A8B41D7BF8503B8B095C9F33F9F
:10F430007BCF6D1AE99DD3BFA564880C190DF33FEE
:10F4400031B6F2F39B1DD0BFA08E0B7B225EF23F44
:10F45000F07A3B1B1D7CC9BF3F341A4A4ABBF13FBF
:10F460009F3CAF93E3F9C2BFBAE58AF05823F13F5E
:10F470005C8D78BFCB60B9BFA70099413F95F03F45
:10F48000CE5F47B69D6FAABF000000000000F03FAE
:10F490000000000000000000AC479AFD8C60EE3FC9
:10F4A0003DF5249FCA38B33FA06A021FB3A4EC3FC6
:10F4B000BA913854A976C43FE6FC6A573620EB3F30
:10F4C000D2E4C44A0B84CE3F2DAAA163D1C2E93F46
:10F4D0001C65C6F04506D43FED417803E686E83F5B
:10F4E000F89F1B2C9C8ED83F624853F5DC67E73FA2
:10F4F000CC7BB14EA4E0DC3F0B6E49C91676D23FFF
:10F500007AC675A06919D7BFDDBAA76C0AC7DE3FF6
:10F51000C8F6BE484715E7BF2BB82A654715F73F21
:10F52000000000000000F03F000000000000F0BFFD
:10F53000000000000000F0BF000000000000F03FED
:10F5400083C8C96D305F6441182D4454FB21F93FD5
:10F55000000000000000F03F1C620CFDFFFFDFBF59
:10F56000198F06E15355A53F9D359AE887C056BFD0
:10F57000C3F87B024393F93E03A695595455C5BF82
:10F58000C40B23057610813F24CF7437EB9429BF39
:10F59000000000000000F03F000000000000F0BF8D
:10F5A000000000000000F0BF000000000000F03F7D
:10F5B00083C8C96D305F6441182D4454FB21F93F65
:10F5C000000000000000F0BF1C620CFDFFFFDF3FE9
:10F5D000198F06E15355A5BF9D359AE887C0563F60
:10F5E000C3F87B024393F9BE03A695595455C5BF92
:10F5F000C40B23057610813F24CF7437EB9429BFC9
:10F60000BC89D897B2D29C3C33A7A8D523F64939F8
:10F610003DA7F444FD0FA5329D978CCF08BA5B251A
:10F62000436FAC6428066811881D0020981D0020D7
:10F63000A81D0020ECC20020F0C20020F4C200206F
:10F64000F8C20020FCC20020000000000000000002
:10F650000000FF27100032FF27100032FF271000A4
:10F6600032FF271000320000000000000000000000
:10F6700000000000000000000040004000400000CA
:10F68000E73BE73BE73B0000080C0020040C0020B0
:10F69000D42C00202C1D0020F80C0020080C002089
:10F6A000040C0020D42C002018280020242800203E
:10F6B000B82C0020C42C0020D02C0020000000001A
:10F6C0000100000003000000020000000000000034
:10F6D00028F029F02AF02BF020002D003D005B00DF
:10F6E0005D005C0000003B00270060002C002E0045
:10F6F0002F0039F0000000000000000000000000B2
:10F7000000000000000000000000000000000000F9
:10F71000000049F04AF04BF04CF04DF04EF04FF045
:10F7200050F051F052F00000000000000000000016
:10F7300000000000000000000000000000000000C9
:10F7400000000000000000000000000000000000B9
:10F7500000000000000000000000000000000000A9
:10F760000000000000000000000000000000000099
:10F770000000000000000000000000000000000089
:10F780000000000000000000000000000000000079
:10F790000000000000000000000000000000000069
:10F7A0000000000000000000000000000000000059
:10F7B0000000000000000000000000000000000049
:10F7C0000000000000000000000000000000000039
:10F7D0000000000000000000000000000000000029
:10F7E0000000000000000000000000000000000019
:10F7F0000000000000000000000000000000000009
:10F8000000000000000000000000000000000000F8
:10F8100000000000000000000000000000000000E8
:10F8200000000000000000000000000000000000D8
:10F8300000000000000000000000000000000000C8
:10F8400001E002E004E008E010E020E040E080E0B9
:10F85000341D0020481D00205C1D0020701D00206C
:10F86000080C0020040C0020D42C00202C1D0020AB
:10F87000840D00208C0D0020100E00207B2263736D
:10F880005F626F756E645F6B6579223A00000000FD
:10F890007B226B696D5F626F756E645F6B65792249
:10F8A0003A00000043494D0041494D005B55534229
:10F8B0005D204465766963653A204D494D204D6F62
:10F8C00075736520696E697469616C697A65640035
:10F8D0005B5553425D204465766963653A200000BC
:10F8E00020446972656374496E707574204A6F793B
:10F8F000737469636B20696E697469616C697A6598
:10F90000640000005B5553425D204A6F797374694F
:10F91000636B3A2061786573206E65757472616CF3
:10F920002028353132292C204D616E75616C53656C
:10F930006E64206163746976650000005B55534214
:10F940005D2057616974696E6720666F7220686F09
:10F95000737420656E756D65726174696F6E2E2E9D
:10F960002E0000005B5553425D20526561647900B2
:10F970005B454E435D20456E636F64657248616E02
:10F98000646C657220726561647920285465656EC7
:10F99000737920342E3129004D494D0076322E31B5
:10F9A000312E312D616C7068610000005B5446544B
:10F9B0005D205446543120696E697469616C697ABE
:10F9C0006564000047726170682072656164790047
:10F9D0005B5446545D205446543220696E69746904
:10F9E000616C697A65640000252B35642070782F7E
:10F9F00073000000253564206D73000025352E311D
:10FA0000662025250000000025352E316620487A25
:10FA100000000000253564202525000025356C7583
:10FA2000206D7300582D537065656400592D537017
:10FA3000656564002B2F2D25642020543D256C75B1
:10FA40006D7300002B256400203000002D2564001C
:10FA500030000000256C75206D73000045313A7050
:10FA6000616765202045323A6564697400000000D2
:10FA7000765825643A252B356400000076592564B4
:10FA80003A252B356400000025372E336600000030
:10FA900025362E326620257300000000575220576D
:10FAA00041524E00534156454400000041494D200B
:10FAB000506172616D7300002025642F2564000081
:10FAC0005025642F3300000041494D2053756D6D62
:10FAD0006172790045313A6E61762045323A65644B
:10FAE000697400005B252E32662E2E252E32665D4F
:10FAF000000000002D3E2041494D00002D3E204DCC
:10FB0000494D00004D494D20286166746572207290
:10FB100065626F6F742900005B424F4F545D204D4A
:10FB20006F646520736176656420E2869220000030
:10FB30005B424F4F545D2050656E64696E67206D67
:10FB40006F646520E2869220000000005B4545500E
:10FB5000524F4D5D204D494D2070726F66696C6546
:10FB6000207361766564202873657373696F6E20F6
:10FB70007772697465733A005B454550524F4D5D2D
:10FB8000205741524E3A206869676820777269743D
:10FB900065206672657175656E6379207468697336
:10FBA0002073657373696F6E000000005B4D494DF3
:10FBB0005D2050726F66696C652076616C69646166
:10FBC00074696F6E206661696C65643A206D616767
:10FBD0006963206D69736D61746368005B4D494DA5
:10FBE0005D2050726F66696C652076616C69646136
:10FBF00074696F6E206661696C65643A207665721F
:10FC000073696F6E206D69736D61746368000000C5
:10FC10005B4D494D5D2050726F66696C6520766161
:10FC20006C69646174696F6E206661696C65643AC1
:10FC300020435243206572726F722028676F7420D0
:10FC4000000000002C2065787065637465642000F6
:10FC50005B4D494D5D2050726F66696C6520766121
:10FC60006C69646174696F6E206661696C65643A81
:10FC7000207658206F7574206F662072616E6765FC
:10FC8000000000005B4D494D5D2050726F66696C4D
:10FC9000652076616C69646174696F6E2066616964
:10FCA0006C65643A207659206F7574206F662072F7
:10FCB000616E6765000000005B4D494D5D2050722C
:10FCC0006F66696C652076616C69646174696F6EDA
:10FCD000206661696C65643A2044656C6179206FC7
:10FCE0007574206F662072616E6765005B4D494DCB
:10FCF0005D2050726F66696C652076616C69646125
:10FD000074696F6E206661696C65643A2073696717
:10FD10006D61506374206F7574206F662072616E20
:10FD2000676500005B4D494D5D2050726F66696CE0
:10FD3000652076616C69646174696F6E20666169C3
:10FD40006C65643A207266487A206F7574206F661D
:10FD50002072616E676500005B4D494D5D205072F9
:10FD60006F66696C652076616C69646174696F6E39
:10FD7000206661696C65643A2072665370726561D1
:10FD800064206F7574206F662072616E6765000075
:10FD90005B4D494D5D2050726F66696C65207661E0
:10FDA0006C69646174696F6E206661696C65643A40
:10FDB00020726644757479506374206F7574206F77
:10FDC000662072616E6765005B4D494D5D20507223
:10FDD0006F66696C652076616C69646174696F6EC9
:10FDE000206661696C65643A2074456E644D7320C9
:10FDF0006F7574206F662072616E67650000000089
:10FE00005B454550524F4D5D204D494D2064656620
:10FE100061756C7473206C6F6164656420286E6F0B
:10FE20002076616C69642070726F66696C65290068
:10FE30005B454550524F4D5D204D494D2070726FCE
:10FE400066696C65206C6F616465642028760000CB
:10FE50005B454550524F4D5D2041494D2070726FBA
:10FE600066696C65207361766564202873657373B9
:10FE7000696F6E207772697465733A005B41494D12
:10FE80005D2050726F66696C652076616C69646193
:10FE900074696F6E206661696C65643A206D616794
:10FEA0006963206D69736D61746368005B41494DDE
:10FEB0005D2050726F66696C652076616C69646163
:10FEC00074696F6E206661696C65643A207665724C
:10FED00073696F6E206D69736D61746368000000F3
:10FEE0005B41494D5D2050726F66696C652076619B
:10FEF0006C69646174696F6E206661696C65643AEF
:10FF000020435243206572726F722028676F7420FD
:10FF1000000000005B41494D5D2050726F66696CC6
:10FF2000652076616C69646174696F6E20666169D1
:10FF30006C65643A20656D615F616C706861206F0B
:10FF40007574206F662072616E6765005B41494D74
:10FF50005D2050726F66696C652076616C696461C2
:10FF600074696F6E206661696C65643A206E6F69B2
:10FF700073655F67617465206F7574206F662072AA
:10FF8000616E6765000000005B41494D5D20507265
:10FF90006F66696C652076616C69646174696F6E07
:10FFA000206661696C65643A2073656E7369746973
:10FFB00076697479206F7574206F662072616E6740
:10FFC000650000005B41494D5D2050726F66696CB1
:10FFD000652076616C69646174696F6E2066616921
:10FFE0006C65643A206D61785F6465666C65637406
:10FFF000206F7574206F662072616E676500000067
:02000004600397
:100000005B41494D5D2050726F66696C6520766179
:100010006C69646174696F6E206661696C65643ACD
:100020002063757276655F657870206F7574206FD8
:10003000662072616E6765005B41494D5D205072BC
:100040006F66696C652076616C69646174696F6E56
:10005000206661696C65643A206C737469636B5FD8
:100060006D617020636F6465206F7574206F66200A
:1000700072616E67650000005B41494D5D20507202
:100080006F66696C652076616C69646174696F6E16
:10009000206661696C65643A206D6F7573655F7386
:1000A0007469636B206F7574206F662072616E6770
:1000B000650000005B41494D5D2050726F66696CC0
:1000C000652076616C69646174696F6E2066616930
:1000D0006C65643A206B626D617020636F646520AB
:1000E0006F7574206F662072616E67650000000096
:1000F0005B454550524F4D5D2041494D206465663A
:1001000061756C7473206C6F6164656420286E6F18
:100110002076616C69642070726F66696C65290075
:100120005B454550524F4D5D2041494D2070726FE7
:1001300066696C65206C6F616465642028760000D8
:10014000F0F1F3F41408E12C1E1F20212B29E0F21A
:10015000000000005B454550524F4D5D2043494D26
:100160002070726F66696C65207361766564202803
:1001700073657373696F6E207772697465733A0083
:100180005B43494D5D2050726F66696C65207661F6
:100190006C69646174696F6E206661696C65643A4C
:1001A000206D61676963206D69736D6174636800B8
:1001B0005B43494D5D2050726F66696C65207661C6
:1001C0006C69646174696F6E206661696C65643A1C
:1001D0002076657273696F6E206D69736D617463EB
:1001E000680000005B43494D5D2050726F66696C8A
:1001F000652076616C69646174696F6E20666169FF
:100200006C65643A20435243206572726F722028F5
:10021000676F7420000000005B43494D5D20507201
:100220006F66696C652076616C69646174696F6E74
:10023000206661696C65643A207658206F75742079
:100240006F662072616E6765000000005B43494D78
:100250005D2050726F66696C652076616C696461BF
:1002600074696F6E206661696C65643A2076592006
:100270006F7574206F662072616E67650000000004
:100280005B43494D5D2050726F66696C65207661F5
:100290006C69646174696F6E206661696C65643A4B
:1002A0002064656C6179206F7574206F66207261BF
:1002B0006E6765005B43494D5D2050726F66696CE7
:1002C000652076616C69646174696F6E206661692E
:1002D0006C65643A207369676D61506374206F7553
:1002E00074206F662072616E676500005B43494D44
:1002F0005D2050726F66696C652076616C6964611F
:1003000074696F6E206661696C65643A2072664834
:100310007A206F7574206F662072616E67650000C9
:100320005B43494D5D2050726F66696C6520766154
:100330006C69646174696F6E206661696C65643AAA
:10034000207266537072656164206F7574206F66E9
:100350002072616E676500005B43494D5D205072FD
:100360006F66696C652076616C69646174696F6E33
:10037000206661696C65643A2072664475747950D0
:100380006374206F7574206F662072616E676500FC
:100390005B43494D5D2050726F66696C65207661E4
:1003A0006C69646174696F6E206661696C65643A3A
:1003B0002074456E644D73206F7574206F662072D3
:1003C000616E6765000000005B43494D5D2050721F
:1003D0006F66696C652076616C69646174696F6EC3
:1003E000206661696C65643A206178697320696E82
:1003F000646578206F7574206F662072616E676522
:10040000000000005B43494D5D2050726F66696CCF
:10041000652076616C69646174696F6E20666169DC
:100420006C65643A20666972655F62746E206F75F0
:1004300074206F662072616E676500005B43494DF2
:100440005D2050726F66696C652076616C696461CD
:1004500074696F6E206661696C65643A2063696DCA
:1004600053656E7369746976697479206F75742049
:100470006F662072616E6765000000005B45455045
:10048000524F4D5D2043494D2064656661756C7423
:1004900073206C6F6164656420286E6F2076616CD8
:1004A00069642070726F66696C6529005B45455010
:1004B000524F4D5D2043494D2070726F66696C65E7
:1004C000206C6F6164656420287600005B414953AD
:1004D0005D2076616C69646174696F6E2066616924
:1004E0006C65643A206D6167696300005B41495344
:1004F0005D2076616C69646174696F6E2066616904
:100500006C65643A2076657273696F6E0000000056
:100510005B4149535D2076616C69646174696F6EFB
:10052000206661696C65643A204352430000000014
:100530005B4149535D2076616C69646174696F6EDB
:10054000206661696C65643A20656E61626C656401
:10055000000000005B4149535D2076616C69646175
:1005600074696F6E206661696C65643A20666972B1
:10057000655F7372630000005B4149535D207661E3
:100580006C69646174696F6E206661696C65643A58
:100590002076582F765900005B4149535D207661E3
:1005A0006C69646174696F6E206661696C65643A38
:1005B0002064656C617900005B4149535D20766180
:1005C0006C69646174696F6E206661696C65643A18
:1005D000207369676D615063740000005B4149538B
:1005E0005D2076616C69646174696F6E2066616913
:1005F0006C65643A2074456E644D73005B414953E9
:100600005D2076616C69646174696F6E20666169F2
:100610006C65643A2073656E736974697669747980
:10062000000000005B454550524F4D5D2041494D53
:100630002073706C696E652064656661756C747397
:10064000206C6F6164656420286E6F2076616C6930
:10065000642070726F66696C652900005B454550C7
:10066000524F4D5D2041494D2073706C696E65207D
:100670006C6F616465642028760000005B4545501E
:10068000524F4D5D204B494D2070726F66696C650D
:10069000207361766564202873657373696F6E20BB
:1006A0007772697465733A005B4B494D5D205072F7
:1006B0006F66696C652076616C69646174696F6EE0
:1006C000206661696C65643A206D61676963206DBD
:1006D00069736D61746368005B4B494D5D205072B6
:1006E0006F66696C652076616C69646174696F6EB0
:1006F000206661696C65643A2076657273696F6E15
:10070000206D69736D617463680000005B4B494D37
:100710005D2050726F66696C652076616C696461FA
:1007200074696F6E206661696C65643A2043524358
:10073000206572726F722028676F742000000000BD
:100740005B4B494D5D2050726F66696C6520766128
:100750006C69646174696F6E206661696C65643A86
:10076000206E5F656E7472696573206F7574206F9B
:10077000662072616E6765005B4B494D5D2050726B
:100780006F66696C652076616C69646174696F6E0F
:10079000206661696C65643A207369676D615F709A
:1007A0006374206F7574206F662072616E676500D8
:1007B0005B454550524F4D5D204B494D2064656669
:1007C00061756C7473206C6F6164656420286E6F52
:1007D0002076616C69642070726F66696C652900AF
:1007E0005B454550524F4D5D204B494D2070726F17
:1007F00066696C65206C6F61646564202876000012
:100800002C20656E74726965733A2000696E6163AD
:1008100074697665000000005B454550524F4D5DA0
:10082000204B494D20746F67676C65207361766556
:10083000643A20005B454550524F4D5D20435320A4
:1008400070726F66696C65207361766564202873C9
:10085000657373696F6E207772697465733A00000F
:100860005B454550524F4D5D2043532064656661A2
:10087000756C7473206C6F6164656420286E6F20E2
:1008800076616C69642070726F66696C652900001E
:100890005B454550524F4D5D2043532070726F664B
:1008A000696C65206C6F61646564202876000000C7
:1008B0002C2070616972733A200000005B4D494D35
:1008C0005D202D2D2D204761757373207465737421
:1008D00020284E3D313030302C207369676D615FC8
:1008E0007063743D352529202D2D2D005B4D494D1C
:1008F0005D204D696E3A20005B4D494D5D204D6194
:10090000783A20005B4D494D5D204D65616E3A207F
:10091000000000005B4D494D5D20537464446576D2
:100920003A2000005B4D494D5D202D2D2D2D2D2DA4
:100930002D2D2D2D2D2D2D2D2D2D2D2D2D2D2D2DE7
:100940002D2D2D2D2D2D2D2D2D2D2D2D2D2D2D2DD7
:100950002D2D2D005B41494D5D2041696D416C6736
:100960006F726974686D20726561647900000000BF
:100970005B4B494D5D20456E67696E6520696E6908
:100980007469616C697A6564000000007B226B69A0
:100990006D5F62696E645F61636B223A317D000056
:1009A0007B2263735F62696E645F61636B223A31BD
:1009B0007D0000007B226B696D5F62696E645F740D
:1009C000696D656F7574223A317D00004D4B434F60
:1009D0004D424F0041494D20286166746572207276
:1009E00065626F6F7429000043494D202861667469
:1009F0006572207265626F6F742900004B494D204B
:100A0000286166746572207265626F6F74290000D8
:100A10004D4B434F4D424F202861667465722072E2
:100A200065626F6F74290000582D537065656420EE
:100A30002870782F73290000592D53706565642044
:100A40002870782F73290000506172616D6574659C
:100A500072730000765830007658310076583200B4
:100A6000765833007658340076583500765836007C
:100A70007659300076593100765932007659330074
:100A8000765934007659350076593600582D44652C
:100A90006C617900592D44656C6179005369676D0B
:100AA0006100000052462D487A00000052462D5346
:100AB0007072640052462D4475747900542D456E51
:100AC00064000000454D412D416C706861000000DC
:100AD0004E6F6973652D47617465000053656E73D1
:100AE000697469762E0000004D61782D4465666C4E
:100AF0000000000043757276652D45787000000097
:100B000070782F73000000002F2F272722225C5CB3
:100B10006208660C6E0A720D740900005C75303054
:100B200030300000747275650000000066616C73FF
:100B3000650000006E756C6C000000006F6B0000BB
:100B4000646174615F666C6F77696E6700000000B6
:100B50006672616D655F616765000000636F727248
:100B60005F6D6F64650000006C6D625F6761746546
:100B7000000000007265616368696E675F6D7300F5
:100B80006B705F7063740000616C7068615F6D69A9
:100B90006E5F706374000000616C7068615F6D610E
:100BA000785F706374000000616C7068615F7363EC
:100BB000616C65006A756D705F696E7465727661EF
:100BC0006C5F6D73000000006A756D705F70637418
:100BD000000000006465616462616E6400000000F2
:100BE0006D61785F7374657000000000636F7272EE
:100BF0005F626F785F780000636F72725F626F7818
:100C00005F790000696E766572745F78000000009D
:100C1000696E766572745F790000000061737369B4
:100C200073745F7063740000757365725F796965D2
:100C30006C645F72656600006578747261705F65F0
:100C40006E61626C656400006578747261705F77D4
:100C500065696768745F7063740000007363616C3A
:100C6000655F785F706D00007363616C655F795FCD
:100C7000706D0000757365725F7370656564000068
:100C80006578747261705F686F72697A6F6E5F6D9C
:100C900073000000646576696365000066775F76BF
:100CA000657273696F6E0000322E31312E312D6105
:100CB0006C706861000000002530386C580000003E
:100CC00068775F6964000000765800007844656CBE
:100CD000617900007944656C617900007369676D22
:100CE00061506374000000007266487A00000000E2
:100CF000726653707265616400000000726644752C
:100D0000747950637400000073706C696E65735F72
:100D1000656E61626C65640074456E644D730000BD
:100D2000656D615F616C7068610000006E6F697372
:100D3000655F67617465000073656E7369746976D9
:100D4000697479006D61785F6465666C65637400D1
:100D500063757276655F6578700000006D6F7573FE
:100D6000655F737469636B006B626D617000000096
:100D70006C737469636B5F6D617000006B696D5FAC
:100D800061637469766500007369676D615F7063A4
:100D9000740000006E5F656E747269657300000018
:100DA000656E747269657300747970650000000087
:100DB0007472696767657230000000007472696759
:100DC0006765723100000000747269676765725F61
:100DD0006D6F6465000000006761705F6D730000F7
:100DE00073746570730000006B6579636F646500F0
:100DF000686F6C645F6D730070617573655F6D73B0
:100E000000000000617869735F727800617869732F
:100E10005F727900666972655F62746E000000003F
:100E200073746172745F62696E64000063735F65FE
:100E30006E61626C6564000063735F7369676D6106
:100E40005F706374000000007061697273000000DD
:100E50006B65795F610000006B65795F620000007F
:100E60006475725F6D7300006572726F72000000CE
:100E70006D657373616765006D6F64655F73776936
:100E80007463683A206D6F6465206D7573742062B9
:100E90006520274D494D272C202741494D272C20DF
:100EA0002743494D272C20274B494D27206F72207F
:100EB000274D4B434F4D424F27000000616374693B
:100EC0006F6E00007265626F6F74696E670000007C
:100ED0004A534F4E207061727365206572726F7253
:100EE00000000000636D640070696E670000000020
:100EF0006765745F636F6E66696700006765745F3E
:100F00007374617475730000757074696D655F6DDD
:100F1000730000006869645F61637469766500004E
:100F20006C6173745F696E7075745F6D730000003F
:100F30006C6D625F6163746976650000736C6565F2
:100F4000705F6D6F646500006D6F7573655F636FD3
:100F50006E6E6563746564006B6579626F6172645F
:100F60005F636F6E6E6563746564000067616D65D5
:100F70007061645F636F6E6E65637465640000002A
:100F80006B62645F6D6F646966696572730000000F
:100F90006E756D5F6D696E75735F68656C6400007A
:100FA0006765745F6578745F636F72726563746997
:100FB0006F6E00006765745F61696D5F636F6E6679
:100FC000696700006765745F61696D5F6D6170706E
:100FD000696E67006765745F63696D5F636F6E66F6
:100FE000696700006765745F6B696D5F636F6E664C
:100FF000696700006765745F63735F636F6E66693E
:10100000670000006E5F7061697273006B696D5FED
:1010100062696E645F737461727400007365745FFB
:101020006578745F636F7272656374696F6E0000D8
:10103000646174610000000074656C656D657472B4
:1010400079000000757365725F73706565645F6633
:101050006F72636500000000636F72725F6D6F6492
:10106000653A206F6E6C792031202841646170747C
:101070006976292C20322028537072756E67292CCE
:1010800020342028526F62757374292C2035202853
:10109000446972656B742900756E6B6E6F776E2094
:1010A0006B65793A202573007365745F6578745FAA
:1010B000636F7272656374696F6E207265717569B2
:1010C00072657320276461746127206F626A6563AB
:1010D0007400000072657365745F6578745F636F98
:1010E0007272656374696F6E000000007365745FEF
:1010F000636F6E66696700007365745F636F6E6629
:1011000069672072657175697265732027646174FF
:101110006127206F626A6563740000007365745F05
:1011200061696D5F636F6E66696700007365745F08
:1011300061696D5F636F6E6669672072657175695D
:1011400072657320276461746127206F626A65632A
:10115000740000007365745F61696D5F6D6170702C
:10116000696E67007365745F61696D5F6D61707052
:10117000696E672072657175697265732027646195
:10118000746127206F626A65637400007365745F21
:1011900063696D5F636F6E66696700007365745F96
:1011A00063696D5F636F6E666967207265717569EB
:1011B00072657320276461746127206F626A6563BA
:1011C000740000007365745F6B696D5F636F6E66BA
:1011D000696700007365745F6B696D5F636F6E664E
:1011E000696720726571756972657320276461741F
:1011F0006127206F626A6563740000007365745F25
:1012000063735F636F6E6669670000007365745F88
:1012100063735F636F6E666967207265717569726B
:10122000657320276461746127206F626A65637447
:10123000000000006D6F64655F7377697463680018
:101240007265626F6F745F626F6F746C6F616465FB
:10125000720000006F74615F73746172740000004B
:10126000746F74616C5F627974657300626C6F6334
:101270006B5F73697A6500006F74615F626C6F63A6
:101280006B0000007365710061646472000000000F
:101290006F74615F66696E697368000063726333BF
:1012A000320000006F74615F61626F727400000051
:1012B000726561736F6E000062726F777365725F43
:1012C00061626F7274000000756E6B6E6F776E20D6
:1012D000636F6D6D616E64005B4D41494E5D2053DF
:1012E0007769746368696E6720746F206D6F6465D9
:1012F0003A2000007B226576656E74223A22736C78
:10130000656570227D0000007B226576656E742223
:101310003A2277616B65227D000000005B454E43F9
:101320005D204532204C6F6E6720507265737320CC
:10133000E28692206D6F646520737769746368201C
:10134000746F20005B454E435D205061676520E26D
:10135000869220005B454E435D20453220526573E6
:10136000657420506172616D200000006E6F742002
:10137000636F6E6E65637465640000003D3D3D3DC6
:101380003D3D3D3D3D3D3D3D3D3D3D3D3D3D3D3D8D
:101390003D3D3D3D3D3D3D3D3D3D3D3D3D3D3D3D7D
:1013A0003D3D3D3D3D00000020204D494D20763221
:1013B0002E31312E312D616C7068610020207678DD
:1013C000000000003A202000202076790000000074
:1013D0002020582D44656C61793A202000000000DF
:1013E0002020592D44656C61793A202000000000CE
:1013F00020205369676D613A202020200000000002
:1014000020250000202052462D487A3A2020202016
:101410000000000020487A00202052462D537072B0
:10142000643A202000000000202052462D447574AC
:10143000793A2020000000002020542D456E643AA7
:10144000202020200000000020204D6F7573653A99
:1014500020202020000000005B4E554D2D5D2070A7
:101460007265737320E28692204C4D423D3100003C
:101470005B4E554D2D5D2072656C6561736520E294
:101480008692204C4D423D30000000004D2000006F
:101490005B4B415D204865617274626561742061D7
:1014A0006674657220000000207320696E616374A9
:1014B00069766974790000004D494D204D4F4445CF
:1014C0000000000041494D204D4F44450000000000
:1014D0005B4D41494E5D204D494D2076322E3131D4
:1014E0002E312D616C70686120E2809420736574E8
:1014F00075702829000000005B424F4F545D204169
:1015000075746F2D446574656374696F6E20286B04
:1015100065696E2050656E64696E672D4D6F6465F8
:10152000290000005B43494D5D20426F6F7420E24B
:10153000809420636F6E74726F6C6C65722064654A
:1015400074656374656400005B41494D5D20426FC2
:101550006F7420E28094206D6F75736520646574EC
:1015600065637465640000005B4B494D5D20426F0C
:101570006F7420E28094206B6579626F61726420E1
:101580006465746563746564000000005B4D4B43E3
:101590004F4D424F5D20426F6F7420E28094206D6A
:1015A0006F757365202B206B6579626F61726420A3
:1015B0006465746563746564202848756229000059
:1015C0005B4D494D5D20426F6F7400005B25735D7C
:1015D00020427574746F6E2070756C73652073652E
:1015E0006E7420E286922062726F77736572204774
:1015F000616D657061642041504920616374697652
:10160000617465640A0000005B4D41494E5D2073C2
:1016100065747570282920636F6D706C6574650042
:1016200050415353000000004641494C0000000067
:101630005B4D41494E5D205741524E3A20686967E3
:1016400068207772697465206672657175656E636E
:101650007920746869732073657373696F6E000015
:101660007B22737461747573223A226572726F7291
:10167000222C226D657373616765223A227265714F
:10168000756573742074696D656F7574227D0000D3
:101690007B0000006D0000005B4D494D5D205465EE
:1016A00073743A204D6F7573652E6D6F76652830B3
:1016B0002C3130302C30292073656E74000000000E
:1016C00074667432746573740000000052454420DF
:1016D000202043533D333700475245454E20444375
:1016E0003D333600424C5545205253543D3335006E
:1016F0005B5446545D205446543220636F6C6F72C5
:10170000207465737420647261776E2028522F47AD
:101710002F422C203320732900000000767800002F
:10172000767900005B4D494D5D2076580000000041
:1017300078643A005B4D494D5D2076590000000009
:101740005B4D494D5D20582D44656C6179203D20ED
:101750000000000079643A005B4D494D5D20592D31
:1017600044656C6179203D20000000005B4D494DCF
:101770005D205369676D61203D20000072663A006C
:101780005B4D494D5D2052462D487A203D2000009A
:101790007266733A000000005B4D494D5D20524671
:1017A0002D537064203D20007266643A00000000F2
:1017B0005B4D494D5D2052462D44757479203D2086
:1017C0000000000074653A005B4D494D5D20542DCA
:1017D000456E64203D200000656570726F6D5F741A
:1017E000657374005B544553545D20E29480E29429
:1017F0008020454550524F4D20546573742D5375CC
:1018000069746520E29480E29480E29480E294809E
:10181000E29480E29480E29480E29480E29480E218
:101820009480E29480E29480E29480E29480E29456
:1018300080E29480E29480E2948000005B544553FF
:10184000545D203120E2809420436F6C64205374F7
:101850006172742044656661756C743A20202020A2
:10186000000000005B544553545D203220E2809418
:101870002053617665202B2052656C6F61643A209D
:101880002020202020202020200000005B544553F1
:10189000545D203320E2809420436865636B737548
:1018A0006D20436F7272757074696F6E3A202020DC
:1018B000000000005B544553545D203420E28094C6
:1018C00020466C6F617420526F756E64747269701B
:1018D0003A20202020202020200000005B54455387
:1018E000545D20E29480E2948020526573756C749C
:1018F0003A2000002F34205041535320E29480E2DC
:101900009480E29480E29480E29480E29480E29475
:1019100080E29480E29480E29480E29480E2948079
:10192000E29480E29480E29480E2948000000000DF
:101930005B4D41494E5D20556E6B6E6F776E206337
:101940006F6D6D616E642E2027702720666F722088
:1019500068656C702E00000043494D204D4F444592
:10196000000000004B494D204D4F44450000000051
:101970004D494D2B4B494D007B226F7461223A2219
:101980006572726F72222C226D7367223A22257360
:10199000227D00007B226F7461223A226E61636BAC
:1019A000222C22736571223A25752C226D736722D1
:1019B0003A222573227D00005B4F54415D20457221
:1019C000726F7220E2809420626C6F636B5F736948
:1019D0007A65206D69736D617463683A20676F740E
:1019E00020000000626C6F636B5F73697A655F6DE6
:1019F00069736D61746368005B4F54415D2053747B
:101A000061727420E280942073697A653D00000061
:101A10002062797465732C20626C6F636B733D0078
:101A20007B226F7461223A227265616479222C22D2
:101A3000626C6F636B5F73697A65223A25752C223D
:101A4000626C6F636B73223A25757D006E6F745FF5
:101A5000696E5F6F74615F6D6F6465005B4F5441C9
:101A60005D204572726F7220E2809420626C6F6319
:101A70006B2074696D656F757400000074696D6525
:101A80006F7574006261736536345F6572726F7270
:101A9000000000005B4F54415D20426C6F636B207F
:101AA000000000002F0000002028536563746F724F
:101AB000203020E286922052414D29007B226F7413
:101AC00061223A2261636B222C22736571223A25CE
:101AD000757D0000666C6173685F76657269667912
:101AE0005F6572726F7200005B4F54415D204572FA
:101AF000726F7220E28094204352433332206D692A
:101B0000736D617463683A20676F742030780000E9
:101B10002C2065787065637465642030780000005F
:101B20006372635F6D69736D6174636800000000C8
:101B3000736563746F72305F6D697373696E67008C
:101B40005B4F54415D204352433332204F4B20E2E0
:101B500080942077726974696E6720536563746F2F
:101B60007220302C207265626F6F74696E6700009E
:101B70007B226F7461223A226F6B227D000000008D
:101B80006E6F20726561736F6E0000005B4F544191
:101B90005D2041626F727420E2809420000000009A
:101BA0000A20212121212121212121212120426CD2
:101BB0007565746F6F7468436F6E74726F6C6C656B
:101BC000723A3A71756575655F446174615F54720C
:101BD000616E736665722063616C6C656420776901
:101BE0007468206261642064617461206C696E6550
:101BF0003A2025750A0000000920706970653A25B1
:101C000070206275666665723A2570206C656E3A62
:101C10002575206472697665723A25700A000000A5
:101C200048656C6C6F2C2049276D20726573657454
:101C300074696D65720000004465626F756E63655E
:101C40002054696D65720000555342484944506103
:101C5000727365723A3A636F6E74726F6C206D7353
:101C6000673A202578202578203A20257820257588
:101C7000203A000020253032780000004A6F797346
:101C80007469636B436F6E74726F6C6C65723A3A11
:101C900062745F636C61696D5F636F6C6C656374C4
:101CA000696F6E2825702920436F6E6E65637469B5
:101CB0006F6E3A257020636C6173733A25782054F7
:101CC0006F703A25780A0000094A6F797374696366
:101CD0006B436F6E74726F6C6C657220636C6169BC
:101CE0006D20636F6C6C656374696F6E0A00000031
:101CF000537769746368207472616E7366657220CD
:101D00006661696C0A0000005365742052756D624B
:101D10006C6520646174613A2025642C2025640A76
:101D2000000000005365742052756D626C6520647C
:101D30006174612028555342293A2025642C2025BE
:101D4000640A0000576972656C65737320436F6E97
:101D500074726F6C6C657200504C4159535441540D
:101D6000494F4E28522933004E6176696761746984
:101D70006F6E20436F6E74726F6C6C657200000042
:101D80004D6F74696F6E20436F6E74726F6C6C650B
:101D90007200000058626F7820576972656C657335
:101DA0007300000050726F20436F6E74726F6C6C22
:101DB000657200004A6F792D436F6E20285229000A
:101DC0004A6F792D436F6E20284C29004A6F797332
:101DD0007469636B436F6E74726F6C6C65723A3AC0
:101DE000636C61696D5F626C7565746F6F74682098
:101DF0002D20436C6173732025782025730A000021
:101E00004A6F79737469636B436F6E74726F6C6C35
:101E100065723A3A636C61696D5F626C7565746F87
:101E20006F746820496E746572666163650A0000AC
:101E30000A232323232323232073775F73656E6490
:101E4000434D44282578202570202575292063617D
:101E50006C6C65642077697468206274647269765A
:101E600065725F203D3D2030200000004D6F75738E
:101E700065436F6E74726F6C6C657220436F6E7425
:101E8000726F6C6C65723A3A636C61696D5F626C1B
:101E90007565746F6F7468202D20436C61737320B7
:101EA00025780A004D6F757365436F6E74726F6CA1
:101EB0006C65723A3A636C61696D5F626C756574EA
:101EC0006F6F746820545255450A00004D6F75734A
:101ED00065436F6E74726F6C6C65723A3A62745FD0
:101EE000636C61696D5F636F6C6C656374696F6E61
:101EF0002825702920436F6E6E656374696F6E3A92
:101F0000257020636C6173733A257820546F703AA2
:101F100025780A00094D6F757365436F6E74726F93
:101F20006C6C657220636C61696D20636F6C6C65AD
:101F30006374696F6E0A00006E616E00696E660000
:101F40006F7666006E660000696E69747900000045
:101F5000616E00004C435F434F4C4C4154450000C0
:101F60004C435F4354595045000000004C435F4DC3
:101F70004F4E4554415259004C435F4E554D4552CA
:101F8000494300004C435F54494D45004C435F4D6D
:101F9000455353414745530042616C6C6F63207356
:101FA0007563636565646564000000002F64617497
:101FB000612F6A656E6B696E732F776F726B7370CA
:101FC0006163652F474E552D746F6F6C636861694F
:101FD0006E2F61726D2D31352D352F7372632F6E1B
:101FE00065776C69622D63796777696E2F6E6577A7
:101FF0006C69622F6C6962632F7374646C69622F01
:102000006764746F612D6765746865782E6300007E
:102010002F646174612F6A656E6B696E732F776FC1
:10202000726B73706163652F474E552D746F6F6CC3
:10203000636861696E2F61726D2D31352D352F7397
:1020400072632F6E65776C69622D63796777696E4D
:102050002F6E65776C69622F6C6962632F7374648D
:102060006C69622F6D707265632E6300494E460085
:102070004E414E00303132333435363738396162B3
:102080006364656600000000303132333435363722
:10209000383941424344454600000000286E756CC3
:1020A0006C2900002C2066756E6374696F6E3A208F
:1020B00000000000617373657274696F6E202225E1
:1020C0007322206661696C65643A2066696C6520DC
:1020D000222573222C206C696E65202564257325CA
:1020E000730A0000496E66696E6974790000000029
:1020F0004E614E002F646174612F6A656E6B696E6C
:10210000732F776F726B73706163652F474E552D18
:10211000746F6F6C636861696E2F61726D2D3135FC
:102120002D352F7372632F6E65776C69622D63791D
:102130006777696E2F6E65776C69622F6C69626371
:102140002F7374646C69622F64746F612E63000076
:10215000241E0020000000000000803FCDCC4C3D3C
:1021600080300020301E0020000000000000A04150
:102170000000003F601E00203C1E0020CDCCCC3D66
:102180000000A040CDCCCC3D7C2E0020481E00207D
:10219000CDCCCC3D0000803FCDCC4C3D80300020EC
:1021A000541E00200000003F00004040CDCCCC3D3C
:1021B00080300020241E0020000000000000803F2E
:1021C000CDCC4C3D80300020301E002000000000AF
:1021D0000000A0410000003F601E00203C1E0020C7
:1021E000CDCCCC3D0000A040CDCCCC3D7C2E002001
:1021F000481E0020CDCCCC3D0000803FCDCC4C3DD6
:1022000080300020541E00200000003F00004040AD
:10221000CDCCCC3D80300020280A291B2B0952DA76
:1022200051D950D84FD749D14CD44BD34ED64AD29E
:102230004DD53AC23BC33CC43DC53EC63FC740C86E
:1022400041C942CA43CB44CC45CD0000241E0020E6
:10225000301E00203C1E0020481E0020541E00207E
:10226000B41D0020B81D0020BC1D0020C01D002092
:10227000C41D0020C81D0020CC1D0020D01D002042
:10228000D41D0020D81D0020DC1D0020E01D0020F2
:10229000E41D0020E81D0020EC1D0020F41D00209E
:1022A000FC1D0020041E00200C1E0020141E002017
:1022B0001C1E0020542F2F552A2A562D2D572B2B0C
:1022C000580A0A59CD315AD1325BCE335CD0345DD5
:1022D00000355ECF365FCA3760D23861CB3962C90C
:1022E0003063CC2E03040001020500000000000052
:1022F000003E5B4F5B3E3E6B4F6B3E1C3E7C3E1C8C
:10230000183C7E3C181C577D571C1C5E7F5E1C00D1
:10231000183C1800FFE7C3E7FF0018241800FFE788
:10232000DBE7FF30483A060E2629792926407F054B
:102330000507407F05253F5A3CE73C5A7F3E1C1C61
:1023400008081C1C3E7F14227F22145F5F005F5F21
:1023500006097F017F006689956A6060606060940D
:10236000A2FFA29408047E040810207E2010080812
:102370002A1C08081C2A08081E101010100C1E0C1D
:102380001E0C30383E3830060E3E0E0600000000AF
:102390000000005F00000007000700147F147F1496
:1023A000242A7F2A122313086462364956205000DB
:1023B00008070300001C2241000041221C002A1CC7
:1023C0007F1C2A08083E08080080703000080808B2
:1023D0000808000060600020100804023E514945D2
:1023E0003E00427F400072494949462141494D33F0
:1023F0001814127F1027454545393C4A4949314157
:10240000211109073649494936464949291E000024
:102410001400000040340000000814224114141479
:102420001414004122140802015909063E415D5965
:102430004E7C1211127C7F494949363E414141226E
:102440007F4141413E7F494949417F090909013E98
:10245000414151737F0808087F00417F41002040BF
:10246000413F017F081422417F404040407F021CD1
:10247000027F7F0408107F3E4141413E7F090909E8
:10248000063E4151215E7F091929462649494932B4
:1024900003017F01033F4040403F1F2040201F3F7A
:1024A0004038403F631408146303047804036159FF
:1024B000494D43007F414141020408102000414141
:1024C000417F0402010204404040404000030708ED
:1024D0000020545478407F284444383844444428E9
:1024E000384444287F385454541800087E09021890
:1024F000A4A49C787F0804047800447D4000204018
:10250000403D007F1028440000417F40007C04785B
:1025100004787C080404783844444438FC182424A3
:102520001818242418FC7C08040408485454542423
:1025300004043F44243C4040207C1C2040201C3CA0
:102540004030403C44281028444C9090907C446497
:10255000544C44000836410000007700000041362A
:10256000080002010204023C2623263C1EA1A161B0
:10257000123A4040207A38545455592155557941E2
:102580002254547842215554784020545579400CB7
:102590001E5272123955555559395454545939559A
:1025A0005454580000457C410002457D42000145DD
:1025B0007C407D1211127DF0282528F07C54554571
:1025C000002054547C547C0A097F493249494932DD
:1025D0003A4444443A324A4848303A4141217A3AEE
:1025E00042402078009DA0A07D3D4242423D3D40BA
:1025F00040403D3C24FF2424487E4943662B2FFC69
:102600002F2BFF0929F620C0887E09032054547916
:10261000410000447D413048484A32384040227AE7
:10262000007A0A0A727D0D19317D2629292F282664
:102630002929292630484D4020380808080808086C
:102640000808382F10C8ACBA2F102834FA00007BC5
:10265000000008142A142222142A140855005500D8
:1026600055AA55AA55AAFF55FF55FF000000FF00C7
:10267000101010FF00141414FF001010FF00FF10C2
:1026800010F010F0141414FC001414F700FF0000F4
:10269000FF00FF1414F404FC141417101F10101F73
:1026A000101F1414141F00101010F0000000001F61
:1026B000101010101F10101010F010000000FF106C
:1026C0001010101010101010FF10000000FF140068
:1026D00000FF00FF00001F10170000FC04F414149A
:1026E0001710171414F404F40000FF00F714141466
:1026F00014141414F700F7141414171410101F10E6
:102700001F141414F4141010F010F000001F101F08
:102710000000001F14000000FC140000F010F01076
:1027200010FF10FF141414FF141010101F000000ED
:1027300000F010FFFFFFFFFFF0F0F0F0F0FFFFFFF1
:102740000000000000FFFF0F0F0F0F0F3844443848
:1027500044FC4A4A4A347E02020606027E027E0297
:1027600063554941633844443C04407E201E2006A2
:10277000027E020299A5E7A5991C2A492A1C4C72DF
:1027800001724C304A4D4D303048784830BC625A66
:10279000463D3E494949007E0101017E2A2A2A2AF6
:1027A0002A44445F444440514A444040444A5140D2
:1027B0000000FF0103E080FF000008086B6B083693
:1027C00012362436060F090F060000181800000004
:1027D0001010003040FF0101001F01011E00191DF3
:1027E0001712003C3C3C3C000000000001E002E00D
:1027F00004E008E010E020E040E080E0FFFFFFFFA1
:10280000FFFFFFFFFFFFFFFFFFFFFFFFFFFFFFFFD8
:10281000FFFFFFFFFFFFFFFFFFFFFFFFFFFFFFFFC8
:10282000FFFFFFFFFFFFFF3EFFFFFF3F343536375F
:1028300038393A3B3C3DFFFFFFFEFFFFFF0001023E
:10284000030405060708090A0B0C0D0E0F101112E0
:1028500013141516171819FFFFFFFFFFFF1A1B1C93
:102860001D1E1F202122232425262728292A2B2C20
:102870002D2E2F30313233FFFFFFFFFFFFFFFFFF11
:10288000FFFFFFFFFFFFFFFFFFFFFFFFFFFFFFFF58
:10289000FFFFFFFFFFFFFFFFFFFFFFFFFFFFFFFF48
:1028A000FFFFFFFFFFFFFFFFFFFFFFFFFFFFFFFF38
:1028B000FFFFFFFFFFFFFFFFFFFFFFFFFFFFFFFF28
:1028C000FFFFFFFFFFFFFFFFFFFFFFFFFFFFFFFF18
:1028D000FFFFFFFFFFFFFFFFFFFFFFFFFFFFFFFF08
:1028E000FFFFFFFFFFFFFFFFFFFFFFFFFFFFFFFFF8
:1028F000FFFFFFFFFFFFFFFFFFFFFFFF080A0206CA
:1029000004050109000000000000000000000000B4
:10291000E5DF0100F1F30100616C0100656C01006D
:10292000DD0802008DD4010091D4010045D70100DB
:10293000A5D40100C1D4010041D801008DD401000B
:10294000E1D40100DDD4010019D60100C1D5010098
:1029500075D6010009D7010009D5010075D701001E
:102960000000000000000000FD830100C18901009B
:10297000398601003101000051860100000000008D
:1029800000000000E5DF0100F1F30100616C0100CF
:10299000656C010035EC0100A9E40100F1EB0100D8
:1029A000C5E301002DE301008DE2010041D80100E3
:1029B00025E20100E1D4010081EA0100E9E401001F
:1029C000DDE50100D5E6010009D7010009D50100C8
:1029D00075D70100DD080200DD08020000000000DC
:1029E00000000000E5DF0100F1F30100616C01006F
:1029F000656C010035EC0100A9E40100F1EB010078
:102A0000C5E301002DE301008DE2010041D8010082
:102A100025E2010085EF010081EA0100E9E40100FF
:102A2000DDE50100D5E6010009D7010009D5010067
:102A300075D701003DF101005DF1010000000000CB
:102A400000000000E5DF0100F1F30100616C01000E
:102A5000656C010035EC0100A9E40100F1EB010017
:102A6000C5E301002DE301008DE2010041D8010022
:102A700025E20100B1F1010081EA0100E9E4010071
:102A8000DDE50100D5E6010009D7010009D5010007
:102A900075D701003DF101005DF10100000000006B
:102AA0000000000049CC0100B16D0100B56D0100CE
:102AB000696C010085CB01008DCB010015CC0100B4
:102AC00071CB0100B96D0100B1CC010071CC0100E6
:102AD00029CC01000DCD010065CD010031CC0100F4
:102AE00091CD0100B9CD0100F4FFFFFF000000000F
:102AF0006D6C0100FDCE01002DCE010089CD0100DD
:102B0000716C0100556C0100596C0100A1CE0100EF
:102B100075CE010069CE0100DDCD010005CE0100BA
:102B20005D6C0100000000000000000019030000BF
:102B3000290100002D0100003101000035010000D5
:102B400000000000000000007D1302007513020069
:102B5000711302006D130200691302006513020075
:102B6000611302005D13020000000000000000007D
:102B7000299F0100619C01002D010000310100002E
:102B8000699C010079AB0100019B0100059B0100DC
:102B9000A19C01004D9C0100099D01005D9C01006C
:102BA0000DBB0100D9B00100B1A8010051BB01006B
:102BB000919C010055A901007DAA0100319D0100F1
:102BC000A59D0100799C0100DD9D0100399E010059
:102BD00079B20100F4FFFFFF00000000A5AC010086
:102BE0009DBF0100C99D0100019D0100C59D01001F
:102BF000459C0100FD9D0100119E0100FDB00100FA
:102C0000E8FFFFFF000000006D6C01004DA901000E
:102C100095BF0100CD9D010085A9010019AB010000
:102C2000596C01009D9D0100F19E0100E59E01008F
:102C3000759E0100A19E01009DB2010000000000F0
:102C4000000000003DC10100F5C80100B56D0100A4
:102C5000696C010009C0010099C6010025C9010085
:102C6000D5C00100B96D010061C001008DC901002E
:102C700049C0010039C0010041C0010045C0010048
:102C8000F1C00100CDC1010029C0010031C0010027
:102C900015C20100F4FFFFFF000000006D6C010091
:102CA00039C30100B1C901000DC2010041C20100D8
:102CB00005C2010009C20100E9C20100A5C201006C
:102CC00099C2010059C2010065C201005D6C01009A
:102CD000000000000000000055290200F1F301008F
:102CE000C923020021250200E923020089240200F1
:102CF00011240200AD2502003D250200C52302007B
:102D0000000000000000000075910100D59801004E
:102D10005194010031010000F59201000000000013
:102D200000000000BD9F0000B59F0000AD9F0000A7
:102D30000001020300000100000003000000020087
:102D4000000006000000040000000C000000080065
:102D5000000009000001020304050000D8399D2786
:102D60000054EA2A00A4781F007B9A170000000094
:102D70000000000000000000000000000000000053
:102D80000000000000000000000000000000000043
:102D900000000000000000000000000010111213ED
:102DA000141516171819000000000000001A1B1C4B
:102DB0001D1E1F00000000000000000000000000B9
:102DC000000000000000000000000000001A1B1CB2
:102DD0001D1E1F0000000000000000000000000099
:102DE00000000000000000000000000000000000E3
:102DF00000000000000000000000000000000000D3
:102E000000000000000000000000000000000000C2
:102E100000000000000000000000000000000000B2
:102E200000000000000000000000000000000000A2
:102E30000000000000000000000000000000000092
:102E40000000000000000000000000000000000082
:102E50000000000000000000000000000000000072
:102E6000000000000000000000000000A2000000C0
:102E7000F9A2000083F9A2006E83F9A24E6E83F9D5
:102E8000444E6E8315444E6E2915444EFC2915445C
:102E900027FC29155727FC29D15727FCF5D157279F
:102EA00034F5D157DD34F5D1C0DD34F5DBC0DD3488
:102EB00062DBC0DD9562DBC0999562DB3C9995626F
:102EC000433C999590433C994190433C00202020FD
:102ED00020202020202028282828282020202020CA
:102EE000202020202020202020202020208810109A
:102EF00010101010101010101010101010040404F6
:102F000004040404040404101010101010104141B3
:102F100041414141010101010101010101010101A1
:102F200001010101010101011010101010104242B5
:102F30004242424202020202020202020202020271
:102F40000202020202020202101010102000000011
:102F50000000000000000000000000000000000071
:102F60000000000000000000000000000000000061
:102F70000000000000000000000000000000000051
:102F80000000000000000000000000000000000041
:102F90000000000000000000000000000000000031
:102FA0000000000000000000000000000000000021
:102FB0000000000000000000000000000000000011
:102FC0000000000000000000000000000000000001
:102FD00020202020202020202020202020202020F1
:102FE00020202020202020202020202020202020E1
:102FF00000000042C8801F40B8821F400800000047
:1030000000000042C4801F40B4821F400400000042
:1030100000C0004224801F4014821F4010000000A6
:1030200000C0004228801F4018821F40200000007E
:1030300000C000422C801F401C821F404000000046
:1030400000C0004234801F4024821F400001000065
:103050000040004264811F4054831F400004000070
:103060000040004280811F4070831F40000002002A
:10307000004000427C811F406C831F400000010023
:103080000040004268811F4058831F400008000034
:10309000004000423C811F402C831F400100000083
:1030A0000040004244811F4034831F400400000060
:1030B0000040004240811F4030831F40020000005A
:1030C0000040004248811F4038831F400800000034
:1030D0000000004204811F40F4821F4000000400F1
:1030E0000000004208811F40F8821F4000000800D5
:1030F0000000004218811F4008831F40000080002C
:103100000000004214811F4004831F400000400063
:103110000000004200811F40F0821F4000000200BA
:1031200000000042FC801F40EC821F4000000100B4
:103130000000004224811F4014831F40000000044F
:103140000000004228811F4018831F400000000833
:10315000000000421C811F400C831F400000000142
:103160000000004220811F4010831F400000000229
:1031700000000042EC801F40DC821F400010000075
:1031800000000042F0801F40E0821F40002000004D
:103190000000004234811F4024831F400000004093
:1031A0000000004238811F4028831F40000000803B
:1031B0000080004294801F4084821F400000040071
:1031C00000C0004290801F4080821F4000000080AD
:1031D00000800042A8801F4098821F4000008000AD
:1031E00000800042A4801F4094821F4000004000E5
:1031F000004000426C811F405C831F4000100000B3
:1032000000C0004230801F4020821F40800000002C
:1032100000400042B0811F40A0831F4000000020FA
:1032200000400042AC811F409C831F400000001002
:103230000040004284811F4074831F40000004004E
:103240000040004288811F4078831F400000080032
:10325000000000422C811F401C831F400000001012
:103260000000004230811F4020831F4000000020EA
:10327000000000420C811F40FC821F400000100033
:103280000000004210811F4000831F40000020000A
:1032900000800042C8811F40B8831F4000800000AA
:1032A00000800042C4811F40B4831F4000400000E2
:1032B00000800042C0811F40B0831F4000200000FA
:1032C00000800042BC811F40AC831F400010000002
:1032D00000800042D0811F40C0831F4000000200D8
:1032E00000800042CC811F40BC831F4000000100D1
:1032F00000C0004274801F4064821F400000000133
:1033000000C0004280801F4070821F400000000803
:1033100000C0004284801F4074821F4000000010E3
:1033200000C000426C801F405C821F4000004000D3
:1033300000C000427C801F406C821F4000000004DF
:1033400000C0004278801F4068821F4000000002D9
:1033500000C0004288801F4078821F40000000208B
:1033600035000000CEFBFFFFCB0300000100000092
:103370000000000034000000CEFBFFFFCB03000084
:1033800001000000000000002C5E74606162643483
:103390006667656E362D3738271E1F2021222324AD
:1033A00025267333762E77785F4445464748494A49
:1033B0004B4C4D4E4F505152535455565758595AE5
:1033C0005B5C5D2F3130636D350405060708090A23
:1033D0000B0C0D0E0F101112131415161718191AC5
:1033E0001B1C1D6F7170752A05000000190000007C
:1033F0007D00000007080C0B06050F000D0E0102F2
:10340000838407080C0B06050F000D0E0102838450
:10341000FFFFFFFFFFFFFFFFFFFF8182090A0000A0
:1034200000010000485300201200000000060000C8
:10343000F82100600A00000000020000482100603E
:10344000AF0000000007000098200060AF000000FF
:1034500000220200C85500203F00000000210200A9
:103460009C2100600900000000220300305600206B
:103470005400000000210300B52100600900000095
:1034800000220400705500205500000000210400B7
:10349000CE2100600900000000220500085600202F
:1034A0002800000000210500E7210060090000005D
:1034B00000030000942000600000000001030904E4
:1034C0007C20006000000000020309043C20006032
:1034D00000000000030309048456002000000000DF
:1034E000000000000000000000000000303030301C
:1034F00030303030303030303030303030303030CC
:10350000303030303030303030303030000000007B
:1035100000000000000000007048002070480020FB
:10352000784800207848002080480020804800200B
:1035300088480020884800209048002090480020BB
:103540009848002098480020A0480020A04800206B
:10355000A8480020A8480020B0480020B04800201B
:10356000B8480020B8480020C0480020C0480020CB
:10357000C8480020C8480020D0480020D04800207B
:10358000D8480020D8480020E0480020E04800202B
:10359000E8480020E8480020F0480020F0480020DB
:1035A000F8480020F8480020004900200049002089
:1035B0000849002008490020104900201049002037
:1035C00018490020184900202049002020490020E7
:1035D0002849002028490020304900203049002097
:1035E0003849002038490020404900204049002047
:1035F00048490020484900205049002050490020F7
:1036000058490020584900206049002060490020A6
:103610006849002068490020704900207049002056
:103620007849002078490020804900208049002006
:1036300088490020884900209049002090490020B6
:103640009849002098490020A0490020A049002066
:10365000A8490020A8490020B0490020B049002016
:10366000B8490020B8490020C0490020C0490020C6
:10367000C8490020C8490020D0490020D049002076
:10368000D8490020D8490020E0490020E049002026
:10369000E8490020E8490020F0490020F0490020D6
:1036A000F8490020F8490020004A0020004A002084
:1036B000084A0020084A0020104A0020104A002032
:1036C000184A0020184A0020204A0020204A0020E2
:1036D000284A0020284A0020304A0020304A002092
:1036E000384A0020384A0020404A0020404A002042
:1036F000484A0020484A0020504A0020504A0020F2
:10370000584A0020584A0020604A0020604A0020A1
:10371000684A0020684A0020704A0020704A002051
:10372000784A0020784A0020804A0020804A002001
:10373000884A0020884A0020904A0020904A0020B1
:10374000984A0020984A0020A04A0020A04A002061
:10375000A84A0020A84A0020B04A0020B04A002011
:10376000B84A0020B84A0020C04A0020C04A0020C1
:10377000C84A0020C84A0020D04A0020D04A002071
:10378000D84A0020D84A0020E04A0020E04A002021
:10379000E84A0020E84A0020F04A0020F04A0020D1
:1037A000F84A0020F84A0020004B0020004B00207F
:1037B000084B0020084B0020104B0020104B00202D
:1037C000184B0020184B0020204B0020204B0020DD
:1037D000284B0020284B0020304B0020304B00208D
:1037E000384B0020384B0020404B0020404B00203D
:1037F000484B0020484B0020504B0020504B0020ED
:10380000584B0020584B0020604B0020604B00209C
:10381000684B0020684B0020704B0020704B00204C
:10382000784B0020784B0020804B0020804B0020FC
:10383000884B0020884B0020904B0020904B0020AC
:10384000984B0020984B0020A04B0020A04B00205C
:10385000A84B0020A84B0020B04B0020B04B00200C
:10386000B84B0020B84B0020C04B0020C04B0020BC
:10387000C84B0020C84B0020D04B0020D04B00206C
:10388000D84B0020D84B0020E04B0020E04B00201C
:10389000E84B0020E84B0020F04B0020F04B0020CC
:1038A000F84B0020F84B0020004C0020004C00207A
:1038B000084C0020084C0020104C0020104C002028
:1038C000184C0020184C0020204C0020204C0020D8
:1038D000284C0020284C0020304C0020304C002088
:1038E000384C0020384C0020404C0020404C002038
:1038F000484C0020484C0020504C0020504C0020E8
:10390000584C0020584C0020604C0020604C002097
:10391000684C0020684C0020000000007CC00020A3
:10392000E4C000204CC100200000000000000000A6
:103930000000000000000000000000000000000087
:103940000000000000000000000000000000000077
:103950000000000000000000000000000000000067
:103960000000000000000000000000000000000057
:103970000000000000000000000000000000000047
:103980000000000000000000000000000000000037
:103990000000000000000000000000000000000027
:1039A0000000000000000000000000000000000017
:1039B00001000000000000000E33CDAB34126DE6B4
:1039C000ECDE05000B00000000000000000000001D
:1039D00000000000000000000000000000000000E7
:1039E00000000000000000000000000000000000D7
:1039F00000000000000000000000000000000000C7
:103A000000000000000000000000000000000000B6
:103A100000000000000000000000000000000000A6
:103A20000000000000000000000000000000000096
:103A30000000000000000000000000000000000086
:103A40000000000000000000000000000000000076
:103A50000000000000000000000000000000000066
:103A60000000000000000000000000000000000056
:103A70000000000000000000000000000000000046
:103A80000000000000000000000000000000000036
:103A90000000000000000000000000000000000026
:103AA0000000000000000000000000000000000016
:103AB0000000000000000000000000000000000006
:103AC00000000000000000000000000000000000F6
:103AD00000000000000000000000000000000000E6
:103AE00000000000000000000000000000000000D6
:103AF00000000000000000000000000000000000C6
:103B000000000000000000000000000000000000B5
:103B100000000000000000000029DE07007B9A176B
:103B200000003A40A81F00600000000000000000F4
:103B30000000000000000000000000000000000085
:103B40000000000000000000000000000000000075
:103B50000000000000000000000000000000000065
:103B60000000000000000000000000000000000055
:103B700000C03940381F0060000000000000000055
:103B80000000000000000000000000000000000035
:103B90000000000000000000000000000000000025
:103BA0000000000000000000000000000000000015
:103BB0000000000000000000000000000000000005
:103BC00000403940C81E00600000000000000000F6
:103BD00000000000000000000000000000000000E5
:103BE00000000000000000000000000000000000D5
:103BF00000000000000000000000000000000000C5
:103C000000000000000000000000000000000000B4
:103C1000A83E002000000000E803000000000000B3
:103C20003840002000000000E80300000000000011
:103C300000801840E84F00200000000004A9002088
:103C4000C4A80020000000000000000028000000C0
:103C500040000000280000004000000000000000BC
:103C60000000000000000000000000000000000054
:103C70000000000000000000000000000000000044
:103C80000000803F0000803F02150000E5F30100C6
:103C90000000000068C00F40000000300F0000006E
:103CA000020000002C851F4001000000FF00000002
:103CB000FF00000000000000000000000E000000F7
:103CC0000200000030851F4001000000FF000000DE
:103CD000FF00000000000000000000001302400090
:103CE0002600180078000000FFFFFFFF80020000A0
:103CF000052000010000000008000FC000000000C7
:103D00000000000005200001000000005E04DD024C
:103D100003005E04EA0203005E04120B03005E046B
:103D2000190704005E048E0207007E0509200701C2
:103D300079001C2007004C05680201014C052F0486
:103D400001014C05D50305014C05C40502014C05D4
:103D5000CC0902015C0AE82102016D0426C60601B5
:103D60006D0428C60601000084400020420C0000BB
:103D70003CC0002040332020000000004300000031
:103D80000000000000000000000000000000000033
:103D900000000000000000000000000043000000E0
:103DA0000000000000000000000000000000000013
:103DB00000000000000000000000000043000000C0
:103DC00000000000000000000000000000000000F3
:103DD00000000000000000000000000043000000A0
:103DE00000000000000000000000000000000000D3
:103DF0000000000000000000000000004300000080
:103E000000000000000000000000000000000000B2
:103E1000000000000000000000000000430000005F
:103E20000000000000000000000000000000000092
:103E3000000000000000000000000000430000003F
:103E40000000000000000000000000000000000072
:103E5000000000000000000000000000430000001F
:103E60000000000000000000000000000000000052
:103E70000000000000000000000000000000000042
:103E80000000000000000000000000000000000032
:103E90000000000000000000000000000000000022
:103EA0000000000000000000000000000000000012
:103EB0000000000000000000000000000000000002
:103EC00000000000000000000000000000000000F2
:103ED00000000000000000000000000000000000E2
:103EE00000000000000000000000000000000000D2
:103EF00000000000000000000000000000000000C2
:103F000000000000000000000000000000000000B1
:103F100000000000000000000000000000000000A1
:103F20000000000000000000000000000000000091
:103F30000000000000000000000000000000000081
:103F400000000000617C020081710200000000009E
:103F50002C420020C00C0020803000208030002047
:103F60008030002080300020803000208030002011
:103F7000803000208030002080300020FFFFFFFFD5
:103F8000FFFFFFFFFFFFFFFFFFFF000001004153A6
:103F9000434949000000000000000000000000004C
:103FA000000000000000000000000000000041537D
:103FB000434949000000000000000000000000002C
:103FC00000000000000000000000000000000000F1
:103FD000FFFFFFFF000002000000000003000000E0
:103FE0007CC00020784C002012010002EF0201404A
:103FF000C016870480020102030100000000803F18
:104000000000803F0000803F0000803F88130000D8
:104010002D0402002D0402002D0402002D040200D4
:104020002D0402002D0402002D0402002D040200C4
:104030002D0402002D0402002D0402002D040200B4
:104040002D0402002D0402002D0402002D040200A4
:104050002D0402002D0402002D0402002D04020094
:104060002D0402002D0402002D0402002D04020084
:104070002D0402002D0402002D0402002D04020074
:104080002D0402002D0402002D0402002D04020064
:104090002D0402002D0402002D0402002D04020054
:1040A0002D0402002D0402002D0402002D04020044
:1040B0002D0402002D0402002D0402002D04020034
:1040C0002D0402002D0402002D0402002D04020024
:1040D0002D0402002D0402002D0402002D04020014
:1040E0002D0402002D0402002D0402002D04020004
:1040F0002D0402002D0402002D0402002D040200F4
:104100002D0402002D0402002D0402002D040200E3
:104110002D0402002D0402002D0402002D040200D3
:104120002D0402002D0402002D0402002D040200C3
:104130002D0402002D0402002D0402002D040200B3
:104140002D0402002D0402002D0402002D040200A3
:104150002D0402002D0402002D0402002D04020093
:104160002D0402002D0402002D0402002D04020083
:104170002D0402002D0402002D0402002D04020073
:104180002D0402002D0402002D0402002D04020063
:104190002D0402002D0402002D0402002D04020053
:1041A0002D0402002D0402002D0402002D04020043
:1041B0002D0402002D0402002D0402002D04020033
:1041C0002D0402002D0402002D0402002D04020023
:1041D0002D0402002D0402002D0402002D04020013
:1041E0002D0402002D0402002D0402002D04020003
:1041F0002D0402002D0402002D0402002D040200F3
:104200002D0402002D0402002D0402002D040200E2
:1042100005010904A1011500250175019520050975
:10422000190129208102150025073500463B01753B
:10423000049501651405010939814205010901A1AF
:1042400000150026FF03750A95040930093109326B
:1042500009358102C0150026FF03750A950209364B
:1042600009368102C000000005010906A10175019F
:104270009508050719E029E7150025018102950138
:104280007508810395057501050819012905910235
:10429000950175039103950675081500257F05079F
:1042A0001900297F8100C000050C0901A101750AD0
:1042B000950419002A9C021500269C028100050124
:1042C00075089503190029B7150026B7008100C0AD
:1042D00005010902A1018501050919012908150037
:1042E0002501950875018102050109300931093858
:1042F0001581257F750895038106050C0A3802157E
:1043000081257F750895018106C005010902A1017B
:104310008502050109300931150026FF7F751095CA
:10432000028102C00C030000000000000000000039
:1043300000000000000000000000FF010101FF017B
:10434000FF01460101000000000000000000000025
:10435000000000000000000000000000000000005D
:10436000000000000000000000000000000000004D
:10437000000000000000000000000000000000003D
:10438000000000000000000000000000000000002D
:10439000000000000000000000000000000000001D
:1043A000000000000000000000000000000000000D
:1043B00000000000000000000000000000000000FD
:1043C00000000000000000000000000000000000ED
:1043D00000000000000000000000000000000000DD
:1043E00000000000000000000000000000000000CD
:1043F00000000000000000000000000000000000BD
:1044000000000000000000000000000000000000AC
:10441000000000000000000000000000000000009C
:10442000000000000000000000000000000000008C
:10443000000000000000000000000000000000007C
:10444000000000000000000000000000000000006C
:10445000000000000000000000000000000000005C
:10446000000000000000000000000000000000004C
:10447000000000000000000000000000000000003C
:10448000000000000000000000000000000000002C
:10449000000000000000000000000000000000001C
:1044A000000000000000000000000000000000000C
:1044B00000000000000000000000000000000000FC
:1044C00000000000000000000000000000000000EC
:1044D00000000000000000000000000000000000DC
:1044E00000000000000000000000000000000000CC
:1044F00000000000000000000000000000000000BC
:1045000000000000000000000000000000000000AB
:10451000000000000000000000000000000000009B
:10452000000000000000000000000000000000008B
:10453000000000000000000000000000000000007B
:10454000000000000000000000000000000000006B
:10455000000000000000000000000000000000005B
:10456000000000000000000000000000000000004B
:10457000000000000000000000000000000000003B
:10458000000000000000000000000000000000002B
:10459000000000000000000000000000000000001B
:1045A000000000000000000000000000000000000B
:1045B00000000000000000000000000000000000FB
:1045C00000000000000000000000000000000000EB
:1045D00000000000000000000000000000000000DB
:1045E00000000000000000000000000000000000CB
:1045F00000000000000000000000000000000000BB
:1046000000000000000000000000000000000000AA
:10461000000000000000000000000000000000009A
:10462000000000000000000000000000000000008A
:10463000000000000000000000000000000000007A
:10464000000000000000000000000000000000006A
:10465000000000000000000000000000000000005A
:10466000000000000000000000000000000000004A
:10467000000000000000000000000000000000003A
:10468000000000000000000000000000000000002A
:10469000000000000000000000000000000000001A
:1046A000000000000000000000000000000000000A
:1046B00000000000000000000000000000000000FA
:1046C00000000000000000000000000000000000EA
:1046D00000000000000000000000000000000000DA
:1046E00000000000000000000000000000000000CA
:1046F00000000000000000000000000000000000BA
:1047000000000000000000000000000000000000A9
:104710000000000000000000000000000000000099
:104720000000000000000000000000000000000089
:104730000000000000000000000000000000000079
:104740000000000000000000000000000000000069
:104750000000000000000000000000000000000059
:10476000FFFFFFFFFFFFFFFFFFFFFFFFFFFFFFFF59
:10477000FFFFFFFFFFFFFFFFFFFFFFFFFFFFFFFF49
:10478000FFFFFFFFFFFFFFFFFFFFFFFFFFFFFFFF39
:10479000FFFFFFFFFFFFFFFFFFFFFFFFFFFFFFFF29
:1047A000FFFFFFFFFFFFFFFFFFFFFFFFFFFFFFFF19
:1047B000FFFFFFFFFFFFFFFFFFFFFFFFFFFFFFFF09
:1047C000FFFFFFFFFFFFFFFFFFFFFFFFFFFFFFFFF9
:1047D000FFFFFFFFFFFFFFFFFFFFFFFFFFFFFFFFE9
:1047E000FFFFFFFFFFFFFFFFFFFFFFFFFFFFFFFFD9
:1047F000FFFFFFFFFFFFFFFFFFFFFFFFFFFFFFFFC9
:1048000000000000000000000000000000000000A8
:104810000000000000000000000000000000000098
:104820000000000000000000000000000000000088
:104830000000000000000000000000000000000078
:104840000000000000000000000000000000000068
:104850000000000000000000000000000000000058
:104860000000000000000000000000000000000048
:104870000000000000000000000000000000000038
:104880000000000000000000000000000000000028
:104890000000000000000000000000000000000018
:1048A0000000000000000000000000000000000008
:1048B00000000000000000000000000000000000F8
:1048C00000000000000000000000000000000000E8
:1048D00000000000000000000000000000000000D8
:1048E00000000000000000000000000000000000C8
:1048F00000000000000000000000000000000000B8
:1049000000000000000000000000000000000000A7
:104910000000000000000000000000000000000097
:104920000000000000000000000000000000000087
:104930000000000000000000000000000000000077
:104940000000000000000000000000000000000067
:104950000000000000000000000000000000000057
:104960000000000000000000000000000000000047
:104970000000000000000000000000000000000037
:104980000000000000000000000000000000000027
:104990000000000000000000000000000000000017
:1049A0000000000000000000000000000000000007
:1049B00000000000000000000000000000000000F7
:1049C00000000000000000000000000000000000E7
:1049D00000000000000000000000000000000000D7
:1049E00000000000000000000000000000000000C7
:1049F00000000000000000000000000000000000B7
:104A000000000000000000000000000000000000A6
:104A10000000000000000000000000000000000096
:104A20000000000000000000000000000000000086
:104A30000000000000000000000000000000000076
:104A40000000000000000000000000000000000066
:104A50000000000000000000000000000000000056
:104A60000000000000000000000000000000000046
:104A70000000000000000000000000000000000036
:104A80000000000000000000000000000000000026
:104A90000000000000000000000000000000000016
:104AA0000000000000000000000000000000000006
:104AB00000000000000000000000000000000000F6
:104AC00000000000000000000000000000000000E6
:104AD00000000000000000000000000000000000D6
:104AE00000000000000000000000000000000000C6
:104AF00000000000000000000000000000000000B6
:104B000000000000000000000000000000000000A5
:104B10000000000000000000000000000000000095
:104B20000000000000000000000000000000000085
:104B30000000000000000000000000000000000075
:104B40000000000000000000000000000000000065
:104B50000000000000000000000000000000000055
:104B60000000000000000000000000000000000045
:104B70000000000000000000000000000000000035
:104B80000000000000000000000000000000000025
:104B90000000000000000000000000000000000015
:104BA0000000000000000000000000000000000005
:104BB00000000000000000000000000000000000F5
:104BC00000000000000000000000000000000000E5
:104BD00000000000000000000000000000000000D5
:104BE00000000000000000000000000000000000C5
:104BF00000000000000000000000000000000000B5
:104C000000000000000000000000000000000000A4
:104C10000000000000000000000000000000000094
:104C20000000000000000000000000000000000084
:104C30000000000000000000000000000000000074
:104C40000000000000000000000000000000000064
:104C50000000000000000000000000000000000054
:104C60000000000000000000000000000000000044
:104C70000000000000000000000000000000000034
:104C80000000000000000000000000000000000024
:104C90000000000000000000000000000000000014
:104CA0000000000000000000000000000000000004
:104CB00000000000000000000000000000000000F4
:104CC00000000000000000000000000000000000E4
:104CD00000000000000000000000000000000000D4
:104CE00000000000000000000000000000000000C4
:104CF00000000000000000000000000000000000B4
:104D000000000000000000000000000000000000A3
:104D10000000000000000000000000000000000093
:104D20000000000000000000000000000000000083
:104D30000000000000000000000000000000000073
:104D40000000000000000000000000000000000063
:104D50000000000000000000000000000000000053
:104D60000000000000000000000000000000000043
:104D70000000000000000000000000000000000033
:104D80000000000000000000000000000000000023
:104D90000000000000000000000000000000000013
:104DA0000000000000000000000000000000000003
:104DB00000000000000000000000000000000000F3
:104DC00000000000000000000000000000000000E3
:104DD00000000000000000000000000000000000D3
:104DE00000000000000000000000000000000000C3
:104DF00000000000000000000000000000000000B3
:104E000000000000000000000000000000000000A2
:104E10000000000000000000000000000000000092
:104E20000000000000000000000000000000000082
:104E30000000000000000000000000000000000072
:104E40000000000000000000000000000000000062
:104E50000000000000000000000000000000000052
:104E60000000000000000000000000000000000042
:104E70000000000000000000000000000000000032
:104E80000000000000000000000000000000000022
:104E90000000000000000000000000000000000012
:104EA0000000000000000000000000000000000002
:104EB00000000000000000000000000000000000F2
:104EC00000000000000000000000000000000000E2
:104ED00000000000000000000000000000000000D2
:104EE00000000000000000000000000000000000C2
:104EF00000000000000000000000000000000000B2
:104F000000000000000000000000000000000000A1
:104F10000000000000000000000000000000000091
:104F20000000000000000000000000000000000081
:104F30000000000000000000000000000000000071
:104F40000000000000000000000000000000000061
:104F50000000000000000000000000000000000051
:104F60000000000000000000000000000000000041
:104F70000000000000000000000000000000000031
:104F80000000000000000000000000000000000021
:104F90000000000000000000000000000000000011
:104FA0000000000000000000000000000000000001
:104FB00000000000000000000000000000000000F1
:104FC00000000000000000000000000000000000E1
:104FD00000000000000000000000000000000000D1
:104FE00000000000000000000000000000000000C1
:104FF00000000000000000000000000000000000B1
:1050000000000000000000000000000000000000A0
:105010000000000000000000000000000000000090
:105020000000000000000000000000000000000080
:105030000000000000000000000000000000000070
:105040000000000000000000000000000000000060
:105050000000000000000000000000000000000050
:105060000000000000000000000000000000000040
:105070000000000000000000000000000000000030
:105080000000000000000000000000000000000020
:105090000000000000000000000000000000000010
:1050A0000000000000000000000000000000000000
:1050B00000000000000000000000000000000000F0
:1050C00000000000000000000000000000000000E0
:1050D00000000000000000000000000000000000D0
:1050E00000000000000000000000000000000000C0
:1050F00000000000000000000000000000000000B0
:10510000000000000000000000000000000000009F
:10511000000000000000000000000000000000008F
:10512000000000000000000000000000000000007F
:10513000000000000000000000000000000000006F
:10514000000000000000000000000000000000005F
:10515000000000000000000000000000000000004F
:10516000000000000000000000000000000000003F
:10517000000000000000000000000000000000002F
:10518000000000000000000000000000000000001F
:10519000000000000000000000000000000000000F
:1051A00000000000000000000000000000000000FF
:1051B00000000000000000000000000000000000EF
:1051C00000000000000000000000000000000000DF
:1051D00000000000000000000000000000000000CF
:1051E00000000000000000000000000000000000BF
:1051F00000000000000000000000000000000000AF
:10520000000000000000000000000000000000009E
:10521000000000000000000000000000000000008E
:10522000000000000000000000000000000000007E
:10523000000000000000000000000000000000006E
:10524000000000000000000000000000000000005E
:10525000000000000000000000000000000000004E
:10526000000000000000000000000000000000003E
:10527000000000000000000000000000000000002E
:10528000000000000000000000000000000000001E
:10529000000000000000000000000000000000000E
:1052A00000000000000000000000000000000000FE
:1052B00000000000000000000000000000000000EE
:1052C00000000000000000000000000000000000DE
:1052D00000000000000000000000000000000000CE
:1052E00000000000000000000000000000000000BE
:1052F00000000000000000000000000000000000AE
:10530000000000000000000000000000000000009D
:10531000000000000000000000000000000000008D
:10532000000000000000000000000000000000007D
:10533000000000000000000000000000000000006D
:10534000000000000000000000000000000000005D
:10535000000000000000000000000000000000004D
:10536000000000000000000000000000000000003D
:10537000000000000000000000000000000000002D
:10538000000000000000000000000000000000001D
:10539000000000000000000000000000000000000D
:1053A00000000000000000000000000000000000FD
:1053B00000000000000000000000000000000000ED
:1053C00000000000000000000000000000000000DD
:1053D00000000000000000000000000000000000CD
:1053E00000000000000000000000000000000000BD
:1053F00000000000000000000000000000000000AD
:040000056000100087
:00000001FF
