:0200000460009A
:100000004643464200000156000000000101020084
:1000100000000000000000000000000000000000E0
:1000200000000000000000000000000000000000D0
:1000300000000000000000000000000000000000C0
:1000400000000000010406010000000000000000A4
:100050000000800000000000000000000000000020
:100060000000000000000000000000000000000090
:100070000000000000000000000000000000000080
:10008000EB04180AFF1E04320126000000000000E5
:100090000000000000000000000000000000000060
:1000A0000000000000000000000000000000000050
:1000B0000000000000000000000000000000000040
:1000C0000000000000000000000000000000000030
:1000D0000000000000000000000000000000000020
:1000E0000000000000000000000000000000000010
:1000F0000000000000000000000000000000000000
:1001000000000000000000000000000000000000EF
:1001100000000000000000000000000000000000DF
:1001200000000000000000000000000000000000CF
:1001300000000000000000000000000000000000BF
:1001400000000000000000000000000000000000AF
:10015000000000000000000000000000000000009F
:10016000000000000000000000000000000000008F
:10017000000000000000000000000000000000007F
:10018000000000000000000000000000000000006F
:10019000000000000000000000000000000000005F
:1001A000000000000000000000000000000000004F
:1001B000000000000000000000000000000000003F
:1001C000000100000010000001000000000000001D
:1001D000000001000000000000000000000000001E
:1001E000000000000000000000000000000000000F
:1001F00000000000000000000000000000000000FF
:10020000FFFFFFFFFFFFFFFFFFFFFFFFFFFFFFFFFE
:10021000FFFFFFFFFFFFFFFFFFFFFFFFFFFFFFFFEE
:10022000FFFFFFFFFFFFFFFFFFFFFFFFFFFFFFFFDE
:10023000FFFFFFFFFFFFFFFFFFFFFFFFFFFFFFFFCE
:10024000FFFFFFFFFFFFFFFFFFFFFFFFFFFFFFFFBE
:10025000FFFFFFFFFFFFFFFFFFFFFFFFFFFFFFFFAE
:10026000FFFFFFFFFFFFFFFFFFFFFFFFFFFFFFFF9E
:10027000FFFFFFFFFFFFFFFFFFFFFFFFFFFFFFFF8E
:10028000FFFFFFFFFFFFFFFFFFFFFFFFFFFFFFFF7E
:10029000FFFFFFFFFFFFFFFFFFFFFFFFFFFFFFFF6E
:1002A000FFFFFFFFFFFFFFFFFFFFFFFFFFFFFFFF5E
:1002B000FFFFFFFFFFFFFFFFFFFFFFFFFFFFFFFF4E
:1002C000FFFFFFFFFFFFFFFFFFFFFFFFFFFFFFFF3E
:1002D000FFFFFFFFFFFFFFFFFFFFFFFFFFFFFFFF2E
:1002E000FFFFFFFFFFFFFFFFFFFFFFFFFFFFFFFF1E
:1002F000FFFFFFFFFFFFFFFFFFFFFFFFFFFFFFFF0E
:10030000FFFFFFFFFFFFFFFFFFFFFFFFFFFFFFFFFD
:10031000FFFFFFFFFFFFFFFFFFFFFFFFFFFFFFFFED
:10032000FFFFFFFFFFFFFFFFFFFFFFFFFFFFFFFFDD
:10033000FFFFFFFFFFFFFFFFFFFFFFFFFFFFFFFFCD
:10034000FFFFFFFFFFFFFFFFFFFFFFFFFFFFFFFFBD
:10035000FFFFFFFFFFFFFFFFFFFFFFFFFFFFFFFFAD
:10036000FFFFFFFFFFFFFFFFFFFFFFFFFFFFFFFF9D
:10037000FFFFFFFFFFFFFFFFFFFFFFFFFFFFFFFF8D
:10038000FFFFFFFFFFFFFFFFFFFFFFFFFFFFFFFF7D
:10039000FFFFFFFFFFFFFFFFFFFFFFFFFFFFFFFF6D
:1003A000FFFFFFFFFFFFFFFFFFFFFFFFFFFFFFFF5D
:1003B000FFFFFFFFFFFFFFFFFFFFFFFFFFFFFFFF4D
:1003C000FFFFFFFFFFFFFFFFFFFFFFFFFFFFFFFF3D
:1003D000FFFFFFFFFFFFFFFFFFFFFFFFFFFFFFFF2D
:1003E000FFFFFFFFFFFFFFFFFFFFFFFFFFFFFFFF1D
:1003F000FFFFFFFFFFFFFFFFFFFFFFFFFFFFFFFF0D
:10040000FFFFFFFFFFFFFFFFFFFFFFFFFFFFFFFFFC
:10041000FFFFFFFFFFFFFFFFFFFFFFFFFFFFFFFFEC
:10042000FFFFFFFFFFFFFFFFFFFFFFFFFFFFFFFFDC
:10043000FFFFFFFFFFFFFFFFFFFFFFFFFFFFFFFFCC
:10044000FFFFFFFFFFFFFFFFFFFFFFFFFFFFFFFFBC
:10045000FFFFFFFFFFFFFFFFFFFFFFFFFFFFFFFFAC
:10046000FFFFFFFFFFFFFFFFFFFFFFFFFFFFFFFF9C
:10047000FFFFFFFFFFFFFFFFFFFFFFFFFFFFFFFF8C
:10048000FFFFFFFFFFFFFFFFFFFFFFFFFFFFFFFF7C
:10049000FFFFFFFFFFFFFFFFFFFFFFFFFFFFFFFF6C
:1004A000FFFFFFFFFFFFFFFFFFFFFFFFFFFFFFFF5C
:1004B000FFFFFFFFFFFFFFFFFFFFFFFFFFFFFFFF4C
:1004C000FFFFFFFFFFFFFFFFFFFFFFFFFFFFFFFF3C
:1004D000FFFFFFFFFFFFFFFFFFFFFFFFFFFFFFFF2C
:1004E000FFFFFFFFFFFFFFFFFFFFFFFFFFFFFFFF1C
:1004F000FFFFFFFFFFFFFFFFFFFFFFFFFFFFFFFF0C
:10050000FFFFFFFFFFFFFFFFFFFFFFFFFFFFFFFFFB
:10051000FFFFFFFFFFFFFFFFFFFFFFFFFFFFFFFFEB
:10052000FFFFFFFFFFFFFFFFFFFFFFFFFFFFFFFFDB
:10053000FFFFFFFFFFFFFFFFFFFFFFFFFFFFFFFFCB
:10054000FFFFFFFFFFFFFFFFFFFFFFFFFFFFFFFFBB
:10055000FFFFFFFFFFFFFFFFFFFFFFFFFFFFFFFFAB
:10056000FFFFFFFFFFFFFFFFFFFFFFFFFFFFFFFF9B
:10057000FFFFFFFFFFFFFFFFFFFFFFFFFFFFFFFF8B
:10058000FFFFFFFFFFFFFFFFFFFFFFFFFFFFFFFF7B
:10059000FFFFFFFFFFFFFFFFFFFFFFFFFFFFFFFF6B
:1005A000FFFFFFFFFFFFFFFFFFFFFFFFFFFFFFFF5B
:1005B000FFFFFFFFFFFFFFFFFFFFFFFFFFFFFFFF4B
:1005C000FFFFFFFFFFFFFFFFFFFFFFFFFFFFFFFF3B
:1005D000FFFFFFFFFFFFFFFFFFFFFFFFFFFFFFFF2B
:1005E000FFFFFFFFFFFFFFFFFFFFFFFFFFFFFFFF1B
:1005F000FFFFFFFFFFFFFFFFFFFFFFFFFFFFFFFF0B
:10060000FFFFFFFFFFFFFFFFFFFFFFFFFFFFFFFFFA
:10061000FFFFFFFFFFFFFFFFFFFFFFFFFFFFFFFFEA
:10062000FFFFFFFFFFFFFFFFFFFFFFFFFFFFFFFFDA
:10063000FFFFFFFFFFFFFFFFFFFFFFFFFFFFFFFFCA
:10064000FFFFFFFFFFFFFFFFFFFFFFFFFFFFFFFFBA
:10065000FFFFFFFFFFFFFFFFFFFFFFFFFFFFFFFFAA
:10066000FFFFFFFFFFFFFFFFFFFFFFFFFFFFFFFF9A
:10067000FFFFFFFFFFFFFFFFFFFFFFFFFFFFFFFF8A
:10068000FFFFFFFFFFFFFFFFFFFFFFFFFFFFFFFF7A
:10069000FFFFFFFFFFFFFFFFFFFFFFFFFFFFFFFF6A
:1006A000FFFFFFFFFFFFFFFFFFFFFFFFFFFFFFFF5A
:1006B000FFFFFFFFFFFFFFFFFFFFFFFFFFFFFFFF4A
:1006C000FFFFFFFFFFFFFFFFFFFFFFFFFFFFFFFF3A
:1006D000FFFFFFFFFFFFFFFFFFFFFFFFFFFFFFFF2A
:1006E000FFFFFFFFFFFFFFFFFFFFFFFFFFFFFFFF1A
:1006F000FFFFFFFFFFFFFFFFFFFFFFFFFFFFFFFF0A
:10070000FFFFFFFFFFFFFFFFFFFFFFFFFFFFFFFFF9
:10071000FFFFFFFFFFFFFFFFFFFFFFFFFFFFFFFFE9
:10072000FFFFFFFFFFFFFFFFFFFFFFFFFFFFFFFFD9
:10073000FFFFFFFFFFFFFFFFFFFFFFFFFFFFFFFFC9
:10074000FFFFFFFFFFFFFFFFFFFFFFFFFFFFFFFFB9
:10075000FFFFFFFFFFFFFFFFFFFFFFFFFFFFFFFFA9
:10076000FFFFFFFFFFFFFFFFFFFFFFFFFFFFFFFF99
:10077000FFFFFFFFFFFFFFFFFFFFFFFFFFFFFFFF89
:10078000FFFFFFFFFFFFFFFFFFFFFFFFFFFFFFFF79
:10079000FFFFFFFFFFFFFFFFFFFFFFFFFFFFFFFF69
:1007A000FFFFFFFFFFFFFFFFFFFFFFFFFFFFFFFF59
:1007B000FFFFFFFFFFFFFFFFFFFFFFFFFFFFFFFF49
:1007C000FFFFFFFFFFFFFFFFFFFFFFFFFFFFFFFF39
:1007D000FFFFFFFFFFFFFFFFFFFFFFFFFFFFFFFF29
:1007E000FFFFFFFFFFFFFFFFFFFFFFFFFFFFFFFF19
:1007F000FFFFFFFFFFFFFFFFFFFFFFFFFFFFFFFF09
:10080000FFFFFFFFFFFFFFFFFFFFFFFFFFFFFFFFF8
:10081000FFFFFFFFFFFFFFFFFFFFFFFFFFFFFFFFE8
:10082000FFFFFFFFFFFFFFFFFFFFFFFFFFFFFFFFD8
:10083000FFFFFFFFFFFFFFFFFFFFFFFFFFFFFFFFC8
:10084000FFFFFFFFFFFFFFFFFFFFFFFFFFFFFFFFB8
:10085000FFFFFFFFFFFFFFFFFFFFFFFFFFFFFFFFA8
:10086000FFFFFFFFFFFFFFFFFFFFFFFFFFFFFFFF98
:10087000FFFFFFFFFFFFFFFFFFFFFFFFFFFFFFFF88
:10088000FFFFFFFFFFFFFFFFFFFFFFFFFFFFFFFF78
:10089000FFFFFFFFFFFFFFFFFFFFFFFFFFFFFFFF68
:1008A000FFFFFFFFFFFFFFFFFFFFFFFFFFFFFFFF58
:1008B000FFFFFFFFFFFFFFFFFFFFFFFFFFFFFFFF48
:1008C000FFFFFFFFFFFFFFFFFFFFFFFFFFFFFFFF38
:1008D000FFFFFFFFFFFFFFFFFFFFFFFFFFFFFFFF28
:1008E000FFFFFFFFFFFFFFFFFFFFFFFFFFFFFFFF18
:1008F000FFFFFFFFFFFFFFFFFFFFFFFFFFFFFFFF08
:10090000FFFFFFFFFFFFFFFFFFFFFFFFFFFFFFFFF7
:10091000FFFFFFFFFFFFFFFFFFFFFFFFFFFFFFFFE7
:10092000FFFFFFFFFFFFFFFFFFFFFFFFFFFFFFFFD7
:10093000FFFFFFFFFFFFFFFFFFFFFFFFFFFFFFFFC7
:10094000FFFFFFFFFFFFFFFFFFFFFFFFFFFFFFFFB7
:10095000FFFFFFFFFFFFFFFFFFFFFFFFFFFFFFFFA7
:10096000FFFFFFFFFFFFFFFFFFFFFFFFFFFFFFFF97
:10097000FFFFFFFFFFFFFFFFFFFFFFFFFFFFFFFF87
:10098000FFFFFFFFFFFFFFFFFFFFFFFFFFFFFFFF77
:10099000FFFFFFFFFFFFFFFFFFFFFFFFFFFFFFFF67
:1009A000FFFFFFFFFFFFFFFFFFFFFFFFFFFFFFFF57
:1009B000FFFFFFFFFFFFFFFFFFFFFFFFFFFFFFFF47
:1009C000FFFFFFFFFFFFFFFFFFFFFFFFFFFFFFFF37
:1009D000FFFFFFFFFFFFFFFFFFFFFFFFFFFFFFFF27
:1009E000FFFFFFFFFFFFFFFFFFFFFFFFFFFFFFFF17
:1009F000FFFFFFFFFFFFFFFFFFFFFFFFFFFFFFFF07
:100A0000FFFFFFFFFFFFFFFFFFFFFFFFFFFFFFFFF6
:100A1000FFFFFFFFFFFFFFFFFFFFFFFFFFFFFFFFE6
:100A2000FFFFFFFFFFFFFFFFFFFFFFFFFFFFFFFFD6
:100A3000FFFFFFFFFFFFFFFFFFFFFFFFFFFFFFFFC6
:100A4000FFFFFFFFFFFFFFFFFFFFFFFFFFFFFFFFB6
:100A5000FFFFFFFFFFFFFFFFFFFFFFFFFFFFFFFFA6
:100A6000FFFFFFFFFFFFFFFFFFFFFFFFFFFFFFFF96
:100A7000FFFFFFFFFFFFFFFFFFFFFFFFFFFFFFFF86
:100A8000FFFFFFFFFFFFFFFFFFFFFFFFFFFFFFFF76
:100A9000FFFFFFFFFFFFFFFFFFFFFFFFFFFFFFFF66
:100AA000FFFFFFFFFFFFFFFFFFFFFFFFFFFFFFFF56
:100AB000FFFFFFFFFFFFFFFFFFFFFFFFFFFFFFFF46
:100AC000FFFFFFFFFFFFFFFFFFFFFFFFFFFFFFFF36
:100AD000FFFFFFFFFFFFFFFFFFFFFFFFFFFFFFFF26
:100AE000FFFFFFFFFFFFFFFFFFFFFFFFFFFFFFFF16
:100AF000FFFFFFFFFFFFFFFFFFFFFFFFFFFFFFFF06
:100B0000FFFFFFFFFFFFFFFFFFFFFFFFFFFFFFFFF5
:100B1000FFFFFFFFFFFFFFFFFFFFFFFFFFFFFFFFE5
:100B2000FFFFFFFFFFFFFFFFFFFFFFFFFFFFFFFFD5
:100B3000FFFFFFFFFFFFFFFFFFFFFFFFFFFFFFFFC5
:100B4000FFFFFFFFFFFFFFFFFFFFFFFFFFFFFFFFB5
:100B5000FFFFFFFFFFFFFFFFFFFFFFFFFFFFFFFFA5
:100B6000FFFFFFFFFFFFFFFFFFFFFFFFFFFFFFFF95
:100B7000FFFFFFFFFFFFFFFFFFFFFFFFFFFFFFFF85
:100B8000FFFFFFFFFFFFFFFFFFFFFFFFFFFFFFFF75
:100B9000FFFFFFFFFFFFFFFFFFFFFFFFFFFFFFFF65
:100BA000FFFFFFFFFFFFFFFFFFFFFFFFFFFFFFFF55
:100BB000FFFFFFFFFFFFFFFFFFFFFFFFFFFFFFFF45
:100BC000FFFFFFFFFFFFFFFFFFFFFFFFFFFFFFFF35
:100BD000FFFFFFFFFFFFFFFFFFFFFFFFFFFFFFFF25
:100BE000FFFFFFFFFFFFFFFFFFFFFFFFFFFFFFFF15
:100BF000FFFFFFFFFFFFFFFFFFFFFFFFFFFFFFFF05
:100C0000FFFFFFFFFFFFFFFFFFFFFFFFFFFFFFFFF4
:100C1000FFFFFFFFFFFFFFFFFFFFFFFFFFFFFFFFE4
:100C2000FFFFFFFFFFFFFFFFFFFFFFFFFFFFFFFFD4
:100C3000FFFFFFFFFFFFFFFFFFFFFFFFFFFFFFFFC4
:100C4000FFFFFFFFFFFFFFFFFFFFFFFFFFFFFFFFB4
:100C5000FFFFFFFFFFFFFFFFFFFFFFFFFFFFFFFFA4
:100C6000FFFFFFFFFFFFFFFFFFFFFFFFFFFFFFFF94
:100C7000FFFFFFFFFFFFFFFFFFFFFFFFFFFFFFFF84
:100C8000FFFFFFFFFFFFFFFFFFFFFFFFFFFFFFFF74
:100C9000FFFFFFFFFFFFFFFFFFFFFFFFFFFFFFFF64
:100CA000FFFFFFFFFFFFFFFFFFFFFFFFFFFFFFFF54
:100CB000FFFFFFFFFFFFFFFFFFFFFFFFFFFFFFFF44
:100CC000FFFFFFFFFFFFFFFFFFFFFFFFFFFFFFFF34
:100CD000FFFFFFFFFFFFFFFFFFFFFFFFFFFFFFFF24
:100CE000FFFFFFFFFFFFFFFFFFFFFFFFFFFFFFFF14
:100CF000FFFFFFFFFFFFFFFFFFFFFFFFFFFFFFFF04
:100D0000FFFFFFFFFFFFFFFFFFFFFFFFFFFFFFFFF3
:100D1000FFFFFFFFFFFFFFFFFFFFFFFFFFFFFFFFE3
:100D2000FFFFFFFFFFFFFFFFFFFFFFFFFFFFFFFFD3
:100D3000FFFFFFFFFFFFFFFFFFFFFFFFFFFFFFFFC3
:100D4000FFFFFFFFFFFFFFFFFFFFFFFFFFFFFFFFB3
:100D5000FFFFFFFFFFFFFFFFFFFFFFFFFFFFFFFFA3
:100D6000FFFFFFFFFFFFFFFFFFFFFFFFFFFFFFFF93
:100D7000FFFFFFFFFFFFFFFFFFFFFFFFFFFFFFFF83
:100D8000FFFFFFFFFFFFFFFFFFFFFFFFFFFFFFFF73
:100D9000FFFFFFFFFFFFFFFFFFFFFFFFFFFFFFFF63
:100DA000FFFFFFFFFFFFFFFFFFFFFFFFFFFFFFFF53
:100DB000FFFFFFFFFFFFFFFFFFFFFFFFFFFFFFFF43
:100DC000FFFFFFFFFFFFFFFFFFFFFFFFFFFFFFFF33
:100DD000FFFFFFFFFFFFFFFFFFFFFFFFFFFFFFFF23
:100DE000FFFFFFFFFFFFFFFFFFFFFFFFFFFFFFFF13
:100DF000FFFFFFFFFFFFFFFFFFFFFFFFFFFFFFFF03
:100E0000FFFFFFFFFFFFFFFFFFFFFFFFFFFFFFFFF2
:100E1000FFFFFFFFFFFFFFFFFFFFFFFFFFFFFFFFE2
:100E2000FFFFFFFFFFFFFFFFFFFFFFFFFFFFFFFFD2
:100E3000FFFFFFFFFFFFFFFFFFFFFFFFFFFFFFFFC2
:100E4000FFFFFFFFFFFFFFFFFFFFFFFFFFFFFFFFB2
:100E5000FFFFFFFFFFFFFFFFFFFFFFFFFFFFFFFFA2
:100E6000FFFFFFFFFFFFFFFFFFFFFFFFFFFFFFFF92
:100E7000FFFFFFFFFFFFFFFFFFFFFFFFFFFFFFFF82
:100E8000FFFFFFFFFFFFFFFFFFFFFFFFFFFFFFFF72
:100E9000FFFFFFFFFFFFFFFFFFFFFFFFFFFFFFFF62
:100EA000FFFFFFFFFFFFFFFFFFFFFFFFFFFFFFFF52
:100EB000FFFFFFFFFFFFFFFFFFFFFFFFFFFFFFFF42
:100EC000FFFFFFFFFFFFFFFFFFFFFFFFFFFFFFFF32
:100ED000FFFFFFFFFFFFFFFFFFFFFFFFFFFFFFFF22
:100EE000FFFFFFFFFFFFFFFFFFFFFFFFFFFFFFFF12
:100EF000FFFFFFFFFFFFFFFFFFFFFFFFFFFFFFFF02
:100F0000FFFFFFFFFFFFFFFFFFFFFFFFFFFFFFFFF1
:100F1000FFFFFFFFFFFFFFFFFFFFFFFFFFFFFFFFE1
:100F2000FFFFFFFFFFFFFFFFFFFFFFFFFFFFFFFFD1
:100F3000FFFFFFFFFFFFFFFFFFFFFFFFFFFFFFFFC1
:100F4000FFFFFFFFFFFFFFFFFFFFFFFFFFFFFFFFB1
:100F5000FFFFFFFFFFFFFFFFFFFFFFFFFFFFFFFFA1
:100F6000FFFFFFFFFFFFFFFFFFFFFFFFFFFFFFFF91
:100F7000FFFFFFFFFFFFFFFFFFFFFFFFFFFFFFFF81
:100F8000FFFFFFFFFFFFFFFFFFFFFFFFFFFFFFFF71
:100F9000FFFFFFFFFFFFFFFFFFFFFFFFFFFFFFFF61
:100FA000FFFFFFFFFFFFFFFFFFFFFFFFFFFFFFFF51
:100FB000FFFFFFFFFFFFFFFFFFFFFFFFFFFFFFFF41
:100FC000FFFFFFFFFFFFFFFFFFFFFFFFFFFFFFFF31
:100FD000FFFFFFFFFFFFFFFFFFFFFFFFFFFFFFFF21
:100FE000FFFFFFFFFFFFFFFFFFFFFFFFFFFFFFFF11
:100FF000FFFFFFFFFFFFFFFFFFFFFFFFFFFFFFFF01
:10100000D1002043F1150060000000000000000046
:101010002010006000100060005403600000000019
:10102000000000600060030000000000FFFFFFFF01
:10103000FFFFFFFFFFFFFFFFFFFFFFFFFFFFFFFFC0
:10104000FFFFFFFFFFFFFFFFFFFFFFFFFFFFFFFFB0
:10105000FFFFFFFFFFFFFFFFFFFFFFFFFFFFFFFFA0
:10106000FFFFFFFFFFFFFFFFFFFFFFFFFFFFFFFF90
:10107000FFFFFFFFFFFFFFFFFFFFFFFFFFFFFFFF80
:10108000FFFFFFFFFFFFFFFFFFFFFFFFFFFFFFFF70
:10109000FFFFFFFFFFFFFFFFFFFFFFFFFFFFFFFF60
:1010A000FFFFFFFFFFFFFFFFFFFFFFFFFFFFFFFF50
:1010B000FFFFFFFFFFFFFFFFFFFFFFFFFFFFFFFF40
:1010C000FFFFFFFFFFFFFFFFFFFFFFFFFFFFFFFF30
:1010D000FFFFFFFFFFFFFFFFFFFFFFFFFFFFFFFF20
:1010E000FFFFFFFFFFFFFFFFFFFFFFFFFFFFFFFF10
:1010F000FFFFFFFFFFFFFFFFFFFFFFFFFFFFFFFF00
:10110000FFFFFFFFFFFFFFFFFFFFFFFFFFFFFFFFEF
:10111000FFFFFFFFFFFFFFFFFFFFFFFFFFFFFFFFDF
:10112000FFFFFFFFFFFFFFFFFFFFFFFFFFFFFFFFCF
:10113000FFFFFFFFFFFFFFFFFFFFFFFFFFFFFFFFBF
:10114000FFFFFFFFFFFFFFFFFFFFFFFFFFFFFFFFAF
:10115000FFFFFFFFFFFFFFFFFFFFFFFFFFFFFFFF9F
:10116000FFFFFFFFFFFFFFFFFFFFFFFFFFFFFFFF8F
:10117000FFFFFFFFFFFFFFFFFFFFFFFFFFFFFFFF7F
:10118000FFFFFFFFFFFFFFFFFFFFFFFFFFFFFFFF6F
:10119000FFFFFFFFFFFFFFFFFFFFFFFFFFFFFFFF5F
:1011A000FFFFFFFFFFFFFFFFFFFFFFFFFFFFFFFF4F
:1011B000FFFFFFFFFFFFFFFFFFFFFFFFFFFFFFFF3F
:1011C000FFFFFFFFFFFFFFFFFFFFFFFFFFFFFFFF2F
:1011D000FFFFFFFFFFFFFFFFFFFFFFFFFFFFFFFF1F
:1011E000FFFFFFFFFFFFFFFFFFFFFFFFFFFFFFFF0F
:1011F000FFFFFFFFFFFFFFFFFFFFFFFFFFFFFFFFFF
:10120000FFFFFFFFFFFFFFFFFFFFFFFFFFFFFFFFEE
:10121000FFFFFFFFFFFFFFFFFFFFFFFFFFFFFFFFDE
:10122000FFFFFFFFFFFFFFFFFFFFFFFFFFFFFFFFCE
:10123000FFFFFFFFFFFFFFFFFFFFFFFFFFFFFFFFBE
:10124000FFFFFFFFFFFFFFFFFFFFFFFFFFFFFFFFAE
:10125000FFFFFFFFFFFFFFFFFFFFFFFFFFFFFFFF9E
:10126000FFFFFFFFFFFFFFFFFFFFFFFFFFFFFFFF8E
:10127000FFFFFFFFFFFFFFFFFFFFFFFFFFFFFFFF7E
:10128000FFFFFFFFFFFFFFFFFFFFFFFFFFFFFFFF6E
:10129000FFFFFFFFFFFFFFFFFFFFFFFFFFFFFFFF5E
:1012A000FFFFFFFFFFFFFFFFFFFFFFFFFFFFFFFF4E
:1012B000FFFFFFFFFFFFFFFFFFFFFFFFFFFFFFFF3E
:1012C000FFFFFFFFFFFFFFFFFFFFFFFFFFFFFFFF2E
:1012D000FFFFFFFFFFFFFFFFFFFFFFFFFFFFFFFF1E
:1012E000FFFFFFFFFFFFFFFFFFFFFFFFFFFFFFFF0E
:1012F000FFFFFFFFFFFFFFFFFFFFFFFFFFFFFFFFFE
:10130000FFFFFFFFFFFFFFFFFFFFFFFFFFFFFFFFED
:10131000FFFFFFFFFFFFFFFFFFFFFFFFFFFFFFFFDD
:10132000FFFFFFFFFFFFFFFFFFFFFFFFFFFFFFFFCD
:10133000FFFFFFFFFFFFFFFFFFFFFFFFFFFFFFFFBD
:10134000FFFFFFFFFFFFFFFFFFFFFFFFFFFFFFFFAD
:10135000FFFFFFFFFFFFFFFFFFFFFFFFFFFFFFFF9D
:10136000FFFFFFFFFFFFFFFFFFFFFFFFFFFFFFFF8D
:10137000FFFFFFFFFFFFFFFFFFFFFFFFFFFFFFFF7D
:10138000FFFFFFFFFFFFFFFFFFFFFFFFFFFFFFFF6D
:10139000FFFFFFFFFFFFFFFFFFFFFFFFFFFFFFFF5D
:1013A000FFFFFFFFFFFFFFFFFFFFFFFFFFFFFFFF4D
:1013B000FFFFFFFFFFFFFFFFFFFFFFFFFFFFFFFF3D
:1013C000FFFFFFFFFFFFFFFFFFFFFFFFFFFFFFFF2D
:1013D000FFFFFFFFFFFFFFFFFFFFFFFFFFFFFFFF1D
:1013E000FFFFFFFFFFFFFFFFFFFFFFFFFFFFFFFF0D
:1013F000FFFFFFFFFFFFFFFFFFFFFFFFFFFFFFFFFD
:10140000824205D051F8043B40F8043B8242F9D8AF
:10141000704700BF044A05494FF0000342F8043BFF
:101420009142FBD8704700BFC05E002080C70020FB
:1014300008B5BFF34F8F00F06FF9544C544B0820A0
:101440005449C3F85401544AC3F800115348C3F82F
:10145000F0405349FFF7D4FF524A53495348FFF72E
:10146000CFFF534CFFF7D6FF4FF470004FF0E02151
:101470000023504AC1F8880D44F823200133B02BD3
:10148000FAD14D4B80214D4A03F8011B9342FBD109
:101490004FF0E0254A4E4B4A4FF0FF31C5F8084D5A
:1014A000D5F8243D43F4E023C5F8243DF36923F047
:1014B0007F0343F04003F361736A23F07F0343F03B
:1014C000400373629166D1661167516700F02CF991
:1014D0003D4A3E4BA2636322E36300246A61032317
:1014E0003B4AAC612B61C5F8202DD5F8FC2D394B5A
:1014F00042F080723849C5F8FC2D1A6842F00102AA
:101500001A605B680B6000F0DFFA344800F050FCB2
:10151000F16E334B334A41F44051F1661C60C3F81D
:101520000841C3F81841C3F82841C3F83841936B08
:10153000DB0708D442F615632B4951651365936B9D
:1015400043F001039363274A284C936843F0011347
:10155000936000F077F900F05FF800F031FC00F0E4
:10156000E5FA00F0DBF82368132BFCD900F07AFBD6
:101570002368B3F5967FFBD300F0D4F800F0D0F8E1
:1015800000F032FC00F020FC30BFFDE70C0D111321
:1015900000800D401B10182098D1020000000000B0
:1015A00004220060C05E0020A0F302600000002062
:1015B000005C0020B90D020000E400E0A0E400E0BF
:1015C00000C00F4000C00A4079FA01007DFA010016
:1015D00000002020001000E0BCC500200046C3230E
:1015E0000040084000400D400000C056C0C500202B
:1015F000054B4FF42A01054A05485A641864054A08
:1016000099639546FFF714FF00C00A40FFAFAAAAEE
:1016100007002000000005200F4B40F2376C0F4AF6
:10162000A020D96E41F44031D966D96E41F44071A1
:10163000D966C2F844C09064936C1B06FCD4084A77
:1016400040F23761A02351649364936C13F08003DC
:10165000FBD1044A1370704700C00F4000400C409B
:1016600000800C4035C70020294A00210123C2F820
:10167000A000C2F8A410C2F8B0305369D907FCD555
:1016800001234FF4803C22495361C2F8A000C2F804
:10169000A4C0C2F8B0304B69DB07FCD501234FF47E
:1016A000003C1B4A4B61C1F8A000C1F8A4C0C1F8BE
:1016B000B0305369D907FCD50123DFF858C014496D
:1016C0005361C2F8A000C2F8A4C0C2F8B0304B69A0
:1016D000DB07FCD5D1F8003145F60D504FF0210C59
:1016E0009AB2C1F814C0824210D045F69D518A4288
:1016F0000AD1C3F34253032B08D0A3F10403B3FA76
:1017000083F35B0918017047002070470820704779
:1017100000402A4004000300704700BF704700BF2C
:10172000704700BF00BF70474FF0E02300214FF02B
:10173000100C3448C3F8941DC3F89CCD4FF0110C25
:10174000C3F8A00D3048C3F89CCD4FF0120CC3F87D
:10175000A00D2E48C3F89CCD2D4AC3F8A00DDFF88C
:10176000D0C042F015022B48C3F89CCDC3F8A00DA1
:10177000DFF8C0C02848C3F89CCDC3F8A00DDFF83F
:10178000B8C0C3F89C2D2548254AC3F8A0CDC3F89E
:101790009C0DC3F8A02D02F5A022DFF8A0C00C32EA
:1017A0002048C3F89CCDC3F8A02D1F4AC3F89C0D58
:1017B000C3F8A02D02F14062DFF884C002321B485A
:1017C000C3F89CCDC3F8A02D0A32C3F89C0DC3F812
:1017D000A02D00BF00BF00BF00BF00BF0122C3F8A3
:1017E000942DBFF34F8FBFF36F8FC3F8501FBFF31C
:1017F0004F8FBFF36F8FD3F8142D42F44032C3F8EC
:10180000142D70473F000010250008070900100044
:1018100080C70020210002072500081316002020A1
:1018200027000B13180000602F000B071A00008020
:1018300013002000140000200900001017000040D1
:101840001900007030B5864B85B0DFF874E21822BD
:10185000844D0120C3F85CE28349C3F86052A5F5CA
:101860008055DFF860C2814CC3F864E2C3F8685267
:101870002125C3F86CC2C3F870C2C3F874C2C3F8A0
:1018800078C248F20C7CDA661A675A679A67DA6798
:10189000C3F88020C3F88420C3F88820C1F82C0343
:1018A000734AC1F83003C1F83403C1F83803C1F8F2
:1018B0003C03C1F85003A1696E4B0A406E486F4962
:1018C00013436F4AA361D4F8843043F00C03C4F887
:1018D00084304FF0FF34036843F002030360036871
:1018E00003EA0C031A43674B026044608A68664C43
:1018F0001340664A43F000538360C36823F07803C3
:10190000C360036A23401A43604B0262026A2240AA
:101910005F4C1343002243628462C46240F2056458
:10192000D1F8B83023F03F0343F00103C0F8B830DA
:10193000D1F8BC30574923F03F0343F00103C0F80E
:10194000BC3002610567C0F880404567C0F884403C
:101950000224036823F00203036081614E4B4F4968
:10196000C46143F8042B8B42FBD1434C236843F002
:1019700001032360256815F00105FBD145480222CB
:1019800040F2F561A06140F29940E26140F26642A6
:10199000C4F8001242F20141C4F81022404AC4F8CF
:1019A0002002C4F8302240F23542C4F834123D48D7
:1019B000C4F840223C4AC4F850022846C4F85422D5
:1019C00042F201223949C4F86012C4F86422FFF7D8
:1019D0004BFE0246002839D0810201234FF48020BB
:1019E00021662549C4F8A050C4F8A400C4F8B0305A
:1019F0004B69D807FCD515050124039228464C6194
:101A0000FFF732FE039A2A4B0244D2B21A7080B119
:101A1000194980024FF4802348660846C1F8A05057
:101A2000C1F8A430C1F8B0404369DB07FCD50123FD
:101A3000436120490024204801230094401A00EB10
:101A400002521E4800F0CCF905B030BD1B4B1849BE
:101A500018600870D860C3E9010005B030BD00BF50
:101A600000801F40F910010000841F4000C00F409B
:101A7000FFFCFF1F0003008000402A4000802A4036
:101A80001200FFFFFF37F70000FFF07C40000080EE
:101A9000FF000F83F05AF05A00422A4000432A40C8
:101AA0009F041830EB06180A063201263806180A79
:101AB00036C700200000007000000070E8C200205F
:101AC000F9B00100F970010010B5174A4FF48054C5
:101AD0004FF4005E4FF4404C4FF4803043F242012B
:101AE000136913F0020F0DD113F4005F0FD013F43C
:101AF000805F0FD0002BF3DA13F4803F0CD15B062C
:101B00000ED510BDC2F818C050619161E8E7C2F867
:101B100014E0E5E75461E3E74FF480339361DFE7D6
:101B200040235361DCE700BF00800D40414A0320A1
:101B30004149F3EE095AD2F880309FED406A23F014
:101B400001039FED3F5ADFF814C100B5C2F88030A1
:101B5000C2F89000D1F8E010DFF804E1CBB23948C8
:101B6000CEF8003007EE903A0B0DC1F30B21F8EEE2
:101B7000E77A06EE903A07EE101A334BB8EEC77AC2
:101B8000CCF80010F8EEE66A304937EEC66A37EE58
:101B9000C55A76EEC76A77EEE57A26EE266AC3ED79
:101BA000006A25EE265AD2F8803067EEA64AC0EDCC
:101BB000007AC6EE275A264885EE276AC4EEA76A41
:101BC00075EE875AFCEEE55A36EE076A15EE90CAB6
:101BD000BCEEC66A43EA0C5376EE877AC2F88030D0
:101BE00016EE103AD2F890C1FCEEE77A01EA034112
:101BF00041EA0C014FF0000C17EE903AC2F8901138
:101C0000C3F30B03D2F890110B431249C2F8903181
:101C1000D2F8803043F00203C2F880300E4B80F8D7
:101C200040C0C1F840314FF0E0230122C3F8082141
:101C300000BD00BF00810D4000441F400000AA42CB
:101C40000000B44230C5002034C500200000FF0F62
:101C500000E400E0005C00209D0F020028C5002089
:101C60002CC50020314B40F6617210B5C3F820211D
:101C700040F2044400F0ACF82D4A2E49D2F88030EE
:101C80002D4843F00303C2F880302C4BC1F860416B
:101C900002681A4203D1D1F8A8319A071BD0254A0D
:101CA0004FF00041244B5963D2F8403143F0020316
:101CB000C2F84031D2F840319B07FBD44FF40030DA
:101CC0004FF0E0211C4B4FF00042C1F88C0219206C
:101CD0009A6300F081F8184B0021164C4FF08042B7
:101CE0000A209A634FF480621960C4F8A80114486E
:101CF00000F062F84FF4800203464FF4810040F296
:101D000043111860C4F858311A640E4B0E4AC4F8D7
:101D10004811C3F804224FF0E0224FF400310123B0
:101D2000C2F80C11C4F8403110BD00BF00800D4056
:101D300000C00F4000002E4000900D40001C1E000F
:101D400000000020005C00205912020008B50E4B74
:101D50001B6E9B0700D4FBBE72B60C4B00200C4AD6
:101D6000C3F8400103F160430A49A3F55F231164FE
:101D70009D46BFF34F8F4FF40013074A0748DB69B6
:101D800002609B68984700BF00441F4000002E403F
:101D900000C00A4003002000000012EB0080202059
:101DA000F8B500BFF8BC08BC9E46704700000000B4
:101DB0005FF800F0A90102005FF800F0596402002A
:101DC0005FF800F0C53102005FF800F00D0C020072
:101DD0005FF800F0B51902005FF800F0BD040200E2
:101DE0005FF800F0293302005FF800F0A9660200F6
:101DF00005010000E9A20000DD41010005580100D5
:081E00004174010099C60100C4
:101E0800CDCCCC3D0AD7233C17B7D13877CC2B3271
:101E18009595E6241FB14F0A000020410000C842F2
:101E280000401C4620BCBE4CCA1B0E5AAEC59D7451
:101E38009A9999999999B93F7B14AE47E17A843F69
:101E48002D431CEBE2361A3F3A8C30E28E79453E40
:101E5800BC89D897B2D29C3C33A7A8D523F6493978
:101E68003DA7F444FD0FA5329D978CCF08BA5B259A
:101E7800436FAC642806C80A000000000000244034
:101E88000000000000005940000000000088C34026
:101E98000000000084D797410080E03779C34143B0
:101EA800176E05B5B5B89346F5F93FE9034F384DB8
:101EB800321D30F94877825A3CBF737FDD4F157564
:101EC8006CC00F40030000000E0D000069D7010030
:101ED8002A36000014000000130000000100000072
:101EE800F4841F402B32000014000000130000008F
:101EF80001000000F8841F402D310000140000008C
:101F08001300000001000000F0841F402CFFFF00B8
:101F180014000000000000000000000001000000A4
:101F280000000000EC841F400000000000000000DA
:101F38006CC00F4030000000100F000069D701008E
:101F48000127000017000000120000000001000037
:101F580014851F401AFF0000120000000000000056
:101F68000100000018851F401BFF00001200000040
:101F7800000000000100000010851F400026FF003F
:101F8800170000001200000000000000010100001E
:101F9800010000000C851F400C851F400000000058
:101FA8006CC00F40C0000000504F00003DD8010039
:101FB8000CFF0000130000000000000000000000FB
:101FC80024851F400BFF00001300000000000000E4
:101FD8000000000028851F400DFF000013000000CE
:101FE800000000000000000020851F400A25240092
:101FF800130000001200000012000000010203009C
:1020080000000000000000000000000000000000C8
:102018000901809611800A3A81550A3601082A0476
:10202800000000F02B040000014021800A13800A00
:1020380029800A003E0353006500720069006100B0
:102048006C002F004B006500790062006F00610092
:10205800720064002F004D006F007500730065006A
:102068002F004A006F007900730074006900630054
:102078006B00000018035400650065006E007300D3
:1020880079006400750069006E006F00040309049C
:102098000902AF00060100C032080B00020202016B
:1020A80000090400000102020100052400100105D6
:1020B8002401010104240206052406000107058203
:1020C8000310001009040100020A000000070503BC
:1020D80002400000070583024000000904020001D5
:1020E80003010100092111010001223F00070584B5
:1020F800030800010904030001030000000921117D
:10210800010001225400070586030800020904049F
:1021180000010300000009211101000122550007F8
:102128000587030C000109040500010300000009EC
:102138002111010001222800070585030800040079
:102148000902AF00060100C032080B0002020201BA
:102158000009040000010202010005240010010525
:102168002401010104240206052406000107058252
:102178000310000509040100020A00000007050316
:1021880002000200070583020002000904020001A0
:1021980003010100092111010001223F0007058404
:1021A80003080001090403000103000000092111CC
:1021B80001000122540007058603080002090404EF
:1021C8000001030000000921110100012255000748
:1021D8000587030C0001090405000103000000093C
:1021E80021110100012228000705850308000400C9
:0C21F8000A060002EF0201400100000096
:1022040000000000000000000000000000000000CA
:1022140000000000000000000000000000000000BA
:10222400F8B54FF084439D695A6915400DD0254F88
:1022340001269D6195FAA5F4B4FA84F457F8243084
:1022440006FA04F49847A543F4D11F4B9D695A69D3
:1022540015400DD01D4F01269D6195FAA5F4B4FAE1
:1022640084F457F8243006FA04F49847A543F4D1CB
:10227400174B9D695A6915400DD0164F01269D6173
:1022840095FAA5F4B4FA84F457F8243006FA04F461
:102294009847A543F4D1104B9D695A6915400DD058
:1022A4000E4F01269D6195FAA5F4B4FA84F457F80B
:1022B400243006FA04F49847A543F4D1BFF34F8FB2
:1022C400F8BD00BFA0560020004000422057002067
:1022D40000800042A057002000C000422058002087
:1022E4000548064B1B1AD90F01EBA301491002D074
:1022F400034B03B118477047C05E0020C05E002046
:102304000000000008B5054B1BB105490548AFF3B3
:102314000080BDE80840FFF7E3BF00BF00000000F5
:10232400D8C4002000600360704700BF704700BF3E
:10233400704700BF00238382C0E90333704700BFA6
:10234400704700BF194B1B781A074CBFF7EE007A91
:10235400DFED177A5A0703D5B7EE007A77EEC77A1E
:1023640003F00202DB07C0ED007A03D5D2B10023EB
:102374000B607047002AFAD00E4B0B60D0ED007A48
:10238400F5EE407AF1EE10FA0FD09FED0B7A67EE7E
:10239400877AC0ED007AD1ED007A67EE877AC1EDD5
:1023A400007A70474FF07E53E7E770471DC700205F
:1023B40000000000000080BFF304353F234A244995
:1023C400136870B50133234C136024680870A0B3FC
:1023D4009CB36FF02E0504F12F0304F13F0CDFF8DA
:1023E40084E02D1B01261A4613F8011F814207D1F0
:1023F4002A44BEF8001006FA02F20A43AEF800209E
:102404009C45F0D16FF01A0204F11B0304F11F057F
:10241400114E141B4FF0010C1A4613F8011F814290
:1024240005D1224431780CFA02F20A4332709D42FB
:10243400F2D10A4BDB79834200D070BD0438C0B2BC
:10244400E328FAD8064B01221A7070BD64BC002040
:102454000CC7002090A400201DC700203CC300200E
:1024640018C70020F6C60020244A2549136870B511
:102474000133244C136024680870B0B3ACB36FF01C
:102484002E0504F12F0304F13F0CDFF888E02D1B27
:1024940001261A4613F8011F814208D12A44BEF8C6
:1024A400001006FA02F221EA0202AEF800209C456E
:1024B400EFD16FF01A0204F11B0304F11F05124E51
:1024C400141B4FF0010C1A4613F8011F814206D168
:1024D400224431780CFA02F221EA020232709D425F
:1024E400F1D10A4BDB79834200D070BD0438C0B20D
:1024F400E328FAD8064B00221A7070BD64BC002091
:102504000CC7002090A400201DC700203CC300205D
:1025140018C70020F6C60020012A57D12DE9F04F34
:1025240085B00E9A082A8CBF002201221AB100201D
:1025340005B0BDE8F08FB1F81EE040F25E4CE64510
:10254400F5D193F805C0BCF1FF0FF0D193F806C0A4
:10255400BCF1470FEBD193F800C00E9C9C4423447C
:102564000CF1060E7345E2D393469046924691468B
:10257400174603921A4604E0F4440CF1060E724521
:1025840026D39CF800E0BEF1030F21D99CF801305A
:10259400052BF1D1BEF1060FEED99CF8033003F000
:1025A4000303032BE8D19CF902309CF80240002B72
:1025B400BCF804509CF806602DDBB8F1000FDBD1A9
:1025C40004F00F08C5F30A0B0396D5E70020704703
:1025D4003A46002FABD04B460D4604460321402B10
:1025E4002846CDF804A028BF40230093012317F008
:1025F40073FEE06000289AD0174A234604F13401A0
:10260400C263402217F0C0FAB8F1000F0BD10123C6
:10261400184663758CE7002FAED104F00F07C5F39D
:102624000A09B246A8E75946039B424628460529AB
:1026340001934FF0000328BF05210091032117F0F7
:102644004BFE234620610028E1D004490522C163E2
:10265400034917F099FADAE78509000041010000FF
:102664009453002008B52DED048B09EE900A9FEDDC
:10267400227A40F2E9312148F8EE697A67EE807AED
:1026840087EE879A1FF058FC40F2E93108EE900A71
:102694001A481FF051FC08EE100A40F2E9311748BD
:1026A400F8EEE88A1FF048FCB8EEC88A07EE100A74
:1026B4009FED136A19EE902AB8EEC77ADFED116A1E
:1026C40038EE288A47F6FF7337EE087AC7EE067AA3
:1026D40067EE897ABDEC048B67EEA67AFDEEE77AA5
:1026E40017EE900A10449842A8BF18460128B8BFB4
:1026F400012080B208BD00BF0000C84218FCFFFFE3
:1027040000803B452DB25D4030B500220B7989B085
:10271400044658070692CDE9042203F001024FEA69
:10272400822248BF42F040021D0748BF42F08002A7
:10273400D80648BF42F001029D0648BF42F002029B
:10274400580648BF42F004021B064B7948BF42F0CA
:102754000802DD0648BF42F01002980648BF42F066
:1027640020025D0648BF42F48072180623EA9300F3
:1027740048BF42F4007220EAD300C50762D403EADA
:10278400D300C00733D50123009204F1180C0A8941
:10279400C88892014D89B1F80EE080018DF8183097
:1027A4000023ADF80E20A5F500458A89AEF5004E4C
:1027B400098AADF80C00A2F500401A46A1F50041C3
:1027C40065F30F0301256EF30F02EE4660F31F431A
:1027D40061F31F42CDE90132BEE80F00ACE80F00FF
:1027E4009EE807008CE80700257509B030BD03F0AA
:1027F4000105C3F340004FEA530C85F0010580F056
:10280400010005EAD30E1EEA000F1FD10CEAD30E15
:102814001EF0010F18D12CEA930E2EEAD30E1EF0EF
:10282400010F19D10CEA930C1CF0010F10D100EA2E
:10283400930005420ED103EA930303F00103C3F1AD
:102844000803A1E700239FE703239DE702239BE7F7
:10285400052399E7062397E7042395E7F8B5284B62
:10286400284F93F87E5C93F81E1D97F900300D43B2
:102874003A7835EA030619D0002402E00134082C22
:102884000BD026FA04F3DA07F8D51F4B33F81400FB
:10289400013421F061FC082CF3D11C4B3A781B68FD
:1028A40032431B4932333A700B601346154204D04D
:1028B400164A1749126832320A6023EA050313F0F4
:1028C400FF045DB21BD0114B114A1B6812689B1A9E
:1028D400002B14DB002602E00136082E0BD024FA6C
:1028E40006F2D307F8D5084B33F81600013621F069
:1028F4008BFB082EF3D13B7823EA05033B70F8BD2C
:102904006088002022C70020783E0020C0C5002037
:102914005CB90020562802D10C4B00229A730C4B50
:102924001B7863B100B583B00190FFF797FF094BA3
:1029340001981B683BB103B05DF804EB1847054BE5
:102944001B6813B1184703B000BD704760680020CE
:1029540017C70020DCBA0020562802D10C4B0122F4
:102964009A730C4B1B7863B100B583B00190FFF7E9
:1029740075FF094B01981B683BB103B05DF804EB8C
:102984001847054B1B6813B1184703B000BD7047C7
:102994006068002017C70020C8BA002007EE902AFC
:1029A40090F824209C4607EE101A00B5DFF8D0E119
:1029B400DEF80030002A00F0A380816A591A06EE7E
:1029C400901AF8EE666AF5EEC06AF1EE10FA07DDC9
:1029D4009FED666AF4EEC66AF1EE10FA00F1A0808B
:1029E40090F88E10B8EEC77A09B1B1EE477A90F834
:1029F4008F10F8EEE77A09B1F1EE677A002A5FD01A
:102A0400F5EEC06AF1EE10FA5ADDF7EE005A90EDD9
:102A14000C6AB4EEE56AF1EE10FA40F39380B0EE7E
:102A2400085AF3EE0E5A26EE056AB4EEE56AF1EEA4
:102A340010FA00F18B80DFED4E5AB4EEE56AF1EE48
:102A440010FACCBF01220022DFED495A002A06FE0B
:102A5400256ABCEEC66AB8EE466AF4EEC66AF1EEC2
:102A640010FA2DD890ED155AD0ED165A90F8522040
:102A740037EE455A77EEE55A012A85EE266A85EE49
:102A8400A65A69D9D0ED174A022AD0ED185A80ED1A
:102A9400196A80ED176A75EE655A80ED1A5A36EE9A
:102AA400646A80ED185A86EE265A85EEA66A80ED91
:102AB4001B5A80ED1C6A0DD1013280F8522009E0C6
:102AC400002201210266C2650267C266826642660E
:102AD40080F852100121027980ED157AC0ED167A42
:102AE400436780ED077AC0ED087A80F8241083628A
:102AF400A0F82CC01AB190F87830052B03D000BD93
:102B0400DFED1C6A6CE790ED106AD0ED116A36EEC9
:102B1400077A76EEA77A80ED107AC0ED117A00BDBF
:102B2400F7EE005A90ED0C6AB4EEE56AF1EE10FA95
:102B34000FD936EEC65ADFED105AA5EE256A80EDA0
:102B44000C6A4DE700229FED0D6A7DE7B0EE656AE1
:102B540083E7C0ED0C6A43E780ED196A80ED176ADC
:102B640080ED1A5A80ED185AA6E700BF0000FA4318
:102B74000000484300000000CDCC4C3E000016434A
:102B8400C0C50020C36B2BB3826803F13401C2F3C8
:102B94000E422F3A112A18D993F83420202A14D13E
:102BA40093F837200E2A10D1184600B583B001914E
:102BB4000093FFF7A9FDDDE90031D86858B1402240
:102BC40003B05DF804EB16F0DFBFD86810B1402203
:102BD40016F0DABF704703B000BD00BF10B504465D
:102BE40082B049B10846019126F0CAF8236802462A
:102BF400019920465B689847204602B0BDE8104022
:102C04001FF0B0B830B501EB8103324C4FF01A0C11
:102C140083B022680CFB003313449B7C002B42D00E
:102C24000546181F192834D9A3F11E00082841D9D4
:102C3400272B4CD0A3F13A000B2844D9283BDBB214
:102C4400BF2B3AD91346D3F8073001EB8100DFEDEF
:102C5400227A00EE103A214BB4EEE70A1C681A23DC
:102C640003FB0500F1EE10FA0244B2F813000ED48F
:102C740020B10091FFF7F6FC00990444184A194862
:102C8400194B1170012204601A7003B030BD044462
:102C9400F4E703F15D00CDE9002121F05DFA23683A
:102CA400DDE90021CFE70E4B197003B0BDE83040D9
:102CB40000F01EB803F11300EDE70C4830F81300E0
:102CC4000028BFD0E7E7A3F5805398B2E3E73020AC
:102CD400E1E700BF58BC00200AD7233CC0C5002050
:102CE40024C70020A0B9002028C70020B00B002072
:102CF40000B5DFF884E083B09EF800100131C9B25A
:102D0400032919D8194B01EB81021B6813441A22B9
:102D140002FB003303E05FFA8CF104290CD09A7CA7
:102D240001F1010C0533002AF5D08EF8001003B030
:102D34005DF804EBFFF766BF0D4A13783BB1002141
:102D44008EF8001003B05DF804EBFFF75BBF01934E
:102D540021F01AF9019BFF20DFF820C00549044A3D
:102D64008CF800301370087003B000BD58BC00200C
:102D740023C70020CA59002024C7002028C70020E8
:102D84002DE9F0417C4F00237C4D82B03968044624
:102D94002B5411B18B79002B52D1794A137813B18A
:102DA400A34200F0C780774B196859B38B794BB3B2
:102DB400C87A38B3744D002395F800C009E0032A9B
:102DC40003D1CA7B012A00F09E80984201F11A01C6
:102DD40018D0DAB201339445F7D10A7B012AEED137
:102DE400CA7B012AF1D14A7BA242EED121F0CCF870
:102DF40000236648FF22664903700B702A7002B0F4
:102E0400BDE8F081231F192B40F28680A4F11E0334
:102E1400082B40F28880272C00F09980A4F13A0313
:102E24000B2B40F28C80A4F12803DBB2BF2BE6D835
:102E3400584A32F81300002870D102B0BDE8F0817E
:102E4400554B1B78002BA8D191F807C0BCF1000F9B
:102E5400A3D0012301F1080E01F109080FE0A642F5
:102E640003D12E5C002E00F08580082B18BF9445FA
:102E740003F101038CBF01220022002A8DD01EF829
:102E84002300DAB20028F0D018F82360002EECD02A
:102E9400A042E4D1A85D08B1A642E6D15D1E331F6D
:102EA400192B56D9A6F11E03082B5AD9272E5FD009
:102EB400A6F13A030B2B57D9A6F12803DBB2BF2B9B
:102EC40004D8344A32F81300002844D10A46AB1C13
:102ED400DFED327A01EB830331490E709268D888B2
:102EE40000EE102A2F4AB4EEE70A1568F1EE10FA44
:102EF40002D410B1FFF7B6FB05442B4A0123156039
:102F0400254A137049E74A7BA2423FF46FAF8A7B9C
:102F1400A2427FF45AAF69E704F15D0002B0BDE854
:102F2400F04121F071B804F1130002B0BDE8F041A2
:102F340021F06AB80023137002B0BDE8F081A4F553
:102F44008054A0B202B0BDE8F04121F05DB8302059
:102F5400E4E706F15D00019121F0FEF83A68019979
:102F6400B5E706F11300F6E7A6F5805080B2F2E764
:102F74003020F0E7064691E78CA4002058BB0020DF
:102F84001AC7002058BC0020CA59002028C70020B6
:102F940023C70020B00B002025C700200AD7233CFC
:102FA4001BC70020C0C5002034A900201D4BD3F846
:102FB400D82010689168006810B40842137C5468E3
:102FC40014BF0121002103F00303D4F800C0D0682A
:102FD40043EA81031CEA000F43F0080118BF0B46C3
:102FE4009908013B11740D2B0BD8DFE803F0110C89
:102FF400070C0A161111160A0C070C115369023337
:10300400536110BC70475369013B10BC5361704756
:103014005369013310BC536170475369023B10BCC0
:1030240053617047B8BC00201D4BD3F8D4201068FE
:103034009168006810B40842137C546814BF0121DD
:10304400002103F00303D4F800C0D06843EA8103ED
:103054001CEA000F43F0080118BF0B469908013B16
:1030640011740D2B0BD8DFE803F0110C070C0A16B2
:103074001111160A0C070C1153690233536110BC69
:1030840070475369013B10BC536170475369013366
:1030940010BC536170475369023B10BC53617047C5
:1030A400B8BC00201D4BD3F8D0201068916800688C
:1030B40010B40842137C546814BF0121002103F0AA
:1030C4000303D4F800C0D06843EA81031CEA000F6C
:1030D40043F0080118BF0B469908013B11740D2BEE
:1030E4000BD8DFE803F0110C070C0A161111160AAD
:1030F4000C070C1153690233536110BC70475369B8
:10310400013B10BC536170475369013310BC5361D8
:1031140070475369023B10BC53617047B8BC002030
:103124001D4BD3F8CC2010689168006810B4084295
:10313400137C546814BF0121002103F00303D4F865
:1031440000C0D06843EA81031CEA000F43F0080181
:1031540018BF0B469908013B11740D2B0BD8DFE8FF
:1031640003F0110C070C0A161111160A0C070C11A6
:1031740053690233536110BC70475369013B10BC5F
:10318400536170475369013310BC536170475369ED
:10319400023B10BC53617047B8BC00201D4BD3F8F0
:1031A400C82010689168006810B40842137C546801
:1031B40014BF0121002103F00303D4F800C0D06838
:1031C40043EA81031CEA000F43F0080118BF0B46D1
:1031D4009908013B11740D2B0BD8DFE803F0110C97
:1031E400070C0A161111160A0C070C115369023345
:1031F400536110BC70475369013B10BC5361704765
:103204005369013310BC536170475369023B10BCCE
:1032140053617047B8BC00201D4BD3F8C42010681C
:103224009168006810B40842137C546814BF0121EB
:10323400002103F00303D4F800C0D06843EA8103FB
:103244001CEA000F43F0080118BF0B469908013B24
:1032540011740D2B0BD8DFE803F0110C070C0A16C0
:103264001111160A0C070C1153690233536110BC77
:1032740070475369013B10BC536170475369013374
:1032840010BC536170475369023B10BC53617047D3
:10329400B8BC00201D4BD3F8C020106891680068AA
:1032A40010B40842137C546814BF0121002103F0B8
:1032B4000303D4F800C0D06843EA81031CEA000F7A
:1032C40043F0080118BF0B469908013B11740D2BFC
:1032D4000BD8DFE803F0110C070C0A161111160ABB
:1032E4000C070C1153690233536110BC70475369C6
:1032F400013B10BC536170475369013310BC5361E7
:1033040070475369023B10BC53617047B8BC00203E
:103314001D4BD3F8BC2010689168006810B40842B3
:10332400137C546814BF0121002103F00303D4F873
:1033340000C0D06843EA81031CEA000F43F008018F
:1033440018BF0B469908013B11740D2B0BD8DFE80D
:1033540003F0110C070C0A161111160A0C070C11B4
:1033640053690233536110BC70475369013B10BC6D
:10337400536170475369013310BC536170475369FB
:10338400023B10BC53617047B8BC00201D4BD3F8FE
:10339400B82010689168006810B40842137C54681F
:1033A40014BF0121002103F00303D4F800C0D06846
:1033B40043EA81031CEA000F43F0080118BF0B46DF
:1033C4009908013B11740D2B0BD8DFE803F0110CA5
:1033D400070C0A161111160A0C070C115369023353
:1033E400536110BC70475369013B10BC5361704773
:1033F4005369013310BC536170475369023B10BCDD
:1034040053617047B8BC00201D4BD3F8B42010683A
:103414009168006810B40842137C546814BF0121F9
:10342400002103F00303D4F800C0D06843EA810309
:103434001CEA000F43F0080118BF0B469908013B32
:1034440011740D2B0BD8DFE803F0110C070C0A16CE
:103454001111160A0C070C1153690233536110BC85
:1034640070475369013B10BC536170475369013382
:1034740010BC536170475369023B10BC53617047E1
:10348400B8BC00201D4BD3F8B020106891680068C8
:1034940010B40842137C546814BF0121002103F0C6
:1034A4000303D4F800C0D06843EA81031CEA000F88
:1034B40043F0080118BF0B469908013B11740D2B0A
:1034C4000BD8DFE803F0110C070C0A161111160AC9
:1034D4000C070C1153690233536110BC70475369D4
:1034E400013B10BC536170475369013310BC5361F5
:1034F40070475369023B10BC53617047B8BC00204D
:103504001D4BD3F8AC2010689168006810B40842D1
:10351400137C546814BF0121002103F00303D4F881
:1035240000C0D06843EA81031CEA000F43F008019D
:1035340018BF0B469908013B11740D2B0BD8DFE81B
:1035440003F0110C070C0A161111160A0C070C11C2
:1035540053690233536110BC70475369013B10BC7B
:10356400536170475369013310BC53617047536909
:10357400023B10BC53617047B8BC00201D4BD3F80C
:10358400A82010689168006810B40842137C54683D
:1035940014BF0121002103F00303D4F800C0D06854
:1035A40043EA81031CEA000F43F0080118BF0B46ED
:1035B4009908013B11740D2B0BD8DFE803F0110CB3
:1035C400070C0A161111160A0C070C115369023361
:1035D400536110BC70475369013B10BC5361704781
:1035E4005369013310BC536170475369023B10BCEB
:1035F40053617047B8BC00201D4BD3F8A420106859
:103604009168006810B40842137C546814BF012107
:10361400002103F00303D4F800C0D06843EA810317
:103624001CEA000F43F0080118BF0B469908013B40
:1036340011740D2B0BD8DFE803F0110C070C0A16DC
:103644001111160A0C070C1153690233536110BC93
:1036540070475369013B10BC536170475369013390
:1036640010BC536170475369023B10BC53617047EF
:10367400B8BC00201D4BD3F8A020106891680068E6
:1036840010B40842137C546814BF0121002103F0D4
:103694000303D4F800C0D06843EA81031CEA000F96
:1036A40043F0080118BF0B469908013B11740D2B18
:1036B4000BD8DFE803F0110C070C0A161111160AD7
:1036C4000C070C1153690233536110BC70475369E2
:1036D400013B10BC536170475369013310BC536103
:1036E40070475369023B10BC53617047B8BC00205B
:1036F4001D4BD3F89C2010689168006810B40842F0
:10370400137C546814BF0121002103F00303D4F88F
:1037140000C0D06843EA81031CEA000F43F00801AB
:1037240018BF0B469908013B11740D2B0BD8DFE829
:1037340003F0110C070C0A161111160A0C070C11D0
:1037440053690233536110BC70475369013B10BC89
:10375400536170475369013310BC53617047536917
:10376400023B10BC53617047B8BC00201D4BD3F81A
:10377400982010689168006810B40842137C54685B
:1037840014BF0121002103F00303D4F800C0D06862
:1037940043EA81031CEA000F43F0080118BF0B46FB
:1037A4009908013B11740D2B0BD8DFE803F0110CC1
:1037B400070C0A161111160A0C070C11536902336F
:1037C400536110BC70475369013B10BC536170478F
:1037D4005369013310BC536170475369023B10BCF9
:1037E40053617047B8BC00201D4BD3F89420106877
:1037F4009168006810B40842137C546814BF012116
:10380400002103F00303D4F800C0D06843EA810325
:103814001CEA000F43F0080118BF0B469908013B4E
:1038240011740D2B0BD8DFE803F0110C070C0A16EA
:103834001111160A0C070C1153690233536110BCA1
:1038440070475369013B10BC53617047536901339E
:1038540010BC536170475369023B10BC53617047FD
:10386400B8BC00201D4BD3F8902010689168006804
:1038740010B40842137C546814BF0121002103F0E2
:103884000303D4F800C0D06843EA81031CEA000FA4
:1038940043F0080118BF0B469908013B11740D2B26
:1038A4000BD8DFE803F0110C070C0A161111160AE5
:1038B4000C070C1153690233536110BC70475369F0
:1038C400013B10BC536170475369013310BC536111
:1038D40070475369023B10BC53617047B8BC002069
:1038E4001D4BD3F88C2010689168006810B408420E
:1038F400137C546814BF0121002103F00303D4F89E
:1039040000C0D06843EA81031CEA000F43F00801B9
:1039140018BF0B469908013B11740D2B0BD8DFE837
:1039240003F0110C070C0A161111160A0C070C11DE
:1039340053690233536110BC70475369013B10BC97
:10394400536170475369013310BC53617047536925
:10395400023B10BC53617047B8BC00201D4BD3F828
:10396400882010689168006810B40842137C546879
:1039740014BF0121002103F00303D4F800C0D06870
:1039840043EA81031CEA000F43F0080118BF0B4609
:103994009908013B11740D2B0BD8DFE803F0110CCF
:1039A400070C0A161111160A0C070C11536902337D
:1039B400536110BC70475369013B10BC536170479D
:1039C4005369013310BC536170475369023B10BC07
:1039D40053617047B8BC00201D4BD3F88420106895
:1039E4009168006810B40842137C546814BF012124
:1039F400002103F00303D4F800C0D06843EA810334
:103A04001CEA000F43F0080118BF0B469908013B5C
:103A140011740D2B0BD8DFE803F0110C070C0A16F8
:103A24001111160A0C070C1153690233536110BCAF
:103A340070475369013B10BC5361704753690133AC
:103A440010BC536170475369023B10BC536170470B
:103A5400B8BC00201D4BD3F8802010689168006822
:103A640010B40842137C546814BF0121002103F0F0
:103A74000303D4F800C0D06843EA81031CEA000FB2
:103A840043F0080118BF0B469908013B11740D2B34
:103A94000BD8DFE803F0110C070C0A161111160AF3
:103AA4000C070C1153690233536110BC70475369FE
:103AB400013B10BC536170475369013310BC53611F
:103AC40070475369023B10BC53617047B8BC002077
:103AD4001D4BDA6F10689168006810B40842137CBB
:103AE400546814BF0121002103F00303D4F800C07B
:103AF400D06843EA81031CEA000F43F0080118BFB1
:103B04000B469908013B11740D2B0BD8DFE803F029
:103B1400110C070C0A161111160A0C070C11536923
:103B24000233536110BC70475369013B10BC5361AD
:103B340070475369013310BC536170475369023BAA
:103B440010BC5361704700BFB8BC00201D4B9A6F76
:103B540010689168006810B40842137C546814BF5C
:103B64000121002103F00303D4F800C0D06843EA24
:103B740081031CEA000F43F0080118BF0B469908A3
:103B8400013B11740D2B0BD8DFE803F0110C070C6B
:103B94000A161111160A0C070C11536902335361EA
:103BA40010BC70475369013B10BC536170475369A3
:103BB400013310BC536170475369023B10BC53611D
:103BC400704700BFB8BC00201D4B5A6F1068916845
:103BD400006810B40842137C546814BF012100210A
:103BE40003F00303D4F800C0D06843EA81031CEA5D
:103BF400000F43F0080118BF0B469908013B1174EC
:103C04000D2B0BD8DFE803F0110C070C0A16111169
:103C1400160A0C070C1153690233536110BC704728
:103C24005369013B10BC536170475369013310BCA5
:103C3400536170475369023B10BC5361704700BF26
:103C4400B8BC00201D4B1A6F10689168006810B44E
:103C54000842137C546814BF0121002103F00303BC
:103C6400D4F800C0D06843EA81031CEA000F43F093
:103C7400080118BF0B469908013B11740D2B0BD892
:103C8400DFE803F0110C070C0A161111160A0C07D1
:103C94000C1153690233536110BC70475369013BE3
:103CA40010BC536170475369013310BC53617047B2
:103CB4005369023B10BC5361704700BFB8BC00207D
:103CC4001D4BDA6E10689168006810B40842137CCA
:103CD400546814BF0121002103F00303D4F800C089
:103CE400D06843EA81031CEA000F43F0080118BFBF
:103CF4000B469908013B11740D2B0BD8DFE803F038
:103D0400110C070C0A161111160A0C070C11536931
:103D14000233536110BC70475369013B10BC5361BB
:103D240070475369013310BC536170475369023BB8
:103D340010BC5361704700BFB8BC00201D4B9A6E85
:103D440010689168006810B40842137C546814BF6A
:103D54000121002103F00303D4F800C0D06843EA32
:103D640081031CEA000F43F0080118BF0B469908B1
:103D7400013B11740D2B0BD8DFE803F0110C070C79
:103D84000A161111160A0C070C11536902335361F8
:103D940010BC70475369013B10BC536170475369B1
:103DA400013310BC536170475369023B10BC53612B
:103DB400704700BFB8BC00201D4B5A6E1068916854
:103DC400006810B40842137C546814BF0121002118
:103DD40003F00303D4F800C0D06843EA81031CEA6B
:103DE400000F43F0080118BF0B469908013B1174FA
:103DF4000D2B0BD8DFE803F0110C070C0A16111178
:103E0400160A0C070C1153690233536110BC704736
:103E14005369013B10BC536170475369013310BCB3
:103E2400536170475369023B10BC5361704700BF34
:103E3400B8BC00201D4B1A6E10689168006810B45D
:103E44000842137C546814BF0121002103F00303CA
:103E5400D4F800C0D06843EA81031CEA000F43F0A1
:103E6400080118BF0B469908013B11740D2B0BD8A0
:103E7400DFE803F0110C070C0A161111160A0C07DF
:103E84000C1153690233536110BC70475369013BF1
:103E940010BC536170475369013310BC53617047C0
:103EA4005369023B10BC5361704700BFB8BC00208B
:103EB4001D4BDA6D10689168006810B40842137CD9
:103EC400546814BF0121002103F00303D4F800C097
:103ED400D06843EA81031CEA000F43F0080118BFCD
:103EE4000B469908013B11740D2B0BD8DFE803F046
:103EF400110C070C0A161111160A0C070C11536940
:103F04000233536110BC70475369013B10BC5361C9
:103F140070475369013310BC536170475369023BC6
:103F240010BC5361704700BFB8BC00201D4B9A6D94
:103F340010689168006810B40842137C546814BF78
:103F44000121002103F00303D4F800C0D06843EA40
:103F540081031CEA000F43F0080118BF0B469908BF
:103F6400013B11740D2B0BD8DFE803F0110C070C87
:103F74000A161111160A0C070C1153690233536106
:103F840010BC70475369013B10BC536170475369BF
:103F9400013310BC536170475369023B10BC536139
:103FA400704700BFB8BC00201D4B5A6D1068916863
:103FB400006810B40842137C546814BF0121002126
:103FC40003F00303D4F800C0D06843EA81031CEA79
:103FD400000F43F0080118BF0B469908013B117408
:103FE4000D2B0BD8DFE803F0110C070C0A16111186
:103FF400160A0C070C1153690233536110BC704745
:104004005369013B10BC536170475369013310BCC1
:10401400536170475369023B10BC5361704700BF42
:10402400B8BC00201D4B1A6D10689168006810B46C
:104034000842137C546814BF0121002103F00303D8
:10404400D4F800C0D06843EA81031CEA000F43F0AF
:10405400080118BF0B469908013B11740D2B0BD8AE
:10406400DFE803F0110C070C0A161111160A0C07ED
:104074000C1153690233536110BC70475369013BFF
:1040840010BC536170475369013310BC53617047CE
:104094005369023B10BC5361704700BFB8BC002099
:1040A4001D4BDA6C10689168006810B40842137CE8
:1040B400546814BF0121002103F00303D4F800C0A5
:1040C400D06843EA81031CEA000F43F0080118BFDB
:1040D4000B469908013B11740D2B0BD8DFE803F054
:1040E400110C070C0A161111160A0C070C1153694E
:1040F4000233536110BC70475369013B10BC5361D8
:1041040070475369013310BC536170475369023BD4
:1041140010BC5361704700BFB8BC00201D4B9A6CA3
:1041240010689168006810B40842137C546814BF86
:104134000121002103F00303D4F800C0D06843EA4E
:1041440081031CEA000F43F0080118BF0B469908CD
:10415400013B11740D2B0BD8DFE803F0110C070C95
:104164000A161111160A0C070C1153690233536114
:1041740010BC70475369013B10BC536170475369CD
:10418400013310BC536170475369023B10BC536147
:10419400704700BFB8BC00201D4B5A6C1068916872
:1041A400006810B40842137C546814BF0121002134
:1041B40003F00303D4F800C0D06843EA81031CEA87
:1041C400000F43F0080118BF0B469908013B117416
:1041D4000D2B0BD8DFE803F0110C070C0A16111194
:1041E400160A0C070C1153690233536110BC704753
:1041F4005369013B10BC536170475369013310BCD0
:10420400536170475369023B10BC5361704700BF50
:10421400B8BC00201D4B1A6C10689168006810B47B
:104224000842137C546814BF0121002103F00303E6
:10423400D4F800C0D06843EA81031CEA000F43F0BD
:10424400080118BF0B469908013B11740D2B0BD8BC
:10425400DFE803F0110C070C0A161111160A0C07FB
:104264000C1153690233536110BC70475369013B0D
:1042740010BC536170475369013310BC53617047DC
:104284005369023B10BC5361704700BFB8BC0020A7
:104294001D4BDA6B10689168006810B40842137CF7
:1042A400546814BF0121002103F00303D4F800C0B3
:1042B400D06843EA81031CEA000F43F0080118BFE9
:1042C4000B469908013B11740D2B0BD8DFE803F062
:1042D400110C070C0A161111160A0C070C1153695C
:1042E4000233536110BC70475369013B10BC5361E6
:1042F40070475369013310BC536170475369023BE3
:1043040010BC5361704700BFB8BC00201D4B9A6BB2
:1043140010689168006810B40842137C546814BF94
:104324000121002103F00303D4F800C0D06843EA5C
:1043340081031CEA000F43F0080118BF0B469908DB
:10434400013B11740D2B0BD8DFE803F0110C070CA3
:104354000A161111160A0C070C1153690233536122
:1043640010BC70475369013B10BC536170475369DB
:10437400013310BC536170475369023B10BC536155
:10438400704700BFB8BC00201D4B5A6B1068916881
:10439400006810B40842137C546814BF0121002142
:1043A40003F00303D4F800C0D06843EA81031CEA95
:1043B400000F43F0080118BF0B469908013B117424
:1043C4000D2B0BD8DFE803F0110C070C0A161111A2
:1043D400160A0C070C1153690233536110BC704761
:1043E4005369013B10BC536170475369013310BCDE
:1043F400536170475369023B10BC5361704700BF5F
:10440400B8BC00201D4B1A6B10689168006810B48A
:104414000842137C546814BF0121002103F00303F4
:10442400D4F800C0D06843EA81031CEA000F43F0CB
:10443400080118BF0B469908013B11740D2B0BD8CA
:10444400DFE803F0110C070C0A161111160A0C0709
:104454000C1153690233536110BC70475369013B1B
:1044640010BC536170475369013310BC53617047EA
:104474005369023B10BC5361704700BFB8BC0020B5
:104484001D4BDA6A10689168006810B40842137C06
:10449400546814BF0121002103F00303D4F800C0C1
:1044A400D06843EA81031CEA000F43F0080118BFF7
:1044B4000B469908013B11740D2B0BD8DFE803F070
:1044C400110C070C0A161111160A0C070C1153696A
:1044D4000233536110BC70475369013B10BC5361F4
:1044E40070475369013310BC536170475369023BF1
:1044F40010BC5361704700BFB8BC00201D4B9A6AC2
:1045040010689168006810B40842137C546814BFA2
:104514000121002103F00303D4F800C0D06843EA6A
:1045240081031CEA000F43F0080118BF0B469908E9
:10453400013B11740D2B0BD8DFE803F0110C070CB1
:104544000A161111160A0C070C1153690233536130
:1045540010BC70475369013B10BC536170475369E9
:10456400013310BC536170475369023B10BC536163
:10457400704700BFB8BC00201D4B5A6A1068916890
:10458400006810B40842137C546814BF0121002150
:1045940003F00303D4F800C0D06843EA81031CEAA3
:1045A400000F43F0080118BF0B469908013B117432
:1045B4000D2B0BD8DFE803F0110C070C0A161111B0
:1045C400160A0C070C1153690233536110BC70476F
:1045D4005369013B10BC536170475369013310BCEC
:1045E400536170475369023B10BC5361704700BF6D
:1045F400B8BC00201D4B1A6A10689168006810B49A
:104604000842137C546814BF0121002103F0030302
:10461400D4F800C0D06843EA81031CEA000F43F0D9
:10462400080118BF0B469908013B11740D2B0BD8D8
:10463400DFE803F0110C070C0A161111160A0C0717
:104644000C1153690233536110BC70475369013B29
:1046540010BC536170475369013310BC53617047F8
:104664005369023B10BC5361704700BFB8BC0020C3
:104674001D4BDA6910689168006810B40842137C15
:10468400546814BF0121002103F00303D4F800C0CF
:10469400D06843EA81031CEA000F43F0080118BF05
:1046A4000B469908013B11740D2B0BD8DFE803F07E
:1046B400110C070C0A161111160A0C070C11536978
:1046C4000233536110BC70475369013B10BC536102
:1046D40070475369013310BC536170475369023BFF
:1046E40010BC5361704700BFB8BC00201D4B9A69D1
:1046F40010689168006810B40842137C546814BFB1
:104704000121002103F00303D4F800C0D06843EA78
:1047140081031CEA000F43F0080118BF0B469908F7
:10472400013B11740D2B0BD8DFE803F0110C070CBF
:104734000A161111160A0C070C115369023353613E
:1047440010BC70475369013B10BC536170475369F7
:10475400013310BC536170475369023B10BC536171
:10476400704700BFB8BC00201D4B5A69106891689F
:10477400006810B40842137C546814BF012100215E
:1047840003F00303D4F800C0D06843EA81031CEAB1
:10479400000F43F0080118BF0B469908013B117440
:1047A4000D2B0BD8DFE803F0110C070C0A161111BE
:1047B400160A0C070C1153690233536110BC70477D
:1047C4005369013B10BC536170475369013310BCFA
:1047D400536170475369023B10BC5361704700BF7B
:1047E400B8BC00201D4B1A6910689168006810B4A9
:1047F4000842137C546814BF0121002103F0030311
:10480400D4F800C0D06843EA81031CEA000F43F0E7
:10481400080118BF0B469908013B11740D2B0BD8E6
:10482400DFE803F0110C070C0A161111160A0C0725
:104834000C1153690233536110BC70475369013B37
:1048440010BC536170475369013310BC5361704706
:104854005369023B10BC5361704700BFB8BC0020D1
:104864001D4BDA6810689168006810B40842137C24
:10487400546814BF0121002103F00303D4F800C0DD
:10488400D06843EA81031CEA000F43F0080118BF13
:104894000B469908013B11740D2B0BD8DFE803F08C
:1048A400110C070C0A161111160A0C070C11536986
:1048B4000233536110BC70475369013B10BC536110
:1048C40070475369013310BC536170475369023B0D
:1048D40010BC5361704700BFB8BC00201D4B9A68E0
:1048E40010689168006810B40842137C546814BFBF
:1048F4000121002103F00303D4F800C0D06843EA87
:1049040081031CEA000F43F0080118BF0B46990805
:10491400013B11740D2B0BD8DFE803F0110C070CCD
:104924000A161111160A0C070C115369023353614C
:1049340010BC70475369013B10BC53617047536905
:10494400013310BC536170475369023B10BC53617F
:10495400704700BFB8BC00201D4B5A6810689168AE
:10496400006810B40842137C546814BF012100216C
:1049740003F00303D4F800C0D06843EA81031CEABF
:10498400000F43F0080118BF0B469908013B11744E
:104994000D2B0BD8DFE803F0110C070C0A161111CC
:1049A400160A0C070C1153690233536110BC70478B
:1049B4005369013B10BC536170475369013310BC08
:1049C400536170475369023B10BC5361704700BF89
:1049D400B8BC00201D4B1A6810689168006810B4B8
:1049E4000842137C546814BF0121002103F003031F
:1049F400D4F800C0D06843EA81031CEA000F43F0F6
:104A0400080118BF0B469908013B11740D2B0BD8F4
:104A1400DFE803F0110C070C0A161111160A0C0733
:104A24000C1153690233536110BC70475369013B45
:104A340010BC536170475369013310BC5361704714
:104A44005369023B10BC5361704700BFB8BC0020DF
:104A5400F8B58A4B01278A4E04461D783754002D39
:104A640077D1884B1A78002A40F0A580864B1F68BE
:104A7400002F33D0BB798BB3844BF87AD3F800E0A2
:104A840060B33B4610E0022941D0032908D1597B89
:104A9400A14200F0C38093F80EC0A44500F0BA8090
:104AA40001321A33824219D0197BD5B20129EAD1D5
:104AB400597BA142F4D11A2303FB0273DC7B012C42
:104AC40000F0C180022C00F09380FCB9704E337862
:104AD400002B34D01FF058FA347030E0231F192B08
:104AE4005FD9A4F11E03082B7CD9272C00F0B980D0
:104AF400A4F13A030B2B5AD9A4F12803DBB2BF2B40
:104B040004D8644A32F8130000284CD1F8BD597B0C
:104B1400A142C5D1604B53F8241043F824E0AEEB16
:104B2400010EBEF1310FD9D91A2303FB02731B8A7C
:104B34007345D3D3564C2378002B40F09980574BC0
:104B44000021574A284619701570BDE8F840FEF751
:104B540059B8544A002510701D7020F023F8524BA8
:104B64001B78002BD2D0514B1B78DA07CED5474B9C
:104B74004F4A1B6812689B1A0E2BC7D910214D4847
:104B84001FF094FF2B4621460A224B481DF012F9D0
:104B940039464A481FF08AFF4748BDE8F8401DF0EF
:104BA400E1B804F15D00BDE8F8401FF0D5BAA4F502
:104BB4008054A0B2F7E73B4A1D7010701FF0F2FF5B
:104BC400394B1B78002BA1D0384B1B78DB079DD5C4
:104BD4002E4B374A1B6812689B1A0E2B96D911214B
:104BE4003748CDE704F11300BDE8F8401FF0B4BA2C
:104BF40034498B5C83F001038B54002B9AD11FF052
:104C0400C3F9234C00232548254AFF212370037050
:104C14001170F8BD735C002B3FF460AF1A2303FBE3
:104C24000273997B715C00293FF458AFDC7B012C43
:104C340009D0022C7FF449AF22498B5C83F0010335
:104C44008B54002BDBD0124C237863B91448012217
:104C5400124B0021057028461A70BDE8F840FDF794
:104C6400D1BF30209FE71FF08FF900232370EDE7B9
:104C74001FF08AF90023237061E700BF11C70020E9
:104C840058BB00200BC7002058BC0020C0C5002022
:104C940028C70020B00B00209CA4002023C70020BC
:104CA400CA5900201AC700204BC700204AC7002059
:104CB400D8C600205C0D0020A052002090290020BE
:104CC400700D002064B90020014610B1114B18701A
:104CD400704710B5104C82B02278B2B1034603E09D
:104CE4000133082B0FD02278DA40D207F8D50B4ACB
:104CF400019132F8130000931FF086F9DDE90031C9
:104D04000133082BEFD100232370024B197002B03A
:104D140010BD00BF17C7002022C70020783E002026
:104D240010B5002304460E4A0321A38222602363A4
:104D34000C48C4E90133C4E90333C4E90633C4E9C4
:104D44000833C4E90A331AF027FB042106481AF091
:104D54003BFB012105481AF051FB204610BD00BF62
:104D6400B8410020E0620020E06100207CBC00200B
:104D74002DE9F047002406464FF0FF0A2030FB4D92
:104D84004FF4407834704FF4687774703562B470BF
:104D9400C6F86403F470C6F8800386F804A0B473FC
:104DA4007462B46286F805A016F034FF06F58060DC
:104DB400C6F8005406F58055C6F84407C6F86007DF
:104DC400C6F80444C6F8084416F024FFDFF8A49398
:104DD40006F5FC6006F61873C6F8E097C6F8680B8B
:104DE400A6F8588BC6F8183FC6F8E447C6F8E84753
:104DF400C6F8384BC6F83C4BC6F8404BC6F8444B93
:104E0400C6F8484BC6F84C4BC6F8504BC6F8544B42
:104E140086F85A4B86F81E4FA6F81C7F16F090F8B9
:104E240041F2586306F57260C6F8209FF318C6F87D
:104E3400244FC6F8284FC5F85836A5F8988285F847
:104E44009A42A5F85C7685F85E46C5F8A802C5E9DD
:104E54009E44C5E9A044C5E9A244C5E9A44416F0AA
:104E64006FF841F6985306F5B350C5F86446F31845
:104E7400C5F86846C5F86096C5F8B849C5F8BC4990
:104E8400C5F8C049C5F8C449C5F8C849C5F8CC49EE
:104E9400C5F8D049C5F8D449A5F8D88985F8DA49C0
:104EA400A5F89C7D85F89E4DC5F8983DC5F8E809A0
:104EB40016F046F842F2D84205F58053C5F8A44DE1
:104EC400C5F8A84DB218C5F8A09D06F5ED5006F535
:104ED4000055C3E93E44C3E94044C3E94244C3E93D
:104EE4004444A5F8188183F81A41C5F82801C3F889
:104EF400D824A3F8DC7483F8DE4416F021F842F2D7
:104F0400E04042F61843A5F858883018DFF8688264
:104F1400F318C5F8E094A5F81C7C08F15809C5F805
:104F2400183CC5F8E444C5F8E844C5F83848C5F861
:104F34003C48C5F84048C5F84448C5F84848C5F851
:104F44004C48C5F85048C5F8544885F85A4885F87F
:104F54001E4CC5F8680815F0F3FF42F6204085F8AA
:104F6400A24C3018C5F8244CC5F8284CC5F8304C70
:104F740085F8344CC5F8384CC5F83C4CC5F8208C41
:104F8400C5F8484CC5F84C4C85F87E4C85F8804CE7
:104F9400C5F88C4CC5F8904CC5F8944CC5F8984CA1
:104FA400C5F89C4CA5F8A04CA5F8A4ACC5F8B04C29
:104FB400C5F8B44CC5F8B84CC5F8BC4C85F8AF4C32
:104FC40085F8A34CC5F82C9C19F04CFEC5F8C08C90
:104FD400DFF8A88106F5335085F8424DC5F8CC9C1E
:104FE40008F14C09C5F8C44CC5F8C84CC5F8D04CF8
:104FF40085F8D44CC5F8D84CC5F8DC4CC5F8E84C59
:10500400C5F8EC4C85F81E4D85F8204DC5F82C4D9F
:10501400C5F8304DC5F8344DC5F8384DC5F83C4D8C
:10502400A5F8404D85F8434DA5F844AD85F84F4D9E
:10503400C5F8504DC5F8544DC5F8584DC5F85C4DEC
:1050440019F010FE42F6605085F8854D3018C5F809
:10505400644DC5F8684DC5F8704D85F8744DC5F8B4
:10506400784DC5F87C4DC5F8608DC5F8804D85F840
:10507400844D85F8864D85F8874DC5F8884DC5F86B
:105084008C4DC5F8904DC5F8944DC5F86C9D1AF03B
:10509400BFFB42F6985085F8BD4D3018C5F8988D81
:1050A400C5F89C4DC5F8A04DC5F8A84D85F8AC4D84
:1050B400C5F8B04DC5F8B44DC5F8A49DC5F8B84DB4
:1050C40085F8BC4D85F8BE4D85F8BF4DC5F8C04D7B
:1050D400C5F8C44DC5F8C84DC5F8CC4D1AF098FBB9
:1050E400234B2146C5F8E44D03F16C02C5F8E03DBD
:1050F4009833C5F8E84DC5F8F04D05F62860C5F8B5
:10510400F83D40F20113C5F8F44DA5F8183E01230B
:10511400C5F8FC4D85F8004EC5F8044EC5F8084E98
:1051240085F80C4EC5F8104EC5F8144EC5F81C4E43
:10513400A5F8204E85F8224EC5F8244EC5F8EC2D6E
:105144004FF4807285F81A3E23F086FA05F55E6303
:1051540000200021C3E95201C3E95401002140F2B7
:10516400FF30C3E95601C5F8404F09E094430020DD
:10517400FC410020F43F0020D042002030410020B8
:10518400C5F8444FC5F8484FC5F84C4F1DF0ECFA2C
:1051940085F8544FC5F8500F06F5405542F6E050D7
:1051A40085F875423018C5F8764217F01FFC43F2B3
:1051B40020303018FFF7B4FD85F894433046C6F824
:1051C4000640C6F80A40BDE8F08700BF00B583B0CA
:1051D400019014F04DFA0198064A00F50050064B70
:1051E400C0F8482CC0F8E82CC0F84C3CC0F8EC3CA3
:1051F40003B000BD590700001507000038B5044688
:105204000D4615F00FFA234B1B780BB1FDF726FB67
:1052140004F50053D3F8682DAAB3012204F54051D4
:1052240081F8942393F8852D4ABB93F8BD3D03F090
:10523400FF0003B938BD42F69850201890F8272093
:105244006FF07E012A70826A7F2AA8BF7F228A4279
:10525400B8BF0A466A80D0E90B237F2AA8BF7F2201
:105264007F2BA8BF7F238A42B8BF0A468B42B8BFB0
:105274000B46AA80AB711AF0D7FA012038BD42F66A
:1052840060502018DAE7D3F8A02D003A18BF0122A5
:10529400C4E700BF17C70020234A10B5087882B0BE
:1052A40013780C4683420DD0C0F300111070C0F384
:1052B400C003C0F340020091C0F3800100F001007C
:1052C4001FF058F8B4F90200B4F9041094F9062058
:1052D40088B901B37F28A8BF7F2011F17F0F40B2A6
:1052E40011DB7F29A8BF7F2149B2002302B0BDE8AA
:1052F40010401FF075B810F17F0FEBDA11F17F0F3A
:105304006FF07E00EDDA6FF07E01002302B0BDE89D
:1053140010401FF065B82AB17F290846A8BF7F2135
:1053240049B2E2E702B010BDCE59002000F540506A
:1053340090F89403704700BF2DE9F04F044689B0FC
:105344000D4615F06FF904F5005E9EF8223ECBB9C8
:1053540004F5405C9CF8340310B909B0BDE8F08F43
:105364000CF54E7403F0FF06AE460FCCAEE80F000A
:1053740094E807008EE807008CF83463012009B034
:10538400BDE8F08F42F6246342F64C6CDEF8241E2E
:105394002A46E318A44442F8021B53F8040F9C4520
:1053A40022F8020FF9D19EF80C3E033B012B0CD9D5
:1053B400B5F916309AB2092A28BFFF232B7642F694
:1053C400E050201817F068FED8E7B5F9043040F231
:1053D400FF3EB5F9080001F48079A3F500460023E7
:1053E400A0F50040B5F906209C46069301F4806AB6
:1053F40060F30F0C47F6FF70CDE90433821A66F3AD
:105404000F0362F31F43B5F90E20801A6A897245AF
:1054140060F31F4CC1F3C02028BF72464FEA8218C4
:10542400AA89724528BF72464E05C1F3002E4FEA81
:10543400821218D4BEF1000F1BD0EE468DF818006E
:10544400ADF80C80ADF80E20CDE9013C21F4706379
:10545400AC460093BEE80F00ACE80F009EE80700DE
:105464008CE80700ABE7BEF1000F02D008B10120C1
:10547400E3E701F400764F46B3462FB920B14E4519
:105484000CBF02200320D8E74FEA5B27BBF1000FD3
:1054940000D0C0B911F4406F00D1B7B94FEA9A20D7
:1054A40017B108B10520C8E7BBF1000F14BF0026EF
:1054B40000F0010616B1B9F1000F08D00EEA000E93
:1054C400CEF10800B9E70320B7E70420B5E70620CA
:1054D400B3E700BF00F50053D3F8F43D0BB101204E
:1054E400704700F5405090F83503704700F50050C0
:1054F400D0F8283C0BB101207047D0F8C80CC01A72
:1055040018BF0120704700BF00F5005393F87E0CCC
:1055140093F81E3D18437047012810B582B073D02C
:10552400821E012A35D9454C1FF03CFB23781BB160
:10553400434B1B78DA071DD464201DF0BFF81FF01D
:1055440031FB2378A3B13E4B1B78DB0710D53D4BD1
:105554003D4A1B6812689B1A0E2B09D90B213B4844
:105564001FF0A4FA3A4802B0BDE810401CF0FABBA0
:1055740002B010BD334B344A1B6812689B1A0E2BC1
:10558400DAD9252133481FF091FA31481CF0EAFB9F
:10559400D2E7314A012401903048314904705068FF
:1055A400304C00F00F0094600143244C51601EF015
:1055B40059FB1FF0F7FA2278002AB5D0204A127856
:1055C400D107B1D51F4A204912680968521A0E2A18
:1055D400AAD90E2124481FF069FA019B0321032B49
:1055E4000CBF224822481FF061FA212121481FF0F4
:1055F4005DFA17481CF0B6FB35211F481FF056FA18
:1056040013481CF0AFFB8FE70C4C1FF0CBFA237848
:10561400002B89D00A4B1B78D80785D5094B0A4A39
:105624001B6812689B1A0E2B7FF67EAF232113484A
:105634001FF03CFA06481CF095FB75E74BC70020A9
:105644004AC70020C0C50020D8C60020440E002050
:10565400A05200201C0E0020DCC600202AC7002017
:105664000020800002082080B00D0020840D00205E
:10567400880D0020C00D0020E40D00208C0D0020BA
:10568400DFED757A20EE270A60EEA70ABDEEC00AA8
:10569400FDEEE00A10EE103A10EE902A03F50073C6
:1056A4002DE9F04140F2FF3802F500746B4D0746D6
:1056B40043456B4E84B06A68A8BF4346444530787E
:1056C400A8BF444623EAE37324EAE47461B96FF3A0
:1056D4000D1242EA03126A6000285AD06FF397321F
:1056E40042EA84326A6033E022F07F4242EA036293
:1056F4006A60AA6822F0030242EA1323AB6000281E
:1057040056D06FF38B0343EA8403AB60DFED527A28
:105714006A6821EE271A6FF30D12BDEEC11A11EE5D
:10572400103A03F5007383F30A0342EA0312DFED30
:105734004A7A6FF3973261EEA71AFDEEE11A11EE81
:10574400903A03F5007383F30A0342EA83336B60F0
:1057540000244FF0010803E00134102C14D03078F9
:1057640047FA04F32A6808FA04F113F0010F22EA55
:10577400010318BF41EA02032B600028ECD1013475
:105784001EF070FA102CEAD104B0BDE8F0411EF00E
:1057940069BA1EF067FA6B6830786FF3973343EA9F
:1057A40084336B600028D3D11EF05CFA3078CFE7E5
:1057B400CDED021A8DED011ACDED037A1EF052FAE9
:1057C400AB6830786FF38B039DED011ADDED021A9F
:1057D40043EA8403AB60002898D11EF043FA9DEDA0
:1057E400011ADDED037A6B6821EE271A1D4A307821
:1057F4001A40DDED021ABDEEC11A11EE103A03F59E
:1058040000734345A8BF434623EAE37342EA031205
:105814006A6000288BD1CDED011ACDED027A1EF01D
:1058240021FADDED011ADDED027A6B6861EEA71A4B
:105834000D4A30781A40FDEEE11A11EE903A03F564
:1058440000734345A8BF434623EAE37342EA833324
:105854006B600028A8D07BE70080FF43DCC60020F3
:105864002AC700200FC0FFFFFF3F00FF0B46114671
:105874000022D3F800C003601846DCF81C30184737
:1058840070B50446006818B3002604F117050CE04F
:10589400A27E531C2244DBB2082BA376507403D996
:1058A400637E66830A2B14D0206803681B699847BB
:1058B40070B1206803685B699847E37EC0B2002B2F
:1058C400E6D1FE28F0D140F2011360746383EBE764
:1058D40070BD04F11103002213F8011FAB4282EAE8
:1058E4000102F9D1237E9342DED1E38AC82BDBD8AF
:1058F400B4F914202046B4F91210FDF74FF8D3E799
:105904000268002A31D0DFF864C070B5037A82B02F
:10591400DCF800408B4226461FD00D461168044631
:1059240010468A689047032815DDFD2220688DF80B
:1059340005508DF804200A228DF80720EA438DF8DB
:1059440006200268536804220DEB020198470122E5
:105954002572E660227402B070BD037C002BDCD09B
:10596400C368E31A312BF6D9D7E77047C0C50020C6
:1059740090F89430EBB1838D4FF6FF72934218D0B8
:1059840090F8952007EE103ADFED0B6A07EE902AA7
:10599400B8EE477A9FED090AF8EE677A67EE877AE0
:1059A40087EEA67AB4EEC07AF1EE10FA30FE070A5A
:1059B40070479FED030A70470000C8420000484347
:1059C40000000000034690F82400E0B1B7EE007A2E
:1059D400D3ED0C7A1A499A6AF4EEC77A0868801AE9
:1059E400F1EE10FA10DDF0EE086AB3EE0E7A67EE0F
:1059F400A67AF4EEC77AF1EE10FA16D51E23984271
:105A04002CBF0020012070470023DFED0E7A002B0D
:105A14009FED0D7A47FE877AFCEEE77A17EE903A0F
:105A240098422CBF0020012070479FED077AF4EEC6
:105A3400C77AF1EE10FACCBF01230023E7E700BFD9
:105A4400C0C5002000001643000048434FF6FF7213
:105A5400B0F85030934204D007EE903AB8EE670A9B
:105A6400704790ED130ADFED027A20EE270A7047A3
:105A740000007A44B5EEC00AF1EE10FA3DD9838DE8
:105A84004FF6FF72934239D0204907EE903A826A6A
:105A9400B2EE047A0B68F8EE676A9B1A07EE903A46
:105AA400F8EE677A77EEA67AF4EEC77AF1EE10FA9A
:105AB40028D49FED177AF4EEC77AF1EE10FACCBF32
:105AC400012300239FED127A002B47FE877A80EE94
:105AD400276AD0ED286A90ED297AF7EE007AB4EEC1
:105AE400E76AF1EE10FA77FE867AE6EEE76AA7EE49
:105AF400677AC0ED286A80ED297A70470023DFEDCC
:105B0400057ADFE7F0EE477AE1E700BFC0C5002081
:105B14000000C84300007042B5EEC00A002370B50F
:105B2400F1EE10FA86B00B80138019D9F3EE045A03
:105B340090ED126AB7EE007AD0ED137AC6EE006AE1
:105B44000023836480EE256A76EEE76AB4EEC76AC2
:105B5400F1EE10FA37FE067AE7EE267AC0ED137AF4
:105B6400CDE90012FFF786FF0379002B3DD00368CF
:105B7400002B3AD090F82430DDE90012ABB390F852
:105B84007930012B2ED0022B03D0032B03D1837940
:105B94000BB9C3794BB3F7EE006ADFF86CC290ED32
:105BA4000C7ADCF80030B4EEE67A846A1B1BF1EE62
:105BB40010FA07EE903AF8EE677A21DDB4EEE77A50
:105BC400F1EE10FA43DAF0EE086AB3EE0E6A67EE0D
:105BD400266AF4EEC66AF1EE10FA40F1DB82F0EECA
:105BE400466A20E08379002BD5D10023C0F8A43085
:105BF400C0F8A030436403648363436306B070BD9C
:105C04009FED7C7AF4EEC77AF1EE10FA1FD90023E7
:105C1400DFED796A9FED796A002B46FE866AFCEE19
:105C2400E66AF8EE666AF4EEE67AF1EE10FADCDA89
:105C340076EEC76A77EEC77AB7EE006A87EEA67A81
:105C440076EE476AF5EEC06AF1EE10FACDD990F817
:105C540078E0BEF1050F00F0FC81B0F88A30D0ED99
:105C6400077A5BB107EE103AB0EEE76ABBEEEF7A63
:105C7400B4EEC76AF1EE10FA00F3E381B0F88C30A9
:105C840090ED087A5BB106EE103AF0EEC75ABBEE1F
:105C9400EF6AF4EEC65AF1EE10FA00F3D281B0F8CE
:105CA400863093B106EE103AF0EEE75AB8EE466A43
:105CB400F4EEC65AF1EE10FA07D5F0EEC75AB4EE78
:105CC400E56AF1EE10FA00F3BC8190F89430002BF1
:105CD40000F0A28090F89530002B00F09D8090F8A1
:105CE4005240012C40F29880B7EE006AF4EEC66A86
:105CF400F1EE10FAC0F29080B6EE004A06EE103AC9
:105D040090ED1B5A838DB8EE466A25EE045ADFEDFA
:105D14003F3A04EE103ADFED395AD0ED194AB8EEA5
:105D2400444A24EE066A86EE234AB4EEE54AF1EECE
:105D340010FA35FE846A65EE065A66EE244A65EE6C
:105D4400865AB0EEE45AF4EEC55AF1EE10FA07DCC6
:105D5400B1EE455AB4EEE55AF1EE10FA35FE255A85
:105D640074EE855A9FED265AF4EEC55AF1EE10FAF8
:105D740000F3C2829FED235AB4EEE55AF1EE10FA15
:105D840075FE254AB6EE004AD0ED1C5A90ED1A5A1B
:105D940077EEA47A65EE845A26EE055A65EE865AA5
:105DA400F0EEC54A25EE866AB4EEE46AF1EE10FA26
:105DB40007DCF1EE644AF4EEC64AF1EE10FA74FE22
:105DC400864A35EE246ADFED0E5AB4EEE56AF1EE4A
:105DD40010FA07DCDFED0B5AF4EEC65AF1EE10FAB6
:105DE40075FE865A37EE257A67EE074AE7EEA74A2C
:105DF40016E000BF0000484200001643000048437C
:105E04000000FE420000FEC2C0C500200000C842DF
:105E14000000000000007A4467EE074AE7EEA74A54
:105E240090F89A301E468BB190F89B305FED093A9A
:105E340006EE103A90ED284A90ED295AB8EE466ADB
:105E4400C6EE235AE4EE657AA5EE657A90F89030B2
:105E54001FED125A05EE903AB0F89230F8EE655AFA
:105E640085EE856AE3B1B0F850404FF6FF75AC4259
:105E740000F0E68105EE904AB8EE654A05EE903AE8
:105E8400B7EE005AF8EE655AC4EE253AF4EEC53A78
:105E9400F1EE10FA75FE233A35EE635A26EE056AE2
:105EA400B5EEC06AF1EE10FA40F2CB80B0F87A3069
:105EB400002B40F07981F7EE005ABEF1020F00F09A
:105EC400A081BEF1010F00F0E68190F87C305FED17
:105ED400313A04EE103AB8EE444A84EE235A67EE9F
:105EE400857A27EE057A67EEA67A27EE267A67EE9C
:105EF400807A27EE007A87EEA55AC7EE256AB0F8B5
:105F040096301FED3C4A07EE103AB0F8983090F8FE
:105F14009CC065EE065A66EE866A06EE103AB8EE46
:105F2400477AB0F88830B8EE466AC7EE047A86EE4F
:105F3400047A67EEA57A27EE267ABCF1000F3BD0EF
:105F4400B0F89EC0BCF1000F36D0F1EEE45A002B3D
:105F540000F0CF8106EE903AB8EEE65A06EE90CA0B
:105F6400B7EE000AF8EE666A85EEA66AB4EEC06A79
:105F7400F1EE10FA30FE060AB5EE400AF1EE10FA20
:105F840000F1BD8167EE076AB1EEC06AE7EEA76A69
:105F9400F1EEE65A66EE056AF4EEE65AF1EE10FA10
:105FA4000ADDF5EEC05AF1EE10FA05DD86EEA56ABB
:105FB40067EE867A27EE067A002B40F003815EB105
:105FC40090ED286AD0ED296A36EE276A76EE876A64
:105FD40080ED286AC0ED296A90ED0E6AD0ED0D6A55
:105FE40037EE067A77EEA67AF8FE476AFDEEE66AA1
:105FF400B8FE676ABDEEC66A16EE903A16EE104A0F
:106004001BB20C80138006EE903AB1F900C0F8EE92
:10601400E66A06EE10CABCF17F0FB8EEC66A37EE28
:10602400667A77EEC67A80ED0E7AC0ED0D7A00F3CB
:10603400A880B1F900306FF07E008342B8BF0346F8
:10604400A0E00023C0F8A430C0F8A0308363436309
:10605400D4E590F890301FED937A07EE903AB0F8BB
:106064009230F8EE677A87EE874AE3B1B0F850C011
:106074004FF6FF7EF44500F0078107EE90CAF8EE74
:10608400676A07EE903AB7EE007AF8EE677A86EE22
:10609400A76AB4EEC76AF1EE10FA37FE066A37EE65
:1060A400467A24EE074A5FEDA67AB4EEE74AF1EEAB
:1060B40010FA7ED9B0F88830D0ED116A90ED107ADC
:1060C400002B00F0C48026EEA65A06EE103AB8EE75
:1060D400466AA7EE075AF1EEC55AB4EEE56AF1EE48
:1060E40010FA05DAF5EE405AF1EE10FA40F0BD80F0
:1060F400B0EE673AB0F8983027EE046A5FEDBB3A29
:1061040066EE845A04EE903AB0F89630C0ED107AF8
:1061140005EE103AF8EE644AD0ED0E6AB8EE455A30
:1061240090ED0D7A84EEA34A80ED113AC5EE237A00
:10613400E5EE846AA6EE277AF8FE667AFDEEE77A43
:1061440017EE903AB8FE476ABDEEC66A1BB216EE69
:10615400104A07EE903A0C80F8EEE77A1380B1F912
:1061640000C076EEE76A06EE10CABCF17F0FB8EE07
:10617400C66AC0ED0E6A37EE467A80ED0D7A7FF777
:1061840058AF7F230B80B2F900307F2B31DD7F23A2
:10619400138033E59FED656AF4EEC66AF1EE10FAFA
:1061A400CCBF0123002335E505EE903AF8EEE55A1D
:1061B40083E6C0ED117AC0ED107AC0ED0E7AC0ED21
:1061C4000D7A1BE527EE076A06EE903AF8EE666A4A
:1061D400A7EEA76AF1EEC65AF4EEE65AF1EE10FA0B
:1061E4007FF7EDAE86EEA56A67EE867A27EE067A2D
:1061F400E5E613807F33BFF601AD4FF6817313805C
:10620400FCE4DCF800C0C36BB0F882E0ACEB030341
:106214007345FFF4F3AC90F884309FED454A05EEE6
:10622400103AC0F83CC0B8EE455AC5EE045A27EE01
:10623400A55A67EE255A25EE265A65EEA66A5EE64D
:1062440090ED134ADFED3B5A24EE254A16E626EE7E
:10625400A65A9FED396AA7EE075AF1EEC55AF4EE35
:10626400C65AF1EE10FA7FF643AFC6EE257A27EE52
:10627400A66A67EE875A36EEC63A77EE657AF0EE8E
:10628400466AB0EE657A35E7D0ED136ADFED297A18
:1062940066EEA76AF5E627EE075AB0F88030A7EE57
:1062A400A75AF1EEC52A2BB105EE103AB8EEC55A3D
:1062B400C2EE852A90F87D309FED1D2A03EE903AB8
:1062C40090F87E3003EE103AF8EE633AB7EE004AE7
:1062D400B8EE433A83EE825AC3EE023AF4EEC42A8D
:1062E400F1EE10FA34FE224A73EEC53AA4EE235AB4
:1062F400F5E59FED115A31E6F0EE454A42E5CDE968
:106304000412CDE902308DED017ACDED007A1FF053
:106314004BF9DDED007A9DED017ADDE90230DDE92E
:106324000412002B3FF44BAE4CE700BF000048437F
:106334000000C84200007A440000FE42017191B995
:10634400002380F8241080F8521083634363C0F85C
:10635400A430C0F8A0300362C3610366C365036759
:10636400C366836643667047322164224FF0560C3D
:1063740000234170452180F800C04FF0430C0273A4
:10638400C170282102774FF4485280F802C001728C
:1063940045F26401DFF848C0A0F81F207822437258
:1063A400C0F81230C0F816304383C0F804C04377F5
:1063B400DFF830C0837741814FF4C84180F827303B
:1063C40080F8282080F829301423044AC0F821C01A
:1063D400A0F82510C0F80D204374704764000A002B
:1063E40007000400E803E8038B795A1E012A00B56C
:1063F40003D91A1F012A88BF042380F87830CB7987
:10640400042B28BF002380F879300B89092B40F234
:10641400C880B3F57A7FA8BF4FF47A73A0F87A30B6
:1064240047F230528B7A4FF0000C642B28BF642360
:10643400012B38BF012380F87C30CB7A642B28BF32
:106444006423012B38BF012380F87D300B7B642B40
:1064540028BF6423012B38BF012380F87E30B1F8B4
:106464000D30002B08BF6423A0F8803091F810E0B1
:10647400CB7B43EA0E23B3F5FA7F28BF4FF4FA73BC
:10648400012B38BF0123A0F882304B7C642B28BF3A
:106494006423012B38BF012380F884304B8AA0F891
:1064A40086308B8AA0F88830CB8AA0F88A300B8B90
:1064B400A0F88C308B7E003B18BF012380F88E300F
:1064C400CB7E003B18BF012380F88F300B7F642BF9
:1064D40028BF642380F890304B7F91F81EE043EA94
:1064E4000E23934228BF1346A0F89230CB7F003B83
:1064F40018BF012380F8943091F82030642B28BF12
:10650400642380F8953091F8222091F8213043EAF1
:106514000223B3F5FA6F28BF4FF4FA63642B38BF34
:106524006423A0F8963091F8242091F8233043EAAC
:106534000223B3F5FA6F28BF4FF4FA63642B38BF14
:106544006423A0F8983091F82530003B18BF01234C
:1065540080F89A3091F82630642B28BF642380F8A1
:106564009B3091F82730003B18BF012380F89C3002
:1065740091F8283091F82920C0F844C043EA022356
:10658400C0F840C0C0F8A4C0B3F5FA6FC0F8A0C00A
:1065940028BF4FF4FA63012B38BF0123A0F89E30C3
:1065A40000BD0A233AE700BF562232234FF0430CC2
:1065B4000A704FF007024B7045238A8081F802C0AD
:1065C400CB7090F878308B7190F87930CB71B0F84B
:1065D4007A300B8190F87C308B7290F87D30CB72DE
:1065E40090F87E300B73B0F88030A1F80D30B0F81D
:1065F4008230A1F80F3090F884304B74B0F88620C4
:1066040090F88E304A82B0F888208A82B0F88A20C6
:10661400CA82B0F88C200A838B7690F88F30CB76C0
:1066240090F890300B77B0F8922090F89430A1F85D
:106634001D20CB7790F8953081F82030B0F8963053
:1066440090F89A20A1F82130B0F8983081F82520EC
:10665400A1F8233090F89B3081F8263090F89C30D4
:1066640081F82730B0F89E300B85704708B50B468B
:10667400362800F2B782DFE810F0AB02A1029702DD
:106684008D02830279026F0265025B0251024702A6
:106694003D023302D201C801BE01B401AA01A00126
:1066A40096018C01820178016E0164015A01500146
:1066B40046013C01320128011E0114010A010001B6
:1066C400F600EC00E200D800CE00C400BA00B0002E
:1066D400A6009C00920088007E0074006A0060009E
:1066E40056004C0042003700DFF8F0C30422D149C1
:1066F4003620CCF8D8301CF0F7FA012008BDDFF8BA
:10670400DCC30422CC493520CCF8D4301CF0ECFA9C
:10671400F3E7DFF8C8C30422C8493420CCF8D030EA
:106724001CF0E2FAE9E7DFF8B4C30422C4493320D9
:10673400CCF8CC301CF0D8FADFE7DFF8A0C3042291
:10674400C0493220CCF8C8301CF0CEFAD5E7DFF8C7
:106754008CC30422BC493120CCF8C4301CF0C4FAE8
:10676400CBE7DFF878C30422B8493020CCF8C03036
:106774001CF0BAFAC1E7DFF864C30422B4492F203D
:10678400CCF8BC301CF0B0FAB7E7DFF850C30422F1
:10679400B0492E20CCF8B8301CF0A6FAADE7DFF8EB
:1067A4003CC30422AC492D20CCF8B4301CF09CFA34
:1067B400A3E7DFF828C30422A8492C20CCF8B03082
:1067C4001CF092FA99E7DFF814C30422A4492B20A1
:1067D400CCF8AC301CF088FA8FE7DFF800C3042251
:1067E400A0492A20CCF8A8301CF07EFA85E7DFF80F
:1067F400ECC204229C492920CCF8A4301CF074FA81
:106804007BE7DFF8D8C2042298492820CCF8A030CE
:106814001CF06AFA71E7DFF8C4C204229449272005
:10682400CCF89C301CF060FA67E7DFF8B0C20422B1
:1068340090492620CCF898301CF056FA5DE7DFF832
:106844009CC204228C492520CCF894301CF04CFACC
:1068540053E7DFF888C2042288492420CCF890301A
:106864001CF042FA49E7DFF874C204228449232069
:10687400CCF88C301CF038FA3FE7DFF860C2042211
:1068840080492220CCF888301CF02EFA35E7DFF856
:106894004CC204227C492120CCF884301CF024FA18
:1068A4002BE7DFF838C2042278492020CCF8803066
:1068B4001CF01AFA21E7DFF824C2042274491F20CD
:1068C400CCF87C301CF010FA17E7DFF810C2042271
:1068D40070491E20CCF878301CF006FA0DE7DFF87A
:1068E400FCC104226C491D20CCF874301CF0FCF966
:1068F40003E7DFF8E8C1042268491C20CCF87030B3
:106904001CF0F2F9F9E6DFF8D4C1042264491B2033
:10691400CCF86C301CF0E8F9EFE6DFF8C0C10422D3
:1069240060491A20CCF868301CF0DEF9E5E6DFF89F
:10693400ACC104225C491920CCF864301CF0D4F9B1
:10694400DBE6DFF898C1042258491820CCF86030FF
:106954001CF0CAF9D1E6DFF884C104225449172097
:10696400CCF85C301CF0C0F9C7E6DFF870C1042233
:1069740050491620CCF858301CF0B6F9BDE6DFF8C3
:106984005CC104224C491520CCF854301CF0ACF9FD
:10699400B3E6DFF848C1042248491420CCF850304B
:1069A4001CF0A2F9A9E6DFF834C1042244491320FB
:1069B400CCF84C301CF098F99FE6DFF820C1042293
:1069C40040491220CCF848301CF08EF995E6DFF8E7
:1069D4000CC104223C491120CCF844301CF084F949
:1069E4008BE6DFF8F8C0042238491020CCF8403098
:1069F4001CF07AF981E6DFF8E4C0042234490F2060
:106A0400CCF83C301CF070F977E6DFF8D0C00422F3
:106A140030490E20CCF838301CF066F96DE6DFF80A
:106A2400BCC004222C490D20CCF834301CF05CF995
:106A340063E600BFAD0D0000290E0000A50E0000A6
:106A4400210F00009D0F0000191000009510000098
:106A5400111100008D1100000912000085120000C0
:106A6400011300007D130000F913000075140000E9
:106A7400F11400006D150000E91500006516000012
:106A8400E11600005D170000D9170000551800003A
:106A9400D11800004D190000C9190000451A000062
:106AA400C11A00003D1B0000B91B0000351C00008A
:106AB400B11C00002D1D0000A91D0000251E0000B2
:106AC400A11E00001D1F0000991F000015200000DA
:106AD400912000000D21000089210000B8BC002095
:106AE400DFF838C1042240490C20CCF830301CF0C7
:106AF400FBF802E6DFF824C104223C490B20CCF861
:106B04002C301CF0F1F8F8E5DFF810C10422384904
:106B14000A20CCF828301CF0E7F8EEE5DFF8FCC0DA
:106B2400042234490920CCF824301CF0DDF8E4E5D3
:106B3400DFF8E8C0042230490820CCF820301CF0EB
:106B4400D3F8DAE5DFF8D4C004222C490720CCF8C6
:106B54001C301CF0C9F8D0E5DFF8C0C00422284975
:106B64000620CCF818301CF0BFF8C6E5DFF8ACC03E
:106B7400042224490520CCF814301CF0B5F8BCE5F7
:106B84000422DFF898C020491046CCF810301CF0DD
:106B9400ABF8B2E5DFF884C004221C490320CCF82A
:106BA4000C301CF0A1F8A8E5DFF870C004221849E5
:106BB4000220CCF808301CF097F89EE5DFF85CC0A2
:106BC400042214490120CCF804301CF08DF894E51B
:106BD400DFF848C0042210490020CCF800301CF033
:106BE40083F88AE5002008BD052200008122000008
:106BF400FD22000079230000F52300007124000029
:106C0400ED24000069250000E52500006126000050
:106C1400DD26000059270000D5270000B8BC00205D
:106C24002DE9F0410E4615460446022130461BF07C
:106C3400F9FD022128461BF0F5FD234B32012349BF
:106C440053F8028003EB0612D76803EB0512C4F86D
:106C54000080A760D2F80CC02A0153F802E0002398
:106C64001B4A6361C4F80CC01A4B48681268C4F824
:106C740004E0A3FB02324FF4FA63920C03FB02F22A
:106C84004B681B1A9A42FBD8D8F800302146DEF82C
:106C9400002030461F4214BF012300231CEA020FC8
:106CA40043F0020218BF13462374FFF7DFFC0346C8
:106CB400214628462376FFF7D9FC227E83182046F6
:106CC4002376BDE8F08100BF7C460020001000E080
:106CD400AC51002083DE1B43022110B50446084654
:106CE4001BF0A0FD022105201BF09CFD02201BF0DF
:106CF40087FD0346052084F820301BF081FD002326
:106D040084F821006362E362A3861DF04BFF0C4B01
:106D14001B789BB10B4B1B78DB070FD50A4B0B4A37
:106D24001B6812689B1A0E2B08D9272108481DF0EE
:106D3400BDFE0848BDE810401BF014B810BD00BFEC
:106D44004BC700204AC70020C0C50020D8C6002079
:106D5400500E0020A0520020A94AAA4930B5137E43
:106D640083B004460D68012B40F2B48072B65369B7
:106D740062B6002B1846B8BFD81C80101AD072B661
:106D8400D3F1000C03F003010CF0030C58BFCCF159
:106D94000001516162B6226862B1B3F5007F06DA80
:106DA40013F5007F40F32081404240B201E06FF0D0
:106DB4007E009047944A137E012B51D972B65369D1
:106DC40062B6002B1846B8BFD81C80101AD072B611
:106DD400D3F1000C03F003010CF0030C58BFCCF109
:106DE4000001516162B6626862B1B3F5007F06DAF0
:106DF40013F5007F40F3FA80404240B201E06FF0A7
:106E04007E00904702201BF0FBFC94F82030834264
:106E140003D0636AEB1A312B18D805201BF0F0FC61
:106E240094F8213083420FD0E36AEB1A312B0BD94B
:106E3400E562002840F0A48001232563E56184F81D
:106E44003530237684F8210003B030BD6562002814
:106E54007CD10123A56284F8343084F82000DCE777
:106E640072B6D2E900130968186893681942137C52
:106E740014BF0121002103F0030343EA8103D16815
:106E8400084243F0080118BF0B469808591E53697D
:106E940010740D2994D801A050F821F0CB4D0000B6
:106EA400C54D0000D74D0000C54D0000C14B00008A
:106EB400D14D0000CB4D0000CB4D0000D14D000062
:106EC400C14B0000C54D0000D74D0000C54D00006A
:106ED400CB4D000072B6D2E90013096818689368B4
:106EE4001942137C14BF0121002103F0030343EA78
:106EF4008103D168084243F0080118BF0B46980883
:106F0400591E536910740D293FF632AF01A050F891
:106F140021F000BFBF4D0000B94D0000E34D00005B
:106F2400B94D0000714B0000DD4D0000BF4D000065
:106F3400BF4D0000DD4D0000714B0000B94D000055
:106F4400E34D0000B94D0000BF4D000094F834300B
:106F5400002B82D00022A36A84F83420EB1A40F27A
:106F6400DB52934244D8294B1B78002B7FF475AF36
:106F7400A368002B3FF471AF0190984701986CE728
:106F8400002394F835202376002A3FF45BAF1F4A90
:106F940084F835301378002B7FF454AF226B40F221
:106FA400DB53AD1A9D4227D96369002B3FF44AAFE6
:106FB40001909847019845E7013B5361D8E60133B6
:106FC4005361D5E6013B5361FAE601335361F7E6B9
:106FD400023B5361F4E602335361F1E6023B536131
:106FE400C6E602335361C3E67F20E2E67F2008E76A
:106FF400E368002BC0D130E72369002BD8D121E707
:10700400F4BA0020C0C5002010BB0020D3590020D2
:1070140010B501210A201BF005FC01210A201BF0F8
:10702400CDFB012125201BF0FDFB012125201BF0B8
:10703400C5FB012107201BF0F5FB012107201BF0F4
:10704400BDFB00234FF48C72F02120481AF060FC41
:1070540001211E481AF0F2FB00211C4818F0B0FF71
:107064001A4800224FF0FF3304460321C2764361DD
:1070740019F0AEFC164B03221649204623611AF080
:1070840013FE0221204619F0A3FC134B0D221349D1
:10709400204623611AF008FE1DF084FD104B1B7876
:1070A4009BB1104B1B78DB070FD50F4B0F4A1B68A6
:1070B40012689B1A0E2B08D916210D481DF0F6FCF8
:1070C4000C48BDE810401AF04DBE10BDC8C50020E4
:1070D4003C005A00780E00203C007D007C0E00200D
:1070E4004BC700204AC70020C0C50020D8C60020D6
:1070F4008C0E0020A052002010B5012122201BF08C
:1071040091FB012122201BF059FB00234FF48C72C8
:10711400F02120481AF0FCFB01211E481AF08EFBD6
:1071240000211C4818F04CFF1A4800226FF0F82385
:1071340004460321C276436119F04AFC164B03222C
:107144001649204623611AF0AFFD0221204619F0AA
:107154003FFC134B0B221349204623611AF0A4FD74
:107164001DF020FD104B1B789BB1104B1B78DB07E7
:107174000FD50F4B0F4A1B6812689B1A0E2B08D9A8
:1071840016210D481DF092FC0C48BDE810401AF081
:10719400E9BD10BD4CC600203C005A00780E00200A
:1071A40054007D00A40E00204BC700204AC70020D5
:1071B400C0C50020D8C60020B00E0020A052002078
:1071C400034608461146062B14D90D2B0AD90E3B4B
:1071D40000B583B0062B43D8DFE803F04038362BE4
:1071E4001F1B1300DFF8BCC0073B204A3CF91330D7
:1071F40021F0BCB8DFF8B0C01C4A3CF9133021F0D0
:10720400B5B81B4B1B4A1B6803B05DF804EB21F0B7
:10721400ADB8194B194A1B78F6E7194B93ED007A70
:10722400184AB7EEC77A8DED007B21F09FF803B0C2
:1072340000BD154B154A93ED007AB7EEC77A8DED74
:10724400007B21F093F8F2E7114BE7E7114B124A68
:107254001B8803B05DF804EB21F088B80F4BF6E708
:107264000F4A03B05DF804EB21F080B8C80E00208B
:107274009C560020FC0E0020D2590020F40E002061
:107284008C560020DC0E0020B4C40020E80E002040
:107294009456002000C70020D40E0020FEC6002013
:1072A400581E0020C8C40020B8C40020374A43B286
:1072B400C1EB01112DE9F041064692F900004C00A2
:1072C40086B0984204F1180254D0314BB3F900301F
:1072D4009E4207D0062E51D90D2E53D84FF6A04109
:1072E400002302E000214FF6FF730027294D01938C
:1072F4001E2361F30F07284600934FF48C7361F348
:107304001F47002119F042FE022128466F6119F03F
:107314005FFB214B042204F11F0853F826702A82D4
:10732400A5F812803FB1384621F02AFD39460246BD
:1073340028461AF0B9FC02A930460E22FFF740FF96
:10734400982302A8A5F812802B8221F019FD42F29D
:107354000415024602A90F481AF0A6FC4FF48C73D8
:1073640004F1350200210B48009519F093FD06B095
:10737400BDE8F08100214FF4FC63B6E740F25F41C1
:107384000023B2E74FF6FF710023AEE7D059002087
:10739400FCC60020C8C50020EC3800202DE9F04FC1
:1073A4002DED048B8FB0002800F0158240F25F426F
:1073B400924BDFF894820292B3F800A0904A0492B0
:1073C400029B0026002063F30F0663F31F46049B11
:1073D4009F1E03F10C04394631F9023F5A4212B29E
:1073E40033EA230328BF13469842B8BF18468C4299
:1073F400F2D1642840F38082C82840F3F781B0F5C5
:10740400967F40F392829FED7F8A4FF0FA0B4FF400
:10741400FA797D4C00211625204618F0D1FD002272
:107424000F2320461146CDE900534FF48C7319F015
:10743400ADFD0221204619F0CBFA744B41460722D8
:107444002046666123611AF02FFC714B012120460E
:107454004FF0CC08636119F0BBFA6E4A4B46142115
:1074640009A8126841F6C30600926B4A20F07EFF19
:1074740009A821F085FC082140F215130246618217
:1074840000EB40012046A3EB410309A923821AF033
:107494000BFC40F641032A461C212046CDE900831B
:1074A400FA2319F073FD44F208237C221C212046A0
:1074B4000093FA2319F0EEFCFA2349221C212046FA
:1074C400009619F0E7FCFA23AF221C21204600960F
:1074D40019F0E0FC42F204132A461C2100932046D2
:1074E400FA2319F0D7FCBAF1000F04D0494A126804
:1074F400524500F208820121434819F069FA474BCA
:10750400474A0721636107A84B46002520F02EFF58
:107514004FF4B01307A89FED439A236121F030FC88
:1075240007A9024638484FF001081AF0BDFB5B4634
:107534003B4A072107A8DFED3C9A20F017FF4FF4E0
:107544008A0307A8DFED398A236121F019FC07A912
:1075540002462D482E461AF0A7FB354B0222354928
:10756400294823611AF0A0FB5B46334A072107A888
:1075740020F0FCFE4FF42B0307A84FF01C0B2361F3
:1075840021F0FEFB07A902461F481AF08DFB4B466B
:10759400294A072107A84FF07C0920F0E7FE4FF4A1
:1075A4005A0307A8236121F0EBFB07A902461648FA
:1075B4001AF07AFB214B01222149134823611AF066
:1075C40073FB144B14211F4A09A81B6820F0CEFE3C
:1075D40009A821F0D5FBE423024609A9638200EB44
:1075E400400309485B00C3F58B7323821AF05CFBEC
:1075F400054819F0B5FB05973FE000BFFEC6002023
:10760400B8C400200000FA434CC60020090003005F
:1076140018C618C69C560020140F0020108410842D
:10762400240F0020000000000000CC420000F842BB
:1076340004007800280F00202C0F00201C00E40018
:10764400300F0020340F0020040F0020E12C05F13E
:107654001C03A8BFE1241BB227B2B8F1000F00F04D
:10766400958002354FF0000846F10006A5F1FC02B2
:10767400324300F0D780B9469B46AF4BFA221C68D0
:107684000023A4FB05011EF001FE5045C0F0B580A7
:10769400844240F2B280A0EB0A00A4EB0A04B1EEEB
:1076A400086A049907EE900AB8EE677A07EE904AE2
:1076B400F8EE677AC7EE276A66EE867ABDEEE77A59
:1076C40017EE102A052A1346A8BF052331F9130023
:1076D40007EE103A01EB4303B8EEC77A05EE100A41
:1076E400B3F90210B8EEC55A04EE901A77EEC77AD1
:1076F400F8EEE44A002A40F0838074EEC53AB3F908
:107704000430B6EE007A05EE903AF8EEE55A75EEDE
:10771400C55A65EE875A67EEA76AB0EE086AF0EEBE
:10772400002A27EEA64A26EE866AB7EE002AB0EEB5
:10773400447AB0EE463AA4EE626AA6EEE27A94EE99
:10774400223A74EE666A37EE277A73EE027A27EEEF
:10775400237AA5EE277AA4EE867AA6EEA57A27EEFA
:10776400297AC7EE087A78EEE77AFDEEE77A17EE23
:10777400903A1CB2152C3FF769AF162705F11C038C
:107784003C461BB2B8F1000F7FF46BAF029909F1CC
:10779400FF326A480191611E12B2039309B20134A7
:1077A4000091594618F00CFB4A46644824B2DDE9BE
:1077B4000213CDE90071594618F002FB029809F151
:1077C4000102039B594612B2CDE900405B4818F010
:1077D400F7FA039B45E74FF6A042594BDFF8808147
:1077E4000292584AB3F800A00492E9E59FED568A44
:1077F4004FF0640B4FF0C8090BE6B0EE497AB0E7DE
:1078040033F9021CB6EE007A042A03EE901AF8EE5D
:10781400E33A74EEE33A63EE873A7FF770AF74EEBF
:10782400C55A78E745484446059F19F057F99FED36
:10783400479ADFED478A474D4CE0191841F10001A2
:10784400A5FB016C2CF0010606EB5C06891B5B1A98
:10785400A3FB053660F10001580805FB016340EA0B
:10786400C3705044FA210023A0FB01011EF00EFD59
:107874001C2140F21512084403B280B21B2B03DD15
:107884009042A8BF104601B237F9023F4FF6FF728B
:107894002A4807EE103A00920423B8EEC77A27EE7E
:1078A400097AC7EE087A78EEE77AFDEEE77A17EE02
:1078B400902A12B2E12AA8BFE122162AB8BF1622E2
:1078C40018F098FD18F1010844F10004A8F1070329
:1078D40023430CD0184B1A68A2EB0A035245A3FBAE
:1078E4000830AAD80AB91C21CEE75046BAE70FB02F
:1078F400BDEC048BBDE8F08F9FED178A4FF0320B7F
:107904004FF0640985E5FA200023AAFB00011EF06C
:10791400BDFC00F11C0147F6EF3043462A4609B28C
:107924000090204619F03CFAE5E59FED0C8A4FF0F3
:10793400960B4FF496796CE59C5600204CC60020BB
:1079440000C70020C8C40020000048430000CC4207
:107954000000F842ABAAAAAA0000C842000096435D
:107964000C0F00202DE9F04F844C8FB000214FF014
:107974000F0820464FF0FF3518F022FB0022162195
:107984004FF48C73204607AE05AF4FF01B09CDE9C9
:107994000018114619F0FAFA0221204619F018F8D5
:1079A400774B072277492046C4E904351AF07CF95D
:1079B400754B01212046636119F00AF8734B1022BC
:1079C4007349204623611AF06FF9724B724AADF87D
:1079D40018500025059293E8070086E80700012166
:1079E400204618F0F5FF5C23162229B22046CDE983
:1079F400009819F0CBFA37F8021B0023AA1C4FF0A9
:107A04001F0C56F804AB61F30F0322825046A4F80E
:107A140012C061F31F436361BAF1000F06D021F075
:107A2400AFF95146024620461AF03EF95D3540F260
:107A34001713ADB29D42D6D1584B0026DFF874B16E
:107A44004FF01B09DFF870A1039306EB460516F00F
:107A5400010F40F641084FF05C0305EBC50518BF64
:107A64004FF000080021454805F13107CDF800909A
:107A7400CDF804803A353FB23A4619F087FA484BBC
:107A8400484A4FF6FF711B78107840F25F42C3EB0F
:107A9400C30365823344DBB2834208BF0A46002332
:107AA4000E210AA862F30F0362F31F433E4A636187
:107AB4003BF9023F009302232382334620F056FC15
:107AC4000AA821F05DF90AA902462C481AF0ECF83C
:107AD4005C233A465D212948CDE9009819F056FA0D
:107AE4003AF9023F65820E2100930AA82F4B304ACF
:107AF40063615F232382334620F038FC0AA821F017
:107B04003FF90AA902461D481AF0CEF83A465D2309
:107B1400BA211A48CDF80480CDF8009019F036FA4D
:107B24004FF0FF3306F10E000E226361BC23C0B296
:107B34000AA965822382FFF743FB039B53F8045F82
:107B440003933DB1284621F01BF9294602460B4810
:107B54001AF0AAF83A21094818F0A0FE01360AA83A
:107B640021F00EF90AA9024604481AF09DF8072EDE
:107B74007FF46BAF0FB0BDE8F08F00BF4CC60020A0
:107B840009000300AC0F002018C618C678000800CE
:107B94003C0F0020880900205F04A0FC203900204D
:107BA40039C70020FCC60020500F0020A0FCA0FC18
:107BB4005C0F0020B6C40020C6C40020DFF884C0D7
:107BC400034608461146DCF80820042B00B58BB0A8
:107BD400DCF814E00592DCF80C20CDF820E00692E5
:107BE400DCF810200792DCF8182009921CD803EB6B
:107BF400830C104A0DEB830302EB8C0293ED057AA0
:107C04001369B7EEC77A1A783AB10B4A02938DED2D
:107C1400007B20F0ABFB0BB000BD084A8DED007B70
:107C240020F0A4FB0BB000BD054A0BB05DF804EBDB
:107C340020F09CBBDC370020700F0020680F002070
:107C4400581E0020FCC20020C1EB011104282DE9BC
:107C5400F0414FEA410486B004F1180212B257D839
:107C6400334943B2064691F9001099424CD0314B46
:107C7400B3F90030984257D040F2FF710023002737
:107C84002D4D01931E2361F30F07284600934FF4F3
:107C94008C7361F31F47002119F078F902212846FB
:107CA4006F6118F095FE254B042204F11F0853F868
:107CB40026702A82A5F812803FB1384621F060F878
:107CC40039460246284619F0EFFF02A930460E2233
:107CD400FFF774FF982302A8A5F812802B8221F0E5
:107CE4004FF842F20415024602A9134819F0DCFFCA
:107CF4004FF48C7304F1350200210F48009519F0FC
:107D0400C9F806B0BDE8F08100214FF4FC63B6E782
:107D140000211E204FF48C73CDE90001064819F0B0
:107D240035F906B0BDE8F08100214FF6FF73A6E7F0
:107D3400D0590020FCC60020C8C50020D838002037
:107D4400F0B5002287B01F2118264FF48C733A48EF
:107D54000191114600964FF0FF3419F017F9364897
:107D6400022105250746446118F032FE334B0322F5
:107D7400334938463B6119F097FF324B0A223249A6
:107D840038463B6119F090FF012138467C6118F0B8
:107D94001FFE2E4B0C212E4AB3F900300DEB0100CF
:107DA4000095013320F0E2FA2A4B03A83B6120F04E
:107DB400E7FF03A90246384619F076FF264B274A07
:107DC4001B6812689A421AD9254B1B88312B20D87C
:107DD4004FF478724FF48C73174801920022009686
:107DE400114619F0D3F814480221446118F0F0FD4B
:107DF4001C492A461C4B1048036119F055FF002406
:107E0400E1B201340846FFF71FFF072CF8D107B091
:107E1400F0BD00224FF400414FF48C730648CDE9C5
:107E24000061114619F0B2F803480221446118F0C8
:107E3400CFFD07220D49DDE7C8C500200900040075
:107E4400880D0020410004008C0F0020FCC6002097
:107E5400980F0020DE000A00C0C50020C4C1002025
:107E6400F2C60020840F0020550004007C0F00207F
:107E7400634B1B78022B00F0A78000220F211820EF
:107E84004FF48C73F0B587B04FF0FF365D4C019121
:107E9400114600905C4819F079F85B4802210746C6
:107EA400466118F095FD594B0322594938463B6108
:107EB40019F0FAFE574A237852F82350002B7BD14D
:107EC40040F25F420023504962F30F0362F31F4301
:107ED400514AC1E90423284620F052FF29460246AC
:107EE400494819F0E1FE484801214C4E0725074650
:107EF400466118F06DFD23780821494AA3EBC303BA
:107F04000DEB0100128800951344464A0133DBB29D
:107F140020F02CFA444B02A83B6120F031FF02A967
:107F24000246384619F0C0FE022138467E6118F038
:107F34004FFD23783D4A0821013304A820F016FAA6
:107F44003B4B04A83B6120F01BFF04A902463846C2
:107F540019F0AAFE374B384A1B6812689A421DD999
:107F6400364B1B88312B31D800224FF478701821FE
:107F74004FF48C73CDE900101146234819F006F82C
:107F84004FF0FF3320480221436118F021FD052200
:107F94002B492C4B1C48036119F086FE25780024DC
:107FA400C5EBC505E1B201346818C0B2FFF77EF92C
:107FB400072CF7D107B0F0BD012B1ED0164BC7E933
:107FC4000436002D8FD086E7FFF7BABE18234FF48E
:107FD40000420D48CDE9003200224FF48C73114663
:107FE40018F0D4FF084A4FF0FF33022110465361C2
:107FF40018F0EEFC14492A46CBE74FF6A04261E79D
:10800400D159002039C70020C8C500200900040048
:10801400780E0020500D00204100040018C618C638
:10802400FCC60020980F0020A2000A00A00F002028
:10803400DA000400C0C50020C4C10020F2C600203C
:10804400840F0020550004007C0F00202DE9F04F20
:10805400574C8FB00021574F2046DFF8789117F026
:10806400AFFF00221F2116204FF48C734826019184
:1080740011460090204618F089FF02212046002571
:1080840018F0A6FC4C4B4FF0FF300B224B49DFF8A5
:1080940048B1C4E90430204619F006FE484B0121DA
:1080A4002046636118F094FC464B0E224649204654
:1080B400236119F0F9FD15F0010F40F64102BBF9F7
:1080C40000004FF024030CBF11460021A6F10E025C
:1080D400A8425FFA85FA12B25BD02046CDE900319E
:1080E4004FF48C73002118F051FF40F2FF7200230B
:1080F40001212046B04662F30F0362F31F4363611C
:1081040018F066FC042359F8041B6682084623828F
:1081140039B1059120F034FE05990246204619F044
:10812400C3FD0E2206A950460135FFF747FD822301
:1081340006A8A4F81280238220F022FE06A9024693
:108144002046243619F0B0FD97ED026A97ED017AC6
:108154001021B7EEC66A1D4AB7EEC77A0AA81437CB
:108164008DED026B8DED007B20F000F9C323184ADE
:108174000AA823826261A4F8128020F001FE0AA9F1
:108184000246204619F090FD052D94D10FB0BDE8AC
:10819400F08F242343F286112046CDE900314FF4B9
:1081A4008C73002118F0F2FE4FF6FF729FE700BFB8
:1081B4004CC60020DC37002009000300A80F002073
:1081C40018C618C6B4000800B40F0020C40F00205D
:1081D4004D6B4D6BD8380020FCC60020094B1B7832
:1081E400022B0CD0084B1B7833B1012B01D0FFF7C5
:1081F400B9BB0020FFF7D2B80120FFF7CFB8FFF7D3
:1082040025BF00BFD159002039C7002040F2DB53FD
:1082140098422DE9F0410E4682B035D86421344BA2
:108224004FF48A7201FB00F43248A3FB04135B0988
:1082340002FB03F5984600221823CDE900322E4BA9
:10824400A3FB051311465F094FF48C7318F09EFECF
:108254002A4B9C423CD8632D2DD8022E25484FF63C
:10826400FF734FF0010104460CBF254D254D4361BA
:1082740018F0AEFB244B062229462046236102B0A7
:10828400BDE8F04119F010BD002218204FF48C73A2
:10829400114600900192174818F078FE4FF48A7343
:1082A4004FF6802110200422CDE90001022111485B
:1082B40018F06CFED1E7C8EB48110F4A3BB24900F5
:1082C400A2FB01214909C90241F4FC6189B2E9E731
:1082D4005622A8F132013BB202FB01F16422B1FB48
:1082E400F2F1C1F13F01C9B2490141F47841D9E742
:1082F400F1197605C8C500201F85EB51D32A01006A
:10830400D40F0020DC0F00207A000800014B1888ED
:10831400704700BFF2C6002010B504460020214675
:108324001AF030FCA52101201AF02CFC1CF03AFCB8
:10833400144B1B780BB3144B1B78DB071DD5134B65
:10834400134A1B6812689B1A0E2B16D9023C16217D
:108354001048E4B21CF0AAFB032C0FD80E4B53F8C0
:108364002440204620F00CFD014620461CF09EFBD4
:108374000A48BDE8104019F0F5BC10BD1221084CA4
:10838400F3E700BF4BC700204AC70020C0C5002048
:10839400D8C60020F80F0020300D0020A052002085
:1083A400E40F002000B5012083B01AF0D1FAA5280B
:1083B40003D00023184603B000BD00201AF0C8FA09
:1083C4000021009001201AF0DDFB009B5A1ED2B25E
:1083D400042AEED81CF0E6FB174A009B1278002A08
:1083E400E8D0164A1278D207E4D5154A154912681E
:1083F4000968521A0E2ADDD9182113481CF056FBBD
:10840400009B9A1ED2B2032A13D81049019351F843
:1084140022201046009220F0B3FC0146DDE900233F
:10842400104600931CF042FB094819F09BFC009B8A
:10843400C0E70321074AF3E74BC700204AC70020DF
:10844400C0C50020D8C6002010100020400D002018
:10845400A0520020780E0020492201214D2310B59E
:108464008270322490F8372043708A420470C370BB
:10847400017102D9002380F83730431D00F1370120
:108484004FF0000C13F8012F8B428CEA020CF9D147
:10849400244C3822042180F805C01AF013FC2388E8
:1084A400013323801CF07EFB1F4B1A781AB11F4A3C
:1084B4001278D20704D42288322A1AD0012010BD9F
:1084C4001B4A1C4912680968521A0E2AF3D92B2137
:1084D40019481CF0EBFA2188184819F037FC0121DF
:1084E40017481CF0E3FA154819F03CFC2288322A9C
:1084F400E4D11CF057FB0C4B1B78002BDED00B4B4C
:108504001B78DB07DAD50A4B0A4A1B6812689B1AE8
:108514000E2BD3D930210B481CF0C8FA074819F0A8
:1085240021FCCBE7F2C600204BC700204AC700203D
:10853400C0C50020D8C600202C100020A052002066
:10854400AC2B00205810002070B590B0064610AB3C
:1085540002ACC3F13C0560191AF0FAF910AB04F847
:10856400010B9C42F7D1B14B029A9A4240F0F3803E
:108574009DF80C30012B40F097800DF10D030DF1A7
:108584003F01002413F8012F994284EA0204F9D12F
:108594009DF80D20944240F0188106AA0DF12601A1
:1085A40032F8023F03F5FA739BB2B3F57A7F00F217
:1085B4005981D38903F5FA739BB2B3F57A7F00F23C
:1085C400A8819142ECD1BDF83A2040F6B8339A42E2
:1085D40000F2E280BDF83C209A4200F2DD80DDF832
:1085E4000E309FED937A07EE903AF4EEC77AF1EEEF
:1085F40010FA00F1AA81F2EE0E6AF4EEE67AF1EED8
:1086040010FA00F3A281DDF8363007EE903AF5EE69
:10861400C07AF1EE10FA00F14181F3EE046AF4EE4F
:10862400E67AF1EE10FA00F33981DDF8123007EE44
:10863400903AF4EEC77AF1EE10FA00F1A281B2EEAC
:108644000E7AF4EEC77AF1EE10FA00F39A819DF8EF
:108654003E30053B5A2B00F2B081DDF8163042F271
:108664001C52A3F5FA73934200F2C38102AD0DF1DB
:10867400380C2C46103610350FCC644546F8100CD7
:1086840046F80C1C46F8082C46F8043CF1D103CDFE
:10869400306071601CF086FA664B1B78002B40F04A
:1086A4001981012010B070BD624D1CF07BFA2B784B
:1086B4008BB1614B1B78DA070DD5604B604A1B68A0
:1086C40012689B1A0E2B06D931215E481CF0EEF974
:1086D4005D4819F047FB00234D22322100207270BF
:1086E400F2704FF0010231704FF07E51C6F8123033
:1086F400C6F81630C6F81A30C6F81E30C6F822304E
:10870400C6F82630C6F82A30C6F83230337473748B
:108714004FF04603B2801322C6F80610C6F80A10BA
:108724006FF07701F3864923C6F82E00B370B17356
:10873400F2731CF037FA2B7853B13F4B1B78DA07EE
:1087440006D53E4B3E4A1B6812689B1A0E2B1BD85B
:10875400002010B070BD374D1CF024FA2B78002B8C
:10876400B9D0354B1B78D907B5D5344B344A1B687F
:1087740012689B1A0E2BAED92F2134481CF096F99F
:10878400314819F0EFFAA6E72F2131481CF08EF991
:108794002D4819F0E7FADBE7264D1CF003FA2B7895
:1087A400002B98D0244B1B78D90794D5234B244A0B
:1087B4001B6812689B1A0E2B8DD9332125481CF097
:1087C40075F9214819F0CEFA85E71A4D01921CF08B
:1087D400E9F92B78002B3FF47EAF174B1B78DB07AE
:1087E4007FF579AF154B16491B6809685B1A0E2B88
:1087F4007FF671AF302118481CF058F90023019915
:108804001022114819F0D6FA0B2114481CF04EF925
:108814000023102221460C4819F0CCFA01211048FB
:108824001CF044F9084819F09DFA54E7324D494DBB
:10883400CDCCCC3D4BC700204AC70020C0C500208A
:10884400D8C60020BC100020A05200208C100020AC
:10885400E012002098110020F010002024110020C4
:10886400AC2B00206F4D1CF09DF92B78002B3FF4AE
:1088740032AF6D4B1B78DC077FF52DAF6B4B6C4A29
:108884001B6812689B1A0E2B7FF625AF30216948AE
:108894001CF00CF9684819F065FA1CE7614D1CF0EE
:1088A40081F92B78002B3FF416AF5F4B1B78DB0765
:1088B4007FF511AF5D4B5E4A1B6812689B1A0E2B45
:1088C4007FF609AF32215D481CF0F0F85A4819F0E0
:1088D40049FA00E7544B1B78DB077FF5E2AE534BB4
:1088E400534A1B6812689B1A0E2B7FF6DAAE1E21C0
:1088F40053481CF0DBF800230A2201214E4819F0EA
:1089040059FA01214F481CF0D1F84B4819F02AFAC2
:10891400C7E6444D1CF046F92B78002B3FF4DBAE40
:10892400414B1B78D8077FF5D6AE404B404A1B68B5
:1089340012689B1A0E2B7FF6CEAE302142481CF0F3
:10894400B5F83D4819F00EFAC5E6364D1CF02AF983
:108954002B78002B3FF4BFAE334B1B78DA077FF53F
:10896400BAAE324B324A1B6812689B1A0E2B7FF642
:10897400B2AE362135481CF099F82F4819F0F2F9B7
:10898400A9E6284D1CF00EF92B78002B3FF4A3AE7A
:10899400254B1B78DC077FF59EAE244B244A1B68CD
:1089A40012689B1A0E2B7FF696AE362128481CF0CF
:1089B4007DF8214819F0D6F98DE61A4D1CF0F2F82D
:1089C4002B78002B3FF487AE174B1B78D8077FF525
:1089D40082AE164B164A1B6812689B1A0E2B7FF642
:1089E4007AAE37211B481CF061F8134819F0BAF924
:1089F40071E60C4D1CF0D6F82B78002B3FF46BAECF
:108A0400094B1B78D9077FF566AE084B084A1B68EB
:108A140012689B1A0E2B7FF65EAE0F490648FAF7D2
:108A2400DDF858E64BC700204AC70020C0C5002027
:108A3400D8C6002030110020A052002004120020CB
:108A440010130020AC2B002064110020CC11002056
:108A54003812002070120020A812002010B5002146
:108A64002B4C0422431D00F13F0CC18004600271B1
:108A740013F8012F634581EA0201F9D14022254C04
:108A8400417111461AF01EF92388013323801CF02A
:108A940089F8214B1A781AB1204A1278D20704D4E3
:108AA4002288322A1AD0012010BD1D4A1D4912689D
:108AB4000968521A0E2AF3D92B211B481BF0F6FF22
:108AC40021881A4819F042F9012119481BF0EEFFD8
:108AD400164819F047F92288322AE4D11CF062F8CA
:108AE4000D4B1B78002BDED00C4B1B78DB07DAD543
:108AF4000B4B0C4A1B6812689B1A0E2BD3D93021DE
:108B04000C481BF0D3FF094819F02CF9CBE700BF40
:108B1400314D4941F2C600204BC700204AC700200E
:108B2400C0C50020D8C6002030130020A052002069
:108B3400AC2B002058100020F0B593B0064612ABC1
:108B440002ACC3F18005601919F002FF12AB04F8FE
:108B5400010B9C42F7D1A44B029A9A4240F009813E
:108B64009DF80C30042B40F0BC800DF10D030DF189
:108B74004701002413F8012F8B4284EA0204F9D13F
:108B84009DF80D20944240F04F81DDED047AF5EE1E
:108B9400C07AF1EE10FA00F10581B7EE007AF4EE36
:108BA400C77AF1EE10FA00F3FD80DDED057AF5EEFB
:108BB400C07AF1EE10FA00F16881F3EE046AF4EE83
:108BC400E67AF1EE10FA00F36081DDED067ADFED6E
:108BD400876AF4EEE67AF1EE10FA00F17281B1EEF2
:108BE400046AF4EEC67AF1EE10FA00F36A81DDED60
:108BF400077AF4EEE67AF1EE10FA00F17E81F4EEF3
:108C0400C77AF1EE10FA00F37881B6EE007ADDED62
:108C1400087AF4EEC77AF1EE10FA00F18A81B0EE28
:108C2400087AF4EEC77AF1EE10FA00F382810DF1BE
:108C340023020DF1270412F8010F031FDBB20028F1
:108C440018BFE32B94BF012300231F4600F2A68123
:108C54009442F0D19DF83430012B00F286810DF15D
:108C6400370313F8010F041F00F11002E4B2D2B26B
:108C7400E32C03D910B1062A00F2A9819942F0D15C
:108C840002AD34460FCD0FC40FCD0FC40FCD0FC4AA
:108C940095E80F0084E80F001BF084FF544B1B7809
:108CA400002B63D0534B1B78DB075FD5524B534AE1
:108CB4001B6812689B1A0E2B58D91E2150481BF0B2
:108CC400F5FE00230A2204214E4819F073F801210D
:108CD4004D481BF0EBFE4B4819F044F8384613B0EE
:108CE400F0BD434D1BF05EFF2B788BB1414B1B78DD
:108CF400DB070DD5404B414A1B6812689B1A0E2BAB
:108D040006D9312141481BF0D1FE3E4819F02AF81A
:108D14004FF07D534FF07E524FF0804032497361E3
:108D24000023F0600420316032613949B26133625A
:108D3400384A7362B3620123374C7060B160F261E8
:108D4400F3620FCCF36330637163B2631BF02AFFE9
:108D54002B7853B1274B1B78DA0706D5264B274AC5
:108D64001B6812689B1A0E2B35D80027384613B09F
:108D7400F0BD1F4D1BF016FF2B78002BC8D01D4BE8
:108D84001B78DA07C4D51C4B1C4A1B6812689B1A53
:108D94000E2BBDD92F2121481BF088FE194818F04D
:108DA400E1FFB5E7124D1BF0FDFE2B78002BAFD091
:108DB400104B1B78D807ABD50F4B104A1B681268B1
:108DC4009B1A0E2BA4D9372115481BF06FFE0D48B2
:108DD40018F0C8FF9CE72F2112481BF067FE0948D2
:108DE40018F0C0FFC1E700BF314D4941CDCCCC3DA7
:108DF4004BC700204AC70020C0C50020D8C60020A9
:108E040000160020A0520020AC2B00208C13002060
:108E14009A99993E1A160407201600205C13002024
:108E2400F4130020D0150020754D01921BF0BAFEFA
:108E34002B78002B3FF46CAF724B1B78DF077FF568
:108E440067AF714B71491B6809685B1A0E2B7FF67B
:108E54005FAF30216E481BF029FE002301991022D8
:108E64006C4818F0A7FF0B216B481BF01FFE002372
:108E740010222146674818F09DFF012167481BF026
:108E840015FE644818F06EFF42E75D4D1BF08AFE44
:108E94002B78002B3FF43CAF5A4B1B78D9077FF556
:108EA40037AF594B594A1B6812689B1A0E2B7FF631
:108EB4002FAF38215A481BF0F9FD564818F052FFDD
:108EC40026E74F4D1BF06EFE2B78002B3FF420AFAE
:108ED4004C4B1B78DA077FF51BAF4B4B4B4A1B6897
:108EE40012689B1A0E2B7FF613AF39214D481BF0E5
:108EF400DDFD484818F036FF0AE7414D1BF052FEED
:108F04002B78002B3FF404AF3E4B1B78DB077FF537
:108F1400FFAE3D4B3D4A1B6812689B1A0E2B7FF631
:108F2400F7AE392140481BF0C1FD3A4818F01AFF4A
:108F3400EEE6334D1BF036FE2B78002B3FF4E8AE03
:108F4400304B1B78DF077FF5E3AE2F4B2F4A1B68AE
:108F540012689B1A0E2B7FF6DBAE372133481BF0C9
:108F6400A5FD2C4818F0FEFED2E6254D1BF01AFE96
:108F74002B78002B3FF4CCAE224B1B78D8077FF51F
:108F8400C7AE214B214A1B6812689B1A0E2B7FF631
:108F9400BFAE27491F48F9F721FEB9E6184D1BF06B
:108FA40001FE2B78002B3FF4B3AE164B1B78DC0785
:108FB4007FF5AEAE144B154A1B6812689B1A0E2B34
:108FC4007FF6A6AE1B491348F9F708FEA0E60C4D40
:108FD4001BF0E8FD2B78002B3FF49AAE094B1B786D
:108FE400D9077FF595AE084B084A1B6812689B1A8F
:108FF4000E2B7FF68DAE10490648F9F7EFFD87E694
:109004004BC700204AC70020C0C50020D8C6002096
:10901400C0130020A052002024110020AC2B0020FB
:109024002C14002068140020A4140020E014002054
:1090340058150020181500209415002031224D23C6
:1090440043214FF0000C10B54924027043700222F2
:10905400C170431D00F13F018470027113F8012FA8
:109064008B428CEA020CF9D1154C4022802180F805
:1090740005C019F027FE2388013323801BF092FDDD
:10908400104B1B78CBB1104B1B78DB0715D50F4B5E
:109094000F4A1B6812689B1A0E2B0ED92B210D4800
:1090A4001BF004FD21880C4818F050FE01210B48E8
:1090B4001BF0FCFC084818F055FE012010BD00BF51
:1090C400F2C600204BC700204AC70020C0C50020BC
:1090D400D8C6002034160020A0520020AC2B00205B
:1090E40070B592B0064612AB02ACC3F1C00560196C
:1090F40019F02EFC12AB04F8010B9C42F7D1AA4BD9
:10910400029A9A4240F016819DF80C30022B40F0EE
:10911400B4800DF10D030DF14701002413F8012F64
:10912400994284EA0204F9D19DF80D20944240F05A
:10913400578106AA0DF1260132F8023F03F5FA73AE
:109144009BB2B3F57A7F00F27C81D38903F5FA737D
:109154009BB2B3F57A7F00F2CB818A42ECD1BDF8A1
:109164003A2040F6B8339A4200F20581BDF83C201B
:109174009A4200F20081DDF80E309FED8C7A07EE02
:10918400903AF4EEC77AF1EE10FA00F1CD81F2EEE6
:109194000E6AF4EEE67AF1EE10FA00F3C581DDF81A
:1091A400363007EE903AF5EEC07AF1EE10FA00F19F
:1091B4006481F3EE046AF4EEE67AF1EE10FA00F359
:1091C4005C81DDF8123007EE903AF4EEC77AF1EEE6
:1091D40010FA00F1C581B2EE0E7AF4EEC77AF1EE20
:1091E40010FA00F3BD819DF83E30053B5A2B00F286
:1091F400EF81DDF8163042F21C52A3F5FA73934264
:1092040000F202829DF83F30092B00F2C5819DF8DF
:109214004030092B00F2C0819DF841301F2B00F231
:109224004982B7EE007ADDED117AF4EEC77AF1EEF9
:1092340010FA00F102829FED5E7AF4EEC77AF1EE45
:1092440010FA00F3FA8102AD2C46103610350FCC1B
:1092540046F8043C12AB46F8100C9C4246F80C1C31
:1092640046F8082CF0D11BF09DFC524B1B78002BC8
:1092740040F01F81012012B070BD4E4D1BF092FCD6
:109284002B788BB14C4B1B78DC070DD54B4B4C4AE0
:109294001B6812689B1A0E2B06D9312149481BF012
:1092A40005FC494818F05EFD31214FF07E52002341
:1092B40031704D21C6F80A206FF077027170492190
:1092C400B2731322B1704321F273F1704FF00201B3
:1092D4003E4AB1803E49C6F836204FF08542C6F872
:1092E40006100021C6F81230C6F81630C6F81A3037
:1092F400C6F81E30C6F82230C6F82630C6F82A3022
:10930400C6F83230337473747387C6F82E10F26360
:109314001BF048FC2B7853B1274B1B78DA0706D592
:10932400264B274A1B6812689B1A0E2B1BD8002059
:1093340012B070BD1F4D1BF035FC2B78002BB3D041
:109344001D4B1B78DB07AFD51C4B1D4A1B681268ED
:109354009B1A0E2BA8D92F211E481BF0A7FB1A48D5
:1093640018F000FDA0E72F211B481BF09FFB1648B7
:1093740018F0F8FCDBE70F4D1BF014FC2B78002BE6
:1093840092D00D4B1B78DB078ED50C4B0C4A1B6817
:1093940012689B1A0E2B87D9332110481BF086FBC9
:1093A400094818F0DFFC7FE7314D4943CDCCCC3D73
:1093B400000000444BC700204AC70020C0C500205D
:1093C400D8C6002090160020A052002046020300B8
:1093D400CDCCCC3D601600205C1900206017002025
:1093E400A24D01921BF0DEFB2B78002B3FF45CAF07
:1093F4009F4B1B78D8077FF557AF9E4B9E491B6840
:1094040009685B1A0E2B7FF64FAF30219B481BF087
:109414004DFB002301991022994818F0CBFC0B2135
:1094240098481BF043FB002310222146944818F06F
:10943400C1FC012194481BF039FB914818F092FCBF
:1094440032E78A4D1BF0AEFB2B78002B3FF42CAF98
:10945400874B1B78D9077FF527AF864B864A1B6855
:1094640012689B1A0E2B7FF61FAF302187481BF022
:109474001DFB834818F076FC16E77C4D1BF092FB2D
:109484002B78002B3FF410AF794B1B78D8077FF56E
:109494000BAF784B784A1B6812689B1A0E2B7FF629
:1094A40003AF32217A481BF001FB754818F05AFCCF
:1094B400FAE66F4B1B78DB077FF5DCAE6D4B6E4A2B
:1094C4001B6812689B1A0E2B7FF6D4AE1E217148BE
:1094D4001BF0ECFA00230A220221694818F06AFC06
:1094E400012169481BF0E2FA654818F03BFCC1E62B
:1094F4005E4D1BF057FB2B78002B3FF4D5AE5C4B35
:109504001B78DA077FF5D0AE5A4B5B4A1B681268AA
:109514009B1A0E2B7FF6C8AE30215F481BF0C6FAAB
:10952400574818F01FFCBFE6504D1BF03BFB2B784F
:10953400002B3FF4B9AE4E4B1B78DC077FF5B4AE7D
:109544004C4B4D4A1B6812689B1A0E2B7FF6ACAE2F
:10955400362152481BF0AAFA494818F003FCA3E646
:10956400424D1BF01FFB2B78002B3FF49DAE404B6C
:109574001B78D9077FF598AE3E4B3F4A1B681268AB
:109584009B1A0E2B7FF690AE362145481BF08EFABF
:109594003B4818F0E7FB87E6344D1BF003FB2B78C0
:1095A400002B3FF481AE324B1B78DC077FF57CAE99
:1095B400304B314A1B6812689B1A0E2B7FF674AE2F
:1095C400382138481BF072FA2D4818F0CBFB6BE6B3
:1095D400264D1BF0E7FA2B78002B3FF465AE244BA5
:1095E4001B78DA077FF560AE224B234A1B681268AA
:1095F4009B1A0E2B7FF658AE37212B481BF056FAD8
:109604001F4818F0AFFB4FE6184D1BF0CBFA2B7830
:10961400002B3FF449AE164B1B78DB077FF544AEB5
:10962400144B154A1B6812689B1A0E2B7FF63CAE2E
:109634001E491348F9F7D2FA36E60C4D1BF0B2FA7C
:109644002B78002B3FF430AE094B1B78D9077FF5FC
:109654002BAE084B084A1B6812689B1A0E2B7FF628
:1096640023AE13490648F9F7B9FA1DE64BC70020A3
:109674004AC70020C0C50020D8C60020C416002058
:10968400A052002024110020AC2B0020F81600204A
:10969400CC1700208C1900202C17002094170020D0
:1096A40000180020A8180020381800207018002086
:1096B4001C1900200C4D1BF075FA2B78002B3FF47D
:1096C400F3AD0A4B1B78D8077FF5EEAD084B094A7A
:1096D4001B6812689B1A0E2B7FF6E6AD06490748F5
:1096E400F9F77CFAE0E500BF4BC700204AC7002029
:1096F400C0C50020D8C60020E4180020A0520020D5
:1097040070B590B0064610AB6C46C3F5EE756019A3
:1097140019F01EF910AB04F8010B9C42F7D1A74BCA
:10972400009A9A4240F08B809DF80430012B6DD151
:109734000DF105030DF13F00002213F8011F8342D0
:1097440082EA0102F9D19DF80530934240F01A8172
:109754009DF80630012B00F255819DF807301A1F41
:10976400D2B2E32A40F28480002B00F081801033CF
:10977400DBB2042B7CD9924C1BF014FA23788BB106
:10978400904B1B78D9070DD58F4B904A1B681268F4
:109794009B1A0E2B06D921218D481BF087F98D4881
:1097A40018F0E0FA53223121002372704122317003
:1097B4004921F270884AB170B260132287497273EA
:1097C40071606FF07701864AB373F3733361736129
:1097D400B361F36133627362B362F3627363B3635D
:1097E400F363317332631BF0DDF923785BB1754B9E
:1097F4001B78DA0707D5744B744A1B6812689B1AE6
:109804000E2B00F2B780002010B070BD6C4C1BF022
:10981400C9F92378002BC5D06A4B1B78DB07C1D567
:10982400694B6A4A1B6812689B1A0E2BBAD920210D
:109834006C481BF03BF9674818F094FAB2E7604CA7
:109844001BF0B0F92378002BACD05E4B1B78DA0701
:10985400A8D55D4B5D4A1B6812689B1A0E2BA1D9D3
:109864001E2161481BF022F95A4818F07BFA99E747
:109874000DF10E0207A932F8023F03F5FA739BB209
:10988400B3F57A7F00F2DA80D38903F5FA739BB2D9
:10989400B3F57A7F00F2D2809142ECD1BDF82C204E
:1098A40040F6B8339A4200F2E580BDF82E209A4281
:1098B40000F2E080DDED027A9FED4C7AF4EEC77A97
:1098C400F1EE10FA00F1F280B2EE0E7AF4EEC77AFD
:1098D400F1EE10FA00F3EA80039B42F21C52A3F566
:1098E400FA73934200F21A81B7EE007ADDED0C7A36
:1098F400F4EEC77AF1EE10FA00F1F4809FED3C7AB1
:10990400F4EEC77AF1EE10FA00F3EC806D462C46C3
:10991400103610350FCC46F8043C10AB46F8100C4A
:109924009C4246F80C1C46F8082CF0D11BF03AF97E
:10993400234B1B78DBB1234B1B78DB0717D5224B5A
:10994400224A1B6812689B1A0E2B10D91D21294824
:109954001BF0ACF800230A2201211E4818F02AFA51
:10996400012125481BF0A2F81A4818F0FBF9012040
:1099740010B070BD362121481BF098F8154818F036
:10998400F1F940E70E4C1BF00DF92378002B3FF45E
:1099940009AF0C4B1B78DD077FF504AF0A4B0B4A6C
:1099A4001B6812689B1A0E2B7FF6FCAE1C21144810
:1099B4001BF07CF8074818F0D5F9F3E63153494118
:1099C4004BC700204AC70020C0C50020D8C60020CD
:1099D400341A0020A0520020CDCCCC3D010000F070
:1099E4000000C842CC190020AC190020CDCCCC3DDD
:1099F400000000443C1B0020AC2B0020041B002072
:109A0400F0190020534C1BF0CDF82378002B3FF4C1
:109A1400C9AE514B1B78D8077FF5C4AE4F4B504AA3
:109A24001B6812689B1A0E2B7FF6BCAE20214D4892
:109A34001BF03CF84C4818F095F9B3E6454C1BF084
:109A4400B1F82378002B3FF4ADAE434B1B78DA0713
:109A54007FF5A8AE414B424A1B6812689B1A0E2B35
:109A64007FF6A0AE1E2141481BF020F83E4818F0B6
:109A740079F997E6374C1BF095F82378002B3FF4DF
:109A840091AE354B1B78DB077FF58CAE334B344AF4
:109A94001B6812689B1A0E2B7FF684AE1E21344875
:109AA4001BF004F8304818F05DF97BE6294C1BF0F4
:109AB40079F82378002B3FF475AE274B1B78DD072C
:109AC4007FF570AE254B264A1B6812689B1A0E2B35
:109AD4007FF668AE212127481AF0E8FF224818F0E3
:109AE40041F95FE61B4C1BF05DF82378002B3FF433
:109AF40059AE194B1B78D9077FF554AE174B184A4A
:109B04001B6812689B1A0E2B7FF64CAE24211A4850
:109B14001AF0CCFF144818F025F943E60D4C1BF05D
:109B240041F82378002B3FF43DAE0B4B1B78D8074C
:109B34007FF538AE094B0A4A1B6812689B1A0E2B34
:109B44007FF630AE1F210D481AF0B0FF064818F01A
:109B540009F927E64BC700204AC70020C0C50020EA
:109B6400D8C60020101A0020A0520020581A002045
:109B7400781A0020981A0020DC1A0020BC1A002051
:109B840033224D234B214FF0000C10B549240270B1
:109B940043700322C170431D00F1DB018470027124
:109BA40013F8012F8B428CEA020CF9D1244CDC22ED
:109BB400C02180F805C019F085F82388013323807B
:109BC4001AF0F0FF1F4B1A781AB11F4A1278D20705
:109BD40004D42288322A1AD0012010BD1B4A1C4901
:109BE40012680968521A0E2AF3D92B2119481AF05F
:109BF4005DFF2188184818F0A9F8012117481AF0C8
:109C040055FF154818F0AEF82288322AE4D11AF02C
:109C1400C9FF0C4B1B78002BDED00B4B1B78DB07EA
:109C2400DAD50A4B0A4A1B6812689B1A0E2BD3D941
:109C340030210B481AF03AFF074818F093F8CBE7A5
:109C4400F2C600204BC700204AC70020C0C5002030
:109C5400D8C600205C1B0020A0520020AC2B0020A2
:109C6400581000202DE9F041B8B007466C4637AED5
:109C7400C4F1C005601918F06BFE04F8010BB4427E
:109C8400F8D1A54B009A9A4240F089809DF804309F
:109C9400032B35D10DF105030DF1DB01002413F87D
:109CA400012F994284EA0204F9D19DF80560B44277
:109CB40040F0E6809DF80B40082C00F21181DDF89D
:109CC400073007EE903AF5EEC07AF1EE10FA00F1A3
:109CD400BB809FED927AF4EEC77AF1EE10FA00F3AE
:109CE400B380DC226946384619F098F81AF05AFF16
:109CF4008B4B1B78002B6BD1012038B0BDE8F08171
:109D0400874D1AF04FFF2B78002B40F088803323C7
:109D14000024844A4FF001083B704D23C7F8072004
:109D24004FF01A0E7B70492307F114022146BB70D1
:109D34004B236FF0050C7C4EFB704FF00303BC719A
:109D4400FC72BB800EFB0470A2F1140342F8088C71
:109D540080F810C0417499740533C3F80E609A42B8
:109D6400F9D101341A32082CECD11AF01BFF2B78EC
:109D74008BB16E4B1B78DA070DD56D4B6D4A1B68A2
:109D840012689B1A0E2B06D92F216B481AF08EFEEF
:109D94006A4817F0E7FF002038B0BDE8F081604D55
:109DA4001AF000FF2B78002BB1D0604B1B78D90739
:109DB400ADD55F4B5F4A1B6812689B1A0E2BA6D960
:109DC4002F215F481AF072FE5C4817F0CBFF9EE724
:109DD400564B1B78DB078FD5554B564A1B681268C8
:109DE4009B1A0E2B88D91E2156481AF05FFE0023B9
:109DF4000A220321514817F0DDFF0B2152481AF0C3
:109E040055FE00230A2221464C4817F0D3FF0121B6
:109E14004E481AF04BFE494817F0A4FF6CE7434B39
:109E24001B78DA077FF573AF414B424A1B6812680F
:109E34009B1A0E2B7FF66BAF312145481AF036FE84
:109E44003E4817F08FFF62E7354D1AF0ABFE2B78D2
:109E5400002B3FF45CAF354B1B78D9077FF557AF28
:109E6400334B344A1B6812689B1A0E2B7FF64FAF94
:109E7400372138481AF01AFE304817F073FF46E7C6
:109E8400274D1AF08FFE2B78002B3FF440AF274B61
:109E94001B78DB077FF53BAF254B264A1B6812680E
:109EA4009B1A0E2B7FF633AF30212B481AF0FEFDA0
:109EB400002331461022214817F07CFF0B2127484C
:109EC4001AF0F4FD0023102221461C4817F072FFFB
:109ED40001211E481AF0EAFD184817F043FF16E75F
:109EE4000F4D1AF05FFE2B78002B3FF410AF0F4B91
:109EF4001B78D8077FF50BAF0D4B0E4A1B68126811
:109F04009B1A0E2B7FF603AF372115481AF0CEFDAE
:109F14000A4817F027FFFAE6334D494B0000484240
:109F24004BC700200000A04050003C004AC700205E
:109F3400C0C50020D8C60020901C0020A0520020DC
:109F4400881B0020C01C0020E01C0020AC2B00203B
:109F5400B81B0020581C0020EC1B002024110020FA
:109F6400201C002010B5332204464D234B214920E8
:109F7400227063700322E170631D04F1DB014FF072
:109F8400000CA070227113F8012F8B428CEA020C92
:109F9400F9D1DC22C021204684F805C018F092FED5
:109FA400124A1388013313801AF0FCFD104B1B78FE
:109FB400BBB1104B1B78DB0713D50F4B0F4A1B6843
:109FC40012689B1A0E2B0CD91B210D481AF06EFD3A
:109FD400A37943B908210B481AF068FD0A4817F021
:109FE400C1FE012010BD06210848F5E7F2C6002095
:109FF4004BC700204AC70020C0C50020D8C6002097
:10A00400F81C0020EC1C0020A0520020AC250020ED
:10A0140008B5562232234FF0430C45210270072223
:10A024004370431D80F802C04FF0000CC17000F172
:10A034002901027113F8012F8B428CEA020CF9D129
:10A0440080F805C02A224FF4087118F03BFE034A39
:10A05400012013880344138008BD00BFF2C600200A
:10A06400F0B58DB007460CAB6C460DF12A06C3F56E
:10A074001475601918F06CFC04F8010BB442F8D1A3
:10A08400374B009A9A4234D19DF80430072B30D1D3
:10A094009DF805400DF105030DF12900002213F888
:10A0A400011F984282EA0102F9D1944221D19DF81C
:10A0B40006305C1E043B012B88BF012C94BF012495
:10A0C400002416D86E460DF1200C35461037103694
:10A0D4000FCD654547F8100C47F80C1C47F8082CC1
:10A0E40047F8043CF1D103CE3388386079603B8172
:10A0F40033E03221642256200023797045213A73DB
:10A10400F97028213A7702F52022397245F2640168
:10A11400144C3870432079811421C7F80D20124A59
:10A12400B8704FF448507C601C4679744FF4C841B1
:10A13400C7F8212078227B72C7F81230C7F816308E
:10A144007B837B77BB77A7F81F0087F82730A7F8B6
:10A15400251087F8293087F8282020460DB0F0BD57
:10A164005632434507000400E803E8034B22542316
:10A1740043214FF0000C10B55324027043700222A7
:10A18400C170431D00F12B018470027113F8012F7B
:10A194008B428CEA020CF9D1154C2C224FF4F0714D
:10A1A40080F805C018F08EFD2388013323801AF04F
:10A1B400F9FC104B1B78CBB10F4B1B78DB0715D583
:10A1C4000E4B0F4A1B6812689B1A0E2B0ED92A21BC
:10A1D4000C481AF06BFC21880B4817F0B7FD0121DD
:10A1E4000A481AF063FC084817F0BCFD012010BDB2
:10A1F400F2C600204BC700204AC70020C0C500207B
:10A20400D8C60020141D0020A0520020AC2B002032
:10A21400F0B58DB007460CAB6C460BAEC3F50475B8
:10A22400601918F095FB04F8010BB442F8D1494BBE
:10A23400009A9A422FD04B225423002453213A707F
:10A2440043227B700223B97007F10C002146FA7097
:10A254007B602022BC601EF0FFF97B1D07F12B0000
:10A26400214613F8012F984281EA0201F9D179714C
:10A274001AF098FC384B1B7853B1384B1B78DA072B
:10A2840006D5374B374A1B6812689B1A0E2B31D8F8
:10A2940000200DB0F0BD9DF80430022BCBD19DF809
:10A2A40005400DF105030DF12B00002213F8011FE9
:10A2B400984282EA0102F9D19442BCD16D4608AEBB
:10A2C4002C46103710350FCCB44247F8100C47F821
:10A2D4000C1C47F8082C47F8043CF1D107CD386032
:10A2E4007960BA601AF05EFC1B4B1B7853B90120ED
:10A2F4000DB0F0BD2E211C481AF0D8FB1B4817F0F6
:10A3040031FDC5E7154B1B78DB07F0D5144B154A17
:10A314001B6812689B1A0E2BE9D91D2114481AF0E8
:10A32400C5FB00230A220221104817F043FD09212E
:10A3340010481AF0BBFB00230A229DF807100B48B3
:10A3440017F038FD01210C481AF0B0FB074817F04C
:10A3540009FDCCE74B5453434BC700204AC70020A8
:10A36400C0C50020D8C60020401D0020A0520020F7
:10A37400701D0020901D0020AC2B00204B22522386
:10A3840041214FF0000C10B54D240270437002229D
:10A39400C170431D00F114018470027113F8012F80
:10A3A4008B428CEA020CF9D1154C15224FF4207122
:10A3B40080F805C018F086FC2388013323801AF046
:10A3C400F1FB104B1B78CBB10F4B1B78DB0715D57A
:10A3D4000E4B0F4A1B6812689B1A0E2B0ED93021A4
:10A3E4000C481AF063FB21880B4817F0AFFC0121DD
:10A3F4000A481AF05BFB084817F0B4FC012010BDB2
:10A40400F2C600204BC700204AC70020C0C5002068
:10A41400D8C600209C1D0020A0520020AC2B002098
:10A42400F0B587B0074606AB6C460DF11506C3F5CB
:10A434002675601918F08CFA04F8010BB442F8D1AF
:10A444003B4B009A9A4234D052234B214D20002298
:10A454007B7041233970FB704FF01D033549B87090
:10A464003B813548354B79602821C7F80A0007F14C
:10A474001400C7F80E307B1D3A75B974FA7413F8DA
:10A48400011F984282EA0102F9D17A711AF08AFB1B
:10A494002B4B1B7853B12B4B1B78DA0706D52A4B71
:10A4A4002A4A1B6812689B1A0E2B26D8002007B074
:10A4B400F0BD9DF80430022BC6D19DF805400DF186
:10A4C400050305A8002213F8011F984282EA01023D
:10A4D400F9D19442B8D16C460FCC386079602068C9
:10A4E4002179FB60BA60386139751AF05BFB144B53
:10A4F4001B7853B9012007B0F0BD342114481AF079
:10A50400D5FA144817F02EFCD0E70E4B1B78DB0766
:10A51400F0D50D4B0D4A1B6812689B1A0E2BE9D916
:10A5240020210D481AF0C2FA0A4817F01BFCE1E793
:10A534004B524D4102000002E803960028000A0035
:10A544004BC700204AC70020C0C50020D8C6002041
:10A55400D01D0020A0520020081E0020044B012022
:10A5640004491B68044A03F5FA63087013607047D2
:10A57400C0C500200EC7002048A90020074A107853
:10A5840050B1074B07491B6809685B1A002B02DBB3
:10A594000023137070470020704700BF0EC70020CF
:10A5A400C0C5002048A900200022002302604260A8
:10A5B4008360C2600261C361C0E90533704700BFB4
:10A5C40038B50546172017F095FE044618F0CCF868
:10A5D400604017F0ABFC6521142017F0ADFC024B72
:10A5E4001B681844A86038BDC0C5002000000000E6
:10A5F40008B52DED028B9FED228A2249012017F028
:10A604009BFC07EE900AF8EEE77AC7EE888AF5EE2F
:10A61400408AF1EE10FAF0D01A49002017F08CFCB1
:10A6240007EE900AB0EE680AF8EEE77AC7EE888A79
:10A634001BF010F8F8EE007A20EE270AB5EE400A77
:10A64400F1EE10FA10D4B1EEC08AB7EEE80A9FED2D
:10A654000A7B20EE070BB7EEC00B1BF0F5F920EEDA
:10A66400080ABDEC028B08BD1AF09EFFB0EE408ACA
:10A67400EBE700BFAFF30080182D4454FB211940D1
:10A684000024744941420F00514BDFED527A00B56A
:10A694002DED048BD3F80A2083B0D3F82E1007EEE7
:10A6A400102A08EE101AB4EEE77AF1EE10FA4BDB3A
:10A6B400B4EEE78AF1EE10FA64DADFED477A9FED43
:10A6C400477AF4EEC87A464AF1EE10FA77FE887AB1
:10A6D400C7EE278A93F83630D2ED007A08EE103AA6
:10A6E4009FED409A4048B8EE488A68EE277AC7EE54
:10A6F400899AFFF77DFFF1EE047AA0EE298AB4EE81
:10A70400E78AF1EE10FA38D4DFED387AB7EE007A42
:10A71400B4EEE78AF1EE10FA77FE886AC6EE897A1B
:10A7240037EE677A68EEA77A314A68EE878A314B4A
:10A73400FCEEE77AFCEEE88AC2ED007AC3ED008A0B
:10A7440003B0BDEC048B00BDDFED237AB4EEE78AE1
:10A75400F1EE10FA03D5224ADFED278ABAE7F3EEC9
:10A76400047A9FED1E7A1E4AB4EEE78AF1EE10FADF
:10A7740077FE887AC7EE278AACE79FED207ADFED73
:10A78400207ACFE7164A9FED177AD2ED007A164861
:10A7940068EE277A0192C7EE878AFFF729FFDFED7B
:10A7A4000E7A019A0A4BA0EE288AB4EEE78AF1EEFB
:10A7B40010FAD1D4F3EE047A9FED087AB4EEE78A66
:10A7C400F1EE10FA77FE887AC7EE278A82E700BF97
:10A7D40094C300206F12833ACDCCCC3D002474493D
:10A7E400145300200000C84234BB00200000BE42C5
:10A7F400A0A8002040A900208096184B3333733F53
:10A80400CDCC4C3D10B504462DED028BFFF7F0FE88
:10A814002046F0EE408AFFF7EBFEB0EE408A204679
:10A82400FFF7E6FE28EE088AA8EEA88AA0EE008AC2
:10A83400B0EE480ABDEC028B10BD00BF2DE9F04F0D
:10A844002DED028B83B01C46BDF93850BDF93C3068
:10A85400BDF84070AB46BDF8446099462B4347EAC7
:10A8640006051D43ADB235B9DFED737AB4EEE70AE0
:10A87400F1EE10FA2DD4DFF8D8818A4681680346B8
:10A88400D8F80050A94240F29A8042EA040109B281
:10A8940041BB1AF0010125D199829FED687A00210C
:10A8A400F0EE476A08460244C3ED036A83ED047A76
:10A8B40047F6FF7321449A42A8BF1A469942A8BF9B
:10A8C40019465F4B9A42B8BF1A469942B8BF194617
:10A8D4000C46129B1A80139B1C8003B0BDEC028BA8
:10A8E400BDE8F08F197D69BB0121587D9D61197503
:10A8F400002800F08C809969691A8F422DD807EEE0
:10A9040090BAD3ED006A9FED4F6AF8EEE77A93EDC3
:10A91400037A597D77EEA67AC7EE866A76EE876A61
:10A9240000293DD0D969691AB14239D3FDEEE67ADE
:10A9340017EE901A08B207EE900AF8EEE77A76EE70
:10A94400E76A11E0597D11B90121DD6159759869F2
:10A95400281A87425ED900299FD0D969691AB14261
:10A964009BD3DFED366A002007EE909A93ED017ACF
:10A97400DFED345AF8EEE77A93ED046A77EE877ADE
:10A9840087EEA57A37EE067AFDEEC77A17EE901AAF
:10A9940009B207EE901AF8EEE77A37EE677A82E7A3
:10A9A400FDEEE67A9FED257A002117EE900A00B2BB
:10A9B40007EE900AF8EEE77A76EEE76A73E79FED22
:10A9C400226AB0EE087ADFED216AC0EE067A0192BF
:10A9D400009067EEA67A87EE878AFFF709FE009B50
:10A9E400184620EE080A83ED000AFFF701FE20EE68
:10A9F400080A009B6521142083ED010A17F09CFAD4
:10AA0400D8F80010009B0844019A98603DE75975F6
:10AA1400DD6170E707EE90BAD3ED006A9FED096A35
:10AA2400F8EEE77A93ED037A77EEA67AC7EE866AB4
:10AA340076EE876A76E700BF6F12833A0000000063
:10AA44000180FFFF00007A440000C8420000FA437E
:10AA5400C0C5002038B52DED068B9FED3F9A2F2100
:10AA640005464FF47A74F0EE499A3C489FED3C8ACF
:10AA74001AF01CF8DFED3B8A9FED3BAA3B4817F028
:10AA840071F92846FFF7B4FD20EE0A0AF4EEC08AF5
:10AA9400A0EE009A79EE809AF1EE10FAB4EEC80AAC
:10AAA40070FE288AF1EE10FA30FE088A013CE8D1E3
:10AAB400DFED2F7A89EEA7AA89EE270AAAEE4A0AC1
:10AAC400B5EE400AF1EE10FA40D4B1EEC09A0B2173
:10AAD400284819F0EBFF03212448B7EEE80A17F0E1
:10AAE40073F9224817F03EF90B21234819F0DEFFD1
:10AAF400B7EEC80A03211D4817F066F91B4817F082
:10AB040031F90C211D4819F0D1FFB7EECA0A03210F
:10AB1400164817F059F9154817F024F90E2118486A
:10AB240019F0C4FFB7EEC90A0321104817F04CF915
:10AB34000E4817F017F92F21124819F0B7FF0B48E8
:10AB4400BDEC068BBDE8384017F00CB91AF02CFDAB
:10AB5400B0EE409ABBE700BF000000002C1E0020AE
:10AB6400286B6ECE286B6E4E55550541A0520020C1
:10AB740000007A445C1E0020681E0020741E002021
:10AB8400841E0020941E0020B0EEC07AD0ED037A1B
:10AB9400F0EE606AF4EEC77A70B5F1EE10FA04468E
:10ABA4000D4616462DED048B82B001DB9FED3A0A6B
:10ABB400B0EEE67AF4EEC77AF1EE10FA01DBDFEDDF
:10ABC400366AB7EE006AD4ED025A344A344B76EE54
:10ABD400657A92ED007A94ED048A93ED005A27EE9B
:10ABE400877AD4ED060A67EE857AA5EE807AE5EEDB
:10ABF400A67A28EE070A82ED007A28EE278AC3EDAA
:10AC0400007AB5EEC00AF1EE10FA3EDBF0EE468AA9
:10AC1400B0EEC00ACDED010A1AF08AFDB5EEC08A85
:10AC240060EE288ADDED010AF1EE10FA30DBB7EEB2
:10AC3400009AB0EEC80A1AF07BFDD4ED057A20EE36
:10AC4400090AF4EEE87AF1EE10FA07D4F1EE677A25
:10AC5400F4EEE87AF1EE10FA77FEA87AC5ED007A00
:10AC6400D4ED057AF4EEC07AF1EE10FA07D4F1EEE1
:10AC7400677AF4EEC07AF1EE10FA77FE807AC6EDC8
:10AC8400007A02B0BDEC048B70BDFFEE008ABFE712
:10AC9400BFEE009ACDE700BF00000000BCA8002072
:10ACA400C0A80020002211491148002310B40A60F2
:10ACB400104902600A601048104903700B80104C60
:10ACC4001049114822600A600260104C1049114A70
:10ACD40023700B70104C137010481149114A2370E3
:10ACE400037013700B6010BC704700BFC0A8002035
:10ACF400BCA8002098A4002026C70020F6C6002087
:10AD040094A40020B8A80020B4A800201DC70020E7
:10AD140009C7002018C700200FC700200DC7002056
:10AD2400BCB9002014C700202DE9F04FBA4EBB4A2D
:10AD3400BB4DBC4CD2F8008095ED007AD4ED006A8E
:10AD44002DED028BB37991B0002B40F00A81B5EE62
:10AD5400407A00220023B4492260F1EE10FA2A60FE
:10AD6400F5EE406AB14A0B7013700CBF1A4601220B
:10AD7400F1EE10FA0CAB0CBF934642F0010BAC4E53
:10AD8400327822B1AB4A1268904580F08180AA4A99
:10AD9400AA4FD2F8281C002900F035821946A84889
:10ADA400FAF72CFA002840F06B813E88A54AA64B9E
:10ADB400B6B211881B78B142A449DBB206D1087837
:10ADC400984203D1BBF1000F00F0F281168007A86E
:10ADD4009F4ABFEE000A0B7008A913680133136081
:10ADE400F7F7B0FA9B4B95ED007AD3ED007A77EE46
:10ADF400877AF4EEC07AF1EE10FA07D4B7EE000ABF
:10AE0400F4EEC07AF1EE10FA30FE270A924BFFEE10
:10AE1400000A94ED007AD3ED007A77EE877AF4EEA7
:10AE2400E07AF1EE10FA07D4F7EE000AF4EEE07AD5
:10AE3400F1EE10FA70FEA70A884B4FF00008884A1A
:10AE44006FF02E0C93F80090F025ACEB020C40460A
:10AE54004FF0010E07E008F101080135B8F1070FC2
:10AE6400EDB200F0AA8129FA08F3D907F3D57D4998
:10AE740001F1100701EB0C0311F8014F0EFA03F373
:10AE840003439BB2AC4208BF1846B942F2D1E2E791
:10AE9400754A194608A8019317780022BFEE000AE4
:10AEA40032706E4A1770F7F74DFA6A4A95ED007AD8
:10AEB400D2ED007A019B77EE877AF4EEC07AF1EE58
:10AEC40010FA07D4B7EE000AF4EEC07AF1EE10FAE5
:10AED40030FE270A604AFFEE000A94ED007AD2EDB4
:10AEE400007A77EE877AF4EEE07AF1EE10FA07D47E
:10AEF400F7EE000AF4EEE07AF1EE10FA70FEA70A1B
:10AF0400574A6FF02E0ECDF804804FF0F00CAEEBE4
:10AF1400020E00204FF001094FF00008CDE9023283
:10AF24003A4609E008F101080CF1010CB8F1070FE9
:10AF34005FFA8CFC00F0508122FA08F3DF07F1D5A8
:10AF4400484901F1100701EB0E0311F801AF09FAAA
:10AF540003F303439BB2E24508BF18468F42F2D184
:10AF6400E0E7F37903F11002D2B2042A40F25E81E1
:10AF7400043BDBB2E32B3FF6EAAE3C4B1B785FFAB3
:10AF840083FBBBF1000F3FF4E2AE274B1A7812B9F2
:10AF9400374AC2F80080374A01211970136898456E
:10AFA40000F04C81324BC2F800801F68D6F80CC008
:10AFB400A8EB0707336B6745C0F05C81DFED2E5AC1
:10AFC40007EE903A9FED2D6A0CABC7EEA57A67EEBB
:10AFD400867AF0EE675AC5ED007AB7EE006AF4EEB1
:10AFE400C67AF1EE10FA76FE277A104A0121C4EDF2
:10AFF400007A1170B4EE657AF1EE10FA7FF4BFAE08
:10B00400D4ED007AF4EE667AF1EE10FA14BF4FF044
:10B01400010B4FF0000BB2E63CC30020C0C500207A
:10B02400B4A80020B8A800200FC7002009C700203A
:10B034000DC70020BCB9002060880020F6C600209F
:10B0440060680020FAC600201DC7002031C7002018
:10B0540054BB002094A4002098A4002026C70020FC
:10B06400FCC200202BC3002014C7002018C70020F6
:10B0740060B900204CA900200050434700000000A4
:10B08400704871490268BDF93230013207EE903AD6
:10B0940002600A68B8EEE70A6C48134406AA0B601B
:10B0A40005A9BDF9343000EE903A0023F8EEE00A29
:10B0B40005930693FFF768FD9DF83020644B02F07A
:10B0C4001F021A709DF93630002B40F3A58008F159
:10B0D4003C0020215F4B3170186042EA01065E4B50
:10B0E4009DED056A08A91E7007A85C4BBFEE000A17
:10B0F400DDED066A83ED006A594BC3ED006AF7F78C
:10B1040021F9D5ED007A76EE277AF4EEC07AF1EEE5
:10B1140010FA07D4B7EE000AF4EEC07AF1EE10FA92
:10B1240030FE270AD4ED007AFFEE000A76EEA77A05
:10B13400F4EEE07AF1EE10FA07D4F7EE000AF4EE3A
:10B14400E07AF1EE10FA70FEA70A4FF000093F4AC8
:10B154006FF02E0EF02548464FF00108AEEB020EBC
:10B1640006E009F101090135B9F1070FEDB214D078
:10B1740026FA09F3DB07F4D53A4901F1100C01EB87
:10B184000E0311F8014F08FA03F303439BB2AC42D8
:10B1940008BF18466145F2D1E3E73B88DDED081AA4
:10B1A40018439DED071A92F82C1080B2FAF768FA4A
:10B1B40011B0BDEC028BBDE8F08F3043DDED081A11
:10B1C4009DED071A92F82C1080B2FAF759FA11B0D3
:10B1D400BDEC028BBDE8F08F039A234F92F82C103C
:10B1E4003A88DDED0C1A10439DED081ADDE9018360
:10B1F40080B20193FAF744FA1C4A019BD2F8281C46
:10B2040000297FF4CBADD2F8C82C002A7FF4C6AD58
:10B2140017493A800A70C1E506D008F13C03402181
:10B224000C483170036058E7317856E70A4AF03B1E
:10B23400127842FA03F303F0010BA2E6F0EE475A48
:10B244000CABD7E63CA9002038A90020FCC20020A2
:10B2540014C70020BCB9002026C7002094A40020F5
:10B2640098A400202BC30020F6C60020608800208C
:10B274001DC70020DFF8C4920DF1200E306907EEDF
:10B28400903AD9F804100CABD9F808209FEDA96ABC
:10B29400AEE80700B9F80C20C7EE867AD9F8121088
:10B2A400AEF800209E46D9F81620D6F81E00AEE867
:10B2B4000700B9F81A20AEF80020B28DF18D97423C
:10B2C400C0F0E480B81AACEB0202F1EE084A10AE0A
:10B2D40005EE900A06EE102AF8EE655AB8EE466AB4
:10B2E40085EE865A25EE245ABDEEC56A16EE100A7E
:10B2F40005280246A8BF052206EE102A06EB4202E4
:10B3040032F9206CB8EEC66A01EE906A32F91E6C0E
:10B3140035EE465A02EE106AF8EEE11AB8EEC22A89
:10B32400002840F0DB8032EE614A32F91C2CB6EE84
:10B33400006A04EE902AF8EEE44A74EEE14A64EE00
:10B34400864A65EE053A8F42F0EE082AF0EE000ACE
:10B3540025EE231A63EEA22AF7EE005AB0EE416AF4
:10B3640031EE633AA3EEE06AF0EE623AE1EE602A6F
:10B37400D1EE203A36EE056A26EE046A33EEA55A7B
:10B38400A1EE856AA2EE226AA3EE246AF0EE463AA2
:10B39400C0F09280ACEB01027F1AF1EE084A10A8CB
:10B3A40005EE902A06EE107AF8EE655AB8EE466A73
:10B3B40086EE255A25EE245ABDEEC56A16EE101AFD
:10B3C40005290A46A8BF052206EE102A00EB420210
:10B3D400B8EEC66A32F9100C35EE465A06EE100A7B
:10B3E40032F90E0CF8EEC62A00EE100AB8EEC00AC6
:10B3F400002950D130EE624A32F90C2CB6EE006AC4
:10B4040004EE902AF8EEE44A74EEE24A64EE864AC8
:10B4140025EE052AB0EE086AF0EE000A25EE023A9F
:10B4240022EE066AF7EE001A63EEA73AB0EE461A69
:10B43400A3EE606AFFEE005A93EE201AF4EEE53AAA
:10B44400B0EE468AB0EE436AF1EE10FA33EE423AB9
:10B45400A2EE606A36EE056A31EE215A26EE046ADF
:10B46400A2EE856AA0EE086AA3EE246A5AD566EEB7
:10B47400277AC5ED005ABFEE006AF4EEC67AF1EE03
:10B4840010FA7FF5AAADF0EE467AAEE58F4237D3D7
:10B49400DFED293A7EE732F9120CB6EE006A042990
:10B4A40004EE100AB8EEC44A30EE444A24EE064ACA
:10B4B400A2DD70EE624AABE766EE273A9FED1E6AA4
:10B4C400BFEE005A67EE867AF4EEC53AF1EE10FA52
:10B4D4001FD5F0EE455A85ED005A7EE532F9226C0F
:10B4E400B6EE006A042804EE106AB8EEC44A32EEDE
:10B4F400444A24EE064A7FF718AF72EE614A20E709
:10B504009FED0D6A67EE867AF0EE675AC5ED007A14
:10B5140063E5F4EEE53AF1EE10FA75FEA35AC5EDD3
:10B52400005A5AE5F4EEE13AF1EE10FA71FEA35A2C
:10B534009DE700BF00504347000000004CC30020BB
:10B54400002221492148002310B50A6020490260E5
:10B554000A60204C2048214922600B800370204C53
:10B564002049214823700A6002602049204C214A66
:10B5740021480B702370137003702049204A21481E
:10B58400214C0B60106021492148224A2370224B30
:10B5940008601A6019F006FB204B1B789BB1204B06
:10B5A4001B78DB070FD51F4B1F4A1B6812689B1AB9
:10B5B4000E2B08D918211D4819F078FA1C48BDE84B
:10B5C400104016F0CFBB10BDC0A80020BCA80020BE
:10B5D40098A4002094A4002026C70020F6C60020CA
:10B5E4001DC70020B8A80020B4A8002009C7002067
:10B5F4000FC7002018C700200DC70020BCB90020C9
:10B6040090A40020FCC2002014C70020C8BA002067
:10B61400BD01000069020000DCBA00204BC7002015
:10B624004AC70020C0C50020D8C60020C41E002080
:10B63400A052002038B51B4B1A78E2B11A490023F6
:10B6440008681A4A1A4C1B491B4D236008601B4C9E
:10B654001B492B70D2F80A00D2F806C0194AC4F864
:10B6640000C0086001211360174C1848184A236071
:10B674000370117038BD1720012516F03BFE0446F7
:10B6840017F072F8604016F051FC6521142016F092
:10B6940053FC05490F4A0C68024B20441D7090600E
:10B6A400CDE700BF1CC70020C0C5002094C3002004
:10B6B400B4B900202CA9002013C700201053002087
:10B6C4001453002060BC00205CBC00201EC7002076
:10B6D400CC59002034BB0020F8B5424DFFF7AAFF37
:10B6E400414A6B68414E1A40317842F400526A6014
:10B6F40071B303F00F033E4A1A43AB6823F003030C
:10B704006A6043F002033B4A1A4042F400623A4B37
:10B71400134043F40013C3F3150343F00043AB6039
:10B724000024012703E00134202C0DD031782B684C
:10B7340007FA04F223EA02032B600029F3D101344F
:10B7440018F090FA202CF1D1BDE8F84018F08ABA2C
:10B7540018F088FA6A68294B3178134043F40003DF
:10B764006B60002933D118F07DFA3178D5E90123D3
:10B7740023F0030322F07F4243F00203C5E90123CF
:10B784000029C0D118F06EFAAB681D4A31781A400E
:10B7940042F40062AA600029B9D118F063FAAB68D8
:10B7A40031786FF3153343F40013AB600029B2D141
:10B7B40018F058FAAB683178C3F3150343F000432B
:10B7C400AB600029ACD118F04DFA3178A8E7C2F388
:10B7D4000D02AB6842F4000223F003036A6043F0F5
:10B7E400020390E7DCC600200FC0FFFF2AC7002039
:10B7F4000020800002F0FFFF0308C0FFFF3F00FFAE
:10B8040003F0FFFF2DE9F04FC34C93B006462378B5
:10B81400002B00F06881C14BC14F1A68D7F82E3055
:10B82400DFEDC07A07EE103A3568B4EEE77AF1EE50
:10B8340010FA0ED497F83940012304F01F0403FAD8
:10B8440004F415EA040140F09F80B7480170B74939
:10B854000B7034893560A4F50044758984EAE47377
:10B86400A5F50045A3EBE473B3F5486F07DC85EA5F
:10B87400E573A3EBE573B3F5486F40F3A980AC4BD4
:10B884001B78002B00F0B180DFF8C0C2DCF8003078
:10B894009A4200F02181A74BDFF8BC921B68CCF8D8
:10B8A4000020A2EB0308D7F80E20B7F832C04245B7
:10B8B4009246B7F834E000F2698100210EAB0DF135
:10B8C400280B0A460793002C20460695B8BF04F1BE
:10B8D4007F00002D4FEAE010C0F21A81079B8046DA
:10B8E40099ED000ACDE904B30023ADF82830ADF892
:10B8F4003830069BCDE9002143F3CF1302B2012176
:10B904008D48CDE902CEFEF799FF069ABDF938308D
:10B91400F96BA3EBE213BDF9282007EE101A87494F
:10B9240007EE903AA2EB0802F8EEE77A67EE877A20
:10B93400FDEEE77A17EE903A07EE902AF8EEE77AF2
:10B944001D4467EE877AFDEEE77A17EE902AC1ED83
:10B95400007A14447A4A13607A4A47F6FF73944291
:10B96400B8BF14469542B8BF15469C42A8BF1C46B2
:10B974009D42A8BF1D46A4F50044A5F500453481A9
:10B98400758113B0BDE8F08F069216F0EDFE66499E
:10B994000123069A91F800C0BCF1000F00F0F18178
:10B9A400DFF8BCC1DCF80010A0EB010E5F49097898
:10B9B400002900F0D780644B1B68734500F2E480D3
:10B9C40000235A49CCF800000B7025EA040540E72F
:10B9D400574800235D490370086882427CD00A609E
:10B9E400574A1360554A1360B6E7524B52481A60DF
:10B9F400CDE90832D7F80680FEF7FAFD4E488DED02
:10BA0400070AFEF7F5FD4C488DED060AFEF7F0FD3A
:10BA1400DDED067ADDED076A67EEA77A9FED4C6AE5
:10BA24009FED4C7AE6EEA67A06EE908ADDE90832BE
:10BA3400E0EE007AE7EE866AF4EEC76AF1EE10FAF9
:10BA440007D4B2EE0E7AF4EEC76AF1EE10FA37FEBE
:10BA5400267ACDE90823404B374883ED007A99468E
:10BA6400D7F80A80FEF7C4FD33488DED070AFEF7C8
:10BA7400BFFD31488DED060AFEF7BAFDDDED067A0D
:10BA8400DDED076A67EEA77A9FED316A9FED317AA3
:10BA9400E6EEA67A06EE908ADDE90823E0EE007A67
:10BAA400E7EE866AF4EEC76AF1EE10FA07D4B2EE56
:10BAB4000E7AF4EEC76AF1EE10FA37FE267A2748BA
:10BAC400DFF888C01A4980ED007A01200870DCF89C
:10BAD400000090427FF4E2AE184A194B12681B68CA
:10BAE40014441D4438E7172016F004FC054616F0EC
:10BAF4003BFE684016F01AFA6521142016F01CFA71
:10BB0400064B1A681044012222700B4A906083E6A7
:10BB140005F17F030693E1E61CC70020C0C50020A1
:10BB240094C300206F12833A1EC70020CC59002012
:10BB340013C70020B4B9002034BB00205CBC002033
:10BB440060BC00200180FFFFA0A800202CA90020D9
:10BB54006F12033DCDCCCC3D105300201453002074
:10BB64009CA800209949096871453FF62EAF0692BA
:10BB7400974ACCF800001370FEF786FD944A1378B8
:10BB8400069A002B3FF421AF254362E60EAA9149A1
:10BB94000AABD7F812000792C4458A689B464968E5
:10BBA40007C38C49386A8A891A80D1F81620079B02
:10BBB400D1F8121007C3874A528B1A8000F2EE8024
:10BBC400A8EB0C03B1EE086A06EE903AAAEB0C035C
:10BBD40007EE903AF8EE666A12ABF8EE677A86EEF4
:10BBE400A77A27EE067AFDEEC77A17EE901A052992
:10BBF4000A46A8BF052207EE902A03EB420232F957
:10BC0400203CF8EEE77A05EE103A32F91E3C37EEA6
:10BC1400677A04EE903AB8EEC55AF8EEE44A002981
:10BC240000F0B98032F9223CF6EE007A042903EEE2
:10BC3400903AF8EEE33A74EEE33A63EEA73A00F38F
:10BC4400C28032F91C3CF6EE007A05EE903AF8EE2A
:10BC5400E55A75EEC55A65EEA75A67EE076AB0EE67
:10BC6400086AF0EE002A27EE264A26EE866AB7EE28
:10BC7400002AF0EE447AB0EE463AA4EE626AE6EEAA
:10BC8400E27A94EE223A74EE666A77EE877A33EEBD
:10BC9400027A67EEA37AE5EE077AE4EE867AE6EEB8
:10BCA400A57AFDEEE77A17EE903A1AB2C64577D830
:10BCB400A8EB0E03B1EE086A07EE903AAAEB0E0366
:10BCC40007EE103AF8EE677A12ABB8EE477AC7EE91
:10BCD400876A26EE867AFDEEC77A17EE900A052863
:10BCE4000146A8BF052107EE901A03EB410131F983
:10BCF400103CF8EEE77A05EE103A31F90E3C37EED7
:10BD0400677A04EE903AB8EEC55AF8EEE44A002891
:10BD140048D174EEC53A31F90C3CF6EE007A05EEE2
:10BD2400903AF8EEE55A75EEC55A65EEA75A67EEF5
:10BD3400076AB0EE086AF0EE002A27EE264A26EEDD
:10BD4400866AB7EE002AF0EE447AB0EE463AA4EEE4
:10BD5400626AE6EEE27A94EE223A74EE666A77EE6E
:10BD6400877A33EE027A67EEA37AE5EE077AE4EE99
:10BD7400867AE6EEA57AFDEEE77A17EE903A19B2E6
:10BD8400A1E50B70254312490B70134B1860FEF7A5
:10BD94007BFC069A5DE574EEC53A52E7002285E71E
:10BDA400002190E531F9123CF6EE007A042803EE06
:10BDB400903AF8EEE33A74EEE33A63EEA73AAADD7A
:10BDC40074EEC55AB3E774EEC55A46E740A900209D
:10BDD400CC590020A6C300209CA800202DE9F041E6
:10BDE4008AB0A54803A9F9F7A7FA18BBA34DA44A3A
:10BDF4002B78146853B9A34E40F6B8323368E31A6B
:10BE0400934200F2C3800AB0BDE8F0819E4B1B68E8
:10BE1400E41A322CF7D99D4A9D491368097823F016
:10BE240001031360002900F06E8117F01BFF00234B
:10BE34002B70E8E7924A0024904903A8914B1268BA
:10BE44000C701A60FFF7DEFCBDF810308F4EC3EBA8
:10BE54008322904C7368A4FB02128D4D6FF30D1373
:10BE6400D20B297843EA02137360002900F0DD80C5
:10BE7400BDF812206FF39733C2EB8222A4FB024277
:10BE8400D20B43EA8230BDF81420824CC2EB8222EA
:10BE9400A4FB0232B36823F0030343EAD2535202F1
:10BEA40060F31702C6E90123002900F08380BDF87E
:10BEB40016206FF38B03C2EB8222A4FB0242D20B47
:10BEC40043EA8203BDF818206FF315337148C2EBBF
:10BED4008222A0FB0202D20B43EA0233BDF81A20ED
:10BEE4006C48C2EB8222A0FB0202D20163F315026A
:10BEF400B26032680024012702E001341C2C11D006
:10BF0400039B07FA04F0E340DB074CBF0243824380
:10BF140032600029F1D1013417F0A4FE32681C2CE0
:10BF24002978EDD19DF82430082B20D85A48C35CD9
:10BF3400180740F1F18042F08052C3F3400703F048
:10BF44000104C3F380083260002900F0A780002FA9
:10BF540000F0DC8042F00052B8F1000F00F088805D
:10BF640042F0804254B142F00042326009E022F0D3
:10BF740080533360002970D022F0E04222F0004266
:10BF8400326017F06FFE0AB0BDE8F0813F4A1368D3
:10BF940043F0010313603E4B1B78002B00F0B0808C
:10BFA40017F060FE0122384B34602A701C600AB01E
:10BFB400BDE8F08117F056FEBDF81620B368C2EB59
:10BFC400822229786FF38B03A4FB0202D20B43EA8B
:10BFD4008203B36000297FF475AF17F043FEBDF808
:10BFE4001820B368C2EB822229786FF31533A4FBBF
:10BFF4000202D20B43EA0233B36000297FF46EAF2E
:10C0040017F030FEBDF81A30B268C3EB83232978E9
:10C01400A4FB0343DB0162F31503B36000297FF43F
:10C0240068AF17F01FFE297863E717F01BFEBDF811
:10C0340012207368C2EB822229786FF39733A4FB32
:10C044000242D20B43EA8230706000297FF41BAFB6
:10C0540017F008FE7068297815E7019117F002FEC1
:10C0640032682B7822F000523260002B3DD0019CC4
:10C0740022F0804276E700BF6068002032C70020CB
:10C08400C0C500209CBE0020A0BE0020DCC600204D
:10C094002AC7002001800080883F002017F0E2FDBD
:10C0A40032682B78002F34D042F000523260002BDB
:10C0B4007FF452AF17F0D6FD32682B78B8F1000F39
:10C0C40018D042F080423260002B7FF44BAF17F05F
:10C0D400C9FD33682A7884B143F000433360002AF1
:10C0E4007FF44FAF17F0BEFD4BE717F0BBFD32688E
:10C0F4002B78019C22F08042E5E723F00043EDE732
:10C1040017F0B0FD4CE717F0ADFD8EE622F00052BB
:10C1140022E722F00052C9E722F080520DE700BF67
:10C1240008B51D4B4FF48072002118601B481CF0A9
:10C1340093FA4FF48062002119481CF08DFA002311
:10C14400184A4FF0FF0C184918480B7080F800C0CB
:10C1540017491848C2E90033174A08601370174B8F
:10C16400174A1A6018F01EFD164B1B789BB1164B2C
:10C174001B78DB070FD5154B154A1B6812689B1AF1
:10C184000E2B08D91821134818F090FC1248BDE86A
:10C19400084015F0E7BD08BD58BC002058BB00207E
:10C1A4009CA4002064B9002028C70020CA5900209C
:10C1B400C8BA00205128000023C70020DCBA0020A0
:10C1C400810B00004BC700204AC70020C0C50020D7
:10C1D400D8C60020E01E0020A0520020014B1860A9
:10C1E400704700BF58BC002010B5124C0120124A01
:10C1F4002368124903F5FA53087013600022104BA8
:10C204001A7018F0CFFC0F4B1B7893B10E4B1B78B0
:10C21400DB070ED50D4A236812689B1A0E2B08D92A
:10C2240012210B4818F042FC0A48BDE8104015F0F2
:10C2340099BD10BDC0C5002058B900200BC700200F
:10C244001AC700204BC700204AC70020D8C60020C8
:10C25400FC1E0020A0520020014B1860704700BF54
:10C264008CA4002010B5124C0120124A23681249F4
:10C2740003F5FA53087013600022104B1A7018F07B
:10C2840091FC0F4B1B7893B10E4B1B78DB070ED53B
:10C294000D4A236812689B1A0E2B08D911210B48EA
:10C2A40018F004FC0A48BDE8104015F05BBD10BD51
:10C2B400C0C50020B0B9002011C700201AC7002053
:10C2C4004BC700204AC70020D8C60020101F0020FA
:10C2D400A0520020704B1A7830B583B032B16F4948
:10C2E4006F480A680068121A002A4ADA6D4B1A78F5
:10C2F40042B16A4A6C4912680968521A002A01DB81
:10C3040000221A70694B1A783AB3644A6849126871
:10C314000968521A002A20DB664A1078021F192A7B
:10C3240015D9A0F11E02082A40F29680272800F0B1
:10C33400A780A0F13A020B2A40F29E802838C0B2AE
:10C34400BF2808D85C4A32F8100020B100E05D3004
:10C3540017F05AFE554B00221A70584A137873B1DD
:10C364005749097807290AD856480068054630B164
:10C374004A48012B0068044629D0022B1CD003B084
:10C3840030BD00221A7018F00DFC4F4B1B78002BA7
:10C39400ACD04E4B1B78DB07A8D54D4A3F490B6800
:10C3A40012689B1A0E2BA1D916214A4818F07EFB5D
:10C3B400494815F0D7FC99E7484B1B68C31A002B72
:10C3C400DDDB084603B0BDE83040F6F791BC434BD3
:10C3D4001B68C31A002BD2DB414B1A2093F800E0F0
:10C3E4000EEB8E034FEA8E0C00FB0133EB18987CA6
:10C3F400031F192B32D9A0F11E03082B44D9272877
:10C4040048D0A0F13A030B2B40D9A0F12803DBB2AA
:10C41400BF2B03D8284830F8130000BB2B46D3F8B1
:10C424000730F444DFED2F7A00EE103A1A23B4EE0D
:10C43400E70A03FB01CC05EB0C03F1EE10FAB3F8A9
:10C4440015001FD418B1F6F70DF91C4A0444022351
:10C45400224913700C6092E7133079E75D30019143
:10C4640017F0D2FD1E4B019993F800E0154B4FEAEB
:10C474008E0C124A1B68D2E7A0F5805080B267E7A1
:10C48400302065E70444E2E71330E8E7A0F5805084
:10C4940080B2E4E73020E2E70BC70020C0C50020EB
:10C4A40058B9002011C70020B0B9002025C70020CA
:10C4B40034A900201BC70020B00B002028C700208F
:10C4C400CA59002058BC00204BC700204AC700208E
:10C4D400D8C60020241F0020A0520020A0B90020AC
:10C4E40024C700200AD7233C38B542480024F8F773
:10C4F4003FFC414B4FF6FF72404900251C729A8560
:10C50400A3F850206422DC601C745C83DD611D622E
:10C5140083F824409C621D635D639D63DC631D643A
:10C524005D649D64DD6483F852405D659D65DD65F1
:10C534001D665D669D66DD661D673148C3E91D4164
:10C5440045F26401C3E90044A3F87C1001F51B2102
:10C5540083F87E2083F890202A4AC3F8801014219F
:10C56400C3F89820782283F88410C3F894002649ED
:10C57400A3F89E200122C3F88640C3F88A40A3F89A
:10C584008E40A3F8924083F89C40C3F8A050C3F8AF
:10C59400A45040F201138C860B621C48C1E900448C
:10C5A400C1E90244C1E90444C1E90644C1E90944BA
:10C5B400C1E90B442146FAF733FB04220321144852
:10C5C400FAF72EFB16F0A0F9082309220A211148D4
:10C5D40015F086F92323242225210F4815F080F92C
:10C5E4000E4B1D605D609C60DD601D61DC61C3E914
:10C5F400054438BD6068002040C2002004002800C3
:10C604000032E803E8030064F4C10020F4BA002017
:10C6140010BB0020C8C500204CC6002034BB00203D
:10C62400084611461AF00EBB08461AF021B800BF9E
:10C6340008461AF015B800BF2DE9F043CB8C174615
:10C644008A8C83B00D4604469A424ED0096ADFF8BC
:10C654002891531C01EBC2069BB2B3F5007FAB8457
:10C6640036D03B684FF480604FF080081B684B4520
:10C6740036D1019119F0F4FF019900284FF000031D
:10C68400706008BF4FF000087380A6F80080AB8C80
:10C69400013B9BB201EBC300426822B131F8335035
:10C6A40041888D4208D800224FF6FF73204622604D
:10C6B400A38003B0BDE8F08302EBC10201EBC31316
:10C6C4000131226041802046A38003B0BDE8F0839D
:10C6D4003B684FF47E704FF07F081B684B45C8D011
:10C6E400014638469847296AC7E7B2F5007FDAD091
:10C6F400086A52003B6896B2A8424FEAC6010ED0BF
:10C704009B681C4A93422AD11AF09CFA01460029DC
:10C71400C9D0DFF86490AA8CEE84296299E7164A9E
:10C724001B689146934220D1084619F099FF0146AF
:10C734000029B8D0D5F800C06868AA68EB68C1F8C9
:10C7440000C048608A60CB60D5F810C06869AA69E7
:10C75400EB69C1F810C048618A61CB61DBE70A4626
:10C764000146384698470146D1E73846984701467E
:10C77400DEE700BF21A4000031A40000002966D038
:10C7840000882DE9F84F4FF6FF7948453DD0D3F89E
:10C794002C80C40900F07F0308EBC400406810EB50
:10C7A400C30032D0551E92460F46B0F806B00D4471
:10C7B4000126CEB10379042B42D0052B3BD0022BAA
:10C7C40026D104461CF0DCFA82450DD1BAF1000FE3
:10C7D40021D07B1E601E01E09D421CD013F8011F76
:10C7E40010F8012F9142F7D0CB450ED04FEADB135E
:10C7F4000BF07F0B08EBC303586810EBCB0004D09D
:10C8040086F00106B0F806B0D3E70020BDE8F88F43
:10C81400BAF1000FE8D14FF6FF739B45F5D04FEA0C
:10C82400DB130BF07F0B08EBC308D8F8040000EB14
:10C83400CB00BDE8F88F036803F10804D888C3E788
:10C8440004682046002CBFD01CF09AFABCE70020F4
:10C85400704700BF4FF6FF728B8E934230B50C4683
:10C8640083B005462AD10B8E0A6883B904F10C0102
:10C874006846FFF7E1FE009A002A32D101214FF603
:10C88400FF7328462A602171AB8003B030BD013BA1
:10C89400C86A9BB200EBC30CDCF804100029E5D095
:10C8A40030F833E0BCF802008645DFD901EBC00262
:10C8B40000EBC3130130ACF802000BE0D909E26AC3
:10C8C40002EBC10203F07F01526832F8310002EB3F
:10C8D400C102A086044928462A60AB80516003B097
:10C8E40030BDBDF80430F5E70000FFFF2DE9F84343
:10C8F400D0E9017EBEF1030F14D81EF0FF0367D008
:10C90400013BFE1D07F1080C0022DDB23346AC44A6
:10C9140013F8014F002C08BF42F001026345F7D120
:10C92400002A46D00023BE4405460E468EF8083041
:10C934000368846898689846C8B1E11D394407378C
:10C94400C3889C4210D164B33B46C21D01E09942A6
:10C9540027D013F801EF12F801CFE645F7D00068AD
:10C9640028B1C3889C42EFD000680028E8D16868E9
:10C97400B4F5803FD8F8007081463A6830D29368A5
:10C9840004F1090220498B4225D111461AF05AF9C3
:10C9940028B32B680022C4809968016098606A609B
:10C9A40002E0838801338380052330603371BDE85E
:10C9B400F88302230D440B714B1E16F8012F03F864
:10C9C400012F9D42F9D1002301F80E30BDE8F88310
:10C9D40002230B71F7E7014638469847D8E73A68CF
:10C9E40052680A498A420AD04946384690472A681A
:10C9F40001210023926888F804101A60FFDE48467B
:10CA040019F036FEF3E700BF21A4000029A40000BA
:10CA140043687BB182682DE9F0410D46D98882B024
:10CA240004468A4207D0511C1344A1601D7202B00F
:10CA3400BDE8F081704752000168501C88460968BF
:10CA4400B0F5803F06460F4612D209680A3289685B
:10CA54000846144988421DD11846114601931AF01C
:10CA6400F1F8019B20B1C6800346A2686060DAE752
:10CA74003A680D4952688A4208D1184619F0F8FDFF
:10CA84000122002388F804206360D0E71946384661
:10CA94009047F5E719460193034638469847019BAA
:10CAA400E0E700BF21A4000029A400002DE9F0471D
:10CAB4000D4601798146CA0743D4CB062AD411F026
:10CAC400600F22D0B9F800404FF6FF739C4218D093
:10CAD400EA6A4FF6FF7800E0EA6AE30904F07F07A8
:10CAE400A246294602EBC3035E6806EBC700C4886E
:10CAF400FFF7DCFFAB8E444526F83730A5F834A0A9
:10CB0400EAD14FF0FF33C9F80030002389F804302C
:10CB1400BDE8F087B9F800304FF6FF7293423AD07F
:10CB2400EA6AD809AE8E03F07F0402EBC00011F06C
:10CB3400600F406820F83460AB86E6D0B9F8004056
:10CB4400C7E7A8680028B8D0D9F80020002404E07A
:10CB540003680446002BB0D018468242F8D183887B
:10CB64002A68013B9BB28380002BA6D1036854B191
:10CB74002360136809495B688B4206D119F078FD7C
:10CB840099F8041099E7AB60F3E70146104698471B
:10CB940099F8041091E700231B80FFDE29A400000C
:10CBA4002DE9F84391F800E00446BEF12B0F00F0A4
:10CBB400DD80BEF12D0F40F0B58091F801E04FF01B
:10CBC40001090131AEF13006F6B2BEF12E0F18BFE5
:10CBD400092E8CBF4FF0010E4FF0000E00F2AB8017
:10CBE400092E00F20C8170467246B54F12E011F81E
:10CBF40001CFF318ACF1300645F100051846F6B242
:10CC04002A46092E00F29C8013F1663F75EB070853
:10CC140080F0968095004FF0000C830045EA9075F3
:10CC24001B1842EB0505DB186D4116EB030818468B
:10CC340055F100082A4628BF4FF0010CBCF1000F43
:10CC4400D5D04FF0000C9F4D4FF0CC3783181646CB
:10CC54000CF1010C43F100030FFA8CFCA5FB032833
:10CC640028F0030202EB98029B1AC31A66F1000231
:10CC740007FB03F0B6F5200F05FB0200A3FB05320A
:10CC840010444FEA53034FEA500243EAC070DDD226
:10CC94000D78A5F13003092B0B460CD81F4613F869
:10CCA400015FA5F13006092EF8D9C1F101016144F3
:10CCB4000F440FFA87FC2E2D00F0A5801D7805F097
:10CCC400DF016746452935D15D782D2D00F08D8033
:10CCD4002B2D00F0E780A5F13006F1B2092929D8FF
:10CCE4000133002108E013F8015FA5F130065FFA73
:10CCF40086F8B8F1090F18D801EB810106EB410160
:10CD040001EB0C07B7F59A7FEDDDBEF1000F00F0E3
:10CD1400B780B9F1000F40F0BD8000220123A2606A
:10CD240023700AE04FF000094CE7BEF1000F01D078
:10CD3400ACEB010705B3002323702046BDE8F8835C
:10CD4400BCF1000F40F09580B9F1000F46D04FF0D0
:10CD540000469C45AE41FFF474AF5B424FF00202C3
:10CD640065EB45052270C4E90235E6E791F801E078
:10CD74004FF00009013125E707F1260387EAE7753B
:10CD84004C2BA5EBE77505D8B0F5000F72F1000345
:10CD9400C0F0A480114619F035F9002F41EC170BAF
:10CDA4007DDD494B03F1480105F001026D1022B10C
:10CDB40093ED006B27EE067B25B108338B42F3D14C
:10CDC4009FED3D7BB9F1000F01D0B1EE477B042309
:10CDD400204684ED027B2370BDE8F88303222046BD
:10CDE400C4E902352270BDE8F8839D78A5F13006C8
:10CDF400F1B209299ED802334FF0010E71E70B46B8
:10CE040070467246F4465D785F1CA5F13006F6B2B2
:10CE1400092E1DD8DFF8C080B0F1993F0CF1FF3323
:10CE240072EB080116D2910017F8015F0FFA83FC28
:10CE3400830041EA90711B1842EB0101DB18494160
:10CE4400F018A5F1300641F10002F6B2092EE3D93B
:10CE54003B4634E77D787B1CA5F1300109293FF678
:10CE64002EAF17F8025FA5F13003092BF2D93B4628
:10CE740025E7B5F5801FBFF4E4AE4FF0000C07E7DB
:10CE84000020B9F1000F08D110490423C4E90201BC
:10CE9400237052E74FF0004240E70D49F5E791D087
:10CEA4000C4B7FE79D78A5F13006F1B209293FF6D6
:10CEB40041AF023315E700BF000000000000F87F17
:10CEC40099999919CDCCCCCC801E00600000F07FDC
:10CED4000000F0FF381E00609999010007EE900AE7
:10CEE400002FF8EEE77A1ADD0E4B03F1180105F076
:10CEF40001026D1022B193ED007A67EE877A25B1B5
:10CF040004339942F3D1DFED087AB9F1000F01D06F
:10CF1400F1EE677A0123C4ED027A23700DE7F4D0B1
:10CF2400024BE2E7201E00600000C07F081E006084
:10CF3400036863B3197911F0100200B511D01A888F
:10CF44004FF6FF7C624548D0D0F804E04FEAD21C8B
:10CF540002F07F00DEF82C2002EBCC02526802EBD8
:10CF6400C0021E2911D8DFE801F03610101010108D
:10CF74003410101014101410201010101010101071
:10CF840010101010191019102A00012000BD1846A5
:10CF940070471868003818BF012000BDD2E900327C
:10CFA400134314BF0120002000BDD3ED007AF5EE39
:10CFB400407AF1EE10FA14BF0120002000BD92ED7A
:10CFC400007BB5EE407BF1EE10FA14BF0120002087
:10CFD40000BD187800BD002000BD0022C1E700BFDD
:10CFE400016899B30B7913F0100200B585B012D023
:10CFF4000A884FF6FF7C624500F09E80D0F804E07A
:10D004004FEAD21C02F07F00DEF82C2002EBCC02A7
:10D01400526802EBC002023B1C2B14D8DFE803F079
:10D02400191318694013131325130F132C13131317
:10D034001313131313131313601342134C000868D0
:10D04400B0F5803F35D3002005B000BD08467047D9
:10D0540009686846FFF7A4FD9DF80030013B032BE7
:10D06400F1D8DFE803F0615951490868B0F5803F11
:10D0740028BF002080B2E7E7D1ED007AF5EEC07A50
:10D08400F1EE10FADFDB9FED307AF4EEC77AF1EEC1
:10D0940010FAD8D8FCEEE77A17EE903A98B2D3E7B4
:10D0A4000878D1E7D2E90003B0F5803F73F10003BB
:10D0B400C9D280B205B000BD92ED007BB5EEC07B55
:10D0C400F1EE10FABFDB9FED1E6BB4EEC67BF1EE02
:10D0D40010FAB8D8BCEEC77B17EE103A98B2B3E793
:10D0E400D2E90003B0F5803F73F10003E1D30020DF
:10D0F400DFE709680831ACE79DED027BB5EEC07B44
:10D10400F1EE10FADFDA9EE7DDE90203B0F5803FC5
:10D1140073F10003CDD3EAE7DDE90203B0F5803F04
:10D1240073F100038FD2C4E7DDED027AF5EEC07A25
:10D13400F1EE10FAA7DA86E700226CE7AFF300807D
:10D1440000000000E0FFEF4000FF7F470000000008
:10D15400016891B30B7913F0100200B587B012D0B7
:10D164000A884FF6FF7C624500F09F80D0F804E007
:10D174004FEAD21C02F07F00DEF82C2002EBCC0236
:10D18400526802EBC002023B1C2B13D8DFE803F009
:10D194001812176A4012121224120F122B121212B2
:10D1A4001212121212121212611242124C00086868
:10D1B400FF2836D9002007B000BD0846704709682B
:10D1C40002A8FFF7EDFC9DF80830013B032BF1D8D2
:10D1D400DFE803F0635B534B0868B0F5807F28BF3A
:10D1E4000020C0B2E7E7D1ED007AF5EEC07AF1EEA7
:10D1F40010FADFDB9FED307AF4EEC77AF1EE10FA25
:10D20400D8D8FCEEE77ACDED017A9DF80400D2E798
:10D214000878D0E7D2E90003B0F5807F73F100030A
:10D22400C8D2C0B207B000BD92ED007BB5EEC07BA2
:10D23400F1EE10FABEDB9FED1E6BB4EEC67BF1EE91
:10D2440010FAB7D8FCEEC77BCDED017A9DF8040047
:10D25400B1E7D2E90003B0F5807F73F10003E0D3B6
:10D264000020DEE709680831AAE79DED047BB5EEEE
:10D27400C07BF1EE10FADEDA9CE7DDE90403B0F5D9
:10D28400807F73F10003CCD3EAE7DDE90403B0F552
:10D29400807F73F100038DD2C3E7DDED047AF5EEF0
:10D2A400C07AF1EE10FAA5DA84E700226BE700BF3A
:10D2B4000000000000E06F4000007F4370B584B0C0
:10D2C40004AC04E90E0000297BD09DF80C200D4627
:10D2D400002A48D1029C0646032C4AD814F0FF00C9
:10D2E40072D0013801F1FF3C51FA80F0634613F823
:10D2F400011F002908BF42F001028342F7D1002A2E
:10D304004CD0089B986840B1C3889C4238D00068D0
:10D31400002832D1B4F5803F50D2089B04F10900B3
:10D324002D491A6813681B688B4250D119F098F97B
:10D33400002843D001236A1EC11DC4808380931C2E
:10D3440012F801CF5B1B01F801CF9C42F7D80023F0
:10D3540004442372089B9B680360089B9860052320
:10D364003060337102E0042301600371012004B0D2
:10D3740070BD089B98680028CCD0C3889C42C6D155
:10D384006A1EC11D01E09C4214D9931C11F801CFFF
:10D3940012F801EF5B1BE645F5D0B8E702233371C1
:10D3A400731E1CF8012F844503F8012FF9D10023C3
:10D3B4003355DBE7838801338380D0E70123089A60
:10D3C4001371002004B070BD02233371EFE70146EE
:10D3D40010469847ACE700BF31A400002DE9F043A4
:10D3E400456891B035B300F10C0203468E460DF149
:10D3F4001C0CD0E9026407CA8CE80700D4B12A796E
:10D40400DAB1202A16D10AAF99463346F0469CE891
:10D41400070087E807002146089A2846FFF7AEF977
:10D42400044680B131462046FFF740FB0A23C4F886
:10D434000080237111B0BDE8F08320222A714FF0DF
:10D44400FF322A60DFE797E807000DAB83E80700A7
:10D45400314603A8FFF7FEF9039F002FEAD03146B7
:10D4640005A8FFF7F7F9059C002CE3D00DAB009657
:10D4740038460ECBFFF722FF0028DBD0BDF818207A
:10D484004FF6FF71D9F808C0FA806B88BDF8100018
:10D494008B420CD0F16ADE0903F07F0301EBC60175
:10D4A4006646496801EBC303D8806A80BAE76646DA
:10D4B40028806A80B6E700BF2DE9F043456891B043
:10D4C40035B300F10C0203468E460DF11C0CD0E975
:10D4D400026407CA8CE80700D4B12A79DAB1202A99
:10D4E40016D10AAF99463346F0469CE8070087E810
:10D4F40007002146089A2846FFF740F9044680B100
:10D5040031462046FFF7D2FA0A23C4F8008023717B
:10D5140011B0BDE8F08320222A714FF0FF322A6057
:10D52400DFE797E807000DAB83E80700314603A85F
:10D53400FFF790F9039F002FEAD0314605A8FFF7C3
:10D5440089F9059C002CE3D00DAB009638460ECB30
:10D55400FFF7B4FE0028DBD0BDF818204FF6FF71AA
:10D56400D9F808C0FA806B88BDF810008B420CD043
:10D57400F16ADE0903F07F0301EBC60166464968E0
:10D5840001EBC303D8806A80BAE7664628806A80C4
:10D59400B6E700BF00000000037913F0100200B5E5
:10D5A40085B010D002884FF6FF7C624500F097806A
:10D5B400D1F82CC04FEAD21E02F07F010CEBCE0250
:10D5C400526802EBC102023B1C2B17D8DFE803F0C0
:10D5D4002E166D847E16161680166F167116161684
:10D5E40016161616161616160F167B161900D2E9FD
:10D5F4000003B0F1004F73F1000300D3002005B025
:10D6040000BD92ED007B9FED386BB4EEC67BF1EE6E
:10D6140010FAF3DB9FED366BB4EEC67BF1EE10FA35
:10D62400ECD8FDEEC77B17EE900AE8E701466846A2
:10D63400FFF7B6FA9DF80030013B032BDED8DFE894
:10D6440003F01F140C029FED286B9DED027BB4EEDA
:10D65400C67BF1EE10FAD1DBDCE7DDE90203B0F1C1
:10D66400004F73F10003CAD3C8E7DDE9020310F1E8
:10D67400004243F10003002B18BF002005B000BD99
:10D68400DDED027A9FED1C7AF4EEC77AF1EE10FA22
:10D69400B4DB9FED1A7AF4EEC77AF1EE10FAADD846
:10D6A400FDEEE77A17EE900AA9E70168BFE7006884
:10D6B400A5E7D0ED007A9FED107AF4EEC77AF1EE8B
:10D6C40010FA9BDBE5E7D2E90003D0E7007896E7A0
:10D6D400006820EAE07092E701680831A7E70022B9
:10D6E40071E700BFAFF30080000000000000E0C15C
:10D6F4000000C0FFFFFFDF41000000CFFFFFFF4E2F
:10D70400037913F0100200B585B010D002884FF6EB
:10D71400FF7C624500F09780D1F82CC04FEAD21EFE
:10D7240002F07F010CEBCE02526802EBC102023B15
:10D734001C2B17D8DFE803F02E166D847E16161600
:10D7440080166F1671161616161616161616161657
:10D754000F167B161900D2E90003B0F1004F73F1E4
:10D76400000300D3002005B000BD92ED007B9FEDC7
:10D77400386BB4EEC67BF1EE10FAF3DB9FED366B3B
:10D78400B4EEC67BF1EE10FAECD8FDEEC77B17EED3
:10D79400900AE8E701466846FFF702FA9DF8003070
:10D7A400013B032BDED8DFE803F01F140C029FEDCE
:10D7B400286B9DED027BB4EEC67BF1EE10FAD1DB53
:10D7C400DCE7DDE90203B0F1004F73F10003CAD3D3
:10D7D400C8E7DDE9020310F1004243F10003002B26
:10D7E40018BF002005B000BDDDED027A9FED1C7A64
:10D7F400F4EEC77AF1EE10FAB4DB9FED1A7AF4EE88
:10D80400C77AF1EE10FAADD8FDEEE77A17EE900A7A
:10D81400A9E70168BFE70068A5E7D0ED007A9FEDAE
:10D82400107AF4EEC77AF1EE10FA9BDBE5E7D2E961
:10D834000003D0E7007896E7006820EAE07092E7FA
:10D8440001680831A7E7002271E700BFAFF3008049
:10D85400000000000000E0C10000C0FFFFFFDF4146
:10D86400000000CFFFFFFF4E037913F0100200B554
:10D8740087B010D002884FF6FF7C624500F09D808F
:10D88400D1F82CC04FEAD21E02F07F010CEBCE027D
:10D89400526802EBC102023B1C2B13D8DFE803F0F1
:10D8A4002A1259838112121286120F125B1212125B
:10D8B400121212121212121270127912150000684A
:10D8C400FF2833D9002007B000BD92ED007BB5EEF0
:10D8D400C07BF1EE10FAF5DB9FED396BB4EEC67B3D
:10D8E400F1EE10FAEED8FCEEC77BCDED017A9DF88F
:10D8F4000400E8E7014602A8FFF752F99DF8083052
:10D90400013B032BDED8DFE803F01C140A029DED73
:10D91400047BB5EEC07BF1EE10FADDDAD2E7DDE987
:10D924000403B0F5807F73F1000330D2C0B207B0B6
:10D9340000BDDDE90403B0F5807F73F10003C1D2BB
:10D94400F4E7DDED047AF5EEC07AF1EE10FA09DAC7
:10D95400B8E70168CFE7D0ED007AF5EEC07AF1EED2
:10D9640010FAAFDB9FED187AF4EEC77AF1EE10FAF5
:10D97400A8D8FCEEE77ACDED017A9DF80400A2E781
:10D98400D2E90003B0F5807F73F10003CED3002009
:10D99400CCE7D2E90003B0F5807F73F1000391D2A4
:10D9A400C4E700788FE701680831A4E70068B0F5A0
:10D9B400807F28BF0020C0B285E700226BE700BF4C
:10D9C4000000000000E06F4000007F430000000002
:10D9D400037913F0100200B585B010D002884FF619
:10D9E400FF7C624500F09C80D1F82CC04FEAD21E27
:10D9F40002F07F010CEBCE02526802EBC102023B43
:10DA04001C2B14D8DFE803F02A1359828013131354
:10DA140085130F135B13131313131313131313131C
:10DA24006F13781316000068B0F5803F32D30020DE
:10DA340005B000BD92ED007BB5EEC07BF1EE10FAAF
:10DA4400F5DB9FED396BB4EEC67BF1EE10FAEED840
:10DA5400BCEEC77B17EE103A98B2E9E70146684678
:10DA6400FFF79EF89DF80030013B032BDFD8DFE879
:10DA740003F01C140A029DED027BB5EEC07BF1EEAF
:10DA840010FADEDAD3E7DDE90203B0F5803F73F183
:10DA940000032FD280B205B000BDDDE90203B0F56A
:10DAA400803F73F10003C2D2F4E7DDED027AF5EEB4
:10DAB400C07AF1EE10FA09DAB9E70168CFE7D0EDE0
:10DAC400007AF5EEC07AF1EE10FAB0DB9FED187A29
:10DAD400F4EEC77AF1EE10FAA9D8FCEEE77A17EE65
:10DAE400903A98B2A4E7D2E90003B0F5803F73F10D
:10DAF4000003CFD30020CDE7D2E90003B0F5803F87
:10DB040073F1000393D2C5E7007891E70168083107
:10DB1400A5E70068B0F5803F28BF002080B287E702
:10DB240000226CE7AFF3008000000000E0FFEF404C
:10DB340000FF7F4700F10C022DE9F04FD0E90135D9
:10DB440087B007CA8DE80700002B4BD006AC04E968
:10DB540007001A79202A44D18146002841D01B8825
:10DB64004FF6FF7843453CD0DA09EF6A03F07F03B0
:10DB740007EBC202506810EBC30032D04D1E8A4638
:10DB8400B0F806B001264D44D6B10379042B46D033
:10DB9400052B3FD0022B29D104461BF0F1F8504548
:10DBA4000ED1BAF1000F24D009F1FF33601E01E059
:10DBB400AB421ED013F8011F10F8012F9142F7D089
:10DBC400C3450ED04FEADB130BF07F0B07EBC30307
:10DBD400586810EBCB0004D086F00106B0F806B00C
:10DBE400D2E70023184607B0BDE8F08FBAF1000F62
:10DBF400E6D14FF6FF739B45F3D04FEADB130BF0EE
:10DC04007F0B07EBC3077B6803EBCB03184607B016
:10DC1400BDE8F08F036803F10804D888BFE70468FF
:10DC24002046002CBBD01BF0ABF8B8E708B5FFF7D3
:10DC340081FF20B10079B0FA80F0400908BD0120CD
:10DC440008BD00BF10B584B00446FFF773FF48B3A6
:10DC5400037913F0100211D002884FF6FF718A4243
:10DC640072D0D4F808E04FEAD21C02F07F01DEF84B
:10DC74002C2002EBCC02526802EBC102023B1C2BAB
:10DC840010D8DFE803F0180F25272A0F0F0F300FE5
:10DC9400350F3A0F0F0F0F0F0F0F0F0F0F0F3D0F11
:10DCA400440F13009FED290A04B010BD92ED000B40
:10DCB400B7EEC00BF8E701466846FEF771FF9DF822
:10DCC4000030013B032BEDD8DFE803F03B342D2873
:10DCD4000168F1E701680831EEE7037800EE103AD5
:10DCE400B8EE400AE0E790ED000AB8EE400ADBE740
:10DCF40090ED000AB8EEC00AD6E790ED000AD3E72B
:10DD0400D2E9000118F07CFA00EE100ACCE7D2E95F
:10DD1400000118F07DFA00EE100AC5E79DED020B34
:10DD2400B7EEC00BC0E7DDE9020118F069FA00EEB6
:10DD3400100AB9E7DDE9020118F06AFA00EE100AE8
:10DD4400B2E79DED020AAFE7002297E7000000006A
:10DD540038B505460C46FFF7EDFE78B30379A9689C
:10DD640013F010020ED002884FF6FF7C624541D0BA
:10DD74004FEAD21E02F07F0CCA6A02EBCE0252684E
:10DD840002EBCC020A3B122B18D8DFE803F025176C
:10DD94002B171717171717171717171717170A1708
:10DDA40019001368B3F5807F536873F1000334BF1F
:10DDB4000123002313B1FFF757FD0446204638BD65
:10DDC400D2E900C3002BF9DBBCF5807F73F10003BB
:10DDD400B4BF01230023EDE70368FF2B8CBF0023AE
:10DDE4000123E7E70368002BE8DBFF2BCCBF00230C
:10DDF4000123DFE70022C5E72DE9F04F456893B022
:10DE040050F8046B09AB07C883E80700002D67D0FE
:10DE140096F83C20002A67D0202A40F0A08006F122
:10DE240038020392039A4FF6FF77148893E80700A9
:10DE3400BC420CAB83E8070060D0E309D6F82C9011
:10DE440004F07F0409EBC303586810EBC40055D0F9
:10DE5400DDF828800124B0F806A0F4B10379042B7E
:10DE640000F08B80052B00F08380022B7CD183464D
:10DE74001AF086FF804510D1B8F1000F21D06B1E37
:10DE84000BF1FF3008EB030C01E09C4519D013F8AB
:10DE9400011F10F8012F9142F7D0BA452ED04FEA56
:10DEA400DA130AF07F0A09EBC303586810EBCA00BF
:10DEB40024D084F00104B0F806A0CEE7B8F1000F36
:10DEC400EBD14FF6FF739A4518D04FEADA130AF0F4
:10DED4007F0A09EBC309D9F8045015EBCA050DD024
:10DEE400284613B0BDE8F08F20224FF0FF3106F131
:10DEF4003800B163039086F83C2093E70CAB93E8B9
:10DF040007000FAB83E80700314605A8FEF7A2FC23
:10DF1400059C24B3314607A8FEF79CFC079DF5B188
:10DF24000FAB009620460ECBFFF7C8F9B8B1BDF889
:10DF340020204FF6FF71039BE2805B88BDF8180038
:10DF44008B4223D0F16ADC0903F07F0301EBC401A7
:10DF5400496801EBC303D880039B5A80C0E70025BE
:10DF6400284613B0BDE8F08FB8F1000F95D1A8E7AB
:10DF7400036803F1080BD8887CE7D0F800B0BBF144
:10DF8400000F9BD058461AF0FBFE73E7039B1880E2
:10DF9400E2E700BFF8B505460C46FFF72DFF06463D
:10DFA4002F684CB338B320461AF0EAFE05463946CA
:10DFB4003046FEF77BFD032D64D815F0FF0069D0D1
:10DFC400013804F1FF3C002254FA80F0634613F850
:10DFD400011F002908BF42F001028342F7D18AB928
:10DFE40002233371731E1CF8012F844503F8012F9B
:10DFF400F9D100237355F8BD0028FCD03946FEF74B
:10E0040055FDF8BDB868A8B1C3889D420CD1631E04
:10E01400C21D05EB030E01E09E452CD013F801CF81
:10E0240012F8011F8C45F7D000680028ECD1B5F533
:10E03400803F1DD23A6805F10900184913681B682E
:10E044008B4223D118F00CFB90B10123013CC58015
:10E0540083802919C31D14F8012FA14203F8012F4D
:10E06400F9D1002305442B72BB680360B86005E056
:10E0740001233B71F8BD838801338380052330601D
:10E084003371F8BDB8680028BED1D0E70146104608
:10E094009847D9E702233371ABE700BF31A40000EE
:10E0A4002DE9F041446890B004B3826800F10C0398
:10E0B4000DF11C0CD0F80CE0164693E807008CE830
:10E0C4000700BEF1000F1CD023799BB1202B18D17F
:10E0D40027460AAD33469CE8070085E8070020463A
:10E0E4007146089AFEF74AFB044678B1204610B000
:10E0F400BDE8F0812023274623714FF0FF332360CE
:10E10400E7E70024204610B0BDE8F08195E8070059
:10E114000DAB83E80700314603A8FEF79BFB039D84
:10E12400002DE3D0314605A8FEF794FB059B9846E5
:10E13400002BDBD00DAB009628460ECBFFF7BEF8C4
:10E144000028D3D0BDF818204FF6FF71BDF8100099
:10E15400EA807B888B420CD0F16ADC0903F07F03F0
:10E1640001EBC4014446496801EBC303D8807A80BB
:10E17400BCE7444638807A80B8E700BF2DE9F04F09
:10E1840050F8044B87B094F83C3006AD07C8202BF8
:10E194008DE8070005E9070044D18146002841D0F5
:10E1A400238F4FF6FF7843453CD0DA09E76A03F042
:10E1B4007F0307EBC202506810EBC30032D04D1E40
:10E1C4008A46B0F806B001264D44D6B10379042B33
:10E1D40044D0052B3DD0022B28D104461AF0D0FDA3
:10E1E40050450ED1BAF1000F23D009F1FF33601E60
:10E1F40001E0AB421DD013F8011F10F8012F91422A
:10E20400F7D0C3450ED04FEADB130BF07F0B07EBBF
:10E21400C303586810EBCB0004D086F00106B0F8B5
:10E2240006B0D2E7002007B0BDE8F08FBAF1000FC6
:10E23400E7D14FF6FF739B45F4D04FEADB130BF0A5
:10E244007F0B07EBC307786800EBCB0007B0BDE892
:10E25400F08F036803F10804D888C1E704682046F6
:10E26400002CBDD01AF08CFDBAE700BF08B5FFF74B
:10E2740085FF20B10079B0FA80F0400908BD012083
:10E2840008BD00BF10B582B0044608460191FFF7EF
:10E2940075FF01990B6818B10279202A18BF002074
:10E2A400C4E90003204602B010BD00BF00B583B02E
:10E2B4000191FFF763FF019950B103791A1F012AF5
:10E2C40001D9022B04D1042B05D0052B05D001461E
:10E2D400084603B000BD0168FAE701680831F7E7B2
:10E2E40038B505460C46FFF749FF78B3037929682A
:10E2F40013F010020ED002884FF6FF7C624543D023
:10E304004FEAD21E02F07F0CCA6A02EBCE025268B8
:10E3140002EBCC020A3B122B18D8DFE803F02517D6
:10E324002C171717171717171717171717170A1771
:10E3340019001368B3F5803F536873F1000334BFC9
:10E344000123002313B1FFF743FB0446204638BDE5
:10E35400D2E900C3002BF9DBBCF5803F73F1000365
:10E36400B4BF01230023EDE70368B3F5803F2CBF5E
:10E3740000230123E6E70368002BE7DBB3F5803FC6
:10E38400ACBF00230123DDE70022C3E70000000047
:10E39400037913F0100200B585B00FD002884FF650
:10E3A400FF7C62457ED0D1F82CC04FEAD21E02F029
:10E3B4007F010CEBCE02526802EBC102023B1C2B24
:10E3C4001ED8DFE803F0271D4F6A6D1D1D1D511D6A
:10E3D400531D571D1D1D1D1D1D1D1D1D1D1D201DF6
:10E3E400201D0F0092ED007BB5EEC07BF1EE10FA1C
:10E3F40006DB9FED316BB4EEC67BF1EE10FA53D918
:10E40400002005B000BDD2E90003002B18BF002096
:10E4140005B000BD01466846FEF7C2FB9DF800301A
:10E42400013B032BECD8DFE803F015100A029DED45
:10E43400027BB5EEC07BF1EE10FADADAE0E7DDE953
:10E444000203002B18BF0020DBE7039B002BD7D16E
:10E454000298D6E7DDED027AF5EEC07AF1EE10FA15
:10E464000FDACDE70168D6E70068CAE7006820EA5A
:10E47400E070C6E7D0ED007AF5EEC07AF1EE10FA5E
:10E48400BEDB9FED0F7AF4EEC77AF1EE10FAB7D83F
:10E49400FCEEE77A17EE900AB3E701680831BAE7B1
:10E4A4000078AEE7002289E7FCEEC77B17EE900AFE
:10E4B400A7E700BFAFF300800000E0FFFFFFEF41DC
:10E4C400FFFF7F4F38B505460C46FFF757FE38B3BC
:10E4D4000379296813F010020ED002884FF6FF7CEE
:10E4E400624523D04FEAD21E02F07F0CCA6A02EBC7
:10E4F400CE02526802EBCC020A3B122B10D8DFE8A2
:10E5040003F00C0F110F0F0F0F0F0F0F0F0F0F0F43
:10E514000F0F0A0F0A00536813B9FFF739FF0446B7
:10E52400204638BD0368002BF7DAF9E70022E3E759
:10E53400437E024663B1037EB3B1093BDBB2172BC2
:10E5440016D80F4921FA03F3DB0711D500235376BC
:10E55400D2E904318B420FD2581C012110611B787F
:10E5640051761376002BE8D1107B0130C0B270478E
:10E5740001230020137370474FF480731383F3E770
:10E58400130080000346407E08B1187E7047D3E92B
:10E5940004218A4202D2511C196110780122187692
:10E5A4005A767047437E2DE9F041044688B0884688
:10E5B400002B3FD0037E002104F11F00A34F01264E
:10E5C4008E4617E02A2B27FA02F220D9D2071ED54D
:10E5D4003F291CD084F819E05FFA8CF100F8013F60
:10E5E400236965695A1CAB4280F0DA8022611B788A
:10E5F40066762376A3F1300201F1010C092AE7D9EA
:10E60400A3F12B02452BD2B2DCD9652BE0D06318E1
:10E61400002204F1200104A883F82020FEF7C0FAA8
:10E624009DF81030013B032B00F20D81DFE803F06D
:10E6340035271E0DD0E904218A4202D2531C0361FE
:10E644001378012223766276B5E79DED067BF7EE1B
:10E65400C76BB7EEE65AB4EE457BF1EE10FA52D131
:10E664000E23C8ED006A88F804301CE0DDE9067664
:10E67400EEB90A23C8F8007088F8043013E0DDE925
:10E68400066716F1004347F10003002B60D10C2309
:10E69400C8F8006088F8043005E0069A0E23C8F82C
:10E6A400002088F80430002008B0BDE8F081E46957
:10E6B4004FF6FF73A28E9A4240F08380238E226825
:10E6C400002B00F0B280013BE06A99B200EBC10C70
:10E6D400DCF80430002B00F0A88030F831E0BCF8FE
:10E6E4000200864540F2A18003EBC00300EBC11297
:10E6F4000130ACF80200A8F800201A2288F804209F
:10E70400C3E90076CFE7E4694FF6FF72A38E934224
:10E7140064D1238E2268002B6DD0013BE06A9BB24A
:10E7240000EBC3067168002965D030F83370708837
:10E73400874260D901EBC00200EBC3130130708043
:10E744001E21A8F8003088F8041082ED007BAAE7A7
:10E75400E4694FF6FF73A28E9A4225D1238E226874
:10E76400002B57D0013BE06A99B200EBC10CDCF8F6
:10E774000430002B4ED030F831E0BCF8020086455E
:10E7840048D903EBC00300EBC1120130ACF802001E
:10E79400A8F800201C2288F80420C3E9006782E757
:10E7A4004FF48073238332E7D109E36A03EBC10397
:10E7B40002F07F015B6833F8310003EBC103A086EC
:10E7C400E6E7D109E36A03EBC10302F07F015B686A
:10E7D40033F8310003EBC103A0868CE7D909E26A60
:10E7E40002EBC10203F07F01526832F8310002EB00
:10E7F400C102A086A4E704F10C0102A88DED007B00
:10E80400FDF71AFF029A9DED007BCAB9012304208B
:10E81400237149E704F10C0102A8FDF70DFF029BE7
:10E82400002BF3D0BDF80C20B2E704F10C0102A8D0
:10E83400FDF702FF029B002BE8D0BDF80C205AE73D
:10E84400BDF80C307CE703202EE700BF0D00000468
:10E854002DE9F041064600688846222103681746E0
:10E864001B689847736803447360B7B147441D4DF0
:10E8740018F8011B22241C4B5A788A421ED013F824
:10E88400024F9D42F8D13068036881B11B689847F4
:10E8940073681844B8457060EAD13068222103686F
:10E8A4001B689847736803447360BDE8F0815B6834
:10E8B40006220E49984773681844EBE730680368EA
:10E8C400002CE2D01B685C2198472146D6E900233E
:10E8D40003441468104622687360904773681844B0
:10E8E400D8E700BF8A2000207C2000208C20002054
:10E8F4002DE9F04F467E87B00446002E00F0B0802C
:10E90400067E00224FF0010A1346934617466276AC
:10E91400EBB960692369834280F0C6805A1C226186
:10E924001D786776B542257615D0002D00F0C1809C
:10E934005C2D1AD06368B3B1A168DA88914271D0B2
:10E944000B444A1CA2601D72637E002BE1D0257E1D
:10E954006776B542E9D16068B0FA80F0400980007A
:10E9640007B0BDE8F08F637ED2E7D4E90430834278
:10E9740080F02E815A1C22611A7884F819A022761C
:10E98400002A00F09680752A12D0994B2F2103F1AA
:10E9940012008A4207D013F8021F8342F9D10320E0
:10E9A40007B0BDE8F08F5D78002DF8D06776C1E739
:10E9B40000254FF0040E6776AC462369984203F1B4
:10E9C400010240F2F38022611A7822F020032276B9
:10E9D400002A00F0ED80373B402ADBB201DC303AFC
:10E9E400D3B243EA05110F2B0EF1FF3E8DB264D86A
:10E9F4001EF0FF0E84F819C0DFD105F520539BB239
:10EA0400B3F5806F45D305F510539BB2B3F5806F12
:10EA140059D37F2D2B465CD8C9B22046FDF7F8FFA9
:10EA2400637E75E74900226801F10108D2F800907D
:10EA34000192B8F5803F1CD2D9F800200A319268BF
:10EA440010466C4A904227D11846029318F0FAF8FF
:10EA5400029B70B1A0F806800346A16860606FE76E
:10EA6400D0E90432934202D25A1C02611E782676FF
:10EA740047E7D9F80020604952688A4279D118469C
:10EA840017F0F6FD0123019A137100236360637E7E
:10EA94003EE7C1F3090B3DE70A46029319460346D4
:10EAA40048469847029BD4E700232383002E3FF473
:10EAB40052AF022007B0BDE8F08F03200123637634
:10EAC40007B0BDE8F08FC1F3090343EA8B2303F5D4
:10EAD400803303F03F029B0962F07F021F2B8DF805
:10EAE40011204FF000028DF8102046D903F03F02A8
:10EAF40062F07F028DF81220C3F389129BB20F2AB1
:10EB040058D862F01F020DF11408D5B28DF81350D5
:10EB140008F1FF38019607E01E440133A360357203
:10EB240018F8015D002D30D06668002EF8D0A36877
:10EB3400F2889342F0D15A00236802F1010902934A
:10EB44001B68B9F5803F23D202F10A011A68926862
:10EB540010469446274A90423ED13046039318F01B
:10EB640071F8039BA0B1A0F806900646A368606004
:10EB7400D2E719464846904784E763F03F030DF116
:10EB84001308DDB28DF81250C2E7019E637EBFE622
:10EB94001A68194952688A4225D1304617F068FD2F
:10EBA4000123029A137100236360B9E700232376DB
:10EBB400022083E702F03F021B0B0DF1150862F0FF
:10EBC4007F0243F0F0058DF813208DF814509FE771
:10EBD4004FF4807323836CE70A4618460393314647
:10EBE400E047039BBEE7314618469047D8E700BF8D
:10EBF4007820002021A4000029A40000437E2DE9F0
:10EC0400F047964688B0A3B190F818C0BCF1000F45
:10EC14001FD0ACF1090475460A460346E4B2172C2A
:10EC24001ED8DFF870C32CFA04F4E40758D5002288
:10EC34004276D0E90432934280F042825A1C026147
:10EC4400012293F800C0427680F818C0BCF1000F8E
:10EC5400DFD1047B0134E4B2204608B0BDE8F0877C
:10EC640001210173417E61B9D3E90410814280F02E
:10EC74005882481C1861012091F800C0587683F826
:10EC840018C0BCF17B0F30D8BCF15A0F40F26A8136
:10EC9400ACF15B0CBCF1200F27D8DFE81CF0F400CA
:10ECA4002600260026002600260026002600260030
:10ECB400260026003B01260026002600260026000A
:10ECC400260026001F012600260026002600260016
:10ECD400FF002600260026002600260026002C0021
:10ECE4000120597E18730029BED011461846FFF73B
:10ECF40059FC0446B0E720244FF0FF30E9B2147108
:10ED04000E461060002900F0C780596915464FF07F
:10ED1400000E4FF0010C0A4618699E49904200F11A
:10ED2400010483F819E080F018811C61007883F8ED
:10ED340019C0A0F109041876002800F01181E0B28E
:10ED4400172821FA00F401D8E107E5D40124184674
:10ED540001931C730295FFF715FC7D28019B00F0BD
:10ED640096811C46029F00226368A260002B00F07B
:10ED7400F1812046FFF706FC272800F0C5812228F0
:10ED840000F0C2812046FFF7FDFBA0F130020346EC
:10ED9400D2B2092A0AD9A0F15F02D2B21B2A05D93C
:10EDA400A0F14102D2B2192A00F2D380626815465A
:10EDB4004FF0000229466276002D00F04F81A268D0
:10EDC400E888824200F0828111440132A2600B7211
:10EDD400637E002B00F040816268237E1546A3F118
:10EDE4003002D2B2092AE3D9A3F15F02D2B21B2ABC
:10EDF400DED9A3F14102D2B2192AD9D9002D00F0EB
:10EE040063812046FFF794FB00283AD10190204605
:10EE1400FFF7B8FB3A2840F09C80019A3846D4E9C1
:10EE2400013162760B441A726168E3690831A268A1
:10EE34000193FDF7A3FC0199002800F09C81019047
:10EE4400FDF734FE019A11462046721EFFF7D6FEE6
:10EE5400B8B92046FFF76CFB98B901902046FFF73C
:10EE640091FB7D2800F012812046FFF78BFB2C28B4
:10EE74006FD1019B20466376FFF75AFB00283FF4CD
:10EE840072AF0446E8E640244FF0FF30E9B2147153
:10EE94001060002940F08C800524DDE60121062065
:10EEA4001170597E1071002900F0EC80197E3A4AE5
:10EEB400002955D0107888424BD1013237490020BF
:10EEC4008A42587647D0D3E90410814245D24C1C7B
:10EED40001201C61097858761976E9E75A7E002AE0
:10EEE40000F0CE80197E2E4A002939D0107888424D
:10EEF4002FD101322B4900208A4258762BD0D3E9F6
:10EF04000410814229D24C1C01201C6109785876D6
:10EF14001976E9E7002106201170597E1071002945
:10EF240000F0B280197E204AD1B11078884210D105
:10EF340001321E4900208A4258760CD0D3E90410CD
:10EF440081420AD24C1C01201C610978587619763A
:10EF5400EAE7032480E600247EE64FF480721A83F5
:10EF6400022479E6BCF1220F72D10020596898601E
:10EF7400002900F09080184602920193FFF7B8FC34
:10EF8400044600287FF468AEDDE90101FDF7AEFC1C
:10EF940062E600BF13008000942000209820002027
:10EFA400A4200020A82000209C200020A1200020D4
:10EFB4000024184603925C76CDE90131FFF7B8FAD4
:10EFC400044600287FF448AE0198FFF7DBFA5D2879
:10EFD400019B52D00299A046039E1C464F1EE26933
:10EFE40006A811460192FDF735FC069900296BD05D
:10EFF40073884FF6FF72BDF81C00934200F08C80BA
:10F00400019A4FEAD31C03F07F03D26A02EBCC02CD
:10F01400526802EBC303D88070803A462046FFF75B
:10F02400EDFD01462046002940F0DE80FFF780FA1E
:10F034000546002840F0D6802046FFF7A3FA5D2855
:10F0440019D02046FFF79EFA2C2882D16576C6E7B0
:10F05400BCF1270F89D048E663681D46D4E9043221
:10F06400934280F0CD805A1C22614FF001021B783C
:10F0740062762376B3E62346444600225A76EBE5CD
:10F08400614A3CE7614A1EE7614A57E7234600228A
:10F0940014465A76E0E51C682068016809680D4644
:10F0A4005C498D42CDE901323FD1282017F0D8FACE
:10F0B400DDE90132002831D05749416058605AE7F0
:10F0C4004FF480730383C4E50424C5E5520021682A
:10F0D400501C8A460968B0F5803F8046894629D28B
:10F0E40009680A320193896808464C4988426FD1FD
:10F0F4001146284617F0A6FD019B0146D1B1A1F89F
:10F104000680A26861605FE62046FFF7F1FB0028F5
:10F114003FF477AE04469FE530807DE701212171FD
:10F12400CCE74FF480711983DFE52821A847DDE996
:10F134000132BFE7D9F80030394A5B68934255D1B0
:10F14400284617F095FA01238AF8043000236360F7
:10F15400637E3EE623682F4A18681D4603681B68D1
:10F16400934247D1282017F07BFA002837D02A4A47
:10F1740042606060FDE504A8FDF76CFB049A154647
:10F18400002AA1D0019906A8FDF764FB069A002A7B
:10F194009AD0BDF81C004FF6FF7EBDF814C0E8807D
:10F1A4007988714529D0019B4FEAD11E01F07F0176
:10F1B400DB6A03EBCE035B6803EBC103A3F806C071
:10F1C4007880294620460192FDF790FB019A3AE6A1
:10F1D4000346294648469847019B01468EE701228B
:10F1E4002A71C6E7044637E50C4635E52946484604
:10F1F4009847A8E728219847B7E7A7F800C0DFE7B2
:10F204004FF480732383F9E5A42000209420002088
:10F214009C20002031A4000001001F0021A4000054
:10F2240029A4000010B50446006803681B689847C9
:10F2340063680344636010BDB4EE400B2DE9F041F4
:10F24400F1EE10FA8AB006460CD1B5EE400B0B462F
:10F25400F1EE10FA12D030EE007BB4EE470BF1EE73
:10F2640010FA0BD130680422B94903685B689847E7
:10F274007368034473600AB0BDE8F081B5EEC00B57
:10F28400F1EE10FA00F12E811946002B00F04581B1
:10F29400012202EB820201394FEA4202F9D19FEDC9
:10F2A400A67BB4EEC70BF1EE10FAC0F2C180DFF812
:10F2B400B4C20025A74C4FF480700CF140014719EB
:10F2C400401091ED007BB4EEC07BF1EE10FA04D84F
:10F2D4003DB294ED007B20EE070B6145A4F10804D8
:10F2E400A1F10801EBD1FCEEC07B17EE90CABCF192
:10F2F400090F0ED96146984CA4FB02020846013B53
:10F30400A4FB017163284FEAD2025BB24FEAD10138
:10F31400F2D807EE902AB8EE676B07EE90CAB8EE03
:10F32400677B30EE470B20EE060BFCEEC07BB8EE9D
:10F33400676B17EE904A30EE460B30EE000BBCEED6
:10F34400C00B10EE101A0C44944210D30CF1010CB3
:10F35400002D18BFBCF1090F8CBF0122002240F21E
:10F36400D280013500244FF0010C2DB208E07A4A16
:10F374007A4904FB02F2B1EB720F2CBF0122002286
:10F38400002B0FDD72B1744A744F00E050B1A2FB40
:10F394000414013BE408D8B202FB04F15BB2B7EBFE
:10F3A400710FF3D20DF12607DFF8AC813946A8FBC3
:10F3B4000C20BCF1090F4FEAD00000EB8002ACEB4B
:10F3C4004202844602F1300201F8012DEFD8306880
:10F3D4007A1A0093D0F800C0DCF80480C047726841
:10F3E400009B02447260002B51D1002D3FF443AFC7
:10F3F40030686521ACB203681B6898477368002DB8
:10F4040003447360C0F282803946534DA5FB043235
:10F41400092C4FEAD20202EB8203A4EB430394B219
:10F4240003F1300301F8013DF0D830687A1A1CE783
:10F43400B5EEC00BF1EE10FA27DD9FED417BB4EE83
:10F44400C70BF1EE10FA20D8DFF81CC1B2EE046B42
:10F45400434C4FF480700CF1400100252F1A4010EA
:10F4640091ED007B27EE067BB4EEC07BF1EE10FA43
:10F4740004DD3DB294ED007B20EE070B6145A4F161
:10F484000804A1F10801E9D12DE700252BE7013B90
:10F494000DF12008304ADBB2C446C3F11F010DEB65
:10F4A400010EA2FB0410C00800EB8001A4EB410193
:10F4B400044630310CF8011DF445F2D16A46306837
:10F4C400A8EB03012E24D31A02399C770368A8EB16
:10F4D40001025B689847736803447360002D3FF42E
:10F4E400CAAE85E72D21304603938DED000BFFF75F
:10F4F40099FE039B9DED000B1946B1EE407B73B161
:10F50400B0EE470BC4E60122002439E764422D2102
:10F514003046A4B2FFF786FE76E70122BFE69FEDF0
:10F524000A6B0122B4EEC60BB0EE470BF1EE10FAF3
:10F534007FF6BDAE81E700BF00000000D01263413A
:10F54400F168E388B5F8E43E00000000D01263C11E
:10F55400A4200020781E0060CDCCCCCC99999919B8
:10F56400C01E0060801E0060381E006003792DE913
:10F57400F0470C4613F0100188B005460FD00188FF
:10F584004FF6FF70814200F0D481C809D26A01F0BD
:10F594007F0102EBC002526802EBC1021146023B3A
:10F5A4003E2B40D8DFE813F04B0054005A006700AC
:10F5B4006E003F003F003F007C003F00B6003F006C
:10F5C400F1003F003F003F003F003F003F003F008D
:10F5D4003F003F003F003F00FA003F002F013F0083
:10F5E40066013F006D013F003F003F003F003F00C8
:10F5F4003F003F003F003F003F003F003F003F000F
:10F604003F003F003F003F003F003F003F003F00FE
:10F614003F003F003F003F003F003F003F003F00EE
:10F624003F003F00960120680422C74903685B68D5
:10F63400984763680344636008B0BDE8F0872846D0
:10F6440019F09EFB294602462046FFF701F9F3E72D
:10F6540029682068CA8808310368E8E72D68002D06
:10F6640000F07081284619F08BFB0246294620469B
:10F67400FFF7EEF8E0E729682046CA880831FFF76B
:10F68400E7F8D9E720682B7802685568002B00F06A
:10F6940052810422AD49A847636803446360CBE701
:10F6A4000DF11E022B684FF00009A94D11464FF0D1
:10F6B400CC3E052713EB09089C464E4648F100084A
:10F6C400A5FB080A2AF0030000EB9A00A8EB000847
:10F6D400B3EB080369F100000EFB03F905FB009985
:10F6E400A3FB0530814403F001005B08A0FB070A7B
:10F6F40043EAC97310EB0800BCF10A0F4FEA590939
:10F7040000F1300076F1000601F8010DD2D2206834
:10F71400521A8BE72B68DD17002BC0F227810DF1FD
:10F724001E028B4E4FF0CC384FF0050C114613EBF4
:10F7340005099E462F4649F10009A6FB090A2AF04D
:10F74400030000EB9A00A9EB0009B3EB090365F190
:10F75400000008FB03F506FB0055A3FB0630054437
:10F7640003F001005B08A0FB0C0A43EAC57310EB2D
:10F774000900BEF10A0F4FEA550500F1300077F198
:10F78400000701F8010DD2D2C1E795ED000A062168
:10F794002046B7EEC00AFFF74FFD4DE70DF11E02FC
:10F7A400DFF8ACC14FF0CC394FF00508D1E9003691
:10F7B40011469D199A46B64645F10005ACFB05076E
:10F7C40027F0030000EB97002D1A5B1B66F1000085
:10F7D40009FB03F60CFB0066A3FB0C30064403F0A4
:10F7E40001005B08A0FB080743EAC6734019BAF19D
:10F7F4000A0F4FEA560600F130007EF1000E01F8C0
:10F80400010DD6D283E7D1E90035002DC0F2A480E2
:10F814000DF11E024E4E4FF0CC394FF0050E11463D
:10F824005F199A46AC4647F10007A6FB070828F083
:10F83400030000EB98003F1ADB1B65F1000009FB95
:10F8440003F506FB0055A3FB0630054403F0010055
:10F854005B08A0FB0E0843EAC573C019BAF10A0F8E
:10F864004FEA550500F130007CF1000C01F8010D60
:10F87400D6D24CE791ED000B20460921FFF7DCFCC2
:10F88400DAE67B212046FFF7CDFC4FF6FF762D8884
:10F89400B54247D00127A268E80905F07F05214653
:10F8A400D36A03EBC003586800EBC5052846FFF78D
:10F8B4005DFEED88B54235D02068002F87F0010742
:10F8C40003680CBF2C213A211B68984763680344E2
:10F8D4006360E0E75B212046FFF7A4FC4FF6FF7668
:10F8E4002D88B54207D118E0206803681B68984743
:10F8F400636803446360A268E90905F07F05D36A7D
:10F9040003EBC1032146586800EBC5052846FFF701
:10F914002DFEED882C21B542E6D15D212046FFF76E
:10F9240081FC89E67D212046FFF77CFC08B0BDE818
:10F93400F087002232E605220649A847636803449B
:10F94400636079E62A4691E6A420002094200020F2
:10F95400CDCCCCCC9C2000202D2120460193FFF758
:10F9640061FC019B5B4265EB450551E72D21204677
:10F974000193FFF757FC019B5B4265EB4505CEE61F
:10F9840000B5024685B00848002301A9019002F1A0
:10F994003800CDE90232FFF7E9FD0A2005B05DF831
:10F9A40004EB15F06FB800BFA05200202DE9F0431E
:10F9B400002395B0674A8DF8143004AC04924FF4D8
:10F9C400802206934FF6FF731092A2F5A022ADF8A1
:10F9D40044300DF11C08604B6846139206220193D3
:10F9E4000123CDF83C80009402928DF80C30FEF790
:10F9F40003FA38B100990546FDF758F804232B7132
:10FA0400564B2B600623564A684602930123CDE9E0
:10FA140000428DF80C30FEF7EFF9054630B100993D
:10FA2400FDF744F804232B714E4B2B600A234E4AF6
:10FA3400684602930123CDE900428DF80C30FEF7AD
:10FA4400DBF9054630B10099FDF730F804232B713A
:10FA5400464B2B60464B0921464AD3F82032464890
:10FA640018F084FC0523454A684602930123424961
:10FA74008DF80C30CDE90042FEF78CFA404B1B7830
:10FA8400023BDBB2032B5CD83E4A52F823103E4BB8
:10FA94006846CDE900430423029301238DF80C301A
:10FAA400FEF778FA2046FFF76BFF0698049E90B1A4
:10FAB400364C03E016F0DCFD069858B13368026852
:10FAC4005B680692A342F5D00146304698470698F3
:10FAD4000028F3D1049EBDF840200F9BEAB1002416
:10FAE400DFF8A89027460AE016F0C2FD0F9B013408
:10FAF4002F60BDF84010A2B26F6091420DD903EBA4
:10FB0400C405696808460029F1D033685B684B4531
:10FB1400EAD0304698470F9BE9E700214FF6FF7281
:10FB24004345ADF84010ADF8442007D0326817497A
:10FB340052688A4207D1184616F09AFD15B0BDE8FE
:10FB4400F0830849A3E719463046904715B0BDE84D
:10FB5400F08300BFF853002078250020AC2000205B
:10FB6400B0200020780E0020B8200020C4200020FF
:10FB740000441F40D4200020A4BE0020DC2000202C
:10FB8400D1590020E8090020D821002029A4000030
:10FB94002DE9F04F00239FB0B94A8DF83C300EADEB
:10FBA4000E924FF4802210934FF6FF731A92A2F52F
:10FBB400A022ADF86C3011A9B24B08A81D92062200
:10FBC40009930123199108950A928DF82C30FEF7B8
:10FBD40013F938B129460446FCF768FF042323715E
:10FBE400A94B23600623A94A08A80A930123CDE957
:10FBF40008528DF82C30FEF7FFF8044630B1294640
:10FC0400FCF754FF04232371A14B23600A23A14A68
:10FC140008A80A930123CDE908528DF82C30FEF789
:10FC2400EBF8044630B12946FCF740FF0423237166
:10FC3400994B23600623994A08A80A930123CDE926
:10FC440008528DF82C30FEF7D7F8064638B129460D
:10FC5400FCF72CFF202333714FF0FF333360904BBC
:10FC640008A80B9302230C930123CDE909658DF8B1
:10FC74003430FEF715FA834648B12946FCF716FFDF
:10FC840040238BF804304FF0FF33CBF80030854F1E
:10FC9400BBF1000F39D04FF6FF78BA4603964FF008
:10FCA4000C09BDF86C40444500F0A381E209199B9E
:10FCB40003EBC2035F6804F07F0337F8332007EBDC
:10FCC400C307ADF86C20784B294638460AF1020A7E
:10FCD4007B603AF9026CFCF7E9FE87F804903E6019
:10FCE400BBF80230434500F0AF81199AD90903F0FB
:10FCF4007F0302EBC102526802EBC303DC806B4B4F
:10FD0400ABF802405345CCD1039E002E00F005828F
:10FD14003379002B00F0A581202B40F0FE812B4687
:10FD2400022230466249FCF729FD0446002800F00F
:10FD3400F78129462046FCF7B9FE4023A2462371E9
:10FD44004FF0FF332360DFF898B1BAF1000F3AD0D7
:10FD54004FF6FF7703964FF00C08BDF86C40BC4299
:10FD640000F08581E209199B03EBC20304F07F02D2
:10FD74005B6833F8321003EBC209ADF86C104A4BE0
:10FD8400294648460BF1020BC9F804303BF9026CD2
:10FD9400FCF78CFE89F80480C9F80060BAF80230D8
:10FDA400BB4200F0A681199AD90903F07F0302EB44
:10FDB400C102526802EBC303DC803E4BAAF8024046
:10FDC4005B45CAD1039E3C4B0124062708A80B932C
:10FDD4003A4B0C9719888DF83440CDE90965FDF745
:10FDE4006BFB374B08A80C971988364B8DF83440B9
:10FDF4000B93CDE90965FDF75FFB334B08A88DF83C
:10FE040034401F68314B0B930823CDE909650C93EB
:10FE1400FEF746F9044628B12946FCF747FE0E23AF
:10FE240027602371DEB12A4B1C683379002B40F024
:10FE34007081202333714FF0FF3333602B4604224B
:10FE440030462449FCF79AFC0746002800F0EA8172
:10FE540029463846FCF72AFE0E233C603B711E4BB4
:10FE640008A80B9308230C9301238DF834301B4B03
:10FE7400CDE909651F68FEF713F9044632E000BFB7
:10FE8400F853002078250020AC200020B02000206A
:10FE9400780E0020B8200020C42000207026002006
:10FEA400E4200020B8C400200000FFFFC6C40020E6
:10FEB400741A0020D6C40020E8200020FEC60020CA
:10FEC40000C70020F020002094560020F8200020D5
:10FED400B4C40020042100200C2100208C560020F2
:10FEE400C8C4002028B12946FCF7E0FD0E23276092
:10FEF4002371A54B012408A80B9309238DF83440E2
:10FF04000C93A24B1978CDE90965FDF767FAA04B6C
:10FF14008DF8344008A81C789E4B0B930F23CDE931
:10FF240009650C93FEF7BCF8074640B12946FCF777
:10FF3400BDFDB4FA84F35B093B7006233B71DEB16B
:10FF4400954B1F683379002B40F0DF8020233371F9
:10FF54004FF0FF3333602B46062230468F49FCF7BF
:10FF64000DFC0446002800F0238129462046FCF7B6
:10FF74009DFD0A23276023712846FFF701FD109891
:10FF84000E9E90B1864C03E016F072FB109858B1A7
:10FF9400336802685B681092A342F5D0014630468C
:10FFA400984710980028F3D10E9EBDF86820199B3D
:10FFB400002A00F088800024DFF8E48127460AE064
:10FFC40016F056FB199B01342F60BDF86810A2B2DD
:10FFD4006F60914277D903EBC4056968084600292C
:10FFE400F1D033685B684345EAD030469847199BA3
:0CFFF400E9E7BDF868300E9A5BB1013BF4
:02000004600199
:1000000019999BB201EBC300476827B131F833401F
:1000100041888C4212D811A908A8FCF70FFB089F51
:10002000002F40F03B8101230AF1020A8DF83C3099
:100030005D4B53457FF435AE039E68E601EBC31379
:1000400007EBC10701319CB241803EE6002364F317
:100050000F0364F31F43CBF80030534B53457FF439
:1000600022AE039E53E6202333714FF0FF333360FB
:1000700057E6BDF868300E9A9BB1013B19999BB2C7
:1000800001EBC300446864B131F833C041888C454A
:1000900007D901EBC31304EBC10901319CB24180C4
:1000A0006FE611A908A8FCF7C9FADDF82090B9F1AC
:1000B000000F40F0F68001230BF1020B8DF83C306D
:1000C0003A4B9B457FF449AE7EE64FF6FF72002126
:1000D000ADF86C2011AAADF86810934208D03268D0
:1000E000304952688A4240F0DF80184616F0C2FA62
:1000F0001FB0BDE8F08F002364F30F0364F31F43C8
:10010000CAF80030294B9B457FF429AE5CE6202BD2
:100110003FF423AF32E7202B3FF492AEA1E64FF03D
:10012000000A12E6224B294604A8089302230993E9
:1001300001238DF82830FCF78FFB049F002FEED0B1
:10014000294606A8FCF788FB069C002CE7D008ABE4
:10015000009538460ECBFDF7B3F80028DFD0BDF888
:100160001C104FF6FF72BDF81400F980738893429B
:1001700000F0A080199ADF0903F07F0302EBC702A9
:10018000526802EBC303D8807180D4E518210020A7
:10019000D25900203AC70020242100209C5600207C
:1001A0003421002029A40000C6C40020D6C40020A9
:1001B000741A0020424B294604A808930623099389
:1001C00001238DF82830FCF747FBDDF81080B8F1EB
:1001D000000F3FF4D3AE294606A8FCF73DFB069C72
:1001E000002C3FF4CBAE08AB009540460ECBFDF79C
:1001F00067F800283FF4C2AEBDF81C104FF6FF723E
:10020000BDF81400A8F806107388934256D0199AC6
:100210004FEAD31C03F07F0302EBCC02526802EBDF
:10022000C303D8807180A2E6264B294604A8089310
:100230000423099301238DF82830FCF70DFBDDF82A
:100240001080B8F1000F3FF40CAE294606A8FCF769
:1002500003FB069F002F3FF404AE08AB0095404619
:100260000ECBFDF72DF800283FF4FBADBDF81C10B8
:100270004FF6FF72BDF81400A8F806107388934279
:100280001AD0199A4FEAD31C03F07F0302EBCC0279
:10029000526802EBC303D8807180DBE5BDF82440CF
:1002A00013E5BDF824406CE51946304690471FB071
:1002B000BDE8F08F308067E73080EDE73080B1E750
:1002C00034210020042100202DE9F04F002397B0B5
:1002D000AC4A8DF81C3006AF06924FF4802208938A
:1002E0004FF6FF731292A2F5A022ADF84C3009A987
:1002F000A54B02A8159206220393012311910297A0
:1003000004928DF81430FDF779FD38B13946044672
:10031000FCF7CEFB042323719C4B23609C4A0B23E8
:1003200002A804939B4BCDE90272012293F82C5052
:100330008DF81420FDF762FD044628B13946FCF71C
:10034000B7FB0A23256023710523934A02A804936F
:100350000123CDE902728DF81430FDF74FFD83467D
:1003600048B13946FCF7A4FB40228BF804204FF03B
:10037000FF32CBF80020BBF1000F39D04FF6FF76EB
:10038000DFF828924FF00A08BDF84C40B44200F064
:10039000C580E209119B03EBC20304F07F025D6894
:1003A00035F8323005EBC205ADF84C307B4B3946A1
:1003B000284609F101096B6019F801ACFCF778FBDC
:1003C000C5F800A0BBF8023085F80480B34200F005
:1003D000CD80119AD90903F07F0302EBC102526864
:1003E00002EBC303DC806E4BABF802409945CBD1E6
:1003F0000A236C4A02A804930123CDE902728DF806
:100400001430FDF7FBFC824648B13946FCF750FB3F
:1004100040228AF804204FF0FF32CAF80020DFF8AB
:100420009081BAF1000F39D04FF6FF76DFF884B132
:100430004FF00A09BDF84C40B44200F0BD80E2091B
:10044000119B03EBC2035D6804F07F0335F8332092
:1004500005EBC305ADF84C20504B394628460BF14F
:10046000010B6B601BF8013C0193FCF721FB019B26
:1004700085F804902B60BAF80230B34200F0D880BF
:10048000119AD90903F07F03C34502EBC1025268F8
:1004900002EBC303DC80AAF80240CBD13846FFF759
:1004A00071FA0898069D90B13F4C03E016F0E2F80F
:1004B000089858B12B6802685B680892A342F5D08F
:1004C00001462846984708980028F3D1069DBDF8B4
:1004D0004820119B002A00F096800024324E2746C7
:1004E0000DE016F0C7F8119B0134C8F80070BDF894
:1004F0004810A2B2C8F80470914240F2848003EB25
:10050000C408D8F8041008460029EDD02B685B68B1
:10051000B342E6D028469847119BE5E7BDF848303E
:10052000069A9BB1013B11999BB201EBC300456850
:1005300065B131F8334041888C4207D901EBC313D0
:1005400005EBC10501319CB241802FE709A902A842
:10055000FCF774F8029D002D75D1012399448DF8A4
:100560001C300F4B99457FF40DAF41E7002364F336
:100570000F0364F31F43CBF80030094B99457FF418
:1005800003AF35E7F853002078250020AC20002089
:100590003C210020FCC20020482100200000FFFF79
:1005A0003CC300205021002029A400002CC30020BF
:1005B0001CC3002018C30020BDF84830069A9BB128
:1005C000013B11999BB201EBC300456865B131F85D
:1005D000334041888C4207D901EBC31305EBC105B9
:1005E00001319CB2418037E709A902A8FCF726F83F
:1005F000029D8DBB0BF1010B0123C3458DF81C300F
:100600007FF416AF4AE74FF6FF720021ADF84C2099
:1006100009AAADF84810934207D02A6810495268D9
:100620008A4213D1184616F025F817B0BDE8F08FAE
:100630000023C34564F30F0364F31F43CAF800307B
:100640007FF4F8AE2AE7BDF80C40AFE6194628461D
:10065000904717B0BDE8F08FBDF80C40FCE600BF36
:1006600029A400002DE9F04F002397B0B24A8DF87D
:100670001C3006AD06924FF4802208934FF6FF73AC
:100680001292A2F5A022ADF84C3009A9AB4B02A8FA
:1006900015920622039301231191029504928DF87D
:1006A0001430FDF7ABFB38B129460446FCF700FADD
:1006B00004232371A24B23600723A24AA24E02A85F
:1006C0000493012396F837708DF81430CDE9025267
:1006D000FDF794FB044628B12946FCF7E9F90A2303
:1006E00027602371994B02A896F83870CDE9025320
:1006F0000723049301238DF81430FDF77FFB044694
:1007000028B12946FCF7D4F90A2327602371904BBE
:1007100002A896F83970CDE9025308230493012307
:100720008DF81430FDF76AFB044628B12946FCF722
:10073000BFF90A2327602371864B02A8D6F82E70D2
:10074000039304230295049301238DF81430FDF7DD
:1007500055FB044628B12946FCF7AAF90E23276069
:1007600023717D4B02A896F83670CDE90253092318
:10077000049301238DF81430FDF740FB044628B1A3
:100780002946FCF795F90A2327602371734B02A8C9
:10079000D6F80A70039308230295049301238DF879
:1007A0001430FDF72BFB044628B12946FCF780F9ED
:1007B0000E23276023716A4B02A8D6F806700393B4
:1007C00008230295049301238DF81430FDF716FBDE
:1007D000044628B12946FCF76BF90E2327602371E4
:1007E000604B02A8D6F80E7003930623029504937B
:1007F00001238DF81430FDF701FB044628B129468A
:10080000FCF756F90A2327602371574B02A8778E0D
:10081000039306230295049301238DF81430FDF70A
:10082000EDFA044628B12946FCF742F90A2327606D
:1008300023714E4B02A8B78E0393062302950493AF
:1008400001238DF81430FDF7D9FA044628B1294662
:10085000FCF72EF90A2327602371454B02A8F76B9A
:1008600003930B230295049301238DF81430FDF7B5
:10087000C5FA044628B12946FCF71AF90E23276069
:1008800023713C4B02A8CDE90253022304930123B8
:100890008DF81430FDF7B2FA8246002800F0B980D6
:1008A0002946D346FCF704F940224FF6FF778AF831
:1008B00004204FF0FF32CAF800204FF0000AB6F9CA
:1008C0001280CDF80480BDF84C905C464FF00C08C7
:1008D000D346B9455DD04FEAD911119A02EBC10256
:1008E00009F07F01526832F8310002EBC10AADF81D
:1008F0004C00214B294650460BF1010BCAF804303D
:10090000FCF7D6F8019B8AF80480CAF800306288A8
:10091000BA4275D01199D00902F07F02BBF1070FDE
:1009200001EBC001496801EBC202A2F80690A4F8ED
:1009300002906ED022E000BFF853002078250020FE
:10094000AC2000205C21002094C300206421002002
:100950006C21002004210020182100200C210020FF
:10096000F820002034210020E8200020F020002082
:1009700078210020E42000200000FFFF0BF1080296
:10098000BDF84C9006EB4202B945B2F90230019332
:10099000A1D1BDF84810069A69B10139119889B200
:1009A00000EBC10CDCF804302BB130F831E0BCF8BE
:1009B000020086451AD809A902A8FBF73FFEDDF818
:1009C00008A0BAF1000F40F00681DA460122A346E2
:1009D00092448DF81C20BAF1070F1AD00AF10802D0
:1009E00006EB4202B2F9023001936CE700EBC11151
:1009F00003EBC00A01301FFA81F9ACF8020078E776
:100A00000022BBF1070F69F30F0269F31F42226056
:100A1000B4D1774B02A8CDE90253022304930123FA
:100A20008DF81430FDF7EAF98246002800F0838043
:100A30002946D346FCF73CF840224FF6FF778AF868
:100A400004204FF0FF32CAF800204FF0000AB6F938
:100A50002080BDF84C40BC4236D0E209119B03EB2C
:100A6000C20304F07F025B6833F8321003EBC20963
:100A7000ADF84C105F4B294648460AF1010AC9F807
:100A80000430FCF715F84FF00C03C9F8008089F822
:100A90000430BBF80230BB4243D0119AD90903F0AD
:100AA0007F03BAF1070F02EBC102526802EBC303E6
:100AB000DC80ABF802403ED0BDF84C400AF1100398
:100AC000BC4236F91380C8D1BDF84830069A5BB1F4
:100AD000013B11999BB201EBC300446824B131F88A
:100AE00033C041888C4514D809A902A8FBF7A6FD9C
:100AF000DDF80890B9F1000F70D1012292448DF811
:100B00001C20BAF1070F16D00AF1100236F9128034
:100B10009FE701EBC31304EBC10901319CB2418093
:100B2000A8E70023BAF1070F64F30F0364F31F4330
:100B3000CBF80030C0D12846FEF724FF0898069E67
:100B400090B12D4C03E015F095FD089858B133682D
:100B500002685B680892A342F5D001463046984788
:100B600008980028F3D1069EBDF84820119BEAB1F1
:100B70000024DFF8848027460AE015F07BFD119BF6
:100B800001342F60BDF84810A2B26F6091420DD9B8
:100B900003EBC405696808460029F1D033685B6837
:100BA0004345EAD030469847119BE9E74FF6FF727C
:100BB0000021ADF84C2009AAADF84810934207D0A7
:100BC00032680D4952688A420BD1184615F052FD21
:100BD00017B0BDE8F08FBDF80C908AE6BDF80C4068
:100BE00048E719463046904717B0BDE8F08F00BF80
:100BF000741A00200000FFFF29A400002DE9F04F27
:100C00000023A3B0B64A8DF84C300DF1480912927A
:100C10004FF4802214934FF6FF731E92A2F5A02288
:100C2000ADF87C3015A9AF4B0EA8219206220F9388
:100C300001231D91CDF8389010928DF84430FDF7C6
:100C4000DDF838B149460446FBF732FF042323712F
:100C5000A54B2360A54B0A250EA81095CDE90E9350
:100C600001238DF84430A24B9E79FDF7C7F8044666
:100C700020B14946FBF71CFF257126609C4B0EA84E
:100C8000D3F807509B4BCDF838900F93092310935E
:100C900001238DF84430FDF7B1F8044628B14946E8
:100CA000FBF706FF0E2325602371934B0EA8CDE9B9
:100CB0000E930923109301238DF844308C4BDD7A79
:100CC000FDF79CF8044628B14946FBF7F1FE0A23DC
:100CD00025602371894B0EA8CDE90E93072310934D
:100CE00001238DF84430FDF789F8034648B14946A1
:100CF0000390FBF7DDFE4022039B1A714FF0FF3299
:100D00001A607B4AD27A002A00F0CB814FF0010BA7
:100D1000DFF8DCA1CDE904B3049B5E1E059B002B2C
:100D200000F0AD81BDF87C304FF6FF72934200F0C9
:100D30001D83D9091D9A02EBC102546803F07F029A
:100D400034F8321004EBC204ADF87C106C4A4FF654
:100D5000FF716260059A52888A4200F02D841D99C5
:100D6000D00902F07F0201EBC001496801EBC20229
:100D7000D380059A494620465380FBF799FE2023ED
:100D80000422604923714FF0FF33204623604B4615
:100D9000FBF7F6FC9AF80C700546002800F0538526
:100DA00049462846FBF784FE0A232F602B712379DE
:100DB0009AF80D70002B40F00F83202323714FF021
:100DC000FF3323604B46082220464F49FBF7D8FCEF
:100DD0000546002800F0838449462846FBF768FE54
:100DE0000A232F602B7123799AF80E70002B40F0A4
:100DF000DF83202323714FF0FF3323604B4608220B
:100E000020464249FBF7BCFC0546002800F0DF8481
:100E100049462846FBF74CFE0A232F602B712379A5
:100E20009AF80F70002B00F0D182202B40F0278120
:100E30004B460C2220463649FBF7A2FC054600280B
:100E400000F0108449462846FBF732FE0A232F6043
:100E50002B711A23264A03FB06231F8A2379002BB2
:100E600000F0AE82202B40F00A814B46062220463D
:100E70002849FBF785FC0546002800F0B783494662
:100E80002846FBF715FE0A232F602B712379002BD0
:100E900000F09082202B40F0F2804B460522204645
:100EA0001D49FBF76DFC8346002800F05584494638
:100EB0005846FBF7FDFD40238BF804304FF0FF331D
:100EC000CBF80030BBF1000F00F0D9801A23D046D8
:100ED000CDF81CA003FB06F300260393A1E000BF9E
:100EE000F853002078250020AC2000208421002029
:100EF000D4C30020902100209C210020A8210020A4
:100F00000000FFFFB0210020B8210020C4210020F4
:100F1000D0210020E0210020E8210020D9091D9ADD
:100F200002EBC102546803F07F0234F8321004EB84
:100F3000C204ADF87C10AF4A4FF6FF716260BBF897
:100F400002208A4200F0FB801D99D00902F07F0246
:100F500001EBC001496801EBC202D380494620463B
:100F6000ABF80230FBF7A4FD20230722A24923712E
:100F70004FF0FF33204623604B46FBF701FC98F807
:100F800012700546002800F0998149462846FBF773
:100F90008FFD0A232F602B71039A06EB8603B500A1
:100FA0001344964A1344B3F813A02379002B5FD15E
:100FB000202323714FF0FF3323604B460722204646
:100FC0008F49FBF7DDFB0746002800F01F814946EB
:100FD0003846FBF76DFD0A23C7F800A03B71039B61
:100FE00035441D44854B1D442379B5F81570002BFD
:100FF00038D0202B3ED14B46082220468149FBF7B2
:10100000BFFB0546002800F09D8001364946284672
:10101000FBF74EFD0A23042E2F602B712DD008F113
:101020000508BDF87C304FF6FF7293427FF476AF2F
:10103000BDF87830129A002B71D0013B1D999BB2FC
:1010400001EBC3004468002C69D031F8335041886B
:101050008D4264D901EBC31304EBC10401319BB28F
:10106000418068E7202323714FF0FF332360C2E7FC
:10107000202BA2D00136042ED1D1DDF81CA004997A
:101080000AF11A0A5D4BCAB2DB7A082918BF9342EB
:1010900001F101028CBF012300230492002B7FF495
:1010A0003BAE4846FEF76EFC1498129E90B1564C2B
:1010B00003E015F0DFFA149858B1336802685B68F2
:1010C0001492A342F5D00146304698471498002860
:1010D000F3D1129EBDF878201D9B002A00F070828B
:1010E0000024DFF8248127460BE015F0C3FA1D9B8E
:1010F00001342F60BDF87810A2B26F60914240F2C7
:101100005F8203EBC405696808460029F0D03368A4
:101110005B684345E9D0304698471D9BE8E715A931
:101120000EA8FBF78BFA0E9C002C40F0DF830136F3
:101130000123042E8DF84C307FF471AF9DE7ABF89E
:1011400000300BE72F4BBDF87CA00E9308230F93C4
:1011500001238DF840304FF6FF739A4500F0678108
:101160004FEADA121D9B03EBC2030AF07F025B68B1
:1011700033F8321003EBC203ADF87C100693069BE4
:101180001C4A5A604FF6FF73BDF87C1099420891D3
:1011900000F0E981CA091D9B03EBC2035D6801F001
:1011A0007F0335F8332005EBC305ADF87C20114BE8
:1011B00006986B600EABCDF800900ECBFCF780F874
:1011C00000283FF457AF069B089ADA804FF6FF726B
:1011D0006388934200F073831D9AD90903F07F035B
:1011E00002EBC102526802EBC303A3F806A0089BFE
:1011F00063800AE70000FFFFF0210020D4C3002035
:10120000F82100200022002029A40000A94BBDF8ED
:101210007C100E93072308910F9301238DF8403023
:101220004FF6FF73994200F0DB80CA091D9B03EB68
:10123000C20301F07F025B6833F8321003EBC20394
:10124000ADF87C100693069B9B4A5A604FF6FF73DD
:10125000BDF87C109942099100F06081CA091D9B7C
:1012600003EBC2035F6801F07F0337F8332007EB1D
:10127000C307ADF87C20904B0EAA06987B60CDF892
:1012800000900ECAFCF71CF800283FF4A8AE069B9D
:10129000099ADA804FF6FF726388934200F0158353
:1012A0001D9AD90903F07F0302EBC102526802EBD9
:1012B000C303089ADA80099B638088E67F4BBDF8F8
:1012C0007CA00E9307230F9301238DF840304FF637
:1012D000FF739A4500F0D1804FEADA121D9B03EBB1
:1012E000C2030AF07F025B6833F8321003EBC203DB
:1012F000ADF87C100693069B6F4A5A604FF6FF7359
:10130000BDF87C109942089100F0E480CA091D9B49
:1013100003EBC2035D6801F07F0335F8332005EB72
:10132000C305ADF87C20644B0EAA06986B60CDF81F
:1013300000900ECAFBF7C4FF00283FF42DAE069BB9
:10134000089ADA804FF6FF726388934200F0BA82FF
:101350001D9AD90903F07F0302EBC102526802EB28
:10136000C303A3F806A0089B63800EE6BDF878309F
:10137000129A5BB1013B1D999BB201EBC30044681B
:1013800024B131F8335041888D420BD815A90EA8ED
:10139000FBF754F90E9C002C40F0B88201238DF825
:1013A0004C306CE601EBC31304EBC10401319BB27A
:1013B0004180CBE4202323714FF0FF3323606CE5A1
:1013C000202323714FF0FF3323604EE52023237148
:1013D0004FF0FF3323602BE5202B3FF4F3AC4EE6B8
:1013E000BDF87830129A5BB1013B1D999BB201EBBD
:1013F000C300476827B131F833C041888C450CD809
:1014000015A90CA8FBF71AF90C9B0693002B40F0CA
:101410008A8201238DF84C30E1E507EBC10201EB34
:10142000C31306924A1C9BB2428008930BE7BDF897
:101430007830129A5BB1013B1D999BB201EBC3005E
:10144000456825B131F833C041888C450BD815A9C2
:101450000CA8FBF7F3F80C9B0693002B3FF467AE48
:10146000BDF834A08BE605EBC10201EBC313069275
:101470004A1C1FFA83FA428081E6BDF87830129A3E
:101480005BB1013B1D999BB201EBC300456825B1DF
:1014900031F833C041888C4512D815A90CA8FBF748
:1014A000CDF80C9B0693002B40F03A8201238DF877
:1014B0004C3071E5F82100200000FFFFF0210020F2
:1014C00005EBC10201EBC31306924A1C1FFA83FA13
:1014D000428010E7BDF87830129A5BB1013B1D994C
:1014E0009BB201EBC300456825B131F833C0418898
:1014F0008C450AD815A90CA8FBF7A0F80C9D002D67
:10150000D4D0BDF8343008930DE701EBC31305EBDD
:10151000C10501319BB24180089304E7BDF87830E2
:10152000129A5BB1013B1D999BB201EBC300476866
:1015300027B131F833C041888C450BD815A90CA8C8
:10154000FBF77CF80C9F002F3FF463AFBDF83430FD
:10155000099390E601EBC3134A1C07EBC1079BB24A
:101560004280099387E6BDF87830129A5BB1013B5F
:101570001D999BB201EBC300456825B131F833C01A
:1015800041888C450BD815A90CA8FBF757F80C9D82
:10159000002D3FF4CCADBDF83430089307E601EBE5
:1015A000C3134A1C05EBC1059BB242800893FEE5BC
:1015B000202B3FF423AC62E5059A1380FFF7D9BBDB
:1015C0004FF6FF720021ADF87C2015AAADF8781017
:1015D000934208D03268BE4952688A4240F09A81EC
:1015E000184615F047F823B0BDE8F08FB94B4946CF
:1015F0000AA80E9306230F9301238DF84030FBF7C2
:101600002BF9DDF82880B8F1000F3FF43FAC4946D4
:101610000CA8FBF721F90C9D002D3FF437AC0EAB65
:10162000CDF8009040460ECBFBF74AFE00283FF471
:101630002DACBDF834204FF6FF71BDF82C00A8F892
:10164000062063888B4200F055811D994FEAD31C18
:1016500003F07F0301EBCC01496801EBC303D880A1
:1016600062800CE49C4B49460AA80E930C230F930E
:1016700001238DF84030FBF7EFF8DDF82880B8F152
:10168000000F3FF4E6AB49460CA8FBF7E5F80C9DCC
:10169000002D3FF4DEAB0EABCDF8009040460ECBF4
:1016A000FBF70EFE00283FF4D4ABBDF834104FF624
:1016B000FF72BDF82C00A8F806106388934200F072
:1016C0001B811D9A4FEAD31C03F07F0302EBCC026F
:1016D000526802EBC303D8806180FFF7B3BB7F4B36
:1016E00049460AA80E9308230F9301238DF8403032
:1016F000FBF7B2F8DDF82880B8F1000F3FF473ABC8
:1017000049460CA8FBF7A8F80C9D002D3FF46BABE5
:101710000EABCDF8009040460ECBFBF7D1FD002874
:101720003FF461ABBDF834104FF6FF72BDF82C00EA
:10173000A8F806106388934200F0E0801D9A4FEAF3
:10174000D31C03F07F0302EBCC02526802EBC3030D
:10175000D8806180FFF740BB614B49460AA80E93D1
:1017600005230F9301238DF84030FBF775F80A9D90
:10177000002D3FF484AC49460CA8FBF76DF8DDF86A
:1017800030B0BBF1000F3FF47AAC0EABCDF8009057
:1017900028460ECBFBF794FD00283FF470ACBDF853
:1017A00034104FF6FF72BDF82C00E9806388934235
:1017B00000F0A6801D9ADD0903F07F0302EBC5024D
:1017C000526802EBC303D8806180FFF770BB454BC2
:1017D00049460AA80E9308230F9301238DF8403041
:1017E000FBF73AF8DDF82880B8F1000F3FF417ABAB
:1017F00049460CA8FBF730F80C9D002D3FF40FABC9
:101800000EABCDF8009040460ECBFBF759FD0028FB
:101810003FF405ABBDF834104FF6FF72BDF82C0055
:10182000A8F80610638893426CD01D9A4FEAD31C27
:1018300003F07F0302EBCC02526802EBC303D880B3
:101840006180FFF7E5BA284B49460AA80E930423A6
:101850000F9301238DF84030FAF7FEFFDDF8288062
:10186000B8F1000F3FF4A3AA49460CA8FAF7F4FF19
:101870000C9D002D3FF49BAA0EABCDF80090404686
:101880000ECBFBF71DFD00283FF491AABDF83410E4
:101890004FF6FF72BDF82C00A8F80610638893423B
:1018A00032D01D9A4FEAD31C03F07F0302EBCC0227
:1018B000526802EBC303D8806180FFF771BAA4F8C5
:1018C00000A094E4A4F800A04DE5089B2380F2E476
:1018D00029A40000E0210020D0210020B821002010
:1018E000E8210020C4210020B0210020BDF83C30B8
:1018F000FFF721BB2080B3E62080EDE6208028E7BB
:10190000208061E720809BE72080D5E7BDF83C3050
:10191000FFF71CBA19463046904723B0BDE8F08F58
:10192000BDF834A0E7E4BDF8343008938BE400BF81
:101930002DE9F043002395B03D494FF480228DF806
:10194000143004AC06934FF6FF730DF11C0804919C
:10195000ADF844306846374B3749CDE90F82CDE9C1
:10196000004306220123139102928DF80C30FCF7FC
:1019700045FA38B121460546FBF79AF804222F4B69
:101980002A712B602046FDF7FDFF0698049E90B15A
:101990002B4C03E014F06EFE069858B133680268D1
:1019A0005B680692A342F5D00146304698470698F8
:1019B0000028F3D1049EBDF840200F9BEAB100241B
:1019C000DFF87C9027460AE014F054FE0F9B0134A8
:1019D0002F60BDF84010A2B26F6091420DD903EBA9
:1019E000C405696808460029F1D033685B684B4537
:1019F000EAD0304698470F9BE9E700214FF6FF7287
:101A00004345ADF84010ADF8442007D032680C498A
:101A100052688A4205D1184614F02CFE15B0BDE874
:101A2000F08319463046904715B0BDE8F08300BFFB
:101A3000F8530020782500200000FFFFAC20002094
:101A400029A400002DE9F04F91B0DFF8DC830225D6
:101A50000127064605900C46CDF81C800895069196
:101A60008DF82470CDE9020104A8FCF765F8002880
:101A70007FD00379002B7CD00E950AADCDF8348051
:101A800028468DF83C70CDE90B64FCF755F800282A
:101A900070D00379402B6DD12846FCF74DF886466F
:101AA000002800F09C820379402B40F09882038844
:101AB0004FF6FF78434500F09282E26AD90903F0BD
:101AC0007F0002EBC101496811EBC00100F0878281
:101AD000C9884FF0000C00E0C988C809414501F0F1
:101AE0007F070CF1010C02EBC00003D0416811EB41
:101AF000C701F1D1BCF1070FA8BF4FF0070C1CF0D4
:101B0000FF0100F06C82B346884601954FF6FF77DF
:101B10002546DFF818A39146002619467446B942B7
:101B200000F08182C80901F07F0109EBC000406824
:101B300010EBC10014D0C188334600E0C188CA0947
:101B400001F07F0C002B00F07F82B94209EBC2024A
:101B500003F1FF3300F06782506810EBCC00EDD149
:101B600001362AF8020FF1B2884540F23582218809
:101B7000D5E70AAD00279C4A02234FF0010804A8CC
:101B8000079208938DF82480CDE90564FBF7D4FF14
:101B900088B1017979B1944A022328468DF83C80B6
:101BA0000D920E93CDE90B64FBF7C6FF18B10379D4
:101BB000402B00F0A7818D4B28460D9306230E93F2
:101BC0000123CDE90B648DF83C30FBF7B5FF90B1F4
:101BD000037983B12846FBF7AFFF48B12146FBF7F5
:101BE000DDFC40F6B8339842A8BF184620EAE07002
:101BF0007F4B012718807F4B28460D9306230E93B9
:101C00000123CDE90B648DF83C30FBF795FF90B1D3
:101C1000037983B12846FBF78FFF48B12146FBF7D4
:101C2000BDFC40F6B8339842A8BF184620EAE070E1
:101C3000714B01271880714B28460D9308230E9392
:101C40000123CDE90B648DF83C30FBF775FF80B1C3
:101C5000037973B12846FBF7F7FFDFED697AB4EE3D
:101C6000E70AF1EE10FA40F13181664B0127C3ED2E
:101C7000007A654B28460D9304230E930123CDE98A
:101C80000B648DF83C30FBF757FFB0B10379A3B17B
:101C90002846FBF7D9FFB5EEC00AF1EE10FA00F1C5
:101CA0002981F3EE047AB4EEE70AF1EE10FA37FE7A
:101CB000800A564B012783ED000A554B28460D93A9
:101CC00008230E930123CDE90B648DF83C30FBF71C
:101CD00033FF80B1037973B12846FBF7B5FFDFED21
:101CE000487AB4EEE70AF1EE10FA40F1E280494B8F
:101CF0000127C3ED007A484B28460D9309230E9324
:101D00000123CDE90B648DF83C30FBF715FFE0B102
:101D10000379D3B12846FBF70FFF002800F0ED80D0
:101D20002146FBF73BFC3D4B023083FB0032C317DF
:101D3000C3EB620303EB83035F2BA8BF5F23052B79
:101D4000B8BF0523364A01271370364B4FF0010800
:101D500028460D930F238DF83C800E93CDE90B643C
:101D6000FBF7EAFE002871D00379002B6ED02846DD
:101D7000FBF7E2FE002865D0027912F010030ED0C6
:101D800003884FF6FF718B4200F06E81DF0903F08C
:101D90007F01E36A03EBC7035B6803EBC1031E2A01
:101DA00000F2A180DFE812F05D019F009F009F001C
:101DB0009F009F003C019F009F009F001D019F000E
:101DC0001D019F0024019F009F009F009F009F0016
:101DD0009F009F009F009F009F009F0044009F0066
:101DE00044009F00300100BF741A0020E82000204A
:101DF000FEC60020F020002000C70020F8200020B0
:101E0000CDCCCC3D9456002004210020B4C4002049
:101E10000C2100208C560020182100206766666681
:101E2000D259002024210020E4200020B6C4002044
:101E3000D3E900231A4314BF4FF001084FF0000804
:101E400088F00108894B012783F80080884B06221F
:101E500028460D9301230E928DF83C30CDE90B649A
:101E6000FBF76AFEF0B10379E3B12846FBF764FEA5
:101E7000002844D02146FBF745FC42F210739842FB
:101E8000A8BF1846B0F5FA7FB8BF4FF4FA70794B87
:101E90001860F8F765FB05F0A7FD11B0BDE8F04F3D
:101EA000FFF746BD002FF8D0F8F75AFB05F09CFD70
:101EB000F3E7F2EE0E7A704B0127B4EEE70AF1EE8B
:101EC00010FA77FE807AC3ED007A14E7F2EE0E7A0C
:101ED0006A4B0127B4EEE70AF1EE10FA77FE807A3A
:101EE000C3ED007AC5E64FF00008604B012783F888
:101EF0000080ABE79FED620ADBE6052322E74FF4A3
:101F0000FA70C4E72846FBF717FE8646002861D022
:101F10000379402B5ED103884FF6FF78434559D0B3
:101F2000E76ADA0903F07F0107EBC202526812EB9D
:101F3000C1024FD0D2884FF0000C00E0D288D10906
:101F4000424502F07F000CF1010C07EBC10103D008
:101F50004A6812EBC002F1D1BCF1070FA8BF4FF0E5
:101F6000070C1CF0FF0135D0B346A24601950C4684
:101F70004FF6FF784FF00009424E1946754641452D
:101F800053D0C80901F07F0107EBC000406810EB97
:101F9000C10012D0C1884B4600E0C188CA0901F0D7
:101FA0007F0C002B43D0414507EBC20203F1FF3306
:101FB0003BD0506810EBCC00EFD109F1010926F8B5
:101FC000020F5FFA89F1A14201D22988D7E75E4664
:101FD0005446019D0127EEE52C465E46019D0127F2
:101FE000C9E50368B3F1000818BF4FF0010827E7FF
:101FF000D0ED007AF5EE407AF1EE10FA14BF4FF012
:1020000001084FF000081BE793ED007BB5EE407B25
:10201000F1EE10FA14BF4FF001084FF000080FE77F
:1020200090F800800CE700209AE50020C5E75146B3
:10203000FBF7B4FAB0F5FA7F134BA8BF4FF4FA7070
:102040009842B8BF1846B8E72946FBF7A7FAB0F59B
:10205000FA7F0D4BA8BF4FF4FA709842B8BF1846EC
:102060007EE54FF00108EDE6002398E63AC7002030
:10207000342100209C5600208C56002094560020CD
:1020800000000000C6C400200CFEFFFF70B509234D
:1020900088B06A4A05460693012303900C468DF8E2
:1020A0001C30CDE9000102A8CDE90412FBF744FD84
:1020B000002800F0C1800379002B00F0BD8002A849
:1020C000FBF7C2FDB5EEC00AF1EE10FA00F1A780F1
:1020D000F7EE007AB4EEE70AF1EE10FA37FE800A66
:1020E000574B012683ED020A564B02A805930A239B
:1020F00006930123CDE903548DF81C30FBF71CFD3A
:10210000B0B10379A3B102A8FBF79EFDB5EEC00AFA
:10211000F1EE10FA00F18D80F3EE047AB4EEE70AE6
:10212000F1EE10FA37FE800A454B012683ED030AD3
:10213000454B02A805930B2306930123CDE90354D5
:102140008DF81C30FBF7F8FCB8B10379ABB102A8ED
:10215000FBF77AFDDFED3D7AB4EEE70AF1EE10FA17
:1021600007D4F1EE047AB4EEE70AF1EE10FA77FE46
:10217000807A334B0126C3ED047A354B02A80593D0
:102180000B2306930123CDE903548DF81C30FBF794
:10219000D3FCB8B10379ABB102A8FBF755FDDFED75
:1021A0002B7AB4EEE70AF1EE10FA07D4F7EE007AD4
:1021B000B4EEE70AF1EE10FA77FE807A204B0126A2
:1021C000C3ED057A23490922012302A8CDE903546E
:1021D000CDE905128DF81C30FBF7AEFC10B3037986
:1021E00003B302A8FBF730FDF6EE007AB4EEE70A7F
:1021F000F1EE10FA07D4F0EE087AB4EEE70AF1EE49
:1022000010FA77FE807A0E4BC3ED067AF8F7A8F93C
:1022100005F0EAFB08B0BDE87040FFF789BB9FED11
:102220000E0A5DE7002EF1D108B0BDE87040FFF75F
:102230007FBB9FED090A77E7002655E70C220020B7
:10224000FCC200201822002078210020CDCCCC3DFB
:102250002422002030220020000000002DE9F04F51
:1022600091B0DFF8EC820A260127054605900C465E
:10227000CDF81C80089606918DF82470CDE90201F6
:1022800004A8FBF759FC002800F082800379002B9A
:102290007ED00E960AAECDF8348030468DF83C7074
:1022A000CDE90B54FBF748FC002872D00379402B92
:1022B0006FD13046FBF740FC0246002800F0218138
:1022C0000079402840F01D8113884FF6FF7E73454A
:1022D00000F01781D909E76A03F07F0307EBC1011A
:1022E000496811EBC30100F00C81CB884FF0000965
:1022F00000E0DB88D909734503F07F0C09F101097F
:1023000007EBC10103D04B6813EBCC03F1D1B9F15A
:10231000040FA8BF4FF0040919F0FF039B4600F01B
:10232000F08040284FF000094FF6FF782ED1118839
:1023300041452BD0C80901F07F0107EBC000406880
:1023400010EBC10015D0C1884B4600E0C1884FEAB0
:10235000D11A01F07F0E002B00F0E380414507EB1E
:10236000CA0A03F1FF3311D0DAF8040010EBCE00F3
:10237000ECD1734B03F8090009F101095FFA89F107
:102380008B4540F2BE8010794028D0D00020F0E785
:102390000AAE4FF00009DFF8BCA14FF00508012795
:1023A00004A8CDF81CA0CDF820808DF82470CDE9CC
:1023B0000554FBF7C1FB70B1037963B130468DF86A
:1023C0003C70CDE90DA8CDE90B54FBF7B5FB10B17E
:1023D0000379402B2BD05B4B0B2230460D9301230E
:1023E0000E928DF83C30CDE90B54FBF7A5FBB0B154
:1023F0000379A3B13046FBF79FFB20B12146FBF7E1
:10240000CDF880F30100504B83F82C00F8F7A8F8C2
:1024100005F0EAFA11B0BDE8F04FFFF789BAB9F15B
:10242000000FF7D0F8F79CF805F0DEFAF2E7304637
:10243000FBF782FB0746002860D0017940295DD177
:1024400003884FF6FF7E734558D0DA09D4F82C8004
:1024500003F07F0308EBC202526812EBC3024DD0B7
:10246000D3884FF0000C00E0DB88DA09734503F0F5
:102470007F000CF1010C08EBC20203D0536813EB90
:10248000C003F1D1BCF1100FA8BF4FF0100C1CF02D
:10249000FF039B4632D040294FF000024FF6FF7AEF
:1024A0002AD13988514527D0C809D4F82CE001F049
:1024B0007F010EEBC000406810EBC10013D0C18853
:1024C000134600E0C1884FEAD11901F07F08DBB163
:1024D00051450EEBC90903F1FF330DD0D9F80400C3
:1024E00010EBC800EED1194B98540132D1B28B4594
:1024F00004D939794029D4D00020F4E74FF00109FC
:1025000069E74FF0010946E721460192FBF746F8DB
:10251000019AC0B2011FC9B2E329E4D90028E4D16D
:10252000E1E721460192FBF739F8019AC0B2011F99
:10253000C9B2E3297FF61DAF00287FF41DAF18E76D
:1025400018C300203C210020FCC200202CC3002026
:1025500050210020482100202DE9F047072390B0AA
:10256000A54A06460E9301230B900C468DF83C308D
:10257000CDE902010AA8CDE90C12FBF7DDFA00282B
:1025800000F0FD810379002B00F0F9810AA8FBF728
:10259000D3FA38B12146FBF701F80928A8BF092072
:1025A00020EAE070954D85F837000125944B0AA884
:1025B0000D9307230E930123CDE90B648DF83C3076
:1025C000FBF7BAFA88B103797BB10AA8FBF7B4FA32
:1025D00038B12146FAF7E2FF0928A8BF092020EA0E
:1025E000E070864D85F838000125864B0AA80D93CA
:1025F00008230E930123CDE90B648DF83C30FBF7E3
:102600009BFA70B1037963B10AA8FBF795FA20B180
:102610002146FAF7C3FF80F30500784D85F83900AD
:102620000125794B0AA80D9304230E930123CDE9CC
:102630000B648DF83C30FBF77FFAC0B10379B3B17E
:102640000AA8FBF701FBB5EEC00AF1EE10FA00F1A3
:102650009381F3EE047AB4EEE70AF1EE10FA37FE56
:10266000800A664D10EE103AC5F82E300125674BF2
:102670000AA80D9309230E930123CDE90B648DF86D
:102680003C30FBF759FAE8B10379DBB10AA8FBF754
:1026900053FA002800F075812146FAF77FFF5C4B62
:1026A000023083FB0032C317C3EB620303EB8303E7
:1026B0005F2BA8BF5F23052BB8BF05234F4D85F8BF
:1026C00036300125534B0AA80D9308230E9301239E
:1026D000CDE90B648DF83C30FBF72EFA90B103790D
:1026E00083B10AA8FBF7B0FADFED4B7AB4EEE70A44
:1026F000F1EE10FA40F13181404D17EE903AC5F8F5
:102700000A300125454B0AA80D9308230E93012397
:10271000CDE90B648DF83C30FBF70EFA90B10379EC
:1027200083B10AA8FBF790FADFED3B7AB4EEE70A33
:10273000F1EE10FA40F10281304D17EE903AC5F8F3
:1027400006300125364B0AA80D9306230E9301236C
:10275000CDE90B648DF83C30FBF7EEF9C0B103799D
:10276000B3B10AA8FBF7E8F9002800F00C81214674
:10277000FAF7C8FF42F210739842A8BF1846B0F5A6
:10278000FA7FB8BF4FF4FA701C4DC5F80E00012552
:10279000244B0AA80D9306230E930123CDE90B6465
:1027A0008DF83C30FBF7C8F990B1037983B10AA8E2
:1027B000FBF7C2F948B12146FAF7F0FE40F6B8330C
:1027C0009842A8BF184620EAE0700C4D68860125A3
:1027D000154B0AA80D9306230E930123CDE90B6434
:1027E0008DF83C30FBF7A8F968B303795BB30AA80E
:1027F000FBF7A2F920B319E05C21002094C300206C
:10280000642100206C2100200421002018210020D8
:10281000676666660C210020CDCCCC3DF8200020F8
:1028200034210020E8200020F02000202146FAF783
:10283000B5FE40F6B8339842A8BF184620EAE070CB
:10284000A44DA8860125A44B0AA80D930B230E9333
:102850000123CDE90B648DF83C30FBF76DF9C0B175
:102860000379B3B10AA8FBF7EFF9F7EE007AB4EEFB
:10287000E70AF1EE10FA07D4DFED987AB4EEE70A32
:10288000F1EE10FA77FE807A924D17EE903AEB63F4
:102890000125934B4FF00208012704A80793CDF8B8
:1028A00020808DF82470CDE90564FBF745F978B1F7
:1028B00002796AB18A4B0AA88DF83C70CDE90D38CF
:1028C000CDE90B64FBF738F910B10379402B5DD0EB
:1028D0000223844F04A80893012307978DF824301E
:1028E000CDE90564FBF728F980B1037973B10223C0
:1028F0000AA80B960E930123CDE90C478DF83C30C6
:10290000FBF71AF910B10379402B05D06DB910B05F
:10291000BDE8F047FFF70CB80AA8FBF70DF98246AF
:1029200018B10379402B00F09880F7F719FE05F0F5
:102930005BF810B0BDE8F047FEF7FABFF2EE0E7A92
:10294000644DB4EEE70AF1EE10FA77FE807A17EEE6
:10295000903AC5F806300125F4E6F2EE0E7A5D4DA8
:10296000B4EEE70AF1EE10FA77FE807A17EE903AAD
:10297000C5F80A300125C5E69FED5B0A71E6002522
:1029800014E605239AE64FF4FA70FDE60AA8FBF771
:10299000D3F88246002800F0C5800379402B40F030
:1029A000C18001884FF6FF7C614500F0BB80E36A7F
:1029B000CA0901F07F0003EBC202526812EBC002A9
:1029C00000F0B080D288002700E0D288D0096245AC
:1029D00002F07F0507F1010703EBC00003D0426856
:1029E00012EBC502F1D1072FA8BF072717F0FF028E
:1029F000914600F097800027364D4FF6FF729142C6
:102A000000F0A580C80901F07F0103EBC000406819
:102A100010EBC10017D0C188BC4600E0C1884FEA66
:102A2000D11801F07F0EBCF1000F00F094809142AC
:102A300003EBC8080CF1FF3C00F08980D8F80400D3
:102A400010EBCE00EAD105EB470101374882F9B21D
:102A5000494567D2BAF80010D1E701884FF6FF77F1
:102A6000B9423FF462AFE36ACA0901F07F0003EBA9
:102A7000C202526812EBC0023FF457AFD288002660
:102A800000E0D288D009BA4202F07F0506F10106C3
:102A900003EBC00003D0426812EBC502F1D1072E50
:102AA000A8BF072616F0FF0291463FF43EAF00266E
:102AB000084D4FF6FF7841454BD0C80901F07F0122
:102AC00003EBC000406810EBC1001FD0C188324644
:102AD0000DE000BF94C300207821002000000044D6
:102AE000E4200020741A002000000000C188CF09F3
:102AF00001F07F0E002A3FD0414503EBC70702F1EA
:102B0000FF3226D0786810EBCE00EFD106F110012D
:102B1000013625F81100F1B24945BFF406AFBAF805
:102B20000010C8E702231C4F04A80893012307974D
:102B30008DF82430CDE90564FAF7FEFF00283FF454
:102B4000F4AE0379002B3FF4F0AE0125CFE6002070
:102B500079E70020DAE721460193FAF71FFDB0F587
:102B6000FA7F0E4B4FF6FF72A8BF4FF4FA709842EF
:102B7000B8BF1846019B66E721460193FAF70EFDA0
:102B8000B0F5FA7F054BA8BF4FF4FA709842B8BF72
:102B90001846019BBAE700BF741A00200CFEFFFF25
:102BA0002DE9F04F97B0B74F0A26012405460B9048
:102BB00088460D970E960C918DF83C40CDE90801A2
:102BC0000AA8FBF735F8002862D00DF14009AE4B9A
:102BD000484613930A2314930123CDE911588DF825
:102BE0005430FBF725F8A0B94846FAF7A5FF0028AE
:102BF00000F0DB824146FAF739FE031E18BF0123BD
:102C0000A24882799A4204D083710124F9F7E8FA44
:102C100000E000249E4B484613930923149301239C
:102C2000CDE911588DF85430FBF702F8002800F078
:102C300095804FF0000B974E4FF0070A01270AA826
:102C40000D96CDF838A08DF83C70CDE90B58FAF709
:102C5000EFFF78B90090484611958DF85470CDF883
:102C60004880CDE9136AFAF767FF18B10379402B62
:102C700000F0AE80002C40F08A80BBF1000F40F0E5
:102C80008D8004F0B1FE17B0BDE8F04FFEF750BEE6
:102C90000DF1400982468DF854404846CDE913763F
:102CA000CDE91158FAF748FF002890D0027912F0C8
:102CB00010030FD003884FF6FF718B4200F0C083E2
:102CC000DC0903F07F01D8F82C3003EBC4035B6808
:102CD00003EBC1031E2A76D801A151F822F000BFF0
:102CE000CB090100C30B0100C30B0100C30B0100A2
:102CF000C30B0100C30B0100450F0100C30B010012
:102D0000C30B0100C30B0100290F0100C30B01001D
:102D1000290F0100C30B0100750F0100C30B010057
:102D2000C30B0100C30B0100C30B0100C30B010067
:102D3000C30B0100C30B0100C30B0100C30B010057
:102D4000C30B0100C30B0100150F0100C30B0100F1
:102D5000150F0100C30B0100AB0B01004846FAF749
:102D600073FFB5EEC00AF1EE10FA00F11B82DFED41
:102D70004A7AB4EEE70AF1EE10FA37FE800A434AC7
:102D800010EE103A4FF0010BC2F8073053E73F48FE
:102D9000F7F7EAF8BBF1000F3FF473AFF7F7E0FB8A
:102DA00004F022FE17B0BDE8F04FFEF7C1BD93ED71
:102DB000007BB5EE407BF1EE10FA14BF0123002337
:102DC000002B3FF404AF17B0BDE8F04FF9F70EBA8F
:102DD0004846FAF7B1FE0190002800F0AF81037970
:102DE000402B40F0AB8103884FF6FF70834200F028
:102DF000A581DA09D8F82C5003F07F0305EBC20255
:102E0000526812EBC30200F09981D388002600E0DB
:102E1000DB88DA09834203F07F0106F1010605EB46
:102E2000C20203D0536813EBC103F1D1082EDFF8BF
:102E30005CE0A8BF0826F3B202938EF80B30002B9B
:102E400000F0108100260EF114074FF6FF7A454678
:102E50000594CDF800E0019A1379402B40F0998158
:102E60001388534500F09581DA09EC6A03F07F037B
:102E700004EBC202526812EBC30822D0B8F8063045
:102E800031460DE03C22002084210020D4C30020E4
:102E900090210020A821002000004842B8F8063008
:102EA000DA0903F07F00002900F07681534504EB36
:102EB000C20201F1FF3100F06C81536813EBC008CE
:102EC000ECD101231A22A7F1140B47F8083C009B10
:102ED00002FB06336FF005021A744FF000025A74B9
:102EE0005B464FF0000205335A739A4AC3F80E202E
:102EF0009F42F6D1984B48461393042314934FF006
:102F00000103CDE911858DF85430FAF715FE40B371
:102F1000037913F010020CD00288524500F08E8223
:102F2000D409E96A02F07F0C01EBC4014A6802EBA4
:102F3000CC020A3B122B14D8DFE813F0E800130090
:102F4000DF0013001300130013001300130013001D
:102F5000130013001300130013001300D500130017
:102F6000C20001207D4B002107F8080C484613934E
:102F7000082314934FF00103CDE911858DF85430E7
:102F8000FAF7E8FE764B002107F8070C4846139342
:102F9000FAF7E0FE734B002107F8060C484613933E
:102FA0000C231493FAF7D6FE6F4B07F8050C48462E
:102FB000139306231493FAF7BFFD20B3037913F09C
:102FC00010020CD00288524500F03682D409E96A1A
:102FD00002F07F0C01EBC4014A6802EBCC020A3B11
:102FE000122B10D8DFE803F00A0F480F0F0F0F0F56
:102FF0000F0F0F0F0F0F0F0F600F54000368DB430D
:10300000DB0F002B38D1FA204FF00102574B1A2169
:1030100005248DF83C20009A0D9301FB06230E94A5
:1030200018820AA8CDE90B85FAF702FE039088B949
:103030004E4B4FF001024846CDF84480149412954F
:1030400013938DF85420FAF777FD18B10379402BCC
:1030500000F0AD800136029A1A37F3B29A423FF679
:10306000FAAE059C4248F9F7BBF8002C3FF496AE47
:103070003F48F6F779FF91E62946FAF78FFAB0F55F
:10308000FA7FA8BF4FF4FA703228B8BF3220BBE7EE
:10309000136813F10043536843F10003B3FA83F359
:1030A0005B09002BE8D1AEE71368B3F1004F53681A
:1030B00073F1000334BF01230023002BDCD1A2E70E
:1030C000D2E90023002BFFF64CAFB2F5807F73F1FD
:1030D0000003B4BF01230023002B3FF442AF294675
:1030E000FAF7C4FB3EE71368B3F5807F536873F1CA
:1030F000000334BF01230023EEE70368002BFFF633
:1031000030AFFF2BCCBF00230123E5E70368FF2B83
:103110008CBF00230123DFE7D3E900231A4314BF48
:1031200001230023002B3FF452AD4CE60368003B23
:1031300018BF0123002B3FF44AAD44E6DFF830E02E
:1031400000238EF80B308DE70378002B3FF43FAD62
:1031500039E600BF50003C00B0210020B82100201B
:10316000C4210020D0210020E0210020E8210020FF
:10317000D4C3002000000000D0ED007AF5EE407AC4
:10318000F1EE10FA14BF01230023002B3FF41FAD12
:1031900019E64FF0000894E698F80430202B18BF89
:1031A00088468EE61FED0D0AE9E5034628E5484608
:1031B000FAF7C2FC049000283FF44CAF0179402993
:1031C0007FF448AF03884FF6FF7083423FF442AF6D
:1031D000DA09D5F82CC003F07F030CEBC202526869
:1031E00012EBC3023FF436AFD388039C00E0DB88C8
:1031F000DA09834203F07F0E04F101040CEBC202F2
:1032000003D0536813EBCE03F1D1042CA8BF0424E0
:1032100014F0FF0303933FF41DAF1A2340294FF628
:10322000FF7803FB06F2CDE906674FF0000716466C
:1032300040F0B180049B1A88424500F0AC80D1096F
:10324000EB6A02F07F0203EBC1014C6814EBC2048D
:1032500014D0E288384600E0E288D10902F07F0C01
:10326000002800F0E180424503EBC10100F1FF308E
:1032700000F091804C6814EBCC04EDD1734B00212D
:1032800048461393072314934FF00103CDE91145EA
:103290008DF85430FAF75EFD6D4B8BF812004846FE
:1032A0001393FAF749FC30B3027912F010010ED0F3
:1032B000B0F800C0C44500F0C7804FEADC1EE96AE0
:1032C0000CF07F0C01EBCE01496801EBCC010A3A0E
:1032D000122A10D8DFE802F00A0F610F0F0F0F0F4C
:1032E0000F0F0F0F0F0F0F0F840F78000268D243DC
:1032F000D20F002A51D15020564B07EB870213936F
:103300000823324414934FF001038DF85430009B8E
:103310001A44A2F813004846CDE91145BC00FAF75B
:103320000BFC30B3027912F010010ED0B0F800C0DF
:10333000C44500F087804FEADC1EE96A0CF07F0C80
:1033400001EBCE01496801EBCC010A3A122A0FD8F1
:10335000DFE802F00A0E2F0E0E0E0E0E0E0E0E0EEF
:103360000E0E0E0E5E0E52000268D243D20F02BB4A
:1033700000203C44009B01373444FAB21C44039BB8
:103380009A42A4F8150054D2049B0BF1050B19794D
:1033900040293FF44FAF002470E72946FAF7FEF8C2
:1033A000B0F5FA6FA8BF4FF4FA600128B8BF01204A
:1033B000A2E72946FAF7F2F8B0F5FA6FA8BF4FF482
:1033C000FA6020EAE070D4E70A6812F100424A6825
:1033D00042F10002B2FA82F25209002ADDD18AE7F4
:1033E0000A68B2F1004F4A6872F1000234BF01224C
:1033F0000022002AD1D17EE70A6812F100424A6811
:1034000042F10002B2FA82F25209002AD1D1AFE7AA
:103410000A68B2F1004F4A6872F1000234BF01221B
:103420000022002AC5D1A3E72279202A18BF04462A
:1034300024E7DDE906670DE60022D0E5002278E505
:10344000534647E4002180E7002140E7F0210020B7
:10345000F8210020002200202DE9F04F91B0DFF884
:1034600074830A270126044605900D46CDF81C807A
:10347000089706918DF82460CDE9020104A8FAF7B7
:103480005BFB002845D00379002B42D00E970AAF92
:10349000CDF8348038468DF83C60CDE90B45FAF71D
:1034A0004BFBB8B3027912F010030ED003884FF62D
:1034B000FF718B4200F0C882DE0903F07F01EB6AE6
:1034C00003EBC6035B6803EBC1031E2A00F2CF8047
:1034D000DFE812F02000CD00CD00CD00CD00CD0002
:1034E000A502CD00CD00CD008702CD008702CD0022
:1034F000C100CD00CD00CD00CD00CD00CD00CD0070
:10350000CD00CD00CD00CD007D02CD007D02CD00EF
:1035100098020AAFAA4B38460D930A230E93012353
:10352000CDE90B458DF83C30FAF706FB002800F09A
:1035300090800379002B00F08C803846FAF7FCFA73
:1035400028B12946FAF792F9003818BF01209D4B9F
:10355000012698719C4B38460D930C230E93012342
:10356000CDE90B458DF83C30FAF7E6FA00285CD03F
:103570000379002B59D03846FAF766FBB5EEC00A3E
:10358000F1EE10FA00F15782DFED907AB4EEE70A1F
:10359000F1EE10FA37FE800A10EE103A894ADFF891
:1035A000388201269360052304A8CDF81C80089377
:1035B0008DF82460CDE90545FAF7BEFA68B30379C2
:1035C0005BB3052338460B940E930123CDE90C58C9
:1035D0008DF83C30FAF7B0FA10B10379402B4BD09C
:1035E000DEB911B0BDE8F04FFEF7A2B90368DB43C6
:1035F000DB0F002B40F070817820724B09F1040939
:10360000009A03EB880308F10108D8815FFA88F378
:103610009A4277D86B48F8F721FE6A48F6F7A8FD7A
:1036200011B0BDE8F04FFEF783B90523DFF8A8819C
:1036300004A808930123CDF81C808DF82430CDE92F
:103640000545FAF779FA0028CAD00379002BB8D1DA
:10365000C6E700267EE7D0ED007AF5EE407AF1EE7F
:1036600010FA14BF01230023002B3FF453AF11B015
:10367000BDE8F04FF8F7F8BD3846FAF75DFA0346B3
:10368000002800F0B6810279402A40F0B281028819
:103690004FF6FF7C624500F0AC81D109EE6A02F082
:1036A0007F0206EBC101496811EBC20100F0A18164
:1036B000CA88002400E0D288D109624502F07F0068
:1036C00004F1010406EBC10103D04A6812EBC00209
:1036D000F1D1082C01933B4B4FF02002A8BF0824E6
:1036E000002103F10C00E4B20094DC7114F0B6FF89
:1036F000002C8FD0DFF8CC904FF000084FF6FF7B06
:103700004FF0010A019A1379402B40F08D81138804
:103710005B4500F08981DA0903F07F0306EBC20202
:10372000546814EBC30414D0E288404600E0E288F9
:10373000D30902F07F01002800F078815A4506EB9A
:10374000C30300F1FF3000F06F815C6814EBC1042B
:10375000EDD11F4B38468DF83CA00D930523CDE9E4
:103760000B450E93FAF7E8F9002838D0027912F0E9
:1037700010010CD00188594500F060814FEAD11E3C
:1037800001F07F0C06EBCE01496801EBCC010A3A4F
:10379000122A23D8DFE812F0150122000C012200C2
:1037A0002200220022002200220022002200220009
:1037B000220022002200220002012200EF0000BFAE
:1037C0004822002030A4002054220020000048425B
:1037D0006C2200203C2200206422002000209B4B11
:1037E00089F80C0038460D9305238DF83CA00E9304
:1037F000CDE90B45FAF7A0F900B3027912F01001F8
:103800000CD00188594500F01D814FEAD11E01F00E
:103810007F0C06EBCE01496801EBCC010A3A122A73
:103820000BD8DFE802F0A20A990A0A0A0A0A0A0A71
:103830000A0A0A0A0A0A8F0A7D000020844B89F8C6
:103840000D0038460D9306238DF83CA00E93CDE96C
:103850000B45FAF771F900283FF4CEAE037913F067
:1038600010020BD002885A4500F0EA80D10902F01C
:103870007F0206EBC101496801EBC2020A3B122B31
:103880003FF6BAAE01A151F823F000BFE9130100E1
:10389000F5130100D5160100F5130100F513010021
:1038A000F5130100F5130100F5130100F5130100F4
:1038B000F5130100F5130100F5130100F5130100E4
:1038C000F5130100F5130100F513010005170100C0
:1038D000F5130100ED1601002946F9F75FFEB0F57A
:1038E000FA6FA8BF4FF4FA600A28B8BF0A2084E62E
:1038F000136813F10043536843F10003B3FA83F3F1
:103900005B09002BE8D177E61368B3F1004F5368E9
:1039100073F1000334BF01230023002BDCD16BE6DD
:10392000D1E90012002A88DBB1F5807F72F1000234
:10393000B4BF01220022002A3FF47FAF2946F9F7E5
:1039400095FF7BE70A68B2F5807F4A6872F1000252
:1039500034BF01220022EEE70268002AFFF66DAFB5
:10396000FF2ACCBF00220122E5E70268FF2A8CBFB4
:1039700000220122DFE7D1E90012002AFFF62EAF74
:10398000B1F5807F72F10002B4BF01220022002A4B
:103990003FF424AF2946F9F769FF20E70A68B2F53A
:1039A000807F4A6872F1000234BF01220022EEE7F4
:1039B0000268002AFFF612AFFF2ACCBF00220122C4
:1039C000E5E70268FF2A8CBF00220122DFE7D3E986
:1039D00000231A4314BF01230023002B3FF49AADA8
:1039E00045E60368003B18BF0123002B3FF492AD6E
:1039F0003DE6184B0021202203F10C00D97114F090
:103A00002DFE07E693ED007BB5EE407BF1EE10FA5C
:103A100014BF01230023002B3FF47CAD27E603787D
:103A2000002B3FF477AD22E6002492E62279202A8B
:103A300018BF04468DE69FED080AADE50021A6E615
:103A400000221BE70021E9E600233EE57422002066
:103A50007C22002030A400200000000070B50A2362
:103A600088B09D4A05460693012303900C468DF8C5
:103A70001C30CDE9000102A8CDE90412FAF75CF888
:103A8000002800F045810379002B00F0418102A855
:103A9000FAF752F828B12146F9F7E8FE003818BFC6
:103AA00001208E4B012698718D4B02A805930F23A0
:103AB00006930123CDE903548DF81C30FAF73CF846
:103AC00068B103795BB102A8FAF736F820B1214654
:103AD000F9F7CCFE00F01F00804B0126D871814B16
:103AE00002A805930E2306930123CDE903548DF814
:103AF0001C30FAF721F870B1037963B102A8FAF724
:103B00001BF828B12146F9F7B1FE003818BF012093
:103B1000724B01261875744B02A805930B2306936C
:103B20000123CDE903548DF81C30FAF705F858B19C
:103B300003794BB102A8F9F7FFFF10B12146F9F75D
:103B400095FE664B01261872684B02A80593112357
:103B500006930123CDE903548DF81C30F9F7ECFFEF
:103B600070B1037963B102A8F9F7E6FF28B12146E5
:103B7000F9F77CFE003818BF0120584B0126587217
:103B80005B4B02A805930E2306930123CDE9035452
:103B90008DF81C30F9F7D0FFA8B103799BB102A8CA
:103BA000F9F7CAFF002800F0B5802146F9F7F6FCC6
:103BB00042F210739842A8BF18466428B8BF642028
:103BC000464B012658814B4B02A8059315230693BB
:103BD0000123CDE903548DF81C30F9F7ADFF90B106
:103BE000037983B102A8F9F7A7FF48B12146F9F795
:103BF000D5FCB0F5FA6FA8BF4FF4FA6020EAE07088
:103C0000364B012698813C4B02A805930A23069364
:103C10000123CDE903548DF81C30F9F78DFFA0B1D5
:103C2000037993B102A8F9F787FF002874D02146E1
:103C3000F9F7B4FCB0F5FA7FA8BF4FF4FA70052885
:103C4000B8BF0520254B0126D8812C4B02A805932F
:103C5000112306930123CDE903548DF81C30F9F7A5
:103C60006BFF90B1037983B102A8F9F765FF48B102
:103C70002146F9F793FCB0F5FA6FA8BF4FF4FA604C
:103C800020EAE070154B012618821D4B132202A872
:103C90000593012306928DF81C30CDE90354F9F702
:103CA0004BFF78B303796BB302A8F9F745FF48B12E
:103CB0002146F9F773FC42F210739842A8BF1846E8
:103CC00020EAE070054B58820448F6F759FB08B02B
:103CD000BDE87040FDF72CBE842200207CC300208C
:103CE00090220020A0220020B0220020BC22002030
:103CF000D0220020E0220020F8220020042300200F
:103D000018230020002EE2D00448F6F739FBDEE746
:103D10000026C9E6642053E7052093E77CC3002012
:103D20002DE9F043002395B0444A06468DF814303F
:103D300004AC06934FF480230DF11C0868461093E1
:103D40004FF6FF730492ADF844303D4BCDF83C8004
:103D500013933C4B009401930623029301238DF8A7
:103D60000C30FAF74BF838B121460546F8F7A0FEBB
:103D700004232B71344B2B60344B31466846CDE91C
:103D800000430723029301238DF80C30FAF704F95E
:103D90002046FBF7F7FD0698049E90B12C4C03E0FB
:103DA00012F068FC069858B1336802685B680692A6
:103DB000A342F5D001463046984706980028F3D133
:103DC000049EBDF840200F9BEAB10024DFF88090EC
:103DD00027460AE012F04EFC0F9B01342F60BDF81D
:103DE0004010A2B26F6091420DD903EBC40569681F
:103DF00008460029F1D033685B684B45EAD030466D
:103E000098470F9BE9E700214FF6FF724345ADF855
:103E10004010ADF8442007D032680D4952688A42FC
:103E200005D1184612F026FC15B0BDE8F0831946FE
:103E30003046904715B0BDE8F08300BFF85300202E
:103E40000000FFFF782500202C23002034230020D1
:103E500029A400002DE9F04FA1B0CDE9020105A988
:103E60009548F2F7A3FB029B002B00F087801B888C
:103E70004FF6FF72934200F081800399DA0903F054
:103E80007F03D1F82CA00AEBC202546814EBC304E0
:103E900074D022790023B4F806B05646042ACDE93E
:103EA000001300F08E80052A00F06081022A18BFFE
:103EB00000244FF6FF739B4545D04FEADB120BF011
:103EC0007F0A7E492046154606EBC2025746D2F8C5
:103ED000049009EBCA0814F025FD002800F0BA8010
:103EE0007749204614F01EFD002840F0A180B8F16B
:103EF000000F00F08A8098F8041011F010020ED024
:103F000039F83A204FF6FF739A4200F07581D409D0
:103F100002F07F0006EBC402526802EBC0021E29C9
:103F200031D8DFE801F0723030303030613030307D
:103F300059305930663030303030303030303030F9
:103F40005030503080005D49204614F0EBFC0028D2
:103F500000F0E8805A49204614F0E4FC002854D0D0
:103F60005849204614F0DEFC002840F00281524BF4
:103F7000A3F85000019B002B40F04281FDF7D8FCD4
:103F800021B0BDE8F08F4C4B01225A71ADB206EB67
:103F9000C5056B6813EBC703ECD0DB884FF6FF72E7
:103FA0009342E7D0DA0903F07F0306EBC2025468BC
:103FB00014EBC304DED02279B4F806B0042A7FF4EF
:103FC00072AF246875E7D2E9003213433A4B14BF4D
:103FD000012200225A71D9E759F83A30364A003B9B
:103FE00018BF01235371D1E719F83A20324B5A71A7
:103FF000CCE7D8ED007AF5EE407AF1EE10FA2E4BD0
:1040000014BF012200225A71C0E72B4A00215171CE
:104010004FF6FF729345ADD0009B4FEADB150BF0D6
:104020007F07DE6AB2E792ED007BB5EE407BE4E706
:104030002449204614F076FC00287DD1B8F1000F09
:1040400000F0C28040460099F9F7C4FC1A4BA3F86F
:1040500050009BE7B8F1000F64D098F8041011F0FD
:1040600010020ED039F83A204FF6FF739A4200F052
:10407000C580D40902F07F0006EBC404626802EB3D
:10408000C0021E2911D8DFE801F04D1010101010E9
:10409000451010102B102B1036101010101010108F
:1040A000101010101F101F10520001210248F2F7CB
:1040B00047F9009BDE6A69E740C20020CC2400205B
:1040C0003C23002048230020D2E900329B481343C0
:1040D00014BF01210021F2F733F9009BDE6A55E796
:1040E00059F83A109548003918BF0121F2F728F91C
:1040F000009BDE6A4AE7D8ED007AF5EE407AF1EEF1
:1041000010FA8E4814BF01210021F2F719F9009B23
:10411000DE6A3BE719F83A108848F2F711F9009B7C
:10412000DE6A33E700218548F2F70AF970E792ED7D
:10413000007BB5EE407BE2E78149204614F0F2FBBC
:10414000F8B9B8F1000F0BD040460099F9F78EFB93
:10415000421ED2B2012A25D9021FD2B2012A21D988
:104160007848FFF7DDFD21B0BDE8F08F2468083402
:104170009FE67349204614F0D5FB0028F0D04FF09D
:1041800000087149204614F0CDFB70B94046B8F1E3
:10419000000F02D00099F9F769FB8DF81B0001238D
:1041A000019335E78DF81A00F9E76849204614F0C5
:1041B000B9FB68B94046B8F1000F02D00099F9F791
:1041C00009FCADF81C00EAE75C4BA3F85080DDE683
:1041D0005F49204614F0A6FBF0B15E49204614F07A
:1041E000A1FB18BB4046B8F1000F02D00099F9F7C7
:1041F0003DFB8DF81F00D2E7024690E6024640E7FD
:1042000005A94E48F2F7F2F805A94C48F2F7CEF9A5
:1042100005A8F5F7FFFEB1E64046B8F1000F02D061
:104220000099F9F723FB8DF81E00B8E74A492046AC
:1042300014F078FB50B9B8F1000F04D04046009953
:10424000F9F714FB80468DF82080A8E74349204603
:1042500014F068FB48B9009B10A8CDF8408011937A
:10426000F8F7C0FEADF8210099E73D49204614F06B
:1042700059FB48B9009B10A8CDF840801193F8F77E
:10428000B1FEADF823008AE73649204614F04AFB18
:1042900048B9009B10A8CDF840801193F8F75AFF59
:1042A0008DF825007BE73049204614F03BFB48B9E8
:1042B000009B10A8CDF840801193F8F793FEADF85D
:1042C00026006CE72949204614F02CFB48B9009BD6
:1042D00010A8CDF840801193F8F784FEADF82800BF
:1042E0005DE72349204614F01DFB48B9009B10A848
:1042F000CDF840801193F8F775FEADF82A004EE72F
:104300001C49204614F00EFB48B9009B10A8CDF8BC
:1043100040801193F8F766FEADF82C003FE7164990
:10432000204614F0FFFA48BB009B10A8CDF840804F
:104330001193F8F7FFFD8DF82E0030E740C2002002
:104340005C23002068230020A8230020B423002041
:10435000C0230020C8230020D8230020E823002009
:10436000F42300200824002014240020202400200E
:104370002C240020382400204424002057492046C3
:1043800014F0D0FA48B9009B10A8CDF840801193E2
:10439000F8F7D0FD8DF82F0001E75149204614F0C1
:1043A000C1FA48B9009B10A8CDF840801193F8F7E6
:1043B000D1FE8DF83000F2E64A49204614F0B2FAF8
:1043C00048B9009B10A8CDF840801193F8F70AFE79
:1043D000ADF83100E3E64449204614F0A3FA48B9A9
:1043E000009B10A8CDF840801193F8F7A3FD8DF83D
:1043F0003300D4E63D49204614F094FA48B9009BB6
:1044000010A8CDF840801193F8F7A4FE8DF8340081
:10441000C5E63749204614F085FA48B9009B10A834
:10442000CDF840801193F8F7DDFDADF83500B6E624
:104430003049204614F076FA48B9009B10A8CDF810
:1044400040801193F8F7CEFDADF83700A7E62A4972
:10445000204614F067FA48B9009B10A8CDF84080B8
:104460001193F8F767FD8DF8390098E62349204647
:1044700014F058FA48B9009B10A8CDF84080119369
:10448000F8F768FE8DF83A0089E61D49204614F0D9
:1044900049FA48B9009B10A8CDF840801193F8F76D
:1044A00049FD8DF83B007AE61649204614F03AFAA9
:1044B00048B9009B10A8CDF840801193F8F792FD01
:1044C000ADF83C006BE6402123460F4A0DEB01009E
:1044D00013F04EFF10A8FFF723FC51E550240020F5
:1044E0005C240020682400207824002088240020F8
:1044F0009C240020A8240020B4240020C0240020F4
:10450000C8240020D4240020E02400202DE9F04716
:104510006D4994B0054614F005FA80B16B49284600
:1045200014F000FA002840F0AF80694B01271B7897
:10453000BB4209D114B0BDE8F047FDF7F9B9022735
:10454000634B1B78BB42F5D000230DF11C08614A78
:1045500004AC8DF81430684606934FF4802304921F
:104560000094CDE90F834FF6FF73ADF844305A4BFA
:1045700013935A4B01930623029301238DF80C30B9
:10458000F9F73CFC064630B12146F8F791FA0423CE
:104590003371534B3360534B6846009401930623A9
:1045A000029301238DF80C30F9F728FC064630B150
:1045B0002146F8F77DFA042333714B4B33604B4BA4
:1045C00029466846009401930423029301238DF841
:1045D0000C30F9F7E1FC2046FBF7D4F90698049E6D
:1045E00090B1434C03E012F045F8069858B1336897
:1045F00002685B680692A342F5D0014630469847B0
:1046000006980028F3D1049EBDF840200F9BFAB114
:104610000024DFF8DC90A2460CE012F02BF80F9B90
:104620000134C5F800A0BDF84010A2B2C5F804A03E
:1046300091420DD903EBC405696808460029EFD003
:1046400033685B684B45E8D0304698470F9BE7E7F7
:1046500000224345ADF840204FF6FF72ADF84420EC
:1046600007D03268224952688A4220D1184612F097
:1046700001F810F04BFA50200EF022F8384614B032
:10468000BDE8F04703F096B91A49284614F04AF9F4
:1046900058B11949284614F045F960B11749284620
:1046A00014F040F948B905274AE7032748E71946B7
:1046B00030469047DDE7042742E7114814B0BDE8D3
:1046C000F047FFF72DBB00BF880D0020780E0020BB
:1046D000D1590020F85300200000FFFF782500206A
:1046E000AC200020342500203C250020D8210020CB
:1046F00029A40000840D0020003000203C1F002071
:10470000F02400202DE9F04F00234FF48022DFF841
:104710007CA32DED028BCFB00DF1A4088DF89C3059
:104720002893A3F58033CDF898A035930368CDE99D
:1047300031824FF6FF72ADF8CC208268002B00F07A
:1047400063841A4436AC26AE3A9300233B9234A9D4
:104750004FF00A02204636963D968DF8E4308DF8EB
:10476000F130CDE93733FAF74BFA054620B99DF819
:10477000F030002B40F0A080379850B1369BDFF826
:1047800008931A6813685B684B4540F0478411F042
:1047900071FFBDF8C820269B002A40F0DE803198CA
:1047A000404514D0BDF8C810BDF8CA208A420ED0CA
:1047B0001A68C900D2F80890A34A914540F0DB85F9
:1047C00012F042FABDF8C8303190ADF8CA30002D71
:1047D00040F0E7809D4B2046CDE9366303233893B4
:1047E00001238DF8E430F9F7CBFC28B103791A1FC7
:1047F000012A68D9022B66D0954D9649284614F0B7
:1048000091F88146002800F046819349284614F02B
:1048100089F8002800F0C0859049284614F082F8F5
:10482000002800F0BC868E49284614F07BF800284A
:1048300000F088868B49284614F074F8002800F0B0
:10484000B2868949284614F06DF8002800F04687A2
:104850008649284614F066F8002801F0CB81844987
:10486000284614F05FF8002801F069838149284642
:1048700014F058F8002841F0378304237E4D1BA81C
:104880001D930123CDE91B658DF87830F9F7F0FC15
:1048900070B904220123204638928DF8E430CDE926
:1048A0003665F9F76DFC18B10379202B01F0ED8323
:1048B0007248FFF735FA77E09DF8D43013F0080F0F
:1048C00018BF032558E7042B00F05B85052B00F08B
:1048D000DF8005466A49284614F024F8002840F095
:1048E000A283FBF765F82898269E98B1DFF8989187
:1048F00003E011F0BFFE289858B1336802685B6886
:1049000028924B45F5D00146304698472898002814
:10491000F3D1269EBDF8C8303199002B7DD00024FC
:10492000DFF8649127460AE011F0A4FE31990134C2
:104930002F60BDF8C820A3B26F609A426DD901EB19
:10494000C40568680028F2D033685B684B45EBD03B
:104950000146304698473199E9E76FF06041319858
:1049600051181A680290926800EBC1098B461746ED
:10497000354AB9F802109742D9F804004FEAC1014C
:1049800040F00285039312F05FF9039B00283FF487
:1049900006AFB9F802200299C9F8040021F83B20BB
:1049A000FDE63848FFF7BCF92898269E98B1DFF855
:1049B000D89003E011F05EFE289858B13368026881
:1049C0005B6828924B45F5D00146304698472898B9
:1049D0000028F3D1269EBDF8C8303199EBB10024F0
:1049E000DFF8A49027460AE011F044FE3199013423
:1049F0002F60BDF8C820A3B26F609A420DD901EBB9
:104A0000C40568680028F2D033685B684B45EBD07A
:104A10000146304698473199E9E700224FF6FF7387
:104A20004145ADF8C820ADF8CC3008D03368164AFF
:104A30005B68934240F0EB82084611F01BFE4FB0DA
:104A4000BDEC028BBDE8F08F21A400005C250020A6
:104A5000AC3300201826002068260020782600208D
:104A60008826002098260020A8260020C0260020A6
:104A7000D0260020E0260020F4260020FC2600207E
:104A8000602500204825002029A40000F8530020BC
:104A9000056808351EE71BA9C448F1F787FD4FF4E8
:104AA000802344AE4FF0FF32429339ADA3F5A023EB
:104AB000214630468DF8DC90CDF8E090ADF80C2121
:104AC0004593CDF8D8A04195F7F7F2FF20230622B1
:104AD000B74930468DF814314FF0FF3344932346E5
:104AE000F7F74EFE8146002800F0B88515AF214645
:104AF0004846F7F7DDFF042389F80430AD4BC9F8C9
:104B00000030AD4B384618930723199301238DF8D5
:104B10006830A64B1B79CDE916640293F9F7C2FA07
:104B2000814640B11799F7F7C3FF029B89F800301F
:104B3000062389F804309D48F0F746FF9F4B8246D4
:104B4000384618930C2319930123CDE916648DF888
:104B50006830F9F7A7FA814638B11799F7F7A8FF37
:104B6000062389F800A089F80430904B38469B8DC5
:104B70000293934B1893092319930123CDE91664EB
:104B80008DF86830F9F78EFA814640B11799F7F73A
:104B90008FFF029BC9F800300C2389F80430894B41
:104BA0004FF001099DF872103846189309238DF8CB
:104BB00068901993CDE91664F8F712FC824B9DF8C2
:104BC00073103846189308238DF868901993CDE92F
:104BD0001664F8F705FC7D4BBDF874103846189341
:104BE0000B238DF868901993CDE91664F8F766FCED
:104BF000774A9DF876103846189206228DF868900C
:104C00001992CDE91664F8F7EBFB724A9DF877101C
:104C1000384618920D228DF868901992CDE91664E5
:104C2000F8F7DEFB0D229DF87810384619926A4A93
:104C30008DF868901892CDE91664F8F7D1FB0B2334
:104C4000BDF8791038461993644B8DF86890189325
:104C5000CDE91664F8F732FC614BBDF87B1038469D
:104C6000189310238DF868901993CDE91664F8F71E
:104C700025FC08239DF87D1038461993594B8DF873
:104C800068901893CDE91664F8F7AAFB0823BDF8DD
:104C90007E1038461993544B8DF868901893CDE9DF
:104CA0001664F8F70BFC0823BDF8801038461993FA
:104CB0004E4B8DF868901893CDE91664F8F7FEFB1B
:104CC0004B4BBDF88210384618930A238DF8689034
:104CD0001993CDE91664F8F7F1FB0A23BDF88410A7
:104CE00038461993434B8DF868901893CDE91664B4
:104CF000F8F7E4FB082338468DF8689019933E4B8B
:104D000018939DF88630CDE916640293F9F7CAF935
:104D1000814660B11799F7F7CBFE029B4FF0060270
:104D2000003B89F8042018BF012389F80030334B79
:104D3000384618930823199301238DF868309DF89D
:104D40008730CDE916640293F9F7ACF9814658B182
:104D50001799F7F7ADFE029B003B18BF012389F8B6
:104D60000030062389F80430254B4FF001099DF8E7
:104D70008810384618930A238DF868901993CDE966
:104D80001664F8F72DFB1F4BBDF8891038461893B1
:104D90000E238DF868901993CDE91664F8F78EFB11
:104DA0000E2338468DF8689019932DE040C20020FC
:104DB00078250020AC200020CC2400202C260020C8
:104DC0003C2600205C230020A8230020B4230020E0
:104DD000C0230020C8230020D8230020E82300207F
:104DE000F423002008240020142400202024002084
:104DF0002C240020382400204424002050240020AB
:104E00005C240020682400208B4B18939DF88B3085
:104E1000CDE916640293F9F745F9814658B117991F
:104E2000F7F746FE029B003B18BF012389F80030CC
:104E3000062389F80430814B4FF001099DF88C104E
:104E40003846189311238DF868901993CDE91664AC
:104E5000F8F7C6FA7A4BBDF88D10384618930A2336
:104E60008DF868901993CDE91664F8F727FB0A23AB
:104E7000BDF88F1038461993724B8DF868901893CF
:104E8000CDE91664F8F71AFB6F4B38468DF8689039
:104E900018930B2319939DF89130CDE91664029372
:104EA000F9F700F9814658B11799F7F701FE029B0F
:104EB000003B18BF012389F80030062389F804302D
:104EC000624B4FF001099DF8921038461893072362
:104ED0008DF868901993CDE91664F8F781FA5C4B68
:104EE00038468DF8689018930B2319939DF89330EA
:104EF000CDE916640293F9F7D5F8814658B11799B0
:104F0000F7F7D6FD029B003B18BF012389F800305C
:104F1000062389F804304F4B4FF00109BDF8941077
:104F20003846189308238DF868901993CDE91664D4
:104F3000F8F7C4FA4848F0F78BFD484B38468DF82F
:104F4000689018930A23B0EE408A1993CDE916644D
:104F5000F9F7A8F8814668B11799F7F7A9FDF6EEB9
:104F6000007A0C2378EE277A89F80430FDEEE77A90
:104F7000C9ED007A3848F0F7FDFC9DF81431B0EE29
:104F8000408A002B00F0D782202B18D12346112213
:104F900030463349F7F7F4FB8146002800F00783D9
:104FA00021464846F7F784FDF6EE007A0C2378EEAA
:104FB000277A89F80430FDEEE77AC9ED007A2246B7
:104FC000002317943946274C304616931594FAF768
:104FD000CFFA20460CF0C8FE3898369F002800F023
:104FE000B682DFF88C9005E011F044FB3898002879
:104FF00000F0AC823B6802685B6838924B45F3D0A6
:10500000014638469847F1E7174BFFF79ABB304601
:1050100098474FB0BDEC028BBDE8F08F01461046BB
:105020009847FFF7B6BB1149284613F07BFC08BB35
:10503000FAF7B0FD57E400BF782400208824002050
:105040009C240020A8240020B4240020C024002098
:10505000C8240020D424002040C20020482600207C
:1050600054260020A0520020984B002068250020E4
:1050700029A40000A249284613F054FC00287FF41C
:10508000BCAB4FF480230DF16C0939AD8DF8DC0019
:1050900042934FF6FF7338904846ADF80C31994B68
:1050A000CDF8D8A04593984B41951C9306231B94AB
:1050B0001D9301238DF87830F8F7A0FE064630B135
:1050C0001B99F7F7F5FC04233371904B3360904B39
:1050D00048461B941F688F4B1C9309231D93012383
:1050E0008DF87830F8F78AFE064628B11B99F7F755
:1050F000DFFC0A233760337102F070FC864B0746F1
:1051000048461C930A231B941D9301238DF8783085
:10511000F8F774FE064628B11B99F7F7C9FC062379
:105120003770337102F054FC7C4B074648461C93A1
:105130000D231B941D9301238DF87830F8F75EFE44
:10514000064628B11B99F7F7B3FC0A233760337181
:10515000734B4846CDE91B430A231D9301238DF869
:105160007830704B1F78F8F749FE064628B11B9936
:10517000F7F79EFC06233770337102F03FFC6A4B51
:10518000074648461C930A231B941D9301238DF860
:105190007830F8F733FE064628B11B99F7F788FCFC
:1051A0000623377033716148F0F7C2F8604B074649
:1051B00048461C930F231B941D9301238DF87830D0
:1051C000F8F71CFE064628B11B99F7F771FC062379
:1051D000377033715548F0F78BF9564B0746484600
:1051E0001C9312231B941D9301238DF87830F8F73C
:1051F00005FE064628B11B99F7F75AFC06233770BF
:1052000033714A48F0F768F94B4B074648461C9300
:1052100011231B941D9301238DF87830F8F7EEFDD0
:10522000064628B11B99F7F743FC06233770337104
:105230003E48F0F76BF9414B074648461C930D2357
:105240001B941D9301238DF87830F8F7D7FD06469F
:1052500028B11B99F7F72CFC0A2337603371384BC0
:105260004846CDE91B430E231D9301238DF878306A
:105270002E4B9F7BF8F7C2FD064628B11B99F7F726
:1052800017FC0623377033712046FAF77BFB3898FA
:10529000369F98B1DFF8AC9003E011F0EBF9389845
:1052A00058B13B6802685B6838924B45F5D00146BF
:1052B0003846984738980028F3D1369FBDF8083112
:1052C0004199002B41D00024A1460AE011F0D2F907
:1052D00041990134C6E90099A3B2BDF808219A4268
:1052E00033D901EBC40670680028F2D03B68154A38
:1052F0005B689342EAD00146384698474199E8E70F
:10530000742500200000FFFF78250020AC2000203D
:10531000C0C50020802500208C2500209825002075
:10532000A825002037C70020B42500206068002091
:10533000C0250020D0250020E4250020F8250020ED
:105340000826002029A4000055460023A942ADF8F4
:1053500008314FF6FF73ADF80C313FF4C4AA3B6837
:10536000DFF8F0925B684B4540F01581084611F07C
:1053700081F9FFF7B8BA0A4601461846C847FFF751
:1053800021BA0568FFF7A6BA0A46039301461846F4
:10539000B847039BFFF7FABA4FF480230DF16C096D
:1053A00039AD8DF8DC0042934FF6FF7338904846D4
:1053B000ADF80C319E4BCDF8D8A045939D4B41954F
:1053C0001C9306231B941D9301238DF87830F8F766
:1053D00015FD064630B11B99F7F76AFB04233371BC
:1053E000954B3360954B4846954ECDE91B430923B9
:1053F00096ED028A1D9301238DF87830F8F7FEFCB4
:10540000074630B11B99F7F753FB0E2387ED008A4F
:105410003B718C4B484696ED038A1C930A231B94E0
:105420001D9301238DF87830F8F7E8FC074630B17A
:105430001B99F7F73DFB0E2387ED008A3B71824BEA
:10544000484696ED048A1C930B231B941D9301235D
:105450008DF87830F8F7D2FC074630B11B99F7F792
:1054600027FB0E2387ED008A3B71784B484696ED6B
:10547000058A1C930B231B941D9301238DF8783010
:10548000F8F7BCFC074630B11B99F7F711FB0E2368
:1054900087ED008A3B716E4B4846B7691C93092320
:1054A0001B941D9301238DF87830F8F7A7FC06466E
:1054B00028B11B99F7F7FCFA0E23376033712046A9
:1054C000FAF760FA3898369F88B1DFF8889103E0E0
:1054D00011F0D0F8389848B13B6802685B683892A0
:1054E0004B45F5D0014638469847F3E7369FBDF85F
:1054F00008314199002B3FF428AF0024A1460BE06E
:1055000011F0B8F841990134C6E90099A3B2BDF889
:1055100008219A427FF619AF01EBC4067068002893
:10552000F1D03B684B4A5B689342E9D0014638466C
:1055300098474199E7E720238DF814314FF0FF3366
:10554000449323E5FBF78EF8FFF7CDB9369FBDF8FE
:1055500008314199002B3FF4F8AE0024A1460BE03E
:1055600011F088F841990134C6E90099A3B2BDF859
:1055700008219A427FF6E9AE01EBC4067068002864
:10558000F1D03B68334A5B689342E9D00146384624
:1055900098474199E7E738469847FFF7A4B9FAF7E3
:1055A00093FEFFF7A0B9FBF729FBFFF79CB92A4B45
:1055B000214611A815931123169301238DF85C3011
:1055C000F7F74AF9119B0293002B3FF4F8AC214600
:1055D00013A8F7F741F9DDF84C90B9F1000F3FF44B
:1055E000EEACDDF808A00094504697E80E00F7F7FF
:1055F00067FE00283FF4E3ACBDF850004FF6FF72A1
:10560000BDF84810AAF80600BDF81231934200F028
:10561000B084419A4FEAD31C03F07F0302EBCC0223
:10562000526802EBC303D980ADF81201B8E400BFA1
:105630000000FFFF78250020AC2000200C22002075
:10564000FCC2002018220020782100202422002003
:105650003022002029A4000054260020654B21465A
:1056600011A815930623169301238DF85C30F7F7E4
:10567000F3F8119B9A46002B00F06584214613A88D
:10568000F7F7EAF8DDF84C90B9F1000F00F05B8411
:1056900015AF0094504697E80E00F7F711FE00286A
:1056A0003FF42FAABDF850204FF6FF71BDF8480017
:1056B000AAF80620BDF812318B4200F056844199B9
:1056C0004FEAD31C03F07F0301EBCC01496801EBE7
:1056D000C303D880ADF81221FFF709BA4FF4802335
:1056E0000DF16C0939AD8DF8DC0042934FF6FF7374
:1056F00038904846ADF80C313F4BCDF8D8A04593D3
:105700003C4B41951C9306231B941D9301238DF85C
:105710007830F8F773FB064630B11B99F7F7C8F9F4
:1057200004233371354B3360354B0A2748461D97A8
:10573000CDE91B4301238DF87830324B9B790293DE
:10574000F8F75CFB064628B11B99F7F7B1F9029B05
:10575000377133602C4B48461B941C930C231D93CC
:1057600001238DF87830274B9F68F8F747FB0646F2
:1057700028B11B99F7F79CF90E2337603371234B3F
:1057800048461B941C9307231D9301238DF8783002
:105790001C4BDF79F8F732FB064628B11B99F7F767
:1057A00087F90A2337603371194B48461B941C93C1
:1057B00005231D9301238DF87830F8F71FFB1B9FFD
:1057C0000646029040B13946F7F772F940231B9F15
:1057D00033714FF0FF3333600A4BDB79002B00F05D
:1057E0001F81CDF810904FF00109DFF818B0079530
:1057F0009EE000BF782500200000FFFFAC200020C5
:105800004822002030A4002054220020B826002086
:1058100064220020D909FA6A02EBC102556803F03C
:105820007F0235F8321005EBC205B986A54A4FF65E
:10583000FF716A60029A52888A4200F0ED80F96A2C
:10584000D00902F07F0201EBC001496801EBC202FE
:10585000D380029A394628465380F7F729F9202346
:10586000052299492B714FF0FF3328462B603B46A8
:105870009BF80C600396F6F783FF0646002800F0BD
:105880008F8039463046F7F713F9039B33600A23BC
:1058900033719BF80D202B790392002B71D12023BB
:1058A0002B714FF0FF332B6009F1FF363B46052289
:1058B000864928460596F6F763FF0646002800F05D
:1058C0000D8139463046F7F7F3F8039B33600A231E
:1058D000337109F101037E4A02EB8303DB880393F2
:1058E0002B79002B47D0202B11D13B46062228468E
:1058F0007849F6F745FF0646002800F02B81394627
:105900003046F7F7D5F8039B33600A233371704BA9
:105910005FFA89F20BF1040BDB79B9F1080F18BFBC
:10592000934209F101098CBF01230023002B76D09B
:10593000029B002BEBD0BB8E4FF6FF7207F10C01E0
:10594000934203917FF466AF3B8E3A68E3B1013B2B
:10595000F96A9BB201EBC3004568ADB131F8336021
:1059600041888E4210D901EBC31305EBC10501310B
:105970009BB241805AE720232B714FF0FF332B60FD
:10598000B3E7202B90D0C2E707F10C010498F6F79B
:1059900055FE1B9D002D40F02D8301233B71B6E782
:1059A000494B394613A81B9305231C9301238DF8FB
:1059B0007430F6F751FF139B0593002B3FF469AF4A
:1059C000394615A8F6F748FF159E002E3FF461AF43
:1059D000DDF814A0049A009750460ECAF7F770FC41
:1059E00000283FF456AFBDF858004FF6FF72BDF8DF
:1059F0005010AAF806006B88934200F0E782FA6A1A
:105A00004FEAD31C03F07F0302EBCC02526802EB97
:105A1000C303D980688034E7029A138019E7079D91
:105A20002046F9F7AFFF3898369C88B1DFF8A89088
:105A300003E010F01FFE389848B1236802685B68E5
:105A400038924B45F5D0014620469847F3E7369CFF
:105A5000BDF80831419903B30027AA461E4E2546DA
:105A6000B9460AE010F006FE41990137C4E90099F1
:105A7000BBB2BDF808219A420DD901EBC70460689A
:105A80000028F2D02B685B68B342EBD00146284671
:105A900098474199E9E72C4655460023A942ADF8BD
:105AA00008314FF6FF73ADF80C313EF41CAF23689C
:105AB000DFF824905B684B453FF458AC204698478C
:105AC000FEF711BF0000FFFF6C22002074220020AF
:105AD00030A400207C22002029A40000424B39463B
:105AE00013A81B9305231C9301238DF87430F6F73C
:105AF000B3FE139B0593002B3FF4EBAE394615A87C
:105B0000F6F7AAFE159E002E3FF4E3AEDDF814A0D2
:105B1000049A009750460ECAF7F7D2FB00283FF4CC
:105B2000D8AEBDF858004FF6FF72BDF85010AAF875
:105B300006006B88934200F04482FA6A4FEAD31C55
:105B400003F07F0302EBCC02526802EBC303D9805F
:105B50006880B6E6254BB98E1B93062306911C93ED
:105B600001238DF874304FF6FF73994200F0A08145
:105B7000CA09FB6A15AE03EBC2035A6801F07F0342
:105B800032F8331002EBC303B9860593184B304645
:105B9000059A39465360F6F75FFE159E002E3FF4D6
:105BA000B6AEDDF814A0049B009750460ECBF7F775
:105BB00087FB00283FF4ABAEBDF858104FF6FF72DC
:105BC000AAF806106B88934200F0FD81FA6AD809A2
:105BD00003F07F0302EBC002526802EBC303069A94
:105BE000DA8069808BE600BF742200207C220020CE
:105BF0000000FFFF4FF480230DF16C0939AD8DF8E3
:105C0000DC0042934FF6FF7338904846ADF80C31F4
:105C1000984BCDF8D8A04593974B41951C930623FC
:105C20001B941D9301238DF87830F8F7E7F80646AA
:105C300030B11B99F6F73CFF042333718F4B33606F
:105C40008F4B48468F4ECDE91B430A231D930123FA
:105C50008DF87830B3790293F8F7D0F8074638B169
:105C60001B99F6F725FF4FF00A02029B3A713B6041
:105C7000854B48461B941C930F231D9301238DF8DD
:105C80007830F3790293F8F7B9F8074630B11B99E9
:105C9000F6F70EFF029B3B600A233B717B4B4846A5
:105CA0001B941C930E231D9301238DF87830337DB4
:105CB0000293F8F7A3F8074630B11B99F6F7F8FE00
:105CC000029B3B600A233B71714B48461B941C931B
:105CD0000B231D9301238DF87830337A0293F8F764
:105CE0008DF8074630B11B99F6F7E2FE029B3B6048
:105CF0000A233B71674B48461B941C9311231D9349
:105D000001238DF87830737A0293F8F777F8074615
:105D100030B11B99F6F7CCFE029B3B600A233B7126
:105D20005D4B48461B941C930E231D9301238DF855
:105D3000783073890293F8F761F8074630B11B9900
:105D4000F6F7B6FE029B3B600A233B71534B484675
:105D50001B941C9315231D9301238DF87830B38970
:105D60000293F8F74BF8074630B11B99F6F7A0FEFF
:105D7000029B3B600A233B71494B48461B941C9392
:105D80000A231D9301238DF87830F3890293F8F7E5
:105D900035F8074638B11B99F6F78AFE4FF00A022C
:105DA000029B3A713B603F4B48461B941C93112366
:105DB0001D9301238DF87830338A0293F8F71EF88B
:105DC000074630B11B99F6F773FE029B3B600A232E
:105DD0003B71354B4846778A1C9313231B941D93C4
:105DE00001238DF87830F8F709F8064628B11B9999
:105DF000F6F75EFE0A23376033712046F9F7C2FDDD
:105E0000389888B1369CDFF8A49003E010F032FC9B
:105E1000389848B1236802685B6838924B45F5D0E2
:105E2000014620469847F3E7BDF80831369F41996F
:105E3000002B3FF48AAA00241C4EAA46A1460BE080
:105E400010F018FC41990134C5E90099A3B2BDF8DE
:105E500008219A427FF678AA01EBC40568680028F9
:105E6000F1D03B685B68B342EAD0014638469847B8
:105E70004199E8E70000FFFF78250020AC200020D2
:105E8000842200207CC3002090220020A022002039
:105E9000B0220020BC220020D0220020E0220020DE
:105EA000F8220020042300201823002029A4000049
:105EB0003B8E3A68002B49D0013B99B2FB6A03EB59
:105EC000C1004668002E41D033F831C043889C455C
:105ED0003CD903EBC11206EBC301013315AE43807D
:105EE00093B20591069351E6A849284612F01AFD8F
:105EF00000286DD0A649284612F014FD00283CD198
:105F0000DFF8C492042701251BA81D978DF878504F
:105F1000CDE91B69F8F7ACF960B9204638978DF8E0
:105F2000E450CDE93669F8F72BF918B10379202B45
:105F300000F00B829748FDF7F3FEFEF735BDF6F74C
:105F400055F9FEF7D0BC15AFFEF7DBBD15AE07F176
:105F50000C013046F6F772FB159B0593002B3FF4BE
:105F60001CADBDF85830069310E6ADF81001FFF7F0
:105F7000B1BBADF81011FFF757BB8749284612F0A7
:105F8000D1FC002839D1DFF84092042701251BA855
:105F90001D978DF87850CDE91B69F8F769F958B964
:105FA000204638978DF8E450CDE93669F8F7E8F8DF
:105FB00010B10379202B72D07848FDF7B1FEFEF7BF
:105FC000F3BC2980C4E5069B2B800AE6298021E5E5
:105FD0002046F0F7CBF921467148F0F707FA214641
:105FE0006F48F0F7E3FA2046F4F714F8FBF7A0FC4B
:105FF000FEF779BCBDF8703018E46A49284612F003
:1060000091FCF0B9DFF8C091042701251BA81D976A
:106010008DF87850CDE91B69F8F72AF960B9204668
:1060200038978DF8E450CDE93669F8F7A9F818B13A
:106030000379202B00F093815B48FDF771FEFEF79A
:10604000B3BC5A49284612F06DFC90BBDFF878913A
:10605000042701251BA81D978DF87850CDE91B69F1
:10606000F8F706F960B9204638978DF8E450CDE985
:106070003669F8F785F818B10379202B00F079819B
:106080004B48FDF74DFEFEF78FBC214609A8F8F7F7
:10609000FBF8DDE90901FDF7DDFEFEF724BC214632
:1060A0000DA8F8F7F1F8DDE90D01FBF7EFFFFEF7BA
:1060B0001ABC4049284612F035FCF0B9DFF80891C7
:1060C000042701251BA81D978DF87850CDE91B6981
:1060D000F8F7CEF860B9204638978DF8E450CDE94E
:1060E0003669F8F74DF818B10379202B00F04B8191
:1060F0003148FDF715FEFEF757BC3049284612F02F
:1061000011FCF0B9DFF8C090042701251BA81D97EA
:106110008DF87850CDE91B69F8F7AAF860B92046E8
:1061200038978DF8E450CDE93669F8F729F818B1B9
:106130000379202B00F082802148FDF7F1FDFEF766
:1061400033BC2049284612F0EDFB002840D11E4DFB
:10615000042301271BA81D938DF87870CDE91B65DA
:10616000F8F786F860B9042320468DF8E470389378
:10617000CDE93665F8F704F810B10379202B67D024
:106180001248FDF7CDFDFEF70FBC00BF2827002009
:10619000402700204C270020702700208027002067
:1061A00040C20020A8270020B8270020E0270020B8
:1061B000F027002018280020282800205028002040
:1061C0006028002088280020F4260020982800203D
:1061D0007249284612F0A6FB002800F0A6807049FC
:1061E000284612F09FFB002800F096806D49284653
:1061F00012F098FB002871D06B49284612F092FBF0
:106200000746002844D06949284612F08BFB014616
:1062100078B36749284612F085FB28BB654B0622F8
:10622000654920463892CDE9366301238DF8E43084
:10623000F8F73EF803F042F9FEF755BB214615A8E2
:10624000F8F722F8DDE91501FDF706F9FEF74BBB7B
:1062500021461BA88DF8E470F8F716F8DDE91B015C
:10626000FDF7FCFBFEF73FBB5448FDF759FDFEF779
:106270003ABB534B052220463892CDE936630123C1
:106280008DF8E430F8F720F903F0A2F8FEF72BBB05
:106290004C4B01254C4920468DF8E450CDE936633E
:1062A00004233893F8F704F8484B814639461BA875
:1062B0001C9303238DF878501D931B96F8F712F862
:1062C000434B0546394620463793F8F7FDF84A46D2
:1062D0000146284602F03AFFFEF705BB3D4A0B2374
:1062E000012501461BA81D938DF87850CDE91B624E
:1062F000F8F7EAF8384B0746002137930A2320467F
:1063000036968DF8E4503893F7F7ECFF014638469F
:1063100002F094FEFEF7E7BAFBF70AFB0EF0F6FB7D
:1063200032200CF0CDF919F02DF82C4B042226491F
:1063300020463892CDE9366301238DF8E430F7F733
:10634000B7FFFEF7E3F8FEF7CEBA21460BA8F7F742
:106350009BFFDDE90B01FBF775FBFEF7C4BA214695
:106360000FA8F7F791FFDDE90F01FBF777FFFEF7C5
:10637000BABA214611A8F7F787FFDDE91101FCF74A
:10638000EBF8FEF7B0BA214613A8F7F77DFFDDE979
:106390001301FCF705FCFEF7A6BA00BFC0280020D9
:1063A000CC280020E0280020042900201C290020FF
:1063B000302900203C2900204429002054290020B5
:1063C00028290020F4260020AC33002010290020CA
:1063D00014290020EC280020F8280020D8210020D3
:1063E0000CF094BA284A9FED297AD2ED006A284B26
:1063F000F4EEC76AD3ED007AF1EE10FA07D4F4EEAA
:10640000C77AF1EE10FA12D59FED220A70479FED80
:10641000217AF4EEC77AF1EE10FAF5D4B3EE040A5D
:10642000F4EEC07AF1EE10FA30FE270A70471A4AED
:106430009FED1A7AD2ED006A194867EEA67A00B588
:10644000C7EE876A83B0CDED016AF4F7D3F8104B3D
:10645000DDED016AD3ED007A9FED0E7AE0EE267A4B
:10646000F4EEC77AF1EE10FA09D4B3EE040AF4EEB2
:10647000C07AF1EE10FA30FE270A03B000BD9FED9E
:10648000050A03B000BD00BF8C5600206F12833A8E
:10649000B4C40020CDCCCC3D905600200000C842B2
:1064A000CCC100201C4B1B784BBB1C4B1C4A1978E1
:1064B000B2F90030022923D0DFF878C019499CF8DE
:1064C00000C0CCEBCC0CA3EB0C03184481FB0031D7
:1064D0000B18C117C1EBA301134BC1EBC101401A4B
:1064E0000730A3FB0013C11A03EB51039B08C3EB56
:1064F000C303C01A60440D4B01211080197070470E
:1065000018440B49431D81FB0301D817C0EB610000
:1065100000EB8000181AEEE7D3590020D159002073
:10652000FCC600209324499225499224CF5900208B
:106530006766666639C700200D4B9B7B9BB90D4B88
:10654000DFED0D7A93ED007AB4EEE77AF1EE10FA12
:1065500009D4C30707D5094B1B782BB1084B1B780F
:1065600013B900F0FE00704740F00100704700BF13
:1065700060680020B4C400206F12833A08C700206E
:1065800027C700206B4B1B7803B170476A4A6B4BDF
:1065900030B5117887B0B3F9003002299AB220D013
:1065A000062A1CD9073A062A47D8073B644931F91D
:1065B0001320DFF8C4C10244B2F5FA7FA8BF4FF43C
:1065C000FA726245B8BF624621F81320F3F7C8FF9C
:1065D00001235C495C4A0B70137007B030BD5B4906
:1065E000E5E7042AF4D80DEB8305594A03EB83034E
:1065F000DFF888E107EE900A0DF1040C02EB83044A
:10660000B8EEE76AD4ED036A94ED017ABEE80F00B4
:10661000ACE80F00DEF80030CCF800306B68D3ED4A
:10662000007AE6EE267AF4EEC77AF1EE10FA0DD58E
:1066300083ED007AF3F794FFCAE70E3B062BC5D82B
:10664000DFE803F0736361482D1F0D0094ED027ABB
:10665000F4EEC77AF1EE10FA37FE277AE8E73D4B01
:106660004FF0190C42F21072196810FB0C10904296
:10667000A8BF1046B0F5FA7FB8BF4FF4FA701860A3
:10668000A4E7354A4FF00503117810FB03135F2B85
:10669000A8BF5F23052BB8BF0523137096E72F4BC8
:1066A00007EE900A93ED007AF8EEE76ADFED2C7AB8
:1066B000A6EEA77AB4EEE77AF1EE10FA07D4F2EE7E
:1066C0000E7AB4EEE77AF1EE10FA77FE877AC3ED30
:1066D000007A7BE707EE900A224B9FED217AF8EED5
:1066E000E76AD3ED007AE6EE877AF5EEC07AF1EE4E
:1066F00010FA1CD4B3EE047AF4EEC77AF1EE10FA75
:1067000077FE277AE3E7184BCAE7184AB2F800C0C9
:106710004FF0050340F6B83110FB03C38B42A8BF0E
:106720000B4623EAE373138050E7114AEEE7DFEDEF
:10673000117ACCE7D3590020D1590020FCC60020A3
:10674000C8C40020CF590020D4590020B8C400206C
:10675000403800209C560020D25900208C56002042
:10676000CDCCCC3DB4C400209456002000C70020FE
:10677000FEC60020000000000CFEFFFF9409002070
:10678000044608B5F1F7CAFD1A2113480EF090F936
:10679000631EDBB2032B18D8104A52F8234034B1E1
:1067A000204612F0EFFA014620460EF081F90C481F
:1067B0000BF0DAFA0EF0AAF932200BF081FF4FF05D
:1067C000E023084AC3F80C2DFEE7074C07212046BA
:1067D0000EF06EF9EBE700BF64290020780B002073
:1067E000A05200200400FA053C1F002010B504460A
:1067F00082B049B10846019112F0C4FA23680246FA
:10680000019920465B689847204602B0BDE81040D9
:106810000BF0AABA10B5204C237883F00103237043
:106820001BB3002107200BF0CBFF002122200BF02F
:10683000C7FF0EF0B9F9194B1B78ABB1184B1B7899
:10684000DB0711D5174B184A1B6812689B1A0E2BD1
:106850000AD92378BBB1112114480EF029F9144844
:10686000BDE810400BF080BA10BD012107200BF0ED
:10687000A7FF012122200BF0A3FF01230D490E4A9F
:106880000B701370D5E710210C480EF011F9084871
:10689000BDE810400BF068BAD35900204BC7002068
:1068A0004AC70020C0C50020D8C60020802900208B
:1068B000A0520020CF590020D45900209429002054
:1068C00038B5164D2B78012B14BF012402240EF08D
:1068D0006BF9134B1B781BB1124B1B78DB0706D4EB
:1068E0002B78A34202D02046FFF74AFF38BD0E4B5B
:1068F0000E4A1B6812689B1A0E2BF1D927210C48EF
:106900000EF0D6F8022C4FF003010CBF09480A48DC
:106910000EF0CEF809480BF027FAE1E7D159002034
:106920004BC700204AC70020C0C50020D8C60020A1
:10693000A8290020880D0020780E0020A0520020F9
:106940001E4B1B78022B37D001201D4ADFF898C060
:1069500010B51C4C23780344A2FB03121A4908709B
:1069600002F4FF7101EB52029B1AC3EBC3022370C6
:10697000164BACF8002018700EF016F9144B1B786B
:10698000CBB1144B1B78DB0715D5134B134A1B688F
:1069900012689B1A0E2B0ED90F2111480EF088F8A1
:1069A000217800230A220F480BF006FA0D48BDE8B3
:1069B00010400BF0D9B910BD704700BFD15900206D
:1069C000ABAAAAAA39C70020CF590020D459002069
:1069D0004BC700204AC70020C0C50020D8C60020F1
:1069E000D0290020A0520020FCC6002038B5454B1D
:1069F000454C1A78B4F90030022A3CD09AB2062AE3
:106A00002FD8424A002122F81310F3F7A9FD404D78
:106A1000218801223F4B19702B683F49C8330B6016
:106A20003E4B3F491A700A700EF0BEF83D4B1B7882
:106A300003B33D4B1B78DB071CD53C4A2B6812681F
:106A40009B1A0E2B16D9152139480EF031F8B4F9DE
:106A5000001038480BF07CF93648BDE838400BF0A0
:106A600083B9073A062A0DD8334A073B002122F89A
:106A70001310CAE738BD042BC7D8DFE803F011159F
:106A80001A1F0C000E3B062BBFD8DFE803F037338C
:106A90002E2A25211C004FF07E52284B9A61B4E724
:106AA000264B274A9A60B0E74FF08042234BDA60CA
:106AB000ABE74FF07E52214B1A61A6E74FF07D52B3
:106AC0001E4B5A61A1E71F4B41F288321A609CE7C6
:106AD0001D4B46221A7098E74FF07E521B4B1A60EE
:106AE00093E71B4B00221A608FE74FF07E52194B41
:106AF0001A608AE7184B00221A8086E7174B00229B
:106B00001A8082E7D1590020FCC60020B8C40020BA
:106B1000C0C50020D0590020F8C20020D459002060
:106B2000CF5900204BC700204AC70020D8C60020FC
:106B3000E0290020A0520020C8C40020FCC2002090
:106B40009A99993E9C560020D25900208C560020DC
:106B5000B4C400209456002000C70020FEC60020C8
:106B600038B5292176480DF0A3FF76480BF0FCF8E4
:106B70001321754800240DF09BFF72480BF0F4F8C8
:106B8000724D29216E480DF093FF6E480BF0ECF822
:106B900004216F480DF08CFF00230A22214669482A
:106BA00001340BF009F903216A480DF081FF35F932
:106BB000021F64480BF0CCF8052167480DF078FF00
:106BC00060480BF0D1F8072CE2D1644D0024042179
:106BD00063480DF06DFF00230A2221465948013415
:106BE0000BF0EAF803215B480DF062FF35F9021F54
:106BF00054480BF0ADF8052157480DF059FF5148A6
:106C00000BF0B2F8072CE2D10C2156480DF050FFE2
:106C1000554B4C4819880BF09BF8032153480DF055
:106C200047FF48480BF0A0F80C2151480DF040FFF9
:106C3000504B444819880BF08BF803214B480DF05A
:106C400037FF40480BF090F80C214B480DF030FF17
:106C50004A4B01213B4893ED000AB7EEC00A0BF006
:106C6000B5F8022146480DF023FF36480BF07CF8BA
:106C70000C2144480DF01CFF434B0121314893ED9A
:106C8000000AB7EEC00A0BF0A1F803213F480DF04F
:106C90000FFF2C480BF068F80C213D480DF008FF61
:106CA0003C4B0121274893ED000AB7EEC00A0BF0D8
:106CB0008DF8022132480DF0FBFE22480BF054F80B
:106CC0000C2135480DF0F4FE344900230A220978DE
:106CD0001C480BF071F8022129480DF0E9FE194813
:106CE0000BF042F80C212E480DF0E2FE2D49002356
:106CF0000A22096813480BF05FF803211B480DF0C6
:106D0000D7FE10480BF030F80C2127480DF0D0FECC
:106D10002648EEF70DFB78B1092125480DF0C8FE95
:106D200008480BF021F8292105480DF0C1FE05485F
:106D3000BDE838400BF018B80D211E48EEE700BF43
:106D4000082A0020A0520020342A0020B6C40020C7
:106D5000482A0020502A0020CC0E0020C6C4002063
:106D6000542A00205C2A0020FEC60020000F0020CC
:106D70006C2A002000C700207C2A002094560020A6
:106D80008C2A0020902A0020B4C40020A02A0020D1
:106D9000A42A00208C560020B42A0020D2590020BA
:106DA000C42A00209C560020D42A002060680020BD
:106DB000FC290020F82900202DE9F04F9C4E91B0CD
:106DC0009C4FDFF8C08296F80E903D6898F800104E
:106DD000B9F1000F18D0002900F005810CA99448E2
:106DE00088F80090EEF70CFA002835D1924BDFF8C6
:106DF00098821A68AA4277D198F80040002C00F0D7
:106E0000BF8011B0BDE8F08F0029E7D08B4C304631
:106E1000CDF83A9021788DF83E9021F001018DF85F
:106E200038100EA9EEF73AFA0DF0BEFE8449097843
:106E30000029D3D083490978C907CFD5824839685A
:106E40000068091A0E29C9D9182180480DF030FEB2
:106E50007F480AF089FFC1E7BDF93230BDF934201F
:106E6000002B764CDFF82492B8BF5B42002AD9F899
:106E70000010B8BF52429DF8300092B212FA83F36C
:106E8000744A07EE903A1944B8EEE77AD2ED127AD6
:106E9000C9F8001000F0010177EE877AC2ED127A8E
:106EA000227802F0010282F00103034040F0F080FA
:106EB00081F00101DFF8D0810A4240F08F80664BFB
:106EC00020701D60B37B1BB140F001008DF83000D5
:106ED000FFF732FB0CA98DF830005548EEF7DEF9CC
:106EE000554B1A68AA4287D096F80E901D60B9F1EA
:106EF000000F40F04583594BDFED597A93ED007A4E
:106F00004E4CB4EEE77A2378F1EE10FA02D4DA07A9
:106F100000F10481534A1178002940F084810DF179
:106F2000380A514B514A187A93F806E0011F92F83B
:106F300000C0192940F25883A0F11E01082940F22F
:106F4000A983272800F03184A0F13A010B2940F2EF
:106F5000B883A0F12801C9B2BF290AD8444830F843
:106F600011B0BEF1000F00F09D81BBF1000F40F0A9
:106F70004083BCF1010F40F099810023137095E12B
:106F80002B48EEF7D5F900283FF43BAF324A13689F
:106F9000EB1AB3F57A6FFFF434AF28480EA9B37B30
:106FA0001560027822481343CDF83A408DF83E40F0
:106FB0008DF83830EEF772F915212E480DF078FD76
:106FC00023460A22042122480AF0F6FE0D212A480F
:106FD0000DF06EFD1E480AF0C7FE12E7274A88F83A
:106FE000003013706BE7CDF8391030460F91012156
:106FF0008DF838100EA9EEF751F90DF0D5FD1049B6
:10700000097800293FF4EAAE0E490978C8077FF5F0
:10701000E5AE0D4839680068091A0E297FF6DEAE24
:10702000162117480DF044FD09480AF09DFED5E6EB
:1070300060680020C0C50020B0BE002010C700203E
:107040004BC700204AC70020D8C60020FC2A0020D9
:10705000A052002040C20020D8BA0020B4C40020B2
:107060006F12833A08C700207CC3002021C700208C
:10707000F80900201C2B0020342B002038C70020EA
:10708000E42A002012C7002037C70020A8B900203A
:107090003A686F4BDFF804821A60012300226D48C2
:1070A00088F800306C4B1A70F3F7AEFB6B4BDFEDDA
:1070B0006C6A93ED007ADFED6B7AA0EE267AB4EE7F
:1070C000E77AF1EE10FA07D4F2EE0E7AB4EEE77A30
:1070D000F1EE10FA77FE877A634B5E48C3ED007AD3
:1070E000F3F792FB614BDFED5E6A93ED007ADFED23
:1070F0005D7AA0EE267AB4EEE77AF1EE10FA07D4C4
:10710000F2EE0E7AB4EEE77AF1EE10FA77FE877AB5
:10711000574B9DF83000C3ED007AD0E60BF026FB0C
:10712000544B1A78002A00F04783534BDFF868C1AC
:1071300019689CF80020411A002A40F0CA82DFF842
:107140006091D9F800208A423FF6E9AE186001212B
:107150004A4B8CF8001093F800A01970FFF742F921
:107160004749DFED487A0B7887EE807A404907EE91
:10717000903A9FED456AD1ED006A36488DED096A77
:10718000F8EE677A67EEA66ACDED077AC6EE865A04
:107190008DED087ACDED065AF3F72CFADDED065A9F
:1071A000F1EE046ADDED077A9DED087AE5EE807A6E
:1071B000324BF4EEE67AF1EE10FA00F17B83DFED6C
:1071C000335AF7EE006A9DED096AF4EEE57AF1EEC6
:1071D00010FA75FEA75AC5EE867A76EEE76A67EE74
:1071E000277A197827EE267A294B8A45FCEEE77A2A
:1071F000BCEEC77AC3ED007A89ED007A3FF48FAE1A
:107200002378002900F0748243F001030EA98DF861
:10721000383000231F488A46CDF83A308DF83E308A
:10722000EEF73CF87DE623F001030EA919488DF82E
:10723000383000238A461370104ACDF83A308DF862
:107240003E3013700122144B1A70EEF727F868E6EF
:10725000B0C40020CCC1002038C7002094560020C4
:107260006F12033DCDCCCC3D985600208C560020AB
:107270009056002008C70020B8B9002027C700207A
:10728000D2590020002474490000C8420000BE42C8
:10729000A4A8002060680020CB59002037C7002038
:1072A00044A90020BCF1010F00F06D82BB4B00220D
:1072B00021781A70BA4B1B78002B40F0FF80DFF862
:1072C00014C398F800209CF80030002A00F0C28116
:1072D000002B40F0F380B3483A680068121AB248B5
:1072E0000068904240F2E780B04F3F8897426AD8EA
:1072F000D31BB1EE086ADFF8E0E206EE903AC31B5A
:107300000EF1020907EE903AF8EE666AF8EE677A37
:1073100086EEA77A27EE067AFDEEC77A17EE90CAB8
:107320006346052BA8BF052339F9139007EE903A61
:1073300004EE909A3EF91390F8EEE77A05EE109A73
:10734000F8EEE44A37EE677AB8EEC55ABCF1000FA2
:1073500040F01A8374EEC53ADFF880C2F6EE007A88
:107360003CF9133006EE903AF8EEE66A76EEC56A1E
:1073700066EEA76A27EE076AF0EE085AF0EE002ADA
:1073800027EE064A66EE255AB7EE002AF0EE447A5A
:10739000B0EE653AE4EE625AE6EE627A94EE223A94
:1073A00034EE466A77EE877A33EE027A67EEA37A96
:1073B000E5EE077AE4EEA57AE6EE267AFDEEE77AC8
:1073C00017EE903A1BB2DFF818C2BCF800C0944523
:1073D00000F27A82A2EB0C02A0EB0C00B1EE086A7C
:1073E000DFF800E207EE902A07EE100A0EF102091C
:1073F000F8EE677AB8EE477AC7EE876A26EE867AA5
:10740000FDEEC77A17EE900A05280246A8BF0522AE
:1074100039F9129007EE902A04EE909A3EF91290F4
:10742000F8EEE77A05EE109AF8EEE44A37EE677A5E
:10743000B8EEC55A002840F0678274EEC53A5C4841
:10744000F6EE007A30F9122006EE902AF8EEE66A9F
:1074500076EEC56A66EEA76A27EE076AF0EE085A6E
:10746000F0EE002A27EE064A66EE255AB7EE002A0D
:10747000F0EE447AB0EE653AE4EE625AE6EE627AF5
:1074800094EE223A34EE466A77EE877A33EE027A49
:1074900067EEA37AE5EE077AE4EEA57AE6EE267AC1
:1074A000FDEEE77A17EE902A12B20020ADF82A001E
:1074B000ADF82C00DBE001238CF800300023ADF8A0
:1074C0002A30ADF82C303B4F01F001034FF000099A
:1074D000BB71C1F340033846FB71EEF713FA524615
:1074E0000DF12E01B7EE000A3846ADF82E90ADF83A
:1074F0003890EEF713FBBDF82A20BDF82E30BDF80A
:107500002C101A44BDF838301944ADF82A2042EA4C
:107510000103ADF82C109BB2002B3FF46DAC20782A
:10752000FFF70AF8ADF83C108DF8380051462248B4
:10753000ADF83A208DF83E90EDF7B0FE7B79002B48
:107540003FF45AAC02211D480DF0B2FABDF92A10E1
:107550001B480AF0FDFB20200DF096FABDF92C1017
:1075600017480AF0F5FB20200DF08EFA4B460A2250
:10757000294613480AF020FC11480AF0F5FB3BE4C9
:10758000104B1A7832B100221A700F4B1A70012278
:107590000E4B1A700DF1380A0D4CC2E420C70020C2
:1075A0003AC70020B0C400209C560020FEC6002030
:1075B000CCC4002040C2002060680020182B0020AE
:1075C000A052002008C7002027C70020CB59002068
:1075D00010C7002038C70020B8C40020BCC4002059
:1075E00000C70020C8C4002000F15D0BBEF1000FF1
:1075F00055D093F807E0BEF1000F59D02178187DDF
:107600000EEA0109002877D1B9F1000F7CD1BCF155
:10761000010F52D158460CF0F9FCC54AC54B002168
:1076200011709A895889002A40F0578142F21073EC
:107630009842A8BF1846C04B6428B8BF64202844AD
:107640001860B9F1000F40F09C80BC4B217883F8A2
:1076500000902FE6ADF82A20ADF82C20002B7FF407
:1076600032AFB74A1788B74AB2F800C01A46B648D0
:10767000CDE90032B54BCDE9027C93ED000A0BABAE
:1076800005930DF12A03049300231A46F3F7D8F863
:10769000217818E700F1130BBEF1000FA9D1BCF15E
:1076A000010F7FF403AE58460CF0B0FCA04A64E42E
:1076B000BCF1010F00F0E5802178A04B00221A7088
:1076C000F8E5A0F580501FFA80FBBEF1000F90D1C5
:1076D000E5E79F4A12688A423FF621AC18609D4B4D
:1076E0008CF800901A7883F80090002A3FF417ACC9
:1076F000237803F0FE0389E5CE4505D0BCF1010FE8
:10770000DBD14FF0000985E7BCF1010F00F0AD803F
:10771000DFF828E29EF800C0BCF1000F38D14FF02E
:1077200001098EF80090DFF810E2DFF85892CEF8E9
:107730000050C9F800C093F809C0BCF1000F06D092
:10774000B3F812C0D9F8000084453FF6B3AD5846EF
:107750000CF004FD764A774B012111701A8AD88902
:10776000002A40F09080B0F5FA7F7B4BA8BF4FF421
:10777000FA700528B8BF0520284418600023C9F80E
:107780000030217896E5BBF1000F3FF4F6AB8AE7B5
:10779000DFF8A4C1DCF800C0A5EB0C0CBCF1000FB5
:1077A000FFF688ADDFF8DC91C5E7BEF1000F00F011
:1077B0008D804FF0300B1CE701221A70674B1A7056
:1077C000644B1A70664B1860FEF70CFE654BDFEDDC
:1077D000667A1B7887EE807A9FED646A07EE903AAE
:1077E000634B5948D3ED006A8DED096AF8EE677A6C
:1077F00067EEA66ACDED077AC6EE865A8DED087A59
:10780000CDED065AF2F7F6FEDDED065AF1EE046A0A
:10781000DDED077A9DED087AE5EE807AF4EEE67A02
:10782000F1EE10FA4BD4DFED535AF7EE006A9DEDFE
:10783000096AF4EEE57AF1EE10FA75FEA75AC5EE84
:10784000867A76EEE76A67EE277A414A27EE267A4D
:10785000494B0DF1380AFCEEE77ABCEEC77AC2ED6F
:10786000007A83ED007AFFF75CBBDFF8ECE0DEF82E
:1078700000E0A5EB0E0EBEF1000FFFF61BADE146DA
:10788000C8E6F146C6E607EE900A2F480792F8EEE2
:10789000677ACDED067AF2F7ADFEDDED077AB8EE48
:1078A000677ADDED067AE0EE077AB0EE670A0DF052
:1078B000A5FE58E7DFED316ADFED317A8FE4DFEDC9
:1078C0002F6ADFED2F7ABEE70022EEE5BCF1010F53
:1078D0007FF4ECAC4FF0300BE5E607EE900A1A4867
:1078E0000792F8EE677ACDED067AF2F783FEDDEDCA
:1078F000077AB8EE677ADDED067AE0EE077AB0EE49
:10790000670A0DF07BFE91E6AEF1020EF6EE007A0C
:1079100004283EF912E003EE90EAF8EEE33A74EE42
:10792000E33A63EEA73A7FF78AAD74EEC56A93E552
:1079300021C700207CC3002054B9002020C70020AC
:10794000FEC6002000C70020CCC1002098560020B1
:10795000A4A8002027C7002030A90020CB59002070
:10796000B8B90020D2590020002474490000C84250
:10797000905600200000BE4244A900203333733FDC
:10798000CDCC4C3DA8B90020AEF1020EF6EE007A47
:10799000BCF1040F3EF913E003EE90EAF8EEE33A8F
:1079A00074EEE33A63EEA73A7FF7D6AC74EEC56A9D
:1079B000E0E400BF054A1278824206D008B5431EB3
:1079C000042B00D908BDFEF7DBFE7047D15900201B
:1079D000014B1868704700BFD8BA00200148EDF786
:1079E000A7BC00BF6068002001230249024A0B7057
:1079F00013707047CF590020D4590020014B1878DC
:107A0000704700BFD359002008B50AF07FFF074830
:107A1000F2F7CCFD002106480AF0D0FA054A0649E3
:107A20000348BDE808400EF063B900BFCCC1002098
:107A3000A8A800200854002049FE01002DE9F043C9
:107A40005748BBB0574CEDF7C3FB4FF41670564D7B
:107A50000AF036FE554F266840F2EE28DFF85C91BA
:107A60000DF0A2F82B78002B77D03B78DA0774D58D
:107A70002368D9F800209B1A0E2B6ED926684B4F2D
:107A8000DFF838810DF090F82B78002B6FD03B7821
:107A9000DB076CD52368D8F800209B1A0E2B66D91B
:107AA000242143480DF004F842480AF05DF9F0F74C
:107AB0007BFC002864D10DF077F82B78002B40F088
:107AC000A2812768236807F596679F4240F2F482F7
:107AD000002603ADB04612E0EDF7FEFC40EA0803D5
:107AE0002F485FFA83F8EDF703FD40EA06030A200A
:107AF000DEB20AF0E5FD23689F4240F2C1822946CA
:107B00002748EDF77DFB2648EDF712FC0346244895
:107B100013B1EDF7EDFCF0B92148EDF709FC034690
:107B20001F48002BD8D02668236806F5C8769E42E9
:107B300006D8A9E20AF0C4FD23689E4240F2A4825E
:107B400029461748EDF75CFB1548EDF7D1FC0346D5
:107B50000A20002BEED0052013E023682A789B1B17
:107B60005AB1B3F5FA6F89D80DF01EF878E723689B
:107B70009B1BB3F5FA6F85D392E74345F4D97DE7B4
:107B800003AD0D4E3070EDF7C9FC3378023B032B8B
:107B900000F29482DFE813F02F012701E3001400C4
:107BA00060680020C0C500204BC700204AC70020E5
:107BB0005C2B0020A0520020D1590020D8C6002004
:107BC00032219D480CF074FF9C480AF0CDF82846FD
:107BD000F0F7BCFC002840F0CF80994A994BD2F8CE
:107BE00000C01F68984B2846C3F800C0974B1F6021
:107BF000F0F7A4FF002800F073812F46944C0FCFBC
:107C00000FC40FCF0FC40FCF0FC497E80F0084E845
:107C10000F002846F1F766FA002800F084812F460D
:107C20008C4C0FCF0FC40FCF0FC40FCF0FC497E8EA
:107C30000F0084E80F008848F1F764FD2846F2F74A
:107C400013F8002800F0A281DC22294683480BF0BB
:107C5000E7F82846F2F7DEFA0446002800F0BB8178
:107C60002F467F4C0FCF0FC40FCF0FC497E80700EC
:107C700084E807007B48F2F7D5FBEFF7CBF9EFF785
:107C80003DFA3378012B00F0D280013BDBB2042BAC
:107C900040F209821F22744C182301920022734F74
:107CA000724811460093F02309F072F90023022173
:107CB00038467B6108F08EFE6D4B20463B6111F02B
:107CC00061F821460246384609F0F0FF01210720FD
:107CD0000AF076FD6748F2F775FC3378022B00F066
:107CE000C381032B00F0DC81043B012B40F2CE81E9
:107CF0006149624A624B0846C1E90023614A624B0E
:107D0000C1E90223614B624AC1E90423EEF7E6FFB1
:107D1000022106200AF088FD2846F2F7A3F9294639
:107D20005C48EEF763FB4FF4E1325B495948EDF7ED
:107D30009FFD5A4B1B78002B40F066813378023B45
:107D4000012B40F26E81172155480CF0B1FE3B48E3
:107D50000AF00AF83BB0BDE8F043FEF701BF20216E
:107D600050480CF0A5FE354809F0FEFF2846F0F714
:107D7000EDFB00283FF431AFDDF81E00DDF82210E6
:107D8000DDF82620484B494C07C3BDF82A100BAA42
:107D9000BDF83E00198046499DF8433008804549AA
:107DA000A3F10103BDF84000B3FA83F3088024492E
:107DB0005B09DDF812C0C1F800C03F49DDF83A00A8
:107DC00008602049DDF816709DF842000F603B49BD
:107DD00008703B49DDF81A0008603A490B700FCA79
:107DE00007C42380FEE6222137480CF061FE1348C9
:107DF00009F0BAFFEBE61D2134480CF059FE0F489C
:107E000009F0B2FFE3E6324B1B78DD077FF559AE90
:107E1000304A236812689B1A0E2B7FF652AE292136
:107E20002D480CF045FE054809F09EFF49E62B4C15
:107E30004FF4FC6230E700BF182C0020A052002055
:107E4000945600208C560020985600209056002012
:107E5000FCC2002094C300203CC30020D4C30020F7
:107E600030A400207CC30020502B0020C8C5002077
:107E700008000400CCC10020F4C10020A142010090
:107E8000814301003D47010011460100BD4601004C
:107E9000E947010040C20020B0520020D359002021
:107EA000942C0020F42B0020B8C40020C8C400206B
:107EB000FEC6002000C70020B4C40020D259002014
:107EC0009C5600203AC70020B02B0020D42B002065
:107ED0004AC70020D8C60020842B0020442B002055
:107EE0007A4C7B497B4AA1604FF08041226001229D
:107EF000E1604FF07E51E2622161A1610421764A86
:107F0000616076492062E1614FF07D51C4E909006A
:107F1000616130340FCA84E80F002846F1F7E2F8B7
:107F200000287FF47CAE6E4B4FF085416D4AD963DB
:107F300041F288311A600222C3F812009A806A4A1C
:107F4000C3F81600C3F806200022C3F81A00C3F8CD
:107F50002E204FF07E52C3F81E00C3F80A20634A59
:107F6000C3F82200C3F82600C3F82A00C3F8320081
:107F7000188258875E48D981C3F83620F1F7C2FBD2
:107F80002846F1F771FE00287FF45EAE594A0323BC
:107F900059494FF0010CFA270446C2E90013574B28
:107FA0001432574942F80C3CA2F1140342F808CCB1
:107FB00022F8047C9C740533C3F80E109A42F9D160
:107FC00001301A320828EFD12846F2F723F9044687
:107FD00000287FF445AE4B4F02234B4A014607F180
:107FE0000C00C7E9002300232022BB6010F036FB01
:107FF0007B1D214607F12B0013F8012F834281EAF4
:108000000201F9D1797135E6002107200AF0D8FB89
:10801000002122200AF0D4FB3378023B012B3FF6EB
:1080200092AE3A4C4FF496700AF04AFB384D2368F2
:108030002A7843F001032360FAB10BF015FE5020BB
:108040000AF03EFB23682A7823F0010323608AB1FB
:108050000BF00AFE33782F49032B2F480CBF2F4A11
:108060002F4A09F09BFE6EE62E48F3F76BFAF2F703
:108070001BFE3DE60BF0F8FDEAE70BF0F5FDDCE753
:10808000B8F1000F16D19EB901207AE51948F4F72E
:1080900049F81C48F4F7E2F80120ECF717FE27E650
:1080A000F3F71CFB24E620491F2251F82340F3E597
:1080B000042066E5032064E503ADE5E70A211B48DB
:1080C0000CF0F6FC144809F04FFE80E5FCC20020DD
:1080D0009A99993E314D4941201600201A160407FD
:1080E00094C30020314D4943CDCCCC3D4602030022
:1080F0003CC30020D4C30020334D494B00A04000B6
:1081000050003C0030A400204B545343DCC60020F8
:108110002AC70020582C0020A0520020840D0020E7
:10812000880D0020C8C10020880B00204C2C0020A6
:108130002DE9F04F9E4DA1B09E482C68EEF70EFE43
:108140009D48EDF79FFB06200AF05CFB9B4A1378E5
:10815000834204D09A490B68E31A312B1AD8994EFE
:10816000F2F70EFA58B9984F3378023B032B00F21E
:10817000C186DFE813F0C901C6011E001C00337878
:10818000023B032B00F2BA86DFE813F0720276029C
:108190003B02FC0107460C60002800F0EB818B4B92
:1081A0001978002940F00183864E1770D8E7FEF752
:1081B00003FEF4F791F87F4B3A7893F81880002A81
:1081C00000F0D180824B83F80080824A92F900301F
:1081D000002B09DB804B1B68E31A002B04DBFF201C
:1081E0007E4B0121107019707D4EB3683BB17D4A02
:1081F0002B6812689B1AB3F5FA7F80F0BB82794F27
:108200000CF0ECFB00282FD00CF02EFCC1B274480F
:108210000D2918BF0A290CBF0124002427D10AF018
:108220002FF8B368002B00F0BB806F4912A809F04B
:10823000EBFE12A96A4809F0D3FF804612A809F0A4
:1082400005FFB8F1000F40F0A8806849644809F0C4
:10825000AFFF88B1FEF784FC6549614809F036FF3D
:108260000CF0BCFB0028CFD121B0BDE8F08F09F0A5
:108270008FFF2B683B60C3E75E49594809F098FFC0
:10828000804618B15C48F2F7E7FBE5E75B495448E4
:1082900009F08EFF814668B143464246404664215C
:1082A0000CF0A0F8242156480CF002FC554809F0C7
:1082B0005BFDD1E754494A4809F07AFF002800F0F5
:1082C000B98050244FF478434A4649464F48CDE997
:1082D00000434FF48C7308F05BFE4FF4FC632246BE
:1082E0004946009401934FF48C73484808F050FEBF
:1082F00051231F2249464548444CCDE900324FF4F2
:108300008C73A02208F044FE0221404808F062FB72
:108310004FF0FF330B223E4963614FF008132046B4
:10832000236109F0C3FC3B4B0B223B4920462361F0
:1083300009F0BCFC394B20460B223949236109F076
:10834000B5FC2B682821374A03F6B833364813604A
:10835000364A1360364B83F800900CF0A9FB29488D
:1083600009F002FD78E731490A68A21A312A00F2C1
:10837000B780174B83F800802D4B1A78002A3FF402
:1083800024AF28490A68A21A312A7FF61EAF0022BC
:108390000C601A70EFF724FF17E71148FCF7B2F9E9
:1083A00013490F4821B0BDE8F04F09F08FBE00BF60
:1083B000C0C50020F4C1002040C20020CD590020DB
:1083C00094BE0020D1590020D35900202FC700208F
:1083D0002EC70020D0590020F8C20020CF5900201D
:1083E000A8A80020CCBA00201C2D00204C21002081
:1083F000AC330020B81A0020CCC10020202D002072
:10840000242D0020A05200204C2D00204CC600201E
:10841000582D002008005800642D00200800A800F6
:10842000702D0020ACB900207C2D002070B90020F8
:10843000D4590020B04912A809F0C0FD12A9AF48D4
:1084400009F0CEFE50B1B368032B07D90321AB4826
:1084500009F0DAFE03783A2B00F0128112A809F035
:10846000F5FDA74912A809F0A9FD12A9A34809F032
:10847000B7FE00284BD112A809F0E8FDA14912A8C7
:1084800009F09CFD12A99D4809F0AAFE804612A899
:1084900009F0DCFDB8F1000F00F0A081974903223C
:1084A00012A809F0BFFE12A809F016FF044612A890
:1084B00009F0CCFD40F6B833204610219C42924C86
:1084C000A8BF184620EAE070208090480CF0F0FA2F
:1084D00021888F4809F03CFC8D4809F045FCBBE63B
:1084E0000C60B8F1000F40F0B1808A4E3378002B59
:1084F00000F06D81884B00221A70EFF7BBFC3B78CF
:10850000B0E0F3F76DFC56E6F2F710FC53E6B36803
:10851000032BB0D90321794809F076FE03783A2B72
:10852000A9D112A809F092FD0221744809F06CFE4D
:108530000478303C062C3FF68FAE7049042212A816
:1085400009F070FE12A809F0C7FE804612A809F0D3
:108550007DFDB8F5FA7F4046704BA8BF4FF4FA7026
:10856000DFF8EC8108219842B8BF184628F81400BB
:108570006B48ADE06B4B01216B4E1C606B4B177071
:108580001970EDE5604A1AAF694BB2F800A0694A6C
:10859000B2F800B0684AD2ED007A684ACDED027AAE
:1085A000D2F800E0664AD2F800C0664A92F800901D
:1085B000654A12680392654A92F8008007CB1B88CF
:1085C000CDF85A00ADF86630614BCDF85E10CDF8AD
:1085D00062200FCB07C73B8012A8029BADF87AA0A0
:1085E000ADF87CB0CDF84E30CDF876E0CDF852C085
:1085F0008DF87E90039A8DF87F80CDF85620EFF7A6
:108600002DFF5448F1F7BEFA534F3B7833B9534B23
:1086100004F2DC521A6001223F4B1A70EFF778FE29
:1086200031287FF6A1AD2E214D480CF041FA384893
:1086300009F09AFB3B78002B7FF496AD474B04F58D
:10864000FA621A600122344B1A708DE53278D869CB
:10865000012A304EA4EB000014BF01210221EFF7E4
:10866000D7FD3B7886F80080002B3FF485AEACE563
:108670003C48F0F7F5F9C7E73B48F0F7E1FCC3E702
:1086800012A809F0E3FC02211C4809F0BDFD0478A2
:10869000303C062C3FF6E0AD1849042212A809F040
:1086A000C1FD12A809F018FE804612A809F0CEFC00
:1086B000B8F5FA7F4046194BA8BF4FF4FA70DFF8BF
:1086C000708008219842B8BF184628F8140027483F
:1086D0000CF0EEF921460E4809F03AFB032124483C
:1086E0000CF0E6F938F91410094809F031FB084894
:1086F00009F03AFBB0E500BFA82D0020A8A8002093
:10870000AC2D0020BC2D0020FEC60020CC2D00206A
:10871000A05200202EC70020CF5900200CFEFFFFE2
:10872000C02D002098BE0020D15900202FC7002066
:10873000B8C4002000C7002094560020B4C4002014
:108740008C560020D25900209C5600203AC70020A9
:10875000C8C40020D4C30020D3590020C4C10020C5
:10876000BC2C0020FCC2002094C30020B02D0020AF
:10877000302E00200CF018FAAE4B1B7883B1AE4BB4
:108780001B78D9070CD5AD4A2B6812689B1A0E2BA3
:1087900006D92E21AA480CF08BF9AA4809F0E4FA70
:1087A000A949AA4809F092FC29E5A9490020A94E47
:1087B0000968187040F2DB53611A3078994234D955
:1087C000023801288CBF02200120FDF7D9FFA24BFF
:1087D0001A78002A7FF48FAE3270CDE59F4912A837
:1087E00009F0ECFB12A9994809F0FAFC804612A89E
:1087F00009F02CFCB8F1000F21D09449032212A8F3
:1088000009F010FD12A809F067FD044612A809F04E
:108810001DFC40F6B83310219148A342A8BF23465F
:10882000904C23EAE373238050E6EFF777FD4FF097
:10883000E0238D498D4AC3F80C1D177090E48C49D4
:1088400012A809F0BBFB12A9804809F0C9FC8046B8
:1088500012A809F0FBFBB8F1000F33D002227B49CC
:1088600012A809F0DFFC12A809F03CFD12A88DED5A
:10887000020A09F0EBFBDFED7F7A9DED020AB4EE10
:10888000E70AF1EE10FA07D4F2EE0E7AB4EEE70A38
:10889000F1EE10FA77FE807A774C0E217748C4ED1E
:1088A000007A0CF005F994ED000A01216548B7EE55
:1088B000C00A09F08BFA25200CF0E6F8614809F0AF
:1088C00053FAC9E46E4912A809F078FB12A95F486F
:1088D00009F086FC804612A809F0B8FBB8F1000F39
:1088E00033D00322594912A809F09CFC12A809F0C0
:1088F000F9FC12A88DED020A09F0A8FB9DED020A11
:10890000B5EEC00AF1EE10FA00F19080F3EE047AB1
:10891000B4EEE70AF1EE10FA77FE807A594C0E2198
:108920005948C4ED007A0CF0C3F894ED000A012117
:108930004448B7EEC00A09F049FA032153480CF045
:10894000B7F8404809F010FA86E4514912A809F036
:1089500035FB12A93D4809F043FC804612A809F0F6
:1089600075FBB8F1000F23D00422384912A809F092
:1089700059FC12A809F0B6FC12A88DED020A09F004
:1089800065FBDFED3C7A9DED020AB4EEE70AF1EEFD
:1089900010FA07D4F2EE0E7AB4EEE70AF1EE10FA0E
:1089A00077FE807A3B4C0F213B48C4ED007A78E794
:1089B0003A4912A809F002FB12A9244809F010FC58
:1089C000814612A809F042FBB9F1000F72D01F498D
:1089D000042212A809F026FC12A809F07DFC044626
:1089E00012A809F033FBA31C2D4A2E4C82FB031264
:1089F000DB1710212C48C3EB620303EB83035F2BCF
:108A0000A8BF5F23052BB8BF052323700CF050F8D7
:108A1000434621780A220B4809F0CEF90221234867
:108A20000CF046F8074809F09FF915E4DFED207ACD
:108A300074E700BF4BC700204AC70020D8C60020FB
:108A4000EC2C0020A0520020AC330020A8A800206D
:108A500098BE0020D1590020CF590020E02D0020E1
:108A6000E42D002000C700200400FA05CD590020A5
:108A70003C1D0020CDCCCC3D94560020F82D00208C
:108A8000082E0020B4C400200C2E0020A02A0020B4
:108A90001C2E00208C560020242E0020342E002076
:108AA00067666666D25900203C2E00208C2A002082
:108AB000000000001E4912A809F080FA12A91D4802
:108AC00009F08EFB804612A809F0C0FAB8F1000F39
:108AD0003AD00322174912A8DFF8688009F0A2FBF8
:108AE00012A809F0F9FB044612A809F0AFFA42F205
:108AF00010730E221049A342A8BF23460F4CB3F5B2
:108B0000FA7F2046B8BF4FF4FA73C8F800302368E4
:108B10005B689847D8F800104B460A22204609F0B7
:108B20004BF920460649FDF761FEFFF795BB00BFF4
:108B3000502E0020A8A80020542E0020A052002073
:108B4000000F00209C560020CB49CC4809F030FB98
:108B5000002800F07C815621C9484FF004080BF032
:108B6000A7FFC84809F000F9404608F10108FF21B5
:108B70000AF00AF8B8F13C0FF6D112A8EFF7E6FCBC
:108B8000002840F06A81DDF84E30F7EE007A07EEFB
:108B9000103AB4EE677AF1EE10FA40F05E81BDF85B
:108BA0007A802421B8480BF083FFB8F1000F40F021
:108BB0005881A146B54804210BF07AFFB14809F06D
:108BC000D3F84FF07E5304A8CDF81630CDF81A3004
:108BD0000023CDF82230CDF82630CDF82A30CDF85C
:108BE0002E30CDF83230CDF83630CDF83A30ADF801
:108BF0002030A74B04930123ADF814300023CDF8A7
:108C00003E3041F28833ADF81E30A24BCDF84230F1
:108C10002D23ADF84630EFF721FC12A8EFF796FCB4
:108C2000804630B1BDF87A2040F2D2439A4200F03B
:108C30004D81252198480BF03BFF4FF000089748E5
:108C400004214FF0460A0BF033FF8E4809F08CF8F0
:108C500008EB090301224FF0000802934FF07E5306
:108C600004A8ADF81420CDF81630CDF81A30884B92
:108C7000CDF8228004930023CDF82680CDF83E3035
:108C800041F28833CDF82A80ADF81E30CDF82E8021
:108C9000CDF83280CDF83680CDF83A80CDF84280DC
:108CA000ADF82080ADF846A0EFF7D8FB0E2009F014
:108CB00051FEC1430E20C9B209F066FF12A8EFF7BA
:108CC00045FC80F00109242175480BF0F1FE6F4945
:108CD0005FFA89F97148C14518BF084604210BF0B5
:108CE000E7FE684809F040F8029A04A89144EFF7BB
:108CF000B5FB674B012204A8ADF846A0049341F2EE
:108D00008833ADF81420ADF81E30664BCDF82280C4
:108D1000CDF81A30644BCDF82680CDF81630634B71
:108D2000CDF82A80CDF83E30CDF82E80CDF83280B7
:108D3000CDF83680CDF83A80CDF84280ADF820806D
:108D4000EFF78CFB12A8EFF701FCDDF84E30DFEDFA
:108D5000586A07EE903A9FED577A77EEE67AF0EE92
:108D6000E77AF4EEC77AF1EE10FA7ED5DDF87630C8
:108D7000DFED516A07EE903A77EEE67AF0EEE77AA9
:108D8000F4EEC77AF1EE10FA6FD5DDF85230F1EE5D
:108D9000026A2521494807EE903A8DED037A77EE75
:108DA000E67AF0EEE77ACDED027A0BF081FEDDEDAA
:108DB000027A9DED037AF4EEC77AF1EE10FA58D5F7
:108DC00032480421A1440BF073FE2E4808F0CCFF7A
:108DD0004FF07E53002404A8CDF81630CDF81A3099
:108DE0002B4BCDF8224004930123CDF82640ADF85B
:108DF00014300023CDF82A40CDF83E3041F28833BC
:108E0000CDF82E40ADF81E304623CDF83240ADF8F7
:108E10004630CDF83640CDF83A40CDF84240ADF876
:108E20002040EFF71BFB162125480BF041FE23469F
:108E30005FFA89F10A22134808F0BEFF3821214861
:108E40000BF036FE0F4808F08FFFFFF705BA1E49FA
:108E50000C48FDF7CBFCFFF7FFB924210A480BF0C3
:108E600027FE4FF000090D48A5E6252113480BF019
:108E70001FFE00240948A4E7642E0020A8A80020B3
:108E8000702E0020A0520020C82E0020AC2C002004
:108E9000324D494DD2043702F02E0020B42C002070
:108EA000182F0020000090409A99E94033334B413D
:108EB0009A99E9406F12833A33334B41402F002097
:108EC000682F0020802F0020BC2F0020BDF87C20C0
:108ED00040F237239A427FF4ACAE9DF87E302521D4
:108EE000274802930BF0E4FD029B2D2B7FF4A5AEE7
:108EF0002448A5E6FDF760FFFFF75DB9224A1AAFE7
:108F0000224BB2F800A0224AB2F800B0214AD2EDBA
:108F1000007A214ACDED027AD2F800E01F4AD2F859
:108F200000C01F4A92F800901E4A126803921E4A1F
:108F300092F8008007CB1B88CDF85A00ADF8663058
:108F40001A4BCDF85E10CDF862200FCB07C73B80DF
:108F500012A8029BADF87AA0ADF87CB0CDF84E30E7
:108F6000CDF876E0CDF852C08DF87E90039A8DF85A
:108F70007F80CDF85620EFF771FAFFF745BB00BFB1
:108F8000F02E0020AC2C0020FEC60020B8C400202B
:108F900000C7002094560020B4C400208C56002046
:108FA000D25900209C5600203AC70020C8C4002097
:108FB00000B5A1B00346084A802168460FF0D8F9F1
:108FC00068460FF0DFFE014668460BF071FD03486E
:108FD00008F0CAFE21B000BD04300020A0520020DD
:108FE00000B5A3B00346094A009102A880210FF002
:108FF000BFF902A80FF0C6FE014602A80BF058FD0B
:10900000034808F0B1FE23B000BD00BF20300020AF
:10901000A052002010B5044682B049B10846019123
:109020000FF0B0FE23680246019920465B6898471E
:10903000204602B0BDE8104008F096BEB1F5807F32
:1090400070B50C4696B019D0292130480BF030FD90
:1090500021462F4808F07CFE0B212E480BF028FDFE
:109060004FF480712A4808F073FE294808F07CFE0E
:10907000294816B0BDE87040FFF79ABF064600F1D8
:10908000FF0201252548120A00230570244D2549B9
:109090002A80254A09681380244A25481360254AF6
:1090A0001370254A11604FF0FF31244A11604FF4CC
:1090B0008052FF210FF0D2FA152121480BF0F8FC65
:1090C00000230A223146124808F076FE0F211D487F
:1090D0000BF0EEFC29880E4808F03AFE0C4808F028
:1090E00043FE28882346184A5021009002A80FF01A
:1090F0003FF902A80FF046FE014602A80BF0D8FC8B
:10910000034808F031FE16B070BD00BF44300020A7
:10911000A052002024110020703000201FC7002022
:10912000F0C60020C0C50020F4C6002050A90020D1
:1091300054A9002016C700209CB9002078530020B5
:10914000843000209C300020AC3000202DE9F0431A
:10915000874D8FB02B78012B40F09F8094460C46B2
:10916000844A8046844941F2883610680B681B1A8D
:10917000B34204D9814B1B88002B40F0D2800B688E
:109180009CF800101360002900F0EE8000227C4E55
:109190007C4F1346104608E0FF2A02F1010200F35B
:1091A000E3807D541CF8011FB9B1715603F1060E1E
:1091B000B1F1FF3FCDB2F5D00231A3F1020345EA90
:1091C0008010114609D0BEF1070F20FA03F5E3DC49
:1091D0001CF8011F73460029E7D1002A00F0C48063
:1091E000694D9146674F2968684BD6196FEA010EA1
:1091F000384610F8011B8EEA010E08214EF3000CD0
:1092000001390CEA030C8CEA5E0EF7D18642F0D1EC
:109210006FEA0E03B4F5805F2B6044D222445C48B1
:109220005849B2F5805F204488BFC4F580590124B5
:109230004A4609F0F5FD574B0C2157481C700BF0BE
:1092400037FC08EB0401554808F082FD21465448DC
:109250000BF02EFC534B5148198808F079FD13216F
:1092600051480BF025FC4D4808F07EFD434843462D
:109270004E4A018801310180302102A80FF078F8B0
:1092800002A80FF07FFD014602A80BF011FC434835
:1092900008F06AFD0FB0BDE8F08345490FB0BDE8A6
:1092A000F043FFF79DBE434804F1C045424B2040C8
:1092B0001968814206D0186000F1C040019209F09F
:1092C00003FC019A28462F4996B2019209F08AFBC5
:1092D000019A2A4425F01F05BFF34F8F4FF0E0217C
:1092E000C1F85C5F2035AA42FAD8BFF34F8FBFF3B5
:1092F0006F8F1EB3314B751EC7F1C04013FA85F551
:10930000013B01E09D4219D01A1919780133125C12
:109310008A42F7D02A4940460FB0BDE8F043FFF734
:109320005FBE1D2127480BF0C3FB1C4808F01CFD45
:109330002548FFF73DFE00232B70ABE70C211648B4
:109340000BF0B6FB08F10101144808F001FD012102
:1093500013480BF0ADFB134B1048198808F0F8FCCC
:109360000E4808F001FD81E718494046D4E700BFE8
:109370001FC700209CB90020C0C50020F4C60020F3
:10938000883E002094BD002050A900202083B8ED25
:1093900054A9002016C7002020310020A052002030
:1093A00030310020F0C60020343100204831002048
:1093B000D830002000F0FFFF7853002095BD00203A
:1093C00060310020E83000200831002010310020FA
:1093D00070B52C4C2378012B29D12B4D06462B68D8
:1093E000834207D1294B1D7835BB2948FFF7E0FDA3
:1093F000257070BD262127480BF05AFB0023102250
:109400002968254808F0D8FC0D2124480BF050FBB2
:10941000002310223146204808F0CEFC1E4808F0F8
:10942000A3FC1F48FFF7C4FD0023237070BD1D4837
:10943000BDE87040FFF7BCBD1B494FF0C044164863
:10944000FFF7E8FD19491448FFF7E4FD184D0BF04C
:109450005DFB642009F034F94FF0C04009F034FBA3
:10946000144B20464FF48072191904F5807409F0EA
:10947000B9FAAC42F4D14FF0E0230F4AC3F80C2DF7
:10948000FEE700BF1FC7002050A9002016C700201C
:10949000BC31002074310020A05200209C310020FB
:1094A000AC310020D8300020CC310020FC3100202D
:1094B0000010006054A900C00400FA0510B504466D
:1094C00010210C480BF0F4FA8CB120460FF05AFC36
:1094D000014620460BF0ECFA074808F045FC002353
:1094E00006480749074A03700B80137010BD092115
:1094F000054CEEE718320020A05200201FC70020C4
:10950000F4C6002016C700200C320020704700BFB0
:10951000704700BF704700BF00207047704700BF12
:10952000002070470020704701207047064A002144
:10953000136841602BB11A465B68002BFBD1506069
:1095400070471060704700BFB4BC002070B584B095
:10955000DDF820C010B10BB1A2B199B91E46154675
:109560000446624603910A480A4908F017FC0A4972
:10957000039B22460648CDE9005608F00FFC002068
:1095800004B070BD04B0BDE8704000F0FFBA00BF89
:10959000A05200202C3200208432002030B59D1CC7
:1095A000044685B0D0F8C40740D05D1C35D0DD1C22
:1095B00000D1838B808D04F6A14584F8A73C1B0A5B
:1095C00084F8A52C84F8A83C002360F30703C0F3BB
:1095D000032040F0200060F30F23101D60F31743B9
:1095E000001260F31F630020C4F8A13C84F8A60CAD
:1095F000AAB90F4B083229461868D2B2D3F800C076
:1096000040F6B21300932346D4F89C0B094CC4F8DF
:1096100000C0FFF79BFF05B030BD438BCAE704F6DF
:10962000A940039209F0FCFB039AE2E7038BC1E730
:10963000C0C50020F0C10020D0F8C43783F838102E
:10964000704700BF08B509F061F9044B0449186878
:10965000044A1B680860136008BD00BFC0C5002035
:10966000F0C10020ECC100200020704700207047AE
:10967000704700BF38B5534A4FF4805E4FF4005531
:109680004FF440444FF4803043F24201136A13F028
:10969000020F40F0878013F4005F00F0878013F41E
:1096A000805F00F08580002BF0DA13F4803C40F0FE
:1096B00082805B0640F18380434C444AD4F880109A
:1096C000434B41F003014348C4F880104FF0404140
:1096D00091634FF4404151630521C2F800C0082254
:1096E000C0F8B4104FF08061C0F8A4220A205A6874
:1096F0000A435A60C3F8841008F0E2FF364AD2F8F1
:10970000403143F00203C2F84031D2F840319B07A8
:10971000FBD4324D05F0BCFD01242B1F05F17C026A
:1097200043F8044F9342FBD14FF4807200212C4840
:109730000EF094FF00222B49274B0A700321C3F837
:109740009040C3F8A8112849C3F84821C3F85451E0
:10975000C3F84C21C3F85821C3F84011D3F8842131
:109760002249234842F48052C3F88421D3F8582177
:10977000D3F85421C1F800021E4A4FF0E0214FF403
:109780008030C1F80C01C3F84821D3F8482142F0D9
:109790001202C3F84821D3F8482142F44022C3F80A
:1097A000482138BD9462506291626FE755626DE75F
:1097B000C2F824E06AE74FF48033936266E74023FF
:1097C000536263E700800D4000C00F4000A00D40D1
:1097D0000080004200801F4000022E4000600020F8
:1097E000C8B900200AC70020158B0100005C0020CA
:1097F000BD7B010004000003C368002B32D0632945
:109800008CBF002301236BBB10B582B004460091CE
:10981000019308F0ABFFDFF8B8E0A060DEF80000CD
:10982000DDE90013002841D0DFF8A0C0DCF88C206F
:1098300022F07F42914216D34369891A23B92DE061
:109840005869891A58B303461A698A42F8D998693F
:10985000521A1A61A061C4E904139C61A3695C6196
:1098600002B010BD704772B64FF00070CCF88C306B
:10987000521ACCF84401A361DEF8003021610139AD
:1098800063611A614FF04042CEF800409C61CCF811
:109890008810CCF88C2062B602B010BD03460022BE
:1098A0002161C4E905235C6102B010BD074B01F1E1
:1098B000FF3C4FF04042A061CEF80040C4E90410E4
:1098C000C3F888C0C3F88C20CAE700BF00022E404E
:1098D0006CB9002072B6184A136873B183420ED077
:1098E0005B6953B198425B69FBD181694B6123B1DC
:1098F00000691A69996102441A6162B670470F489B
:109900004FF0000C5B69C0F88CC09BB1D0F88C1094
:1099100010B421F07F411C6921441961C0F88810FE
:109920004FF04041C0F88C10C3F818C0136062B605
:1099300010BC70471360E0E76CB9002000022E40B5
:1099400003698C469A68510670B5054603D41B68B6
:109950009A685206FBD54022DCF80860DCF83CE04F
:10996000CCF80820DCF800201A60DCF804205A60EB
:10997000DCF80C20DA60DCF810201A61DCF8142026
:109980005A61DCF818209A61DCF81C209D62DA61CB
:10999000DCF82C201C68DA62012CDCF83020DCE9D1
:1099A0000D011A631A46C3F83CE0C3E90D0103D068
:1099B000126811680129FBD1C2F800C00122CCF85D
:1099C00000201A6894451A462DD04FF0000E1068FA
:1099D000114604680246C1F824E08E46A445086298
:1099E000F5D151620021116295F8341011F0FD0F8C
:1099F00008D10E480168596279B10B6202600120FA
:109A00009E6070BD0A48016859620029F5D1094974
:109A10000B60026001209E6070BD07490B60026010
:109A200001209E6070BD0021DBE700BFE0BA00208E
:109A3000E8BA0020ECBA0020E4BA00202DE9F04793
:109A40000C46C98882B0B1F5804F03D9002002B01E
:109A5000BDE8F08790469946054605F065FC00286C
:109A6000F4D0009005F060FC00990346002876D001
:109A7000E08800283BD1DFF80CA1D5F800E00B60AE
:109A8000DFF804C101223C4F04EA0C0C256866682B
:109A90004A608F60CC600CF580540C610CF500546A
:109AA0004C610CF540548C610CF58044CC61002471
:109AB0005A60C3F808A0DC604FF48054C3F83C90AF
:109AC0001C614FF40054C3F828E05C614FF440542B
:109AD000C3E90B809C6170464FF48044C3E90D5686
:109AE000DC611A6002B0BDE8F047FFF729BFCDE99D
:109AF000001305F019FC0246DDE9001398B394F851
:109B000000C0E0884FEADC1CD5F800E01B4D4FEAAE
:109B10000C268CF0010746EA004C4CEA05054FF094
:109B2000010CC2F804C0DFF860C0956008EA0C0CB4
:109B3000C2F80C800CF5805515610CF50055556187
:109B40000CF540550CF5804C9561C2F81CC00A60BC
:109B50001360C2F828E00A4A42EA072A90E708465A
:109B600005F0EAFB72E70846009305F0E5FB009874
:109B700005F0E2FB6AE700BF800208008000008079
:109B8000808000808081008000F0FFFF2DE9F84F89
:109B90004FF0E0254FF4803A80468946D5F80C71A5
:109BA0009B46C5F88CA1164607EA0A0705F0BCFBE0
:109BB00000287FD006F1FF3A04465FEA9A3A04D1C2
:109BC00014E0BAF1010A286010D0054605F0ACFB9C
:109BD0000028F6D126462468304605F0ADFBAE429B
:109BE000F8D1002F5FD10020BDE8F88F00234FF09F
:109BF000010EC0F83CB00663C0F800E03049C0E98F
:109C00000D33C0E90A892F4B98F8350043EA002A42
:109C10002346000209EA0102B6F5804F02F5805B97
:109C200002F5005C02F5405502F5804222D840EA78
:109C30000646234A48F280054FF0010C09EA020269
:109C400021463543C3F804C002F5805602F540545E
:109C50009D6002F5005502F58042C3F80C90404625
:109C60001E615D619C61DA61FFF76AFEA7B90120A0
:109C7000BDE8F88FC3F804E0A6F58046C3F808A055
:109C8000C3F80C9009F58049C3F810B0C3F814C0AC
:109C90009D61DA611B68BDE74FF0E0234FF480322D
:109CA000C3F80C21E3E74FF0E0234FF48032C3F810
:109CB0000C2198E7002F96D0C5F80CA193E700BFC0
:109CC00000F0FFFF800000402DE9F843DFF8EC9042
:109CD000D9F800505DB14FF00008AB682E6A1A0643
:109CE00002D413F07C0F04D13546002EF5D1BDE827
:109CF000F8836B6A002B5CD01E62AF6A002E47D0DF
:109D0000736233462846996AB942C5E908881A6AD7
:109D100005D092B11346996A1A6AB942F9D1596AC3
:109D200041B30A6252B39E425162C3E9088803629A
:109D30001846EFD116461346EDE703462C6A1A681B
:109D40001B683B61C7F80C80C7F818802CB120460F
:109D5000246A05F0F1FA002CF9D13A6C1AB12846C0
:109D6000C5F8208090472846354605F0E5FA002ED4
:109D7000B3D1BCE7C9F80020002AD4D19E4208BF65
:109D80001646C3E908220C4A036211602C6AD6E722
:109D90002A682A680849C5E908663A613A6CFE6093
:109DA0000B60BE61002ADAD12846BDE8F84305F011
:109DB000C3BAC9F80060A0E7E0BA0020E4BA002006
:109DC000874B30B5D3F8444183B06103C3F84441B5
:109DD00009D5844B1B6833B19A6812F0FC0F5CD034
:109DE0001B6A002BF8D1230309D57F4B1B6833B1C5
:109DF0009A6812F0FC0F66D01B6A002BF8D1A007FE
:109E000000F18F8061070FD5754BD3F8845145F071
:109E10002A02C3F88421AA0769D42B0704D4734B00
:109E20001A78022A00F09F80E20107D56F4B1A785A
:109E3000012A00F0BF80032A00F0AE80A3012AD5DA
:109E4000DFF8C4E1DEF800202AB353699446002508
:109E50000EE019699D61042900F2B680586919B1B4
:109E600010B104690C440461CCF814309C460346DC
:109E7000CCF81450002BECD1CEF800305C4D00240F
:109E800011465269C86803689B68AB42C1E9054442
:109E900055D1002AF4D103B030BD120406D59A6A18
:109EA0001846D26B12B101939047019BD3E9085138
:109EB000002941D00D621846002D38D0696205F0A6
:109EC0003BFA2B4688E7150406D59A6A1846D26BEA
:109ED00012B101939047019BD3E9085121B30D6260
:109EE0001846BDB1696205F027FA2B4680E715F0E8
:109EF00001022AD03D4A117801298ED801203D491E
:109F000024F0807410704FF04042C3F88010C3F802
:109F1000842093E7384A116005F00EFAA0077FF518
:109F200071AFFFF7D1FE6DE72F4A1560D8E7334ACE
:109F3000116005F001FA56E72A4A1560BBE7019265
:109F40009847019A002A9BD1A5E728492C4B0A7013
:109F50000221019299632B4B186800F041FE294BB6
:109F6000019A1A6059E768077FF568AF03251C4915
:109F700004F080701D7042F21075C1F880504FF0EF
:109F80004045C1F88450D1F88411890501D51C4998
:109F90004A6300283FF452AF042011490022187090
:109FA000D1F884011146C0F3816000F069FB154BC4
:109FB000186043E70A4A02211970D2F8843143F449
:109FC0008073C2F8843139E7CEF800300139044893
:109FD0004FF04043C0F88810C0F88C304EE700BF07
:109FE00000022E40E4BA0020ECBA00200AC700208C
:109FF0002D010000A0860100E8BA0020E0BA002090
:10A0000000A00D4030BB00206CB90020036B012A7A
:10A010002DE9F04F8C4C38BF01221B7D89B004FB29
:10A0200001F1022B4FEA114500F0A6800523012122
:10A0300041EA5104A24240F2EB80013B4FEA410168
:10A04000F6D120231C46039390F83530A0F8444005
:10A05000002B40F0D88005F1840102254FEA511908
:10A06000039A002A00F084804FF0FF370023D200CB
:10A070007649BA4600930292CDE906408C4698464E
:10A08000DDF80CE0CDE904139CF8030066469CF86B
:10A0900002B000214419CDF804C016F8012B0BEBD7
:10A0A000050C834623464A44F078944500EB0504AA
:10A0B00057D3A34238BF2346634538BF6346BB42EC
:10A0C00002D2C2461F46009101310429E5D1F04475
:10A0D000DDF804C0029BB8F11F0F9C44D4D9039A49
:10A0E000DDE90413013308319A42C7D1BB2FDDF8F3
:10A0F00000B0DDE906403BD8BAF11F0F5646A0F884
:10A100004840A0F84CB080F84E9080F84F50A0F82E
:10A110004AA016D84D4A029F02EB0B0101EBCA017F
:10A120000C789A448A784C44BAF11F0F2A440C7078
:10A130008A70CC780A792C442A44CC700A7139444C
:10A14000EED901221C23A0F8466002FA0BF203FAB2
:10A150000BF380F8362080F83730012009B0BDE8D5
:10A16000F08F934238BF1346A34238BF2346A6E779
:10A17000002009B0BDE8F08F0F2A4FF0010328BF7F
:10A180000F22541E03FA04F4B4F5807F43DCE20886
:10A1900000D013464FF0FF3E573500262B4FF446B4
:10A1A000A0F8443033460021FA5C234402EB5512F8
:10A1B000914238BF1146FF2BF6D9714501D28E4628
:10A1C000B4460136A642EDD1BEF1BB0FD0D86D0921
:10A1D000BCF1FF0FA0F84840A0F84AC080F84E50EC
:10A1E00006D86346FA5C2A44FA542344FF2BF9D973
:10A1F000012C14D0022C1DD0042C20D80CF003020A
:10A20000112393400CE066354FF002096D0927E7F2
:10A210000C46039118E720234FF48074BAE7FF231C
:10A220004FEADC0C002280F83630A0F846C080F8F7
:10A23000372092E70CF0010255239340F0E70CF031
:10A24000070201239340EBE7AB2A0100C8B90020C5
:10A25000B0F846C0BCF11F0F3DD8F0B5B0F844E0EF
:10A2600040F002051C4C07E0BE452ED90260A55106
:10A27000F444BCF11F0F20D854F82C204FEA8C0670
:10A28000D107F3D402F0060122F01F030229B3F82C
:10A290004470E9D0BE4518D91A468242E8D0116808
:10A2A0001F2921F01F02F8D81A68F4440260BCF19B
:10A2B0001F0F40F002021A60DED9F0BD1B6823F0C8
:10A2C0001F03B3F844207245E6D39842D0D01A68F1
:10A2D000D207E1D4F2E77047006000202DE9F8438F
:10A2E00006460F461546994605F00EF800287BD025
:10A2F000044605F019F88046002872D0602200213B
:10A3000020460EF0ABF93C22002108F104000EF0CB
:10A31000A5F901234022032FC8F80030C8F808200F
:10A32000C4F8108084F835906361266384F8347033
:10A330005ED03DB17368002B65D01A469B6B002B35
:10A34000FBD19463317D002F3BD101294FF4804034
:10A350008CBF00230123DA062B0243EA013308995C
:10A3600043EA0143717D0B430343134394F83720C1
:10A3700043F070436360B37DF17D1B0443EAC15336
:10A3800043EA022394F83620134343F08043A3604A
:10A3900037F0020318D1264BD3F85821CAB96168A7
:10A3A00044F00202204641F4004161602260C3F89B
:10A3B0005841D3F8402142F02002C3F84021BDE8C3
:10A3C000F88300221046C7E7032F1ED02046BDE8C1
:10A3D000F883116844F00203204621601360BDE851
:10A3E000F883204604F098FF00242046BDE8F88357
:10A3F000DDE908122046FFF709FE90B14DB9317D25
:10A400002A462846A8E774609CE72046FFF720FF0D
:10A41000DCE77368002B90D11A46317D18467460D2
:10A420009AE7404604F088FF204604F075FFDBE71A
:10A4300000022E40F8B590F83430044613F0FD0FBA
:10A440004DD1036823F01F03984200F0C6801A68BC
:10A45000194622F01F039C42F9D163681D0400F1E4
:10A46000AD802368694A0B60D2F8403143F0400365
:10A47000C2F84031D2F844319806FBD52023C2F807
:10A480004431634E3568E5B128462D6A836AA3429C
:10A49000F9D1436A002B00F0B2801D62002D00F05C
:10A4A000AB806B6223691F2B03D804E01B681F2B52
:10A4B00001D98342FAD19842E5D004F03DFF002D46
:10A4C000E2D125691F2D05D928462D6804F034FFF7
:10A4D0001F2DF9D82046BDE8F84004F01DBF4D48B7
:10A4E00000F1800550F8042FD1070CD422F01F0290
:10A4F000944203D158E08C425BD00A46136823F0A3
:10A500001F01DB07F7D58542ECD1236B94F84E6031
:10A510001B7DB4F848E0022BB4F84A2053D01F2A20
:10A520001BD8B4F84C303C4994F84FC00B4403EBB3
:10A53000C2031F7872449D78D878BF1B1979A5EBA8
:10A540000C05A0EB0C001F2AA1EB0C011F709D70E5
:10A55000D870197103EBCE03EBD9304E3568002D5E
:10A56000AFD028462D6A836AA34206D0002DA8D01A
:10A5700028462D6A836AA342F8D1436A002B43D050
:10A580001D62002D3DD06B6223691F2B03D804E0B0
:10A590001B681F2B01D98342FAD19842E6D004F000
:10A5A000CBFE002DE4D18CE723688542036099D16E
:10A5B000ABE723688542136094D1A6E74B6843F468
:10A5C00000434B604DE7FF2AC7D813498B5C9B1BA8
:10A5D0008B547244FF2AF9D9BFE70C4AD2F84031B4
:10A5E00023F02003C2F84031D2F8443113F4004381
:10A5F000FAD1C2F8583144E7094A136052E735608E
:10A600004CE7084A1360BFE73560BAE700022E4006
:10A61000E4BA0020FC5F0020C8B90020ECBA00209A
:10A62000E0BA0020E8BA00200B4B70B51E688EB16E
:10A630000A4DF46814B90AE0646844B12368DB6821
:10A64000AB42F9D0204698476468002CF6D1B66832
:10A65000002EEED170BD00BF2CBB002031010000E8
:10A66000064900220B68C0E901222BB11A465B683B
:10A67000002BFBD15060704708607047D0BA0020B3
:10A68000F0B583B007460E46154604F02DFE0028AF
:10A690003CD02822002104460DF0E0FF00230820D2
:10A6A0002775A6751A46E575194600902046019350
:10A6B000FFF714FE206030B304F046FE2368154A0D
:10A6C000206115491548DA630122186483F83520A2
:10A6D00013480B680270A3B11A469B68002BFBD18C
:10A6E000946000230F484FF400210F4A2376C2E9FB
:10A6F00000010E4A20460C49FFF7A0F9204603B09E
:10A70000F0BD0C60EDE7204604F0F6FD0024204685
:10A7100003B0F0BD718801002CBB0020AD860100A4
:10A720002DC700208006000100A40020009C00200E
:10A730000000000010B5037E092B00F29480DFE8D2
:10A7400003F016223D404C61697073054F4B504930
:10A7500093F805C000234FEA0C4C1A464B604CF4AA
:10A76000106CBDE81040C1F800C0FFF767B99FED5D
:10A770003F7B474A0023464982ED007BBDE81040FD
:10A78000424AFFF75BB9DFF81CE1424B9EF800102C
:10A79000D3F800C00131802928BF0121BCF1000F8E
:10A7A00053D0634602E09B68002B4ED05A7D914205
:10A7B000F9D10131802908BF0121F2E79FED2D7BFE
:10A7C000D7E79FED2E7B324A0023314982ED007B93
:10A7D000BDE81040304AFFF731B92C4AB0F822E00A
:10A7E0002B4912F804CB2D4B43EA0C43DFF8B8C0D9
:10A7F0004EEA0C0C0B600023C1F804C0BDE8104009
:10A80000FFF71CB9214AB0F822E0214992F801C0B3
:10A810000432E8E71D4AB0F822E01D4992F802C070
:10A82000F6E79FED187BA4E7184A1D495388184C9A
:10A830000B801B04DFF874C0214663600023C4F85A
:10A8400000C0BDE81040FFF7F9B80B048EF8001007
:10A850000F4943F4A0630B600023BDE810401A4683
:10A860004B60FFF7EBB810BDAFF30080800600012E
:10A8700000000800800600010000120080060003AE
:10A880000000FC078006000200000900009C002078
:10A8900000A400202CBB0020049C002080060003A4
:10A8A000F8C6002034C700200000FC078006000224
:10A8B000836A186B90F824300133DBB2182B80F8D0
:10A8C000243003D9024B00221A707047FFF732BFC1
:10A8D0002DC7002070B50E69002E3AD00546D36A08
:10A8E000002837D0315C0131C9B293B35A78032ABA
:10A8F0002FD1C1F1320271551C78520001EB540086
:10A90000D2B23128C8BF1446022C13D9302911D82D
:10A9100006F1020CA3F1020E04238C440131DAB2D9
:10A920001EF803000233C9B20CF8010F312918BF19
:10A930009442F3D8681C73180022C0B2DA7002285F
:10A9400007D8C5F102023044D2B2BDE870400DF024
:10A9500085BE70BD0146C8E7424B2DE9F04F1C682B
:10A9600085B00646002C79D04FF00009DFF8008151
:10A9700001E06468A4B1A26831463B4B2046002A3E
:10A98000F7D1B8F80050D4F800C0093D0095DCF8C4
:10A990000050A847002851D1A1466468002CEAD194
:10A9A000324BB8F800B003F109059B44AB4503D81E
:10A9B00022E04544AB451FD96B7895F80080042B05
:10A9C000F7D1B8F1090FF4D1264B1C68002CF0D058
:10A9D0004FF00009ABEB050ACDF80CB0A7682B4689
:10A9E00001223146204657B16468002CF6D1DDF8CB
:10A9F0000CB04544AB45DFD805B0BDE8F08FD4F8C6
:10AA000000C0CDF800A0DCF800B0D847636868B19A
:10AA1000B9F1000F0FD0C9F80430F368A1466360A4
:10AA2000F460A6601C46002CD8D1E0E7A1461C4685
:10AA3000002CD3D1DBE70B4A1360EEE76368B9F172
:10AA4000000F08D0C9F804300023C4E90136F460CF
:10AA500005B0BDE8F08F034A1360F5E7DFF810801A
:10AA60009EE700BFD0BA0020099C0020009C002077
:10AA7000F8C60020C36B2BB11A68544952688A4249
:10AA80001DD17047816A0246096B00B5087E83B00C
:10AA900081F82430092810D8DFE800F01427354F5A
:10AAA0005E6C8776810508460191FFF755FF0A2005
:10AAB000474B002201991A70087603B000BD014689
:10AAC0001846104708680123DFF80CC142689CF85B
:10AAD00007C06FF31A4242EA0C42426008460B7606
:10AAE00003B05DF804EBFFF725BE3A4A022308687D
:10AAF000B2F802C081F815C0426822F07F0242EA33
:10AB00000C024260EAE7344B988893F80FC09A7BB6
:10AB1000A1F81900986842EA0C0293F806C0C1F83F
:10AB20001E00187C81F81BC098701043B3F80EC04B
:10AB3000A3F800C008D00323D0E7274B1A79032AD3
:10AB400002D95A79032A36D0072308460B7603B078
:10AB50005DF804EBFFF7EEBD00200191FFF7BAFEB0
:10AB60001D4B01995A78002A2CD19B78002BEBD0F1
:10AB70000623B3E701200191FFF7ACFE164B0199C4
:10AB80009B78002BF4D1DFE7134A0823134852883F
:10AB9000B2F5006F28BF4FF4006202809EE70E4AB4
:10ABA0000923B2F807208A8398E702200191FFF772
:10ABB00091FE0199C8E7D8881A78488422B95A7852
:10ABC000002AD2D0052389E7042387E72901000062
:10ABD0002DC7002000A40020009C0020F8C6002003
:10ABE000002835D0F8B5C46806466CB1194D002769
:10ABF000236820461B69984723462A68A760646833
:10AC00002B605A60002CF3D174682CB12046A46BE1
:10AC1000FFF710FC002CF9D13068FFF70BFC0E4950
:10AC20000B6893B1002201E0224673B11C469B6879
:10AC3000A642F9D152B19360206908B104F08EFBAD
:10AC40002046BDE8F84004F057BBF8BD0B60F3E7C1
:10AC5000704700BFD0BA00202CBB0020704700BF57
:10AC6000704700BF704700BF704700BFCB0800EBC4
:10AC7000D10C11F0070102D1DAB1084607E0C05C3F
:10AC80000841C1F10801914209D20CF1010C1CF8F4
:10AC9000013B8B4008318A4240EA0300F7D88A42E0
:10ACA00006D201239340013B03401F2A98BF184658
:10ACB00070471046704700BF2DE9F04F85B00E9CDD
:10ACC000182C03D9013A18BF01221AB1002005B08F
:10ACD000BDE8F08F93F804C00CF1FF3EBEF1010F08
:10ACE000F4D893F805E0BEF1030FEFD15C7A082C9D
:10ACF0002746EBD99D7A212DE8D19D7B002DE5D00B
:10AD0000062615FB0E6EA645E0D109340E9EB44210
:10AD1000A046DBD805EB450603F10F0502E0033240
:10AD20009642D3D015F802E0BEF1220FF7D11A44B3
:10AD3000B0F83C47557C127C42EA05229442A0F8C8
:10AD4000BC20C3D3CCEBCC020E9D44464244AA4265
:10AD5000BCD8BCF1010F99460E4680461B5D7CD0E5
:10AD6000072BB3D109EB07039A7A052AAED11A7BD8
:10AD7000032AABD1DC7A14F00F0C2746A6D01A7C3C
:10AD8000072AA3D15A7C052AA0D1D97C03299DD1B9
:10AD90009A7C154612F00F0298D093F80EE0587B7B
:10ADA00040EA0E2A187D93F815E040EA0E2B04F0D5
:10ADB000F000DC7B80289B7D0294039379D00F2FD9
:10ADC00084D805F0F003802B80D1039B304603919B
:10ADD000CDE900B30123FFF781FA029B3A460399BC
:10ADE00001930023C8F80C003046CDF800A0FFF70F
:10ADF00075FA59465246A8F82E203B4AA8F82C105E
:10AE0000C8F81000C263D8F80C303046374A3849C9
:10AE1000DA630023C8E90533C8E90733C8E9093311
:10AE200099F80220B8F8BC3088F83E2799F8062037
:10AE300088F8302099F8072088F8312099F8022006
:10AE400042EA03424346C8E90D1208F5667208F16A
:10AE50003401FEF7F3FD012039E7072B7FF436AF0D
:10AE600009EB0700837A052B7FF430AF017B0329C0
:10AE70007FF42CAFC37A13F00F023FF427AF03F037
:10AE8000F003802B7FF422AF90F80EE0634690F839
:10AE90000DC0C07B4CEA0E24CDE900403046FFF7E0
:10AEA0001DFA0023A8F82C40C8F80C00C8F8103090
:10AEB000A9E70F2D3FF60AAF624601233046019401
:10AEC000CDF800A00291FFF709FA039B2A460299E8
:10AED00001930023C8F80C003046CDF800B0FFF70E
:10AEE000FDF951465A4686E7C18D01001D980100C3
:10AEF00081060022406920B10368034A1B6A93421D
:10AF000000D17047184700BF6D740100F0B500F123
:10AF1000100383B007460A4E002500F1280453F8B9
:10AF2000040F20B10268D269B24204D11D60A3426D
:10AF3000F5D103B0F0BD0193B9689047019BF5E7E7
:10AF4000658A010010B504460321C03004F026FADA
:10AF500004F5F070052104F039FA04F54870012178
:10AF600004F04EFA2046BDE81040FFF779BB00BF61
:10AF7000D0F86823CB6A934214D0D0F86C23934264
:10AF800018D0D0F87023934216D0D0F874239A4288
:10AF900014D0406920B10368094A9B68934200D1EC
:10AFA00070471847012290F8783323EA020380F8AB
:10AFB0007833EEE70222F6E70422F4E70822F2E70C
:10AFC00069740100C36B1BB101461846FFF7D0BF7F
:10AFD000704700BFC38D002B4DD070B50C46016982
:10AFE00082B0002944D0D0F86813002945D090F8E9
:10AFF00079E390F878133EEA010C39D0B2F1FF3FC3
:10B0000014BF15461D464FF0000C012313EA0E0F26
:10B010000CF101022CD019423ED05FFA82FC5B0099
:10B02000BCF1040FF2D1D0F868331E462A460190D5
:10B030002146304607F0F4FE1C4A019B96420FD988
:10B0400026F01F017019BFF34F8F4FF0E022C2F8B6
:10B05000701F20318842FAD8BFF34F8FBFF36F8F34
:10B060002A463146186902B0BDE87040FEF78EBD31
:10B07000002002B070BD00207047D0F838174FF0A4
:10B08000030EC91A80F879E3C0F86813C91AC0F82A
:10B090006C13C0F83817ACE70B430CF1DA0C80F8EE
:10B0A000783350F82C301E46C0E700BFFFFF1F204A
:10B0B00000B5DDE901CE11B3C0F8681301210B46DC
:10B0C0002AB10133DA31DBB240F821201946BCF154
:10B0D000000F05D00133DA31DBB240F821C0194648
:10B0E000BEF1000F05D0013301F1DA0CD9B240F8FE
:10B0F0002CE001238B40013B80F8793300BD0B46E7
:10B10000DEE700BF41EA0221009A41EA0341019BC8
:10B1100042EA034C0346029AC0E90D1C00F13401D7
:10B120008068FEF78BBC00BF064A002113684160AF
:10B130002BB11A465B68002BFBD150607047106042
:10B14000704700BF68BC0020F8B50D4B1C687CB18F
:10B1500005460F4601E0646854B120683B46AA6882
:10B16000294606682046B0470028F4D0022801D0BE
:10B170002046F8BD0123204685F87A33F8BD00BF8C
:10B1800068BC00202DE9F04300F56672B0F8BC40C1
:10B19000002583B01444074680F8BE50A24229D24D
:10B1A0002E462946A8464FF001091378FE2B37D0CA
:10B1B00003F0030002283DD0032837D0012832D005
:10B1C00001320020A24213D803F0FC03842B41D0AB
:10B1D0001ED9B02B3AD031D8902B37D0A02B05D127
:10B1E0000EB9052D39D901360021F6B29442DCD8CA
:10B1F000052D3FD8C5F10602681D0021D2B2C0B2AC
:10B20000920007EB800003B0BDE8F0430DF026BAD2
:10B21000082B1DD0802B19D0042B08BF8046E5E7F2
:10B2200002F20112E2E750780232CBE7D2F80100D5
:10B230000532C7E7B2F801000332C3E7C02BD5D10E
:10B24000002E18BF013E0021F6B2CFE70021CDE766
:10B2500081B2CBE787F8BE90C8E741EA084138469B
:10B260000192FFF771FF6B1C07EB8505019A68617E
:10B27000DDB2B8E703B0BDE8F08300BF0346406924
:10B280000A4610B582B028B10468DFF8D4C0E4687B
:10B2900064454ED12F49506B884201D002B010BD99
:10B2A000B3F8BC10126B8A42F8D118460093FFF72E
:10B2B00069FF009BD3F858139A8D002941D0D868B4
:10B2C0000093FEF763FC009BD3F85C1321B19A8DC9
:10B2D000D868FEF75BFC009BD3F8601329B19A8D08
:10B2E000D8680093FEF752FC009BD3F8641329B191
:10B2F0009A8DD8680093FEF749FC009B986840F24D
:10B300004C52C18B9142C9D1028CB2F51A7F03D045
:10B3100040F22F418A42C1D10F494FF48022C3E944
:10B320000D120E4A03F1340102B0BDE81040FEF7E1
:10B3300085BBCDE90031A047DDE900320028ADD161
:10B34000A8E7D3F83817891A881AC3E9D610C3F8C2
:10B350003807B4E7810600222109F403FC530020DA
:10B360001D7301002DE9F04FB0F8BC3000F5667593
:10B37000A7B08146EC180D911AA80A92002130223C
:10B380000DF06CF9A54250D20026CDF82C9037462E
:10B39000B246B346B046089604960F9607960996AD
:10B3A00003960C960E96CDE905662B78FE2B00F0E1
:10B3B000588103F00301022900F06181032900F0A4
:10B3C0005A81012900F0548101350022A5422CD870
:10B3D00003F0FC03A02B00F25681732B70D8043BC2
:10B3E000D8B224281FD8242B1DD8DFE803F0641C12
:10B3F0001C1C531C1C1C1C1C1C1C1C1C1C1C491C29
:10B400001C1C3A1C1C1C1C1C1C1C1C1C1C1C301C4A
:10B410001C1C2100002E00F052810136F6B20023E0
:10B420001F469A461A93A542BFD327B0BDE8F08FB6
:10B43000BAF1FF0F00F06B810223A5424FF0000725
:10B440004FF0FF0AADF86A200393AED3EDE7012970
:10B4500000F08581022900F08881A5420892A4D3DA
:10B46000E3E7BAF1FF0F00F065810123A5424FF039
:10B4700000074FF0FF0AADF86820039395D3D4E797
:10B48000012900F06681022900F07281A542049230
:10B490008BD3CAE7BAF1170FC5D81F2AC3D90DEB52
:10B4A0004A03A5420AF1010AA3F868205FFA8AFA62
:10B4B000FFF47BAFB9E7A5420792FFF476AFB4E79C
:10B4C000743B2C2BAFD801A151F823F04794010015
:10B4D0002392010023920100239201002392010094
:10B4E0002392010023920100239201002392010084
:10B4F000239201002392010023920100899301000D
:10B500002392010023920100239201007D93010008
:10B510002392010023920100239201002392010053
:10B520002392010023920100239201002392010043
:10B530002392010023920100239201001B9201003B
:10B5400023920100239201002392010053940100F1
:10B550002392010023920100239201002392010013
:10B560002392010023920100239201002392010003
:10B570002392010023920100239201001192010005
:10B58000D3B2A5420993FFF410AF4EE70B9B93F89B
:10B59000BE30002B40F0A780B8F1000F00F0AE8065
:10B5A000D30700F1AB80D8F80030D3F81090AF4B40
:10B5B000994540F0C18112F0020940F02B81002F23
:10B5C00000F0D980069B012B40F0D580059B002B15
:10B5D0003FF425AFBDF86A2003EB0B0A0799CDF8BD
:10B5E0004090BDF86890139414964C461646DFF8C8
:10B5F0008492CDE911750F0416E0651C01225946AD
:10B600000A983C43FFF732FB049AD8F80030002A2E
:10B610005B69C0F2E0804B4540F0EC800BF1010B20
:10B62000DA4500F0EC802C46B442E6D3DDE9103276
:10B630009A4240F2DD805A1CD3B20DEB8302109384
:10B64000B2F86850B2F86A60D8E793B2A5420693A0
:10B65000FFF4ABAEE9E693B2A5420593FFF4A5AEC5
:10B66000E3E66B7803331D44A542FFF49EAEDCE6AF
:10B670006A780235AAE6D5F801200535A6E6B5F8C0
:10B6800001200335A2E6B02B3FF4C9AEC02B7FF4F6
:10B69000CAAE002E3FF4C3AE013E16F0FF067FF4A3
:10B6A000BEAEB8F1000F3FF4BAAED8F80030704A21
:10B6B0009B69934240F03D810026B046AFE6BDF85D
:10B6C0006830079A43EA02430E930C9B052B3CD843
:10B6D0000B9A013602EB83020133F6B2DBB2D2F8E9
:10B6E00014800C939BE69DF83430099999423FF4FD
:10B6F00053AF00231F469A461A9394E6DDE90532BC
:10B7000002FB03BB00231F469A461A938BE6039B5A
:10B7100043F002010DEB870303290391A3F86A208C
:10B720007FF481AE01370023A542FFB20393FFF4FB
:10B730003CAE7AE6039B43F001010DEB870303293E
:10B740000391A3F86820EDD06DE6B0460136F6B25D
:10B7500065E653B2A5420493FFF427AE65E653B203
:10B76000A5420893FFF421AE5FE613B208935AE6B0
:10B7700013B2049357E6059B002B3FF450AE5F468F
:10B7800010951194DFF8ECA0059D069CCDE9126B95
:10B79000049EDDF828B000E0994622463946584616
:10B7A000FFF764FAB04207DB089B984204DCD8F844
:10B7B00000305B69534526D109F1010327449D42BE
:10B7C000EAD1069ADDE9126BDDE9105402EB0B03B6
:10B7D00009FB023B23E610F0010F0CBF02464FF0BD
:10B7E000FF324B453FF41AAF21464046984715E7D4
:10B7F000254603E702462146404698470EE7DDE925
:10B800001254149E0BE6079A40EA02410122404678
:10B810009847D1E7BAF1180F40F297800123BDF89D
:10B820006890BDF86AE01093059B002B3FF4F7ADDC
:10B83000069B4FF0000A0F4903F1FF3C079A0F9156
:10B840000121CDF864B001FA0CF1CDF84CA01497A9
:10B85000CDF844E0CDF848C0CDE91515CDE917463F
:10B860001D465C464FEA024B22E000BF598A0100A8
:10B87000618A01005D8A0100119B994537D24E46CD
:10B8800009F101092A4621460A984BEA0607FFF703
:10B89000EDF9049AD8F80030002A5B6917DB0F9A9B
:10B8A000934234D10AF1010A059B2C44534535D902
:10B8B000109B002BE0D10DEB490309F10109B9F10F
:10B8C000170FB3F8686028BF4FF01709DAE7129A2C
:10B8D0001E2AE4D8159A02424FF0010202FA05F23C
:10B8E000C2F1000242EA000218BF1046D7E7DDE9C4
:10B8F00013329A4210D95A1C4E46D3B20DEB830232
:10B900001393B2F86A30B2F868901193BAE702461E
:10B91000394640469847C5E74E46B3E7DDF864B080
:10B920000F96189EDDE90523DDE9165402FB03BBE3
:10B9300075E540469847BFE6089B40461092009345
:10B940000E99049BC847109A35E6059B012B8CBFC6
:10B9500001230023BAF1010F88BF0023109353B1D4
:10B96000BAF1010F0CD00F9B4FF6FF7E03F47F4915
:10B9700009F580795CE74FF6FF7EDDF8409053E7EC
:10B98000BDF868904FF6FF7E52E700BF30B5044621
:10B99000406983B0D1E90B5328B10268DFF87CC05D
:10B9A0005268624532D194F8BE20F2B1012B23D8FF
:10B9B000194B9D4210D9A28D25F01F032A44BFF3D5
:10B9C0004F8F4FF0E021C1F8703F20339A42FAD8F0
:10B9D000BFF34F8FBFF36F8F2346A28D2946E068D8
:10B9E00003B0BDE83040FEF7D1B82A464FF480716D
:10B9F0002046FFF7B7FCDBE72A46013B204612F85A
:10BA0000011B41F48071FFF7ADFCD1E70193904732
:10BA1000019B0028CCD1C6E7FFFF1F206574010001
:10BA2000C36B1BB101461846FFF7B0BF704700BF9C
:10BA3000002A77D15B4ADFF870C1C0F83823C0F81C
:10BA400054C34A7E092A6DD18A7E002A6AD191F8B0
:10BA50001BC0BCF1020F65D838B580F8B023049A3A
:10BA60000F2A61D922F00F0C03F11002634403F195
:10BA7000100E02E01032724558D012F810CCBCF112
:10BA8000090FF7D112F80F3C042BF3D112F80C3C3C
:10BA9000012BEFD112F80B3C092BEBD112F8093C2A
:10BAA000022BE7D812F807CCBCF1070FE2D112F84D
:10BAB00006CCBCF1050FDDD112F805CC0CF0F00C72
:10BAC000BCF1800FD6D112F804CCBCF1030FD1D158
:10BAD00012F803CCBCF1010FCCD112F802CCBCF1AE
:10BAE000000FC7D190F8B0C3BCF1000F4FD112F8CE
:10BAF0000E3C80F8B13312F80D3C80F8B23312F8E6
:10BB0000093C80F8B33312F8053C03F00F0380F8CA
:10BB1000B43312F8013C80F8B5330CF1010C80F815
:10BB2000B0C3A7E700207047002038BD90F8B033BD
:10BB3000002BF9D003460022DFF870E04FF4801CA0
:10BB4000C3F8BC23084683F8B62303F55C71C3F839
:10BB50007823C3F89823A3F8B923C3F8BF23C3F805
:10BB60007C23C3F88023C3F88423C3F88823C3F855
:10BB70008C23C3F89023C3F8942303F56872C3F8A9
:10BB800070E3C3F874C3FDF759FF012038BD90F886
:10BB9000B14312F80E5CAC42CCD190F8B3439C4256
:10BBA000BBD2A8E7C4320020AC320020A006002996
:10BBB00070B590F8B633044663B100F55E760025A3
:10BBC00056F8040F18B1FFF70BF894F8B6330135A7
:10BBD000AB42F5D80023C4F8BC3384F8B633C4F8BC
:10BBE0007833C4F89833A4F8B933C4F8BF33C4F831
:10BBF0007C33C4F88033C4F88433C4F88833C4F881
:10BC00008C33C4F89033C4F89433C4F8C333C4F805
:10BC1000C73384F8CB3370BD10B5044607210C3010
:10BC200003F0A4FB04F5A070022103F0B7FB04F5B8
:10BC30000070042103F0CAFB04F54070012103F0F9
:10BC4000DFFB2046BDE81040FEF70ABD09B390F8BF
:10BC5000B6338B421DD34FF0010C10B590F8B923C9
:10BC600082B00CFA01F4AAB9034680F8B9C30D48B2
:10BC70000193C3E9DC0103F55C719868FDF7DEFE12
:10BC8000019B93F8C32322EA040283F8C32302B082
:10BC900010BD704790F8C333234380F8C33302B01C
:10BCA00010BD00BF2303080090F8B6338B422CD39D
:10BCB000012210B590F8B93382B002FA01F4EBB961
:10BCC0000029034680F8B92341F480210CBFA0204D
:10BCD000A32003F56772C3F87413C3F8700303F568
:10BCE0005C7198680193FDF7A9FE019B93F8C4234A
:10BCF00022EA040283F8C42302B010BD90F8C433D2
:10BD0000234380F8C43302B010BD704730B50446F9
:10BD100083B0009106F02AFD04F54E7200998A4224
:10BD200027D004F55573994201D003B030BD94F883
:10BD3000BA23002AF9D0531E234493F8BC130829D0
:10BD4000F3D1A1684FF0000594F8BB0384F8BA530F
:10BD5000497D01930092FEF793FC009A174904EB8A
:10BD60008204019B09220D70C4F8780383F8BC2378
:10BD7000DBE794F8CB331D46002BD6D094F8B603FE
:10BD8000A0B1012102E0013188420FD301238B4091
:10BD90002B42F8D02046CDE90012FFF785FF94F83A
:10BDA000B603DDE9001201318842EFD244F620618A
:10BDB000104603B0BDE83040FDF71EBD2CC7002083
:10BDC00070B5C56B05B30024012604E0013495F875
:10BDD000B6339C420ED806FA04F2D5F898331A42CC
:10BDE000F4D021462846FFF75FFF013495F8B633BB
:10BDF0009C42F0D92B4605F56671D5F878030122EF
:10BE0000BDE87040FDF7C2BE70BD00BF09B390F839
:10BE1000B6338B421DD34FF0010C10B590F8B92307
:10BE200082B00CFA01F4AAB9034680F8B9C30D48F0
:10BE30000193C3E9DC0103F55C719868FDF7FEFD31
:10BE4000019B93F8C52322EA040283F8C52302B0BC
:10BE500010BD704790F8C533234380F8C53302B056
:10BE600010BD00BF2301100009B390F8B6338B4218
:10BE70001DD34FF0010C10B590F8B92382B00CFA25
:10BE800001F4AAB9034680F8B9C30D480193C3E988
:10BE9000DC0103F55C719868FDF7D0FD019B93F818
:10BEA000C62322EA040283F8C62302B010BD7047FD
:10BEB00090F8C633234380F8C63302B010BD00BFEC
:10BEC0002301110009B390F8B6338B421DD34FF014
:10BED000010C10B590F8B92382B00CFA01F4AAB99C
:10BEE000034680F8B9C30D480193C3E9DC0103F5AB
:10BEF0005C719868FDF7A2FD019B93F8C72322EAC5
:10BF0000040283F8C72302B010BD704790F8C7330E
:10BF1000234380F8C73302B010BD00BF23011200D5
:10BF200009B390F8B6338B421DD34FF0010C10B516
:10BF300090F8B92382B00CFA01F4AAB9034680F84C
:10BF4000B9C30D480193C3E9DC0103F55C7198683E
:10BF5000FDF774FD019B93F8C82322EA040283F8DD
:10BF6000C82302B010BD704790F8C833234380F84F
:10BF7000C83302B010BD00BF2301130009B390F80D
:10BF8000B6338B421DD34FF0010C10B590F8B92396
:10BF900082B00CFA01F4AAB9034680F8B9C30D487F
:10BFA0000193C3E9DC0103F55C719868FDF746FD78
:10BFB000019B93F8C92322EA040283F8C92302B043
:10BFC00010BD704790F8C933234380F8C93302B0DD
:10BFD00010BD00BF2301140009B390F8B6338B42A3
:10BFE0001DD34FF0010C10B590F8B92382B00CFAB4
:10BFF00001F4AAB9034680F8B9C30D480193C3E917
:10C00000DC0103F55C719868FDF718FD019B93F85E
:10C01000CA2322EA040283F8CA2302B010BD704783
:10C0200090F8CA33234380F8CA3302B010BD00BF72
:10C03000230304004B1E034470B5044693F8BC036D
:10C0400082B00D46092809D8DFE800F01D1D0A0A54
:10C050000A0A0A32054D12F001025CD002B070BD2E
:10C06000D60766D50130C0B2072883F8BC03F5D1E6
:10C07000454A117819B945490978002972D0062234
:10C0800083F8BC23EAE7D207E8D5022283F8BC2371
:10C0900094F8CB33002B5CD0012229462046AA40DD
:10C0A000134384F8CB3302B0BDE87040FFF7AEBE57
:10C0B0009107D0D529462046CDE90032FFF75EFF33
:10C0C000009B0821019A83F8BC1393053DD50122FA
:10C0D00046F2A81104F5557084F8BB2302B0BDE800
:10C0E0007040FDF789BB12F00102B7D1CDE9002302
:10C0F00004EB8503D3F878031E46FEF771FD009A22
:10C1000029462046C6F87823FFF780FE0122019BCE
:10C1100083F8BC23A2E729462046CDE90023FFF798
:10C1200075FE19480121009A019B027083F8BC1327
:10C1300094E7012194F8CB2301FA05F522EA0502E0
:10C1400084F8CB2383F8BC1388E7C2F38022520023
:10C15000BEE744F6206104F54E70FDF74DFB94F800
:10C16000CB3399E701211170A94094F8CB2322EA3F
:10C170000102294684F8CB2383F8BC032046FFF74D
:10C180002BFF84F8BA5369E72CC700202DC7002085
:10C1900000222DE9F041864D82B080F8B923044693
:10C1A0004B6B0E8FAB426BD0824DAB4236D0A32B84
:10C1B00003D10B6B042B00F0B78094F8C313002954
:10C1C00040F0868094F8C513002940F0BF8094F8B1
:10C1D000C613002940F09E8094F8C713002940F050
:10C1E000BF8094F8C813002940F0CE8094F8C9139A
:10C1F000002940F0D38094F8C413002940F0BA809D
:10C2000094F8CA13002960D091FAA1F12046B1FA3E
:10C2100081F102B0BDE8F041FFF7DEBE94F8B01343
:10C22000B0F8A233012990F8A503A4F8B63384F836
:10C23000B80357D8DBB2002BBFD001252F4614E03E
:10C240005B4884F8B973C4E9DC05A068FDF7F6FB28
:10C2500094F8C33323EA0603013594F8B61394F82F
:10C26000B923A94284F8C3332CD3234604F55C7167
:10C2700007FA05F6002AE3D094F8C3333343EBE71B
:10C2800090F8B633B34298D1D0F87833002B94D1DC
:10C29000012590F8B50394F8B42303212B46CDE98A
:10C2A0000050A068FEF71AF8434B01462A46C4F82E
:10C2B0007803496804F56671C3632346FDF766FC9D
:10C2C00094F8B923002A3FF478AF02B0BDE8F081BA
:10C2D00091FAA1F12046B1FA81F102B0BDE8F04136
:10C2E000FFF7B4BC94F8B23340F6013194F8B103CF
:10C2F00041EA03412346C4E9DC1004F55C71A068FF
:10C30000FDF79CFB012294F8B63384F8B923002B87
:10C3100093D1DAE791FAA1F12046B1FA81F102B0A6
:10C32000BDE8F041FFF7A0BD002E3FF446AF90F806
:10C33000B6339E423FF641AFCB6A31461A68FFF7EB
:10C3400079FE94F8B923002ABFD136E791FAA1F11A
:10C350002046B1FA81F102B0BDE8F041FFF756BDC9
:10C3600091FAA1F12046B1FA81F102B0BDE8F041A5
:10C37000FFF7A8BD91FAA1F12046B1FA81F102B010
:10C38000BDE8F041FFF790BC91FAA1F12046B1FA67
:10C3900081F102B0BDE8F041FFF7C2BD91FAA1F111
:10C3A0002046B1FA81F102B0BDE8F041FFF7E6BDE9
:10C3B00023030800A0060029BD9B0100704700BFB1
:10C3C0004FEA114C8BB2BCF1090F30B516D1ABB1AD
:10C3D000202B18D8013B4FF0010C416C0CFA03F3F1
:10C3E00003EA010E002A40F08380BEF1000F04D062
:10C3F00021EA030180F841C0416430BDBCF1010F66
:10C40000A3F1300E45D0B0F860E1E645F5D1B0F8C3
:10C4100062C19C45F1D8B0F864E1E6449E45ECD990
:10C42000CCF10A0C8C441FFA8CF33F2BE5D800EBBF
:10C4300083044FF0010EA3F12001C3F1200CA56C81
:10C440000EFA03F30EFA01F12EFA0CFC954241EAC2
:10C450000C0117D0A264D0F85441D0F8502141EA21
:10C46000040CD0F858411A43C0F854C1C0F8502108
:10C470002240D0F85C410CEA040C52EA0C0218BFCE
:10C4800080F841E0D0E9524223430A43C0E95232E6
:10C4900030BDBEF1090FB6D80121D0F8484100EBFC
:10C4A000830301FA0EFE44EA0E0CD0F84C41C0F8AA
:10C4B00048C144EAEE7CC0F84CC153F8784C944231
:10C4C0009BD043F8782CD0F85841D0E954324EEA4A
:10C4D000030342EAEE72C0F850312340D0F85C41C9
:10C4E000C0F854212240134387D080F8411030BD5A
:10C4F000BEF1000F81D10B4380F841C0436430BDD1
:10C50000A0F10C00FFF75CBF90F8413013B101239C
:10C5100080F84230704700BF01207047704700BF6D
:10C52000704700BF00220023C0E95223C0E9542312
:10C53000704700BF0368DFF810C0DB69634501D1B5
:10C54000FFF73EBF184700BFBDA1010000234362B3
:10C55000436380F86C3180F82030704770B50D4629
:10C5600082B0064611492B6B11480193EB6A009388
:10C57000D5E90D2305F012FCEC6A74B12B8E63B182
:10C58000102B94BFE51804F1100514F8012B09498C
:10C59000074805F003FCAC42F7D10749044805F011
:10C5A000FDFB002086F8240502B070BDD4320020C7
:10C5B000A052002000330020902C0020A0F10C009D
:10C5C000FFF7CCBF90F87431013BDBB280F87431D7
:10C5D0003BB9436103639FED037B80ED527B80EDAC
:10C5E000547B7047000000000000000070B50D464D
:10C5F00082B011461E46044602462B461148CDE93C
:10C600000016114905F0CAFB606910B1002002B0A4
:10C6100070BDA36A0BB1AB42F9D10C4BF318012BDF
:10C6200002D90B4B9E42F1D10A49064805F0B6FBF0
:10C63000AA68236820469B6CC4E909259847012015
:10C6400002B070BDA052002008330020FCFFFEFFA6
:10C650000800010054330020A0F11800FFF7C6BF06
:10C66000D0F800C000B5DCF818E0DFF810C0E645EF
:10C6700000D100BDF4465DF804EB6047B9A10100AC
:10C68000704700BF012070470023C360C36180F87A
:10C6900054310372704700BF02680649526A8A42E9
:10C6A00007D190F841201AB1012280F8422070474A
:10C6B0007047104705A3010090F8353013B10123EE
:10C6C00080F83630704700BF0000000090F86831F5
:10C6D000013BDBB280F868313BB9836043629FED78
:10C6E000037B80ED4F7B80ED517B704700000000A5
:10C6F0000000000003680D4A9B6A934210D190F835
:10C700007431013BDBB280F8743143B94361036398
:10C710009FED047B80ED527B80ED547B704770472A
:10C72000184700BF0000000000000000C1A3010086
:10C7300050F8182C034607491838526A8A4207D124
:10C7400093F829201AB1012283F82A2070477047F4
:10C75000104700BF05A301000000000050F8183C7E
:10C760000E4A9B6A934211D190F85C31013BDBB2D7
:10C7700080F85C314BB940F8043C83619FED057B48
:10C7800080ED4C7B80ED4E7B704770471838184722
:10C79000AFF300800000000000000000C1A3010012
:10C7A00050F8183C1838DB69184700BFA0F1180C86
:10C7B00050F8180C00B5D0F818E00448864504D0AD
:10C7C0006046F4465DF804EB604700BDB9A1010086
:10C7D000002B18BF002801D012B109B90020704702
:10C7E000FDF7D4B92DE9F04F0F46416985B019B175
:10C7F000002005B0BDE8F08F81680029F8D1013A2A
:10C8000018BF0122002AF3D1F98B3C8CDFF8C8C194
:10C8100004E001320CF1060C0F2AE9D0BCF800E06C
:10C820008E45F6D1BCF802E0A645F2D16A4902EB8A
:10C83000420201EB420251790029D9D111790E9AB5
:10C840008946162AD4D9B1FA81F252090029CFD0EB
:10C8500019790129CCD95979FF29C9D180F89524B2
:10C86000C0F896249A7A222A00F0818009214FF09C
:10C87000000B4FF0000A4FF000080E9A8A42B7D919
:10C880005A5C03EB010C072A4DD0114490F8952413
:10C89000B8F1000FF1D0B2FA82F67609002AECD096
:10C8A000CDF804A00446B0F8963402F00F0203213C
:10C8B000384600930123FDF711FDC4F89C040028BD
:10C8C00096D0CDF804B04246B4F8983438460321E7
:10C8D00000933346FDF702FDC4F8A004002887D07A
:10C8E000D4F89C0404F2A4413C4BB4F89624C363EE
:10C8F0002346FDF74BF93A4BD4F8A004B9F1030FE6
:10C90000C36345D0B9F1040F4ED0B9F1070F56D02B
:10C910004FF48072002104F148000BF09FFE0120CB
:10C9200084F82C9065E79CF801E0BEF1050FACD1CE
:10C930009CF803E0BEF1030FA7D10D1D5C5D402CF8
:10C94000A646A2D89CF80540002C9ED19CF9026016
:10C950008A1D9CF80240002E03940EDBA0F898E498
:10C960009A5CDDF80C8093469CF800208DE75A7A9B
:10C97000142A7FF43DAF1D2179E780F8954413F820
:10C9800005E0A0F896E49A5C92469CF800207CE7CB
:10C9900040F201422346134900920522FFF718FF97
:10C9A000012384F86C31B3E740F204430C220E49B2
:10C9B00000932346FFF70CFF84F86C61A8E740F270
:10C9C00007422346094900920222FFF701FF012393
:10C9D00084F86C319CE700BF9C53002051BE0100DD
:10C9E0001DA3010080530020885300207C530020A9
:10C9F00010B50446032100F5C07002F0CFFC04F529
:10CA00002870072102F0E2FC012104F58C6002F09D
:10CA1000F7FC2046FDF724FE04F10C00FEF784FB32
:10CA200004F11800BDE81040FCF780BD30B5046B80
:10CA300097B054B301901E2200210DF10A000BF0B3
:10CA40000DFE019B4FF605724FF0000C93F8661136
:10CA50002046ADF8082061F3070C93F8672102A97E
:10CA600062F30F2C93F8692162F3174C93F86A2153
:10CA700093F86B3162F31F6C20228DF81030CDF8E3
:10CA80000CC0FEF7A7FA17B030BD426B154612B9BD
:10CA9000104617B030BD214601904C220DF10B001D
:10CAA0000BF0DCFD41F25212019B2846ADF8082044
:10CAB000802293F86AC102A98DF80A20FF228DF81E
:10CAC0000C2093F8662162F3070493F8672162F360
:10CAD0000F2493F8692162F3174493F86B214023E4
:10CAE0006CF31F648DF813204F22CDF80F40FCF734
:10CAF00055FD012017B030BD2DE9F041066B84B023
:10CB00008446002E44D000F2E447444D3C46AE46F5
:10CB100010341035BEE80F0044F8043C404B44F894
:10CB2000100C9E4544F80C1C44F8082CEFD19CF8DE
:10CB300066310BBB1A468CF8E6348CF8E5249CF879
:10CB400067211AB39CF868318CF8E73400249CF80C
:10CB50006B3121218CF8E82430225B00029701928E
:10CB600009228CF8ED3440F2012330460094FEF7A0
:10CB7000C9FA04B0BDE8F0819CF868218CF8E6346D
:10CB80008CF8E5249CF86721002ADBD11346DBE70B
:10CB9000446BCCB3214F4FF4A97300F2E44800F288
:10CBA000E64607F1300EA0F8E4343D461036103763
:10CBB0000FCD754546F8100C46F80C1C46F8082CAD
:10CBC00046F8043CF1D19CF866310BBB1A468CF850
:10CBD000E7249CF867218CF8E834E2B19CF86831CE
:10CBE0008CF8E93420469CF86B3141468CF8EA24F5
:10CBF00032225B008CF8EF344FF0FF33FCF7CEFCB1
:10CC0000012004B0BDE8F081204604B0BDE8F08109
:10CC10009CF86821DBE71346E2E700BFA809002083
:10CC2000D80900200146006B08B598B1B1F8693108
:10CC3000022291F86BC1A1F8E63491F8663101F255
:10CC4000E4410A70072281F804C08B71BDE80840F6
:10CC5000FEF7C0B9486B00B908BD40F2A222B1F896
:10CC6000693191F86BC1A1F8E42491F8662101F2D1
:10CC7000E441A1F803306FF00103CA71322281F858
:10CC800005C0FCF78BFC012008BD00BF70B590F813
:10CC9000694182B08C4212D0044690F82C000D46B7
:10CCA00084F86B31431E84F8691184F86A21062BDD
:10CCB0000DD8DFE803F0353B0C41580C0F0090F81D
:10CCC0006A419442E8D190F86B419C42E4D1002043
:10CCD00002B070BD636B002B4BD03222002104F2F6
:10CCE000E44001930BF0BAFC3E4A84F8F0544FF450
:10CCF000D175137804F2E441019884F8E6340133E5
:10CD0000A4F8E45403F00F03137030226FF0010312
:10CD100084F8EF243222FCF741FC012002B070BD00
:10CD2000204602B0BDE87040FFF7E6BE204602B0E4
:10CD3000BDE87040FFF77ABE00234FF40062403137
:10CD4000D4F8A004A4F8E524C4F8E83484F8E7147F
:10CD5000C4F8EC340028E0D023460C2204F2E4416D
:10CD6000FCF714FFD9E7204602B0BDE87040FFF79A
:10CD700059BF1D4A4FF0010CC4F8E634C4F8EE3434
:10CD8000C4F8EA34C4F8F234A4F8F6341378206B0B
:10CD900084F8E534634484F8EF1404F2E44113703A
:10CDA000402344F2010284F8E4C484F8E9340F4BD0
:10CDB000A4F8E724C4F8EB3418B11422FEF70AF9FA
:10CDC00085E7D4F8A004002881D023461422FCF77C
:10CDD000DDFE00287FF47BAF0549064804F0DEFF46
:10CDE00075E700BF19C7002015C70020014040307B
:10CDF0007C330020A0520020F8B5164690F82C2075
:10CE000080F868310446531E0D4680F8661180F89C
:10CE10006761062B00F29980DFE803F04145497B0A
:10CE200093970400436B1F46002B00F0AD80322225
:10CE300000F2E447002100F2E4400BF00FFC41F265
:10CE4000A203A4F8E4348A4B1A78102A00F2CE80A8
:10CE5000511C01F00F011970334684F8E6242A466C
:10CE60008449854804F09AFF55EA06030BD0002E4A
:10CE700040F0D180002D00F0CF80804A804BC4F874
:10CE8000E724C4F8EB344FF000006FF001033222C6
:10CE90003946A4F8EF04606BFCF780FB37E0BDE88F
:10CEA000F840FFF729BEBDE8F840FFF7BFBD406B73
:10CEB00000284CD040F2A2334FF06401714AA4F82C
:10CEC000E4340F2384F8E63440F2FF1315FB0135F8
:10CED00016FB0131FF2384F8EB3482FB05632B44FE
:10CEE00082FB01520A445B120021521284F8E7349B
:10CEF00084F8E9346FF0010384F8E82484F8EA2424
:10CF00000A22A4F8EC1404F2E441FCF747FB0120E8
:10CF1000F8BD00235C49002265F30F23C0F8E41438
:10CF2000D0F8A00466F31743C4F8EC24C4F8E8343E
:10CF30000028ECD023460C2204F2E441FCF726FE44
:10CF4000E5E7BDE8F840FFF76DBE0020F8BD0346F9
:10CF50004E4A84F8F00461F30703C4F8E424D4F8DB
:10CF6000A0044FF4706266F30F23C4F8E82443F47E
:10CF70007F03C4F8EC340028C9D023460D2204F204
:10CF8000E441FCF703FEC2E70A46334640493A480B
:10CF900004F004FF1022364B04F2E44184F8E42448
:10CFA0001A78C4F8E674102AC4F8EA74C4F8EE7467
:10CFB000C4F8F2741DD8501C00F00F00187055EA28
:10CFC000060384F8E5240BD076BB75B3314846F2EE
:10CFD00088026123C4F8E704A4F8EB2484F8ED3454
:10CFE000206B48B11222FDF7F5FF90E701210022E6
:10CFF00031E73A460120E1E7D4F8A004002886D0C2
:10D0000023460C22FCF7C2FD002880D122491A4891
:10D0100004F0C4FE7BE7BDB99EB1194A174BC4F8B2
:10D02000E724C4F8EB342EE7CDB9B6B1134844F287
:10D0300001024023C4F8E604A4F8EB2484F8ED349C
:10D04000CEE7002D3FF41FAF002E3FF41CAF0B4B7B
:10D05000C4F8E734C4F8EB3415E7002DC0D0002E37
:10D06000BED0064BC4F8E634C4F8EA34B8E700BFD3
:10D0700019C7002094330020A05200202888606146
:10D08000000140400308208000010FC00900000992
:10D09000B0330020014040287C33002000210022D2
:10D0A000002380F8421080F84110C0E95423C0E901
:10D0B0005223704738B50C460546132223492046B3
:10D0C0000BF010FB20B9022385F82C30012038BD6D
:10D0D0000F221F4920460BF005FB20B90123012038
:10D0E00085F82C3038BD15221A4920460BF0FAFA83
:10D0F0000028F3D01122184920460BF0F3FA18B992
:10D10000052385F82C30E1E70D22144920460BF069
:10D11000E9FAB0B10D22124920460BF0E3FA60B1F2
:10D120000B22104920460BF0DDFA30B10B220E49DC
:10D1300020460BF0D7FA0028C8D1072385F82C30F9
:10D14000C4E7032385F82C30C0E700BFD0330020AC
:10D15000E4330020F43300200C340020203400207D
:10D1600030340020403400204C340020F0B5044618
:10D1700083B00D46214822491F46164604F00EFE94
:10D18000A36A23B1AB4202D0002003B0F0BD6069B6
:10D190000028F9D106F47063B3F5A06FF5D106F05D
:10D1A0003C0397B1394620460193FFF783FF019B6B
:10D1B000082B0CD194F82C30013B062B19D8DFE852
:10D1C00003F0080B0B1808180B00082B04D00120E3
:10D1D000DBE7042384F820300A49084804F0DEFD28
:10D1E000A86801216063C4E90905FCF725FA02205B
:10D1F000CBE7089B012BEAD1EEE700BFA05200204D
:10D20000583400208C340020A0F11800FFF7AEBF86
:10D2100010B50446FFF74EFF94F82C30022B0AD0CD
:10D2200003F0FB03012B01D0012010BD04230120DA
:10D2300084F8203010BD0123012084F8203010BD77
:10D2400010B504461838FFF735FF237D022B07D0B1
:10D2500003F0FB03012B01D104232372012010BD35
:10D2600001230120237210BD2DE9F04100F2E447B3
:10D270000446884682B016460021322238461D46B2
:10D280000BF0ECF94023294A84F8EF8484F8E93460
:10D2900084F8EA3484F8ED3484F8EE34137884F8B2
:10D2A000E634013303F00F031370002384F8E734EE
:10D2B00084F8EB34012384F8E83484F8EC344FF438
:10D2C000D173A4F8E4344DB1334604F2EF4270193F
:10D2D00013F8011B834202F8011FF9D1606BB0B152
:10D2E000089B63B96FF0010332223946FCF756F907
:10D2F00005F03CFAC4F8700102B0BDE8F081A06A04
:10D30000194600F56A70FCF777FA606BEAE7334676
:10D31000424607490095074804F040FD05F026FA0B
:10D32000C4F8700102B0BDE8F08100BF19C7002049
:10D33000BC340020A052002090F82C300022013B89
:10D3400030B5044685B080F86D21062B14D8DFE88F
:10D3500003F0042D1313251315001C4A002301208C
:10D360000292ADF80C3005F0ABF94FF0FF33062216
:10D3700002A9606BFCF712F905B030BD1449012316
:10D3800002AA00914FF000010D468DF8081002210D
:10D39000FFF76AFF84F86D5105B030BD0023FF220E
:10D3A000194605B0BDE83040FFF770BC40F243239A
:10D3B0000120ADF8083005F083F94FF0FF33022269
:10D3C00002A9606BFCF7EAF805B030BD53F44203E4
:10D3D00090D00300A0F11800FFF7AEBF10B5036BAB
:10D3E000802480F8E51480F8E44480F86E119BB145
:10D3F000044652B9022204F2E4411846FDF7EAFD60
:10D4000005F0B4F9C4F8700110BD03F55F70114662
:10D41000FCF7F2F9236BEDE7D0F8A044002CF3D031
:10D42000034600F2E44112222046BDE81040FCF71A
:10D43000ADBB00BFDFF824C19C44BCF1010F30B587
:10D44000964685B005D9404A934202D0002005B0E7
:10D4500030BD43690BB17345F8D18268002AF5D11C
:10D4600090F874C104464FF0010501630CF1010C02
:10D47000C0F814E04023084604F2E4410392CDE9E9
:10D48000002284F874C184F84150FDF711FE6369ED
:10D4900084F86C51039AD88BB3F820C02B4B03E06F
:10D4A000013206330F2A16D019888142F8D15988E3
:10D4B0006145F5D102EB4202244B03EB42031A799A
:10D4C000531E84F82C20062B08D8DFE803F01D3308
:10D4D00007071D072700002384F82C304FF0090CA4
:10D4E0002121052040F2FF320023A4F86211A4F8A4
:10D4F00064011749A4F860C11648C4E9562304F032
:10D500004DFC012005B030BD4FF0010C4FF480718F
:10D5100027204FF0FF324FF0FF33E6E70E4A02219B
:10D520002046FFF75BFF0122002384F8382084F8AF
:10D530006D31D3E74FF47F4C212136206FF44062E8
:10D540004FF0FF33D1E700BF080001009C530020DB
:10D5500054330020A052002090D00300FCFFFEFFB7
:10D56000A0F10C00FFF766BF2DE9F04182B005463F
:10D570000F46144600211E2200F2E6400193089E49
:10D580000BF06CF801210022019B61F3070285F882
:10D59000E414402161F30F2285F8E91461F3174286
:10D5A000264967F31F62C5F8EB2444F20102A5F88F
:10D5B000E7240A78013202F00F020A7085F8E524A8
:10D5C0005BB1013B621E05F2EE4114FA83F312F8DF
:10D5D000010F9A4201F8010FF9D1286B78B120228E
:10D5E00005F2E441FDF7F6FCDEB905F0BFF8C5F839
:10D5F0007001642002B0BDE8F04105F061B8D5F8D3
:10D60000A00428B12B4605F2E4412022FCF7BEFA23
:10D6100005F0ACF8C5F87001002EEAD002B0BDE804
:10D62000F081286B314600F55F70FCF7E5F805F0F6
:10D630009DF8C5F8700102B0BDE8F08119C700205F
:10D640008B7B102B00D07047F0B5CB7B89B0202BA3
:10D6500000F0A180802B00F089803D2B40F08B8072
:10D660000B7C602B40F085804B7D91F816E01A0210
:10D67000087D4FEA131CCC7D02F470630A7E4CEAED
:10D680000E1C4FEA022E0343C87E12090EF4706E80
:10D6900044EA0E044FEA002E0009E61A0EF4706EFA
:10D6A0004B7E02968E7E42EA031591F8242046EACC
:10D6B0000E0EA5EB0C0791F81EC004EB0E0691F8B8
:10D6C000213001944FEA1C1403964FF0000E0E7F98
:10D6D000049440EA06104FEA0C264FEA022C284434
:10D6E000120906F470641E0207920CF4706206F4CC
:10D6F000706691F81DC00692724605964CEA040CBD
:10D70000029E67F30F02049C1B0960F31F4266F33D
:10D710000F0EC87F039E66F31F4E44EA001691F871
:10D720002000059C2043069CACEB000791F82200EA
:10D7300043EA001391F8230091F825100443079859
:10D74000F31A40EA01100CEB040102913044304915
:10D75000019CCD818C81A1F800C04E808F800B810F
:10D760004881C1E904E2029ACA8002E00B7C602B86
:10D770003FD009B0F0BD862B01D0982BF9D10B7C9E
:10D78000602BF6D10B7ECA7D1B02214903F4706326
:10D7900013430B83EDE70B7C602BEAD14FF0000CB9
:10D7A0001C4862468B181432D2B293F815E08A5C9A
:10D7B00042EA0E2220F8022B93F81BE09A7E42EAFE
:10D7C0000E22828093F821E093F8202042EA0E2274
:10D7D0000CF1020E428193F8272093F8263043EA99
:10D7E000022362465FFA8EFC0382BCF1060FD9D198
:10D7F000BFE701F11403074817311A7813F801CF76
:10D8000042EA0C22994220F8022BF6D1B1E700BF80
:10D8100008A4002074A4002010B5044686B041B3CB
:10D820000B78812B04D0212B02D0002006B010BD34
:10D83000206B039100F55F70FCF74CF803990B78AF
:10D84000812B23D194F83830002B40D094F86E21EE
:10D8500094F86D31812A04D094F86F21002A00F0E9
:10D86000928001330022DBB284F86F2184F86D319D
:10D870001BE023B390F838304BB390F86D3180F84B
:10D880006F110133DBB280F86D310EE02046FFF7F7
:10D89000D7FE94F83830D3B194F86D3100220133BB
:10D8A00084F86F21DBB284F86D310A2B0FD8DFE8E2
:10D8B00003F0645E5852413309261809110090F8AC
:10D8C0006D31F2E7324A04212046FFF787FD01203F
:10D8D00006B010BD6322002384F86D2184F838302F
:10D8E000F5E7DFF8ACC03021012304AA8DF8101051
:10D8F00020460321CDF800C0FFF736FEE7E7DFF84A
:10D9000090C0012304AA48212046CDF800C08DF81C
:10D910001030FFF729FEDAE706201D49012304AA8B
:10D9200084F86D012046009140218DF81030FFF7FA
:10D930001BFECCE7DFF858C046F23D0119220491E6
:10D9400005238DF81420204604AA1021CDF800C02C
:10D95000FFF70AFEBBE7DFF838C04FF4C1410622EB
:10D96000EDE7DFF82CC046F220011822E7E7084A6D
:10D9700002212046FFF732FDA9E7054A0321204690
:10D98000FFF72CFDA3E7012284F86F218DE700BF8C
:10D9900090D00300036B6BB110B5044603F55F70C4
:10D9A000FBF798FF0022204601231146BDE81040F6
:10D9B000FFF732BF704700BF436A8BB100B583B039
:10D9C000019003F55F70FBF785FF019900220123A9
:10D9D000A1F10C00114603B05DF804EBFFF71CBF8A
:10D9E000704700BF10B5044686B0002936D00B78CA
:10D9F000212B02D0002006B010BD806A039100F5F3
:10DA00006A70FBF767FF03992046FFF719FE94F849
:10DA10003A3003B394F86D310133DBB284F86D31E1
:10DA2000013B0A2B17D8DFE803F02F063D42474D94
:10DA300053606D742200DFF8F8C046F286011222AE
:10DA4000049105238DF81420204604AA1021CDF856
:10DA500000C0FFF709FC012006B010BD23B190F80B
:10DA60003A30002BD6D1F6E790F86D31D8E7FF2396
:10DA700020461A461946FFF7BFF90022FF2384F813
:10DA80003A2084F86D31E6E7DFF8A4C000210123D5
:10DA900004AA8DF8101020460821CDF800C0FFF729
:10DAA000E3FBD8E7DFF888C046F29801C7E7DFF864
:10DAB00080C046F23D01C2E7DFF874C046F22001A3
:10DAC0001822BDE7DFF868C04FF4C1411822B7E75C
:10DAD000DFF85CC0012304AA40212046CDF800C035
:10DAE0008DF81030FFF7C0FBB5E7DFF844C0012325
:10DAF00004AA48212046CDF800C08DF81030FFF769
:10DB0000B3FBA8E70023012120461A46FFF7BEF821
:10DB1000A1E7DFF81CC03021012304AA8DF8101002
:10DB200020460321CDF800C0FFF79EFB93E700BF1E
:10DB300090D00300836A6BB110B5044603F56A7098
:10DB4000FBF7C8FE0022204601231146BDE8104025
:10DB5000FFF748BF704700BF03698BB100B583B0C2
:10DB6000019003F56A70FBF7B5FE019900220123CD
:10DB7000A1F11800114603B05DF804EBFFF732BFC6
:10DB8000704700BF2DE9F0419DF81C409046BDF95B
:10DB900018004C4D002C64D0B5F91020B5F9124096
:10DBA000B5F90C60B5F914C0B5F916E0B5F90E5029
:10DBB0009342B8BF13466045B8BF6046A342A8BFB2
:10DBC00023467045A3EB0607A8BF70469E4206EEAB
:10DBD000907AF8EEE66A6ADCA41B07EE904AB8EE8B
:10DBE000E77AC6EE877A431B854205EE903A27EE28
:10DBF000A76AF8EEE55A4BDCAEEB050E07EE10EA2D
:10DC0000B8EEC77AC5EE876AB0EE467AA6EEA67A77
:10DC1000B1EEC76A9FED2C7AB4EEC76AF1EE10FA46
:10DC20002CDD36EE477A9FED294AF7EE005A9FED3C
:10DC3000285AC7EE044AF4EEE54AF1EE10FA75FEF2
:10DC4000A45A85EE867A67EE877A27EE267A67EE03
:10DC5000857A27EE057AC1ED007A88ED007ABDE875
:10DC6000F081B5F90420B5F90640B5F90060B5F9C1
:10DC700008C0B5F90AE0B5F9025099E7DFED157A69
:10DC8000B0EE677AC1ED007A88ED007ABDE8F081E8
:10DC9000ACEB050C07EE10CAB8EEC77AC5EE876A82
:10DCA000B0EE467AA6EEA67AF1EE666AB0E7921B6F
:10DCB00007EE902AB8EEE77AC6EE877AF1EE677A39
:10DCC00091E700BF08A400209A99193E9A99593FFC
:10DCD00000000045000000000000000090F82C301B
:10DCE000032B70B5044686B071D0042B0D4610D0BE
:10DCF000072B00F0C480D4F89C04002865D023468C
:10DD0000B4F8962404F2A44106B0BDE87040FBF7D5
:10DD10003DBFCB6A19785A78082900F09D80012A06
:10DD2000E9D1D988406C884202D0616484F84120EE
:10DD300004F1440003F1080E00229FEDC07B84ED46
:10DD4000527B9FEDC07B84ED547B3EF9021F50F85F
:10DD500004CF8C4512D001604FF00105012184F8F9
:10DD600041509140D4F8505145EA010CD4F8545137
:10DD700045EAE171C4F850C1C4F854110132042AD3
:10DD8000E3D1197AD4E916208A4200F04D81D4F803
:10DD90005021A165012142F0100284F84110C4F81D
:10DDA00050215B7AD4F85411834207D042F020020C
:10DDB0000120E36584F84100C4E954210123D4F82B
:10DDC0009C0484F84230002899D106B070BD9FEDC4
:10DDD0009B7BCA6A80ED527B9FED9A7B80ED547BE2
:10DDE0001378202B87D10B6B112B84D99388416C2E
:10DDF0008B4205D00121436480F8411080F8421025
:10DE00000432DFF84CE2002132F9023F01294FF0E1
:10DE1000010501F10101184698BF98B21EF8013BB7
:10DE200004EB830C05FA03F3DCF84850854210D06C
:10DE3000CCF848004FF0010084F84100D4F85001BC
:10DE40001843C4F85001D4F8540140EAE370C4F810
:10DE500054010629D8D1B1E790F86C3193423FF4D0
:10DE60004AAF80F86C21002A3FF445AF90F8953412
:10DE700000225B0811460233FEF708FF3BE790F8EB
:10DE80003830BBB190F86D31052B13D8DFE803F0C3
:10DE9000C4BCAFA2030D00213022012300913F2119
:10DEA0008DF8102004AAFFF75FFB002384F86D3182
:10DEB00084F83830EB6A626C1E465B885BBA9BB2B2
:10DEC0009A4203D00122636484F841203F22002358
:10DED00004F1440106F1040C4FF0010EC4E9522391
:10DEE00000230022C4E9542300233CF9022F51F8F7
:10DEF000040F90420FD00A600EFA03F2D4F85001DA
:10DF000084F841E01043C4F85001D4F8540140EAC9
:10DF1000E270C4F854010133042BE6D1B4F94C305B
:10DF2000012502A903AA2046CDE90035B4F94830FD
:10DF3000FFF728FE9DED027ADDED037A03AAB8FE15
:10DF4000477ABDEEC77AF8FE677AFDEEE77A01956B
:10DF50002046B4F9543084ED127AC4ED137A00935C
:10DF6000B4F95030FFF70EFE9DED027ADDED037A35
:10DF7000B8FE477ABDEEC77AF8FE677AFDEEE77A1B
:10DF8000226E84ED147AC4ED157A3379E16D9A42EC
:10DF900017D023664FF00102D4E9543084F84120B1
:10DFA00043F01003C4F8503172798A423FF406AF4F
:10DFB00043F020030121E26584F84110C4E95430A4
:10DFC000FCE672798A4235D194F84130002B3FF457
:10DFD00092AEF3E60021012304AA009148218DF8B6
:10DFE0001030FFF7C1FA042384F86D3162E7002195
:10DFF000012304AA009140218DF81030FFF7B4FAF4
:10E00000032384F86D3155E7104A0421FFF7E6F940
:10E01000022384F86D314DE70C4A0221FFF7DEF947
:10E02000012384F86D3145E75B7A8342CCD0D4E993
:10E030005421BBE6D4E95430BAE700BF3F000000EA
:10E0400000000000000000000000000090D003006D
:10E0500070390020C36B1BB101461846FFF73EBE66
:10E06000704700BF2DE9F0470B788EB03F2B61D091
:10E07000302B03D000200EB0BDE8F08747F6FF74C8
:10E08000002590F83920C0E9524500240025C0E958
:10E0900054454B790C791B0443EA0423CC78234381
:10E0A000002A40F09A80C26B9B1A426C9A4205D0BB
:10E0B0000122436480F8412080F84220CA79402B35
:10E0C0008E794FEA02254FEA12148A7A05F47065B8
:10E0D00046EA05050E7A2F4644EA0614ADF81C50B0
:10E0E0004FEA0225A046ADF81E4005F470654C7A53
:10E0F0004FEA121244EA0504A146ADF82040CC7A5A
:10E1000042EA04129246ADF8222000F03E8100223D
:10E11000B3F5800FADF8262000F03D81B3F1401F2C
:10E12000ADF8242064D0B3F5000F40F03981FF230F
:10E130000A9361E0B1F8013040F2FF140025426C0F
:10E14000C0E9524593424FF000044FF00005C0E98A
:10E15000544505D00122436480F8412080F84220D4
:10E16000CA78C46EA24208D04FF400740025C2667B
:10E170000122C0E9544580F84120A3F50043914EA7
:10E1800000224FF0010EB3FA83F35B09C0E91833A4
:10E1900016F8013B01EB420C013200EB8304BCF8A2
:10E1A00004500EFA03F3A76CAF420DD0A564D0F86B
:10E1B000504180F841E01C43C0F85041D0F8544130
:10E1C00044EAE374C0F85441042AE1D1012380F801
:10E1D000423000200EB0BDE8F087A3F500420024D5
:10E1E000B2FA82F280F839405209D203C2635BE787
:10E1F0004FF0FF130A920993B1F90D30826E9342EA
:10E2000008D0836601234FF4807280F841300023E8
:10E21000C0E95423B1F90F30C26E934209D0C366EE
:10E22000D0F8503143F40073C0F85031012380F826
:10E230004130B1F91130026F934209D00367D0F831
:10E24000503143F48063C0F85031012380F84130ED
:10E25000B1F91330426F934209D04367D0F850317F
:10E2600043F40063C0F85031012380F84130B1F924
:10E270001530826F934209D08367D0F8503143F450
:10E280008053C0F85031012380F84130B1F9173084
:10E29000C26F934209D0C367D0F8503143F40053A2
:10E2A000C0F85031012380F841308B78D0F88020BD
:10E2B0001909B2EB131F0AD0D0F85031C0F8801002
:10E2C00043F48043C0F85031012380F841300DF110
:10E2D0001A0C00F1440200F1640400214FF0010E19
:10E2E00052F8046F0EFA01F53CF8023F0131B342D7
:10E2F0000DD01360D0F8503180F841E02B43C0F8C6
:10E300005031D0F8543143EAE575C0F85451A24277
:10E31000E6D101243B4606AA05A9CDF80080019468
:10E320000390FFF72FFC9DED057A4B46DDED067A55
:10E3300006AAB8FE477ABDEEC77AF8FE677AFDEE08
:10E34000E77A0398CDF800A0019480ED127AC0ED31
:10E35000137AFFF717FC9DED057ADDED067A0023B1
:10E36000B8FE477ABDEEC77AF8FE677AFDEEE77A27
:10E37000039880F8424080F8383080ED147AC0ED80
:10E38000157A00200EB0BDE8F0874FF480320023EC
:10E39000CDE9092330E701230A92ADF824302BE7B9
:10E3A000802BADF8282003D1FF23ADF82A3023E7D6
:10E3B000B3F1801F03D14FF0FF130A931CE7ADF8B0
:10E3C0002A2019E7BC43002030B5CC6A83B02378FB
:10E3D0001BB1012B80F8403005D090F82C3091F81B
:10E3E0003020072B02D0002003B030BD002321468F
:10E3F00001920546FFF710FA019A08B10120F3E7F0
:10E4000021462846FFF72EFEF8E700BF2DE9F04F22
:10E4100083B00D46964604460B7800AF012B80F87A
:10E42000403000F0C080112B164609D090F82C30F7
:10E43000072B00F0058100200C37BD46BDE8F08FAA
:10E44000002200236946C7F800D0C0E95223C0E982
:10E450005423731DAEF10202DB08002AA1EBC303B3
:10E460009D46E84603DDA91C684604F0D9FC98F8EF
:10E47000051098F807200B0998F8065002F00102E1
:10E4800001F00F0088F8053043EA051388F80720EB
:10E4900043EA02330A0788F80A0003D4C64A52F84E
:10E4A00020201343626C9A4203D00122636484F8F3
:10E4B00042202722002304F1440104F1500C464677
:10E4C000C4E952230123002251F8040F16F8015F1A
:10E4D000A8420AD0D4F850011843C4F85001D4F827
:10E4E00054011043C4F854010D60DB1852418C45AF
:10E4F000EAD198F80420E36D934206D0D4F8503165
:10E50000E26543F02003C4F8503198F80820636DA9
:10E51000934206D0D4F85031626543F00803C4F842
:10E52000503198F80920A36D934206D0D4F85031A9
:10E53000A26543F01003C4F850314FF0000E08F10B
:10E54000050C04F1600104F5A4794FF027080123BC
:10E55000724651F804AB4EEA02051CF8010F48EA76
:10E560000306AE467D605045B0460BD0D4F85051FE
:10E5700045EA030AD4F8545145EA020BC4E954AB06
:10E5800041F8040CDB1852414945E2D17A68012375
:10E59000C4F84861C4F84C2184F8423084F86C31E6
:10E5A000D7F800D047E7BEF1400F90F82C20F44692
:10E5B00028BF4FF0400C012A4DD0052A00F0BF8043
:10E5C000032A00F0FB8000200021C4E95201BEF1C3
:10E5D000000F00F038814FF0000E013D04F14408B7
:10E5E000F14671467246D4E9540643EA0E0E42EAF9
:10E5F000090958F804AF0131C4E952E915F801BF1F
:10E6000089B2D34507D018431643C4E9540695F898
:10E6100000A0C8F800A0DB1852418C45E5D8D4E929
:10E62000563203403240134302D0012384F8423073
:10E63000012384F86C3101200C37BD46BDE8F08F12
:10E640000023FFF7CFF90028F5D1324629462046AE
:10E65000FFF708FDEFE609796B8843EA0143416C57
:10E66000994202D0436480F842202722002304F11B
:10E67000440105F1050804F15009C4E95223D4E925
:10E6800054060123002218F801AF51F804BFD34506
:10E6900007D018431643C4E9540698F800A0C1F8FF
:10E6A00000A0DB1852414945EDD16A7AE36D9342EF
:10E6B00005D040F02000C4F850016B7AE365AA7CD5
:10E6C000636D934205D040F00800C4F85001AB7C64
:10E6D0006365EA7CA36D934205D040F01000C4F856
:10E6E0005001EB7CA365BEF10A0F98D909354FF0B4
:10E6F000000804F16C0A4FF02709AE464FF4806120
:10E70000434641EA090943EA08085AF8042FC4E9D4
:10E7100052981EF801BF934507D008431E43C4E931
:10E7200054069EF80020CAF800200EF10A0249188B
:10E73000A2EB05025B4192B26245E2D36FE7C97872
:10E74000B5F8012042EA0142416C914202D0426494
:10E7500080F8423000220023BEF1050FC4E95223A5
:10E7600071D94FF00008043504F1440A4FF4806376
:10E77000AE46C1464246D4E9540643EA080842EA96
:10E7800009095AF8041FC4E952891EF801BF8B45D4
:10E7900007D018431643C4E954069EF80010CAF87F
:10E7A00000100EF10501DB18A1EB0501524189B201
:10E7B0008C45E2D833E700BFC04300204FF03F084C
:10E7C0004FF00009416CC0E952894FF000084FF04A
:10E7D0000009C0E95489D5F80D208A4204D042646A
:10E7E00080F8413080F84230DFF860C000224FF0FE
:10E7F000010E05EB4203032A02F10102B3F90110F5
:10E800001CF8013B98BF89B204EB83060EFA03F3B0
:10E8100088BF09B2B06C88420DD0B164D4F8500101
:10E82000D4F85461184384F841E046EAE373C4F82D
:10E830005001C4F85431062ADBD10123D4E954062F
:10E8400084F84230EBE6D4E95406E8E6E0430020E1
:10E85000A0F11800FFF7DABD30B5CC6A83B0237899
:10E860001BB1012B80F8343005D090F8203091F89E
:10E870003020072B02D0002003B030BD0C3800231D
:10E88000214601920546FEF7C7FF019A08B1012013
:10E89000F2E721462846FFF7E5FBF8E7074A084B71
:10E8A000106BB2F834C0918FC3F80600906BA3F8D8
:10E8B0000AC0D982C3F81200704700BFA80900201F
:10E8C00074A4002010B4019CC1660221C0E91C237D
:10E8D00001220023C0E91E4180F8822080F88330A5
:10E8E00010BC704703685B69184700BF03689B69E9
:10E8F000184700BF00238361704700BF704700BF07
:10E90000704700BF08460F22034908B509F0EAFE28
:10E91000003818BF012008BDE4330020D0F81CC027
:10E920008C4504D0BCF1000F01D00020704730B5F9
:10E93000846883B014B1002003B030BD02F4706C61
:10E94000BCF5A06FF7D19C4614460B460546BCF1BA
:10E95000000F07D001910F2260460C4909F0C2FE5A
:10E96000019B80B162060CD5012283F83820069AFB
:10E97000012A06D19A680220C5E90623C5F890202D
:10E98000DAE70120D8E7A861D5E700BFE43300202B
:10E9900090F88030013BDBB280F8803023B983608F
:10E9A000C0F8943080F88130704700BF826812B19F
:10E9B000002210467047D0F81CC0BCF1000F01D0F7
:10E9C0008C45F6D1094A934205D0094A934202D0B8
:10E9D000084A9342ECD190F880300122C16113447F
:10E9E00080F880308B68836110467047800001009A
:10E9F00001000C000600010030B5846885B024B128
:10EA0000944202D0002005B030BD15460446F9B14D
:10EA100091F83120022AF5D091F8300001281BD05E
:10EA2000164A93421AD0164A934206D01548181A2D
:10EA3000B0FA80F040090028E5D0C4F8981094F8A6
:10EA400080300120A560034484F8803005B030BDDB
:10EA50000A4A9342E7D1F2E7012AE1D1D4F894308F
:10EA6000002BECD1C4F8941008460A22212100930F
:10EA7000CDE90133FCF746FBE1E700BF06000100EA
:10EA800001000C008000010030B504680B4DD4F883
:10EA900010E0039CAE450CD1C1660221C0E91C23E5
:10EAA0000122002380F8822080F88330C0E91E41D3
:10EAB00030BDF4460394BDE830406047C1C6010054
:10EAC000704700BF704700BF0023C360704700BF9E
:10EAD0000368094ADB6993420DD190F88030013B0D
:10EAE000DBB280F880302BB98360C0F8943080F8B6
:10EAF00081307047704718478DC7010008460F22C4
:10EB0000034908B509F0EEFD003818BF012008BD23
:10EB1000E433002050F80C3C0C389B69184700BFC8
:10EB200050F80C3C0A4ADB6993420ED190F87430DD
:10EB3000013BDBB280F8743033B940F8043CC0F8D4
:10EB4000883080F87530704770470C38184700BF20
:10EB50008DC7010050F80C3C0C385B69184700BFAA
:10EB6000844650F80C0C30B5D0F810E00C4C0398EB
:10EB7000A6450DD1CCF860100221CCE91923012261
:10EB800000238CF876208CF87730CCE91B0130BD5F
:10EB90000390ACF10C00F446BDE83040604700BF84
:10EBA000C1C6010050F8042C12B100221046704773
:10EBB000D0F810C0614502D0BCF1000FF6D10A4A6E
:10EBC000934205D0094A934202D0094A9342ECD1BC
:10EBD00090F8743001220161134480F874308B681E
:10EBE000C3601046704700BF8000010001000C00A8
:10EBF00006000100D0F810C0614504D0BCF1000F40
:10EC000001D00020704730B550F8044C83B014B1E7
:10EC1000002003B030BD02F4706CBCF5A06FF7D1DA
:10EC20009C4614460B460546BCF1000F07D00191E7
:10EC30000F2260460B4909F055FD019B80B1620629
:10EC40000CD5012283F83820069A012A06D19A6849
:10EC50000220C5E90323C5F88420DAE70120D8E7BC
:10EC6000E860D5E7E433002000B583B00190FCF7FD
:10EC70005BFA01980C3003B05DF804EBFAF756BC70
:10EC8000704700BF10B50C4651060CD50023DFF8C5
:10EC9000A4E003EB430C01331EF80C10F444914242
:10ECA0002ED0102BF5D10023DFF88CE001E0192BDA
:10ECB00008D01EF813C00EEB430101339445F6D182
:10ECC000487810BD51062BD490F8603014F0220F14
:10ECD000174818BF42F040029B074FF0000348BF9F
:10ECE00082F0400202E00133602B19D0017801303C
:10ECF0009142F8D114F0110F14D003F01F0010BD91
:10ED000090F86030DB0708D49CF901209CF80130B2
:10ED1000002A0ADA03F07F02C5E79CF8020010BD62
:10ED2000002010BD203398B210BD184610BD00BFA2
:10ED3000144A002040390020A438002010B50446B1
:10ED4000D0F8940086B078B1012260344FF0000C06
:10ED50004FF400732121CDF800C0CDE90124092230
:10ED6000FCF7D0F906B010BDD4F89030002BF9D0E4
:10ED700094F860304FF4D1720120ADF814208DF872
:10ED8000163003F09DFC6FF00103032205A9D4F8AF
:10ED90009000FAF703FC06B010BD00BF532A80F8BC
:10EDA0005E1080F85F201CD0392A0FD0472A2DD062
:10EDB00000B583B00190FFF765FF019B5A6AA3F885
:10EDC0005C009AB303B05DF804EB104790F8601054
:10EDD000C1F34002944682F00102D2B294450FD1B1
:10EDE000704790F86020D14302F0010C01F001015E
:10EDF0008C45F5D061F3000280F86020FFF79EBFDC
:10EE000062F3410180F86010FFF798BF90F860103E
:10EE1000C1F38002944682F00102D2B29445DFD061
:10EE200062F3820180F86010FFF788BFFFF728FFC8
:10EE300003B000BD464BCB18072B70B5044682B01B
:10EE400036D9A1F5E023732B02D9002002B070BDA2
:10EE500090F88130002B55D001F007030120CDB28E
:10EE6000C1F3C40198406318064693F84C10014062
:10EE7000002A53D0002932D12A4694F85E10204649
:10EE800084F85F500193FFF7FDFE226AA4F85C004E
:10EE9000002A59D09047019BA26A1AB128460193D3
:10EEA0009047019B93F84C20324383F84C2016E0A6
:10EEB00001F00701012390F85EC08B4003EA0C00CB
:10EEC00082B960B1E26A32B101F167000193904703
:10EED00094F85EC0019B2CEA030C84F85EC001200C
:10EEE00002B070BD0028FAD1A26A32B101F1670008
:10EEF0000193904794F85EC0019B43EA0C0384F8A9
:10EF00005E30ECE7036F9B07A6D4C36F072BE6D8F0
:10EF10005A1C0344C26783F83C10E0E70029DED0A6
:10EF20002A4694F85E1020460193FFF737FFE26A05
:10EF3000019B12B128469047019B93F84C2022EA8E
:10EF4000060283F84C20CAE7FFF79AFE019BA3E76D
:10EF500020FFF8FFDFF820C101EA0C0CBCF17F4F65
:10EF600050D0454B70B5D0F86CE082B004461646E0
:10EF70000EEA03030D46B3F5803F3ED0BEF5402FA9
:10EF800002D13E4B9D4254D0AAB2002A38D0012370
:10EF900094F8851084F88330002963D004F184004C
:10EFA000002304E001335FFA83FC61452BD930F87C
:10EFB00002CF6245F6D11EBBA26EDEB232B1A9B25B
:10EFC00070460193904794F88510019B481EC0B28B
:10EFD000B04284F8850013D98A1B03F144014333FE
:10EFE000023A04EB410104EB4300D2B20132520079
:10EFF00002B0BDE8704009F09FBAFFF71BFFA8B14F
:10F0000002B070BD7047002EFAD0636E23B1A9B272
:10F010007046984794F885100329F1D84B1C04EBEF
:10F02000410184F88530A1F88650E9E7D4F86CE016
:10F03000A4E7D4E91D32D21A002A19D0A6EB0303A3
:10F040004FF064001146B8BF511C00FB03F303EB03
:10F05000610303FB02F1002993FBF2F30ADB84F85E
:10F060008430CDE7002ECBD0636E002BCFD1D5E717
:10F070003223F4E7013BF2E70000FFFF2000060027
:10F080002DE9F84304460E46904600F1450700F18D
:10F090004B0917F8015F032D1BD9B378AB4218D089
:10F0A000F378AB4215D03379AB4212D073792A464C
:10F0B0002046AB420DD0B379AB420AD0F379AB42D4
:10F0C00007D094F84410FFF769FEE36A284603B1BD
:10F0D0009847B945DDD1B8F1000F14D0E36A93B178
:10F0E0000025012707FA05F394F84420134207D0BE
:10F0F000327805F167001342C0B201D1E36A984744
:10F100000135082DEED1771C06F1070917F8015FCC
:10F11000032D29D994F84630AB4225D094F84730D6
:10F12000AB4221D094F84830AB421DD094F849301E
:10F13000AB4219D094F84A30AB4215D094F84B301A
:10F14000AB4211D031782A46204684F85F5084F8CB
:10F150005E10FFF797FD236AA4F85C0023B398477D
:10F16000A36A0BB128469847B945CFD1B8F1000F33
:10F1700014D0A36A93B10025012707FA05F394F888
:10F180004420134207D1327805F167001342C0B220
:10F1900001D0A36A98470135082DEED13268736813
:10F1A0006264A364BDE8F883FFF76AFDD8E700BF97
:10F1B00010B5D0F8942082B0CC6B944202D00020DD
:10F1C00002B010BD0A6B082AF9D10122C96A019068
:10F1D000FFF756FF0122019B104683F88120EFE7DD
:10F1E00090F882301BB390F8813010B50446FBB123
:10F1F00094F88330BBB9A26E92B194F885300BB904
:10F200000EE0A26E013BE06EDBB204EB430184F83A
:10F210008530B1F88610904794F88530002BF0D1F6
:10F22000002384F88530002384F8823010BD7047B5
:10F23000026F12F00202DBD1C36F022BD8D900F1AA
:10F240003C01FFF71DFFEEE7012380F881300A78CB
:10F250009A4201D00020704700B583B01944019252
:10F26000FFF70EFF019803B000BD00BF012380F837
:10F2700075300A789A4201D00020704700B583B0FB
:10F2800019440C380192FFF7FBFE019803B000BD52
:10F29000DFF850C00E490F4A0F4B104810B4DCF88D
:10F2A0000040CCF800201460D1F800C00C4A04687B
:10F2B0000A601946C2F800C01A4603F1400C1C60EF
:10F2C0001B6442F880CF41F8C02F016010BC70472A
:10F2D000A4B9002074B90020E0600020D4BA002056
:10F2E00080600020C0B90020024B186808B1026895
:10F2F0001A607047C0B90020024B1A68186002609B
:10F30000704700BFC0B90020024B186808B10268FE
:10F310001A607047A4B90020024B1A681860026096
:10F32000704700BFA4B90020024B186808B10268FA
:10F330001A607047D4BA0020024B1A681860026045
:10F34000704700BFD4BA0020034B186818B1016899
:10F350000022196002607047C4B90020024B1A688D
:10F3600018600260704700BFC4B9002001EB810142
:10F3700000EBC10188420DD2DFF81CC0DCF8002090
:10F3800000E01846034643F8282B99420246F8D875
:10F39000CCF80000704700BFC0B9002001EB41016C
:10F3A00000EB411188420DD2DFF81CC0DCF80020D0
:10F3B00000E01846034643F8602B99420246F8D80D
:10F3C000CCF80000704700BFA4B9002000EB811CFE
:10F3D000604511D2024610B5084C4FEA811E2168E3
:10F3E000134643F8401B9C4511461A46F8D8AEF127
:10F3F00040010844206010BD704700BFD4BA00200F
:10F40000352303FB010188420DD2DFF81CC0DCF874
:10F41000002000E01846034643F8352B9942024687
:10F42000F8D8CCF800007047C4B9002090F8243018
:10F43000013BDBB280F8243003B98360704700BF22
:10F44000012380F8263070474FEA114C8BB2BCF193
:10F45000090F0FD173B1082B12D8013B4FF0010CEB
:10F4600090F827100CFA03F322BB21EA030180F87D
:10F4700027107047BCF1010F03D0144B99421DD0E7
:10F480007047303B082BFBD801A151F823F000BF97
:10F49000C5D20100C1D20100B9D201007DD2010064
:10F4A0007DD201007DD201007DD201007DD201001C
:10F4B000BDD20100194380F827107047426370479E
:10F4C00002637047C26270478262704738020C0064
:10F4D00090F826302BB10122002380F8252080F8F7
:10F4E0002630704700238361704700BF0368DFF850
:10F4F00010C05B69634501D1FFF7A6BF184700BF85
:10F5000045D20100A3F101130146012B03D8836802
:10F510001BB19A4201D00020704791F8243001209D
:10F520008A60034481F82430704700BF034612B15B
:10F530000878022801D0002070474878042A83F810
:10F54000270091F90200986291F90300D86207D967
:10F5500091F90400052A186302D091F905205A6335
:10F560000122104683F82520704700BF70B504467D
:10F570000D4612481646124902F010FCE3691BB111
:10F58000AB4201D0002070BDA0680028FAD106F47B
:10F590007063B3F5A06FF6D1330602D5049B012B3F
:10F5A00001D0012070BD0749044802F0F7FBAB68A9
:10F5B00002202362C4E9063570BD00BFA0520020BE
:10F5C000F83400203035002070B50E4682B0114668
:10F5D0001D460446024633460E48CDE900150E4945
:10F5E00002F0DCFBA06810B1002002B070BDE3693E
:10F5F0000BB1B342F9D1A5F10115012DF4D807499A
:10F60000044802F0CBFBB3680120C4E9063602B01F
:10F6100070BD00BFA052002058350020A03500204A
:10F6200030B50568064CD5F810E0A64503D1012396
:10F6300080F8263030BDF446BDE83040604700BF5A
:10F640003DD201000023C360704700BF0268084933
:10F6500092698A420AD190F8262032B10121002213
:10F6600080F8251080F8262070477047104700BFAB
:10F67000CDD201000368074ADB69934209D190F8B3
:10F680002430013BDBB280F824300BB98360704733
:10F690007047184729D2010050F80C2C034607493F
:10F6A0000C3892698A4207D19A7E22B10121002248
:10F6B00059769A7670477047104700BFCDD2010047
:10F6C00050F80C3C074ADB69934208D1037E013BAA
:10F6D000DBB2037613B940F8043C704770470C382E
:10F6E000184700BF29D20100034612B1087802284A
:10F6F00001D0002070474878042AD87691F902009A
:10F70000D86191F90300186207D991F90400052A1C
:10F71000586202D091F905209A62012210465A7669
:10F72000704700BF50F80C3C0C385B69184700BFAD
:10F73000844650F80C0C10B5D0F810E00648864509
:10F7400003D101238CF81A3010BDACF10C00F44643
:10F75000BDE81040604700BF3DD2010070B50E46C5
:10F7600082B011461D460446A0F10C0233460F48F4
:10F77000CDE900150E4902F011FB54F8040C10B14C
:10F78000002002B070BD23690BB19E42F9D1A5F1F2
:10F790000115012DF4D80749044802F0FFFAB368B7
:10F7A0000120C4E9033602B070BD00BFA0520020A2
:10F7B00058350020A035002070B504460D4612488B
:10F7C0001646124902F0EAFA23699D4202D00BB1B3
:10F7D000002070BD54F8040C0028F9D106F47063C1
:10F7E000B3F5A06FF5D1330602D5049B012B01D0F0
:10F7F000012070BD0649044802F0D0FAAB6802202F
:10F800006361C4E9033570BDA0520020F8340020C4
:10F810003035002000B583B00190FBF785FC0198DE
:10F820000C3003B05DF804EBF9F780BE002380F8DC
:10F83000253080F82730C0E90A33C0E90C3370471F
:10F8400010B483B00B46CDE90012C27C002A30D040
:10F8500072B6C27CD40708D54FF0E02C4469DCF8BE
:10F86000801121408162CCF88011910708D54FF0BA
:10F87000E02C8469DCF884112140C162CCF8841149
:10F88000540708D54FF0E02CC469DCF888112140FA
:10F890000163CCF88811110708D54FF0E02C046AF9
:10F8A000DCF88C1121404163CCF88C11D2063AD49B
:10F8B00062B68268934240D0234A836092692349AA
:10F8C000C2F3011CC2F3826251F82CC00132BCFBAE
:10F8D000F2F103B38B4232D8B1FBF3F2B1FBF2F198
:10F8E0008B422ED3B2F5817F1BD2022A27D9023A4E
:10F8F000530803EB032342EA0323C3600268032196
:10F9000000201061516201211364019B1366116193
:10F9100003B010BC70479445EFD34A1CB2F5817F09
:10F92000E3D30B4BE9E74FF0E021446AD1F8902193
:10F9300022408263C1F89021BAE7C368DEE7002362
:10F94000DBE71146E9E700BF00C00F40E8430020B5
:10F95000FF7F7F0090F81CC04160BCF1020FC260C5
:10F9600001D18368184702F01DB900BF304B3149FF
:10F9700010B5D3E9114E9EF80400C8771A6C94F8BC
:10F9800004C081F81CC0087752B1B2F5004F23D3F0
:10F9900029495118274A1964D07682F81BC010BD36
:10F9A00019680F24D86C8C6540F20134CA610C616F
:10F9B0004FF47C544C6103210468246883F83D10A3
:10F9C0001E4B9C4220D1037F4260022BC26020D19B
:10F9D0008368BDE8104018472468E18B090421D4EE
:10F9E000E283DEF80010B4F81EE0A4F816E0CC8B39
:10F9F000240412D4CA83CA8BCA8200210D4A196416
:10FA0000D07682F81BC010BD23461146BDE81040D9
:10FA10001847BDE8104002F0C5B8CC8B62F308046B
:10FA2000CC83E8E7E18B62F30801E183D9E700BF0B
:10FA30000052002000800E400180FFFF51D70100DE
:10FA4000304B314910B5D3E9114E9EF80400C87708
:10FA50001A6C94F804C081F81CC0087752B1B2F552
:10FA6000004F23D329495118274A1964D07682F8C8
:10FA70001BC010BD19680F24D86C8C6540F201348E
:10FA8000CA610C614FF47C544C6103210468246802
:10FA900083F83D101E4B9C4220D1037F4260022B15
:10FAA000C26020D18368BDE8104018472468E18B0C
:10FAB000090421D4E283DEF80010B4F81EE0A4F8B3
:10FAC00016E0CC8B240412D4CA83CA8BCA820021CC
:10FAD0000D4A1964D07682F81BC010BD234611462A
:10FAE000BDE810401847BDE8104002F05BB8CC8B71
:10FAF00062F30804CC83E8E7E18B62F30801E18359
:10FB0000D9E700BFB051002000800E400180FFFF08
:10FB100051D7010043682DE9F04FD3E90041814DF1
:10FB20004FF0B80922684FF00F0B22EA01027E491C
:10FB30002260AA6911407D4A0A43AA6190F810E048
:10FB40007B4A03EB0E0603EB8E0E317C02EB0111B8
:10FB50008968C1F8009090F811C003EB0C050CF116
:10FB60000A0C95F8241002EB01118968C1F8009085
:10FB7000817C03EB010803EB810198F838A002EBCC
:10FB80000A1ADAF808A0CAF80090D4F800905F6862
:10FB900049EA0709C4F80090347CDEF814E002EB6F
:10FBA00004146468C4F800E095F8244053F82CC0AD
:10FBB00002EB04146468C4F800C098F83840C96BBC
:10FBC00002EB0412526811609A6C98F844101160AC
:10FBD0001A6A317F5B6B116095F830201A6002223F
:10FBE00003681A61C3F858B0C27C002A32D072B6DA
:10FBF000C37CDD0708D54FF0E0214469D1F88021AE
:10FC000022408262C1F880219C0708D54FF0E02194
:10FC10008469D1F884212240C262C1F88421590745
:10FC200008D54FF0E021C469D1F888212240026351
:10FC3000C1F888211A0708D54FF0E021046AD1F8ED
:10FC40008C2122404263C1F88C21DF065CD462B66D
:10FC5000C27C0368374D8168A9425FD03149856015
:10FC60008969354CC1F30117C1F38261334E54F8F1
:10FC700027400131B4FBF1F4B44230D80021C16017
:10FC800000241C6103245C620724196401211C66A2
:10FC9000196112B3D60704D5816A4FF0E023C3F887
:10FCA0000011950704D5C16A4FF0E023C3F8041191
:10FCB000540704D5016B4FF0E023C3F80811110776
:10FCC00004D5416B4FF0E023C3F80C11D30604D5E3
:10FCD000826B4FF0E023C3F81021BDE8F08F184984
:10FCE000A1FB0461090DB4FBF1F4AC4288BF013102
:10FCF000B1F5817F14D20229C0D902394C0804EB36
:10FD0000042441EA0421BAE74FF0E022416AD2F824
:10FD100090310B408363C2F8903198E7C168AFE738
:10FD20000849ACE700C00F40CFFFFFE31000000818
:10FD30007C46002000093D00E8430020FF083D000C
:10FD400083DE1B43FF7F7F00704700BFD0F800C0F9
:10FD500000B5DCF810E0F4465DF804EB604700BF46
:10FD600000B5D0F800C0BDF804E0CDF804E0DCF840
:10FD700038E0F4465DF804EB604700BF00B5D0F80A
:10FD800000C0BDF804E0CDF804E0DCF83CE0F44647
:10FD90005DF804EB604700BF704700BF01F0030C43
:10FDA000C907B0F90820B0F90A3080F81AC002D4A7
:10FDB0008281C3817047194613460A46C3818281F6
:10FDC000704700BF2DE9F0411C4686B08646D0F84A
:10FDD00000C0A142BDF93050BDF8343026D0AA424F
:10FDE00015D0DCF814608046234FBE423AD140461D
:10FDF000CDE900532346DCF82840A047D8F800306E
:10FE00001D4ADB6A934228D106B0BDE8F081A142C9
:10FE10001FDD01310C93DCF83C5070460B1B214672
:10FE2000AC461BB206B0BDE8F0416047AA420CDD0B
:10FE30000C93531CDCF838402A465B1B7046A446E2
:10FE40001BB206B0BDE8F0416047284615460246A1
:10FE5000EEE720460C460146DBE7404606B0BDE82B
:10FE6000F0411847CDE904230391B047D8F800C00A
:10FE70000399DDE90423BAE745DB0100D0F800C0AF
:10FE8000F0B5134D87B0DCF814600446BDF830704F
:10FE9000AE420ED1013B0197009220460B44DCF8A4
:10FEA00028601BB2B0472368DB6AAB420BD107B0B6
:10FEB000F0BDCDE904230391B047D4F800C0039905
:10FEC000DDE90423E6E7204607B0BDE8F040184727
:10FED00045DB0100D0F800C0F0B5144D87B0DCF868
:10FEE00014600446BDF83070AE420FD1013B01975B
:10FEF000204613441BB200930B46DCF82860B04741
:10FF00002368DB6AAB420BD107B0F0BDCDE9042317
:10FF10000391B047D4F800C00399DDE90423E5E775
:10FF2000204607B0BDE8F040184700BF45DB0100A0
:10FF3000D0F800C02DE9F04F90469B46DCF8142025
:10FF400083B01E4B05460C46BDF930709A42BDF891
:10FF5000349029D1A344A3451EDDDFF864A00AE054
:10FF60000134CDF80090DCF8386024B2B047D5F801
:10FF700000C05C4510DADCF820603B464246214672
:10FF800056452846ECD00134CDF80090B047D5F85E
:10FF900000C024B25C45EEDBDCF82C30074A93420B
:10FFA00006D103B0BDE8F08F9047D5F800C0D1E787
:10FFB000284603B0BDE8F04F184700BF45DB0100FD
:10FFC0005DDB01000268B0F90C30B0F90EC010B56D
:10FFD000146C82B0094A944207D10022CDE900C1D5
:10FFE0001146FFF7A5FF02B010BD00220191CDF828
:10FFF00000C01146A04702B010BD00BF2DDD0100BA
:02000004600298
:1000000030B50468094DD4F840E0BDF90CC0BDF826
:100010001040AE45CDE903C403D1BDE83040FFF741
:1000200087BFF446BDE83040604700BF2DDD0100CA
:100030002DE9F04F1D460368884616462C4983B0CB
:100040005A690446BDF930908A42BDF8347041D1F6
:10005000D3F824B03246DFF89CA0414600972046F2
:10006000D34508BFD3F83CB02B46D847236809F1E5
:10007000FF32D3F824B032440097D34512B231D1C5
:10008000D3F83CA041462B462046D0472368324651
:10009000DFF864A04146D3F820B020460097D3454E
:1000A00008BFD3F838B04B46D8472268691E4B4684
:1000B000156A204641440097554509B208BF956B23
:1000C0003246A84723680A4ADB6A934205D103B047
:1000D000BDE8F08F90472368BAE7204603B0BDE83B
:1000E000F04F18472B4641462046D847CEE700BF81
:1000F00045DB010079DB01005DDB01002DE9F04FFC
:1001000085B091468046581ABDF938401D46BDF865
:100110003CB0A21A002AB8BF52420028B8BF4042E1
:10012000824263DCA4464E46A2464F461C468946A0
:1001300065463146A1454EDDA942D4BF4FF0FF339D
:100140000123A9EB040CA7EB0A0A0FFA8CF6002E88
:10015000B8BF0136BAF1000F4FEA6606B8BFCAF160
:10016000000ACDE90020CDE9023C15E0224A944581
:1001700028D10F69224629464046B847A6EB0A0314
:100180000134029A1EB2AA1824B2002E02DA15B265
:10019000039AD6184C4512DCD8F800105B462A4664
:1001A000D1F818C0DDE90007B842DFDC124B9C45EE
:1001B0005B460CD10F6940462146B847DEE705B0E3
:1001C000BDE8F08F224629464046E047D6E7214663
:1001D0004046E047D2E72646A9423D464C465746B0
:1001E000B146AA460D4604DA0123AAE79A460F460D
:1001F000A0E74FF0FF33A4E749DB0100002361F3E0
:100200000F03002162F31F434FF0FF324160016191
:1002100001770162C0E90233024BC0E90523024BBA
:1002200003607047010100019C3F00202DE9F04F61
:100230008FB0BDF868509DF860C006951D1EBDF9D1
:1002400064406ADDC5F1010396460027621C1BB2BB
:1002500082469146F3460393C5EBC5337E1C089155
:100260005B000A92029505930CF00103CDF824C0BF
:100270000793039BCDF82CE0002B4ADB059A37B29D
:100280000232134405927200013213441BB20393ED
:10029000029B5C1E24B2BC4247DA099B03F00203B6
:1002A0000493079BABB1DDF82080029B0FFA8BF221
:1002B000DAF8000098444F4B066A0FFA88F19E4224
:1002C00040F08280069B00930FFA89F3866B5046BC
:1002D000B047049B93B1089B029A46489D1A0FFAB7
:1002E0008BF20FFA89F329B2DAF800502E6A8642AF
:1002F00006980090504608BFAE6BB047BC420BF169
:10030000FF3B09F10209029407DD039B7E1C002BD1
:10031000B4DA37B2029CBC4202DA0FB0BDE8F08F0B
:1003200003EB460301331BB20393099B079A03F0C7
:100330000203049312BB002BE0D00B9BDDF820805E
:100340001A1B0A9B03EB440312B21BB2A8EB06066E
:10035000DAF80000274935B2066A8E423BD1069989
:1003600000912946866B5046B047029B9C42C5D0FF
:10037000079B002BAFD00223049396E7DDF8208083
:100380000B9B08EB0601DAF800501A1B19480FFA0C
:1003900081FC0A9B296A12B203EB440381421BB21F
:1003A0001DD1069900916146A86BCDE90C23054645
:1003B0005046A847DDE90C2304990029C6D1029BC9
:1003C0009C427FF472AF99E706980FFA89F3009088
:1003D0005046B0477DE7069829460090C3E7069847
:1003E0000D46614600905046CDE90C23A847DDE953
:1003F0000C23E1E75DDB0100D0F800C02DE9F043FC
:100400001D461C4EDCF8143087B004461746B34234
:10041000BDF8388023D1DCF820906B0016487A1B99
:100420000133CDF80080814512B21BB2204608BFCF
:10043000DCF838900591C8472B4603200025059924
:100440003A46CDF80880CDE900052046FFF7EEFEDC
:100450002368DB6AB34208D107B0BDE8F083059199
:100460009847D4F800C00599D5E7204607B0BDE805
:10047000F043184745DB01005DDB01002DE9F04F3B
:1004800093B082460291BDF870100D9203919DF8D1
:100490007810026A08919DF87C10BDF8749005915F
:1004A000002A00F0B980117A5B1A0599D2E900B0F0
:1004B000DBB2089A114300EBC30230F8337092F8B4
:1004C00002800129D37892F9050092F906200E9353
:1004D00009900F9256D80023A24E10930A93DAF88F
:1004E00000305A69B24255D10E9A002A00F083803A
:1004F000B8F1000F7FD008991A46059800254FF0F3
:1005000000090023012908BF012811960CBF012111
:100510000021049110991E460D98059C494401FB49
:100520000401002409B207910F994118494409B206
:10053000CDE90B93069105E001346D00E4B2EDB214
:10054000A0454CD916F0070F06F1010603D17B1C1C
:100550001BF807509FB22B06EED5049BFBB1029B04
:1005600050460999D2F8189059187F4B2144994563
:10057000039B08BFD2F8109009B2069AC847DAF870
:100580000020D9E7DAF80030764E10925A690A90C6
:10059000B242A9D050469047DAF80030A4E70A9B4F
:1005A00002981919089BD2F81C9001FB03010FFA5D
:1005B00083FC6E4B09B2BDF91400994522D1D2F8E3
:1005C00040906B4B039A9945009001926346079ABD
:1005D00050461DD1FFF7ACFCDAF80020ACE7DDE9AE
:1005E0000B930E9909F1010C43445FFA8CF989458C
:1005F00090D31346119EDB6AB34240F0058113B0DD
:10060000BDE8F08F039A6346009050460192079A26
:10061000C847DAF800208FE7B0F90C2002998A4227
:10062000EDDDB0F90E200D9CA242E8DD4FF0060290
:10063000089D15FB0212002AE1DD059A04EBC202B7
:10064000002ADCDD027F474E82F00102AF2B94BF0F
:10065000002202F001021A440368D4B25A69B2427D
:1006600040F00B81029F04EB8404089D7A1D4149F0
:10067000BC46BE4690B2059A2144CDF81890012D93
:1006800008BF012AD146039F8A460CBF4FF0010BD9
:100690004FF0000BDDF83480CDF810B093460C908D
:1006A0000E961AF8016B0FFA8EF2082400250992B3
:1006B000CDF81CC0CDE90AEA1AE00499002934D02B
:1006C000D3F818A018FA85F2274812B2BDF91C1009
:1006D0008245484608BFD3F810A03B46D047D9F81A
:1006E0000030013C0135760814F0FF046DB260D093
:1006F000F207E2D406988742F3D0049900293BD050
:1007000018FA85F2D3F818A0BDF91C100FFA82FC74
:10071000154A924540F08F80D3F810A062460346F8
:100720004846D047D9F80030DBE71BFB0582D3F8F9
:100730001CA0BDF920100FFA8BF00FFA82FC0B4AB7
:10074000924566D1D3F840A06246094B00904846D6
:100750009A4501970B46099927D1FFF7E9FBD9F88C
:100760000030BEE745DB010049DB0100FDDD010093
:100770002DDD0100783900201BFB0582D3F81CA079
:10078000BDF920100FFA8BF00FFA82FC414A924516
:1007900049D1D3F840A062463F4B009048469A4565
:1007A0000B46069901910999D7D0D047D9F8003066
:1007B00097E7DDF81CC0089A0CF1010CDDE90AEAA4
:1007C0001FFA8CFC96440C9A62457FF46AAFCA46C5
:1007D000039ADDF81890DDF810B04A450E9E3FF4FC
:1007E0000AAFBBF1000F2DD01C6A50462B4ACDF842
:1007F00000909442BDF930100D9A08BF9C6B0823FD
:10080000A047DAF80030F6E6504613B0BDE8F04FE6
:1008100018470B4600906246099948460197D04711
:10082000D9F800305DE70B460699009062460191C9
:1008300048460999B9E7069B62464846D047D9F829
:1008400000304EE70899059A0298D500DC6901EB63
:100850008102821808B211B20E4A944211D11C6C66
:100860000D4B0D9A9C4203465046CDE900590DD1DF
:10087000FFF75EFBDAF80030BDE69047DAF80030AB
:10088000F0E603460D9A5046CDE90059A047DAF844
:100890000030B0E6FDDD01002DDD01005DDB010073
:1008A000036AF0B587B0002B55D00A2946D00D2930
:1008B0004ED01A7A91424BD393F80AC08C4547D355
:1008C0008A1A5C68D2B204EBC204E27894F802C0DF
:1008D0006AB3BCF1000F2AD0C27EB0F910E0057EE9
:1008E000B0F91260477E8AB194F905209444B0F9BA
:1008F0000C2005FB0CEC944508DD4FF0000EA0F831
:1009000010E01B7B03FB07631EB243820B4632469B
:1009100071460590CDE90257B0F816C0CDF804C075
:10092000B0F814C0CDF800C0FFF7A8FD05982179F4
:10093000038A027E01FB0233038209E04FF0000CC0
:10094000428A417EA0F810C01B7B01FB0323438237
:10095000012007B0F0BD0A2932D00D29F8D0C57E9C
:10096000B0F910C090F818E0B0F91220447E65B1DB
:100970000625B0F90C601EFB05C5B54205DD02EB8E
:10098000C4029C46038212B2428203940B46CDF805
:1009900008E06146B0F816C00590CDF804C0B0F884
:1009A00014C0CDF800C0FFF769FD0598037E028AE8
:1009B00003EB430302EB43030382012007B0F0BDC6
:1009C000428A417E038202EBC1034382012007B0C9
:1009D000F0BD00BF01294FF0000338BF012161F3D2
:1009E000070361F30F230383704700BF30B590F80E
:1009F00068308E46090AB3B9A2B1436B5FFA8EFE26
:100A0000501E1B685966DA6D12F4F81FFBD05A6F3E
:100A1000C3F864E0DA6D12F4F81FFBD001385A6FA6
:100A2000451CEFD130BD012B24D05FFA8EFC61450F
:100A30003DD0002AF6D0531E1FFA8CF511E011604C
:100A4000826C446D1460426C446D1460426B15609E
:100A5000826C013B446D1460426C446D14605A1CFE
:100A6000E0D090F85FC0426BBCF1000FE7D0A2F875
:100A700000E0EDE7002AD5D002F1FF3C72461023DA
:100A80001404816C03F1FF334FEA42024CBF846BC4
:100A9000C46B9BB22160016CC46C0C60416CC46C73
:100AA0000C60002BECD1BCF1010CE7D230BD90F80A
:100AB0005F30D0F834C07BB95200CCF80010002A67
:100AC000B0D0531E826C013B416D1160416D426C90
:100AD0001160591CF6D130BDACF800E0EFE700BF63
:100AE00090F96A30002B02DB436A026E1A6090F8BC
:100AF000683003B17047426BD37C002BFAD0D80723
:100B000004D5906A4FF0E021C1F80001990704D59F
:100B1000D06A4FF0E021C1F80401580704D5106BEA
:100B20004FF0E021C1F80801190704D5506B4FF0D0
:100B3000E021C1F80C01DB06DCD5926B4FF0E0231D
:100B4000C3F81021D6E700BF70B5002A84B0BDF805
:100B5000206006DB1C461D46B0F90E30934200DDD6
:100B60000CB904B070BD002C05DAA3B201311944F0
:100B70005B4209B21DB2B0F90C308B42F1DD1FFAB5
:100B800081FE0EEB050404F1FF3C0FFA8CFCBCF176
:100B9000000FE6DB002902DA25B24FF0000E0168F3
:100BA000634592B24C6D15DCA3EB0E034FF0010CC4
:100BB00071469BB2CDF800C0CDE90203A047039B6C
:100BC00002981AB2002BCCD0314604B0BDE8704078
:100BD000FFF70CBF0123029071460093ABB2A04710
:100BE0002A460298F0E700BF70B5002984B0BDF82E
:100BF000206006DB1C461D46B0F90C308B4200DD40
:100C00000CB904B070BD002C05DAA3B201321A444D
:100C10005B4212B21DB2B0F90E309342F1DD1FFA01
:100C200082FE0EEB050404F1FF3C0FFA8CFCBCF1D4
:100C3000000FE6DB002A02DA25B24FF0000E026850
:100C4000634589B2546D11DCA3EB0E037246039029
:100C50009DB201230095A04703982AB2002DD0D061
:100C6000314604B0BDE87040FFF7C0BEABB272467B
:100C7000039000930123A0472A460398F0E700BFA2
:100C80002DE9F04F85B0BDF93850BDF83C80002B00
:100C900043D0002D41D0002B1C4641DBB0F90C3075
:100CA0008B423ADD002D46DBB0F90EC0944534DDB1
:100CB00014FA81F61FFA81F906F1FF3E0FFA8EFE53
:100CC000BEF1000F29DB97B2BA462F44BB46013F65
:100CD0003FB2002F21DB002902DA34B24FF00009C5
:100CE000002A03DA0FFA8BF54FF0000A73452DDD69
:100CF000A3B2BC452FDDAAB200924946066852460F
:100D00000390766DB04704FB05F232B1414603987B
:100D100005B0BDE8F04FFFF769BE05B0BDE8F08F44
:100D20009CB20131B0F90C302144644209B224B2C2
:100D30008B42F2DDB6E7ADB20132B0F90EC02A4403
:100D40006D4212B22DB29445E7DDB1E7A3EB090481
:100D5000A3B224B2CDE7ACEB0A0C1FFA8CF20FFA67
:100D60008CF5C9E790F86820034642B190F96A20F3
:100D7000002A03DB826A036E13607047704700B578
:100D800083B0406BD3E90E120193FEF759FD019B2E
:100D900093F96A20002A02DB9A6A1B6E136003B083
:100DA00000BD00BF2DE9F0431C4685B01E460B1E5A
:100DB000BDF8307004DBB0F90C10994200DD14B9B5
:100DC00005B0BDE8F083002C05DAA1B201320A4477
:100DD000494212B20EB2B0F90E109142F0DD16FA8D
:100DE00082FE1FFA82F80EF1FF3C0FFA8CFCBCF178
:100DF000000FE5DB002A03DA0FFA8EF64FF0000849
:100E000061452BDD1FFA86F9044605460068204936
:100E100042698A4231D194F868202AB395F96A2050
:100E2000002A02DBAA6A296E116099B2CDF80090FF
:100E30004246446D01232846A04726B13246394632
:100E40002846FFF7D3FD2B682846124ADB6A9342F7
:100E500019D105B0BDE8F043FFF742BEA1EB080190
:100E60001FFA81F90EB2CFE704F13400039307C8EB
:100E7000FEF7E6FC2068039BD0E7204603939047EB
:100E80002068039BD1E705B0BDE8F043184700BFD9
:100E900061EB0100DDE801002DE9F043002A85B097
:100EA000BDF8307006DB1C461E46B0F90E3093428A
:100EB00000DD14B905B0BDE8F083002C154605DA55
:100EC000A3B2013119445B4209B21EB2B0F90C3031
:100ED0008B42EFDD16FA81FC1FFA81F90CF1FF322B
:100EE00012B2002AE6DB002903DA0FFA8CF64FF083
:100EF000000993422FDDB3B20446804600682249C0
:100F000042698A4235D194F868204AB398F96A2038
:100F1000002A04DBD8F82820D8F8601011604FF0C0
:100F2000010CAAB24946CDF800C0406D04464046C7
:100F3000A04726B1324639464046FFF757FDD8F85C
:100F400000304046114ADB6A934218D105B0BDE833
:100F5000F043FFF7C5BDA3EB090293B216B2CBE78E
:100F600004F13400039307C8FEF76AFC2068039B72
:100F7000CCE72046039390472068039BCFE705B05A
:100F8000BDE8F043184700BF61EB0100DDE8010058
:100F90002DE9F04F85B0BDF93850BDF83C80002BED
:100FA0005ED0002D5CD0002B1C465CDBB0F90C3011
:100FB0008B4255DD002D61DBB0F90EC094454FDD4D
:100FC00014FA81F61FFA81F906F1FF3E0FFA8EFE40
:100FD000BEF1000F44DB97B2BA462F44BB46013F37
:100FE0003FB2002F3CDB002902DA34B24FF0000997
:100FF000002A03DA0FFA8BF54FF0000A73454FDD34
:10100000A3B2BC4545DD1FFA85FB064607460068CE
:101010002F4942698A4255D196F86820002A44D067
:1010200097F96A20002A02DBBA6A396E11605246CB
:10103000CDF800B04946466D3846B04704FB05F28E
:101040001AB141463846FFF7D1FC3B683846214A81
:10105000DB6A934232D105B0BDE8F04FFFF740BDE7
:1010600005B0BDE8F08F9CB20131B0F90C302144DD
:10107000644209B224B28B42F2DD9BE7ADB2013289
:10108000B0F90EC02A446D4212B22DB29445E7DD8C
:1010900096E7ACEB0A0C1FFA8CFB0FFA8CF5B4E761
:1010A000A3EB090293B214B2ABE706F13400039349
:1010B00007C8FEF7C5FB3068039BB1E705B0BDE884
:1010C000F04F18473046039390473068039BAEE7D4
:1010D00061EB0100DDE8010070B582B012B209B227
:1010E00004469DF918509DF91C600193FFF786F89E
:1010F0001A481B4A1B4984F86B5062632A01019B02
:1011000000EB05152160002184F8696084F86A30DD
:101110008B4284F86810A4F8701082586167ED68FB
:10112000E166656602F1840502F18802C4E90B52AA
:101130000DDB1A0100EB031382582046DB6802F135
:10114000840588322366C4E9095202B070BD204686
:101150002166C4E9095202B070BD00BF7C46002080
:10116000B05100201040002070B5554B044690F956
:101170006A0082B0002914BF0E461E46154600289C
:1011800008DB0121C0B201F04FFB012194F86A0095
:1011900001F016FB012194F86B0001F045FB0121E1
:1011A00094F86B0001F00CFB94F86830D3B9290770
:1011B000606B25644CBF434B07236A07424A48BF14
:1011C00043F08043C4E90E63404B984218BF9042FD
:1011D0004FD03F4B98424CD094F96900002829DA4F
:1011E00002B070BD012B4CD094F85F30E26B002B45
:1011F00042D0636B4FF6FF700021108019800121EF
:1012000094F85D0001F010FB94F85D00012101F0FD
:10121000D7FA94F95E000028DEDB0121C0B201F0AC
:1012200003FB94F85E00012101F0CAFA94F9690009
:101230000028D5DB0121C0B201F0F6FA012194F8B3
:10124000690001F0BDFA642001F03AFA002194F837
:10125000690001F0B5FA642001F032FA94F86900EF
:10126000012101F0ADFAC82002B0BDE8704001F0E4
:1012700027BAFEF74FFCAFE7FF211160626B1360E6
:10128000BDE7194694F85400019301F0CDFA00210E
:1012900094F8540001F094FA019994F8560001F082
:1012A000C3FA94F85600002101F08AFA94F9550027
:1012B000002891DB0021C0B201F0B6FA8CE700BF34
:1012C0000024F4000700008000520020B0510020EC
:1012D0005052002090F8683043B9436B1A68516649
:1012E000D36D13F4F81FFBD0536F7047012B0BD055
:1012F00090F85F20436BF2B11980836C426D1A60E5
:10130000436C426D1A607047082310B40C06826C5F
:1013100003F1FF334FEA41014CBF846BC46B13F000
:10132000FF032260026CC46C1460426CC46C1460D5
:10133000ECD110BC70471960DFE700BF0368314A89
:101340005B69934270B504460D4656D190F86830FB
:10135000002B4DD094F96A30002B02DBA36A226E79
:101360001A60D5B194F87010236B2046626E1A6033
:10137000FFF7B0FF2368E26A616EDB6A1160224A00
:1013800093423CD194F96A30002B02DB636A226EEF
:101390001A6094F868301BB170BD94F87110E3E7DF
:1013A000626BD37C002BF7D0DD0704D5906A4FF039
:1013B000E021C1F800019C0704D5D06A4FF0E0217C
:1013C000C1F80401580704D5106B4FF0E021C1F8B3
:1013D0000801190704D5506B4FF0E021C1F80C014A
:1013E000DB06D9D5926B4FF0E023C3F8102170BD16
:1013F000343007C8FEF724FAACE79847B1E7BDE8F8
:101400007040184761EB0100DDE80100426E08B54D
:10141000036B1A60FFF75EFFC36A426E1A6008BD75
:1014200090F8683083B9436B0A0A1B685A66DA6D14
:1014300012F4F81FFBD0C9B25A6F5966DA6D12F474
:10144000F81FFBD05B6F7047012B0BD090F85F202B
:10145000436BF2B11980836C426D1A60436C426D2C
:101460001A607047102310B40C04826C03F1FF3330
:101470004FEA41014CBF846BC46B13F0FF03226041
:10148000026CC46C1460426CC46C1460ECD110BC6F
:101490007047C1F30F221A60836C426D1A60436C6F
:1014A000426D1A60436B1960D5E700BF002909DB64
:1014B00070B5B0F90CE082B08E4501DD002A02DA89
:1014C00002B070BD7047B0F90EE09645F8DD1E46DB
:1014D0000123044692B2009389B205686D6DA84756
:1014E0003146204602B0BDE87040FFF799BF00BF0B
:1014F000F0B51C460B1E85B005DBB0F90CE09E452F
:1015000001DD002A01DA05B0F0BDB0F90E109142FC
:10151000F9DDD0F800C016461D492746DCF8142036
:10152000044605468A4228D190F86820E2B195F930
:101530006A20002A02DBAA6A296E116099B201238F
:10154000B2B228460093DCF85440A04739462846FA
:10155000FFF766FF2B680F4ADB6A934213D105B091
:10156000BDE8F040FFF7BCBA3430039307C8FEF77C
:1015700067F9D4F800C0039BD9E703939047D4F8E8
:1015800000C0039BDAE705B0BDE8F040184700BF94
:1015900061EB0100DDE80100F8B51F4690F8683006
:1015A00004460D461646002B5DD094F96A30002B98
:1015B00002DBA36A226E1A60236B2946626E204604
:1015C0001A60FFF787FEE36A626E1A60C7B10025F2
:1015D00006E0013516F8011BFFF77CFEBD420FD077
:1015E00094F868302046022BF3D194F85F30002B3A
:1015F000EFD0013536F8021BFFF712FFBD42EFD1E5
:1016000094F96A30002B02DB636A226E1A6094F848
:10161000683003B1F8BD626BD37C002BFAD0DD07D4
:1016200004D5906A4FF0E021C1F800019C0704D571
:10163000D06A4FF0E021C1F80401580704D5106BBF
:101640004FF0E021C1F80801190704D5506B4FF0A5
:10165000E021C1F80C01DB06DCD5926B4FF0E023F2
:10166000C3F81021F8BD343007C8FEF7E9F89CE74D
:101670002DE9F041984690F8683004460D4617462B
:10168000002B3AD094F96A30002B02DBA36A226E59
:101690001A60236B2946626E20461A60FFF71AFE15
:1016A000E36A626E1A60B8F1000F1AD0002607E0F4
:1016B000013615F8011BFFF70DFE46452F4610D0E9
:1016C00094F868303D462046022BF1D194F85F3003
:1016D000002BEDD0013637F8021BFFF7A1FE46457F
:1016E000EED194F96A30002B02DB636A226E1A6035
:1016F00094F8683033B1BDE8F081343007C8FEF7A4
:101700009FF8BFE7626BD37C002BF4D0DD0704D5D4
:10171000906A4FF0E021C1F800019C0704D5D06A1F
:101720004FF0E021C1F80401580704D5106B4FF0C9
:10173000E021C1F80801190704D5506B4FF0E021F2
:10174000C1F80C01DB06D6D5926B4FF0E023C3F84D
:101750001021D0E790F8683003BB436B0A0E1B687A
:101760005A66DA6D12F4F81FFBD0C1F30742586FC6
:101770005A66DA6D12F4F81FFBD0C1F30722586FD6
:101780005A66DA6D12F4F81FFBD0C9B25A6F596667
:10179000DA6D12F4F81FFBD05B6F7047012B10B4A9
:1017A00019D090F85FC00B0C426BBCF1000F28D031
:1017B000D0F848C01380436DCCF80030436C426DC4
:1017C0001A60436B1980836C426D1A60436C426DE2
:1017D00010BC1A60704720230029826C03F1FF338C
:1017E0004FEA4101B4BF846BC46B13F0FF03226066
:1017F000026CC46C1460426CC46C1460ECD110BCFC
:1018000070474FEA116CC2F800C0826C446D1460DE
:10181000426C446D14600A0A446B2360836C446D0F
:101820001C60436C446D1C60436B1A60836C426D9A
:101830001A60436C426D1A60436B1960C3E700BFC6
:1018400001F003010023B0F97E20022900B583B026
:1018500081768DF80730B0F9803028D0032917D071
:1018600001292FD04FF0C00C90F87810C38190F868
:10187000793082818DF807C0A0F86C10A0F86E3026
:1018800001230DF107023621FFF786FE03B000BDEC
:101890004FF0600C90F87C10838190F87830C28112
:1018A0008DF807C0A0F86C10A0F86E30E8E790F84B
:1018B0007BC090F87C108281C381A0F86CC0A0F836
:1018C0006E10DDE74FF0A00C90F87910838190F84E
:1018D0007B30C2818DF807C0A0F86C10A0F86E3084
:1018E000CEE700BF10B59C4682B004460B4600927E
:1018F000F0214FF4A072CDF804C000F0EFF8044AD4
:101900004FF0000320462260A4F87B3002B010BDE7
:101910007040002030B585B00D4680F87A30002147
:101920000192044600F01CF9019AF02DA2F1F00397
:10193000B3FA83F34FEA53132ED16BB34FF0000188
:101940004FF4A043A4F87B10A4F87830A4F88020CA
:1019500020462749A4F87E5000F0DAF82368254A8B
:101960001B6B93423DD194F879300022D4F87E006D
:10197000C02194F878508DF80F103621A2760DF121
:101980000F02A4F86E300123E0602046A4F86C50EA
:10199000FFF702FE05B030BD872D09D143B142F6F5
:1019A000350142F63403A4F87810A4F87B30CDE773
:1019B000D2F5A0734FF0000048BF0133D5F1F0011C
:1019C00048BF0131C3F34703C1F3470184F87930BD
:1019D00061F3070084F8781063F30F20A4F87B000C
:1019E000B4E70021204605B0BDE83040184700BFED
:1019F000182000603DF60100064B42F2210200294A
:101A000018BF0B46A0F8702090F87A20194643675B
:101A1000FFF7AABB0048E801B0F86CC0614489B286
:101A20000B44013B70B543EA0145B0F86E30044603
:101A30002A211A44BDF8103092B21344013B43EA04
:101A40000246FFF7E3FC29462046FFF783FE2046C7
:101A50002B21FFF7DBFC31462046FFF77BFE2046BB
:101A60002C21BDE87040FFF7D1BC00BF01F003019D
:101A7000002390F87820022990F879C000B583B04F
:101A800081768DF807301CD0032911D001291DD093
:101A900062F30F03C0216CF31F438DF80710C36678
:101AA00001230DF107023621FFF776FD03B000BDDB
:101AB0006CF30F03602162F31F438DF80710C366B8
:101AC000EEE7A0F86C20A0F86EC0E9E7A023A0F82C
:101AD0006E20A0F86CC08DF80730E1E710B582B039
:101AE00004469DF910C0CDF800C09DF914C0CDF892
:101AF00004C0FFF7F1FA0023044A2046A4F8783026
:101B000084F87A30226002B010BD00BFD0400020BF
:101B10002DE9F8430D7805B307464C1C013D94F8B8
:101B2000019004F102082178384609F07F06424608
:101B3000334608EB0604FFF79BFD19F0800F08D031
:101B400018F806000134FF2808BF4FF4FA7000F0BF
:101B5000B7FD013DEDB2FF2DE1D1BDE8F88300BF37
:101B600038B5036804460D4A0D461B6D934211D1EA
:101B70000B4942F2210390F87A204167A0F87030B7
:101B8000FFF7F2FA2DB129462046BDE83840FFF7AD
:101B9000BFBF38BD00219847F4E700BFF5F701004B
:101BA0000048E801EFF3108272B6437F33B9017F3A
:101BB000012907D0032911D0012343770AB962B65E
:101BC00070477047DFF868C0DCF80010F9B11649BB
:101BD00043610B68086083615861EDE700B5DFF889
:101BE00054E01249DEF800C0BCF1000F16D043618A
:101BF0000B68836158614FF0E0234FF0805C086010
:101C0000C3F804CD0123437702B962B600BD064B89
:101C1000CCF800001860C0E90511CDE7C0E905CC9B
:101C2000CEF80000E7E700BF78BC002070BC0020C1
:101C30006CBC002074BC002070B5EFF3108272B64B
:101C40000C4C206880B10C4E00254369236073B1B1
:101C50009D6102B962B6836845779847EFF31082B9
:101C600072B620680028F0D102B962B670BD336048
:101C7000EFE700BF74BC002070BC0020FFF7DCBFA2
:101C80000449054A4968054B19601368013313601C
:101C9000704700BF001000E0C0C50020BCC5002098
:101CA000014803F0B7BA00BFB0520020F8B50C46A7
:101CB00071B182B106468F1800253368304614F89A
:101CC000011B1B689847BC420544F6D12846F8BD65
:101CD0000D462846F8BD1546F8E700BF012A70B545
:101CE00008BF0A228AB005461E4659B34FF0210CA0
:101CF00001E05FFA84FC0CF1FF34B1FBF2F302FB6C
:101D0000131EBEF1090F0EF1370098BF0EF130001F
:101D10000DEB0C0E914219468EF80400E9D23EB14B
:101D20000CF1FF3C2D225FFA8CFC0DEB0C031A71B9
:101D30002B6801A9CCF1220228465B6861449847D0
:101D40000AB070BD30234FF0210C8DF82530E6E746
:101D5000002903DB00230A22FFF7C0BF49422D23DD
:101D60000A22FFF7BBBF00BF00B5036883B040F68F
:101D70000D2C022201A95B68ADF804C0984703B09E
:101D800000BD00BF044B022888BF0346D3F800C043
:101D90001846DCF804301847A05200200EB400B5F5
:101DA00082B003AA52F8041B019206F07FFB02B036
:101DB0005DF804EB03B070471AB90368C9B21B6839
:101DC0001847FFF78BBF00BF00000000B4EE400BC8
:101DD00070B5F1EE10FA86B0864680F18280B0EEE2
:101DE000C07B9FED486BB4EE467BF1EE10FA6CDCE5
:101DF0009FED467BB4EEC70BF1EE10FA5CDC9FED75
:101E0000457BB4EEC70BF1EE10FA55D4B5EEC00B1E
:101E1000F1EE10FA61D40023B6EE007B002964D005
:101E20004FF0000C9FED3D6B0CF1010C27EE067B93
:101E30006145F9D130EE070B0C460A227046764612
:101E4000FCEEC07BB8EE676B17EE901A30EE460BD7
:101E50008DED000BFFF742FF0F2C21464FF02E03B4
:101E600028BF0F2105468DF808300DF10903481EE3
:101E7000B2EE046B02AA53FA80F09DED000B20EE47
:101E8000060BFCEEC07BCDED007A9DF8003007EE2E
:101E9000903A3033B8EEE77B02F8013F904230EEE3
:101EA000470BECD133684A1C304602A95B68D2B2BA
:101EB0009847284606B070BDDEF800300322194965
:101EC0005B6806B0BDE870401847036803221649F6
:101ED0005B6806B0BDE870401847B1EE400B0123C7
:101EE0009AE7036803221149EAE730EE070B0A225A
:101EF0007046FCEEC07B17EE901A06B0BDE870404D
:101F0000FFF7ECBEFFFFFFFFFFFFEF7F000000E0E9
:101F1000FFFFEF41000000E0FFFFEFC19A999999A0
:101F20009999B93FCC350020C8350020C435002030
:101F300008B1014B18607047F0BA0020884200DBFE
:101F40007047DFF86CC0091ADCF8003003B3164A9A
:101F500000B582FB032EDA179E44C2EB2E42DFF857
:101F600054E00EFB1233DFF850E00EFB02F244F2B5
:101F7000A71E0EFB0322002A13DA6FF00043D318CA
:101F8000CCF80030B3FBF1F201FB1233184400BD72
:101F9000064BB3FBF1F2CCF8003001FB12331844CE
:101FA00070471346ECE700BF5F0B4E8342CE0C1F19
:101FB000F0BA00201DF30100ECF4FFFF0022C0E99D
:101FC0000022826061B110B582B000900846019194
:101FD00006F0D8FE009B044618B9184602B010BDA2
:101FE0007047013004F03EFB009B0028F5D0002232
:101FF000019918600270C3E9014406F003FE009BDA
:10200000184602B010BD00BF70B50446002582B06E
:102010000E46C0E900550846A56006F0B3FE10B9AB
:10202000204602B070BD03460130019304F01AFB54
:102030000028F5D0019B314605702060C4E90133CA
:1020400006F0E0FD204602B070BD00BF10B50446AA
:10205000006804F00FFB204610BD00BF30B51446E9
:1020600083B00346026834B902B1147000221846E6
:102070009A6003B030BD0D4641688C420DD9009086
:10208000611C104604F0E0FD009B024678B199689F
:10209000C3E9000409B901701A689C60294610461A
:1020A000009306F0AFFD009B184603B030BD1868E2
:1020B00030B1CDE9002304F0DDFADDE900231A6038
:1020C00000221846C3E9012203B030BD10B5044612
:1020D00082B059B10846019106F054FE01990246BA
:1020E0002046FFF7BBFF204602B010BD81602046AE
:1020F00002B010BD03468068F0B50C46196883B085
:102100008518A14204D9002A34D1184603B0F0BD85
:102110000844A04227D9002AF7D05E68B54219D9F1
:10212000671A01260846691CCDE9003204F08CFDCF
:10213000009B84460028E8D0019AC3E9000598680E
:1021400020B98CF80000D3F800C098686044AEB1A4
:102150000CEB07042146009300F062FE009B002177
:102160001A6851550FE0002ACFD05E68B54205D9F4
:102170000026D7E75E68B542FAD8084421460093A6
:1021800006F040FD009B18469D6003B0F0BD00BF07
:1021900010B582B00023044601228DF8041001A975
:1021A0008DF80530FFF7A6FF204602B010BD00BF36
:1021B000826808B53AB1006859B106F0B3FBB0FACD
:1021C00080F0400908BD49B10878B0FA80F04009B4
:1021D00008BD0078B0FA80F0400908BD012008BDB4
:1021E0008A6808B58368934209D3006830B10968EA
:1021F00039B106F077FAB0FA80F0400908BD002046
:1022000008BD084608BD00BF83688B4203D900683B
:1022100008B108447047024B002218461A707047F4
:1022200033C7002070B50D46896882B004469142DC
:1022300002D30B4611461A460020C4E90100AB68E0
:1022400020608B4215D3934228BF13462A68D65C80
:10225000D0542A6851180FD008460193009106F017
:1022600091FD009902462046FFF7F8FE2A68019B7F
:10227000D654204602B070BDA160D654F9E700BF25
:102280002DE9F04107680646E7B18468D4B1B84645
:10229000454618F8010B05F073FF0028F8D1013C02
:1022A0003C4402E0A54205D8013C207805F068FFD7
:1022B0000028F7D1621CAF42A2EB0502B26004D342
:1022C0000023BB543046BDE8F0813846294600F073
:1022D000A7FD3768B268F3E7006808B104F082B977
:1022E000704700BF006810B1002105F03FBE9FEDB0
:1022F000010A7047000000002A284AD8264B70B512
:102300001B780646E3B9254B9B5DFF2B2AD0244A58
:1023100002EB061291680A6802F44050B0F5805F43
:1023200031D01C0620D41F4C2360236AD80704D464
:1023300002F03AFC236AD907FAD51A4B586A70BDE5
:10234000184C194D01E002F02FFCA36C1B06FAD4C7
:10235000AB6C13F08003F6D10F4A13700F4B9B5DEB
:10236000FF2BD4D1002070BD0F4C03F07F032360FE
:10237000236ADA0704D402F017FC236ADB07FAD5D4
:10238000094B586A70BD22F480521C060A60EBD4D7
:10239000C9E70020704700BF35C70020804A0020F1
:1023A0007C46002000400C4000800C40A94AAA4B0B
:1023B00090422DE9F047A94CD3F814E09969D4F87C
:1023C0000CC000F2088103F1437303F5F4530333A7
:1023D000A3FB0023DB0D03EB830303EB830202F279
:1023E000B63240F227639A4228BF1A469C4BA3FBA1
:1023F0000232D208203A984D0CF01F04D5F88030F4
:10240000944243F0C003C5F880300BD22CF01F0C6F
:10241000924C4CEA020CC4F80CC02368002BFCDA86
:102420000CF01F041EF0007327D18E4D2E698E4DC7
:10243000B54300F0FA8081F4805576464FF480571A
:1024400016F0605F06D02EF0605E4EEA030E824BFF
:10245000C3F814E015F4405F07D021F440517E4DDD
:102460003943A961AB6C1B07FCD44EF0007E7A495E
:10247000C1F814E08B6C9F06FCD47C49884200F2C2
:10248000DF80012635460EE0082D0CD1042E00F227
:1024900091800136022506FB00F38B4200F2C380D7
:1024A0005B008B4206D8013506FB05F300FB03F306
:1024B0008B42E9D9771E05F1FF384FEA872A8EEA69
:1024C00087276B4959186B4B99427CD9DFF8E49107
:1024D0006C2369486349B0FBF5F0684DB0FBF6F03A
:1024E0000E6835404D4508D043F400534FF48055F5
:1024F0000D600B600B68002BFCDA57490B6903F089
:102500000703434504D0C1F810808B6CDE03FCD474
:1025100017F4E05F0BD02EF4E05E0AF4E0534E496E
:1025200043EA0E0EC1F814E08B6C9D07FCD4544DA9
:10253000544945198D4239D8534BED09A3FB053554
:102540002D0B6B1E1B028EEA030111F4407F07D096
:102550002EF4407E03F440733F4943EA0E034B617F
:102560003D494B6923F000734B618B6C9B06FCD497
:10257000464BA242A3FB00134FF0FF314FEA9343B7
:10258000B0FBF5F5B1FBF3F34149086041490D603B
:1025900041490B6008D22CF01F0C30494CEA020272
:1025A000CA600B68002BFCDABDE8F0874FF440737B
:1025B0000425C8E7771E2E494FF007084FEA872AFF
:1025C00059188EEA8727294B99421CD8DFF8E890E2
:1025D000362332487EE7324B984201D80E220AE772
:1025E000304B984228D9304A904227D9821A2F4B33
:1025F000120AA3FB0232D20902EB820202EB820230
:1026000002F2E242EDE6A3F182532948DFF8AC90F2
:10261000A3F589337E3BA3FB01310B0D03FB00F0D7
:1026200043EA090956E7012544E71F468EF0C056E4
:102630000D464FF0C05303E70F22DCE61222DAE624
:10264000012603464FF0000A77464FF00008354652
:1026500037E700BF001C4E0E00C00F4000000840CE
:102660001F85EB5100800D4040300080FFB19F2658
:10267000808D5B00FF7EF64D00643F4D7F30018012
:102680007FD1F0087F17B42C9F10E50083DE1B4339
:10269000AC510020A851002038C5002000B29F2670
:1026A000FF0A6B1B00A4781F0046C32323B24C0013
:1026B000001BB7006C2000803620008000200080C6
:1026C00000B970472DE9F84F01218146224C234E75
:1026D000234D54E8003F3268286844E80013002B7B
:1026E000F7D120494B684FF47A7BDFF87CA01B1AA6
:1026F00001270BFB02F8DAF80020A2FB03235B455D
:1027000094BF9844D84454E8003F3268286844E8AD
:102710000073002BF7D14B68DAF800C01B1A0BFBD3
:1027200002F2ACFB03C3B3F57A7F94BFD21802F573
:102730007A72A2EB0802B2F57A7F08D3B9F1010FE1
:1027400008F57A7809F1FF39DDD1BDE8F88F02F09C
:102750002BFA0449D7E700BFC4C50020C0C500203C
:10276000BCC50020001000E038C5002010B50F4B9C
:102770004FF0010C0E4CDFF844E053E8002F2068C6
:10278000DEF8001043E800C2002AF6D1094B5B686E
:10279000094A5B1A4FF47A71126801FB00F0A2FB40
:1027A00003238B4294BFC018401810BDC4C500203D
:1027B000C0C50020001000E038C50020BCC50020C6
:1027C000362812D802010C4B03EB00109B58C2684C
:1027D000D3F804C01CEA020F03D039B1C3F8842037
:1027E0007047836829B9054A1A607047C3F8882082
:1027F0007047034A1A6070477C4600203830010059
:1028000038F0010036280BD8064B020103EB00100C
:102810009A58C36892681A4214BF0120002070477A
:10282000002070477C460020362831D802011B4B1F
:10283000012903EB00109B5800B55A68D0E902EC5F
:1028400012D0042910D022EA0C025A60C9B1022920
:102850001FD003294FF015020CBF114B114BCEF8BE
:10286000003043681A6000BD42EA0C0201295A6038
:1028700007D040F63803CEF80030436815221A60BE
:1028800000BD38231522CEF8003043681A6000BD21
:102890007047054BCEF80030EFE700BF7C460020C4
:1028A000383001003800010038F0010010B4134A3C
:1028B0000020134B0121134CDFF84CC0C2F8F0325A
:1028C000C2F8F402C2F8B810C2F8A000C2F8A440DE
:1028D000C2F8B0105369DB07FCD551619CF8003099
:1028E000DB07EFD41368054943F0010313600B685D
:1028F000DB07FCD462B610BC704700BF00802A40E2
:102900000504012401000F0000812A4010B5DFF802
:1029100040E04FF6FF7C0C480EF17E04A0F580539A
:10292000002203E0834202F1010203D2198802333C
:102930006145F7D12EF8022FA64500F58050EDD164
:10294000024B01221A7010BD00107C603BC70020B2
:102950003AC5002041F2BB03984238D81D4B10B550
:102960001B7882B05BB382081B4BDFF874C0A3FBFB
:102970000213D11A03EB510318495B09C3EB831E01
:102980001C46A2EB0E033CF813C059184FEA4C0C3E
:102990000A030CEB013CBCEB013F15D900F0030E20
:1029A000FF204EEA840E134602321B88D9B21B0A5E
:1029B0008E4508BF18469445F5D802B010BD019069
:1029C000FFF7A4FF0198CEE7FF2002B010BDFF2063
:1029D000704700BF3BC7002005411004C007060038
:1029E0003CC5002030B583B072B6334B40F206458B
:1029F000324C9C610224DC610024C3F8A040C3F87F
:102A0000F0528518C3F8F442C3F8F842C3F8FC4208
:102A10004FF47024C3F8A4400124C3F8B04020F060
:102A20001F03BFF34F8F4FF0E024C4F85C3F203307
:102A30009D42FAD8BFF34F8FBFF36F8F1E4D6B6966
:102A4000DC07FCD50123DFF87CC094B220F07F4086
:102A50006B6144F47024C5F8F0C242F2012CC5F851
:102A6000F4C2C5F8BC30C5F8A000C5F8A440124CAB
:102A7000C5F8B03001E05B060AD4636913F00105C4
:102A8000F9D04123636103B0BDE83040FFF70EBFCA
:102A9000082A0DD842B10A48CDE9001200F0C0F969
:102AA000DDE9001211442A46034B40205861E4E757
:102AB000A2F108050822EEE700802A40F05AF05AF9
:102AC00080812A403204180800B5864672B6294B28
:102AD00002212948002298614FF47020D96140F208
:102AE0000641C3F8F0120121C3F8F422C3F8F8221A
:102AF000C3F8FC22C3F8A020204AC3F8A4000EEAC1
:102B00000202C3F8B010BFF34F8F02F1200302F5A9
:102B100080514FF0E02C8B422CBF0121802102EB31
:102B200041118B42CCF85C2F1A4603F12003F8D1F7
:102B3000BFF34F8FBFF36F8F0E4A5369D907FCD590
:102B400001200F490F4B4FF4702C50610EEA030324
:102B5000C2F8F0120749C2F8A030C2F8A4C0C2F807
:102B6000B0004B69DB07FCD501235DF804EB4B613A
:102B7000FFF79CBE00802A40F05AF05A00F0FFFF99
:102B80002004180800F0FF0041F2BB03984200F255
:102B90008E80484B2DE9F0471B78C2B00E460546A3
:102BA000002B00F08180AB08434F05F00305A7FB25
:102BB0000327DA1B07EB5207404A7F0945EA8705DE
:102BC000C7EB8717DF1B3E4B32F81740FB1860003E
:102BD0004FEA033800EB0330B0EB033F68D94246BD
:102BE000FF21134602321B885FFA83FC1B0AAC45A7
:102BF00008BF19468242F4D38E4244D0B4F5006F28
:102C000044D302AC4FF48072FF21204605F026FD2C
:102C100008F1020208F580532A48934294BF012329
:102C20004FF40063424603EBC723181840001346D5
:102C300002321B888242D9B24FEA13236354F6D181
:102C40000DF1070966550DF2071A00254C4640465E
:102C5000FFF73AFF14F801CF02220DF1060108EB4D
:102C60004500631EBCF1FF0FA3EB090306D043EA46
:102C70000C230135ADF80630FFF7B4FE5445E9D119
:102C80000E4B23F8175042B0BDE8F08702A945EA81
:102C90000625022201340D80FFF7A4FE074B23F81E
:102CA000174042B0BDE8F087FFF730FE7BE7704782
:102CB000FF21A1E73BC70020054110043CC50020CF
:102CC000C007060000003E3062B170B505460C46F4
:102CD0008E182046013415F8011BFFF755FFA64258
:102CE000F7D170BD704700BF704700BF36285CD871
:102CF000DFF808C1000170B55CF80030DFF800E1D2
:102D000073455BD052D8B3F1844F55D0AEF5804EA9
:102D1000734549D1344E6044344CDFF8E8C0C4F800
:102D2000B4C2D0E9015CC0684FF0E02E4FF000540F
:102D3000042ACEF8104137D8D3F814E02EEA000E5A
:102D4000C3F814E04FF0050EC5F800E0DCF800E031
:102D50004EF4803ECCF800E0D3F804C02CEA000C1E
:102D6000C3F804C0DFF8A0C05CF822C090FAA0F25B
:102D7000B2FA82F246F8221022D0D9690F2A21EA4B
:102D80000001D96120DC52004FF0030ED9680CFA23
:102D900002FC0EFA02F221EA020242EA0C02DA60B6
:102DA00098615A6902435A6170BD7047DFF85CE070
:102DB0007345F9D10E4EAEE70E4EACE70E4EAAE7C4
:102DC000DA690243DA61EBE7103A4FF0030E196952
:102DD00052000CFA02FC0EFA02F221EA020242EA66
:102DE0000C021A61DCE700BF20570020005C0020C5
:102DF00020580020A0560020A05700207C4600202C
:102E000000800042210000009C0B002000C0004216
:102E100008B5F4F713FEF5F78BF901F0C5FEFAE7F4
:102E2000844641EA000313F003036DD1403A41D3D5
:102E300051F8043B40F8043B51F8043B40F8043B94
:102E400051F8043B40F8043B51F8043B40F8043B84
:102E500051F8043B40F8043B51F8043B40F8043B74
:102E600051F8043B40F8043B51F8043B40F8043B64
:102E700051F8043B40F8043B51F8043B40F8043B54
:102E800051F8043B40F8043B51F8043B40F8043B44
:102E900051F8043B40F8043B51F8043B40F8043B34
:102EA00051F8043B40F8043B51F8043B40F8043B24
:102EB000403ABDD2303211D351F8043B40F8043BC4
:102EC00051F8043B40F8043B51F8043B40F8043B04
:102ED00051F8043B40F8043B103AEDD20C3205D3D4
:102EE00051F8043B40F8043B043AF9D2043208D0CC
:102EF000D2071CBF11F8013B00F8013B01D30B883E
:102F000003806046704700BF082A13D38B078DD01B
:102F100010F003038AD0C3F10403D21ADB071CBFED
:102F200011F8013B00F8013B80D331F8023B20F857
:102F3000023B7BE7043AD9D3013A11F8013B00F890
:102F4000013BF9D20B7803704B7843708B78837018
:102F50006046704701F1FF3C70B566464FF0000EC9
:102F600001E00EF1010EB0FBF2F402FB1403092B99
:102F700003F1370598BF03F130059042204606F86B
:102F8000015FEED201EB0E0300225A70BEF1000F7A
:102F900011D0481C70440CF102021CF8014F10F8CB
:102FA000015DA1EB0C03521A8CF80050013B047038
:102FB00073449A42EFDB084670BD00BF72B6EFF370
:102FC0000583524CC4F884301EF0040F0CBFEFF39D
:102FD0000882EFF309824FF0E0234D4DD3F8280D1E
:102FE000D3F82C1DC4E92201D3F8341DD3F8383DA1
:102FF000C4E924139369A83444F8103CD36944F815
:103000000C3C00F0CFF804ED020A02F057FA0B2353
:1030100044F8040C4FF0FF323E4844F8283C2B683B
:10302000202104355A4042F30003013903EA00032A
:1030300083EA5202F7D1A542F1D1344BC3F8A8205C
:10304000BFF34F8F4FF0E0233149334AC3F8701F6D
:10305000C3F8702FBFF34F8FBFF36F8F2F4A022437
:103060002F48D36E2F4943F44053D3660460D3698D
:103070002D4823F07F0343F04003D3610B68834264
:1030800040D8274D00204FF0E0234FF0FF3228605A
:103090000121C5F8080125480C460E46C5F8000177
:1030A000C5F80811C3F88021C3F88421C3F888212A
:1030B000C3F88C21C3F8902101E000F0CFF9D5F8D6
:1030C0000C31002BF9D04F2CC5F80C6104F1010430
:1030D000F3D9174B022017494FF00042C1F84001C5
:1030E0005A63D5F80C313BB9134814490C4A0163B3
:1030F000D2F80C31002BFAD04FF0E023104AC3F87D
:103100000C2DFEE7FFF752F9BBE700BF00FF2720B9
:1031100080FF27202083B8EDA0FF272000C00F40AC
:1031200000400840AC510020803DCD0B009F2400A2
:1031300000900D4000002E4000800F40F100AD0BCC
:103140000400FA05094A08B50346106823B1034490
:1031500007498B4201D8136008BD05F0A1FB0C2282
:1031600003464FF0FF301A6008BD00BF0454002032
:1031700000002820002070474FF0FF30704700BF4C
:103180004FF4005300204B60704700BF0120704790
:103190004FF0FF30704700BF30BFFDE730BFFDE7A5
:1031A000FFF70CBF124AD2F880305B07FBD5D2F88C
:1031B00080301048C3F30B230F4990ED007A07EEDF
:1031C000903A91ED006AB8EE477A0C4AF8EEE77A49
:1031D0000B4BD2ED006A77EEC77A93ED007AB8EE2A
:1031E000477A67EE867A87EEA60A37EE400A70477E
:1031F00000810D4028C5002030C5002034C50020C6
:103200002CC5002000B521BBDFF8ACC0264B002A3E
:103210004FF0010048F2800108BF8021CCF848300F
:103220001860002059601204CCF84C004FF0011CCB
:103230001E499860C1F8BCC1D1F8B0311C4843F4B4
:103240008033C1F8B0310260D1F8B031002BFBD12E
:1032500000BD0904174B4FF0010C4FF0000E41F078
:1032600080019860C3F800C0596000F58051DFF814
:1032700048C0D96000F50051CCF80CE0196100F5A8
:10328000405100F58040CCF80830596107499861F9
:10329000D1F8B03143F00103C1F8B031D1F8B03109
:1032A000002BFBD1B2E700BF2064002000002E40BD
:1032B00034C200204064002000000020836B70B501
:1032C00086460E4610461BB1536843F400435360D4
:1032D00072B6DEF8342042B31B4B1060D3F8B02135
:1032E00032421ED1194C656805E06268A2EB050CFC
:1032F000BCF5166F0BD2D3F8402142F48042C3F8DC
:103300004021D3F8B811D3F840215204EDD5314013
:1033100007D10D4ACEE90201D2F8B0313343C2F8E9
:10332000B031CEF8340062B670BD0749CEE9020272
:10333000D1F8B0313343C1F8B031CEF83000CEF817
:10334000340062B670BD00BF00002E40001000E0E7
:1033500070B5056B95B12B46002403E01B68013462
:10336000012B0CD05A681206F8D5036306462CB11F
:103370002846B36B2D689847013CF9D170BD0022F7
:103380000023C0E90C23F1E700B501BBDFF8A0C0C2
:10339000234B0021234A4FF0010E4FF0011099609A
:1033A000C3F800E0CCE902314FF0800CC3F804C050
:1033B000C2F8BC01D2F8B0311B4843EA0E03C2F890
:1033C000B0310160D2F8B031002BFBD100BD09044F
:1033D000164BDFF85CC04FF0010E41F080019860A1
:1033E000104A596000F58051C3F800E0D96000F53B
:1033F0000051CCF84830196100F5405100F580408B
:10340000596100219861CCF84C10D2F8B03143F4E6
:103410008033C2F8B031D2F8B031002BFBD1B7E71E
:103420002064002000002E4034C2002040640020B0
:1034300000000020074901220B78824023EA0203A2
:103440000B7033B9044AD2F8483123F08003C2F834
:103450004831704740C7002000002E402DE9F0475A
:10346000AC4C82B0D4F84461F507C4F8446150D53F
:10347000D4F8AC31002B47D0A74D4FF00117DFF83F
:10348000C082DFF8C092C4F8AC31D5E90A02D4F8A2
:10349000403143F40053C4F84031D4F8403199042A
:1034A000F5D5D4F8403123F40053C4F84031C4F8C2
:1034B000B471D4F8B43113F00113FAD11FFA80FCBF
:1034C000C8F80030BCF5086F00F0558100F29A8012
:1034D00040F202318C4500F0AA8100F2AA80BCF1D2
:1034E000820F00F0FA81BCF5817F00F0CB81BCF146
:1034F000800F40F09B80894802210380FFF744FF42
:10350000D4F8AC31002BBED1824BD3F8BC41002C97
:1035100042D1700616D57F4BD3F8AC21C3F8AC214D
:10352000D3F8BC21C3F8BC21D3F8B041002CFBD1A7
:103530004FF0FF32C3F8B421D3F8843101F03CF9E5
:10354000774B1C60F40103D5764B1B6803B1984799
:10355000B00103D5744B1B6803B19847710708D5B8
:103560006C4BD3F8843113F4007348D06F4B0122B5
:103570001A70684BD3F848311A060AD5330608D5B5
:103580006B4A13782BB1013BDBB21370002B00F0B8
:103590003A8202B0BDE8F087DFF8A481C3F8BC41ED
:1035A000D8F80020144240F0AE815D4B1B681C40EF
:1035B000AFD01FFA84F8584D240C11D04FF00109F8
:1035C00094FAA4F7B7FA87F705EBC71009FA07F7DB
:1035D0004030FFF7BDFEBC43F2D1B8F1000F98D0E8
:1035E000012798FAA8F4B4FA84F405EBC41007FA9A
:1035F00004F4FFF7ADFE38EA0408F2D189E74B4A3C
:103600001370B6E742F221018C4500F09D805FD82F
:10361000BCF5106F00F0B78040F621139C4505D132
:10362000B2F5102F4FEA1241C0F0A381C4F8C07167
:1036300066E7BCF5A06F00F0DC80ACF5D06CBCF1A7
:10364000010FF3D83B4B59680029EFD0000C1FFA4B
:1036500082FE03E019690C330029E7D0B3F800C0FB
:103660008445F7D1B3F802C0F445F3D14FEA102CEA
:10367000120CBCF1030F00F087811B899A4228BF0E
:103680001A46B0F5007F40F0A781284B1B78002B2D
:1036900040F0B581284929480192FFF7C1FBDFF8C6
:1036A0009CA0019A2AF01F030AEB0201BFF34F8F7F
:1036B0004FF0E020C0F8703F20339942FAD8BFF3B2
:1036C0004F8FBFF36F8F1D481146FFF75DFE17E761
:1036D00042F221239C4543D042F221339C45A5D19F
:1036E0000023C5F84890EB64C9F808300123C9F8F5
:1036F00000308023C9F80430C4F8BC71D4F8B0316C
:1037000043F48033C4F8B031D4F8B031002BFBD18E
:10371000F6E600BF00002E4000000020F0C40020AC
:1037200038C20020E8C60020ECC600204CC70020AC
:103730004EC70020AC4A00209820006000002020E6
:1037400034C2002020640020110C07297FF46EAFE2
:10375000AF4BC3E900020122AE48FFF753FDCFE6AD
:1037600092B2002ABCD1AC4B000C1A68AB4B1A6069
:10377000AB4B1870B4E7AB4B0121AB481B7803701F
:10378000FFF702FEBCE6000CA649A84A08704FF0FD
:10379000C8110193C4F8C821C4F8CC11C4F8D021D1
:1037A000C4F8D421C4F8D821C4F8DC2101F006F80B
:1037B00000F082FB00F0CCFD00F042FA9C4A0121AF
:1037C000019BAA6411608021936051604FF0011247
:1037D000EB64C4F8BC21D4F8B02142F48032C4F8C0
:1037E000B021944AC8F80030D2F8B031002BFBD198
:1037F00086E68F4AEB6493600123AA6413608023FA
:1038000053604FF001138B4AC4F8BC31D4F8B03187
:1038100043F48033C4F8B031D2F8B031002BFBD17F
:10382000030C5B0643F08073C2F8543168E612F073
:10383000780F7FF4FBAE02F07F017F4B12F0800F18
:1038400053F8212014BF42F4803242F0010243F8C1
:1038500021200021764BE96499600121AB64196055
:103860008021744A59604FF00113C2F8BC31D2F87C
:10387000B03143F48033C2F8B031D2F8B031002B0C
:10388000FBD13DE612F0780F7FF4D0AE02F07F015D
:10389000694B12F0800F53F8212014BF22F48032BC
:1038A00022F0010243F821200021614BE964996074
:1038B0000121AB64196080215E4A59604FF0011309
:1038C000C2F8BC31D2F8B03143F48033C2F8B03121
:1038D000D2F8B031002BFBD112E612F078037FF45E
:1038E000A5AE554902F07F0051F820004E490B80EB
:1038F00013063BD5C20301D501230B7002214A48B0
:10390000FFF742FDFCE50022414942F22100C8F8E0
:103910000020D1E9002591B281423AD0474B9A422A
:103920007FF443AE464B9D427FF43FAE394A0021BF
:10393000444B1278444D1A7001233D4A1360802392
:10394000916053603B4BC5E902214FF00112C3F86F
:10395000BC21D3F8B02142F00102C3F8B021C8F86D
:103960000010D3F8B021002AFBD11EE6C307C5D54D
:10397000C2E7274BC3E90002264AE9231046137029
:103980000122FFF73FFCBBE50B789A4228BF1A469D
:1039900081E6A9B20029C1D11E492C4F03C9B980C3
:1039A00086284FEA11413860B971B7D172B62848FC
:1039B000017841F040010170D3F848110F0606D498
:1039C00041F080018020C3F84401C3F8481162B679
:1039D000204B50211970A1E7B0F5E06F7FF45BAE8A
:1039E0001D4B1B786BB91D49DFF878A0019250463A
:1039F000FFF716FA07238AF80130019A52E61749B1
:103A000049E61749F0E70620FFF714FD0BF0BAFC72
:103A100028A400202CC20020C0C50020D8C6002049
:103A20004AC700204BC70020F0C400200200CC0091
:103A30002064002000002E40C0012E402109000219
:103A4000020001003CC7002000000020D0C600207A
:103A500040C700204EC700204CC70020482100600E
:103A600098200060000020202DE9F043441E83B020
:103A7000062C02D903B0BDE8F083124D90460F46E4
:103A8000C60105EBC0143C2200210190201D99467F
:103A900004F0E4FDB8FA88F23904520941EA4271AF
:103AA0000122A951C4F83890A260B9F1000FE1D009
:103AB0000549019B9A400B681A430A6003B0BDE8B0
:103AC000F08300BF0000002038C200202DE9F04341
:103AD00000F1FF3E83B0BEF1060F02D903B0BDE88E
:103AE000F0839146C201124F884602F14006054616
:103AF0003C220021F4190193201D04F0AFFDB9FA16
:103B000089FC4FEA0842019B4FEA5C1C42EA4C7276
:103B1000BA510122A363A260002BDFD0054905F151
:103B200010000B6882401A430A6003B0BDE8F083BE
:103B30000000002038C2002012044FF0010C816008
:103B400042F08002C0F800C0C36101F5805C01F55D
:103B50004053426001F5005201F58041C0F80CC0AD
:103B60008161C0E904237047431E062B00D97047CA
:103B700000F1100C064B0A4603EBC01000B54FF0E5
:103B8000010E0EFA0CF15DF804EBFFF797BB00BFD6
:103B900040000020431E062B00D970474FF0010C57
:103BA000034B0A460CFA00F103EBC010FFF786BB8B
:103BB0000000002040687047144B0A22DFF850C014
:103BC000D3F8200220F07F4000EB800300B55B00BB
:103BD00085B0604538BF18466946FFF7BBF9DFF886
:103BE00034C06B460022604619780132013341B17E
:103BF0000A2A20F8021FF7D116228CF8002005B0FF
:103C000000BD52008CF8002005B000BD00441F40EC
:103C100080969800B459002000F0EEBE00F0BCBEC3
:103C200000F022BF00F0DABE00F070BF00F04ABF23
:103C30000846114600F03CBF084600F025BF00BF13
:103C400080220021064810B504F008FD0023054835
:103C50000C211A4603700720BDE81040FFF736BF5D
:103C60006065002045C700202DE9F047304E3378CD
:103C7000002B58D0DFF8DCA02E4C2F4D9AF8009086
:103C8000D5F8008004EB49142C4F0CE03B78002B56
:103C900049D12B68A3EB08031E2B42D83378002BA5
:103CA00041D000F081FF2046FFF784FF10F0800034
:103CB000ECD12349234B387048681B681B0CC3EBBD
:103CC0000312214B22F00042A3FB0232120A4B687E
:103CD0001B1A9A42FBD81D4D00231D4A05EB4915BE
:103CE00007CA85E807000C2229462046FFF724FF73
:103CF000BFF34F8F4FF0E023C3F8705FBFF34F8FD8
:103D0000BFF36F8F07202146FFF72EFF09F101094E
:103D10000020B9F1030F88BF81468AF80090BDE802
:103D2000F08701233B704FF0FF30BDE8F08700BF04
:103D30004BC7002060650020C0C5002041C700209F
:103D4000001000E0AC51002011239708C000202093
:103D5000DCC6002045C700202DE9F04F334E83B06C
:103D60003378002B5CD0DFF8E4A08346304C9AF81F
:103D70000090304D04EB49142F4FD5F8008001918D
:103D80000CE03B78002B4BD12B68A3EB0803322BC4
:103D900044D83378002B43D000F006FF2046FFF7CD
:103DA00009FF10F08000ECD12449254B3870486899
:103DB0001B68244D1B0CC3EB031222F00042A5FB31
:103DC0000252120A4B681B1A9A42FBD81E4D019BE5
:103DD00005EB4915186859682A46002303C20822D2
:103DE00029462046FFF7A8FEBFF34F8F4FF0E02390
:103DF000C3F8705FBFF34F8FBFF36F8F58462146F4
:103E0000FFF7B2FE09F101090020B9F10B0F88BFDD
:103E100081468AF8009003B0BDE8F08F01233B7023
:103E20004FF0FF3003B0BDE8F08F00BF4BC700205C
:103E3000E0650020C0C5002042C70020001000E05F
:103E4000AC510020112397084001202046C70020D4
:103E500017494FF0000C0A884B8862F3070CC2F335
:103E6000012200B542EA8302B1F804E0C3F38313F0
:103E7000C988CEF3051062F30F2C43EA0E1383B00A
:103E800040EA81108A0863F3174C0A4B694660F3D5
:103E90001F6C8DF804201A8805209B78CDF800C08F
:103EA000ADF805208DF80730FFF756FF03B000BDD1
:103EB00068A4002070A4002010B54FF4C072002147
:103EC000094804F0CBFB0023084808211A46037078
:103ED0000420FFF7FBFD0023082105201A46BDE85A
:103EE0001040FFF7F3BD00BFE065002046C700208B
:103EF0000C4B00220C4800B583B090F800C0188825
:103F00008DF8012069465A889B88ADF8020004208C
:103F10008DF800C0ADF80420ADF80630FFF71CFFA7
:103F200003B000BD60A400203DC7002000B551B122
:103F3000144A137831EA030C05D00B431370C8B14F
:103F40004FF0010E02E0C8B14FF0000E0E4A02F130
:103F5000060C134619780133814208D09C45F9D1EB
:103F600000231178013251B10133062BF9D1BEF192
:103F7000000F03D05DF804EBFFF7BABF00BD024AA3
:103F8000D054F7E73DC7002060A4002008B51B4BC4
:103F900000201B4903F1060C0A780870197803F811
:103FA000010B634542EA0102F8D102BB154B002226
:103FB00003F1080E104619884FF0000C23F8020B8D
:103FC000002918BF42F001027345F4D10E4B93F85B
:103FD00000E05978188041EA0E01987883F802C011
:103FE000084318BF42F00102D2B21AB908BDFFF768
:103FF0007FFFDBE7BDE80840FFF72ABF60A4002091
:104000003DC7002068A4002070A40020B0F5424FF6
:1040100000B519D3030ADF2B15D9F02B5ED0E02BA6
:104020004ED0E22B70D01C33DBB2032B0BD8C0F385
:10403000090040B10022444B19880233814277D0F5
:104040000132042AF8D100BD1F2819D80A2842D00D
:104050000B28F8D100222B203C4B4FF0000E03F12F
:10406000060C13F8011B814202D1012203F801EC76
:104070009C45F6D1002AE6D05DF804EBFFF738BF87
:104080007F28E0D8324B034413F8203C002BDAD0D1
:1040900003F03F0013F0400303D10028D3D01A46A9
:1040A000DAE72C490B7813F0020206D023F0020362
:1040B0000B700028E0D00122CEE70028CCD100BD53
:1040C00010F0FF02BFD023490B781A42BBD023EA7D
:1040D00000030B70D0E700222820BDE710F0FF009E
:1040E000B1D01A4B4FF0000C991DE64613F8012B86
:1040F000904203D14FF0010C03F801EC9942F5D145
:10410000BCF1000FB8D19EE710F0FF009BD0124B1E
:104110001A78824214D05A78824213D09A78824216
:1041200091D10222002199545DF804EBFFF790BE73
:10413000002305495DF804EB21F81230FFF788BE33
:104140000022EFE70122EDE768A4002060A4002030
:10415000144A00203DC7002070A40020B0F5424F53
:1041600024D3030ADF2B27D9F02B48D0E02B37D0FC
:10417000E22B48D01C33DBB2032B1DD8C0F309005F
:10418000D0B1314A00B502F1080C964613461988A1
:104190000233814209D09C45F9D1002311880232B3
:1041A000002947D00133042BF8D100BD1F2804D8C3
:1041B0000A2821D00B2810D070477F28FCD8234B29
:1041C000034413F8200C0028F6D0C0F3801100F04F
:1041D0003F004900C9B2FFF7A9BE2B200021FAE732
:1041E00010F0FF00E8D01A4B1A7830EA0201E3D051
:1041F00010431870FFF77CBE28200021EBE7002158
:10420000C0B2FFF793BE10F0FF00D5D0114B197864
:104210008842D1D05A789042CED093F802C06045FF
:10422000CAD079B162B1BCF1000FC5D10222985455
:10423000FFF70EBE2EF813005DF804EBFFF708BE83
:104240000122F4E70A46F2E768A40020144A00209D
:104250003DC7002070A400202DE9F04F334E83B0FD
:104260003378002B5DD0DFF8E4A08346304C9AF819
:104270000090304D04EB49142F4FD5F80080019188
:104280000CE03B78002B4CD12B68A3EB08031E2BD2
:1042900045D83378002B44D000F086FC2046FFF749
:1042A00089FC10F08000ECD12449254B3870486817
:1042B0001B68244D1B0CC3EB031222F00042A5FB2C
:1042C0000252120A4B681B1A9A42FBD81E4D5946DD
:1042D000019E05EB491532462846FEF7A1FD324600
:1042E000002329462046FFF727FCBFF34F8F4FF0EE
:1042F000E023C3F8705FBFF34F8FBFF36F8F0620CB
:104300002146FFF731FC09F101090020B9F1030F43
:1043100088BF81468AF8009003B0BDE8F08F012382
:104320003B704FF0FF3003B0BDE8F08F4BC700206B
:1043300060670020C0C5002043C70020001000E0D7
:10434000AC51002011239708C002202047C700204D
:1043500080220021064810B504F080F900230548AA
:1043600008211A4603700620BDE81040FFF7AEBBD7
:104370006067002047C70020B0F1000C4FF000003C
:1043800010B518BF4FF0010C82B0DFF854E0ADF863
:104390000200ADF804004CF004009DF81040002924
:1043A00018BF844668464CF00201002A18BF8C46AC
:1043B00001214CF008028DF800100621D2B2002B2A
:1043C00018BF94464CF01003DBB2002C18BF9C467B
:1043D0008EF800C08DF801C0FFF73EFF02B010BD9F
:1043E0004DC7002000B54FF0010C83B08DF800C020
:1043F000DFF844C09CF800C08DF801C06FF07E0C5F
:104400006045B8BF60466145B8BF614662458DF8FA
:1044100002006846B8BF624663458E464FF006010B
:10442000B8BF63468DF804208DF803E08DF80530A1
:10443000FFF712FF03B000BD4DC7002070B5164D49
:104440004FF0E02415494FF40032154E05EB4015AE
:1044500082B001EB4021C4F88C2103463288284603
:104460000191FFF769FB019933880B44BFF34F8F2C
:10447000C4F85C1F20318B42FAD8BFF34F8FBFF3D3
:104480006F8F03202946FFF785FB4FF40033C4F8F4
:104490000C3102B070BD00BF6064002040032020DA
:1044A00002C70020264B1A884368C3F30E43D21A72
:1044B000002AF0B5C46983B028DD2248224D017876
:1044C0002D78CBB2DFF894C0A942204D09D01CF85A
:1044D00003100F4635F811100E46C1F500718A42DF
:1044E0001AD90133002125F81420082B184D88BF54
:1044F0000B4625F8141098BF19460CF80340154BCD
:10450000017019680A441A6003B0F0BD204603B078
:10451000BDE8F040FFF792BF0F4906EB472001923C
:10452000084401EB4421FEF77BFC019A094920462F
:10453000B31825F817300B6813440B60E7E700BF8A
:1045400002C700203EC700203FC70020FCC4002057
:104550000CC50020F8C40020400320201CC500200A
:10456000224B1A78002A3FD102F0FF03204A12782A
:10457000002A39D01F4A1288002A35D01E49C2F5B8
:10458000006210B5087884B01C4901EB40141C4946
:1045900001EBC0212046CDE902230191FFF7CCFABF
:1045A000DDE901120A44BFF34F8F4FF0E020039B77
:1045B000C0F8701F20318A42FAD80193BFF34F8FA1
:1045C000BFF36F8F03202146FFF7CEFA0A48002180
:1045D000084B027819800132019BD2B2032A98BF9E
:1045E0001346037004B010BD704700BF49C70020D8
:1045F0004BC7002004C7002048C70020E067002008
:10460000401320202DE9F04F87B00490002900F0DE
:10461000BF8000235F4C604F4FF00109DFF890A18D
:104620005E4E029303915E4B5E4A1D783B8802EB1F
:10463000451284F800900192002B40F0A580984626
:104640001D469B460198FFF7B5FA10F0800000F078
:104650008B80BFF34F8F9AF8003084F800B00DB90B
:10466000D6F80080002B7BD13368A3EB0803782BAE
:1046700000F283804C4B1B78002B71D000F094FA31
:104680003B88012584F80090002BDBD044491A4672
:10469000C3F500600D78039900EBC520DFF814B175
:1046A0009142584417D20593DDE903210192FEF7A8
:1046B000B7FB019A4FF04041059B9B1A3B803B4B57
:1046C000C3F88410BFF34F8F029800231044237067
:1046D00007B0BDE8F08F0499FEF7A2FB00230BEBB7
:1046E000C5214FF400620198FFF726FA0BEBC521B4
:1046F000BFF34F8F01F1200201F50063934294BF95
:10470000012340234FF0E02201EB4313C2F8701F56
:1047100020318B42FAD1BFF34F8FBFF36F8F03204D
:104720000199FFF721FA1E4A13780133DBB2042BFB
:1047300028BF002313703B88039AD11A029A1A44A7
:1047400003910292049A1A4400230492174A3B8070
:10475000C2F88430BFF34F8F237000297FF463AF1A
:10476000029807B0BDE8F08F4FF400620C4B8AF856
:1047700000001D7813463A808DE7012302988AF8DD
:10478000003007B0BDE8F08F1A46C3F5006082E73D
:104790000846E6E749C7002004C70020C0C500203E
:1047A00048C70020E06700204BC7002000002E40D3
:1047B00044C7002040132020704700BF2D4B00212C
:1047C00080222D4870B51B7800242C4E8B420CBFE4
:1047D00040234FF400732A4D33802B8003F03EFFBB
:1047E000284A2146284B14704FF4807227481C80B9
:1047F00003F034FF264A1021264B0220C2E9004470
:10480000C2E90244244AC3E900441470234AC3E9BC
:104810000244234B1C70234614602246FFF756F9CE
:10482000204B224631880320FFF71EF92346012240
:1048300029880320FFF74AF920460134FFF7FEFDDF
:10484000082CF9D1184B00214A221848184C046052
:10485000C3F88410C3F88020D3F84821154942F0EA
:104860008072C3F8482121B1134A137843F0010341
:10487000137070BD4CC70020E067002002C7002005
:1048800006C7002048C7002004C70020606400203D
:10489000FCC400200CC500203EC70020F8C4002046
:1048A0003FC70020A122020000002E40E8C60020E1
:1048B0005D230200000000004FC700202DE9F84FE3
:1048C0004FF400324FF0E023C3F88C212B4B1C78BF
:1048D000002950D082468B46E4B20027DFF8B4901E
:1048E000274B5046274AABEB07081B78A34204F13D
:1048F000010437D0092C244B244928BF00241E5D15
:1049000039F8163031F8165003EB4621ED1A1144F0
:10491000A8452A4617D21E4C42465046FEF780FA5A
:10492000236839F816105846A3EB0B0388443B4420
:1049300029F8168023604FF0E0234FF40032C3F8CB
:104940000C21BDE8F88FFEF76BFA114A2F44304670
:104950001368AA445B1B1360084A1470FFF76EFDCE
:10496000BB45BDD84FF0E0234FF400323846C3F8C2
:104970000C21BDE8F88F0846DDE700BF3FC70020E7
:104980003EC70020400320201CC50020FCC400209E
:10499000F8C400200CC500200B4B0C4A1278197883
:1049A000D3B28A420DD0013309480A4A092B0A4979
:1049B00028BF0023C35C31F8131002EB4323585C7B
:1049C00070474FF0FF3070473EC700203FC70020C0
:1049D0001CC50020400320200CC50020054B186892
:1049E00000B1704700B583B0019000F0DDF8019888
:1049F00003B000BDF8C400202DE9F84F144E154D4A
:104A000033782A78934220D0DCB2DFF85090DFF878
:104A100050B0DFF85080104F0134082CA24601D965
:104A20000024A24619F80400DBF8003038F8102002
:104A300037F81010521A9B1ACBF80030FFF7FEFC23
:104A400086F800A02B78A342E6D1BDE8F88F00BF1E
:104A50003FC700203EC700200CC500201CC5002019
:104A6000F8C40020FCC4002000B583B001210DF182
:104A70000700FFF723FF18B19DF8070003B000BD42
:104A80004FF0FF30FAE700BF084B00B583B01B784A
:104A90008DF8070033B101210DF10700FFF7B2FDDA
:104AA00003B000BD03F0FF0003B000BD4BC7002002
:104AB000034B1B780BB1FFF7A5BD03F0FF00704758
:104AC0004BC700202DE9F04100240D4E01230D4D70
:104AD000A0460D4F33703B782846A34205D0FFF720
:104AE00069F8030658BF08F5006801342035042C26
:104AF000F1D1BFF34F8F002340463370BDE8F08102
:104B000049C70020E067002048C70020204B1B78E1
:104B100013B1204B1A8802B970471F4BC2F50062CF
:104B20001E481F4930B51B7883B01E4C00EB431064
:104B300001EBC3210123054623700023CDE90012B8
:104B4000FEF7FAFFDDE900120A44BFF34F8F4FF082
:104B5000E023C3F8701F20318A42FAD8BFF34F8F89
:104B6000BFF36F8F03202946FEF7FEFF0A4900229C
:104B700008480B7802800133DBB2042B28BF1346B0
:104B80000B70BFF34F8F074B1A7003B030BD00BFDF
:104B90004BC7002004C7002048C70020E067002062
:104BA0004013202049C700202E4B2DE9F0411E78EC
:104BB00086B1DFF8C88098F800305BB90123F107AF
:104BC00088F8003040D4B20727D4002388F800309A
:104BD000730701D4BDE8F081234B1A68002AF9D08D
:104BE000EFF30582002AF5D1EFF3108572B618684D
:104BF000002830D01D4C217800292CD101222270B0
:104C000042691A60002A2AD0916105B962B600256E
:104C10008368457798472570DCE7154B1B78002B98
:104C2000D3D0144F002557F8044F236820461B6942
:104C3000984710B163699B6898470D4B01351A7806
:104C4000EBB29A42EFD8C0E7FFF7C8FE0028BAD00F
:104C5000AFF30080B7E7002DBCD162B6BAE7064BD0
:104C60001A60D2E74FC700206CBC002029C7002083
:104C70002BC70020FC63002078BC002030C7002038
:104C800001207047B0F84630B0F848209BB292B28D
:104C9000934202D2013AD01A7047416B01390A445B
:104CA000D01A7047016972B6B0F84A20B0F84C309B
:104CB00092B29BB29A423CBF806B1218C86AD31A58
:104CC00062B6C0F302601844704700BFB0F84A10E3
:104CD0000246B0F84C3089B29BB2994210D00133F1
:104CE000906B116B984298BF0023994203D9126AC6
:104CF000D05CC0B270475B1A526AD05CC0B27047D9
:104D0000D0F810C072B6B0F84A0080B2814201D02B
:104D100062B6E4E7DCF82C3013F0E06F03D14FF01B
:104D2000FF3062B67047DCF81C0000214FF0010C28
:104D3000136AC0F30900A2F84AC0A2F84C105870D8
:104D4000EFE700BFB0F84AC00146B0F84C301FFA98
:104D50008CFC9BB29C4525D0013310B5D1F838E0CE
:104D60009E4515D90A6B1C469A4216D90A6AD25C2E
:104D7000D0B28A6DA1F84C404AB19C451DD3ACEB32
:104D80000303CC6B9C4202D3CB6DC2F8883010BDBC
:104D900000240A6B23469A42E8D8486A9A1A825C31
:104DA000D0B2E6E76246006972B6B1F84AC01FFAAF
:104DB0008CFC624505D062B6CEE7E644AEEB030359
:104DC000DFE7C36A13F0E06F03D14FF0FF3062B644
:104DD0007047C069C0F30900F9E700BF90F844309C
:104DE00043B110B50446FFF7DFFE94F84430002BC2
:104DF000F9D110BD704700BF38B54369D3E903123C
:104E0000096811422DD00169044690F844200D46EE
:104E100032B1FFF7C9FE94F84430002BF9D1636931
:104E20000021104AA961207E03EB0010007D02EBF7
:104E30000010D0F804C00520CCF8000094F819C088
:104E400003EB0C1393F8343002EB0312A36D52689A
:104E50001060A4F84A10A4F84C1013B1E26DC3F826
:104E6000842038BD7C46002007EE901A9FED947A8E
:104E70000421B6EE005AF8EE677A9FED926A41F689
:104E8000FF7CC7EE275A2DE9F04315468E460122D6
:104E9000046907EE901AF8EEE77A85EEA77A77EEC6
:104EA000057AFDEEE77A17EE903A6345A8BF6346B0
:104EB000012BB8BF012307EE903AF8EEE76A76EED1
:104EC000C76AC6EE877AF5EEC07AF1EE10FA01D520
:104ED000F1EE677AF4EEC67AF1EE10FA03D8B0EE8E
:104EE000676A8E461A4601312129D2D141690023D1
:104EF000866BB1F85870A0F84A30F71BA0F84C3018
:104F0000A0F84630C763B1F85A70A0F84830F61BD5
:104F100080F844300664D1E903763B683343AE053C
:104F20003B60C5F34023837600F1A580077EDFF860
:104F3000C08101EB0717644B97F814C0D7F81C9099
:104F400008EB0C1CDCF80860DCF804C03360BB69BB
:104F5000CCF80030B9F1000F02D03F6AC9F80070F8
:104F6000477ED92301EB071797F834C008EB0C1CD8
:104F7000DCF808603360BF6BDCF804301F60437EF0
:104F800001EB0313DF6B0FB11B6C3B60BEF1080F2D
:104F90000EF1FF3CCCBF4FF0000E4FF0010E42EA85
:104FA0004E434FEA0C6202F0F85213430022236191
:104FB0004B7849681033E260444A42F82310426952
:104FC0004FF0010E424905F0030C5778B2F8562015
:104FD000404B7A544FF0021741694A7803EB521361
:104FE00002F01F029B000EFA02F21A60E762A36A47
:104FF00043F08803A3626B0734D44CF47013AF06FC
:10500000827E2AD543F08053002A3CD12E07A3612B
:1050100003D5236943F0005323616369EA0654BF53
:1050200023F0805343F080536361EB0503D523697C
:1050300043F4005323618B686BB1274D2C78002C0F
:105040003CD0264B03EB840101E08B422AD053F87D
:10505000042F9042F9D1BDE8F083002AD6D043F066
:10506000A003D3E705F00F03042B14BF1C4B1D4B0B
:105070004CEA0303C3E7477E4FF2D903DFF87080A1
:1050800001EB071770E7427E43F0A00301EB021229
:1050900092F8342008EB0216B668326822F44042D7
:1050A0003260B3E7611C104A104B297043F82400AA
:1050B000137843F002031370BDE8F0830121F2E797
:1050C000001BB74BEC78AD6038F00100005C0020AD
:1050D00000E400E0403800382BC70020FC630020CB
:1050E00010003C0010003C404FC70020006400202E
:1050F0007C460020EFF31380B8B9EFF310834BB96F
:10510000EFF305823AB94FF48073EFF3118050B199
:10511000984208D270470F2A02D8EFF311827047E5
:10512000034B9B5CF1E7184670474FF0FF30F1E707
:10513000F0E300E0036D2DE9F0418846044606697E
:1051400013B1426DC3F88420A37E2BB172B6B3694C
:1051500043F00053B36162B6B4F84650636BADB22E
:105160000135AB424CD800273D46B4F848309BB2DD
:105170009D4219D029E073691B0210D5B4F848305C
:10518000626B9BB201339A4237D91A46E16A99425F
:105190002ED9E169CB5CDBB2F361A4F84820B4F806
:1051A00048309BB2AB4210D1FFF7A4FF6369B3F85C
:1051B00056308342DFDAB0F5807FF0D1FFF7F4FCA0
:1051C000B4F848309BB2AB42EED0E26AAA4219D999
:1051D000E26902F8058072B6012084F84400A4F860
:1051E0004670B36943F40003B36162B6BDE8F08171
:1051F0005B1AA16ACB5CDBB2CEE700221346C5E79F
:105200002F46B2E7AD1AA26A02F80580E3E700BFB5
:10521000FFF790BF0269536913F4401F70B537D090
:10522000D36A13F0E06FC3F3026E2ED0B0F84A4099
:10523000B0F84C30A4B29EB2D2F81CC0631CB0F8D7
:105240004C10856BCCF3090C89B29D4298BF0023AA
:10525000994208D0016B9942A3EB010166D9016A1A
:1052600001F803C01C460EF1FF3313F0FF0EE3D12B
:10527000836DA0F84A4043B1B4425BD3A41B016CD8
:10528000A14202D8C16DC3F884105369DD0248D42D
:10529000D2F818E01EF4000F28D053691C0225D55F
:1052A000B0F846C0B0F848301FFA8CFC9BB206E05C
:1052B000C169C95CC9B2D161D16A490512D46345DB
:1052C0003CD0446B0133C16A9C4298BF0023994291
:1052D000A3EB0104ECD8816A095DC9B2D161D16A3E
:1052E0004905ECD56345A0F8483029D01EF4800F5D
:1052F00016D053695B0213D50021036D80F844106A
:1053000013B1416DC3F88810837E2BB172B69369D7
:1053100023F00053936162B6936923F48003936191
:1053200070BD536943F480135361B1E7446A04F8D4
:1053300001C097E7816B891B0C44A0E7A0F84830B7
:10534000936923F400039361936943F480039361A9
:10535000CCE700BF10B500234FF470440F224FF488
:10536000806EA0F88C411946A0F88E214FF460445D
:10537000A0F890310A46B0F8883148F2B82C43F0D2
:10538000F003A0F8883101EB4103013100EB431336
:1053900004299C80A3F806E05A841A865A805A8110
:1053A000A3F80EC05A82DA825A83DA83EBD1B0F8BE
:1053B000883143F00F03A0F88831B0F8883143F406
:1053C0007063A0F8883110BD374B384A996F384860
:1053D00041F47F0170B5996741F20106D3F880105E
:1053E00045F6C05543F226040A43C3F88020FFF770
:1053F000B1FF00F58040FFF7ADFF00F58040FFF7FB
:10540000A9FF00F58040FFF7A5FF0022A0F50310DB
:105410004FF00F0E114600EB42134FEA421C0132CF
:105420009981042A5981A3F80EE09E82DD8020F83C
:105430000C1019829C81EED100221E484FF00F0EF5
:1054400041F20106114645F6C05543F2260400EB31
:1054500042134FEA421C01329981042A5981A3F870
:105460000EE09E82DD8020F80C1019829C81EED126
:10547000002211480F2641F20105114645F6C0549D
:1054800043F2260E00EB42134FEA421C013299818F
:10549000042A5981DE819D82DC8020F80C1019825B
:1054A000A3F80CE0EED170BD00C00F40000003FC7B
:1054B00000C03D4000001E4000401E40074A506AA8
:1054C000936A19468446506A936A9942F9D1844591
:1054D000F7D1DB0B43EA4040704700BF00400D406E
:1054E00008B5D0E900325BB1BAB10F4BA3FB021390
:1054F000DB0803EB4303B2EB83030AD1012008BDB1
:10550000094BA3FB0213DB0803EB4303B2EB83035A
:1055100001D0D21A4260F02AF0D803F0C1F91C225F
:10552000034600201A6008BDABAAAAAA30B583B012
:1055300060B3044621B11D46B2FA82F35B09A2B9F9
:10554000206818B362680AB3164B174902FB03F3CD
:10555000B1EBB30F1AD3A368FBB9002323606360D8
:10556000A360E360012003B030BD0193069BC0E956
:105570000012C360FFF7B4FF60B1002DF2D0626883
:1055800001992068A56003F069F8EBE703F088F95A
:1055900016230360002003B030BD002103F05EF845
:1055A000DBE700BFABAAAAAA5555551500B52DEDEE
:1055B000028BB0EE408A83B000F096FBB4EE488ACE
:1055C000F1EE10FA06D6DFED0C7AB4EEE78AF1EED2
:1055D00010FA03D403B0BDEC028B00BDCDED017A0F
:1055E00003F05EF9DDED017A87EEA70A212303605F
:1055F00003B0BDEC028B00BD0000000010EE103ABD
:10560000C3F3C752002BA2F17F01ACBF01204FF0C2
:10561000FF301E290DDC00291ADBC3F316031629FF
:1056200043F400030ADD963A03FA02F202FB00F0AB
:105630007047FDEEC07A17EE900A70474FF4800273
:105640000A411A44C1F11701CA4002FB00F0704739
:10565000013118BF0020704782B08DED010A019A18
:10566000B2F17E5F39D0A2F50003B3F1FE4F38D21C
:10567000BFEE000B02F140432A4903F54D03C3F38B
:10568000C34001EB001091ED404B91ED445B91ED77
:10569000467B91ED426BD90DC90590ED002B521A56
:1056A00003EE902A90ED021BDB15B7EEE33AA2EE73
:1056B000030B03EE903A20EE002BA5EE007BB8EE34
:1056C000E33BA6EE027BA3EE041B30EE010BA2EE41
:1056D000070BB7EEC00B02B070479FED130A02B084
:1056E0007047530017D0B2F1FF4F18D0002A0DDBDE
:1056F000B3F17F4F0AD2DFED0D7A9DED017A67EEAF
:10570000277A17EE902AA2F13862B1E79DED010ADF
:1057100002B000F0D9BA012002B000F0C3BA9DED8A
:10572000010AD8E748050020000000000000004BF7
:105730000000000010EE101A10EE902AA1F5000CE7
:105740005000BCF1FE4F00F1FF336FF0807C7ED241
:10575000634538BF002080F0B980BFEE001B01F127
:10576000404303F54D03C3F3C3426FF31603C91A55
:1057700007EE901ADB15B7EEE75A07EE903AAF4BFB
:1057800003EB021292ED024B92ED002B00B5A2EE5C
:10579000051B93ED403B93ED426B93ED442BA1EE43
:1057A000036B93ED465BB8EEE77B37EE047B93ED3E
:1057B000484BA1EE025B2DED028BA1EE047B21EEA6
:1057C000018BB7EEE00A28EE083BA8EE057BA6EEBB
:1057D000037B20EE077B17EE903A48F2BF01C3F33C
:1057E000CF338B4283B04CD2B7EE000B944B93ED8A
:1057F000402B37EE023B13EE102A33EE423B02F011
:105800001F01801803EBC10293ED424B37EE437B3F
:1058100053F831C0D2F804E093ED446B93ED465B4E
:10582000A7EE046B27EE074B002111EB0C020EEBE9
:10583000C033A7EE050B43EC172BA6EE040B20EEAE
:10584000070BB7EEC00B03B0BDEC028B00BD634588
:1058500080F0B1804B00581E604580F09380002995
:105860004BDB0020B1F5000FBFF477AFDFED757AA9
:1058700020EE270A10EE103A23F00043A3F138611E
:105880006BE79FED666BB4EEC67BF1EE10FA16DCAB
:105890009FED646BB4EEC67BF1EE10FA43DD4FF082
:1058A0004C53002860D00193DDED016ABFEE006A21
:1058B00076EE666AF4EE466AF1EE10FA94D003B022
:1058C000BDEC028B5DF804EB00F0E6B9002869D06E
:1058D000B1F17E5F3FD0B0F17F4F69D14B00B3F1A2
:1058E000FE4F6FEA020234BF00230123D20F93421E
:1058F00000F08F809FED540A7047C2F3C7537E2B90
:1059000027D9962B64D80120C3F1960300FA03F33C
:10591000581E10421DD1134214BF01200020000464
:1059200021F000419EE79FED416BB4EEC67BF1EEA6
:1059300010FA30D99FED3F6BB4EEC67BF1EE10FA52
:105940007FF552AF03B0BDEC028B5DF804EB00F0C5
:105950009DB900F0B9B982F480035B0013F5000F24
:1059600026D8B7EE000A70470093DDED006AB7EE67
:10597000006A76EE866AF4EE466AF1EE10FA3FF4BB
:1059800033AF9CE7002920EE000A23DB0020BBBBDD
:105990009A423CDB704703B0BDEC028B5DF804EB30
:1059A00000F06EB981F480035B0013F5000FD8D9C5
:1059B00030EE200A70470028F4D04B00B3F17F4F3F
:1059C000F6D8B0F17F4FF3D1B3F1FE4F87D1C8E7DE
:1059D0000020A5E7C2F3C751A1F17F001728D5D851
:1059E000C1F19600012101FA00F000F1FF3C1CEA30
:1059F000020FCBD11040CAD0B1EE400A0846C6E72C
:105A0000002AC7DAF7EE007A87EE800A704700F0C6
:105A100049B920EEA00A7047AFF3008071D5D1FFDD
:105A2000FFFF5F40E2AAA3FFFFFF5F40000000000E
:105A300000C062C00000000000A062C05807002043
:105A4000000400200000004B0000000010EE102AAF
:105A5000C2F30A53B3F57D7FB7EEC07A1ED2B3F519
:105A6000667F72D327EE077B27EE071B734B93ED00
:105A7000142B93ED125B93ED0E3BA7EE025B27EE2A
:105A8000012B93ED0C6B93ED104BA7EE036BA1EE86
:105A9000046BA5EE026BB7EEC60B704740F22E41C9
:105AA0008B4255D8654A92ED086B27EE066BFDEEEA
:105AB000C66B92ED0A5B16EE903A03F500031B16D7
:105AC000990706EE903A54BF114602F17001D807CB
:105AD000B8EEE66BA6EE457B27EE076B1CD503F010
:105AE000030302EBC30291ED185B92ED000B91ED05
:105AF0001A3B27EE000BB0EE457B91ED164BA6EE60
:105B0000037B20EE065B26EE056BA5EE040BA7EEED
:105B1000060BB7EEC00B704791ED144B26EE065BFB
:105B200091ED127B91ED0E2BA6EE047B26EE054B3C
:105B300091ED0C0B91ED103BA6EE020BA5EE030BC5
:105B4000A7EE040BB7EEC00B7047B7EE000A704724
:105B5000B3F5FF6F53D2C2F38361394B03EB810C72
:105B600053F82110C2F31603C2F3C25043F40003EA
:105B700010B58340DCF82000DCF810C003FB01F115
:105B8000A3FB00E0E3FB0C0101F1005382B09C0F8A
:105B900003F04043C91A8DED010A00F03DFA019A65
:105BA0009FED246B04EBD27241EC170B900754BFAE
:105BB000224B244B27EE067BE10727EE076B20D50F
:105BC0001E4902F0030201EBC20293ED185B92ED55
:105BD000000B93ED1A3B27EE000BB0EE457B93EDE7
:105BE000164BA6EE037B20EE065B26EE056BA5EEBC
:105BF000040BA7EE060BB7EEC00B02B010BD00F011
:105C000063B893ED144B26EE065B93ED127B93ED98
:105C10000E2BA6EE047B26EE054B93ED0C0B93EDBD
:105C2000103BA6EE020BA5EE030BA7EE040BE2E77A
:105C3000AFF30080182D4454FB21193C800800204C
:105C4000F8440020F008002010B582B08DED010A64
:105C5000044602F025FE9DED010A046002B010BD6D
:105C600030B1F1EE407A27EE800A2220FFF7ECBF38
:105C7000F0EE407A27EE800A2220FFF7E5BF00BF52
:105C80009FED010AFFF7ECBF000000109FED010A35
:105C9000FFF7E6BF0000201A9FED010AFFF7E0BF03
:105CA000000000709FED070AF7EE007ABFEE007A61
:105CB00000284FF0220047FE877A87EE800AFFF720
:105CC000C3BF00BF0000000070EE407AB4EE400A8F
:105CD00087EEA77AF1EE10FAB0EE470A02D621203D
:105CE000FFF7B2BF704700BFB1EEC00A704700BFF8
:105CF00003460846194602F03DBA00BF81F0004154
:105D000002E000BF83F0004330B54FEA41044FEAA0
:105D1000430594EA050F08BF90EA020F1FBF54EA3B
:105D2000000C55EA020C7FEA645C7FEA655C00F0D7
:105D3000E2804FEA5454D4EB5555B8BF6D420CDDA8
:105D40002C4480EA020281EA030382EA000083EA2B
:105D5000010180EA020281EA0303362D88BF30BDCB
:105D600011F0004F4FEA01314FF4801C4CEA113121
:105D700002D0404261EB410113F0004F4FEA033380
:105D80004CEA133302D0524263EB430394EA050F0B
:105D900000F0A780A4F10104D5F1200E0DDB02FA7A
:105DA0000EFC22FA05F2801841F1000103FA0EF20E
:105DB000801843FA05F359410EE0A5F120050EF1D4
:105DC000200E012A03FA0EFC28BF4CF0020C43FA05
:105DD00005F3C01851EBE37101F0004507D54FF012
:105DE000000EDCF1000C7EEB00006EEB0101B1F562
:105DF000801F1BD3B1F5001F0CD349085FEA3000A8
:105E00004FEA3C0C04F101044FEA445212F5800FB2
:105E100080F09A80BCF1004F08BF5FEA500C50F14F
:105E2000000041EB045141EA050130BD5FEA4C0C32
:105E3000404141EB0101013C28BFB1F5801FE9D28F
:105E400091F0000F04BF01460020B1FA81F308BFB2
:105E50002033A3F10B03B3F120020CDA0C3208DD7E
:105E600002F1140CC2F10C0201FA0CF021FA02F159
:105E70000CE002F11402D8BFC2F1200C01FA02F1C9
:105E800020FA0CFCDCBF41EA0C019040E41AA2BFEE
:105E900001EB0451294330BD6FEA04041F3C1CDAB6
:105EA0000C340EDC04F11404C4F1200220FA04F0D6
:105EB00001FA02F340EA030021FA04F345EA030180
:105EC00030BDC4F10C04C4F1200220FA02F001FA42
:105ED00004F340EA0300294630BD21FA04F02946C4
:105EE00030BD94F0000F83F4801306BF81F480115D
:105EF0000134013D4EE77FEA645C18BF7FEA655CD0
:105F000029D094EA050F08BF90EA020F05D054EAA1
:105F1000000C04BF1946104630BD91EA030F1EBFA6
:105F20000021002030BD5FEA545C05D140004941AA
:105F300028BF41F0004130BD14F580043CBF01F59D
:105F4000801130BD01F0004545F0FE4141F4700183
:105F50004FF0000030BD7FEA645C1ABF194610465E
:105F60007FEA655C1CBF0B46024650EA013406BF5F
:105F700052EA033591EA030F41F4002130BD00BF1E
:105F800090F0000F04BF0021704730B54FF48064DB
:105F900004F132044FF000054FF0000150E700BF5C
:105FA00090F0000F04BF0021704730B54FF48064BB
:105FB00004F1320410F0004548BF40424FF00001A8
:105FC0003EE700BF42004FEAE2014FEA31014FEAEB
:105FD00002701FBF12F07F4393F07F4F81F060513A
:105FE000704732F07F4208BF704793F07F4F04BF85
:105FF00041F40021704730B54FF4607401F0004562
:1060000021F000411CE700BF50EA010208BF7047C1
:1060100030B54FF000050AE050EA010208BF7047B2
:1060200030B511F0004502D5404261EB41014FF41B
:10603000806404F132045FEA915C3FF4D8AE4FF023
:1060400003025FEADC0C18BF03325FEADC0C18BF06
:10605000033202EBDC02C2F1200300FA03FC20FA57
:1060600002F001FA03FE40EA0E0021FA02F11444A4
:10607000BDE600BF80F0004002E000BF81F00041BB
:1060800042001FBF5FEA410392EA030F7FEA226CDE
:106090007FEA236C6AD04FEA1262D2EB1363C1BF6E
:1060A000D218414048404140B8BF5B42192B88BFDD
:1060B000704710F0004F40F4000020F07F4018BF00
:1060C000404211F0004F41F4000121F07F4118BF20
:1060D000494292EA030F3FD0A2F1010241FA03FCC8
:1060E00010EB0C00C3F1200301FA03F100F00043B0
:1060F00002D5494260EB4000B0F5000F13D3B0F178
:10610000807F06D340084FEA310102F10102FE2AE6
:1061100051D2B1F1004F40EBC25008BF20F0010056
:1061200040EA03007047490040EB0000013A28BFF5
:10613000B0F5000FEDD2B0FA80FCACF1080CB2EB78
:106140000C0200FA0CF0AABF00EBC25052421843F6
:10615000BCBFD0401843704792F0000F81F400019B
:1061600006BF80F400000132013BB5E74FEA41036E
:106170007FEA226C18BF7FEA236C21D092EA030FDA
:1061800004D092F0000F08BF0846704790EA010F54
:106190001CBF0020704712F07F4F04D1400028BF81
:1061A00040F00040704712F100723CBF00F5000063
:1061B000704700F0004343F0FE4040F40000704799
:1061C0007FEA226216BF08467FEA23630146420245
:1061D00006BF5FEA412390EA010F40F48000704758
:1061E0004FF0000304E000BF10F0004348BF4042FE
:1061F0005FEA000C08BF704743F0964301464FF03A
:1062000000001CE050EA010208BF70474FF0000395
:106210000AE000BF50EA010208BF704711F00043D6
:1062200002D5404261EB41015FEA010C02BF8446A6
:106230000146002043F0B64308BFA3F18053A3F505
:106240000003BCFA8CF2083AA3EBC25310DB01FA4C
:1062500002FC634400FA02FCC2F12002BCF1004FD0
:1062600020FA02F243EB020008BF20F00100704761
:1062700002F1200201FA02FCC2F1200250EA4C00B5
:1062800021FA02F243EB020008BF20EADC707047FB
:1062900053B94AB9002908BF00281CBF4FF0FF318D
:1062A0004FF0FF3000F09CB9ADF1080C6DE904CE61
:1062B00000F006F8DDF804E0DDE9022304B07047E1
:1062C0002DE9F04782B00646DDF828E00846B446DE
:1062D0000D46002B4ED18A4214466DD9B2FA82F295
:1062E00042B1C2F12003954026FA03F394401D43C6
:1062F00006FA02FC260CA7B2B5FBF6F14FEA1C43E6
:1063000006FB115543EA054301FB07F0984209D902
:10631000E31801F1FF3580F00381984240F20081DB
:10632000023923441B1A1FFA8CFCB3FBF6F006FB60
:1063300010334CEA034C00FB07F363450AD914EB16
:106340000C0C00F1FF3580F0ED80634540F2EA80EF
:10635000A444023840EA0140ACEB030C0021BEF13A
:10636000000F04D02CFA02F30022CEE9003202B072
:10637000BDE8F0878B4209D9BEF1000F01D0CEE90C
:1063800000610021084602B0BDE8F087B3FA83F14E
:10639000174600294DD1834202D3B24200F20F8149
:1063A000B6EB070C60EB030301201D46BEF1000FA6
:1063B000DDD0CEE900C5DAE7002A00F098801A4661
:1063C000B4FA84F3002B40F0AF800B1B270CA6B26D
:1063D0000121B3FBF7F54FEA1C4007FB153340EAF8
:1063E000034306FB05F8984507D9E31805F1FF308C
:1063F00002D2984500F2E8800546A3EB08031FFA95
:106400008CFCB3FBF7F007FB10334CEA034C06FBA4
:1064100000F3634508D914EB0C0C00F1FF3602D2EF
:10642000634500F2CE803046ACEB030C40EA0540F9
:1064300095E7C1F120058B4022FA05FC4CEA030CDC
:1064400000FA01F426FA05F3E84002FA01F943EAFA
:1064500004084FEA1C4206FA01FAB0FBF2F71FFAF1
:106460008CF602FB17004FEA184444EA004407FB8D
:1064700006F0A0420AD91CEB040407F1FF3380F0B8
:106480009C80A04240F29980023F6444241A1FFA83
:1064900088F3B4FBF2F002FB104443EA044300FB30
:1064A00006F69E4209D91CEB030300F1FF3480F08D
:1064B00082809E427FD90238634440EA0740A0FBB5
:1064C00009749B1BA3423E46A04664D361D0BEF133
:1064D000000F0AD0BAEB060263EB080303FA05F5D6
:1064E000CA401543CB40CEE9005300213FE7730873
:1064F00043EAC1734A08190C41EA02414FEAC67CDB
:106500009BB2B2FBF4F02646A04627461F2243EA80
:106510000143B1FBF4F1A3EB080341EA004158E762
:106520002946FFE6284615E71A46C3F120019C409C
:1065300026FA01F320FA01F190400343270C06FAF2
:1065400002FCB1FBF7F0A6B207FB1015190C41EAEB
:10655000054100FB06F58D423BD9611801D28D4201
:1065600020D8491B0138B1FBF7F5019505FB06F86A
:10657000019D9BB207FB151143EA0143434526D217
:10658000E31805F1FF31C6D24345C4D2A91E234406
:10659000C1E7BA459BD2B7EB090664EB0C0401389E
:1065A000A04694E7651B29440238B1FBF7F5019535
:1065B00005FB06F8DCE720467FE71F4666E708464E
:1065C000F4E6A44402382FE7023D234415E701997D
:1065D000A1E7491BB1FBF7F5019505FB06F8C7E7F5
:1065E000704700BF0A22002101F0B4BD10B5A1FB25
:1065F000021482B074BB00F045F8034670B350F843
:10660000042C22F00302043A242A10D8132A16D9A3
:106610001B2AC0E900441AD9242AC0E902440ABF4F
:10662000C0E9044400F1100100F1180108E021461E
:10663000019002F013F8019B184602B010BD01460C
:1066400000221846C1E900228A6002B010BD00F1A4
:106650000801F5E702F024F90C2303600023184633
:1066600002B010BD024B0146186800F00BB800BF25
:1066700074560020024B0146186802F095BC00BF1A
:10668000745600202DE9F04F01F10B02162A85B057
:10669000804624D8102900F2AB8000F0C9FA022508
:1066A00018211022B74C2144A1F108004E688642FF
:1066B00000F062817268F168B46822F0030232442B
:1066C000E1608C60516841F001014046516000F08A
:1066D000B5FA06F10804204605B0BDE8F08F32F0A7
:1066E000070200F18580914200F28280019200F061
:1066F0009FFA019AB2F5FC7FC0F0BA81570A7FD0A9
:10670000042F00F27281970907F139052BB207F1C6
:10671000380CDB009B4C2344A3F108065B689E42C7
:1067200007D10DE00028DF6880F21381BE4207D058
:106730003B46596821F00301881A0F28F2DD6546AF
:10674000236991498B4200F0F1805E6826F00306D0
:10675000B11A0F2900F391818B480029C4E9040084
:1067600080F27981B6F5007F676880F01981F108C1
:1067700001310FFA81FC76090121B14054F83C0047
:1067800098600F4304EBCC010839D960676044F886
:106790003C30C360AB1001269E40BE4236D83E421C
:1067A00006D125F0030576003E4205F10405FAD036
:1067B00004EBC50A04EBC507A946F9680EE0486872
:1067C00020F0030EAEEB020CBCF10F0F0B46C968B4
:1067D00000F31881BCF1000F80F22D818F42EED1C1
:1067E00009F1010919F0030F07F10807E5D17FE16D
:1067F0000C23C8F800300024204605B0BDE8F08F17
:106800004FF4007340254FF03F0C83E7A768796889
:1068100021F0030393429A4603D3991A0F2900F3F8
:1068200087805A495A4E0968103111440820CDE931
:10683000011202F069F801994B1E03444542834658
:1068400030681D40B0F1FF3F18BF29464046019116
:1068500001F0FEFF411C0546DDE9011200F02B812D
:1068600007EB0A0C844500F224814A4B186800EBC0
:1068700001090BF1FF3EC3F8009000F089813068F8
:1068800001301BBFA5EB0C0C09EB0C003560186048
:1068900015F00700814600F04881C0F1080005446A
:1068A000CDE901236B1803EA0E015844401A00EAAF
:1068B0000E06314640469B4601F0CAFF421CDDE908
:1068C000012300F09581401B304440F0010118681D
:1068D000A56000EB0609A7426960C3F8009017D0D5
:1068E000BAF10F0F40F25E81AAF10C0121F0070C02
:1068F000796801F0010141EA0C017960052607EB96
:106900000C01BCF10F0FC1E9016600F263816968F7
:10691000214B1E684E4538BFC3F800901F4B1E68C0
:106920004E4501D2C3F800902F46C6E0676831E7B4
:10693000BD1841F0010142F001027A604046A560B5
:10694000696000F07BF907F10804204605B0BDE856
:10695000F08F9A6801931944D760BA604A6842F090
:10696000010240464A6000F069F9019B03F1080406
:10697000204605B0BDE8F08FCE68B1427FF49AAEF4
:106980000235DDE6A04B0020A84B002084C000208B
:106990006056002054C000207CC0002080C0002031
:1069A000B6F5206F4FEA56207CD3142800F2D3802E
:1069B00000F15C0109B25B30C90004EB010C6158C5
:1069C000ACF1080C8C4503D1A8E089688C4504D053
:1069D000486820F00300B042F7D8D1F80CC0C3E9F2
:1069E000021CCCF80830CB60D4E6142F72D9542F97
:1069F00000F2BA80170B07F16F052BB207F16E0C8E
:106A0000DB0087E69D1842F001025A609E68864AC4
:106A1000F1608E60C4E90455C5E902224CF0010220
:106A20006A60404643F80EC0019300F007F9019BED
:106A300003F10804E0E69E441C46DEF8043043F00F
:106A40000103CEF8043054F8083F4046D9608B600B
:106A500000F0F4F8D0E61E4440467268019342F01C
:106A60000102726000F0EAF8019B03F10804C3E63A
:106A7000D508691C09B2C90014E69D1842F001024C
:106A80005A60694A0193C4E90455C5E9022241F0FC
:106A900001026A604046995100F0D0F8019B03F171
:106AA0000804A9E6B00900F1390109B23830C9007B
:106AB00083E7A74263D0A768796821F0030090427A
:106AC000A0EB020102D30F293FF732AF404600F09E
:106AD000B5F890E607F15C052BB207F15B0CDB0023
:106AE00018E6514651F808398B428A4640F09A80A0
:106AF00015F0030F05F1FF35F3D1636823EA0603B0
:106B0000636076009E423FF681AE1EB97EE6760057
:106B100009F104091E42FAD04D4649E680100126CB
:106B200006FA00F00743676059E7CDE902236B18C6
:106B300003EA0E01ABEB010606EA0E0631464046BB
:106B4000019301F085FE431C019B04BF4E4618468D
:106B5000DDE90223B7E6542827D8300B00F16F0196
:106B600009B26E30C90028E7B7F5AA7F27D8D70B3E
:106B700007F178052BB207F1770CDB00CAE52B4B48
:106B8000186800EB01090BF1FF3EC3F8009076E6B0
:106B900015EA0E0F7FF473AEA568514441F0010170
:106BA0006960B5E601236B6090E7B0F5AA7F25D850
:106BB000F00B00F1780109B27730C900FDE640F230
:106BC00054539F4224D8930C03F17D0503F17C0CB0
:106BD000EB009FE507F108014046CDE9012302F0F3
:106BE000E3F9A568029B6968D3F80090019A8FE6E3
:106BF000A9F108010BEB0100002664E640F25451B4
:106C000088420BD8B00C00F17D01C9007C30D4E67D
:106C10004FF47E737F254FF07E0C7BE54FF47E7141
:106C20007E20CAE663686CE7A84B002054C00020B1
:106C3000014801F065BE00BF4CC00020014801F0D2
:106C400061BE00BF4CC00020DFF80CC00A46014600
:106C5000DCF8000000F002B874560020002900F0B3
:106C60009F802DE9F04383B00C4600928046FFF7E9
:106C7000DFFF009901F10B03162B60D81023994216
:106C800060D854F804EC2EF003029A42A4F10805EF
:106C900065DAB348806805EB020C6045DCF80460F7
:106CA00000F0908026F0010060444068C0076CD47A
:106CB00026F00306901983424CDD1EF0010F0FD120
:106CC00054F8080C281A0746406820F003000644D0
:106CD0001644B34240F3EF801618B34240F3C98024
:106CE0004046CDE90023FFF7CDFCDDE90023064651
:106CF000002800F0178154F8041C21F001012944F8
:106D0000A0F1080C614500F0AE80043A242A00F29C
:106D1000CE80132A00F29C80034622461168196037
:106D20005168596092689A602146404602F03CF9E9
:106D30004046FFF783FF304603B0BDE8F08333F0F1
:106D400007039CD50C23C8F800300026304603B05A
:106D5000BDE8F0830246DCE90201C1608860696831
:106D6000D01A0F2801F0010105EB02061BD81143D0
:106D70006960736843F0010373604046FFF75EFF8C
:106D80002646304603B0BDE8F0831EF0010FA7D1C0
:106D900054F8080C281A0746406820F003009BE7C7
:106DA0001146FFF76FBC19436960E91840F0010014
:106DB0004860736843F0010308317360404602F095
:106DC000F3F8DAE726F00306B01803F1100C60457B
:106DD00080F28B801EF0010F82D154F8080C281A23
:106DE0000746406820F0030006441644B445B14607
:106DF0003FF772AF3E46F96856F8080F043A242A66
:106E0000C160886000F2A580132A40F2A08021684A
:106E1000B9606168F9601B2A00F2A480083407F1A8
:106E200010022168116061685160A1689160F918D1
:106E3000A9EB03024A4D42F00102A9604A607A6858
:106E400002F00102134340467B60FFF7F7FE98E72C
:106E500023680360636843601B2A3BD804F108027F
:106E600000F108035AE750F8041C21F003010A441A
:106E700075E7043A3D46F96855F8080F242AC160C1
:106E8000886020D8132A1CD92168B9606168F9602C
:106E90001B2A3DD8083407F110022168116061688F
:106EA0005160A16891602C4632463D4657E7214625
:106EB00001F042FB38E7DCE90201043AC160886076
:106EC000D8E72A46E9E721462846009301F034FB3B
:106ED000009BE8E7A3688360E368C360242A25D0A9
:106EE00004F1100200F1100318E71D4A1D449560DB
:106EF000C21A42F001026A6054F8042C02F0010246
:106F00001343404644F8043CFFF798FE264638E712
:106F1000A1683961E1687961242A10D0103407F141
:106F20001802BAE74046FFF789FE0EE723690361BE
:106F30006169416104F1180200F11803EEE622696B
:106F4000BA616269FA61183407F12002A5E7324696
:106F500067E721463046009301F0EEFA009B66E7B2
:106F6000A04B0020A1683961E1687961242A03D02F
:106F7000103407F1180254E72269BA616269FA61B4
:106F8000183407F120024CE7000000002DE9F04F13
:106F90002DED068B804697B0184600240023CDE9DE
:106FA000043489460021924612914A4611921646AF
:106FB00012F8013B2D2B5FD801A151F823F000BF3F
:106FC000ED4F0200754E0200754E0200754E020034
:106FD000754E0200754E0200754E0200754E02009D
:106FE000754E0200A94D0200A94D0200A94D0200F4
:106FF000A94D0200A94D0200754E0200754E020017
:10700000754E0200754E0200754E0200754E02006C
:10701000754E0200754E0200754E0200754E02005C
:10702000754E0200754E0200754E0200754E02004C
:10703000754E0200754E0200754E0200754E02003C
:10704000A94D0200754E0200754E0200754E0200F9
:10705000754E0200754E0200754E0200754E02001C
:10706000754E0200754E0200754E02008B520200F2
:10707000754E02009F52020000220692302B00F053
:107080008280002207922F2B40F2C5844FF0000B24
:107090001F4630465D465C4616E0082CC8BF0BEB29
:1070A0008B0B00F10100C8BF03EB4B031190C8BF6D
:1070B000A3F1300B0378D8BFA2F130052F2B04F1D8
:1070C00001041F4640F3A28005EB8502392B03EB38
:1070D0004202E2DDB3490893012201F003FB0028DC
:1070E00060D1119A531C119351781A460846002C0E
:1070F00040F0DB80302840F00F851346002201333A
:10710000119318783028114602F10102F7D0A0F14E
:107110003104082C00F2AE818A1C0992A0F1300CD7
:107120001E464FF0000E012405EB85050CEB4505CE
:107130000022013311931978A1F13000092802F1DE
:10714000010700F235848446002800F0FB86099987
:10715000012F3944099100F0F886671C394606E092
:1071600045000131081B0138824240F34484481E27
:10717000082805EB8500F3DD0BEB8B0040001029A0
:10718000D8BF8346EDE7737803F0DF03582B00F098
:10719000D783013611963378302BFAD06BB10122A8
:1071A000079270E7089B652B1AD0452B18D0002C4E
:1071B00032D1079B002B00F0B7809FED788BBAF19E
:1071C000000F02D0119BCAF80030069BBBB1B1EE94
:1071D000488BB0EE480B17B0BDEC068BBDE8F08FC6
:1071E000002C72D1A6460994079B002B40F0BB826D
:1071F0009FED6A8BBAF1000F01D0CAF80090B0EE93
:10720000480B17B0BDEC068BBDE8F08F6549012235
:1072100001F068FA002844D007EE905AB8EE677B78
:10722000092C8DED047B40F3A3820022102C234611
:107230000892A8BF1023A646914609925A4A02EB2B
:10724000C30212ED125B06EE90BA0F2CB8EE666B1D
:10725000A5EE076B8DED046B00F3AC80089A002A55
:1072600000F08682089A40F36E82162A40F31E844C
:107270000899C4F125028A42C0F29C804A4BC4F1AD
:107280000F040A1B03EBC40403EBC20394ED008B51
:1072900093ED007B9DED046B28EE068B28EE078BAB
:1072A0008DE7119A531C11935178A1F13002092AEC
:1072B00000F2D5800992A646002A00F040860121FE
:1072C000DDF824C00991224697E30022CDE9082287
:1072D000119BA646591C11915F782B2F00F0BC80A2
:1072E0002D2F00F0B3804FF0000CA7F13009B9F159
:1072F000090F36D8302F119940F0D8800131119103
:107300000F78302FFAD0A7F13100082840F2CC8056
:107310004FF000095CBB079911437FF44EAF089A08
:10732000002A40F0F4839946692F00F0CF8300F3E0
:10733000C883492F00F0CA834E2F7FF459AF1B49F1
:1073400011A802F091FA00283FF452AF119B1B786C
:10735000282B00F02385164801F080FDB0EE408B0D
:107360002DE711934FF00009D4E74FF0000907EE25
:10737000905A099BB8EE677BA9EB0303BEF1000F9F
:1073800008BFA646102C08932346A8BF1023092C3B
:107390008DED047B3FF752AF60E700BF00000000B7
:1073A00000000000400E002090060020DC35002088
:1073B000AC330020089AE31A1344002B40F3998061
:1073C00023F00F0213F00F0340F00683B2F59A7F0B
:1073D00000F39283102A4FEA221300F0F3845548F9
:1073E0009DED047B0021024613F0010F01F1010124
:1073F0004FEA630303D092ED006B27EE067B012B6F
:1074000002F10802F0D18DED047B059BA3F15473CA
:10741000059300EBC1009DED046B90ED007B464BA6
:1074200027EE067B17EE902A444913408B428DEDE0
:10743000047B00F26183A1F580118B4240F26284EB
:107440003F4B4FF0FF32CDE9042354E04FF0010CE5
:10745000991C11919F7848E74FF0000CF8E701F074
:10746000DF0145297FF4D8AE00220121A64609920A
:1074700008912FE700F0DF0045287FF49EAE4FF023
:10748000000E0121CDF824E07446089122E7002384
:107490000693721C11927378002B3FF4A9AE164626
:1074A000ECE501230693F4E7A7F13009481C11909D
:1074B0004F782F2FC8BF0C9307DCC1E20130119029
:1074C00007782F2FA3F1300905DD09EB8903392F48
:1074D00007EB4303F2DD401A08280C9B40F3B0820F
:1074E00044F61F69BCF1000F3FF414AFC9F1000965
:1074F00010E740F0AB8200230793009523467246C5
:107500003146404602F05AFB8346002800F0F482E0
:10751000089A099BCDF83CA0002AA3EB0903A8BF59
:10752000002309934FF0000922EAE2730C934C46C2
:10753000CCE000BF680600200000F07F0000A07CC7
:10754000FFFFEF7F991A1F3B9A42A5EB0105C0F29E
:107550007981012202FA01F30A9300230D932F444B
:10756000079B5544AA4552461F44A8BF2A46BA4223
:10757000A8BF3A46002A03DDAD1ABF1AAAEB020AD9
:10758000099B002B00F30381002D00F31A81089B57
:10759000002B00F34D81002F00F33D81BAF1000F65
:1075A00008DD21465246404602F014FD04460028FC
:1075B00000F03A8112993246404602F0A1FD814620
:1075C000002800F031810023C768C360214602F023
:1075D00077FD0028C0F29B83059D00F0368321468D
:1075E000484602F03FFFB0EE007BB4EEC70BF1EE71
:1075F00010FA00F2C080002F40F02C81049B002B79
:1076000040F0C881C5F31303002B40F05781B7EE5B
:10761000007BB4EEC70BF1EE10FA00F1D082B6EEAB
:10762000007B20EE077BB0EE47ABB1EE477BBD4859
:10763000DFF808C32840604553EC172B00F00F819A
:107640000799F1B1B0F1D46F1BD89FEDB06BB4EED8
:10765000C6ABF1EE10FA11D8BCEECA7B17EE103AA9
:10766000012B38BF012307EE103AB8EE477BB0EE8E
:1076700047AB0FB9B1EE477B53EC172B03F1D66143
:107680000B1AB0EE480B43EC192B0A9002F0F8FDF0
:10769000A9EE008B8DED048B18EE905A0A98079B8B
:1076A00023B9A04B2B40984200F00F81129940461D
:1076B00002F028FA3146404602F024FA21464046BC
:1076C00002F020FA4946404602F01CFADBF80410AA
:1076D000404602F0EDF90646002800F0A580DBF8F0
:1076E0001020023292000BF10C010C30FBF798FBDA
:1076F0009DED048B14AA13A94046B0EE480B02F08E
:1077000051FE1290002865D00121404602F014FB82
:107710000446002800F08880139A002A76DB099B33
:107720000C9F02EB030A079B149DD21A2A447E4B3E
:10773000013A9A42C5F13605FFF604AF00230D93D6
:1077400001230A930BE71632FFF634AE099BA3EB35
:107750000909764B03EBC90393ED007B9DED046BA8
:1077600086EE078B2BE508940024119B2246B1E599
:107770009DED048B23E5B6EE007B20EE077BB0EE9B
:1077800047AB002F7FF453AFB1EE477B4FE7214665
:107790001A46404602F0C2FB04461298D4B1024693
:1077A0002146404602F0F6FA0246129892B101468E
:1077B00040460E9202F0A6F90E9A1292002D7FF723
:1077C000E6AE12992A46404602F004FC12900028C8
:1077D0007FF4DDAEDDF83CA09FED4E8B2223C8F890
:1077E00000300146404602F08DF93146404602F035
:1077F00089F92146404602F085F95946404602F093
:1078000081F94946404602F07DF9D8E40C9BDDF849
:1078100024A09F1A87E731463A46404602F0DAFB39
:10782000064600287FF4BAAEDDF83CA01298D3E7F4
:1078300031460C9A404602F071FB064600287FF460
:10784000AAAEF1E73A49891A012202FA01F30D932F
:107850000A9284E6B7EE007BB0EE47ABE7E6A5F10F
:10786000547305939DED046BB0EE460B8DED0A7BD2
:107870008DED046B0D9002F003FD9DED046B9DED0D
:107880000A7B2849A0EE076B16EE905A294B0D98FB
:10789000294099428DED046B40F29A8018EE902AAF
:1078A00003F154739A4203D118EE103A0133BBD05E
:1078B000214B4FF0FF32CDE90423F7E6B7EE006B22
:1078C000BFEE007BB0EE46ABB1E651EC1A0B07F011
:1078D00021FDFEF7A1FB049B41EC170B1F43C5F3F1
:1078E00013052F433AEE477B44D19FED0C6BB4EE6A
:1078F000C67BF1EE10FA7FF5D9AE9DED048BDDF875
:107900003CA012986DE700BFAFF300800000C0FFFD
:10791000FFFFDF41000000000000F07F9535A094DC
:10792000FFFFCF3F0000F07F02FCFFFF900600202A
:10793000E2FBFFFFFFFF9F7CFFFFEF7F0000E07F88
:10794000069B019312AB02900093AC4A13AB11A9B2
:10795000404601F091FC10F00F0504463FF42DACB9
:10796000062D40F0E880013600239FED9C8B119698
:10797000069324E49FED9B6BB4EEC67BF1EE10FA08
:10798000BBD49FED9A6BB4EEC67BF1EE10FA7FF795
:107990008DAEB2E7049B012B90D1002D8ED1DDF886
:1079A0003CA0129822239FED8D8BC8F8003018E779
:1079B00001F0DF01452900F0A380002C7FF4D5AC55
:1079C000079B1A439FED858B3FF414ACFFF7F7BB81
:1079D00005F15475059562E6894901EBC3039DEDF8
:1079E000046B93ED007B27EE067B8DED047B002A74
:1079F0003FF481ADEAE4013A3A44082A02F1010475
:107A00007FF792AB102CDCBF0BEB8B0B0CEB4B0B13
:107A10000022FFF78EBB7B490122304600F062FE58
:107A200040B9119A1346013211928346054658789F
:107A3000FFF760BB079B002B3FF4DAABFFF7BDBB42
:107A400044F61F618945A8BF89464BE55B421A1180
:107A500013F00F030DD06A4901EBC3039DED046BD6
:107A600093ED007B86EE077B8DED047B002A3FF4CF
:107A700042AD1F2A00F3418112F0100318BF6A23A0
:107A800007939DED047B604B01E052100833D00753
:107A900003D452100833D107F7D593ED006B521081
:107AA00027EE067B00F0B8800833F4E7544B03EB75
:107AB000C20393ED008B9DED047B28EE078BFFF74F
:107AC0007EBB6E2F3FF43BACFFF792BB4F4911A832
:107AD00001F0CAFE00283FF48BAB119B4C49013BDF
:107AE00011A8119301F0C0FE10B9119B013311933D
:107AF0009FED408BFFF763BB2223C8F80030F7E708
:107B0000002C00F0EA8101210891FFF7E3BB9FED13
:107B1000338B9946FFF76EBBA0F13103082B55D983
:107B200020F02000452885D14FF0000ECDF824E04C
:107B30000124FFF759BB129A3AB1352114A802F07B
:107B4000C3FC1299404601F0DDFF013D042D00F217
:107B5000FE81DFE805F0032E2B200300149B049325
:107B6000139B03F23342159B23F4801343EA025321
:107B70000593E40502D543F000430593254A1A40D6
:107B80009DED048B002A7FF41AAB00F089FE2223BE
:107B90000360FFF714BB4FF0FF326FF00043CDE9F5
:107BA0000423E3057FF5E4AD059BE4E7194B05935A
:107BB000F7E7DDE91412159BCDE90412D9E7B6EE1B
:107BC000006BBEEE007BB0EE46AB30E51346012203
:107BD0000992FFF7A3BA00BFAFF3008000000000D6
:107BE000000000009535A094FFFFDF3F35E5AF357D
:107BF0000000E03F000000000000F07FEC490020A2
:107C000090060020400E002060090020D0350020A2
:107C1000D43500200000F07F079B8DED047B002B06
:107C200065D017EE900AC0F30A51C1F16B03002B27
:107C30005DDD1F2B52DD342B049240F3FE804FF0AC
:107C40005C7305936A23079357E40A9ADDF834C0FE
:107C5000DDF83CA0B349C5F31303002F00F08C807E
:107C60008B4200F0DD80BCF1000F00F0D4801CEAF4
:107C7000050F2FD0B0EE480B02F002FB079B002B44
:107C800000F01281C5F30A53C3F16B03002B40F3DC
:107C90005381190501F17F53002203F5401343EC92
:107CA000172BA0EE078B9FED9B7B9F4B28EE078B3E
:107CB00018EE902A1340002B7FF423AE2223C8F83D
:107CC00000301EE6BCF1000F00F085801CEA050FB5
:107CD00040F08480079B002BE5D112E64FF0FF3285
:107CE0009A4017EE103A134004939DED047BB5EED5
:107CF000407BF1EE10FA7FF400AC2223C8F800308C
:107D0000FFF75BBA02F154730593FFF7F4BBDDE9AB
:107D100004120F43DDF83CA0DCD1C2F31303154677
:107D2000002BD7D122F000473F0D3F05B7F1D66FAA
:107D3000D0D9D9F814301BB9D9F81030012BC9DDCE
:107D400049460122404602F045F92146814602F0AB
:107D5000B7F90028BEDD079B002B00F08180A7F556
:107D600080176FEA17536FEA035305934FF0FF3301
:107D700004939DED048B96E743BBDDE904010346C4
:107D800000289FD1079B002B6AD0674F2F40B7F187
:107D9000D66FE4D8B7F15C7F85D802E6634911A8B5
:107DA00014AA01F081FD05287FF4D5AA159B43F0A4
:107DB000FF4343F4E0030593149B04939DED048B70
:107DC000FFF7FDB95A480021FFF71FBBBCF1000FB8
:107DD0007FF47CAF049B1A423FF47CAFB0EE480BBB
:107DE00002F04EFA079B93B3C5F30A53C3F16B033A
:107DF000002B76DD190501F17F53002203F54013B6
:107E000043EC172BA0EE478BB5EE408BF1EE10FA4A
:107E10007FF449AFC5E5049B1A423FF45BAF29E705
:107E2000079B049963BB4F1C31D0BCF1000F61D09C
:107E30001CEA050F3FF465AD1CE7C1F14B014FF0A3
:107E4000FF338B40034005939DED047B4FE738EEF5
:107E5000408BB5EE408BF1EE10FA7FF452ADA0E509
:107E6000314B12982B40A3F580136FEA13536FEA3E
:107E7000035305934FF0FF3304939DED048BB0E45F
:107E8000294B2B40B3F1D46F12D9481C19D1294B7F
:107E90009D4233D0244B2B4003F5801305930023E0
:107EA00004939DED048B15E7129838EE008B98E44F
:107EB0001B0DC3F16B034FF0FF3000FA03F399423F
:107EC000E5D0BCF1000F04D01CEA050F3FF4EBAE87
:107ED000D0E611423FF4E7AECCE6002A3FF428AEEC
:107EE00011E638EE408BB5EE408BF1EE10FA7FF4E0
:107EF000DAAE56E511423FF404ADBBE60131C9D11B
:107F000022239FED068B1298C8F8003069E400BF69
:107F1000AFF30080000000000000503900000000B6
:107F20000000F07FFFFF0F000000F07F004A0020FC
:107F300068060020FFFFEF7F38EE008BB3E60122DA
:107F4000FFF7F7B83A46FFF7F4B8224655E5E505DE
:107F500005D54FF0004305939DED048B15E69FED8D
:107F6000018B12E6000000000000000010B5234C59
:107F7000234B0A4601462068FFF708F8B4EE400B91
:107F8000F1EE10FA27D6F7EEC07B9FED1E7AF0EEE9
:107F9000E76AF4EE476AF1EE10FA0EDDB0EEC05B70
:107FA0009FED146BB4EE465BF1EE10FA05DC23682E
:107FB00022221A60B0EE670A10BD17EE903A13F055
:107FC000FF4FF7D110EE902A0F4B1340002BEED14C
:107FD000B0EE670A10BD10EE903A002B0B4804DAA1
:107FE00000F044FFF1EE407AE4E7BDE8104000F015
:107FF0003DBF00BFFFFFFFFFFFFFEF7F7456002074
:108000000C540020FFFF7F7F0000F07FAC33002086
:10801000242B2DE9F84F42D8012B884619463ED033
:1080200091464B4A82461E46C64670461EF8017B64
:10803000D35D13F00803F8D12D2F70D02B2F05BF7F
:108040009EF800709B469B4600F1020E6FF00043C5
:1080500061BB302F4DD00A2631460022B3FBF6F427
:10806000104606FB143505E03CD006FB00C001229B
:108070001EF8017BA7F1300CBCF1090F06D9A7F15E
:10808000410CBCF1190F17D8A7F1370C61451CDD65
:10809000571CEDD08442E7D24FF0FF32E8E700F002
:1080A000FFFB162303600020BDE8F88F1029D4D110
:1080B000302F27D00E46D0E7A7F1610CBCF1190F85
:1080C00003D8A7F1570C6145E2DC511C30D0BBF15D
:1080D000000F0CD1B9F1000FE6D0AABBC9F800809F
:1080E000BDE8F88F6545C0DA4FF0FF32C0E7404287
:1080F000F0E79EF8002002F0DF02582A08D0082698
:108100003146AAE79EF8002002F0DF02582AD1D1BA
:1081100010269EF8017031460EF1020E9DE79EF882
:1081200000704FF0004300F1020E4FF0010B8FE79B
:108130002222CAF80020B9F1000F07D00EF1FF3853
:108140001846C9F80080CBE70346F7E71846ABE7C7
:108150005945002000B5DFF818E084461346DEF8E4
:1081600000005DF804EB0A466146FFF751BF00BF0F
:108170007456002013460A460146022000F07CBED9
:10818000024B0344587800F008007047584500201F
:10819000024A0349034800F0C9B800BF68560020EE
:1081A0001DA40200A84F00200C4B4168994210B555
:1081B000044601D004F034FAA168094B994202D078
:1081C000204604F02DFAE168064B994204D020467F
:1081D000BDE8104004F024BA10BD00BF88C00020E4
:1081E000F0C0002058C100202DE9F843314A324C3C
:1081F0003249DFF8DC90DFF8DC80314F1160002578
:1082000004232946082204F15C00C4E903352D4EFD
:10821000A560C4E90055C4E90555656600F01EFA7D
:1082200004F15800C4E90749C4E90987E66200F08F
:1082300063FB2946244B6367082204F1C400C4E9A8
:108240001A55C4E91E552567C4F8CC50C4F88050AF
:1082500000F004FA04F1680304F1C000C4F88430AB
:10826000C4E92298C4E9247600F046FB174BC4F811
:10827000DC30294604F596700822C4E93455C4E977
:108280003855C4F8D850C4F83451C4F8E85000F058
:10829000E5F904F1D003C4E93D87C4F8F09004F592
:1082A0009470C4F8FC60C4F8EC30BDE8F84300F00A
:1082B00023BB00BFC0C1002088C000208D5F02002A
:1082C0003162020055620200090001001200020042
:1082D000CD610200F161020010B504460A4800F0C9
:1082E0000FFB636B23B9094B094A1B68626323B117
:1082F000BDE81040044800F005BBFFF775FFBDE87E
:108300001040014800F0FEBA50C00020C0C100205B
:10831000A55F0200014800F0F3BA00BF50C0002082
:10832000014800F0EFBA00BF50C000202DE9F8432B
:108330000746884616464FF000097568013D11D47E
:10834000B468A389012B08D9B4F90E300133214652
:10835000384602D0C04749EA0009013D6B1C04F1D0
:108360006804EED13668002EE7D14846BDE8F883B0
:108370000CB430B5144B0D1E1C689DB01FDB14BF30
:1083800001220022AA1A114B0593002121AB1B9157
:10839000029006900492079202A9209A0193204627
:1083A00002F0F0F8431CBCBF8B23236015B1029B85
:1083B00000221A701DB0BDE8304002B070478B2318
:1083C00023604FF0FF30F5E7745600200802FFFFEE
:1083D00010B50C46B1F90E1000F024FA002803DBAA
:1083E000236D0344236510BDA38923F48053A38127
:1083F00010BD00BF2DE9F0411F46B1F90C30164603
:10840000DA050C4605460BD423F48053A381B4F956
:108410000E103B4632462846BDE8F04100F02ABA2D
:108420000223B1F90E10002200F0E6F9B4F90C3085
:10843000EAE700BF10B50C46B1F90E1000F0DCF908
:10844000B4F90C30421C0EBF23F4805343F4805324
:108450002065A38110BD00BFB1F90E1000F0BAB9BC
:1084600070B5ADF5067D0E46009313464FF40072CD
:10847000059206A905AA054600F028F898B102461B
:10848000059B03903146284600F0F4F9039A0590C5
:1084900006AB9A4204D02846114600F085FD0598A7
:1084A0000DF5067D70BD4FF0FF30F9E700B5DFF840
:1084B00018E084461346DEF800005DF804EB0A4637
:1084C0006146FFF7CDBF00BF7456002010B59AB0CB
:1084D00021B1D2F800C0BCF1000F1CD100214FF433
:1084E000227CADF80CC01991009104914FF6FF7CED
:1084F00002910591144669461A461C9BADF80EC0C0
:1085000002F040F8002814DB009B206000221A7063
:1085100004981AB010BD0091049161464FF4C16CEB
:10852000ADF80CC04FF0000CCDF864C0DEDA8B2340
:10853000036000201AB010BD884270B531D98B1885
:1085400083422ED9032A00EB02011DD941EA030C14
:108550001CF0030F1D4618D14FEA920C0CF1FF36A8
:10856000A1EB8C048C4653F804ED4CF804EDA445C3
:10857000F9D1C6EB867301EB830105EB830CACF1FB
:108580000403043902F0030252B102F1FF3C6FEA26
:108590000C0C9C4413F8012D01F8012D6345F9D111
:1085A00070BD032A50D941EA00039B074ED10F2A20
:1085B00051D922F00F0301F1100601F1100C103B0C
:1085C000203100F1100E19445CF8104C4EF8104C9C
:1085D0005CF80C4C4EF80C4C5CF8084C4EF8084C0F
:1085E0005CF8044C4EF8044C0CF1100C8C450EF168
:1085F000100EE9D1F11812F00C0F034402F00F0530
:1086000003F1100325D025F0030CACF10404264639
:108610001A1F1C198C465CF804EB42F804EFA242C6
:10862000F9D1043104333144334405F00302002A04
:10863000B6D0013A0132013B0A4411F801CB03F8EC
:1086400001CF9142F9D170BD0346F0E7013A0346EC
:10865000F0E72A46EBE703461546D4E730B5840732
:108660008646034606D0A2B303F8011B980702F121
:10867000FF32F8D1032A26D95FFA81FC0CEB0C2CCF
:108680000F2A0CEB0C402AD922F00F0C9C44C3E9B2
:108690000000C3E9020010336345F8D112F00C0F5B
:1086A00002F00F0417D04FEA940C0CF1FF351A4674
:1086B00003EB8C0C42F8040B6245FBD1043304F04D
:1086C000030203EB850322B11A4403F8011B9A420B
:1086D000FBD1704630BD2246002AF5D1F9E7144699
:1086E000E1E700BF8AB340EA01039B0730B50446C7
:1086F0008E4618D1032A07D815E0043A23D01CF07F
:10870000803F20D1032A26D92368DEF80050A3F148
:108710000131AB4221EA030C2046714604F1040406
:108720000EF1040EE9D003780C78A3420FD1013A80
:10873000024406E06BB110F8013F11F8014FA3426B
:1087400005D19042F6D1002030BD10467047181B6D
:1087500030BD184630BD20467146E4E710B50446EA
:108760000843830701D1032A19D8A44601F1FF3E2B
:1087700007E01EF8011F03F8011B501E31B19C4693
:1087800002466346002AF4D1204610BD94440028D6
:10879000FAD003F8011B6345FBD1204610BD0B4600
:1087A000A44618681946A0F1013323EA000313F028
:1087B000803F01F10403D9D1043A032A4CF8040B99
:1087C000EFD81946D2E700BF014B93F8100270476B
:1087D0000C54002038B5074C00230546084623609A
:1087E000FAF7CAFC431C00D038BD2368002BFBD02D
:1087F0002B6038BD3CC2002038B58C46084C114671
:1088000005461A46604600232360FAF7C1FC431C64
:1088100000D038BD2368002BFBD02B6038BD00BFD3
:108820003CC2002038B58C46084C114605461A4615
:10883000604600232360FAF79DFC431C00D038BD3E
:108840002368002BFBD02B6038BD00BF3CC200204A
:1088500038B5074C0023054608462360FAF772FC3A
:10886000431C00D038BD2368002BFBD02B6038BDE3
:108870003CC2002038B58C46084C114605461A46C5
:10888000604600232360F9F77DFA431C00D038BD11
:108890002368002BFBD02B6038BD00BF3CC20020FA
:1088A000014B1868704700BF7456002070B50E4E1B
:1088B0000E4DAE4208D0761BB610002455F8043B8E
:1088C00001349847A642F9D8094E0A4D06F056FDE4
:1088D000AE4208D0761BB610002455F8043B013494
:1088E0009847A642F9D870BDF01D0060F01D0060E9
:1088F000081E0060F01D0060704700BF704700BF99
:10890000704700BF704700BF082802D14FF4805065
:10891000704708B5FFF7C4FF162303604FF0FF3020
:1089200008BD00BF02780B78012A28BF9A4240F0A8
:10893000D8806DE9044540EA0104CDE902676FF093
:10894000000C4FEA44721AB380EA010414F0070FD6
:108950006BD100F0070420F0070004F0030521F0BC
:1089600007014FEAC505F0E8042314F0040FF1E80D
:1089700004670CFA05F462EA040266EA04060BD006
:1089800063EA0403624667EA0407664604E000BF40
:10899000F0E80423F1E8046782FA4CF582EA060461
:1089A000A4FA8CF46CBB83FA4CF583EA0705A5FAAC
:1089B0008CF595B950E9022351E9026782FA4CF52A
:1089C00082EA0604A4FA8CF483FA4CF583EA0705DC
:1089D000A5FA8CF52543DBD09CB92DBAB5FA85F400
:1089E00024F0070427FA04F1DDE9026723FA04F30F
:1089F00003F0FF0001F0FF01FDE80445A0EB0100DA
:108A0000704724BAB4FA84F424F0070426FA04F177
:108A1000DDE9026722FA04F202F0FF0001F0FF0133
:108A2000FDE80445A0EB0100704714F0030F3CD1B2
:108A300010F0030428D150F8082B51F8083B82FAB3
:108A40004CF582EA0305A5FA8CF55DB950F8042CC3
:108A500051F8043C82FA4CF582EA0305A5FA8CF53C
:108A6000002DE8D02DBAB5FA85F424F0070423FAD6
:108A700004F122FA04F202F0FF0001F0FF01FDE828
:108A80000445A0EB010070474FEAC40420F0030046
:108A900050F8082B21F0030151F8083B0CFA04F4BC
:108AA00062EA040263EA0403C9E710F003041DD07C
:108AB000A1EB040120F00300E40750F8042B06D0DA
:108AC00012D28B785FFAA2F4E41A06D12BB1CB78DC
:108AD0005FFAB2F4E41A00D133B920465DF8104BC6
:108AE0007047A2EB0300704701F1040150F8042B1A
:108AF000CC0721F0030151F8043B48D824D222F0DE
:108B00007F4482FA4CF594EA1325A5FA8CF50AD134
:108B100065B951F8043B84EA0204B4EB036F0ED14B
:108B200050F8042BEBE74FEA132355E035F07F456F
:108B30004DD10878FDE80445C0F1000070474FEAC8
:108B4000126203F0FF0347E002EA1C4482FA4CF58C
:108B500094EA1345A5FA8CF50AD165B951F8043B9E
:108B600084EA0204B4EB034F0CD150F8042BEBE77A
:108B70004FEA134330E015EA1C4528D10B884FEA31
:108B8000124229E04FEA124203EA1C4324E002F0B9
:108B9000FF0482FA4CF594EA1365A5FA8CF50AD124
:108BA00065B951F8043B84EA0204B4EB032F09D100
:108BB00050F8042BEBE74FEA13630DE015F0FF0FBD
:108BC00005D10B684FEA122223F07F4304E04FF0F7
:108BD0000000FDE80445704712BA1BBA82FA4CF453
:108BE00082EA0304A4FA8CF5B5FA85F402FA04F2D9
:108BF00003FA04F34FEA1260FDE80445A0EB1360AA
:108C0000704700BF80EA0102844612F0030F4FD183
:108C100011F0030F32D14DF8044D11F0040F51F84B
:108C2000043B0BD0A3F101329A4312F0803F04BF02
:108C30004CF8043B51F8043B16D100BF51F8044BEB
:108C4000A3F101329A4312F0803FA4F101320BD11B
:108C50004CF8043BA24312F0803F04BF51F8043BA0
:108C60004CF8044BEAD023460CF8013B13F0FF0FFD
:108C70004FEA3323F8D15DF8044B704711F0010F30
:108C800006D011F8012B0CF8012B002A08BF704701
:108C900011F0020FBFD031F8022B12F0FF0F16BFF8
:108CA0002CF8022B8CF8002012F47F4FB3D17047C0
:108CB00011F8012B0CF8012B002AF9D1704700BFE5
:108CC0000000000001F0FF01102A2BDB10F0070F5D
:108CD00008D010F8013B013A8B422DD010F0070F5D
:108CE00042B3F6D1F0B441EA012141EA014122F058
:108CF00007047FF000070023F0E80256083C85EAED
:108D0000010586EA010685FA47F5A3FA87F586FA92
:108D100047F6A5FA87F68EB9EED1F0BC01F0FF0157
:108D200002F0070232B110F8013B013A83EA010375
:108D300013B1F8D10020704701387047002D06BFED
:108D400035460338073815F0010F07D1013015F407
:108D5000807F02BF013015F4C03F0130F0BC013804
:108D6000704700BF0000000000000000000000008D
:108D700000000000000000000000000000000000F3
:108D80000000000030B490F800F020F007016FF010
:108D9000000C10F0070491F820F040F048804FF0EC
:108DA00000046FF00700D1E9002391F840F000F1D2
:108DB000080082FA4CF2A4FA8CF283FA4CF3A2FA7D
:108DC0008CF34BBBD1E9022382FA4CF200F108008C
:108DD000A4FA8CF283FA4CF3A2FA8CF3E3B9D1E94A
:108DE000042382FA4CF200F10800A4FA8CF283FA10
:108DF0004CF3A2FA8CF37BB9D1E9062301F12001EF
:108E000082FA4CF200F10800A4FA8CF283FA4CF3D7
:108E1000A2FA8CF3002BC6D0002A04BF04301A46F5
:108E200012BAB2FA82F200EBD20030BC7047D1E93C
:108E3000002304F00305C4F100004FEAC50514F057
:108E4000040F91F840F00CFA05F562EA05021CBF28
:108E500063EA050362464FF00004AAE79FED010BA9
:108E6000704700BF000000000000F87F9FED010A7E
:108E7000704700BF0000C07FF0B51D4C83B00546B1
:108E80002068019116461F46FFF73AFD194A0199DD
:108E9000136823B35A6820681F2A23DC4DB9541C79
:108EA00002325C6043F82210FFF72CFD002003B073
:108EB000F0BD03EB820E0124CEF88860D3F8886100
:108EC000944046EA040C022DC3F888C1CEF808711C
:108ED000E5D1D3F88C512543C3F88C51DFE7064B1D
:108EE0001360D7E7FFF70EFD4FF0FF30DFE700BF5D
:108EF00000540020B4BE0020B8BE0020F8B50646DD
:108F000008200C46FFF700FD07463046FDF790FEAF
:108F1000224A93685D6825F00305A5F111031C1B27
:108F20003C44B4FBF7F4013C07FB04F4A74208DC23
:108F300000213046FFF78CFC184A93682B44984276
:108F400004D03046FDF77AFE0020F8BD614230467D
:108F5000FFF77EFC0130114A0DD0114993682D1B9B
:108F600045F001055D600B6830461B1B0B60FDF78B
:108F700065FE0120F8BD00213046FFF769FC074A75
:108F80009268831A0F2BDCDD43F001035360054B1D
:108F900003491B68C01A0860D3E700BFA04B00203C
:108FA00054C0002060560020002965D02DE9F04112
:108FB0000C460746FDF73CFE54F804EC7D49A4F14D
:108FC000080C2EF001030CEB03028D6850689542EB
:108FD00020F003000EF0010600F08B8015185060A1
:108FE0006D6805F00105A846AEBB54F8084CACEB23
:108FF000040C2344DCF8084001F1080E74456BD0E2
:10900000DCF80C50E560AC60B8F1000F00F08C802B
:1090100043F00100CCF804001360B3F5007F35D2B3
:10902000DA0848685C090132012312B2A340034305
:109030004B6051F83200CCF8080001EBC203083B4A
:10904000CCF80C3041F832C0C0F80CC03846BDE84E
:10905000F041FDF7F3BD85B9034401F1080E9068B6
:10906000704543F001047AD0D268C2609060CCF8B9
:1090700004404CF80330D0E770474EF00102B3F5DE
:10908000007F44F8042C4CF80330C9D3B3F5206FAB
:109090004FEA53204AD2980900F1390212B200F186
:1090A0003804D20088188A580838904203D15FE00B
:1090B0009268904204D0516821F003019942F7D898
:1090C000D068CCE90220C0F808C03846C2F80CC00D
:1090D000BDE8F041FDF7B2BDA5BB1844D2E90223BB
:1090E000D3609A6040F00103CCF804304CF80000E3
:1090F000ACE7184446B954F8083CACEB030C1844F0
:10910000DCE90223D3609A6040F00103CCF804301C
:10911000294BC1F808C01B68834297D8274B3846B3
:109120001968FFF7EBFE91E7034498E714280FD97D
:10913000542824D8180B00F16F0212B200F16E040B
:10914000D200AFE743F00101CCF8041013607DE7D3
:1091500000F15C0212B200F15B04D200A2E7C1E9A7
:1091600004CCCCE902EECCF804404CF803306DE7B7
:10917000A4100123A3404C6823434B60A1E7B0F542
:10918000AA7F07D8D80B00F1780212B200F1770459
:10919000D20087E740F25452904206D8980C00F172
:1091A0007D0200F17C04D2007CE74FF47E727E24C5
:1091B00078E700BFA04B00206456002084C0002048
:1091C0002DE9F041D0F810E0BEEB611F05DC002373
:1091D000036100234361BDE8F08100F114044E11E6
:1091E00011F01F0C04EB8E0504EB860327D054F816
:1091F000261004339D4221FA0CF137D9CCF1200816
:1092000027461A6802FA08F20A4347F8042B53F873
:10921000041B9D4221FA0CF1F3D8AEEB060E4FEA87
:109220008E0EAEF1050E4FEA9E02231D2EF0030EA8
:1092300043F822109E4489B10EF1040E0EE09D42C7
:1092400088BF00F11002C2D953F8041B42F8041F72
:109250009D42F9D8AEEB060E04EB8E0EAEEB040386
:109260009B10A6450361B4D0BDE8F081416100299F
:10927000ADD0A646E0E700BF2DE9F04F894609686A
:1092800092468A7885B0302A0090029340F01C8282
:10929000CB1C1A78302A1C4603F10103F9D0A4EB49
:1092A0000108A8F10208B04EB35C002B00F0EE807C
:1092B0002378F25C00231D46002A00F06F812746C8
:1092C00017F8012FB25C002AFAD1A84901930122B4
:1092D0003846FFF707FA019B834600284FD03A78BB
:1092E000002D00F0C781A5EB070B4FEA8B0B02F0B6
:1092F000DF02502A3D464FD0C9F80070002B74D1D0
:109300002A1B013A072A194604DD5210072A01F1E7
:109310000101FADC009800F0CBFB8146002800F048
:10932000988200F11407AC42019780F00082A146B8
:109330004FF00008039000240CE0202C19D02146A7
:1093400004342A78B25C02F00F028A4048EA02082C
:109350004D4553D015F8012D2E2AEED14D45ECD3B5
:10936000824901222846FFF7BDF90028F0D0202CC1
:10937000E5D1002147F8048B04248846E1E7002D5D
:1093800000F095813A7802F0DF02A5EB070B502A36
:109390004FEA8B0B3D46AFD16A782B2A00F06881EB
:1093A0002D2A40F0E5800120AA78B15C4A1E182AD7
:1093B00005F1020700F2E5807A78B25C10390137D6
:1093C00052B90BE001EB810102EB4102A2F1100165
:1093D00017F8012FB25C0AB1192AF3DD00B1494236
:1093E0008B44C9F80070002B8AD0B8F1000F0CBF75
:1093F00006240024204605B0BDE8F08FDDF80C906F
:1094000047F8048B019BFF1ABB104046C9F8103087
:1094100000F028FCDAF80050C0EBC700A84255DC89
:10942000C0F22A81DAF808305B45C0F21881DAF818
:1094300004309B4580F2A780A3EB0B0BAB4570DAA1
:109440000BF1FF34002C40F0858126466311019A10
:1094500004F01F0452F823200123A3401342A5EB7C
:109460000B055946484600F08481FFF7A9FEDAF85B
:109470000C40DAF804B0022C00F03981032C00F023
:109480009281012C00F08B8112247DE0374901226A
:109490002046FFF727F90346002840F081806278D4
:1094A000B15C651C00297DD0302A2C4640F07D81BE
:1094B00014F8013F302BFBD0F25CB2FA82F34FF08C
:1094C00001085B09002A7FF4FAAE67E0441B2146DD
:1094D000484601F027F8064678B1621E53110199FB
:1094E000012651F8231002F01F0306FA03F30B4282
:1094F00003D0B24200F33481022621464846FFF7EA
:109500005FFEDAF80830A3445B45C0F2A880DAF8C1
:1095100004305B4540F3DC80A3EB0B0B5D4500F3AF
:109520000A81DAF80C20022A44D0032A00F02B81A9
:10953000012A42D1AB4540D1BBF1010F08D00BF15C
:10954000FF31484600F0EEFF002836D0DAF804304C
:1095500002990B60019B0122C9F810201A600E9B32
:109560006224C3F8009045E7F8430020400E002035
:10957000B15C4A1E182A05F101074FF000007FF682
:109580001BAF2F46B8E601240E9BC3F80090029B48
:109590002046C3F800B005B0BDE8F08F274694E63A
:1095A0002278254602F0DF02502A00F0E880C9F850
:1095B00000501AE70F9A002ACAD00098494600F0D6
:1095C000A1FA50240E9A00232046136005B0BDE88E
:1095D000F08FD9F808309E4280F2EA8009EB8602CB
:1095E000731C0121022CC9F81030DDF80480516190
:1095F00000F0CE80002B40F3008108EB830409F1DA
:109600001801D9F814308C424FEA530340F2158107
:1096100040460A6843EAC27340F8043B51F8043BF1
:109620008C424FEA5303F4D8A4EB0902193A08F12B
:109630000401900822F0030241F820300A4403B1EB
:109640000432A2EB08039B104245C9F8103000F029
:10965000D780DAF808300BF1010B5B4565DA00982A
:10966000494600F04FFA0E9A0023A3241360C1E686
:10967000002099E6AB463AE62C1A49460098224665
:1096800000F0A8FCDAF80830ABEB040B9B458146F0
:10969000E5DCDAF804309B45BFF675AFA3EB0B0BA6
:1096A00000F11402AB450192BFF63BAFC8E67A78F1
:1096B000B15C7D1C2F4600293FF419AE17F8012F2D
:1096C000B15C0029FAD10EE68C1C4FF00008EAE5E7
:1096D0000124002E3FF458AFDAF80C30022B06D0EC
:1096E000032B08D0012B2DD044F010044CE70F9B26
:1096F000C3F101030F930F9B002BF5D0019AD9F80A
:109700001060904602EB8600002104E042F8041B42
:1097100090427FF65EAF13685F1CF7D00133022CD6
:10972000136035D015F01F056ED121242CE7019F61
:109730004FF0000864E60BF1FF34002E3FF482AED8
:10974000012683E6B207CFD5019B1B681E43F307B2
:10975000D4D4C9E72146484600F0E4FE064675E643
:10976000A11E484600F0DEFE00283FF4C5AE0326E9
:10977000C3E6FFF725FD0224DAF804B0A9E74FF0AD
:10978000000B012308E60F9A002A7FF4E1AE14E7EC
:10979000DAF80030013BAB4243D02224F4E646F035
:1097A00002060224D0E70224A5E74FF0010886E56F
:1097B000D9F804100098013100F07AF90746002822
:1097C00041D0D9F8103002339A0009F10C010C3065
:1097D000F9F726FB4946009800F094F93B6901210E
:1097E00007EB8302022C0B443B6107F11408516123
:1097F000B946CDD09E4295DAFCE60023C9F8103078
:109800000023C9F8143024E708EB8606C5F12005CB
:1098100056F8040C00F026FAA84286DAD9F810307F
:10982000E8E66B1105F01F0558F823200123AB4033
:10983000134214BF21242224A6E6C8F80030002BCE
:10984000DBD04246FCE6064B06483A46842103F04C
:1098500065F8034B03484A46E42103F05FF800BF74
:1098600024360020383600200139036811F8012F12
:1098700003F1010CA2B100B502E011F8012F5AB1B9
:109880001CF8013BA3F1410EBEF1190F98BF203324
:109890009342F2D0002000BDC0F800C0012000BDFE
:1098A000C0F800C0012070472DE9F04F0B68154645
:1098B0005A1105EB820213F01F0385B00CBF9046CE
:1098C00002F10408009382460CBF131F134602687E
:1098D000002048F8040C5178002900F0B3801C46A1
:1098E0009C46CDF804A00B46654E86460132814663
:1098F00082464746214610E0202B00F29D805045CD
:1099000008DDA44502D2BEF1070F68DD65455DD3D1
:109910004FF0080E12F8013FCBB116F80380B8F1F2
:10992000000FE9D00EF1010EBEF1080F00F10100A9
:1099300041DCDCF800304FEA031B08F00F0848EA6E
:109940000B03CCF8003012F8013F002BE5D1B846EC
:109950000B46002876D0A44502D2BEF1070F79DD70
:1099600065455AD2291F624652F8040B41F8040F8C
:109970009A42F9D9A3EB0C02591C22F003020CF114
:10998000010C8C4588BF0022291D0A440020114685
:1099900004329A420860FAD958F8041C19B106E05A
:1099A00053F8042D1AB99D42FAD101232B600520EA
:1099B00005B0BDE8F08F6545ACD24CF8049C4FF083
:1099C000000BACF1040C4FF0010EB6E7ACF104044F
:1099D0004CF8049C8246A4464FF0000E9AE7CEF164
:1099E000080E4FEA8E0ECDE902C7DCF80030E046E3
:1099F000CEF1200B9446D8F8042002FA0BF71F434F
:109A000022FA0EF3C8F8007048F8043FA045F2D3DC
:109A10006246039FDDF808C078E7009A58F8041CF6
:109A2000002ABBD0C2F120024FF0FF3020FA02F230
:109A3000114048F8041CB1E7292BDDF804A0B84612
:109A40000B4603D0042005B0BDE8F08F0132CAF800
:109A500000207EE7CEF10802DCF800109200C2F18F
:109A6000200E66460846776807FA0EF1014327FA8A
:109A700002F0316046F8040FA642F4D370E700BF4D
:109A8000F843002082B049B15AB16BB113780B6032
:109A90001278101E18BF012002B0704701A9002AD9
:109AA000F3D1104602B070476FF00100F4E700BF39
:109AB00030B5436C83B005460C4653B153F82400CF
:109AC00088B1026843F824200023C0E9033303B0BF
:109AD00030BD21220421FCF789FD0346686400287B
:109AE000ECD10020F3E7012101FA04F35A1D9200A2
:109AF00028460193FCF77AFD0028F2D0019B4460D0
:109B00008360E1E731B1436C4A6853F82200086092
:109B100043F82210704700BF2DE9F0410E69174647
:109B20000D461C4601F114024FF0000E11688BB275
:109B300007FB03434FEA134C090C07FB01CC0EF162
:109B4000010E9BB203EB0C43764542F8043B4FEA0F
:109B50001C44EBDC3CB1AB68B34207DD05EB86038C
:109B600001365C612E612846BDE8F08169680131EB
:109B70008046FFF79DFF0746B0B12A69023205F122
:109B80000C0192000C30F9F74BF9D8F844306A68B0
:109B900053F82210296043F822503D4605EB860316
:109BA00001365C612E61DEE7024B03483A46BA217A
:109BB00002F0B4FE243600209C3600202DE9F84344
:109BC000092B089C1E460546884617463CDD224B5D
:109BD00006F10802A3FB02325208012300215B00B8
:109BE0009A4201F10101FADC2846FFF761FF0146C4
:109BF00060B30123092F4461036113DC08F10A04F7
:109C00000927BE420BDDF61B264414F8013B0A224D
:109C1000303B2846FFF780FFB4420146F5D10846A5
:109C2000BDE8F88308F10904A146B84414F8013BE3
:109C30000A22303B2846FFF76FFF44450146F5D125
:109C400009EB0704083CDCE70021CDE70A46034B9B
:109C50000348D32102F062FE398EE3382436002017
:109C60009C360020B0F5803F034636BF0304002039
:109C70001020B3F1807F3CBF1B020830B3F1805F3E
:109C800006D3B3F1804F0FD29A0012D4033070473D
:109C90001A01B2F1804F00F1040006D29B0108D4F2
:109CA0005B00F3D4202070471A46002AFBDB01300A
:109CB00070470230704700BF0368590708D0DA07C1
:109CC0001FD499072AD55B0803600122104670470C
:109CD0009AB282B91B0CDAB2B2B11022190701D1C3
:109CE00004321B09990714D0D90701D401325B084B
:109CF000036010467047DAB24AB11A0717D104223E
:109D0000EFE700221046704718221B0AE6E70822F8
:109D1000FBE7590707D502329B08E9E79B080222B7
:109D2000036010467047DB0804D12022CEE7DB0831
:109D30000322DDE70332DBE738B5436C04460D460A
:109D40004BB15868B0B102685A6000220123C0E9E3
:109D50000323456138BD21220421FCF747FC03465B
:109D600060640028EDD1094B0948002240F24511FA
:109D700002F0D4FD1C2201212046FCF737FC00280C
:109D8000F1D001220223C0E90123DEE724360020BE
:109D90009C3600202DE9F04F0F691569AF4285B060
:109DA0000E46904605DB2A4643463D468846174602
:109DB0001E46D8F80830D8F80410EC19A342B8BFF2
:109DC0000131FFF775FE8446002800F09C801430B6
:109DD00000EB840E704505D20346002143F8041BB6
:109DE0009E45FBD8143606EB870296427CD208F1DA
:109DF000140707EB8505A5EB080308F11508A8452E
:109E0000A3F11503CDE902E44FEA930A8CBF0024C5
:109E100001249146E34605E0090C34D1B14500F137
:109E200004005ED956F8041B8AB2002AF4D0CDE9AA
:109E30000090B8468646002358F8041BDEF8000060
:109E40001FFA81F94FEA114C81B202FB0911000C93
:109E5000194402FB0C0000EB114089B241EA0041B9
:109E600045454EF8041B4FEA1043E5D8DDE9009064
:109E7000002C4FEA8A0208BF00220244536056F8C1
:109E8000041C090CCAD00368CDF800908846BC4673
:109E9000864600221946BCF8009008FB092909EB08
:109EA00011499BB243EA09434EF8043B5CF8043B7A
:109EB000DEF800101B0C8AB208FB032303EB1943E6
:109EC00065454FEA1342E6D8002C4FEA8A02DDF8D6
:109ED000009008BF00220244B145536000F1040025
:109EE000A0D8DDE902E4DC46002C02DC05E0013C00
:109EF00003D05EF8043D002BF9D06046CCF810404A
:109F000005B0BDE8F08F034B034862464FF4B171D2
:109F100002F004FD243600209C360020F8B512F033
:109F20000303144607462FD10E46A4102AD03D6CD9
:109F3000002D32D004F0010364103BB92868B8B199
:109F4000054604F001036410002BF7D02A46314681
:109F50003846FFF71FFF36B17B6C716853F821203C
:109F6000326043F8216074B1064628680028E7D1C2
:109F70002A4629463846FFF70DFF00232860036074
:109F80000546DEE73046F8BD013B0F4A52F8232074
:109F90000023FFF7C1FD0646C7E701213846FFF75A
:109FA00087FD054640B1012340F27122C0E9043229
:109FB000002338640360BDE7044B05482A4640F29D
:109FC000451102F0ABFC00BF744A0020243600208B
:109FD0009C3600202DE9F0470D4691462E69AB686E
:109FE000496806EB6216741C9C4207464FEA6218E9
:109FF00004DD5B009C4201F10101FADC3846FFF709
:10A0000057FD844600284FD0B8F1000F00F114002E
:10A010000BDD08F105010CEB81010346002243F83A
:10A02000042B8B42FBD100EB8800296905F1140356
:10A0300019F01F0803EB810E2ED0C8F1200902464B
:10A040004FF0000A196801FA08F141EA0A0142F8E2
:10A05000041B53F8041B9E4521FA09FAF2D8AEEB13
:10A060000503153B23F0030305F11502964538BFA0
:10A070000023043340F803A0BAF1000F00D13446A6
:10A080007B6C6A68CCF8104053F822102960604657
:10A0900043F82250BDE8F087043853F8042B40F809
:10A0A000042F9E45F9D8EAE7034B044862464FF473
:10A0B000EF7102F033FC00BF243600209C360020F4
:10A0C00003690A6900B5B3EB020E12D100F1140C5A
:10A0D00014310CEB820301EB820101E09C4508D2B4
:10A0E00053F8040D51F8042D9042F7D003D24FF0ED
:10A0F000FF3E704600BD4FF0010E704600BD00BF30
:10A100002DE9F04F17460A693B69A2EB0308B8F145
:10A11000000F83B00C4615D1143107F1140505EB7F
:10A12000830501EB830302E0994280F0858053F8B8
:10A13000046D55F8042D9642F6D080F08A804FF0D9
:10A14000010805E0FBDB3B464FF000080F461C46CC
:10A150007968FFF7ADFC002800F086803A6926692F
:10A16000C0F80C8007F1100107F11408834600F1D4
:10A17000140704F1140008EB820E944600EB8606E7
:10A180000023B946C2460A46019450F8041B52F80F
:10A19000045F8CB21FFA85F8A8EB0408090C9844F8
:10A1A000C1EB154101EB28411FFA88F848EA014448
:10A1B000864249F8044B4FEA2143E6D8A146019C68
:10A1C000301B1538153420F00300A64238BF00209C
:10A1D0000AEB00010431C4198E4562460846DC468C
:10A1E00098BF23461AD9A7EB0A070434C61950F8BA
:10A1F000045B13FA85F82B442D0C05EB28459BB224
:10A2000043EA05498645C6F800904FEA2543EDD854
:10A210000EF1FF335B1A23F003032344B9F1000F5F
:10A2200004D153F8041D013A0029FAD06046CCF855
:10A23000102003B0BDE8F08F0021FFF739FC844601
:10A2400058B101220023C0E90423604603B0BDE8F1
:10A25000F08F3B4627461C467AE7074B0748624685
:10A2600040F2372102F05AFB0246034B034840F20A
:10A27000452102F053FB00BF243600209C3600200D
:10A2800082B08DED000B019A154B1340A3F1507372
:10A29000002B06DD00221946104641EC100B02B0DF
:10A2A00070475B42B3F1A07F4FEA235209DA4FF4C3
:10A2B0000023134100221946104641EC100B02B056
:10A2C0007047A2F114031E2BDABF4FF00042DA40B0
:10A2D000012200231946104641EC100B02B07047D2
:10A2E0000000F07FF8B5036900F114040F4604EB99
:10A2F00083010D1F51F8046C3046FFF7B3FCC0F129
:10A3000020030A283B6034DDAC42A0F10B031AD2D3
:10A3100051F8080C2BB3C3F1200C9E4020FA0CF22C
:10A320001643A1F108059840AC4246F07F5343F430
:10A3300040131AD251F80C1C21FA0CF108430246C2
:10A3400043EC102BF8BD0B280AD006FA03F141F0BC
:10A350007F53002043F44013024643EC102BF8BD1A
:10A36000002046F07F5343F44013024643EC102B89
:10A37000F8BDAC4238BF51F8081CC0F10B0C00F11D
:10A38000150026FA0CFE34BF21FA0CF1002106FA62
:10A3900000F04EF07F53084343F44013024643EC71
:10A3A000102BF8BD2DE9F043894683B0012157EC0D
:10A3B000106B9046FFF77CFB0446002846D0C7F39D
:10A3C0000A55C7F313030DB143F480130193331EF1
:10A3D00015D101A8FFF770FC019B636101212030BA
:10A3E000216115B3A5F233450544C0F13500C9F824
:10A3F0000050C8F80000204603B0BDE8F08368466E
:10A400000093FFF759FCDDE9002328B1C0F12001DA
:10A4100003FA01F10A43C340002B0CBF01210221C2
:10A420006261A3612161002DDCD104EB8103A0F204
:10A430003240C9F800001869FFF714FCC0EB411066
:10A44000C8F80000204603B0BDE8F083034B044881
:10A45000224640F20F3102F061FA00BF243600209C
:10A460009C360020F0B583B00E4669460746FFF7DC
:10A4700039FF01A9304655EC104BB0EE407BFFF799
:10A4800031FF33693A69D21ADDE900315B1A03EB17
:10A490004213002B09DD17EE902A02EB035545EC21
:10A4A000174B87EE000B03B0F0BD10EE902A51EC75
:10A4B000100BC3EB033302EB035141EC100B87EE9F
:10A4C000000B03B0F0BD00BF0139491101F1010CCF
:10A4D000116902F1140303EB81018B4200EB8C0C38
:10A4E00016D210B5A0F1040E53F8044B4EF8044FE9
:10A4F0009942F9D8891A153921F00301043008442A
:10A50000844504D9002340F8043B8445FBD810BDA2
:10A51000844505D9002340F8043B8445FBD87047A7
:10A52000704700BF03694A11934200F1140009DA31
:10A5300000EB830302E053F8042D82B98342FAD87A
:10A540000020704700EB8203F8DD11F01F01F5D009
:10A5500050F822C02CFA01F28A409445EED0012036
:10A56000704700BF49B1FF2A02D80A700120704726
:10A570008A2303604FF0FF3070470846704700BFE2
:10A58000000000002DE9F04F2DED028BD1B00C46FC
:10A59000079190460993824602F076F90368119379
:10A5A0001846FEF7EFFB08221090002120A8FEF7C6
:10A5B00055F8A389180603D52369002B01F06E8096
:10A5C00000239FED728BCDE92533CDE9143327AA03
:10A5D0000D932492174612931393059345462C46E8
:10A5E0006C4BD3F8CC61FEF7EFF820AA034600923B
:10A5F0001AA922465046B047002800F09880C0F2C1
:10A600008E801A9A252A034601D01C44E8E7B4EB51
:10A610000508064640F08F8000234FF0FF328DF88A
:10A620005F309B46069301342378049201349946A7
:10A63000A9F120035A2B00F2AF80DFE813F0FE02ED
:10A64000AD00AD00FA02AD00AD00AD00DD02AD0021
:10A65000AD00A802B702AD00B302C002AD00BC025B
:10A660005B005B005B005B005B005B005B005B0012
:10A670005B00AD00AD00AD00AD00AD00AD00AD00C4
:10A680002101AD009C01AC03210121012101AD009C
:10A69000AD00AD00AD00A803AD00AD000803AD00F6
:10A6A000AD00AD007302AD006103AD00AD009807D1
:10A6B000AD00AD00AD00AD00AD00AD00AD00AD0032
:10A6C0002101AD009C018701210121012101ED0340
:10A6D00087016C00AD000804AD00F8033D041304CD
:10A6E0006C00AD0073026A008303AD00AD00FB0790
:10A6F000AD006A00A9F13003002214F8019B02EBBF
:10A70000820203EB4202A9F13003092BF5D906922C
:10A710008EE723788AE723784BF0200B86E7082220
:10A72000002120A8FDF79AFF01231C4458E7B4EB51
:10A730000508064610D02599269B01314344072978
:10A74000C7E900582693259117DC0837059B434439
:10A750000593002E7FF460AF269B002B41F003830E
:10A76000079B9B8903F04003002B41F0CF8605989F
:10A7700051B0BDEC028BBDE8F08F079924AA50467A
:10A7800001F022FF0028EBD127AFDFE70000000037
:10A79000000000000C540020B9F1000FDCD00023B1
:10A7A000CDE90B3301228DF8DC908DF85F300893F2
:10A7B0000A9204930E9337AD0292269A1BF08403FB
:10A7C000904600F005819DF85F1009B3DDF894C054
:10A7D00000260CF1010101200132786007290DF1FA
:10A7E0005F00CDE92512386000F33E8408377EB162
:10A7F000DDF894C00CF1010118A802323860072975
:10A800004FF00200CDE92512786000F3208408376C
:10A81000802B00F06583049B0A995E1A002E00F3DA
:10A82000E8801BF4807F40F021810A9B7B601A4402
:10A83000259B3D600133072B2692259300F3BC83B3
:10A8400008371BF0040F05D0069B02995D1A002DF6
:10A8500000F31884DDE9053102988142ACBF5B1832
:10A860001B180593002A40F0778300232593089B4B
:10A870001BB108995046FEF797FB27AF2546AEE679
:10A88000099B073323F00703B3EC028B9FEDA17BF9
:10A89000B0EEC86BB4EE476BF1EE10FA099300F31B
:10A8A0003986B4EE488BF1EE10FA81F14685B9F1A4
:10A8B000610F01F07A83B9F1410F01F07084049BBC
:10A8C000013301F07F82B9F1670F18EE903A4BF433
:10A8D000807801F0F584B9F1470F01F0F18400238D
:10A8E000089318EE903A002BC1F20885B0EE487B31
:10A8F0000026A9F14103252B01F2DD81DFE813F0E9
:10A90000A50CDB09DB09DB09700ADD0ADB09DB09C1
:10A91000DB09DB09DB09DB09DB09DB09DB09DB0917
:10A92000DB09DB09DB09DB09DB09DB09DB09DB0907
:10A93000DB09DB09DB09DB09DB09DB09DB09DB09F7
:10A94000A50CDB09DB09DB09700ADD0A1BF0200F0F
:10A9500040F0DE85099A1BF0100F52F8046B41F0AD
:10A960001C861BF0400F099201F08E8046F3C03820
:10A97000434636B21FE2B9F1430F03D01BF0100F6C
:10A9800000F065860822002122A8FDF767FE099ADB
:10A9900037AD126822AB2946504602F089FF0A9073
:10A9A000013001F0AE850A9B23EAE3730293099B11
:10A9B000269A043309930023CDE90B338DF85F30D9
:10A9C000089304930E931BF0840390467FF4FBAE30
:10A9D0000699029E8E1B002E00F321849DF85F10C5
:10A9E00000297FF4F3AE049B0A995E1A002E7FF7CC
:10A9F00018AF4A49259B0F91102E27DD39464FF09D
:10AA0000100837462E462546079C04E0103F102FBD
:10AA100001F1080116DD013340481032072BC1E96E
:10AA20000008CDE92532F1DD24AA2146504601F087
:10AA3000CBFD002840F09882103F102FDDE9253231
:10AA400027A9E8DC2C4635463E460F4601330F99D0
:10AA500039603244072BCDE925327E6000F36484EF
:10AA60001BF4807F07F108073FF4DFAEB9F1650FF3
:10AA700040F3AC82B5EE408BF1EE10FA40F0528319
:10AA8000259B27493960013301320121072B26928A
:10AA90002593796000F37F870837199B0D998B42C6
:10AAA00080F2EB84109B11991A44C7E90013259B8F
:10AAB00026920133072B259300F3D38508370D9B8E
:10AAC0005D1E002D7FF7BDAE1449259B0F91102D03
:10AAD00040F39787A146DDF81C8010260C4604E061
:10AAE0000837103D102D40F38B8701331032072BB0
:10AAF000C7E90046CDE92532F2DD24AA4146504699
:10AB000001F062FD002840F02F82DDE9253227AFF9
:10AB1000E7E700BFFFFFFFFFFFFFEF7F784B00205D
:10AB2000300F0020DDF8248058F8045B00238DF8F6
:10AB30005F30002D00F0A185B9F1530F00F0378789
:10AB40001BF010030B9340F03287049B002BC1F2E3
:10AB5000FC801A460B992846FEF7B4F89DF85F3042
:10AB60000890002801F04884089A521B0A9222EAB1
:10AB7000E27202920BB1013202920B9BCDF824805B
:10AB800004930E930C9308934FF0730915E6099BF9
:10AB900053F8042B0692002A80F27584069A0993D2
:10ABA0005242069223784BF0040B3FE52B238DF89D
:10ABB0005F3023783AE523784BF0800B36E5214669
:10ABC00011F8019BB9F12A0F01F09084A9F130032B
:10ABD000092B98BF002201F2DD8211F8019B02EBE4
:10ABE000820203EB4202A9F13003092BF5D942EAB4
:10ABF000E27304930C461BE5504601F045FE4368A2
:10AC000013931846FEF7BEF815900646504601F01D
:10AC10003BFE826823781492002E3FF407AD002A91
:10AC20003FF404AD1278002A3FF400AD4BF4806B82
:10AC3000FCE423784BF0010BF8E49DF85F202378C7
:10AC4000002A7FF4F3AC20228DF85F20EEE41BF0A5
:10AC5000200F4BF0100000F02884099B073323F0ED
:10AC600007031A46596852F8083B099200228DF8EA
:10AC70005F20049A002A18DB53EA010220F4906B4B
:10AC800015D1049A9AB910F001031A46029300F004
:10AC9000738630238DF83F31049B0A92CDE90B3344
:10ACA0000E9308930DF23F1587E520F4806B50ADAD
:10ACB00003F00702DB0843EA4173C908303253EA64
:10ACC0000106284605F8012DF2D11BF0010F00F016
:10ACD0001582302A00F012823023049905F8013CD5
:10ACE000023850AB1B1A99424FF00002B8BF194608
:10ACF000CDE90B2208920A93054602910E925CE57B
:10AD00001BF0200F4BF0100121D1099B1A1D099B4C
:10AD100004981B684FF0000840458DF85F801E4680
:10AD200059DB21F0800B002B40F08C850992002824
:10AD300040F0E983CDE90B000A900E900290089054
:10AD400050AD3AE51BF0200F00F0BE835946099B39
:10AD5000073323F0070200238DF85F30049BD2F8FD
:10AD6000048052F8086B0992002B35DB56EA080381
:10AD700021F0800B31D1049B002B40F0C483CDE93E
:10AD80000B330A930E930293089350AD15E5237885
:10AD90004BF0080B4AE41BF0200F4BF0100300F0BF
:10ADA0007A83099A073222F007029B46536852F8C9
:10ADB000086B09929846002BC0F2C282049A002ABE
:10ADC0000BDB56EA08032BF0800B06D1002A00F0BB
:10ADD0004187302607E009928B460A2E78F100035E
:10ADE00080F0BF823036049A9DF85F308DF83F6165
:10ADF000012AB8BF0122029201220A920DF23F15E8
:10AE0000002B01F06D83029B013302930023CDE9F7
:10AE10000B3308930E93D0E42378682B03BF637839
:10AE20004BF4007B01344BF0400BFFF7FFBB099A5A
:10AE30001BF0200F02F1040300F0888312680599CB
:10AE40001160C917516009932546FFF7C8BB2378E5
:10AE50006C2B03BF63784BF0200B01344BF0100BCD
:10AE6000FFF7E4BB099A049E52F8041B002047F642
:10AE700030038642ADF860308DF85F000B46C0F2BB
:10AE8000DB832BF0800545F0020B002940F0D683D0
:10AE9000002E00F0E686099230230122CDE90A2136
:10AEA0000E918DF83F3102960DF23F154FF0780963
:10AEB0008E4608910C91A5E31BF0200F40F02583EE
:10AEC000099A1BF0100F52F8043B41F05E831BF00F
:10AED000400F00F0E9859BB2099258460021C5E673
:10AEE000069B02995E1A002E7FF795AC8B49259B35
:10AEF0000F91102E24DD38464FF010082F461946CA
:10AF00002546864C04E0103E102E00F1080013DDAB
:10AF1000013110320729C0E90048CDE92512F2DDE0
:10AF2000079924AA504601F04FFBE8B9103E102EB5
:10AF3000DDE9251227A8EBDC2C460B463D460746EB
:10AF400001330F9939603244072BCDE925327E60F9
:10AF500000F3638508375EE4079924AA504601F0A0
:10AF600033FB00283FF481AC089B002B3FF4F8AB87
:10AF700008995046FEF718F8079B9B8903F0400399
:10AF8000FFF7F2BB109B11991A44C7E90013259BE8
:10AF900026920133072B259300F3068707F108015A
:10AFA0000028C1F21E810D980D6001330244072B69
:10AFB000CDE92532486046DD079924AA504601F0C4
:10AFC00003FB0028D0D1269A27AF3AE40D98259BA1
:10AFD000012802F1010203F1010307F1080140F326
:10AFE00064810120072BCDE925323D60786000F3B4
:10AFF0002C821098119E01330244072BC1E9006096
:10B00000CDE9253200F32D8208310D98B5EE408B45
:10B01000F1EE10FA00F1FF3600F05F8101330135E7
:10B020003244072BCDE925320D604E6000F3498193
:10B0300008311298486001330244072B1CA8CDE95F
:10B0400025320860B8DC01F10807FFF7FABB079961
:10B050000F9324AA504601F0B7FA002884D1269A0B
:10B060000F9B27AFFFF7D4BB07990F9324AA504635
:10B0700001F0AAFA00287FF477AF269A0F9B27AF3A
:10B08000FFF7B5BB102D259B41F3D580A046DDF819
:10B090001C90234C102604E0103D102D07F10807EA
:10B0A00015DD01331032072BC7E90046CDE9253203
:10B0B000F2DD24AA4946504601F086FA00287FF4C2
:10B0C00053AF103D102DDDE9253227AFE9DC2146D5
:10B0D0004446884601332A44072BC7E90085CDE959
:10B0E00025327FF7B7AB079924AA504601F06CFAD6
:10B0F00000287FF439AF269AFFF7ACBB049950AA19
:10B10000521B91424FF00003B8BF1146CDE90B33FB
:10B1100008930A9202910E93FFF74FBB784B0020E1
:10B120005C4600201998002840F300840B9B0D9981
:10B130008B42A8BF0B46002B98460ADD1A44C7E98C
:10B140000053259B26920133072B259300F3B487E8
:10B1500008370B9EB8F1000FA8BFA6EB0806002E1B
:10B1600000F3AB820B9B1BF4806F03EB050940F0EF
:10B17000CA82199B0D998B4203DB1BF0010F00F073
:10B180007D85109911980A44C7E9000125992692F6
:10B1900001310729259100F39B8708370D996E1817
:10B1A000A6EB0906CD1AAE42A8BF2E46002E0BDD37
:10B1B000259BC7F8009001333244072B7E6026920E
:10B1C000259300F3D3870837002EA8BFAD1B002DB1
:10B1D0007FF737ABB949259B0F91102D40F31184B0
:10B1E000A146DDF81C8010260C4604E00837103D0F
:10B1F000102D40F3058401331032072BC7E90046B8
:10B20000CDE92532F2DD24AA4146504601F0DCF9B1
:10B2100000287FF4A9AEDDE9253227AFE7E72599BD
:10B22000102E404640F361870F943A46A846079C8B
:10B23000A34D1F4604E0103E102E02F1080216DD59
:10B240000131103010230729CDE925101560536016
:10B25000F1DD24AA2146504601F0B6F900287FF41A
:10B2600083AE103E102EDDE9251027AAE8DC3B4610
:10B270000F9C17462A464546904601F1010C3218AC
:10B28000BCF1070FCDE925C2C7F800807E6000F34E
:10B2900036839DF85F100837002940F0F880002BB6
:10B2A0003FF4B9AA0B46FFF7A5BA1BF0010F7FF4D4
:10B2B00098AE0120072BCDE925323D6078607FF7FD
:10B2C000B8AE079924AA504601F07EF900287FF411
:10B2D0004BAEDDE9253227A9ABE60D9801287FF7B3
:10B2E000A8AE112875480F9040F3B783A046079F7A
:10B2F0001025044604E00831103E102E40F3AC83C4
:10B3000001331032072BC1E90045CDE92532F2DDCA
:10B3100024AA3946504601F057F900287FF424AE9C
:10B32000DDE9253227A9E7E7079924AA504601F06D
:10B330004BF900287FF418AE269A27AFFFF771BAB1
:10B340002D238DF85F30049B764268EB4808002B74
:10B35000FFF643AD0A2E78F100032BF0800BFFF4CB
:10B3600041AD0294CDF8289050A9DDF8509008978F
:10B370004FF0000C0BF4806426E016EB08035148F4
:10B3800043F10003A0FB032020F0030202EB900234
:10B390009B1AF31A4B484FF0CC32B646474602FB95
:10B3A00003F268F1000800FB0822A3FB0063BEF172
:10B3B0000A0F13444FEA560677F10007294646EA7A
:10B3C000C3764FEA53082DD33E4D16EB080343F1E5
:10B3D0000003A5FB032020F0030202EB90029B1A5E
:10B3E000F31AA3FB053268F1000005FB00225B089D
:10B3F00043EAC27303EB8303A6EB430330330CF140
:10B40000010C01F8013C4D1E002CB6D099F800301B
:10B410006345B2D1BCF1FF0FAFD00A2E78F1000323
:10B4200080F0B3830499029CCDF8509050AB5A1B26
:10B430009142B8BF1146DDF82890089F9DF85F3013
:10B44000CDF834C00A920291DAE4079924AA504652
:10B4500001F0BAF800287FF487ADDDE9253227A98D
:10B46000C7E5079924AA504601F0AEF800287FF4FA
:10B470007BADDDE9253227A9C7E51BF0010F3FF4BD
:10B48000E0A9FFF70FBB09932378FFF7CFB81E465B
:10B490000023FFF79EB9099A0432099909920E68B0
:10B4A0004FEAE6789B46434685E4099B1A1D099BB3
:10B4B00009921B680021FFF7D9BB00BF784B002021
:10B4C0005C460020CDCCCCCC099A1BF0100052F881
:10B4D000043B41F057801BF0400100F0A8818DF83B
:10B4E0005F009BB204994FF0000841451E46C0F230
:10B4F000A9812BF0800B002B40F0A481049B0992C2
:10B50000002B3FF43CAC00266CE45846FFF7A5BB8B
:10B510005B4646E4B5EEC08BF1EE10FA2BF0800BE3
:10B5200000F11E839DF85F30B9F1470FCCBFA44DE9
:10B53000A44D002B40F052870322CDE90B33089332
:10B540000A9204930E930292FFF737B91BF0100F83
:10B5500040F07C821BF0400F40F0A7831BF4007F7B
:10B5600000F07482099A0599126811706BE4964E86
:10B570001BF0200F00F07D81099B073323F00703A8
:10B580001A46586852F8083B09921BF0010140F036
:10B590005C81049A8DF85F10002AC0F28B8153EA17
:10B5A00000022BF4906B00F0948103F00F02B25C68
:10B5B0008DF83F211B0943EA0073020953EA10107A
:10B5C0000DF23F150BD003F00F001B09305C05F89E
:10B5D000010D43EA0273120953EA0200F3D1049AFF
:10B5E00050AB4FF0000E5B1B9A42CDE90BEEB8BF9B
:10B5F0001A460A930292CDF820E0CDF838E00029EF
:10B600003FF4DBA8029BDDE925C2023302931BF065
:10B6100084039046614604D1069E0298361A002E95
:10B6200006DCBEF1000F3FF4E5A80226FFF7D1B813
:10B630000223F5E5654E9BE74BF0020B0992634E42
:10B6400003F00F020221B25C4FF07809B0E7099BCA
:10B650001B688DF8DC30012302930A9337ADFFF7A6
:10B66000A6B9079924AA504600F0AEFF00287FF43F
:10B670007BAC269A27AFFFF722BA049B0895062BCE
:10B6800028BF062302930A932B460495CDE90B337A
:10B690004F4DCDF824800E93FFF78FB840215046D0
:10B6A000FAF7F0FF079B18601861002800F0608728
:10B6B000079A40235361FEF783BF102E259B40F36A
:10B6C0002E874448DDF81C800F9039464FF0100952
:10B6D000074604E00831103E102E40F32B82013360
:10B6E0001032072BC1E90079CDE92532F2DD24AA19
:10B6F0004146504600F068FF00287FF435ACDDE994
:10B70000253227A9E7E70D9BDDF83880CDF83CB05E
:10B71000EB1804930C9BDDF81CB00B94002B4E46E9
:10B720003946DDF85090159F0E9531DDB8F1000FC8
:10B7300040F32B8108F1FF382598139B01303A44E0
:10B740000728C1E900372692259000F39F80083131
:10B75000049B99F800009D1B8542A8BF0546002D5B
:10B760000CDD259801302A440728C1E9006526929E
:10B77000259000F35E8199F800000831002DACBFE0
:10B78000441B0446002C14DC06440C9B002BCDDC2F
:10B79000B8F1000FCEDCDDE90D35EB189E42CDF897
:10B7A00050900B9CDDF83CB0B1460F4628BF99463F
:10B7B000DFE4102C2598074B2BDD10250A9310E0B1
:10B7C000C8350020F836002014370020003700204C
:10B7D00028370020784B0020103C102C01F1080184
:10B7E00016DD0130AE4B10320728C1E90035CDE936
:10B7F0002502F1DD24AA5946504600F0E5FE002856
:10B800007FF4B2AB103C102CDDE9250227A9E8DC5F
:10B810000A9B0B60013022440728CDE925024C60C9
:10B8200000F3588399F8000008310644ADE71BF493
:10B83000007840F0328204998DF85F8000291E461E
:10B84000BFF657AE0992FFF7C8BA53EA000237D0E5
:10B8500030228DF8602000228DF85F20049A8DF848
:10B860006190002A23DB2BF4906242F0020B02214C
:10B870009BE6099A1BF0100F52F8043B099214D171
:10B880001BF0400F0DD09BB200207EE624AA594643
:10B89000504600F099FE00287FF466AB269A27A94F
:10B8A00056E71BF4007F40F0F58100206DE64BF079
:10B8B000020B022103F00F022BF4806BB25C77E6DF
:10B8C000049B00218B428DF85F10C0F241812BF464
:10B8D000906B049A002A00F0CB80012A33788DF80F
:10B8E0003F31B8BF0122002302920122CDE90B3380
:10B8F00008930A920E930DF23F15FEF75EBF07996B
:10B900000F9324AA504600F05FFE00287FF42CAB72
:10B910009DF85F10269A0F9B002900F0AC801E4610
:10B92000DDF894C0034627AFFEF753BF259B5D4962
:10B930003960013301320121072B2692259379606A
:10B9400000F37C81083700287FF41CAB0D990BF0C5
:10B9500001030B433EF475AF109B11991A44C7E9DC
:10B960000013259B26920133072B259300F31C829D
:10B9700007F10801FFF717BB049B0A93CDE90B33CE
:10B980000E93089350ADFEF718BF0C9B013B09F1D5
:10B99000FF390C93D0E6079924AA504600F014FE14
:10B9A00000287FF4E1AA269A27AFFFF776B808228D
:10B9B000002122A81B95FCF751FE049B002B7DDB88
:10B9C00000260294CDF82080344698460EE037A930
:10B9D000504601F06DFF411C204400F09484404526
:10B9E00009DC06F1040600F0008504461B9A925912
:10B9F00022AB002AEBD10A94DDF82080029C6AE099
:10BA00004C4601330F9939602A44072B7D60CDE9FC
:10BA100025327EF715AFFFF7CFBA079924AA504613
:10BA200000F0D2FD00287FF49FAA269A27AFFEF7E8
:10BA3000F2BE24AA5946504600F0C6FD00287FF405
:10BA400093AA99F80000269A27A997E6099A0599DA
:10BA500012681160FFF7F7B9444601330F98086088
:10BA60003244072BCDE925324E607FF7E1AA28E466
:10BA7000049BFFF784B9002B00F00981DDF894C026
:10BA80000B4627AFFEF7B6BE1BF4007F16BF46F38A
:10BA9000C0184FEAE67876B24346FFF78CB900BF8C
:10BAA000784B0020300F00201BF4007100F0F9806B
:10BAB000DBB2099258460021FFF7D8B822AB0093B9
:10BAC00000231BAA1946504601F01AFF0A900130C4
:10BAD00000F019841B950A9B002B00F09F80632BBC
:10BAE00000F34C810023089337AD0822002122A8DF
:10BAF000FCF7B4FD0A9E22AB00931BAA33462946ED
:10BB0000504601F0FDFE864240F042850A9A00232D
:10BB1000AB5422EAE27202929DF85F20049312B1C4
:10BB2000029A01320292CDE90B33CDF824800E93B4
:10BB3000FEF743BE0F4601330F9939603244072B9D
:10BB4000CDE925327E6000F323810837FFF70ABB79
:10BB500033788DF83F312BF4806B0DF23F153EE5C5
:10BB60002D238DF85F30B9F1470F4FF00003089394
:10BB7000049340F3E6800322964D0A92CDE90B33FD
:10BB80000E9304230293FEF718BE159A1399AD1A6B
:10BB90002846FCF7E3FD99F801300BB109F10109E2
:10BBA0008D4A16EB080343F10003A2FB030727F0BD
:10BBB000030000EB97001B1AF31A4FF0CC3168F129
:10BBC000000803FB01F102FB0811A3FB0230014452
:10BBD0005B0843EAC1764FEA510816EB080343F1CC
:10BBE0000003A2FB031020F0030101EB90015B1A9C
:10BBF000F31AA3FB023168F100005B0802FB00129C
:10BC000043EAC27303EB8303A6EB4303303305F827
:10BC1000013C4FF0010C013DFFF7F8BB9DF85F3090
:10BC2000CDF82480003B18BF012302930A9B0493A4
:10BC3000CDE90B330E930893FEF7BFBD079924AAF5
:10BC4000504600F0C1FC00287FF48EA91998269A6E
:10BC500027AF78E69DF85F3002920A9250ADFFF769
:10BC6000CFB8049B0992CDE90A330E930C9302934B
:10BC700050AD4FF078099E460893C3E46E18A6EBCA
:10BC80000906CD1AAE42A8BF2E46FFF79DBA27AFD0
:10BC9000FEF7C1BDDBB2002077E48DF85F10DBB2A8
:10BCA00020E409925846FEF7E1BF099A0599126807
:10BCB0001180FFF7C8B822AB01931BAB0093B0EE25
:10BCC000470B049A19AB022150468DED027B00F020
:10BCD000D9FE9DED027B05461BF0010F40F0558219
:10BCE000229B5A1B199B0D92D81C0B93C0F2018208
:10BCF00004999942C0F20B819A4200F392820B9B05
:10BD00000A931BF4806F03D00B9B002B00F32D8351
:10BD10000A9B23EAE373C34602934FF067090023AB
:10BD20000E930C930BF00201002E00F0CA804FF02E
:10BD30002D0E8DF85FE0029B0133029300230493E4
:10BD40005DE40322254D0A9218E72846FDF71AF80C
:10BD50009DF85F300A9020EAE0720292002B3EF4D8
:10BD60000CAFFEF708BF079C24AA2146504600F0FE
:10BD70002BFCA38903F04003FEF7F6BC591C504688
:10BD8000FAF780FC0546002800F0F6830890ACE640
:10BD9000079924AA504600F017FC00287FF4E4A875
:10BDA000269A27AFFFF7DEB9079924AA504600F07C
:10BDB0000BFC00287FF4D8A8DDE92532199827A9C3
:10BDC000FFF7EEB800230893062304934BF4807822
:10BDD000FEF787BDC8350020CDCCCCCCF83600208E
:10BDE000049B01330D93022122AB01931BAB009303
:10BDF000B0EE470B19AB0D9A50468DED027B00F06B
:10BE000041FE0D9B29F0200CBCF1460F9DED027BFD
:10BE1000054600EB030100F09880B5EE407BF1EEA3
:10BE200010FA00F0D882229B994288BF4FF0450C4F
:10BE300040F2CF8230205A1C22921870229B8B42F3
:10BE4000F9D35B1B0D93BCF1470F199B0B9356D095
:10BE5000BCF1460F00F08F800B9B8DF87090013B7A
:10BE6000002B1993C0F24C812B22092B8DF87120E5
:10BE700000F34F8130228DF872200DF173023033C0
:10BE800002F8013B1CABD31A12930D9B129A012BA3
:10BE90001A440A9240F341820A9B109A13440A936F
:10BEA0000A9A2BF4806343F4807B22EAE272002337
:10BEB000CDE90B330E93029234E7049B0D930321DB
:10BEC00092E79DF85FE0BEF1000F7FF434AF049677
:10BED000FFF795BB24AA5946504600F075FB002891
:10BEE0007FF442A899F80000269A27A906444CE45A
:10BEF000199B0B934B1BBCF1470F0D933BD10B9B35
:10BF00000333C0F2F680049B0B9A93420FDA0B9B2B
:10BF1000013BA9F10209002B8DF870901993A3DA67
:10BF20000B9B2D22C3F101038DF87120A2E70D9B1D
:10BF30000B9A934200F375811BF0010F0B9B00F0ED
:10BF4000B282109A13440A93DBE62B78302B00F070
:10BF50006182199B1944B5EE407BF1EE10FAC7D00F
:10BF6000229B8B42FFF466AF5B1B0D93BCF1470F26
:10BF7000199B0B93C3D00B99049A0BF00103002972
:10BF800043EA020340F3CF82002B40F01A820B9B5E
:10BF90000A934FF066091BF4806F40F0E8810A9B1A
:10BFA00023EAE373C3460293B9E647F63003ADF8DC
:10BFB0006030049B632B4BF0020B00F35C8118EEA6
:10BFC000903A002BC0F23B81B0EE480B19A800F06C
:10BFD00061FCB4EE007B20EE077BB5EE407BF1EE1A
:10BFE00010FA40F0408201230026199337AD0896DD
:10BFF000AE480499B3EE004B2B4606E0B5EE407B0D
:10C00000F1EE10FA00F00F82114627EE047BFDEEF0
:10C01000C76B4A1E16EE90CA10F80CE0B8EEE65B4D
:10C020009C4637EE457B03F801EB0029E6D1B6EEDE
:10C03000005BB4EEC57BF1EE10FA08DCB4EE457B94
:10C04000F1EE10FA1ED116EE902AD2071AD5CDF8CD
:10C0500088C013F8011C90F80FC08C451A460AD10D
:10C060004FF0300E02F801EC229A511E229112F884
:10C07000011C6145F6D0392916BF0131817AC9B258
:10C0800002F8011C199A5B1B0D93B9F1610F02F1C3
:10C09000FF33199300F01F8250214FF04109002B0C
:10C0A0008DF87010C0F20E822B22092B8DF87120B2
:10C0B0002FDC0DF17202E2E6079924AA504600F047
:10C0C00083FA00287EF450AF269A27AFFFF741B8D5
:10C0D000079924AA504600F077FA00287EF444AF6E
:10C0E000199B269A27AFFFF759B8DFF8CC81FFF7E5
:10C0F000C4B80B9BA9F10209013B8DF8709019930C
:10C100000B9A2D238DF87130C2F101030832BFF66E
:10C11000B1AE0DF17F0CDFF8A4E162461046AEFB34
:10C120000312D20802EB8201A3EB41013031632BF1
:10C1300000F8011C134600F1FF32EFDC303302F847
:10C14000013C831E634580F0C8810DF1710213F834
:10C15000011B02F8011F6345F9D103F5A0736B447D
:10C16000CC3B1B1A1CAA9B1A12938EE6079924AA91
:10C17000504600F029FA00287EF4F6AE199D0D9B7A
:10C18000269A5D1B27AFFFF71FB8049B4FF0470CA3
:10C19000E918E0E600230C460493FEF749BA45F699
:10C1A0003003ADF86030049B632B4BF0020B62DC74
:10C1B00018EE903A002B42DBB0EE480B19A800F0C5
:10C1C00069FBB4EE007B20EE077BB5EE407BF1EE21
:10C1D00010FA01D10123199300263548089637AD8E
:10C1E00007E74642103033480F9052DA1027804656
:10C1F00003E00831103E102E4BDD01331032072BC7
:10C20000C1E90087CDE92532F3DD079924AA50461C
:10C2100000F0DAF900287EF4A7AEDDE9253227A97F
:10C22000E8E70D9B109A9A180B9B0A92002B79DD78
:10C230004FF06709AFE6DFF88080FEF74BBF0023C1
:10C24000089337AD2D26B1EE487BB0EE470B19A809
:10C2500000F020FBB4EE007B20EE077BB5EE407BC8
:10C26000F1EE10FA04BF01231993B9F1610F3FF405
:10C27000BFAE0F48BDE6049B5046591CFAF702FAC0
:10C280000546002800F03D8108904BF48078FEF7C9
:10C2900028BB01330F9808603244072BCDE92532C3
:10C2A0004E6000F302810831FEF77DBE00370020AA
:10C2B00014370020784B00205C460020CDCCCCCC3D
:10C2C000049A002A00F0D480002BC0F22481B0EE42
:10C2D000487B002622AB01931BAB0093B0EE470BCB
:10C2E00019AB049A022150468DED027B00F0CAFB87
:10C2F00000239DED027B05460893EDE42D26B1EE6B
:10C30000487BFEF7F6BA079B9B890022089243F010
:10C310004003079A9381FEF727BE1BF0010F3FF4FD
:10C32000BFADB9E5C3F101031A4422EAE273C34683
:10C330000A9202934FF06709F1E418EE903A13F075
:10C3400000432BF0800B0B9300F09A802D238DF887
:10C350005F30B9F1470F4FF000030893049340F3A7
:10C36000F8800322944D0A9208E44FF0670914996B
:10C370000B78FF2B00F0F88000200B9A0E9084467B
:10C3800003E001300131FF2B09D0934207DAD21AC2
:10C390004B78002BF5D10B780CF1010CF3E7CDE9CC
:10C3A0000B201491CDF838C00C9A0E9B15991344AC
:10C3B0000A9A01FB03230A9323EAE373C346029319
:10C3C000B0E4109B02EB01094B440A934FF066095D
:10C3D000E1E55B1B0D93199B0B933DE500230322C5
:10C3E00008930A920493FFF7C9BB049B029CDDF8F3
:10C3F00020800A93FFF76FBBCDF824801BB3049B0A
:10C400000A935A1C029204900E900C904FF07309FC
:10C41000FEF7D3B9B5EE407BF1EE10FA1ED1199BB1
:10C420000B93194466E5002A0491FFF62BAE04999C
:10C43000302001EB030C194601F8010B6145FBD1DB
:10C440001A44531C1EE6049B0A930293089B0E9306
:10C450000C9304934FF07309FEF7AFB90D9BC3F132
:10C460000103199376E500265448089637ADC0E5D8
:10C47000934273DBB0EE487B0123049E049329E7CB
:10C480009DF85F30B9F1470FCCBF4B4D4C4D002BA1
:10C4900040F08680032204930A920E930C93089333
:10C4A0000292FEF78AB90A932BE4079924AA504610
:10C4B00000F08AF800287EF457ADDDE9253227A97F
:10C4C000FEF771BD2D238DF87130C2F101030832E2
:10C4D000FFF61FAEEDE57021E1E502231293D4E4EF
:10C4E000CDE90B3308930E93FEF767B9099A637889
:10C4F0000C4652F8041B099241EAE1710491FEF7DF
:10C5000095B8079A938943F0400393814FF0FF3326
:10C510000593FEF72CB92D26B1EE487BDAE62949C2
:10C520000F91FFF708BBC34633B9012302934FF0C5
:10C5300066090A93FFF7F3BB109B03F10109049B03
:10C540004B440A9323EAE37302934FF06609FFF723
:10C55000E6BB03221A4D0A92FFF710BB01232D26DA
:10C560000493B1EE487BB5E600230E930C931BE7D2
:10C570000C23CAF80030C9E7079B08909B8943F059
:10C580004003C6E65946FEF7C2BB5846FEF78FBFCA
:10C59000079B9B8943F04003BBE65B46FEF77DBFEC
:10C5A000002304930E930C93089303230A9304230C
:10C5B0000293FEF702B900BFC43500200037002007
:10C5C000FC360020784B00202DE9F041154692689A
:10C5D00002B32C6807468846083401E00834C9B124
:10C5E0006B68581E002B1146686013DD54F8046C0C
:10C5F000002EF3D0334654F8082C4146384602F05A
:10C6000015FB431C07D0AA68921B1146AA60083488
:10C610000029E5D100200023C5E90133BDE8F08100
:10C6200070B5002941D006460C4610B1436B002B73
:10C630003ED0FBF76FFE636EB4F90C20DD0730D4FB
:10C64000900538D52146304600F04CF8E36A05469F
:10C6500033B1E169304698470028B8BF4FF0FF3545
:10C66000A3891A0639D4216B41B104F140039942E0
:10C6700002D03046FCF798FC00232363616C21B1A3
:10C680003046FCF791FC00236364636E0022DB07F5
:10C69000A2811ED5A06DFCF731F9FBF741FE2846BB
:10C6A00070BD002ACED1FBF73BFE0025284670BDA9
:10C6B000FBF712FEBDE7A06DFCF722F9B4F90C30D0
:10C6C000002BBFD1636ED907EDD4A06DFCF71AF92A
:10C6D000E9E7A06DFCF716F9DCE721693046FCF7C5
:10C6E00063FCC0E7B1F90C202DE9F041804610074A
:10C6F0000C4650D4496842F400630029A38164DDEC
:10C70000A66A002E44D0002112F48052D8F80050BE
:10C71000C8F8001065D1E16901234046B047411CCB
:10C7200002466CD0B4F90C30A66A5B0705D5636885
:10C73000D21A236B0BB1E36BD21A0023E169404696
:10C74000B047471CB4F90C304DD1D8F800101D2962
:10C7500040D8304ACA40D6073CD52269226023F42B
:10C760000062A281D9044FF00002626003D5D8F8BC
:10C770000030002B41D0216BC8F8005041B104F1CA
:10C780004003994202D04046FCF70EFC002323638D
:10C790000020BDE8F0810E69002EF9D00D680E6012
:10C7A00092070CBF4B690023AD1B8B600AE02B4640
:10C7B0003246E169676A4046B8470028A5EB0005A4
:10C7C000064406DD002DF2DCE2E7E16B002997DC90
:10C7D000DEE7A38943F04003A3814FF0FF30BDE8BB
:10C7E000F081226DA1E72269226023F40062A28118
:10C7F000DB044FF000026260BDD52065BBE7D8F8CE
:10C800000030002B8ED01D2B01D0162BE1D1C8F8A3
:10C810000050BDE70100402000B5034683B008B1D9
:10C82000426B52B3B1F90C0098B14A6ED20701D4F1
:10C83000820512D518460091FFF754FF00994A6E01
:10C840000346D00702D48A8992050ED5184603B054
:10C8500000BD0346184603B000BD886D01930091EA
:10C86000FCF74EF8DDE90013E4E7886D0093FCF770
:10C8700049F8009B184603B000BDCDE90001FBF765
:10C880002BFDDDE90031CDE700487047E45500207D
:10C89000000000004DF804BD83B08DED000B019A3F
:10C8A000DFF870C022F0004300216345016025D805
:10C8B000DDF800C053EA0C0C20D0DFF85CC002EABF
:10C8C0000C0CBCF1000F0AD19FED107B20EE077B12
:10C8D0008DED007B019A6FF0350122F00043DDE918
:10C8E00000BC6FF31E5242F07F5C1B154CF4001C21
:10C8F000A3F2FE33CDE900BC0B4403609DED000BB9
:10C9000003B05DF804BB7047AFF300800000000087
:10C9100000005043FFFFEF7F0000F07F00B50B4C9D
:10C920002468864685B0E0689C460C4652B10849AA
:10C930000094CDE9011273460649624600F0ECFF0F
:10C94000F6F72CFC04490A46F2E700BF74560020B3
:10C950003037002040370020AC3300202DE9F04F65
:10C9600003690C69A34283B0C0F28880013C01F1E5
:10C97000140500F1140855F8243058F82420013328
:10C9800008EB84069A4200964FEA840B05EB840775
:10C99000B2FBF3F63AD300230191C64629469C46E2
:10C9A00051F8042BDEF800901FFA82FA06FB0A33D6
:10C9B0004FEA134A120C06FB02A29BB21FFA89FA35
:10C9C000AAEB030363441FFA82FCCCEB234C0CEB71
:10C9D000194C9BB243EA0C438F424EF8043B4FEA9A
:10C9E0002C4C4FEA1243DBD258F80B3001996BB94B
:10C9F000009B043B984504D307E0984504F1FF34BD
:10CA000003D21A68043B002AF7D004618146FDF77F
:10CA100057FB00282EDB01364146002255F8040B57
:10CA2000D1F800C01FFA80FE1FFA8CF3A3EB0E03AF
:10CA30001344020CC2EB234202EB1C429BB243EABA
:10CA40000243AF4241F8043B4FEA2242E6D258F893
:10CA5000242008EB84036AB9043B984504D307E01B
:10CA6000984504F1FF3403D21A68043B002AF7D03A
:10CA7000C9F81040304603B0BDE8F08F002003B085
:10CA8000BDE8F08F2DE9F04F93B08DED000B0491D0
:10CA9000816B1C9D069257EC106B0446089341B1C4
:10CAA000C26B4A60012393408B60FDF72BF8002393
:10CAB000A363B7F10008B4BF012300232B60A34B8D
:10CAC000BCBF28F00048CDF8048033EA080300F02A
:10CAD00092809DED007BB5EE407BF1EE10FA0DD11A
:10CAE000089A012313601D9B13B11D9A984B136084
:10CAF000984B0293029813B0BDE8F08F10AAB0EEE5
:10CB0000470B11A920468DED027BFDF74BFC5FEA38
:10CB100018539DED027B109A834640F08280119B52
:10CB2000134403F23241202940F3E281C1F1400174
:10CB300008FA01F803F2124126FA01F148EA01016C
:10CB400006EE101AB8EE466B013B16EE901A4FF047
:10CB50000108A1F1F8719FED772BB7EE081B9FED4F
:10CB6000775B9FED784B06EE901A03EE903A36EE27
:10CB7000416BB8EEE33BA6EE025BB0EE456BA3EE75
:10CB8000046BFDEEC65BB5EEC06BF1EE10FACDEDB9
:10CB9000055A00F1C0800599D21A162902F1FF3A10
:10CBA00000F2A4806C4B03EBC10393ED006BB4EE79
:10CBB000C67BF1EE10FA00F1A281002A40F3C08496
:10CBC0000027CDE90A178A4400230993049B092B07
:10CBD0003DD8052BC4BF043B0493049BA3F102037F
:10CBE000CCBF00250125032B33D8DFE813F0FA0171
:10CBF000F701ED019201089AC8F3130842F20F738E
:10CC000058EA060813601BD11D9B002B00F04286DA
:10CC1000524B029308331D9A0298136013B0BDE87B
:10CC2000F08F17EE901AB0EE476BC1F3130141F08D
:10CC30007F51A3F2FF3341F440114FF000088AE71F
:10CC40001D9B002B40F06181454B029352E700236E
:10CC500004930025E563294620468DED067BFCF70D
:10CC600027FF9DED067B0290002800F0B485119A05
:10CC7000029BA363002A75DB05990E2972DC364BF3
:10CC800003EBC10393ED003B87EE036BBDEEC66B78
:10CC9000029916EE103A303301F8013B4FF0FF399C
:10CCA000B8EEC65BA5EE437B0123B2EE044B11E068
:10CCB00087EE036BBDEEC66B013316EE102A4B45B3
:10CCC00002F13002B8EEC65B01F8012BA5EE437B02
:10CCD00000F0A38427EE047BB5EE407BF1EE10FA62
:10CCE000E6D1059B013304930D46ECE001230B9341
:10CCF000059BBAF1000FBABFC2F101074FF0000A5D
:10CD00000027002B80F2F180059BFF1A5B420993FC
:10CD100000230A935AE7B8EEE55BB4EE465BF1EE0A
:10CD200010FA3FF438AF05990139059133E700BF98
:10CD3000AFF3008061436F63A787D23FB3C8608BB6
:10CD4000288AC63FFB799F501344D33F0000F07FF1
:10CD5000310F0020300F0020900600207037002097
:10CD60007C3700204FF0FF390695CDF83090B8F1B0
:10CD7000000F00F0E984DDF8248002F23342012143
:10CD800020469244BD18FCF7D7FF0646002F40F01E
:10CD90009F82099B002B00F09383B8F1000F40F0B5
:10CDA00077835946099A2046FDF7B8F80123834650
:10CDB000099301212046FCF7BFFF0A9B8046002B08
:10CDC00040F04582049B012B40F3AA82012050448D
:10CDD00010F01F0000F008811B2800F3D582C0F17D
:10CDE0001C00054407448244002D05DD59462A46AF
:10CDF0002046FDF7EFF88346BAF1000F05DD414606
:10CE000052462046FDF7E6F880460B9B002B40F08B
:10CE10000082B9F1000F40F3D781099B002B40F04D
:10CE20002481059B01330493029F012507E05946A5
:10CE300000230A222046FCF76FFE01358346414657
:10CE40005846FFF78BFD4D4500F1300A07F801AB5E
:10CE5000EDDB029BB9F1000F03F1010209F1FF398B
:10CE60004FF00003D8BF4FF000099144009359469A
:10CE700001222046FDF7AEF841468346FDF720F932
:10CE8000002840F32083029A02E0914500F02683B7
:10CE90004D4609F1FF3915F8013C392BF5D0013326
:10CEA00089F8003041462046FCF72CFE5EB1009B1D
:10CEB0002BB1B34203D019462046FCF723FE31467E
:10CEC0002046FCF71FFE59462046FCF71BFE0023B8
:10CED0002B70089B049A1A601D9B002B3FF40AAE2E
:10CEE00002981D6013B0BDE8F08F9A440A936BE678
:10CEF000C1F1200106FA01F106EE101A22E6059BA7
:10CF0000013B059300230B93F2E6AC4B02930333F2
:10CF100081E601230D93DDE90523134403F10109A3
:10CF20004E46012E0C93B8BF0126172E40F39C8469
:10CF3000012204235B0003F11400B042114602F108
:10CF40000102F7D9E16320468DED0E7BFCF7B0FDC1
:10CF50000290002800F03F84B9F10E0F9DED0E7B8A
:10CF6000A06346D8002D44D00599002940F3F182F2
:10CF7000934B01F00F0203EBC203CD0593ED006B61
:10CF80004FEA211340F18A838E4A92ED085B03F049
:10CF90000F03032187EE054B002B00F0FB81894A2C
:10CFA00001E05B100832D80703D45B100832DE07BB
:10CFB000F7D592ED005B5B1001F1010126EE056BE8
:10CFC00000F0E8810832F2E701230D93069B002B65
:10CFD00040F38B81069E0C96B146A6E700230D9385
:10CFE00099E700230D93F1E71C2005440744824490
:10CFF000FAE6119A002AC0F24081059B0E2B00F33D
:10D000003C816F4B059A03EBC20393ED003B069BFB
:10D01000002B80F2ED82B9F1000F00F3E98240F0BD
:10D020008682B1EE046B23EE066BB4EEC67BF1EEA6
:10D0300010FA494640F27C82029D312305F8013BFB
:10D040002046FCF75FFD059B023304933BE7314626
:10D0500000230A222046FCF75FFD0C9B002B0646AE
:10D0600040F3FA83DDF830900595002F05DD314659
:10D070003A462046FCF7AEFF06460A9B002B40F0DE
:10D08000F6823746029D6B1E4B440A93009B03F0C9
:10D0900001030C9341465846FFF760FC31460B9064
:10D0A00000F1300A5846FDF70BF8414681463A46F2
:10D0B0002046FDF725F8C3680146002B36D10990BC
:10D0C0005846FCF7FDFF099906902046FCF71AFD2B
:10D0D000069A002A5AD1049B1BB90C9B002B00F026
:10D0E000A483B9F1000F43DB0A9BA9469D4209F8CE
:10D0F00001AB00F0D782594600230A222046FCF7F4
:10D100000BFDBE42834631464FF000034FF00A024A
:10D11000204635D0FCF700FD3946064600230A229A
:10D120002046FCF7F9FC4D460746B3E72046FCF7DE
:10D13000E9FCB9F1000F08DB009B03F00102049B3E
:10D1400049EA030952EA09022ED159460122204632
:10D15000FCF740FF41468346FCF7B2FF002840F34E
:10D160004183BAF1390F00F024830B9B03F1310A9C
:10D1700005F801AB059B0096013304933E4691E60A
:10D18000FCF7CAFC4D460646074683E7B9F1000F97
:10D19000C0F28483049B49EA03090C9B53EA090902
:10D1A00000F07C83002A9FDDBAF1390F00F0018383
:10D1B0000AF1010305F8013BDCE700BF7C370020E2
:10D1C0009006002068060020049B022B7FF725AE06
:10D1D000B9F1000F40F0008241464B46052220463F
:10D1E000FCF79AFC014680465846FCF769FF484523
:10D1F00040F3F281029D312305F8013B4146204670
:10D20000FCF780FC059B02330493002E7FF457AE9D
:10D2100059E641465846FCF753FF0028BFF6F9ADE2
:10D22000594600230A222046059DFCF775FC099B00
:10D23000013D8346002B7FF40AAF0C9B002B40F38B
:10D24000FE82059BDDF8309004930595ECE51A46C7
:10D2500001462046FCF762FE049B012B804640F30A
:10D26000F98100230A93D8F8103008EB830318697A
:10D27000FCF7F8FCC0F12000A9E50D9B73B9002F65
:10D2800067D1099B002B74D11D461E4691E5119A6A
:10D29000002A03DB05990E297FF7B4AE049B012B0E
:10D2A0007FF765AD099B09F1FF384345C0F27781EF
:10D2B000B9F1000FA3EB080880F2BE82A7EB0903C7
:10D2C000012120460D93FCF737FD3D460D9F064694
:10D2D000BAF1000F7FF75DAD57453B46A8BF5346F7
:10D2E000ED1AFF1AAAEB030A53E50021E163204679
:10D2F0008DED067BFCF7DCFB9DED067B02900028A4
:10D3000000F06982029BA363002D40F09F81119A77
:10D31000AA42C0F27C8201230C93994606936CE6E4
:10D32000009B002B7FF452AD019BC3F31303002B32
:10D330007FF44CAD019B23F000431B0D1B05002B1C
:10D340003FF444AD012301350AF1010A0A9318465E
:10D350003DE5BAF1000F00F0FE8157453B46099EBE
:10D36000A8BF5346FD1AAAEB030A2F46002E3FF42E
:10D3700020AD5946099A2046FCF7D0FD002383468C
:10D3800009933D461E4614E51C283FF42DADC0F11F
:10D390003C002AE684EE065B0B9B3BB1B7EE006BCC
:10D3A000B4EEC65BF1EE10FA00F1E081B1EE0C4B89
:10D3B00006EE901AB8EEE66BA6EE054B14EE901A48
:10D3C00053EC142BA1F15073B9F1000F00F09B80C6
:10D3D000DDF814C0484643EC142BB64B029DFDEE1D
:10D3E000C53B03EBC00212ED022B13EE902A02F1B3
:10D3F000300E0D9A691CB8EEE36B0E4635EE466BA7
:10D40000002A00F05B81B6EE003B83EE025B35EE56
:10D41000445BB4EEC65BF1EE10FA85F800E000F371
:10D420002782B7EE001BB2EE043B002518E0013561
:10D430008542BFF62CAF26EE036B25EE035BFDEEB7
:10D44000C64B14EE902AB8EEE42B303236EE426B27
:10D45000B4EEC56BF1EE10FA01F8012B00F1DF819B
:10D4600031EE464BB4EEC54BF1EE10FADFD5029A21
:10D470000CF1010C02E0914200F097810D4611F889
:10D48000013D392BF7D001330B70CDF810C01AE5F0
:10D49000314642462046FCF741FD5A4601460646C3
:10D4A0002046FCF777FC59460D902046FCF72AFBF6
:10D4B000099BDDF834B0B3EB080309937FF471AC3A
:10D4C0000123099375E403D11AF0010F7FF4DBAC5B
:10D4D0004D4619F8013D302BFAD0E3E4059B029A42
:10D4E0000233049331231370DCE406EE901AB1EE9C
:10D4F0000C4BB8EEE66BA5EE064B14EE901A53EC0F
:10D50000142BA1F1507343EC142BB1EE046B35EEE8
:10D51000466BB4EEC46BF1EE10FA00F35681B1EE37
:10D52000444BB4EEC46BF1EE10FA7FF562AD00210E
:10D530002046FCF7E7FA069B029D5B420493C2E497
:10D54000059B0A939A460023C2F101070B93FFF74C
:10D550003BBB00F00781059A564B524202F00F0187
:10D5600003EBC10393ED005B131127EE055B00F0A5
:10D570007981514A022101E05B100832DD0703D4B2
:10D580005B100832D807F7D592ED006B5B1001F104
:10D59000010125EE065B3FF4FFAE0832F2E7099B7E
:10D5A0000A9AA8EB03031A44012120460A92FCF7C9
:10D5B000C3FBCA4407EB09050646CDF82480002FBB
:10D5C0003FF4EFAB57453B46A8BF5346ED1AFF1A51
:10D5D000AAEB030AFFF7E5BB41462046FCF792FAA7
:10D5E000069B029D5B420493002E7FF468AC6AE4C4
:10D5F000029B5E1C87EE036BBDEEC66B029A16EEB5
:10D60000103AB9F1010F03F13003B8EEC65B3146B1
:10D610001370A3EE457B7FF447AB37EE077BB4EE88
:10D62000C37B059BF1EE10FA03F1010304939C46C2
:10D6300008DCB4EE437BF1EE10FA05D116EE103A99
:10D64000DB0701D5029A19E70D463CE40C95A94683
:10D65000069589E4009B002B7FF403AEDDE9001200
:10D66000C2F31303002B00F0C4800A91FBE571683C
:10D670002046FCF71DFA0546002800F004813369B6
:10D6800002339A0006F10C010C30F5F7C9FB29466C
:10D6900001222046FCF79EFC0746F3E40221B0EE8F
:10D6A000474B79E4059B009601333E460493FFF710
:10D6B000DEBB00BF9006002068060020029A24EE20
:10D6C000022B012882F800E014D0B2EE043B029A4B
:10D6D000151826EE036BFDEEC65B15EE902A303270
:10D6E00001F8012BA942B8EEE54B36EE446BF0D1C0
:10D6F000711E0144B6EE005B32EE054BB4EEC64B34
:10D70000F1EE10FA3FF5B3AE35EE425BB4EEC65B18
:10D71000F1EE10FA0DDC119A002AFFF6B0AD059A71
:10D720000E2A3FF7ACAD059A03EBC20393ED003B25
:10D7300060E70D46013915F8013C302BF9D00CF1AA
:10D7400001030493FFF7BFBB109ADDF82480C2F1F8
:10D750003602FFF714BB099E002E7FF40AAE3D4649
:10D76000FFF727BB0221B0EE475B15E6B9F1000FCA
:10D770003FF4BBAE0C9800287FF73BACB2EE043B05
:10D78000B1EE0C4B013106EE901A25EE035B059BC2
:10D79000B8EEE66BA5EE064B14EE901A03F1FF3CD3
:10D7A00053EC142BA1F1507315E60CF1010C31234D
:10D7B0006AE6A946392309F8013B059B0096013327
:10D7C000029A04933E46FFF763BB029D312305F89E
:10D7D000013B002134E4334B3348002240F2AF11C7
:10D7E000FFF79CF87FF4C4AC1AF0010F7FF4B9ACDA
:10D7F000BEE4019B23F000431B0D1B05002B3FF4EF
:10D8000031AD012301350AF1010A0A932BE50D9B85
:10D81000002B33D101230C93994606932FE50CF18D
:10D82000010304930D46FFF74EBBBAF1390FC0D088
:10D8300091453FF79AAC9BE44A46FFF7A0BA049A99
:10D84000022A05DC059A049299460595FFF7ECBA81
:10D850000595DDF83090BBE4049A0595022AF8DCC2
:10D86000994602E4022197E50021E163FFF76BBBD3
:10D870000CF1010304930D46FFF725BB0D9B0693A6
:10D8800099460C930EE5074B07482A4640F2EF21D4
:10D89000FFF744F8054B0293FFF72CB9002A3FF736
:10D8A00054AC65E424360020803700207037002017
:10D8B00030B5044687B05BB110480193D0F8C85129
:10D8C00071B12046A847421C019B10D007B030BD63
:10D8D00000F5827309480193D0F8C8510029F0D1AE
:10D8E0000A46204603A9A847421C019BEED100210D
:10D8F0008A221960226007B030BD00BF0C5400209E
:10D9000010B582B0049CCDE900344FF0FF3301F034
:10D9100055FC02B010BD00BF0EB400B582B003AB21
:10D92000DFF81CC053F8042B01930146DCF800001B
:10D9300000F008F802B05DF804EB03B0704700BFD8
:10D94000745600202DE9F04FC5B00DF1500A834602
:10D95000049116460021082250461C460B93FAF704
:10D960007DFEBBF1000F04D0DBF83430002B00F05B
:10D970004987049B5A6EB3F90C30D00740F14181BE
:10D98000990400F1A985049943F4005322F400524C
:10D990008B814A66930401F1AE80049BB3F90C308D
:10D9A0001D0740F1BD80049A1269002A00F0B8807A
:10D9B00003F01A020A2A00F0C2800023CDE91933CD
:10D9C000CDE90E331BAADFF86C980D931892174619
:10D9D0000793B0464546D9F8CC41FAF7F5FECDF8A5
:10D9E00000A003462A4612A95846A047002800F086
:10D9F000C580C0F2BB80129A252A034601D01D447F
:10DA0000E9E7B5EB0806044640F0BC800023194660
:10DA10008DF8433008934FF0FF326B78059205F193
:10DA20000108039108F101081946A1F120035A2BBE
:10DA300000F2F280DFE813F0E603F000F000DF030D
:10DA4000F000F000F000BF03F000F0000702530206
:10DA5000F00012020004F000F1035B005B005B00C9
:10DA60005B005B005B005B005B005B00F000F000B4
:10DA7000F000F000F000F000F000F000F000D8013D
:10DA80009F03F000F000F000F000F000F000F00064
:10DA9000F000F000F0001902F000F000F000AA0120
:10DAA000F000FB02F000F000BA05F000F000F0001A
:10DAB000F000F000F000F000F000F000F000D801FD
:10DAC0006801F000F000F000950368016D00F000BF
:10DAD0008B03F0007D036A0320036D00F000AA01B0
:10DAE0006A005902F000F000FB05F0006A00A1F1A5
:10DAF0003003002218F8011B02EB820203EB420202
:10DB0000A1F13003092BF5D908928EE798F800307F
:10DB100088E7039B43F02003039398F8003081E7E4
:10DB2000049D5846294601F05FFA002840F0F68728
:10DB3000B5F90C3003F01A020A2A7FF43EAF0499BB
:10DB4000B1F90E20002AFFF638AF4A6ED20702D490
:10DB50009F0540F19087049923463246584601F0CC
:10DB600015F80790079845B0BDE8F08F082200210E
:10DB70005046FAF773FD01231D442CE7B5EB080668
:10DB8000044610D01A9B33441A93199B0133072B78
:10DB9000C7E90086199310DC0837079B33440793C5
:10DBA000002C7FF433AF1A9B002B40F06E87049B50
:10DBB0000022B3F90C30199218E0049918AA5846BB
:10DBC00001F024F878B91BAFE7E7049918AA584682
:10DBD00001F01CF8002800F08380099B1BB1099913
:10DBE0005846FBF7E1F9049BB3F90C30049A526EE6
:10DBF000D0077FD55B0600F16687079845B0BDE882
:10DC0000F08F9F0540F114819D047FF5BCAE900418
:10DC10007FF5C6AE00F071BF0029C4D000230122F9
:10DC20008DF8AC108DF8433009930A9205932BAD13
:10DC30000692DDE919C0039C14F084060146624691
:10DC400026D1089B069C1C1B002C00F3ED839DF83D
:10DC5000433003B300260C960132012301317B606F
:10DC6000072A0DF14303CDE919213B6000F38683B8
:10DC700008370C9B63B1013211AB02313B60072ABC
:10DC80004FF00203CDE919217B6000F36B83083765
:10DC9000802E00F0EE82059B0A981C1A002C00F3DF
:10DCA00026830A9B3D6001321944072ACDE91921D8
:10DCB0007B6000F34C830837039B5C0705D5089B0A
:10DCC000069A9C1A002C00F36583DDE9073206985A
:10DCD0008242ACBF9B181B18079300297FF475AFD5
:10DCE00000231993099B1BB109995846FBF75CF96E
:10DCF0001BAF6FE69A053FF57DAF049CA06DFAF768
:10DD000001FEB4F90C3075E7039B980640F13C84A2
:10DD10000B9B073323F00702536852F8084B0B9212
:10DD20001E46002BC0F23882059A002A07DB039BAF
:10DD300023F08003039354EA060300F08C840A2C3A
:10DD400076F1000380F0F7803034059A9DF8433077
:10DD50008DF80F41012AB8BF01220692002B00F076
:10DD6000AF83069B0133002506930123CDE90953B8
:10DD70000DF20F15DDE91921039B13F08406084607
:10DD800094463FF45EAF00230C9365E70B9E00239F
:10DD90008DF8433056F8043B0993002B00F055856D
:10DDA000532900F07284039B13F0100440F06D843B
:10DDB000059A002AC0F2138509982146FAF782FFD6
:10DDC0009DF84330099D002800F08B86421B0A9283
:10DDD00022EAE2720692002B00F00E8501320594D1
:10DDE00006920B960994C5E7432903D0039BDD06F1
:10DDF00040F127840822002116A8FAF72FFC0B9A7D
:10DE00002BAD126816AB29465846FFF751FD0A9014
:10DE1000013000F04F860A9B23EAE37306930B9BC5
:10DE200004330B9300238DF843300993059300E7E7
:10DE3000049DA86DFAF764FDB5F90C306A6E99047B
:10DE40003FF5A8AD9FE50B9B53F8042B0892002AE1
:10DE500080F23D83089A0B9352420892039B43F051
:10DE60000403039398F80030DCE5039B43F01000B3
:10DE70009B0640F14E830B9B073323F007031A46A2
:10DE8000596852F8083B0B9200228DF84320059AFE
:10DE9000002AC0F2118320F49062039253EA010237
:10DEA00000F01E8344AD03F00702DB0843EA417330
:10DEB000C908303253EA0104284605F8012DF2D191
:10DEC000039B13F0010340F09E82059A099344AB33
:10DED0005B1B9A42B8BF1A460A930692A9E62B2307
:10DEE0008DF8433098F800309CE503998E0600F1D8
:10DEF000A48003990B9A11F0100052F8043B40F0F3
:10DF00002783039911F0400100F0CA848DF8430083
:10DF10009BB205990026B1421C4606DB039921F00D
:10DF200080010391002B00F07B850A2C76F1000321
:10DF30000B92FFF409AF039B09970020CDF830B096
:10DF400044A9DDF834B0069003F48067CDF828804A
:10DF500025E00690A319B54843F10003A0FB032C6C
:10DF60002CF0030202EB9C029B1AE31A4FF0CC3216
:10DF7000A046B64602FB03F266F1000600FB06224D
:10DF8000A3FB0043B8F10A0F13444FEA54047EF197
:10DF9000000E294644EAC3744FEA53062ED3069B6B
:10DFA000A24A01330693A31943F100031046A2FBD2
:10DFB000032525F0030202EB95029B1AE31AA3FB4B
:10DFC000003266F1000500FB05225B0843EAC273DC
:10DFD00003EB8303A4EB4303303301F8013C4D1EF4
:10DFE000002FB7D006989BF800308342B1D1FF28AC
:10DFF000AFD00A2C76F1000380F0AF8405999DF82C
:10E000004330CDF834B044AA521B9142B8BF1146F8
:10E01000DDE90978DDF830B00A920691002B00F0B6
:10E02000EE83069B0133069300230993A2E6039B2C
:10E0300043F010019B0640F189820B9B073323F0CC
:10E04000070200238DF84330059B566852F8084BB1
:10E050000B92002BC0F2EE8221F08003039354EA6E
:10E0600006037FF46CAE059B002B40F0DE840A9320
:10E070000693099344ADDCE5059C0B9903980022B7
:10E0800047F630039442ADF844308DF8432051F800
:10E09000043BC0F2D28220F0800040F002000390E6
:10E0A000002B00F0E58303F00F0461481B09045DB9
:10E0B0008DF80F410B9100F05685022106910DF26B
:10E0C0000F1503F00F011B09415C05F8011D43EA20
:10E0D0000273120953EA0201F3D144AB5A1B059BA8
:10E0E0000A929342B8BF1346069A002A00F0398577
:10E0F000DDE91921039C023314F0840606930846D7
:10E10000944600F0E98200230993B4E5039886065B
:10E110003FF5B1AE03990B9ACD0652F8043B00F1DE
:10E1200014850398440640F1C8839BB20B920021EA
:10E13000AAE603990B9A8C0602F1040340F1F081E0
:10E14000126807991160C91751600B9342E498F85F
:10E1500000306C2B00F08F82039A42F01002039281
:10E1600060E498F80030682B00F07B82039A42F05C
:10E170004002039256E4039A940642F0100300F121
:10E1800000820B9A04320B9903930C680B92E617EA
:10E190003346002BBFF6C8AD2D238DF84330059BC9
:10E1A000644266EB4606002BFFF6C9AD039B23F0E5
:10E1B00080030393C3E55846FEF766FB43680F935D
:10E1C0001846FAF7DFFD0E9004465846FEF75CFB52
:10E1D000826898F800300D92002C3FF423AC002A9E
:10E1E0003FF420AC1278002A3FF41CAC039A42F4AE
:10E1F0008062039216E4039B43F00103039398F8B3
:10E2000000300FE49DF8432098F80030002A7FF496
:10E2100009AC20228DF8432004E4039B43F08003E3
:10E22000039398F80030FFF7FDBB00BFCDCCCCCCFA
:10E23000003700200C540020404610F8011B2A290A
:10E2400000F07784A1F13003092B98BF002200F27F
:10E25000178410F8011B02EB820203EB4202A1F1CA
:10E260003003092BF5D942EAE27305938046FFF7A4
:10E27000DCBB089B06981C1A002C7FF70CAD102CF9
:10E2800040F3268438460C95AE4F049D102604E0DA
:10E29000103C102C00F1080015DD01321031072A66
:10E2A000C0E90076CDE91921F2DD18AA29465846C1
:10E2B00000F0ACFC00287FF490AC103C102CDDE9A1
:10E2C00019211BA8E9DC0C9D3B460746013221447D
:10E2D000072ACDE919213B607C6000F3A482059BED
:10E2E0000A981C1A002C07F108077FF7DAAC102CEB
:10E2F00040F3ED8238461026924F04E0103C102C7B
:10E3000000F1080016DD01328E4B1031072AC0E9FA
:10E310000036CDE91921F1DD049918AA584600F01C
:10E3200075FC00287FF459AC103C102CDDE9192154
:10E330001BA8E8DC3B46074601322144072ACDE909
:10E3400019213B607C6000F3AA800837A9E4049996
:10E3500018AA584600F05AFC00287FF43EAC1A99DF
:10E360001BAFA9E4049918AA584600F04FFC0028F6
:10E370007FF433ACDDE919211BAF89E4049918AAB5
:10E38000584600F043FC00287FF427ACDDE9192152
:10E390001BAF6EE4102C199B40F381833A46049E18
:10E3A000694F102504E0103C102C02F1080215DD25
:10E3B00001331031072BC2E90075CDE91931F2DDC7
:10E3C00018AA3146584600F021FC00287FF405AC1D
:10E3D000103C102CDDE919311BAAE9DC3E4617463A
:10E3E00001332144072BC7E90064CDE919317FF7D8
:10E3F0006CAC049918AA584600F008FC00287FF479
:10E40000ECAB1A9961E4302A00F001823023059ABE
:10E4100005F8013C023844AB1B1A9A42B8BF1A46B1
:10E420000A9306920546EFE000230C93102C464E0B
:10E43000624623DD394610232F46049D04E0103C3C
:10E44000102C01F1080117DD01321030072AC1E953
:10E450000063CDE91920F2DD18AA2946584600F0DC
:10E46000D5FB00287FF4B9AB103C102CDDE9192056
:10E470001BA94FF01003E7DC3D460F46013221187F
:10E48000072ACDE919213E607C6000F37A819DF86E
:10E4900043600837002E36D00026FFF7DDBB049915
:10E4A00018AA584600F0B2FB00287FF496ABDDE9CD
:10E4B00019211BAFFFF7F5BB20F480620392F1E452
:10E4C000099301230A930DF20F15FFF7B2BB0B93CB
:10E4D00098F80030FFF7A6BA92047FF561AAF2E23D
:10E4E000059A002A7FF4DEAC10F00102069200F0DB
:10E4F000428130238DF80F31059B0A9209930DF26A
:10E500000F15FFF796BB0C9B002B7FF4B4ABFFF706
:10E51000C2BB0B9B1A1D0B9B0B921B680021B3E423
:10E52000039AD00600F18C81039A510600F195827E
:10E53000039A920540F184810B9A07991268117031
:10E5400003E600BF884B00206C4600200B9B1A1D81
:10E550000B9B05981B680026B0428DF843601C4653
:10E5600067DB21F080010391002B7FF4DEAC0B927E
:10E57000002840F05A820A900690099044ADFFF7B7
:10E5800058BB0393FFF7C4BB039B0B9AD90652F801
:10E59000044B3FF5F8AD039B5E0640F1768144F3F2
:10E5A000C0360B9224B23346FFF7BBBBAD48039B8A
:10E5B0009D0640F1B5800B9B073323F007031A46F5
:10E5C0005C6852F8083B0B92039A12F00102069223
:10E5D00040F08C808DF84320059A002AC0F2B78065
:10E5E000039A22F49062039253EA040240F0F3800B
:10E5F000059A002A00F0F68103788DF80F31012387
:10E6000006920A930DF20F15DDE91921039B13F011
:10E6100084060846944600F0A1829DF84330002B02
:10E6200000F0AB82002309930C93FFF715BB8E48D3
:10E63000BDE70B920391FFF782BB40F0020003900D
:10E6400031E50B9B1B688DF8AC30012306930A93D0
:10E650002BADFFF7E4BB002A00F0D4813024FFF794
:10E6600074BB039B43F40073039308F1010898F80B
:10E670000030FFF7D7B9039B43F02003039308F161
:10E68000010898F80030FFF7CDB9099B13930822D1
:10E69000002116A8F9F7E2FF059B002BC0F21981B3
:10E6A0000024069725461F460EE02BA95846FFF783
:10E6B000FFF8411C284400F0FD81B84209DC04F158
:10E6C000040400F008820546139A125916AB002A7A
:10E6D000EBD1069F05950AE1089C069B0996E41A72
:10E6E000002C7FF7C8AA02230C939FE653EA04028A
:10E6F0005ED100238DF84330059B002BC0F22181B1
:10E70000039B23F49063039300F0878103788DF8D3
:10E710000F31069B0A93059B06930DF20F1573E7C5
:10E720000B9A52F8043B0B92039AD40608D4520673
:10E7300002D59BB2002447E7039A960500F1818138
:10E74000002441E742F00202039202220692039A59
:10E7500022F48062039203F00F02825C8DF80F2195
:10E760001B0943EA0473220953EA14147FF4A7AC8B
:10E770000DF20F15B1E4059B44ADCDE90933FFF768
:10E7800058BA049918AA584600F040FA06460028DC
:10E790007FF423AA9DF84330DDE91921002B40F0D6
:10E7A00089800C9B1BAF002B7FF465AAFFF773BA1F
:10E7B00030228DF8442000228DF84320059A8DF8F0
:10E7C0004510002A039ABDDB22F4906242F0020257
:10E7D00003920222069203F00F02825CBEE7099DBB
:10E7E0002846FAF7CFFA9DF843300A9020EAE07203
:10E7F0000692002B7FF4F2AA099D05930B960993CC
:10E80000FFF717BA5846F9F767FDFFF7B2B8059A50
:10E8100044AB5B1B9A42B8BF1A460A930023069288
:10E820000993FFF706BA049918AA584600F0EEF9C2
:10E8300000287FF4D2A9DDE919211BAFFFF72BBA1D
:10E840000B9A0799126811607FE4059B074D0B96A0
:10E85000062B28BF062306930A93099B0593FFF70F
:10E86000E8B900BF14370020003700202837002007
:10E870000B91002C00F0DC80302301228DF80F3149
:10E880000DF20F1523460A9232E4039B0B929D056D
:10E890004ABF44F3C016E61764B23346FFF741BAE5
:10E8A000039810F4007600F0CF808DF84310DBB2AF
:10E8B000FFF72FBB1BAFFFF7CFB9039810F4007120
:10E8C00000F0BB80DBB20B920021FFF7DDBAAC4B4E
:10E8D00032E516AB0093002313AA19465846FFF7FA
:10E8E0000FF80590013000F0E580099B1393059B1C
:10E8F000002B7CD0632B00F3B680002309932BAD53
:10E900000822002116A8F9F7A9FE059C16AB009372
:10E9100013AA234629465846FEF7F2FF844240F0E8
:10E920001681059900236B5421EAE17206929DF845
:10E930004320002A40F0B580CDE90A160592FFF782
:10E9400078B903788DF80F31039B23F48063039328
:10E95000069B0A930DF20F1556E60E9A0F99AD1A03
:10E960002846F9F7FBFE9BF801300BB10BF1010BC8
:10E97000844AA31943F10003A2FB030C2CF003000B
:10E9800000EB9C001B1AE31A4FF0CC3166F1000635
:10E9900003FB01F102FB0611A3FB023001445B08FB
:10E9A00043EAC1744E08A31943F10003A2FB03100C
:10E9B00020F0030101EB90015B1AE31AA3FB023183
:10E9C00066F1000002FB00125B0843EAC27303EB2E
:10E9D0008303A4EB4303303305F8013C0120013DE0
:10E9E000FFF701BB059B0A9344A805460CE69DF87A
:10E9F0004330099D0B96003B18BF01230693059BEE
:10EA00000A9301E69DF843303BB1059BCDE90933FC
:10EA1000012344AD0693FFF7ADB9059BFFF727BB74
:10EA2000059B0B92002B3FF422AB0024FFF78CB91F
:10EA3000059B0A9344ADFFF75BBB03980B92FFF76E
:10EA400023BADBB20024BFE505998DF843600029A5
:10EA50001C46BFF663AAFFF768BA0B9A07991268BB
:10EA60001180FFF772BB591C5846F7F70BFE05469D
:10EA700000B3099044E7886DF9F744FFFFF76BB8DE
:10EA8000002380460593FEF7D0BF049918AA584684
:10EA900000F0BCF800283FF48AA8FFF7A4B83A4E6B
:10EAA0009EE4059A0A92069A0B9601320692059305
:10EAB000FFF760B90498B0F90C30426E43F04001A2
:10EAC000D207818109D54FF0FF330793FFF795B83F
:10EAD0002B4BFFF7FBBB069F09E79905F3D4FFF724
:10EAE0000CB99BB1059B0B965A1C06920A93059094
:10EAF0000990FFF73FB9D707E5D4049B9B899E0592
:10EB0000E1D4049B986DF9F7FDFEDCE7059A0993C3
:10EB1000CDE905320B960A92FFF78BB8049A536E33
:10EB2000D807D0D493899905CDD4906DF9F7EAFE32
:10EB3000C9E70B9A98F8013052F8041B0B9241EA8E
:10EB4000E17180460591FEF76DBF0846E3E4049A43
:10EB5000938943F040039381FFF73FB80996FFF78D
:10EB600070B8069350E5059B0122012BB8BF012325
:10EB70000DF20F150A92FFF7BBBA0993FFF788B899
:10EB8000884B0020CDCCCCCC6C460020F0B50D4697
:10EB9000ADF2744D164689896A6E1B92EA89ADF80A
:10EBA000162021F00201EA69ADF8141009921CA99F
:10EBB0006A6A0291074606910B924FF48061002227
:10EBC00018A80193049107910892F9F795FE32462F
:10EBD000019B02A93846FEF7B5FE061E07DB02A917
:10EBE0003846FDF719FE002818BF4FF0FF36BDF874
:10EBF00014305B0603D5AB8943F04003AB81189812
:10EC0000F9F77CFE30460DF2744DF0BD936810B5F7
:10EC100014461BB918460023636010BD00F068F865
:10EC20000023A3600023636010BD00BF2DE9F04303
:10EC30008E681D46AE420B6883B00C4690463AD8AB
:10EC4000B1F90CC01CF4906F0FD1354618464146FF
:10EC50002A46F9F771FCA3689E1B2368A6602B4423
:10EC60000020236003B0BDE8F0834A69096902EB24
:10EC700042025E1A02EBD2726B1C52103344934272
:10EC800094BF17461F46934288BF1A461CF4806FF4
:10EC9000814612D01146F7F7F5FCF0B132462169F2
:10ECA0000190F4F7BDF8A289019B22F4906242F032
:10ECB0008002A28105E02E46C8E7F7F7CFFF0346A2
:10ECC00038B123613344BE1BA660676123602E46C2
:10ECD000BCE721694846FAF767F9A3890C2243F09B
:10ECE0004003C9F800204FF0FF30A381BAE700BF0E
:10ECF0009368002B00F0B7802DE9F04FB1F90CC0FC
:10ED00001CF0080F83B00C46804617462DD00B69C7
:10ED10005BB31CF002033E6833D04FF0000ADFF80B
:10ED2000C4B25546B9465D452B46524628BF5B46A0
:10ED30004046B5B1E169676AB847002840F38B8067
:10ED4000D9F808301B1A8244C9F80830002B79D052
:10ED50002D1A5D452B46524628BF5B464046002D86
:10ED6000E8D1D6E900A50836DDE72146404600F0A7
:10ED70003BF9002874D1B4F90CC03E681CF00203C2
:10ED8000CBD11CF0010A70D1236800975546002DA5
:10ED900054D01CF4007FD4F80890184600F0AB80E3
:10EDA000A945CB4600F2E4801CF4906F34D0216971
:10EDB0006269A3EB010902EB420202EBD27209F194
:10EDC000010352102B44934294BF93469B469342B7
:10EDD00088BF1A461CF4806F00F0E9801146404657
:10EDE000F7F750FC002800F0F7804A4621690190AF
:10EDF000F4F716F8A289019B22F4906242F0800297
:10EE0000A28103EB09002361ABEB0903C4F814B042
:10EE1000A3602060A946AB4651465A46F9F78CFBE1
:10EE2000A2682368A2EB0902A260009A91685B4481
:10EE3000491B2360916029B1B4F90CC0D6E900A543
:10EE40000836A4E7002003B0BDE8F08F2146404615
:10EE5000FDF7E2FC68B3B4F90C3043F04003A38142
:10EE60004FF0FF30EFE7002070471D469A461846E6
:10EE7000B946009365B3002831D05246D4E9041353
:10EE80002068AA4228BF2A46884204D9A16803EB19
:10EE9000010B5A457CDC93426DDCE169009A676A9C
:10EEA0004046B847B0F1000BD5DDBAEB0B0ACDD028
:10EEB0000120D9F80830A3EB0B03C9F80830002B68
:10EEC000C0D0009BA5EB0B055B440093002DD2D175
:10EED000756833460836002DFAD01B680093009FF2
:10EEE0002A460A213846F9F7EDFE002871D0013094
:10EEF000A0EB070AC1E722699A4221D36269AA42BC
:10EF00001ED86FF00043AB4228BF2B46E16993FB4C
:10EF1000F2F3676A02FB03F340465246B847B0F18A
:10EF2000000998DD009A9368A3EB0903A5EB090596
:10EF30009360002B86D0B4F90CC02368CA4426E73E
:10EF4000A94528BFA94618464A465146F9F7F4FA9A
:10EF5000A2682368A2EB09024B44A2602360002A46
:10EF6000E0D121464046FDF757FC0028DAD072E791
:10EF7000A946AB4650E700990192F9F7DDFA019AEC
:10EF8000A3689B1AA36023681344236093468CE70D
:10EF900000995A46F9F7D0FA23685B44236021466A
:10EFA0004046FDF739FC00283FF47FAF53E7404669
:10EFB000F7F754FE034600287FF423AF216940464B
:10EFC000F9F7F2FFA3890C22C8F8002023F0800390
:10EFD00043E76A1C924651E70C22B4F90C30C8F89A
:10EFE00000203AE700FCFF7F10B5354B0446186857
:10EFF00082B00B4610B1426B002A53D0B3F90C20FB
:10F00000110711D51869C8B1B3F90C2012F001012C
:10F0100026D059694FF0000C4942C3F808C09961E5
:10F0200020B3002002B010BDD00640D5510723D434
:10F03000186942F008029A810028E5D19A8902F401
:10F040002072B2F5007FDFD019462046019300F010
:10F05000C9F8019BB3F90C20186912F00101D8D14D
:10F06000940758BF596999600028DAD11106D9D59B
:10F0700042F040029A811FE0196B61B103F1400038
:10F08000814206D020460193F9F78EFF019BB3F928
:10F090000C200021196318690021C3E9000122F046
:10F0A0002402C6E70191F9F717F9019BA6E70921A8
:10F0B00042F0400221609A814FF0FF30B2E700BF7A
:10F0C000745600202DE9F04F8BB0DDE91589149FAF
:10F0D00002901C46B8F1000F57D01668019600291F
:10F0E000C34608BF4FF0FF3700258846039192467C
:10F0F00006E0019B53F8040B0193002837D06546C6
:10F10000AF423ED9002C3CD0DBF800300493DBF852
:10F1100004300593019B02981A68D9F8C8615B46D0
:10F1200006A9B047431C33D000EB050CBC453AD8C8
:10F13000039B013C002BDCD000280DDD08F1FF32E1
:10F14000019E06A900EB020E11F8013B02F8013FF7
:10F150007245F9D101968044019BDAF8002053F8FA
:10F16000040B01930432CAF800200028C7D1039988
:10F17000D84609B1CAF800000022C8F800200CF1F6
:10F18000FF3528460BB0BDE8F08F00F58678A4E780
:10F19000029B05468A21002228461960CBF80020F0
:10F1A0000BB0BDE8F08FD846DDF810A0DDF814B044
:10F1B0002846C8E900AB0BB0BDE8F08F00B585B0BC
:10F1C000DFF81CC00698009007980190034800687B
:10F1D000CDF808C0FFF776FF05B000BD74560020DB
:10F1E0000C540020B1F90C20930706D501F143031C
:10F1F0000122C1E904320B60704730B50B46B1F90A
:10F200000E10002999B0044632DB02AA009300F0E8
:10F210005BF80028009B29DB4FF4806120460093B7
:10F22000039DF7F72FFA009BB3F90C20002839D083
:10F2300005F4704142F0800218601861B1F5005F7A
:10F240004FF480609A8158613AD1B3F90E1000935F
:10F25000204600F04DF8009BB3F90C2080B322F05B
:10F26000030242F001024FF4006117E0B3F90C20F1
:10F27000019312F0800F0CBF4FF4806140212046B3
:10F280000091F7F7FFF9019B0099B3F90C2048B101
:10F29000C3E9040142F08002186000210A439A8108
:10F2A00019B030BD9105FBD422F0030203F14301F4
:10F2B00042F002020120C3E904109A811960EFE7CD
:10F2C0004FF40061EAE700BF38B5084C002305465B
:10F2D000084611462360F3F753FF431C00D038BDA6
:10F2E0002368002BFBD02B6038BD00BF3CC2002040
:10F2F00038B5074C0023054608462360F3F746FF60
:10F30000431C00D038BD2368002BFBD02B6038BDD8
:10F310003CC2002041EC170BB5EEC07BF1EE10FAB9
:10F3200001D400F00BB808B581F0004100F006F8F8
:10F33000404261EB410108BD000000009FED0B7BE6
:10F3400041EC160B9FED0B5B26EE077BBCEEC77BFB
:10F35000B8EE474BA4EE456BFCEEC67B17EE101AD9
:10F3600017EE900A704700BFAFF300800000000066
:10F370000000F03D000000000000F0415FF800F0E8
:10F38000A11D00605FF800F04D1D0060000000004E
:04F390000000000079
:04F39400F8B500BF09
:08F398005869FF7F010000002D
:10F3A000000000000000000000000000000000005D
:10F3B000000000000000000000000000000000004D
:10F3C000000000000000000000000000000000003D
:10F3D000000000000000000000000000000000002D
:10F3E000000000000000000000000000000000001D
:10F3F000000000000000000000000000000000000D
:10F4000000000000000000000000000000000000FC
:10F4100000000000000000000000000000000000EC
:10F4200000000000000000000000000000000000DC
:10F4300000000000000000000000000000000000CC
:10F4400000000000000000000000000000000000BC
:10F4500000000000000000000000000000000000AC
:10F46000000000000000000000000000000000009C
:10F47000000000000000000000000000000000008C
:10F48000000000000000000000000000000000007C
:10F49000000000000000000000000000000000006C
:10F4A000000000000000000000000000000000005C
:10F4B000000000000000000000000000000000004C
:10F4C000000000000000000000000000000000003C
:10F4D000000000000000000000000000000000002C
:10F4E000000000000000000000000000000000001C
:10F4F000000000000000000000000000000000000C
:10F5000000000000000000000000000000000000FB
:10F5100000000000000000000000000000000000EB
:10F5200000000000000000000000000000000000DB
:10F5300000000000000000000000000000000000CB
:10F5400000000000000000000000000000000000BB
:10F5500000000000000000000000000000000000AB
:10F56000000000000000000000000000000000009B
:10F57000000000000000000000000000000000008B
:10F58000000000000000000000000000000000007B
:10F59000000000000000000000000000000000006B
:10F5A000000000000000000000000000000000005B
:10F5B000000000000000000000000000000000004B
:10F5C000000000000000000000000000000000003B
:10F5D000000000000000000000000000000000002B
:10F5E000000000000000000000000000000000001B
:10F5F000000000000000000000000000000000000B
:10F6000000000000000000000000000000000000FA
:10F6100000000000000000000000000000000000EA
:10F6200000000000000000000000000000000000DA
:10F6300000000000000000000000000000000000CA
:10F6400000000000000000000000000000000000BA
:10F6500000000000000000000000000000000000AA
:10F66000000000000000000000000000000000009A
:10F67000000000000000000000000000000000008A
:10F68000000000000000000000000000000000007A
:10F69000000000000000000000000000000000006A
:10F6A000000000000000000000000000000000005A
:10F6B000000000000000000000000000000000004A
:10F6C000000000000000000000000000000000003A
:10F6D000000000000000000000000000000000002A
:10F6E000000000000000000000000000000000001A
:10F6F000000000000000000000000000000000000A
:10F7000000000000000000000000000000000000F9
:10F7100000000000000000000000000000000000E9
:10F7200000000000000000000000000000000000D9
:10F7300000000000000000000000000000000000C9
:10F7400000000000000000000000000000000000B9
:10F7500000000000000000000000000000000000A9
:10F760000000000000000000000000000000000099
:10F770000000000000000000000000000000000089
:10F780000000000000000000000000000000000079
:10F790000000000000000000000000000000000069
:10F7A000000000000000F03F748515D3B0D9EF3F92
:10F7B0000F89F96C58B5EF3F515B12D00193EF3FC1
:10F7C0007B517D3CB872EF3FAAB968318754EF3F57
:10F7D0003862756E7A38EF3FE1DE1FF59D1EEF3F10
:10F7E00015B7310AFE06EF3FCBA93A37A7F1EE3F36
:10F7F0002234124CA6DEEE3F2D89616008CEEE3F2A
:10F80000272A36D5DABFEE3F824F9D562BB4EE3F06
:10F81000295448DD07ABEE3F85553AB07EA4EE3F54
:10F82000CD3B7F669EA0EE3F745FECE8759FEE3F98
:10F830008701EB7314A1EE3F13CE4C9989A5EE3FDF
:10F84000DBA02A42E5ACEE3FE5C5CDB037B7EE3FD1
:10F8500090F0A38291C4EE3F5D253EB203D5EE3F0A
:10F86000ADD35A999FE8EE3F475EFBF276FFEE3F3D
:10F870009C5285DD9B19EF3F6990EFDC2037EF3F0D
:10F8800087A4FBDC1858EF3F5F9B7B33977CEF3FEF
:10F89000DA90A4A2AFA4EF3F40456E5B76D0EF3F75
:10F8A000000000000000E8429423914BF86AAC3F4E
:10F8B000F3C4FA50CEBFCE3FD6520CFF422EE63FE5
:10F8C0000000000000003843FE822B6547154740CA
:10F8D0009423914BF86ABC3EF3C4FA50CEBF2E3F3E
:10F8E000D6520CFF422E963FBEF3F879EC61F63FFC
:10F8F000DEAA8C80F77BD5BF3D88AF4AED71F53F1E
:10F90000DB6DC0A7F0BED2BFB010F0F03995F43F68
:10F91000673A517FAE1ED0BF8503B8B095C9F33F9B
:10F92000E92482A6D831CBBFA564880C190DF33F1A
:10F930005877C00A4F57C6BFA08E0B7B225EF23F9E
:10F9400000819CC72BAAC1BF3F341A4A4ABBF13F72
:10F950005E0E8CCE764EBABFBAE58AF05823F13FE0
:10F96000CC1C615A3C97B1BFA70099413F95F03F2D
:10F970001E0CE138F452A2BF000000000000F03F6E
:10F980000000000000000000AC479AFD8C60EE3FD4
:10F990008459F25DAAA5AA3FA06A021FB3A4EC3F56
:10F9A000B42E36AA535EBC3FE6FC6A573620EB3FC6
:10F9B00008DB2077E526C53F2DAAA163D1C2E93F28
:10F9C0007047220D86C2CB3FED417803E686E83FC3
:10F9D000E17EA0C88B05D13F624853F5DC67E73F65
:10F9E00009EEB6573004D43FEF39FAFE422EE63F17
:10F9F0003483B848A30ED0BF6A0BE00B5B57D53FEA
:10FA000023410AF2FEFFDFBF0080E03779C34143A4
:10FA1000176E05B5B5B89346F5F93FE9034F384D74
:10FA2000321D30F94877825A3CBF737FDD4F157520
:10FA3000000000000000F03F000000000000244033
:10FA400000000000000059400000000000408F400E
:10FA5000000000000088C34000000000006AF84079
:10FA60000000000080842E4100000000D01263419D
:10FA70000000000084D797410000000065CDCD4113
:10FA8000000000205FA00242000000E876483742F4
:10FA9000000000A2941A6D42000040E59C30A24292
:10FAA0000000901EC4BCD64200003426F56B0C4307
:10FAB0000080E03779C3414300A0D88557347643AE
:10FAC00000C84E676DC1AB43003D9160E458E1430F
:10FAD000408CB5781DAF154450EFE2D6E41A4B4484
:10FAE00092D54D06CFF08044F64AE1C7022DB544C9
:10FAF000B49DD9794378EA44BEF3F879EC61F63FD6
:10FB00001930965BC6FEDEBF3D88AF4AED71F53F0A
:10FB1000A4FCD432680BDBBFB010F0F03995F43F91
:10FB20007BB71F0A8B41D7BF8503B8B095C9F33F98
:10FB30007BCF6D1AE99DD3BFA564880C190DF33FE7
:10FB400031B6F2F39B1DD0BFA08E0B7B225EF23F3D
:10FB5000F07A3B1B1D7CC9BF3F341A4A4ABBF13FB8
:10FB60009F3CAF93E3F9C2BFBAE58AF05823F13F57
:10FB70005C8D78BFCB60B9BFA70099413F95F03F3E
:10FB8000CE5F47B69D6FAABF000000000000F03FA7
:10FB90000000000000000000AC479AFD8C60EE3FC2
:10FBA0003DF5249FCA38B33FA06A021FB3A4EC3FBF
:10FBB000BA913854A976C43FE6FC6A573620EB3F29
:10FBC000D2E4C44A0B84CE3F2DAAA163D1C2E93F3F
:10FBD0001C65C6F04506D43FED417803E686E83F54
:10FBE000F89F1B2C9C8ED83F624853F5DC67E73F9B
:10FBF000CC7BB14EA4E0DC3F0B6E49C91676D23FF8
:10FC00007AC675A06919D7BFDDBAA76C0AC7DE3FEF
:10FC1000C8F6BE484715E7BF2BB82A654715F73F1A
:10FC2000000000000000F03F000000000000F0BFF6
:10FC3000000000000000F0BF000000000000F03FE6
:10FC400083C8C96D305F6441182D4454FB21F93FCE
:10FC5000000000000000F03F1C620CFDFFFFDFBF52
:10FC6000198F06E15355A53F9D359AE887C056BFC9
:10FC7000C3F87B024393F93E03A695595455C5BF7B
:10FC8000C40B23057610813F24CF7437EB9429BF32
:10FC9000000000000000F03F000000000000F0BF86
:10FCA000000000000000F0BF000000000000F03F76
:10FCB00083C8C96D305F6441182D4454FB21F93F5E
:10FCC000000000000000F0BF1C620CFDFFFFDF3FE2
:10FCD000198F06E15355A5BF9D359AE887C0563F59
:10FCE000C3F87B024393F9BE03A695595455C5BF8B
:10FCF000C40B23057610813F24CF7437EB9429BFC2
:10FD0000BC89D897B2D29C3C33A7A8D523F64939F1
:10FD10003DA7F444FD0FA5329D978CCF08BA5B2513
:10FD2000436FAC6428066811981F0020A81F0020AC
:10FD3000B81F002004C3002008C300200CC300200B
:10FD400010C3002014C300200000000000000000C9
:10FD50000000FF27100032FF27100032FF2710009D
:10FD600032FF2710003200000000000000000000F9
:10FD700000000000000000000040004000400000C3
:10FD8000E73BE73BE73B0000880D0020840D0020A7
:10FD9000003000203C1F002028F029F02AF02BF032
:10FDA00020002D003D005B005D005C0000003B007A
:10FDB000270060002C002E002F0039F0000000000A
:10FDC0000000000000000000000000000000000033
:10FDD0000000000000000000000049F04AF04BF075
:10FDE0004CF04DF04EF04FF050F051F052F000005A
:10FDF0000000000000000000000000000000000003
:10FE000000000000000000000000000000000000F2
:10FE100000000000000000000000000000000000E2
:10FE200000000000000000000000000000000000D2
:10FE300000000000000000000000000000000000C2
:10FE400000000000000000000000000000000000B2
:10FE500000000000000000000000000000000000A2
:10FE60000000000000000000000000000000000092
:10FE70000000000000000000000000000000000082
:10FE80000000000000000000000000000000000072
:10FE90000000000000000000000000000000000062
:10FEA0000000000000000000000000000000000052
:10FEB0000000000000000000000000000000000042
:10FEC0000000000000000000000000000000000032
:10FED0000000000000000000000000000000000022
:10FEE0000000000000000000000000000000000012
:10FEF0000000000000000000000000000000000002
:10FF0000000000000000000001E002E004E008E062
:10FF100010E020E040E080E0780E0020880D002016
:10FF2000840D002000300020442B0020502B0020A6
:10FF3000E42F0020F02F0020FC2F00200000000004
:10FF400001000000030000000200000000000000AB
:10FF500028F029F02AF02BF020002D003D005B0056
:10FF60005D005C0000003B00270060002C002E00BC
:10FF70002F0039F000000000000000000000000029
:10FF80000000000000000000000000000000000071
:10FF9000000049F04AF04BF04CF04DF04EF04FF0BD
:10FFA00050F051F052F0000000000000000000008E
:10FFB0000000000000000000000000000000000041
:10FFC0000000000000000000000000000000000031
:10FFD0000000000000000000000000000000000021
:10FFE0000000000000000000000000000000000011
:10FFF0000000000000000000000000000000000001
:02000004600397
:1000000000000000000000000000000000000000F0
:1000100000000000000000000000000000000000E0
:1000200000000000000000000000000000000000D0
:1000300000000000000000000000000000000000C0
:1000400000000000000000000000000000000000B0
:1000500000000000000000000000000000000000A0
:100060000000000000000000000000000000000090
:100070000000000000000000000000000000000080
:100080000000000000000000000000000000000070
:100090000000000000000000000000000000000060
:1000A0000000000000000000000000000000000050
:1000B0000000000000000000000000000000000040
:1000C00001E002E004E008E010E020E040E080E031
:1000D000441F0020581F00206C1F0020801F00209C
:1000E000880D0020840D0020003000203C1F0020DF
:1000F000040F00200C0F0020900F00207B22637360
:100100005F626F756E645F6B6579223A0000000074
:100110007B226B696D5F626F756E645F6B657922C0
:100120003A00000043494D0041494D005B555342A0
:100130005D204465766963653A204D494D204D6FD9
:1001400075736520696E697469616C697A656400AC
:100150005B5553425D204465766963653A20000033
:1001600020446972656374496E707574204A6F79B2
:10017000737469636B20696E697469616C697A650F
:10018000640000005B5553425D204A6F79737469C7
:10019000636B3A2061786573206E65757472616C6B
:1001A0002028353132292C204D616E75616C5365E4
:1001B0006E64206163746976650000005B5553428C
:1001C0005D2057616974696E6720666F7220686F81
:1001D000737420656E756D65726174696F6E2E2E15
:1001E0002E0000005B5553425D205265616479002A
:1001F0005B454E435D20456E636F64657248616E7A
:10020000646C657220726561647920285465656E3E
:10021000737920342E3129004D494D0076322E312C
:10022000342E302D616C7068610000005B544654C0
:100230005D205446543120696E697469616C697A35
:1002400065640000477261706820726561647900BE
:100250005B5446545D205446543220696E6974697B
:10026000616C697A65640000252B35642070782FF5
:1002700073000000253564206D73000025352E3194
:10028000662025250000000025352E316620487A9D
:1002900000000000253564202525000025356C75FB
:1002A000206D7300582D537065656400592D53708F
:1002B000656564002B2F2D25642020543D256C7529
:1002C0006D7300002B256400203000002D25640094
:1002D00030000000256C75206D73000045313A70C8
:1002E000616765202045323A65646974000000004A
:1002F000765825643A252B3564000000765925642C
:100300003A252B356400000025372E3366000000A7
:1003100025362E32662025730000000057522057E4
:1003200041524E00534156454400000041494D2082
:10033000506172616D7300002025642F25640000F8
:100340005025642F3300000041494D2053756D6DD9
:100350006172790045313A6E61762045323A6564C2
:10036000697400005B252E32662E2E252E32665DC6
:10037000000000002D3E2041494D00002D3E204D43
:10038000494D00004D494D20286166746572207208
:1003900065626F6F742900005B424F4F545D204DC2
:1003A0006F646520736176656420E28692200000A8
:1003B0005B424F4F545D2050656E64696E67206DDF
:1003C0006F646520E2869220000000005B45455086
:1003D000524F4D5D204D494D2070726F66696C65BE
:1003E000207361766564202873657373696F6E206E
:1003F0007772697465733A005B454550524F4D5DA5
:10040000205741524E3A20686967682077726974B4
:1004100065206672657175656E63792074686973AD
:100420002073657373696F6E000000005B4D494D6A
:100430005D2050726F66696C652076616C696461DD
:1004400074696F6E206661696C65643A206D6167DE
:100450006963206D69736D61746368005B4D494D1C
:100460005D2050726F66696C652076616C696461AD
:1004700074696F6E206661696C65643A2076657296
:1004800073696F6E206D69736D617463680000003D
:100490005B4D494D5D2050726F66696C65207661D9
:1004A0006C69646174696F6E206661696C65643A39
:1004B00020435243206572726F722028676F742048
:1004C000000000002C20657870656374656420006E
:1004D0005B4D494D5D2050726F66696C6520766199
:1004E0006C69646174696F6E206661696C65643AF9
:1004F000207658206F7574206F662072616E676574
:10050000000000005B4D494D5D2050726F66696CC4
:10051000652076616C69646174696F6E20666169DB
:100520006C65643A207659206F7574206F6620726E
:10053000616E6765000000005B4D494D5D205072A3
:100540006F66696C652076616C69646174696F6E51
:10055000206661696C65643A2044656C6179206F3E
:100560007574206F662072616E6765005B4D494D42
:100570005D2050726F66696C652076616C6964619C
:1005800074696F6E206661696C65643A207369678F
:100590006D61506374206F7574206F662072616E98
:1005A000676500005B4D494D5D2050726F66696C58
:1005B000652076616C69646174696F6E206661693B
:1005C0006C65643A207266487A206F7574206F6695
:1005D0002072616E676500005B4D494D5D20507271
:1005E0006F66696C652076616C69646174696F6EB1
:1005F000206661696C65643A207266537072656149
:1006000064206F7574206F662072616E67650000EC
:100610005B4D494D5D2050726F66696C6520766157
:100620006C69646174696F6E206661696C65643AB7
:1006300020726644757479506374206F7574206FEE
:10064000662072616E6765005B4D494D5D2050729A
:100650006F66696C652076616C69646174696F6E40
:10066000206661696C65643A2074456E644D732040
:100670006F7574206F662072616E67650000000000
:100680005B454550524F4D5D204D494D2064656698
:1006900061756C7473206C6F6164656420286E6F83
:1006A0002076616C69642070726F66696C652900E0
:1006B0005B454550524F4D5D204D494D2070726F46
:1006C00066696C65206C6F61646564202876000043
:1006D0005B454550524F4D5D2041494D2070726F32
:1006E00066696C6520736176656420287365737331
:1006F000696F6E207772697465733A005B41494D8A
:100700005D2050726F66696C652076616C6964610A
:1007100074696F6E206661696C65643A206D61670B
:100720006963206D69736D61746368005B41494D55
:100730005D2050726F66696C652076616C696461DA
:1007400074696F6E206661696C65643A20766572C3
:1007500073696F6E206D69736D617463680000006A
:100760005B41494D5D2050726F66696C6520766112
:100770006C69646174696F6E206661696C65643A66
:1007800020435243206572726F722028676F742075
:10079000000000005B41494D5D2050726F66696C3E
:1007A000652076616C69646174696F6E2066616949
:1007B0006C65643A20656D615F616C706861206F83
:1007C0007574206F662072616E6765005B41494DEC
:1007D0005D2050726F66696C652076616C6964613A
:1007E00074696F6E206661696C65643A206E6F692A
:1007F00073655F67617465206F7574206F66207222
:10080000616E6765000000005B41494D5D205072DC
:100810006F66696C652076616C69646174696F6E7E
:10082000206661696C65643A2073656E73697469EA
:1008300076697479206F7574206F662072616E67B7
:10084000650000005B41494D5D2050726F66696C28
:10085000652076616C69646174696F6E2066616998
:100860006C65643A206D61785F6465666C6563747D
:10087000206F7574206F662072616E6765000000DE
:100880005B41494D5D2050726F66696C65207661F1
:100890006C69646174696F6E206661696C65643A45
:1008A0002063757276655F657870206F7574206F50
:1008B000662072616E6765005B41494D5D20507234
:1008C0006F66696C652076616C69646174696F6ECE
:1008D000206661696C65643A206C737469636B5F50
:1008E0006D617020636F6465206F7574206F662082
:1008F00072616E67650000005B41494D5D2050727A
:100900006F66696C652076616C69646174696F6E8D
:10091000206661696C65643A206D6F7573655F73FD
:100920007469636B206F7574206F662072616E67E7
:10093000650000005B41494D5D2050726F66696C37
:10094000652076616C69646174696F6E20666169A7
:100950006C65643A206B626D617020636F64652022
:100960006F7574206F662072616E6765000000000D
:100970005B454550524F4D5D2041494D20646566B1
:1009800061756C7473206C6F6164656420286E6F90
:100990002076616C69642070726F66696C652900ED
:1009A0005B454550524F4D5D2041494D2070726F5F
:1009B00066696C65206C6F61646564202876000050
:1009C000F0F1F3F41408E12C1E1F20212B29E0F292
:1009D000000000005B454550524F4D5D2043494D9E
:1009E0002070726F66696C6520736176656420287B
:1009F00073657373696F6E207772697465733A00FB
:100A00005B43494D5D2050726F66696C652076616D
:100A10006C69646174696F6E206661696C65643AC3
:100A2000206D61676963206D69736D61746368002F
:100A30005B43494D5D2050726F66696C652076613D
:100A40006C69646174696F6E206661696C65643A93
:100A50002076657273696F6E206D69736D61746362
:100A6000680000005B43494D5D2050726F66696C01
:100A7000652076616C69646174696F6E2066616976
:100A80006C65643A20435243206572726F7220286D
:100A9000676F7420000000005B43494D5D20507279
:100AA0006F66696C652076616C69646174696F6EEC
:100AB000206661696C65643A207658206F757420F1
:100AC0006F662072616E6765000000005B43494DF0
:100AD0005D2050726F66696C652076616C69646137
:100AE00074696F6E206661696C65643A207659207E
:100AF0006F7574206F662072616E6765000000007C
:100B00005B43494D5D2050726F66696C652076616C
:100B10006C69646174696F6E206661696C65643AC2
:100B20002064656C6179206F7574206F6620726136
:100B30006E6765005B43494D5D2050726F66696C5E
:100B4000652076616C69646174696F6E20666169A5
:100B50006C65643A207369676D61506374206F75CA
:100B600074206F662072616E676500005B43494DBB
:100B70005D2050726F66696C652076616C69646196
:100B800074696F6E206661696C65643A20726648AC
:100B90007A206F7574206F662072616E6765000041
:100BA0005B43494D5D2050726F66696C65207661CC
:100BB0006C69646174696F6E206661696C65643A22
:100BC000207266537072656164206F7574206F6661
:100BD0002072616E676500005B43494D5D20507275
:100BE0006F66696C652076616C69646174696F6EAB
:100BF000206661696C65643A207266447574795048
:100C00006374206F7574206F662072616E67650073
:100C10005B43494D5D2050726F66696C652076615B
:100C20006C69646174696F6E206661696C65643AB1
:100C30002074456E644D73206F7574206F6620724A
:100C4000616E6765000000005B43494D5D20507296
:100C50006F66696C652076616C69646174696F6E3A
:100C6000206661696C65643A206178697320696EF9
:100C7000646578206F7574206F662072616E676599
:100C8000000000005B43494D5D2050726F66696C47
:100C9000652076616C69646174696F6E2066616954
:100CA0006C65643A20666972655F62746E206F7568
:100CB00074206F662072616E676500005B43494D6A
:100CC0005D2050726F66696C652076616C69646145
:100CD00074696F6E206661696C65643A2063696D42
:100CE00053656E7369746976697479206F757420C1
:100CF0006F662072616E6765000000005B454550BD
:100D0000524F4D5D2043494D2064656661756C749A
:100D100073206C6F6164656420286E6F2076616C4F
:100D200069642070726F66696C6529005B45455087
:100D3000524F4D5D2043494D2070726F66696C655E
:100D4000206C6F6164656420287600005B41495324
:100D50005D2076616C69646174696F6E206661699B
:100D60006C65643A206D6167696300005B414953BB
:100D70005D2076616C69646174696F6E206661697B
:100D80006C65643A2076657273696F6E00000000CE
:100D90005B4149535D2076616C69646174696F6E73
:100DA000206661696C65643A20435243000000008C
:100DB0005B4149535D2076616C69646174696F6E53
:100DC000206661696C65643A20656E61626C656479
:100DD000000000005B4149535D2076616C696461ED
:100DE00074696F6E206661696C65643A2066697229
:100DF000655F7372630000005B4149535D2076615B
:100E00006C69646174696F6E206661696C65643ACF
:100E10002076582F765900005B4149535D2076615A
:100E20006C69646174696F6E206661696C65643AAF
:100E30002064656C617900005B4149535D207661F7
:100E40006C69646174696F6E206661696C65643A8F
:100E5000207369676D615063740000005B41495302
:100E60005D2076616C69646174696F6E206661698A
:100E70006C65643A2074456E644D73005B41495360
:100E80005D2076616C69646174696F6E206661696A
:100E90006C65643A2073656E7369746976697479F8
:100EA000000000005B454550524F4D5D2041494DCB
:100EB0002073706C696E652064656661756C74730F
:100EC000206C6F6164656420286E6F2076616C69A8
:100ED000642070726F66696C652900005B4545503F
:100EE000524F4D5D2041494D2073706C696E6520F5
:100EF0006C6F616465642028760000005B45455096
:100F0000524F4D5D204B494D2070726F66696C6584
:100F1000207361766564202873657373696F6E2032
:100F20007772697465733A005B4B494D5D2050726E
:100F30006F66696C652076616C69646174696F6E57
:100F4000206661696C65643A206D61676963206D34
:100F500069736D61746368005B4B494D5D2050722D
:100F60006F66696C652076616C69646174696F6E27
:100F7000206661696C65643A2076657273696F6E8C
:100F8000206D69736D617463680000005B4B494DAF
:100F90005D2050726F66696C652076616C69646172
:100FA00074696F6E206661696C65643A20435243D0
:100FB000206572726F722028676F74200000000035
:100FC0005B4B494D5D2050726F66696C65207661A0
:100FD0006C69646174696F6E206661696C65643AFE
:100FE000206E5F656E7472696573206F7574206F13
:100FF000662072616E6765005B4B494D5D205072E3
:101000006F66696C652076616C69646174696F6E86
:10101000206661696C65643A207369676D615F7011
:101020006374206F7574206F662072616E6765004F
:101030005B454550524F4D5D204B494D20646566E0
:1010400061756C7473206C6F6164656420286E6FC9
:101050002076616C69642070726F66696C65290026
:101060005B454550524F4D5D204B494D2070726F8E
:1010700066696C65206C6F61646564202876000089
:101080002C20656E74726965733A2000696E616325
:1010900074697665000000005B454550524F4D5D18
:1010A000204B494D20746F67676C652073617665CE
:1010B000643A20005B454550524F4D5D204353201C
:1010C00070726F66696C6520736176656420287341
:1010D000657373696F6E207772697465733A000087
:1010E0005B454550524F4D5D20435320646566611A
:1010F000756C7473206C6F6164656420286E6F205A
:1011000076616C69642070726F66696C6529000095
:101110005B454550524F4D5D2043532070726F66C2
:10112000696C65206C6F616465642028760000003E
:101130002C2070616972733A200000005B454550B5
:10114000524F4D5D204175746F4D61726B2070720E
:101150006F66696C652073617665642028736573BA
:1011600073696F6E207772697465733A00000000CE
:101170005B454550524F4D5D204175746F4D617216
:101180006B2064656661756C7473206C6F61646557
:101190006420286E6F2076616C69642070726F66BF
:1011A000696C6529000000005B454550524F4D5D5C
:1011B000204175746F4D61726B2070726F66696C3F
:1011C00065206C6F61646564000000005B4D494DF3
:1011D0005D202D2D2D204761757373207465737408
:1011E00020284E3D313030302C207369676D615FAF
:1011F0007063743D352529202D2D2D005B4D494D03
:101200005D204D696E3A20005B4D494D5D204D617A
:10121000783A20005B4D494D5D204D65616E3A2066
:10122000000000005B4D494D5D20537464446576B9
:101230003A2000005B4D494D5D202D2D2D2D2D2D8B
:101240002D2D2D2D2D2D2D2D2D2D2D2D2D2D2D2DCE
:101250002D2D2D2D2D2D2D2D2D2D2D2D2D2D2D2DBE
:101260002D2D2D005B41494D5D2041696D416C671D
:101270006F726974686D20726561647900000000A6
:101280005B4B494D5D20456E67696E6520696E69EF
:101290007469616C697A6564000000007B226B6987
:1012A0006D5F62696E645F61636B223A317D00003D
:1012B0007B2263735F62696E645F61636B223A31A4
:1012C0007D0000007B226B696D5F62696E645F74F4
:1012D000696D656F7574223A317D00004D4B434F47
:1012E0004D424F0041494D2028616674657220725D
:1012F00065626F6F7429000043494D202861667450
:101300006572207265626F6F742900004B494D2031
:10131000286166746572207265626F6F74290000BF
:101320004D4B434F4D424F202861667465722072C9
:1013300065626F6F74290000582D537065656420D5
:101340002870782F73290000592D5370656564202B
:101350002870782F73290000506172616D65746583
:10136000727300007658300076583100765832009B
:101370007658330076583400765835007658360063
:10138000765930007659310076593200765933005B
:10139000765934007659350076593600582D446513
:1013A0006C617900592D44656C6179005369676DF2
:1013B0006100000052462D487A00000052462D532D
:1013C0007072640052462D4475747900542D456E38
:1013D00064000000454D412D416C706861000000C3
:1013E0004E6F6973652D47617465000053656E73B8
:1013F000697469762E0000004D61782D4465666C35
:101400000000000043757276652D4578700000007D
:1014100070782F73000000002F2F272722225C5C9A
:101420006208660C6E0A720D740900005C7530303B
:1014300030300000747275650000000066616C73E6
:10144000650000006E756C6C000000006F6B0000A2
:10145000646576696365000066775F7665727369B7
:101460006F6E0000322E31342E302D616C70686149
:10147000000000002530386C5800000068775F6974
:1014800064000000765800007844656C61790000C3
:101490007944656C617900007369676D61506374AC
:1014A000000000007266487A000000007266537007
:1014B000726561640000000072664475747950635F
:1014C0007400000073706C696E65735F656E6162B5
:1014D0006C65640074456E644D7300006D6F7573C8
:1014E000655F737469636B006B626D61700000000F
:1014F0006C737469636B5F6D617000006178697310
:101500005F727800617869735F72790066697265ED
:101510005F62746E0000000073656E7369746976B3
:10152000697479006B696D5F616374697665000049
:101530007369676D615F7063740000006E5F656E54
:101540007472696573000000656E7472696573007A
:1015500074797065000000007472696767657230A5
:101560000000000074726967676572310000000056
:10157000747269676765725F6D6F64650000000073
:101580006761705F6D7300007374657073000000B5
:101590006B6579636F646500686F6C645F6D730081
:1015A00070617573655F6D7300000000656D615F4C
:1015B000616C7068610000006E6F6973655F6761E0
:1015C000746500006D61785F6465666C65637400C6
:1015D00063757276655F6578700000007374617280
:1015E000745F62696E64000063735F656E61626C54
:1015F0006564000063735F7369676D615F70637436
:101600000000000070616972730000006B65795F13
:10161000610000006B65795F620000006475725FB5
:101620006D730000616D5F656E61626C65640000E2
:10163000616D5F747269676765725F6D61736B007E
:10164000616D5F747269676765725F616C6C0000E1
:10165000616D5F70696E675F68696400616D5F727C
:101660006571756972655F6D6F74696F6E000000FA
:10167000616D5F696E74657276616C5F6D73000099
:10168000616D5F696E74657276616C5F6A697474AE
:1016900065725F6D73000000616D5F686F6C645F01
:1016A0006D730000616D5F686F6C645F6A6974746C
:1016B00065725F6D73000000616D5F6D6F74696FBF
:1016C0006E5F7468726573686F6C64006572726FC8
:1016D000720000006D6573736167650074656C6509
:1016E0006D65747279000000757365725F73706563
:1016F00065645F666F72636500000000636F7272FD
:101700005F6D6F6465000000636F72725F6D6F6480
:10171000653A206F6E6C79203120284164617074C5
:101720006976292C20322028537072756E67292C17
:1017300020342028526F62757374292C203520289C
:10174000446972656B7429006C6D625F67617465D2
:10175000000000007265616368696E675F6D730009
:101760006B705F7063740000616C7068615F6D69BD
:101770006E5F706374000000616C7068615F6D6122
:10178000785F706374000000616C7068615F736300
:10179000616C65006A756D705F696E746572766103
:1017A0006C5F6D73000000006A756D705F7063742C
:1017B000000000006465616462616E640000000006
:1017C0006D61785F7374657000000000636F727202
:1017D0005F626F785F780000636F72725F626F782C
:1017E0005F790000696E766572745F7800000000B2
:1017F000696E766572745F790000000061737369C9
:1018000073745F7063740000757365725F796965E6
:101810006C645F72656600006578747261705F6504
:101820006E61626C656400006578747261705F77E8
:1018300065696768745F7063740000007363616C4E
:10184000655F785F706D00007363616C655F795FE1
:10185000706D00006966725F656E61626C65640040
:101860006966725F7063740063746C5F656E616259
:101870006C65640063746C5F6B6E656500000000EE
:10188000756E6B6E6F776E206B65793A20257300ED
:101890006D6F64655F7377697463683A206D6F6418
:1018A00065206D75737420626520274D494D272C86
:1018B000202741494D272C202743494D272C2027FD
:1018C0004B494D27206F7220274D4B434F4D424FC0
:1018D00027000000616374696F6E00007265626FBB
:1018E0006F74696E670000004A534F4E207061723A
:1018F0007365206572726F7200000000636D640092
:1019000070696E67000000006765745F636F6E66E4
:10191000696700006765745F7374617475730000B4
:10192000757074696D655F6D730000006869645F50
:1019300061637469766500006C6173745F696E70D1
:1019400075745F6D730000006C6D625F6163746934
:1019500076650000736C6565705F6D6F646500008F
:101960006D6F7573655F636F6E6E6563746564003C
:101970006B6579626F6172645F636F6E6E656374CD
:101980006564000067616D657061645F636F6E6EB2
:1019900065637465640000006B62645F6D6F646909
:1019A00066696572730000006E756D5F6D696E75B6
:1019B000735F68656C6400006765745F6578745F69
:1019C000636F7272656374696F6E00006461746145
:1019D0005F666C6F77696E67000000006672616D0C
:1019E000655F616765000000757365725F737065A0
:1019F000656400006578747261705F686F72697AFF
:101A00006F6E5F6D730000006765745F61696D5F85
:101A1000636F6E66696700006765745F61696D5F1B
:101A20006D617070696E67006765745F63696D5F93
:101A3000636F6E66696700006765745F6B696D5FF1
:101A4000636F6E66696700006765745F63735F63E9
:101A50006F6E6669670000006E5F70616972730087
:101A60006765745F6175746F5F6D61726B00000014
:101A70006B696D5F62696E645F737461727400009C
:101A80007365745F6578745F636F727265637469A0
:101A90006F6E000064617461000000007365745F24
:101AA0006578745F636F7272656374696F6E2072BC
:101AB0006571756972657320276461746127206F91
:101AC000626A65637400000072657365745F6578AF
:101AD000745F636F7272656374696F6E00000000FB
:101AE0007365745F636F6E66696700007365745F2A
:101AF000636F6E66696720726571756972657320C0
:101B0000276461746127206F626A65637400000056
:101B10007365745F61696D5F636F6E66696700000E
:101B20007365745F61696D5F636F6E66696720726C
:101B30006571756972657320276461746127206F10
:101B4000626A6563740000007365745F61696D5F4C
:101B50006D617070696E67007365745F61696D5F58
:101B60006D617070696E67207265717569726573F9
:101B700020276461746127206F626A6563740000C6
:101B80007365745F63696D5F636F6E66696700009C
:101B90007365745F63696D5F636F6E6669672072FA
:101BA0006571756972657320276461746127206FA0
:101BB000626A6563740000007365745F6B696D5FD2
:101BC000636F6E66696700007365745F6B696D5F54
:101BD000636F6E66696720726571756972657320DF
:101BE000276461746127206F626A65637400000076
:101BF0007365745F63735F636F6E6669670000008F
:101C00007365745F63735F636F6E66696720726587
:101C100071756972657320276461746127206F6232
:101C20006A656374000000007365745F6175746FAA
:101C30005F6D61726B0000007365745F6175746F36
:101C40005F6D61726B2072657175697265732027B3
:101C50006461746127206F626A656374000000002C
:101C60006D6F64655F737769746368007265626F36
:101C70006F745F626F6F746C6F61646572000000F7
:101C80006F74615F7374617274000000746F7461CB
:101C90006C5F627974657300626C6F636B5F73690C
:101CA0007A6500006F74615F626C6F636B000000A7
:101CB0007365710061646472000000006F74615F9D
:101CC00066696E69736800006372633332000000F6
:101CD0006F74615F61626F7274000000726561739E
:101CE0006F6E000062726F777365725F61626F7210
:101CF00074000000756E6B6E6F776E20636F6D6D94
:101D0000616E64005B4D41494E5D20537769746399
:101D100068696E6720746F206D6F64653A200000FB
:101D20007B226576656E74223A22736C656570223B
:101D30007D0000007B226576656E74223A22776111
:101D40006B65227D000000005B454E435D204532FF
:101D5000204C6F6E6720507265737320E28692206C
:101D60006D6F64652073776974636820746F2000F9
:101D70005B454E435D205061676520E286922000FE
:101D80005B454E435D20453220526573657420509B
:101D90006172616D200000006E6F7420636F6E6E63
:101DA00065637465640000003D3D3D3D3D3D3D3D46
:101DB0003D3D3D3D3D3D3D3D3D3D3D3D3D3D3D3D53
:101DC0003D3D3D3D3D3D3D3D3D3D3D3D3D3D3D3D43
:101DD0003D00000020204D494D2076322E31342E1A
:101DE000302D616C70686100202076780000000062
:101DF0003A20200020207679000000002020582D75
:101E000044656C61793A2020000000002020592DA3
:101E100044656C61793A202000000000202053695D
:101E2000676D613A2020202000000000202500007E
:101E3000202052462D487A3A202020200000000021
:101E400020487A00202052462D537072643A202098
:101E500000000000202052462D447574793A20205D
:101E6000000000002020542D456E643A20202020E0
:101E70000000000020204D6F7573653A202020205F
:101E8000000000005B4E554D2D5D20707265737330
:101E900020E28692204C4D423D3100005B4E554D74
:101EA0002D5D2072656C6561736520E28692204C21
:101EB0004D423D30000000004D2000005B4B415D75
:101EC0002048656172746265617420616674657230
:101ED00020000000207320696E6163746976697464
:101EE000790000004D494D204D4F44450000000051
:101EF00041494D204D4F4445000000005B4D414994
:101F00004E5D204D494D2076322E31342E302D61DC
:101F10006C70686120E28094207365747570282964
:101F2000000000005B424F4F545D204175746F2DDF
:101F3000446574656374696F6E20286B65696E20F3
:101F400050656E64696E672D4D6F646529000000F1
:101F50005B43494D5D20426F6F7420E280942063A3
:101F60006F6E74726F6C6C657220646574656374F7
:101F7000656400005B41494D5D20426F6F7420E253
:101F80008094206D6F7573652064657465637465F6
:101F9000640000005B4B494D5D20426F6F7420E28E
:101FA0008094206B6579626F6172642064657465EA
:101FB00063746564000000005B4D4B434F4D424F1E
:101FC0005D20426F6F7420E28094206D6F757365A1
:101FD000202B206B6579626F617264206465746583
:101FE0006374656420284875622900005B4D494D83
:101FF0005D20426F6F7400005B25735D2042757435
:10200000746F6E2070756C73652073656E7420E25A
:1020100086922062726F777365722047616D65707A
:10202000616420415049206163746976617465641C
:102030000A0000005B4D41494E5D20736574757068
:10204000282920636F6D706C65746500504153538F
:10205000000000004641494C000000005B4D414932
:102060004E5D205741524E3A20686967682077726A
:10207000697465206672657175656E637920746830
:1020800069732073657373696F6E00007B227374CC
:1020900061747573223A226572726F72222C226DFE
:1020A000657373616765223A227265717565737431
:1020B0002074696D656F7574227D00007B000000DF
:1020C0006D0000005B4D494D5D20546573743A20EE
:1020D0004D6F7573652E6D6F766528302C313030FD
:1020E0002C30292073656E74000000007466743211
:1020F000746573740000000052454420202043534F
:102100003D333700475245454E2044433D3336006A
:10211000424C5545205253543D3335005B54465490
:102120005D205446543220636F6C6F722074657367
:102130007420647261776E2028522F472F422C2022
:1021400033207329000000007678000076790000C3
:102150005B4D494D5D2076580000000078643A00E0
:102160005B4D494D5D207659000000005B4D494DA7
:102170005D20582D44656C6179203D2000000000F1
:1021800079643A005B4D494D5D20592D44656C6181
:1021900079203D20000000005B4D494D5D205369D2
:1021A000676D61203D20000072663A005B4D494D2D
:1021B0005D2052462D487A203D2000007266733A19
:1021C000000000005B4D494D5D2052462D53706468
:1021D000203D20007266643A000000005B4D494DCE
:1021E0005D2052462D44757479203D20000000008A
:1021F00074653A005B4D494D5D20542D456E642059
:102200003D200000656570726F6D5F7465737400CA
:102210005B544553545D20E29480E2948020454510
:1022200050524F4D20546573742D53756974652059
:10223000E29480E29480E29480E29480E29480E2EE
:102240009480E29480E29480E29480E29480E2942C
:1022500080E29480E29480E29480E29480E2948030
:10226000E29480E2948000005B544553545D203139
:1022700020E2809420436F6C642053746172742058
:1022800044656661756C743A2020202000000000CF
:102290005B544553545D203220E280942053617694
:1022A00065202B2052656C6F61643A20202020202D
:1022B00020202020200000005B544553545D203333
:1022C00020E2809420436865636B73756D20436FD3
:1022D0007272757074696F6E3A20202000000000E1
:1022E0005B544553545D203420E2809420466C6F4B
:1022F000617420526F756E64747269703A20202088
:1023000020202020200000005B544553545D20E233
:102310009480E2948020526573756C743A200000BA
:102320002F34205041535320E29480E29480E29471
:1023300080E29480E29480E29480E29480E294804F
:10234000E29480E29480E29480E29480E29480E2DD
:102350009480E29480E29480000000005B4D41494B
:102360004E5D20556E6B6E6F776E20636F6D6D6185
:102370006E642E2027702720666F722068656C704F
:102380002E00000043494D204D4F44450000000001
:102390004B494D204D4F4445000000004D494D2B09
:1023A0004B494D007B226F7461223A226572726F35
:1023B00072222C226D7367223A222573227D00003F
:1023C0007B226F7461223A226E61636B222C22732E
:1023D0006571223A25752C226D7367223A22257386
:1023E000227D00005B4F54415D204572726F722068
:1023F000E2809420626C6F636B5F73697A65206D15
:1024000069736D617463683A20676F74200000001F
:10241000626C6F636B5F73697A655F6D69736D6121
:10242000746368005B4F54415D2053746172742083
:10243000E280942073697A653D000000206279741F
:1024400065732C20626C6F636B733D007B226F742D
:1024500061223A227265616479222C22626C6F6378
:102460006B5F73697A65223A25752C22626C6F6303
:102470006B73223A25757D006E6F745F696E5F6FB6
:1024800074615F6D6F6465005B4F54415D20457200
:10249000726F7220E2809420626C6F636B207469AB
:1024A0006D656F757400000074696D656F757400FB
:1024B0006261736536345F6572726F72000000008E
:1024C0005B4F54415D20426C6F636B200000000045
:1024D0002F0000002028536563746F72203020E2C3
:1024E00086922052414D29007B226F7461223A224C
:1024F00061636B222C22736571223A25757D000081
:10250000666C6173685F7665726966795F65727221
:102510006F7200005B4F54415D204572726F7220F4
:10252000E28094204352433332206D69736D6174AD
:1025300063683A20676F7420307800002C2065783B
:102540007065637465642030780000006372635FB7
:102550006D69736D61746368000000007365637476
:102560006F72305F6D697373696E67005B4F5441C2
:102570005D204352433332204F4B20E2809420773A
:10258000726974696E6720536563746F7220302CB2
:10259000207265626F6F74696E6700007B226F74D2
:1025A00061223A226F6B227D000000006E6F207264
:1025B0006561736F6E0000005B4F54415D204162A6
:1025C0006F727420E2809420000000000A20212114
:1025D00021212121212121212120426C7565746F47
:1025E0006F7468436F6E74726F6C6C65723A3A7197
:1025F000756575655F446174615F5472616E736681
:1026000065722063616C6C65642077697468206210
:1026100061642064617461206C696E653A2025757F
:102620000A0000000920706970653A257020627503
:10263000666665723A2570206C656E3A2575206471
:1026400072697665723A25700A00000048656C6C04
:102650006F2C2049276D20726573657474696D65F0
:10266000720000004465626F756E63652054696D89
:102670006572000055534248494450617273657257
:102680003A3A636F6E74726F6C206D73673A2025EF
:1026900078202578203A202578202575203A0000DA
:1026A00020253032780000004A6F79737469636BBB
:1026B000436F6E74726F6C6C65723A3A62745F63EA
:1026C0006C61696D5F636F6C6C656374696F6E28B4
:1026D00025702920436F6E6E656374696F6E3A25AD
:1026E0007020636C6173733A257820546F703A25BB
:1026F000780A0000094A6F79737469636B436F6EDF
:1027000074726F6C6C657220636C61696D20636FAD
:102710006C6C656374696F6E0A00000053776974AE
:102720006368207472616E73666572206661696C9D
:102730000A0000005365742052756D626C65206458
:102740006174613A2025642C2025640A0000000091
:102750005365742052756D626C65206461746120EC
:1027600028555342293A2025642C2025640A00006C
:10277000576972656C65737320436F6E74726F6C0A
:102780006C657200504C415953544154494F4E2886
:10279000522933004E617669676174696F6E204318
:1027A0006F6E74726F6C6C65720000004D6F7469AF
:1027B0006F6E20436F6E74726F6C6C6572000000F8
:1027C00058626F7820576972656C657373000000FA
:1027D00050726F20436F6E74726F6C6C6572000084
:1027E0004A6F792D436F6E20285229004A6F792D48
:1027F000436F6E20284C29004A6F79737469636BAC
:10280000436F6E74726F6C6C65723A3A636C616997
:102810006D5F626C7565746F6F7468202D20436CFA
:102820006173732025782025730A00004A6F79733D
:102830007469636B436F6E74726F6C6C65723A3A55
:10284000636C61696D5F626C7565746F6F7468202D
:10285000496E746572666163650A00000A2323236A
:10286000232323232073775F73656E64434D4428CD
:102870002578202570202575292063616C6C65649E
:1028800020776974682062746472697665725F206B
:102890003D3D2030200000004D6F757365436F6E25
:1028A00074726F6C6C657220436F6E74726F6C6CB7
:1028B00065723A3A636C61696D5F626C7565746FDD
:1028C0006F7468202D20436C6173732025780A0093
:1028D0004D6F757365436F6E74726F6C6C65723A91
:1028E0003A636C61696D5F626C7565746F6F746873
:1028F00020545255450A00004D6F757365436F6E45
:1029000074726F6C6C65723A3A62745F636C616981
:102910006D5F636F6C6C656374696F6E28257029D9
:1029200020436F6E6E656374696F6E3A2570206325
:102930006C6173733A257820546F703A25780A00D9
:10294000094D6F757365436F6E74726F6C6C657251
:1029500020636C61696D20636F6C6C656374696F73
:102960006E0A00006E616E00696E66006F7666002A
:102970006E660000696E697479000000616E000087
:102980004C435F434F4C4C41544500004C435F4324
:1029900054595045000000004C435F4D4F4E455484
:1029A000415259004C435F4E554D4552494300003A
:1029B0004C435F54494D45004C435F4D4553534193
:1029C0004745530042616C6C6F63207375636365A8
:1029D00065646564000000002F646174612F6A659E
:1029E0006E6B696E732F776F726B73706163652F97
:1029F000474E552D746F6F6C636861696E2F6172FD
:102A00006D2D31352D352F7372632F6E65776C699F
:102A1000622D63796777696E2F6E65776C69622FB7
:102A20006C6962632F7374646C69622F6764746F7E
:102A3000612D6765746865782E6300002F6461748A
:102A4000612F6A656E6B696E732F776F726B73702F
:102A50006163652F474E552D746F6F6C63686169B4
:102A60006E2F61726D2D31352D352F7372632F6E80
:102A700065776C69622D63796777696E2F6E65770C
:102A80006C69622F6C6962632F7374646C69622F66
:102A90006D707265632E6300494E46004E414E00D4
:102AA00030313233343536373839616263646566C4
:102AB0000000000030313233343536373839414286
:102AC0004344454600000000286E756C6C290000E8
:102AD0002C2066756E6374696F6E3A2000000000EA
:102AE000617373657274696F6E202225732220668C
:102AF00061696C65643A2066696C652022257322E1
:102B00002C206C696E65202564257325730A0000EE
:102B1000496E66696E697479000000004E614E006E
:102B20002F646174612F6A656E6B696E732F776FA6
:102B3000726B73706163652F474E552D746F6F6CA8
:102B4000636861696E2F61726D2D31352D352F737C
:102B500072632F6E65776C69622D63796777696E32
:102B60002F6E65776C69622F6C6962632F73746472
:102B70006C69622F64746F612E6300003420002042
:102B8000000000000000803FCDCC4C3DAC33002065
:102B900040200020000000000000A0410000003F95
:102BA000702000204C200020CDCCCC3D0000A04067
:102BB000CDCCCC3DA831002058200020CDCCCC3D40
:102BC0000000803FCDCC4C3DAC3300206420002081
:102BD0000000003F00004040CDCCCC3DAC33002095
:102BE00034200020000000000000803FCDCC4C3D90
:102BF000AC33002040200020000000000000A04175
:102C00000000003F702000204C200020CDCCCC3DA7
:102C10000000A040CDCCCC3DA831002058200020A1
:102C2000CDCCCC3D0000803FCDCC4C3DAC33002022
:102C3000642000200000003F00004040CDCCCC3D8F
:102C4000AC330020280A291B2B0952DA51D950D85D
:102C50004FD749D14CD44BD34ED64AD24DD53AC298
:102C60003BC33CC43DC53EC63FC740C841C942CA3C
:102C700043CB44CC45CD0000342000204020002030
:102C80004C2000205820002064200020C41F002079
:102C9000C81F0020CC1F0020D01F0020D41F002000
:102CA000D81F0020DC1F0020E01F0020E41F0020B0
:102CB000E81F0020EC1F0020F01F0020F41F002060
:102CC000F81F0020FC1F0020042000200C20002002
:102CD000142000201C200020242000202C20002074
:102CE000542F2F552A2A562D2D572B2B580A0A5967
:102CF000CD315AD1325BCE335CD0345D00355ECFFE
:102D0000365FCA3760D23861CB3962C93063CC2EA6
:102D1000030400010205000000000000003E5B4FBC
:102D20005B3E3E6B4F6B3E1C3E7C3E1C183C7E3C2B
:102D3000181C577D571C1C5E7F5E1C00183C180039
:102D4000FFE7C3E7FF0018241800FFE7DBE7FF30C9
:102D5000483A060E2629792926407F050507407F37
:102D600005253F5A3CE73C5A7F3E1C1C08081C1CAA
:102D70003E7F14227F22145F5F005F5F06097F01A0
:102D80007F006689956A606060606094A2FFA2948B
:102D900008047E040810207E201008082A1C080859
:102DA0001C2A08081E101010100C1E0C1E0C3038A7
:102DB0003E3830060E3E0E06000000000000005FA8
:102DC00000000007000700147F147F14242A7F2AC4
:102DD0001223130864623649562050000807030086
:102DE000001C2241000041221C002A1C7F1C2A08D2
:102DF000083E080800807030000808080808000035
:102E000060600020100804023E5149453E00427FA8
:102E1000400072494949462141494D331814127FF7
:102E20001027454545393C4A494931412111090797
:102E30003649494936464949291E00001400000018
:102E400040340000000814224114141414140041EA
:102E500022140802015909063E415D594E7C1211A7
:102E6000127C7F494949363E414141227F414141DF
:102E70003E7F494949417F090909013E414151735A
:102E80007F0808087F00417F41002040413F017FCB
:102E9000081422417F404040407F021C027F7F0493
:102EA00008107F3E4141413E7F090909063E4151DC
:102EB000215E7F09192946264949493203017F01CC
:102EC000033F4040403F1F2040201F3F4038403FCD
:102ED000631408146303047804036159494D4300E3
:102EE0007F4141410204081020004141417F04021A
:102EF00001020440404040400003070800205454B1
:102F000078407F284444383844444428384444288E
:102F10007F385454541800087E090218A4A49C78E1
:102F20007F0804047800447D40002040403D007F3D
:102F30001028440000417F40007C047804787C081D
:102F40000404783844444438FC18242418182424F1
:102F500018FC7C08040408485454542404043F44D6
:102F6000243C4040207C1C2040201C3C4030403C05
:102F700044281028444C9090907C4464544C440065
:102F800008364100000077000000413608000201C9
:102F90000204023C2623263C1EA1A161123A4040B5
:102FA000207A385454555921555579412254547832
:102FB00042215554784020545579400C1E527212CB
:102FC0003955555559395454545939555454580054
:102FD00000457C410002457D420001457C407D1258
:102FE00011127DF0282528F07C54554500205454BA
:102FF0007C547C0A097F4932494949323A44444465
:103000003A324A4848303A4141217A3A424020789F
:10301000009DA0A07D3D4242423D3D4040403D3CA0
:1030200024FF2424487E4943662B2FFC2F2BFF09C5
:1030300029F620C0887E09032054547941000044B9
:103040007D413048484A32384040227A007A0A0AA4
:10305000727D0D19317D2629292F28262929292617
:1030600030484D4020380808080808080808382F5C
:1030700010C8ACBA2F102834FA00007B00000814E6
:103080002A142222142A14085500550055AA55AABC
:1030900055AAFF55FF55FF000000FF00101010FF5C
:1030A00000141414FF001010FF00FF1010F010F0B7
:1030B000141414FC001414F700FF0000FF00FF14A8
:1030C00014F404FC141417101F10101F101F1414F4
:1030D000141F00101010F0000000001F101010103E
:1030E0001F10101010F010000000FF101010101032
:1030F00010101010FF10000000FF140000FF00FF70
:1031000000001F10170000FC04F41414171017140B
:1031100014F404F40000FF00F7141414141414142D
:10312000F700F7141414171410101F101F141414A0
:10313000F4141010F010F000001F101F0000001F0A
:1031400014000000FC140000F010F01010FF10FF3D
:10315000141414FF141010101F00000000F010FFD2
:10316000FFFFFFFFF0F0F0F0F0FFFFFF00000000B6
:1031700000FFFF0F0F0F0F0F3844443844FC4A4A3A
:103180004A347E02020606027E027E0263554941EF
:10319000633844443C04407E201E2006027E020226
:1031A00099A5E7A5991C2A492A1C4C7201724C303A
:1031B0004A4D4D303048784830BC625A463D3E4911
:1031C0004949007E0101017E2A2A2A2A2A44445FB5
:1031D000444440514A444040444A51400000FF01A9
:1031E00003E080FF000008086B6B083612362436B7
:1031F000060F090F0600001818000000101000301C
:1032000040FF0101001F01011E00191D1712003CA3
:103210003C3C3C000000000001E002E004E008E06B
:1032200010E020E040E080E0FFFFFFFFFFFFFFFF36
:10323000FFFFFFFFFFFFFFFFFFFFFFFFFFFFFFFF9E
:10324000FFFFFFFFFFFFFFFFFFFFFFFFFFFFFFFF8E
:10325000FFFFFF3EFFFFFF3F3435363738393A3B3B
:103260003C3DFFFFFFFEFFFFFF00010203040506D8
:103270000708090A0B0C0D0E0F1011121314151666
:10328000171819FFFFFFFFFFFF1A1B1C1D1E1F2031
:103290002122232425262728292A2B2C2D2E2F30A6
:1032A000313233FFFFFFFFFFFFFFFFFFFFFFFFFF95
:1032B000FFFFFFFFFFFFFFFFFFFFFFFFFFFFFFFF1E
:1032C000FFFFFFFFFFFFFFFFFFFFFFFFFFFFFFFF0E
:1032D000FFFFFFFFFFFFFFFFFFFFFFFFFFFFFFFFFE
:1032E000FFFFFFFFFFFFFFFFFFFFFFFFFFFFFFFFEE
:1032F000FFFFFFFFFFFFFFFFFFFFFFFFFFFFFFFFDE
:10330000FFFFFFFFFFFFFFFFFFFFFFFFFFFFFFFFCD
:10331000FFFFFFFFFFFFFFFFFFFFFFFFFFFFFFFFBD
:10332000FFFFFFFFFFFFFFFF080A02060405010978
:103330000000000000000000000000009DE6010009
:10334000A9FA01001573010019730100950F02001D
:1033500045DB010049DB0100FDDD01005DDB010013
:1033600079DB0100F9DE010045DB010099DB01009A
:1033700095DB0100D1DC010079DC01002DDD0100CD
:10338000C1DD0100C1DB01002DDE010000000000F5
:1033900000000000B58A010079900100F18C010065
:1033A00031010000098D0100000000000000000054
:1033B0009DE60100A9FA01001573010019730100CF
:1033C000EDF2010061EB0100A9F201007DEA0100CC
:1033D000E5E9010045E90100F9DE0100DDE8010051
:1033E00099DB010039F10100A1EB010095EC01002E
:1033F0008DED0100C1DD0100C1DB01002DDE01000A
:10340000950F0200950F0200000000000000000070
:103410009DE60100A9FA010015730100197301006E
:10342000EDF2010061EB0100A9F201007DEA01006B
:10343000E5E9010045E90100F9DE0100DDE80100F0
:103440003DF6010039F10100A1EB010095EC01000E
:103450008DED0100C1DD0100C1DB01002DDE0100A9
:10346000F5F7010015F80100000000000000000061
:103470009DE60100A9FA010015730100197301000E
:10348000EDF2010061EB0100A9F201007DEA01000B
:10349000E5E9010045E90100F9DE0100DDE8010090
:1034A00069F8010039F10100A1EB010095EC010080
:1034B0008DED0100C1DD0100C1DB01002DDE010049
:1034C000F5F7010015F80100000000000000000001
:1034D00001D3010065740100697401001D730100CE
:1034E0003DD2010045D20100CDD2010029D2010018
:1034F0006D74010069D3010029D30100E1D20100FC
:10350000C5D301001DD40100E9D2010049D4010056
:1035100071D40100F4FFFFFF0000000021730100DF
:10352000B5D50100E5D4010041D4010025730100A7
:10353000097301000D73010059D501002DD501005B
:1035400021D5010095D40100BDD401001173010003
:103550000000000000000000190300002901000025
:103560002D010000310100003501000000000000C5
:1035700000000000351A02002D1A0200291A02006C
:10358000251A0200211A02001D1A0200191A02004F
:10359000151A02000000000000000000E1A5010073
:1035A00019A301002D0100003101000021A3010039
:1035B00031B20100B9A10100BDA1010059A3010070
:1035C00005A30100C1A3010015A30100C5C10100AD
:1035D00091B7010069AF010009C2010049A30100D0
:1035E0000DB0010035B10100E9A301005DA40100A7
:1035F00031A3010095A40100F1A4010031B901003B
:10360000F4FFFFFF000000005DB3010055C601009C
:1036100081A40100B9A301007DA40100FDA2010065
:10362000B5A40100C9A40100B5B70100E8FFFFFF80
:10363000000000002173010005B001004DC601002B
:1036400085A401003DB00100D1B101000D7301005E
:1036500055A40100A9A501009DA501002DA501000B
:1036600059A5010055B9010000000000000000004C
:10367000F5C70100ADCF0100697401001D730100A1
:10368000C1C6010051CD0100DDCF01008DC7010091
:103690006D74010019C7010045D0010001C7010088
:1036A000F1C60100F9C60100FDC60100A9C701006D
:1036B00085C80100E1C60100E9C60100CDC80100CE
:1036C000F4FFFFFF0000000021730100F1C90100B9
:1036D00069D00100C5C80100F9C80100BDC80100DA
:1036E000C1C80100A1C901005DC9010051C90100A3
:1036F00011C901001DC90100117301000000000083
:10370000000000000D300200A9FA0100812A020029
:10371000D92B0200A12A0200412B0200C92A020073
:10372000652C0200F52B02007D2A0200000000003B
:10373000000000002D9801008D9F0100099B0100F1
:1037400031010000AD990100000000000000000000
:1037500031A4000029A4000021A4000000010203FC
:10376000000001000000030000000200000006004D
:103770000000040000000C00000008000000090028
:103780000001020304050000D8399D270054EA2AED
:1037900000A4781F007B9A170000000000000000C2
:1037A0000000000000000000000000000000000019
:1037B0000000000000000000000000000000000009
:1037C000000000000000000010111213141516175D
:1037D0001819000000000000001A1B1C1D1E1F000D
:1037E00000000000000000000000000000000000D9
:1037F0000000000000000000001A1B1C1D1E1F001E
:1038000000000000000000000000000000000000B8
:1038100000000000000000000000000000000000A8
:103820000000000000000000000000000000000098
:103830000000000000000000000000000000000088
:103840000000000000000000000000000000000078
:103850000000000000000000000000000000000068
:103860000000000000000000000000000000000058
:103870000000000000000000000000000000000048
:103880000000000000000000000000000000000038
:103890000000000000000000A2000000F9A20000EB
:1038A00083F9A2006E83F9A24E6E83F9444E6E83B3
:1038B00015444E6E2915444EFC29154427FC291544
:1038C0005727FC29D15727FCF5D1572734F5D15775
:1038D000DD34F5D1C0DD34F5DBC0DD3462DBC0DDC5
:1038E0009562DBC0999562DB3C999562433C999562
:1038F00090433C994190433C0020202020202020F0
:10390000202028282828282020202020202020208F
:10391000202020202020202020881010101010109F
:1039200010101010101010101004040404040404EB
:103930000404041010101010101041414141414185
:103940000101010101010101010101010101010167
:103950000101010110101010101042424242424277
:103960000202020202020202020202020202020237
:1039700002020202101010102000000000000000DF
:103980000000000000000000000000000000000037
:103990000000000000000000000000000000000027
:1039A0000000000000000000000000000000000017
:1039B0000000000000000000000000000000000007
:1039C00000000000000000000000000000000000F7
:1039D00000000000000000000000000000000000E7
:1039E00000000000000000000000000000000000D7
:1039F0000000000000000000000000002020202047
:103A000020202020202020202020202020202020B6
:103A100020202020202020202020202000000042E4
:103A2000C8801F40B8821F4008000000000000420C
:103A3000C4801F40B4821F400400000000C0004248
:103A400024801F4014821F401000000000C000426C
:103A500028801F4018821F402000000000C0004244
:103A60002C801F401C821F404000000000C000420C
:103A700034801F4024821F400001000000400042AB
:103A800064811F4054831F40000400000040004236
:103A900080811F4070831F400000020000400042F0
:103AA0007C811F406C831F400000010000400042E9
:103AB00068811F4058831F400008000000400042FA
:103AC0003C811F402C831F40010000000040004249
:103AD00044811F4034831F40040000000040004226
:103AE00040811F4030831F40020000000040004220
:103AF00048811F4038831F4008000000000000423A
:103B000004811F40F4821F400000040000000042B6
:103B100008811F40F8821F4000000800000000429A
:103B200018811F4008831F400000800000000042F1
:103B300014811F4004831F40000040000000004229
:103B400000811F40F0821F40000002000000004280
:103B5000FC801F40EC821F4000000100000000427A
:103B600024811F4014831F40000000040000004215
:103B700028811F4018831F400000000800000042F9
:103B80001C811F400C831F40000000010000004208
:103B900020811F4010831F400000000200000042EF
:103BA000EC801F40DC821F4000100000000000423B
:103BB000F0801F40E0821F40002000000000004213
:103BC00034811F4024831F40000000400000004259
:103BD00038811F4028831F40000000800080004281
:103BE00094801F4084821F400000040000C00042F7
:103BF00090801F4080821F400000008000800042B3
:103C0000A8801F4098821F40000080000080004272
:103C1000A4801F4094821F400000400000400042EA
:103C20006C811F405C831F400010000000C00042F8
:103C300030801F4020821F40800000000040004272
:103C4000B0811F40A0831F400000002000400042C0
:103C5000AC811F409C831F400000001000400042C8
:103C600084811F4074831F40000004000040004214
:103C700088811F4078831F40000008000000004238
:103C80002C811F401C831F400000001000000042D8
:103C900030811F4020831F400000002000000042B0
:103CA0000C811F40FC821F400000100000000042F9
:103CB00010811F4000831F40000020000080004250
:103CC000C8811F40B8831F40008000000080004270
:103CD000C4811F40B4831F400040000000800042A8
:103CE000C0811F40B0831F400020000000800042C0
:103CF000BC811F40AC831F400010000000800042C8
:103D0000D0811F40C0831F4000000200008000429D
:103D1000CC811F40BC831F400000010000C0004256
:103D200074801F4064821F400000000100C00042F8
:103D300080801F4070821F400000000800C00042C9
:103D400084801F4074821F400000001000C00042A9
:103D50006C801F405C821F400000400000C0004299
:103D60007C801F406C821F400000000400C00042A5
:103D700078801F4068821F400000000200C000429F
:103D800088801F4078821F4000000020350000001E
:103D9000CEFBFFFFCB03000001000000000000008D
:103DA00034000000CEFBFFFFCB0300000100000049
:103DB000000000002C5E7460616264346667656EAA
:103DC000362D3738271E1F20212223242526733322
:103DD000762E77785F4445464748494A4B4C4D4ECE
:103DE0004F505152535455565758595A5B5C5D2F9A
:103DF0003130636D350405060708090A0B0C0D0EFA
:103E00000F101112131415161718191A1B1C1D6FF9
:103E10007170752A05000000190000007D00000087
:103E200007080C0B06050F000D0E0102838407081E
:103E30000C0B06050F000D0E01028384FFFFFFFF30
:103E4000FFFFFFFFFFFF8182090A00000001000061
:103E5000785600201200000000060000F8210060E3
:103E60000A0000000002000048210060AF000000CE
:103E70000007000098200060AF0000000022020050
:103E8000F85800203F000000002102009C21006043
:103E900009000000002203006059002054000000C7
:103EA00000210300B5210060090000000022040089
:103EB000A05800205500000000210400CE21006021
:103EC00009000000002205003859002028000000E9
:103ED00000210500E7210060090000000003000048
:103EE0009420006000000000010309047C200060B1
:103EF00000000000020309043C20006000000000F4
:103F000003030904B4590020000000000000000071
:103F10000000000000000000303030303030303021
:103F20003030303030303030303030303030303091
:103F30003030303030303030000000000000000001
:103F40000000000000000000A04B0020A04B00205B
:103F5000A84B0020A84B0020B04B0020B04B002005
:103F6000B84B0020B84B0020C04B0020C04B0020B5
:103F7000C84B0020C84B0020D04B0020D04B002065
:103F8000D84B0020D84B0020E04B0020E04B002015
:103F9000E84B0020E84B0020F04B0020F04B0020C5
:103FA000F84B0020F84B0020004C0020004C002073
:103FB000084C0020084C0020104C0020104C002021
:103FC000184C0020184C0020204C0020204C0020D1
:103FD000284C0020284C0020304C0020304C002081
:103FE000384C0020384C0020404C0020404C002031
:103FF000484C0020484C0020504C0020504C0020E1
:10400000584C0020584C0020604C0020604C002090
:10401000684C0020684C0020704C0020704C002040
:10402000784C0020784C0020804C0020804C0020F0
:10403000884C0020884C0020904C0020904C0020A0
:10404000984C0020984C0020A04C0020A04C002050
:10405000A84C0020A84C0020B04C0020B04C002000
:10406000B84C0020B84C0020C04C0020C04C0020B0
:10407000C84C0020C84C0020D04C0020D04C002060
:10408000D84C0020D84C0020E04C0020E04C002010
:10409000E84C0020E84C0020F04C0020F04C0020C0
:1040A000F84C0020F84C0020004D0020004D00206E
:1040B000084D0020084D0020104D0020104D00201C
:1040C000184D0020184D0020204D0020204D0020CC
:1040D000284D0020284D0020304D0020304D00207C
:1040E000384D0020384D0020404D0020404D00202C
:1040F000484D0020484D0020504D0020504D0020DC
:10410000584D0020584D0020604D0020604D00208B
:10411000684D0020684D0020704D0020704D00203B
:10412000784D0020784D0020804D0020804D0020EB
:10413000884D0020884D0020904D0020904D00209B
:10414000984D0020984D0020A04D0020A04D00204B
:10415000A84D0020A84D0020B04D0020B04D0020FB
:10416000B84D0020B84D0020C04D0020C04D0020AB
:10417000C84D0020C84D0020D04D0020D04D00205B
:10418000D84D0020D84D0020E04D0020E04D00200B
:10419000E84D0020E84D0020F04D0020F04D0020BB
:1041A000F84D0020F84D0020004E0020004E002069
:1041B000084E0020084E0020104E0020104E002017
:1041C000184E0020184E0020204E0020204E0020C7
:1041D000284E0020284E0020304E0020304E002077
:1041E000384E0020384E0020404E0020404E002027
:1041F000484E0020484E0020504E0020504E0020D7
:10420000584E0020584E0020604E0020604E002086
:10421000684E0020684E0020704E0020704E002036
:10422000784E0020784E0020804E0020804E0020E6
:10423000884E0020884E0020904E0020904E002096
:10424000984E0020984E0020A04E0020A04E002046
:10425000A84E0020A84E0020B04E0020B04E0020F6
:10426000B84E0020B84E0020C04E0020C04E0020A6
:10427000C84E0020C84E0020D04E0020D04E002056
:10428000D84E0020D84E0020E04E0020E04E002006
:10429000E84E0020E84E0020F04E0020F04E0020B6
:1042A000F84E0020F84E0020004F0020004F002064
:1042B000084F0020084F0020104F0020104F002012
:1042C000184F0020184F0020204F0020204F0020C2
:1042D000284F0020284F0020304F0020304F002072
:1042E000384F0020384F0020404F0020404F002022
:1042F000484F0020484F0020504F0020504F0020D2
:10430000584F0020584F0020604F0020604F002081
:10431000684F0020684F0020704F0020704F002031
:10432000784F0020784F0020804F0020804F0020E1
:10433000884F0020884F0020904F0020904F002091
:10434000984F0020984F00200000000088C00020F7
:10435000F0C0002058C10020000000000000000054
:10436000000000000000000000000000000000004D
:10437000000000000000000000000000000000003D
:10438000000000000000000000000000000000002D
:10439000000000000000000000000000000000001D
:1043A000000000000000000000000000000000000D
:1043B00000000000000000000000000000000000FD
:1043C00000000000000000000000000000000000ED
:1043D00000000000000000000000000000000000DD
:1043E00001000000000000000E33CDAB34126DE67A
:1043F000ECDE05000B0000000000000000000000E3
:1044000000000000000000000000000000000000AC
:10441000000000000000000000000000000000009C
:10442000000000000000000000000000000000008C
:10443000000000000000000000000000000000007C
:10444000000000000000000000000000000000006C
:10445000000000000000000000000000000000005C
:10446000000000000000000000000000000000004C
:10447000000000000000000000000000000000003C
:10448000000000000000000000000000000000002C
:10449000000000000000000000000000000000001C
:1044A000000000000000000000000000000000000C
:1044B00000000000000000000000000000000000FC
:1044C00000000000000000000000000000000000EC
:1044D00000000000000000000000000000000000DC
:1044E00000000000000000000000000000000000CC
:1044F00000000000000000000000000000000000BC
:1045000000000000000000000000000000000000AB
:10451000000000000000000000000000000000009B
:10452000000000000000000000000000000000008B
:10453000000000000000000000000000000000007B
:1045400000000000000000000029DE07007B9A1731
:1045500000003A40A81F00600000000000000000BA
:10456000000000000000000000000000000000004B
:10457000000000000000000000000000000000003B
:10458000000000000000000000000000000000002B
:10459000000000000000000000000000000000001B
:1045A00000C03940381F006000000000000000001B
:1045B00000000000000000000000000000000000FB
:1045C00000000000000000000000000000000000EB
:1045D00000000000000000000000000000000000DB
:1045E00000000000000000000000000000000000CB
:1045F00000403940C81E00600000000000000000BC
:1046000000000000000000000000000000000000AA
:10461000000000000000000000000000000000009A
:10462000000000000000000000000000000000008A
:10463000000000000000000000000000000000007A
:10464000D441002000000000E8030000000000004A
:104650006443002000000000E803000000000000A8
:1046600000801840185300200000000004A900201A
:10467000C4A8002000000000000000002800000086
:104680004000000028000000400000000000000082
:10469000000000000000000000000000000000001A
:1046A000000000000000000000000000000000000A
:1046B0000000803F0000803F021500009DFA0100CD
:1046C0000000000068C00F40000000300F00000034
:1046D000020000002C851F4001000000FF000000C8
:1046E000FF00000000000000000000000E000000BD
:1046F0000200000030851F4001000000FF000000A4
:10470000FF00000000000000000000001302400055
:104710002600180078000000FFFFFFFF8002000065
:10472000052000010000000008000FC0000000008C
:104730000000000005200001000000005E04DD0212
:1047400003005E04EA0203005E04120B03005E0431
:10475000190704005E048E0207007E050920070188
:1047600079001C2007004C05680201014C052F044C
:1047700001014C05D50305014C05C40502014C059A
:10478000CC0902015C0AE82102016D0426C606017B
:104790006D0428C606010000B0430020420C000052
:1047A00048C00020403320200000000043000000EB
:1047B00000000000000000000000000000000000F9
:1047C00000000000000000000000000043000000A6
:1047D00000000000000000000000000000000000D9
:1047E0000000000000000000000000004300000086
:1047F00000000000000000000000000000000000B9
:104800000000000000000000000000004300000065
:104810000000000000000000000000000000000098
:104820000000000000000000000000004300000045
:104830000000000000000000000000000000000078
:104840000000000000000000000000004300000025
:104850000000000000000000000000000000000058
:104860000000000000000000000000004300000005
:104870000000000000000000000000000000000038
:1048800000000000000000000000000043000000E5
:104890000000000000000000000000000000000018
:1048A0000000000000000000000000000000000008
:1048B00000000000000000000000000000000000F8
:1048C00000000000000000000000000000000000E8
:1048D00000000000000000000000000000000000D8
:1048E00000000000000000000000000000000000C8
:1048F00000000000000000000000000000000000B8
:1049000000000000000000000000000000000000A7
:104910000000000000000000000000000000000097
:104920000000000000000000000000000000000087
:104930000000000000000000000000000000000077
:104940000000000000000000000000000000000067
:104950000000000000000000000000000000000057
:104960000000000000000000000000000000000047
:104970000000000061830200817802000000000056
:1049800058450020400E0020AC330020AC330020FE
:10499000AC330020AC330020AC330020AC3300201B
:1049A000AC330020AC330020AC330020FFFFFFFF0E
:1049B000FFFFFFFFFFFFFFFFFFFF0000010041536C
:1049C0004349490000000000000000000000000012
:1049D0000000000000000000000000000000415343
:1049E00043494900000000000000000000000000F2
:1049F00000000000000000000000000000000000B7
:104A0000FFFFFFFF000002000000000003000000A5
:104A100088C00020A84F002012010002EF020140D0
:104A2000C016870480020102030100000000803FDD
:104A30000000803F0000803F0000803F881300009E
:104A4000E50A0200E50A0200E50A0200E50A0200A2
:104A5000E50A0200E50A0200E50A0200E50A020092
:104A6000E50A0200E50A0200E50A0200E50A020082
:104A7000E50A0200E50A0200E50A0200E50A020072
:104A8000E50A0200E50A0200E50A0200E50A020062
:104A9000E50A0200E50A0200E50A0200E50A020052
:104AA000E50A0200E50A0200E50A0200E50A020042
:104AB000E50A0200E50A0200E50A0200E50A020032
:104AC000E50A0200E50A0200E50A0200E50A020022
:104AD000E50A0200E50A0200E50A0200E50A020012
:104AE000E50A0200E50A0200E50A0200E50A020002
:104AF000E50A0200E50A0200E50A0200E50A0200F2
:104B0000E50A0200E50A0200E50A0200E50A0200E1
:104B1000E50A0200E50A0200E50A0200E50A0200D1
:104B2000E50A0200E50A0200E50A0200E50A0200C1
:104B3000E50A0200E50A0200E50A0200E50A0200B1
:104B4000E50A0200E50A0200E50A0200E50A0200A1
:104B5000E50A0200E50A0200E50A0200E50A020091
:104B6000E50A0200E50A0200E50A0200E50A020081
:104B7000E50A0200E50A0200E50A0200E50A020071
:104B8000E50A0200E50A0200E50A0200E50A020061
:104B9000E50A0200E50A0200E50A0200E50A020051
:104BA000E50A0200E50A0200E50A0200E50A020041
:104BB000E50A0200E50A0200E50A0200E50A020031
:104BC000E50A0200E50A0200E50A0200E50A020021
:104BD000E50A0200E50A0200E50A0200E50A020011
:104BE000E50A0200E50A0200E50A0200E50A020001
:104BF000E50A0200E50A0200E50A0200E50A0200F1
:104C0000E50A0200E50A0200E50A0200E50A0200E0
:104C1000E50A0200E50A0200E50A0200E50A0200D0
:104C2000E50A0200E50A0200E50A0200E50A0200C0
:104C3000E50A0200E50A0200E50A0200E50A0200B0
:104C400005010904A101150025017501952005093B
:104C5000190129208102150025073500463B017501
:104C6000049501651405010939814205010901A175
:104C700000150026FF03750A950409300931093231
:104C800009358102C0150026FF03750A9502093611
:104C900009368102C000000005010906A101750165
:104CA0009508050719E029E71500250181029501FE
:104CB00075088103950575010508190129059102FB
:104CC000950175039103950675081500257F050765
:104CD0001900297F8100C000050C0901A101750A96
:104CE000950419002A9C021500269C0281000501EA
:104CF00075089503190029B7150026B7008100C073
:104D000005010902A10185010509190129081500FC
:104D1000250195087501810205010930093109381D
:104D20001581257F750895038106050C0A38021543
:104D300081257F750895018106C005010902A10141
:104D40008502050109300931150026FF7F75109590
:104D5000028102C00C0300000000000000000000FF
:104D600000000000000000000000FF010101FF0141
:104D7000FF014601010000000000000000000000EB
:104D80000000000000000000000000000000000023
:104D90000000000000000000000000000000000013
:104DA0000000000000000000000000000000000003
:104DB00000000000000000000000000000000000F3
:104DC00000000000000000000000000000000000E3
:104DD00000000000000000000000000000000000D3
:104DE00000000000000000000000000000000000C3
:104DF00000000000000000000000000000000000B3
:104E000000000000000000000000000000000000A2
:104E10000000000000000000000000000000000092
:104E20000000000000000000000000000000000082
:104E30000000000000000000000000000000000072
:104E40000000000000000000000000000000000062
:104E50000000000000000000000000000000000052
:104E60000000000000000000000000000000000042
:104E70000000000000000000000000000000000032
:104E80000000000000000000000000000000000022
:104E90000000000000000000000000000000000012
:104EA0000000000000000000000000000000000002
:104EB00000000000000000000000000000000000F2
:104EC00000000000000000000000000000000000E2
:104ED00000000000000000000000000000000000D2
:104EE00000000000000000000000000000000000C2
:104EF00000000000000000000000000000000000B2
:104F000000000000000000000000000000000000A1
:104F10000000000000000000000000000000000091
:104F20000000000000000000000000000000000081
:104F30000000000000000000000000000000000071
:104F40000000000000000000000000000000000061
:104F50000000000000000000000000000000000051
:104F60000000000000000000000000000000000041
:104F70000000000000000000000000000000000031
:104F80000000000000000000000000000000000021
:104F90000000000000000000000000000000000011
:104FA0000000000000000000000000000000000001
:104FB00000000000000000000000000000000000F1
:104FC00000000000000000000000000000000000E1
:104FD00000000000000000000000000000000000D1
:104FE00000000000000000000000000000000000C1
:104FF00000000000000000000000000000000000B1
:1050000000000000000000000000000000000000A0
:105010000000000000000000000000000000000090
:105020000000000000000000000000000000000080
:105030000000000000000000000000000000000070
:105040000000000000000000000000000000000060
:105050000000000000000000000000000000000050
:105060000000000000000000000000000000000040
:105070000000000000000000000000000000000030
:105080000000000000000000000000000000000020
:105090000000000000000000000000000000000010
:1050A0000000000000000000000000000000000000
:1050B00000000000000000000000000000000000F0
:1050C00000000000000000000000000000000000E0
:1050D00000000000000000000000000000000000D0
:1050E00000000000000000000000000000000000C0
:1050F00000000000000000000000000000000000B0
:10510000000000000000000000000000000000009F
:10511000000000000000000000000000000000008F
:10512000000000000000000000000000000000007F
:10513000000000000000000000000000000000006F
:10514000000000000000000000000000000000005F
:10515000000000000000000000000000000000004F
:10516000000000000000000000000000000000003F
:10517000000000000000000000000000000000002F
:10518000000000000000000000000000000000001F
:10519000000000000000000000000000000000000F
:1051A00000000000000000000000000000000000FF
:1051B00000000000000000000000000000000000EF
:1051C00000000000000000000000000000000000DF
:1051D00000000000000000000000000000000000CF
:1051E00000000000000000000000000000000000BF
:1051F00000000000000000000000000000000000AF
:10520000000000000000000000000000000000009E
:10521000000000000000000000000000000000008E
:10522000000000000000000000000000000000007E
:10523000000000000000000000000000000000006E
:10524000000000000000000000000000000000005E
:10525000000000000000000000000000000000004E
:10526000FFFFFFFFFFFFFFFFFFFFFFFFFFFFFFFF4E
:10527000FFFFFFFFFFFFFFFFFFFFFFFFFFFFFFFF3E
:10528000FFFFFFFFFFFFFFFFFFFFFFFFFFFFFFFF2E
:10529000FFFFFFFFFFFFFFFFFFFFFFFFFFFFFFFF1E
:1052A000FFFFFFFFFFFFFFFFFFFFFFFFFFFFFFFF0E
:1052B000FFFFFFFFFFFFFFFFFFFFFFFFFFFFFFFFFE
:1052C000FFFFFFFFFFFFFFFFFFFFFFFFFFFFFFFFEE
:1052D000FFFFFFFFFFFFFFFFFFFFFFFFFFFFFFFFDE
:1052E000FFFFFFFFFFFFFFFFFFFFFFFFFFFFFFFFCE
:1052F000FFFFFFFFFFFFFFFFFFFFFFFFFFFFFFFFBE
:10530000FFFFFFFFFFFFFFFFFFFFFFFFFFFFFFFFAD
:10531000FFFFFFFFFFFFFFFFFFFFFFFFFFFFFFFF9D
:10532000FFFFFFFFFFFFFFFFFFFFFFFFFFFFFFFF8D
:10533000FFFFFFFFFFFFFFFFFFFFFFFFFFFFFFFF7D
:10534000FFFFFFFFFFFFFFFFFFFFFFFFFFFFFFFF6D
:10535000FFFFFFFFFFFFFFFFFFFFFFFFFFFFFFFF5D
:10536000FFFFFFFFFFFFFFFFFFFFFFFFFFFFFFFF4D
:10537000FFFFFFFFFFFFFFFFFFFFFFFFFFFFFFFF3D
:10538000FFFFFFFFFFFFFFFFFFFFFFFFFFFFFFFF2D
:10539000FFFFFFFFFFFFFFFFFFFFFFFFFFFFFFFF1D
:1053A000FFFFFFFFFFFFFFFFFFFFFFFFFFFFFFFF0D
:1053B000FFFFFFFFFFFFFFFFFFFFFFFFFFFFFFFFFD
:1053C000FFFFFFFFFFFFFFFFFFFFFFFFFFFFFFFFED
:1053D000FFFFFFFFFFFFFFFFFFFFFFFFFFFFFFFFDD
:1053E000FFFFFFFFFFFFFFFFFFFFFFFFFFFFFFFFCD
:1053F000FFFFFFFFFFFFFFFFFFFFFFFFFFFFFFFFBD
:10540000000000000000000000000000000000009C
:10541000000000000000000000000000000000008C
:10542000000000000000000000000000000000007C
:10543000000000000000000000000000000000006C
:10544000000000000000000000000000000000005C
:10545000000000000000000000000000000000004C
:10546000000000000000000000000000000000003C
:10547000000000000000000000000000000000002C
:10548000000000000000000000000000000000001C
:10549000000000000000000000000000000000000C
:1054A00000000000000000000000000000000000FC
:1054B00000000000000000000000000000000000EC
:1054C00000000000000000000000000000000000DC
:1054D00000000000000000000000000000000000CC
:1054E00000000000000000000000000000000000BC
:1054F00000000000000000000000000000000000AC
:10550000000000000000000000000000000000009B
:10551000000000000000000000000000000000008B
:10552000000000000000000000000000000000007B
:10553000000000000000000000000000000000006B
:10554000000000000000000000000000000000005B
:10555000000000000000000000000000000000004B
:10556000000000000000000000000000000000003B
:10557000000000000000000000000000000000002B
:10558000000000000000000000000000000000001B
:10559000000000000000000000000000000000000B
:1055A00000000000000000000000000000000000FB
:1055B00000000000000000000000000000000000EB
:1055C00000000000000000000000000000000000DB
:1055D00000000000000000000000000000000000CB
:1055E00000000000000000000000000000000000BB
:1055F00000000000000000000000000000000000AB
:10560000000000000000000000000000000000009A
:10561000000000000000000000000000000000008A
:10562000000000000000000000000000000000007A
:10563000000000000000000000000000000000006A
:10564000000000000000000000000000000000005A
:10565000000000000000000000000000000000004A
:10566000000000000000000000000000000000003A
:10567000000000000000000000000000000000002A
:10568000000000000000000000000000000000001A
:10569000000000000000000000000000000000000A
:1056A00000000000000000000000000000000000FA
:1056B00000000000000000000000000000000000EA
:1056C00000000000000000000000000000000000DA
:1056D00000000000000000000000000000000000CA
:1056E00000000000000000000000000000000000BA
:1056F00000000000000000000000000000000000AA
:105700000000000000000000000000000000000099
:105710000000000000000000000000000000000089
:105720000000000000000000000000000000000079
:105730000000000000000000000000000000000069
:105740000000000000000000000000000000000059
:105750000000000000000000000000000000000049
:105760000000000000000000000000000000000039
:105770000000000000000000000000000000000029
:105780000000000000000000000000000000000019
:105790000000000000000000000000000000000009
:1057A00000000000000000000000000000000000F9
:1057B00000000000000000000000000000000000E9
:1057C00000000000000000000000000000000000D9
:1057D00000000000000000000000000000000000C9
:1057E00000000000000000000000000000000000B9
:1057F00000000000000000000000000000000000A9
:105800000000000000000000000000000000000098
:105810000000000000000000000000000000000088
:105820000000000000000000000000000000000078
:105830000000000000000000000000000000000068
:105840000000000000000000000000000000000058
:105850000000000000000000000000000000000048
:105860000000000000000000000000000000000038
:105870000000000000000000000000000000000028
:105880000000000000000000000000000000000018
:105890000000000000000000000000000000000008
:1058A00000000000000000000000000000000000F8
:1058B00000000000000000000000000000000000E8
:1058C00000000000000000000000000000000000D8
:1058D00000000000000000000000000000000000C8
:1058E00000000000000000000000000000000000B8
:1058F00000000000000000000000000000000000A8
:105900000000000000000000000000000000000097
:105910000000000000000000000000000000000087
:105920000000000000000000000000000000000077
:105930000000000000000000000000000000000067
:105940000000000000000000000000000000000057
:105950000000000000000000000000000000000047
:105960000000000000000000000000000000000037
:105970000000000000000000000000000000000027
:105980000000000000000000000000000000000017
:105990000000000000000000000000000000000007
:1059A00000000000000000000000000000000000F7
:1059B00000000000000000000000000000000000E7
:1059C00000000000000000000000000000000000D7
:1059D00000000000000000000000000000000000C7
:1059E00000000000000000000000000000000000B7
:1059F00000000000000000000000000000000000A7
:105A00000000000000000000000000000000000096
:105A10000000000000000000000000000000000086
:105A20000000000000000000000000000000000076
:105A30000000000000000000000000000000000066
:105A40000000000000000000000000000000000056
:105A50000000000000000000000000000000000046
:105A60000000000000000000000000000000000036
:105A70000000000000000000000000000000000026
:105A80000000000000000000000000000000000016
:105A90000000000000000000000000000000000006
:105AA00000000000000000000000000000000000F6
:105AB00000000000000000000000000000000000E6
:105AC00000000000000000000000000000000000D6
:105AD00000000000000000000000000000000000C6
:105AE00000000000000000000000000000000000B6
:105AF00000000000000000000000000000000000A6
:105B00000000000000000000000000000000000095
:105B10000000000000000000000000000000000085
:105B20000000000000000000000000000000000075
:105B30000000000000000000000000000000000065
:105B40000000000000000000000000000000000055
:105B50000000000000000000000000000000000045
:105B60000000000000000000000000000000000035
:105B70000000000000000000000000000000000025
:105B80000000000000000000000000000000000015
:105B90000000000000000000000000000000000005
:105BA00000000000000000000000000000000000F5
:105BB00000000000000000000000000000000000E5
:105BC00000000000000000000000000000000000D5
:105BD00000000000000000000000000000000000C5
:105BE00000000000000000000000000000000000B5
:105BF00000000000000000000000000000000000A5
:105C00000000000000000000000000000000000094
:105C10000000000000000000000000000000000084
:105C20000000000000000000000000000000000074
:105C30000000000000000000000000000000000064
:105C40000000000000000000000000000000000054
:105C50000000000000000000000000000000000044
:105C60000000000000000000000000000000000034
:105C70000000000000000000000000000000000024
:105C80000000000000000000000000000000000014
:105C90000000000000000000000000000000000004
:105CA00000000000000000000000000000000000F4
:105CB00000000000000000000000000000000000E4
:105CC00000000000000000000000000000000000D4
:105CD00000000000000000000000000000000000C4
:105CE00000000000000000000000000000000000B4
:105CF00000000000000000000000000000000000A4
:105D00000000000000000000000000000000000093
:105D10000000000000000000000000000000000083
:105D20000000000000000000000000000000000073
:105D30000000000000000000000000000000000063
:105D40000000000000000000000000000000000053
:105D50000000000000000000000000000000000043
:105D60000000000000000000000000000000000033
:105D70000000000000000000000000000000000023
:105D80000000000000000000000000000000000013
:105D90000000000000000000000000000000000003
:105DA00000000000000000000000000000000000F3
:105DB00000000000000000000000000000000000E3
:105DC00000000000000000000000000000000000D3
:105DD00000000000000000000000000000000000C3
:105DE00000000000000000000000000000000000B3
:105DF00000000000000000000000000000000000A3
:105E00000000000000000000000000000000000092
:105E10000000000000000000000000000000000082
:105E20000000000000000000000000000000000072
:105E30000000000000000000000000000000000062
:105E40000000000000000000000000000000000052
:105E50000000000000000000000000000000000042
:105E60000000000000000000000000000000000032
:105E70000000000000000000000000000000000022
:105E80000000000000000000000000000000000012
:105E90000000000000000000000000000000000002
:105EA00000000000000000000000000000000000F2
:105EB00000000000000000000000000000000000E2
:105EC00000000000000000000000000000000000D2
:105ED00000000000000000000000000000000000C2
:105EE00000000000000000000000000000000000B2
:105EF00000000000000000000000000000000000A2
:105F00000000000000000000000000000000000091
:105F10000000000000000000000000000000000081
:105F20000000000000000000000000000000000071
:105F30000000000000000000000000000000000061
:105F40000000000000000000000000000000000051
:105F50000000000000000000000000000000000041
:105F60000000000000000000000000000000000031
:105F70000000000000000000000000000000000021
:105F80000000000000000000000000000000000011
:105F90000000000000000000000000000000000001
:105FA00000000000000000000000000000000000F1
:105FB00000000000000000000000000000000000E1
:105FC00000000000000000000000000000000000D1
:105FD00000000000000000000000000000000000C1
:105FE00000000000000000000000000000000000B1
:105FF00000000000000000000000000000000000A1
:040000056000100087
:00000001FF
