:0200000460009A
:100000004643464200000156000000000101020084
:1000100000000000000000000000000000000000E0
:1000200000000000000000000000000000000000D0
:1000300000000000000000000000000000000000C0
:1000400000000000010406010000000000000000A4
:100050000000800000000000000000000000000020
:100060000000000000000000000000000000000090
:100070000000000000000000000000000000000080
:10008000EB04180AFF1E04320126000000000000E5
:100090000000000000000000000000000000000060
:1000A0000000000000000000000000000000000050
:1000B0000000000000000000000000000000000040
:1000C0000000000000000000000000000000000030
:1000D0000000000000000000000000000000000020
:1000E0000000000000000000000000000000000010
:1000F0000000000000000000000000000000000000
:1001000000000000000000000000000000000000EF
:1001100000000000000000000000000000000000DF
:1001200000000000000000000000000000000000CF
:1001300000000000000000000000000000000000BF
:1001400000000000000000000000000000000000AF
:10015000000000000000000000000000000000009F
:10016000000000000000000000000000000000008F
:10017000000000000000000000000000000000007F
:10018000000000000000000000000000000000006F
:10019000000000000000000000000000000000005F
:1001A000000000000000000000000000000000004F
:1001B000000000000000000000000000000000003F
:1001C000000100000010000001000000000000001D
:1001D000000001000000000000000000000000001E
:1001E000000000000000000000000000000000000F
:1001F00000000000000000000000000000000000FF
:10020000FFFFFFFFFFFFFFFFFFFFFFFFFFFFFFFFFE
:10021000FFFFFFFFFFFFFFFFFFFFFFFFFFFFFFFFEE
:10022000FFFFFFFFFFFFFFFFFFFFFFFFFFFFFFFFDE
:10023000FFFFFFFFFFFFFFFFFFFFFFFFFFFFFFFFCE
:10024000FFFFFFFFFFFFFFFFFFFFFFFFFFFFFFFFBE
:10025000FFFFFFFFFFFFFFFFFFFFFFFFFFFFFFFFAE
:10026000FFFFFFFFFFFFFFFFFFFFFFFFFFFFFFFF9E
:10027000FFFFFFFFFFFFFFFFFFFFFFFFFFFFFFFF8E
:10028000FFFFFFFFFFFFFFFFFFFFFFFFFFFFFFFF7E
:10029000FFFFFFFFFFFFFFFFFFFFFFFFFFFFFFFF6E
:1002A000FFFFFFFFFFFFFFFFFFFFFFFFFFFFFFFF5E
:1002B000FFFFFFFFFFFFFFFFFFFFFFFFFFFFFFFF4E
:1002C000FFFFFFFFFFFFFFFFFFFFFFFFFFFFFFFF3E
:1002D000FFFFFFFFFFFFFFFFFFFFFFFFFFFFFFFF2E
:1002E000FFFFFFFFFFFFFFFFFFFFFFFFFFFFFFFF1E
:1002F000FFFFFFFFFFFFFFFFFFFFFFFFFFFFFFFF0E
:10030000FFFFFFFFFFFFFFFFFFFFFFFFFFFFFFFFFD
:10031000FFFFFFFFFFFFFFFFFFFFFFFFFFFFFFFFED
:10032000FFFFFFFFFFFFFFFFFFFFFFFFFFFFFFFFDD
:10033000FFFFFFFFFFFFFFFFFFFFFFFFFFFFFFFFCD
:10034000FFFFFFFFFFFFFFFFFFFFFFFFFFFFFFFFBD
:10035000FFFFFFFFFFFFFFFFFFFFFFFFFFFFFFFFAD
:10036000FFFFFFFFFFFFFFFFFFFFFFFFFFFFFFFF9D
:10037000FFFFFFFFFFFFFFFFFFFFFFFFFFFFFFFF8D
:10038000FFFFFFFFFFFFFFFFFFFFFFFFFFFFFFFF7D
:10039000FFFFFFFFFFFFFFFFFFFFFFFFFFFFFFFF6D
:1003A000FFFFFFFFFFFFFFFFFFFFFFFFFFFFFFFF5D
:1003B000FFFFFFFFFFFFFFFFFFFFFFFFFFFFFFFF4D
:1003C000FFFFFFFFFFFFFFFFFFFFFFFFFFFFFFFF3D
:1003D000FFFFFFFFFFFFFFFFFFFFFFFFFFFFFFFF2D
:1003E000FFFFFFFFFFFFFFFFFFFFFFFFFFFFFFFF1D
:1003F000FFFFFFFFFFFFFFFFFFFFFFFFFFFFFFFF0D
:10040000FFFFFFFFFFFFFFFFFFFFFFFFFFFFFFFFFC
:10041000FFFFFFFFFFFFFFFFFFFFFFFFFFFFFFFFEC
:10042000FFFFFFFFFFFFFFFFFFFFFFFFFFFFFFFFDC
:10043000FFFFFFFFFFFFFFFFFFFFFFFFFFFFFFFFCC
:10044000FFFFFFFFFFFFFFFFFFFFFFFFFFFFFFFFBC
:10045000FFFFFFFFFFFFFFFFFFFFFFFFFFFFFFFFAC
:10046000FFFFFFFFFFFFFFFFFFFFFFFFFFFFFFFF9C
:10047000FFFFFFFFFFFFFFFFFFFFFFFFFFFFFFFF8C
:10048000FFFFFFFFFFFFFFFFFFFFFFFFFFFFFFFF7C
:10049000FFFFFFFFFFFFFFFFFFFFFFFFFFFFFFFF6C
:1004A000FFFFFFFFFFFFFFFFFFFFFFFFFFFFFFFF5C
:1004B000FFFFFFFFFFFFFFFFFFFFFFFFFFFFFFFF4C
:1004C000FFFFFFFFFFFFFFFFFFFFFFFFFFFFFFFF3C
:1004D000FFFFFFFFFFFFFFFFFFFFFFFFFFFFFFFF2C
:1004E000FFFFFFFFFFFFFFFFFFFFFFFFFFFFFFFF1C
:1004F000FFFFFFFFFFFFFFFFFFFFFFFFFFFFFFFF0C
:10050000FFFFFFFFFFFFFFFFFFFFFFFFFFFFFFFFFB
:10051000FFFFFFFFFFFFFFFFFFFFFFFFFFFFFFFFEB
:10052000FFFFFFFFFFFFFFFFFFFFFFFFFFFFFFFFDB
:10053000FFFFFFFFFFFFFFFFFFFFFFFFFFFFFFFFCB
:10054000FFFFFFFFFFFFFFFFFFFFFFFFFFFFFFFFBB
:10055000FFFFFFFFFFFFFFFFFFFFFFFFFFFFFFFFAB
:10056000FFFFFFFFFFFFFFFFFFFFFFFFFFFFFFFF9B
:10057000FFFFFFFFFFFFFFFFFFFFFFFFFFFFFFFF8B
:10058000FFFFFFFFFFFFFFFFFFFFFFFFFFFFFFFF7B
:10059000FFFFFFFFFFFFFFFFFFFFFFFFFFFFFFFF6B
:1005A000FFFFFFFFFFFFFFFFFFFFFFFFFFFFFFFF5B
:1005B000FFFFFFFFFFFFFFFFFFFFFFFFFFFFFFFF4B
:1005C000FFFFFFFFFFFFFFFFFFFFFFFFFFFFFFFF3B
:1005D000FFFFFFFFFFFFFFFFFFFFFFFFFFFFFFFF2B
:1005E000FFFFFFFFFFFFFFFFFFFFFFFFFFFFFFFF1B
:1005F000FFFFFFFFFFFFFFFFFFFFFFFFFFFFFFFF0B
:10060000FFFFFFFFFFFFFFFFFFFFFFFFFFFFFFFFFA
:10061000FFFFFFFFFFFFFFFFFFFFFFFFFFFFFFFFEA
:10062000FFFFFFFFFFFFFFFFFFFFFFFFFFFFFFFFDA
:10063000FFFFFFFFFFFFFFFFFFFFFFFFFFFFFFFFCA
:10064000FFFFFFFFFFFFFFFFFFFFFFFFFFFFFFFFBA
:10065000FFFFFFFFFFFFFFFFFFFFFFFFFFFFFFFFAA
:10066000FFFFFFFFFFFFFFFFFFFFFFFFFFFFFFFF9A
:10067000FFFFFFFFFFFFFFFFFFFFFFFFFFFFFFFF8A
:10068000FFFFFFFFFFFFFFFFFFFFFFFFFFFFFFFF7A
:10069000FFFFFFFFFFFFFFFFFFFFFFFFFFFFFFFF6A
:1006A000FFFFFFFFFFFFFFFFFFFFFFFFFFFFFFFF5A
:1006B000FFFFFFFFFFFFFFFFFFFFFFFFFFFFFFFF4A
:1006C000FFFFFFFFFFFFFFFFFFFFFFFFFFFFFFFF3A
:1006D000FFFFFFFFFFFFFFFFFFFFFFFFFFFFFFFF2A
:1006E000FFFFFFFFFFFFFFFFFFFFFFFFFFFFFFFF1A
:1006F000FFFFFFFFFFFFFFFFFFFFFFFFFFFFFFFF0A
:10070000FFFFFFFFFFFFFFFFFFFFFFFFFFFFFFFFF9
:10071000FFFFFFFFFFFFFFFFFFFFFFFFFFFFFFFFE9
:10072000FFFFFFFFFFFFFFFFFFFFFFFFFFFFFFFFD9
:10073000FFFFFFFFFFFFFFFFFFFFFFFFFFFFFFFFC9
:10074000FFFFFFFFFFFFFFFFFFFFFFFFFFFFFFFFB9
:10075000FFFFFFFFFFFFFFFFFFFFFFFFFFFFFFFFA9
:10076000FFFFFFFFFFFFFFFFFFFFFFFFFFFFFFFF99
:10077000FFFFFFFFFFFFFFFFFFFFFFFFFFFFFFFF89
:10078000FFFFFFFFFFFFFFFFFFFFFFFFFFFFFFFF79
:10079000FFFFFFFFFFFFFFFFFFFFFFFFFFFFFFFF69
:1007A000FFFFFFFFFFFFFFFFFFFFFFFFFFFFFFFF59
:1007B000FFFFFFFFFFFFFFFFFFFFFFFFFFFFFFFF49
:1007C000FFFFFFFFFFFFFFFFFFFFFFFFFFFFFFFF39
:1007D000FFFFFFFFFFFFFFFFFFFFFFFFFFFFFFFF29
:1007E000FFFFFFFFFFFFFFFFFFFFFFFFFFFFFFFF19
:1007F000FFFFFFFFFFFFFFFFFFFFFFFFFFFFFFFF09
:10080000FFFFFFFFFFFFFFFFFFFFFFFFFFFFFFFFF8
:10081000FFFFFFFFFFFFFFFFFFFFFFFFFFFFFFFFE8
:10082000FFFFFFFFFFFFFFFFFFFFFFFFFFFFFFFFD8
:10083000FFFFFFFFFFFFFFFFFFFFFFFFFFFFFFFFC8
:10084000FFFFFFFFFFFFFFFFFFFFFFFFFFFFFFFFB8
:10085000FFFFFFFFFFFFFFFFFFFFFFFFFFFFFFFFA8
:10086000FFFFFFFFFFFFFFFFFFFFFFFFFFFFFFFF98
:10087000FFFFFFFFFFFFFFFFFFFFFFFFFFFFFFFF88
:10088000FFFFFFFFFFFFFFFFFFFFFFFFFFFFFFFF78
:10089000FFFFFFFFFFFFFFFFFFFFFFFFFFFFFFFF68
:1008A000FFFFFFFFFFFFFFFFFFFFFFFFFFFFFFFF58
:1008B000FFFFFFFFFFFFFFFFFFFFFFFFFFFFFFFF48
:1008C000FFFFFFFFFFFFFFFFFFFFFFFFFFFFFFFF38
:1008D000FFFFFFFFFFFFFFFFFFFFFFFFFFFFFFFF28
:1008E000FFFFFFFFFFFFFFFFFFFFFFFFFFFFFFFF18
:1008F000FFFFFFFFFFFFFFFFFFFFFFFFFFFFFFFF08
:10090000FFFFFFFFFFFFFFFFFFFFFFFFFFFFFFFFF7
:10091000FFFFFFFFFFFFFFFFFFFFFFFFFFFFFFFFE7
:10092000FFFFFFFFFFFFFFFFFFFFFFFFFFFFFFFFD7
:10093000FFFFFFFFFFFFFFFFFFFFFFFFFFFFFFFFC7
:10094000FFFFFFFFFFFFFFFFFFFFFFFFFFFFFFFFB7
:10095000FFFFFFFFFFFFFFFFFFFFFFFFFFFFFFFFA7
:10096000FFFFFFFFFFFFFFFFFFFFFFFFFFFFFFFF97
:10097000FFFFFFFFFFFFFFFFFFFFFFFFFFFFFFFF87
:10098000FFFFFFFFFFFFFFFFFFFFFFFFFFFFFFFF77
:10099000FFFFFFFFFFFFFFFFFFFFFFFFFFFFFFFF67
:1009A000FFFFFFFFFFFFFFFFFFFFFFFFFFFFFFFF57
:1009B000FFFFFFFFFFFFFFFFFFFFFFFFFFFFFFFF47
:1009C000FFFFFFFFFFFFFFFFFFFFFFFFFFFFFFFF37
:1009D000FFFFFFFFFFFFFFFFFFFFFFFFFFFFFFFF27
:1009E000FFFFFFFFFFFFFFFFFFFFFFFFFFFFFFFF17
:1009F000FFFFFFFFFFFFFFFFFFFFFFFFFFFFFFFF07
:100A0000FFFFFFFFFFFFFFFFFFFFFFFFFFFFFFFFF6
:100A1000FFFFFFFFFFFFFFFFFFFFFFFFFFFFFFFFE6
:100A2000FFFFFFFFFFFFFFFFFFFFFFFFFFFFFFFFD6
:100A3000FFFFFFFFFFFFFFFFFFFFFFFFFFFFFFFFC6
:100A4000FFFFFFFFFFFFFFFFFFFFFFFFFFFFFFFFB6
:100A5000FFFFFFFFFFFFFFFFFFFFFFFFFFFFFFFFA6
:100A6000FFFFFFFFFFFFFFFFFFFFFFFFFFFFFFFF96
:100A7000FFFFFFFFFFFFFFFFFFFFFFFFFFFFFFFF86
:100A8000FFFFFFFFFFFFFFFFFFFFFFFFFFFFFFFF76
:100A9000FFFFFFFFFFFFFFFFFFFFFFFFFFFFFFFF66
:100AA000FFFFFFFFFFFFFFFFFFFFFFFFFFFFFFFF56
:100AB000FFFFFFFFFFFFFFFFFFFFFFFFFFFFFFFF46
:100AC000FFFFFFFFFFFFFFFFFFFFFFFFFFFFFFFF36
:100AD000FFFFFFFFFFFFFFFFFFFFFFFFFFFFFFFF26
:100AE000FFFFFFFFFFFFFFFFFFFFFFFFFFFFFFFF16
:100AF000FFFFFFFFFFFFFFFFFFFFFFFFFFFFFFFF06
:100B0000FFFFFFFFFFFFFFFFFFFFFFFFFFFFFFFFF5
:100B1000FFFFFFFFFFFFFFFFFFFFFFFFFFFFFFFFE5
:100B2000FFFFFFFFFFFFFFFFFFFFFFFFFFFFFFFFD5
:100B3000FFFFFFFFFFFFFFFFFFFFFFFFFFFFFFFFC5
:100B4000FFFFFFFFFFFFFFFFFFFFFFFFFFFFFFFFB5
:100B5000FFFFFFFFFFFFFFFFFFFFFFFFFFFFFFFFA5
:100B6000FFFFFFFFFFFFFFFFFFFFFFFFFFFFFFFF95
:100B7000FFFFFFFFFFFFFFFFFFFFFFFFFFFFFFFF85
:100B8000FFFFFFFFFFFFFFFFFFFFFFFFFFFFFFFF75
:100B9000FFFFFFFFFFFFFFFFFFFFFFFFFFFFFFFF65
:100BA000FFFFFFFFFFFFFFFFFFFFFFFFFFFFFFFF55
:100BB000FFFFFFFFFFFFFFFFFFFFFFFFFFFFFFFF45
:100BC000FFFFFFFFFFFFFFFFFFFFFFFFFFFFFFFF35
:100BD000FFFFFFFFFFFFFFFFFFFFFFFFFFFFFFFF25
:100BE000FFFFFFFFFFFFFFFFFFFFFFFFFFFFFFFF15
:100BF000FFFFFFFFFFFFFFFFFFFFFFFFFFFFFFFF05
:100C0000FFFFFFFFFFFFFFFFFFFFFFFFFFFFFFFFF4
:100C1000FFFFFFFFFFFFFFFFFFFFFFFFFFFFFFFFE4
:100C2000FFFFFFFFFFFFFFFFFFFFFFFFFFFFFFFFD4
:100C3000FFFFFFFFFFFFFFFFFFFFFFFFFFFFFFFFC4
:100C4000FFFFFFFFFFFFFFFFFFFFFFFFFFFFFFFFB4
:100C5000FFFFFFFFFFFFFFFFFFFFFFFFFFFFFFFFA4
:100C6000FFFFFFFFFFFFFFFFFFFFFFFFFFFFFFFF94
:100C7000FFFFFFFFFFFFFFFFFFFFFFFFFFFFFFFF84
:100C8000FFFFFFFFFFFFFFFFFFFFFFFFFFFFFFFF74
:100C9000FFFFFFFFFFFFFFFFFFFFFFFFFFFFFFFF64
:100CA000FFFFFFFFFFFFFFFFFFFFFFFFFFFFFFFF54
:100CB000FFFFFFFFFFFFFFFFFFFFFFFFFFFFFFFF44
:100CC000FFFFFFFFFFFFFFFFFFFFFFFFFFFFFFFF34
:100CD000FFFFFFFFFFFFFFFFFFFFFFFFFFFFFFFF24
:100CE000FFFFFFFFFFFFFFFFFFFFFFFFFFFFFFFF14
:100CF000FFFFFFFFFFFFFFFFFFFFFFFFFFFFFFFF04
:100D0000FFFFFFFFFFFFFFFFFFFFFFFFFFFFFFFFF3
:100D1000FFFFFFFFFFFFFFFFFFFFFFFFFFFFFFFFE3
:100D2000FFFFFFFFFFFFFFFFFFFFFFFFFFFFFFFFD3
:100D3000FFFFFFFFFFFFFFFFFFFFFFFFFFFFFFFFC3
:100D4000FFFFFFFFFFFFFFFFFFFFFFFFFFFFFFFFB3
:100D5000FFFFFFFFFFFFFFFFFFFFFFFFFFFFFFFFA3
:100D6000FFFFFFFFFFFFFFFFFFFFFFFFFFFFFFFF93
:100D7000FFFFFFFFFFFFFFFFFFFFFFFFFFFFFFFF83
:100D8000FFFFFFFFFFFFFFFFFFFFFFFFFFFFFFFF73
:100D9000FFFFFFFFFFFFFFFFFFFFFFFFFFFFFFFF63
:100DA000FFFFFFFFFFFFFFFFFFFFFFFFFFFFFFFF53
:100DB000FFFFFFFFFFFFFFFFFFFFFFFFFFFFFFFF43
:100DC000FFFFFFFFFFFFFFFFFFFFFFFFFFFFFFFF33
:100DD000FFFFFFFFFFFFFFFFFFFFFFFFFFFFFFFF23
:100DE000FFFFFFFFFFFFFFFFFFFFFFFFFFFFFFFF13
:100DF000FFFFFFFFFFFFFFFFFFFFFFFFFFFFFFFF03
:100E0000FFFFFFFFFFFFFFFFFFFFFFFFFFFFFFFFF2
:100E1000FFFFFFFFFFFFFFFFFFFFFFFFFFFFFFFFE2
:100E2000FFFFFFFFFFFFFFFFFFFFFFFFFFFFFFFFD2
:100E3000FFFFFFFFFFFFFFFFFFFFFFFFFFFFFFFFC2
:100E4000FFFFFFFFFFFFFFFFFFFFFFFFFFFFFFFFB2
:100E5000FFFFFFFFFFFFFFFFFFFFFFFFFFFFFFFFA2
:100E6000FFFFFFFFFFFFFFFFFFFFFFFFFFFFFFFF92
:100E7000FFFFFFFFFFFFFFFFFFFFFFFFFFFFFFFF82
:100E8000FFFFFFFFFFFFFFFFFFFFFFFFFFFFFFFF72
:100E9000FFFFFFFFFFFFFFFFFFFFFFFFFFFFFFFF62
:100EA000FFFFFFFFFFFFFFFFFFFFFFFFFFFFFFFF52
:100EB000FFFFFFFFFFFFFFFFFFFFFFFFFFFFFFFF42
:100EC000FFFFFFFFFFFFFFFFFFFFFFFFFFFFFFFF32
:100ED000FFFFFFFFFFFFFFFFFFFFFFFFFFFFFFFF22
:100EE000FFFFFFFFFFFFFFFFFFFFFFFFFFFFFFFF12
:100EF000FFFFFFFFFFFFFFFFFFFFFFFFFFFFFFFF02
:100F0000FFFFFFFFFFFFFFFFFFFFFFFFFFFFFFFFF1
:100F1000FFFFFFFFFFFFFFFFFFFFFFFFFFFFFFFFE1
:100F2000FFFFFFFFFFFFFFFFFFFFFFFFFFFFFFFFD1
:100F3000FFFFFFFFFFFFFFFFFFFFFFFFFFFFFFFFC1
:100F4000FFFFFFFFFFFFFFFFFFFFFFFFFFFFFFFFB1
:100F5000FFFFFFFFFFFFFFFFFFFFFFFFFFFFFFFFA1
:100F6000FFFFFFFFFFFFFFFFFFFFFFFFFFFFFFFF91
:100F7000FFFFFFFFFFFFFFFFFFFFFFFFFFFFFFFF81
:100F8000FFFFFFFFFFFFFFFFFFFFFFFFFFFFFFFF71
:100F9000FFFFFFFFFFFFFFFFFFFFFFFFFFFFFFFF61
:100FA000FFFFFFFFFFFFFFFFFFFFFFFFFFFFFFFF51
:100FB000FFFFFFFFFFFFFFFFFFFFFFFFFFFFFFFF41
:100FC000FFFFFFFFFFFFFFFFFFFFFFFFFFFFFFFF31
:100FD000FFFFFFFFFFFFFFFFFFFFFFFFFFFFFFFF21
:100FE000FFFFFFFFFFFFFFFFFFFFFFFFFFFFFFFF11
:100FF000FFFFFFFFFFFFFFFFFFFFFFFFFFFFFFFF01
:10100000D1002043F1150060000000000000000046
:10101000201000600010006000140260000000005A
:10102000000000600020020000000000FFFFFFFF42
:10103000FFFFFFFFFFFFFFFFFFFFFFFFFFFFFFFFC0
:10104000FFFFFFFFFFFFFFFFFFFFFFFFFFFFFFFFB0
:10105000FFFFFFFFFFFFFFFFFFFFFFFFFFFFFFFFA0
:10106000FFFFFFFFFFFFFFFFFFFFFFFFFFFFFFFF90
:10107000FFFFFFFFFFFFFFFFFFFFFFFFFFFFFFFF80
:10108000FFFFFFFFFFFFFFFFFFFFFFFFFFFFFFFF70
:10109000FFFFFFFFFFFFFFFFFFFFFFFFFFFFFFFF60
:1010A000FFFFFFFFFFFFFFFFFFFFFFFFFFFFFFFF50
:1010B000FFFFFFFFFFFFFFFFFFFFFFFFFFFFFFFF40
:1010C000FFFFFFFFFFFFFFFFFFFFFFFFFFFFFFFF30
:1010D000FFFFFFFFFFFFFFFFFFFFFFFFFFFFFFFF20
:1010E000FFFFFFFFFFFFFFFFFFFFFFFFFFFFFFFF10
:1010F000FFFFFFFFFFFFFFFFFFFFFFFFFFFFFFFF00
:10110000FFFFFFFFFFFFFFFFFFFFFFFFFFFFFFFFEF
:10111000FFFFFFFFFFFFFFFFFFFFFFFFFFFFFFFFDF
:10112000FFFFFFFFFFFFFFFFFFFFFFFFFFFFFFFFCF
:10113000FFFFFFFFFFFFFFFFFFFFFFFFFFFFFFFFBF
:10114000FFFFFFFFFFFFFFFFFFFFFFFFFFFFFFFFAF
:10115000FFFFFFFFFFFFFFFFFFFFFFFFFFFFFFFF9F
:10116000FFFFFFFFFFFFFFFFFFFFFFFFFFFFFFFF8F
:10117000FFFFFFFFFFFFFFFFFFFFFFFFFFFFFFFF7F
:10118000FFFFFFFFFFFFFFFFFFFFFFFFFFFFFFFF6F
:10119000FFFFFFFFFFFFFFFFFFFFFFFFFFFFFFFF5F
:1011A000FFFFFFFFFFFFFFFFFFFFFFFFFFFFFFFF4F
:1011B000FFFFFFFFFFFFFFFFFFFFFFFFFFFFFFFF3F
:1011C000FFFFFFFFFFFFFFFFFFFFFFFFFFFFFFFF2F
:1011D000FFFFFFFFFFFFFFFFFFFFFFFFFFFFFFFF1F
:1011E000FFFFFFFFFFFFFFFFFFFFFFFFFFFFFFFF0F
:1011F000FFFFFFFFFFFFFFFFFFFFFFFFFFFFFFFFFF
:10120000FFFFFFFFFFFFFFFFFFFFFFFFFFFFFFFFEE
:10121000FFFFFFFFFFFFFFFFFFFFFFFFFFFFFFFFDE
:10122000FFFFFFFFFFFFFFFFFFFFFFFFFFFFFFFFCE
:10123000FFFFFFFFFFFFFFFFFFFFFFFFFFFFFFFFBE
:10124000FFFFFFFFFFFFFFFFFFFFFFFFFFFFFFFFAE
:10125000FFFFFFFFFFFFFFFFFFFFFFFFFFFFFFFF9E
:10126000FFFFFFFFFFFFFFFFFFFFFFFFFFFFFFFF8E
:10127000FFFFFFFFFFFFFFFFFFFFFFFFFFFFFFFF7E
:10128000FFFFFFFFFFFFFFFFFFFFFFFFFFFFFFFF6E
:10129000FFFFFFFFFFFFFFFFFFFFFFFFFFFFFFFF5E
:1012A000FFFFFFFFFFFFFFFFFFFFFFFFFFFFFFFF4E
:1012B000FFFFFFFFFFFFFFFFFFFFFFFFFFFFFFFF3E
:1012C000FFFFFFFFFFFFFFFFFFFFFFFFFFFFFFFF2E
:1012D000FFFFFFFFFFFFFFFFFFFFFFFFFFFFFFFF1E
:1012E000FFFFFFFFFFFFFFFFFFFFFFFFFFFFFFFF0E
:1012F000FFFFFFFFFFFFFFFFFFFFFFFFFFFFFFFFFE
:10130000FFFFFFFFFFFFFFFFFFFFFFFFFFFFFFFFED
:10131000FFFFFFFFFFFFFFFFFFFFFFFFFFFFFFFFDD
:10132000FFFFFFFFFFFFFFFFFFFFFFFFFFFFFFFFCD
:10133000FFFFFFFFFFFFFFFFFFFFFFFFFFFFFFFFBD
:10134000FFFFFFFFFFFFFFFFFFFFFFFFFFFFFFFFAD
:10135000FFFFFFFFFFFFFFFFFFFFFFFFFFFFFFFF9D
:10136000FFFFFFFFFFFFFFFFFFFFFFFFFFFFFFFF8D
:10137000FFFFFFFFFFFFFFFFFFFFFFFFFFFFFFFF7D
:10138000FFFFFFFFFFFFFFFFFFFFFFFFFFFFFFFF6D
:10139000FFFFFFFFFFFFFFFFFFFFFFFFFFFFFFFF5D
:1013A000FFFFFFFFFFFFFFFFFFFFFFFFFFFFFFFF4D
:1013B000FFFFFFFFFFFFFFFFFFFFFFFFFFFFFFFF3D
:1013C000FFFFFFFFFFFFFFFFFFFFFFFFFFFFFFFF2D
:1013D000FFFFFFFFFFFFFFFFFFFFFFFFFFFFFFFF1D
:1013E000FFFFFFFFFFFFFFFFFFFFFFFFFFFFFFFF0D
:1013F000FFFFFFFFFFFFFFFFFFFFFFFFFFFFFFFFFD
:10140000824205D051F8043B40F8043B8242F9D8AF
:10141000704700BF044A05494FF0000342F8043BFF
:101420009142FBD8704700BFC0360020E0920020F8
:1014300008B5BFF34F8F00F06FF9544C544B0820A0
:101440005449C3F85401544AC3F800115348C3F82F
:10145000F0405349FFF7D4FF524A53495348FFF72E
:10146000CFFF534CFFF7D6FF4FF470004FF0E02151
:101470000023504AC1F8880D44F823200133B02BD3
:10148000FAD14D4B80214D4A03F8011B9342FBD109
:101490004FF0E0254A4E4B4A4FF0FF31C5F8084D5A
:1014A000D5F8243D43F4E023C5F8243DF36923F047
:1014B0007F0343F04003F361736A23F07F0343F03B
:1014C000400373629166D1661167516700F02CF991
:1014D0003D4A3E4BA2636322E36300246A61032317
:1014E0003B4AAC612B61C5F8202DD5F8FC2D394B5A
:1014F00042F080723849C5F8FC2D1A6842F00102AA
:101500001A605B680B6000F0DFFA344800F058FCAA
:10151000F16E334B334A41F44051F1661C60C3F81D
:101520000841C3F81841C3F82841C3F83841936B08
:10153000DB0708D442F615632B4951651365936B9D
:1015400043F001039363274A284C936843F0011347
:10155000936000F077F900F05FF800F035FC00F0E0
:10156000E5FA00F0DBF82368132BFCD900F07AFBD6
:101570002368B3F5967FFBD300F0D4F800F0D0F8E1
:1015800000F032FC00F024FC30BFFDE70C0D11131D
:1015900000800D401B101820B8BA010000000000A8
:1015A0001C210060C0360020D8DB01600000002054
:1015B000003400208928010000E400E0A0E400E0FD
:1015C00000C00F4000C00A40691701006D170100FC
:1015D00000002020001000E0549100200046C323AA
:1015E0000040084000400D400000C05658910020C7
:1015F000054B4FF42A01054A05485A641864054A08
:1016000099639546FFF714FF00C00A40FFAAAAAAF3
:1016100007002000000006200F4B40F2376C0F4AF5
:10162000A020D96E41F44031D966D96E41F44071A1
:10163000D966C2F844C09064936C1B06FCD4084A77
:1016400040F23761A02351649364936C13F08003DC
:10165000FBD1044A1370704700C00F4000400C409B
:1016600000800C40A4920020294A00210123C2F8E6
:10167000A000C2F8A410C2F8B0305369D907FCD555
:1016800001234FF4803C22495361C2F8A000C2F804
:10169000A4C0C2F8B0304B69DB07FCD501234FF47E
:1016A000003C1B4A4B61C1F8A000C1F8A4C0C1F8BE
:1016B000B0305369D907FCD50123DFF858C014496D
:1016C0005361C2F8A000C2F8A4C0C2F8B0304B69A0
:1016D000DB07FCD5D1F8003145F60D504FF0210C59
:1016E0009AB2C1F814C0824210D045F69D518A4288
:1016F0000AD1C3F34253032B08D0A3F10403B3FA76
:1017000083F35B0918017047002070470820704779
:1017100000402A4004000300704700BF704700BF2C
:10172000704700BF00BF70474FF0E02300214FF02B
:10173000100C3448C3F8941DC3F89CCD4FF0110C25
:10174000C3F8A00D3048C3F89CCD4FF0120CC3F87D
:10175000A00D2E48C3F89CCD2D4AC3F8A00DDFF88C
:10176000D0C042F015022B48C3F89CCDC3F8A00DA1
:10177000DFF8C0C02848C3F89CCDC3F8A00DDFF83F
:10178000B8C0C3F89C2D2548254AC3F8A0CDC3F89E
:101790009C0DC3F8A02D02F5A022DFF8A0C00C32EA
:1017A0002048C3F89CCDC3F8A02D1F4AC3F89C0D58
:1017B000C3F8A02D02F14062DFF884C002321B485A
:1017C000C3F89CCDC3F8A02D0A32C3F89C0DC3F812
:1017D000A02D00BF00BF00BF00BF00BF0122C3F8A3
:1017E000942DBFF34F8FBFF36F8FC3F8501FBFF31C
:1017F0004F8FBFF36F8FD3F8142D42F44032C3F8EC
:10180000142D70473F000010250008070900100044
:10181000E092002021000207250008131600202076
:1018200027000B13180000602F000B071A00008020
:1018300013002000140000200900001017000040D1
:101840001900007030B5864B85B0DFF874E21822BD
:10185000844D0120C3F85CE28349C3F86052A5F5CA
:101860008055DFF860C2814CC3F864E2C3F8685267
:101870002125C3F86CC2C3F870C2C3F874C2C3F8A0
:1018800078C248F20C7CDA661A675A679A67DA6798
:10189000C3F88020C3F88420C3F88820C1F82C0343
:1018A000734AC1F83003C1F83403C1F83803C1F8F2
:1018B0003C03C1F85003A1696E4B0A406E486F4962
:1018C00013436F4AA361D4F8843043F00C03C4F887
:1018D00084304FF0FF34036843F002030360036871
:1018E00003EA0C031A43674B026044608A68664C43
:1018F0001340664A43F000538360C36823F07803C3
:10190000C360036A23401A43604B0262026A2240AA
:101910005F4C1343002243628462C46240F2056458
:10192000D1F8B83023F03F0343F00103C0F8B830DA
:10193000D1F8BC30574923F03F0343F00103C0F80E
:10194000BC3002610567C0F880404567C0F884403C
:101950000224036823F00203036081614E4B4F4968
:10196000C46143F8042B8B42FBD1434C236843F002
:1019700001032360256815F00105FBD145480222CB
:1019800040F2F561A06140F29940E26140F26642A6
:10199000C4F8001242F20141C4F81022404AC4F8CF
:1019A0002002C4F8302240F23542C4F834123D48D7
:1019B000C4F840223C4AC4F850022846C4F85422D5
:1019C00042F201223949C4F86012C4F86422FFF7D8
:1019D0004BFE0246002839D0810201234FF48020BB
:1019E00021662549C4F8A050C4F8A400C4F8B0305A
:1019F0004B69D807FCD515050124039228464C6194
:101A0000FFF732FE039A2A4B0244D2B21A7080B119
:101A1000194980024FF4802348660846C1F8A05057
:101A2000C1F8A430C1F8B0404369DB07FCD50123FD
:101A3000436120490024204801230094401A00EB10
:101A400002521E4800F0CCF905B030BD1B4B1849BE
:101A500018600870D860C3E9010005B030BD00BF50
:101A600000801F40F910010000841F4000C00F409B
:101A7000FFFCFF1F0003008000402A4000802A4036
:101A80001200FFFFFF37F70000FFF07C40000080EE
:101A9000FF000F83F05AF05A00422A4000432A40C8
:101AA0009F041830EB06180A063201263806180A79
:101AB000A69200200000007000000070F08E002050
:101AC000F9B00100F970010010B5174A4FF48054C5
:101AD0004FF4005E4FF4404C4FF4803043F242012B
:101AE000136913F0020F0DD113F4005F0FD013F43C
:101AF000805F0FD0002BF3DA13F4803F0CD15B062C
:101B00000ED510BDC2F818C050619161E8E7C2F867
:101B100014E0E5E75461E3E74FF480339361DFE7D6
:101B200040235361DCE700BF00800D40414A0320A1
:101B30004149F3EE095AD2F880309FED406A23F014
:101B400001039FED3F5ADFF814C100B5C2F88030A1
:101B5000C2F89000D1F8E010DFF804E1CBB23948C8
:101B6000CEF8003007EE903A0B0DC1F30B21F8EEE2
:101B7000E77A06EE903A07EE101A334BB8EEC77AC2
:101B8000CCF80010F8EEE66A304937EEC66A37EE58
:101B9000C55A76EEC76A77EEE57A26EE266AC3ED79
:101BA000006A25EE265AD2F8803067EEA64AC0EDCC
:101BB000007AC6EE275A264885EE276AC4EEA76A41
:101BC00075EE875AFCEEE55A36EE076A15EE90CAB6
:101BD000BCEEC66A43EA0C5376EE877AC2F88030D0
:101BE00016EE103AD2F890C1FCEEE77A01EA034112
:101BF00041EA0C014FF0000C17EE903AC2F8901138
:101C0000C3F30B03D2F890110B431249C2F8903181
:101C1000D2F8803043F00203C2F880300E4B80F8D7
:101C200040C0C1F840314FF0E0230122C3F8082141
:101C300000BD00BF00810D4000441F400000AA42CB
:101C40000000B442C8900020CC9000200000FF0F9C
:101C500000E400E0003400206D2A0100C090002064
:101C6000C4900020314B40F6617210B5C3F82021BA
:101C700040F2044400F09CF82D4A2E49D2F88030FE
:101C80002D4843F00303C2F880302C4BC1F860416B
:101C900002681A4203D1D1F8A8319A071BD0254A0D
:101CA0004FF00041244B5963D2F8403143F0020316
:101CB000C2F84031D2F840319B07FBD44FF40030DA
:101CC0004FF0E0211C4B4FF00042C1F88C0219206C
:101CD0009A6300F071F8184B0021164C4FF08042C7
:101CE0000A209A634FF480621960C4F8A80114486E
:101CF00000F072F84FF4800203464FF4810040F286
:101D000043111860C4F858311A640E4B0E4AC4F8D7
:101D10004811C3F804224FF0E0224FF400310123B0
:101D2000C2F80C11C4F8403110BD00BF00800D4056
:101D300000C00F4000002E4000900D40001C1E000F
:101D40000000002000340020712C010008B50E4B6B
:101D50001B6E9B0700D4FBBE72B60C4B00200C4AD6
:101D6000C3F8400103F160430A49A3F55F231164FE
:101D70009D46BFF34F8F4FF40013074A0748DB69B6
:101D800002609B68984700BF00441F4000002E403F
:101D900000C00A4003002000000012EB0080202059
:101DA000F8B500BFF8BC08BC9E46704700000000B4
:101DB0005FF800F0913301005FF800F08D1F010023
:101DC0005FF800F0791C01005FF800F06D3E010043
:101DD0005FF800F0DD2601005FF800F0815C010093
:101DE0005FF800F0D13F01005FF800F0D15E010024
:101DF00005010000C9750000D9760000698900005E
:081E00003191000089E30000AC
:101E08006CC00F40030000000E0D000059F40000E4
:101E18002A36000014000000130000000100000032
:101E2800F4841F402B32000014000000130000004F
:101E380001000000F8841F402D310000140000004C
:101E48001300000001000000F0841F402CFFFF0079
:101E58001400000000000000000000000100000065
:101E680000000000EC841F4000000000000000009B
:101E78006CC00F4030000000100F000059F4000043
:101E880001270000170000001200000000010000F8
:101E980014851F401AFF0000120000000000000017
:101EA8000100000018851F401BFF00001200000001
:101EB800000000000100000010851F400026FF0000
:101EC80017000000120000000000000001010000DF
:101ED800010000000C851F400C851F400000000019
:101EE8006CC00F40C0000000504F00002DF50000EE
:101EF8000CFF0000130000000000000000000000BC
:101F080024851F400BFF00001300000000000000A4
:101F18000000000028851F400DFF0000130000008E
:101F2800000000000000000020851F400A25240052
:101F3800130000001200000012000000010203005C
:101F48000000000000000000000000000000000089
:101F58000901809611800A3A81550A3601082A0437
:101F6800000000F02B040000014021800A13800AC1
:101F780029800A0010034D0049004D002000500040
:101F88006F00430008034D0049004D000403090495
:101F98000902BA00050100A0FA080B0004FFFFFFC0
:101FA800000904000002FF5D010011210001012564
:101FB80081140000000013020800000705810320B7
:101FC8000004070502032000080904010004FF5D5E
:101FD80003001B2100010101834001042016850034
:101FE800000000000016050000000000000705833F
:101FF80003200002070504032000040705850320C9
:102008000040070505032000100904020001FF5DD8
:102018000200092100010122860700070586032026
:1020280000100904030000FFFD130406410001012C
:102038000309040400010300000009211101000143
:10204800221C000705870340000A00000902BA00A5
:10205800050100A0FA080B0004FFFFFF00090400B7
:102068000002FF5D0100112100010125811400001B
:10207800000013020800000705810320000407057B
:1020880002032000080904010004FF5D03001B216E
:1020980000010101834001042016850000000000B2
:1020A8000016050000000000000705830320000259
:1020B80007050403200004070585032000400705E1
:1020C80005032000100904020001FF5D0200092138
:1020D8000001012286070007058603200010090475
:1020E800030000FFFD130406410001010309040475
:1020F800000103000000092111010001221C000752
:1021080005870340000A00000A060002EF020140AA
:0421180001000000C2
:10211C0000000000000000000000000000000000B3
:10212C0000000000000000000000000000000000A3
:10213C00F8B54FF084439D695A6915400DD0254F71
:10214C0001269D6195FAA5F4B4FA84F457F824306D
:10215C0006FA04F49847A543F4D11F4B9D695A69BC
:10216C0015400DD01D4F01269D6195FAA5F4B4FACA
:10217C0084F457F8243006FA04F49847A543F4D1B4
:10218C00174B9D695A6915400DD0164F01269D615C
:10219C0095FAA5F4B4FA84F457F8243006FA04F44A
:1021AC009847A543F4D1104B9D695A6915400DD041
:1021BC000E4F01269D6195FAA5F4B4FA84F457F8F4
:1021CC00243006FA04F49847A543F4D1BFF34F8F9B
:1021DC00F8BD00BF582E002000400042D82E002031
:1021EC0000800042582F002000C00042D82F002051
:1021FC000548064B1B1AD90F01EBA301491002D05D
:10220C00034B03B118477047C0360020C03600207E
:10221C000000000008B5054B1BB105490548AFF39C
:10222C000080BDE80840FFF7E3BF00BF00000000DE
:10223C008890002000200260704700BF704700BFEC
:10224C00704700BF562802D1034B01229A73034BEF
:10225C001B6803B118477047A0450020C8870020B1
:10226C00562802D1034B00229A73034B1B6803B10F
:10227C0018477047A0450020D88700200023838290
:10228C00C0E90333704700BF704700BF194B1B7880
:10229C001A074CBFF7EE007ADFED177A5A0703D511
:1022AC00B7EE007A77EEC77A03F00202DB07C0EDD7
:1022BC00007A03D5D2B100230B607047002AFAD004
:1022CC000E4B0B60D0ED007AF5EE407AF1EE10FA81
:1022DC000FD09FED0B7A67EE877AC0ED007AD1EDC7
:1022EC00007A67EE877AC1ED007A70474FF07E5323
:1022FC00E7E770479192002000000000000080BFCB
:10230C00F304353F1D4A1E49136870B501331D4C4B
:10231C0013602468087080B37CB36FF02E0504F151
:10232C002F0304F13F0CDFF864E02D1B01261A4645
:10233C0013F8011F814207D12A44BEF8001006FA97
:10234C0002F20A43AEF800209C45F0D16FF01A025D
:10235C0004F11B0304F11F050B4E141B4FF0010C71
:10236C001A4613F8011F814205D1224431780CFA28
:10237C0002F20A4332709D42F2D170BD6089002096
:10238C0085920020B8810020919200207692002046
:10239C001E4A1F49136870B501331E4C1360246824
:1023AC00087090B38CB36FF02E0504F12F0304F179
:1023BC003F0CDFF868E02D1B01261A4613F8011FAD
:1023CC00814208D12A44BEF8001006FA02F221EA32
:1023DC000202AEF800209C45EFD16FF01A0204F116
:1023EC001B0304F11F050C4E141B4FF0010C1A4675
:1023FC0013F8011F814206D1224431780CFA02F203
:10240C0021EA020232709D42F1D170BD6089002038
:10241C0085920020B88100209192002076920020B5
:10242C00012A57D12DE9F04F85B00E9A082A8CBF9E
:10243C00002201221AB1002005B0BDE8F08FB1F8DE
:10244C001EE040F25E4CE645F5D193F805C0BCF1B8
:10245C00FF0FF0D193F806C0BCF1470FEBD193F806
:10246C0000C00E9C9C4423440CF1060E7345E2D331
:10247C009346904692469146174603921A4604E0BC
:10248C00F4440CF1060E724526D39CF800E0BEF124
:10249C00030F21D99CF80130052BF1D1BEF1060FA9
:1024AC00EED99CF8033003F00303032BE8D19CF91D
:1024BC0002309CF80240002BBCF804509CF80660DB
:1024CC002DDBB8F1000FDBD104F00F08C5F30A0BBC
:1024DC000396D5E7002070473A46002FABD04B4609
:1024EC000D4604460321402B2846CDF804A028BFF6
:1024FC0040230093012309F0EFFCE06000289AD000
:10250C00174A234604F13401C263402209F03CF916
:10251C00B8F1000F0BD10123184663758CE7002F1F
:10252C00AED104F00F07C5F30A09B246A8E7594625
:10253C00039B42462846052901934FF0000328BF10
:10254C0005210091032109F0C7FC234620610028D6
:10255C00E1D004490522C163034909F015F9DAE712
:10256C00690A000079010000E02A002008B52DED71
:10257C00048B09EE900A9FED227A40F2E931214852
:10258C00F8EE697A67EE807A87EE879A11F0E8FAAE
:10259C0040F2E93108EE900A1A4811F0E1FA08EE1F
:1025AC00100A40F2E9311748F8EEE88A11F0D8FA2F
:1025BC00B8EEC88A07EE100A9FED136A19EE902A3E
:1025CC00B8EEC77ADFED116A38EE288A47F6FF734A
:1025DC0037EE087AC7EE067A67EE897ABDEC048B83
:1025EC0067EEA67AFDEEE77A17EE900A1044984251
:1025FC00A8BF18460128B8BF012080B208BD00BF93
:10260C000000C84218FCFFFF00803B452DB25D4026
:10261C00464AF8B511680023454D04462B5411B1B8
:10262C008B79002B2FD1434A1378A34201D1002B75
:10263C0078D1414B196829B38B791BB3C87A08B38D
:10264C003E4D002395F800C008E0032A02D1CA7B56
:10265C00012A60D0984201F11A0113D0DAB2013389
:10266C009445F7D10A7B012AEFD1CA7B012AF1D11B
:10267C004A7BA242EED1002331483249FF2203703B
:10268C000B702A70F8BD304B1B78002BCBD191F816
:10269C0007E0BEF1000FC6D0012301F1080701F1DC
:1026AC0009060DE0A44501D1285CD0B1082B18BF58
:1026BC00724503F1010334BF01220022002AB2D07B
:1026CC0017F82300DAB20028F0D016F823C0BCF1BA
:1026DC00000FEBD0A042E5D115F80C0008B1A445D1
:1026EC00E4D188680133DFED197A00EE100A184A3C
:1026FC0001EB8303B4EEE70A1568D888F1EE10FA03
:10270C0002D410B1FFF732FF0544124A01231560C1
:10271C000D4A137087E74A7BA242ACD08A7BA24257
:10272C0098D1A8E700231370F8BD00BFB481002036
:10273C00548800208F9200205489002022310020E0
:10274C009892002093920020959200200AD7233C67
:10275C00589100205086002030B500220B7989B0AA
:10276C00044658070692CDE9042203F001024FEA11
:10277C00822248BF42F040021D0748BF42F080024F
:10278C00D80648BF42F001029D0648BF42F0020243
:10279C00580648BF42F004021B064B7948BF42F072
:1027AC000802DD0648BF42F01002980648BF42F00E
:1027BC0020025D0648BF42F48072180623EA93009B
:1027CC0048BF42F4007220EAD300C50762D403EA82
:1027DC00D300C00733D50123009204F1180C0A89E9
:1027EC00C88892014D89B1F80EE080018DF818303F
:1027FC000023ADF80E20A5F500458A89AEF5004EF4
:10280C00098AADF80C00A2F500401A46A1F500416A
:10281C0065F30F0301256EF30F02EE4660F31F43C1
:10282C0061F31F42CDE90132BEE80F00ACE80F00A6
:10283C009EE807008CE80700257509B030BD03F051
:10284C000105C3F340004FEA530C85F0010580F0FD
:10285C00010005EAD30E1EEA000F1FD10CEAD30EBD
:10286C001EF0010F18D12CEA930E2EEAD30E1EF097
:10287C00010F19D10CEA930C1CF0010F10D100EAD6
:10288C00930005420ED103EA930303F00103C3F155
:10289C000803A1E700239FE703239DE702239BE79F
:1028AC00052399E7062397E7042395E7DFF8B8C1DA
:1028BC0007EE902A027F07EE101ADCF8001010B415
:1028CC00002A00F09F80046A0C1B06EE904AF8EE7A
:1028DC00666AF5EEC06AF1EE10FA07DD9FED5D6AEF
:1028EC00F4EEC66AF1EE10FA00F18F8090F87EC01B
:1028FC00B8EEC77ABCF1000F01D0B1EE477A90F870
:10290C007FC0F8EEE77ABCF1000F01D0F1EE677AE8
:10291C00002A5DD0F5EEC06AF1EE10FA58DDF7EE44
:10292C00005A90ED0A6AB4EEE56AF1EE10FA7EDD1B
:10293C00B0EE085AF3EE0E5A26EE056AB4EEE56ACE
:10294C00F1EE10FA77D4DFED445AB4EEE56AF1EE0D
:10295C0010FACCBF01220022DFED3F5A002A06FEFE
:10296C00256ABCEEC66AB8EE466AF4EEC66AF1EEAB
:10297C0010FA2DD890ED115AD0ED125A90F8422041
:10298C0037EE455A77EEE55A012A85EE266A85EE32
:10299C00A65A56D9D0ED134A022AD0ED145A80ED1E
:1029AC00156A80ED136A75EE655A80ED165A36EE8F
:1029BC00646A80ED145A86EE265A85EEA66A80ED7E
:1029CC00175A80ED186A0ED1013280F842200AE0C5
:1029DC0000224FF0010C0265C2640266C26582657A
:1029EC00426580F842C0012280ED117AC0ED127A66
:1029FC00416680ED057AC0ED067A02770162838428
:102A0C0010BC7047DFED156A70E7F7EE005A90EDD9
:102A1C000A6AB4EEE56AF1EE10FA0FD936EEC65A30
:102A2C00DFED0F5AA5EE256A80ED0A6A5EE70022FB
:102A3C009FED0C6A90E7B0EE656A96E7C0ED0A6A06
:102A4C0054E780ED156A80ED136A80ED165A80ED1F
:102A5C00145AB9E70000FA43000048430000000094
:102A6C00CDCC4C3E00001643589100204FF01A0C70
:102A7C001B4A01EB810312680CFB0033134493F8DF
:102A8C0012C0BCF1000F27D0DFED167ADFF860C062
:102A9C0000B5D2F8072083B0B3F8130000EE102A6B
:102AAC00DCF80030B4EEE70AF1EE10FA12D430B1D3
:102ABC00CDE90031FFF75AFD009B01990344DFF883
:102ACC0034C00948094ACCF8003001230170137056
:102ADC0003B000BD0344F2E7034B197000F00CB8CF
:102AEC00548900200AD7233C94920020989200200D
:102AFC0058910020A486002000B5DFF874E09EF801
:102B0C0000100131C9B2032918D8164B01EB810210
:102B1C001B6813441A2202FB003303E05FFA8CF1AA
:102B2C0004290BD09A7C01F1010C0533002AF5D055
:102B3C008EF800105DF804EBFFF798BF0A4A137883
:102B4C0043B9DFF830C0FF20084913708CF800300F
:102B5C00087000BD00218EF800105DF804EBFFF743
:102B6C0085BF00BF548900209392002022310020A1
:102B7C009492002098920020C36B2BB3826803F1CF
:102B8C003401C2F30E422F3A112A18D993F834208B
:102B9C00202A14D193F837200E2A10D1184600B5EC
:102BAC0083B001910093FFF7D7FDDDE90031D868C0
:102BBC0058B1402203B05DF804EB08F0E5BDD868CD
:102BCC0010B1402208F0E0BD704703B000BD00BF5B
:102BDC00204A137800B583B00BB100231370DFF8D3
:102BEC0084C01A23DFF880E0DCF800C08EF8000007
:102BFC0003FB00C3DFF874E08EF80010997C11B36E
:102C0C00DCF80700DFED147A00EE100A1349B3F874
:102C1C001300B4EEE70A0B68F1EE10FA11D428B1E8
:102C2C000193FFF7A3FC019B0A4A0344DFF840C061
:102C3C0000200B49CCF8003001230870137003B04E
:102C4C0000BD0344F2E7064B197003B05DF804EBCA
:102C5C00FFF752BF989200200AD7233C58910020CE
:102C6C00949200205489002022310020939200205D
:102C7C00A48600201D4BD3F8D820106891680068FA
:102C8C0010B40842137C546814BF0121002103F0D6
:102C9C000303D4F800C0D06843EA81031CEA000F98
:102CAC0043F0080118BF0B469908013B11740D2B1A
:102CBC000BD8DFE803F0110C070C0A161111160AD9
:102CCC000C070C1153690233536110BC70475369E4
:102CDC00013B10BC536170475369013310BC536105
:102CEC0070475369023B10BC53617047B489002094
:102CFC001D4BD3F8D42010689168006810B40842BA
:102D0C00137C546814BF0121002103F00303D4F891
:102D1C0000C0D06843EA81031CEA000F43F00801AD
:102D2C0018BF0B469908013B11740D2B0BD8DFE82B
:102D3C0003F0110C070C0A161111160A0C070C11D2
:102D4C0053690233536110BC70475369013B10BC8B
:102D5C00536170475369013310BC53617047536919
:102D6C00023B10BC53617047B48900201D4BD3F853
:102D7C00D02010689168006810B40842137C546825
:102D8C0014BF0121002103F00303D4F800C0D06864
:102D9C0043EA81031CEA000F43F0080118BF0B46FD
:102DAC009908013B11740D2B0BD8DFE803F0110CC3
:102DBC00070C0A161111160A0C070C115369023371
:102DCC00536110BC70475369013B10BC5361704791
:102DDC005369013310BC536170475369023B10BCFB
:102DEC0053617047B48900201D4BD3F8CC20106878
:102DFC009168006810B40842137C546814BF012118
:102E0C00002103F00303D4F800C0D06843EA810327
:102E1C001CEA000F43F0080118BF0B469908013B50
:102E2C0011740D2B0BD8DFE803F0110C070C0A16EC
:102E3C001111160A0C070C1153690233536110BCA3
:102E4C0070475369013B10BC5361704753690133A0
:102E5C0010BC536170475369023B10BC53617047FF
:102E6C00B48900201D4BD3F8C82010689168006805
:102E7C0010B40842137C546814BF0121002103F0E4
:102E8C000303D4F800C0D06843EA81031CEA000FA6
:102E9C0043F0080118BF0B469908013B11740D2B28
:102EAC000BD8DFE803F0110C070C0A161111160AE7
:102EBC000C070C1153690233536110BC70475369F2
:102ECC00013B10BC536170475369013310BC536113
:102EDC0070475369023B10BC53617047B4890020A2
:102EEC001D4BD3F8C42010689168006810B40842D8
:102EFC00137C546814BF0121002103F00303D4F8A0
:102F0C0000C0D06843EA81031CEA000F43F00801BB
:102F1C0018BF0B469908013B11740D2B0BD8DFE839
:102F2C0003F0110C070C0A161111160A0C070C11E0
:102F3C0053690233536110BC70475369013B10BC99
:102F4C00536170475369013310BC53617047536927
:102F5C00023B10BC53617047B48900201D4BD3F861
:102F6C00C02010689168006810B40842137C546843
:102F7C0014BF0121002103F00303D4F800C0D06872
:102F8C0043EA81031CEA000F43F0080118BF0B460B
:102F9C009908013B11740D2B0BD8DFE803F0110CD1
:102FAC00070C0A161111160A0C070C11536902337F
:102FBC00536110BC70475369013B10BC536170479F
:102FCC005369013310BC536170475369023B10BC09
:102FDC0053617047B48900201D4BD3F8BC20106896
:102FEC009168006810B40842137C546814BF012126
:102FFC00002103F00303D4F800C0D06843EA810336
:10300C001CEA000F43F0080118BF0B469908013B5E
:10301C0011740D2B0BD8DFE803F0110C070C0A16FA
:10302C001111160A0C070C1153690233536110BCB1
:10303C0070475369013B10BC5361704753690133AE
:10304C0010BC536170475369023B10BC536170470D
:10305C00B48900201D4BD3F8B82010689168006823
:10306C0010B40842137C546814BF0121002103F0F2
:10307C000303D4F800C0D06843EA81031CEA000FB4
:10308C0043F0080118BF0B469908013B11740D2B36
:10309C000BD8DFE803F0110C070C0A161111160AF5
:1030AC000C070C1153690233536110BC7047536900
:1030BC00013B10BC536170475369013310BC536121
:1030CC0070475369023B10BC53617047B4890020B0
:1030DC001D4BD3F8B42010689168006810B40842F6
:1030EC00137C546814BF0121002103F00303D4F8AE
:1030FC0000C0D06843EA81031CEA000F43F00801CA
:10310C0018BF0B469908013B11740D2B0BD8DFE847
:10311C0003F0110C070C0A161111160A0C070C11EE
:10312C0053690233536110BC70475369013B10BCA7
:10313C00536170475369013310BC53617047536935
:10314C00023B10BC53617047B48900201D4BD3F86F
:10315C00B02010689168006810B40842137C546861
:10316C0014BF0121002103F00303D4F800C0D06880
:10317C0043EA81031CEA000F43F0080118BF0B4619
:10318C009908013B11740D2B0BD8DFE803F0110CDF
:10319C00070C0A161111160A0C070C11536902338D
:1031AC00536110BC70475369013B10BC53617047AD
:1031BC005369013310BC536170475369023B10BC17
:1031CC0053617047B48900201D4BD3F8AC201068B4
:1031DC009168006810B40842137C546814BF012134
:1031EC00002103F00303D4F800C0D06843EA810344
:1031FC001CEA000F43F0080118BF0B469908013B6D
:10320C0011740D2B0BD8DFE803F0110C070C0A1608
:10321C001111160A0C070C1153690233536110BCBF
:10322C0070475369013B10BC5361704753690133BC
:10323C0010BC536170475369023B10BC536170471B
:10324C00B48900201D4BD3F8A82010689168006841
:10325C0010B40842137C546814BF0121002103F000
:10326C000303D4F800C0D06843EA81031CEA000FC2
:10327C0043F0080118BF0B469908013B11740D2B44
:10328C000BD8DFE803F0110C070C0A161111160A03
:10329C000C070C1153690233536110BC704753690E
:1032AC00013B10BC536170475369013310BC53612F
:1032BC0070475369023B10BC53617047B4890020BE
:1032CC001D4BD3F8A42010689168006810B4084214
:1032DC00137C546814BF0121002103F00303D4F8BC
:1032EC0000C0D06843EA81031CEA000F43F00801D8
:1032FC0018BF0B469908013B11740D2B0BD8DFE856
:10330C0003F0110C070C0A161111160A0C070C11FC
:10331C0053690233536110BC70475369013B10BCB5
:10332C00536170475369013310BC53617047536943
:10333C00023B10BC53617047B48900201D4BD3F87D
:10334C00A02010689168006810B40842137C54687F
:10335C0014BF0121002103F00303D4F800C0D0688E
:10336C0043EA81031CEA000F43F0080118BF0B4627
:10337C009908013B11740D2B0BD8DFE803F0110CED
:10338C00070C0A161111160A0C070C11536902339B
:10339C00536110BC70475369013B10BC53617047BB
:1033AC005369013310BC536170475369023B10BC25
:1033BC0053617047B48900201D4BD3F89C201068D2
:1033CC009168006810B40842137C546814BF012142
:1033DC00002103F00303D4F800C0D06843EA810352
:1033EC001CEA000F43F0080118BF0B469908013B7B
:1033FC0011740D2B0BD8DFE803F0110C070C0A1617
:10340C001111160A0C070C1153690233536110BCCD
:10341C0070475369013B10BC5361704753690133CA
:10342C0010BC536170475369023B10BC5361704729
:10343C00B48900201D4BD3F898201068916800685F
:10344C0010B40842137C546814BF0121002103F00E
:10345C000303D4F800C0D06843EA81031CEA000FD0
:10346C0043F0080118BF0B469908013B11740D2B52
:10347C000BD8DFE803F0110C070C0A161111160A11
:10348C000C070C1153690233536110BC704753691C
:10349C00013B10BC536170475369013310BC53613D
:1034AC0070475369023B10BC53617047B4890020CC
:1034BC001D4BD3F8942010689168006810B4084232
:1034CC00137C546814BF0121002103F00303D4F8CA
:1034DC0000C0D06843EA81031CEA000F43F00801E6
:1034EC0018BF0B469908013B11740D2B0BD8DFE864
:1034FC0003F0110C070C0A161111160A0C070C110B
:10350C0053690233536110BC70475369013B10BCC3
:10351C00536170475369013310BC53617047536951
:10352C00023B10BC53617047B48900201D4BD3F88B
:10353C00902010689168006810B40842137C54689D
:10354C0014BF0121002103F00303D4F800C0D0689C
:10355C0043EA81031CEA000F43F0080118BF0B4635
:10356C009908013B11740D2B0BD8DFE803F0110CFB
:10357C00070C0A161111160A0C070C1153690233A9
:10358C00536110BC70475369013B10BC53617047C9
:10359C005369013310BC536170475369023B10BC33
:1035AC0053617047B48900201D4BD3F88C201068F0
:1035BC009168006810B40842137C546814BF012150
:1035CC00002103F00303D4F800C0D06843EA810360
:1035DC001CEA000F43F0080118BF0B469908013B89
:1035EC0011740D2B0BD8DFE803F0110C070C0A1625
:1035FC001111160A0C070C1153690233536110BCDC
:10360C0070475369013B10BC5361704753690133D8
:10361C0010BC536170475369023B10BC5361704737
:10362C00B48900201D4BD3F888201068916800687D
:10363C0010B40842137C546814BF0121002103F01C
:10364C000303D4F800C0D06843EA81031CEA000FDE
:10365C0043F0080118BF0B469908013B11740D2B60
:10366C000BD8DFE803F0110C070C0A161111160A1F
:10367C000C070C1153690233536110BC704753692A
:10368C00013B10BC536170475369013310BC53614B
:10369C0070475369023B10BC53617047B4890020DA
:1036AC001D4BD3F8842010689168006810B4084250
:1036BC00137C546814BF0121002103F00303D4F8D8
:1036CC0000C0D06843EA81031CEA000F43F00801F4
:1036DC0018BF0B469908013B11740D2B0BD8DFE872
:1036EC0003F0110C070C0A161111160A0C070C1119
:1036FC0053690233536110BC70475369013B10BCD2
:10370C00536170475369013310BC5361704753695F
:10371C00023B10BC53617047B48900201D4BD3F899
:10372C00802010689168006810B40842137C5468BB
:10373C0014BF0121002103F00303D4F800C0D068AA
:10374C0043EA81031CEA000F43F0080118BF0B4643
:10375C009908013B11740D2B0BD8DFE803F0110C09
:10376C00070C0A161111160A0C070C1153690233B7
:10377C00536110BC70475369013B10BC53617047D7
:10378C005369013310BC536170475369023B10BC41
:10379C0053617047B48900201D4BDA6F1068916833
:1037AC00006810B40842137C546814BF0121002136
:1037BC0003F00303D4F800C0D06843EA81031CEA89
:1037CC00000F43F0080118BF0B469908013B117418
:1037DC000D2B0BD8DFE803F0110C070C0A16111196
:1037EC00160A0C070C1153690233536110BC704755
:1037FC005369013B10BC536170475369013310BCD2
:10380C00536170475369023B10BC5361704700BF52
:10381C00B48900201D4B9A6F10689168006810B431
:10382C000842137C546814BF0121002103F00303E8
:10383C00D4F800C0D06843EA81031CEA000F43F0BF
:10384C00080118BF0B469908013B11740D2B0BD8BE
:10385C00DFE803F0110C070C0A161111160A0C07FD
:10386C000C1153690233536110BC70475369013B0F
:10387C0010BC536170475369013310BC53617047DE
:10388C005369023B10BC5361704700BFB4890020E0
:10389C001D4B5A6F10689168006810B40842137C75
:1038AC00546814BF0121002103F00303D4F800C0B5
:1038BC00D06843EA81031CEA000F43F0080118BFEB
:1038CC000B469908013B11740D2B0BD8DFE803F064
:1038DC00110C070C0A161111160A0C070C1153695E
:1038EC000233536110BC70475369013B10BC5361E8
:1038FC0070475369013310BC536170475369023BE5
:10390C0010BC5361704700BFB48900201D4B1A6F67
:10391C0010689168006810B40842137C546814BF96
:10392C000121002103F00303D4F800C0D06843EA5E
:10393C0081031CEA000F43F0080118BF0B469908DD
:10394C00013B11740D2B0BD8DFE803F0110C070CA5
:10395C000A161111160A0C070C1153690233536124
:10396C0010BC70475369013B10BC536170475369DD
:10397C00013310BC536170475369023B10BC536157
:10398C00704700BFB48900201D4BDA6E1068916837
:10399C00006810B40842137C546814BF0121002144
:1039AC0003F00303D4F800C0D06843EA81031CEA97
:1039BC00000F43F0080118BF0B469908013B117426
:1039CC000D2B0BD8DFE803F0110C070C0A161111A4
:1039DC00160A0C070C1153690233536110BC704763
:1039EC005369013B10BC536170475369013310BCE0
:1039FC00536170475369023B10BC5361704700BF61
:103A0C00B48900201D4B9A6E10689168006810B440
:103A1C000842137C546814BF0121002103F00303F6
:103A2C00D4F800C0D06843EA81031CEA000F43F0CD
:103A3C00080118BF0B469908013B11740D2B0BD8CC
:103A4C00DFE803F0110C070C0A161111160A0C070B
:103A5C000C1153690233536110BC70475369013B1D
:103A6C0010BC536170475369013310BC53617047EC
:103A7C005369023B10BC5361704700BFB4890020EE
:103A8C001D4B5A6E10689168006810B40842137C84
:103A9C00546814BF0121002103F00303D4F800C0C3
:103AAC00D06843EA81031CEA000F43F0080118BFF9
:103ABC000B469908013B11740D2B0BD8DFE803F072
:103ACC00110C070C0A161111160A0C070C1153696C
:103ADC000233536110BC70475369013B10BC5361F6
:103AEC0070475369013310BC536170475369023BF3
:103AFC0010BC5361704700BFB48900201D4B1A6E77
:103B0C0010689168006810B40842137C546814BFA4
:103B1C000121002103F00303D4F800C0D06843EA6C
:103B2C0081031CEA000F43F0080118BF0B469908EB
:103B3C00013B11740D2B0BD8DFE803F0110C070CB3
:103B4C000A161111160A0C070C1153690233536132
:103B5C0010BC70475369013B10BC536170475369EB
:103B6C00013310BC536170475369023B10BC536165
:103B7C00704700BFB48900201D4BDA6D1068916846
:103B8C00006810B40842137C546814BF0121002152
:103B9C0003F00303D4F800C0D06843EA81031CEAA5
:103BAC00000F43F0080118BF0B469908013B117434
:103BBC000D2B0BD8DFE803F0110C070C0A161111B2
:103BCC00160A0C070C1153690233536110BC704771
:103BDC005369013B10BC536170475369013310BCEE
:103BEC00536170475369023B10BC5361704700BF6F
:103BFC00B48900201D4B9A6D10689168006810B450
:103C0C000842137C546814BF0121002103F0030304
:103C1C00D4F800C0D06843EA81031CEA000F43F0DB
:103C2C00080118BF0B469908013B11740D2B0BD8DA
:103C3C00DFE803F0110C070C0A161111160A0C0719
:103C4C000C1153690233536110BC70475369013B2B
:103C5C0010BC536170475369013310BC53617047FA
:103C6C005369023B10BC5361704700BFB4890020FC
:103C7C001D4B5A6D10689168006810B40842137C93
:103C8C00546814BF0121002103F00303D4F800C0D1
:103C9C00D06843EA81031CEA000F43F0080118BF07
:103CAC000B469908013B11740D2B0BD8DFE803F080
:103CBC00110C070C0A161111160A0C070C1153697A
:103CCC000233536110BC70475369013B10BC536104
:103CDC0070475369013310BC536170475369023B01
:103CEC0010BC5361704700BFB48900201D4B1A6D86
:103CFC0010689168006810B40842137C546814BFB3
:103D0C000121002103F00303D4F800C0D06843EA7A
:103D1C0081031CEA000F43F0080118BF0B469908F9
:103D2C00013B11740D2B0BD8DFE803F0110C070CC1
:103D3C000A161111160A0C070C1153690233536140
:103D4C0010BC70475369013B10BC536170475369F9
:103D5C00013310BC536170475369023B10BC536173
:103D6C00704700BFB48900201D4BDA6C1068916855
:103D7C00006810B40842137C546814BF0121002160
:103D8C0003F00303D4F800C0D06843EA81031CEAB3
:103D9C00000F43F0080118BF0B469908013B117442
:103DAC000D2B0BD8DFE803F0110C070C0A161111C0
:103DBC00160A0C070C1153690233536110BC70477F
:103DCC005369013B10BC536170475369013310BCFC
:103DDC00536170475369023B10BC5361704700BF7D
:103DEC00B48900201D4B9A6C10689168006810B45F
:103DFC000842137C546814BF0121002103F0030313
:103E0C00D4F800C0D06843EA81031CEA000F43F0E9
:103E1C00080118BF0B469908013B11740D2B0BD8E8
:103E2C00DFE803F0110C070C0A161111160A0C0727
:103E3C000C1153690233536110BC70475369013B39
:103E4C0010BC536170475369013310BC5361704708
:103E5C005369023B10BC5361704700BFB48900200A
:103E6C001D4B5A6C10689168006810B40842137CA2
:103E7C00546814BF0121002103F00303D4F800C0DF
:103E8C00D06843EA81031CEA000F43F0080118BF15
:103E9C000B469908013B11740D2B0BD8DFE803F08E
:103EAC00110C070C0A161111160A0C070C11536988
:103EBC000233536110BC70475369013B10BC536112
:103ECC0070475369013310BC536170475369023B0F
:103EDC0010BC5361704700BFB48900201D4B1A6C95
:103EEC0010689168006810B40842137C546814BFC1
:103EFC000121002103F00303D4F800C0D06843EA89
:103F0C0081031CEA000F43F0080118BF0B46990807
:103F1C00013B11740D2B0BD8DFE803F0110C070CCF
:103F2C000A161111160A0C070C115369023353614E
:103F3C0010BC70475369013B10BC53617047536907
:103F4C00013310BC536170475369023B10BC536181
:103F5C00704700BFB48900201D4BDA6B1068916864
:103F6C00006810B40842137C546814BF012100216E
:103F7C0003F00303D4F800C0D06843EA81031CEAC1
:103F8C00000F43F0080118BF0B469908013B117450
:103F9C000D2B0BD8DFE803F0110C070C0A161111CE
:103FAC00160A0C070C1153690233536110BC70478D
:103FBC005369013B10BC536170475369013310BC0A
:103FCC00536170475369023B10BC5361704700BF8B
:103FDC00B48900201D4B9A6B10689168006810B46E
:103FEC000842137C546814BF0121002103F0030321
:103FFC00D4F800C0D06843EA81031CEA000F43F0F8
:10400C00080118BF0B469908013B11740D2B0BD8F6
:10401C00DFE803F0110C070C0A161111160A0C0735
:10402C000C1153690233536110BC70475369013B47
:10403C0010BC536170475369013310BC5361704716
:10404C005369023B10BC5361704700BFB489002018
:10405C001D4B5A6B10689168006810B40842137CB1
:10406C00546814BF0121002103F00303D4F800C0ED
:10407C00D06843EA81031CEA000F43F0080118BF23
:10408C000B469908013B11740D2B0BD8DFE803F09C
:10409C00110C070C0A161111160A0C070C11536996
:1040AC000233536110BC70475369013B10BC536120
:1040BC0070475369013310BC536170475369023B1D
:1040CC0010BC5361704700BFB48900201D4B1A6BA4
:1040DC0010689168006810B40842137C546814BFCF
:1040EC000121002103F00303D4F800C0D06843EA97
:1040FC0081031CEA000F43F0080118BF0B46990816
:10410C00013B11740D2B0BD8DFE803F0110C070CDD
:10411C000A161111160A0C070C115369023353615C
:10412C0010BC70475369013B10BC53617047536915
:10413C00013310BC536170475369023B10BC53618F
:10414C00704700BFB48900201D4BDA6A1068916873
:10415C00006810B40842137C546814BF012100217C
:10416C0003F00303D4F800C0D06843EA81031CEACF
:10417C00000F43F0080118BF0B469908013B11745E
:10418C000D2B0BD8DFE803F0110C070C0A161111DC
:10419C00160A0C070C1153690233536110BC70479B
:1041AC005369013B10BC536170475369013310BC18
:1041BC00536170475369023B10BC5361704700BF99
:1041CC00B48900201D4B9A6A10689168006810B47D
:1041DC000842137C546814BF0121002103F003032F
:1041EC00D4F800C0D06843EA81031CEA000F43F006
:1041FC00080118BF0B469908013B11740D2B0BD805
:10420C00DFE803F0110C070C0A161111160A0C0743
:10421C000C1153690233536110BC70475369013B55
:10422C0010BC536170475369013310BC5361704724
:10423C005369023B10BC5361704700BFB489002026
:10424C001D4B5A6A10689168006810B40842137CC0
:10425C00546814BF0121002103F00303D4F800C0FB
:10426C00D06843EA81031CEA000F43F0080118BF31
:10427C000B469908013B11740D2B0BD8DFE803F0AA
:10428C00110C070C0A161111160A0C070C115369A4
:10429C000233536110BC70475369013B10BC53612E
:1042AC0070475369013310BC536170475369023B2B
:1042BC0010BC5361704700BFB48900201D4B1A6AB3
:1042CC0010689168006810B40842137C546814BFDD
:1042DC000121002103F00303D4F800C0D06843EAA5
:1042EC0081031CEA000F43F0080118BF0B46990824
:1042FC00013B11740D2B0BD8DFE803F0110C070CEC
:10430C000A161111160A0C070C115369023353616A
:10431C0010BC70475369013B10BC53617047536923
:10432C00013310BC536170475369023B10BC53619D
:10433C00704700BFB48900201D4BDA691068916882
:10434C00006810B40842137C546814BF012100218A
:10435C0003F00303D4F800C0D06843EA81031CEADD
:10436C00000F43F0080118BF0B469908013B11746C
:10437C000D2B0BD8DFE803F0110C070C0A161111EA
:10438C00160A0C070C1153690233536110BC7047A9
:10439C005369013B10BC536170475369013310BC26
:1043AC00536170475369023B10BC5361704700BFA7
:1043BC00B48900201D4B9A6910689168006810B48C
:1043CC000842137C546814BF0121002103F003033D
:1043DC00D4F800C0D06843EA81031CEA000F43F014
:1043EC00080118BF0B469908013B11740D2B0BD813
:1043FC00DFE803F0110C070C0A161111160A0C0752
:10440C000C1153690233536110BC70475369013B63
:10441C0010BC536170475369013310BC5361704732
:10442C005369023B10BC5361704700BFB489002034
:10443C001D4B5A6910689168006810B40842137CCF
:10444C00546814BF0121002103F00303D4F800C009
:10445C00D06843EA81031CEA000F43F0080118BF3F
:10446C000B469908013B11740D2B0BD8DFE803F0B8
:10447C00110C070C0A161111160A0C070C115369B2
:10448C000233536110BC70475369013B10BC53613C
:10449C0070475369013310BC536170475369023B39
:1044AC0010BC5361704700BFB48900201D4B1A69C2
:1044BC0010689168006810B40842137C546814BFEB
:1044CC000121002103F00303D4F800C0D06843EAB3
:1044DC0081031CEA000F43F0080118BF0B46990832
:1044EC00013B11740D2B0BD8DFE803F0110C070CFA
:1044FC000A161111160A0C070C1153690233536179
:10450C0010BC70475369013B10BC53617047536931
:10451C00013310BC536170475369023B10BC5361AB
:10452C00704700BFB48900201D4BDA681068916891
:10453C00006810B40842137C546814BF0121002198
:10454C0003F00303D4F800C0D06843EA81031CEAEB
:10455C00000F43F0080118BF0B469908013B11747A
:10456C000D2B0BD8DFE803F0110C070C0A161111F8
:10457C00160A0C070C1153690233536110BC7047B7
:10458C005369013B10BC536170475369013310BC34
:10459C00536170475369023B10BC5361704700BFB5
:1045AC00B48900201D4B9A6810689168006810B49B
:1045BC000842137C546814BF0121002103F003034B
:1045CC00D4F800C0D06843EA81031CEA000F43F022
:1045DC00080118BF0B469908013B11740D2B0BD821
:1045EC00DFE803F0110C070C0A161111160A0C0760
:1045FC000C1153690233536110BC70475369013B72
:10460C0010BC536170475369013310BC5361704740
:10461C005369023B10BC5361704700BFB489002042
:10462C001D4B5A6810689168006810B40842137CDE
:10463C00546814BF0121002103F00303D4F800C017
:10464C00D06843EA81031CEA000F43F0080118BF4D
:10465C000B469908013B11740D2B0BD8DFE803F0C6
:10466C00110C070C0A161111160A0C070C115369C0
:10467C000233536110BC70475369013B10BC53614A
:10468C0070475369013310BC536170475369023B47
:10469C0010BC5361704700BFB48900201D4B1A68D1
:1046AC0010689168006810B40842137C546814BFF9
:1046BC000121002103F00303D4F800C0D06843EAC1
:1046CC0081031CEA000F43F0080118BF0B46990840
:1046DC00013B11740D2B0BD8DFE803F0110C070C08
:1046EC000A161111160A0C070C1153690233536187
:1046FC0010BC70475369013B10BC53617047536940
:10470C00013310BC536170475369023B10BC5361B9
:10471C00704700BFB48900204B490122F8B54B4CBF
:10472C000B782254002B67D149490A78002A71D1A1
:10473C00484B1E68002E3AD0B379002B37D0464B2D
:10474C00F17A1B681F4691B333460AE0BCF1020FA5
:10475C002ED193F80DC0844561D001321A338A42B0
:10476C0025D093F80CC0D5B2BCF1010FEED193F863
:10477C000DC08445F1D11A2303FB0263D97B0129B7
:10478C0002D0022905D091B92846BDE8F840FEF7C1
:10479C001FBA32498B5C83F001038B54002B4CD134
:1047AC002F4CFF212F48304A237003701170F8BD35
:1047BC00BCF1030FD1D193F80DC0844507D093F809
:1047CC000EE08645C9D114F80C30002BEFD01A231B
:1047DC0003FB0263997B615C0029E8D0D97B01293A
:1047EC00D2D00229CFD11D498B5C83F001038B54AD
:1047FC00002BD5D00121C7E700231C4C0A220B70DB
:10480C00207001461A480FF0E5F81948BDE8F84049
:10481C000FF0B8B8154A0B7010700A22F1E7154B5F
:10482C0053F8201043F820707B1A312BBFD91A2172
:10483C0001FB0262128A9A42B9D328460021BDE8D4
:10484C00F840FEF7C5B900BF8992002054880020BB
:10485C008492002054890020589100206C860020FE
:10486C009892002093920020223100208F920020F9
:10487C00F0290020C48100204A4B02689A4210B5EE
:10488C007ED10379042B7BD1431D00F13F0C002416
:10489C0013F8012F634584EA0204F9D14179A1424E
:1048AC0074D1D0ED027AF5EEC07AF1EE10FA67D43D
:1048BC00B7EE007AF4EEC77AF1EE10FA60DCD0EDC8
:1048CC00037AF5EEC07AF1EE10FA59D4F3EE046ADD
:1048DC00F4EEE67AF1EE10FA52DCD0ED047ADFED6C
:1048EC00326AF4EEE67AF1EE10FA49D4B1EE046ACB
:1048FC00F4EEC67AF1EE10FA42DCD0ED057AF4EE65
:10490C00E67AF1EE10FA3BD4F4EEC77AF1EE10FA37
:10491C0036DCB6EE007AD0ED067AF4EEC77AF1EE1C
:10492C0010FA2DD4B0EE087AF4EEC77AF1EE10FA44
:10493C0026DC00F11B0300F11F0413F8011F0A1FF2
:10494C00D2B2002918BFE32A94BF0122002217D843
:10495C009C42F2D190F82C30012B11D800F12F038E
:10496C0001E0634510D013F8011F081F01F110047A
:10497C00C0B2E4B2E328F4D90029F2D0062CF0D965
:10498C000A480EF0FFFF0022104610BD0023102233
:10499C0006480FF01FF800231022214603480FF0A1
:1049AC0019F8EDE7314D4941CDCCCC3DF029002033
:1049BC00504B10B502689A4240F096800379022B56
:1049CC0040F09280431D00F13F01002413F8012FA9
:1049DC00994284EA0204F9D14179A14279D10022A9
:1049EC0000EB420101324B8A03F5FA739BB2B3F52B
:1049FC007A7F79D80B8C03F5FA739BB2B3F57A7F77
:104A0C0072D8072AECD1428E40F6B8339A426BD852
:104A1C00828E9A4268D8D0F806309FED377A07EE2E
:104A2C00903AF4EEC77AF1EE10FA5DD4F2EE0E6A1B
:104A3C00F4EEE67AF1EE10FA56DCD0F82E3007EEF2
:104A4C00903AF5EEC07AF1EE10FA4DD4F3EE046A1A
:104A5C00F4EEE67AF1EE10FA46DCD0F80A3007EE06
:104A6C00903AF4EEC77AF1EE10FA3DD4B2EE0E7A2B
:104A7C00F4EEC77AF1EE10FA36DC90F83630053BDE
:104A8C005A2B31D8D0F80E3042F21C52A3F5FA73DF
:104A9C00934229D890F83730092B25D890F8383024
:104AAC00092B21D890F839301F2B1DD8C36BB7EECA
:104ABC00007A07EE903AF4EEC77AF1EE10FA13D4BE
:104ACC009FED0E7AF4EEC77AF1EE10FA0CDC0120B1
:104ADC0010BD002310220A480EF07CFF0023102288
:104AEC00214607480EF076FF05480EF04BFF0020DC
:104AFC0010BD00BF314D4943CDCCCC3D000000442E
:104B0C00F0290020704700BF10B5002304460E4A60
:104B1C000321A382226023630C48C4E90133C4E956
:104B2C000333C4E90633C4E90833C4E90A330CF08F
:104B3C0033FA042106480CF047FA012105480CF021
:104B4C005DFA204610BD00BF6C1A0020E042002028
:104B5C00E0410020788900202DE9F047002406462A
:104B6C004FF0FF0A2030FB4D4FF4407834704FF477
:104B7C00687774703562B470C6F86403F470C6F864
:104B8C00800386F804A0B4737462B46286F805A03E
:104B9C0008F040FE06F58060C6F8005406F5805516
:104BAC00C6F84407C6F86007C6F80444C6F80844BB
:104BBC0008F030FEDFF8A49306F5FC6006F61873D7
:104BCC00C6F8E097C6F8680BA6F8588BC6F8183FDD
:104BDC00C6F8E447C6F8E847C6F8384BC6F83C4B6D
:104BEC00C6F8404BC6F8444BC6F8484BC6F84C4B7D
:104BFC00C6F8504BC6F8544B86F85A4B86F81E4FE5
:104C0C00A6F81C7F07F09CFF41F2586306F5726012
:104C1C00C6F8209FF318C6F8244FC6F8284FC5F8DD
:104C2C005836A5F8988285F89A42A5F85C7685F8EE
:104C3C005E46C5F8A802C5E99E44C5E9A044C5E98D
:104C4C00A244C5E9A44407F07BFF41F6985306F54E
:104C5C00B350C5F86446F318C5F86846C5F86096B5
:104C6C00C5F8B849C5F8BC49C5F8C049C5F8C44928
:104C7C00C5F8C849C5F8CC49C5F8D049C5F8D449D8
:104C8C00A5F8D88985F8DA49A5F89C7D85F89E4D5C
:104C9C00C5F8983DC5F8E80907F052FF42F2D84232
:104CAC0005F58053C5F8A44DC5F8A84DB218C5F844
:104CBC00A09D06F5ED5006F50055C3E93E44C3E949
:104CCC004044C3E94244C3E94444A5F8188183F83D
:104CDC001A41C5F82801C3F8D824A3F8DC7483F86A
:104CEC00DE4407F02DFF42F2E04042F61843A5F8EF
:104CFC0058883018DFF86882F318C5F8E094A5F8E6
:104D0C001C7C08F15809C5F8183CC5F8E444C5F8F2
:104D1C00E844C5F83848C5F83C48C5F84048C5F8DB
:104D2C004448C5F84848C5F84C48C5F85048C5F83B
:104D3C00544885F85A4885F81E4CC5F8680807F0A1
:104D4C00FFFE42F6204085F8A24C3018C5F8244CE2
:104D5C00C5F8284CC5F8304C85F8344CC5F8384C9F
:104D6C00C5F83C4CC5F8208CC5F8484CC5F84C4CE3
:104D7C0085F87E4C85F8804CC5F88C4CC5F8904C69
:104D8C00C5F8944CC5F8984CC5F89C4CA5F8A04CAB
:104D9C00A5F8A4ACC5F8B04CC5F8B44CC5F8B84CE3
:104DAC00C5F8BC4C85F8AF4C85F8A34CC5F82C9CC9
:104DBC000BF058FDC5F8C08CDFF8A88106F5335010
:104DCC0085F8424DC5F8CC9C08F14C09C5F8C44C8B
:104DDC00C5F8C84CC5F8D04C85F8D44CC5F8D84C9F
:104DEC00C5F8DC4CC5F8E84CC5F8EC4C85F81E4D04
:104DFC0085F8204DC5F82C4DC5F8304DC5F8344D0F
:104E0C00C5F8384DC5F83C4DA5F8404D85F8434DD7
:104E1C00A5F844AD85F84F4DC5F8504DC5F8544D27
:104E2C00C5F8584DC5F85C4D0BF01CFD42F66050B2
:104E3C0085F8854D3018C5F8644DC5F8684DC5F832
:104E4C00704D85F8744DC5F8784DC5F87C4DC5F896
:104E5C00608DC5F8804D85F8844D85F8864D85F8B4
:104E6C00874DC5F8884DC5F88C4DC5F8904DC5F8E3
:104E7C00944DC5F86C9D0CF0CBFA42F6985085F821
:104E8C00BD4D3018C5F8988DC5F89C4DC5F8A04D92
:104E9C00C5F8A84D85F8AC4DC5F8B04DC5F8B44D66
:104EAC00C5F8A49DC5F8B84D85F8BC4D85F8BE4D28
:104EBC0085F8BF4DC5F8C04DC5F8C44DC5F8C84DF3
:104ECC00C5F8CC4D0CF0A4FA234B2146C5F8E44DA3
:104EDC0003F16C02C5F8E03D9833C5F8E84DC5F810
:104EEC00F04D05F62860C5F8F83D40F20113C5F801
:104EFC00F44DA5F8183E0123C5F8FC4D85F8004E7D
:104F0C00C5F8044EC5F8084E85F80C4EC5F8104E81
:104F1C00C5F8144EC5F81C4EA5F8204E85F8224E47
:104F2C00C5F8244EC5F8EC2D4FF4807285F81A3E66
:104F3C0012F02EFF05F55E6300200021C3E952013B
:104F4C00C3E95401002140F2FF30C3E95601C5F812
:104F5C00404F09E0481C0020B01A0020A81800207F
:104F6C00841B0020E4190020C5F8444FC5F8484FB5
:104F7C00C5F84C4F0FF0E8F885F8544FC5F8500FB2
:104F8C0006F5405542F6E05085F875423018C5F8E4
:104F9C00764209F02BFB43F220303018FFF7B4FDBA
:104FAC0085F894433046C6F80640C6F80A40BDE87A
:104FBC00F08700BF00B583B0019006F059F9019855
:104FCC00064A00F50050064BC0F8482CC0F8E82CF7
:104FDC00C0F84C3CC0F8EC3C03B000BD35010000FF
:104FEC005101000010B5044682B0019107F01AF986
:104FFC0004F500530199D3F8682DBAB3012204F5D6
:10500C00405080F8942393F8852D5ABB93F8BD3DFE
:10501C0003F0FF000BB902B010BD42F698502018F7
:10502C0090F827206FF07E040A70826A7F2AA8BF4E
:10503C007F22A242B8BF22464A80D0E90B237F2AA6
:10504C00A8BF7F227F2BA8BF7F23A242B8BF2246D6
:10505C00A342B8BF23468A808B710CF0E5F901207E
:10506C0002B010BD42F660502018D9E7D3F8A02D3D
:10507C00003A18BF0122C2E7704700BF00F540504C
:10508C0090F89403704700BF2DE9F04F044689B0A7
:10509C000D4607F0C7F804F5005E9EF8223ECBB92A
:1050AC0004F5405C9CF8340310B909B0BDE8F08FEE
:1050BC000CF54E7403F0FF06AE460FCCAEE80F00B5
:1050CC0094E807008EE807008CF83463012009B0DF
:1050DC00BDE8F08F42F6246342F64C6CDEF8241ED9
:1050EC002A46E318A44442F8021B53F8040F9C45CB
:1050FC0022F8020FF9D19EF80C3E033B012B0CD980
:10510C00B5F916309AB2092A28BFFF232B7642F63E
:10511C00E050201809F0C0FDD8E7B5F9043040F292
:10512C00FF3EB5F9080001F48079A3F50046002391
:10513C00A0F50040B5F906209C46069301F4806A60
:10514C0060F30F0C47F6FF70CDE90433821A66F357
:10515C000F0362F31F43B5F90E20801A6A8972455A
:10516C0060F31F4CC1F3C02028BF72464FEA82186F
:10517C00AA89724528BF72464E05C1F3002E4FEA2C
:10518C00821218D4BEF1000F1BD0EE468DF8180019
:10519C00ADF80C80ADF80E20CDE9013C21F4706324
:1051AC00AC460093BEE80F00ACE80F009EE8070089
:1051BC008CE80700ABE7BEF1000F02D008B101206C
:1051CC00E3E701F400764F46B3462FB920B14E45C4
:1051DC000CBF02200320D8E74FEA5B27BBF1000F7E
:1051EC0000D0C0B911F4406F00D1B7B94FEA9A2082
:1051FC0017B108B10520C8E7BBF1000F14BF00269A
:10520C0000F0010616B1B9F1000F08D00EEA000E3D
:10521C00CEF10800B9E70320B7E70420B5E7062074
:10522C00B3E700BF00F50053D3F8F43D0BB10120F8
:10523C00704700F5405090F83503704700F500506A
:10524C00D0F8283C0BB101207047D0F8C80CC01A1C
:10525C0018BF0120704700BF0138022808B505D8D7
:10526C0008480EF08FFB07480EF08CFB05480EF03B
:10527C0089FB64200EF012FF0248BDE808400EF0D6
:10528C0081BB00BFF0290020FFEE007A70B5B4EEB0
:10529C00E70A86B0F1EE10FA00F1C180F7EE007A61
:1052AC009FED707AB4EEE70AF1EE10FA77FE807A91
:1052BC0067EE877AFDEEE77A17EE90CAFFEE007A7A
:1052CC005FFA8CF1CCF3072CF4EEE70AF1EE10FA4E
:1052DC0000F1B080F7EE007A9FED627AF4EEE70A07
:1052EC00F1EE10FA77FEA07A67EE877AFDEEE77A98
:1052FC0017EE904AFFEE007A5FFA84FEB4EEE71ADE
:10530C00240AF1EE10FA00F1A080F7EE007A9FED7E
:10531C00557AB4EEE71AF1EE10FA77FE817A67EE61
:10532C00877AFDEEE77A17EE902AFFEE007A160ADE
:10533C00F4EEE71AF1EE10FA00F19180F7EE007A34
:10534C009FED487AF4EEE71AF1EE10FA77FEA17AA7
:10535C0067EE877AFDEEE77A17EE903AC3F30725EE
:10536C008DF80A20020A8DF80C30030A02F00202B2
:10537C008DF80B6003F0810306011343020A06F05B
:10538C00100602F004021A430023019304930593C0
:10539C0065F307038DF81140440A61F30F23C1082C
:1053AC006CF317434FEA102C6EF31F630CF0080CD0
:1053BC00CDF80D30C0F30013334343EAC11142EA78
:1053CC000C0304F01002C409134304F02004020A75
:1053DC002343040102F0400204F0200413430209A9
:1053EC0002F002028DF8063041EA02030101C0F31B
:1053FC008012C0F3C010234301F0400140425242DE
:10540C000B4314218DF8090001A88DF808208DF8A4
:10541C0007308DF8051010F02DF906B070BDFFEEB9
:10542C00007A4FF0800C0121F4EEE70AF1EE10FA4D
:10543C007FF550AFFFEE007A80244FF0010EB4EEF2
:10544C00E71AF1EE10FA7FF560AFFFEE007A8026D6
:10545C000122F4EEE71AF1EE10FA7FF56FAF80251A
:10546C0001237DE700FEFF460B4611460022D3F8D0
:10547C0000C003601846DCF81C30184770B50446B1
:10548C00006820B3002504F10E060DE0627C531C6D
:10549C002244DBB2082B6374107204D9237CA574EC
:1054AC000A2B657414D0206803681B69984770B187
:1054BC00206803685B699847A37CC0B2002BE5D1D8
:1054CC00FE28F0D1012320726374A374EBE770BD46
:1054DC0004F10803002213F8011FB34282EA01020F
:1054EC00F9D1E37B9342DED1B4F80D30C82BDAD876
:1054FC00B4F90B202046B4F90910FDF7D7F9D2E71F
:10550C00B5EEC00A00230B80F1EE10FA138019D906
:10551C00F3EE045A90ED0E6AB7EE007AD0ED0F7AE6
:10552C00C6EE006A0023836380EE256A76EEE76A96
:10553C00B4EEC76AF1EE10FA37FE067AE7EE267A79
:10554C00C0ED0F7A0379002B00F0C9810368002BA2
:10555C0000F0C581037F002B00F0C18190F8693009
:10556C00012B00F0B881022B03D1C379002B00F082
:10557C00B681F7EE006ADFF8C0C390ED0A7ADCF86A
:10558C000030B4EEE67A10B5046AF1EE10FAA3EB33
:10559C00040307EE903AF8EE677A40F3A481B4EE78
:1055AC00E77AF1EE10FA80F2B581F0EE086AB3EE0C
:1055BC000E6A67EE266AF4EEC66AF1EE10FA00F196
:1055CC00AC819FEDD76AF4EEC66AF1EE10FACCBF4F
:1055DC00012300239FEDD26A002B46FE866AFCEE67
:1055EC00E66AF8EE666AF4EEE67AF1EE10FA80F20C
:1055FC008D8177EEC77A76EEC76AB7EE006A87EED2
:10560C00A67A36EE476AB5EEC06AF1EE10FA40F2B1
:10561C007D81B0F87A3090ED057A5BB107EE903A67
:10562C00F0EEC76AFBEEEF7AF4EEE76AF1EE10FAF1
:10563C0000F36C81B0F87C30D0ED066A5BB107EEFC
:10564C00903AF0EEE65AFBEEEF7AF4EEE75AF1EE12
:10565C0010FA00F35B81B0F876305BB107EE903A4C
:10566C00F0EEC75AF8EE677AF4EEE75AF1EE10FA5C
:10567C0000F1448190F88430002B00F0898090F880
:10568C008530002B00F0848090F842E0BEF1010FD1
:10569C007ED9F7EE007AB4EEE76AF1EE10FA77DB1A
:1056AC00B6EE004A07EE903A90ED175A838CF8EE5E
:1056BC00677A25EE045ADFEDA13A04EE103ADFEDDD
:1056CC00985AD0ED154AB8EE444A64EE277A87EE24
:1056DC00A34AB4EEE54AF1EE10FA75FE847A65EE53
:1056EC00275A67EEA44A65EEA75AB0EEE45AF4EED8
:1056FC00C55AF1EE10FA07DCB1EE455AB4EEE55A94
:10570C00F1EE10FA35FE255A74EE855A9FED855A46
:10571C00F4EEC55AF1EE10FA00F384819FED825A33
:10572C00B4EEE55AF1EE10FA75FE254AB6EE004AD3
:10573C00D0ED185A90ED165A37EE247A65EE845A4D
:10574C0027EE855A65EEA75AF0EEC54A65EEA77AA4
:10575C00F4EEE47AF1EE10FA07DCF1EE644AF4EEC2
:10576C00E74AF1EE10FA74FEA74A75EE247ADFEDE3
:10577C006D5AF4EEE57AF1EE10FA07DCDFED6A5AB9
:10578C00F4EEE75AF1EE10FA75FEA75A76EEA56A1A
:10579C0090F880309FED695A07EE903AB0F882305D
:1057AC00F8EE677AC7EE855AF3B1B0F840404FF681
:1057BC00FF7E744540F0C980D0ED0F4ADFED5B7A77
:1057CC0064EEA74A07EE903AB7EE005AF8EE677A05
:1057DC0084EEA74AB4EEC54AF1EE10FA35FE044A3F
:1057EC0035EE445A65EE855AF5EEC05AF1EE10FAD4
:1057FC0040F28C80B0F86A30002B40F0A180B7EEFC
:10580C00005A90F86830022B00F0A980012B00F0B0
:10581C00DB8090F86C309FED494A07EE903AF8EE39
:10582C00677AC7EE844A67EE247A66EEA46A67EE5E
:10583C00867A66EE866A67EE807A66EE806A87EE16
:10584C00857AC6EE857AB0F8783027EE257A67EE41
:10585C00A57A002B40F0A18090ED0C6AD0ED0B6A7C
:10586C0077EE867A37EE267AF8FE676AFDEEE66A00
:10587C00B8FE476ABDEEC66A16EE903A16EE104AAE
:10588C001BB20C80138006EE903AB1F900C0F8EE12
:10589C00E66A06EE10CABCF17F0FB8EEC66A77EE68
:1058AC00E67A37EE467AC0ED0C7A80ED0B7A54DC52
:1058BC00B1F900306FF07E008342B8BF03460B8015
:1058CC00B2F900307F2B45DC13F17F0F43DA4FF632
:1058DC008173138010BD8379002B7FF44AAE0023B3
:1058EC000363C36270479FED127AF4EEC77AF1EE50
:1058FC0010FA0FD90023DFED0F6A6BE6F0EEE65AD3
:10590C00F4EEE57AF1EE10FA7FF7B4AE0023036300
:10591C00C36210BDB0EE666A7BE6F0EE466A62E6E4
:10592C00000048430000FE420000FEC200007A4422
:10593C000000484200001643589100200000C84265
:10594C0007EE903AB8EEE75A5BE707EE904AF8EEAE
:10595C00674A37E77F23138010BD7F23AFE7DCF85E
:10596C0000C0436BB0F872E0ACEB03037345B1D3EA
:10597C0090F874305FED0F4A05EE103AC0F834C061
:10598C00B8EE455AC5EE247A27EE277A66EEA77A4A
:10599C0027EE067A67EE867A55E727EEA76A06EEBB
:1059AC00903AF8EE666AA7EE076AF1EEC65AF4EE84
:1059BC00E65AF1EE10FA7FF74FAF86EEA56A27EEA6
:1059CC00067A67EE867A47E766EEA67AB0F870300C
:1059DC00E7EE077AB1EEE74A2BB107EE903AF8EE14
:1059EC00E77A84EE274A90F86D305FED2C2A03EEAF
:1059FC00903A90F86E3003EE103AF8EE633AF7EE08
:105A0C00007AB8EE433AC3EEA24AC3EE223AB4EEA1
:105A1C00E74AF1EE10FA77FE847A33EEE44AE4EECC
:105A2C00274A00E7F0EE454A80E600BF8B795A1E04
:105A3C00022A28BF042380F86830CB79032B28BFB7
:105A4C00002380F869300B89092B78D9B3F57A7F5C
:105A5C00A8BF4FF47A73A0F86A3047F230528B7AB1
:105A6C00642B28BF6423012B38BF012380F86C30D2
:105A7C00CB7A642B28BF6423012B38BF012380F819
:105A8C006D300B7B642B28BF6423012B38BF0123A3
:105A9C0080F86E30B1F80D30002B08BF6423A0F8ED
:105AAC00703091F810C0CB7B43EA0C23B3F5FA7F2E
:105ABC0028BF4FF4FA73012B38BF0123A0F87230C2
:105ACC004B7C642B28BF6423012B38BF012380F847
:105ADC0074304B8AA0F876308B8AA0F87830CB8A59
:105AEC00A0F87A300B8BA0F87C308B7E003B18BF73
:105AFC00012380F87E30CB7E003B18BF012380F859
:105B0C007F300B7F642B28BF642380F880304B7F61
:105B1C0091F81EC043EA0C23934228BF1346A0F809
:105B2C008230CB7F003B18BF012380F8843091F882
:105B3C002030642B28BF642380F8853070470A23FB
:105B4C0089E700BF08B50B46362800F2B782DFE8BC
:105B5C0010F0AB02A10297028D02830279026F0250
:105B6C0065025B02510247023D023302D201C801B9
:105B7C00BE01B401AA01A00196018C018201780139
:105B8C006E0164015A01500146013C0132012801A9
:105B9C001E0114010A010001F600EC00E200D8001D
:105BAC00CE00C400BA00B000A6009C009200880091
:105BBC007E0074006A00600056004C004200370002
:105BCC00DFF8F0C30422D1493620CCF8D8300EF0DF
:105BDC007BFD012008BDDFF8DCC30422CC49352055
:105BEC00CCF8D4300EF070FDF3E7DFF8C8C3042214
:105BFC00C8493420CCF8D0300EF066FDE9E7DFF868
:105C0C00B4C30422C4493320CCF8CC300EF05CFD74
:105C1C00DFE7DFF8A0C30422C0493220CCF8C8303B
:105C2C000EF052FDD5E7DFF88CC30422BC493120BD
:105C3C00CCF8C4300EF048FDCBE7DFF878C3042273
:105C4C00B8493020CCF8C0300EF03EFDC1E7DFF88B
:105C5C0064C30422B4492F20CCF8BC300EF034FDC0
:105C6C00B7E7DFF850C30422B0492E20CCF8B83087
:105C7C000EF02AFDADE7DFF83CC30422AC492D2021
:105C8C00CCF8B4300EF020FDA3E7DFF828C30422D3
:105C9C00A8492C20CCF8B0300EF016FD99E7DFF8AF
:105CAC0014C30422A4492B20CCF8AC300EF00CFD0C
:105CBC008FE7DFF800C30422A0492A20CCF8A830D3
:105CCC000EF002FD85E7DFF8ECC204229C49292086
:105CDC00CCF8A4300EF0F8FC7BE7DFF8D8C2042235
:105CEC0098492820CCF8A0300EF0EEFC71E7DFF8D4
:105CFC00C4C2042294492720CCF89C300EF0E4FC5A
:105D0C0067E7DFF8B0C2042290492620CCF898301F
:105D1C000EF0DAFC5DE7DFF89CC204228C492520EA
:105D2C00CCF894300EF0D0FC53E7DFF888C2042294
:105D3C0088492420CCF890300EF0C6FC49E7DFF8F7
:105D4C0074C2042284492320CCF88C300EF0BCFCA5
:105D5C003FE7DFF860C2042280492220CCF888306B
:105D6C000EF0B2FC35E7DFF84CC204227C4921204E
:105D7C00CCF884300EF0A8FC2BE7DFF838C20422F4
:105D8C0078492020CCF880300EF09EFC21E7DFF81B
:105D9C0024C2042274491F20CCF87C300EF094FCF1
:105DAC0017E7DFF810C2042270491E20CCF87830B7
:105DBC000EF08AFC0DE7DFF8FCC104226C491D20B3
:105DCC00CCF874300EF080FC03E7DFF8E8C1042255
:105DDC0068491C20CCF870300EF076FCF9E6DFF840
:105DEC00D4C1042264491B20CCF86C300EF06CFC3E
:105DFC00EFE6DFF8C0C1042260491A20CCF8683005
:105E0C000EF062FCE5E6DFF8ACC104225C49192017
:105E1C00CCF864300EF058FCDBE6DFF898C10422B5
:105E2C0058491820CCF860300EF04EFCD1E6DFF863
:105E3C0084C1042254491720CCF85C300EF044FC89
:105E4C00C7E6DFF870C1042250491620CCF8583050
:105E5C000EF03AFCBDE6DFF85CC104224C4915207B
:105E6C00CCF854300EF030FCB3E6DFF848C1042215
:105E7C0048491420CCF850300EF026FCA9E6DFF887
:105E8C0034C1042244491320CCF84C300EF01CFCD5
:105E9C009FE6DFF820C1042240491220CCF848309C
:105EAC000EF012FC95E6DFF80CC104223C491120DF
:105EBC00CCF844300EF008FC8BE6DFF8F8C0042276
:105ECC0038491020CCF840300EF0FEFB81E6DFF8AC
:105EDC00E4C0042234490F20CCF83C300EF0F4FB23
:105EEC0077E6DFF8D0C0042230490E20CCF83830E9
:105EFC000EF0EAFB6DE6DFF8BCC004222C490D2045
:105F0C00CCF834300EF0E0FB63E600BF650B00000C
:105F1C00E10B00005D0C0000D90C0000550D0000D9
:105F2C00D10D00004D0E0000C90E0000450F000001
:105F3C00C10F00003D100000B91000003511000029
:105F4C00B11100002D120000A91200002513000051
:105F5C00A11300001D140000991400001515000079
:105F6C00911500000D1600008916000005170000A1
:105F7C0081170000FD17000079180000F5180000CB
:105F8C0071190000ED190000691A0000E51A0000F3
:105F9C00611B0000DD1B0000591C0000D51C00001B
:105FAC00511D0000CD1D0000491E0000C51E000043
:105FBC00411F0000B4890020DFF838C10422404999
:105FCC000C20CCF830300EF07FFB02E6DFF824C159
:105FDC0004223C490B20CCF82C300EF075FBF8E574
:105FEC00DFF810C1042238490A20CCF828300EF012
:105FFC006BFBEEE5DFF8FCC0042234490920CCF839
:10600C0024300EF061FBE4E5DFF8E8C004223049EF
:10601C000820CCF820300EF057FBDAE5DFF8D4C0BE
:10602C0004222C490720CCF81C300EF04DFBD0E597
:10603C00DFF8C0C0042228490620CCF818300EF036
:10604C0043FBC6E5DFF8ACC0042224490520CCF89C
:10605C0014300EF039FBBCE50422DFF898C020495F
:10606C001046CCF810300EF02FFBB2E5DFF884C0F0
:10607C0004221C490320CCF80C300EF025FBA8E5BB
:10608C00DFF870C0042218490220CCF808300EF05A
:10609C001BFB9EE5DFF85CC0042214490120CCF800
:1060AC0004300EF011FB94E5DFF848C004221049CF
:1060BC000020CCF800300EF007FB8AE5002008BD6C
:1060CC00BD1F000039200000B52000003121000068
:1060DC00AD21000029220000A52200002123000090
:1060EC009D230000192400009524000011250000B8
:1060FC008D250000B48900202DE9F0410E4615468F
:10610C000446022130460EF07DF8022128460EF09E
:10611C0079F8234B3201234953F8028003EB061222
:10612C00D76803EB0512C4F80080A760D2F80CC046
:10613C002A0153F802E000231B4A6361C4F80CC027
:10614C001A4B48681268C4F804E0A3FB02324FF4FF
:10615C00FA63920C03FB02F24B681B1A9A42FBD8AF
:10616C00D8F800302146DEF8002030461F4214BF1C
:10617C00012300231CEA020F43F0020218BF13464E
:10618C002374FFF7DFFC0346214628462376FFF7EE
:10619C00D9FC227E831820462376BDE8F08100BF0F
:1061AC001C1E0020001000E0FC28002083DE1B4396
:1061BC00022110B5044608460EF024F802210520F1
:1061CC000EF020F802200EF00BF80346052084F8A0
:1061DC0020300EF005F8002302460548636284F86F
:1061EC002120E362A386BDE810400DF0CBBB00BFBD
:1061FC00F0290020A94AAA4930B5137E83B0044681
:10620C000D68012B40F2B48072B6536962B6002B54
:10621C001846B8BFD81C80101AD072B6D3F1000C37
:10622C0003F003010CF0030C58BFCCF100015161D9
:10623C0062B6226862B1B3F5007F06DA13F5007F0F
:10624C0040F32081404240B201E06FF07E00904765
:10625C00944A137E012B51D972B6536962B6002B46
:10626C001846B8BFD81C80101AD072B6D3F1000CE7
:10627C0003F003010CF0030C58BFCCF10001516189
:10628C0062B6626862B1B3F5007F06DA13F5007F7F
:10629C0040F3FA80404240B201E06FF07E0090473C
:1062AC0002200DF09DFF94F82030834203D0636AE6
:1062BC00EB1A312B18D805200DF092FF94F82130F1
:1062CC0083420FD0E36AEB1A312B0BD9E56200281D
:1062DC0040F0A48001232563E56184F835302376F2
:1062EC0084F8210003B030BD656200287CD1012305
:1062FC00A56284F8343084F82000DCE772B6D2E969
:10630C0000130968186893681942137C14BF0121A3
:10631C00002103F0030343EA8103D168084243F0F0
:10632C00080118BF0B469808591E536910740D29A3
:10633C0094D801A050F821F05743000051430000BD
:10634C0063430000514300004D4100005D430000D9
:10635C0057430000574300005D4300004D410000CF
:10636C0051430000634300005143000057430000B9
:10637C0072B6D2E900130968186893681942137C45
:10638C0014BF0121002103F0030343EA8103D16808
:10639C00084243F0080118BF0B469808591E536970
:1063AC0010740D293FF632AF01A050F821F000BF58
:1063BC004B430000454300006F4300004543000081
:1063CC00FD400000694300004B4300004B430000BC
:1063DC0069430000FD400000454300006F4300008E
:1063EC00454300004B43000094F83430002B82D01E
:1063FC000022A36A84F83420EB1A40F2DB52934259
:10640C0044D8294B1B78002B7FF475AFA368002B65
:10641C003FF471AF0190984701986CE7002394F812
:10642C0035202376002A3FF45BAF1F4A84F83530C1
:10643C001378002B7FF454AF226B40F2DB53AD1A70
:10644C009D4227D96369002B3FF44AAF01909847CE
:10645C00019845E7013B5361D8E601335361D5E61A
:10646C00013B5361FAE601335361F7E6023B53619A
:10647C00F4E602335361F1E6023B5361C6E60233A4
:10648C005361C3E67F20E2E67F2008E7E368002B38
:10649C00C0D130E72369002BD8D121E7F087002049
:1064AC00589100200C8800202A31002010B50121C1
:1064BC000A200DF0A7FE01210A200DF06FFE01212C
:1064CC0025200DF09FFE012125200DF067FE0121F6
:1064DC0007200DF097FE012107200DF05FFE002331
:1064EC004FF48C72F02116480DF012F8012114486B
:1064FC000CF0A4FF002112480BF062FB10480022A4
:10650C004FF0FF3304460321C27643610CF060F870
:10651C000C4B03220C49204623610DF001FA204656
:10652C0002210CF055F8094B20460D220849236135
:10653C000DF0F6F90748BDE810400DF023BA00BF86
:10654C00609100203C005A00E80900203C007D00CE
:10655C00EC090020F029002010B5012122200DF0BB
:10656C0051FE012122200DF019FE00234FF48C72F4
:10657C00F02116480CF0CCFF012114480CF05EFF02
:10658C00002112480BF01CFB104800226FF0F8237E
:10659C0004460321C27643610CF01AF80C4B03221B
:1065AC000C49204623610DF0BBF9204602210CF06A
:1065BC000FF8094B20460B22084923610DF0B0F966
:1065CC000748BDE810400DF0DDB900BFE491002094
:1065DC003C005A00E809002054007D00FC09002012
:1065EC00F0290020034608461146062B14D90D2B22
:1065FC000AD90E3B00B583B0062B43D8DFE803F075
:10660C004038362B1F1B1300DFF8BCC0073B204A59
:10661C003CF9133011F046BADFF8B0C01C4A3CF913
:10662C00133011F03FBA1B4B1B4A1B6803B05DF8CB
:10663C0004EB11F037BA194B194A1B78F6E7194BD2
:10664C0093ED007A184AB7EEC77A8DED007B11F006
:10665C0029FA03B000BD154B154A93ED007AB7EE3D
:10666C00C77A8DED007B11F01DFAF2E7114BE7E7CD
:10667C00114B124A1B8803B05DF804EB11F012BAEF
:10668C000F4BF6E70F4A03B05DF804EB11F00ABAB2
:10669C00080A0020542E00203C0A0020293100203A
:1066AC00340A0020442E00201C0A00206490002094
:1066BC00280A00204C2E002080920020140A002072
:1066CC007E920020440A00207890002068900020E0
:1066DC00374A43B2C1EB01112DE9F041064692F95C
:1066EC0000004C0086B0984204F1180254D0314B93
:1066FC00B3F900309E4207D0062E51D90D2E53D837
:10670C004FF6A041002302E000214FF6FF73002753
:10671C00294D01931E2361F30F07284600934FF474
:10672C008C7361F31F4700210CF030FA02212846CC
:10673C006F610BF04DFF214B042204F11F0853F83D
:10674C0026702A82A5F812803FB1384611F040FD20
:10675C003946024628460DF0E3F802A930460E22CF
:10676C00FFF740FF982302A8A5F812802B8211F0A6
:10677C002FFD42F20415024602A90F480DF0D0F885
:10678C004FF48C7304F1350200210B4800950CF08A
:10679C0081F906B0BDE8F08100214FF4FC63B6E747
:1067AC0040F25F410023B2E74FF6FF710023AEE7E2
:1067BC00273100207C92002060910020B012002034
:1067CC002DE9F04F2DED048B8FB0002800F01582D1
:1067DC0040F25F42924BDFF894820292B3F800A031
:1067EC00904A0492029B0026002063F30F0663F389
:1067FC001F46049B9F1E03F10C04394631F9023FDE
:10680C005A4212B233EA230328BF13469842B8BF48
:10681C0018468C42F2D1642840F38082C82840F399
:10682C00F781B0F5967F40F392829FED7F8A4FF00F
:10683C00FA0B4FF4FA797D4C0021162520460BF00B
:10684C00BFF900220F2320461146CDE900534FF427
:10685C008C730CF09BF9022120460BF0B9FE744BA3
:10686C00414607222046666123610DF059F8714BB1
:10687C00012120464FF0CC0863610BF0A9FE6E4A53
:10688C004B46142109A8126841F6C30600926B4AC4
:10689C0011F008F909A811F09BFC082140F215131E
:1068AC000246618200EB40012046A3EB410309A99B
:1068BC0023820DF035F840F641032A461C21204670
:1068CC00CDE90083FA230CF061F944F208237C2211
:1068DC001C2120460093FA230CF0DCF8FA23492201
:1068EC001C21204600960CF0D5F8FA23AF221C216F
:1068FC00204600960CF0CEF842F204132A461C21D6
:10690C0000932046FA230CF0C5F8BAF1000F04D01E
:10691C00494A1268524500F20882012143480BF0A3
:10692C0057FE474B474A0721636107A84B46002592
:10693C0011F0B8F84FF4B01307A89FED439A2361F8
:10694C0011F046FC07A9024638484FF001080CF03C
:10695C00E7FF5B463B4A072107A8DFED3C9A11F0A5
:10696C00A1F84FF48A0307A8DFED398A236111F0EF
:10697C002FFC07A902462D482E460CF0D1FF354BB3
:10698C0002223549294823610CF0CAFF5B46334A81
:10699C00072107A811F086F84FF42B0307A84FF036
:1069AC001C0B236111F014FC07A902461F480CF0C4
:1069BC00B7FF4B46294A072107A84FF07C0911F075
:1069CC0071F84FF45A0307A8236111F001FC07A9D1
:1069DC00024616480CF0A4FF214B01222149134812
:1069EC0023610CF09DFF144B14211F4A09A81B684E
:1069FC0011F058F809A811F0EBFBE423024609A9A1
:106A0C00638200EB400309485B00C3F58B73238260
:106A1C000CF086FF05480BF0A3FF05973FE000BF85
:106A2C007E920020689000200000FA43E491002040
:106A3C000900030018C618C6542E0020580A00205E
:106A4C0010841084680A0020000000000000CC4272
:106A5C000000F842040078006C0A0020700A002044
:106A6C001C00E400740A0020780A0020480A002068
:106A7C00E12C05F11C03A8BFE1241BB227B2B8F12D
:106A8C00000F00F0958002354FF0000846F100062B
:106A9C00A5F1FC02324300F0D780B9469B46AF4BC0
:106AAC00FA221C680023A4FB050110F08DF8504558
:106ABC00C0F0B580844240F2B280A0EB0A00A4EB97
:106ACC000A04B1EE086A049907EE900AB8EE677AE8
:106ADC0007EE904AF8EE677AC7EE276A66EE867A7A
:106AEC00BDEEE77A17EE102A052A1346A8BF052338
:106AFC0031F9130007EE103A01EB4303B8EEC77AF5
:106B0C0005EE100AB3F90210B8EEC55A04EE901A4D
:106B1C0077EEC77AF8EEE44A002A40F0838074EEF0
:106B2C00C53AB3F90430B6EE007A05EE903AF8EEB9
:106B3C00E55A75EEC55A65EE875A67EEA76AB0EE50
:106B4C00086AF0EE002A27EEA64A26EE866AB7EE11
:106B5C00002AB0EE447AB0EE463AA4EE626AA6EE93
:106B6C00E27A94EE223A74EE666A37EE277A73EE86
:106B7C00027A27EE237AA5EE277AA4EE867AA6EE81
:106B8C00A57A27EE297AC7EE087A78EEE77AFDEE39
:106B9C00E77A17EE903A1CB2152C3FF769AF16271F
:106BAC0005F11C033C461BB2B8F1000F7FF46BAF30
:106BBC00029909F1FF326A480191611E12B20393E6
:106BCC0009B20134009159460AF0FAFE4A4664486B
:106BDC0024B2DDE90213CDE9007159460AF0F0FE4A
:106BEC00029809F10102039B594612B2CDE900400B
:106BFC005B480AF0E5FE039B45E74FF6A042594B74
:106C0C00DFF880810292584AB3F800A00492E9E5BB
:106C1C009FED568A4FF0640B4FF0C8090BE6B0EEAF
:106C2C00497AB0E733F9021CB6EE007A042A03EE77
:106C3C00901AF8EEE33A74EEE33A63EE873A7FF794
:106C4C0070AF74EEC55A78E745484446059F0BF083
:106C5C0045FD9FED479ADFED478A474D4CE01918EB
:106C6C0041F10001A5FB016C2CF0010606EB5C0662
:106C7C00891B5B1AA3FB053660F10001580805FB64
:106C8C00016340EAC3705044FA210023A0FB0101C8
:106C9C000FF09AFF1C2140F21512084403B280B287
:106CAC001B2B03DD9042A8BF104601B237F9023FFF
:106CBC004FF6FF722A4807EE103A00920423B8EE02
:106CCC00C77A27EE097AC7EE087A78EEE77AFDEEF6
:106CDC00E77A17EE902A12B2E12AA8BFE122162A0F
:106CEC00B8BF16220BF086F918F1010844F1000424
:106CFC00A8F1070323430CD0184B1A68A2EB0A0324
:106D0C005245A3FB0830AAD80AB91C21CEE750463D
:106D1C00BAE70FB0BDEC048BBDE8F08F9FED178A7E
:106D2C004FF0320B4FF0640985E5FA200023AAFBE3
:106D3C0000010FF049FF00F11C0147F6EF3043460C
:106D4C002A4609B2009020460BF02AFEE5E59FED9D
:106D5C000C8A4FF0960B4FF496796CE5542E00206C
:106D6C00E49100208092002078900020000048439D
:106D7C000000CC420000F842ABAAAAAA0000C8420C
:106D8C0000009643500A00202DE9F04F844C8FB040
:106D9C0000214FF00F0820464FF0FF350AF010FF8E
:106DAC00002216214FF48C73204607AE05AF4FF02E
:106DBC001B09CDE9001811460BF0E8FE0221204614
:106DCC000BF006FC774B072277492046C4E90435C3
:106DDC000CF0A6FD754B0121204663610BF0F8FB0E
:106DEC00734B10227349204623610CF099FD724BB2
:106DFC00724AADF818500025059293E8070086E812
:106E0C000700012120460BF0E3FB5C23162229B27C
:106E1C002046CDE900980BF0B9FE37F8021B002391
:106E2C00AA1C4FF01F0C56F804AB61F30F0322821F
:106E3C005046A4F812C061F31F436361BAF1000F0E
:106E4C0006D011F0C5F95146024620460CF068FDFB
:106E5C005D3540F21713ADB29D42D6D1584B00268A
:106E6C00DFF874B14FF01B09DFF870A1039306EB48
:106E7C00460516F0010F40F641084FF05C0305EB98
:106E8C00C50518BF4FF000080021454805F1310732
:106E9C00CDF80090CDF804803A353FB23A460BF06D
:106EAC0075FE484B484A4FF6FF711B78107840F23C
:106EBC005F42C3EBC30365823344DBB2834208BF3A
:106ECC000A4600230E210AA862F30F0362F31F4344
:106EDC003E4A63613BF9023F00930223238233460F
:106EEC0010F0E0FD0AA811F073F90AA902462C482B
:106EFC000CF016FD5C233A465D212948CDE900983B
:106F0C000BF044FE3AF9023F65820E2100930AA869
:106F1C002F4B304A63615F232382334610F0C2FD4E
:106F2C000AA811F055F90AA902461D480CF0F8FC04
:106F3C003A465D23BA211A48CDF80480CDF800906A
:106F4C000BF024FE4FF0FF3306F10E000E226361AE
:106F5C00BC23C0B20AA965822382FFF743FB039BC3
:106F6C0053F8045F03933DB1284611F031F92946DB
:106F7C0002460B480CF0D4FC3A2109480BF08EFA6F
:106F8C0001360AA811F024F90AA9024604480CF0AB
:106F9C00C7FC072E7FF46BAF0FB0BDE8F08F00BFBE
:106FAC00E491002009000300F40A002018C618C65A
:106FBC0078000800800A0020600900205F04A0FC13
:106FCC00E4120020A99200207C920020940A002058
:106FDC00A0FCA0FCA00A0020669000207690002067
:106FEC00DFF884C0034608461146DCF80820042B61
:106FFC0000B58BB0DCF814E00592DCF80C20CDF871
:10700C0020E00692DCF810200792DCF81820099298
:10701C001CD803EB830C104A0DEB830302EB8C02A0
:10702C0093ED057A1369B7EEC77A1A783AB10B4A21
:10703C0002938DED007B10F035FD0BB000BD084ABE
:10704C008DED007B10F02EFD0BB000BD054A0BB092
:10705C005DF804EB10F026BDA0110020B40A00204E
:10706C00AC0A0020440A0020048F0020C1EB01115F
:10707C0004282DE9F0414FEA410486B004F11802CE
:10708C0012B257D8334943B2064691F900109942CF
:10709C004CD0314BB3F90030984257D040F2FF71CD
:1070AC00002300272D4D01931E2361F30F07284663
:1070BC0000934FF48C7361F31F4700210BF066FDB6
:1070CC00022128466F610BF083FA254B042204F150
:1070DC001F0853F826702A82A5F812803FB1384653
:1070EC0011F076F83946024628460CF019FC02A934
:1070FC0030460E22FFF774FF982302A8A5F81280E1
:10710C002B8211F065F842F20415024602A91348CD
:10711C000CF006FC4FF48C7304F1350200210F487F
:10712C0000950BF0B7FC06B0BDE8F08100214FF4E0
:10713C00FC63B6E700211E204FF48C73CDE90001EF
:10714C0006480BF023FD06B0BDE8F08100214FF698
:10715C00FF73A6E7273100207C920020609100206D
:10716C009C120020F0B5002287B01F2118264FF486
:10717C008C733A480191114600964FF0FF340BF096
:10718C0005FD364802210525074644610BF020FA1F
:10719C00334B0322334938463B610CF0C1FB324B75
:1071AC000A22324938463B610CF0BAFB01213846C1
:1071BC007C610BF00DFA2E4B0C212E4AB3F90030EA
:1071CC000DEB01000095013310F06CFC2A4B03A869
:1071DC003B6110F0FDFF03A9024638460CF0A0FB02
:1071EC00264B274A1B6812689A421AD9254B1B88D2
:1071FC00312B20D84FF478724FF48C7317480192CE
:10720C000022009611460BF0C1FC14480221446187
:10721C000BF0DEF91C492A461C4B104803610CF09C
:10722C007FFB0024E1B201340846FFF71FFF072C57
:10723C00F8D107B0F0BD00224FF400414FF48C732D
:10724C000648CDE9006111460BF0A0FC0348022171
:10725C0044610BF0BDF907220D49DDE76091002078
:10726C0009000400D00A002041000400D40A0020C8
:10727C007C920020E00A0020DE000A0058910020D9
:10728C00B48D002074920020C80A00205500040020
:10729C00C00A0020634B1B78022B00F0A780002251
:1072AC000F2118204FF48C73F0B587B04FF0FF36D8
:1072BC005D4C0191114600905C480BF067FC5B48FB
:1072CC000221074646610BF083F9594B03225949B9
:1072DC0038463B610CF024FB574A237852F8235074
:1072EC00002B7BD140F25F420023504962F30F0325
:1072FC0062F31F43514AC1E90423284610F068FF8A
:10730C002946024649480CF00BFB484801214C4EDB
:10731C000725074646610BF05BF923780821494A9B
:10732C00A3EBC3030DEB0100128800951344464AEE
:10733C000133DBB210F0B6FB444B02A83B6110F0FA
:10734C0047FF02A9024638460CF0EAFA02213846F9
:10735C007E610BF03DF923783D4A0821013304A8E6
:10736C0010F0A0FB3B4B04A83B6110F031FF04A9CB
:10737C00024638460CF0D4FA374B384A1B68126870
:10738C009A421DD9364B1B88312B31D800224FF431
:10739C00787018214FF48C73CDE9001011462348F6
:1073AC000BF0F4FB4FF0FF332048022143610BF04C
:1073BC000FF905222B492C4B1C4803610CF0B0FA39
:1073CC0025780024C5EBC505E1B201346818C0B2BC
:1073DC00FFF77EF9072CF7D107B0F0BD012B1ED0BB
:1073EC00164BC7E90436002D8FD086E7FFF7BABEDF
:1073FC0018234FF400420D48CDE9003200224FF41F
:10740C008C7311460BF0C2FB084A4FF0FF3302217C
:10741C00104653610BF0DCF814492A46CBE74FF6C3
:10742C00A04261E728310020A99200206091002041
:10743C0009000400E8090020941100204100040018
:10744C0018C618C67C920020E00A0020A2000A0090
:10745C00E80A0020DA00040058910020B48D0020C6
:10746C0074920020C80A002055000400C00A0020B5
:10747C002DE9F04F574C8FB00021574F2046DFF8C5
:10748C0078910AF09DFB00221F2116204FF48C737B
:10749C00482601911146009020460BF077FB022103
:1074AC00204600250BF094F84C4B4FF0FF300B228C
:1074BC004B49DFF848B1C4E9043020460CF030FAEF
:1074CC00484B0121204663610BF082F8464B0E229B
:1074DC004649204623610CF023FA15F0010F40F6C3
:1074EC004102BBF900004FF024030CBF11460021F0
:1074FC00A6F10E02A8425FFA85FA12B25BD02046C2
:10750C00CDE900314FF48C7300210BF03FFB40F2BE
:10751C00FF72002301212046B04662F30F0362F391
:10752C001F4363610BF054F8042359F8041B668263
:10753C000846238239B1059110F04AFE059902469E
:10754C0020460CF0EDF90E2206A950460135FFF746
:10755C0047FD822306A8A4F81280238210F038FE7F
:10756C0006A90246204624360CF0DAF997ED026A99
:10757C0097ED017A1021B7EEC66A1D4AB7EEC77AAD
:10758C000AA814378DED026B8DED007B10F08AFA92
:10759C00C323184A0AA823826261A4F8128010F04F
:1075AC0017FE0AA9024620460CF0BAF9052D94D113
:1075BC000FB0BDE8F08F242343F286112046CDE9AD
:1075CC0000314FF48C7300210BF0E0FA4FF6FF7290
:1075DC009FE700BFE4910020A011002009000300E8
:1075EC00F00A002018C618C6B4000800FC0A0020D7
:1075FC000C0B00204D6B4D6B9C1200207C920020DC
:10760C00094B1B78022B0CD0084B1B7833B1012B88
:10761C0001D0FFF7B9BB0020FFF7D2B80120FFF76C
:10762C00CFB8FFF725BF00BF28310020A99200205A
:10763C0040F2DB5398422DE9F0410E4682B035D82A
:10764C006421344B4FF48A7201FB00F43248A3FBE3
:10765C0004135B0902FB03F5984600221823CDE9BD
:10766C0000322E4BA3FB051311465F094FF48C73AC
:10767C000BF08CFA2A4B9C423CD8632D2DD8022E51
:10768C0025484FF6FF734FF0010104460CBF254D02
:10769C00254D43610AF09CFF244B062229462046C7
:1076AC00236102B0BDE8F0410CF03AB90022182079
:1076BC004FF48C7311460090019217480BF066FA48
:1076CC004FF48A734FF6802110200422CDE900017B
:1076DC00022111480BF05AFAD1E7C8EB48110F4AB6
:1076EC003BB24900A2FB01214909C90241F4FC61EA
:1076FC0089B2E9E75622A8F132013BB202FB01F153
:10770C006422B1FBF2F1C1F13F01C9B2490141F46C
:10771C007841D9E7F1197605609100201F85EB516E
:10772C00D32A01001C0B0020240B00207A00080037
:10773C00014B1888704700BF74920020014600204E
:10774C0008B50CF00FFF0120A5210CF00BFF02482F
:10775C00BDE808400CF016B9F029002000B5012056
:10776C0083B00CF0E5FDA52803D00023184603B028
:10777C0000BD00200CF0DCFD0021019001200CF07C
:10778C00F1FE019B5A1ED2B2042AEED802480CF02C
:10779C00F9F8019BEAE700BFF029002049220121FA
:1077AC004D2310B58270322490F8372043708A42F2
:1077BC000470C370017102D9002380F83730431D67
:1077CC0000F137014FF0000C13F8012F8B428CEABB
:1077DC00020CF9D10D4C382280F805C004210CF0B4
:1077EC0061FF21880A48013189B221800CF0BEF872
:1077FC0007480CF0C7F82388322B01D0012010BDAC
:10780C0003480CF0BFF8012010BD00BF749200209B
:10781C00F029002070B58EB006460EAB6C46C3F155
:10782C003C0560190CF084FD0EAB04F8010B9C4276
:10783C00F7D16C4B009A9A4240F09C809DF8043032
:10784C00012B40F097800DF105030DF13701002459
:10785C0013F8012F8B4284EA0204F9D19DF805102C
:10786C008C427CD104AA0DF11E0132F8023F03F5C3
:10787C00FA739BB2B3F57A7F7CD8D38903F5FA738C
:10788C009BB2B3F57A7F75D89142EED1BDF8322018
:10789C0040F6B8339A426DD8BDF834209A4269D874
:1078AC00DDF806309FED507A07EE903AF4EEC77A89
:1078BC00F1EE10FA5ED4F2EE0E6AF4EEE67AF1EE28
:1078CC0010FA57DCDDF82E3007EE903AF5EEC07A60
:1078DC00F1EE10FA4ED4F3EE046AF4EEE67AF1EE21
:1078EC0010FA47DCDDF80A3007EE903AF4EEC77A6E
:1078FC00F1EE10FA3ED4B2EE0E7AF4EEC77AF1EE57
:10790C0010FA37DC9DF83630053B5A2B32D8DDF8AF
:10791C000E3042F21C52A3F5FA7393422AD86D46EC
:10792C000DF1300C2C46103610350FCC644546F852
:10793C00100C46F80C1C46F8082C46F8043CF1D107
:10794C0000230A2203CD30607160012127480CF01E
:10795C0041F826480CF016F801200EB070BD00233B
:10796C00102222480CF036F80023102221461F4822
:10797C000CF030F81D4800240CF004F84FF07E5346
:10798C003222C6F812401946C6F806304D23327022
:10799C004FF00102C6F80A1073706FF07701F370A4
:1079AC000023B2801322C6F82E304FF04603C6F8DF
:1079BC001640F3864923C6F81A40C6F81E40C6F88E
:1079CC002240C6F82640C6F82A40C6F83240B173A9
:1079DC003474F2737474B37004480BF0D3FF204604
:1079EC000EB070BD324D494DCDCCCC3DF0290020B0
:1079FC0010B50021134C0422431D00F13F0CC18033
:107A0C000460027113F8012F634581EA0201F9D178
:107A1C0040220D4C417111460CF044FE21880B485C
:107A2C00013189B221800BF0A1FF08480BF0AAFFAD
:107A3C002388322B01D0012010BD04480BF0A2FF8B
:107A4C00012010BD314D494174920020F0290020D5
:107A5C00F0B591B006466C46C4F1400560190CF0C7
:107A6C0067FC10AB04F8010B9C42F7D16846FCF79D
:107A7C0003FF0746C0B16D4634460FCD0FC40FCD82
:107A8C000FC40FCD0FC495E80F0084E80F0000233E
:107A9C000A229DF8041016480BF09CFF14480BF0BA
:107AAC0071FF384611B0F0BD4FF07E534FF080425D
:107ABC001049F2604FF07D523361B361042372615F
:107ACC00736001230C4A0D4C316030627062B062FD
:107ADC00F261F3620FCCF363094B30637163B263F1
:107AEC00B36003480BF04EFF384611B0F0BD00BF39
:107AFC00F0290020314D49411A1604072C0B0020A7
:107B0C009A99993E08B531224D234FF0490C4321E7
:107B1C00027002224370431D80F802C04FF0000C2B
:107B2C00C17000F13F01027113F8012F8B428CEAF6
:107B3C00020CF9D180F805C0402280210CF0B2FD76
:107B4C00064B07481988013189B219800BF00EFFDA
:107B5C0003480BF017FF012008BD00BF74920020F2
:107B6C00F029002070B590B006466C46C4F1800533
:107B7C0060190CF0DDFB10AB04F8010B9C42F7D143
:107B8C006846FCF715FF0546E8B16C46A44610366E
:107B9C001034BCE80F0046F8043C10AB46F8100C4F
:107BAC009C4546F80C1C46F8082CEFD100230A2201
:107BBC009DF8041020480BF00DFF1F480BF0E2FE5F
:107BCC00284610B070BD31224D234FF07E51C6F8BF
:107BDC0012003270492273704323B2704FF00202CC
:107BEC00F370164BB2800022C6F806306FF07703A4
:107BFC00C6F80A101321C6F82E20B3734FF0854334
:107C0C000F4AC6F81600C6F81A00C6F81E00C6F8C9
:107C1C002200C6F82600C6F82A00C6F832003074D6
:107C2C007074F173C6F836207587F36302480BF055
:107C3C00A9FE284610B070BDF0290020CDCCCC3D5B
:107C4C004602030033224D234B214FF0000C10B59C
:107C5C004924027043700322C170431D00F1DB0103
:107C6C008470027113F8012F8B428CEA020CF9D14B
:107C7C000D4CDC2280F805C0C0210CF013FD2188CE
:107C8C000A48013189B221800BF070FE07480BF0D5
:107C9C0079FE2388322B01D0012010BD03480BF054
:107CAC0071FE012010BD00BF74920020F02900204D
:107CBC00F0B5B9B007466C4637AEC4F1C0056019D3
:107CCC000CF036FB04F8010BB442F8D1414B009A8E
:107CDC009A4248D19DF80430032B44D10DF1050391
:107CEC000DF1DB01002413F8012F8B4284EA02040E
:107CFC00F9D19DF805108C422AD19DF80B40082C27
:107D0C0031D8DDF8073007EE903AF5EEC07AF1EE97
:107D1C0010FA28D49FED307AF4EEC77AF1EE10FA0F
:107D2C0021DC6946DC2238460CF068FD00230A226F
:107D3C0003212A480BF04EFE00230A222146274835
:107D4C000BF048FE25480BF01DFE012039B0F0BDAC
:107D5C000023102221480BF03DFE00231022214667
:107D6C001E480BF037FE1D4800240BF00BFE332190
:107D7C004D231B4A397049217B704B23C7F80720D0
:107D8C004FF0010EB97007F11402FB704FF01A0C92
:107D9C004FF0030321466FF00506124DBC71FC72C7
:107DAC00BB800CFB0470A2F1140342F808EC0674BF
:107DBC00417499740533C3F80E509A42F9D10134C9
:107DCC001A32082CEDD105480BF0DCFD002039B03F
:107DDC00F0BD00BF334D494B00004842F029002054
:107DEC000000A04050003C00F0B58BB007460AAB39
:107DFC006C460DF12106C3F5127560190CF098FA5A
:107E0C0004F8010BB442F8D12E4B009A9A422FD1B0
:107E1C009DF80430052B2BD19DF805000DF10503C1
:107E2C0008AD002213F8011FAB4282EA0102F9D11E
:107E3C0090421DD19DF80630581E042B18BF012806
:107E4C0094BF0124002413D8EC46664610370CF17D
:107E5C00100C0FCEAE4247F8100C47F80C1C47F82C
:107E6C00082C47F8043CF0D19CF800303B7025E01E
:107E7C00562164233222002039704321124C3B736B
:107E8C007A704522B97028213B7703F52023FA70CC
:107E9C004FF448527C600446397245F26401C7F8CD
:107EAC000D3014237872C7F81200C7F816007883C7
:107EBC0078777981B877A7F81F207B7420460BB0B0
:107ECC00F0BD00BF5632434505000400F0B58DB03F
:107EDC0007460CAB6C460BAEC3F5047560190CF081
:107EEC0027FA04F8010BB442F8D1304B009A9A42AD
:107EFC0022D04B225423002453213A7043227B700E
:107F0C000223B97007F10C002146FA707B60202225
:107F1C00BC600FF03DFF7B1D07F12B00214613F8D1
:107F2C00012F984281EA0201F9D1797120480BF0B6
:107F3C0029FD00200DB0F0BD9DF80430022BD8D1E6
:107F4C009DF805400DF105030DF12B00002213F8EF
:107F5C00011F984282EA0102F9D19442C9D16D46BF
:107F6C0008AE2C46103710350FCCB44247F8100C25
:107F7C0047F80C1C47F8082C47F8043CF1D10023B7
:107F8C0007CD386079600221BA600A2208480BF0EC
:107F9C0021FD00230A229DF8071005480BF01AFD5D
:107FAC0003480BF0EFFC01200DB0F0BD4B545343D4
:107FBC00F0290020044B012004491B68044A03F5F6
:107FCC00FA63087013607047589100208792002064
:107FDC0064860020074A107850B1074B07491B688C
:107FEC0009685B1A002B02DB00231370704700201A
:107FFC00704700BF879200205891002064860020B3
:10800C0000220023026042608360C2600261C3618F
:10801C00C0E90533704700BF38B5054617200BF093
:10802C0059FE04460CF090F860400BF093FD65216E
:10803C0014200BF095FD024B1B681844A86038BD4A
:10804C00589100200000000008B52DED028B9FED2B
:10805C00228A224901200BF083FD07EE900AF8EEEC
:10806C00E77AC7EE888AF5EE408AF1EE10FAF0D086
:10807C001A4900200BF074FD07EE900AB0EE680A66
:10808C00F8EEE77AC7EE888A0EF092F8F8EE007AEE
:10809C0020EE270AB5EE400AF1EE10FA10D4B1EE3C
:1080AC00C08AB7EEE80A9FED0A7B20EE070BB7EE0D
:1080BC00C00B0EF075FA20EE080ABDEC028B08BD61
:1080CC000EF04EF8B0EE408AEBE700BFAFF3008045
:1080DC00182D4454FB2119400024744941420F00CF
:1080EC00514BDFED527A00B52DED048BD3F80A20FD
:1080FC0083B0D3F82E1007EE102A08EE101AB4EE47
:10810C00E77AF1EE10FA4BDBB4EEE78AF1EE10FAF7
:10811C0064DADFED477A9FED477AF4EEC87A464A87
:10812C00F1EE10FA77FE887AC7EE278A93F836308C
:10813C00D2ED007A08EE103A9FED409A4048B8EE26
:10814C00488A68EE277AC7EE899AFFF77DFFF1EE31
:10815C00047AA0EE298AB4EEE78AF1EE10FA38D44C
:10816C00DFED387AB7EE007AB4EEE78AF1EE10FA6A
:10817C0077FE886AC6EE897A37EE677A68EEA77A58
:10818C00314A68EE878A314BFCEEE77AFCEEE88ADE
:10819C00C2ED007AC3ED008A03B0BDEC048B00BDC8
:1081AC00DFED237AB4EEE78AF1EE10FA03D5224A1A
:1081BC00DFED278ABAE7F3EE047A9FED1E7A1E4AAA
:1081CC00B4EEE78AF1EE10FA77FE887AC7EE278ACA
:1081DC00ACE79FED207ADFED207ACFE7164A9FEDD2
:1081EC00177AD2ED007A164868EE277A0192C7EE1C
:1081FC00878AFFF729FFDFED0E7A019A0A4BA0EE72
:10820C00288AB4EEE78AF1EE10FAD1D4F3EE047AB0
:10821C009FED087AB4EEE78AF1EE10FA77FE887AD1
:10822C00C7EE278A82E700BF448F00206F12833A83
:10823C00CDCCCC3D00247449642A00200000C842F7
:10824C00308800200000BE42C88500205C860020DB
:10825C008096184B3333733FCDCC4C3D10B5044650
:10826C002DED028BFFF7F0FE2046F0EE408AFFF773
:10827C00EBFEB0EE408A2046FFF7E6FE28EE088AB9
:10828C00A8EEA88AA0EE008AB0EE480ABDEC028BDC
:10829C0010BD00BF2DE9F04F2DED028B83B01C46B5
:1082AC00BDF93850BDF93C30BDF84070AB46BDF857
:1082BC00446099462B4347EA06051D43ADB235B9D8
:1082CC00DFED737AB4EEE70AF1EE10FA2DD4DFF895
:1082DC00D8818A4681680346D8F80050A94240F2FA
:1082EC009A8042EA040109B241BB1AF0010125D17E
:1082FC0099829FED687A0021F0EE476A08460244A5
:10830C00C3ED036A83ED047A47F6FF7321449A4266
:10831C00A8BF1A469942A8BF19465F4B9A42B8BFEC
:10832C001A469942B8BF19460C46129B1A80139BE9
:10833C001C8003B0BDEC028BBDE8F08F197D69BBCE
:10834C000121587D9D611975002800F08C80996978
:10835C00691A8F422DD807EE90BAD3ED006A9FEDC3
:10836C004F6AF8EEE77A93ED037A597D77EEA67AA9
:10837C00C7EE866A76EE876A00293DD0D969691AFC
:10838C00B14239D3FDEEE67A17EE901A08B207EE39
:10839C00900AF8EEE77A76EEE76A11E0597D11B9AA
:1083AC000121DD6159759869281A87425ED9002927
:1083BC009FD0D969691AB1429BD3DFED366A002090
:1083CC0007EE909A93ED017ADFED345AF8EEE77AE6
:1083DC0093ED046A77EE877A87EEA57A37EE067A04
:1083EC00FDEEC77A17EE901A09B207EE901AF8EE66
:1083FC00E77A37EE677A82E7FDEEE67A9FED257A2B
:10840C00002117EE900A00B207EE900AF8EEE77A18
:10841C0076EEE76A73E79FED226AB0EE087ADFED3D
:10842C00216AC0EE067A0192009067EEA67A87EE7A
:10843C00878AFFF709FE009B184620EE080A83ED99
:10844C00000AFFF701FE20EE080A009B65211420AC
:10845C0083ED010A0BF084FBD8F80010009B084454
:10846C00019A98603DE75975DD6170E707EE90BAA7
:10847C00D3ED006A9FED096AF8EEE77A93ED037A83
:10848C0077EEA67AC7EE866A76EE876A76E700BF45
:10849C006F12833A000000000180FFFF00007A4455
:1084AC000000C8420000FA4358910020B0EEC07A98
:1084BC00D0ED037AF0EE606AF4EEC77A70B5F1EEA7
:1084CC0010FA04460D4616462DED048B82B001DBE6
:1084DC009FED3A0AB0EEE67AF4EEC77AF1EE10FAB6
:1084EC0001DBDFED366AB7EE006AD4ED025A344A8E
:1084FC00344B76EE657A92ED007A94ED048A93ED26
:10850C00005A27EE877AD4ED060A67EE857AA5EE37
:10851C00807AE5EEA67A28EE070A82ED007A28EE3C
:10852C00278AC3ED007AB5EEC00AF1EE10FA3EDBF5
:10853C00F0EE468AB0EEC00ACDED010A0DF0A4FEB5
:10854C00B5EEC08A60EE288ADDED010AF1EE10FA74
:10855C0030DBB7EE009AB0EEC80A0DF095FED4ED04
:10856C00057A20EE090AF4EEE87AF1EE10FA07D457
:10857C00F1EE677AF4EEE87AF1EE10FA77FEA87A6B
:10858C00C5ED007AD4ED057AF4EEC07AF1EE10FA6E
:10859C0007D4F1EE677AF4EEC07AF1EE10FA77FEBA
:1085AC00807AC6ED007A02B0BDEC048B70BDFFEE94
:1085BC00008ABFE7BFEE009ACDE700BF00000000C5
:1085CC00DC850020E085002000220B490B480023AD
:1085DC0010B40A600A4C0B49226002600A600A4A15
:1085EC000A4C13800A480B490B4A23700370137012
:1085FC000B6010BC704700BFE0850020BC810020E0
:10860C00DC850020C081002076920020969200200C
:10861C0086920020BC8600208C9200202DE9F04F21
:10862C00A14E87B0A14A337817681BB1A04B1B68C9
:10863C009F4258D29F4B04AD9F4CD3F8282C002A54
:10864C0000F0208129469D48FCF7CCFC002840F026
:10865C00938026889A4A9B4BB6B211881B78B142FC
:10866C009949DBB203D10878984200F08280974C8C
:10867C0002A80B7003A923686FF02E071680013334
:10868C00DFF864922360F9F701FE91494FF0000E78
:10869C00904AF024904BA7EB090791ED000A4FF09C
:1086AC00010CD2ED000A714693F8008007E00EF140
:1086BC00010E0134BEF1070FE4B200F0C38028FABA
:1086CC000EF3DA07F3D5854A02F11005D31912F827
:1086DC00010F0CFA03F30B439BB2A04208BF1946DF
:1086EC009542F3D1E3E77E4B04AD4FF0000A03A8AB
:1086FC001C782946784B4FF0010886F800A01C70B6
:10870C00F9F7C4FD724B6FF02E0CDFF8DC91F02101
:10871C0093ED000A50466F4BACEB090CD3ED000AFD
:10872C0007E00AF1010A0131BAF1070FC9B200F0F2
:10873C00978024FA0AF3DB07F3D5684A02F1100E8E
:10874C0002EB0C0312F801BF08FA03F303439BB2CC
:10875C008B4508BF18469645F2D1E2E72388DDED3C
:10876C00031A18439DED021A99F82C1080B2FCF7ED
:10877C008BFD07B0BDE8F08F5A4A5B481368013394
:10878C0013605A4ABDF91230116807EE903A0B4447
:10879C006946B8EEE70A136001AABDF9143000EE81
:1087AC00903A0023F8EEE00A00930193FFF77EFE67
:1087BC009DF810304A4A03F01F0313709DF91620E0
:1087CC00002A68DD20253C37394A357017601D4377
:1087DC0041499DED000A4FF000083D4A6FF02E060E
:1087EC00DDED010A02A83B4B0127DFF8FC900D7070
:1087FC0003A982ED000AA6EB0906C3ED000AF9F7FE
:10880C0045FD4FF0F00C404608E008F101080CF172
:10881C00010CB8F1070F5FFA8CFC9FD025FA08F316
:10882C00DB07F2D52D4A02F1100E931912F8011F35
:10883C0007FA03F303439BB2614508BF1846724520
:10884C00F3D1E2E746EA0100DDED031A9DED021AD1
:10885C0099F82C1080B2FCF717FD07B0BDE8F08F2B
:10886C00154CDDED041A23889DED031A184399F875
:10887C002C1080B2FCF708FD0E4BD3F8282C002AE4
:10888C007FF4E0AED3F8C83C002B7FF4DBAE0D4A8E
:10889C0023801370D6E605D040253C37044A35704A
:1088AC00176094E7357892E7869200205891002063
:1088BC00BC860020A065002076920020A0450020F8
:1088CC007A92002091920020A092002050880020E3
:1088DC00BC810020C081002096920020338F0020A4
:1088EC008C92002058860020048F00205486002093
:1088FC00002210491048002310B4104C0A60104993
:10890C002260104C0A6002600F4A10482370104914
:10891C00104C13800370104A10480B6023701049E0
:10892C00104C1060104B114A0C6011481A6010BCAE
:10893C000BF028B8E0850020BC810020DC850020ED
:10894C00C081002096920020769200208692002012
:10895C00BC8600208C920020B8810020048F00205F
:10896C00C8870020F5010000D88700208102000094
:10897C00F029002038B51B4B1A78E2B11A490023B4
:10898C0008681A4A1A4C1B491B4D236008601B4C83
:10899C001B492B70D2F80A00D2F806C0194AC4F849
:1089AC0000C0086001211360174C1848184A236056
:1089BC000370117038BD172001250BF08BF904469C
:1089CC000BF0C2FB60400BF0C5F8652114200BF0D6
:1089DC00C7F805490F4A0C68024B20441D70906083
:1089EC00CDE700BF9092002058910020448F0020CA
:1089FC00B48600204C8600208B920020602A002038
:108A0C00642A00205C890020588900209292002062
:108A1C00243100203088002000B587B0FFF7AAFF72
:108A2C000023142101A80593CDE90133CDE90333CB
:108A3C008DF805100CF01EFE07B000BDDFF838C332
:108A4C009CF80020002A00F0728102F0FF03002243
:108A5C00912B8CF8002000F26A81802B30B593B0FA
:108A6C0015D9813B102B69D8DFE813F0FA00D70039
:108A7C0068006800680068006800680068006800AA
:108A8C0068006800680068006800D0008600022B4F
:108A9C000C46054600F00181102B51D0012B4DD115
:108AAC000421A94BA9480DF10E02ADF80C1003F1ED
:108ABC003001029018681033103242F8100C8B42BF
:108ACC0053F80C0C42F80C0C53F8080C42F8080C38
:108ADC0053F8040C42F8040CECD15868D3F800C0DD
:108AEC0019890DF10D0350600DF14700C2F800C05B
:108AFC001181002213F8011F984282EA0102F9D178
:108B0C0002A88DF80D20FBF7B7FE002800F01081AD
:108B1C000DF1080CAE46BCE80F00AEE80F00BCE847
:108B2C000F00AEE80F00BCE80F00AEE80F009CE8A9
:108B3C000F008EE80F002846FEF75AFF13B030BD29
:108B4C00834B9878831E012BF8D8824B01901870B8
:108B5C00FEF7F4FD01980328F0D1FFF70BFF00227C
:108B6C00142102A802928DF80910CDE90322CDE957
:108B7C0005220CF07FFDE1E79121754B764A597087
:108B8C0076491288DFF8F4C1754892B2D1F8284CB6
:108B9C00DCF800E00068002C00F0CE804FF0010CF7
:108BAC007049C3F806E091F800E000216CF307016E
:108BBC00DFF8CCC19CF894C36CF30F21DFF8C4C16F
:108BCC0062F31741120ADCF800C062F31F61002245
:108BDC00C3F80FC0C3F802106EF307025D494FEAE9
:108BEC00102E097883F80EE061F30F225E490968B4
:108BFC00003918BF012161F317425C4960F31F6211
:108C0C000968C3F80A20C3F8131097E7514A90215A
:108C1C004F4B127859709A7090E74D484FF0820C78
:108C2C008B1D3631821C80F801C01868103353F844
:108C3C000CEC1032044653F808CC53F8040C8B425D
:108C4C0042F8104C42F80CEC42F808CC42F8040CF8
:108C5C00EBD118685968106051601B8913816DE75E
:108C6C003B494FF0810C831D36308A1C81F801C0C2
:108C7C001968103353F80CEC10320C4653F808CC2E
:108C8C0053F8041C834242F8104C42F80CEC42F8A6
:108C9C0008CC42F8041CEBD1DBE72B4A0DF10E019A
:108CAC003348ADF80C3002F13003029010681032EA
:108CBC00103141F8100C9A4252F80C0C41F80C0C83
:108CCC0052F8080C41F8080C52F8040C41F8040C4A
:108CDC00ECD11368506812890B600DF10D034860DC
:108CEC000DF147000A81002213F8011F834282EA2A
:108CFC000102F9D102A88DF80D20FBF759FEB8B18D
:108D0C0002ADA446AE460CF1100C1035BEE80F00B7
:108D1C004CF8043C12AB4CF8100C9E454CF80C1C57
:108D2C004CF8082CEED12046FEF7ECFE06E7704717
:108D3C0010480AF027FE01E7D1F8C81CB1EB040C6F
:108D4C0018BF4FF0010C2BE7DE8D0020314D49414F
:108D5C00DC8D00202831002076920020A0650020B8
:108D6C005088002085920020B88100205486002075
:108D7C00314D4943F0290020A59200206089002044
:108D8C00A0750020588600202DE9F04FC34C93B0FD
:108D9C0006462378002B00F06881C14BC14F1A683E
:108DAC00D7F82E30DFEDC07A07EE103A3568B4EE06
:108DBC00E77AF1EE10FA0ED497F83940012304F05B
:108DCC001F0403FA04F415EA040140F09F80B7482D
:108DDC000170B7490B7034893560A4F5004475896E
:108DEC0084EAE473A5F50045A3EBE473B3F5486F8F
:108DFC0007DC85EAE573A3EBE573B3F5486F40F345
:108E0C00A980AC4B1B78002B00F0B180DFF8C0C2FE
:108E1C00DCF800309A4200F02181A74BDFF8BC92BD
:108E2C001B68CCF80020A2EB0308D7F80E20B7F88B
:108E3C0032C042459246B7F834E000F26981002115
:108E4C000EAB0DF1280B0A460793002C2046069515
:108E5C00B8BF04F17F00002D4FEAE010C0F21A8178
:108E6C00079B804699ED000ACDE904B30023ADF8C9
:108E7C002830ADF83830069BCDE9002143F3CF13F1
:108E8C0002B201218D48CDE902CEFFF703FA069A12
:108E9C00BDF93830F96BA3EBE213BDF9282007EECE
:108EAC00101A874907EE903AA2EB0802F8EEE77A1F
:108EBC0067EE877AFDEEE77A17EE903A07EE902A86
:108ECC00F8EEE77A1D4467EE877AFDEEE77A17EE47
:108EDC00902AC1ED007A14447A4A13607A4A47F614
:108EEC00FF739442B8BF14469542B8BF15469C42D6
:108EFC00A8BF1C469D42A8BF1D46A4F50044A5F57D
:108F0C0000453481758113B0BDE8F08F06920BF0EB
:108F1C001BF966490123069A91F800C0BCF1000FB9
:108F2C0000F0F181DFF8BCC1DCF80010A0EB010E01
:108F3C005F490978002900F0D780644B1B687345A2
:108F4C0000F2E48000235A49CCF800000B7025EAAB
:108F5C00040540E7574800235D49037008688242C6
:108F6C007CD00A60574A1360554A1360B6E7524BDF
:108F7C0052481A60CDE90832D7F80680FFF764F83A
:108F8C004E488DED070AFFF75FF84C488DED060A49
:108F9C00FFF75AF8DDED067ADDED076A67EEA77A82
:108FAC009FED4C6A9FED4C7AE6EEA67A06EE908A1F
:108FBC00DDE90832E0EE007AE7EE866AF4EEC76A85
:108FCC00F1EE10FA07D4B2EE0E7AF4EEC76AF1EEB7
:108FDC0010FA37FE267ACDE90823404B374883ED4B
:108FEC00007A9946D7F80A80FFF72EF833488DEDB2
:108FFC00070AFFF729F831488DED060AFFF724F828
:10900C00DDED067ADDED076A67EEA77A9FED316A32
:10901C009FED317AE6EEA67A06EE908ADDE908231A
:10902C00E0EE007AE7EE866AF4EEC76AF1EE10FA2B
:10903C0007D4B2EE0E7AF4EEC76AF1EE10FA37FEF0
:10904C00267A2748DFF888C01A4980ED007A01207B
:10905C000870DCF8000090427FF4E2AE184A194B1D
:10906C0012681B6814441D4438E717200AF032FEBE
:10907C0005460BF069F868400AF06CFD6521142078
:10908C000AF06EFD064B1A681044012222700B4A3E
:10909C00906083E605F17F030693E1E69092002051
:1090AC0058910020448F00206F12833A9292002036
:1090BC00243100208B920020B486002030880020C0
:1090CC00588900205C8900200180FFFFC8850020A2
:1090DC004C8600206F12033DCDCCCC3D602A002085
:1090EC00642A0020C48500209949096871453FF61F
:1090FC002EAF0692974ACCF800001370FEF7F0FFE3
:10910C00944A1378069A002B3FF421AF254362E66C
:10911C000EAA91490AABD7F812000792C4458A6887
:10912C009B46496807C38C49386A8A891A80D1F8EA
:10913C001620079BD1F8121007C3874A528B1A804E
:10914C0000F2EE80A8EB0C03B1EE086A06EE903A42
:10915C00AAEB0C0307EE903AF8EE666A12ABF8EE47
:10916C00677A86EEA77A27EE067AFDEEC77A17EEB7
:10917C00901A05290A46A8BF052207EE902A03EB90
:10918C00420232F9203CF8EEE77A05EE103A32F959
:10919C001E3C37EE677A04EE903AB8EEC55AF8EEFC
:1091AC00E44A002900F0B98032F9223CF6EE007A4C
:1091BC00042903EE903AF8EEE33A74EEE33A63EEE8
:1091CC00A73A00F3C28032F91C3CF6EE007A05EEA9
:1091DC00903AF8EEE55A75EEC55A65EEA75A67EE69
:1091EC00076AB0EE086AF0EE002A27EE264A26EE51
:1091FC00866AB7EE002AF0EE447AB0EE463AA4EE58
:10920C00626AE6EEE27A94EE223A74EE666A77EEE1
:10921C00877A33EE027A67EEA37AE5EE077AE4EE0C
:10922C00867AE6EEA57AFDEEE77A17EE903A1AB258
:10923C00C64577D8A8EB0E03B1EE086A07EE903A54
:10924C00AAEB0E0307EE103AF8EE677A12ABB8EE03
:10925C00477AC7EE876A26EE867AFDEEC77A17EE56
:10926C00900A05280146A8BF052107EE901A03EBCA
:10927C00410131F9103CF8EEE77A05EE103A31F97C
:10928C000E3C37EE677A04EE903AB8EEC55AF8EE1B
:10929C00E44A002848D174EEC53A31F90C3CF6EE9C
:1092AC00007A05EE903AF8EEE55A75EEC55A65EE81
:1092BC00A75A67EE076AB0EE086AF0EE002A27EEAE
:1092CC00264A26EE866AB7EE002AF0EE447AB0EE15
:1092DC00463AA4EE626AE6EEE27A94EE223A74EE34
:1092EC00666A77EE877A33EE027A67EEA37AE5EE5A
:1092FC00077AE4EE867AE6EEA57AFDEEE77A17EECB
:10930C00903A19B2A1E50B70254312490B70134B1F
:10931C001860FEF7E5FE069A5DE574EEC53A52E775
:10932C00002285E7002190E531F9123CF6EE007A37
:10933C00042803EE903AF8EEE33A74EEE33A63EE67
:10934C00A73AAADD74EEC55AB3E774EEC55A46E7E0
:10935C005C86002024310020568F0020C48500201C
:10936C0030B58FB06D4807A9FBF78EFE88B96C4AF3
:10937C00127862B16B4A6C4912780C68002A00F0C2
:10938C009C806A4A1268A41A322C00F2B4800FB086
:10939C0030BD654800226649046807A8614B0C6023
:1093AC0001211A705E4B1970FFF7EEFC9DF834101A
:1093BC00002214230829029205928DF80930069296
:1093CC00079B00F2A8805B4A525C9000C2F3C0017C
:1093DC0000F0040001435008920000F0020002F07B
:1093EC000802014341EA02059908BDF820E09A08F9
:1093FC00BDF822C01C0101F0100102F020028EF415
:10940C00004E04F010048CF4004C1143C3F3001212
:10941C0002A822435C0A41EAC4119C0804F04004EF
:10942C002143DC0842EAC41229431C0904F002045B
:10943C0022431C0104F0400304F0200422430024C6
:10944C00134361F30704BDF82420142163F30F24A4
:10945C00002382F400426EF307034EF3072E6EF3E3
:10946C000F236CF317434CF3072C6CF31F634FF073
:10947C00000CCDF80E3062F3070CBDF8263042F329
:10948C00072283F4004362F30F2CBDF8282063F30A
:10949C00174C43F30723120A63F31F6CBDF82A30F1
:1094AC0062F317441B0ACDF812C063F31F64CDF8A6
:1094BC000A400CF0DFF80FB030BD1D4B40F6B83150
:1094CC001B68E31A8B427FF662AF1421102302A8AB
:1094DC000692CDE90222CDE904228DF809108DF80F
:1094EC000B300CF0C7F812490122104B0C600D49DF
:1094FC001C600A704BE7142106900190CDE9020024
:10950C00CDE9040002A88DF809100CF0B3F8054A57
:10951C00019B13703BE7154666E700BFA045002092
:10952C00A1920020A2920020589100209C8A002039
:10953C00988A00203C18002008B5144B4FF4807218
:10954C000021186012480EF023FC4FF480620021B9
:10955C0010480EF01DFC00230F4A4FF0FF0C0F4972
:10956C000F480B7080F800C00E49DFF84CC00E4855
:10957C00C1F800C0C2E900330C4A13700C4B0D4A01
:10958C001A60BDE808400AF0FDB900BF54890020FC
:10959C0054880020C48100206C8600209892002002
:1095AC0022310020C8870020F0290020939200204F
:1095BC00D88700200105000009260000014B186027
:1095CC00704700BFB4810020354B1A7810B532B10A
:1095DC00344A354912680968521A002A2ADA334B80
:1095EC001A7842B12F4A324912680968521A002A75
:1095FC0001DB00221A702F4B1A7842B1294A2E49EE
:10960C0012680968521A002A01DB00221A702B4AD0
:10961C00137873B12A49087807280AD829490968A8
:10962C0039B1DFF880C0012BDCF8004011D0022BDF
:10963C0006D010BD002224481A700AF0A3F9CEE718
:10964C00224B1B68E31A002BF3DBBDE81040F9F743
:10965C0053BA1E4B1B68E31A002BEADBD1F8073018
:10966C004FF01A0CDFED1A7A00EE103A194B1B78FA
:10967C00B4EEE70A03EB8303F1EE10FA0CFB0033B4
:10968C001944B1F8150009D418B1F8F76FFF0B4A5B
:10969C00044402230D4913700C6010BD0444F8E718
:1096AC008492002058910020688600208992002026
:1096BC00B0860020959200205086002098920020C1
:1096CC002231002054890020F0290020A48600209B
:1096DC000AD7233C9492002038B53A480024FBF773
:1096EC003BFA00250AF000FE374B38494FF6FF7263
:1096FC004FF448505C749A84A3F8402064229C7404
:10970C0083F86E205D619D611C771C629D62DD6239
:10971C001D635C639D63DD6383F842405D649D64FF
:10972C00DD641D655D659D65DD651D66C3F8764070
:10973C00C3E9194145F26401A3F86C1001F51B2132
:10974C0019671421C3E9004483F87410C3F87A40F4
:10975C001F49A3F8840083F880200122A3F87E40DF
:10976C00A3F8824040F201130C638C861948C1E9BE
:10977C000834C1E90044C1E90244C1E90444C1E927
:10978C000644C1E90A442146FCF7B6FC0422032135
:10979C001148FCF7B1FC082309220A210F4809F0F3
:1097AC009FFE2323242225210D4809F099FE0D4B01
:1097BC001D605D609C60DD601D61DC61C3E905447A
:1097CC0038BD00BFA0450020688E00200400280092
:1097DC00248E0020F08700200C880020609100204F
:1097EC00E4910020308800200AF07EBD284A9FEDCD
:1097FC00297AD2ED006A284BF4EEC76AD3ED007AD1
:10980C00F1EE10FA07D4F4EEC77AF1EE10FA12D595
:10981C009FED220A70479FED217AF4EEC77AF1EEA4
:10982C0010FAF5D4B3EE040AF4EEC07AF1EE10FAA5
:10983C0030FE270A70471A4A9FED1A7AD2ED006A59
:10984C00194867EEA67A00B5C7EE876A83B0CDEDEE
:10985C00016AFEF7F9FB104BDDED016AD3ED007ADE
:10986C009FED0E7AE0EE267AF4EEC77AF1EE10FA5E
:10987C0009D4B3EE040AF4EEC07AF1EE10FA30FE1D
:10988C00270A03B000BD9FED050A03B000BD00BF61
:10989C00442E00206F12833A64900020CDCCCC3D36
:1098AC00482E00200000C842BC8D00201C4B1B78A9
:1098BC004BBB1C4B1C4A1978B2F90030022923D03F
:1098CC00DFF878C019499CF800C0CCEBCC0CA3EBAA
:1098DC000C03184481FB00310B18C117C1EBA30119
:1098EC00134BC1EBC101401A0730A3FB0013C11A83
:1098FC0003EB51039B08C3EBC303C01A60440D4B2D
:10990C00012110801970704718440B49431D81FBCD
:10991C000301D817C0EB610000EB8000181AEEE7CA
:10992C002A310020283100207C9200209324499277
:10993C00254992242631002067666666A99200208C
:10994C000D4B9B7B9BB90D4BDFED0D7A93ED007AA4
:10995C00B4EEE77AF1EE10FA09D4C30707D5094B38
:10996C001B782BB1084B1B7813B900F0FE00704725
:10997C0040F00100704700BFA0450020649000201B
:10998C006F12833A82920020979200206B4B1B78C7
:10999C0003B170476A4A6B4B30B5117887B0B3F995
:1099AC00003002299AB220D0062A1CD9073A062A7E
:1099BC0047D8073B644931F91320DFF8C4C102448E
:1099CC00B2F5FA7FA8BF4FF4FA726245B8BF62468F
:1099DC0021F81320FEF7EEFA01235C495C4A0B7068
:1099EC00137007B030BD5B49E5E7042AF4D80DEBE2
:1099FC008305594A03EB8303DFF888E107EE900AED
:109A0C000DF1040C02EB8304B8EEE76AD4ED036AA3
:109A1C0094ED017ABEE80F00ACE80F00DEF80030E0
:109A2C00CCF800306B68D3ED007AE6EE267AF4EED3
:109A3C00C77AF1EE10FA0DD583ED007AFEF7BAFA7B
:109A4C00CAE70E3B062BC5D8DFE803F07363614809
:109A5C002D1F0D0094ED027AF4EEC77AF1EE10FA98
:109A6C0037FE277AE8E73D4B4FF0190C42F21072A3
:109A7C00196810FB0C109042A8BF1046B0F5FA7F85
:109A8C00B8BF4FF4FA701860A4E7354A4FF00503DD
:109A9C00117810FB03135F2BA8BF5F23052BB8BFF6
:109AAC000523137096E72F4B07EE900A93ED007A7F
:109ABC00F8EEE76ADFED2C7AA6EEA77AB4EEE77A39
:109ACC00F1EE10FA07D4F2EE0E7AB4EEE77AF1EE7C
:109ADC0010FA77FE877AC3ED007A7BE707EE900ADF
:109AEC00224B9FED217AF8EEE76AD3ED007AE6EE91
:109AFC00877AF5EEC07AF1EE10FA1CD4B3EE047A44
:109B0C00F4EEC77AF1EE10FA77FE277AE3E7184BFA
:109B1C00CAE7184AB2F800C04FF0050340F6B83156
:109B2C0010FB03C38B42A8BF0B4623EAE3731380DD
:109B3C0050E7114AEEE7DFED117ACCE72A3100202D
:109B4C00283100207C9200207890002026310020C3
:109B5C002B3100206890002004120020542E00208D
:109B6C0029310020442E0020CDCCCC3D6490002027
:109B7C004C2E0020809200207E92002000000000DD
:109B8C000CFEFFFF6C09002008B5144B1B78022B50
:109B9C0023D013484FF0010C124B0178DFF854E03E
:109BAC006144A3FB0123104A82F800C003F4FF7246
:109BBC0002EB53030D4AC91A82F800C00A22C1EB0A
:109BCC00C10301700A48AEF80030002309F002FF0F
:109BDC000748BDE8084009F0D5BE08BD2831002073
:109BEC00A9920020ABAAAAAA263100202B31002072
:109BFC00F02900207C920020124A08B5137883F0DB
:109C0C000103137063B1002107200AF0C7FA222068
:109C1C0000210AF0C3FA0C48BDE8084009F0B2BEB6
:109C2C00012107200AF0BAFA012122200AF0B6FA23
:109C3C0001230649064A0B7013700348BDE808401F
:109C4C0009F0A0BE2A310020F02900202631002086
:109C5C002B3100203B4B10B51A783B4C022AB4F93F
:109C6C00003027D09AB2062A1BD8384A002122F895
:109C7C001310FEF79FF9364BB4F9001001221B6844
:109C8C00344C3548C83321700360344C344B354860
:109C9C0022701A7009F06AFE3248BDE8104009F0D3
:109CAC0071BE073A062A0CD82F4A073B002122F82E
:109CBC001310DEE7042BDCD8DFE803F011151A1FB4
:109CCC000C000E3B062BD4D8DFE803F037332E2ADA
:109CDC0025211C004FF07E52244B9A61C9E7234B7F
:109CEC00234A9A60C5E74FF08042204BDA60C0E708
:109CFC004FF07E521D4B1A61BBE74FF07D521B4B50
:109D0C005A61B6E71B4B41F288321A60B1E71A4B25
:109D1C0046221A70ADE74FF07E52184B1A60A8E736
:109D2C00174B00221A60A4E74FF07E52154B1A60B5
:109D3C009FE7154B00221A809BE7144B00221A80D8
:109D4C0097E700BF283100207C920020689000200B
:109D5C005891002027310020008F00202631002050
:109D6C002B310020F029002078900020048F002057
:109D7C009A99993E542E002029310020442E00201F
:109D8C00649000204C2E0020809200207E920020B7
:109D9C0038B50E4C0E482378012B14BF0125022533
:109DAC0009F0F0FD2378AB420ED02846FDF7C6FC37
:109DBC00074809F0E7FD32200AF070F94FF0E02374
:109DCC00044AC3F80C2DFEE738BD00BF2831002033
:109DDC00F02900200400FA052DE9F047A84C90B0BA
:109DEC00A84EA94F94F80E8035683A78B8F1000F58
:109DFC0017D0002A00F035810CA9A14887F8008003
:109E0C00FBF7F0F8C0B9A14BDFF8C0821A68AA4280
:109E1C0053D198F80060002E00F0F88010B0BDE827
:109E2C00F087002AE8D09A4ACDF83A8012788DF85B
:109E3C003E8022F0010218E1BDF93420BDF9323028
:109E4C00002A934F9349B8BF5242002B91ED0E7AE2
:109E5C0092B2B8BF5B429DF8300012FA83F307EE62
:109E6C00903A3B78F8EEE77A03F0010383F00102B5
:109E7C0077EE877A0240C1ED0E7A00F0010140F0D6
:109E8C00278181F00101DFF844820B4240F0E4802D
:109E9C00814B38701D60A37B1BB140F001008DF825
:109EAC003000FFF74DFD0CA98DF830007448FBF71E
:109EBC00E3F8764B1A68AA42ABD0754F1D60A37BB2
:109ECC003978002B40F0E781744ADFED757A92ED1A
:109EDC00007AB4EEE77AF1EE10FA02D4CA0700F178
:109EEC003D81704B1A78002A40F0BF810DF1380A81
:109EFC006D4B1B788BBBDFF8D0C198F800209CF819
:109F0C000030EAB9ADF82A20ADF82C2053BB674AD3
:109F1C001688674AB2F800C01A466648CDE9003286
:109F2C00654BCDE9026C93ED000A0BAB05930DF17B
:109F3C002A03049300231A46FEF7ACF9397811E092
:109F4C005BB95E4832680068121A5D48006890423E
:109F5C0000F2EC8101238CF800300023ADF82A309C
:109F6C00ADF82C304B4B01F00102C1F3400100263F
:109F7C0018469A71D97152460DF12E01B7EE000AAE
:109F8C00ADF82E60ADF83860FBF7BAFABDF82A10C0
:109F9C00BDF82E00BDF82C200144BDF83800024459
:109FAC00ADF82A1041EA0200ADF82C2080B200284E
:109FBC003FF42FAF3878FFF7C3FCADF83A108DF8AB
:109FCC00380051462E48ADF83C208DF83E60FBF72A
:109FDC0053F8304B5B79002B3FF41BAFBDF92A10C3
:109FEC00384809F0C3FCBDF92C10364809F0BEFC0A
:109FFC0033460A222946334809F0ECFC314809F073
:10A00C00C1FC98F80060002E7FF408AF1C48FBF7E9
:10A01C0035F800283FF402AF1F4A1368EB1AB3F56A
:10A02C007A6FFFF4FBAE1A480EA9A37B1560027879
:10A03C0013481343CDF83A608DF83E608DF83830F4
:10A04C00FBF71AF833460A2204211E4809F0C2FC19
:10A05C001C4809F097FCE1E61B4B88F800201A70AD
:10A06C0016E7CDF839200F92012220460EA98DF863
:10A07C003820FBF701F8134809F084FCBCE600BF5C
:10A08C00A0450020589100208A920020A08A002030
:10A09C0088920020688E0020D487002064900020D5
:10A0AC006F12833A82920020AA9200207E920020A6
:10A0BC0080920020BC8D0020502E0020609000204B
:10A0CC00542E0020F0290020A8920020A7920020F6
:10A0DC003268814BDFF850821A60012300227F48DE
:10A0EC0088F800307E4B1A70FEF7B8F87D4BDFED28
:10A0FC007E6A93ED007ADFED7D7AA0EE267AB4EEDF
:10A10C00E77AF1EE10FA07D4F2EE0E7AB4EEE77AB3
:10A11C00F1EE10FA77FE877A754B7048C3ED007A32
:10A12C00FEF79CF8734BDFED706A93ED007ADFED70
:10A13C006F7AA0EE267AB4EEE77AF1EE10FA07D435
:10A14C00F2EE0E7AB4EEE77AF1EE10FA77FE877A39
:10A15C00694B9DF83000C3ED007A99E6069309F03F
:10A16C00F3FF664A069B1178002900F0CE81644A01
:10A17C00DFF8B0E11168A0EB010C9EF8001000298B
:10A18C0040F098805F4B1968614500F2BA8110600D
:10A19C0001215D4A8EF8001092F800901170FFF7C3
:10A1AC0025FB5A49DFED5A7A0B7887EE807A5249B3
:10A1BC0007EE903A9FED576AD1ED006A47488DED56
:10A1CC00096AF8EE677A67EEA66ACDED077AC6EEF5
:10A1DC00865A8DED087ACDED065AFDF735FFDDED8B
:10A1EC00065AF1EE046ADDED077A9DED087AE5EE8C
:10A1FC00807A454A434BF4EEE67AF1EE10FA00F120
:10A20C00DD81DFED455AF7EE006A9DED096AF4EE4B
:10A21C00E57AF1EE10FA75FEA75AC5EE867A76EE5F
:10A22C00E76A67EE277A107827EE267A3B4A814553
:10A23C003978FCEEE77ABCEEC77AC2ED007A83ED92
:10A24C00007A3FF453AE002842D041F001010023C4
:10A25C008DF838100EA93248CDF83A308A468DF870
:10A26C003E30FAF709FF397842E6002221F001016D
:10A27C002B481A70244B8DF838100EA91A70CDF893
:10A28C003A208A46274B8DF83E2001221A70FAF7A5
:10A29C00F3FE39782CE6194B1A78002A3FF426AED7
:10A2AC0000220DF1380A1A70174B1A7001221D4B3F
:10A2BC001A701DE619490968614500F22281106087
:10A2CC00114A8EF8003011781370002900F01981B2
:10A2DC00397801F0FE01BAE760900020BC8D0020B7
:10A2EC00A89200204C2E00206F12033DCDCCCC3D0B
:10A2FC00502E0020442E0020482E00208292002058
:10A30C00B88600206086002097920020293100201A
:10A31C00002474490000C8420000BE42CC850020D5
:10A32C00A045002023310020A7920020BE4E368885
:10A33C0096426CD8931BB1EE086ADFF828E306EE60
:10A34C00903A831B0EF1020C07EE903AF8EE666A17
:10A35C00F8EE677A86EEA77A27EE067AFDEEC77AD4
:10A36C0017EE903ACDED067A052BA8BF05233CF9E4
:10A37C0013C007EE903A994604EE90CA3EF913C00A
:10A38C00F8EEE77A069B05EE10CAF8EEE44A37EED3
:10A39C00677AB8EEC55A002B40F01C8174EEC53AB2
:10A3AC00DFF8C4C2F6EE007A3CF9193006EE903AAA
:10A3BC00F8EEE66A76EEC56A66EEA76A27EE076ADD
:10A3CC00F0EE085AF0EE002A27EE064A66EE255A01
:10A3DC00B7EE002AF0EE447AB0EE653AE4EE625A3B
:10A3EC00E6EE627A94EE223A34EE466A77EE877A9B
:10A3FC0033EE027A67EEA37AE5EE077AE4EEA57AFD
:10A40C00E6EE267AFDEEE77A17EE903A1BB2DFF80D
:10A41C005CC2BCF800C0944500F2DA80A2EB0C02DE
:10A42C00A0EB0C00B1EE086ADFF844E207EE902ACC
:10A43C0007EE100A0EF10200F8EE677AB8EE477AD2
:10A44C00C7EE876A26EE867AFDEEC77A17EE902A5B
:10A45C00CDED067A052AA8BF052230F9129007EE39
:10A46C00902A069804EE909A3EF91290F8EEE77A4C
:10A47C0005EE109AF8EEE44A37EE677AB8EEC55A54
:10A48C00002840F0BC8074EEC53A6848F6EE007ABD
:10A49C0030F9122006EE902AF8EEE66A76EEC56ADE
:10A4AC0066EEA76A27EE076AF0EE085AF0EE002A6D
:10A4BC0027EE064A66EE255AB7EE002AF0EE447AED
:10A4CC00B0EE653AE4EE625AE6EE627A94EE223A27
:10A4DC0034EE466A77EE877A33EE027A67EEA37A29
:10A4EC00E5EE077AE4EEA57AE6EE267AFDEEE77A5B
:10A4FC0017EE902A12B20020ADF82A00ADF82C000D
:10A50C000BE539780DF1380AF2E401231370484A4F
:10A51C001370484A1370484B1860FFF767F9474BA4
:10A52C00DFED477A1B7887EE807A9FED466A07EE5F
:10A53C00903A454B4548D3ED006A8DED096AF8EE2B
:10A54C00677A67EEA66ACDED077AC6EE865A8DED70
:10A55C00087ACDED065AFDF777FDDDED065AF1EEE2
:10A56C00046ADDED077A9DED087AE5EE807AF4EE6B
:10A57C00E67AF1EE10FA26D4DFED355AF7EE006AE2
:10A58C009DED096AF4EEE57AF1EE10FA75FEA75A24
:10A59C00C5EE867A76EEE76A67EE277A2D4A27EEC5
:10A5AC00267A2D4B39780DF1380AFCEEE77ABCEEA1
:10A5BC00C77AC2ED007A83ED007A99E4DFED276A61
:10A5CC00DFED277A2DE6DFED256ADFED257AE3E76F
:10A5DC00002290E7AEF1020EF6EE007A3EF9193049
:10A5EC0003EE903A069BF8EEE33A042B74EEE33A52
:10A5FC0063EEA73A7FF7D4AE74EEC56ADEE6AEF131
:10A60C00020EF6EE007A3EF9120003EE900A06985E
:10A61C00F8EEE33A042874EEE33A63EEA73A7FF7D8
:10A62C0034AF74EEC56A3DE77E9200207C9000202A
:10A63C002331002097920020B88600202931002079
:10A64C00002474490000C842482E0020BC8D002014
:10A65C000000BE42CC850020608600203333733F5F
:10A66C00CDCC4C3D689000206C9000208092002056
:10A67C00789000200B4A1278824212D008B5431E03
:10A68C00042B00D908BDFDF759F8074809F07AF9F1
:10A69C00322009F003FD4FF0E023044AC3F80C2DDF
:10A6AC00FEE7704728310020F02900200400FA054D
:10A6BC002DE9F04F9C4E91B09C483468FBF79AFD05
:10A6CC009B48FAF7DBFE062009F08AFD994A1378BD
:10A6DC00834204D098490B68E31A312B1CD8974D50
:10A6EC0097499848FEF7AAF9FDF774FC48B9964FBC
:10A6FC002B78023B032B00F2A381DFE803F05B3ED7
:10A70C001C1A2B78023B032B00F25A81DFE813F062
:10A71C00DF00E3009400550007460C60002800F0B1
:10A72C00BB808A4B1978002940F0E980834D177063
:10A73C00D6E7FFF751FBFEF747FF7C4A3978137ECB
:10A74C0011B3834A1370834A92F90030002B09DB52
:10A75C00814B1B68E31A002B04DBFF207F4B01218C
:10A76C00107019707E4CA36823B13368B3F5FA7F6F
:10A77C0080F0B58011B0BDE8F08FFEF7F1FD6B4AAB
:10A78C003978137E0029DCD176480168611A3129A9
:10A79C0073D86F4A1370744B1A78002AD3D073494C
:10A7AC000A68A21A312ACED900220C601A70FCF762
:10A7BC0027FFC8E7FDF732FFBFE76D4A0DF1280C04
:10A7CC006C4BB2F800806C4AB2F800906B4AD2F82D
:10A7DC0000B06B4AD2F800A06A4AD2F800E06A4A8C
:10A7EC0012780092694A1168694A0191177807CB6F
:10A7FC001B88CDF81A00ADF82630664BCDF81E102C
:10A80C00CDF822200FCBACE80700009A02A8ACF8D8
:10A81C000030ADF83A80ADF83C90CDF80EB0CDF8E4
:10A82C0036A0CDF812E08DF83E2001998DF83F70DE
:10A83C00CDF81610FCF7B2FF5748FDF703FA424F5C
:10A84C003B7833B9554B04F2DC521A600123434A6E
:10A85C001370FCF76DFF31287FF64AAF504809F0B2
:10A86C0091F83B78002B7FF443AF4C4B04F5FA6224
:10A87C001A600123394A13703AE70460A3B9344DC6
:10A88C002A78002A35D0354A002100931170FCF744
:10A89C0001FD3A78009B15E0424B0121274D1C60CD
:10A8AC002A4B177019701BE72978D069012900937E
:10A8BC00A4EB0000264D14BF01210221FCF7B8FEC9
:10A8CC003A78009B2B70002A3FF465AF3BE71D489C
:10A8DC00FDF78EF8B3E71A48FDF714F9AFE73048E7
:10A8EC0009F050F83049204611B0BDE8F04F09F09E
:10A8FC00DDB91A4A11780029C6D129704BE72949CC
:10A90C0000200E4D0968187040F2DB53611A28784C
:10A91C0099424BD9023801288CBF02200120FFF745
:10A92C00A9FE044A1770DBE658910020248E002003
:10A93C00688E002025310020908A002028310020CC
:10A94C00448F0020048F00202A3100209E9200208A
:10A95C009D92002027310020008F002026310020FE
:10A96C00D0850020788600202B310020AC8600207A
:10A97C007E92002068900020809200204C2E0020B7
:10A98C0064900020442E002029310020542E0020F9
:10A99C00AA92002078900020848F0020B48D002093
:10A9AC00F0290020948A0020D80D0020FCF7C6FE68
:10A9BC004FF0E0232449254AC3F80C1D17708FE68D
:10A9CC00234A0DF1280C234BB2F80080224AB2F82E
:10A9DC000090224AD2F800B0214AD2F800A0214AB5
:10A9EC00D2F800E0204A12780092204A1168204ADE
:10A9FC000191177807CB1B88CDF81A00ADF82630DB
:10AA0C001C4BCDF81E10CDF822200FCBACE8070064
:10AA1C00009A02A8ACF80030ADF83A80ADF83C9042
:10AA2C00CDF80EB0CDF836A0CDF812E08DF83E2062
:10AA3C0001998DF83F70CDF81610FCF7AFFEFEE6CD
:10AA4C00FFF7CAF979E600BF0400FA0525310020AA
:10AA5C007E92002068900020809200204C2E0020D6
:10AA6C0064900020442E002029310020542E002018
:10AA7C00AA9200207890002008B509F035FC074810
:10AA8C00FDF7BEFA0021064809F0AAF8054A064966
:10AA9C000348BDE808400BF0D5BE00BFBC8D0020BC
:10AAAC00D0850020502B00201D1B01002DE9F04FFC
:10AABC00B848BFB0FAF77EFAB74F4FF4167009F0EA
:10AACC00EDFAB6483B6808F05DFFFCF747FE06461A
:10AADC00002800F0E48107ACB14D30462E70FAF737
:10AAEC00BBFBAE4808F04EFF2046FCF793FE002857
:10AAFC0040F09281AB4BAC4FAC4E0493D7F800B006
:10AB0C00AB4BD6F800E0DFF8F4A2DFF8F492DFF8F4
:10AB1C00F4820393A74B2046C3F800B0A64BC3F8AE
:10AB2C0000E0FCF795FF002800F07682A646DFF8DF
:10AB3C00D8C2BEE80F00ACE80F00BEE80F00ACE8CE
:10AB4C000F00BEE80F00ACE80F009EE80F008CE889
:10AB5C000F002046FDF706F8002800F03282A646CA
:10AB6C00DFF8A8C2BEE80F00ACE80F00BEE80F008B
:10AB7C00ACE80F00BEE80F00ACE80F009EE80F0039
:10AB8C008CE80F002046FDF793F8002800F0F881C0
:10AB9C00DC222146894809F031FE2046FDF796F962
:10ABAC000146002800F0CF81A646DFF864C2BEE85B
:10ABBC000F00ACE80F00BEE80F00ACE80F009EE8F9
:10ABCC0007008CE80700FBF771FCFBF7C5FC2B7842
:10ABDC00012B00F0AA81013BDBB2042B40F2518225
:10ABEC001F23DFF830B2002201931823744811465A
:10ABFC000093F02307F0CAFF714A0023022110468C
:10AC0C00536107F0E5FC6F4B58466D4A13610DF02C
:10AC1C00DFFA594602466A4808F082FE01210720F5
:10AC2C0009F0BCFA6848FDF7F7F92B78022B00F015
:10AC3C001282032B00F02282043B012B40F2118282
:10AC4C00624A634B10461360624B5360624B9360D5
:10AC5C00624BD360624B1361624B5361FBF7A8FAF2
:10AC6C000221062009F0CEFA2046FDF7BDF8214658
:10AC7C005D48FAF7DBFE4FF4E1325C495A48FAF7CB
:10AC8C00F3FB5B4B1B78002B40F0548143480024B2
:10AC9C0008F078FE414808F075FE564D3F4808F024
:10ACAC0071FE3E4808F06EFE00230A2221463B4806
:10ACBC0008F090FE013435F9021F384808F056FEB2
:10ACCC00364808F05FFE072CEED14B4D00240023D4
:10ACDC000A222146314808F07DFE013435F9021F65
:10ACEC002E4808F043FE2D4808F04CFE072CEED100
:10ACFC00BAF80010294808F039FE284808F042FE3E
:10AD0C00B9F80010254808F031FE244808F03AFE46
:10AD1C0097ED000A01212148B7EEC00A08F068FE41
:10AD2C001E4808F02FFE98ED000A01211B48B7EED3
:10AD3C00C00A08F05DFE194808F024FE96ED000AE2
:10AD4C0001211648B7EEC00A08F052FE134808F06D
:10AD5C0019FE049900230A220978104808F03AFEDB
:10AD6C000E4808F00FFE039900230A2209680B48CD
:10AD7C0008F030FE094808F005FE0648FAF77EF99F
:10AD8C00064808F0FFFD05483FB0BDE8F04F08F05D
:10AD9C00F9BD00BFA045002058910020F0290020EB
:10ADAC0028310020293100204C2E0020442E002078
:10ADBC00542E0020502E0020482E0020848F00207E
:10ADCC006091002008000400BC8D0020248E00201F
:10ADDC009D7700007D780000797A0000E97A000008
:10ADEC00457B0000817C0000688E0020002A00203A
:10ADFC002A31002066900020769000207E92002060
:10AE0C008092002064900020048F0020448F00204A
:10AE1C00708100202C0C0020DDF82E00DDF83210A3
:10AE2C00DDF836209A4BDFF8CCA2DFF8CC92994FA4
:10AE3C00DFF8C882984EDFF8C8C207C3BDF83A10D5
:10AE4C000FAA96481980BDF84E109DF85330AAF8F9
:10AE5C000010BDF85010A3F101030490A9F80010E4
:10AE6C00B3FA83F3DDF822B05B09C7F800B0DDF864
:10AE7C004A10C8F800109DF85210DDF826E0017059
:10AE8C00C6F800E08648DDF82A1003900160854979
:10AE9C000B700FCAACE80700ACF800303AE68248F9
:10AEAC0008F070FD3B683A6803F59668904540F2EF
:10AEBC00ED8007AC0CE0FAF7B5F906437B48FAF7DE
:10AECC00BDF90A2009F0EAF83B68984540F2D380B6
:10AEDC0021467648FAF786F87448FAF7CFF8034615
:10AEEC00724813B1FAF7AAF9E8B97048FAF7C6F83C
:10AEFC0003466E48002BDED03D683B6805F5C875EF
:10AF0C009D4205D80FE009F0C9F83B689D420AD96B
:10AF1C0021466648FAF766F86448FAF78FF9034653
:10AF2C000A20002BEFD00226D6E5DFF8D8B14FF47B
:10AF3C00FC6358E60021072009F030F9002122209B
:10AF4C0009F02CF9A2E6DFF8A4B10223584A0590C7
:10AF5C000BF10C00CBE9002300232022CBF80830A6
:10AF6C000CF016FF05980BF105030BF12B0113F8F0
:10AF7C00012F994280EA0200F9D18BF8050022E6F4
:10AF8C004C4A03234C494FF0010B4FF0FA0E844608
:10AF9C00C2E90013494B1432494942F80C3CA2F166
:10AFAC00140342F808BC22F804EC83F812C00533F1
:10AFBC00C3F80E109A42F8D101301A320828EED19B
:10AFCC00EBE5404B4FF07E52C3F80A203E4AC3F8E3
:10AFDC0012001A600222C3F816009A803B4AC3F88A
:10AFEC001A00C3F806200022C3F81E00C3F82E2056
:10AFFC0041F28832C3F82200DA81354AC3F82600C0
:10B00C00C3F836204FF08542C3F82A00C3F832004B
:10B01C0018825887DA63B5E52E4B4FF07E512E4AD5
:10B02C00196103F1300C99614FF080419862D9603D
:10B03C004FF07D51596129491960294999600421C2
:10B04C0059602849D9610121C3E90800D9620FCAA6
:10B05C008CE80F007DE52448FDF74AFCFDF7B4FAB7
:10B06C00EEE51448FEF768FA2048FEF7A7FA01202F
:10B07C00F9F748FDE4E5B51CEEB22DE5FDF7CCFC87
:10B08C00DEE51B4A52F823B01F23ACE5022622E56D
:10B09C00689000204C2E0020442E002029310020E6
:10B0AC00542E0020AA920020F0290020A045002058
:10B0BC004B545343848F0020334D494B00A0400028
:10B0CC0050003C00448F0020314D4943CDCCCC3D49
:10B0DC0046020300048F00202C0B0020314D494107
:10B0EC009A99993E1A160407B88D00207081002099
:10B0FC00C00900207E9200208092002064900020E5
:10B10C0078900020200C0020704700BF704700BFD3
:10B11C00704700BF00207047704700BF0020704789
:10B12C000020704701207047064A002113684160D7
:10B13C002BB11A465B68002BFBD150607047106036
:10B14C00704700BFB089002070B584B0DDF820C016
:10B15C0010B10BB1A2B199B91E4615460446624610
:10B16C0003910A480A4908F027FC0A49039B224626
:10B17C000648CDE9005608F01FFC002004B070BD55
:10B18C0004B0BDE8704000F0FFBA00BFF029002009
:10B19C00580C0020B00C002030B59D1C044685B026
:10B1AC00D0F8C40740D05D1C35D0DD1C00D1838B9A
:10B1BC00808D04F6A14584F8A73C1B0A84F8A52CC5
:10B1CC0084F8A83C002360F30703C0F3032040F08D
:10B1DC00200060F30F23101D60F31743001260F37F
:10B1EC001F630020C4F8A13C84F8A60CAAB90F4B2D
:10B1FC00083229461868D2B2D3F800C040F6B21310
:10B20C0000932346D4F89C0B094CC4F800C0FFF7FC
:10B21C009BFF05B030BD438BCAE704F6A9400392EF
:10B22C0009F0ECFA039AE2E7038BC1E7589100208E
:10B23C00208E0020D0F8C43783F83810704700BF38
:10B24C0008B509F051F8044B04491868044A1B6806
:10B25C000860136008BD00BF58910020208E0020AC
:10B26C001C8E00200020704700207047704700BFE4
:10B27C0038B5534A4FF4805E4FF400554FF44044B8
:10B28C004FF4803043F24201136A13F0020F40F086
:10B29C00878013F4005F00F0878013F4805F00F068
:10B2AC008580002BF0DA13F4803C40F082805B0642
:10B2BC0040F18380434C444AD4F88010434B41F016
:10B2CC0003014348C4F880104FF0404191634FF4A0
:10B2DC00404151630521C2F800C00822C0F8B410E7
:10B2EC004FF08061C0F8A4220A205A680A435A60C1
:10B2FC00C3F8841008F0D2FE364AD2F8403143F03D
:10B30C000203C2F84031D2F840319B07FBD4324DD6
:10B31C0005F0BCFD01242B1F05F17C0243F8044F02
:10B32C009342FBD14FF4807200212C480CF030FD7D
:10B33C0000222B49274B0A700321C3F89040C3F815
:10B34C00A8112849C3F84821C3F85451C3F84C211B
:10B35C00C3F85821C3F84011D3F88421224923485B
:10B36C0042F48052C3F88421D3F85821D3F85421E5
:10B37C00C1F800021E4A4FF0E0214FF48030C1F8B2
:10B38C000C01C3F84821D3F8482142F01202C3F84B
:10B39C004821D3F8482142F44022C3F8482138BD53
:10B3AC009462506291626FE755626DE7C2F824E0D7
:10B3BC006AE74FF48033936266E74023536263E796
:10B3CC0000800D4000C00F4000A00D4000800042E6
:10B3DC0000801F4000022E4000400020C886002044
:10B3EC0083920020158B010000340020AD980000E2
:10B3FC0004000003C368002B32D063298CBF0023E8
:10B40C0001236BBB10B582B004460091019308F088
:10B41C009BFEDFF8B8E0A060DEF80000DDE9001369
:10B42C00002841D0DFF8A0C0DCF88C2022F07F424D
:10B43C00914216D34369891A23B92DE05869891AA8
:10B44C0058B303461A698A42F8D99869521A1A6194
:10B45C00A061C4E904139C61A3695C6102B010BDD6
:10B46C00704772B64FF00070CCF88C30521ACCF892
:10B47C004401A361DEF800302161013963611A6176
:10B48C004FF04042CEF800409C61CCF88810CCF8CC
:10B49C008C2062B602B010BD034600222161C4E9C3
:10B4AC0005235C6102B010BD074B01F1FF3C4FF06E
:10B4BC004042A061CEF80040C4E90410C3F888C033
:10B4CC00C3F88C20CAE700BF00022E40748600200F
:10B4DC0072B6184A136873B183420ED05B6953B1CC
:10B4EC0098425B69FBD181694B6123B100691A6990
:10B4FC00996102441A6162B670470F484FF0000C14
:10B50C005B69C0F88CC09BB1D0F88C1010B421F0E2
:10B51C007F411C6921441961C0F888104FF04041EB
:10B52C00C0F88C10C3F818C0136062B610BC70471A
:10B53C001360E0E77486002000022E4003698C46FD
:10B54C009A68510670B5054603D41B689A68520672
:10B55C00FBD54022DCF80860DCF83CE0CCF8082095
:10B56C00DCF800201A60DCF804205A60DCF80C20AF
:10B57C00DA60DCF810201A61DCF814205A61DCF86F
:10B58C0018209A61DCF81C209D62DA61DCF82C2012
:10B59C001C68DA62012CDCF83020DCE90D011A633E
:10B5AC001A46C3F83CE0C3E90D0103D012681168D8
:10B5BC000129FBD1C2F800C00122CCF800201A6886
:10B5CC0094451A462DD04FF0000E106811460468B1
:10B5DC000246C1F824E08E46A4450862F5D15162BA
:10B5EC000021116295F8341011F0FD0F08D10E48AE
:10B5FC000168596279B10B62026001209E6070BDD6
:10B60C000A48016859620029F5D109490B600260AA
:10B61C0001209E6070BD07490B60026001209E6096
:10B62C0070BD0021DBE700BFDC870020E487002031
:10B63C00E8870020E08700202DE9F0470C46C988F8
:10B64C0082B0B1F5804F03D9002002B0BDE8F0877D
:10B65C0090469946054605F065FC0028F4D000900C
:10B66C0005F060FC00990346002876D0E08800289D
:10B67C003BD1DFF80CA1D5F800E00B60DFF804C17A
:10B68C0001223C4F04EA0C0C256866684A608F6006
:10B69C00CC600CF580540C610CF500544C610CF52D
:10B6AC0040548C610CF58044CC6100245A60C3F882
:10B6BC0008A0DC604FF48054C3F83C901C614FF43C
:10B6CC000054C3F828E05C614FF44054C3E90B808C
:10B6DC009C6170464FF48044C3E90D56DC611A60DE
:10B6EC0002B0BDE8F047FFF729BFCDE9001305F024
:10B6FC0019FC0246DDE9001398B394F800C0E08809
:10B70C004FEADC1CD5F800E01B4D4FEA0C268CF000
:10B71C00010746EA004C4CEA05054FF0010CC2F853
:10B72C0004C0DFF860C0956008EA0C0CC2F80C800D
:10B73C000CF5805515610CF5005555610CF540550F
:10B74C000CF5804C9561C2F81CC00A601360C2F8FD
:10B75C0028E00A4A42EA072A90E7084605F0EAFB85
:10B76C0072E70846009305F0E5FB009805F0E2FB54
:10B77C006AE700BF800208008000008080800080A3
:10B78C008081008000F0FFFF2DE9F84F4FF0E0259D
:10B79C004FF4803A80468946D5F80C719B46C5F823
:10B7AC008CA1164607EA0A0705F0BCFB00287FD0DF
:10B7BC0006F1FF3A04465FEA9A3A04D114E0BAF172
:10B7CC00010A286010D0054605F0ACFB0028F6D124
:10B7DC0026462468304605F0ADFBAE42F8D1002F6A
:10B7EC005FD10020BDE8F88F00234FF0010EC0F8A8
:10B7FC003CB00663C0F800E03049C0E90D33C0E945
:10B80C000A892F4B98F8350043EA002A2346000298
:10B81C0009EA0102B6F5804F02F5805B02F5005C87
:10B82C0002F5405502F5804222D840EA0646234AEA
:10B83C0048F280054FF0010C09EA0202214635431B
:10B84C00C3F804C002F5805602F540549D6002F521
:10B85C00005502F58042C3F80C9040461E615D61B4
:10B86C009C61DA61FFF76AFEA7B90120BDE8F88F89
:10B87C00C3F804E0A6F58046C3F808A0C3F80C9002
:10B88C0009F58049C3F810B0C3F814C09D61DA61A2
:10B89C001B68BDE74FF0E0234FF48032C3F80C2156
:10B8AC00E3E74FF0E0234FF48032C3F80C2198E724
:10B8BC00002F96D0C5F80CA193E700BF00F0FFFF56
:10B8CC00800000402DE9F843DFF8EC90D9F80050E7
:10B8DC005DB14FF00008AB682E6A1A0602D413F063
:10B8EC007C0F04D13546002EF5D1BDE8F8836B6A88
:10B8FC00002B5CD01E62AF6A002E47D073623346B9
:10B90C002846996AB942C5E908881A6A05D092B1E5
:10B91C001346996A1A6AB942F9D1596A41B30A6253
:10B92C0052B39E425162C3E9088803621846EFD1B4
:10B93C0016461346EDE703462C6A1A681B683B61F2
:10B94C00C7F80C80C7F818802CB12046246A05F083
:10B95C00F1FA002CF9D13A6C1AB12846C5F82080BE
:10B96C0090472846354605F0E5FA002EB3D1BCE7E2
:10B97C00C9F80020002AD4D19E4208BF1646C3E95C
:10B98C0008220C4A036211602C6AD6E72A682A68DE
:10B99C000849C5E908663A613A6CFE600B60BE6105
:10B9AC00002ADAD12846BDE8F84305F0C3BAC9F835
:10B9BC000060A0E7DC870020E0870020874B30B5D3
:10B9CC00D3F8444183B06103C3F8444109D5844B97
:10B9DC001B6833B19A6812F0FC0F5CD01B6A002B09
:10B9EC00F8D1230309D57F4B1B6833B19A6812F049
:10B9FC00FC0F66D01B6A002BF8D1A00700F18F80DA
:10BA0C0061070FD5754BD3F8845145F02A02C3F862
:10BA1C008421AA0769D42B0704D4734B1A78022A01
:10BA2C0000F09F80E20107D56F4B1A78012A00F0D5
:10BA3C00BF80032A00F0AE80A3012AD5DFF8C4E151
:10BA4C00DEF800202AB35369944600250EE01969EC
:10BA5C009D61042900F2B680586919B110B10469CE
:10BA6C000C440461CCF814309C460346CCF81450BA
:10BA7C00002BECD1CEF800305C4D002411465269FD
:10BA8C00C86803689B68AB42C1E9054455D1002ADC
:10BA9C00F4D103B030BD120406D59A6A1846D26BA5
:10BAAC0012B101939047019BD3E90851002941D071
:10BABC000D621846002D38D0696205F03BFA2B4612
:10BACC0088E7150406D59A6A1846D26B12B1019311
:10BADC009047019BD3E9085121B30D621846BDB1C3
:10BAEC00696205F027FA2B4680E715F001022AD08F
:10BAFC003D4A117801298ED801203D4924F08074EB
:10BB0C0010704FF04042C3F88010C3F8842093E7C4
:10BB1C00384A116005F00EFAA0077FF571AFFFF7F8
:10BB2C00D1FE6DE72F4A1560D8E7334A116005F056
:10BB3C0001FA56E72A4A1560BBE701929847019A29
:10BB4C00002A9BD1A5E728492C4B0A7002210192AF
:10BB5C0099632B4B186800F041FE294B019A1A602F
:10BB6C0059E768077FF568AF03251C4904F080701E
:10BB7C001D7042F21075C1F880504FF04045C1F86D
:10BB8C008450D1F88411890501D51C494A630028D9
:10BB9C003FF452AF0420114900221870D1F88401EF
:10BBAC001146C0F3816000F069FB154B186043E748
:10BBBC000A4A02211970D2F8843143F48073C2F816
:10BBCC00843139E7CEF80030013904484FF0404356
:10BBDC00C0F88810C0F88C304EE700BF00022E4031
:10BBEC00E0870020E8870020839200202D010000D0
:10BBFC00A0860100E4870020DC87002000A00D4017
:10BC0C002C88002074860020036B012A2DE9F04F4C
:10BC1C008C4C38BF01221B7D89B004FB01F1022B37
:10BC2C004FEA114500F0A6800523012141EA510499
:10BC3C00A24240F2EB80013B4FEA4101F6D12023B6
:10BC4C001C46039390F83530A0F84440002B40F08C
:10BC5C00D88005F1840102254FEA5119039A002A74
:10BC6C0000F084804FF0FF370023D2007649BA46AB
:10BC7C0000930292CDE906408C469846DDF80CE024
:10BC8C00CDE904139CF8030066469CF802B0002131
:10BC9C004419CDF804C016F8012B0BEB050C8346A8
:10BCAC0023464A44F078944500EB050457D3A3424D
:10BCBC0038BF2346634538BF6346BB4202D2C246F7
:10BCCC001F46009101310429E5D1F044DDF804C090
:10BCDC00029BB8F11F0F9C44D4D9039ADDE90413DD
:10BCEC00013308319A42C7D1BB2FDDF800B0DDE932
:10BCFC0006403BD8BAF11F0F5646A0F84840A0F8B2
:10BD0C004CB080F84E9080F84F50A0F84AA016D84E
:10BD1C004D4A029F02EB0B0101EBCA010C789A44CD
:10BD2C008A784C44BAF11F0F2A440C708A70CC7874
:10BD3C000A792C442A44CC700A713944EED9012278
:10BD4C001C23A0F8466002FA0BF203FA0BF380F8FE
:10BD5C00362080F83730012009B0BDE8F08F9342CF
:10BD6C0038BF1346A34238BF2346A6E7002009B0CC
:10BD7C00BDE8F08F0F2A4FF0010328BF0F22541E8D
:10BD8C0003FA04F4B4F5807F43DCE20800D01346D8
:10BD9C004FF0FF3E573500262B4FF446A0F84430A9
:10BDAC0033460021FA5C234402EB5512914238BF12
:10BDBC001146FF2BF6D9714501D28E46B446013699
:10BDCC00A642EDD1BEF1BB0FD0D86D09BCF1FF0F6F
:10BDDC00A0F84840A0F84AC080F84E5006D86346F8
:10BDEC00FA5C2A44FA542344FF2BF9D9012C14D0C1
:10BDFC00022C1DD0042C20D80CF0030211239340EC
:10BE0C000CE066354FF002096D0927E70C460391EB
:10BE1C0018E720234FF48074BAE7FF234FEADC0CB9
:10BE2C00002280F83630A0F846C080F8372092E720
:10BE3C000CF0010255239340F0E70CF007020123AC
:10BE4C009340EBE7AB2A0100C8860020B0F846C04F
:10BE5C00BCF11F0F3DD8F0B5B0F844E040F002053E
:10BE6C001C4C07E0BE452ED90260A551F444BCF130
:10BE7C001F0F20D854F82C204FEA8C06D107F3D48E
:10BE8C0002F0060122F01F030229B3F84470E9D036
:10BE9C00BE4518D91A468242E8D011681F2921F0F4
:10BEAC001F02F8D81A68F4440260BCF11F0F40F06E
:10BEBC0002021A60DED9F0BD1B6823F01F03B3F831
:10BECC0044207245E6D39842D0D01A68D207E1D408
:10BEDC00F2E77047004000202DE9F84306460F4674
:10BEEC001546994605F00EF800287BD0044605F05F
:10BEFC0019F88046002872D06022002120460BF0F1
:10BF0C0047FF3C22002108F104000BF041FF012304
:10BF1C004022032FC8F80030C8F80820C4F810805D
:10BF2C0084F835906361266384F834705ED03DB13B
:10BF3C007368002B65D01A469B6B002BFBD1946366
:10BF4C00317D002F3BD101294FF480408CBF002361
:10BF5C000123DA062B0243EA0133089943EA014331
:10BF6C00717D0B430343134394F8372043F0704324
:10BF7C006360B37DF17D1B0443EAC15343EA0223A2
:10BF8C0094F83620134343F08043A36037F0020348
:10BF9C0018D1264BD3F85821CAB9616844F0020273
:10BFAC00204641F4004161602260C3F85841D3F847
:10BFBC00402142F02002C3F84021BDE8F883002262
:10BFCC001046C7E7032F1ED02046BDE8F883116842
:10BFDC0044F00203204621601360BDE8F88320463C
:10BFEC0004F098FF00242046BDE8F883DDE9081230
:10BFFC002046FFF709FE90B14DB9317D2A462846FF
:10C00C00A8E774609CE72046FFF720FFDCE7736825
:10C01C00002B90D11A46317D184674609AE7404641
:10C02C0004F088FF204604F075FFDBE700022E4089
:10C03C00F8B590F83430044613F0FD0F4DD1036879
:10C04C0023F01F03984200F0C6801A68194622F0AC
:10C05C001F039C42F9D163681D0400F1AD80236875
:10C06C00694A0B60D2F8403143F04003C2F84031CA
:10C07C00D2F844319806FBD52023C2F84431634EE4
:10C08C003568E5B128462D6A836AA342F9D1436A23
:10C09C00002B00F0B2801D62002D00F0AB806B62B3
:10C0AC0023691F2B03D804E01B681F2B01D9834283
:10C0BC00FAD19842E5D004F03DFF002DE2D125697C
:10C0CC001F2D05D928462D6804F034FF1F2DF9D8F3
:10C0DC002046BDE8F84004F01DBF4D4800F1800536
:10C0EC0050F8042FD1070CD422F01F02944203D134
:10C0FC0058E08C425BD00A46136823F01F01DB0723
:10C10C00F7D58542ECD1236B94F84E601B7DB4F8C7
:10C11C0048E0022BB4F84A2053D01F2A1BD8B4F89D
:10C12C004C303C4994F84FC00B4403EBC2031F78CE
:10C13C0072449D78D878BF1B1979A5EB0C05A0EB40
:10C14C000C001F2AA1EB0C011F709D70D870197187
:10C15C0003EBCE03EBD9304E3568002DAFD028461B
:10C16C002D6A836AA34206D0002DA8D028462D6ADA
:10C17C00836AA342F8D1436A002B43D01D62002D81
:10C18C003DD06B6223691F2B03D804E01B681F2B67
:10C19C0001D98342FAD19842E6D004F0CBFE002DAF
:10C1AC00E4D18CE723688542036099D1ABE723681F
:10C1BC008542136094D1A6E74B6843F400434B606F
:10C1CC004DE7FF2AC7D813498B5C9B1B8B547244D9
:10C1DC00FF2AF9D9BFE70C4AD2F8403123F02003EB
:10C1EC00C2F84031D2F8443113F40043FAD1C2F80A
:10C1FC00583144E7094A136052E735604CE7084A66
:10C20C001360BFE73560BAE700022E40E0870020DC
:10C21C00FC3F0020C8860020E8870020DC87002037
:10C22C00E48700200B4B70B51E688EB10A4DF46884
:10C23C0014B90AE0646844B12368DB68AB42F9D0F6
:10C24C00204698476468002CF6D1B668002EEED1D3
:10C25C0070BD00BF28880020310100000649002273
:10C26C000B68C0E901222BB11A465B68002BFBD18D
:10C27C005060704708607047CC870020F0B583B0E1
:10C28C0007460E46154604F02DFE00283CD0282209
:10C29C00002104460BF07CFD002308202775A675B1
:10C2AC001A46E5751946009020460193FFF714FED7
:10C2BC00206030B304F046FE2368154A206115490E
:10C2CC001548DA630122186483F8352013480B688B
:10C2DC000270A3B11A469B68002BFBD1946000231B
:10C2EC000F484FF400210F4A2376C2E900010E4A91
:10C2FC0020460C49FFF7A0F9204603B0F0BD0C60B6
:10C30C00EDE7204604F0F6FD0024204603B0F0BD16
:10C31C0061A50000288800209DA300009C920020AD
:10C32C0080060001408100204079002000000000C0
:10C33C0010B5037E092B00F29480DFE803F016227F
:10C34C003D404C61697073054F4B504993F805C0E3
:10C35C0000234FEA0C4C1A464B604CF4106CBDE8B1
:10C36C001040C1F800C0FFF767B99FED3F7B474A0B
:10C37C000023464982ED007BBDE81040424AFFF79E
:10C38C005BB9DFF81CE1424B9EF80010D3F800C0FB
:10C39C000131802928BF0121BCF1000F53D0634625
:10C3AC0002E09B68002B4ED05A7D9142F9D10131AD
:10C3BC00802908BF0121F2E79FED2D7BD7E79FED88
:10C3CC002E7B324A0023314982ED007BBDE81040C0
:10C3DC00304AFFF731B92C4AB0F822E02B4912F859
:10C3EC0004CB2D4B43EA0C43DFF8B8C04EEA0C0CDF
:10C3FC000B600023C1F804C0BDE81040FFF71CB966
:10C40C00214AB0F822E0214992F801C00432E8E751
:10C41C001D4AB0F822E01D4992F802C0F6E79FEDE4
:10C42C00187BA4E7184A1D495388184C0B801B0431
:10C43C00DFF874C0214663600023C4F800C0BDE877
:10C44C001040FFF7F9B80B048EF800100F4943F4B5
:10C45C00A0630B600023BDE810401A464B60FFF749
:10C46C00EBB810BDAFF3008080060001000008009F
:10C47C008006000100001200800600030000FC078B
:10C48C008006000200000900407900204081002055
:10C49C002888002044790020800600037892002030
:10C4AC00A39200200000FC0780060002836A186B30
:10C4BC0090F824300133DBB2182B80F8243003D9E8
:10C4CC00024B00221A707047FFF732BF9C9200207B
:10C4DC0070B50E69002E3AD00546D36A002837D0C5
:10C4EC00315C0131C9B293B35A78032A2FD1C1F10F
:10C4FC00320271551C78520001EB5400D2B2312833
:10C50C00C8BF1446022C13D9302911D806F1020CDD
:10C51C00A3F1020E04238C440131DAB21EF803009D
:10C52C000233C9B20CF8010F312918BF9442F3D869
:10C53C00681C73180022C0B2DA70022807D8C5F143
:10C54C0002023044D2B2BDE870400BF021BC70BD89
:10C55C000146C8E7424B2DE9F04F1C6885B00646F2
:10C56C00002C79D04FF00009DFF8008101E06468FD
:10C57C00A4B1A26831463B4B2046002AF7D1B8F84B
:10C58C000050D4F800C0093D0095DCF80050A847D5
:10C59C00002851D1A1466468002CEAD1324BB8F87E
:10C5AC0000B003F109059B44AB4503D822E0454498
:10C5BC00AB451FD96B7895F80080042BF7D1B8F1F7
:10C5CC00090FF4D1264B1C68002CF0D04FF0000959
:10C5DC00ABEB050ACDF80CB0A7682B46012231460F
:10C5EC00204657B16468002CF6D1DDF80CB04544F8
:10C5FC00AB45DFD805B0BDE8F08FD4F800C0CDF85E
:10C60C0000A0DCF800B0D847636868B1B9F1000F3E
:10C61C000FD0C9F80430F368A1466360F460A660DB
:10C62C001C46002CD8D1E0E7A1461C46002CD3D1E7
:10C63C00DBE70B4A1360EEE76368B9F1000F08D033
:10C64C00C9F804300023C4E90136F46005B0BDE834
:10C65C00F08F034A1360F5E7DFF810809EE700BF08
:10C66C00CC87002049790020407900207892002066
:10C67C00C36B2BB11A68544952688A421DD170475A
:10C68C00816A0246096B00B5087E83B081F82430BC
:10C69C00092810D8DFE800F01427354F5E6C877638
:10C6AC00810508460191FFF755FF0A20474B0022F0
:10C6BC0001991A70087603B000BD01461846104760
:10C6CC0008680123DFF80CC142689CF807C06FF3BF
:10C6DC001A4242EA0C42426008460B7603B05DF8FF
:10C6EC0004EBFFF725BE3A4A02230868B2F802C0F1
:10C6FC0081F815C0426822F07F0242EA0C024260C7
:10C70C00EAE7344B988893F80FC09A7BA1F819008C
:10C71C00986842EA0C0293F806C0C1F81E00187C17
:10C72C0081F81BC098701043B3F80EC0A3F800C07A
:10C73C0008D00323D0E7274B1A79032A02D95A7958
:10C74C00032A36D0072308460B7603B05DF804EBBA
:10C75C00FFF7EEBD00200191FFF7BAFE1D4B0199CA
:10C76C005A78002A2CD19B78002BEBD00623B3E708
:10C77C0001200191FFF7ACFE164B01999B78002B21
:10C78C00F4D1DFE7134A082313485288B2F5006F3F
:10C79C0028BF4FF4006202809EE70E4A0923B2F8CC
:10C7AC0007208A8398E702200191FFF791FE0199F7
:10C7BC00C8E7D8881A78488422B95A78002AD2D087
:10C7CC00052389E7042387E7290100009C920020B8
:10C7DC00408100204079002078920020002835D03C
:10C7EC00F8B5C46806466CB1194D0027236820467D
:10C7FC001B69984723462A68A76064682B605A60B7
:10C80C00002CF3D174682CB12046A46BFFF710FCFC
:10C81C00002CF9D13068FFF70BFC0E490B6893B173
:10C82C00002201E0224673B11C469B68A642F9D156
:10C83C0052B19360206908B104F08EFB2046BDE82C
:10C84C00F84004F057BBF8BD0B60F3E7704700BF2E
:10C85C00CC87002028880020704700BF704700BF9D
:10C86C00704700BF704700BFCB0800EBD10C11F034
:10C87C00070102D1DAB1084607E0C05C0841C1F1FA
:10C88C000801914209D20CF1010C1CF8013B8B40C0
:10C89C0008318A4240EA0300F7D88A4206D20123C3
:10C8AC009340013B03401F2A98BF1846704710461F
:10C8BC00704700BF2DE9F04F85B00E9C182C03D9A2
:10C8CC00013A18BF01221AB1002005B0BDE8F08F63
:10C8DC0093F804C00CF1FF3EBEF1010FF4D893F8AD
:10C8EC0005E0BEF1030FEFD15C7A082C2746EBD99B
:10C8FC009D7A212DE8D19D7B002DE5D0062615FBD8
:10C90C000E6EA645E0D109340E9EB442A046DBD88B
:10C91C0005EB450603F10F0502E003329642D3D036
:10C92C0015F802E0BEF1220FF7D11A44B0F83C47DB
:10C93C00557C127C42EA05229442A0F8BC20C3D359
:10C94C00CCEBCC020E9D44464244AA42BCD8BCF16E
:10C95C00010F99460E4680461B5D7CD0072BB3D148
:10C96C0009EB07039A7A052AAED11A7B032AABD1BD
:10C97C00DC7A14F00F0C2746A6D01A7C072AA3D118
:10C98C005A7C052AA0D1D97C03299DD19A7C1546C5
:10C99C0012F00F0298D093F80EE0587B40EA0E2A62
:10C9AC00187D93F815E040EA0E2B04F0F000DC7BC8
:10C9BC0080289B7D0294039379D00F2F84D805F0A7
:10C9CC00F003802B80D1039B30460391CDE900B35B
:10C9DC000123FFF781FA029B3A4603990193002346
:10C9EC00C8F80C003046CDF800A0FFF775FA594690
:10C9FC005246A8F82E203B4AA8F82C10C8F8100074
:10CA0C00C263D8F80C303046374A3849DA63002311
:10CA1C00C8E90533C8E90733C8E9093399F8022096
:10CA2C00B8F8BC3088F83E2799F8062088F83020F2
:10CA3C0099F8072088F8312099F8022042EA03423D
:10CA4C004346C8E90D1208F5667208F13401FEF789
:10CA5C00F3FD012039E7072B7FF436AF09EB070014
:10CA6C00837A052B7FF430AF017B03297FF42CAF45
:10CA7C00C37A13F00F023FF427AF03F0F003802BBF
:10CA8C007FF422AF90F80EE0634690F80DC0C07BA7
:10CA9C004CEA0E24CDE900403046FFF71DFA002386
:10CAAC00A8F82C40C8F80C00C8F81030A9E70F2DD6
:10CABC003FF60AAF6246012330460194CDF800A040
:10CACC000291FFF709FA039B2A460299019300236E
:10CADC00C8F80C003046CDF800B0FFF7FDF9514610
:10CAEC005A4686E7B1AA00000DB500008106002267
:10CAFC00406920B10368034A1B6A934200D1704716
:10CB0C00184700BF5D910000F0B500F1100383B031
:10CB1C0007460A4E002500F1280453F8040F20B1F3
:10CB2C000268D269B24204D11D60A342F5D103B0B0
:10CB3C00F0BD0193B9689047019BF5E755A700003C
:10CB4C0010B504460321C03004F026FA04F5F07049
:10CB5C00052104F039FA04F54870012104F04EFA6D
:10CB6C002046BDE81040FFF779BB00BFD0F8682322
:10CB7C00CB6A934214D0D0F86C23934218D0D0F8DF
:10CB8C007023934216D0D0F874239A4214D0406983
:10CB9C0020B10368094A9B68934200D1704718473B
:10CBAC00012290F8783323EA020380F87833EEE719
:10CBBC000222F6E70422F4E70822F2E7599100007A
:10CBCC00C36B1BB101461846FFF7D0BF704700BFBF
:10CBDC00C38D002B4DD070B50C46016982B0002975
:10CBEC0044D0D0F86813002945D090F879E390F838
:10CBFC0078133EEA010C39D0B2F1FF3F14BF154651
:10CC0C001D464FF0000C012313EA0E0F0CF101022C
:10CC1C002CD019423ED05FFA82FC5B00BCF1040FB1
:10CC2C00F2D1D0F868331E462A4601902146304690
:10CC3C0007F0E4FD1C4A019B96420FD926F01F0118
:10CC4C007019BFF34F8F4FF0E022C2F8701F2031E4
:10CC5C008842FAD8BFF34F8FBFF36F8F2A46314605
:10CC6C00186902B0BDE87040FEF78EBD002002B01E
:10CC7C0070BD00207047D0F838174FF0030EC91A5A
:10CC8C0080F879E3C0F86813C91AC0F86C13C0F8BF
:10CC9C003817ACE70B430CF1DA0C80F8783350F80A
:10CCAC002C301E46C0E700BFFFFF1F2000B5DDE99A
:10CCBC0001CE11B3C0F8681301210B462AB1013320
:10CCCC00DA31DBB240F821201946BCF1000F05D057
:10CCDC000133DA31DBB240F821C01946BEF1000F46
:10CCEC0005D0013301F1DA0CD9B240F82CE0012364
:10CCFC008B40013B80F8793300BD0B46DEE700BF6B
:10CD0C0041EA0221009A41EA0341019B42EA034CA9
:10CD1C000346029AC0E90D1C00F134018068FEF74D
:10CD2C008BBC00BF064A0021136841602BB11A4628
:10CD3C005B68002BFBD1506070471060704700BFE0
:10CD4C0064890020F8B50D4B1C687CB105460F4674
:10CD5C0001E0646854B120683B46AA68294606681D
:10CD6C002046B0470028F4D0022801D02046F8BD58
:10CD7C000123204685F87A33F8BD00BF6489002072
:10CD8C002DE9F04300F56672B0F8BC40002583B085
:10CD9C001444074680F8BE50A24229D22E4629469A
:10CDAC00A8464FF001091378FE2B37D003F003008F
:10CDBC0002283DD0032837D0012832D00132002080
:10CDCC00A24213D803F0FC03842B41D01ED9B02B04
:10CDDC003AD031D8902B37D0A02B05D10EB9052DD8
:10CDEC0039D901360021F6B29442DCD8052D3FD852
:10CDFC00C5F10602681D0021D2B2C0B2920007EB49
:10CE0C00800003B0BDE8F0430AF0C2BF082B1DD070
:10CE1C00802B19D0042B08BF8046E5E702F20112E3
:10CE2C00E2E750780232CBE7D2F801000532C7E7CF
:10CE3C00B2F801000332C3E7C02BD5D1002E18BFC6
:10CE4C00013E0021F6B2CFE70021CDE781B2CBE75E
:10CE5C0087F8BE90C8E741EA084138460192FFF7CF
:10CE6C0071FF6B1C07EB8505019A6861DDB2B8E7B1
:10CE7C0003B0BDE8F08300BF034640690A4610B515
:10CE8C0082B028B10468DFF8D4C0E46864454ED1A0
:10CE9C002F49506B884201D002B010BDB3F8BC10C2
:10CEAC00126B8A42F8D118460093FFF769FF009B7A
:10CEBC00D3F858139A8D002941D0D8680093FEF707
:10CECC0063FC009BD3F85C1321B19A8DD868FEF7F4
:10CEDC005BFC009BD3F8601329B19A8DD868009342
:10CEEC00FEF752FC009BD3F8641329B19A8DD868D5
:10CEFC000093FEF749FC009B986840F24C52C18BA2
:10CF0C009142C9D1028CB2F51A7F03D040F22F4165
:10CF1C008A42C1D10F494FF48022C3E90D120E4A47
:10CF2C0003F1340102B0BDE81040FEF785BBCDE93A
:10CF3C000031A047DDE900320028ADD1A8E7D3F8D5
:10CF4C003817891A881AC3E9D610C3F83807B4E71A
:10CF5C00810600222109F403442B00200D900000CF
:10CF6C002DE9F04FB0F8BC3000F56675A7B08146DE
:10CF7C00EC180D911AA80A92002130220AF008FF31
:10CF8C00A54250D20026CDF82C903746B246B34677
:10CF9C00B046089604960F960796099603960C963B
:10CFAC000E96CDE905662B78FE2B00F0588103F028
:10CFBC000301022900F06181032900F05A81012943
:10CFCC0000F0548101350022A5422CD803F0FC035B
:10CFDC00A02B00F25681732B70D8043BD8B22428B6
:10CFEC001FD8242B1DD8DFE803F0641C1C1C531C19
:10CFFC001C1C1C1C1C1C1C1C1C1C491C1C1C3A1C1A
:10D00C001C1C1C1C1C1C1C1C1C1C301C1C1C210057
:10D01C00002E00F052810136F6B200231F469A46CC
:10D02C001A93A542BFD327B0BDE8F08FBAF1FF0F1A
:10D03C0000F06B810223A5424FF000074FF0FF0A6E
:10D04C00ADF86A200393AED3EDE7012900F085819A
:10D05C00022900F08881A5420892A4D3E3E7BAF133
:10D06C00FF0F00F065810123A5424FF000074FF040
:10D07C00FF0AADF86820039395D3D4E7012900F09B
:10D08C006681022900F07281A54204928BD3CAE713
:10D09C00BAF1170FC5D81F2AC3D90DEB4A03A54205
:10D0AC000AF1010AA3F868205FFA8AFAFFF47BAF51
:10D0BC00B9E7A5420792FFF476AFB4E7743B2C2B8B
:10D0CC00AFD801A151F823F037B1000013AF000025
:10D0DC0013AF000013AF000013AF000013AF00003C
:10D0EC0013AF000013AF000013AF000013AF00002C
:10D0FC0013AF000013AF000079B0000013AF0000B5
:10D10C0013AF000013AF00006DB0000013AF0000B0
:10D11C0013AF000013AF000013AF000013AF0000FB
:10D12C0013AF000013AF000013AF000013AF0000EB
:10D13C0013AF000013AF00000BAF000013AF0000E3
:10D14C0013AF000013AF000043B1000013AF000099
:10D15C0013AF000013AF000013AF000013AF0000BB
:10D16C0013AF000013AF000013AF000013AF0000AB
:10D17C0013AF000013AF000001AF0000D3B2A54203
:10D18C000993FFF410AF4EE70B9B93F8BE30002BC6
:10D19C0040F0A780B8F1000F00F0AE80D30700F18B
:10D1AC00AB80D8F80030D3F81090AF4B994540F0D5
:10D1BC00C18112F0020940F02B81002F00F0D980C0
:10D1CC00069B012B40F0D580059B002B3FF425AF2F
:10D1DC00BDF86A2003EB0B0A0799CDF84090BDF817
:10D1EC006890139414964C461646DFF88492CDE959
:10D1FC0011750F0416E0651C012259460A983C4330
:10D20C00FFF732FB049AD8F80030002A5B69C0F2B1
:10D21C00E0804B4540F0EC800BF1010BDA4500F05F
:10D22C00EC802C46B442E6D3DDE910329A4240F24F
:10D23C00DD805A1CD3B20DEB83021093B2F8685008
:10D24C00B2F86A60D8E793B2A5420693FFF4ABAE8E
:10D25C00E9E693B2A5420593FFF4A5AEE3E66B783D
:10D26C0003331D44A542FFF49EAEDCE66A7802351A
:10D27C00AAE6D5F801200535A6E6B5F80120033558
:10D28C00A2E6B02B3FF4C9AEC02B7FF4CAAE002E81
:10D29C003FF4C3AE013E16F0FF067FF4BEAEB8F10C
:10D2AC00000F3FF4BAAED8F80030704A9B69934235
:10D2BC0040F03D810026B046AFE6BDF86830079AD5
:10D2CC0043EA02430E930C9B052B3CD80B9A013678
:10D2DC0002EB83020133F6B2DBB2D2F814800C936A
:10D2EC009BE69DF83430099999423FF453AF0023E3
:10D2FC001F469A461A9394E6DDE9053202FB03BBFE
:10D30C0000231F469A461A938BE6039B43F00201B7
:10D31C000DEB870303290391A3F86A207FF481AEF8
:10D32C0001370023A542FFB20393FFF43CAE7AE62B
:10D33C00039B43F001010DEB870303290391A3F831
:10D34C006820EDD06DE6B0460136F6B265E653B214
:10D35C00A5420493FFF427AE65E653B2A5420893A9
:10D36C00FFF421AE5FE613B208935AE613B20493AE
:10D37C0057E6059B002B3FF450AE5F461095119479
:10D38C00DFF8ECA0059D069CCDE9126B049EDDF840
:10D39C0028B000E09946224639465846FFF764FA11
:10D3AC00B04207DB089B984204DCD8F800305B697C
:10D3BC00534526D109F1010327449D42EAD1069A2F
:10D3CC00DDE9126BDDE9105402EB0B0309FB023BA8
:10D3DC0023E610F0010F0CBF02464FF0FF324B4515
:10D3EC003FF41AAF21464046984715E7254603E718
:10D3FC0002462146404698470EE7DDE91254149E3A
:10D40C000BE6079A40EA0241012240469847D1E7D1
:10D41C00BAF1180F40F297800123BDF86890BDF85F
:10D42C006AE01093059B002B3FF4F7AD069B4FF081
:10D43C00000A0F4903F1FF3C079A0F910121CDF827
:10D44C0064B001FA0CF1CDF84CA01497CDF844E07F
:10D45C00CDF848C0CDE91515CDE917461D465C46FB
:10D46C004FEA024B22E000BF49A7000051A7000081
:10D47C004DA70000119B994537D24E4609F1010981
:10D48C002A4621460A984BEA0607FFF7EDF9049A5B
:10D49C00D8F80030002A5B6917DB0F9A934234D11D
:10D4AC000AF1010A059B2C44534535D9109B002BDE
:10D4BC00E0D10DEB490309F10109B9F1170FB3F8EC
:10D4CC00686028BF4FF01709DAE7129A1E2AE4D8D1
:10D4DC00159A02424FF0010202FA05F2C2F1000263
:10D4EC0042EA000218BF1046D7E7DDE913329A4230
:10D4FC0010D95A1C4E46D3B20DEB83021393B2F8DB
:10D50C006A30B2F868901193BAE702463946404641
:10D51C009847C5E74E46B3E7DDF864B00F96189E02
:10D52C00DDE90523DDE9165402FB03BB75E5404636
:10D53C009847BFE6089B4046109200930E99049BB7
:10D54C00C847109A35E6059B012B8CBF012300239D
:10D55C00BAF1010F88BF0023109353B1BAF1010F38
:10D56C000CD00F9B4FF6FF7E03F47F4909F58079B1
:10D57C005CE74FF6FF7EDDF8409053E7BDF868900E
:10D58C004FF6FF7E52E700BF30B50446406983B0CA
:10D59C00D1E90B5328B10268DFF87CC052686245B0
:10D5AC0032D194F8BE20F2B1012B23D8194B9D42F5
:10D5BC0010D9A28D25F01F032A44BFF34F8F4FF0D3
:10D5CC00E021C1F8703F20339A42FAD8BFF34F8F55
:10D5DC00BFF36F8F2346A28D2946E06803B0BDE8E8
:10D5EC003040FEF7D1B82A464FF480712046FFF741
:10D5FC00B7FCDBE72A46013B204612F8011B41F43D
:10D60C008071FFF7ADFCD1E701939047019B002897
:10D61C00CCD1C6E7FFFF1F2055910000C36B1BB197
:10D62C0001461846FFF7B0BF704700BF002A77D1FC
:10D63C005B4ADFF870C1C0F83823C0F854C34A7E87
:10D64C00092A6DD18A7E002A6AD191F81BC0BCF1DF
:10D65C00020F65D838B580F8B023049A0F2A61D927
:10D66C0022F00F0C03F11002634403F1100E02E0E0
:10D67C001032724558D012F810CCBCF1090FF7D10A
:10D68C0012F80F3C042BF3D112F80C3C012BEFD108
:10D69C0012F80B3C092BEBD112F8093C022BE7D802
:10D6AC0012F807CCBCF1070FE2D112F806CCBCF192
:10D6BC00050FDDD112F805CC0CF0F00CBCF1800F8D
:10D6CC00D6D112F804CCBCF1030FD1D112F803CC93
:10D6DC00BCF1010FCCD112F802CCBCF1000FC7D1B8
:10D6EC0090F8B0C3BCF1000F4FD112F80E3C80F88B
:10D6FC00B13312F80D3C80F8B23312F8093C80F8C3
:10D70C00B33312F8053C03F00F0380F8B43312F86E
:10D71C00013C80F8B5330CF1010C80F8B0C3A7E7DD
:10D72C0000207047002038BD90F8B033002BF9D0A2
:10D73C0003460022DFF870E04FF4801CC3F8BC23D2
:10D74C00084683F8B62303F55C71C3F87823C3F855
:10D75C009823A3F8B923C3F8BF23C3F87C23C3F8D9
:10D76C008023C3F88423C3F88823C3F88C23C3F81D
:10D77C009023C3F8942303F56872C3F870E3C3F8DD
:10D78C0074C3FDF759FF012038BD90F8B14312F86E
:10D79C000E5CAC42CCD190F8B3439C42BBD2A8E710
:10D7AC00F00C0020D80C0020A006002970B590F8D1
:10D7BC00B633044663B100F55E76002556F8040FC7
:10D7CC0018B1FFF70BF894F8B6330135AB42F5D826
:10D7DC000023C4F8BC3384F8B633C4F87833C4F8E7
:10D7EC009833A4F8B933C4F8BF33C4F87C33C4F805
:10D7FC008033C4F88433C4F88833C4F88C33C4F849
:10D80C009033C4F89433C4F8C333C4F8C73384F8E2
:10D81C00CB3370BD10B5044607210C3003F0A4FBCC
:10D82C0004F5A070022103F0B7FB04F5007004218D
:10D83C0003F0CAFB04F54070012103F0DFFB204626
:10D84C00BDE81040FEF70ABD09B390F8B6338B4221
:10D85C001DD34FF0010C10B590F8B92382B00CFA1F
:10D86C0001F4AAB9034680F8B9C30D480193C3E982
:10D87C00DC0103F55C719868FDF7DEFE019B93F803
:10D88C00C32322EA040283F8C32302B010BD7047FD
:10D89C0090F8C333234380F8C33302B010BD00BFEC
:10D8AC002303080090F8B6338B422CD3012210B519
:10D8BC0090F8B93382B002FA01F4EBB900290346AF
:10D8CC0080F8B92341F480210CBFA020A32003F5DC
:10D8DC006772C3F87413C3F8700303F55C7198682E
:10D8EC000193FDF7A9FE019B93F8C42322EA0402DD
:10D8FC0083F8C42302B010BD90F8C433234380F8DE
:10D90C00C43302B010BD704730B5044683B00091EB
:10D91C0006F01AFC04F54E7200998A4227D004F5E1
:10D92C005573994201D003B030BD94F8BA23002A44
:10D93C00F9D0531E234493F8BC130829F3D1A168E2
:10D94C004FF0000594F8BB0384F8BA53497D01935A
:10D95C000092FEF793FC009A174904EB8204019B9A
:10D96C0009220D70C4F8780383F8BC23DBE794F824
:10D97C00CB331D46002BD6D094F8B603A0B10121B1
:10D98C0002E0013188420FD301238B402B42F8D0A7
:10D99C002046CDE90012FFF785FF94F8B603DDE9C8
:10D9AC00001201318842EFD244F62061104603B0D8
:10D9BC00BDE83040FDF71EBD9B92002070B5C56BD5
:10D9CC0005B30024012604E0013495F8B6339C42DB
:10D9DC000ED806FA04F2D5F898331A42F4D0214640
:10D9EC002846FFF75FFF013495F8B6339C42F0D917
:10D9FC002B4605F56671D5F878030122BDE8704019
:10DA0C00FDF7C2BE70BD00BF09B390F8B6338B42B0
:10DA1C001DD34FF0010C10B590F8B92382B00CFA5D
:10DA2C0001F4AAB9034680F8B9C30D480193C3E9C0
:10DA3C00DC0103F55C719868FDF7FEFD019B93F822
:10DA4C00C52322EA040283F8C52302B010BD704737
:10DA5C0090F8C533234380F8C53302B010BD00BF26
:10DA6C002301100009B390F8B6338B421DD34FF04D
:10DA7C00010C10B590F8B92382B00CFA01F4AAB9D4
:10DA8C00034680F8B9C30D480193C3E9DC0103F5E3
:10DA9C005C719868FDF7D0FD019B93F8C62322EAD0
:10DAAC00040283F8C62302B010BD704790F8C63349
:10DABC00234380F8C63302B010BD00BF2301110010
:10DACC0009B390F8B6338B421DD34FF0010C10B54F
:10DADC0090F8B92382B00CFA01F4AAB9034680F885
:10DAEC00B9C30D480193C3E9DC0103F55C71986877
:10DAFC00FDF7A2FD019B93F8C72322EA040283F8E9
:10DB0C00C72302B010BD704790F8C733234380F889
:10DB1C00C73302B010BD00BF2301120009B390F847
:10DB2C00B6338B421DD34FF0010C10B590F8B923CE
:10DB3C0082B00CFA01F4AAB9034680F8B9C30D48B7
:10DB4C000193C3E9DC0103F55C719868FDF774FD82
:10DB5C00019B93F8C82322EA040283F8C82302B07D
:10DB6C0010BD704790F8C833234380F8C83302B017
:10DB7C0010BD00BF2301130009B390F8B6338B42DC
:10DB8C001DD34FF0010C10B590F8B92382B00CFAEC
:10DB9C0001F4AAB9034680F8B9C30D480193C3E94F
:10DBAC00DC0103F55C719868FDF746FD019B93F869
:10DBBC00C92322EA040283F8C92302B010BD7047BE
:10DBCC0090F8C933234380F8C93302B010BD00BFAD
:10DBDC002301140009B390F8B6338B421DD34FF0D8
:10DBEC00010C10B590F8B92382B00CFA01F4AAB963
:10DBFC00034680F8B9C30D480193C3E9DC0103F572
:10DC0C005C719868FDF718FD019B93F8CA2322EA12
:10DC1C00040283F8CA2302B010BD704790F8CA33CF
:10DC2C00234380F8CA3302B010BD00BF23030400A5
:10DC3C004B1E034470B5044693F8BC0382B00D46EA
:10DC4C00092809D8DFE800F01D1D0A0A0A0A0A3261
:10DC5C00054D12F001025CD002B070BDD60766D53E
:10DC6C000130C0B2072883F8BC03F5D1454A1178BE
:10DC7C0019B945490978002972D0062283F8BC23CA
:10DC8C00EAE7D207E8D5022283F8BC2394F8CB3319
:10DC9C00002B5CD0012229462046AA40134384F86D
:10DCAC00CB3302B0BDE87040FFF7AEBE9107D0D5C4
:10DCBC0029462046CDE90032FFF75EFF009B082184
:10DCCC00019A83F8BC1393053DD5012246F2A811A5
:10DCDC0004F5557084F8BB2302B0BDE87040FDF725
:10DCEC0089BB12F00102B7D1CDE9002304EB850307
:10DCFC00D3F878031E46FEF771FD009A294620469C
:10DD0C00C6F87823FFF780FE0122019B83F8BC2321
:10DD1C00A2E729462046CDE90023FFF775FE1948F6
:10DD2C000121009A019B027083F8BC1394E7012136
:10DD3C0094F8CB2301FA05F522EA050284F8CB23EB
:10DD4C0083F8BC1388E7C2F380225200BEE744F686
:10DD5C00206104F54E70FDF74DFB94F8CB3399E739
:10DD6C0001211170A94094F8CB2322EA0102294623
:10DD7C0084F8CB2383F8BC032046FFF72BFF84F8F1
:10DD8C00BA5369E79B9200209C92002000222DE957
:10DD9C00F041864D82B080F8B92304464B6B0E8F50
:10DDAC00AB426BD0824DAB4236D0A32B03D10B6B65
:10DDBC00042B00F0B78094F8C313002940F0868040
:10DDCC0094F8C513002940F0BF8094F8C6130029BD
:10DDDC0040F09E8094F8C713002940F0BF8094F85F
:10DDEC00C813002940F0CE8094F8C913002940F0E4
:10DDFC00D38094F8C413002940F0BA8094F8CA1365
:10DE0C00002960D091FAA1F12046B1FA81F102B05B
:10DE1C00BDE8F041FFF7DEBE94F8B013B0F8A233C2
:10DE2C00012990F8A503A4F8B63384F8B80357D8A1
:10DE3C00DBB2002BBFD001252F4614E05B4884F8E1
:10DE4C00B973C4E9DC05A068FDF7F6FB94F8C3339D
:10DE5C0023EA0603013594F8B61394F8B923A942C2
:10DE6C0084F8C3332CD3234604F55C7107FA05F60A
:10DE7C00002AE3D094F8C3333343EBE790F8B6337E
:10DE8C00B34298D1D0F87833002B94D1012590F877
:10DE9C00B50394F8B42303212B46CDE90050A068B8
:10DEAC00FEF71AF8434B01462A46C4F87803496832
:10DEBC0004F56671C3632346FDF766FC94F8B92339
:10DECC00002A3FF478AF02B0BDE8F08191FAA1F1DD
:10DEDC002046B1FA81F102B0BDE8F041FFF7B4BCC5
:10DEEC0094F8B23340F6013194F8B10341EA03419E
:10DEFC002346C4E9DC1004F55C71A068FDF79CFBBB
:10DF0C00012294F8B63384F8B923002B93D1DAE7C5
:10DF1C0091FAA1F12046B1FA81F102B0BDE8F041CD
:10DF2C00FFF7A0BD002E3FF446AF90F8B6339E42EB
:10DF3C003FF641AFCB6A31461A68FFF779FE94F889
:10DF4C00B923002ABFD136E791FAA1F12046B1FAE4
:10DF5C0081F102B0BDE8F041FFF756BD91FAA1F195
:10DF6C002046B1FA81F102B0BDE8F041FFF7A8BD3F
:10DF7C0091FAA1F12046B1FA81F102B0BDE8F0416D
:10DF8C00FFF790BC91FAA1F12046B1FA81F102B0F1
:10DF9C00BDE8F041FFF7C2BD91FAA1F12046B1FAFC
:10DFAC0081F102B0BDE8F041FFF7E6BD23030800A4
:10DFBC00A0060029ADB80000704700BF4FEA114C15
:10DFCC008BB2BCF1090F30B516D1ABB1202B18D8E0
:10DFDC00013B4FF0010C416C0CFA03F303EA010E08
:10DFEC00002A40F08380BEF1000F04D021EA030127
:10DFFC0080F841C0416430BDBCF1010FA3F1300E7B
:10E00C0045D0B0F860E1E645F5D1B0F862C19C4569
:10E01C00F1D8B0F864E1E6449E45ECD9CCF10A0C99
:10E02C008C441FFA8CF33F2BE5D800EB83044FF0A4
:10E03C00010EA3F12001C3F1200CA56C0EFA03F321
:10E04C000EFA01F12EFA0CFC954241EA0C0117D0A4
:10E05C00A264D0F85441D0F8502141EA040CD0F815
:10E06C0058411A43C0F854C1C0F850212240D0F88E
:10E07C005C410CEA040C52EA0C0218BF80F841E037
:10E08C00D0E9524223430A43C0E9523230BDBEF1BB
:10E09C00090FB6D80121D0F8484100EB830301FAEF
:10E0AC000EFE44EA0E0CD0F84C41C0F848C144EACC
:10E0BC00EE7CC0F84CC153F8784C94429BD043F89A
:10E0CC00782CD0F85841D0E954324EEA030342EA96
:10E0DC00EE72C0F850312340D0F85C41C0F85421A6
:10E0EC002240134387D080F8411030BDBEF1000FA1
:10E0FC0081D10B4380F841C0436430BDA0F10C00CA
:10E10C00FFF75CBF90F8413013B1012380F8423027
:10E11C00704700BF01207047704700BF704700BFB9
:10E12C0000220023C0E95223C0E95423704700BFEA
:10E13C000368DFF810C0DB69634501D1FFF73EBF10
:10E14C00184700BFADBE000000234362436380F854
:10E15C006C3180F82030704770B50D4682B00646A1
:10E16C0011492B6B11480193EB6A0093D5E90D23F0
:10E17C0005F022FCEC6A74B12B8E63B1102B94BFAA
:10E18C00E51804F1100514F8012B0949074805F0AE
:10E19C0013FCAC42F7D10749044805F00DFC0020F4
:10E1AC0086F8240502B070BD000D0020F029002077
:10E1BC002C0D0020BC0D0020A0F10C00FFF7CCBFF3
:10E1CC0090F87431013BDBB280F874313BB9436198
:10E1DC0003639FED037B80ED527B80ED547B704796
:10E1EC00000000000000000070B50D4682B0114622
:10E1FC001E46044602462B461148CDE9001611492D
:10E20C0005F0DAFB606910B1002002B070BDA36AA2
:10E21C000BB1AB42F9D10C4BF318012B02D90B4BC0
:10E22C009E42F1D10A49064805F0C6FBAA6823684C
:10E23C0020469B6CC4E909259847012002B070BDAB
:10E24C00F0290020340D0020FCFFFEFF0800010027
:10E25C00800D0020A0F11800FFF7C6BFD0F800C059
:10E26C0000B5DCF818E0DFF810C0E64500D100BDC1
:10E27C00F4465DF804EB6047A9BE0000704700BF90
:10E28C00012070470023C360C36180F854310372CE
:10E29C00704700BF02680649526A8A4207D190F85B
:10E2AC0041201AB1012280F8422070477047104774
:10E2BC00F5BF000090F8353013B1012380F83630EB
:10E2CC00704700BF0000000090F86831013BDBB2E2
:10E2DC0080F868313BB9836043629FED037B80ED2E
:10E2EC004F7B80ED517B7047000000000000000068
:10E2FC0003680D4A9B6A934210D190F87431013B2C
:10E30C00DBB280F8743143B9436103639FED047B46
:10E31C0080ED527B80ED547B70477047184700BFEF
:10E32C000000000000000000B1C0000050F8182CE4
:10E33C00034607491838526A8A4207D193F82920B4
:10E34C001AB1012283F82A2070477047104700BF8A
:10E35C00F5BF00000000000050F8183C0E4A9B6A04
:10E36C00934211D190F85C31013BDBB280F85C3107
:10E37C004BB940F8043C83619FED057B80ED4C7BF1
:10E38C0080ED4E7B7047704718381847AFF300800C
:10E39C000000000000000000B1C0000050F8183C64
:10E3AC001838DB69184700BFA0F1180C50F8180C8E
:10E3BC0000B5D0F818E00448864504D06046F44611
:10E3CC005DF804EB604700BDA9BE0000002B18BF30
:10E3DC00002801D012B109B900207047FDF7D4B95B
:10E3EC002DE9F04F0F46416985B019B1002005B0F9
:10E3FC00BDE8F08F81680029F8D1013A18BF0122DD
:10E40C00002AF3D1F98B3C8CDFF8C8C104E001324F
:10E41C000CF1060C0F2AE9D0BCF800E08E45F6D1C1
:10E42C00BCF802E0A645F2D16A4902EB420201EBCC
:10E43C00420251790029D9D111790E9A8946162AAE
:10E44C00D4D9B1FA81F252090029CFD01979012916
:10E45C00CCD95979FF29C9D180F89524C0F89624D4
:10E46C009A7A222A00F0818009214FF0000B4FF09C
:10E47C00000A4FF000080E9A8A42B7D95A5C03EB97
:10E48C00010C072A4DD0114490F89524B8F1000FD7
:10E49C00F1D0B2FA82F67609002AECD0CDF804A0BD
:10E4AC000446B0F8963402F00F020321384600936C
:10E4BC000123FDF711FDC4F89C04002896D0CDF87B
:10E4CC0004B04246B4F898343846032100933346DE
:10E4DC00FDF702FDC4F8A004002887D0D4F89C04F2
:10E4EC0004F2A4413C4BB4F89624C3632346FDF7D5
:10E4FC004BF93A4BD4F8A004B9F1030FC36345D0E0
:10E50C00B9F1040F4ED0B9F1070F56D04FF4807209
:10E51C00002104F1480009F03BFC012084F82C9008
:10E52C0065E79CF801E0BEF1050FACD19CF803E067
:10E53C00BEF1030FA7D10D1D5C5D402CA646A2D8E1
:10E54C009CF80540002C9ED19CF902608A1D9CF819
:10E55C000240002E03940EDBA0F898E49A5CDDF8E0
:10E56C000C8093469CF800208DE75A7A142A7FF48D
:10E57C003DAF1D2179E780F8954413F805E0A0F82C
:10E58C0096E49A5C92469CF800207CE740F20142AB
:10E59C002346134900920522FFF718FF012384F844
:10E5AC006C31B3E740F204430C220E49009323462E
:10E5BC00FFF70CFF84F86C61A8E740F20742234692
:10E5CC00094900920222FFF701FF012384F86C3104
:10E5DC009CE700BFE82A002041DB00000DC00000D2
:10E5EC00CC2A0020D42A0020C82A002010B50446CA
:10E5FC00032100F5C07002F0CFFC04F52870072150
:10E60C0002F0E2FC012104F58C6002F0F7FC2046DC
:10E61C00FDF724FE04F10C00FEF784FB04F1180056
:10E62C00BDE81040FCF780BD30B5046B97B054B317
:10E63C0001901E2200210DF10A0009F0A9FB019B9B
:10E64C004FF605724FF0000C93F866112046ADF8AA
:10E65C00082061F3070C93F8672102A962F30F2CD1
:10E66C0093F8692162F3174C93F86A2193F86B3194
:10E67C0062F31F6C20228DF81030CDF80CC0FEF721
:10E68C00A7FA17B030BD426B154612B9104617B039
:10E69C0030BD214601904C220DF10B0009F078FBA6
:10E6AC0041F25212019B2846ADF80820802293F8C3
:10E6BC006AC102A98DF80A20FF228DF80C2093F86C
:10E6CC00662162F3070493F8672162F30F2493F831
:10E6DC00692162F3174493F86B2140236CF31F6498
:10E6EC008DF813204F22CDF80F40FCF755FD01207B
:10E6FC0017B030BD2DE9F041066B84B08446002E76
:10E70C0044D000F2E447444D3C46AE46103410353C
:10E71C00BEE80F0044F8043C404B44F8100C9E45F6
:10E72C0044F80C1C44F8082CEFD19CF866310BBB58
:10E73C001A468CF8E6348CF8E5249CF867211AB359
:10E74C009CF868318CF8E73400249CF86B3121215B
:10E75C008CF8E82430225B000297019209228CF895
:10E76C00ED3440F2012330460094FEF7C9FA04B0B0
:10E77C00BDE8F0819CF868218CF8E6348CF8E5242F
:10E78C009CF86721002ADBD11346DBE7446BCCB342
:10E79C00214F4FF4A97300F2E44800F2E64607F16A
:10E7AC00300EA0F8E4343D46103610370FCD7545C9
:10E7BC0046F8100C46F80C1C46F8082C46F8043C9D
:10E7CC00F1D19CF866310BBB1A468CF8E7249CF807
:10E7DC0067218CF8E834E2B19CF868318CF8E934A4
:10E7EC0020469CF86B3141468CF8EA2432225B00BF
:10E7FC008CF8EF344FF0FF33FCF7CEFC012004B063
:10E80C00BDE8F081204604B0BDE8F0819CF8682199
:10E81C00DBE71346E2E700BF80090020B0090020C7
:10E82C000146006B08B598B1B1F86931022291F834
:10E83C006BC1A1F8E63491F8663101F2E4410A703B
:10E84C00072281F804C08B71BDE80840FEF7C0B9FF
:10E85C00486B00B908BD40F2A222B1F8693191F8B9
:10E86C006BC1A1F8E42491F8662101F2E441A1F80E
:10E87C0003306FF00103CA71322281F805C0FCF736
:10E88C008BFC012008BD00BF70B590F8694182B0C7
:10E89C008C4212D0044690F82C000D4684F86B3153
:10E8AC00431E84F8691184F86A21062B0DD8DFE821
:10E8BC0003F0353B0C41580C0F0090F86A41944220
:10E8CC00E8D190F86B419C42E4D1002002B070BDBD
:10E8DC00636B002B4BD03222002104F2E4400193F5
:10E8EC0009F056FA3E4A84F8F0544FF4D175137877
:10E8FC0004F2E441019884F8E6340133A4F8E454BA
:10E90C0003F00F03137030226FF0010384F8EF242F
:10E91C003222FCF741FC012002B070BD204602B04F
:10E92C00BDE87040FFF7E6BE204602B0BDE870407F
:10E93C00FFF77ABE00234FF400624031D4F8A004F4
:10E94C00A4F8E524C4F8E83484F8E714C4F8EC34EB
:10E95C000028E0D023460C2204F2E441FCF714FF1B
:10E96C00D9E7204602B0BDE87040FFF759BF1D4AF9
:10E97C004FF0010CC4F8E634C4F8EE34C4F8EA34B1
:10E98C00C4F8F234A4F8F6341378206B84F8E53428
:10E99C00634484F8EF1404F2E4411370402344F20E
:10E9AC00010284F8E4C484F8E9340F4BA4F8E7249A
:10E9BC00C4F8EB3418B11422FEF70AF985E7D4F841
:10E9CC00A004002881D023461422FCF7DDFE002889
:10E9DC007FF47BAF0549064804F0EEFF75E700BFF6
:10E9EC008E9200208D92002001404030A80D002016
:10E9FC00F0290020F8B5164690F82C2080F86831E4
:10EA0C000446531E0D4680F8661180F86761062B8C
:10EA1C0000F29980DFE803F04145497B93970400AD
:10EA2C00436B1F46002B00F0AD80322200F2E4470E
:10EA3C00002100F2E44009F0ABF941F2A203A4F882
:10EA4C00E4348A4B1A78102A00F2CE80511C01F063
:10EA5C000F011970334684F8E6242A468449854808
:10EA6C0004F0AAFF55EA06030BD0002E40F0D1802B
:10EA7C00002D00F0CF80804A804BC4F8E724C4F806
:10EA8C00EB344FF000006FF0010332223946A4F84A
:10EA9C00EF04606BFCF780FB37E0BDE8F840FFF754
:10EAAC0029BEBDE8F840FFF7BFBD406B00284CD035
:10EABC0040F2A2334FF06401714AA4F8E4340F23FE
:10EACC0084F8E63440F2FF1315FB013516FB0131D7
:10EADC00FF2384F8EB3482FB05632B4482FB015249
:10EAEC000A445B120021521284F8E73484F8E934AA
:10EAFC006FF0010384F8E82484F8EA240A22A4F8CD
:10EB0C00EC1404F2E441FCF747FB0120F8BD0023B0
:10EB1C005C49002265F30F23C0F8E414D0F8A0047C
:10EB2C0066F31743C4F8EC24C4F8E8340028ECD09E
:10EB3C0023460C2204F2E441FCF726FEE5E7BDE88F
:10EB4C00F840FFF76DBE0020F8BD03464E4A84F82E
:10EB5C00F00461F30703C4F8E424D4F8A0044FF4E0
:10EB6C00706266F30F23C4F8E82443F47F03C4F8FF
:10EB7C00EC340028C9D023460D2204F2E441FCF702
:10EB8C0003FEC2E70A46334640493A4804F014FFF4
:10EB9C001022364B04F2E44184F8E4241A78C4F8C9
:10EBAC00E674102AC4F8EA74C4F8EE74C4F8F2746B
:10EBBC001DD8501C00F00F00187055EA060384F89D
:10EBCC00E5240BD076BB75B3314846F2880261233D
:10EBDC00C4F8E704A4F8EB2484F8ED34206B48B1B6
:10EBEC001222FDF7F5FF90E70121002231E73A46AA
:10EBFC000120E1E7D4F8A004002886D023460C229B
:10EC0C00FCF7C2FD002880D122491A4804F0D4FE3A
:10EC1C007BE7BDB99EB1194A174BC4F8E724C4F879
:10EC2C00EB342EE7CDB9B6B1134844F201024023C0
:10EC3C00C4F8E604A4F8EB2484F8ED34CEE7002DF8
:10EC4C003FF41FAF002E3FF41CAF0B4BC4F8E7345E
:10EC5C00C4F8EB3415E7002DC0D0002EBED0064B07
:10EC6C00C4F8E634C4F8EA34B8E700BF8E9200204A
:10EC7C00C00D0020F0290020288860610001404070
:10EC8C000308208000010FC009000009DC0D0020E2
:10EC9C0001404028A80D002000210022002380F80C
:10ECAC00421080F84110C0E95423C0E95223704748
:10ECBC0038B50C46054613222349204609F0ACF81A
:10ECCC0020B9022385F82C30012038BD0F221F49B2
:10ECDC00204609F0A1F820B90123012085F82C3039
:10ECEC0038BD15221A49204609F096F80028F3D0B1
:10ECFC0011221849204609F08FF818B9052385F818
:10ED0C002C30E1E70D221449204609F085F8B0B10A
:10ED1C000D221249204609F07FF860B10B221049F0
:10ED2C00204609F079F830B10B220E49204609F043
:10ED3C0073F80028C8D1072385F82C30C4E70323C7
:10ED4C0085F82C30C0E700BFFC0D0020100E002011
:10ED5C00200E0020380E00204C0E00205C0E0020EF
:10ED6C006C0E0020780E0020F0B5044683B00D46E2
:10ED7C00214822491F46164604F01EFEA36A23B101
:10ED8C00AB4202D0002003B0F0BD60690028F9D17D
:10ED9C0006F47063B3F5A06FF5D106F03C0397B1A0
:10EDAC00394620460193FFF783FF019B082B0CD1BA
:10EDBC0094F82C30013B062B19D8DFE803F0080B34
:10EDCC000B1808180B00082B04D00120DBE70423D8
:10EDDC0084F820300A49084804F0EEFDA8680121A7
:10EDEC006063C4E90905FCF725FA0220CBE7089B10
:10EDFC00012BEAD1EEE700BFF0290020840E0020A1
:10EE0C00B80E0020A0F11800FFF7AEBF10B50446F5
:10EE1C00FFF74EFF94F82C30022B0AD003F0FB03C3
:10EE2C00012B01D0012010BD0423012084F82030D7
:10EE3C0010BD0123012084F8203010BD10B504460C
:10EE4C001838FFF735FF237D022B07D003F0FB03A7
:10EE5C00012B01D104232372012010BD01230120B9
:10EE6C00237210BD2DE9F04100F2E44704468846B8
:10EE7C0082B016460021322238461D4608F088FF23
:10EE8C004023294A84F8EF8484F8E93484F8EA347E
:10EE9C0084F8ED3484F8EE34137884F8E6340133D6
:10EEAC0003F00F031370002384F8E73484F8EB3479
:10EEBC00012384F8E83484F8EC344FF4D173A4F8CB
:10EECC00E4344DB1334604F2EF42701913F8011BD0
:10EEDC00834202F8011FF9D1606BB0B1089B63B992
:10EEEC006FF0010332223946FCF756F905F02CF984
:10EEFC00C4F8700102B0BDE8F081A06A194600F5B3
:10EF0C006A70FCF777FA606BEAE7334642460749CA
:10EF1C000095074804F050FD05F016F9C4F870018F
:10EF2C0002B0BDE8F08100BF8E920020E80E0020F8
:10EF3C00F029002090F82C300022013B30B504461B
:10EF4C0085B080F86D21062B14D8DFE803F0042D72
:10EF5C001313251315001C4A002301200292ADF84F
:10EF6C000C3005F09BF84FF0FF33062202A9606BC2
:10EF7C00FCF712F905B030BD1449012302AA009127
:10EF8C004FF000010D468DF808100221FFF76AFFC3
:10EF9C0084F86D5105B030BD0023FF22194605B031
:10EFAC00BDE83040FFF770BC40F243230120ADF8C0
:10EFBC00083005F073F84FF0FF33022202A9606BA2
:10EFCC00FCF7EAF805B030BD53F4420390D00300CF
:10EFDC00A0F11800FFF7AEBF10B5036B802480F8CA
:10EFEC00E51480F8E44480F86E119BB1044652B9E4
:10EFFC00022204F2E4411846FDF7EAFD05F0A4F8FC
:10F00C00C4F8700110BD03F55F701146FCF7F2F9FE
:10F01C00236BEDE7D0F8A044002CF3D0034600F2AC
:10F02C00E44112222046BDE81040FCF7ADBB00BF06
:10F03C00DFF824C19C44BCF1010F30B5964685B075
:10F04C0005D9404A934202D0002005B030BD436937
:10F05C000BB17345F8D18268002AF5D190F874C1D0
:10F06C0004464FF0010501630CF1010CC0F814E0EB
:10F07C004023084604F2E4410392CDE9002284F8CF
:10F08C0074C184F84150FDF711FE636984F86C512A
:10F09C00039AD88BB3F820C02B4B03E00132063314
:10F0AC000F2A16D019888142F8D159886145F5D1BB
:10F0BC0002EB4202244B03EB42031A79531E84F8F1
:10F0CC002C20062B08D8DFE803F01D3307071D079B
:10F0DC002700002384F82C304FF0090C2121052047
:10F0EC0040F2FF320023A4F86211A4F8640117491E
:10F0FC00A4F860C11648C4E9562304F05DFC012055
:10F10C0005B030BD4FF0010C4FF4807127204FF04B
:10F11C00FF324FF0FF33E6E70E4A02212046FFF79D
:10F12C005BFF0122002384F8382084F86D31D3E78B
:10F13C004FF47F4C212136206FF440624FF0FF33A7
:10F14C00D1E700BF08000100E82A0020800D002054
:10F15C00F029002090D00300FCFFFEFFA0F10C0072
:10F16C00FFF766BF2DE9F04182B005460F46144605
:10F17C0000211E2200F2E6400193089E08F008FED2
:10F18C0001210022019B61F3070285F8E414402160
:10F19C0061F30F2285F8E91461F31742264967F3EE
:10F1AC001F62C5F8EB2444F20102A5F8E7240A78A3
:10F1BC00013202F00F020A7085F8E5245BB1013BC5
:10F1CC00621E05F2EE4114FA83F312F8010F9A4213
:10F1DC0001F8010FF9D1286B78B1202205F2E44136
:10F1EC00FDF7F6FCDEB904F0AFFFC5F87001642042
:10F1FC0002B0BDE8F04104F051BFD5F8A00428B12D
:10F20C002B4605F2E4412022FCF7BEFA04F09CFFE9
:10F21C00C5F87001002EEAD002B0BDE8F081286B71
:10F22C00314600F55F70FCF7E5F804F08DFFC5F88A
:10F23C00700102B0BDE8F0818E9200208B7B102B08
:10F24C0000D07047F0B5CB7B89B0202B00F0A180AB
:10F25C00802B00F089803D2B40F08B800B7C602B49
:10F26C0040F085804B7D91F816E01A02087D4FEA3C
:10F27C00131CCC7D02F470630A7E4CEA0E1C4FEA20
:10F28C00022E0343C87E12090EF4706E44EA0E047B
:10F29C004FEA002E0009E61A0EF4706E4B7E0296B1
:10F2AC008E7E42EA031591F8242046EA0E0EA5EB59
:10F2BC000C0791F81EC004EB0E0691F82130019456
:10F2CC004FEA1C1403964FF0000E0E7F049440EA94
:10F2DC0006104FEA0C264FEA022C2844120906F4B9
:10F2EC0070641E0207920CF4706206F4706691F85A
:10F2FC001DC00692724605964CEA040C029E67F3FA
:10F30C000F02049C1B0960F31F4266F30F0EC87FAB
:10F31C00039E66F31F4E44EA001691F82000059CEC
:10F32C002043069CACEB000791F8220043EA001343
:10F33C0091F8230091F8251004430798F31A40EA3A
:10F34C0001100CEB0401029130443049019CCD8139
:10F35C008C81A1F800C04E808F800B814881C1E95F
:10F36C0004E2029ACA8002E00B7C602B3FD009B009
:10F37C00F0BD862B01D0982BF9D10B7C602BF6D1EC
:10F38C000B7ECA7D1B02214903F4706313430B836C
:10F39C00EDE70B7C602BEAD14FF0000C1C48624669
:10F3AC008B181432D2B293F815E08A5C42EA0E2222
:10F3BC0020F8022B93F81BE09A7E42EA0E22828000
:10F3CC0093F821E093F8202042EA0E220CF1020E71
:10F3DC00428193F8272093F8263043EA02236246B1
:10F3EC005FFA8EFC0382BCF1060FD9D1BFE701F1A5
:10F3FC001403074817311A7813F801CF42EA0C228C
:10F40C00994220F8022BF6D1B1E700BF48810020C9
:10F41C009C81002010B5044686B041B30B78812B3B
:10F42C0004D0212B02D0002006B010BD206B03911C
:10F43C0000F55F70FCF74CF803990B78812B23D106
:10F44C0094F83830002B40D094F86E2194F86D313C
:10F45C00812A04D094F86F21002A00F092800133A5
:10F46C000022DBB284F86F2184F86D311BE023B3EA
:10F47C0090F838304BB390F86D3180F86F11013340
:10F48C00DBB280F86D310EE02046FFF7D7FE94F822
:10F49C003830D3B194F86D310022013384F86F21E8
:10F4AC00DBB284F86D310A2B0FD8DFE803F0645E11
:10F4BC005852413309261809110090F86D31F2E7C2
:10F4CC00324A04212046FFF787FD012006B010BD0B
:10F4DC006322002384F86D2184F83830F5E7DFF8D7
:10F4EC00ACC03021012304AA8DF810102046032152
:10F4FC00CDF800C0FFF736FEE7E7DFF890C0012338
:10F50C0004AA48212046CDF800C08DF81030FFF732
:10F51C0029FEDAE706201D49012304AA84F86D01AF
:10F52C002046009140218DF81030FFF71BFECCE7F0
:10F53C00DFF858C046F23D011922049105238DF8DD
:10F54C001420204604AA1021CDF800C0FFF70AFEB3
:10F55C00BBE7DFF838C04FF4C1410622EDE7DFF816
:10F56C002CC046F220011822E7E7084A0221204667
:10F57C00FFF732FDA9E7054A03212046FFF72CFDD2
:10F58C00A3E7012284F86F218DE700BF90D0030020
:10F59C00036B6BB110B5044603F55F70FBF798FF76
:10F5AC000022204601231146BDE81040FFF732BF70
:10F5BC00704700BF436A8BB100B583B0019003F56F
:10F5CC005F70FBF785FF019900220123A1F10C006C
:10F5DC00114603B05DF804EBFFF71CBF704700BF8A
:10F5EC0010B5044686B0002936D00B78212B02D0FA
:10F5FC00002006B010BD806A039100F56A70FBF71D
:10F60C0067FF03992046FFF719FE94F83A3003B3CD
:10F61C0094F86D310133DBB284F86D31013B0A2B68
:10F62C0017D8DFE803F02F063D42474D53606D7449
:10F63C002200DFF8F8C046F286011222049105235D
:10F64C008DF81420204604AA1021CDF800C0FFF735
:10F65C0009FC012006B010BD23B190F83A30002B04
:10F66C00D6D1F6E790F86D31D8E7FF2320461A463D
:10F67C001946FFF7BFF90022FF2384F83A2084F8DB
:10F68C006D31E6E7DFF8A4C00021012304AA8DF850
:10F69C00101020460821CDF800C0FFF7E3FBD8E797
:10F6AC00DFF888C046F29801C7E7DFF880C046F261
:10F6BC003D01C2E7DFF874C046F220011822BDE715
:10F6CC00DFF868C04FF4C1411822B7E7DFF85CC01F
:10F6DC00012304AA40212046CDF800C08DF810303B
:10F6EC00FFF7C0FBB5E7DFF844C0012304AA4821AB
:10F6FC002046CDF800C08DF81030FFF7B3FBA8E71B
:10F70C000023012120461A46FFF7BEF8A1E7DFF8D7
:10F71C001CC03021012304AA8DF8101020460321AF
:10F72C00CDF800C0FFF79EFB93E700BF90D003001D
:10F73C00836A6BB110B5044603F56A70FBF7C8FE1B
:10F74C000022204601231146BDE81040FFF748BFB8
:10F75C00704700BF03698BB100B583B0019003F50E
:10F76C006A70FBF7B5FE019900220123A1F1180084
:10F77C00114603B05DF804EBFFF732BF704700BFD2
:10F78C002DE9F0419DF81C409046BDF918004C4DF8
:10F79C00002C64D0B5F91020B5F91240B5F90C6005
:10F7AC00B5F914C0B5F916E0B5F90E509342B8BFCF
:10F7BC0013466045B8BF6046A342A8BF23467045B8
:10F7CC00A3EB0607A8BF70469E4206EE907AF8EEB1
:10F7DC00E66A6ADCA41B07EE904AB8EEE77AC6EE3E
:10F7EC00877A431B854205EE903A27EEA76AF8EE1E
:10F7FC00E55A4BDCAEEB050E07EE10EAB8EEC77A15
:10F80C00C5EE876AB0EE467AA6EEA67AB1EEC76A66
:10F81C009FED2C7AB4EEC76AF1EE10FA2CDD36EEC1
:10F82C00477A9FED294AF7EE005A9FED285AC7EE0A
:10F83C00044AF4EEE54AF1EE10FA75FEA45A85EE90
:10F84C00867A67EE877A27EE267A67EE857A27EE38
:10F85C00057AC1ED007A88ED007ABDE8F081B5F942
:10F86C000420B5F90640B5F90060B5F908C0B5F942
:10F87C000AE0B5F9025099E7DFED157AB0EE677A38
:10F88C00C1ED007A88ED007ABDE8F081ACEB050C97
:10F89C0007EE10CAB8EEC77AC5EE876AB0EE467AA4
:10F8AC00A6EEA67AF1EE666AB0E7921B07EE902AF6
:10F8BC00B8EEE77AC6EE877AF1EE677A91E700BF89
:10F8CC00488100209A99193E9A99593F00000045A9
:10F8DC00000000000000000090F82C30032B70B5E5
:10F8EC00044686B071D0042B0D4610D0072B00F0C7
:10F8FC00C480D4F89C04002865D02346B4F8962420
:10F90C0004F2A44106B0BDE87040FBF73DBFCB6AE2
:10F91C0019785A78082900F09D80012AE9D1D988F4
:10F92C00406C884202D0616484F8412004F14400A8
:10F93C0003F1080E00229FEDC07B84ED527B9FEDFE
:10F94C00C07B84ED547B3EF9021F50F804CF8C45EC
:10F95C0012D001604FF00105012184F84150914013
:10F96C00D4F8505145EA010CD4F8545145EAE171F0
:10F97C00C4F850C1C4F854110132042AE3D1197AE5
:10F98C00D4E916208A4200F04D81D4F85021A165AB
:10F99C00012142F0100284F84110C4F850215B7A26
:10F9AC00D4F85411834207D042F020020120E365C1
:10F9BC0084F84100C4E954210123D4F89C0484F850
:10F9CC004230002899D106B070BD9FED9B7BCA6A6E
:10F9DC0080ED527B9FED9A7B80ED547B1378202B2E
:10F9EC0087D10B6B112B84D99388416C8B4205D03A
:10F9FC000121436480F8411080F842100432DFF892
:10FA0C004CE2002132F9023F01294FF0010501F1CE
:10FA1C000101184698BF98B21EF8013B04EB830C09
:10FA2C0005FA03F3DCF84850854210D0CCF84800B6
:10FA3C004FF0010084F84100D4F850011843C4F889
:10FA4C005001D4F8540140EAE370C4F8540106297B
:10FA5C00D8D1B1E790F86C3193423FF44AAF80F8BB
:10FA6C006C21002A3FF445AF90F8953400225B08D6
:10FA7C0011460233FEF708FF3BE790F83830BBB174
:10FA8C0090F86D31052B13D8DFE803F0C4BCAFA29E
:10FA9C00030D00213022012300913F218DF810200D
:10FAAC0004AAFFF75FFB002384F86D3184F838302B
:10FABC00EB6A626C1E465B885BBA9BB29A4203D0BF
:10FACC000122636484F841203F22002304F14401A5
:10FADC0006F1040C4FF0010EC4E95223002300225E
:10FAEC00C4E9542300233CF9022F51F8040F90422F
:10FAFC000FD00A600EFA03F2D4F8500184F841E0FA
:10FB0C001043C4F85001D4F8540140EAE270C4F830
:10FB1C0054010133042BE6D1B4F94C30012502A970
:10FB2C0003AA2046CDE90035B4F94830FFF728FE8A
:10FB3C009DED027ADDED037A03AAB8FE477ABDEE9D
:10FB4C00C77AF8FE677AFDEEE77A01952046B4F99C
:10FB5C00543084ED127AC4ED137A0093B4F950301A
:10FB6C00FFF70EFE9DED027ADDED037AB8FE477AC3
:10FB7C00BDEEC77AF8FE677AFDEEE77A226E84ED69
:10FB8C00147AC4ED157A3379E16D9A4217D0236655
:10FB9C004FF00102D4E9543084F8412043F01003B3
:10FBAC00C4F8503172798A423FF406AF43F0200317
:10FBBC000121E26584F84110C4E95430FCE6727905
:10FBCC008A4235D194F84130002B3FF492AEF3E6E3
:10FBDC000021012304AA009148218DF81030FFF771
:10FBEC00C1FA042384F86D3162E70021012304AAD1
:10FBFC00009140218DF81030FFF7B4FA032384F8FC
:10FC0C006D3155E7104A0421FFF7E6F9022384F819
:10FC1C006D314DE70C4A0221FFF7DEF9012384F820
:10FC2C006D3145E75B7A8342CCD0D4E95421BBE6F5
:10FC3C00D4E95430BAE700BF3F00000000000000D8
:10FC4C00000000000000000090D0030034130020DE
:10FC5C00C36B1BB101461846FFF73EBE704700BF91
:10FC6C002DE9F0470B788EB03F2B61D0302B03D0B1
:10FC7C0000200EB0BDE8F08747F6FF74002590F821
:10FC8C003920C0E9524500240025C0E954454B7980
:10FC9C000C791B0443EA0423CC782343002A40F05C
:10FCAC009A80C26B9B1A426C9A4205D00122436423
:10FCBC0080F8412080F84220CA79402B8E794FEA97
:10FCCC0002254FEA12148A7A05F4706546EA050596
:10FCDC000E7A2F4644EA0614ADF81C504FEA022562
:10FCEC00A046ADF81E4005F470654C7A4FEA12122E
:10FCFC0044EA0504A146ADF82040CC7A42EA04124D
:10FD0C009246ADF8222000F03E810022B3F5800F20
:10FD1C00ADF8262000F03D81B3F1401FADF8242052
:10FD2C0064D0B3F5000F40F03981FF230A9361E0F2
:10FD3C00B1F8013040F2FF140025426CC0E9524585
:10FD4C0093424FF000044FF00005C0E9544505D034
:10FD5C000122436480F8412080F84220CA78C46EA6
:10FD6C00A24208D04FF400740025C2660122C0E9FB
:10FD7C00544580F84120A3F50043914E00224FF0EA
:10FD8C00010EB3FA83F35B09C0E9183316F8013B93
:10FD9C0001EB420C013200EB8304BCF804500EFA68
:10FDAC0003F3A76CAF420DD0A564D0F8504180F896
:10FDBC0041E01C43C0F85041D0F8544144EAE3748C
:10FDCC00C0F85441042AE1D1012380F842300020CC
:10FDDC000EB0BDE8F087A3F500420024B2FA82F21F
:10FDEC0080F839405209D203C2635BE74FF0FF132E
:10FDFC000A920993B1F90D30826E934208D0836652
:10FE0C0001234FF4807280F841300023C0E9542361
:10FE1C00B1F90F30C26E934209D0C366D0F850319D
:10FE2C0043F40073C0F85031012380F84130B1F92C
:10FE3C001130026F934209D00367D0F8503143F46C
:10FE4C008063C0F85031012380F84130B1F9133090
:10FE5C00426F934209D04367D0F8503143F40063AA
:10FE6C00C0F85031012380F84130B1F91530826F60
:10FE7C00934209D08367D0F8503143F48053C0F8D3
:10FE8C005031012380F84130B1F91730C26F9342E1
:10FE9C0009D0C367D0F8503143F40053C0F8503147
:10FEAC00012380F841308B78D0F880201909B2EB0F
:10FEBC00131F0AD0D0F85031C0F8801043F480439F
:10FECC00C0F85031012380F841300DF11A0C00F1CB
:10FEDC00440200F1640400214FF0010E52F8046F4B
:10FEEC000EFA01F53CF8023F0131B3420DD013601C
:10FEFC00D0F8503180F841E02B43C0F85031D0F8A5
:10FF0C00543143EAE575C0F85451A242E6D10124BC
:10FF1C003B4606AA05A9CDF8008001940390FFF793
:10FF2C002FFC9DED057A4B46DDED067A06AAB8FE50
:10FF3C00477ABDEEC77AF8FE677AFDEEE77A03984A
:10FF4C00CDF800A0019480ED127AC0ED137AFFF782
:10FF5C0017FC9DED057ADDED067A0023B8FE477A95
:10FF6C00BDEEC77AF8FE677AFDEEE77A039880F863
:10FF7C00424080F8383080ED147AC0ED157A0020BC
:10FF8C000EB0BDE8F0874FF480320023CDE9092391
:10FF9C0030E701230A92ADF824302BE7802BADF823
:10FFAC00282003D1FF23ADF82A3023E7B3F1801FBB
:10FFBC0003D14FF0FF130A931CE7ADF82A2019E781
:10FFCC005C1C002030B5CC6A83B023781BB1012BAC
:10FFDC0080F8403005D090F82C3091F83020072B69
:10FFEC0002D0002003B030BD00232146019205460B
:04FFFC00FFF710FA01
:02000004600199
:10000000019A08B10120F3E721462846FFF72EFEAA
:10001000F8E700BF2DE9F04F83B00D469646044641
:100020000B7800AF012B80F8403000F0C080112B1E
:10003000164609D090F82C30072B00F005810020DF
:100040000C37BD46BDE8F08F002200236946C7F893
:1000500000D0C0E95223C0E95423731DAEF102025F
:10006000DB08002AA1EBC3039D46E84603DDA91C7B
:10007000684604F0C9FB98F8051098F807200B09AA
:1000800098F8065002F0010201F00F0088F80530E0
:1000900043EA051388F8072043EA02330A0788F881
:1000A0000A0003D4C64A52F820201343626C9A42D5
:1000B00003D00122636484F842202722002304F144
:1000C000440104F1500C4646C4E9522301230022A6
:1000D00051F8040F16F8015FA8420AD0D4F8500175
:1000E0001843C4F85001D4F854011043C4F8540123
:1000F0000D60DB1852418C45EAD198F80420E36D7D
:10010000934206D0D4F85031E26543F02003C4F89E
:10011000503198F80820636D934206D0D4F85031DE
:10012000626543F00803C4F8503198F80920A36DC4
:10013000934206D0D4F85031A26543F01003C4F8BE
:1001400050314FF0000E08F1050C04F1600104F588
:10015000A4794FF027080123724651F804AB4EEA08
:1001600002051CF8010F48EA0306AE467D605045C3
:10017000B0460BD0D4F8505145EA030AD4F8545194
:1001800045EA020BC4E954AB41F8040CDB185241B8
:100190004945E2D17A680123C4F84861C4F84C218A
:1001A00084F8423084F86C31D7F800D047E7BEF1CC
:1001B000400F90F82C20F44628BF4FF0400C012A45
:1001C0004DD0052A00F0BF80032A00F0FB800020FC
:1001D0000021C4E95201BEF1000F00F038814FF058
:1001E000000E013D04F14408F14671467246D4E91F
:1001F000540643EA0E0E42EA090958F804AF0131E9
:10020000C4E952E915F801BF89B2D34507D01843B4
:100210001643C4E9540695F800A0C8F800A0DB18FE
:1002200052418C45E5D8D4E956320340324013435D
:1002300002D0012384F84230012384F86C3101207C
:100240000C37BD46BDE8F08F0023FFF7CFF900283B
:10025000F5D1324629462046FFF708FDEFE6097939
:100260006B8843EA0143416C994202D0436480F8B1
:1002700042202722002304F1440105F1050804F17E
:100280005009C4E95223D4E954060123002218F886
:1002900001AF51F804BFD34507D018431643C4E952
:1002A000540698F800A0C1F800A0DB185241494557
:1002B000EDD16A7AE36D934205D040F02000C4F896
:1002C00050016B7AE365AA7C636D934205D040F0E0
:1002D0000800C4F85001AB7C6365EA7CA36D9342CF
:1002E00005D040F01000C4F85001EB7CA365BEF1CE
:1002F0000A0F98D909354FF0000804F16C0A4FF045
:100300002709AE464FF48061434641EA090943EAB2
:1003100008085AF8042FC4E952981EF801BF934503
:1003200007D008431E43C4E954069EF80020CAF8CB
:1003300000200EF10A024918A2EB05025B4192B2BD
:100340006245E2D36FE7C978B5F8012042EA01427D
:10035000416C914202D0426480F842300022002376
:10036000BEF1050FC4E9522371D94FF000080435DE
:1003700004F1440A4FF48063AE46C1464246D4E9D4
:10038000540643EA080842EA09095AF8041FC4E976
:1003900052891EF801BF8B4507D018431643C4E9A4
:1003A00054069EF80010CAF800100EF10501DB1883
:1003B000A1EB0501524189B28C45E2D833E700BF79
:1003C000601C00204FF03F084FF00009416CC0E96D
:1003D00052894FF000084FF00009C0E95489D5F860
:1003E0000D208A4204D0426480F8413080F84230C7
:1003F000DFF860C000224FF0010E05EB4203032A34
:1004000002F10102B3F901101CF8013B98BF89B257
:1004100004EB83060EFA03F388BF09B2B06C88427E
:100420000DD0B164D4F85001D4F85461184384F865
:1004300041E046EAE373C4F85001C4F85431062A97
:10044000DBD10123D4E9540684F84230EBE6D4E949
:100450005406E8E6801C0020A0F11800FFF7DABD82
:1004600030B5CC6A83B023781BB1012B80F83430CF
:1004700005D090F8203091F83020072B02D00020D2
:1004800003B030BD0C380023214601920546FEF72B
:10049000C7FF019A08B10120F2E721462846FFF77D
:1004A000E5FBF8E7074A084B106BB2F834C0918FB0
:1004B000C3F80600906BA3F80AC0D982C3F81200F3
:1004C000704700BF800900209C81002010B4019C6F
:1004D000C1660221C0E91C2301220023C0E91E419C
:1004E00080F8822080F8833010BC704703685B6915
:1004F000184700BF03689B69184700BF002383614A
:10050000704700BF704700BF704700BF08460F220A
:10051000034908B507F086FC003818BF012008BD64
:10052000100E0020D0F81CC08C4504D0BCF1000F88
:1005300001D00020704730B5846883B014B100202A
:1005400003B030BD02F4706CBCF5A06FF7D19C46CF
:1005500014460B460546BCF1000F07D001910F224F
:1005600060460C4907F05EFC019B80B162060CD529
:10057000012283F83820069A012A06D19A680220BF
:10058000C5E90623C5F89020DAE70120D8E7A8617D
:10059000D5E700BF100E002090F88030013BDBB2A1
:1005A00080F8803023B98360C0F8943080F88130BF
:1005B000704700BF826812B1002210467047D0F821
:1005C0001CC0BCF1000F01D08C45F6D1094A934202
:1005D00005D0094A934202D0084A9342ECD190F8E0
:1005E00080300122C161134480F880308B688361C0
:1005F000104670478000010001000C000600010059
:1006000030B5846885B024B1944202D0002005B092
:1006100030BD15460446F9B191F83120022AF5D0D3
:1006200091F8300001281BD0164A93421AD0164A7E
:10063000934206D01548181AB0FA80F040090028F5
:10064000E5D0C4F8981094F880300120A5600344E8
:1006500084F8803005B030BD0A4A9342E7D1F2E712
:10066000012AE1D1D4F89430002BECD1C4F89410D5
:1006700008460A2221210093CDE90133FCF746FB0D
:10068000E1E700BF0600010001000C00800001004E
:1006900030B504680B4DD4F810E0039CAE450CD186
:1006A000C1660221C0E91C230122002380F88220B8
:1006B00080F88330C0E91E4130BDF4460394BDE8A4
:1006C00030406047B1E30000704700BF704700BF93
:1006D0000023C360704700BF0368094ADB69934287
:1006E0000DD190F88030013BDBB280F880302BB91F
:1006F0008360C0F8943080F88130704770471847A5
:100700007DE4000008460F22034908B507F08AFB84
:10071000003818BF012008BD100E002050F80C3C16
:100720000C389B69184700BF50F80C3C0A4ADB693B
:1007300093420ED190F87430013BDBB280F87430F4
:1007400033B940F8043CC0F8883080F87530704701
:1007500070470C38184700BF7DE4000050F80C3C8F
:100760000C385B69184700BF844650F80C0C30B554
:10077000D0F810E00C4C0398A6450DD1CCF86010D1
:100780000221CCE91923012200238CF876208CF871
:100790007730CCE91B0130BD0390ACF10C00F4467E
:1007A000BDE83040604700BFB1E3000050F8042CC2
:1007B00012B1002210467047D0F810C0614502D037
:1007C000BCF1000FF6D10A4A934205D0094A934280
:1007D00002D0094A9342ECD190F8743001220161B1
:1007E000134480F874308B68C3601046704700BFB4
:1007F0008000010001000C0006000100D0F810C0CC
:10080000614504D0BCF1000F01D00020704730B525
:1008100050F8044C83B014B1002003B030BD02F492
:10082000706CBCF5A06FF7D19C4614460B4605468C
:10083000BCF1000F07D001910F2260460B4907F071
:10084000F1FA019B80B162060CD5012283F83820B1
:10085000069A012A06D19A680220C5E90323C5F841
:100860008420DAE70120D8E7E860D5E7100E002001
:1008700000B583B00190FCF75BFA01980C3003B02F
:100880005DF804EBFAF756BC704700BF10B50C4694
:1008900051060CD50023DFF8A4E003EB430C013331
:1008A0001EF80C10F44491422ED0102BF5D10023E9
:1008B000DFF88CE001E0192B08D01EF813C00EEB16
:1008C000430101339445F6D1487810BD51062BD42D
:1008D00090F8603014F0220F174818BF42F0400221
:1008E0009B074FF0000348BF82F0400202E0013353
:1008F000602B19D0017801309142F8D114F0110F1A
:1009000014D003F01F0010BD90F86030DB0708D44E
:100910009CF901209CF80130002A0ADA03F07F02DA
:10092000C5E79CF8020010BD002010BD203398B22E
:1009300010BD184610BD00BF8C21002004130020FC
:100940006812002010B50446D0F8940086B078B143
:10095000012260344FF0000C4FF400732121CDF8D8
:1009600000C0CDE901240922FCF7D0F906B010BD82
:10097000D4F89030002BF9D094F860304FF4D17255
:100980000120ADF814208DF8163003F08DFB6FF0C8
:100990000103032205A9D4F89000FAF703FC06B07E
:1009A00010BD00BF532A80F85E1080F85F201CD075
:1009B000392A0FD0472A2DD000B583B00190FFF718
:1009C00065FF019B5A6AA3F85C009AB303B05DF817
:1009D00004EB104790F86010C1F34002944682F097
:1009E0000102D2B294450FD1704790F86020D143F4
:1009F00002F0010C01F001018C45F5D061F3000219
:100A000080F86020FFF79EBF62F3410180F860101C
:100A1000FFF798BF90F86010C1F38002944682F00F
:100A20000102D2B29445DFD062F3820180F86010F7
:100A3000FFF788BFFFF728FF03B000BD464BCB1878
:100A4000072B70B5044682B036D9A1F5E023732B8D
:100A500002D9002002B070BD90F88130002B55D033
:100A600001F007030120CDB2C1F3C401984063181F
:100A7000064693F84C100140002A53D0002932D189
:100A80002A4694F85E10204684F85F500193FFF7E1
:100A9000FDFE226AA4F85C00002A59D09047019B11
:100AA000A26A1AB1284601939047019B93F84C2003
:100AB000324383F84C2016E001F00701012390F83F
:100AC0005EC08B4003EA0C0082B960B1E26A32B1C9
:100AD00001F167000193904794F85EC0019B2CEAF6
:100AE000030C84F85EC0012002B070BD0028FAD16A
:100AF000A26A32B101F167000193904794F85EC099
:100B0000019B43EA0C0384F85E30ECE7036F9B071C
:100B1000A6D4C36F072BE6D85A1C0344C26783F8D8
:100B20003C10E0E70029DED02A4694F85E1020460B
:100B30000193FFF737FFE26A019B12B12846904705
:100B4000019B93F84C2022EA060283F84C20CAE766
:100B5000FFF79AFE019BA3E720FFF8FFDFF820C113
:100B600001EA0C0CBCF17F4F50D0454B70B5D0F86A
:100B70006CE082B0044616460EEA03030D46B3F558
:100B8000803F3ED0BEF5402F02D13E4B9D4254D017
:100B9000AAB2002A38D0012394F8851084F8833053
:100BA000002963D004F18400002304E001335FFADC
:100BB00083FC61452BD930F802CF6245F6D11EBBCC
:100BC000A26EDEB232B1A9B270460193904794F89A
:100BD0008510019B481EC0B2B04284F8850013D92D
:100BE0008A1B03F144014333023A04EB410104EB55
:100BF0004300D2B20132520002B0BDE8704007F0AB
:100C00003BB8FFF71BFFA8B102B070BD7047002EC4
:100C1000FAD0636E23B1A9B27046984794F8851054
:100C20000329F1D84B1C04EB410184F88530A1F86D
:100C30008650E9E7D4F86CE0A4E7D4E91D32D21A73
:100C4000002A19D0A6EB03034FF064001146B8BF89
:100C5000511C00FB03F303EB610303FB02F10029CA
:100C600093FBF2F30ADB84F88430CDE7002ECBD07F
:100C7000636E002BCFD1D5E73223F4E7013BF2E7D7
:100C80000000FFFF200006002DE9F84304460E4651
:100C9000904600F1450700F14B0917F8015F032D5D
:100CA0001BD9B378AB4218D0F378AB4215D0337967
:100CB000AB4212D073792A462046AB420DD0B379AD
:100CC000AB420AD0F379AB4207D094F84410FFF757
:100CD00069FEE36A284603B19847B945DDD1B8F10A
:100CE000000F14D0E36A93B10025012707FA05F33A
:100CF00094F84420134207D0327805F1670013427C
:100D0000C0B201D1E36A98470135082DEED1771CB6
:100D100006F1070917F8015F032D29D994F8463029
:100D2000AB4225D094F84730AB4221D094F84830FC
:100D3000AB421DD094F84930AB4219D094F84A30F8
:100D4000AB4215D094F84B30AB4211D031782A46E3
:100D5000204684F85F5084F85E10FFF797FD236A01
:100D6000A4F85C0023B39847A36A0BB128469847C0
:100D7000B945CFD1B8F1000F14D0A36A93B10025C3
:100D8000012707FA05F394F84420134207D132787B
:100D900005F167001342C0B201D0A36A984701353C
:100DA000082DEED1326873686264A364BDE8F883ED
:100DB000FFF76AFDD8E700BF10B5D0F8942082B0E5
:100DC000CC6B944202D0002002B010BD0A6B082AFE
:100DD000F9D10122C96A0190FFF756FF0122019B58
:100DE000104683F88120EFE790F882301BB390F82B
:100DF000813010B50446FBB194F88330BBB9A26EC4
:100E000092B194F885300BB90EE0A26E013BE06E12
:100E1000DBB204EB430184F88530B1F886109047CB
:100E200094F88530002BF0D1002384F8853000231E
:100E300084F8823010BD7047026F12F00202DBD1DD
:100E4000C36F022BD8D900F13C01FFF71DFFEEE77D
:100E5000012380F881300A789A4201D0002070473F
:100E600000B583B019440192FFF70EFF019803B05B
:100E700000BD00BF012380F875300A789A4201D086
:100E80000020704700B583B019440C380192FFF779
:100E9000FBFE019803B000BDDFF850C00E490F4AB9
:100EA0000F4B104810B4DCF80040CCF80020146060
:100EB000D1F800C00C4A04680A601946C2F800C0A4
:100EC0001A4603F1400C1C601B6442F880CF41F8C5
:100ED000C02F016010BC7047A88600207C860020CF
:100EE000E0400020D087002080400020C086002005
:100EF000024B186808B102681A607047C08600206B
:100F0000024B1A6818600260704700BFC08600205C
:100F1000024B186808B102681A607047A886002062
:100F2000024B1A6818600260704700BFA886002054
:100F3000024B186808B102681A607047D087002019
:100F4000024B1A6818600260704700BFD08700200B
:100F5000034B186818B101680022196002607047DD
:100F6000C4860020024B1A6818600260704700BFF8
:100F7000C486002001EB810100EBC10188420DD243
:100F8000DFF81CC0DCF8002000E01846034643F8F8
:100F9000282B99420246F8D8CCF80000704700BFD1
:100FA000C086002001EB410100EB411188420DD2C7
:100FB000DFF81CC0DCF8002000E01846034643F8C8
:100FC000602B99420246F8D8CCF80000704700BF69
:100FD000A886002000EB811C604511D2024610B5A6
:100FE000084C4FEA811E2168134643F8401B9C457C
:100FF00011461A46F8D8AEF140010844206010BDF1
:10100000704700BFD0870020352303FB01018842D1
:101010000DD2DFF81CC0DCF8002000E018460346C3
:1010200043F8352B99420246F8D8CCF800007047B7
:10103000C486002090F82430013BDBB280F82430D5
:1010400003B98360704700BF012380F826307047E2
:101050004FEA114C8BB2BCF1090F0FD173B1082BC1
:1010600012D8013B4FF0010C90F827100CFA03F353
:1010700022BB21EA030180F827107047BCF1010F61
:1010800003D0144B99421DD07047303B082BFBD83E
:1010900001A151F823F000BFB5EF0000B1EF00004F
:1010A000A9EF00006DEF00006DEF00006DEF000094
:1010B0006DEF00006DEF0000ADEF0000194380F808
:1010C000271070474263704702637047C2627047DF
:1010D0008262704738020C0090F826302BB1012252
:1010E000002380F8252080F8263070470023836194
:1010F000704700BF0368DFF810C05B69634501D12A
:10110000FFF7A6BF184700BF35EF0000A3F101139A
:101110000146012B03D883681BB19A4201D00020FD
:10112000704791F8243001208A60034481F824300C
:10113000704700BF034612B10878022801D0002092
:1011400070474878042A83F8270091F902009862D2
:1011500091F90300D86207D991F90400052A1863B0
:1011600002D091F905205A630122104683F8252008
:10117000704700BF70B504460D4612481646124926
:1011800002F020FCE3691BB1AB4201D0002070BD2E
:10119000A0680028FAD106F47063B3F5A06FF6D109
:1011A000330602D5049B012B01D0012070BD0749F5
:1011B000044802F007FCAB6802202362C4E906354C
:1011C00070BD00BFF0290020240F00205C0F00201C
:1011D00070B50E4682B011461D460446024633469F
:1011E0000E48CDE900150E4902F0ECFBA06810B1E5
:1011F000002002B070BDE3690BB1B342F9D1A5F193
:101200000115012DF4D80749044802F0DBFBB3684F
:101210000120C4E9063602B070BD00BFF0290020ED
:10122000840F0020CC0F002030B50568064CD5F89F
:1012300010E0A64503D1012380F8263030BDF446E6
:10124000BDE83040604700BF2DEF00000023C360C1
:10125000704700BF0268084992698A420AD190F833
:10126000262032B10121002280F8251080F82620A6
:1012700070477047104700BFBDEF00000368074A82
:10128000DB69934209D190F82430013BDBB280F84E
:1012900024300BB9836070477047184719EF00007E
:1012A00050F80C2C034607490C3892698A4207D142
:1012B0009A7E22B10121002259769A7670477047B2
:1012C000104700BFBDEF000050F80C3C074ADB6937
:1012D000934208D1037E013BDBB2037613B940F899
:1012E000043C704770470C38184700BF19EF0000E6
:1012F000034612B10878022801D0002070474878D0
:10130000042AD87691F90200D86191F90300186295
:1013100007D991F90400052A586202D091F90520F5
:101320009A62012210465A76704700BF50F80C3C72
:101330000C385B69184700BF844650F80C0C10B598
:10134000D0F810E00648864503D101238CF81A3006
:1013500010BDACF10C00F446BDE81040604700BF82
:101360002DEF000070B50E4682B011461D460446B2
:10137000A0F10C0233460F48CDE900150E4902F0EA
:1013800021FB54F8040C10B1002002B070BD236999
:101390000BB19E42F9D1A5F10115012DF4D80749F1
:1013A000044802F00FFBB3680120C4E9033602B021
:1013B00070BD00BFF0290020840F0020CC0F00205A
:1013C00070B504460D4612481646124902F0FAFA64
:1013D00023699D4202D00BB1002070BD54F8040C6B
:1013E0000028F9D106F47063B3F5A06FF5D1330688
:1013F00002D5049B012B01D0012070BD0649044891
:1014000002F0E0FAAB6802206361C4E9033570BD05
:10141000F0290020240F00205C0F002000B583B0CD
:101420000190FBF785FC01980C3003B05DF804EBEC
:10143000F9F780BE002380F8253080F82730C0E916
:101440000A33C0E90C33704710B483B00B46CDE9C2
:101450000012C27C002A30D072B6C27CD40708D5F4
:101460004FF0E02C4469DCF8801121408162CCF817
:101470008011910708D54FF0E02C8469DCF88411C5
:101480002140C162CCF88411540708D54FF0E02CFC
:10149000C469DCF8881121400163CCF88811110778
:1014A00008D54FF0E02C046ADCF88C112140416330
:1014B000CCF88C11D2063AD462B68268934240D0FE
:1014C000234A836092692349C2F3011CC2F38262FA
:1014D00051F82CC00132BCFBF2F103B38B4232D87D
:1014E000B1FBF3F2B1FBF2F18B422ED3B2F5817F67
:1014F0001BD2022A27D9023A530803EB032342EAFC
:101500000323C3600268032100201061516201219E
:101510001364019B1366116103B010BC70479445BE
:10152000EFD34A1CB2F5817FE3D30B4BE9E74FF0D1
:10153000E021446AD1F8902122408263C1F89021D1
:10154000BAE7C368DEE70023DBE71146E9E700BF3F
:1015500000C00F40881C0020FF7F7F0090F81CC057
:101560004160BCF1020FC26001D18368184702F0EC
:101570001DB900BF304B314910B5D3E9114E9EF86B
:101580000400C8771A6C94F804C081F81CC008776E
:1015900052B1B2F5004F23D329495118274A196493
:1015A000D07682F81BC010BD19680F24D86C8C65EA
:1015B00040F20134CA610C614FF47C544C61032148
:1015C0000468246883F83D101E4B9C4220D1037FA1
:1015D0004260022BC26020D18368BDE810401847EA
:1015E0002468E18B090421D4E283DEF80010B4F80A
:1015F0001EE0A4F816E0CC8B240412D4CA83CA8B54
:10160000CA8200210D4A1964D07682F81BC010BD31
:1016100023461146BDE810401847BDE8104002F0CF
:10162000C5B8CC8B62F30804CC83E8E7E18B62F3A6
:101630000801E183D9E700BF5029002000800E4057
:101640000180FFFF41F40000304B314910B5D3E970
:10165000114E9EF80400C8771A6C94F804C081F803
:101660001CC0087752B1B2F5004F23D32949511855
:10167000274A1964D07682F81BC010BD19680F2460
:10168000D86C8C6540F20134CA610C614FF47C5413
:101690004C6103210468246883F83D101E4B9C4272
:1016A00020D1037F4260022BC26020D18368BDE855
:1016B000104018472468E18B090421D4E283DEF846
:1016C0000010B4F81EE0A4F816E0CC8B240412D469
:1016D000CA83CA8BCA8200210D4A1964D07682F867
:1016E0001BC010BD23461146BDE810401847BDE899
:1016F000104002F05BB8CC8B62F30804CC83E8E7BF
:10170000E18B62F30801E183D9E700BF00290020E3
:1017100000800E400180FFFF41F4000043682DE986
:10172000F04FD3E90041814D4FF0B80922684FF0E6
:101730000F0B22EA01027E492260AA6911407D4A0C
:101740000A43AA6190F810E07B4A03EB0E0603EB14
:101750008E0E317C02EB01118968C1F8009090F87F
:1017600011C003EB0C050CF10A0C95F8241002EBE8
:1017700001118968C1F80090817C03EB010803EB3B
:10178000810198F838A002EB0A1ADAF808A0CAF822
:101790000090D4F800905F6849EA0709C4F8009007
:1017A000347CDEF814E002EB04146468C4F800E052
:1017B00095F8244053F82CC002EB04146468C4F874
:1017C00000C098F83840C96B02EB041252681160EF
:1017D0009A6C98F8441011601A6A317F5B6B116043
:1017E00095F830201A60022203681A61C3F858B0D5
:1017F000C27C002A32D072B6C37CDD0708D54FF018
:10180000E0214469D1F8802122408262C1F8802120
:101810009C0708D54FF0E0218469D1F8842122404B
:10182000C262C1F88421590708D54FF0E021C4698C
:10183000D1F8882122400263C1F888211A0708D50F
:101840004FF0E021046AD1F88C2122404263C1F8B4
:101850008C21DF065CD462B6C27C0368374D816898
:10186000A9425FD0314985608969354CC1F30117C0
:10187000C1F38261334E54F827400131B4FBF1F4D7
:10188000B44230D80021C16000241C6103245C6292
:101890000724196401211C66196112B3D60704D507
:1018A000816A4FF0E023C3F80011950704D5C16A9F
:1018B0004FF0E023C3F80411540704D5016B4FF037
:1018C000E023C3F80811110704D5416B4FF0E02362
:1018D000C3F80C11D30604D5826B4FF0E023C3F894
:1018E0001021BDE8F08F1849A1FB0461090DB4FB7C
:1018F000F1F4AC4288BF0131B1F5817F14D20229E5
:10190000C0D902394C0804EB042441EA0421BAE7A7
:101910004FF0E022416AD2F890310B408363C2F865
:10192000903198E7C168AFE70849ACE700C00F40C5
:10193000CFFFFFE3100000081C1E002000093D003F
:10194000881C0020FF083D0083DE1B43FF7F7F00D3
:10195000704700BFD0F800C000B5DCF810E0F446D6
:101960005DF804EB604700BF00B5D0F800C0BDF8DB
:1019700004E0CDF804E0DCF838E0F4465DF804EB70
:10198000604700BF00B5D0F800C0BDF804E0CDF856
:1019900004E0DCF83CE0F4465DF804EB604700BF8F
:1019A000704700BF01F0030CC907B0F90820B0F977
:1019B0000A3080F81AC002D48281C3817047194668
:1019C00013460A46C3818281704700BF2DE9F0416A
:1019D0001C4686B08646D0F800C0A142BDF9305002
:1019E000BDF8343026D0AA4215D0DCF81460804609
:1019F000234FBE423AD14046CDE900532346DCF89E
:101A00002840A047D8F800301D4ADB6A934228D10D
:101A100006B0BDE8F081A1421FDD01310C93DCF876
:101A20003C5070460B1B2146AC461BB206B0BDE8CD
:101A3000F0416047AA420CDD0C93531CDCF838409F
:101A40002A465B1B7046A4461BB206B0BDE8F041B7
:101A50006047284615460246EEE720460C460146FA
:101A6000DBE7404606B0BDE8F0411847CDE9042366
:101A70000391B047D8F800C00399DDE90423BAE721
:101A800035F80000D0F800C0F0B5134D87B0DCF891
:101A900014600446BDF83070AE420ED1013B019790
:101AA000009220460B44DCF828601BB2B047236844
:101AB000DB6AAB420BD107B0F0BDCDE90423039143
:101AC000B047D4F800C00399DDE90423E6E72046D7
:101AD00007B0BDE8F040184735F80000D0F800C066
:101AE000F0B5144D87B0DCF814600446BDF83070D2
:101AF000AE420FD1013B0197204613441BB2009325
:101B00000B46DCF82860B0472368DB6AAB420BD198
:101B100007B0F0BDCDE904230391B047D4F800C06D
:101B20000399DDE90423E5E7204607B0BDE8F0406E
:101B3000184700BF35F80000D0F800C02DE9F04F7D
:101B400090469B46DCF8142083B01E4B05460C469D
:101B5000BDF930709A42BDF8349029D1A344A34511
:101B60001EDDDFF864A00AE00134CDF80090DCF857
:101B7000386024B2B047D5F800C05C4510DADCF814
:101B800020603B464246214656452846ECD001346B
:101B9000CDF80090B047D5F800C024B25C45EEDB2C
:101BA000DCF82C30074A934206D103B0BDE8F08F31
:101BB0009047D5F800C0D1E7284603B0BDE8F04F04
:101BC000184700BF35F800004DF800000268B0F972
:101BD0000C30B0F90EC010B5146C82B0094A9442B2
:101BE00007D10022CDE900C11146FFF7A5FF02B0E1
:101BF00010BD00220191CDF800C01146A04702B0EF
:101C000010BD00BF1DFA000030B50468094DD4F8BE
:101C100040E0BDF90CC0BDF81040AE45CDE903C4AD
:101C200003D1BDE83040FFF787BFF446BDE8304040
:101C3000604700BF1DFA00002DE9F04F1D46036804
:101C4000884616462C4983B05A690446BDF930903F
:101C50008A42BDF8347041D1D3F824B03246DFF85F
:101C60009CA0414600972046D34508BFD3F83CB01E
:101C70002B46D847236809F1FF32D3F824B0324409
:101C80000097D34512B231D1D3F83CA041462B4640
:101C90002046D04723683246DFF864A04146D3F897
:101CA00020B020460097D34508BFD3F838B04B4644
:101CB000D8472268691E4B46156A20464144009762
:101CC000554509B208BF956B3246A84723680A4AB2
:101CD000DB6A934205D103B0BDE8F08F90472368DB
:101CE000BAE7204603B0BDE8F04F18472B464146FF
:101CF0002046D847CEE700BF35F8000069F800005D
:101D00004DF800002DE9F04F85B091468046581AF5
:101D1000BDF938401D46BDF83CB0A21A002AB8BF34
:101D200052420028B8BF4042824263DCA4464E467D
:101D3000A2464F461C46894665463146A1454EDDC2
:101D4000A942D4BF4FF0FF330123A9EB040CA7EB4A
:101D50000A0A0FFA8CF6002EB8BF0136BAF1000F4E
:101D60004FEA6606B8BFCAF1000ACDE90020CDE906
:101D7000023C15E0224A944528D10F6922462946A3
:101D80004046B847A6EB0A030134029A1EB2AA18CD
:101D900024B2002E02DA15B2039AD6184C4512DC92
:101DA000D8F800105B462A46D1F818C0DDE90007D4
:101DB000B842DFDC124B9C455B460CD10F694046B4
:101DC0002146B847DEE705B0BDE8F08F2246294638
:101DD0004046E047D6E721464046E047D2E7264660
:101DE000A9423D464C465746B146AA460D4604DA3E
:101DF0000123AAE79A460F46A0E74FF0FF33A4E776
:101E000039F80000002361F30F03002162F31F4340
:101E10004FF0FF324160016101770162C0E9023396
:101E2000024BC0E90523024B03607047010100012A
:101E3000501800202DE9F04F8FB0BDF868509DF884
:101E400060C006951D1EBDF964406ADDC5F1010341
:101E500096460027621C1BB282469146F3460393C6
:101E6000C5EBC5337E1C08915B000A920295059371
:101E70000CF00103CDF824C00793039BCDF82CE0B0
:101E8000002B4ADB059A37B20232134405927200E6
:101E9000013213441BB20393029B5C1E24B2BC426A
:101EA00047DA099B03F002030493079BABB1DDF80B
:101EB0002080029B0FFA8BF2DAF8000098444F4B17
:101EC000066A0FFA88F19E4240F08280069B0093DA
:101ED0000FFA89F3866B5046B047049B93B1089B79
:101EE000029A46489D1A0FFA8BF20FFA89F329B22B
:101EF000DAF800502E6A864206980090504608BFD5
:101F0000AE6BB047BC420BF1FF3B09F102090294F2
:101F100007DD039B7E1C002BB4DA37B2029CBC4267
:101F200002DA0FB0BDE8F08F03EB460301331BB2BA
:101F30000393099B079A03F00203049312BB002B3F
:101F4000E0D00B9BDDF820801A1B0A9B03EB4403B7
:101F500012B21BB2A8EB0606DAF80000274935B228
:101F6000066A8E423BD1069900912946866B5046FF
:101F7000B047029B9C42C5D0079B002BAFD00223E9
:101F8000049396E7DDF820800B9B08EB0601DAF856
:101F900000501A1B19480FFA81FC0A9B296A12B2D9
:101FA00003EB440381421BB21DD1069900916146A7
:101FB000A86BCDE90C2305465046A847DDE90C2364
:101FC00004990029C6D1029B9C427FF472AF99E725
:101FD00006980FFA89F300905046B0477DE70698BF
:101FE00029460090C3E706980D466146009050468A
:101FF000CDE90C23A847DDE90C23E1E74DF800000B
:10200000D0F800C02DE9F0431D461C4EDCF814301A
:1020100087B004461746B342BDF8388023D1DCF8B8
:1020200020906B0016487A1B0133CDF80080814563
:1020300012B21BB2204608BFDCF838900591C847A1
:102040002B460320002505993A46CDF80880CDE9B6
:1020500000052046FFF7EEFE2368DB6AB34208D195
:1020600007B0BDE8F08305919847D4F800C0059902
:10207000D5E7204607B0BDE8F043184735F8000023
:102080004DF800002DE9F04F93B082460291BDF863
:1020900070100D9203919DF87810026A08919DF8D6
:1020A0007C10BDF874900591002A00F0B980117A77
:1020B0005B1A0599D2E900B0DBB2089A114300EB34
:1020C000C30230F8337092F802800129D37892F974
:1020D000050092F906200E9309900F9256D800231E
:1020E000A24E10930A93DAF800305A69B24255D1E1
:1020F0000E9A002A00F08380B8F1000F7FD0089973
:102100001A46059800254FF000090023012908BF51
:10211000012811960CBF01210021049110991E463F
:102120000D98059C494401FB0401002409B2079164
:102130000F994118494409B2CDE90B93069105E086
:1021400001346D00E4B2EDB2A0454CD916F0070F92
:1021500006F1010603D17B1C1BF807509FB22B062A
:10216000EED5049BFBB1029B50460999D2F818901A
:1021700059187F4B21449945039B08BFD2F8109012
:1021800009B2069AC847DAF80020D9E7DAF8003031
:10219000764E10925A690A90B242A9D050469047A2
:1021A000DAF80030A4E70A9B02981919089BD2F8C4
:1021B0001C9001FB03010FFA83FC6E4B09B2BDF9C1
:1021C0001400994522D1D2F840906B4B039A99455F
:1021D000009001926346079A50461DD1FFF7ACFC70
:1021E000DAF80020ACE7DDE90B930E9909F1010C58
:1021F00043445FFA8CF9894590D31346119EDB6AFC
:10220000B34240F0058113B0BDE8F08F039A6346F6
:10221000009050460192079AC847DAF800208FE7ED
:10222000B0F90C2002998A42EDDDB0F90E200D9C28
:10223000A242E8DD4FF00602089D15FB0212002ABB
:10224000E1DD059A04EBC202002ADCDD027F474E85
:1022500082F00102AF2B94BF002202F001021A4467
:102260000368D4B25A69B24240F00B81029F04EB7A
:102270008404089D7A1D4149BC46BE4690B2059A29
:102280002144CDF81890012D08BF012AD146039FA3
:102290008A460CBF4FF0010B4FF0000BDDF8348085
:1022A000CDF810B093460C900E961AF8016B0FFA09
:1022B0008EF2082400250992CDF81CC0CDE90AEA67
:1022C0001AE00499002934D0D3F818A018FA85F23E
:1022D000274812B2BDF91C108245484608BFD3F802
:1022E00010A03B46D047D9F80030013C01357608B4
:1022F00014F0FF046DB260D0F207E2D40698874272
:10230000F3D0049900293BD018FA85F2D3F818A02D
:10231000BDF91C100FFA82FC154A924540F08F80DF
:10232000D3F810A0624603464846D047D9F800309B
:10233000DBE71BFB0582D3F81CA0BDF920100FFAC8
:102340008BF00FFA82FC0B4A924566D1D3F840A07D
:102350006246094B009048469A4501970B460999F9
:1023600027D1FFF7E9FBD9F80030BEE735F80000C8
:1023700039F80000EDFA00001DFA00003C130020BF
:102380001BFB0582D3F81CA0BDF920100FFA8BF0BF
:102390000FFA82FC414A924549D1D3F840A06246E7
:1023A0003F4B009048469A450B4606990191099982
:1023B000D7D0D047D9F8003097E7DDF81CC0089A8D
:1023C0000CF1010CDDE90AEA1FFA8CFC96440C9A28
:1023D00062457FF46AAFCA46039ADDF81890DDF8CB
:1023E00010B04A450E9E3FF40AAFBBF1000F2DD04E
:1023F0001C6A50462B4ACDF800909442BDF930102B
:102400000D9A08BF9C6B0823A047DAF80030F6E667
:10241000504613B0BDE8F04F18470B460090624697
:10242000099948460197D047D9F800305DE70B4637
:10243000069900906246019148460999B9E7069BC2
:1024400062464846D047D9F800304EE70899059AC9
:102450000298D500DC6901EB8102821808B211B242
:102460000E4A944211D11C6C0D4B0D9A9C420346AE
:102470005046CDE900590DD1FFF75EFBDAF8003088
:10248000BDE69047DAF80030F0E603460D9A504674
:10249000CDE90059A047DAF80030B0E6EDFA0000C7
:1024A0001DFA00004DF80000036AF0B587B0002B5C
:1024B00055D00A2946D00D294ED01A7A91424BD3D5
:1024C00093F80AC08C4547D38A1A5C68D2B204EBF1
:1024D000C204E27894F802C06AB3BCF1000F2AD0BB
:1024E000C27EB0F910E0057EB0F91260477E8AB175
:1024F00094F905209444B0F90C2005FB0CEC9445AC
:1025000008DD4FF0000EA0F810E01B7B03FB076313
:102510001EB243820B46324671460590CDE9025702
:10252000B0F816C0CDF804C0B0F814C0CDF800C0A3
:10253000FFF7A8FD05982179038A027E01FB02338B
:10254000038209E04FF0000C428A417EA0F810C0DF
:102550001B7B01FB03234382012007B0F0BD0A2946
:1025600032D00D29F8D0C57EB0F910C090F818E02F
:10257000B0F91220447E65B10625B0F90C601EFB4F
:1025800005C5B54205DD02EBC4029C46038212B2CA
:10259000428203940B46CDF808E06146B0F816C0BD
:1025A0000590CDF804C0B0F814C0CDF800C0FFF716
:1025B00069FD0598037E028A03EB430302EB4303A4
:1025C0000382012007B0F0BD428A417E038202EB04
:1025D000C1034382012007B0F0BD00BF01294FF0C5
:1025E000000338BF012161F3070361F30F23038365
:1025F000704700BF30B590F868308E46090AB3B90D
:10260000A2B1436B5FFA8EFE501E1B685966DA6DED
:1026100012F4F81FFBD05A6FC3F864E0DA6D12F4BD
:10262000F81FFBD001385A6F451CEFD130BD012B8C
:1026300024D05FFA8EFC61453DD0002AF6D0531EAF
:102640001FFA8CF511E01160826C446D1460426CCD
:10265000446D1460426B1560826C013B446D1460E4
:10266000426C446D14605A1CE0D090F85FC0426B1D
:10267000BCF1000FE7D0A2F800E0EDE7002AD5D0CA
:1026800002F1FF3C724610231404816C03F1FF3306
:102690004FEA42024CBF846BC46B9BB22160016C59
:1026A000C46C0C60416CC46C0C60002BECD1BCF1B0
:1026B000010CE7D230BD90F85F30D0F834C07BB960
:1026C0005200CCF80010002AB0D0531E826C013B9F
:1026D000416D1160416D426C1160591CF6D130BDE5
:1026E000ACF800E0EFE700BF90F96A30002B02DBA6
:1026F000436A026E1A6090F8683003B17047426B0B
:10270000D37C002BFAD0D80704D5906A4FF0E02193
:10271000C1F80001990704D5D06A4FF0E021C1F853
:102720000401580704D5106B4FF0E021C1F80801EF
:10273000190704D5506B4FF0E021C1F80C01DB06FE
:10274000DCD5926B4FF0E023C3F81021D6E700BF31
:1027500070B5002A84B0BDF8206006DB1C461D461B
:10276000B0F90E30934200DD0CB904B070BD002CFE
:1027700005DAA3B2013119445B4209B21DB2B0F9C6
:102780000C308B42F1DD1FFA81FE0EEB050404F1E3
:10279000FF3C0FFA8CFCBCF1000FE6DB002902DAEB
:1027A00025B24FF0000E0168634592B24C6D15DC06
:1027B000A3EB0E034FF0010C71469BB2CDF800C0A5
:1027C000CDE90203A047039B02981AB2002BCCD09C
:1027D000314604B0BDE87040FFF70CBF0123029002
:1027E00071460093ABB2A0472A460298F0E700BFBB
:1027F00070B5002984B0BDF8206006DB1C461D467C
:10280000B0F90C308B4200DD0CB904B070BD002C67
:1028100005DAA3B201321A445B4212B21DB2B0F91A
:102820000E309342F1DD1FFA82FE0EEB050404F137
:10283000FF3C0FFA8CFCBCF1000FE6DB002A02DA49
:1028400025B24FF0000E0268634589B2546D11DC69
:10285000A3EB0E03724603909DB201230095A0479F
:1028600003982AB2002DD0D0314604B0BDE87040A4
:10287000FFF7C0BEABB27246039000930123A0479E
:102880002A460398F0E700BF2DE9F04F85B0BDF967
:102890003850BDF83C80002B43D0002D41D0002B98
:1028A0001C4641DBB0F90C308B423ADD002D46DB93
:1028B000B0F90EC0944534DD14FA81F61FFA81F99F
:1028C00006F1FF3E0FFA8EFEBEF1000F29DB97B234
:1028D000BA462F44BB46013F3FB2002F21DB0029FF
:1028E00002DA34B24FF00009002A03DA0FFA8BF54E
:1028F0004FF0000A73452DDDA3B2BC452FDDAAB20F
:1029000000924946066852460390766DB04704FB34
:1029100005F232B14146039805B0BDE8F04FFFF72C
:1029200069BE05B0BDE8F08F9CB20131B0F90C3042
:102930002144644209B224B28B42F2DDB6E7ADB263
:102940000132B0F90EC02A446D4212B22DB2944544
:10295000E7DDB1E7A3EB0904A3B224B2CDE7ACEB0A
:102960000A0C1FFA8CF20FFA8CF5C9E790F8682070
:10297000034642B190F96A20002A03DB826A036EA3
:1029800013607047704700B583B0406BD3E90E12F7
:102990000193FEF759FD019B93F96A20002A02DB9F
:1029A0009A6A1B6E136003B000BD00BF2DE9F043AF
:1029B0001C4685B01E460B1EBDF8307004DBB0F916
:1029C0000C10994200DD14B905B0BDE8F083002C6D
:1029D00005DAA1B201320A44494212B20EB2B0F98C
:1029E0000E109142F0DD16FA82FE1FFA82F80EF107
:1029F000FF3C0FFA8CFCBCF1000FE5DB002A03DA88
:102A00000FFA8EF64FF0000861452BDD1FFA86F9AC
:102A1000044605460068204942698A4231D194F84B
:102A200068202AB395F96A20002A02DBAA6A296E77
:102A3000116099B2CDF800904246446D01232846BA
:102A4000A04726B1324639462846FFF7D3FD2B680A
:102A50002846124ADB6A934219D105B0BDE8F0431B
:102A6000FFF742BEA1EB08011FFA81F90EB2CFE7D2
:102A700004F13400039307C8FEF7E6FC2068039BCB
:102A8000D0E72046039390472068039BD1E705B029
:102A9000BDE8F043184700BF51080100CD05010013
:102AA0002DE9F043002A85B0BDF8307006DB1C46E6
:102AB0001E46B0F90E30934200DD14B905B0BDE8F2
:102AC000F083002C154605DAA3B2013119445B42AC
:102AD00009B21EB2B0F90C308B42EFDD16FA81FC60
:102AE0001FFA81F90CF1FF3212B2002AE6DB00294D
:102AF00003DA0FFA8CF64FF0000993422FDDB3B2E0
:102B0000044680460068224942698A4235D194F8D9
:102B100068204AB398F96A20002A04DBD8F82820F4
:102B2000D8F8601011604FF0010CAAB24946CDF8F8
:102B300000C0406D04464046A04726B132463946A3
:102B40004046FFF757FDD8F800304046114ADB6A8F
:102B5000934218D105B0BDE8F043FFF7C5BDA3EB24
:102B6000090293B216B2CBE704F13400039307C80D
:102B7000FEF76AFC2068039BCCE72046039390474E
:102B80002068039BCFE705B0BDE8F043184700BFBE
:102B900051080100CD0501002DE9F04F85B0BDF9C8
:102BA0003850BDF83C80002B5ED0002D5CD0002B4F
:102BB0001C465CDBB0F90C308B4255DD002D61DB2F
:102BC000B0F90EC094454FDD14FA81F61FFA81F971
:102BD00006F1FF3E0FFA8EFEBEF1000F44DB97B206
:102BE000BA462F44BB46013F3FB2002F3CDB0029D1
:102BF00002DA34B24FF00009002A03DA0FFA8BF53B
:102C00004FF0000A73454FDDA3B2BC4545DD1FFA06
:102C100085FB0646074600682F4942698A4255D11E
:102C200096F86820002A44D097F96A20002A02DB2F
:102C3000BA6A396E11605246CDF800B04946466D09
:102C40003846B04704FB05F21AB141463846FFF753
:102C5000D1FC3B683846214ADB6A934232D105B049
:102C6000BDE8F04FFFF740BD05B0BDE8F08F9CB266
:102C70000131B0F90C302144644209B224B28B42D4
:102C8000F2DD9BE7ADB20132B0F90EC02A446D42CD
:102C900012B22DB29445E7DD96E7ACEB0A0C1FFAB1
:102CA0008CFB0FFA8CF5B4E7A3EB090293B214B2D4
:102CB000ABE706F13400039307C8FEF7C5FB3068A5
:102CC000039BB1E705B0BDE8F04F184730460393CA
:102CD00090473068039BAEE751080100CD05010025
:102CE00070B582B012B209B204469DF918509DF930
:102CF0001C600193FFF786F81A481B4A1B4984F8A9
:102D00006B5062632A01019B00EB051521600021D5
:102D100084F8696084F86A308B4284F86810A4F8FB
:102D2000701082586167ED68E166656602F184059E
:102D300002F18802C4E90B520DDB1A0100EB031308
:102D400082582046DB6802F1840588322366C4E994
:102D5000095202B070BD20462166C4E9095202B092
:102D600070BD00BF1C1E002000290020C4180020D8
:102D700070B5554B044690F96A0082B0002914BF23
:102D80000E461E461546002808DB0121C0B201F0A0
:102D90003FFA012194F86A0001F006FA012194F843
:102DA0006B0001F035FA012194F86B0001F0FCF999
:102DB00094F86830D3B92907606B25644CBF434B46
:102DC00007236A07424A48BF43F08043C4E90E63C1
:102DD000404B984218BF90424FD03F4B98424CD046
:102DE00094F96900002829DA02B070BD012B4CD09B
:102DF00094F85F30E26B002B42D0636B4FF6FF70AC
:102E0000002110801980012194F85D0001F000FA82
:102E100094F85D00012101F0C7F994F95E000028E3
:102E2000DEDB0121C0B201F0F3F994F85E0001216C
:102E300001F0BAF994F969000028D5DB0121C0B28C
:102E400001F0E6F9012194F8690001F0ADF9642080
:102E500001F02AF9002194F8690001F0A5F9642035
:102E600001F022F994F86900012101F09DF9C820D0
:102E700002B0BDE8704001F017B9FEF74FFCAFE7B4
:102E8000FF211160626B1360BDE7194694F854008E
:102E9000019301F0BDF9002194F8540001F084F988
:102EA000019994F8560001F0B3F994F85600002106
:102EB00001F07AF994F95500002891DB0021C0B2A5
:102EC00001F0A6F98CE700BF0024F40007000080A1
:102ED0005029002000290020A029002090F8683007
:102EE00043B9436B1A685166D36D13F4F81FFBD0D6
:102EF000536F7047012B0BD090F85F20436BF2B1FA
:102F00001980836C426D1A60436C426D1A60704781
:102F1000082310B40C06826C03F1FF334FEA410121
:102F20004CBF846BC46B13F0FF032260026CC46C53
:102F30001460426CC46C1460ECD110BC7047196012
:102F4000DFE700BF0368314A5B69934270B504460E
:102F50000D4656D190F86830002B4DD094F96A3068
:102F6000002B02DBA36A226E1A60D5B194F87010B0
:102F7000236B2046626E1A60FFF7B0FF2368E26A97
:102F8000616EDB6A1160224A93423CD194F96A3047
:102F9000002B02DB636A226E1A6094F868301BB162
:102FA00070BD94F87110E3E7626BD37C002BF7D00F
:102FB000DD0704D5906A4FF0E021C1F800019C07BD
:102FC00004D5D06A4FF0E021C1F80401580704D5B8
:102FD000106B4FF0E021C1F80801190704D5506BC0
:102FE0004FF0E021C1F80C01DB06D9D5926B4FF010
:102FF000E023C3F8102170BD343007C8FEF724FA6F
:10300000ACE79847B1E7BDE87040184751080100A8
:10301000CD050100426E08B5036B1A60FFF75EFF35
:10302000C36A426E1A6008BD90F8683083B9436B7A
:103030000A0A1B685A66DA6D12F4F81FFBD0C9B28F
:103040005A6F5966DA6D12F4F81FFBD05B6F704748
:10305000012B0BD090F85F20436BF2B11980836C89
:10306000426D1A60436C426D1A607047102310B4B1
:103070000C04826C03F1FF334FEA41014CBF846BB7
:10308000C46B13F0FF032260026CC46C1460426CCA
:10309000C46C1460ECD110BC7047C1F30F221A60ED
:1030A000836C426D1A60436C426D1A60436B196009
:1030B000D5E700BF002909DB70B5B0F90CE082B09C
:1030C0008E4501DD002A02DA02B070BD7047B0F90A
:1030D0000EE09645F8DD1E460123044692B20093A9
:1030E00089B205686D6DA8473146204602B0BDE83B
:1030F0007040FFF799BF00BFF0B51C460B1E85B0AE
:1031000005DBB0F90CE09E4501DD002A01DA05B0CF
:10311000F0BDB0F90E109142F9DDD0F800C01646AE
:103120001D492746DCF81420044605468A4228D16A
:1031300090F86820E2B195F96A20002A02DBAA6AB9
:10314000296E116099B20123B2B228460093DCF8CF
:103150005440A04739462846FFF766FF2B680F4AC0
:10316000DB6A934213D105B0BDE8F040FFF7BCBA6B
:103170003430039307C8FEF767F9D4F800C0039B07
:10318000D9E703939047D4F800C0039BDAE705B072
:10319000BDE8F040184700BF51080100CD0501000F
:1031A000F8B51F4690F8683004460D461646002BC9
:1031B0005DD094F96A30002B02DBA36A226E1A609C
:1031C000236B2946626E20461A60FFF787FEE36A8A
:1031D000626E1A60C7B1002506E0013516F8011BC2
:1031E000FFF77CFEBD420FD094F868302046022BDA
:1031F000F3D194F85F30002BEFD0013536F8021B85
:10320000FFF712FFBD42EFD194F96A30002B02DBC9
:10321000636A226E1A6094F8683003B1F8BD626B7D
:10322000D37C002BFAD0DD0704D5906A4FF0E02163
:10323000C1F800019C0704D5D06A4FF0E021C1F825
:103240000401580704D5106B4FF0E021C1F80801C4
:10325000190704D5506B4FF0E021C1F80C01DB06D3
:10326000DCD5926B4FF0E023C3F81021F8BD343069
:1032700007C8FEF7E9F89CE72DE9F041984690F879
:10328000683004460D461746002B3AD094F96A3050
:10329000002B02DBA36A226E1A60236B2946626E42
:1032A00020461A60FFF71AFEE36A626E1A60B8F1F0
:1032B000000F1AD0002607E0013615F8011BFFF7B2
:1032C0000DFE46452F4610D094F868303D46204606
:1032D000022BF1D194F85F30002BEDD0013637F896
:1032E000021BFFF7A1FE4645EED194F96A30002B90
:1032F00002DB636A226E1A6094F8683033B1BDE86D
:10330000F081343007C8FEF79FF8BFE7626BD37CCB
:10331000002BF4D0DD0704D5906A4FF0E021C1F80E
:1033200000019C0704D5D06A4FF0E021C1F80401E8
:10333000580704D5106B4FF0E021C1F808011907B8
:1033400004D5506B4FF0E021C1F80C01DB06D6D557
:10335000926B4FF0E023C3F81021D0E790F868306B
:1033600003BB436B0A0E1B685A66DA6D12F4F81F32
:10337000FBD0C1F30742586F5A66DA6D12F4F81F9A
:10338000FBD0C1F30722586F5A66DA6D12F4F81FAA
:10339000FBD0C9B25A6F5966DA6D12F4F81FFBD030
:1033A0005B6F7047012B10B419D090F85FC00B0C05
:1033B000426BBCF1000F28D0D0F848C01380436D99
:1033C000CCF80030436C426D1A60436B1980836CFB
:1033D000426D1A60436C426D10BC1A607047202326
:1033E0000029826C03F1FF334FEA4101B4BF846BC3
:1033F000C46B13F0FF032260026CC46C1460426C57
:10340000C46C1460ECD110BC70474FEA116CC2F868
:1034100000C0826C446D1460426C446D14600A0AF2
:10342000446B2360836C446D1C60436C446D1C6072
:10343000436B1A60836C426D1A60436C426D1A6074
:10344000436B1960C3E700BF01F003010023B0F92B
:103450007E20022900B583B081768DF80730B0F95F
:10346000803028D0032917D001292FD04FF0C00C6D
:1034700090F87810C38190F8793082818DF807C078
:10348000A0F86C10A0F86E3001230DF10702362170
:10349000FFF786FE03B000BD4FF0600C90F87C1083
:1034A000838190F87830C2818DF807C0A0F86C1045
:1034B000A0F86E30E8E790F87BC090F87C1082812D
:1034C000C381A0F86CC0A0F86E10DDE74FF0A00C2F
:1034D00090F87910838190F87B30C2818DF807C015
:1034E000A0F86C10A0F86E30CEE700BF10B59C4677
:1034F00082B004460B460092F0214FF4A072CDF842
:1035000004C000F0EFF8044A4FF0000320462260A8
:10351000A4F87B3002B010BD2419002030B585B06E
:103520000D4680F87A3000210192044600F01CF923
:10353000019AF02DA2F1F003B3FA83F34FEA53138B
:103540002ED16BB34FF000014FF4A043A4F87B10D1
:10355000A4F87830A4F8802020462749A4F87E50AB
:1035600000F0DAF82368254A1B6B93423DD194F8AA
:1035700079300022D4F87E00C02194F878508DF87C
:103580000F103621A2760DF10F02A4F86E30012340
:10359000E0602046A4F86C50FFF702FE05B030BD95
:1035A000872D09D143B142F6350142F63403A4F820
:1035B0007810A4F87B30CDE7D2F5A0734FF000006F
:1035C00048BF0133D5F1F00148BF0131C3F34703D0
:1035D000C1F3470184F8793061F3070084F878106B
:1035E00063F30F20A4F87B00B4E70021204605B068
:1035F000BDE83040184700BF581F00602D13010080
:10360000064B42F22102002918BF0B46A0F8702099
:1036100090F87A2019464367FFF7AABB0048E801F3
:10362000B0F86CC0614489B20B44013B70B543EA09
:103630000145B0F86E3004462A211A44BDF8103016
:1036400092B21344013B43EA0246FFF7E3FC2946EA
:103650002046FFF783FE20462B21FFF7DBFC314697
:103660002046FFF77BFE20462C21BDE87040FFF787
:10367000D1BC00BF01F00301002390F8782002299B
:1036800090F879C000B583B081768DF807301CD0F2
:10369000032911D001291DD062F30F03C0216CF35F
:1036A0001F438DF80710C36601230DF10702362171
:1036B000FFF776FD03B000BD6CF30F03602162F3EA
:1036C0001F438DF80710C366EEE7A0F86C20A0F842
:1036D0006EC0E9E7A023A0F86E20A0F86CC08DF8BA
:1036E0000730E1E710B582B004469DF910C0CDF86F
:1036F00000C09DF914C0CDF804C0FFF7F1FA002313
:10370000044A2046A4F8783084F87A30226002B067
:1037100010BD00BF841900202DE9F8430D7805B3D2
:1037200007464C1C013D94F8019004F102082178F1
:10373000384609F07F064246334608EB0604FFF799
:103740009BFD19F0800F08D018F806000134FF28FF
:1037500008BF4FF4FA7000F0A7FC013DEDB2FF2D59
:10376000E1D1BDE8F88300BF38B5036804460D4ACF
:103770000D461B6D934211D10B4942F2210390F883
:103780007A204167A0F87030FFF7F2FA2DB1294690
:103790002046BDE83840FFF7BFBF38BD002198473D
:1037A000F4E700BFE51401000048E801EFF31082E0
:1037B00072B6437F33B9017F012907D0032911D0A5
:1037C000012343770AB962B670477047DFF868C0D3
:1037D000DCF80010F9B1164943610B680860836199
:1037E0005861EDE700B5DFF854E01249DEF800C09B
:1037F000BCF1000F16D043610B68836158614FF034
:10380000E0234FF0805C0860C3F804CD01234377C8
:1038100002B962B600BD064BCCF800001860C0E9E2
:103820000511CDE7C0E905CCCEF80000E7E700BF01
:10383000748900206C89002068890020708900202C
:1038400070B5EFF3108272B60C4C206880B10C4E4C
:1038500000254369236073B19D6102B962B6836834
:1038600045779847EFF3108272B620680028F0D1B0
:1038700002B962B670BD3360EFE700BF7089002007
:103880006C890020FFF7DCBF0449054A4968054BF5
:103890001960136801331360704700BF001000E027
:1038A0005891002054910020014802F093BA00BFC3
:1038B000002A002001207047012A70B508BF0A22A3
:1038C0008AB005461E4659B34FF0210C01E05FFA5D
:1038D00084FC0CF1FF34B1FBF2F302FB131EBEF1CA
:1038E000090F0EF1370098BF0EF130000DEB0C0EF2
:1038F000914219468EF80400E9D23EB10CF1FF3C2A
:103900002D225FFA8CFC0DEB0C031A712B6801A9B8
:10391000CCF1220228465B68614498470AB070BD2A
:1039200030234FF0210C8DF82530E6E72DE9F041EA
:103930000C46C9B1E2B1064601EB020800250D4F65
:1039400002E0444505440CD03368013401201B6873
:10395000BB42F6D014F8011C304698474445054454
:10396000F2D12846BDE8F0810D462846BDE8F08139
:103970001546F6E799170100002903DB00230A2208
:10398000FFF79ABF49422D230A22FFF795BF00BFD8
:1039900000B5036883B040F60D2C022201A95B68D4
:1039A000ADF804C0984703B000BD00BF044B022827
:1039B00088BF0346D3F800C01846DCF80430184727
:1039C000F02900200EB400B582B003AA52F8041BFF
:1039D000019204F00BF902B05DF804EB03B07047FC
:1039E00032B90368044A1B68934203D1012070472F
:1039F000FFF762BFC9B2184799170100B4EE400B38
:103A000070B5F1EE10FA86B0864680F18280B0EE95
:103A1000C07B9FED486BB4EE467BF1EE10FA6CDC98
:103A20009FED467BB4EEC70BF1EE10FA5CDC9FED28
:103A3000457BB4EEC70BF1EE10FA55D4B5EEC00BD2
:103A4000F1EE10FA61D40023B6EE007B002964D0B9
:103A50004FF0000C9FED3D6B0CF1010C27EE067B47
:103A60006145F9D130EE070B0C460A2270467646C6
:103A7000FCEEC07BB8EE676B17EE901A30EE460B8B
:103A80008DED000BFFF718FF0F2C21464FF02E0392
:103A900028BF0F2105468DF808300DF10903481E97
:103AA000B2EE046B02AA53FA80F09DED000B20EEFB
:103AB000060BFCEEC07BCDED007A9DF8003007EEE2
:103AC000903A3033B8EEE77B02F8013F904230EE97
:103AD000470BECD133684A1C304602A95B68D2B26E
:103AE0009847284606B070BDDEF800300322194919
:103AF0005B6806B0BDE870401847036803221649AA
:103B00005B6806B0BDE870401847B1EE400B01237A
:103B10009AE7036803221149EAE730EE070B0A220D
:103B20007046FCEEC07B17EE901A06B0BDE8704000
:103B3000FFF7C2BEFFFFFFFFFFFFEF7F000000E0C7
:103B4000FFFFEF41000000E0FFFFEFC19A99999954
:103B50009999B93FF80F0020F40F0020F00F0020D2
:103B600008B1014B18607047EC870020884200DBE9
:103B70007047DFF86CC0091ADCF8003003B3164A4E
:103B800000B582FB032EDA179E44C2EB2E42DFF80B
:103B900054E00EFB1233DFF850E00EFB02F244F269
:103BA000A71E0EFB0322002A13DA6FF00043D3187E
:103BB000CCF80030B3FBF1F201FB1233184400BD26
:103BC000064BB3FBF1F2CCF8003001FB1233184482
:103BD00070471346ECE700BF5F0B4E8342CE0C1FCD
:103BE000EC8700201DF30100ECF4FFFF0022C0E988
:103BF0000022826061B110B582B000900846019148
:103C000004F0ECFA009B044618B9184602B010BD47
:103C10007047013003F0C4F9009B0028F5D0002262
:103C2000019918600270C3E9014404F01BFA009B7B
:103C3000184602B010BD00BF10B50446006803F07E
:103C4000B7F9204610BD00BF30B5144683B0034617
:103C5000026834B902B11470002218469A6003B0A9
:103C600030BD0D4641688C420DD90090611C104654
:103C700003F088FC009B024678B19968C3E9000410
:103C800009B901701A689C6029461046009304F037
:103C9000E9F9009B184603B030BD186830B1CDE992
:103CA000002303F085F9DDE900231A60002218469D
:103CB000C3E9012203B030BD10B5044682B059B14A
:103CC0000846019104F08AFA019902462046FFF75E
:103CD000BBFF204602B010BD8160204602B010BD7F
:103CE0002A284AD8264B70B51B780646E3B9254BDF
:103CF0009B5DFF2B2AD0244A02EB061291680A68CA
:103D000002F44050B0F5805F31D01C0620D41F4C27
:103D10002360236AD80704D401F032FD236AD9074F
:103D2000FAD51A4B586A70BD184C194D01E001F0D4
:103D300027FDA36C1B06FAD4AB6C13F08003F6D1FD
:103D40000F4A13700F4B9B5DFF2BD4D1002070BD29
:103D50000F4C03F07F032360236ADA0704D401F0D9
:103D60000FFD236ADB07FAD5094B586A70BD22F4B0
:103D700080521C060A60EBD4C9E70020704700BFE0
:103D8000A4920020F82100201C1E002000400C40BE
:103D900000800C40A94AAA4B90422DE9F047A94C5B
:103DA000D3F814E09969D4F80CC000F2088103F14B
:103DB000437303F5F4530333A3FB0023DB0D03EB41
:103DC000830303EB830202F2B63240F227639A4286
:103DD00028BF1A469C4BA3FB0232D208203A984DCA
:103DE0000CF01F04D5F88030944243F0C003C5F8AE
:103DF00080300BD22CF01F0C924C4CEA020CC4F811
:103E00000CC02368002BFCDA0CF01F041EF00073BA
:103E100027D18E4D2E698E4DB54300F0FA8081F486
:103E2000805576464FF4805716F0605F06D02EF02E
:103E3000605E4EEA030E824BC3F814E015F4405F57
:103E400007D021F440517E4D3943A961AB6C1B076B
:103E5000FCD44EF0007E7A49C1F814E08B6C9F06CA
:103E6000FCD47C49884200F2DF80012635460EE012
:103E7000082D0CD1042E00F291800136022506FB9C
:103E800000F38B4200F2C3805B008B4206D8013501
:103E900006FB05F300FB03F38B42E9D9771E05F11E
:103EA000FF384FEA872A8EEA87276B4959186B4BF0
:103EB00099427CD9DFF8E4916C2369486349B0FBEF
:103EC000F5F0684DB0FBF6F00E6835404D4508D072
:103ED00043F400534FF480550D600B600B68002BCA
:103EE000FCDA57490B6903F00703434504D0C1F8D6
:103EF00010808B6CDE03FCD417F4E05F0BD02EF443
:103F0000E05E0AF4E0534E4943EA0E0EC1F814E0B5
:103F10008B6C9D07FCD4544D544945198D4239D8BA
:103F2000534BED09A3FB05352D0B6B1E1B028EEACF
:103F3000030111F4407F07D02EF4407E03F4407358
:103F40003F4943EA0E034B613D494B6923F000733F
:103F50004B618B6C9B06FCD4464BA242A3FB001327
:103F60004FF0FF314FEA9343B0FBF5F5B1FBF3F3AC
:103F70004149086041490D6041490B6008D22CF06D
:103F80001F0C30494CEA0202CA600B68002BFCDAB5
:103F9000BDE8F0874FF440730425C8E7771E2E492B
:103FA0004FF007084FEA872A59188EEA8727294BCE
:103FB00099421CD8DFF8E890362332487EE7324B2E
:103FC000984201D80E220AE7304B984228D9304A4D
:103FD000904227D9821A2F4B120AA3FB0232D20930
:103FE00002EB820202EB820202F2E242EDE6A3F170
:103FF00082532948DFF8AC90A3F589337E3BA3FBBD
:1040000001310B0D03FB00F043EA090956E70125D6
:1040100044E71F468EF0C0560D464FF0C05303E7ED
:104020000F22DCE61222DAE6012603464FF0000AF0
:1040300077464FF00008354637E700BF001C4E0EAC
:1040400000C00F40000008401F85EB5100800D406C
:1040500040300080FFB19F26808D5B00FF7EF64DD3
:1040600000643F4D7F3001807FD1F0087F17B42C72
:104070009F10E50083DE1B43FC280020F828002069
:10408000D090002000B29F26FF0A6B1B00A4781F6F
:104090000046C32323B24C00001BB7006C200080F5
:1040A000362000800020008000B970472DE9F84FCD
:1040B00001218146224C234E234D54E8003F3268B3
:1040C000286844E80013002BF7D120494B684FF4CF
:1040D0007A7BDFF87CA01B1A01270BFB02F8DAF8C9
:1040E0000020A2FB03235B4594BF9844D84454E8C6
:1040F000003F3268286844E80073002BF7D14B6812
:10410000DAF800C01B1A0BFB02F2ACFB03C3B3F5D9
:104110007A7F94BFD21802F57A72A2EB0802B2F548
:104120007A7F08D3B9F1010F08F57A7809F1FF39E0
:10413000DDD1BDE8F88F01F023FB0449D7E700BFCC
:104140005C9100205891002054910020001000E064
:10415000D090002010B50F4B4FF0010C0E4CDFF843
:1041600044E053E8002F2068DEF8001043E800C266
:10417000002AF6D1094B5B68094A5B1A4FF47A7141
:10418000126801FB00F0A2FB03238B4294BFC0180E
:10419000401810BD5C91002058910020001000E0F4
:1041A000D090002054910020362812D802010C4BE8
:1041B00003EB00109B58C268D3F804C01CEA020F3E
:1041C00003D039B1C3F884207047836829B9054A00
:1041D0001A607047C3F888207047034A1A60704716
:1041E0001C1E00203830010038F0010036280BD8A2
:1041F000064B020103EB00109A58C36892681A42FA
:1042000014BF012000207047002070471C1E0020B2
:10421000362831D802011B4B012903EB00109B58B3
:1042200000B55A68D0E902EC12D0042910D022EA75
:104230000C025A60C9B102291FD003294FF01502A0
:104240000CBF114B114BCEF8003043681A6000BD13
:1042500042EA0C0201295A6007D040F63803CEF832
:104260000030436815221A6000BD38231522CEF8AD
:10427000003043681A6000BD7047054BCEF800302F
:10428000EFE700BF1C1E002038300100380001009D
:1042900038F0010010B4134A0020134B0121134CD5
:1042A000DFF84CC0C2F8F032C2F8F402C2F8B8101D
:1042B000C2F8A000C2F8A440C2F8B0105369DB07EE
:1042C000FCD551619CF80030DB07EFD41368054939
:1042D00043F0010313600B68DB07FCD462B610BC2B
:1042E000704700BF00802A400504012401000F0030
:1042F00000812A4010B5DFF840E04FF6FF7C0C4803
:104300000EF17E04A0F58053002203E0834202F107
:10431000010203D2198802336145F7D12EF8022F2A
:10432000A64500F58050EDD1024B01221A7010BD58
:1043300000107C60AC920020D290002041F2BB03C0
:10434000984238D81D4B10B51B7882B05BB38208F9
:104350001B4BDFF874C0A3FB0213D11A03EB51030C
:1043600018495B09C3EB831E1C46A2EB0E033CF805
:1043700013C059184FEA4C0C0A030CEB013CBCEB80
:10438000013F15D900F0030EFF204EEA840E1346BC
:1043900002321B88D9B21B0A8E4508BF18469445C5
:1043A000F5D802B010BD0190FFF7A4FF0198CEE749
:1043B000FF2002B010BDFF20704700BFAC9200206C
:1043C00005411004C0070600D490002030B583B02A
:1043D00072B6334B40F20645324C9C610224DC61DC
:1043E0000024C3F8A040C3F8F0528518C3F8F44283
:1043F000C3F8F842C3F8FC424FF47024C3F8A44059
:104400000124C3F8B04020F01F03BFF34F8F4FF0DB
:10441000E024C4F85C3F20339D42FAD8BFF34F8FAD
:10442000BFF36F8F1E4D6B69DC07FCD50123DFF8EE
:104430007CC094B220F07F406B6144F47024C5F8D6
:10444000F0C242F2012CC5F8F4C2C5F8BC30C5F880
:10445000A000C5F8A440124CC5F8B03001E05B06DE
:104460000AD4636913F00105F9D04123636103B0F5
:10447000BDE83040FFF70EBF082A0DD842B10A4808
:10448000CDE9001200F0C0F9DDE9001211442A461E
:10449000034B40205861E4E7A2F108050822EEE74B
:1044A00000802A40F05AF05A80812A4032041808CD
:1044B00000B5864672B6294B022129480022986130
:1044C0004FF47020D96140F20641C3F8F012012187
:1044D000C3F8F422C3F8F822C3F8FC22C3F8A020E2
:1044E000204AC3F8A4000EEA0202C3F8B010BFF3DA
:1044F0004F8F02F1200302F580514FF0E02C8B42E8
:104500002CBF0121802102EB41118B42CCF85C2FA2
:104510001A4603F12003F8D1BFF34F8FBFF36F8F1B
:104520000E4A5369D907FCD501200F490F4B4FF4B0
:10453000702C50610EEA0303C2F8F0120749C2F86A
:10454000A030C2F8A4C0C2F8B0004B69DB07FCD5AC
:1045500001235DF804EB4B61FFF79CBE00802A400D
:10456000F05AF05A00F0FFFF2004180800F0FF0096
:1045700041F2BB03984200F28E80484B2DE9F04790
:104580001B78C2B00E460546002B00F08180AB08B8
:10459000434F05F00305A7FB0327DA1B07EB520780
:1045A000404A7F0945EA8705C7EB8717DF1B3E4B6B
:1045B00032F81740FB1860004FEA033800EB033075
:1045C000B0EB033F68D94246FF21134602321B88F5
:1045D0005FFA83FC1B0AAC4508BF19468242F4D33C
:1045E0008E4244D0B4F5006F44D302AC4FF48072D5
:1045F000FF21204603F0D2FB08F1020208F58053A8
:104600002A48934294BF01234FF40063424603EBD0
:10461000C72318184000134602321B888242D9B2C1
:104620004FEA13236354F6D10DF1070966550DF2D5
:10463000071A00254C464046FFF73AFF14F801CF11
:1046400002220DF1060108EB4500631EBCF1FF0FCD
:10465000A3EB090306D043EA0C230135ADF806307D
:10466000FFF7B4FE5445E9D10E4B23F8175042B082
:10467000BDE8F08702A945EA0625022201340D8033
:10468000FFF7A4FE074B23F8174042B0BDE8F087C0
:10469000FFF730FE7BE77047FF21A1E7AC920020D7
:1046A00005411004D4900020C007060000003E30F1
:1046B00062B170B505460C468E182046013415F8D7
:1046C000011BFFF755FFA642F7D170BD704700BF31
:1046D000704700BF36285CD8DFF808C1000170B50C
:1046E0005CF80030DFF800E173455BD052D8B3F1DD
:1046F000844F55D0AEF5804E734549D1344E604459
:10470000344CDFF8E8C0C4F8B4C2D0E9015CC0683A
:104710004FF0E02E4FF00054042ACEF8104137D865
:10472000D3F814E02EEA000EC3F814E04FF0050EA3
:10473000C5F800E0DCF800E04EF4803ECCF800E084
:10474000D3F804C02CEA000CC3F804C0DFF8A0C002
:104750005CF822C090FAA0F2B2FA82F246F8221077
:1047600022D0D9690F2A21EA0001D96120DC520048
:104770004FF0030ED9680CFA02FC0EFA02F221EA9D
:10478000020242EA0C02DA6098615A6902435A61F5
:1047900070BD7047DFF85CE07345F9D10E4EAEE7AF
:1047A0000E4EACE70E4EAAE7DA690243DA61EBE798
:1047B000103A4FF0030E196952000CFA02FC0EFA7F
:1047C00002F221EA020242EA0C021A61DCE700BFAF
:1047D000D82E002000340020D82F0020582E002092
:1047E000582F00201C1E00200080004221000000E5
:1047F000D409002000C0004208B5F6F75DF9F5F7CE
:104800005DFF00F0BDFFFAE7844641EA000313F0C4
:1048100003036DD1403A41D351F8043B40F8043BC7
:1048200051F8043B40F8043B51F8043B40F8043B8A
:1048300051F8043B40F8043B51F8043B40F8043B7A
:1048400051F8043B40F8043B51F8043B40F8043B6A
:1048500051F8043B40F8043B51F8043B40F8043B5A
:1048600051F8043B40F8043B51F8043B40F8043B4A
:1048700051F8043B40F8043B51F8043B40F8043B3A
:1048800051F8043B40F8043B51F8043B40F8043B2A
:1048900051F8043B40F8043B403ABDD2303211D3CA
:1048A00051F8043B40F8043B51F8043B40F8043B0A
:1048B00051F8043B40F8043B51F8043B40F8043BFA
:1048C000103AEDD20C3205D351F8043B40F8043BCA
:1048D000043AF9D2043208D0D2071CBF11F8013BC8
:1048E00000F8013B01D30B8803806046704700BF8E
:1048F000082A13D38B078DD010F003038AD0C3F19D
:104900000403D21ADB071CBF11F8013B00F8013B7E
:1049100080D331F8023B20F8023B7BE7043AD9D33D
:10492000013A11F8013B00F8013BF9D20B78037012
:104930004B7843708B7883706046704701F1FF3C81
:1049400070B566464FF0000E01E00EF1010EB0FBAF
:10495000F2F402FB1403092B03F1370598BF03F1AE
:1049600030059042204606F8015FEED201EB0E03BF
:1049700000225A70BEF1000F11D0481C70440CF197
:1049800002021CF8014F10F8015DA1EB0C03521A52
:104990008CF80050013B047073449A42EFDB0846E8
:1049A00070BD00BF72B6EFF30583524CC4F884307B
:1049B0001EF0040F0CBFEFF30882EFF309824FF0F3
:1049C000E0234D4DD3F8280DD3F82C1DC4E9220166
:1049D000D3F8341DD3F8383DC4E924139369A834BF
:1049E00044F8103CD36944F80C3C00F0CFF804EDD7
:1049F000020A01F043FB0B2344F8040C4FF0FF3292
:104A00003E4844F8283C2B68202104355A4042F3A4
:104A10000003013903EA000383EA5202F7D1A542F9
:104A2000F1D1344BC3F8A820BFF34F8F4FF0E023F0
:104A30003149334AC3F8701FC3F8702FBFF34F8F4B
:104A4000BFF36F8F2F4A02242F48D36E2F4943F4B0
:104A50004053D3660460D3692D4823F07F0343F0AD
:104A60004003D3610B68834240D8274D00204FF0AC
:104A7000E0234FF0FF3228600121C5F808012548E6
:104A80000C460E46C5F80001C5F80811C3F8802190
:104A9000C3F88421C3F88821C3F88C21C3F890217E
:104AA00001E000F073F9D5F80C31002BF9D04F2C50
:104AB000C5F80C6104F10104F3D9174B0220174922
:104AC0004FF00042C1F840015A63D5F80C313BB9B0
:104AD000134814490C4A0163D2F80C31002BFAD068
:104AE0004FF0E023104AC3F80C2DFEE7FFF752F910
:104AF000BBE700BF00FF272080FF27202083B8ED01
:104B0000A0FF272000C00F4000400840FC280020E4
:104B1000803DCD0B009F240000900D4000002E40F2
:104B200000800F40F100AD0B0400FA05094A08B5FA
:104B30000346106823B1034407498B4201D8136030
:104B400008BD03F04DFA0C2203464FF0FF301A6007
:104B500008BD00BF4C2B002000002820002070471B
:104B60004FF0FF30704700BF4FF4005300204B6000
:104B7000704700BF012070474FF0FF30704700BF03
:104B800030BFFDE730BFFDE7FFF70CBF124AD2F898
:104B900080305B07FBD5D2F880301048C3F30B237D
:104BA0000F4990ED007A07EE903A91ED006AB8EE69
:104BB000477A0C4AF8EEE77A0B4BD2ED006A77EEB3
:104BC000C77A93ED007AB8EE477A67EE867A87EE79
:104BD000A60A37EE400A704700810D40C0900020C1
:104BE000C8900020CC900020C4900020836B70B54A
:104BF00086460E4610461BB1536843F4004353608B
:104C000072B6DEF8342042B31B4B1060D3F8B021EB
:104C100032421ED1194C656805E06268A2EB050CB2
:104C2000BCF5166F0BD2D3F8402142F48042C3F892
:104C30004021D3F8B811D3F840215204EDD53140CA
:104C400007D10D4ACEE90201D2F8B0313343C2F8A0
:104C5000B031CEF8340062B670BD0749CEE9020229
:104C6000D1F8B0313343C1F8B031CEF83000CEF8CE
:104C7000340062B670BD00BF00002E40001000E09E
:104C800070B5056B95B12B46002403E01B68013419
:104C9000012B0CD05A681206F8D5036306462CB1D6
:104CA0002846B36B2D689847013CF9D170BD0022AE
:104CB0000023C0E90C23F1E700B501BBDFF8A0C079
:104CC000234B0021234A4FF0010E4FF00110996051
:104CD000C3F800E0CCE902314FF0800CC3F804C007
:104CE000C2F8BC01D2F8B0311B4843EA0E03C2F847
:104CF000B0310160D2F8B031002BFBD100BD090406
:104D0000164BDFF85CC04FF0010E41F08001986057
:104D1000104A596000F58051C3F800E0D96000F5F1
:104D20000051CCF84830196100F5405100F5804041
:104D3000596100219861CCF84C10D2F8B03143F49D
:104D40008033C2F8B031D2F8B031002BFBD1B7E7D5
:104D50002044002000002E405C8E002040440020B3
:104D600000000020074901220B78824023EA020359
:104D70000B7033B9044AD2F8483123F08003C2F8EB
:104D800048317047AF92002000002E402DE9F047D7
:104D9000AB4C82B0D4F84461F107C4F8446147D504
:104DA000D4F8AC31002B3ED0A64D4FF00117DFF800
:104DB000AC82C4F8AC31D5E90A20D4F8403143F4D0
:104DC0000053C4F84031D4F840319B04F5D5D4F8F1
:104DD000403123F40053C4F84031C4F8B471D4F81E
:104DE000B43113F00113FAD191B28446C8F80030FF
:104DF000B1F5A06F00F08A8100F28E80B1F5817F5D
:104E000000F0A28100F2DB80802900F07981822904
:104E100003D110F0780300F01082C4F8C071D4F808
:104E2000AC31002BC5D1864AD2F8BC31002B43D11E
:104E3000720614D5824AD2F8AC31C2F8AC31D2F83D
:104E4000BC31C2F8BC31D2F8B031002BFBD14FF0ED
:104E5000FF307D49C2F8B401D2F884210B60F4011F
:104E600003D57A4B1B6803B19847B00103D5784B43
:104E70001B6803B19847710708D5714BD3F884318B
:104E800013F4007315D0734B01221A706C4BD3F8D6
:104E900048311A060AD5330608D56F4A13782BB164
:104EA000013BDBB21370002B00F0368202B0BDE88C
:104EB000F087684A1370E9E76849C2F8BC310868AE
:104EC000034240F0CC81604A12681340B0D01C0C01
:104ED0005C4D1FFA83F810D094FAA4F7B7FA87F75D
:104EE00005EBC7104030FFF7CBFE012303FA07F7AD
:104EF000BC43F1D1B8F1000F9AD0012798FAA8F479
:104F0000B4FA84F405EBC41007FA04F4FFF7B8FE12
:104F100038EA0408F2D18BE7B1F5106F00F0AE80EB
:104F20003AD840F2816399427DD8B1F5D06FFFF451
:104F300074AF4B4B596800293FF46FAF1FFA8CFEDA
:104F4000120C04E019690C3300293FF466AFB3F882
:104F500000C09445F6D1B3F802C0F445F2D14FEA4F
:104F6000122C000CBCF1030F00F0CC811B89834292
:104F700028BF0346B2F5007F9A4640F09C81354B2E
:104F80001B78002B40F0C681364952463648DFF880
:104F9000D890FFF739FC9FE140F6211E714500F0E3
:104FA000FD804FF6C00399427FF437AF83B2FF2BE9
:104FB0003FF633AF43F46E4363F30F0CB9E740F2AF
:104FC000A113994200F0908040F2023399427FF49D
:104FD00024AF10F0780F7FF420AF00F07F02234B56
:104FE000000653F822104CBF41F4803141F001011A
:104FF00043F8221000211E4BE96499600121AB6443
:10500000196080210E4A59604FF00113C2F8BC317B
:10501000D2F8B03143F48033C2F8B031D2F8B031B5
:10502000002BFBD1FBE6B1F5086F7FF4F6AE114B18
:10503000012111481B780370FFF73EFEEFE600BF29
:1050400000002E4000000020608E002068920020AA
:105050006C920020B3920020B49200205C8E00205D
:1050600024220020981F006000002020C0012E4054
:1050700020440020B2920020A09000204FEA124C61
:10508000A84A4FF44C01CC2082F800C04FF0CC125B
:105090000193C4F8C411C4F8C801C4F8CC11C4F811
:1050A000D001C4F8D421C4F8D811C4F8DC1100F040
:1050B000A7FA9D4A0121019BAA6411608021936097
:1050C00051604FF00112EB64C4F8BC21D4F8B02158
:1050D00042F48032C4F8B021944AC8F80030D2F8C3
:1050E000B031002BFBD19AE683B2042B7FF495AE4E
:1050F000010C8F483F2928BF3F21FFF7DDFD8EE6D9
:105100008C4802210380FFF7D7FD88E68649EB64CF
:105110008B600123A9640B6080234B604FF0011367
:105120008249C4F8BC31D4F8B03143F48033C4F8B8
:10513000B031D1F8B031002BFBD1130C5B0643F03A
:105140008073C1F854316AE610F0780F7FF465AED1
:1051500000F07F02784B000653F822104CBF21F478
:10516000803121F0010143F8221000216E4BE964E7
:1051700099600121AB64196080216C4A59604FF03D
:105180000113C2F8BC31D2F8B03143F48033C2F815
:10519000B031D2F8B031002BFBD140E681B2042906
:1051A0007FF43BAEB0F5820F4FEA1041BFF435AE4D
:1051B000DFF88CC1CCE9002009B30A04EB605F4B37
:1051C00042F08002AB605A6001221A60584A9A602D
:1051D000D4F8B01141F00101C4F8B01102F58051CA
:1051E000D96002F50051196102F5405102F5804283
:1051F00059619A614D4AD2F8B031002BFBD14A4B2C
:1052000000214A4A9960E9640121AB64196048F2BF
:10521000800159604FF00113C2F8BC31D2F8B031AF
:1052200043F48033C2F8B0314FF48033C8F8003013
:10523000D2F8B031002BFBD1F1E500F07F013E4AFE
:10524000000652F821103B4A138031D5C90301D51D
:105250000123137002213748FFF72EFDDFE5002000
:1052600040F62114086036490D88A5427FF42BAE24
:10527000898804297FF427AE2D49324D4C782A497C
:105280008860C5E902103048047001200860802061
:1052900048604FF00111C2F8BC11D2F8B01141F0D2
:1052A0000101C2F8B011D2F8B0110029FBD10AE611
:1052B000CB07CFD5CCE7B2F5E06F7FF466AE234BDA
:1052C0001B782BBB2249DFF88C9052464846FFF7EB
:1052D0009BFA072389F8013029F01F0309EB0A0222
:1052E000BFF34F8F4FF0E021C1F8703F20339A4257
:1052F000FAD8BFF34F8FBFF36F8F16485146FFF7B1
:10530000DBFC8CE50B78834228BF03469A463CE6DB
:105310001149D8E70E4938E60520FFF723FD08F0CC
:1053200051FC00BFB29200202044002000002E401B
:10533000DC8D0020A0900020C0012E4040440020C1
:105340006881002000000020A5920020B392002078
:105350005420006000002020981F00602DE9F043D9
:10536000441E83B0062C02D903B0BDE8F083124D71
:1053700090460F46C60105EBC0143C220021019067
:10538000201D994602F00AFDB8FA88F23904520944
:1053900041EA42710122A951C4F83890A260B9F1E2
:1053A000000FE1D00549019B9A400B681A430A603F
:1053B00003B0BDE8F08300BF00000020608E002035
:1053C0002DE9F04300F1FF3E83B0BEF1060F02D994
:1053D00003B0BDE8F0839146C201124F884602F146
:1053E000400605463C220021F4190193201D02F0DD
:1053F000D5FCB9FA89FC4FEA0842019B4FEA5C1CD4
:1054000042EA4C72BA510122A363A260002BDFD0A2
:10541000054905F110000B6882401A430A6003B089
:10542000BDE8F08300000020608E002012044FF0E1
:10543000010C816042F08002C0F800C0C36101F538
:10544000805C01F54053426001F5005201F5804156
:10545000C0F80CC08161C0E904237047431E062BCD
:1054600000D9704700F1100C064B0A4603EBC01040
:1054700000B54FF0010E0EFA0CF15DF804EBFFF7EA
:10548000B5BB00BF40000020431E062B00D970476B
:105490004FF0010C034B0A460CFA00F103EBC0106D
:1054A000FFF7A4BB0000002040687047144B0A229D
:1054B000DFF850C0D3F8200220F07F4000EB8003DB
:1054C00000B55B0085B0604538BF18466946FFF7F8
:1054D00035FADFF834C06B46002260461978013295
:1054E000013341B10A2A20F8021FF7D116228CF8A5
:1054F000002005B000BD52008CF8002005B000BDB2
:1055000000441F40809698005830002000207047CB
:105510004FF0FF30704700BF4FF0FF30704700BFC3
:10552000704700BF704700BF1046704700207047AB
:1055300030B5164D4FF0E02415494FF4003205EB1D
:10554000401583B001EBC001C4F88C21034608224A
:1055500028460191FFF76AFF019921F01F030831E6
:10556000BFF34F8FC4F85C3F20339942FAD8BFF3A2
:105570004F8FBFF36F8F02202946FFF785FF4FF44F
:105580000033C4F80C3103B030BD00BF60440020CC
:10559000C00020204368C069C3F30E43C3F1080371
:1055A000002B1EDD104910B50A78104C013224F88A
:1055B0001030062A12D814460C700D490C6823448A
:1055C0000C4C0B6024680C4B985434B10B4B0122EB
:1055D0001A70A0470022094B1A7010BD0024224601
:1055E000EAE7FFF7A5BF00BFAD920020AC90002016
:1055F000A890002070920020B8900020AB9200206C
:1056000010B5802200211548002402F0C7FB144881
:1056100023461421224604700120FFF7D1FEC02248
:105620002146104802F0BAFB0F49104A0C70104B8B
:10563000104811491C70146004600220546094608A
:1056400022460C7008210D4BFFF788FE20460134DE
:10565000FFF76EFF062CF9D110BD00BF20450020DA
:10566000B192002060440020AD920020AC90002058
:10567000AE920020A8900020AB9200207934010067
:10568000202968D82DE9F04F344E83B03378002BB1
:105690005CD0DFF8E8A08B46314C9AF80090314D91
:1056A00004EB4914304FD5F8008001900CE03B78B2
:1056B000002B4BD12B68A3EB0803FA2B44D833788B
:1056C000002B43D000F05CF82046FFF7EDFE10F011
:1056D0008000ECD12549264B387048681B68254D61
:1056E0001B0CC3EB031222F00042A5FB0252120A6C
:1056F0004B681B1A9A42FBD81F4D5A46019905EB7D
:1057000049152846FFF780F85A46002329462046C7
:10571000FFF78CFEBFF34F8F4FF0E023C3F8705FAD
:10572000BFF34F8FBFF36F8F01202146FFF796FE27
:1057300009F101090020B9F1030F88BF81468AF8F9
:10574000009003B0BDE8F08F01233B704FF0FF30B5
:1057500003B0BDE8F08F4FF0FF307047B2920020E9
:105760002045002058910020B0920020001000E059
:10577000FC2800201123970800012020B19200206E
:10578000284B2DE9F0411E7876B1DFF8B08098F80B
:1057900000404CB90123B20788F8003024D400231C
:1057A00088F80030730701D4BDE8F0811E4B1A68F9
:1057B000002AF9D0EFF30582002AF5D1EFF3108526
:1057C00072B6186830B3194C217819BB01222270C7
:1057D00042691A6012B3916105B962B60025836807
:1057E000457798472570DFE7114B1B78002BD6D003
:1057F000104F57F8045F2B6828461B69984710B173
:105800006B699B6898470A4B01341A78E3B29A4255
:10581000EFD8C4E7002DC7D162B6C5E7064B1A60C2
:10582000DAE700BFB5920020688900209992002035
:105830009A920020FC430020748900209F9200204F
:1058400001207047B0F84630B0F848209BB292B2C1
:10585000934202D2013AD01A7047416B01390A448F
:10586000D01A7047016972B6B0F84A20B0F84C30CF
:1058700092B29BB29A423CBF806B1218C86AD31A8C
:1058800062B6C0F302601844704700BFB0F84A1017
:105890000246B0F84C3089B29BB2994210D0013325
:1058A000906B116B984298BF0023994203D9126AFA
:1058B000D05CC0B270475B1A526AD05CC0B270470D
:1058C000D0F810C072B6B0F84A0080B2814201D060
:1058D00062B6E4E7DCF82C3013F0E06F03D14FF050
:1058E000FF3062B67047DCF81C0000214FF0010C5D
:1058F000136AC0F30900A2F84AC0A2F84C1058700D
:10590000EFE700BFB0F84AC00146B0F84C301FFACC
:105910008CFC9BB29C4525D0013310B5D1F838E002
:105920009E4515D90A6B1C469A4216D90A6AD25C62
:10593000D0B28A6DA1F84C404AB19C451DD3ACEB66
:105940000303CC6B9C4202D3CB6DC2F8883010BDF0
:1059500000240A6B23469A42E8D8486A9A1A825C65
:10596000D0B2E6E76246006972B6B1F84AC01FFAE3
:105970008CFC624505D062B6CEE7E644AEEB03038D
:10598000DFE7C36A13F0E06F03D14FF0FF3062B678
:105990007047C069C0F30900F9E700BF90F84430D0
:1059A00043B110B50446FFF7EBFE94F84430002BEA
:1059B000F9D110BD704700BF38B54369D3E9031270
:1059C000096811422DD00169044690F844200D4623
:1059D00032B1FFF7D5FE94F84430002BF9D163695A
:1059E0000021104AA961207E03EB0010007D02EB2C
:1059F0000010D0F804C00520CCF8000094F819C0BD
:105A000003EB0C1393F8343002EB0312A36D5268CE
:105A10001060A4F84A10A4F84C1013B1E26DC3F85A
:105A2000842038BD1C1E002007EE901A9FED947A4A
:105A30000421B6EE005AF8EE677A9FED926A41F6BD
:105A4000FF7CC7EE275A2DE9F04315468E4601220A
:105A5000046907EE901AF8EEE77A85EEA77A77EEFA
:105A6000057AFDEEE77A17EE903A6345A8BF6346E4
:105A7000012BB8BF012307EE903AF8EEE76A76EE05
:105A8000C76AC6EE877AF5EEC07AF1EE10FA01D554
:105A9000F1EE677AF4EEC67AF1EE10FA03D8B0EEC2
:105AA000676A8E461A4601312129D2D14169002305
:105AB000866BB1F85870A0F84A30F71BA0F84C304C
:105AC000A0F84630C763B1F85A70A0F84830F61B0A
:105AD00080F844300664D1E903763B683343AE0571
:105AE0003B60C5F34023837600F1A580077EDFF895
:105AF000C08101EB0717644B97F814C0D7F81C90CE
:105B000008EB0C1CDCF80860DCF804C03360BB69EF
:105B1000CCF80030B9F1000F02D03F6AC9F800702C
:105B2000477ED92301EB071797F834C008EB0C1C0C
:105B3000DCF808603360BF6BDCF804301F60437E24
:105B400001EB0313DF6B0FB11B6C3B60BEF1080F61
:105B50000EF1FF3CCCBF4FF0000E4FF0010E42EAB9
:105B60004E434FEA0C6202F0F852134300222361C5
:105B70004B7849681033E260444A42F82310426986
:105B80004FF0010E424905F0030C5778B2F8562049
:105B9000404B7A544FF0021741694A7803EB521395
:105BA00002F01F029B000EFA02F21A60E762A36A7B
:105BB00043F08803A3626B0734D44CF47013AF0630
:105BC000827E2AD543F08053002A3CD12E07A36160
:105BD00003D5236943F0005323616369EA0654BF88
:105BE00023F0805343F080536361EB0503D52369B1
:105BF00043F4005323618B686BB1274D2C78002C44
:105C00003CD0264B03EB840101E08B422AD053F8B1
:105C1000042F9042F9D1BDE8F083002AD6D043F09A
:105C2000A003D3E705F00F03042B14BF1C4B1D4B3F
:105C30004CEA0303C3E7477E4FF2D903DFF87080D5
:105C400001EB071770E7427E43F0A00301EB02125D
:105C500092F8342008EB0216B668326822F440420B
:105C60003260B3E7611C104A104B297043F82400DE
:105C7000137843F002031370BDE8F0830121F2E7CB
:105C8000001BB74BEC78AD6038F001000034002009
:105C900000E400E0403800389A920020FC430020E5
:105CA00010003C0010003C40B59200200044002051
:105CB0001C1E0020EFF31380B8B9EFF310834BB92B
:105CC000EFF305823AB94FF48073EFF3118050B1CE
:105CD000984208D270470F2A02D8EFF3118270471A
:105CE000034B9B5CF1E7184670474FF0FF30F1E73C
:105CF000F0E300E0036D2DE9F041884604460669B3
:105D000013B1426DC3F88420A37E2BB172B6B36980
:105D100043F00053B36162B6B4F84650636BADB262
:105D20000135AB424CD800273D46B4F848309BB211
:105D30009D4219D029E073691B0210D5B4F8483090
:105D4000626B9BB201339A4237D91A46E16A994293
:105D50002ED9E169CB5CDBB2F361A4F84820B4F83A
:105D600048309BB2AB4210D1FFF7A4FF6369B3F890
:105D700056308342DFDAB0F5807FF0D1FFF700FDC7
:105D8000B4F848309BB2AB42EED0E26AAA4219D9CD
:105D9000E26902F8058072B6012084F84400A4F894
:105DA0004670B36943F40003B36162B6BDE8F081A5
:105DB0005B1AA16ACB5CDBB2CEE700221346C5E7D3
:105DC0002F46B2E7AD1AA26A02F80580E3E700BFEA
:105DD000FFF790BF0269536913F4401F70B537D0C5
:105DE000D36A13F0E06FC3F3026E2ED0B0F84A40CE
:105DF000B0F84C30A4B29EB2D2F81CC0631CB0F80C
:105E00004C10856BCCF3090C89B29D4298BF0023DE
:105E1000994208D0016B9942A3EB010166D9016A4E
:105E200001F803C01C460EF1FF3313F0FF0EE3D15F
:105E3000836DA0F84A4043B1B4425BD3A41B016C0C
:105E4000A14202D8C16DC3F884105369DD0248D461
:105E5000D2F818E01EF4000F28D053691C0225D593
:105E6000B0F846C0B0F848301FFA8CFC9BB206E090
:105E7000C169C95CC9B2D161D16A490512D463450F
:105E80003CD0446B0133C16A9C4298BF00239942C5
:105E9000A3EB0104ECD8816A095DC9B2D161D16A72
:105EA0004905ECD56345A0F8483029D01EF4800F91
:105EB00016D053695B0213D50021036D80F844109E
:105EC00013B1416DC3F88810837E2BB172B693690C
:105ED00023F00053936162B6936923F480039361C6
:105EE00070BD536943F480135361B1E7446A04F809
:105EF00001C097E7816B891B0C44A0E7A0F84830EC
:105F0000936923F400039361936943F480039361DD
:105F1000CCE700BF10B500234FF470440F224FF4BC
:105F2000806EA0F88C411946A0F88E214FF4604491
:105F3000A0F890310A46B0F8883148F2B82C43F006
:105F4000F003A0F8883101EB4103013100EB43136A
:105F500004299C80A3F806E05A841A865A805A8144
:105F6000A3F80EC05A82DA825A83DA83EBD1B0F8F2
:105F7000883143F00F03A0F88831B0F8883143F43A
:105F80007063A0F8883110BD374B384A996F384894
:105F900041F47F0170B5996741F20106D3F8801092
:105FA00045F6C05543F226040A43C3F88020FFF7A4
:105FB000B1FF00F58040FFF7ADFF00F58040FFF72F
:105FC000A9FF00F58040FFF7A5FF0022A0F5031010
:105FD0004FF00F0E114600EB42134FEA421C013204
:105FE0009981042A5981A3F80EE09E82DD8020F871
:105FF0000C1019829C81EED100221E484FF00F0E2A
:1060000041F20106114645F6C05543F2260400EB65
:1060100042134FEA421C01329981042A5981A3F8A4
:106020000EE09E82DD8020F80C1019829C81EED15A
:10603000002211480F2641F20105114645F6C054D1
:1060400043F2260E00EB42134FEA421C01329981C3
:10605000042A5981DE819D82DC8020F80C1019828F
:10606000A3F80CE0EED170BD00C00F40000003FCAF
:1060700000C03D4000001E4000401E40074A506ADC
:10608000936A19468446506A936A9942F9D18445C5
:10609000F7D1DB0B43EA4040704700BF00400D40A2
:1060A00008B5D0E900325BB1BAB10F4BA3FB0213C4
:1060B000DB0803EB4303B2EB83030AD1012008BDE5
:1060C000094BA3FB0213DB0803EB4303B2EB83038F
:1060D00001D0D21A4260F02AF0D801F081FF1C22D0
:1060E000034600201A6008BDABAAAAAA30B583B047
:1060F00060B3044621B11D46B2FA82F35B09A2B92E
:10610000206818B362680AB3164B174902FB03F301
:10611000B1EBB30F1AD3A368FBB90023236063600C
:10612000A360E360012003B030BD0193069BC0E98A
:106130000012C360FFF7B4FF60B1002DF2D06268B7
:1061400001992068A56001F029FEEBE701F048FF06
:1061500016230360002003B030BD002101F01EFEB5
:10616000DBE700BFABAAAAAA5555551500B52DED22
:10617000028BB0EE408A83B000F066FBB4EE488A32
:10618000F1EE10FA06D6DFED0C7AB4EEE78AF1EE06
:1061900010FA03D403B0BDEC028B00BDCDED017A43
:1061A00001F01EFFDDED017A87EEA70A21230360CF
:1061B00003B0BDEC028B00BD0000000082B08DED8D
:1061C000010A019AB2F17E5F39D0A2F50003B3F162
:1061D000FE4F38D2BFEE000B02F140432A4903F5CF
:1061E0004D03C3F3C34001EB001091ED404B91ED23
:1061F000445B91ED467B91ED426BD90DC90590ED65
:10620000002B521A03EE902A90ED021BDB15B7EE1D
:10621000E33AA2EE030B03EE903A20EE002BA5EE3C
:10622000007BB8EEE33BA6EE027BA3EE041B30EE50
:10623000010BA2EE070BB7EEC00B02B070479FED4B
:10624000130A02B07047530017D0B2F1FF4F18D0B5
:10625000002A0DDBB3F17F4F0AD2DFED0D7A9DED01
:10626000017A67EE277A17EE902AA2F13862B1E739
:106270009DED010A02B000F0D7BA012002B000F093
:10628000C1BA9DED010AD8E74805002000000000D2
:106290000000004B10EE101A10EE902AA1F5000C31
:1062A0005000BCF1FE4F00F1FF336FF0807C7ED2D6
:1062B000634538BF002080F0B980BFEE001B01F1BC
:1062C000404303F54D03C3F3C3426FF31603C91AEA
:1062D00007EE901ADB15B7EEE75A07EE903AAF4B90
:1062E00003EB021292ED024B92ED002B00B5A2EEF1
:1062F000051B93ED403B93ED426B93ED442BA1EED8
:10630000036B93ED465BB8EEE77B37EE047B93EDD2
:10631000484BA1EE025B2DED028BA1EE047B21EE3A
:10632000018BB7EEE00A28EE083BA8EE057BA6EE4F
:10633000037B20EE077B17EE903A48F2BF01C3F3D0
:10634000CF338B4283B04CD2B7EE000B944B93ED1E
:10635000402B37EE023B13EE102A33EE423B02F0A5
:106360001F01801803EBC10293ED424B37EE437BD4
:1063700053F831C0D2F804E093ED446B93ED465BE3
:10638000A7EE046B27EE074B002111EB0C020EEB7E
:10639000C033A7EE050B43EC172BA6EE040B20EE43
:1063A000070BB7EEC00B03B0BDEC028B00BD63451D
:1063B00080F0B1804B00581E604580F0938000292A
:1063C0004BDB0020B1F5000FBFF477AFDFED757A3E
:1063D00020EE270A10EE103A23F00043A3F13861B3
:1063E0006BE79FED666BB4EEC67BF1EE10FA16DC40
:1063F0009FED646BB4EEC67BF1EE10FA43DD4FF017
:106400004C53002860D00193DDED016ABFEE006AB5
:1064100076EE666AF4EE466AF1EE10FA94D003B0B6
:10642000BDEC028B5DF804EB00F0E6B9002869D002
:10643000B1F17E5F3FD0B0F17F4F69D14B00B3F136
:10644000FE4F6FEA020234BF00230123D20F9342B2
:1064500000F08F809FED540A7047C2F3C7537E2B24
:1064600027D9962B64D80120C3F1960300FA03F3D1
:10647000581E10421DD1134214BF012000200004F9
:1064800021F000419EE79FED416BB4EEC67BF1EE3B
:1064900010FA30D99FED3F6BB4EEC67BF1EE10FAE7
:1064A0007FF552AF03B0BDEC028B5DF804EB00F05A
:1064B0009DB900F0B9B982F480035B0013F5000FB9
:1064C00026D8B7EE000A70470093DDED006AB7EEFC
:1064D000006A76EE866AF4EE466AF1EE10FA3FF450
:1064E00033AF9CE7002920EE000A23DB0020BBBB72
:1064F0009A423CDB704703B0BDEC028B5DF804EBC5
:1065000000F06EB981F480035B0013F5000FD8D959
:1065100030EE200A70470028F4D04B00B3F17F4FD3
:10652000F6D8B0F17F4FF3D1B3F1FE4F87D1C8E772
:106530000020A5E7C2F3C751A1F17F001728D5D8E5
:10654000C1F19600012101FA00F000F1FF3C1CEAC4
:10655000020FCBD11040CAD0B1EE400A0846C6E7C0
:10656000002AC7DAF7EE007A87EE800A704700F05B
:1065700049B920EEA00A7047AFF3008071D5D1FF72
:10658000FFFF5F40E2AAA3FFFFFF5F4000000000A3
:1065900000C062C00000000000A062C058070020D8
:1065A000000400200000004B0000000010EE102A44
:1065B000C2F30A53B3F57D7FB7EEC07A1ED2B3F5AE
:1065C000667F72D327EE077B27EE071B734B93ED95
:1065D000142B93ED125B93ED0E3BA7EE025B27EEBF
:1065E000012B93ED0C6B93ED104BA7EE036BA1EE1B
:1065F000046BA5EE026BB7EEC60B704740F22E415E
:106600008B4255D8654A92ED086B27EE066BFDEE7E
:10661000C66B92ED0A5B16EE903A03F500031B166B
:10662000990706EE903A54BF114602F17001D8075F
:10663000B8EEE66BA6EE457B27EE076B1CD503F0A4
:10664000030302EBC30291ED185B92ED000B91ED99
:106650001A3B27EE000BB0EE457B91ED164BA6EEF4
:10666000037B20EE065B26EE056BA5EE040BA7EE82
:10667000060BB7EEC00B704791ED144B26EE065B90
:1066800091ED127B91ED0E2BA6EE047B26EE054BD1
:1066900091ED0C0B91ED103BA6EE020BA5EE030B5A
:1066A000A7EE040BB7EEC00B7047B7EE000A7047B9
:1066B000B3F5FF6F53D2C2F38361394B03EB810C07
:1066C00053F82110C2F31603C2F3C25043F400037F
:1066D00010B58340DCF82000DCF810C003FB01F1AA
:1066E000A3FB00E0E3FB0C0101F1005382B09C0F1F
:1066F00003F04043C91A8DED010A00F03DFA019AFA
:106700009FED246B04EBD27241EC170B900754BF42
:10671000224B244B27EE067BE10727EE076B20D5A3
:106720001E4902F0030201EBC20293ED185B92EDE9
:10673000000B93ED1A3B27EE000BB0EE457B93ED7B
:10674000164BA6EE037B20EE065B26EE056BA5EE50
:10675000040BA7EE060BB7EEC00B02B010BD00F0A5
:1067600063B893ED144B26EE065B93ED127B93ED2D
:106770000E2BA6EE047B26EE054B93ED0C0B93ED52
:10678000103BA6EE020BA5EE030BA7EE040BE2E70F
:10679000AFF30080182D4454FB21193C80080020E1
:1067A000981C0020F008002010B582B08DED010A81
:1067B000044601F015FC9DED010A046002B010BD15
:1067C00030B1F1EE407A27EE800A2220FFF7ECBFCD
:1067D000F0EE407A27EE800A2220FFF7E5BF00BFE7
:1067E0009FED010AFFF7ECBF000000109FED010ACA
:1067F000FFF7E6BF0000201A9FED010AFFF7E0BF98
:10680000000000709FED070AF7EE007ABFEE007AF5
:1068100000284FF0220047FE877A87EE800AFFF7B4
:10682000C3BF00BF0000000070EE407AB4EE400A23
:1068300087EEA77AF1EE10FAB0EE470A02D62120D1
:10684000FFF7B2BF704700BFB1EEC00A704700BF8C
:1068500003460846194601F035B800BF81F00041F3
:1068600002E000BF83F0004330B54FEA41044FEA35
:10687000430594EA050F08BF90EA020F1FBF54EAD0
:10688000000C55EA020C7FEA645C7FEA655C00F06C
:10689000E2804FEA5454D4EB5555B8BF6D420CDD3D
:1068A0002C4480EA020281EA030382EA000083EAC0
:1068B000010180EA020281EA0303362D88BF30BD60
:1068C00011F0004F4FEA01314FF4801C4CEA1131B6
:1068D00002D0404261EB410113F0004F4FEA033315
:1068E0004CEA133302D0524263EB430394EA050FA0
:1068F00000F0A780A4F10104D5F1200E0DDB02FA0F
:106900000EFC22FA05F2801841F1000103FA0EF2A2
:10691000801843FA05F359410EE0A5F120050EF168
:10692000200E012A03FA0EFC28BF4CF0020C43FA99
:1069300005F3C01851EBE37101F0004507D54FF0A6
:10694000000EDCF1000C7EEB00006EEB0101B1F5F6
:10695000801F1BD3B1F5001F0CD349085FEA30003C
:106960004FEA3C0C04F101044FEA445212F5800F47
:1069700080F09A80BCF1004F08BF5FEA500C50F1E4
:10698000000041EB045141EA050130BD5FEA4C0CC7
:10699000404141EB0101013C28BFB1F5801FE9D224
:1069A00091F0000F04BF01460020B1FA81F308BF47
:1069B0002033A3F10B03B3F120020CDA0C3208DD13
:1069C00002F1140CC2F10C0201FA0CF021FA02F1EE
:1069D0000CE002F11402D8BFC2F1200C01FA02F15E
:1069E00020FA0CFCDCBF41EA0C019040E41AA2BF83
:1069F00001EB0451294330BD6FEA04041F3C1CDA4B
:106A00000C340EDC04F11404C4F1200220FA04F06A
:106A100001FA02F340EA030021FA04F345EA030114
:106A200030BDC4F10C04C4F1200220FA02F001FAD6
:106A300004F340EA0300294630BD21FA04F0294658
:106A400030BD94F0000F83F4801306BF81F48011F1
:106A50000134013D4EE77FEA645C18BF7FEA655C64
:106A600029D094EA050F08BF90EA020F05D054EA36
:106A7000000C04BF1946104630BD91EA030F1EBF3B
:106A80000021002030BD5FEA545C05D1400049413F
:106A900028BF41F0004130BD14F580043CBF01F532
:106AA000801130BD01F0004545F0FE4141F4700118
:106AB0004FF0000030BD7FEA645C1ABF19461046F3
:106AC0007FEA655C1CBF0B46024650EA013406BFF4
:106AD00052EA033591EA030F41F4002130BD00BFB3
:106AE00090F0000F04BF0021704730B54FF4806470
:106AF00004F132044FF000054FF0000150E700BFF1
:106B000090F0000F04BF0021704730B54FF480644F
:106B100004F1320410F0004548BF40424FF000013C
:106B20003EE700BF42004FEAE2014FEA31014FEA7F
:106B300002701FBF12F07F4393F07F4F81F06051CE
:106B4000704732F07F4208BF704793F07F4F04BF19
:106B500041F40021704730B54FF4607401F00045F6
:106B600021F000411CE700BF50EA010208BF704756
:106B700030B54FF000050AE050EA010208BF704747
:106B800030B511F0004502D5404261EB41014FF4B0
:106B9000806404F132045FEA915C3FF4D8AE4FF0B8
:106BA00003025FEADC0C18BF03325FEADC0C18BF9B
:106BB000033202EBDC02C2F1200300FA03FC20FAEC
:106BC00002F001FA03FE40EA0E0021FA02F1144439
:106BD000BDE600BF53B94AB9002908BF00281CBF51
:106BE0004FF0FF314FF0FF3000F09CB9ADF1080CD1
:106BF0006DE904CE00F006F8DDF804E0DDE90223DB
:106C000004B070472DE9F04782B00646DDF828E071
:106C10000846B4460D46002B4ED18A4214466DD923
:106C2000B2FA82F242B1C2F12003954026FA03F390
:106C300094401D4306FA02FC260CA7B2B5FBF6F100
:106C40004FEA1C4306FB115543EA054301FB07F0DD
:106C5000984209D9E31801F1FF3580F00381984289
:106C600040F20081023923441B1A1FFA8CFCB3FB4B
:106C7000F6F006FB10334CEA034C00FB07F36345C8
:106C80000AD914EB0C0C00F1FF3580F0ED80634560
:106C900040F2EA80A444023840EA0140ACEB030C25
:106CA0000021BEF1000F04D02CFA02F30022CEE93D
:106CB000003202B0BDE8F0878B4209D9BEF1000F67
:106CC00001D0CEE900610021084602B0BDE8F0879E
:106CD000B3FA83F1174600294DD1834202D3B24261
:106CE00000F20F81B6EB070C60EB030301201D4699
:106CF000BEF1000FDDD0CEE900C5DAE7002A00F0D2
:106D000098801A46B4FA84F3002B40F0AF800B1B36
:106D1000270CA6B20121B3FBF7F54FEA1C4007FB95
:106D2000153340EA034306FB05F8984507D9E318F5
:106D300005F1FF3002D2984500F2E8800546A3EB4A
:106D400008031FFA8CFCB3FBF7F007FB10334CEA87
:106D5000034C06FB00F3634508D914EB0C0C00F15F
:106D6000FF3602D2634500F2CE803046ACEB030C16
:106D700040EA054095E7C1F120058B4022FA05FC69
:106D80004CEA030C00FA01F426FA05F3E84002FA93
:106D900001F943EA04084FEA1C4206FA01FAB0FB83
:106DA000F2F71FFA8CF602FB17004FEA184444EA88
:106DB000004407FB06F0A0420AD91CEB040407F1CB
:106DC000FF3380F09C80A04240F29980023F6444EF
:106DD000241A1FFA88F3B4FBF2F002FB104443EAD2
:106DE000044300FB06F69E4209D91CEB030300F1A5
:106DF000FF3480F082809E427FD90238634440EAAB
:106E00000740A0FB09749B1BA3423E46A04664D3E7
:106E100061D0BEF1000F0AD0BAEB060263EB0803A3
:106E200003FA05F5CA401543CB40CEE900530021D3
:106E30003FE7730843EAC1734A08190C41EA02416B
:106E40004FEAC67C9BB2B2FBF4F02646A04627462A
:106E50001F2243EA0143B1FBF4F1A3EB080341EA2B
:106E6000004158E72946FFE6284615E71A46C3F1D0
:106E700020019C4026FA01F320FA01F190400343DF
:106E8000270C06FA02FCB1FBF7F0A6B207FB1015BF
:106E9000190C41EA054100FB06F58D423BD961180A
:106EA00001D28D4220D8491B0138B1FBF7F501957D
:106EB00005FB06F8019D9BB207FB151143EA014350
:106EC000434526D2E31805F1FF31C6D24345C4D26B
:106ED000A91E2344C1E7BA459BD2B7EB090664EB70
:106EE0000C040138A04694E7651B29440238B1FB25
:106EF000F7F5019505FB06F8DCE720467FE71F461E
:106F000066E70846F4E6A44402382FE7023D23442E
:106F100015E70199A1E7491BB1FBF7F5019505FBC1
:106F200006F8C7E7704700BF10B5A1FB021482B096
:106F300074BB00F045F8034670B350F8042C22F0FF
:106F40000302043A242A10D8132A16D91B2AC0E9AE
:106F500000441AD9242AC0E902440ABFC0E9044403
:106F600000F1100100F1180108E02146019000F045
:106F700015FF019B184602B010BD014600221846BD
:106F8000C1E900228A6002B010BD00F10801F5E7F6
:106F900001F026F80C2303600023184602B010BD50
:106FA000024B0146186800F00BB800BFBC2D002052
:106FB000024B0146186801F015BA00BFBC2D002035
:106FC0002DE9F04F01F10B02162A85B0804624D836
:106FD000102900F2AB8000F0C9FA02251821102216
:106FE000B74C2144A1F108004E68864200F062814E
:106FF0007268F168B46822F003023244E1608C6088
:10700000516841F001014046516000F0B5FA06F1C7
:107010000804204605B0BDE8F08F32F0070200F109
:107020008580914200F28280019200F09FFA019ADD
:10703000B2F5FC7FC0F0BA81570A7FD0042F00F26E
:107040007281970907F139052BB207F1380CDB0083
:107050009B4C2344A3F108065B689E4207D10DE0D8
:107060000028DF6880F21381BE4207D03B46596892
:1070700021F00301881A0F28F2DD65462369914942
:107080008B4200F0F1805E6826F00306B11A0F29EA
:1070900000F391818B480029C4E9040080F27981D2
:1070A000B6F5007F676880F01981F10801310FFAA9
:1070B00081FC76090121B14054F83C0098600F43EF
:1070C00004EBCC010839D960676044F83C30C360F8
:1070D000AB1001269E40BE4236D83E4206D125F076
:1070E000030576003E4205F10405FAD004EBC50A1B
:1070F00004EBC507A946F9680EE0486820F0030EC6
:10710000AEEB020CBCF10F0F0B46C96800F31881FF
:10711000BCF1000F80F22D818F42EED109F10109FF
:1071200019F0030F07F10807E5D17FE10C23C8F838
:1071300000300024204605B0BDE8F08F4FF4007306
:1071400040254FF03F0C83E7A768796821F00303DF
:1071500093429A4603D3991A0F2900F387805A491C
:107160005A4E0968103111440820CDE9011200F08F
:107170006BFF01994B1E03444542834630681D4016
:10718000B0F1FF3F18BF29464046019100F000FFD3
:10719000411C0546DDE9011200F02B8107EB0A0CCA
:1071A000844500F224814A4B186800EB01090BF179
:1071B000FF3EC3F8009000F08981306801301BBFAA
:1071C000A5EB0C0C09EB0C003560186015F00700FE
:1071D000814600F04881C0F108000544CDE9012353
:1071E0006B1803EA0E015844401A00EA0E063146B5
:1071F00040469B4600F0CCFE421CDDE9012300F036
:107200009581401B304440F001011868A56000EBF7
:107210000609A7426960C3F8009017D0BAF10F0FB2
:1072200040F25E81AAF10C0121F0070C796801F0AF
:10723000010141EA0C017960052607EB0C01BCF164
:107240000F0FC1E9016600F263816968214B1E6876
:107250004E4538BFC3F800901F4B1E684E4501D203
:10726000C3F800902F46C6E0676831E7BD1841F0CB
:10727000010142F001027A604046A560696000F0B9
:107280007BF907F10804204605B0BDE8F08F9A6845
:1072900001931944D760BA604A6842F0010240463F
:1072A0004A6000F069F9019B03F10804204605B02B
:1072B000BDE8F08FCE68B1427FF49AAE0235DDE6CC
:1072C000F0220020F8220020748C0020A82D00203D
:1072D000448C00206C8C0020708C0020B6F5206F50
:1072E0004FEA56207CD3142800F2D38000F15C01D1
:1072F00009B25B30C90004EB010C6158ACF1080C19
:107300008C4503D1A8E089688C4504D0486820F0FA
:107310000300B042F7D8D1F80CC0C3E9021CCCF886
:107320000830CB60D4E6142F72D9542F00F2BA8003
:10733000170B07F16F052BB207F16E0CDB0087E628
:107340009D1842F001025A609E68864AF1608E6084
:10735000C4E90455C5E902224CF001026A604046C6
:1073600043F80EC0019300F007F9019B03F10804F4
:10737000E0E69E441C46DEF8043043F00103CEF8FC
:10738000043054F8083F4046D9608B6000F0F4F8B0
:10739000D0E61E4440467268019342F001027260DA
:1073A00000F0EAF8019B03F10804C3E6D508691C64
:1073B00009B2C90014E69D1842F001025A60694AF8
:1073C0000193C4E90455C5E9022241F001026A6053
:1073D0004046995100F0D0F8019B03F10804A9E65A
:1073E000B00900F1390109B23830C90083E7A7427A
:1073F00063D0A768796821F003009042A0EB0201F6
:1074000002D30F293FF732AF404600F0B5F890E6BF
:1074100007F15C052BB207F15B0CDB0018E6514667
:1074200051F808398B428A4640F09A8015F0030FD4
:1074300005F1FF35F3D1636823EA06036360760044
:107440009E423FF681AE1EB97EE6760009F1040940
:107450001E42FAD04D4649E68010012606FA00F099
:107460000743676059E7CDE902236B1803EA0E0171
:10747000ABEB010606EA0E0631464046019300F0EA
:1074800087FD431C019B04BF4E461846DDE90223DD
:10749000B7E6542827D8300B00F16F0109B26E30DF
:1074A000C90028E7B7F5AA7F27D8D70B07F17805D9
:1074B0002BB207F1770CDB00CAE52B4B186800EB09
:1074C00001090BF1FF3EC3F8009076E615EA0E0FB6
:1074D0007FF473AEA568514441F001016960B5E6DF
:1074E00001236B6090E7B0F5AA7F25D8F00B00F17F
:1074F000780109B27730C900FDE640F254539F424B
:1075000024D8930C03F17D0503F17C0CEB009FE57F
:1075100007F108014046CDE9012300F063FFA568AB
:10752000029B6968D3F80090019A8FE6A9F10801DF
:107530000BEB0100002664E640F2545188420BD860
:10754000B00C00F17D01C9007C30D4E64FF47E73AD
:107550007F254FF07E0C7BE54FF47E717E20CAE6DE
:1075600063686CE7F8220020448C0020014800F09A
:1075700067BD00BF3C8C0020014800F063BD00BF28
:107580003C8C0020DFF80CC00A460146DCF8000005
:1075900000F002B8BC2D0020002900F09F802DE9EA
:1075A000F04383B00C4600928046FFF7DFFF00995E
:1075B00001F10B03162B60D81023994260D854F8C0
:1075C00004EC2EF003029A42A4F1080565DAB348F0
:1075D000806805EB020C6045DCF8046000F09080E8
:1075E00026F0010060444068C0076CD426F0030612
:1075F000901983424CDD1EF0010F0FD154F8080C96
:10760000281A0746406820F0030006441644B34297
:1076100040F3EF801618B34240F3C9804046CDE9ED
:107620000023FFF7CDFCDDE900230646002800F02B
:10763000178154F8041C21F001012944A0F1080C21
:10764000614500F0AE80043A242A00F2CE80132A6D
:1076500000F29C8003462246116819605168596007
:1076600092689A602146404600F0BCFE4046FFF713
:1076700083FF304603B0BDE8F08333F007039CD5A9
:107680000C23C8F800300026304603B0BDE8F08374
:107690000246DCE90201C16088606968D01A0F28DF
:1076A00001F0010105EB02061BD811436960736804
:1076B00043F0010373604046FFF75EFF2646304605
:1076C00003B0BDE8F0831EF0010FA7D154F8080CF9
:1076D000281A0746406820F003009BE71146FFF791
:1076E0006FBC19436960E91840F001004860736895
:1076F00043F0010308317360404600F073FEDAE79F
:1077000026F00306B01803F1100C604580F28B8060
:107710001EF0010F82D154F8080C281A0746406861
:1077200020F0030006441644B445B1463FF772AF5B
:107730003E46F96856F8080F043A242AC16088606A
:1077400000F2A580132A40F2A0802168B960616828
:10775000F9601B2A00F2A480083407F110022168A6
:10776000116061685160A1689160F918A9EB03028A
:107770004A4D42F00102A9604A607A6802F00102B3
:10778000134340467B60FFF7F7FE98E723680360EA
:10779000636843601B2A3BD804F1080200F1080328
:1077A0005AE750F8041C21F003010A4475E7043A33
:1077B0003D46F96855F8080F242AC160886020D832
:1077C000132A1CD92168B9606168F9601B2A3DD869
:1077D000083407F110022168116061685160A168E6
:1077E00091602C4632463D4657E7214600F044FA68
:1077F00038E7DCE90201043AC1608860D8E72A462C
:10780000E9E721462846009300F036FA009BE8E7B6
:10781000A3688360E368C360242A25D004F11002C2
:1078200000F1100318E71D4A1D449560C21A42F08A
:1078300001026A6054F8042C02F00102134340462E
:1078400044F8043CFFF798FE264638E7A168396102
:10785000E1687961242A10D0103407F11802BAE7E0
:107860004046FFF789FE0EE72369036161694161C4
:1078700004F1180200F11803EEE62269BA616269A8
:10788000FA61183407F12002A5E7324667E721467E
:107890003046009300F0F0F9009B66E7F0220020EC
:1078A000A1683961E1687961242A03D0103407F1B5
:1078B000180254E72269BA616269FA61183407F163
:1078C00020024CE713460A460146022000F0F2BCB3
:1078D000024A0349034800F0C9B800BFB02D002098
:1078E000AD8D0100F82600200C4B4168994210B57F
:1078F000044601D003F0E8FAA168094B994202D08E
:10790000204603F0E1FAE168064B994204D0204694
:10791000BDE8104003F0D8BA10BD00BF788C00203D
:10792000E08C0020488D00202DE9F843314A324C8C
:107930003249DFF8DC90DFF8DC80314F1160002540
:1079400004232946082204F15C00C4E903352D4EC6
:10795000A560C4E90055C4E90555656600F01EFA46
:1079600004F15800C4E90749C4E90987E66200F058
:1079700063FB2946244B6367082204F1C400C4E971
:107980001A55C4E91E552567C4F8CC50C4F8805078
:1079900000F004FA04F1680304F1C000C4F8843074
:1079A000C4E92298C4E9247600F046FB174BC4F8DA
:1079B000DC30294604F596700822C4E93455C4E940
:1079C0003855C4F8D850C4F83451C4F8E85000F021
:1079D000E5F904F1D003C4E93D87C4F8F09004F55B
:1079E0009470C4F8FC60C4F8EC30BDE8F84300F0D3
:1079F00023BB00BFB08D0020788C0020B55701005C
:107A0000595A01007D5A01000900010012000200CC
:107A1000F5590100195A010010B504460A4800F052
:107A20000FFB636B23B9094B094A1B68626323B1DF
:107A3000BDE81040044800F005BBFFF775FFBDE846
:107A40001040014800F0FEBA408C0020B08D0020AC
:107A5000CD570100014800F0F3BA00BF408C002070
:107A6000014800F0EFBA00BF408C00202DE9F84338
:107A70000746884616464FF000097568013D11D447
:107A8000B468A389012B08D9B4F90E30013321461B
:107A9000384602D0C04749EA0009013D6B1C04F199
:107AA0006804EED13668002EE7D14846BDE8F88379
:107AB0000CB430B5144B0D1E1C689DB01FDB14BFF9
:107AC00001220022AA1A114B0593002121AB1B9120
:107AD000029006900492079202A9209A01932046F0
:107AE00001F0A4F9431CBCBF8B23236015B1029B9A
:107AF00000221A701DB0BDE8304002B070478B23E1
:107B000023604FF0FF30F5E7BC2D00200802FFFF97
:107B100010B50C46B1F90E1000F024FA002803DB72
:107B2000236D0344236510BDA38923F48053A381EF
:107B300010BD00BF2DE9F0411F46B1F90C301646CB
:107B4000DA050C4605460BD423F48053A381B4F91F
:107B50000E103B4632462846BDE8F04100F02ABAF6
:107B60000223B1F90E10002200F0E6F9B4F90C304E
:107B7000EAE700BF10B50C46B1F90E1000F0DCF9D1
:107B8000B4F90C30421C0EBF23F4805343F48053ED
:107B90002065A38110BD00BFB1F90E1000F0BAB985
:107BA00070B5ADF5067D0E46009313464FF4007296
:107BB000059206A905AA054600F028F898B10246E4
:107BC000059B03903146284600F0F4F9039A05908E
:107BD00006AB9A4204D02846114600F003FC0598F3
:107BE0000DF5067D70BD4FF0FF30F9E700B5DFF809
:107BF00018E084461346DEF800005DF804EB0A4600
:107C00006146FFF7CDBF00BFBC2D002010B59AB074
:107C100021B1D2F800C0BCF1000F1CD100214FF4FB
:107C2000227CADF80CC01991009104914FF6FF7CB5
:107C300002910591144669461A461C9BADF80EC088
:107C400001F0F4F8002814DB009B206000221A7079
:107C500004981AB010BD0091049161464FF4C16CB4
:107C6000ADF80CC04FF0000CCDF864C0DEDA8B2309
:107C7000036000201AB010BD884270B531D98B184E
:107C800083422ED9032A00EB02011DD941EA030CDD
:107C90001CF0030F1D4618D14FEA920C0CF1FF3671
:107CA000A1EB8C048C4653F804ED4CF804EDA4458C
:107CB000F9D1C6EB867301EB830105EB830CACF1C4
:107CC0000403043902F0030252B102F1FF3C6FEAEF
:107CD0000C0C9C4413F8012D01F8012D6345F9D1DA
:107CE00070BD032A50D941EA00039B074ED10F2AE9
:107CF00051D922F00F0301F1100601F1100C103BD5
:107D0000203100F1100E19445CF8104C4EF8104C64
:107D10005CF80C4C4EF80C4C5CF8084C4EF8084CD7
:107D20005CF8044C4EF8044C0CF1100C8C450EF130
:107D3000100EE9D1F11812F00C0F034402F00F05F8
:107D400003F1100325D025F0030CACF10404264602
:107D50001A1F1C198C465CF804EB42F804EFA2428F
:107D6000F9D1043104333144334405F00302002ACD
:107D7000B6D0013A0132013B0A4411F801CB03F8B5
:107D800001CF9142F9D170BD0346F0E7013A0346B5
:107D9000F0E72A46EBE703461546D4E730B58407FB
:107DA0008646034606D0A2B303F8011B980702F1EA
:107DB000FF32F8D1032A26D95FFA81FC0CEB0C2C98
:107DC0000F2A0CEB0C402AD922F00F0C9C44C3E97B
:107DD0000000C3E9020010336345F8D112F00C0F24
:107DE00002F00F0417D04FEA940C0CF1FF351A463D
:107DF00003EB8C0C42F8040B6245FBD1043304F016
:107E0000030203EB850322B11A4403F8011B9A42D3
:107E1000FBD1704630BD2246002AF5D1F9E7144661
:107E2000E1E700BF8AB340EA01039B0730B504468F
:107E30008E4618D1032A07D815E0043A23D01CF047
:107E4000803F20D1032A26D92368DEF80050A3F111
:107E50000131AB4221EA030C2046714604F10404CF
:107E60000EF1040EE9D003780C78A3420FD1013A49
:107E7000024406E06BB110F8013F11F8014FA34234
:107E800005D19042F6D1002030BD10467047181B36
:107E900030BD184630BD20467146E4E710B50446B3
:107EA0000843830701D1032A19D8A44601F1FF3EF4
:107EB00007E01EF8011F03F8011B501E31B19C465C
:107EC00002466346002AF4D1204610BD944400289F
:107ED000FAD003F8011B6345FBD1204610BD0B46C9
:107EE000A44618681946A0F1013323EA000313F0F1
:107EF000803F01F10403D9D1043A032A4CF8040B62
:107F0000EFD81946D2E700BF014B93F81002704733
:107F1000542B002038B5074C002305460846236043
:107F2000FCF71EFE431C00D038BD2368002BFBD09D
:107F30002B6038BD648E002038B58C46084C114645
:107F400005461A46604600232360FCF715FE431CD5
:107F500000D038BD2368002BFBD02B6038BD00BF9C
:107F6000648E002038B58C46084C114605461A46EA
:107F7000604600232360FCF7F1FD431C00D038BDB0
:107F80002368002BFBD02B6038BD00BF648E00201F
:107F900038B5074C0023054608462360FCF7C6FDAC
:107FA000431C00D038BD2368002BFBD02B6038BDAC
:107FB000648E002038B58C46084C114605461A469A
:107FC000604600232360FBF7F1FC431C00D038BD62
:107FD0002368002BFBD02B6038BD00BF648E0020CF
:107FE000014B1868704700BFBC2D002070B50E4EC5
:107FF0000E4DAE4208D0761BB610002455F8043B57
:1080000001349847A642F9D8094E0A4D05F0D6FD2D
:10801000AE4208D0761BB610002455F8043B01345C
:108020009847A642F9D870BDF01D0060F01D0060B1
:10803000081E0060F01D0060704700BF704700BF61
:10804000704700BF704700BF082802D14FF480502E
:10805000704708B5FFF7C4FF162303604FF0FF30E9
:1080600008BD00BF80EA0102844612F0030F4FD121
:1080700011F0030F32D14DF8044D11F0040F51F8F7
:10808000043B0BD0A3F101329A4312F0803F04BFAE
:108090004CF8043B51F8043B16D100BF51F8044B97
:1080A000A3F101329A4312F0803FA4F101320BD1C7
:1080B0004CF8043BA24312F0803F04BF51F8043B4C
:1080C0004CF8044BEAD023460CF8013B13F0FF0FA9
:1080D0004FEA3323F8D15DF8044B704711F0010FDC
:1080E00006D011F8012B0CF8012B002A08BF7047AD
:1080F00011F0020FBFD031F8022B12F0FF0F16BFA4
:108100002CF8022B8CF8002012F47F4FB3D170476B
:1081100011F8012B0CF8012B002AF9D1704700BF90
:1081200000000000000000000000000001F0FF015E
:10813000102A2BDB10F0070F08D010F8013B013A92
:108140008B422DD010F0070F42B3F6D1F0B441EAC4
:10815000012141EA014122F007047FF000070023DA
:10816000F0E80256083C85EA010586EA010685FA30
:1081700047F5A3FA87F586FA47F6A5FA87F68EB98A
:10818000EED1F0BC01F0FF0102F0070232B110F8AD
:10819000013B013A83EA010313B1F8D10020704793
:1081A00001387047002D06BF35460338073815F0F3
:1081B000010F07D1013015F4807F02BF013015F4A3
:1081C000C03F0130F0BC0138704700BF0000000024
:1081D00000000000000000000000000030B490F833
:1081E00000F020F007016FF0000C10F0070491F888
:1081F00020F040F048804FF000046FF00700D1E914
:10820000002391F840F000F1080082FA4CF2A4FA41
:108210008CF283FA4CF3A2FA8CF34BBBD1E9022324
:1082200082FA4CF200F10800A4FA8CF283FA4CF3C3
:10823000A2FA8CF3E3B9D1E9042382FA4CF200F1FB
:108240000800A4FA8CF283FA4CF3A2FA8CF37BB9FF
:10825000D1E9062301F1200182FA4CF200F1080075
:10826000A4FA8CF283FA4CF3A2FA8CF3002BC6D05A
:10827000002A04BF04301A4612BAB2FA82F200EBA6
:10828000D20030BC7047D1E9002304F00305C4F1EB
:1082900000004FEAC50514F0040F91F840F00CFA05
:1082A00005F562EA05021CBF63EA050362464FF06A
:1082B0000004AAE7F0B51D4C83B005462068019183
:1082C00016461F46FFF7BCFE194A0199136823B3EF
:1082D0005A6820681F2A23DC4DB9541C02325C60A6
:1082E00043F82210FFF7AEFE002003B0F0BD03EB11
:1082F000820E0124CEF88860D3F88861944046EA63
:10830000040C022DC3F888C1CEF80871E5D1D3F86A
:108310008C512543C3F88C51DFE7064B1360D7E738
:10832000FFF790FE4FF0FF30DFE700BF482B002043
:10833000A48A0020A88A0020F8B5064608200C462A
:10834000FFF782FE07463046FFF710F9224A93688E
:108350005D6825F00305A5F111031C1B3C44B4FB2B
:10836000F7F4013C07FB04F4A74208DC0021304687
:10837000FFF70EFE184A93682B44984204D030460B
:10838000FFF7FAF80020F8BD61423046FFF700FE23
:108390000130114A0DD0114993682D1B45F001059C
:1083A0005D600B6830461B1B0B60FFF7E5F8012092
:1083B000F8BD00213046FFF7EBFD074A9268831AAB
:1083C0000F2BDCDD43F001035360054B03491B68B1
:1083D000C01A0860D3E700BFF0220020448C0020C0
:1083E000A82D0020002965D02DE9F0410C46074654
:1083F000FFF7BCF854F804EC7D49A4F1080C2EF00A
:1084000001030CEB03028D685068954220F00300D5
:108410000EF0010600F08B80151850606D6805F0B5
:108420000105A846AEBB54F8084CACEB040C234441
:10843000DCF8084001F1080E74456BD0DCF80C50F4
:10844000E560AC60B8F1000F00F08C8043F00100F3
:10845000CCF804001360B3F5007F35D2DA08486821
:108460005C090132012312B2A34003434B6051F86F
:108470003200CCF8080001EBC203083BCCF80C300A
:1084800041F832C0C0F80CC03846BDE8F041FFF7F3
:1084900073B885B9034401F1080E9068704543F044
:1084A00001047AD0D268C2609060CCF804404CF8E5
:1084B0000330D0E770474EF00102B3F5007F44F877
:1084C000042C4CF80330C9D3B3F5206F4FEA532086
:1084D0004AD2980900F1390212B200F13804D200F0
:1084E00088188A580838904203D15FE09268904219
:1084F00004D0516821F003019942F7D8D068CCE943
:108500000220C0F808C03846C2F80CC0BDE8F041EF
:10851000FFF732B8A5BB1844D2E90223D3609A60B2
:1085200040F00103CCF804304CF80000ACE71844EC
:1085300046B954F8083CACEB030C1844DCE90223C0
:10854000D3609A6040F00103CCF80430294BC1F8A5
:1085500008C01B68834297D8274B38461968FFF735
:10856000EBFE91E7034498E714280FD9542824D848
:10857000180B00F16F0212B200F16E04D200AFE7E7
:1085800043F00101CCF8041013607DE700F15C02B8
:1085900012B200F15B04D200A2E7C1E904CCCCE93D
:1085A00002EECCF804404CF803306DE7A410012330
:1085B000A3404C6823434B60A1E7B0F5AA7F07D8DE
:1085C000D80B00F1780212B200F17704D20087E7ED
:1085D00040F25452904206D8980C00F17D0200F10E
:1085E0007C04D2007CE74FF47E727E2478E700BFE3
:1085F000F0220020AC2D0020748C002082B049B104
:108600005AB16BB113780B601278101E18BF01209D
:1086100002B0704701A9002AF3D1104602B070479A
:108620006FF00100F4E700BF30B5436C83B005463E
:108630000C4653B153F8240088B1026843F8242053
:108640000023C0E9033303B030BD21220421FEF72B
:108650006BFC034668640028ECD10020F3E701219D
:1086600001FA04F35A1D920028460193FEF75CFCC0
:108670000028F2D0019B44608360E1E731B1436C94
:108680004A6853F82200086043F82210704700BF80
:108690002DE9F0410E6917460D461C4601F1140202
:1086A0004FF0000E11688BB207FB03434FEA134CE7
:1086B000090C07FB01CC0EF1010E9BB203EB0C433E
:1086C000764542F8043B4FEA1C44EBDC3CB1AB6816
:1086D000B34207DD05EB860301365C612E61284657
:1086E000BDE8F081696801318046FFF79DFF0746CC
:1086F000B0B12A69023205F10C0192000C30FCF78E
:1087000083F8D8F844306A6853F82210296043F897
:1087100022503D4605EB860301365C612E61DEE7A3
:10872000024B03483A46BA2102F04CFD40100020AB
:1087300054100020B0F5803F034636BF03040020EC
:108740001020B3F1807F3CBF1B020830B3F1805F83
:1087500006D3B3F1804F0FD29A0012D40330704782
:108760001A01B2F1804F00F1040006D29B0108D437
:108770005B00F3D4202070471A46002AFBDB01304F
:1087800070470230704700BF0368590708D0DA0706
:108790001FD499072AD55B08036001221046704751
:1087A0009AB282B91B0CDAB2B2B11022190701D108
:1087B00004321B09990714D0D90701D401325B0890
:1087C000036010467047DAB24AB11A0717D1042283
:1087D000EFE700221046704718221B0AE6E708223E
:1087E000FBE7590707D502329B08E9E79B080222FD
:1087F000036010467047DB0804D12022CEE7DB0877
:108800000322DDE70332DBE738B5436C04460D464F
:108810004BB15868B0B102685A6000220123C0E928
:108820000323456138BD21220421FEF77DFB034669
:1088300060640028EDD1094B0948002240F245113F
:1088400002F0C0FC1C2201212046FEF76DFB00282F
:10885000F1D001220223C0E90123DEE7401000200D
:10886000541000202DE9F04F0F691569AF4285B013
:108870000E46904605DB2A4643463D468846174647
:108880001E46D8F80830D8F80410EC19A342B8BF37
:108890000131FFF7C9FE8446002800F09C801430A7
:1088A00000EB840E704505D20346002143F8041BFB
:1088B0009E45FBD8143606EB870296427CD208F11F
:1088C000140707EB8505A5EB080308F11508A84573
:1088D000A3F11503CDE902E44FEA930A8CBF00240B
:1088E00001249146E34605E0090C34D1B14500F17D
:1088F00004005ED956F8041B8AB2002AF4D0CDE9F0
:108900000090B8468646002358F8041BDEF80000A5
:108910001FFA81F94FEA114C81B202FB0911000CD8
:10892000194402FB0C0000EB114089B241EA0041FE
:1089300045454EF8041B4FEA1043E5D8DDE90090A9
:10894000002C4FEA8A0208BF00220244536056F806
:10895000041C090CCAD00368CDF800908846BC46B8
:10896000864600221946BCF8009008FB092909EB4D
:1089700011499BB243EA09434EF8043B5CF8043BBF
:10898000DEF800101B0C8AB208FB032303EB19432B
:1089900065454FEA1342E6D8002C4FEA8A02DDF81B
:1089A000009008BF00220244B145536000F104006A
:1089B000A0D8DDE902E4DC46002C02DC05E0013C45
:1089C00003D05EF8043D002BF9D06046CCF810408F
:1089D00005B0BDE8F08F034B034862464FF4B17118
:1089E00002F0F0FB4010002054100020F8B512F007
:1089F0000303144607462FD10E46A4102AD03D6C1F
:108A0000002D32D004F0010364103BB92868B8B1DE
:108A1000054604F001036410002BF7D02A463146C6
:108A20003846FFF71FFF36B17B6C716853F8212081
:108A3000326043F8216074B1064628680028E7D107
:108A40002A4629463846FFF70DFF002328600360B9
:108A50000546DEE73046F8BD013B0F4A52F82320B9
:108A60000023FFF715FE0646C7E701213846FFF74A
:108A7000DBFD054640B1012340F27122C0E904321A
:108A8000002338640360BDE7044B05482A4640F2E2
:108A9000451102F097FB00BFEC21002040100020A0
:108AA000541000202DE9F0470D4691462E69AB6821
:108AB000496806EB6216741C9C4207464FEA62182E
:108AC00004DD5B009C4201F10101FADC3846FFF74E
:108AD000ABFD844600284FD0B8F1000F00F1140020
:108AE0000BDD08F105010CEB81010346002243F880
:108AF000042B8B42FBD100EB8800296905F114039C
:108B000019F01F0803EB810E2ED0C8F12009024690
:108B10004FF0000A196801FA08F141EA0A0142F827
:108B2000041B53F8041B9E4521FA09FAF2D8AEEB58
:108B30000503153B23F0030305F11502964538BFE5
:108B40000023043340F803A0BAF1000F00D13446EB
:108B50007B6C6A68CCF8104053F82210296060469C
:108B600043F82250BDE8F087043853F8042B40F84E
:108B7000042F9E45F9D8EAE7034B044862464FF4B8
:108B8000EF7102F01FFB00BF4010002054100020C6
:108B900003690A6900B5B3EB020E12D100F1140C9F
:108BA00014310CEB820301EB820101E09C4508D2F9
:108BB00053F8040D51F8042D9042F7D003D24FF032
:108BC000FF3E704600BD4FF0010E704600BD00BF75
:108BD0002DE9F04F17460A693B69A2EB0308B8F18B
:108BE000000F83B00C4615D1143107F1140505EBC5
:108BF000830501EB830302E0994280F0858053F8FE
:108C0000046D55F8042D9642F6D080F08A804FF01E
:108C1000010805E0FBDB3B464FF000080F461C4611
:108C20007968FFF701FD002800F086803A6926691F
:108C3000C0F80C8007F1100107F11408834600F119
:108C4000140704F1140008EB820E944600EB86062C
:108C50000023B946C2460A46019450F8041B52F854
:108C6000045F8CB21FFA85F8A8EB0408090C98443D
:108C7000C1EB154101EB28411FFA88F848EA01448D
:108C8000864249F8044B4FEA2143E6D8A146019CAD
:108C9000301B1538153420F00300A64238BF0020E1
:108CA0000AEB00010431C4198E4562460846DC46D1
:108CB00098BF23461AD9A7EB0A070434C61950F8FF
:108CC000045B13FA85F82B442D0C05EB28459BB269
:108CD00043EA05498645C6F800904FEA2543EDD89A
:108CE0000EF1FF335B1A23F003032344B9F1000FA5
:108CF00004D153F8041D013A0029FAD06046CCF89B
:108D0000102003B0BDE8F08F0021FFF78DFC8446F2
:108D100058B101220023C0E90423604603B0BDE836
:108D2000F08F3B4627461C467AE7074B07486246CA
:108D300040F2372102F046FA0246034B034840F264
:108D4000452102F03FFA00BF4010002054100020DF
:108D50002DE9F043894683B0012157EC106B904612
:108D6000FFF762FC0446002846D0C7F30A55C7F354
:108D700013030DB143F480130193331E15D101A8E1
:108D8000FFF702FD019B636101212030216115B3D2
:108D9000A5F233450544C0F13500C9F80050C8F8C4
:108DA0000000204603B0BDE8F08368460093FFF75B
:108DB000EBFCDDE9002328B1C0F1200103FA01F149
:108DC0000A43C340002B0CBF012102216261A36151
:108DD0002161002DDCD104EB8103A0F23240C9F8FF
:108DE00000001869FFF7A6FCC0EB4110C8F80000AE
:108DF000204603B0BDE8F083034B0448224640F20E
:108E00000F3102F0DFF900BF4010002054100020A5
:108E100049B1FF2A02D80A70012070478A230360F3
:108E20004FF0FF3070470846704700BF2DE9F04F04
:108E30002DED028BD1B00C460791904609938246E6
:108E400002F076F9036811931846FFF7C7F9082274
:108E50001090002120A8FEF7A1FFA389180603D5D2
:108E60002369002B01F06E8000239FED728BCDE90A
:108E70002533CDE9143327AA0D9324921746129374
:108E80001393059345462C466C4BD3F8CC61FFF702
:108E90003BF820AA034600921AA922465046B04742
:108EA000002800F09880C0F28E801A9A252A034686
:108EB00001D01C44E8E7B4EB0508064640F08F807B
:108EC00000234FF0FF328DF85F309B46069301344C
:108ED0002378049201349946A9F120035A2B00F219
:108EE000AF80DFE813F0FE02AD00AD00FA02AD0086
:108EF000AD00AD00DD02AD00AD00A802B702AD00CF
:108F0000B302C002AD00BC025B005B005B005B0013
:108F10005B005B005B005B005B00AD00AD00AD0083
:108F2000AD00AD00AD00AD002101AD009C01AC0372
:108F3000210121012101AD00AD00AD00AD00A8036C
:108F4000AD00AD000803AD00AD00AD007302AD0093
:108F50006103AD00AD009807AD00AD00AD00AD0000
:108F6000AD00AD00AD00AD002101AD009C01870159
:108F7000210121012101ED0387016C00AD000804EE
:108F8000AD00F8033D0413046C00AD0073026A00E9
:108F90008303AD00AD00FB07AD006A00A9F130030B
:108FA000002214F8019B02EB820203EB4202A9F1BA
:108FB0003003092BF5D906928EE723788AE72378C8
:108FC0004BF0200B86E70822002120A8FEF7E6FEE2
:108FD00001231C4458E7B4EB0508064610D0259938
:108FE000269B013143440729C7E900582693259160
:108FF00017DC0837059B43440593002E7FF460AFD0
:10900000269B002B41F00383079B9B8903F04003C1
:10901000002B41F0CF86059851B0BDEC028BBDE826
:10902000F08F079924AA504601F022FF0028EBD1C7
:1090300027AFDFE70000000000000000542B0020F5
:10904000B9F1000FDCD00023CDE90B3301228DF8FC
:10905000DC908DF85F3008930A9204930E9337AD3D
:109060000292269A1BF08403904600F005819DF839
:109070005F1009B3DDF894C000260CF10101012056
:109080000132786007290DF15F00CDE925123860C3
:1090900000F33E8408377EB1DDF894C00CF1010185
:1090A00018A80232386007294FF00200CDE92512D6
:1090B000786000F320840837802B00F06583049BE0
:1090C0000A995E1A002E00F3E8801BF4807F40F0BE
:1090D00021810A9B7B601A44259B3D600133072B4D
:1090E0002692259300F3BC8308371BF0040F05D0AC
:1090F000069B02995D1A002D00F31884DDE9053105
:1091000002988142ACBF5B181B180593002A40F0FF
:10911000778300232593089B1BB108995046FFF7DE
:1091200061F927AF2546AEE6099B073323F0070315
:10913000B3EC028B9FEDA17BB0EEC86BB4EE476B36
:10914000F1EE10FA099300F33986B4EE488BF1EE94
:1091500010FA81F14685B9F1610F01F07A83B9F116
:10916000410F01F07084049B013301F07F82B9F15B
:10917000670F18EE903A4BF4807801F0F584B9F15E
:10918000470F01F0F1840023089318EE903A002B6A
:10919000C1F20885B0EE487B0026A9F14103252BDA
:1091A00001F2DD81DFE813F0A50CDB09DB09DB0947
:1091B000700ADD0ADB09DB09DB09DB09DB09DB09F6
:1091C000DB09DB09DB09DB09DB09DB09DB09DB097F
:1091D000DB09DB09DB09DB09DB09DB09DB09DB096F
:1091E000DB09DB09DB09DB09A50CDB09DB09DB0992
:1091F000700ADD0A1BF0200F40F0DE85099A1BF093
:10920000100F52F8046B41F01C861BF0400F0992BE
:1092100001F08E8046F3C038434636B21FE2B9F102
:10922000430F03D01BF0100F00F0658608220021C9
:1092300022A8FEF7B3FD099A37AD126822AB294682
:10924000504602F089FF0A90013001F0AE850A9B7A
:1092500023EAE3730293099B269A043309930023BC
:10926000CDE90B338DF85F30089304930E931BF018
:10927000840390467FF4FBAE0699029E8E1B002E5F
:1092800000F321849DF85F1000297FF4F3AE049B66
:109290000A995E1A002E7FF718AF4A49259B0F9155
:1092A000102E27DD39464FF0100837462E4625464A
:1092B000079C04E0103F102F01F1080116DD013377
:1092C00040481032072BC1E90008CDE92532F1DD15
:1092D00024AA2146504601F0CBFD002840F0988298
:1092E000103F102FDDE9253227A9E8DC2C46354652
:1092F0003E460F4601330F9939603244072BCDE9C2
:1093000025327E6000F364841BF4807F07F1080738
:109310003FF4DFAEB9F1650F40F3AC82B5EE408BA0
:10932000F1EE10FA40F05283259B27493960013352
:1093300001320121072B26922593796000F37F8764
:109340000837199B0D998B4280F2EB84109B119981
:109350001A44C7E90013259B26920133072B259356
:1093600000F3D38508370D9B5D1E002D7FF7BDAE42
:109370001449259B0F91102D40F39787A146DDF8E6
:109380001C8010260C4604E00837103D102D40F3D9
:109390008B8701331032072BC7E90046CDE9253210
:1093A000F2DD24AA4146504601F062FD002840F05B
:1093B0002F82DDE9253227AFE7E700BFFFFFFFFF80
:1093C000FFFFEF7FCC220020740A0020DDF824800C
:1093D00058F8045B00238DF85F30002D00F0A18564
:1093E000B9F1530F00F037871BF010030B9340F0D7
:1093F0003287049B002BC1F2FC801A460B99284649
:10940000FEF794FE9DF85F300890002801F0488434
:10941000089A521B0A9222EAE27202920BB10132BE
:1094200002920B9BCDF8248004930E930C93089327
:109430004FF0730915E6099B53F8042B0692002A96
:1094400080F27584069A09935242069223784BF073
:10945000040B3FE52B238DF85F3023783AE5237822
:109460004BF0800B36E5214611F8019BB9F12A0F2C
:1094700001F09084A9F13003092B98BF002201F27A
:10948000DD8211F8019B02EB820203EB4202A9F19B
:109490003003092BF5D942EAE27304930C461BE52D
:1094A000504601F045FE436813931846FEF796FEBA
:1094B00015900646504601F03BFE826823781492D0
:1094C000002E3FF407AD002A3FF404AD1278002AC5
:1094D0003FF400AD4BF4806BFCE423784BF0010BC0
:1094E000F8E49DF85F202378002A7FF4F3AC202273
:1094F0008DF85F20EEE41BF0200F4BF0100000F021
:109500002884099B073323F007031A46596852F849
:10951000083B099200228DF85F20049A002A18DB8C
:1095200053EA010220F4906B15D1049A9AB910F015
:1095300001031A46029300F0738630238DF83F3101
:10954000049B0A92CDE90B330E9308930DF23F155D
:1095500087E520F4806B50AD03F00702DB0843EA97
:109560004173C908303253EA0106284605F8012D37
:10957000F2D11BF0010F00F01582302A00F01282A8
:109580003023049905F8013C023850AB1B1A99426C
:109590004FF00002B8BF1946CDE90B2208920A939A
:1095A000054602910E925CE51BF0200F4BF0100176
:1095B00021D1099B1A1D099B04981B684FF00008D4
:1095C00040458DF85F801E4659DB21F0800B002B53
:1095D00040F08C850992002840F0E983CDE90B002A
:1095E0000A900E900290089050AD3AE51BF0200FC3
:1095F00000F0BE835946099B073323F0070200237E
:109600008DF85F30049BD2F8048052F8086B099201
:10961000002B35DB56EA080321F0800B31D1049B87
:10962000002B40F0C483CDE90B330A930E930293D1
:10963000089350AD15E523784BF0080B4AE41BF076
:10964000200F4BF0100300F07A83099A073222F0C2
:1096500007029B46536852F8086B09929846002B04
:10966000C0F2C282049A002A0BDB56EA08032BF0F0
:10967000800B06D1002A00F04187302607E00992CE
:109680008B460A2E78F1000380F0BF823036049AB0
:109690009DF85F308DF83F61012AB8BF0122029228
:1096A00001220A920DF23F15002B01F06D83029BFF
:1096B000013302930023CDE90B3308930E93D0E4DA
:1096C0002378682B03BF63784BF4007B01344BF0A5
:1096D000400BFFF7FFBB099A1BF0200F02F10403B8
:1096E00000F08883126805991160C91751600993C9
:1096F0002546FFF7C8BB23786C2B03BF63784BF07C
:10970000200B01344BF0100BFFF7E4BB099A049EC9
:1097100052F8041B002047F630038642ADF8603053
:109720008DF85F000B46C0F2DB832BF0800545F01F
:10973000020B002940F0D683002E00F0E686099245
:1097400030230122CDE90A210E918DF83F31029696
:109750000DF23F154FF078098E4608910C91A5E364
:109760001BF0200F40F02583099A1BF0100F52F8D0
:10977000043B41F05E831BF0400F00F0E9859BB293
:10978000099258460021C5E6069B02995E1A002EF2
:109790007FF795AC8B49259B0F91102E24DD384621
:1097A0004FF010082F4619462546864C04E0103E1F
:1097B000102E00F1080013DD013110320729C0E935
:1097C0000048CDE92512F2DD079924AA504601F0A0
:1097D0004FFBE8B9103E102EDDE9251227A8EBDC7F
:1097E0002C460B463D46074601330F9939603244FB
:1097F000072BCDE925327E6000F3638508375EE4F0
:10980000079924AA504601F033FB00283FF481ACAD
:10981000089B002B3FF4F8AB08995046FEF7E2FD99
:10982000079B9B8903F04003FFF7F2BB109B119944
:109830001A44C7E90013259B26920133072B259371
:1098400000F3068707F108010028C1F21E810D9878
:109850000D6001330244072BCDE92532486046DD17
:10986000079924AA504601F003FB0028D0D1269A7C
:1098700027AF3AE40D98259B012802F1010203F17C
:10988000010307F1080140F364810120072BCDE9B2
:1098900025323D60786000F32C821098119E0133D0
:1098A0000244072BC1E90060CDE9253200F32D8287
:1098B00008310D98B5EE408BF1EE10FA00F1FF364D
:1098C00000F05F81013301353244072BCDE92532A9
:1098D0000D604E6000F349810831129848600133F1
:1098E0000244072B1CA8CDE925320860B8DC01F141
:1098F0000807FFF7FABB07990F9324AA504601F017
:10990000B7FA002884D1269A0F9B27AFFFF7D4BB64
:1099100007990F9324AA504601F0AAFA00287FF471
:1099200077AF269A0F9B27AFFFF7B5BB102D259B6E
:1099300041F3D580A046DDF81C90234C102604E0AE
:10994000103D102D07F1080715DD01331032072BEC
:10995000C7E90046CDE92532F2DD24AA4946504642
:1099600001F086FA00287FF453AF103D102DDDE999
:10997000253227AFE9DC21464446884601332A4494
:10998000072BC7E90085CDE925327FF7B7AB0799EB
:1099900024AA504601F06CFA00287FF439AF269AC9
:1099A000FFF7ACBB049950AA521B91424FF0000341
:1099B000B8BF1146CDE90B3308930A9202910E937A
:1099C000FFF74FBBCC220020FC1D00201998002877
:1099D00040F300840B9B0D998B42A8BF0B46002BD4
:1099E00098460ADD1A44C7E90053259B26920133A5
:1099F000072B259300F3B48708370B9EB8F1000FAF
:109A0000A8BFA6EB0806002E00F3AB820B9B1BF44D
:109A1000806F03EB050940F0CA82199B0D998B42B8
:109A200003DB1BF0010F00F07D85109911980A44AB
:109A3000C7E900012599269201310729259100F3F4
:109A40009B8708370D996E18A6EB0906CD1AAE4212
:109A5000A8BF2E46002E0BDD259BC7F800900133D2
:109A60003244072B7E602692259300F3D387083774
:109A7000002EA8BFAD1B002D7FF737ABB949259B42
:109A80000F91102D40F31184A146DDF81C801026A3
:109A90000C4604E00837103D102D40F305840133D7
:109AA0001032072BC7E90046CDE92532F2DD24AAA2
:109AB0004146504601F0DCF900287FF4A9AEDDE90B
:109AC000253227AFE7E72599102E404640F36187FE
:109AD0000F943A46A846079CA34D1F4604E0103E4B
:109AE000102E02F1080216DD013110301023072973
:109AF000CDE9251015605360F1DD24AA21465046BA
:109B000001F0B6F900287FF483AE103E102EDDE997
:109B1000251027AAE8DC3B460F9C17462A464546F7
:109B2000904601F1010C3218BCF1070FCDE925C2B6
:109B3000C7F800807E6000F336839DF85F10083719
:109B4000002940F0F880002B3FF4B9AA0B46FFF73C
:109B5000A5BA1BF0010F7FF498AE0120072BCDE9C9
:109B600025323D6078607FF7B8AE079924AA504649
:109B700001F07EF900287FF44BAEDDE9253227A9FC
:109B8000ABE60D9801287FF7A8AE112875480F9015
:109B900040F3B783A046079F1025044604E0083130
:109BA000103E102E40F3AC8301331032072BC1E975
:109BB0000045CDE92532F2DD24AA3946504601F0B0
:109BC00057F900287FF424AEDDE9253227A9E7E71D
:109BD000079924AA504601F04BF900287FF418AEEB
:109BE000269A27AFFFF771BA2D238DF85F30049BBB
:109BF000764268EB4808002BFFF643AD0A2E78F159
:109C000000032BF0800BFFF441AD0294CDF82890B7
:109C100050A9DDF8509008974FF0000C0BF48064C9
:109C200026E016EB0803514843F10003A0FB032094
:109C300020F0030202EB90029B1AF31A4B484FF0FC
:109C4000CC32B646474602FB03F268F1000800FB3F
:109C50000822A3FB0063BEF10A0F13444FEA560625
:109C600077F10007294646EAC3764FEA53082DD319
:109C70003E4D16EB080343F10003A5FB032020F043
:109C8000030202EB90029B1AF31AA3FB053268F160
:109C9000000005FB00225B0843EAC27303EB830369
:109CA000A6EB430330330CF1010C01F8013C4D1ECF
:109CB000002CB6D099F800306345B2D1BCF1FF0F4B
:109CC000AFD00A2E78F1000380F0B3830499029C90
:109CD000CDF8509050AB5A1B9142B8BF1146DDF8F9
:109CE0002890089F9DF85F30CDF834C00A92029109
:109CF000DAE4079924AA504601F0BAF800287FF464
:109D000087ADDDE9253227A9C7E5079924AA504682
:109D100001F0AEF800287FF47BADDDE9253227A9FC
:109D2000C7E51BF0010F3FF4E0A9FFF70FBB099354
:109D30002378FFF7CFB81E460023FFF79EB9099A94
:109D40000432099909920E684FEAE6789B46434629
:109D500085E4099B1A1D099B09921B680021FFF7E6
:109D6000D9BB00BFCC220020FC1D0020CDCCCCCC28
:109D7000099A1BF0100052F8043B41F057801BF089
:109D8000400100F0A8818DF85F009BB204994FF06C
:109D9000000841451E46C0F2A9812BF0800B002B24
:109DA00040F0A481049B0992002B3FF43CAC0026B8
:109DB0006CE45846FFF7A5BB5B4646E4B5EEC08BA6
:109DC000F1EE10FA2BF0800B00F11E839DF85F304E
:109DD000B9F1470FCCBFA44DA44D002B40F05287E2
:109DE0000322CDE90B3308930A9204930E93029257
:109DF000FFF737B91BF0100F40F07C821BF0400FCB
:109E000040F0A7831BF4007F00F07482099A059943
:109E1000126811706BE4964E1BF0200F00F07D81EC
:109E2000099B073323F007031A46586852F8083B8A
:109E300009921BF0010140F05C81049A8DF85F10DB
:109E4000002AC0F28B8153EA00022BF4906B00F0E1
:109E5000948103F00F02B25C8DF83F211B0943EAA5
:109E60000073020953EA10100DF23F150BD003F0F6
:109E70000F001B09305C05F8010D43EA027312095B
:109E800053EA0200F3D1049A50AB4FF0000E5B1B73
:109E90009A42CDE90BEEB8BF1A460A930292CDF86A
:109EA00020E0CDF838E000293FF4DBA8029BDDE993
:109EB00025C2023302931BF084039046614604D10D
:109EC000069E0298361A002E06DCBEF1000F3FF403
:109ED000E5A80226FFF7D1B80223F5E5654E9BE71A
:109EE0004BF0020B0992634E03F00F020221B25CA9
:109EF0004FF07809B0E7099B1B688DF8DC3001232F
:109F000002930A9337ADFFF7A6B9079924AA5046E2
:109F100000F0AEFF00287FF47BAC269A27AFFFF756
:109F200022BA049B0895062B28BF062302930A93A6
:109F30002B460495CDE90B334F4DCDF824800E937D
:109F4000FFF78FB840215046FDF73AF8079B18609D
:109F50001861002800F06087079A40235361FEF7DC
:109F600083BF102E259B40F32E874448DDF81C80CC
:109F70000F9039464FF01009074604E00831103EB3
:109F8000102E40F32B8201331032072BC1E90079E8
:109F9000CDE92532F2DD24AA4146504600F068FFA3
:109FA00000287FF435ACDDE9253227A9E7E70D9BD2
:109FB000DDF83880CDF83CB0EB1804930C9BDDF84D
:109FC0001CB00B94002B4E463946DDF85090159F7F
:109FD0000E9531DDB8F1000F40F32B8108F1FF3809
:109FE0002598139B01303A440728C1E9003726928F
:109FF000259000F39F800831049B99F800009D1B79
:10A000008542A8BF0546002D0CDD259801302A4465
:10A010000728C1E900652692259000F35E8199F832
:10A0200000000831002DACBF441B0446002C14DC9A
:10A0300006440C9B002BCDDCB8F1000FCEDCDDE933
:10A040000D35EB189E42CDF850900B9CDDF83CB0DE
:10A05000B1460F4628BF9946DFE4102C2598074BE0
:10A060002BDD10250A9310E0F40F0020B010002023
:10A07000CC100020B8100020E0100020CC220020DE
:10A08000103C102C01F1080116DD0130AE4B1032EE
:10A090000728C1E90035CDE92502F1DD24AA59469A
:10A0A000504600F0E5FE00287FF4B2AB103C102CC7
:10A0B000DDE9250227A9E8DC0A9B0B600130224478
:10A0C0000728CDE925024C6000F3588399F8000079
:10A0D00008310644ADE71BF4007840F03282049961
:10A0E0008DF85F8000291E46BFF657AE0992FFF734
:10A0F000C8BA53EA000237D030228DF8602000221F
:10A100008DF85F20049A8DF86190002A23DB2BF4F0
:10A11000906242F0020B02219BE6099A1BF0100F9D
:10A1200052F8043B099214D11BF0400F0DD09BB2A2
:10A1300000207EE624AA5946504600F099FE0028E9
:10A140007FF466AB269A27A956E71BF4007F40F000
:10A15000F58100206DE64BF0020B022103F00F02A7
:10A160002BF4806BB25C77E6049B00218B428DF868
:10A170005F10C0F241812BF4906B049A002A00F02A
:10A18000CB80012A33788DF83F31B8BF01220023FC
:10A1900002920122CDE90B3308930A920E930DF23D
:10A1A0003F15FEF75EBF07990F9324AA504600F0B3
:10A1B0005FFE00287FF42CAB9DF85F10269A0F9B62
:10A1C000002900F0AC801E46DDF894C0034627AF9E
:10A1D000FEF753BF259B5D493960013301320121F0
:10A1E000072B26922593796000F37C81083700289D
:10A1F0007FF41CAB0D990BF001030B433EF475AFDC
:10A20000109B11991A44C7E90013259B269201332C
:10A21000072B259300F31C8207F10801FFF717BBFA
:10A22000049B0A93CDE90B330E93089350ADFEF7D0
:10A2300018BF0C9B013B09F1FF390C93D0E607993D
:10A2400024AA504600F014FE00287FF4E1AA269AC2
:10A2500027AFFFF776B80822002122A81B95FDF74B
:10A260009DFD049B002B7DDB00260294CDF8208011
:10A27000344698460EE037A9504601F06DFF411C68
:10A28000204400F09484404509DC06F1040600F007
:10A29000008504461B9A925922AB002AEBD10A94FE
:10A2A000DDF82080029C6AE04C4601330F9939604A
:10A2B0002A44072B7D60CDE925327EF715AFFFF7E5
:10A2C000CFBA079924AA504600F0D2FD00287FF4A7
:10A2D0009FAA269A27AFFEF7F2BE24AA59465046F7
:10A2E00000F0C6FD00287FF493AA99F80000269A92
:10A2F00027A997E6099A059912681160FFF7F7B93F
:10A30000444601330F9808603244072BCDE92532CB
:10A310004E607FF7E1AA28E4049BFFF784B9002B85
:10A3200000F00981DDF894C00B4627AFFEF7B6BEFA
:10A330001BF4007F16BF46F3C0184FEAE67876B2EA
:10A340004346FFF78CB900BFCC220020740A0020DE
:10A350001BF4007100F0F980DBB20992584600212D
:10A36000FFF7D8B822AB009300231BAA194650462A
:10A3700001F01AFF0A90013000F019841B950A9B26
:10A38000002B00F09F80632B00F34C810023089387
:10A3900037AD0822002122A8FDF700FD0A9E22AB5E
:10A3A00000931BAA33462946504601F0FDFE864223
:10A3B00040F042850A9A0023AB5422EAE2720292EC
:10A3C0009DF85F20049312B1029A01320292CDE906
:10A3D0000B33CDF824800E93FEF743BE0F460133B6
:10A3E0000F9939603244072BCDE925327E6000F3A6
:10A3F00023810837FFF70ABB33788DF83F312BF400
:10A40000806B0DF23F153EE52D238DF85F30B9F1DD
:10A41000470F4FF000030893049340F3E6800322B4
:10A42000964D0A92CDE90B330E9304230293FEF767
:10A4300018BE159A1399AD1A2846FDF72FFD99F805
:10A4400001300BB109F101098D4A16EB080343F104
:10A450000003A2FB030727F0030000EB97001B1A81
:10A46000F31A4FF0CC3168F1000803FB01F102FB55
:10A470000811A3FB023001445B0843EAC1764FEAAE
:10A48000510816EB080343F10003A2FB031020F070
:10A49000030101EB90015B1AF31AA3FB023168F18F
:10A4A00000005B0802FB001243EAC27303EB830364
:10A4B000A6EB4303303305F8013C4FF0010C013D9E
:10A4C000FFF7F8BB9DF85F30CDF82480003B18BF44
:10A4D000012302930A9B0493CDE90B330E93089357
:10A4E000FEF7BFBD079924AA504600F0C1FC002822
:10A4F0007FF48EA91998269A27AF78E69DF85F30E9
:10A5000002920A9250ADFFF7CFB8049B0992CDE9B1
:10A510000A330E930C93029350AD4FF078099E4688
:10A520000893C3E46E18A6EB0906CD1AAE42A8BF85
:10A530002E46FFF79DBA27AFFEF7C1BDDBB2002064
:10A5400077E48DF85F10DBB220E409925846FEF7FD
:10A55000E1BF099A059912681180FFF7C8B822ABCC
:10A5600001931BAB0093B0EE470B049A19AB022189
:10A5700050468DED027B00F0D9FE9DED027B054635
:10A580001BF0010F40F05582229B5A1B199B0D9224
:10A59000D81C0B93C0F2018204999942C0F20B813E
:10A5A0009A4200F392820B9B0A931BF4806F03D0B4
:10A5B0000B9B002B00F32D830A9B23EAE373C34616
:10A5C00002934FF0670900230E930C930BF00201E6
:10A5D000002E00F0CA804FF02D0E8DF85FE0029B38
:10A5E00001330293002304935DE40322254D0A9274
:10A5F00018E72846FDF7F2FD9DF85F300A9020EA43
:10A60000E0720292002B3EF40CAFFEF708BF079CED
:10A6100024AA2146504600F02BFCA38903F04003F6
:10A62000FEF7F6BC591C5046FCF7CAFC054600284C
:10A6300000F0F6830890ACE6079924AA504600F093
:10A6400017FC00287FF4E4A8269A27AFFFF7DEB9AD
:10A65000079924AA504600F00BFC00287FF4D8A8E4
:10A66000DDE92532199827A9FFF7EEB800230893F2
:10A67000062304934BF48078FEF787BDF40F002087
:10A68000CDCCCCCCB0100020049B01330D93022123
:10A6900022AB01931BAB0093B0EE470B19AB0D9AA5
:10A6A00050468DED027B00F041FE0D9B29F0200C01
:10A6B000BCF1460F9DED027B054600EB030100F067
:10A6C0009880B5EE407BF1EE10FA00F0D882229B24
:10A6D000994288BF4FF0450C40F2CF8230205A1C7F
:10A6E00022921870229B8B42F9D35B1B0D93BCF115
:10A6F000470F199B0B9356D0BCF1460F00F08F808B
:10A700000B9B8DF87090013B002B1993C0F24C818C
:10A710002B22092B8DF8712000F34F8130228DF808
:10A7200072200DF17302303302F8013B1CABD31AD7
:10A7300012930D9B129A012B1A440A9240F3418204
:10A740000A9B109A13440A930A9A2BF4806343F4E9
:10A75000807B22EAE2720023CDE90B330E93029252
:10A7600034E7049B0D93032192E79DF85FE0BEF16F
:10A77000000F7FF434AF0496FFF795BB24AA594627
:10A78000504600F075FB00287FF442A899F80000BD
:10A79000269A27A906444CE4199B0B934B1BBCF14A
:10A7A000470F0D933BD10B9B0333C0F2F680049B04
:10A7B0000B9A93420FDA0B9B013BA9F10209002B84
:10A7C0008DF870901993A3DA0B9B2D22C3F101032E
:10A7D0008DF87120A2E70D9B0B9A934200F37581CF
:10A7E0001BF0010F0B9B00F0B282109A13440A93E6
:10A7F000DBE62B78302B00F06182199B1944B5EE13
:10A80000407BF1EE10FAC7D0229B8B42FFF466AF7B
:10A810005B1B0D93BCF1470F199B0B93C3D00B9996
:10A82000049A0BF00103002943EA020340F3CF82AC
:10A83000002B40F01A820B9B0A934FF066091BF421
:10A84000806F40F0E8810A9B23EAE373C3460293DA
:10A85000B9E647F63003ADF86030049B632B4BF04C
:10A86000020B00F35C8118EE903A002BC0F23B81A2
:10A87000B0EE480B19A800F061FCB4EE007B20EEAE
:10A88000077BB5EE407BF1EE10FA40F040820123E9
:10A890000026199337AD0896AE480499B3EE004BE5
:10A8A0002B4606E0B5EE407BF1EE10FA00F00F8289
:10A8B000114627EE047BFDEEC76B4A1E16EE90CACA
:10A8C00010F80CE0B8EEE65B9C4637EE457B03F8EB
:10A8D00001EB0029E6D1B6EE005BB4EEC57BF1EEEC
:10A8E00010FA08DCB4EE457BF1EE10FA1ED116EE3C
:10A8F000902AD2071AD5CDF888C013F8011C90F819
:10A900000FC08C451A460AD14FF0300E02F801EC08
:10A91000229A511E229112F8011C6145F6D0392964
:10A9200016BF0131817AC9B202F8011C199A5B1B6A
:10A930000D93B9F1610F02F1FF33199300F01F82FB
:10A9400050214FF04109002B8DF87010C0F20E829B
:10A950002B22092B8DF871202FDC0DF17202E2E61B
:10A96000079924AA504600F083FA00287EF450AFDD
:10A97000269A27AFFFF741B8079924AA504600F05E
:10A9800077FA00287EF444AF199B269A27AFFFF789
:10A9900059B8DFF8CC81FFF7C4B80B9BA9F10209C5
:10A9A000013B8DF8709019930B9A2D238DF871301F
:10A9B000C2F101030832BFF6B1AE0DF17F0CDFF832
:10A9C000A4E162461046AEFB0312D20802EB8201FC
:10A9D000A3EB41013031632B00F8011C134600F159
:10A9E000FF32EFDC303302F8013C831E634580F018
:10A9F000C8810DF1710213F8011B02F8011F6345B4
:10AA0000F9D103F5A0736B44CC3B1B1A1CAA9B1A0B
:10AA100012938EE6079924AA504600F029FA0028DE
:10AA20007EF4F6AE199D0D9B269A5D1B27AFFFF7AE
:10AA30001FB8049B4FF0470CE918E0E600230C46D2
:10AA40000493FEF749BA45F63003ADF86030049B35
:10AA5000632B4BF0020B62DC18EE903A002B42DBCA
:10AA6000B0EE480B19A800F069FBB4EE007B20EEB5
:10AA7000077BB5EE407BF1EE10FA01D1012319936B
:10AA800000263548089637AD07E746421030334870
:10AA90000F9052DA1027804603E00831103E102E46
:10AAA0004BDD01331032072BC1E90087CDE9253298
:10AAB000F3DD079924AA504600F0DAF900287EF465
:10AAC000A7AEDDE9253227A9E8E70D9B109A9A1871
:10AAD0000B9B0A92002B79DD4FF06709AFE6DFF898
:10AAE0008080FEF74BBF0023089337AD2D26B1EED3
:10AAF000487BB0EE470B19A800F020FBB4EE007BBA
:10AB000020EE077BB5EE407BF1EE10FA04BF012387
:10AB10001993B9F1610F3FF4BFAE0F48BDE6049B36
:10AB20005046591CFCF74CFA0546002800F03D81C0
:10AB300008904BF48078FEF728BB01330F9808602B
:10AB40003244072BCDE925324E6000F302810831F3
:10AB5000FEF77DBEB8100020CC100020CC220020D3
:10AB6000FC1D0020CDCCCCCC049A002A00F0D4806F
:10AB7000002BC0F22481B0EE487B002622AB01936B
:10AB80001BAB0093B0EE470B19AB049A0221504661
:10AB90008DED027B00F0CAFB00239DED027B054694
:10ABA0000893EDE42D26B1EE487BFEF7F6BA079B3D
:10ABB0009B890022089243F04003079A9381FEF795
:10ABC00027BE1BF0010F3FF4BFADB9E5C3F1010390
:10ABD0001A4422EAE273C3460A9202934FF06709CD
:10ABE000F1E418EE903A13F000432BF0800B0B9336
:10ABF00000F09A802D238DF85F30B9F1470F4FF0A8
:10AC000000030893049340F3F8800322944D0A92C2
:10AC100008E44FF0670914990B78FF2B00F0F880D7
:10AC200000200B9A0E90844603E001300131FF2B87
:10AC300009D0934207DAD21A4B78002BF5D10B7862
:10AC40000CF1010CF3E7CDE90B201491CDF838C0DD
:10AC50000C9A0E9B159913440A9A01FB03230A933D
:10AC600023EAE373C3460293B0E4109B02EB0109AD
:10AC70004B440A934FF06609E1E55B1B0D93199B6A
:10AC80000B933DE50023032208930A920493FFF7F8
:10AC9000C9BB049B029CDDF820800A93FFF76FBBC1
:10ACA000CDF824801BB3049B0A935A1C0292049093
:10ACB0000E900C904FF07309FEF7D3B9B5EE407BC0
:10ACC000F1EE10FA1ED1199B0B93194466E5002A88
:10ACD0000491FFF62BAE0499302001EB030C1946CA
:10ACE00001F8010B6145FBD11A44531C1EE6049B7D
:10ACF0000A930293089B0E930C9304934FF07309ED
:10AD0000FEF7AFB90D9BC3F10103199376E5002659
:10AD10005448089637ADC0E5934273DBB0EE487BEC
:10AD20000123049E049329E79DF85F30B9F1470F92
:10AD3000CCBF4B4D4C4D002B40F08680032204933A
:10AD40000A920E930C9308930292FEF78AB90A9323
:10AD50002BE4079924AA504600F08AF800287EF4D4
:10AD600057ADDDE9253227A9FEF771BD2D238DF8FA
:10AD70007130C2F101030832FFF61FAEEDE570211C
:10AD8000E1E502231293D4E4CDE90B3308930E934B
:10AD9000FEF767B9099A63780C4652F8041B0992CA
:10ADA00041EAE1710491FEF795B8079A938943F05F
:10ADB000400393814FF0FF330593FEF72CB92D2606
:10ADC000B1EE487BDAE629490F91FFF708BBC3468D
:10ADD00033B9012302934FF066090A93FFF7F3BBDF
:10ADE000109B03F10109049B4B440A9323EAE3738C
:10ADF00002934FF06609FFF7E6BB03221A4D0A9251
:10AE0000FFF710BB01232D260493B1EE487BB5E676
:10AE100000230E930C931BE70C23CAF80030C9E7FC
:10AE2000079B08909B8943F04003C6E65946FEF70E
:10AE3000C2BB5846FEF78FBF079B9B8943F0400378
:10AE4000BBE65B46FEF77DBF002304930E930C9395
:10AE5000089303230A9304230293FEF702B900BF69
:10AE6000F00F0020B8100020B4100020CC220020E9
:10AE70002DE9F0411546926802B32C6807468846D2
:10AE8000083401E00834C9B16B68581E002B114624
:10AE9000686013DD54F8046C002EF3D0334654F888
:10AEA000082C4146384602F015FB431C07D0AA681F
:10AEB000921B1146AA6008340029E5D10020002326
:10AEC000C5E90133BDE8F08170B5002941D00646DF
:10AED0000C4610B1436B002B3ED0FCF7BBFD636EFC
:10AEE000B4F90C20DD0730D4900538D52146304622
:10AEF00000F04CF8E36A054633B1E1693046984703
:10AF00000028B8BF4FF0FF35A3891A0639D4216B4A
:10AF100041B104F14003994202D03046FDF762FA94
:10AF200000232363616C21B13046FDF75BFA0023F7
:10AF30006364636E0022DB07A2811ED5A06DFDF75E
:10AF40007DF8FCF78DFD284670BD002ACED1FCF7B8
:10AF500087FD0025284670BDFCF75EFDBDE7A06DAE
:10AF6000FDF76EF8B4F90C30002BBFD1636ED90732
:10AF7000EDD4A06DFDF766F8E9E7A06DFDF762F886
:10AF8000DCE721693046FDF72DFAC0E7B1F90C2066
:10AF90002DE9F041804610070C4650D4496842F430
:10AFA00000630029A38164DDA66A002E44D000213D
:10AFB00012F48052D8F80050C8F8001065D1E16949
:10AFC00001234046B047411C02466CD0B4F90C3016
:10AFD000A66A5B0705D56368D21A236B0BB1E36BD6
:10AFE000D21A0023E1694046B047471CB4F90C303F
:10AFF0004DD1D8F800101D2940D8304ACA40D60794
:10B000003CD52269226023F40062A281D9044FF06A
:10B010000002626003D5D8F80030002B41D0216BCC
:10B02000C8F8005041B104F14003994202D04046B3
:10B03000FDF7D8F9002323630020BDE8F0810E69F5
:10B04000002EF9D00D680E6092070CBF4B690023EB
:10B05000AD1B8B600AE02B463246E169676A4046C9
:10B06000B8470028A5EB0005064406DD002DF2DCFC
:10B07000E2E7E16B002997DCDEE7A38943F04003B8
:10B08000A3814FF0FF30BDE8F081226DA1E7226976
:10B09000226023F40062A281DB044FF000026260B0
:10B0A000BDD52065BBE7D8F80030002B8ED01D2B16
:10B0B00001D0162BE1D1C8F80050BDE701004020B7
:10B0C00000B5034683B008B1426B52B3B1F90C002E
:10B0D00098B14A6ED20701D4820512D51846009164
:10B0E000FFF754FF00994A6E0346D00702D48A89BD
:10B0F00092050ED5184603B000BD0346184603B0AE
:10B1000000BD886D01930091FCF79AFFDDE9001303
:10B11000E4E7886D0093FCF795FF009B184603B0A9
:10B1200000BDCDE90001FCF777FCDDE90031CDE79A
:10B13000004870472C2D0020000000004DF804BD91
:10B1400083B08DED000B019ADFF870C022F0004350
:10B1500000216345016025D8DDF800C053EA0C0CDE
:10B1600020D0DFF85CC002EA0C0CBCF1000F0AD161
:10B170009FED107B20EE077B8DED007B019A6FF039
:10B18000350122F00043DDE900BC6FF31E5242F0AE
:10B190007F5C1B154CF4001CA3F2FE33CDE900BC10
:10B1A0000B4403609DED000B03B05DF804BB7047DA
:10B1B000AFF300800000000000005043FFFFEF7F6E
:10B1C0000000F07F00B50B4C2468864685B0E0682F
:10B1D0009C460C4652B108490094CDE901127346D1
:10B1E0000649624600F0ECFFF9F7CCFC04490A4638
:10B1F000F2E700BFBC2D0020E8100020F81000206E
:10B20000D80D00202DE9F04F03690C69A34283B0EB
:10B21000C0F28880013C01F1140500F1140855F8D2
:10B22000243058F82420013308EB84069A42009613
:10B230004FEA840B05EB8407B2FBF3F63AD3002305
:10B240000191C64629469C4651F8042BDEF8009031
:10B250001FFA82FA06FB0A334FEA134A120C06FB66
:10B2600002A29BB21FFA89FAAAEB030363441FFAF6
:10B2700082FCCCEB234C0CEB194C9BB243EA0C4305
:10B280008F424EF8043B4FEA2C4C4FEA1243DBD27C
:10B2900058F80B3001996BB9009B043B984504D3D7
:10B2A00007E0984504F1FF3403D21A68043B002AF2
:10B2B000F7D004618146FDF76BFC00282EDB0136D8
:10B2C0004146002255F8040BD1F800C01FFA80FE59
:10B2D0001FFA8CF3A3EB0E031344020CC2EB2342C0
:10B2E00002EB1C429BB243EA0243AF4241F8043BEB
:10B2F0004FEA2242E6D258F8242008EB84036AB9C8
:10B30000043B984504D307E0984504F1FF3403D289
:10B310001A68043B002AF7D0C9F81040304603B041
:10B32000BDE8F08F002003B0BDE8F08F2DE9F04FAD
:10B3300093B08DED000B0491816B1C9D069257EC30
:10B34000106B0446089341B1C26B4A6001239340DD
:10B350008B60FDF793F90023A363B7F10008B4BF36
:10B36000012300232B60A34BBCBF28F00048CDF87D
:10B37000048033EA080300F092809DED007BB5EE77
:10B38000407BF1EE10FA0DD1089A012313601D9B4A
:10B3900013B11D9A984B1360984B0293029813B007
:10B3A000BDE8F08F10AAB0EE470B11A920468DED35
:10B3B000027BFDF7CDFC5FEA18539DED027B109AEE
:10B3C000834640F08280119B134403F232412029CE
:10B3D00040F3E281C1F1400108FA01F803F21241A1
:10B3E00026FA01F148EA010106EE101AB8EE466BA2
:10B3F000013B16EE901A4FF00108A1F1F8719FED94
:10B40000772BB7EE081B9FED775B9FED784B06EE31
:10B41000901A03EE903A36EE416BB8EEE33BA6EE9F
:10B42000025BB0EE456BA3EE046BFDEEC65BB5EEC2
:10B43000C06BF1EE10FACDED055A00F1C080059910
:10B44000D21A162902F1FF3A00F2A4806C4B03EBEA
:10B45000C10393ED006BB4EEC67BF1EE10FA00F180
:10B46000A281002A40F3C0840027CDE90A178A444C
:10B4700000230993049B092B3DD8052BC4BF043B33
:10B480000493049BA3F10203CCBF00250125032BE9
:10B4900033D8DFE813F0FA01F701ED019201089AC1
:10B4A000C8F3130842F20F7358EA060813601BD161
:10B4B0001D9B002B00F04286524B029308331D9ACD
:10B4C0000298136013B0BDE8F08F17EE901AB0EE3B
:10B4D000476BC1F3130141F07F51A3F2FF3341F4F5
:10B4E00040114FF000088AE71D9B002B40F061815E
:10B4F000454B029352E7002304930025E563294658
:10B5000020468DED067BFDF78FF89DED067B0290C2
:10B51000002800F0B485119A029BA363002A75DB12
:10B5200005990E2972DC364B03EBC10393ED003B0A
:10B5300087EE036BBDEEC66B029916EE103A303300
:10B5400001F8013B4FF0FF39B8EEC65BA5EE437B37
:10B550000123B2EE044B11E087EE036BBDEEC66B28
:10B56000013316EE102A4B4502F13002B8EEC65BED
:10B5700001F8012BA5EE437B00F0A38427EE047BAA
:10B58000B5EE407BF1EE10FAE6D1059B0133049352
:10B590000D46ECE001230B93059BBAF1000FBABFF7
:10B5A000C2F101074FF0000A0027002B80F2F18062
:10B5B000059BFF1A5B42099300230A935AE7B8EEF2
:10B5C000E55BB4EE465BF1EE10FA3FF438AF059957
:10B5D0000139059133E700BFAFF3008061436F632A
:10B5E000A787D23FB3C8608B288AC63FFB799F509C
:10B5F0001344D33F0000F07F750A0020740A002036
:10B600009006002028110020341100204FF0FF394F
:10B610000695CDF83090B8F1000F00F0E984DDF820
:10B62000248002F23342012120469244BD18FDF7E6
:10B63000EBF80646002F40F09F82099B002B00F09C
:10B640009383B8F1000F40F077835946099A20465A
:10B65000FDF7CCF901238346099301212046FDF72C
:10B66000D3F80A9B8046002B40F04582049B012BB7
:10B6700040F3AA820120504410F01F0000F008811E
:10B680001B2800F3D582C0F11C0005440744824406
:10B69000002D05DD59462A462046FDF703FA83466C
:10B6A000BAF1000F05DD414652462046FDF7FAF992
:10B6B00080460B9B002B40F00082B9F1000F40F355
:10B6C000D781099B002B40F02481059B0133049313
:10B6D000029F012507E0594600230A222046FCF775
:10B6E000D7FF0135834641465846FFF78BFD4D4550
:10B6F00000F1300A07F801ABEDDB029BB9F1000F56
:10B7000003F1010209F1FF394FF00003D8BF4FF0F8
:10B71000000991440093594601222046FDF7C2F9E1
:10B7200041468346FDF734FA002840F32083029A0D
:10B7300002E0914500F026834D4609F1FF3915F8E6
:10B74000013C392BF5D0013389F8003041462046C1
:10B75000FCF794FF5EB1009B2BB1B34203D01946B6
:10B760002046FCF78BFF31462046FCF787FF594601
:10B770002046FCF783FF00232B70089B049A1A6075
:10B780001D9B002B3FF40AAE02981D6013B0BDE86C
:10B79000F08F9A440A936BE6C1F1200106FA01F199
:10B7A00006EE101A22E6059B013B059300230B933E
:10B7B000F2E6AC4B0293033381E601230D93DDE9FE
:10B7C0000523134403F101094E46012E0C93B8BF23
:10B7D0000126172E40F39C84012204235B0003F111
:10B7E0001400B042114602F10102F7D9E16320468C
:10B7F0008DED0E7BFCF718FF0290002800F03F84CF
:10B80000B9F10E0F9DED0E7BA06346D8002D44D0FC
:10B810000599002940F3F182934B01F00F0203EBED
:10B82000C203CD0593ED006B4FEA211340F18A83EB
:10B830008E4A92ED085B03F00F03032187EE054B60
:10B84000002B00F0FB81894A01E05B100832D80729
:10B8500003D45B100832DE07F7D592ED005B5B1076
:10B8600001F1010126EE056B00F0E8810832F2E7F4
:10B8700001230D93069B002B40F38B81069E0C96B3
:10B88000B146A6E700230D9399E700230D93F1E756
:10B890001C20054407448244FAE6119A002AC0F2AB
:10B8A0004081059B0E2B00F33C816F4B059A03EB07
:10B8B000C20393ED003B069B002B80F2ED82B9F1B1
:10B8C000000F00F3E98240F08682B1EE046B23EEB4
:10B8D000066BB4EEC67BF1EE10FA494640F27C826C
:10B8E000029D312305F8013B2046FCF7C7FE059B6E
:10B8F000023304933BE7314600230A222046FCF73B
:10B90000C7FE0C9B002B064640F3FA83DDF830900F
:10B910000595002F05DD31463A462046FDF7C2F871
:10B9200006460A9B002B40F0F6823746029D6B1EAE
:10B930004B440A93009B03F001030C934146584685
:10B94000FFF760FC31460B9000F1300A5846FDF7D6
:10B950001FF9414681463A462046FDF739F9C3684A
:10B960000146002B36D109905846FDF711F9099987
:10B9700006902046FCF782FE069A002A5AD1049BC4
:10B980001BB90C9B002B00F0A483B9F1000F43DB23
:10B990000A9BA9469D4209F801AB00F0D78259469F
:10B9A00000230A222046FCF773FEBE42834631463E
:10B9B0004FF000034FF00A02204635D0FCF768FE36
:10B9C0003946064600230A222046FCF761FE4D4612
:10B9D0000746B3E72046FCF751FEB9F1000F08DB3C
:10B9E000009B03F00102049B49EA030952EA0902A1
:10B9F0002ED1594601222046FDF754F84146834690
:10BA0000FDF7C6F8002840F34183BAF1390F00F082
:10BA100024830B9B03F1310A05F801AB059B0096CB
:10BA2000013304933E4691E6FCF732FE4D4606464E
:10BA3000074683E7B9F1000FC0F28483049B49EA0B
:10BA400003090C9B53EA090900F07C83002A9FDD5F
:10BA5000BAF1390F00F001830AF1010305F8013B47
:10BA6000DCE700BF341100209006002068060020AB
:10BA7000049B022B7FF725AEB9F1000F40F0008246
:10BA800041464B4605222046FCF702FE0146804611
:10BA90005846FDF77DF8484540F3F281029D312379
:10BAA00005F8013B41462046FCF7E8FD059B0233C3
:10BAB0000493002E7FF457AE59E641465846FDF7F1
:10BAC00067F80028BFF6F9AD594600230A22204640
:10BAD000059DFCF7DDFD099B013D8346002B7FF4AE
:10BAE0000AAF0C9B002B40F3FE82059BDDF83090E3
:10BAF00004930595ECE51A4601462046FCF776FFCF
:10BB0000049B012B804640F3F98100230A93D8F867
:10BB1000103008EB83031869FCF70CFEC0F120001D
:10BB2000A9E50D9B73B9002F67D1099B002B74D138
:10BB30001D461E4691E5119A002A03DB05990E2940
:10BB40007FF7B4AE049B012B7FF765AD099B09F12C
:10BB5000FF384345C0F27781B9F1000FA3EB080825
:10BB600080F2BE82A7EB0903012120460D93FCF76A
:10BB70004BFE3D460D9F0646BAF1000F7FF75DADC7
:10BB800057453B46A8BF5346ED1AFF1AAAEB030AD6
:10BB900053E50021E16320468DED067BFCF744FD73
:10BBA0009DED067B0290002800F06982029BA36352
:10BBB000002D40F09F81119AAA42C0F27C8201239D
:10BBC0000C93994606936CE6009B002B7FF452ADD4
:10BBD000019BC3F31303002B7FF44CAD019B23F0B7
:10BBE00000431B0D1B05002B3FF444AD0123013521
:10BBF0000AF1010A0A9318463DE5BAF1000F00F078
:10BC0000FE8157453B46099EA8BF5346FD1AAAEB45
:10BC1000030A2F46002E3FF420AD5946099A2046CC
:10BC2000FCF7E4FE0023834609933D461E4614E5D7
:10BC30001C283FF42DADC0F13C002AE684EE065BE3
:10BC40000B9B3BB1B7EE006BB4EEC65BF1EE10FAA6
:10BC500000F1E081B1EE0C4B06EE901AB8EEE66B07
:10BC6000A6EE054B14EE901A53EC142BA1F1507371
:10BC7000B9F1000F00F09B80DDF814C0484643EC9A
:10BC8000142BB64B029DFDEEC53B03EBC00212ED3B
:10BC9000022B13EE902A02F1300E0D9A691CB8EEB9
:10BCA000E36B0E4635EE466B002A00F05B81B6EE84
:10BCB000003B83EE025B35EE445BB4EEC65BF1EE17
:10BCC00010FA85F800E000F32782B7EE001BB2EE11
:10BCD000043B002518E001358542BFF62CAF26EE67
:10BCE000036B25EE035BFDEEC64B14EE902AB8EE17
:10BCF000E42B303236EE426BB4EEC56BF1EE10FA47
:10BD000001F8012B00F1DF8131EE464BB4EEC54B5B
:10BD1000F1EE10FADFD5029A0CF1010C02E091422B
:10BD200000F097810D4611F8013D392BF7D0013312
:10BD30000B70CDF810C01AE5314642462046FCF79C
:10BD400055FE5A46014606462046FCF78BFD5946ED
:10BD50000D902046FCF792FC099BDDF834B0B3EB64
:10BD6000080309937FF471AC0123099375E403D1AF
:10BD70001AF0010F7FF4DBAC4D4619F8013D302B72
:10BD8000FAD0E3E4059B029A023304933123137043
:10BD9000DCE406EE901AB1EE0C4BB8EEE66BA5EEC5
:10BDA000064B14EE901A53EC142BA1F1507343EC94
:10BDB000142BB1EE046B35EE466BB4EEC46BF1EEB2
:10BDC00010FA00F35681B1EE444BB4EEC46BF1EEC1
:10BDD00010FA7FF562AD00212046FCF74FFC069B70
:10BDE000029D5B420493C2E4059B0A939A4600239A
:10BDF000C2F101070B93FFF73BBB00F00781059AE7
:10BE0000564B524202F00F0103EBC10393ED005B6E
:10BE1000131127EE055B00F07981514A022101E000
:10BE20005B100832DD0703D45B100832D807F7D562
:10BE300092ED006B5B1001F1010125EE065B3FF412
:10BE4000FFAE0832F2E7099B0A9AA8EB03031A44F3
:10BE5000012120460A92FCF7D7FCCA4407EB0905EA
:10BE60000646CDF82480002F3FF4EFAB57453B4604
:10BE7000A8BF5346ED1AFF1AAAEB030AFFF7E5BB6A
:10BE800041462046FCF7FAFB069B029D5B42049369
:10BE9000002E7FF468AC6AE4029B5E1C87EE036BA5
:10BEA000BDEEC66B029A16EE103AB9F1010F03F11E
:10BEB0003003B8EEC65B31461370A3EE457B7FF4CA
:10BEC00047AB37EE077BB4EEC37B059BF1EE10FA70
:10BED00003F1010304939C4608DCB4EE437BF1EECE
:10BEE00010FA05D116EE103ADB0701D5029A19E7D0
:10BEF0000D463CE40C95A946069589E4009B002B71
:10BF00007FF403AEDDE90012C2F31303002B00F04F
:10BF1000C4800A91FBE571682046FCF785FB054665
:10BF2000002800F00481336902339A0006F10C0105
:10BF30000C30F8F769FC294601222046FCF7B2FDD7
:10BF40000746F3E40221B0EE474B79E4059B0096E7
:10BF500001333E460493FFF7DEBB00BF900600208E
:10BF600068060020029A24EE022B012882F800E0E5
:10BF700014D0B2EE043B029A151826EE036BFDEEC8
:10BF8000C65B15EE902A303201F8012BA942B8EEBB
:10BF9000E54B36EE446BF0D1711E0144B6EE005B0A
:10BFA00032EE054BB4EEC64BF1EE10FA3FF5B3AEF0
:10BFB00035EE425BB4EEC65BF1EE10FA0DDC119A81
:10BFC000002AFFF6B0AD059A0E2A3FF7ACAD059AF0
:10BFD00003EBC20393ED003B60E70D46013915F812
:10BFE000013C302BF9D00CF101030493FFF7BFBBE8
:10BFF000109ADDF82480C2F13602FFF714BB099EC7
:10C00000002E7FF40AAE3D46FFF727BB0221B0EEBB
:10C01000475B15E6B9F1000F3FF4BBAE0C98002862
:10C020007FF73BACB2EE043BB1EE0C4B013106EEB8
:10C03000901A25EE035B059BB8EEE66BA5EE064B6A
:10C0400014EE901A03F1FF3C53EC142BA1F1507342
:10C0500015E60CF1010C31236AE6A946392309F8EB
:10C06000013B059B00960133029A04933E46FFF77D
:10C0700063BB029D312305F8013B002134E4334BBF
:10C080003348002240F2AF11FFF79CF87FF4C4ACB4
:10C090001AF0010F7FF4B9ACBEE4019B23F000431A
:10C0A0001B0D1B05002B3FF431AD012301350AF1B7
:10C0B000010A0A932BE50D9B002B33D101230C932E
:10C0C000994606932FE50CF1010304930D46FFF703
:10C0D0004EBBBAF1390FC0D091453FF79AAC9BE403
:10C0E0004A46FFF7A0BA049A022A05DC059A049290
:10C0F00099460595FFF7ECBA0595DDF83090BBE45D
:10C10000049A0595022AF8DC994602E4022197E593
:10C110000021E163FFF76BBB0CF1010304930D46B3
:10C12000FFF725BB0D9B069399460C930EE5074B35
:10C1300007482A4640F2EF21FFF744F8054B0293E7
:10C14000FFF72CB9002A3FF754AC65E440100020FB
:10C15000381100202811002030B5044687B05BB1AB
:10C1600010480193D0F8C85171B12046A847421C2D
:10C17000019B10D007B030BD00F5827309480193D0
:10C18000D0F8C8510029F0D10A46204603A9A84793
:10C19000421C019BEED100218A221960226007B067
:10C1A00030BD00BF542B002010B582B0049CCDE9F7
:10C1B00000344FF0FF3301F055FC02B010BD00BF5A
:10C1C0000EB400B582B003ABDFF81CC053F8042BEB
:10C1D00001930146DCF8000000F008F802B05DF8B9
:10C1E00004EB03B0704700BFBC2D00202DE9F04FD9
:10C1F000C5B00DF1500A834604911646002108226D
:10C2000050461C460B93FBF7C9FDBBF1000F04D051
:10C21000DBF83430002B00F04987049B5A6EB3F9E9
:10C220000C30D00740F14181990400F1A9850499AF
:10C2300043F4005322F400528B814A66930401F1C7
:10C24000AE80049BB3F90C301D0740F1BD80049A09
:10C250001269002A00F0B88003F01A020A2A00F0DE
:10C26000C2800023CDE91933CDE90E331BAADFF8D4
:10C270006C980D93189217460793B0464546D9F827
:10C28000CC41FBF741FECDF800A003462A4612A997
:10C290005846A047002800F0C580C0F2BB80129A23
:10C2A000252A034601D01D44E9E7B5EB08060446FC
:10C2B00040F0BC80002319468DF8433008934FF0BE
:10C2C000FF326B78059205F10108039108F101082E
:10C2D0001946A1F120035A2B00F2F280DFE813F097
:10C2E000E603F000F000DF03F000F000F000BF0311
:10C2F000F000F00007025302F00012020004F00008
:10C30000F1035B005B005B005B005B005B005B00BC
:10C310005B005B00F000F000F000F000F000F000C7
:10C32000F000F000F000D8019F03F000F000F000F2
:10C33000F000F000F000F000F000F000F000190252
:10C34000F000F000F000AA01F000FB02F000F000A5
:10C35000BA05F000F000F000F000F000F000F0008E
:10C36000F000F000F000D8016801F000F000F000EB
:10C37000950368016D00F0008B03F0007D036A03F4
:10C3800020036D00F000AA016A005902F000F000DD
:10C39000FB05F0006A00A1F13003002218F8011B30
:10C3A00002EB820203EB4202A1F13003092BF5D923
:10C3B00008928EE798F8003088E7039B43F020034B
:10C3C000039398F8003081E7049D5846294601F010
:10C3D0005FFA002840F0F687B5F90C3003F01A0236
:10C3E0000A2A7FF43EAF0499B1F90E20002AFFF625
:10C3F00038AF4A6ED20702D49F0540F19087049966
:10C4000023463246584601F015F80790079845B084
:10C41000BDE8F08F082200215046FBF7BFFC012346
:10C420001D442CE7B5EB0806044610D01A9B334494
:10C430001A93199B0133072BC7E90086199310DC67
:10C440000837079B33440793002C7FF433AF1A9BC4
:10C45000002B40F06E87049B0022B3F90C30199238
:10C4600018E0049918AA584601F024F878B91BAFCF
:10C47000E7E7049918AA584601F01CF8002800F0D4
:10C480008380099B1BB109995846FBF7ABFF049BBE
:10C49000B3F90C30049A526ED0077FD55B0600F1D9
:10C4A0006687079845B0BDE8F08F9F0540F114817D
:10C4B0009D047FF5BCAE90047FF5C6AE00F071BF61
:10C4C0000029C4D0002301228DF8AC108DF8433030
:10C4D00009930A9205932BAD0692DDE919C0039CDE
:10C4E00014F084060146624626D1089B069C1C1B5C
:10C4F000002C00F3ED839DF8433003B300260C9627
:10C500000132012301317B60072A0DF14303CDE99C
:10C5100019213B6000F3868308370C9B63B101321D
:10C5200011AB02313B60072A4FF00203CDE919211C
:10C530007B6000F36B830837802E00F0EE82059B52
:10C540000A981C1A002C00F326830A9B3D600132D6
:10C550001944072ACDE919217B6000F34C83083781
:10C56000039B5C0705D5089B069A9C1A002C00F3D8
:10C570006583DDE9073206988242ACBF9B181B1821
:10C58000079300297FF475AF00231993099B1BB112
:10C5900009995846FBF726FF1BAF6FE69A053FF552
:10C5A0007DAF049CA06DFBF74DFDB4F90C3075E731
:10C5B000039B980640F13C840B9B073323F0070252
:10C5C000536852F8084B0B921E46002BC0F238827B
:10C5D000059A002A07DB039B23F08003039354EAA8
:10C5E000060300F08C840A2C76F1000380F0F780BB
:10C5F0003034059A9DF843308DF80F41012AB8BFB9
:10C6000001220692002B00F0AF83069B0133002528
:10C6100006930123CDE909530DF20F15DDE9192128
:10C62000039B13F08406084694463FF45EAF002354
:10C630000C9365E70B9E00238DF8433056F8043BBE
:10C640000993002B00F05585532900F07284039B59
:10C6500013F0100440F06D84059A002AC0F213858F
:10C6600009982146FBF762FD9DF84330099D00289B
:10C6700000F08B86421B0A9222EAE2720692002B9D
:10C6800000F00E850132059406920B960994C5E7D9
:10C69000432903D0039BDD0640F1278408220021B3
:10C6A00016A8FBF77BFB0B9A2BAD126816AB29463D
:10C6B0005846FFF751FD0A90013000F04F860A9B63
:10C6C00023EAE37306930B9B04330B9300238DF84B
:10C6D00043300993059300E7049DA86DFBF7B0FC78
:10C6E000B5F90C306A6E99043FF5A8AD9FE50B9B38
:10C6F00053F8042B0892002A80F23D83089A0B938A
:10C7000052420892039B43F00403039398F80030CD
:10C71000DCE5039B43F010009B0640F14E830B9B2E
:10C72000073323F007031A46596852F8083B0B9267
:10C7300000228DF84320059A002AC0F2118320F4CC
:10C740009062039253EA010200F01E8344AD03F0AD
:10C750000702DB0843EA4173C908303253EA010497
:10C76000284605F8012DF2D1039B13F0010340F098
:10C770009E82059A099344AB5B1B9A42B8BF1A4646
:10C780000A930692A9E62B238DF8433098F80030DF
:10C790009CE503998E0600F1A48003990B9A11F091
:10C7A000100052F8043B40F02783039911F0400138
:10C7B00000F0CA848DF843009BB205990026B1426F
:10C7C0001C4606DB039921F080010391002B00F049
:10C7D0007B850A2C76F100030B92FFF409AF039BD3
:10C7E00009970020CDF830B044A9DDF834B00690A8
:10C7F00003F48067CDF8288025E00690A319B5489A
:10C8000043F10003A0FB032C2CF0030202EB9C027B
:10C810009B1AE31A4FF0CC32A046B64602FB03F255
:10C8200066F1000600FB0622A3FB0043B8F10A0FE5
:10C8300013444FEA54047EF1000E294644EAC374BF
:10C840004FEA53062ED3069BA24A01330693A3193F
:10C8500043F100031046A2FB032525F0030202EB7F
:10C8600095029B1AE31AA3FB003266F1000500FB58
:10C8700005225B0843EAC27303EB8303A4EB430383
:10C88000303301F8013C4D1E002FB7D006989BF8BD
:10C8900000308342B1D1FF28AFD00A2C76F10003DB
:10C8A00080F0AF8405999DF84330CDF834B044AAA8
:10C8B000521B9142B8BF1146DDE90978DDF830B06E
:10C8C0000A920691002B00F0EE83069B013306933B
:10C8D00000230993A2E6039B43F010019B0640F15D
:10C8E00089820B9B073323F0070200238DF8433026
:10C8F000059B566852F8084B0B92002BC0F2EE8253
:10C9000021F08003039354EA06037FF46CAE059B89
:10C91000002B40F0DE840A930693099344ADDCE5D6
:10C92000059C0B990398002247F630039442ADF81A
:10C9300044308DF8432051F8043BC0F2D28220F0FD
:10C94000800040F002000390002B00F0E58303F02C
:10C950000F0461481B09045D8DF80F410B9100F035
:10C960005685022106910DF20F1503F00F011B09E8
:10C97000415C05F8011D43EA0273120953EA020102
:10C98000F3D144AB5A1B059B0A929342B8BF13469E
:10C99000069A002A00F03985DDE91921039C02334B
:10C9A00014F0840606930846944600F0E9820023BA
:10C9B0000993B4E5039886063FF5B1AE03990B9A47
:10C9C000CD0652F8043B00F114850398440640F16B
:10C9D000C8839BB20B920021AAE603990B9A8C069E
:10C9E00002F1040340F1F081126807991160C91740
:10C9F00051600B9342E498F800306C2B00F08F826A
:10CA0000039A42F01002039260E498F80030682B19
:10CA100000F07B82039A42F04002039256E4039AAC
:10CA2000940642F0100300F100820B9A04320B9935
:10CA300003930C680B92E6173346002BBFF6C8AD84
:10CA40002D238DF84330059B644266EB4606002B90
:10CA5000FFF6C9AD039B23F080030393C3E558465B
:10CA6000FEF766FB43680F931846FBF7B7FB0E9083
:10CA700004465846FEF75CFB826898F800300D9239
:10CA8000002C3FF423AC002A3FF420AC1278002A9B
:10CA90003FF41CAC039A42F48062039216E4039BB9
:10CAA00043F00103039398F800300FE49DF843200E
:10CAB00098F80030002A7FF409AC20228DF843203A
:10CAC00004E4039B43F08003039398F80030FFF7DE
:10CAD000FDBB00BFCDCCCCCCB8100020542B002027
:10CAE000404610F8011B2A2900F07784A1F1300399
:10CAF000092B98BF002200F2178410F8011B02EBEB
:10CB0000820203EB4202A1F13003092BF5D942EA7C
:10CB1000E27305938046FFF7DCBB089B06981C1A5E
:10CB2000002C7FF70CAD102C40F3268438460C9572
:10CB3000AE4F049D102604E0103C102C00F10800BC
:10CB400015DD01321031072AC0E90076CDE919213F
:10CB5000F2DD18AA2946584600F0ACFC00287FF404
:10CB600090AC103C102CDDE919211BA8E9DC0C9DD0
:10CB70003B46074601322144072ACDE919213B6093
:10CB80007C6000F3A482059B0A981C1A002C07F114
:10CB900008077FF7DAAC102C40F3ED8238461026F8
:10CBA000924F04E0103C102C00F1080016DD013219
:10CBB0008E4B1031072AC0E90036CDE91921F1DD8D
:10CBC000049918AA584600F075FC00287FF459AC67
:10CBD000103C102CDDE919211BA8E8DC3B46074678
:10CBE00001322144072ACDE919213B607C6000F322
:10CBF000AA800837A9E4049918AA584600F05AFCFC
:10CC000000287FF43EAC1A991BAFA9E4049918AA36
:10CC1000584600F04FFC00287FF433ACDDE91921C1
:10CC20001BAF89E4049918AA584600F043FC002879
:10CC30007FF427ACDDE919211BAF6EE4102C199BA2
:10CC400040F381833A46049E694F102504E0103C6E
:10CC5000102C02F1080215DD01331031072BC2E957
:10CC60000075CDE91931F2DD18AA3146584600F0B9
:10CC700021FC00287FF405AC103C102CDDE91931B3
:10CC80001BAAE9DC3E46174601332144072BC7E9BE
:10CC90000064CDE919317FF76CAC049918AA5846A5
:10CCA00000F008FC00287FF4ECAB1A9961E4302A0C
:10CCB00000F001823023059A05F8013C023844ABAC
:10CCC0001B1A9A42B8BF1A460A9306920546EFE02D
:10CCD00000230C93102C464E624623DD3946102368
:10CCE0002F46049D04E0103C102C01F1080117DDD3
:10CCF00001321030072AC1E90063CDE91920F2DDC5
:10CD000018AA2946584600F0D5FB00287FF4B9AB95
:10CD1000103C102CDDE919201BA94FF01003E7DCB3
:10CD20003D460F4601322118072ACDE919213E6000
:10CD30007C6000F37A819DF843600837002E36D07E
:10CD40000026FFF7DDBB049918AA584600F0B2FB95
:10CD500000287FF496ABDDE919211BAFFFF7F5BB87
:10CD600020F480620392F1E4099301230A930DF207
:10CD70000F15FFF7B2BB0B9398F80030FFF7A6BA78
:10CD800092047FF561AAF2E2059A002A7FF4DEACF4
:10CD900010F00102069200F0428130238DF80F312D
:10CDA000059B0A9209930DF20F15FFF796BB0C9B9A
:10CDB000002B7FF4B4ABFFF7C2BB0B9B1A1D0B9B80
:10CDC0000B921B680021B3E4039AD00600F18C811A
:10CDD000039A510600F19582039A920540F18481ED
:10CDE0000B9A07991268117003E600BFDC2200203D
:10CDF0000C1E00200B9B1A1D0B9B05981B68002620
:10CE0000B0428DF843601C4667DB21F0800103913E
:10CE1000002B7FF4DEAC0B92002840F05A820A907F
:10CE20000690099044ADFFF758BB0393FFF7C4BBCE
:10CE3000039B0B9AD90652F8044B3FF5F8AD039BC0
:10CE40005E0640F1768144F3C0360B9224B233463D
:10CE5000FFF7BBBBAD48039B9D0640F1B5800B9B24
:10CE6000073323F007031A465C6852F8083B0B921D
:10CE7000039A12F00102069240F08C808DF8432054
:10CE8000059A002AC0F2B780039A22F490620392B6
:10CE900053EA040240F0F380059A002A00F0F6817C
:10CEA00003788DF80F31012306920A930DF20F15C6
:10CEB000DDE91921039B13F084060846944600F02F
:10CEC000A1829DF84330002B00F0AB820023099330
:10CED0000C93FFF715BB8E48BDE70B920391FFF74C
:10CEE00082BB40F00200039031E50B9B1B688DF87C
:10CEF000AC30012306930A932BADFFF7E4BB002A65
:10CF000000F0D4813024FFF774BB039B43F400731B
:10CF1000039308F1010898F80030FFF7D7B9039B95
:10CF200043F02003039308F1010898F80030FFF75D
:10CF3000CDB9099B13930822002116A8FAF72EFFFA
:10CF4000059B002BC0F219810024069725461F4639
:10CF50000EE02BA95846FFF7FFF8411C284400F0CB
:10CF6000FD81B84209DC04F1040400F008820546A2
:10CF7000139A125916AB002AEBD1069F05950AE1C8
:10CF8000089C069B0996E41A002C7FF7C8AA022386
:10CF90000C939FE653EA04025ED100238DF84330E0
:10CFA000059B002BC0F22181039B23F49063039324
:10CFB00000F0878103788DF80F31069B0A93059B5B
:10CFC00006930DF20F1573E70B9A52F8043B0B9280
:10CFD000039AD40608D4520602D59BB2002447E730
:10CFE000039A960500F18181002441E742F0020294
:10CFF000039202220692039A22F48062039203F0C3
:10D000000F02825C8DF80F211B0943EA0473220989
:10D0100053EA14147FF4A7AC0DF20F15B1E4059B8D
:10D0200044ADCDE90933FFF758BA049918AA584618
:10D0300000F040FA064600287FF423AA9DF843300A
:10D04000DDE91921002B40F089800C9B1BAF002BE0
:10D050007FF465AAFFF773BA30228DF844200022CE
:10D060008DF84320059A8DF84510002A039ABDDB00
:10D0700022F4906242F0020203920222069203F02E
:10D080000F02825CBEE7099D2846FBF7A7F89DF8D2
:10D0900043300A9020EAE0720692002B7FF4F2AA55
:10D0A000099D05930B960993FFF717BA5846FAF7AF
:10D0B000B3FCFFF7B2B8059A44AB5B1B9A42B8BF0A
:10D0C0001A460A93002306920993FFF706BA0499B9
:10D0D00018AA584600F0EEF900287FF4D2A9DDE93D
:10D0E00019211BAFFFF72BBA0B9A07991268116031
:10D0F0007FE4059B074D0B96062B28BF062306935E
:10D100000A93099B0593FFF7E8B900BFCC100020F4
:10D11000B8100020E01000200B91002C00F0DC8003
:10D12000302301228DF80F310DF20F1523460A929C
:10D1300032E4039B0B929D054ABF44F3C016E617E9
:10D1400064B23346FFF741BA039810F4007600F05A
:10D15000CF808DF84310DBB2FFF72FBB1BAFFFF77B
:10D16000CFB9039810F4007100F0BB80DBB20B92D2
:10D170000021FFF7DDBAAC4B32E516AB009300237C
:10D1800013AA19465846FFF70FF80590013000F032
:10D19000E580099B1393059B002B7CD0632B00F348
:10D1A000B680002309932BAD0822002116A8FAF7B8
:10D1B000F5FD059C16AB009313AA23462946584655
:10D1C000FEF7F2FF844240F01681059900236B546C
:10D1D00021EAE17206929DF84320002A40F0B580D2
:10D1E000CDE90A160592FFF778B903788DF80F316B
:10D1F000039B23F480630393069B0A930DF20F15A0
:10D2000056E60E9A0F99AD1A2846FAF747FE9BF894
:10D2100001300BB10BF1010B844AA31943F1000358
:10D22000A2FB030C2CF0030000EB9C001B1AE31A7A
:10D230004FF0CC3166F1000603FB01F102FB061151
:10D24000A3FB023001445B0843EAC1744E08A319F2
:10D2500043F10003A2FB031020F0030101EB900156
:10D260005B1AE31AA3FB023166F1000002FB001215
:10D270005B0843EAC27303EB8303A4EB430330333D
:10D2800005F8013C0120013DFFF701BB059B0A9316
:10D2900044A805460CE69DF84330099D0B96003BDB
:10D2A00018BF01230693059B0A9301E69DF84330BE
:10D2B0003BB1059BCDE90933012344AD0693FFF74C
:10D2C000ADB9059BFFF727BB059B0B92002B3FF4E5
:10D2D00022AB0024FFF78CB9059B0A9344ADFFF7FE
:10D2E0005BBB03980B92FFF723BADBB20024BFE5C8
:10D2F00005998DF8436000291C46BFF663AAFFF725
:10D3000068BA0B9A079912681180FFF772BB591C13
:10D310005846F9F755FE054600B3099044E7886D75
:10D32000FAF790FEFFF76BB8002380460593FEF7EF
:10D33000D0BF049918AA584600F0BCF800283FF462
:10D340008AA8FFF7A4B83A4E9EE4059A0A92069A74
:10D350000B96013206920593FFF760B90498B0F975
:10D360000C30426E43F04001D207818109D54FF065
:10D37000FF330793FFF795B82B4BFFF7FBBB069FD7
:10D3800009E79905F3D4FFF70CB99BB1059B0B9600
:10D390005A1C06920A9305900990FFF73FB9D707E8
:10D3A000E5D4049B9B899E05E1D4049B986DFAF714
:10D3B00049FEDCE7059A0993CDE905320B960A92FE
:10D3C000FFF78BB8049A536ED807D0D49389990588
:10D3D000CDD4906DFAF736FEC9E70B9A98F8013074
:10D3E00052F8041B0B9241EAE17180460591FEF769
:10D3F0006DBF0846E3E4049A938943F040039381A8
:10D40000FFF73FB80996FFF770B8069350E5059B04
:10D410000122012BB8BF01230DF20F150A92FFF76D
:10D42000BBBA0993FFF788B8DC220020CDCCCCCC66
:10D430000C1E0020F0B50D46ADF2744D16468989DC
:10D440006A6E1B92EA89ADF8162021F00201EA69A2
:10D45000ADF8141009921CA96A6A02910746069158
:10D460000B924FF48061002218A801930491079158
:10D470000892FAF7E1FD3246019B02A93846FEF711
:10D48000B5FE061E07DB02A93846FDF719FE002887
:10D4900018BF4FF0FF36BDF814305B0603D5AB89DB
:10D4A00043F04003AB811898FAF7C8FD30460DF2FF
:10D4B000744DF0BD936810B514461BB9184600238F
:10D4C000636010BD00F068F80023A3600023636070
:10D4D00010BD00BF2DE9F0438E681D46AE420B68BB
:10D4E00083B00C4690463AD8B1F90CC01CF4906F4A
:10D4F0000FD13546184641462A46FAF7BDFBA368C8
:10D500009E1B2368A6602B440020236003B0BDE867
:10D51000F0834A69096902EB42025E1A02EBD27299
:10D520006B1C52103344934294BF17461F469342DC
:10D5300088BF1A461CF4806F814612D01146F9F755
:10D540003FFDF0B1324621690190F7F75DF9A289FC
:10D55000019B22F4906242F08002A28105E02E46F7
:10D56000C8E7FAF719F8034638B123613344BE1B04
:10D57000A660676123602E46BCE721694846FAF73A
:10D5800031FFA3890C2243F04003C9F800204FF07B
:10D59000FF30A381BAE700BF9368002B00F0B7808B
:10D5A0002DE9F04FB1F90CC01CF0080F83B00C4608
:10D5B000804617462DD00B695BB31CF002033E6812
:10D5C00033D04FF0000ADFF8C4B25546B9465D4586
:10D5D0002B46524628BF5B464046B5B1E169676AB3
:10D5E000B847002840F38B80D9F808301B1A8244D2
:10D5F000C9F80830002B79D02D1A5D452B465246CC
:10D6000028BF5B464046002DE8D1D6E900A5083684
:10D61000DDE72146404600F03BF9002874D1B4F91B
:10D620000CC03E681CF00203CBD11CF0010A70D183
:10D63000236800975546002D54D01CF4007FD4F881
:10D640000890184600F0AB80A945CB4600F2E48074
:10D650001CF4906F34D021696269A3EB010902EBDD
:10D66000420202EBD27209F1010352102B449342A1
:10D6700094BF93469B46934288BF1A461CF4806F22
:10D6800000F0E98011464046F9F79AFC002800F0C6
:10D69000F7804A4621690190F7F7B6F8A289019B05
:10D6A00022F4906242F08002A28103EB0900236120
:10D6B000ABEB0903C4F814B0A3602060A946AB46E5
:10D6C00051465A46FAF7D8FAA2682368A2EB090233
:10D6D000A260009A91685B44491B2360916029B164
:10D6E000B4F90CC0D6E900A50836A4E7002003B0C1
:10D6F000BDE8F08F21464046FDF7E2FC68B3B4F97F
:10D700000C3043F04003A3814FF0FF30EFE70020DF
:10D7100070471D469A461846B946009365B30028DF
:10D7200031D05246D4E904132068AA4228BF2A46C1
:10D73000884204D9A16803EB010B5A457CDC934273
:10D740006DDCE169009A676A4046B847B0F1000BAA
:10D75000D5DDBAEB0B0ACDD00120D9F80830A3EB08
:10D760000B03C9F80830002BC0D0009BA5EB0B05BC
:10D770005B440093002DD2D1756833460836002DE6
:10D78000FAD01B680093009F2A460A213846FAF710
:10D79000CDFC002871D00130A0EB070AC1E7226957
:10D7A0009A4221D36269AA421ED86FF00043AB426D
:10D7B00028BF2B46E16993FBF2F3676A02FB03F390
:10D7C00040465246B847B0F1000998DD009A936888
:10D7D000A3EB0903A5EB09059360002B86D0B4F9F0
:10D7E0000CC02368CA4426E7A94528BFA9461846A5
:10D7F0004A465146FAF740FAA2682368A2EB0902AA
:10D800004B44A2602360002AE0D121464046FDF748
:10D8100057FC0028DAD072E7A946AB4650E70099DA
:10D820000192FAF729FA019AA3689B1AA360236868
:10D830001344236093468CE700995A46FAF71CFA82
:10D8400023685B44236021464046FDF739FC0028ED
:10D850003FF47FAF53E74046F9F79EFE03460028AA
:10D860007FF423AF21694046FAF7BCFDA3890C225F
:10D87000C8F8002023F0800343E76A1C924651E772
:10D880000C22B4F90C30C8F800203AE700FCFF7F06
:10D8900010B5354B0446186882B00B4610B1426B88
:10D8A000002A53D0B3F90C20110711D51869C8B15B
:10D8B000B3F90C2012F0010126D059694FF0000C89
:10D8C0004942C3F808C0996120B3002002B010BDDE
:10D8D000D00640D5510723D4186942F008029A8136
:10D8E0000028E5D19A8902F42072B2F5007FDFD0DA
:10D8F00019462046019300F0C9F8019BB3F90C20AA
:10D90000186912F00101D8D1940758BF596999607C
:10D910000028DAD11106D9D542F040029A811FE0E1
:10D92000196B61B103F14000814206D0204601939A
:10D93000FAF758FD019BB3F90C200021196318690F
:10D940000021C3E9000122F02402C6E70191FAF7A1
:10D9500063F8019BA6E7092142F0400221609A8109
:10D960004FF0FF30B2E700BFBC2D00202DE9F04F93
:10D970008BB0DDE91589149F02901C46B8F1000FA9
:10D9800057D0166801960029C34608BF4FF0FF37ED
:10D99000002588460391924606E0019B53F8040B4C
:10D9A0000193002837D06546AF423ED9002C3CD0C9
:10D9B000DBF800300493DBF804300593019B0298F8
:10D9C0001A68D9F8C8615B4606A9B047431C33D032
:10D9D00000EB050CBC453AD8039B013C002BDCD086
:10D9E00000280DDD08F1FF32019E06A900EB020EB2
:10D9F00011F8013B02F8013F7245F9D101968044CC
:10DA0000019BDAF8002053F8040B01930432CAF8A2
:10DA100000200028C7D10399D84609B1CAF80000F0
:10DA20000022C8F800200CF1FF3528460BB0BDE8F5
:10DA3000F08F00F58678A4E7029B05468A21002234
:10DA400028461960CBF800200BB0BDE8F08FD8460F
:10DA5000DDF810A0DDF814B02846C8E900AB0BB023
:10DA6000BDE8F08F00B585B0DFF81CC006980090C7
:10DA70000798019003480068CDF808C0FFF776FFCB
:10DA800005B000BDBC2D0020542B0020B1F90C20A6
:10DA9000930706D501F143030122C1E904320B606B
:10DAA000704730B50B46B1F90E10002999B0044605
:10DAB00032DB02AA009300F05BF80028009B29DB10
:10DAC0004FF4806120460093039DF9F779FA009B9B
:10DAD000B3F90C20002839D005F4704142F08002DF
:10DAE00018601861B1F5005F4FF480609A81586149
:10DAF0003AD1B3F90E100093204600F04DF8009B88
:10DB0000B3F90C2080B322F0030242F001024FF47B
:10DB1000006117E0B3F90C20019312F0800F0CBFE5
:10DB20004FF48061402120460091F9F749FA019BAA
:10DB30000099B3F90C2048B1C3E9040142F0800216
:10DB4000186000210A439A8119B030BD9105FBD4B9
:10DB500022F0030203F1430142F002020120C3E973
:10DB600004109A811960EFE74FF40061EAE700BF03
:10DB700038B5084C00230546084611462360F6F7E1
:10DB8000F3FF431C00D038BD2368002BFBD02B6073
:10DB900038BD00BF648E002038B5074C0023054611
:10DBA00008462360F6F7E6FF431C00D038BD236823
:10DBB000002BFBD02B6038BD648E00205FF800F096
:0CDBC000A11D00605FF800F04D1D00602A
:04DBCC00F8B500BFE9
:08DBD000808CFF7F01000000C2
:10DBD800000000000000000000000000000000003D
:10DBE800000000000000000000000000000000002D
:10DBF800000000000000000000000000000000001D
:10DC0800000000000000000000000000000000000C
:10DC180000000000000000000000000000000000FC
:10DC280000000000000000000000000000000000EC
:10DC380000000000000000000000000000000000DC
:10DC480000000000000000000000000000000000CC
:10DC580000000000000000000000000000000000BC
:10DC680000000000000000000000000000000000AC
:10DC7800000000000000000000000000000000009C
:10DC8800000000000000000000000000000000008C
:10DC9800000000000000000000000000000000007C
:10DCA800000000000000000000000000000000006C
:10DCB800000000000000000000000000000000005C
:10DCC800000000000000000000000000000000004C
:10DCD800000000000000000000000000000000003C
:10DCE800000000000000000000000000000000002C
:10DCF800000000000000000000000000000000001C
:10DD0800000000000000000000000000000000000B
:10DD180000000000000000000000000000000000FB
:10DD280000000000000000000000000000000000EB
:10DD380000000000000000000000000000000000DB
:10DD480000000000000000000000000000000000CB
:10DD580000000000000000000000000000000000BB
:10DD680000000000000000000000000000000000AB
:10DD7800000000000000000000000000000000009B
:10DD8800000000000000000000000000000000008B
:10DD9800000000000000000000000000000000007B
:10DDA800000000000000000000000000000000006B
:10DDB800000000000000000000000000000000005B
:10DDC800000000000000000000000000000000004B
:10DDD800000000000000000000000000000000003B
:10DDE800000000000000000000000000000000002B
:10DDF800000000000000000000000000000000001B
:10DE0800000000000000000000000000000000000A
:10DE180000000000000000000000000000000000FA
:10DE280000000000000000000000000000000000EA
:10DE380000000000000000000000000000000000DA
:10DE480000000000000000000000000000000000CA
:10DE580000000000000000000000000000000000BA
:10DE680000000000000000000000000000000000AA
:10DE7800000000000000000000000000000000009A
:10DE8800000000000000000000000000000000008A
:10DE9800000000000000000000000000000000007A
:10DEA800000000000000000000000000000000006A
:10DEB800000000000000000000000000000000005A
:10DEC800000000000000000000000000000000004A
:10DED800000000000000000000000000000000003A
:10DEE800000000000000000000000000000000002A
:10DEF800000000000000000000000000000000001A
:10DF08000000000000000000000000000000000009
:10DF180000000000000000000000000000000000F9
:10DF280000000000000000000000000000000000E9
:10DF380000000000000000000000000000000000D9
:10DF480000000000000000000000000000000000C9
:10DF580000000000000000000000000000000000B9
:10DF680000000000000000000000000000000000A9
:10DF78000000000000000000000000000000000099
:10DF88000000000000000000000000000000000089
:10DF98000000000000000000000000000000000079
:10DFA8000000000000000000000000000000000069
:10DFB8000000000000000000000000000000000059
:10DFC8000000000000000000000000000000000049
:10DFD800000000000000F03F748515D3B0D9EF3F72
:10DFE8000F89F96C58B5EF3F515B12D00193EF3FA1
:10DFF8007B517D3CB872EF3FAAB968318754EF3F37
:10E008003862756E7A38EF3FE1DE1FF59D1EEF3FEF
:10E0180015B7310AFE06EF3FCBA93A37A7F1EE3F15
:10E028002234124CA6DEEE3F2D89616008CEEE3F09
:10E03800272A36D5DABFEE3F824F9D562BB4EE3FE6
:10E04800295448DD07ABEE3F85553AB07EA4EE3F34
:10E05800CD3B7F669EA0EE3F745FECE8759FEE3F78
:10E068008701EB7314A1EE3F13CE4C9989A5EE3FBF
:10E07800DBA02A42E5ACEE3FE5C5CDB037B7EE3FB1
:10E0880090F0A38291C4EE3F5D253EB203D5EE3FEA
:10E09800ADD35A999FE8EE3F475EFBF276FFEE3F1D
:10E0A8009C5285DD9B19EF3F6990EFDC2037EF3FED
:10E0B80087A4FBDC1858EF3F5F9B7B33977CEF3FCF
:10E0C800DA90A4A2AFA4EF3F40456E5B76D0EF3F55
:10E0D800000000000000E8429423914BF86AAC3F2E
:10E0E800F3C4FA50CEBFCE3FD6520CFF422EE63FC5
:10E0F8000000000000003843FE822B6547154740AA
:10E108009423914BF86ABC3EF3C4FA50CEBF2E3F1D
:10E11800D6520CFF422E963FBEF3F879EC61F63FDB
:10E12800DEAA8C80F77BD5BF3D88AF4AED71F53FFD
:10E13800DB6DC0A7F0BED2BFB010F0F03995F43F48
:10E14800673A517FAE1ED0BF8503B8B095C9F33F7B
:10E15800E92482A6D831CBBFA564880C190DF33FFA
:10E168005877C00A4F57C6BFA08E0B7B225EF23F7E
:10E1780000819CC72BAAC1BF3F341A4A4ABBF13F52
:10E188005E0E8CCE764EBABFBAE58AF05823F13FC0
:10E19800CC1C615A3C97B1BFA70099413F95F03F0D
:10E1A8001E0CE138F452A2BF000000000000F03F4E
:10E1B8000000000000000000AC479AFD8C60EE3FB4
:10E1C8008459F25DAAA5AA3FA06A021FB3A4EC3F36
:10E1D800B42E36AA535EBC3FE6FC6A573620EB3FA6
:10E1E80008DB2077E526C53F2DAAA163D1C2E93F08
:10E1F8007047220D86C2CB3FED417803E686E83FA3
:10E20800E17EA0C88B05D13F624853F5DC67E73F44
:10E2180009EEB6573004D43FEF39FAFE422EE63FF6
:10E228003483B848A30ED0BF6A0BE00B5B57D53FC9
:10E2380023410AF2FEFFDFBF0080E03779C3414384
:10E24800176E05B5B5B89346F5F93FE9034F384D54
:10E25800321D30F94877825A3CBF737FDD4F157500
:10E26800000000000000F03F000000000000244013
:10E2780000000000000059400000000000408F40EE
:10E28800000000000088C34000000000006AF84059
:10E298000000000080842E4100000000D01263417D
:10E2A8000000000084D797410000000065CDCD41F3
:10E2B800000000205FA00242000000E876483742D4
:10E2C800000000A2941A6D42000040E59C30A24272
:10E2D8000000901EC4BCD64200003426F56B0C43E7
:10E2E8000080E03779C3414300A0D885573476438E
:10E2F80000C84E676DC1AB43003D9160E458E143EF
:10E30800408CB5781DAF154450EFE2D6E41A4B4463
:10E3180092D54D06CFF08044F64AE1C7022DB544A8
:10E32800B49DD9794378EA44BEF3F879EC61F63FB5
:10E338001930965BC6FEDEBF3D88AF4AED71F53FEA
:10E34800A4FCD432680BDBBFB010F0F03995F43F71
:10E358007BB71F0A8B41D7BF8503B8B095C9F33F78
:10E368007BCF6D1AE99DD3BFA564880C190DF33FC7
:10E3780031B6F2F39B1DD0BFA08E0B7B225EF23F1D
:10E38800F07A3B1B1D7CC9BF3F341A4A4ABBF13F98
:10E398009F3CAF93E3F9C2BFBAE58AF05823F13F37
:10E3A8005C8D78BFCB60B9BFA70099413F95F03F1E
:10E3B800CE5F47B69D6FAABF000000000000F03F87
:10E3C8000000000000000000AC479AFD8C60EE3FA2
:10E3D8003DF5249FCA38B33FA06A021FB3A4EC3F9F
:10E3E800BA913854A976C43FE6FC6A573620EB3F09
:10E3F800D2E4C44A0B84CE3F2DAAA163D1C2E93F1F
:10E408001C65C6F04506D43FED417803E686E83F33
:10E41800F89F1B2C9C8ED83F624853F5DC67E73F7A
:10E42800CC7BB14EA4E0DC3F0B6E49C91676D23FD7
:10E438007AC675A06919D7BFDDBAA76C0AC7DE3FCF
:10E44800C8F6BE484715E7BF2BB82A654715F73FFA
:10E45800000000000000F03F000000000000F0BFD6
:10E46800000000000000F0BF000000000000F03FC6
:10E4780083C8C96D305F6441182D4454FB21F93FAE
:10E48800000000000000F03F1C620CFDFFFFDFBF32
:10E49800198F06E15355A53F9D359AE887C056BFA9
:10E4A800C3F87B024393F93E03A695595455C5BF5B
:10E4B800C40B23057610813F24CF7437EB9429BF12
:10E4C800000000000000F03F000000000000F0BF66
:10E4D800000000000000F0BF000000000000F03F56
:10E4E80083C8C96D305F6441182D4454FB21F93F3E
:10E4F800000000000000F0BF1C620CFDFFFFDF3FC2
:10E50800198F06E15355A5BF9D359AE887C0563F38
:10E51800C3F87B024393F9BE03A695595455C5BF6A
:10E52800C40B23057610813F24CF7437EB9429BFA1
:10E53800400B0020500B0020600B00200C8F0020A7
:10E54800108F0020148F0020188F00201C8F0020AF
:10E5580000000000000000000000FF27100032FF4C
:10E5680027100032FF27100032FF2710003200006A
:10E578000000000000000000000000000000000093
:10E588000040004000400000E73BE73BE73B00005D
:10E59800200C00202C0C0020380C0020440C0020FB
:10E5A800500C0020000000000100000003000000E3
:10E5B80002000000000000004D494D0076322E3167
:10E5C800302E302D616C70686100000047726170F8
:10E5D8006820726561647900252B35642070782F76
:10E5E80073000000253564206D73000025352E3139
:10E5F800662025250000000025352E316620487A42
:10E6080000000000253564202525000025356C759F
:10E61800206D73002D2D2D00582D537065656400F5
:10E62800592D5370656564002B2F2D2564202054C7
:10E638003D256C756D7300002B25640020300000AB
:10E648002D25640030000000256C75206D730000D6
:10E6580045313A70616765202045323A65646974CE
:10E6680000000000765825643A252B356400000028
:10E67800765925643A252B356400000025372E335A
:10E688006600000025362E32662025730000000043
:10E698005752205741524E005341564544000000FE
:10E6A80041494D0041494D20506172616D73000030
:10E6B8002025642F256400005025642F33000000B6
:10E6C80041494D2053756D6D6172790045313A6E3F
:10E6D80061762045323A6564697400005B252E3204
:10E6E800662E2E252E32665D000000002D3E20414C
:10E6F800494D00002D3E204D494D0000F0F1F3F446
:10E708001408E12C1E1F20212B29E0F20000000034
:10E71800582D5370656564202870782F7329000080
:10E72800592D5370656564202870782F732900006F
:10E73800506172616D6574657273000076583000BF
:10E7480076583100765832007658330076583400BF
:10E7580076583500765836007659300076593100AB
:10E768007659320076593300765934007659350097
:10E7780076593600582D44656C617900592D4465E9
:10E788006C6179005369676D6100000052462D483D
:10E798007A00000052462D537072640052462D4490
:10E7A80075747900542D456E64000000454D412D67
:10E7B800416C7068610000004E6F6973652D476198
:10E7C8007465000053656E73697469762E000000E5
:10E7D8004D61782D4465666C0000000043757276C3
:10E7E800652D45787000000070782F7300000000D8
:10E7F8004D494D204D4F44450000000041494D20F2
:10E808004D4F44450000000043494D204D4F4445BD
:10E81800000000004B494D204D4F444500000000CA
:10E828004D494D2B4B494D000A2021212121212101
:10E83800212121212120426C7565746F6F74684312
:10E848006F6E74726F6C6C65723A3A717565756546
:10E858005F446174615F5472616E736665722063B0
:10E86800616C6C65642077697468206261642064F7
:10E87800617461206C696E653A2025750A00000094
:10E888000920706970653A25702062756666657240
:10E898003A2570206C656E3A257520647269766534
:10E8A800723A25700A00000048656C6C6F2C20498C
:10E8B800276D20726573657474696D657200000058
:10E8C8004465626F756E63652054696D65720000FA
:10E8D8005553424849445061727365723A3A636FBE
:10E8E8006E74726F6C206D73673A202578202578D6
:10E8F800203A202578202575203A0000202530323E
:10E90800780000004A6F79737469636B436F6E74A3
:10E91800726F6C6C65723A3A62745F636C61696DB0
:10E928005F636F6C6C656374696F6E28257029204E
:10E93800436F6E6E656374696F6E3A257020636C01
:10E948006173733A257820546F703A25780A00006D
:10E95800094A6F79737469636B436F6E74726F6C75
:10E968006C657220636C61696D20636F6C6C6563A4
:10E9780074696F6E0A0000005377697463682074C5
:10E9880072616E73666572206661696C0A000000C8
:10E998005365742052756D626C6520646174613AC8
:10E9A8002025642C2025640A00000000536574208B
:10E9B80052756D626C6520646174612028555342FC
:10E9C800293A2025642C2025640A000057697265BD
:10E9D8006C65737320436F6E74726F6C6C65720034
:10E9E800504C415953544154494F4E2852293300F1
:10E9F8004E617669676174696F6E20436F6E7472D9
:10EA08006F6C6C65720000004D6F74696F6E204307
:10EA18006F6E74726F6C6C657200000058626F786C
:10EA280020576972656C65737300000050726F201F
:10EA3800436F6E74726F6C6C657200004A6F792D4B
:10EA4800436F6E20285229004A6F792D436F6E203C
:10EA5800284C29004A6F79737469636B436F6E742D
:10EA6800726F6C6C65723A3A636C61696D5F626C67
:10EA78007565746F6F7468202D20436C6173732003
:10EA880025782025730A00004A6F79737469636BCF
:10EA9800436F6E74726F6C6C65723A3A636C61693D
:10EAA8006D5F626C7565746F6F746820496E74650C
:10EAB80072666163650A00000A2323232323232344
:10EAC8002073775F73656E64434D4428257820254D
:10EAD80070202575292063616C6C656420776974E2
:10EAE800682062746472697665725F203D3D2030EB
:10EAF800200000004D6F757365436F6E74726F6C04
:10EB08006C657220436F6E74726F6C6C65723A3A02
:10EB1800636C61696D5F626C7565746F6F74682092
:10EB28002D20436C6173732025780A004D6F75732F
:10EB380065436F6E74726F6C6C65723A3A636C61A0
:10EB4800696D5F626C7565746F6F74682054525597
:10EB5800450A00004D6F757365436F6E74726F6C74
:10EB68006C65723A3A62745F636C61696D5F636F7A
:10EB78006C6C656374696F6E2825702920436F6E0D
:10EB88006E656374696F6E3A257020636C61737388
:10EB98003A257820546F703A25780A00094D6F7528
:10EBA8007365436F6E74726F6C6C657220636C6111
:10EBB800696D20636F6C6C656374696F6E0A000021
:10EBC8006E616E00696E66006F7666004C435F4347
:10EBD8004F4C4C41544500004C435F4354595045F9
:10EBE800000000004C435F4D4F4E455441525900C0
:10EBF8004C435F4E554D4552494300004C435F54CA
:10EC0800494D45004C435F4D4553534147455300DB
:10EC180042616C6C6F6320737563636565646564DA
:10EC2800000000002F646174612F6A656E6B696E65
:10EC3800732F776F726B73706163652F474E552D15
:10EC4800746F6F6C636861696E2F61726D2D3135F9
:10EC58002D352F7372632F6E65776C69622D63791A
:10EC68006777696E2F6E65776C69622F6C6962636E
:10EC78002F7374646C69622F6D707265632E630004
:10EC8800494E46004E414E00303132333435363726
:10EC980038396162636465660000000030313233E0
:10ECA8003435363738394142434445460000000080
:10ECB800286E756C6C2900002C2066756E6374696B
:10ECC8006F6E3A2000000000617373657274696F9B
:10ECD8006E2022257322206661696C65643A20667D
:10ECE800696C6520222573222C206C696E652025AD
:10ECF80064257325730A0000496E66696E69747924
:10ED0800000000004E614E002F646174612F6A6537
:10ED18006E6B696E732F776F726B73706163652F9B
:10ED2800474E552D746F6F6C636861696E2F617201
:10ED38006D2D31352D352F7372632F6E65776C69A4
:10ED4800622D63796777696E2F6E65776C69622FBC
:10ED58006C6962632F7374646C69622F64746F6189
:10ED68002E630000480A0020500A0020D80A00201C
:10ED7800DC0B0020000000000000803FCDCC4C3DA3
:10ED8800D80D0020E80B0020000000000000A04182
:10ED98000000003F180C0020F40B0020CDCCCC3D27
:10EDA8000000A040CDCCCC3D300D0020000C002050
:10EDB800CDCCCC3D0000803FCDCC4C3DD80D0020C3
:10EDC8000C0C00200000003F00004040CDCCCC3DA2
:10EDD800D80D0020DC0B0020000000000000803F60
:10EDE800CDCC4C3DD80D0020E80B002000000000E1
:10EDF8000000A0410000003F180C0020F40B002088
:10EE0800CDCCCC3D0000A040CDCCCC3D300D002079
:10EE1800000C0020CDCCCC3D0000803FCDCC4C3D3B
:10EE2800D80D00200C0C00200000003F00004040DE
:10EE3800CDCCCC3DD80D0020280A291B2B0952DA4D
:10EE480051D950D84FD749D14CD44BD34ED64AD2AA
:10EE58004DD53AC23BC33CC43DC53EC63FC740C87A
:10EE680041C942CA43CB44CC45CD0000DC0B00204D
:10EE7800E80B0020F40B0020000C00200C0C0020F4
:10EE88006C0B0020700B0020740B0020780B002006
:10EE98007C0B0020800B0020840B0020880B0020B6
:10EEA8008C0B0020900B0020940B0020980B002066
:10EEB8009C0B0020A00B0020A40B0020AC0B002012
:10EEC800B40B0020BC0B0020C40B0020CC0B00208E
:10EED800D40B0020542F2F552A2A562D2D572B2B73
:10EEE800580A0A59CD315AD1325BCE335CD0345DE1
:10EEF80000355ECF365FCA3760D23861CB3962C918
:10EF08003063CC2E0304000102050000000000005D
:10EF1800003E5B4F5B3E3E6B4F6B3E1C3E7C3E1C97
:10EF2800183C7E3C181C577D571C1C5E7F5E1C00DD
:10EF3800183C1800FFE7C3E7FF0018241800FFE794
:10EF4800DBE7FF30483A060E2629792926407F0557
:10EF58000507407F05253F5A3CE73C5A7F3E1C1C6D
:10EF680008081C1C3E7F14227F22145F5F005F5F2D
:10EF780006097F017F006689956A60606060609419
:10EF8800A2FFA29408047E040810207E201008081E
:10EF98002A1C08081C2A08081E101010100C1E0C29
:10EFA8001E0C30383E3830060E3E0E0600000000BB
:10EFB8000000005F00000007000700147F147F14A2
:10EFC800242A7F2A122313086462364956205000E7
:10EFD80008070300001C2241000041221C002A1CD3
:10EFE8007F1C2A08083E08080080703000080808BE
:10EFF8000808000060600020100804023E514945DE
:10F008003E00427F400072494949462141494D33FB
:10F018001814127F1027454545393C4A4949314162
:10F02800211109073649494936464949291E000030
:10F038001400000040340000000814224114141485
:10F048001414004122140802015909063E415D5971
:10F058004E7C1211127C7F494949363E414141227A
:10F068007F4141413E7F494949417F090909013EA4
:10F07800414151737F0808087F00417F41002040CB
:10F08800413F017F081422417F404040407F021CDD
:10F09800027F7F0408107F3E4141413E7F090909F4
:10F0A800063E4151215E7F091929462649494932C0
:10F0B80003017F01033F4040403F1F2040201F3F86
:10F0C8004038403F6314081463030478040361590B
:10F0D800494D43007F41414102040810200041414D
:10F0E800417F0402010204404040404000030708F9
:10F0F8000020545478407F284444383844444428F5
:10F10800384444287F385454541800087E0902189B
:10F11800A4A49C787F0804047800447D4000204023
:10F12800403D007F1028440000417F40007C047867
:10F1380004787C080404783844444438FC182424AF
:10F148001818242418FC7C0804040848545454242F
:10F1580004043F44243C4040207C1C2040201C3CAC
:10F168004030403C44281028444C9090907C4464A3
:10F17800544C440008364100000077000000413636
:10F18800080002010204023C2623263C1EA1A161BC
:10F19800123A4040207A38545455592155557941EE
:10F1A8002254547842215554784020545579400CC3
:10F1B8001E527212395555555939545454593955A6
:10F1C8005454580000457C410002457D42000145E9
:10F1D8007C407D1211127DF0282528F07C5455457D
:10F1E800002054547C547C0A097F493249494932E9
:10F1F8003A4444443A324A4848303A4141217A3AFA
:10F2080042402078009DA0A07D3D4242423D3D40C5
:10F2180040403D3C24FF2424487E4943662B2FFC74
:10F228002F2BFF0929F620C0887E09032054547922
:10F23800410000447D413048484A32384040227AF3
:10F24800007A0A0A727D0D19317D2629292F282670
:10F258002929292630484D40203808080808080878
:10F268000808382F10C8ACBA2F102834FA00007BD1
:10F27800000008142A142222142A140855005500E4
:10F2880055AA55AA55AAFF55FF55FF000000FF00D3
:10F29800101010FF00141414FF001010FF00FF10CE
:10F2A80010F010F0141414FC001414F700FF000000
:10F2B800FF00FF1414F404FC141417101F10101F7F
:10F2C800101F1414141F00101010F0000000001F6D
:10F2D800101010101F10101010F010000000FF1078
:10F2E8001010101010101010FF10000000FF140074
:10F2F80000FF00FF00001F10170000FC04F41414A6
:10F308001710171414F404F40000FF00F714141471
:10F3180014141414F700F7141414171410101F10F1
:10F328001F141414F4141010F010F000001F101F14
:10F338000000001F14000000FC140000F010F01082
:10F3480010FF10FF141414FF141010101F000000F9
:10F3580000F010FFFFFFFFFFF0F0F0F0F0FFFFFFFD
:10F368000000000000FFFF0F0F0F0F0F3844443854
:10F3780044FC4A4A4A347E02020606027E027E02A3
:10F3880063554941633844443C04407E201E2006AE
:10F39800027E020299A5E7A5991C2A492A1C4C72EB
:10F3A80001724C304A4D4D303048784830BC625A72
:10F3B800463D3E494949007E0101017E2A2A2A2A02
:10F3C8002A44445F444440514A444040444A5140DE
:10F3D8000000FF0103E080FF000008086B6B08369F
:10F3E80012362436060F090F060000181800000010
:10F3F8001010003040FF0101001F01011E00191DFF
:10F408001712003C3C3C3C0000000000080A0206C1
:10F4180004050109000000000000000000000000D1
:10F428008D030100111801000590000009900000EB
:10F43800652A010035F8000039F80000EDFA0000EF
:10F448004DF8000069F80000E9FB000035F80000FD
:10F4580089F8000085F80000C1F9000069F900008A
:10F468001DFA0000B1FA0000B1F800001DFB000011
:10F478000000000000000000A5A7000069AD000022
:10F48800E1A9000031010000F9A900000000000016
:10F49800000000008D030100111801000590000014
:10F4A80009900000DD0F010051080100990F0100CB
:10F4B8006D070100D506010035060100E9FB0000D3
:10F4C800CD05010089F80000290E0100910801000E
:10F4D800850901007D0A0100B1FA0000B1F80000B9
:10F4E8001DFB0000652A0100652A010000000000DC
:10F4F800000000008D0301001118010005900000B4
:10F5080009900000DD0F010051080100990F01006A
:10F518006D070100D506010035060100E9FB000072
:10F52800CD0501002D130100290E010091080100ED
:10F53800850901007D0A0100B1FA0000B1F8000058
:10F548001DFB0000E5140100051501000000000086
:10F55800000000008D030100111801000590000053
:10F5680009900000DD0F010051080100990F01000A
:10F578006D070100D506010035060100E9FB000012
:10F58800CD05010059150100290E0100910801005F
:10F59800850901007D0A0100B1FA0000B1F80000F8
:10F5A8001DFB0000E5140100051501000000000026
:10F5B80000000000F1EF0000559100005991000093
:10F5C8000D9000002DEF000035EF0000BDEF0000AA
:10F5D80019EF00005D91000059F0000019F00000DB
:10F5E800D1EF0000B5F000000DF10000D9EF0000E8
:10F5F80039F1000061F10000F4FFFFFF0000000096
:10F6080011900000A5F20000D5F1000031F10000D2
:10F6180015900000F98F0000FD8F000049F20000EE
:10F628001DF2000011F2000085F10000ADF10000AC
:10F63800019000000000000000000000110300001D
:10F64800290100002D010000310100006D010000BA
:10F658000000000000000000991701000D340100AF
:10F668001134010005340100F1330100F5330100C4
:10F67800FD33010009340100000000000000000013
:10F68800D1C2000009C000002D01000031010000B6
:10F6980011C0000021CF0000A9BE0000ADBE0000CF
:10F6A80049C00000F5BF0000B1C0000005C000005F
:10F6B800B5DE000081D4000059CC0000F9DE00005E
:10F6C80039C00000FDCC000025CE0000D9C00000E4
:10F6D8004DC1000021C0000085C10000E1C100004B
:10F6E80021D60000F4FFFFFF000000004DD000000D
:10F6F80045E3000071C10000A9C000006DC1000011
:10F70800EDBF0000A5C10000B9C10000A5D40000EC
:10F71800E8FFFFFF0000000011900000F5CC00009A
:10F728003DE3000075C100002DCD0000C1CE0000F2
:10F73800FD8F000045C1000099C200008DC2000085
:10F748001DC2000049C2000045D6000000000000AC
:10F7580000000000E5E400009DEC00005991000065
:10F768000D900000B1E3000041EA0000CDEC00007C
:10F778007DE400005D91000009E4000035ED000023
:10F78800F1E30000E1E30000E9E30000EDE300003D
:10F7980099E4000075E50000D1E30000D9E300001A
:10F7A800BDE50000F4FFFFFF00000000119000001D
:10F7B800E1E6000059ED0000B5E50000E9E50000CC
:10F7C800ADE50000B1E5000091E600004DE600005F
:10F7D80041E6000001E600000DE60000019000008F
:10F7E8000000000000000000B53C010011180100F5
:10F7F800293701008138010049370100E937010044
:10F80800713701000D3901009D38010025370100CD
:10F8180000000000000000001DB500007DBC0000D5
:10F82800F9B70000310100009DB600000001020395
:10F8380000000100000003000000020000000600B4
:10F848000000040000000C0000000800000009008F
:10F858000001020304050000D8399D270054EA2A54
:10F8680000A4781F007B9A17A2000000F9A20000EC
:10F8780083F9A2006E83F9A24E6E83F9444E6E831B
:10F8880015444E6E2915444EFC29154427FC2915AC
:10F898005727FC29D15727FCF5D1572734F5D157DD
:10F8A800DD34F5D1C0DD34F5DBC0DD3462DBC0DD2D
:10F8B8009562DBC0999562DB3C999562433C9995CA
:10F8C80090433C994190433C002020202020202058
:10F8D80020202828282828202020202020202020F8
:10F8E8002020202020202020208810101010101008
:10F8F8001010101010101010100404040404040454
:10F9080004040410101010101010414141414141ED
:10F9180001010101010101010101010101010101CF
:10F9280001010101101010101010424242424242DF
:10F93800020202020202020202020202020202029F
:10F948000202020210101010200000000000000047
:10F95800000000000000000000000000000000009F
:10F96800000000000000000000000000000000008F
:10F97800000000000000000000000000000000007F
:10F98800000000000000000000000000000000006F
:10F99800000000000000000000000000000000005F
:10F9A800000000000000000000000000000000004F
:10F9B800000000000000000000000000000000003F
:10F9C80000000000000000000000000020202020AF
:10F9D800202020202020202020202020202020201F
:10F9E800202020202020202020202020000000424D
:10F9F800C8801F40B8821F40080000000000004275
:10FA0800C4801F40B4821F400400000000C00042B0
:10FA180024801F4014821F401000000000C00042D4
:10FA280028801F4018821F402000000000C00042AC
:10FA38002C801F401C821F404000000000C0004274
:10FA480034801F4024821F40000100000040004213
:10FA580064811F4054831F4000040000004000429E
:10FA680080811F4070831F40000002000040004258
:10FA78007C811F406C831F40000001000040004251
:10FA880068811F4058831F40000800000040004262
:10FA98003C811F402C831F400100000000400042B1
:10FAA80044811F4034831F4004000000004000428E
:10FAB80040811F4030831F40020000000040004288
:10FAC80048811F4038831F400800000000000042A2
:10FAD80004811F40F4821F4000000400000000421F
:10FAE80008811F40F8821F40000008000000004203
:10FAF80018811F4008831F4000008000000000425A
:10FB080014811F4004831F40000040000000004291
:10FB180000811F40F0821F400000020000000042E8
:10FB2800FC801F40EC821F400000010000000042E2
:10FB380024811F4014831F4000000004000000427D
:10FB480028811F4018831F40000000080000004261
:10FB58001C811F400C831F40000000010000004270
:10FB680020811F4010831F40000000020000004257
:10FB7800EC801F40DC821F400010000000000042A3
:10FB8800F0801F40E0821F4000200000000000427B
:10FB980034811F4024831F400000004000000042C1
:10FBA80038811F4028831F400000008000800042E9
:10FBB80094801F4084821F400000040000C000425F
:10FBC80090801F4080821F4000000080008000421B
:10FBD800A8801F4098821F400000800000800042DB
:10FBE800A4801F4094821F40000040000040004253
:10FBF8006C811F405C831F400010000000C0004261
:10FC080030801F4020821F408000000000400042DA
:10FC1800B0811F40A0831F40000000200040004228
:10FC2800AC811F409C831F40000000100040004230
:10FC380084811F4074831F4000000400004000427C
:10FC480088811F4078831F400000080000000042A0
:10FC58002C811F401C831F40000000100000004240
:10FC680030811F4020831F40000000200000004218
:10FC78000C811F40FC821F40000010000000004261
:10FC880010811F4000831F400000200000800042B8
:10FC9800C8811F40B8831F400080000000800042D8
:10FCA800C4811F40B4831F40004000000080004210
:10FCB800C0811F40B0831F40002000000080004228
:10FCC800BC811F40AC831F40001000000080004230
:10FCD800D0811F40C0831F40000002000080004206
:10FCE800CC811F40BC831F400000010000C00042BF
:10FCF80074801F4064821F400000000100C0004261
:10FD080080801F4070821F400000000800C0004231
:10FD180084801F4074821F400000001000C0004211
:10FD28006C801F405C821F400000400000C0004201
:10FD38007C801F406C821F400000000400C000420D
:10FD480078801F4068821F400000000200C0004207
:10FD580088801F4078821F40000000202C5E74605D
:10FD6800616264346667656E362D3738271E1F203A
:10FD78002122232425267333762E77785F4445463F
:10FD88004748494A4B4C4D4E4F5051525354555683
:10FD98005758595A5B5C5D2F3130636D3504050641
:10FDA8000708090A0B0C0D0E0F1011121314151663
:10FDB8001718191A1B1C1D6F7170752A0500000091
:10FDC800190000007D00000007080C0B06050F0055
:10FDD8000D0E0102838407080C0B06050F000D0E9B
:10FDE80001028384FFFFFFFFFFFFFFFFFFFF818208
:10FDF800090A000000010000302E00201200000057
:10FE080000060000102100600A0000000002000047
:10FE180054200060BA00000000070000981F00602E
:10FE2800BA000000EE030000002E002012000000BF
:10FE3800000004EEC02D0020400000000022040055
:10FE4800142E00201C00000000210400FE20006089
:10FE58000900000000030000941F0060000000007B
:10FE6800010309048C1F006000000000020309045C
:10FE78007C1F0060000000000303090458300020C4
:10FE88000000000004030904703000200000000096
:10FE9800000000000000000000000000303030309A
:10FEA800303030303030303030303030303030304A
:10FEB80030303030303030303030303000000000FA
:10FEC8000000000000000000F0220020F0220020C6
:10FED800F8220020F8220020002300200023002020
:10FEE80008230020082300201023002010230020CE
:10FEF800182300201823002020230020202300207E
:10FF0800282300202823002030230020302300202D
:10FF180038230020382300204023002040230020DD
:10FF2800482300204823002050230020502300208D
:10FF3800582300205823002060230020602300203D
:10FF480068230020682300207023002070230020ED
:10FF5800782300207823002080230020802300209D
:10FF6800882300208823002090230020902300204D
:10FF78009823002098230020A0230020A0230020FD
:10FF8800A8230020A8230020B0230020B0230020AD
:10FF9800B8230020B8230020C0230020C02300205D
:10FFA800C8230020C8230020D0230020D02300200D
:10FFB800D8230020D8230020E0230020E0230020BD
:10FFC800E8230020E8230020F0230020F02300206D
:10FFD800F8230020F823002000240020002400201B
:10FFE80008240020082400201024002010240020C9
:08FFF800182400201824002049
:02000004600298
:100000002024002020240020282400202824002050
:100010003024002030240020382400203824002000
:1000200040240020402400204824002048240020B0
:100030005024002050240020582400205824002060
:100040006024002060240020682400206824002010
:1000500070240020702400207824002078240020C0
:100060008024002080240020882400208824002070
:100070009024002090240020982400209824002020
:10008000A0240020A0240020A8240020A8240020D0
:10009000B0240020B0240020B8240020B824002080
:1000A000C0240020C0240020C8240020C824002030
:1000B000D0240020D0240020D8240020D8240020E0
:1000C000E0240020E0240020E8240020E824002090
:1000D000F0240020F0240020F8240020F824002040
:1000E00000250020002500200825002008250020EC
:1000F000102500201025002018250020182500209C
:10010000202500202025002028250020282500204B
:1001100030250020302500203825002038250020FB
:1001200040250020402500204825002048250020AB
:10013000502500205025002058250020582500205B
:10014000602500206025002068250020682500200B
:1001500070250020702500207825002078250020BB
:10016000802500208025002088250020882500206B
:10017000902500209025002098250020982500201B
:10018000A0250020A0250020A8250020A8250020CB
:10019000B0250020B0250020B8250020B82500207B
:1001A000C0250020C0250020C8250020C82500202B
:1001B000D0250020D0250020D8250020D8250020DB
:1001C000E0250020E0250020E8250020E82500208B
:1001D000F0250020F0250020F8250020F82500203B
:1001E00000260020002600200826002008260020E7
:1001F0001026002010260020182600201826002097
:100200002026002020260020282600202826002046
:1002100030260020302600203826002038260020F6
:1002200040260020402600204826002048260020A6
:100230005026002050260020582600205826002056
:100240006026002060260020682600206826002006
:1002500070260020702600207826002078260020B6
:100260008026002080260020882600208826002066
:100270009026002090260020982600209826002016
:10028000A0260020A0260020A8260020A8260020C6
:10029000B0260020B0260020B8260020B826002076
:1002A000C0260020C0260020C8260020C826002026
:1002B000D0260020D0260020D8260020D8260020D6
:1002C000E0260020E0260020E8260020E826002086
:1002D00000000000788C0020E08C0020488D002079
:1002E000000000000000000000000000000000000E
:1002F00000000000000000000000000000000000FE
:1003000000000000000000000000000000000000ED
:1003100000000000000000000000000000000000DD
:1003200000000000000000000000000000000000CD
:1003300000000000000000000000000000000000BD
:1003400000000000000000000000000000000000AD
:10035000000000000000000000000000000000009D
:10036000000000000000000001000000000000008C
:100370000E33CDAB34126DE6ECDE05000B00000051
:10038000000000000000000000000000000000006D
:10039000000000000000000000000000000000005D
:1003A000000000000000000000000000000000004D
:1003B000000000000000000000000000000000003D
:1003C000000000000000000000000000000000002D
:1003D000000000000000000000000000000000001D
:1003E000000000000000000000000000000000000D
:1003F00000000000000000000000000000000000FD
:1004000000000000000000000000000000000000EC
:1004100000000000000000000000000000000000DC
:1004200000000000000000000000000000000000CC
:1004300000000000000000000000000000000000BC
:1004400000000000000000000000000000000000AC
:10045000000000000000000000000000000000009C
:10046000000000000000000000000000000000008C
:10047000000000000000000000000000000000007C
:10048000000000000000000000000000000000006C
:10049000000000000000000000000000000000005C
:1004A000000000000000000000000000000000004C
:1004B000000000000000000000000000000000003C
:1004C000000000000000000000000000000000002C
:1004D0000029DE07007B9A1700003A40E81E006002
:1004E000000000000000000000000000000000000C
:1004F00000000000000000000000000000000000FC
:1005000000000000000000000000000000000000EB
:1005100000000000000000000000000000000000DB
:10052000000000000000000000C03940781E00609C
:1005300000000000000000000000000000000000BB
:1005400000000000000000000000000000000000AB
:10055000000000000000000000000000000000009B
:10056000000000000000000000000000000000008B
:10057000000000000000000000403940081E00603C
:10058000000000000000000000000000000000006B
:10059000000000000000000000000000000000005B
:1005A000000000000000000000000000000000004B
:1005B000000000000000000000000000000000003B
:1005C0000000000000000000881A00200000000069
:1005D000E803000000000000181C002000000000DC
:1005E000E80300000000000000801840682A002096
:1005F0000000000024860020E485002000000000A8
:10060000000000002800000040000000280000005A
:10061000400000000000000000000000000000009A
:1006200000000000000000000000000000000000CA
:1006300000000000000000000000803F0000803F3C
:10064000021500008D1701000000000068C00F4077
:10065000000000300F000000020000002C851F4049
:1006600001000000FF000000FF000000000000008B
:10067000000000000E0000000200000030851F4056
:1006800001000000FF000000FF000000000000006B
:10069000000000001302400026001800780000004F
:1006A00080020000052000010000000008000FC0CB
:1006B0000000000000000000052000010000000014
:1006C0005E04DD0203005E04EA0203005E04120B16
:1006D00003005E04190704005E048E0207007E0515
:1006E0000920070179001C2007004C056802010160
:1006F0004C052F0401014C05D50305014C05C4052B
:1007000002014C05CC0902015C0AE82102016D04DA
:1007100026C606016D0428C606010000420C000032
:10072000388C0020800120200000000043000000E1
:1007300000000000000000000000000000000000B9
:100740000000000000000000000000004300000066
:100750000000000000000000000000000000000099
:100760000000000000000000000000004300000046
:100770000000000000000000000000000000000079
:100780000000000000000000000000004300000026
:100790000000000000000000000000000000000059
:1007A0000000000000000000000000004300000006
:1007B0000000000000000000000000000000000039
:1007C00000000000000000000000000043000000E6
:1007D0000000000000000000000000000000000019
:1007E00000000000000000000000000043000000C6
:1007F00000000000000000000000000000000000F9
:1008000000000000000000000000000043000000A5
:1008100000000000000000000000000000000000D8
:1008200000000000000000000000000000000000C8
:1008300000000000000000000000000000000000B8
:1008400000000000000000000000000000000000A8
:100850000000000000000000000000000000000098
:100860000000000000000000000000000000000088
:100870000000000000000000000000000000000078
:100880000000000000000000000000000000000068
:100890000000000000000000000000000000000058
:1008A0000000000000000000000000000000000048
:1008B0000000000000000000000000000000000038
:1008C0000000000000000000000000000000000028
:1008D0000000000000000000000000000000000018
:1008E0000000000000000000000000000000000008
:1008F00000000000F56C0100E16401000000000050
:10090000F81C0020FC0B0020D80D0020D80D002082
:10091000D80D0020D80D0020D80D0020D80D0020C3
:10092000D80D0020D80D0020D80D0020FFFFFFFFBC
:10093000FFFFFFFFFFFFFFFFFFFF0000010041532C
:1009400043494900000000000000000000000000D2
:100950000000000000000000000000000000415303
:1009600043494900000000000000000000000000B2
:100970000000000000000000000000000000000077
:10098000FFFFFFFF00000200000000000300000066
:10099000788C0020F82600204000000000010400B0
:1009A00002000000000000000001585553423230A0
:1009B0000000000000000000000000000000000037
:1009C0000401000000000000000000000000000022
:1009D000000000000000000012034D00530046001C
:1009E0005400310030003000F80000000600FF091C
:1009F00001A10185010901150025FF7508953FB189
:100A0000020902953F8102C012010002EF0201407B
:100A10000912C0AB14010102030100000000803F75
:100A20000000803F0000803F0000803F88130000EE
:100A3000B5250100B5250100B5250100B52501004A
:100A4000B5250100B5250100B5250100B52501003A
:100A5000B5250100B5250100B5250100B52501002A
:100A6000B5250100B5250100B5250100B52501001A
:100A7000B5250100B5250100B5250100B52501000A
:100A8000B5250100B5250100B5250100B5250100FA
:100A9000B5250100B5250100B5250100B5250100EA
:100AA000B5250100B5250100B5250100B5250100DA
:100AB000B5250100B5250100B5250100B5250100CA
:100AC000B5250100B5250100B5250100B5250100BA
:100AD000B5250100B5250100B5250100B5250100AA
:100AE000B5250100B5250100B5250100B52501009A
:100AF000B5250100B5250100B5250100B52501008A
:100B0000B5250100B5250100B5250100B525010079
:100B1000B5250100B5250100B5250100B525010069
:100B2000B5250100B5250100B5250100B525010059
:100B3000B5250100B5250100B5250100B525010049
:100B4000B5250100B5250100B5250100B525010039
:100B5000B5250100B5250100B5250100B525010029
:100B6000B5250100B5250100B5250100B525010019
:100B7000B5250100B5250100B5250100B525010009
:100B8000B5250100B5250100B5250100B5250100F9
:100B9000B5250100B5250100B5250100B5250100E9
:100BA000B5250100B5250100B5250100B5250100D9
:100BB000B5250100B5250100B5250100B5250100C9
:100BC000B5250100B5250100B5250100B5250100B9
:100BD000B5250100B5250100B5250100B5250100A9
:100BE000B5250100B5250100B5250100B525010099
:100BF000B5250100B5250100B5250100B525010089
:100C0000B5250100B5250100B5250100B525010078
:100C1000B5250100B5250100B5250100B525010068
:100C2000B5250100B5250100B5250100B525010058
:100C30000C030000000000000000000000000000A5
:100C40000000000000000000B203580062006F00C6
:100C50007800200053006500630075007200690091
:100C60007400790020004D006500740068006F007A
:100C70006400200033002C00200056006500720044
:100C8000730069006F006E00200031002E003000FC
:100C900030002C002000A90020003200300030007D
:100CA000350020004D006900630072006F00730082
:100CB0006F0066007400200043006F007200700037
:100CC0006F0072006100740069006F006E002E00FA
:100CD000200041006C006C00200072006900670079
:100CE00068007400730020007200650073006500E6
:100CF00072007600650064002E00FF01010101FF13
:100D0000014601010000000000000000000000009A
:100D100000000000000000000000000000000000D3
:100D200000000000000000000000000000000000C3
:100D300000000000000000000000000000000000B3
:100D400000000000000000000000000000000000A3
:100D50000000000000000000000000000000000093
:100D60000000000000000000000000000000000083
:100D70000000000000000000000000000000000073
:100D80000000000000000000000000000000000063
:100D90000000000000000000000000000000000053
:100DA0000000000000000000000000000000000043
:100DB0000000000000000000000000000000000033
:100DC0000000000000000000000000000000000023
:100DD0000000000000000000000000000000000013
:100DE0000000000000000000000000000000000003
:100DF00000000000000000000000000000000000F3
:100E000000000000000000000000000000000000E2
:100E100000000000000000000000000000000000D2
:100E200000000000000000000000000000000000C2
:100E300000000000000000000000000000000000B2
:100E400000000000000000000000000000000000A2
:100E50000000000000000000000000000000000092
:100E60000000000000000000000000000000000082
:100E70000000000000000000000000000000000072
:100E80000000000000000000000000000000000062
:100E90000000000000000000000000000000000052
:100EA0000000000000000000000000000000000042
:100EB0000000000000000000000000000000000032
:100EC0000000000000000000000000000000000022
:100ED0000000000000000000000000000000000012
:100EE0000000000000000000000000000000000002
:100EF00000000000000000000000000000000000F2
:100F000000000000000000000000000000000000E1
:100F100000000000000000000000000000000000D1
:100F200000000000000000000000000000000000C1
:100F300000000000000000000000000000000000B1
:100F400000000000000000000000000000000000A1
:100F50000000000000000000000000000000000091
:100F60000000000000000000000000000000000081
:100F70000000000000000000000000000000000071
:100F80000000000000000000000000000000000061
:100F90000000000000000000000000000000000051
:100FA0000000000000000000000000000000000041
:100FB0000000000000000000000000000000000031
:100FC0000000000000000000000000000000000021
:100FD0000000000000000000000000000000000011
:100FE0000000000000000000000000000000000001
:100FF00000000000000000000000000000000000F1
:1010000000000000000000000000000000000000E0
:1010100000000000000000000000000000000000D0
:1010200000000000000000000000000000000000C0
:1010300000000000000000000000000000000000B0
:1010400000000000000000000000000000000000A0
:101050000000000000000000000000000000000090
:101060000000000000000000000000000000000080
:101070000000000000000000000000000000000070
:101080000000000000000000000000000000000060
:101090000000000000000000000000000000000050
:1010A0000000000000000000000000000000000040
:1010B0000000000000000000000000000000000030
:1010C0000000000000000000000000000000000020
:1010D0000000000000000000000000000000000010
:1010E0000000000000000000000000000000000000
:1010F00000000000000000000000000000000000F0
:1011000000000000000000000000000000000000DF
:1011100000000000000000000000000000000000CF
:1011200000000000000000000000000000000000BF
:1011300000000000000000000000000000000000AF
:10114000000000000000000000000000000000009F
:10115000000000000000000000000000000000008F
:10116000000000000000000000000000000000007F
:10117000000000000000000000000000000000006F
:10118000000000000000000000000000000000005F
:10119000000000000000000000000000000000004F
:1011A000000000000000000000000000000000003F
:1011B000000000000000000000000000000000002F
:1011C000000000000000000000000000000000001F
:1011D000000000000000000000000000000000000F
:1011E00000000000000000000000000000000000FF
:1011F00000000000000000000000000000000000EF
:1012000000000000000000000000000000000000DE
:1012100000000000000000000000000000000000CE
:1012200000000000000000000000000000000000BE
:1012300000000000000000000000000000000000AE
:10124000000000000000000000000000000000009E
:10125000000000000000000000000000000000008E
:10126000000000000000000000000000000000007E
:10127000000000000000000000000000000000006E
:10128000000000000000000000000000000000005E
:08129000000000000000000056
:10129800FFFFFFFFFFFFFFFFFFFFFFFFFFFFFFFF56
:1012A800FFFFFFFFFFFFFFFFFFFFFFFFFFFFFFFF46
:1012B800FFFFFFFFFFFFFFFFFFFFFFFFFFFFFFFF36
:1012C800FFFFFFFFFFFFFFFFFFFFFFFFFFFFFFFF26
:1012D800FFFFFFFFFFFFFFFFFFFFFFFFFFFFFFFF16
:1012E800FFFFFFFFFFFFFFFFFFFFFFFFFFFFFFFF06
:1012F800FFFFFFFFFFFFFFFFFFFFFFFFFFFFFFFFF6
:10130800FFFFFFFFFFFFFFFFFFFFFFFFFFFFFFFFE5
:10131800FFFFFFFFFFFFFFFFFFFFFFFFFFFFFFFFD5
:10132800FFFFFFFFFFFFFFFFFFFFFFFFFFFFFFFFC5
:10133800FFFFFFFFFFFFFFFFFFFFFFFFFFFFFFFFB5
:10134800FFFFFFFFFFFFFFFFFFFFFFFFFFFFFFFFA5
:10135800FFFFFFFFFFFFFFFFFFFFFFFFFFFFFFFF95
:10136800FFFFFFFFFFFFFFFFFFFFFFFFFFFFFFFF85
:10137800FFFFFFFFFFFFFFFFFFFFFFFFFFFFFFFF75
:10138800FFFFFFFFFFFFFFFFFFFFFFFFFFFFFFFF65
:10139800FFFFFFFFFFFFFFFFFFFFFFFFFFFFFFFF55
:1013A800FFFFFFFFFFFFFFFFFFFFFFFFFFFFFFFF45
:1013B800FFFFFFFFFFFFFFFFFFFFFFFFFFFFFFFF35
:1013C800FFFFFFFFFFFFFFFFFFFFFFFFFFFFFFFF25
:1013D800FFFFFFFFFFFFFFFFFFFFFFFFFFFFFFFF15
:1013E800FFFFFFFFFFFFFFFFFFFFFFFFFFFFFFFF05
:1013F800FFFFFFFFFFFFFFFF0000000000000000ED
:1014080000000000000000000000000000000000D4
:1014180000000000000000000000000000000000C4
:1014280000000000000000000000000000000000B4
:1014380000000000000000000000000000000000A4
:101448000000000000000000000000000000000094
:101458000000000000000000000000000000000084
:101468000000000000000000000000000000000074
:101478000000000000000000000000000000000064
:101488000000000000000000000000000000000054
:101498000000000000000000000000000000000044
:1014A8000000000000000000000000000000000034
:1014B8000000000000000000000000000000000024
:1014C8000000000000000000000000000000000014
:1014D8000000000000000000000000000000000004
:1014E80000000000000000000000000000000000F4
:1014F80000000000000000000000000000000000E4
:1015080000000000000000000000000000000000D3
:1015180000000000000000000000000000000000C3
:1015280000000000000000000000000000000000B3
:1015380000000000000000000000000000000000A3
:101548000000000000000000000000000000000093
:101558000000000000000000000000000000000083
:101568000000000000000000000000000000000073
:101578000000000000000000000000000000000063
:101588000000000000000000000000000000000053
:101598000000000000000000000000000000000043
:1015A8000000000000000000000000000000000033
:1015B8000000000000000000000000000000000023
:1015C8000000000000000000000000000000000013
:1015D8000000000000000000000000000000000003
:1015E80000000000000000000000000000000000F3
:1015F80000000000000000000000000000000000E3
:1016080000000000000000000000000000000000D2
:1016180000000000000000000000000000000000C2
:1016280000000000000000000000000000000000B2
:1016380000000000000000000000000000000000A2
:101648000000000000000000000000000000000092
:101658000000000000000000000000000000000082
:101668000000000000000000000000000000000072
:101678000000000000000000000000000000000062
:101688000000000000000000000000000000000052
:101698000000000000000000000000000000000042
:1016A8000000000000000000000000000000000032
:1016B8000000000000000000000000000000000022
:1016C8000000000000000000000000000000000012
:1016D8000000000000000000000000000000000002
:1016E80000000000000000000000000000000000F2
:1016F80000000000000000000000000000000000E2
:1017080000000000000000000000000000000000D1
:1017180000000000000000000000000000000000C1
:1017280000000000000000000000000000000000B1
:1017380000000000000000000000000000000000A1
:101748000000000000000000000000000000000091
:101758000000000000000000000000000000000081
:101768000000000000000000000000000000000071
:101778000000000000000000000000000000000061
:101788000000000000000000000000000000000051
:101798000000000000000000000000000000000041
:1017A8000000000000000000000000000000000031
:1017B8000000000000000000000000000000000021
:1017C8000000000000000000000000000000000011
:1017D8000000000000000000000000000000000001
:1017E80000000000000000000000000000000000F1
:1017F80000000000000000000000000000000000E1
:1018080000000000000000000000000000000000D0
:1018180000000000000000000000000000000000C0
:1018280000000000000000000000000000000000B0
:1018380000000000000000000000000000000000A0
:101848000000000000000000000000000000000090
:101858000000000000000000000000000000000080
:101868000000000000000000000000000000000070
:101878000000000000000000000000000000000060
:101888000000000000000000000000000000000050
:101898000000000000000000000000000000000040
:1018A8000000000000000000000000000000000030
:1018B8000000000000000000000000000000000020
:1018C8000000000000000000000000000000000010
:1018D8000000000000000000000000000000000000
:1018E80000000000000000000000000000000000F0
:1018F80000000000000000000000000000000000E0
:1019080000000000000000000000000000000000CF
:1019180000000000000000000000000000000000BF
:1019280000000000000000000000000000000000AF
:10193800000000000000000000000000000000009F
:10194800000000000000000000000000000000008F
:10195800000000000000000000000000000000007F
:10196800000000000000000000000000000000006F
:10197800000000000000000000000000000000005F
:10198800000000000000000000000000000000004F
:10199800000000000000000000000000000000003F
:1019A800000000000000000000000000000000002F
:1019B800000000000000000000000000000000001F
:1019C800000000000000000000000000000000000F
:1019D80000000000000000000000000000000000FF
:1019E80000000000000000000000000000000000EF
:1019F80000000000000000000000000000000000DF
:101A080000000000000000000000000000000000CE
:101A180000000000000000000000000000000000BE
:101A280000000000000000000000000000000000AE
:101A3800000000000000000000000000000000009E
:101A4800000000000000000000000000000000008E
:101A5800000000000000000000000000000000007E
:101A6800000000000000000000000000000000006E
:101A7800000000000000000000000000000000005E
:101A8800000000000000000000000000000000004E
:101A9800000000000000000000000000000000003E
:101AA800000000000000000000000000000000002E
:101AB800000000000000000000000000000000001E
:101AC800000000000000000000000000000000000E
:101AD80000000000000000000000000000000000FE
:101AE80000000000000000000000000000000000EE
:101AF80000000000000000000000000000000000DE
:101B080000000000000000000000000000000000CD
:101B180000000000000000000000000000000000BD
:101B280000000000000000000000000000000000AD
:101B3800000000000000000000000000000000009D
:101B4800000000000000000000000000000000008D
:101B5800000000000000000000000000000000007D
:101B6800000000000000000000000000000000006D
:101B7800000000000000000000000000000000005D
:101B8800000000000000000000000000000000004D
:101B9800000000000000000000000000000000003D
:101BA800000000000000000000000000000000002D
:101BB800000000000000000000000000000000001D
:101BC800000000000000000000000000000000000D
:101BD80000000000000000000000000000000000FD
:101BE80000000000000000000000000000000000ED
:101BF80000000000000000000000000000000000DD
:101C080000000000000000000000000000000000CC
:101C180000000000000000000000000000000000BC
:101C280000000000000000000000000000000000AC
:101C3800000000000000000000000000000000009C
:101C4800000000000000000000000000000000008C
:101C5800000000000000000000000000000000007C
:101C6800000000000000000000000000000000006C
:101C7800000000000000000000000000000000005C
:101C8800000000000000000000000000000000004C
:101C9800000000000000000000000000000000003C
:101CA800000000000000000000000000000000002C
:101CB800000000000000000000000000000000001C
:101CC800000000000000000000000000000000000C
:101CD80000000000000000000000000000000000FC
:101CE80000000000000000000000000000000000EC
:101CF80000000000000000000000000000000000DC
:101D080000000000000000000000000000000000CB
:101D180000000000000000000000000000000000BB
:101D280000000000000000000000000000000000AB
:101D3800000000000000000000000000000000009B
:101D4800000000000000000000000000000000008B
:101D5800000000000000000000000000000000007B
:101D6800000000000000000000000000000000006B
:101D7800000000000000000000000000000000005B
:101D8800000000000000000000000000000000004B
:101D9800000000000000000000000000000000003B
:101DA800000000000000000000000000000000002B
:101DB800000000000000000000000000000000001B
:101DC800000000000000000000000000000000000B
:101DD80000000000000000000000000000000000FB
:101DE80000000000000000000000000000000000EB
:101DF80000000000000000000000000000000000DB
:101E080000000000000000000000000000000000CA
:101E180000000000000000000000000000000000BA
:101E280000000000000000000000000000000000AA
:101E3800000000000000000000000000000000009A
:101E4800000000000000000000000000000000008A
:101E5800000000000000000000000000000000007A
:101E6800000000000000000000000000000000006A
:101E7800000000000000000000000000000000005A
:101E8800000000000000000000000000000000004A
:101E9800000000000000000000000000000000003A
:101EA800000000000000000000000000000000002A
:101EB800000000000000000000000000000000001A
:101EC800000000000000000000000000000000000A
:101ED80000000000000000000000000000000000FA
:101EE80000000000000000000000000000000000EA
:101EF80000000000000000000000000000000000DA
:101F080000000000000000000000000000000000C9
:101F180000000000000000000000000000000000B9
:101F280000000000000000000000000000000000A9
:101F38000000000000000000000000000000000099
:101F48000000000000000000000000000000000089
:101F58000000000000000000000000000000000079
:101F68000000000000000000000000000000000069
:101F78000000000000000000000000000000000059
:101F88000000000000000000000000000000000049
:101F98000000000000000000000000000000000039
:101FA8000000000000000000000000000000000029
:101FB8000000000000000000000000000000000019
:101FC8000000000000000000000000000000000009
:101FD80000000000000000000000000000000000F9
:101FE80000000000000000000000000000000000E9
:081FF8000000000000000000E1
:040000056000100087
:00000001FF
