:0200000460009A
:100000004643464200000156000000000101020084
:1000100000000000000000000000000000000000E0
:1000200000000000000000000000000000000000D0
:1000300000000000000000000000000000000000C0
:1000400000000000010406010000000000000000A4
:100050000000800000000000000000000000000020
:100060000000000000000000000000000000000090
:100070000000000000000000000000000000000080
:10008000EB04180AFF1E04320126000000000000E5
:100090000000000000000000000000000000000060
:1000A0000000000000000000000000000000000050
:1000B0000000000000000000000000000000000040
:1000C0000000000000000000000000000000000030
:1000D0000000000000000000000000000000000020
:1000E0000000000000000000000000000000000010
:1000F0000000000000000000000000000000000000
:1001000000000000000000000000000000000000EF
:1001100000000000000000000000000000000000DF
:1001200000000000000000000000000000000000CF
:1001300000000000000000000000000000000000BF
:1001400000000000000000000000000000000000AF
:10015000000000000000000000000000000000009F
:10016000000000000000000000000000000000008F
:10017000000000000000000000000000000000007F
:10018000000000000000000000000000000000006F
:10019000000000000000000000000000000000005F
:1001A000000000000000000000000000000000004F
:1001B000000000000000000000000000000000003F
:1001C000000100000010000001000000000000001D
:1001D000000001000000000000000000000000001E
:1001E000000000000000000000000000000000000F
:1001F00000000000000000000000000000000000FF
:10020000FFFFFFFFFFFFFFFFFFFFFFFFFFFFFFFFFE
:10021000FFFFFFFFFFFFFFFFFFFFFFFFFFFFFFFFEE
:10022000FFFFFFFFFFFFFFFFFFFFFFFFFFFFFFFFDE
:10023000FFFFFFFFFFFFFFFFFFFFFFFFFFFFFFFFCE
:10024000FFFFFFFFFFFFFFFFFFFFFFFFFFFFFFFFBE
:10025000FFFFFFFFFFFFFFFFFFFFFFFFFFFFFFFFAE
:10026000FFFFFFFFFFFFFFFFFFFFFFFFFFFFFFFF9E
:10027000FFFFFFFFFFFFFFFFFFFFFFFFFFFFFFFF8E
:10028000FFFFFFFFFFFFFFFFFFFFFFFFFFFFFFFF7E
:10029000FFFFFFFFFFFFFFFFFFFFFFFFFFFFFFFF6E
:1002A000FFFFFFFFFFFFFFFFFFFFFFFFFFFFFFFF5E
:1002B000FFFFFFFFFFFFFFFFFFFFFFFFFFFFFFFF4E
:1002C000FFFFFFFFFFFFFFFFFFFFFFFFFFFFFFFF3E
:1002D000FFFFFFFFFFFFFFFFFFFFFFFFFFFFFFFF2E
:1002E000FFFFFFFFFFFFFFFFFFFFFFFFFFFFFFFF1E
:1002F000FFFFFFFFFFFFFFFFFFFFFFFFFFFFFFFF0E
:10030000FFFFFFFFFFFFFFFFFFFFFFFFFFFFFFFFFD
:10031000FFFFFFFFFFFFFFFFFFFFFFFFFFFFFFFFED
:10032000FFFFFFFFFFFFFFFFFFFFFFFFFFFFFFFFDD
:10033000FFFFFFFFFFFFFFFFFFFFFFFFFFFFFFFFCD
:10034000FFFFFFFFFFFFFFFFFFFFFFFFFFFFFFFFBD
:10035000FFFFFFFFFFFFFFFFFFFFFFFFFFFFFFFFAD
:10036000FFFFFFFFFFFFFFFFFFFFFFFFFFFFFFFF9D
:10037000FFFFFFFFFFFFFFFFFFFFFFFFFFFFFFFF8D
:10038000FFFFFFFFFFFFFFFFFFFFFFFFFFFFFFFF7D
:10039000FFFFFFFFFFFFFFFFFFFFFFFFFFFFFFFF6D
:1003A000FFFFFFFFFFFFFFFFFFFFFFFFFFFFFFFF5D
:1003B000FFFFFFFFFFFFFFFFFFFFFFFFFFFFFFFF4D
:1003C000FFFFFFFFFFFFFFFFFFFFFFFFFFFFFFFF3D
:1003D000FFFFFFFFFFFFFFFFFFFFFFFFFFFFFFFF2D
:1003E000FFFFFFFFFFFFFFFFFFFFFFFFFFFFFFFF1D
:1003F000FFFFFFFFFFFFFFFFFFFFFFFFFFFFFFFF0D
:10040000FFFFFFFFFFFFFFFFFFFFFFFFFFFFFFFFFC
:10041000FFFFFFFFFFFFFFFFFFFFFFFFFFFFFFFFEC
:10042000FFFFFFFFFFFFFFFFFFFFFFFFFFFFFFFFDC
:10043000FFFFFFFFFFFFFFFFFFFFFFFFFFFFFFFFCC
:10044000FFFFFFFFFFFFFFFFFFFFFFFFFFFFFFFFBC
:10045000FFFFFFFFFFFFFFFFFFFFFFFFFFFFFFFFAC
:10046000FFFFFFFFFFFFFFFFFFFFFFFFFFFFFFFF9C
:10047000FFFFFFFFFFFFFFFFFFFFFFFFFFFFFFFF8C
:10048000FFFFFFFFFFFFFFFFFFFFFFFFFFFFFFFF7C
:10049000FFFFFFFFFFFFFFFFFFFFFFFFFFFFFFFF6C
:1004A000FFFFFFFFFFFFFFFFFFFFFFFFFFFFFFFF5C
:1004B000FFFFFFFFFFFFFFFFFFFFFFFFFFFFFFFF4C
:1004C000FFFFFFFFFFFFFFFFFFFFFFFFFFFFFFFF3C
:1004D000FFFFFFFFFFFFFFFFFFFFFFFFFFFFFFFF2C
:1004E000FFFFFFFFFFFFFFFFFFFFFFFFFFFFFFFF1C
:1004F000FFFFFFFFFFFFFFFFFFFFFFFFFFFFFFFF0C
:10050000FFFFFFFFFFFFFFFFFFFFFFFFFFFFFFFFFB
:10051000FFFFFFFFFFFFFFFFFFFFFFFFFFFFFFFFEB
:10052000FFFFFFFFFFFFFFFFFFFFFFFFFFFFFFFFDB
:10053000FFFFFFFFFFFFFFFFFFFFFFFFFFFFFFFFCB
:10054000FFFFFFFFFFFFFFFFFFFFFFFFFFFFFFFFBB
:10055000FFFFFFFFFFFFFFFFFFFFFFFFFFFFFFFFAB
:10056000FFFFFFFFFFFFFFFFFFFFFFFFFFFFFFFF9B
:10057000FFFFFFFFFFFFFFFFFFFFFFFFFFFFFFFF8B
:10058000FFFFFFFFFFFFFFFFFFFFFFFFFFFFFFFF7B
:10059000FFFFFFFFFFFFFFFFFFFFFFFFFFFFFFFF6B
:1005A000FFFFFFFFFFFFFFFFFFFFFFFFFFFFFFFF5B
:1005B000FFFFFFFFFFFFFFFFFFFFFFFFFFFFFFFF4B
:1005C000FFFFFFFFFFFFFFFFFFFFFFFFFFFFFFFF3B
:1005D000FFFFFFFFFFFFFFFFFFFFFFFFFFFFFFFF2B
:1005E000FFFFFFFFFFFFFFFFFFFFFFFFFFFFFFFF1B
:1005F000FFFFFFFFFFFFFFFFFFFFFFFFFFFFFFFF0B
:10060000FFFFFFFFFFFFFFFFFFFFFFFFFFFFFFFFFA
:10061000FFFFFFFFFFFFFFFFFFFFFFFFFFFFFFFFEA
:10062000FFFFFFFFFFFFFFFFFFFFFFFFFFFFFFFFDA
:10063000FFFFFFFFFFFFFFFFFFFFFFFFFFFFFFFFCA
:10064000FFFFFFFFFFFFFFFFFFFFFFFFFFFFFFFFBA
:10065000FFFFFFFFFFFFFFFFFFFFFFFFFFFFFFFFAA
:10066000FFFFFFFFFFFFFFFFFFFFFFFFFFFFFFFF9A
:10067000FFFFFFFFFFFFFFFFFFFFFFFFFFFFFFFF8A
:10068000FFFFFFFFFFFFFFFFFFFFFFFFFFFFFFFF7A
:10069000FFFFFFFFFFFFFFFFFFFFFFFFFFFFFFFF6A
:1006A000FFFFFFFFFFFFFFFFFFFFFFFFFFFFFFFF5A
:1006B000FFFFFFFFFFFFFFFFFFFFFFFFFFFFFFFF4A
:1006C000FFFFFFFFFFFFFFFFFFFFFFFFFFFFFFFF3A
:1006D000FFFFFFFFFFFFFFFFFFFFFFFFFFFFFFFF2A
:1006E000FFFFFFFFFFFFFFFFFFFFFFFFFFFFFFFF1A
:1006F000FFFFFFFFFFFFFFFFFFFFFFFFFFFFFFFF0A
:10070000FFFFFFFFFFFFFFFFFFFFFFFFFFFFFFFFF9
:10071000FFFFFFFFFFFFFFFFFFFFFFFFFFFFFFFFE9
:10072000FFFFFFFFFFFFFFFFFFFFFFFFFFFFFFFFD9
:10073000FFFFFFFFFFFFFFFFFFFFFFFFFFFFFFFFC9
:10074000FFFFFFFFFFFFFFFFFFFFFFFFFFFFFFFFB9
:10075000FFFFFFFFFFFFFFFFFFFFFFFFFFFFFFFFA9
:10076000FFFFFFFFFFFFFFFFFFFFFFFFFFFFFFFF99
:10077000FFFFFFFFFFFFFFFFFFFFFFFFFFFFFFFF89
:10078000FFFFFFFFFFFFFFFFFFFFFFFFFFFFFFFF79
:10079000FFFFFFFFFFFFFFFFFFFFFFFFFFFFFFFF69
:1007A000FFFFFFFFFFFFFFFFFFFFFFFFFFFFFFFF59
:1007B000FFFFFFFFFFFFFFFFFFFFFFFFFFFFFFFF49
:1007C000FFFFFFFFFFFFFFFFFFFFFFFFFFFFFFFF39
:1007D000FFFFFFFFFFFFFFFFFFFFFFFFFFFFFFFF29
:1007E000FFFFFFFFFFFFFFFFFFFFFFFFFFFFFFFF19
:1007F000FFFFFFFFFFFFFFFFFFFFFFFFFFFFFFFF09
:10080000FFFFFFFFFFFFFFFFFFFFFFFFFFFFFFFFF8
:10081000FFFFFFFFFFFFFFFFFFFFFFFFFFFFFFFFE8
:10082000FFFFFFFFFFFFFFFFFFFFFFFFFFFFFFFFD8
:10083000FFFFFFFFFFFFFFFFFFFFFFFFFFFFFFFFC8
:10084000FFFFFFFFFFFFFFFFFFFFFFFFFFFFFFFFB8
:10085000FFFFFFFFFFFFFFFFFFFFFFFFFFFFFFFFA8
:10086000FFFFFFFFFFFFFFFFFFFFFFFFFFFFFFFF98
:10087000FFFFFFFFFFFFFFFFFFFFFFFFFFFFFFFF88
:10088000FFFFFFFFFFFFFFFFFFFFFFFFFFFFFFFF78
:10089000FFFFFFFFFFFFFFFFFFFFFFFFFFFFFFFF68
:1008A000FFFFFFFFFFFFFFFFFFFFFFFFFFFFFFFF58
:1008B000FFFFFFFFFFFFFFFFFFFFFFFFFFFFFFFF48
:1008C000FFFFFFFFFFFFFFFFFFFFFFFFFFFFFFFF38
:1008D000FFFFFFFFFFFFFFFFFFFFFFFFFFFFFFFF28
:1008E000FFFFFFFFFFFFFFFFFFFFFFFFFFFFFFFF18
:1008F000FFFFFFFFFFFFFFFFFFFFFFFFFFFFFFFF08
:10090000FFFFFFFFFFFFFFFFFFFFFFFFFFFFFFFFF7
:10091000FFFFFFFFFFFFFFFFFFFFFFFFFFFFFFFFE7
:10092000FFFFFFFFFFFFFFFFFFFFFFFFFFFFFFFFD7
:10093000FFFFFFFFFFFFFFFFFFFFFFFFFFFFFFFFC7
:10094000FFFFFFFFFFFFFFFFFFFFFFFFFFFFFFFFB7
:10095000FFFFFFFFFFFFFFFFFFFFFFFFFFFFFFFFA7
:10096000FFFFFFFFFFFFFFFFFFFFFFFFFFFFFFFF97
:10097000FFFFFFFFFFFFFFFFFFFFFFFFFFFFFFFF87
:10098000FFFFFFFFFFFFFFFFFFFFFFFFFFFFFFFF77
:10099000FFFFFFFFFFFFFFFFFFFFFFFFFFFFFFFF67
:1009A000FFFFFFFFFFFFFFFFFFFFFFFFFFFFFFFF57
:1009B000FFFFFFFFFFFFFFFFFFFFFFFFFFFFFFFF47
:1009C000FFFFFFFFFFFFFFFFFFFFFFFFFFFFFFFF37
:1009D000FFFFFFFFFFFFFFFFFFFFFFFFFFFFFFFF27
:1009E000FFFFFFFFFFFFFFFFFFFFFFFFFFFFFFFF17
:1009F000FFFFFFFFFFFFFFFFFFFFFFFFFFFFFFFF07
:100A0000FFFFFFFFFFFFFFFFFFFFFFFFFFFFFFFFF6
:100A1000FFFFFFFFFFFFFFFFFFFFFFFFFFFFFFFFE6
:100A2000FFFFFFFFFFFFFFFFFFFFFFFFFFFFFFFFD6
:100A3000FFFFFFFFFFFFFFFFFFFFFFFFFFFFFFFFC6
:100A4000FFFFFFFFFFFFFFFFFFFFFFFFFFFFFFFFB6
:100A5000FFFFFFFFFFFFFFFFFFFFFFFFFFFFFFFFA6
:100A6000FFFFFFFFFFFFFFFFFFFFFFFFFFFFFFFF96
:100A7000FFFFFFFFFFFFFFFFFFFFFFFFFFFFFFFF86
:100A8000FFFFFFFFFFFFFFFFFFFFFFFFFFFFFFFF76
:100A9000FFFFFFFFFFFFFFFFFFFFFFFFFFFFFFFF66
:100AA000FFFFFFFFFFFFFFFFFFFFFFFFFFFFFFFF56
:100AB000FFFFFFFFFFFFFFFFFFFFFFFFFFFFFFFF46
:100AC000FFFFFFFFFFFFFFFFFFFFFFFFFFFFFFFF36
:100AD000FFFFFFFFFFFFFFFFFFFFFFFFFFFFFFFF26
:100AE000FFFFFFFFFFFFFFFFFFFFFFFFFFFFFFFF16
:100AF000FFFFFFFFFFFFFFFFFFFFFFFFFFFFFFFF06
:100B0000FFFFFFFFFFFFFFFFFFFFFFFFFFFFFFFFF5
:100B1000FFFFFFFFFFFFFFFFFFFFFFFFFFFFFFFFE5
:100B2000FFFFFFFFFFFFFFFFFFFFFFFFFFFFFFFFD5
:100B3000FFFFFFFFFFFFFFFFFFFFFFFFFFFFFFFFC5
:100B4000FFFFFFFFFFFFFFFFFFFFFFFFFFFFFFFFB5
:100B5000FFFFFFFFFFFFFFFFFFFFFFFFFFFFFFFFA5
:100B6000FFFFFFFFFFFFFFFFFFFFFFFFFFFFFFFF95
:100B7000FFFFFFFFFFFFFFFFFFFFFFFFFFFFFFFF85
:100B8000FFFFFFFFFFFFFFFFFFFFFFFFFFFFFFFF75
:100B9000FFFFFFFFFFFFFFFFFFFFFFFFFFFFFFFF65
:100BA000FFFFFFFFFFFFFFFFFFFFFFFFFFFFFFFF55
:100BB000FFFFFFFFFFFFFFFFFFFFFFFFFFFFFFFF45
:100BC000FFFFFFFFFFFFFFFFFFFFFFFFFFFFFFFF35
:100BD000FFFFFFFFFFFFFFFFFFFFFFFFFFFFFFFF25
:100BE000FFFFFFFFFFFFFFFFFFFFFFFFFFFFFFFF15
:100BF000FFFFFFFFFFFFFFFFFFFFFFFFFFFFFFFF05
:100C0000FFFFFFFFFFFFFFFFFFFFFFFFFFFFFFFFF4
:100C1000FFFFFFFFFFFFFFFFFFFFFFFFFFFFFFFFE4
:100C2000FFFFFFFFFFFFFFFFFFFFFFFFFFFFFFFFD4
:100C3000FFFFFFFFFFFFFFFFFFFFFFFFFFFFFFFFC4
:100C4000FFFFFFFFFFFFFFFFFFFFFFFFFFFFFFFFB4
:100C5000FFFFFFFFFFFFFFFFFFFFFFFFFFFFFFFFA4
:100C6000FFFFFFFFFFFFFFFFFFFFFFFFFFFFFFFF94
:100C7000FFFFFFFFFFFFFFFFFFFFFFFFFFFFFFFF84
:100C8000FFFFFFFFFFFFFFFFFFFFFFFFFFFFFFFF74
:100C9000FFFFFFFFFFFFFFFFFFFFFFFFFFFFFFFF64
:100CA000FFFFFFFFFFFFFFFFFFFFFFFFFFFFFFFF54
:100CB000FFFFFFFFFFFFFFFFFFFFFFFFFFFFFFFF44
:100CC000FFFFFFFFFFFFFFFFFFFFFFFFFFFFFFFF34
:100CD000FFFFFFFFFFFFFFFFFFFFFFFFFFFFFFFF24
:100CE000FFFFFFFFFFFFFFFFFFFFFFFFFFFFFFFF14
:100CF000FFFFFFFFFFFFFFFFFFFFFFFFFFFFFFFF04
:100D0000FFFFFFFFFFFFFFFFFFFFFFFFFFFFFFFFF3
:100D1000FFFFFFFFFFFFFFFFFFFFFFFFFFFFFFFFE3
:100D2000FFFFFFFFFFFFFFFFFFFFFFFFFFFFFFFFD3
:100D3000FFFFFFFFFFFFFFFFFFFFFFFFFFFFFFFFC3
:100D4000FFFFFFFFFFFFFFFFFFFFFFFFFFFFFFFFB3
:100D5000FFFFFFFFFFFFFFFFFFFFFFFFFFFFFFFFA3
:100D6000FFFFFFFFFFFFFFFFFFFFFFFFFFFFFFFF93
:100D7000FFFFFFFFFFFFFFFFFFFFFFFFFFFFFFFF83
:100D8000FFFFFFFFFFFFFFFFFFFFFFFFFFFFFFFF73
:100D9000FFFFFFFFFFFFFFFFFFFFFFFFFFFFFFFF63
:100DA000FFFFFFFFFFFFFFFFFFFFFFFFFFFFFFFF53
:100DB000FFFFFFFFFFFFFFFFFFFFFFFFFFFFFFFF43
:100DC000FFFFFFFFFFFFFFFFFFFFFFFFFFFFFFFF33
:100DD000FFFFFFFFFFFFFFFFFFFFFFFFFFFFFFFF23
:100DE000FFFFFFFFFFFFFFFFFFFFFFFFFFFFFFFF13
:100DF000FFFFFFFFFFFFFFFFFFFFFFFFFFFFFFFF03
:100E0000FFFFFFFFFFFFFFFFFFFFFFFFFFFFFFFFF2
:100E1000FFFFFFFFFFFFFFFFFFFFFFFFFFFFFFFFE2
:100E2000FFFFFFFFFFFFFFFFFFFFFFFFFFFFFFFFD2
:100E3000FFFFFFFFFFFFFFFFFFFFFFFFFFFFFFFFC2
:100E4000FFFFFFFFFFFFFFFFFFFFFFFFFFFFFFFFB2
:100E5000FFFFFFFFFFFFFFFFFFFFFFFFFFFFFFFFA2
:100E6000FFFFFFFFFFFFFFFFFFFFFFFFFFFFFFFF92
:100E7000FFFFFFFFFFFFFFFFFFFFFFFFFFFFFFFF82
:100E8000FFFFFFFFFFFFFFFFFFFFFFFFFFFFFFFF72
:100E9000FFFFFFFFFFFFFFFFFFFFFFFFFFFFFFFF62
:100EA000FFFFFFFFFFFFFFFFFFFFFFFFFFFFFFFF52
:100EB000FFFFFFFFFFFFFFFFFFFFFFFFFFFFFFFF42
:100EC000FFFFFFFFFFFFFFFFFFFFFFFFFFFFFFFF32
:100ED000FFFFFFFFFFFFFFFFFFFFFFFFFFFFFFFF22
:100EE000FFFFFFFFFFFFFFFFFFFFFFFFFFFFFFFF12
:100EF000FFFFFFFFFFFFFFFFFFFFFFFFFFFFFFFF02
:100F0000FFFFFFFFFFFFFFFFFFFFFFFFFFFFFFFFF1
:100F1000FFFFFFFFFFFFFFFFFFFFFFFFFFFFFFFFE1
:100F2000FFFFFFFFFFFFFFFFFFFFFFFFFFFFFFFFD1
:100F3000FFFFFFFFFFFFFFFFFFFFFFFFFFFFFFFFC1
:100F4000FFFFFFFFFFFFFFFFFFFFFFFFFFFFFFFFB1
:100F5000FFFFFFFFFFFFFFFFFFFFFFFFFFFFFFFFA1
:100F6000FFFFFFFFFFFFFFFFFFFFFFFFFFFFFFFF91
:100F7000FFFFFFFFFFFFFFFFFFFFFFFFFFFFFFFF81
:100F8000FFFFFFFFFFFFFFFFFFFFFFFFFFFFFFFF71
:100F9000FFFFFFFFFFFFFFFFFFFFFFFFFFFFFFFF61
:100FA000FFFFFFFFFFFFFFFFFFFFFFFFFFFFFFFF51
:100FB000FFFFFFFFFFFFFFFFFFFFFFFFFFFFFFFF41
:100FC000FFFFFFFFFFFFFFFFFFFFFFFFFFFFFFFF31
:100FD000FFFFFFFFFFFFFFFFFFFFFFFFFFFFFFFF21
:100FE000FFFFFFFFFFFFFFFFFFFFFFFFFFFFFFFF11
:100FF000FFFFFFFFFFFFFFFFFFFFFFFFFFFFFFFF01
:10100000D1002043F1150060000000000000000046
:101010002010006000100060003403600000000039
:10102000000000600040030000000000FFFFFFFF21
:10103000FFFFFFFFFFFFFFFFFFFFFFFFFFFFFFFFC0
:10104000FFFFFFFFFFFFFFFFFFFFFFFFFFFFFFFFB0
:10105000FFFFFFFFFFFFFFFFFFFFFFFFFFFFFFFFA0
:10106000FFFFFFFFFFFFFFFFFFFFFFFFFFFFFFFF90
:10107000FFFFFFFFFFFFFFFFFFFFFFFFFFFFFFFF80
:10108000FFFFFFFFFFFFFFFFFFFFFFFFFFFFFFFF70
:10109000FFFFFFFFFFFFFFFFFFFFFFFFFFFFFFFF60
:1010A000FFFFFFFFFFFFFFFFFFFFFFFFFFFFFFFF50
:1010B000FFFFFFFFFFFFFFFFFFFFFFFFFFFFFFFF40
:1010C000FFFFFFFFFFFFFFFFFFFFFFFFFFFFFFFF30
:1010D000FFFFFFFFFFFFFFFFFFFFFFFFFFFFFFFF20
:1010E000FFFFFFFFFFFFFFFFFFFFFFFFFFFFFFFF10
:1010F000FFFFFFFFFFFFFFFFFFFFFFFFFFFFFFFF00
:10110000FFFFFFFFFFFFFFFFFFFFFFFFFFFFFFFFEF
:10111000FFFFFFFFFFFFFFFFFFFFFFFFFFFFFFFFDF
:10112000FFFFFFFFFFFFFFFFFFFFFFFFFFFFFFFFCF
:10113000FFFFFFFFFFFFFFFFFFFFFFFFFFFFFFFFBF
:10114000FFFFFFFFFFFFFFFFFFFFFFFFFFFFFFFFAF
:10115000FFFFFFFFFFFFFFFFFFFFFFFFFFFFFFFF9F
:10116000FFFFFFFFFFFFFFFFFFFFFFFFFFFFFFFF8F
:10117000FFFFFFFFFFFFFFFFFFFFFFFFFFFFFFFF7F
:10118000FFFFFFFFFFFFFFFFFFFFFFFFFFFFFFFF6F
:10119000FFFFFFFFFFFFFFFFFFFFFFFFFFFFFFFF5F
:1011A000FFFFFFFFFFFFFFFFFFFFFFFFFFFFFFFF4F
:1011B000FFFFFFFFFFFFFFFFFFFFFFFFFFFFFFFF3F
:1011C000FFFFFFFFFFFFFFFFFFFFFFFFFFFFFFFF2F
:1011D000FFFFFFFFFFFFFFFFFFFFFFFFFFFFFFFF1F
:1011E000FFFFFFFFFFFFFFFFFFFFFFFFFFFFFFFF0F
:1011F000FFFFFFFFFFFFFFFFFFFFFFFFFFFFFFFFFF
:10120000FFFFFFFFFFFFFFFFFFFFFFFFFFFFFFFFEE
:10121000FFFFFFFFFFFFFFFFFFFFFFFFFFFFFFFFDE
:10122000FFFFFFFFFFFFFFFFFFFFFFFFFFFFFFFFCE
:10123000FFFFFFFFFFFFFFFFFFFFFFFFFFFFFFFFBE
:10124000FFFFFFFFFFFFFFFFFFFFFFFFFFFFFFFFAE
:10125000FFFFFFFFFFFFFFFFFFFFFFFFFFFFFFFF9E
:10126000FFFFFFFFFFFFFFFFFFFFFFFFFFFFFFFF8E
:10127000FFFFFFFFFFFFFFFFFFFFFFFFFFFFFFFF7E
:10128000FFFFFFFFFFFFFFFFFFFFFFFFFFFFFFFF6E
:10129000FFFFFFFFFFFFFFFFFFFFFFFFFFFFFFFF5E
:1012A000FFFFFFFFFFFFFFFFFFFFFFFFFFFFFFFF4E
:1012B000FFFFFFFFFFFFFFFFFFFFFFFFFFFFFFFF3E
:1012C000FFFFFFFFFFFFFFFFFFFFFFFFFFFFFFFF2E
:1012D000FFFFFFFFFFFFFFFFFFFFFFFFFFFFFFFF1E
:1012E000FFFFFFFFFFFFFFFFFFFFFFFFFFFFFFFF0E
:1012F000FFFFFFFFFFFFFFFFFFFFFFFFFFFFFFFFFE
:10130000FFFFFFFFFFFFFFFFFFFFFFFFFFFFFFFFED
:10131000FFFFFFFFFFFFFFFFFFFFFFFFFFFFFFFFDD
:10132000FFFFFFFFFFFFFFFFFFFFFFFFFFFFFFFFCD
:10133000FFFFFFFFFFFFFFFFFFFFFFFFFFFFFFFFBD
:10134000FFFFFFFFFFFFFFFFFFFFFFFFFFFFFFFFAD
:10135000FFFFFFFFFFFFFFFFFFFFFFFFFFFFFFFF9D
:10136000FFFFFFFFFFFFFFFFFFFFFFFFFFFFFFFF8D
:10137000FFFFFFFFFFFFFFFFFFFFFFFFFFFFFFFF7D
:10138000FFFFFFFFFFFFFFFFFFFFFFFFFFFFFFFF6D
:10139000FFFFFFFFFFFFFFFFFFFFFFFFFFFFFFFF5D
:1013A000FFFFFFFFFFFFFFFFFFFFFFFFFFFFFFFF4D
:1013B000FFFFFFFFFFFFFFFFFFFFFFFFFFFFFFFF3D
:1013C000FFFFFFFFFFFFFFFFFFFFFFFFFFFFFFFF2D
:1013D000FFFFFFFFFFFFFFFFFFFFFFFFFFFFFFFF1D
:1013E000FFFFFFFFFFFFFFFFFFFFFFFFFFFFFFFF0D
:1013F000FFFFFFFFFFFFFFFFFFFFFFFFFFFFFFFFFD
:10140000824205D051F8043B40F8043B8242F9D8AF
:10141000704700BF044A05494FF0000342F8043BFF
:101420009142FBD8704700BFC05A002080A0002026
:1014300008B5BFF34F8F00F06FF9544C544B0820A0
:101440005449C3F85401544AC3F800115348C3F82F
:10145000F0405349FFF7D4FF524A53495348FFF72E
:10146000CFFF534CFFF7D6FF4FF470004FF0E02151
:101470000023504AC1F8880D44F823200133B02BD3
:10148000FAD14D4B80214D4A03F8011B9342FBD109
:101490004FF0E0254A4E4B4A4FF0FF31C5F8084D5A
:1014A000D5F8243D43F4E023C5F8243DF36923F047
:1014B0007F0343F04003F361736A23F07F0343F03B
:1014C000400373629166D1661167516700F02CF991
:1014D0003D4A3E4BA2636322E36300246A61032317
:1014E0003B4AAC612B61C5F8202DD5F8FC2D394B5A
:1014F00042F080723849C5F8FC2D1A6842F00102AA
:101500001A605B680B6000F0DFFA344800F064FC9E
:10151000F16E334B334A41F44051F1661C60C3F81D
:101520000841C3F81841C3F82841C3F83841936B08
:10153000DB0708D442F615632B4951651365936B9D
:1015400043F001039363274A284C936843F0011347
:10155000936000F077F900F05FF800F035FC00F0E0
:10156000E5FA00F0DBF82368132BFCD900F07AFBD6
:101570002368B3F5967FFBD300F0D4F800F0D0F8E1
:1015800000F02EFC00F030FC30BFFDE70C0D111315
:1015900000800D401B10182098B5020000000000CC
:1015A00004220060C05A0020A0D702600000002082
:1015B0000058002039F2010000E400E0A0E400E05F
:1015C00000C00F4000C00A40F9DE0100FDDE01004E
:1015D00000002020001000E0D09E00200046C32321
:1015E0000040084000400D400000C056D49E00203E
:1015F000054B4FF42A01054A05485A641864054A08
:1016000099639546FFF714FF00C00A40FFAFAAAAEE
:1016100007002000000005200F4B40F2376C0F4AF6
:10162000A020D96E41F44031D966D96E41F44071A1
:10163000D966C2F844C09064936C1B06FCD4084A77
:1016400040F23761A02351649364936C13F08003DC
:10165000FBD1044A1370704700C00F4000400C409B
:1016600000800C403BA00020294A00210123C2F841
:10167000A000C2F8A410C2F8B0305369D907FCD555
:1016800001234FF4803C22495361C2F8A000C2F804
:10169000A4C0C2F8B0304B69DB07FCD501234FF47E
:1016A000003C1B4A4B61C1F8A000C1F8A4C0C1F8BE
:1016B000B0305369D907FCD50123DFF858C014496D
:1016C0005361C2F8A000C2F8A4C0C2F8B0304B69A0
:1016D000DB07FCD5D1F8003145F60D504FF0210C59
:1016E0009AB2C1F814C0824210D045F69D518A4288
:1016F0000AD1C3F34253032B08D0A3F10403B3FA76
:1017000083F35B0918017047002070470820704779
:1017100000402A4004000300704700BF704700BF2C
:10172000704700BF00BF70474FF0E02300214FF02B
:10173000100C3448C3F8941DC3F89CCD4FF0110C25
:10174000C3F8A00D3048C3F89CCD4FF0120CC3F87D
:10175000A00D2E48C3F89CCD2D4AC3F8A00DDFF88C
:10176000D0C042F015022B48C3F89CCDC3F8A00DA1
:10177000DFF8C0C02848C3F89CCDC3F8A00DDFF83F
:10178000B8C0C3F89C2D2548254AC3F8A0CDC3F89E
:101790009C0DC3F8A02D02F5A022DFF8A0C00C32EA
:1017A0002048C3F89CCDC3F8A02D1F4AC3F89C0D58
:1017B000C3F8A02D02F14062DFF884C002321B485A
:1017C000C3F89CCDC3F8A02D0A32C3F89C0DC3F812
:1017D000A02D00BF00BF00BF00BF00BF0122C3F8A3
:1017E000942DBFF34F8FBFF36F8FC3F8501FBFF31C
:1017F0004F8FBFF36F8FD3F8142D42F44032C3F8EC
:10180000142D70473F000010250008070900100044
:1018100080A00020210002072500081316002020C8
:1018200027000B13180000602F000B071A00008020
:1018300013002000140000200900001017000040D1
:101840001900007030B5864B85B0DFF874E21822BD
:10185000844D0120C3F85CE28349C3F86052A5F5CA
:101860008055DFF860C2814CC3F864E2C3F8685267
:101870002125C3F86CC2C3F870C2C3F874C2C3F8A0
:1018800078C248F20C7CDA661A675A679A67DA6798
:10189000C3F88020C3F88420C3F88820C1F82C0343
:1018A000734AC1F83003C1F83403C1F83803C1F8F2
:1018B0003C03C1F85003A1696E4B0A406E486F4962
:1018C00013436F4AA361D4F8843043F00C03C4F887
:1018D00084304FF0FF34036843F002030360036871
:1018E00003EA0C031A43674B026044608A68664C43
:1018F0001340664A43F000538360C36823F07803C3
:10190000C360036A23401A43604B0262026A2240AA
:101910005F4C1343002243628462C46240F2056458
:10192000D1F8B83023F03F0343F00103C0F8B830DA
:10193000D1F8BC30574923F03F0343F00103C0F80E
:10194000BC3002610567C0F880404567C0F884403C
:101950000224036823F00203036081614E4B4F4968
:10196000C46143F8042B8B42FBD1434C236843F002
:1019700001032360256815F00105FBD145480222CB
:1019800040F2F561A06140F29940E26140F26642A6
:10199000C4F8001242F20141C4F81022404AC4F8CF
:1019A0002002C4F8302240F23542C4F834123D48D7
:1019B000C4F840223C4AC4F850022846C4F85422D5
:1019C00042F201223949C4F86012C4F86422FFF7D8
:1019D0004BFE0246002839D0810201234FF48020BB
:1019E00021662549C4F8A050C4F8A400C4F8B0305A
:1019F0004B69D807FCD515050124039228464C6194
:101A0000FFF732FE039A2A4B0244D2B21A7080B119
:101A1000194980024FF4802348660846C1F8A05057
:101A2000C1F8A430C1F8B0404369DB07FCD50123FD
:101A3000436120490024204801230094401A00EB10
:101A400002521E4800F0C4F905B030BD1B4B1849C6
:101A500018600870D860C3E9010005B030BD00BF50
:101A600000801F40F910010000841F4000C00F409B
:101A7000FFFCFF1F0003008000402A4000802A4036
:101A80001200FFFFFF37F70000FFF07C40000080EE
:101A9000FF000F83F05AF05A00422A4000432A40C8
:101AA0009F041830EB06180A063201263806180A79
:101AB0003CA000200000007000000070649C00202A
:101AC000F9B00100F970010010B5174A4FF48054C5
:101AD0004FF4005E4FF4404C4FF4803043F242012B
:101AE000136913F0020F0DD113F4005F0FD013F43C
:101AF000805F0FD0002BF3DA13F4803F0CD15B062C
:101B00000ED510BDC2F818C050619161E8E7C2F867
:101B100014E0E5E75461E3E74FF480339361DFE7D6
:101B200040235361DCE700BF00800D40414A0320A1
:101B30004149F3EE095AD2F880309FED406A23F014
:101B400001039FED3F5ADFF814C100B5C2F88030A1
:101B5000C2F89000D1F8E010DFF804E1CBB23948C8
:101B6000CEF8003007EE903A0B0DC1F30B21F8EEE2
:101B7000E77A06EE903A07EE101A334BB8EEC77AC2
:101B8000CCF80010F8EEE66A304937EEC66A37EE58
:101B9000C55A76EEC76A77EEE57A26EE266AC3ED79
:101BA000006A25EE265AD2F8803067EEA64AC0EDCC
:101BB000007AC6EE275A264885EE276AC4EEA76A41
:101BC00075EE875AFCEEE55A36EE076A15EE90CAB6
:101BD000BCEEC66A43EA0C5376EE877AC2F88030D0
:101BE00016EE103AD2F890C1FCEEE77A01EA034112
:101BF00041EA0C014FF0000C17EE903AC2F8901138
:101C0000C3F30B03D2F890110B431249C2F8903181
:101C1000D2F8803043F00203C2F880300E4B80F8D7
:101C200040C0C1F840314FF0E0230122C3F8082141
:101C300000BD00BF00810D4000441F400000AA42CB
:101C40000000B442449E0020489E00200000FF0F88
:101C500000E400E0005800201DF401003C9E00203C
:101C6000409E0020314B40F6617210B5C3F8202130
:101C700040F2044400F0A0F82D4A2E49D2F88030FA
:101C80002D4843F00303C2F880302C4BC1F860416B
:101C900002681A4203D1D1F8A8319A071BD0254A0D
:101CA0004FF00041244B5963D2F8403143F0020316
:101CB000C2F84031D2F840319B07FBD44FF40030DA
:101CC0004FF0E0211C4B4FF00042C1F88C0219206C
:101CD0009A6300F075F8184B0021164C4FF08042C3
:101CE0000A209A634FF480621960C4F8A80114486E
:101CF00000F05EF84FF4800203464FF4810040F29A
:101D000043111860C4F858311A640E4B0E4AC4F8D7
:101D10004811C3F804224FF0E0224FF400310123B0
:101D2000C2F80C11C4F8403110BD00BF00800D4056
:101D300000C00F4000002E4000900D40001C1E000F
:101D40000000002000580020D9F6010008B50E4B15
:101D50001B6E9B0700D4FBBE72B60C4B00200C4AD6
:101D6000C3F8400103F160430A49A3F55F231164FE
:101D70009D46BFF34F8F4FF40013074A0748DB69B6
:101D800002609B68984700BF00441F4000002E403F
:101D900000C00A4003002000000012EB0080202059
:101DA000F8B500BFF8BC08BC9E46704700000000B4
:101DB0005FF800F0794802005FF800F035FE01009E
:101DC0005FF800F03DE901005FF800F04516020001
:101DD0005FF800F0A91702005FF800F029E60100A3
:101DE0005FF800F0C94A02005FF800F08DF00100D2
:101DF0000501000019920000D13101005545010094
:081E00007962010049AB010009
:101E0800CDCCCC3D0AD7233C17B7D13877CC2B3271
:101E18009595E6241FB14F0A000020410000C842F2
:101E280000401C4620BCBE4CCA1B0E5AAEC59D7451
:101E38009A9999999999B93F7B14AE47E17A843F69
:101E48002D431CEBE2361A3F3A8C30E28E79453E40
:101E5800BC89D897B2D29C3C33A7A8D523F6493978
:101E68003DA7F444FD0FA5329D978CCF08BA5B259A
:101E7800436FAC642806C80A000000000000244034
:101E88000000000000005940000000000088C34026
:101E98000000000084D797410080E03779C34143B0
:101EA800176E05B5B5B89346F5F93FE9034F384DB8
:101EB800321D30F94877825A3CBF737FDD4F157564
:101EC8006CC00F40030000000E0D0000E9BB0100CC
:101ED8002A36000014000000130000000100000072
:101EE800F4841F402B32000014000000130000008F
:101EF80001000000F8841F402D310000140000008C
:101F08001300000001000000F0841F402CFFFF00B8
:101F180014000000000000000000000001000000A4
:101F280000000000EC841F400000000000000000DA
:101F38006CC00F4030000000100F0000E9BB01002A
:101F48000127000017000000120000000001000037
:101F580014851F401AFF0000120000000000000056
:101F68000100000018851F401BFF00001200000040
:101F7800000000000100000010851F400026FF003F
:101F8800170000001200000000000000010100001E
:101F9800010000000C851F400C851F400000000058
:101FA8006CC00F40C0000000504F0000BDBC0100D5
:101FB8000CFF0000130000000000000000000000FB
:101FC80024851F400BFF00001300000000000000E4
:101FD8000000000028851F400DFF000013000000CE
:101FE800000000000000000020851F400A25240092
:101FF800130000001200000012000000010203009C
:1020080000000000000000000000000000000000C8
:102018000901809611800A3A81550A3601082A0476
:10202800000000F02B040000014021800A13800A00
:1020380029800A003E0353006500720069006100B0
:102048006C002F004B006500790062006F00610092
:10205800720064002F004D006F007500730065006A
:102068002F004A006F007900730074006900630054
:102078006B00000018035400650065006E007300D3
:1020880079006400750069006E006F00040309049C
:102098000902AF00060100C032080B00020202016B
:1020A80000090400000102020100052400100105D6
:1020B8002401010104240206052406000107058203
:1020C8000310001009040100020A000000070503BC
:1020D80002400000070583024000000904020001D5
:1020E80003010100092111010001223F00070584B5
:1020F800030800010904030001030000000921117D
:10210800010001225400070586030800020904049F
:1021180000010300000009211101000122550007F8
:102128000587030C000109040500010300000009EC
:102138002111010001222800070585030800040079
:102148000902AF00060100C032080B0002020201BA
:102158000009040000010202010005240010010525
:102168002401010104240206052406000107058252
:102178000310000509040100020A00000007050316
:1021880002000200070583020002000904020001A0
:1021980003010100092111010001223F0007058404
:1021A80003080001090403000103000000092111CC
:1021B80001000122540007058603080002090404EF
:1021C8000001030000000921110100012255000748
:1021D8000587030C0001090405000103000000093C
:1021E80021110100012228000705850308000400C9
:0C21F8000A060002EF0201400100000096
:1022040000000000000000000000000000000000CA
:1022140000000000000000000000000000000000BA
:10222400F8B54FF084439D695A6915400DD0254F88
:1022340001269D6195FAA5F4B4FA84F457F8243084
:1022440006FA04F49847A543F4D11F4B9D695A69D3
:1022540015400DD01D4F01269D6195FAA5F4B4FAE1
:1022640084F457F8243006FA04F49847A543F4D1CB
:10227400174B9D695A6915400DD0164F01269D6173
:1022840095FAA5F4B4FA84F457F8243006FA04F461
:102294009847A543F4D1104B9D695A6915400DD058
:1022A4000E4F01269D6195FAA5F4B4FA84F457F80B
:1022B400243006FA04F49847A543F4D1BFF34F8FB2
:1022C400F8BD00BFF05100200040004270520020D1
:1022D40000800042F052002000C0004270530020F1
:1022E4000548064B1B1AD90F01EBA301491002D074
:1022F400034B03B118477047C05A0020C05A00204E
:102304000000000008B5054B1BB105490548AFF3B3
:102314000080BDE80840FFF7E3BF00BF00000000F5
:10232400EC9D002000400360704700BF704700BF71
:10233400704700BF00238382C0E90333704700BFA6
:10234400704700BF012A57D12DE9F04F85B00E9A8E
:10235400082A8CBF002201221AB1002005B0BDE872
:10236400F08FB1F81EE040F25E4CE645F5D193F8EB
:1023740005C0BCF1FF0FF0D193F806C0BCF1470FC4
:10238400EBD193F800C00E9C9C4423440CF1060E40
:102394007345E2D39346904692469146174603927C
:1023A4001A4604E0F4440CF1060E724526D39CF858
:1023B40000E0BEF1030F21D99CF80130052BF1D1C7
:1023C400BEF1060FEED99CF8033003F00303032B90
:1023D400E8D19CF902309CF80240002BBCF8045070
:1023E4009CF806602DDBB8F1000FDBD104F00F0878
:1023F400C5F30A0B0396D5E7002070473A46002F31
:10240400ABD04B460D4604460321402B2846CDF85D
:1024140004A028BF40230093012316F079FEE06056
:1024240000289AD0174A234604F13401C26340229B
:1024340016F0C6FAB8F1000F0BD1012318466375E4
:102444008CE7002FAED104F00F07C5F30A09B2469A
:10245400A8E75946039B42462846052901934FF0B5
:10246400000328BF05210091032116F051FE2346E5
:1024740020610028E1D004490522C163034916F014
:102484009FFADAE72506000041010000144E0020FF
:10249400F8B5274A274F92F8F66797F900303A784B
:1024A40036EA030519D0002402E00134082C0BD0CD
:1024B40025FA04F3DA07F8D51F4B33F81400013476
:1024C40020F08AF8082CF3D11C4B3A781B682A4375
:1024D4001B4932333A700B601346164204D0174A34
:1024E4001749126832320A6023EA060313F0FF0424
:1024F4005DB21BD0114B124A1B6812689B1A002B49
:1025040014DB002602E00136082E0BD024FA06F272
:10251400D307F8D5084B33F8160001361FF0B4FF83
:10252400082EF3D13B7823EA05033B70F8BD00BFC6
:10253400606800202AA0002014390020D49E0020C6
:102544009C930020562800B583B002D1074B00228B
:102554009A730190FFF79CFF054B1B6823B1019808
:1025640003B05DF804EB184703B000BD60680020B9
:1025740014950020562800B583B002D1074B0122E0
:102584009A730190FFF784FF054B1B6823B10198F0
:1025940003B05DF804EB184703B000BD6068002089
:1025A4000095002008B52DED028B9FED1D8A1D4975
:1025B40001201DF001FF07EE900AF8EEE77AC7EE5E
:1025C400888AF5EE408AF1EE10FAF0D01549002021
:1025D4001DF0F2FE07EE900AB0EE680AF8EEE77A14
:1025E400C7EE888A21F048FAF8EE007A20EE270A2E
:1025F400B5EE400AF1EE10FA0CD4B1EEC08A9FEDAC
:102604000A0A28EE800A21F02FFC20EE080ABDEC0D
:10261400028B08BD21F008FAB0EE408AEFE700BF54
:102624000024744941420F00DB0FC94008B52DED69
:10263400048B09EE900A9FED227A40F2E931214899
:10264400F8EE697A67EE807A87EE879A1DF0B4FE19
:1026540040F2E93108EE900A1A481DF0ADFE08EE8A
:10266400100A40F2E9311748F8EEE88A1DF0A4FE9A
:10267400B8EEC88A07EE100A9FED136A19EE902A85
:10268400B8EEC77ADFED116A38EE288A47F6FF7391
:1026940037EE087AC7EE067A67EE897ABDEC048BCA
:1026A40067EEA67AFDEEE77A17EE900A1044984298
:1026B400A8BF18460128B8BF012080B208BD00BFDA
:1026C4000000C84218FCFFFF00803B452DB25D406E
:1026D40030B500220B7989B0044658070692CDE93B
:1026E400042203F001024FEA822248BF42F0400272
:1026F4001D0748BF42F08002D80648BF42F00102DD
:102704009D0648BF42F00202580648BF42F0040248
:102714001B064B7948BF42F00802DD0648BF42F071
:102724001002980648BF42F020025D0648BF42F4FA
:102734008072180623EA930048BF42F4007220EA2C
:10274400D300C50762D403EAD300C00733D50123FD
:10275400009204F1180C0A89C88892014D89B1F8D5
:102764000EE080018DF818300023ADF80E20A5F599
:1027740000458A89AEF5004E098AADF80C00A2F531
:1027840000401A46A1F5004165F30F0301256EF3DD
:102794000F02EE4660F31F4361F31F42CDE901329D
:1027A400BEE80F00ACE80F009EE807008CE80700C5
:1027B400257509B030BD03F00105C3F340004FEAAD
:1027C400530C85F0010580F0010005EAD30E1EEAE2
:1027D400000F1FD10CEAD30E1EF0010F18D12CEA02
:1027E400930E2EEAD30E1EF0010F19D10CEA930CAE
:1027F4001CF0010F10D100EA930005420ED103EA48
:10280400930303F00103C3F10803A1E700239FE747
:1028140003239DE702239BE7052399E7062397E714
:10282400042395E7C36B2BB3826803F13401C2F32D
:102834000E422F3A112A18D993F83420202A14D1A1
:1028440093F837200E2A10D1184600B583B00191B1
:102854000093FFF73DFFDDE90031D86858B140220D
:1028640003B05DF804EB16F0ABB8D86810B14022A1
:1028740016F0A6B8704703B000BD00BF4378012B23
:1028840000F04081022B00F02081B0F89A306BB147
:1028940090ED057A07EE903AB0EEC77AFBEEEF7A48
:1028A400B4EEE77AF1EE10FA00F31381B0F89C303D
:1028B4006BB190ED067A07EE903AB0EEC77AFBEE74
:1028C400EF7AB4EEE77AF1EE10FA00F30281D0ED7C
:1028D400167A9FEDB87AF4EEC77AF1EE10FA00F3A7
:1028E400FC8090F84C30002B00F01881022B40F053
:1028F400128190ED147ADFEDAF7AB4EEE77AF1EE5F
:1029040010FA40F2E680F0EE407A034630B52DED41
:10291400028B90F828C01546A34A89B0BCF1020F77
:10292400126800F00C81BCF1030F00F04981BCF186
:10293400040F00F0B881D0ED026A9FED9E6AF4EEB8
:10294400C66AF1EE10FA23DD406C101A63281FD911
:102954009FED996A059186EE868A8DED037A02923F
:1029640001938DED040AFFF71DFE019B68EE006ADA
:10297400C3ED036AFFF716FE68EE006A0599DDED04
:10298400047A9DED037ADDE901325A64C3ED046AE9
:10299400D3F8CC0093ED316A121AB8EE466A06EE0B
:1029A400902AF8EE666AF4EEC66AF1EE10FA40F187
:1029B400888076EE666AC6EE865AF5EEC05AF1EE67
:1029C40010FA7ED993F86A00D3ED056A93ED065A9E
:1029D400C8B106EE100A9FED783AB3F86000B8EE7D
:1029E400466A93ED1B4AD3ED1C3AC6EE034A06EE43
:1029F400100AB8EE466A24EE844A64EEA34AE4EE72
:102A0400066AA6EE245A65EEA66A93F86B0065EE94
:102A1400855A66EE876A65EE875A93ED327AB8EE88
:102A2400476A26EEA77A65EEA77AC7EE066A87EEAE
:102A3400867A002840F0B78193ED026AF8FE666A50
:102A4400DFED5C7AB8FE477AB4EEE76AFDEEE66A3B
:102A5400BDEEC77AF1EE10FA16EE902A17EE100AC0
:102A64000A8028802DDDB1F90000F7EE005AD3ED7D
:102A7400036A07EE900A9FED516A76EEA56A93ED1C
:102A8400047AF8EEE77A37EE257AC6FE866A67EEB0
:102A9400A67A87FE067AF8FE677AFDEEE77A17EEE5
:102AA400903A0B80B5F9003007EE903AF8EEE77AE9
:102AB40067EE877AF8FE677AFDEEE77A17EE903ACA
:102AC4002B8009B0BDEC028B30BDC378002B7FF4A2
:102AD400DCAE002380F89830704790ED057AB0EEB4
:102AE400C77AF4EEC77AF1EE10FA7FF7FAAE90EDFA
:102AF400067AB0EEC77AF4EEC77AF1EE10FA7FF7F1
:102B0400F0AEE6E78378002BE3D0B0F89A30002BE0
:102B14003FF4CCAEBCE6B7EE007AF4E6F3EE0E6A10
:102B240090ED176AB7EE007AC6EE267AF4EEC77A0D
:102B3400F1EE10FA77FE277A37EE677ADBE6D0F803
:102B4400CC00D3F8C440101AA04280F0238193F83B
:102B54003000002840F08D8093F838000028B0D071
:102B6400D3ED0F6AD3ED107A93ED026A0020DFED06
:102B7400115A67EE266A67EE277A83F83800B4EEB6
:102B8400E56AF1EE10FA00F32581F8FE666AF8FEB4
:102B9400677AFDEEE66AFDEEE77A16EE903A17EEF6
:102BA400902A0B802A808CE7D49E0020000048C322
:102BB400000048436F12833A0000C842000000003E
:102BC400D0F8CC40A2EB040CD0F8C440A44549D2C0
:102BD40090F89800002840F0E180D3F88C0093F836
:102BE40089C0101A6045FFF46CAF93F88A0093ED26
:102BF400056AD3ED066A012827EE066AC3F88C201D
:102C040067EE266A38BF012007EE900A0138F8EE15
:102C1400675A83F8980086EE257AC6EEA57AB8FE40
:102C2400477ABDEEC77A17EE102AF8FE677AFDEEF2
:102C3400E77A0FFA82FC17EE902A07EE90CA10B2D8
:102C4400B8EEE77A07EE900A36EE476AF8EEE77ACE
:102C540083ED246A76EEE76AC3ED256AA1F800C025
:102C640028802EE7002380F8983009B0BDEC028B51
:102C740030BD5C6BA2EB040C8445FFF422AF93EDF2
:102C84000B5A5FED335AD3ED056AC5EE257A93ED01
:102C9400066A5A6367EEA66A67EE867AC3ED0F6A20
:102CA400C3ED107A60E790F8B80000283FF409AF4C
:102CB40093F89F201FED403A04EE902A93F8A02049
:102CC40093ED2B6AF8EE644A07EE902AD3ED295A65
:102CD400F8EE677AD3ED2C3A84EE834A93ED2A5AC0
:102CE4005FED4E6A27EE866A67EEA37AA4EE256A44
:102CF400E4EE057A26EE076A27EE877AB4EEE66AF2
:102D0400F1EE10FA07D45FED566AB4EEE66AF1EE1E
:102D140010FA76FE866A5FED5B7AB4EEE77AF1EE3E
:102D240010FA07D45FED5E7AB4EEE77AF1EE10FAAA
:102D340077FE877A93F86B00002840F0B78093ED14
:102D4400027A1FED646AB4EEC67AF1EE10FA74DC0E
:102D5400F8FE677AFDEEE77AF8FE666AFDEEE66A4B
:102D640017EE902A10B216EE902A0A8007EE900A07
:102D74002880B1F90020F8EEE77A07EE102A35EE44
:102D8400675AB8EEC77A83ED2A5A75EEC75AC3ED6F
:102D9400295A96E6002283F8382092E693ED246AB5
:102DA400D3ED256A30E727EE076A07EE900AF8EEBE
:102DB400677AA6EEA66AF1EEC65AF4EEE75AF1EE89
:102DC40010FA7FF739AE87EEA56A66EE866A27EEBB
:102DD400067A31E61FED887A069186EE078ACDEDF4
:102DE400057ACDED016AFFF7DDFB5FED8C5ADDED71
:102DF400016ACDED035AB7EE007AB0EE476A8DED65
:102E0400047AA8EE006A86FE256A66EE866ACDED2F
:102E1400026ACDED016AFFF7C5FB9DED047ADDED95
:102E2400035AA8EE007ADDED057A0699DDED016A14
:102E340087FE257A67EE877AA7E61FEDA16ACDEDB6
:102E4400057A87EE068ACDED016ACDE90631FFF7F2
:102E5400A9FBB7EE007A5FEDA74ADDED016AB0EE9B
:102E6400476A8DED047ACDED034AA8EE006A86FE2A
:102E7400246A66EE866ACDED026ACDED016AFFF73B
:102E840091FB9DED047A069BA8EE007ADDED034AE2
:102E9400DDED057AD3ED295A93ED2A5A0799DDED34
:102EA400016A87FE247A67EE877A51E727EEA76ADC
:102EB40007EE100AB8EE477AA6EEA66AF1EEC64A05
:102EC400F4EEC74AF1EE10FA7FF739AF87EE246AC1
:102ED40066EE866A67EE867A31E700BF2DE9F8432D
:102EE40005460F4600242F4E4FF00109DFF8BC8041
:102EF40014E0192A3AD9A0F11E02082A4AD927282F
:102F04004ED0A0F13A020B2A46D92838264AC0B23C
:102F140032F8100058BB0134072C25D025FA04F3ED
:102F2400DB07F8D5305D27FA04F3021F03F0010331
:102F3400D2B2E32ADDD91030C0B20428EBD809FAA2
:102F440000F098F80020C0B2C3B140EA02039043F5
:102F5400E1D088F80030002301341A461946184697
:102F64001FF07EFC072CD9D1BDE8F8835D3013B186
:102F74001FF032FBCFE71FF087FACCE71042CAD02C
:102F840022EA00021946184688F800201A461FF063
:102F940067FCC0E71330EAE7A0F5805080B2E6E7AB
:102FA4003020E4E7949C0020180A002052A000205E
:102FB40010B5044682B049B10846019124F0E0F806
:102FC40023680246019920465B689847204602B070
:102FD400BDE810401DF006B930B501EB8103324C59
:102FE4004FF01A0C83B022680CFB003313449B7C13
:102FF400002B42D00546181F192834D9A3F11E000E
:10300400082841D9272B4CD0A3F13A000B2844D9E6
:10301400283BDBB2BF2B3AD91346D3F8073001EB78
:103024008100DFED227A00EE103A214BB4EEE70A7C
:103034001C681A2303FB0500F1EE10FA0244B2F8EF
:1030440013000ED420B10091FFF7F0FA0099044464
:10305400184A1948194B1170012204601A7003B000
:1030640030BD0444F4E703F15D00CDE900211FF015
:10307400B3FA2368DDE90021CFE70E4B197003B0E2
:10308400BDE8304000F01EB803F11300EDE70C4832
:1030940030F813000028BFD0E7E7A3F5805398B2B7
:1030A400E3E73020E1E700BF8C9600200AD7233CF9
:1030B400D49E00202CA00020DC93002030A000200F
:1030C400180A002000B5DFF884E083B09EF80010F1
:1030D4000131C9B2032919D8194B01EB81021B68CC
:1030E40013441A2202FB003303E05FFA8CF1042933
:1030F4000CD09A7C01F1010C0533002AF5D08EF82E
:10310400001003B05DF804EBFFF766BF0D4A1378B7
:103114003BB100218EF8001003B05DF804EBFFF71B
:103124005BBF01931FF070F9019BFF20DFF820C003
:103134000549044A8CF800301370087003B000BDD0
:103144008C9600202BA000201A5500202CA00020D3
:1031540030A000202DE9F0417C4F00237C4D82B04B
:10316400396804462B5411B18B79002B52D1794A1A
:10317400137813B1A34200F0C780774B196859B391
:103184008B794BB3C87A38B3744D002395F800C0DB
:1031940009E0032A03D1CA7B012A00F09E809842E9
:1031A40001F11A0118D0DAB201339445F7D10A7B40
:1031B400012AEED1CA7B012AF1D14A7BA242EED187
:1031C4001FF022F900236648FF22664903700B7042
:1031D4002A7002B0BDE8F081231F192B40F28680CB
:1031E400A4F11E03082B40F28880272C00F099805C
:1031F400A4F13A030B2B40F28C80A4F12803DBB238
:10320400BF2BE6D8584A32F81300002870D102B018
:10321400BDE8F081554B1B78002BA8D191F807C06D
:10322400BCF1000FA3D0012301F1080E01F109083C
:103234000FE0A64203D12E5C002E00F08580082BFF
:1032440018BF944503F101038CBF01220022002A18
:103254008DD01EF82300DAB20028F0D018F82360CD
:10326400002EECD0A042E4D1A85D08B1A642E6D17C
:103274005D1E331F192B56D9A6F11E03082B5AD9EC
:10328400272E5FD0A6F13A030B2B57D9A6F12803BA
:10329400DBB2BF2B04D8344A32F81300002844D1DF
:1032A4000A46AB1CDFED327A01EB830331490E7021
:1032B4009268D88800EE102A2F4AB4EEE70A1568FF
:1032C400F1EE10FA02D410B1FFF7B0F905442B4A1D
:1032D40001231560254A137049E74A7BA2423FF453
:1032E4006FAF8A7BA2427FF45AAF69E704F15D00B5
:1032F40002B0BDE8F0411FF0C7B804F1130002B0FA
:10330400BDE8F0411FF0C0B80023137002B0BDE85F
:10331400F081A4F58054A0B202B0BDE8F0411FF0E2
:10332400B3B83020E4E706F15D0001911FF054F9D1
:103334003A680199B5E706F11300F6E7A6F580505F
:1033440080B2F2E73020F0E7064691E7EC7E0020F9
:103354008C95002025A000208C9600201A55002072
:1033640030A000202BA00020180A00202DA000204F
:103374000AD7233C26A00020D49E0020848300206A
:103384001D4BD3F8D82010689168006810B4084227
:10339400137C546814BF0121002103F00303D4F803
:1033A40000C0D06843EA81031CEA000F43F008011F
:1033B40018BF0B469908013B11740D2B0BD8DFE89D
:1033C40003F0110C070C0A161111160A0C070C1144
:1033D40053690233536110BC70475369013B10BCFD
:1033E400536170475369013310BC5361704753698B
:1033F400023B10BC53617047E89600201D4BD3F884
:10340400D42010689168006810B40842137C546892
:1034140014BF0121002103F00303D4F800C0D068D5
:1034240043EA81031CEA000F43F0080118BF0B466E
:103434009908013B11740D2B0BD8DFE803F0110C34
:10344400070C0A161111160A0C070C1153690233E2
:10345400536110BC70475369013B10BC5361704702
:103464005369013310BC536170475369023B10BC6C
:1034740053617047E89600201D4BD3F8D0201068A4
:103484009168006810B40842137C546814BF012189
:10349400002103F00303D4F800C0D06843EA810399
:1034A4001CEA000F43F0080118BF0B469908013BC2
:1034B40011740D2B0BD8DFE803F0110C070C0A165E
:1034C4001111160A0C070C1153690233536110BC15
:1034D40070475369013B10BC536170475369013312
:1034E40010BC536170475369023B10BC5361704771
:1034F400E89600201D4BD3F8CC2010689168006832
:1035040010B40842137C546814BF0121002103F055
:103514000303D4F800C0D06843EA81031CEA000F17
:1035240043F0080118BF0B469908013B11740D2B99
:103534000BD8DFE803F0110C070C0A161111160A58
:103544000C070C1153690233536110BC7047536963
:10355400013B10BC536170475369013310BC536184
:1035640070475369023B10BC53617047E8960020D2
:103574001D4BD3F8C82010689168006810B4084245
:10358400137C546814BF0121002103F00303D4F811
:1035940000C0D06843EA81031CEA000F43F008012D
:1035A40018BF0B469908013B11740D2B0BD8DFE8AB
:1035B40003F0110C070C0A161111160A0C070C1152
:1035C40053690233536110BC70475369013B10BC0B
:1035D400536170475369013310BC53617047536999
:1035E400023B10BC53617047E89600201D4BD3F892
:1035F400C42010689168006810B40842137C5468B1
:1036040014BF0121002103F00303D4F800C0D068E3
:1036140043EA81031CEA000F43F0080118BF0B467C
:103624009908013B11740D2B0BD8DFE803F0110C42
:10363400070C0A161111160A0C070C1153690233F0
:10364400536110BC70475369013B10BC5361704710
:103654005369013310BC536170475369023B10BC7A
:1036640053617047E89600201D4BD3F8C0201068C2
:103674009168006810B40842137C546814BF012197
:10368400002103F00303D4F800C0D06843EA8103A7
:103694001CEA000F43F0080118BF0B469908013BD0
:1036A40011740D2B0BD8DFE803F0110C070C0A166C
:1036B4001111160A0C070C1153690233536110BC23
:1036C40070475369013B10BC536170475369013320
:1036D40010BC536170475369023B10BC536170477F
:1036E400E89600201D4BD3F8BC2010689168006850
:1036F40010B40842137C546814BF0121002103F064
:103704000303D4F800C0D06843EA81031CEA000F25
:1037140043F0080118BF0B469908013B11740D2BA7
:103724000BD8DFE803F0110C070C0A161111160A66
:103734000C070C1153690233536110BC7047536971
:10374400013B10BC536170475369013310BC536192
:1037540070475369023B10BC53617047E8960020E0
:103764001D4BD3F8B82010689168006810B4084263
:10377400137C546814BF0121002103F00303D4F81F
:1037840000C0D06843EA81031CEA000F43F008013B
:1037940018BF0B469908013B11740D2B0BD8DFE8B9
:1037A40003F0110C070C0A161111160A0C070C1160
:1037B40053690233536110BC70475369013B10BC19
:1037C400536170475369013310BC536170475369A7
:1037D400023B10BC53617047E89600201D4BD3F8A0
:1037E400B42010689168006810B40842137C5468CF
:1037F40014BF0121002103F00303D4F800C0D068F2
:1038040043EA81031CEA000F43F0080118BF0B468A
:103814009908013B11740D2B0BD8DFE803F0110C50
:10382400070C0A161111160A0C070C1153690233FE
:10383400536110BC70475369013B10BC536170471E
:103844005369013310BC536170475369023B10BC88
:1038540053617047E89600201D4BD3F8B0201068E0
:103864009168006810B40842137C546814BF0121A5
:10387400002103F00303D4F800C0D06843EA8103B5
:103884001CEA000F43F0080118BF0B469908013BDE
:1038940011740D2B0BD8DFE803F0110C070C0A167A
:1038A4001111160A0C070C1153690233536110BC31
:1038B40070475369013B10BC53617047536901332E
:1038C40010BC536170475369023B10BC536170478D
:1038D400E89600201D4BD3F8AC201068916800686E
:1038E40010B40842137C546814BF0121002103F072
:1038F4000303D4F800C0D06843EA81031CEA000F34
:1039040043F0080118BF0B469908013B11740D2BB5
:103914000BD8DFE803F0110C070C0A161111160A74
:103924000C070C1153690233536110BC704753697F
:10393400013B10BC536170475369013310BC5361A0
:1039440070475369023B10BC53617047E8960020EE
:103954001D4BD3F8A82010689168006810B4084281
:10396400137C546814BF0121002103F00303D4F82D
:1039740000C0D06843EA81031CEA000F43F0080149
:1039840018BF0B469908013B11740D2B0BD8DFE8C7
:1039940003F0110C070C0A161111160A0C070C116E
:1039A40053690233536110BC70475369013B10BC27
:1039B400536170475369013310BC536170475369B5
:1039C400023B10BC53617047E89600201D4BD3F8AE
:1039D400A42010689168006810B40842137C5468ED
:1039E40014BF0121002103F00303D4F800C0D06800
:1039F40043EA81031CEA000F43F0080118BF0B4699
:103A04009908013B11740D2B0BD8DFE803F0110C5E
:103A1400070C0A161111160A0C070C11536902330C
:103A2400536110BC70475369013B10BC536170472C
:103A34005369013310BC536170475369023B10BC96
:103A440053617047E89600201D4BD3F8A0201068FE
:103A54009168006810B40842137C546814BF0121B3
:103A6400002103F00303D4F800C0D06843EA8103C3
:103A74001CEA000F43F0080118BF0B469908013BEC
:103A840011740D2B0BD8DFE803F0110C070C0A1688
:103A94001111160A0C070C1153690233536110BC3F
:103AA40070475369013B10BC53617047536901333C
:103AB40010BC536170475369023B10BC536170479B
:103AC400E89600201D4BD3F89C201068916800688C
:103AD40010B40842137C546814BF0121002103F080
:103AE4000303D4F800C0D06843EA81031CEA000F42
:103AF40043F0080118BF0B469908013B11740D2BC4
:103B04000BD8DFE803F0110C070C0A161111160A82
:103B14000C070C1153690233536110BC704753698D
:103B2400013B10BC536170475369013310BC5361AE
:103B340070475369023B10BC53617047E8960020FC
:103B44001D4BD3F8982010689168006810B408429F
:103B5400137C546814BF0121002103F00303D4F83B
:103B640000C0D06843EA81031CEA000F43F0080157
:103B740018BF0B469908013B11740D2B0BD8DFE8D5
:103B840003F0110C070C0A161111160A0C070C117C
:103B940053690233536110BC70475369013B10BC35
:103BA400536170475369013310BC536170475369C3
:103BB400023B10BC53617047E89600201D4BD3F8BC
:103BC400942010689168006810B40842137C54680B
:103BD40014BF0121002103F00303D4F800C0D0680E
:103BE40043EA81031CEA000F43F0080118BF0B46A7
:103BF4009908013B11740D2B0BD8DFE803F0110C6D
:103C0400070C0A161111160A0C070C11536902331A
:103C1400536110BC70475369013B10BC536170473A
:103C24005369013310BC536170475369023B10BCA4
:103C340053617047E89600201D4BD3F8902010681C
:103C44009168006810B40842137C546814BF0121C1
:103C5400002103F00303D4F800C0D06843EA8103D1
:103C64001CEA000F43F0080118BF0B469908013BFA
:103C740011740D2B0BD8DFE803F0110C070C0A1696
:103C84001111160A0C070C1153690233536110BC4D
:103C940070475369013B10BC53617047536901334A
:103CA40010BC536170475369023B10BC53617047A9
:103CB400E89600201D4BD3F88C20106891680068AA
:103CC40010B40842137C546814BF0121002103F08E
:103CD4000303D4F800C0D06843EA81031CEA000F50
:103CE40043F0080118BF0B469908013B11740D2BD2
:103CF4000BD8DFE803F0110C070C0A161111160A91
:103D04000C070C1153690233536110BC704753699B
:103D1400013B10BC536170475369013310BC5361BC
:103D240070475369023B10BC53617047E89600200A
:103D34001D4BD3F8882010689168006810B40842BD
:103D4400137C546814BF0121002103F00303D4F849
:103D540000C0D06843EA81031CEA000F43F0080165
:103D640018BF0B469908013B11740D2B0BD8DFE8E3
:103D740003F0110C070C0A161111160A0C070C118A
:103D840053690233536110BC70475369013B10BC43
:103D9400536170475369013310BC536170475369D1
:103DA400023B10BC53617047E89600201D4BD3F8CA
:103DB400842010689168006810B40842137C546829
:103DC40014BF0121002103F00303D4F800C0D0681C
:103DD40043EA81031CEA000F43F0080118BF0B46B5
:103DE4009908013B11740D2B0BD8DFE803F0110C7B
:103DF400070C0A161111160A0C070C115369023329
:103E0400536110BC70475369013B10BC5361704748
:103E14005369013310BC536170475369023B10BCB2
:103E240053617047E89600201D4BD3F8802010683A
:103E34009168006810B40842137C546814BF0121CF
:103E4400002103F00303D4F800C0D06843EA8103DF
:103E54001CEA000F43F0080118BF0B469908013B08
:103E640011740D2B0BD8DFE803F0110C070C0A16A4
:103E74001111160A0C070C1153690233536110BC5B
:103E840070475369013B10BC536170475369013358
:103E940010BC536170475369023B10BC53617047B7
:103EA400E89600201D4BDA6F10689168006810B422
:103EB4000842137C546814BF0121002103F003035A
:103EC400D4F800C0D06843EA81031CEA000F43F031
:103ED400080118BF0B469908013B11740D2B0BD830
:103EE400DFE803F0110C070C0A161111160A0C076F
:103EF4000C1153690233536110BC70475369013B81
:103F040010BC536170475369013310BC536170474F
:103F14005369023B10BC5361704700BFE896002010
:103F24001D4B9A6F10689168006810B40842137CA6
:103F3400546814BF0121002103F00303D4F800C026
:103F4400D06843EA81031CEA000F43F0080118BF5C
:103F54000B469908013B11740D2B0BD8DFE803F0D5
:103F6400110C070C0A161111160A0C070C115369CF
:103F74000233536110BC70475369013B10BC536159
:103F840070475369013310BC536170475369023B56
:103F940010BC5361704700BFE89600201D4B5A6F58
:103FA40010689168006810B40842137C546814BF08
:103FB4000121002103F00303D4F800C0D06843EAD0
:103FC40081031CEA000F43F0080118BF0B4699084F
:103FD400013B11740D2B0BD8DFE803F0110C070C17
:103FE4000A161111160A0C070C1153690233536196
:103FF40010BC70475369013B10BC5361704753694F
:10400400013310BC536170475369023B10BC5361C8
:10401400704700BFE89600201D4B1A6F1068916826
:10402400006810B40842137C546814BF01210021B5
:1040340003F00303D4F800C0D06843EA81031CEA08
:10404400000F43F0080118BF0B469908013B117497
:104054000D2B0BD8DFE803F0110C070C0A16111115
:10406400160A0C070C1153690233536110BC7047D4
:104074005369013B10BC536170475369013310BC51
:10408400536170475369023B10BC5361704700BFD2
:10409400E89600201D4BDA6E10689168006810B431
:1040A4000842137C546814BF0121002103F0030368
:1040B400D4F800C0D06843EA81031CEA000F43F03F
:1040C400080118BF0B469908013B11740D2B0BD83E
:1040D400DFE803F0110C070C0A161111160A0C077D
:1040E4000C1153690233536110BC70475369013B8F
:1040F40010BC536170475369013310BC536170475E
:104104005369023B10BC5361704700BFE89600201E
:104114001D4B9A6E10689168006810B40842137CB5
:10412400546814BF0121002103F00303D4F800C034
:10413400D06843EA81031CEA000F43F0080118BF6A
:104144000B469908013B11740D2B0BD8DFE803F0E3
:10415400110C070C0A161111160A0C070C115369DD
:104164000233536110BC70475369013B10BC536167
:1041740070475369013310BC536170475369023B64
:1041840010BC5361704700BFE89600201D4B5A6E67
:1041940010689168006810B40842137C546814BF16
:1041A4000121002103F00303D4F800C0D06843EADE
:1041B40081031CEA000F43F0080118BF0B4699085D
:1041C400013B11740D2B0BD8DFE803F0110C070C25
:1041D4000A161111160A0C070C11536902335361A4
:1041E40010BC70475369013B10BC5361704753695D
:1041F400013310BC536170475369023B10BC5361D7
:10420400704700BFE89600201D4B1A6E1068916835
:10421400006810B40842137C546814BF01210021C3
:1042240003F00303D4F800C0D06843EA81031CEA16
:10423400000F43F0080118BF0B469908013B1174A5
:104244000D2B0BD8DFE803F0110C070C0A16111123
:10425400160A0C070C1153690233536110BC7047E2
:104264005369013B10BC536170475369013310BC5F
:10427400536170475369023B10BC5361704700BFE0
:10428400E89600201D4BDA6D10689168006810B440
:104294000842137C546814BF0121002103F0030376
:1042A400D4F800C0D06843EA81031CEA000F43F04D
:1042B400080118BF0B469908013B11740D2B0BD84C
:1042C400DFE803F0110C070C0A161111160A0C078B
:1042D4000C1153690233536110BC70475369013B9D
:1042E40010BC536170475369013310BC536170476C
:1042F4005369023B10BC5361704700BFE89600202D
:104304001D4B9A6D10689168006810B40842137CC4
:10431400546814BF0121002103F00303D4F800C042
:10432400D06843EA81031CEA000F43F0080118BF78
:104334000B469908013B11740D2B0BD8DFE803F0F1
:10434400110C070C0A161111160A0C070C115369EB
:104354000233536110BC70475369013B10BC536175
:1043640070475369013310BC536170475369023B72
:1043740010BC5361704700BFE89600201D4B5A6D76
:1043840010689168006810B40842137C546814BF24
:104394000121002103F00303D4F800C0D06843EAEC
:1043A40081031CEA000F43F0080118BF0B4699086B
:1043B400013B11740D2B0BD8DFE803F0110C070C33
:1043C4000A161111160A0C070C11536902335361B2
:1043D40010BC70475369013B10BC5361704753696B
:1043E400013310BC536170475369023B10BC5361E5
:1043F400704700BFE89600201D4B1A6D1068916845
:10440400006810B40842137C546814BF01210021D1
:1044140003F00303D4F800C0D06843EA81031CEA24
:10442400000F43F0080118BF0B469908013B1174B3
:104434000D2B0BD8DFE803F0110C070C0A16111131
:10444400160A0C070C1153690233536110BC7047F0
:104454005369013B10BC536170475369013310BC6D
:10446400536170475369023B10BC5361704700BFEE
:10447400E89600201D4BDA6C10689168006810B44F
:104484000842137C546814BF0121002103F0030384
:10449400D4F800C0D06843EA81031CEA000F43F05B
:1044A400080118BF0B469908013B11740D2B0BD85A
:1044B400DFE803F0110C070C0A161111160A0C0799
:1044C4000C1153690233536110BC70475369013BAB
:1044D40010BC536170475369013310BC536170477A
:1044E4005369023B10BC5361704700BFE89600203B
:1044F4001D4B9A6C10689168006810B40842137CD4
:10450400546814BF0121002103F00303D4F800C050
:10451400D06843EA81031CEA000F43F0080118BF86
:104524000B469908013B11740D2B0BD8DFE803F0FF
:10453400110C070C0A161111160A0C070C115369F9
:104544000233536110BC70475369013B10BC536183
:1045540070475369013310BC536170475369023B80
:1045640010BC5361704700BFE89600201D4B5A6C85
:1045740010689168006810B40842137C546814BF32
:104584000121002103F00303D4F800C0D06843EAFA
:1045940081031CEA000F43F0080118BF0B46990879
:1045A400013B11740D2B0BD8DFE803F0110C070C41
:1045B4000A161111160A0C070C11536902335361C0
:1045C40010BC70475369013B10BC53617047536979
:1045D400013310BC536170475369023B10BC5361F3
:1045E400704700BFE89600201D4B1A6C1068916854
:1045F400006810B40842137C546814BF01210021E0
:1046040003F00303D4F800C0D06843EA81031CEA32
:10461400000F43F0080118BF0B469908013B1174C1
:104624000D2B0BD8DFE803F0110C070C0A1611113F
:10463400160A0C070C1153690233536110BC7047FE
:104644005369013B10BC536170475369013310BC7B
:10465400536170475369023B10BC5361704700BFFC
:10466400E89600201D4BDA6B10689168006810B45E
:104674000842137C546814BF0121002103F0030392
:10468400D4F800C0D06843EA81031CEA000F43F069
:10469400080118BF0B469908013B11740D2B0BD868
:1046A400DFE803F0110C070C0A161111160A0C07A7
:1046B4000C1153690233536110BC70475369013BB9
:1046C40010BC536170475369013310BC5361704788
:1046D4005369023B10BC5361704700BFE896002049
:1046E4001D4B9A6B10689168006810B40842137CE3
:1046F400546814BF0121002103F00303D4F800C05F
:10470400D06843EA81031CEA000F43F0080118BF94
:104714000B469908013B11740D2B0BD8DFE803F00D
:10472400110C070C0A161111160A0C070C11536907
:104734000233536110BC70475369013B10BC536191
:1047440070475369013310BC536170475369023B8E
:1047540010BC5361704700BFE89600201D4B5A6B94
:1047640010689168006810B40842137C546814BF40
:104774000121002103F00303D4F800C0D06843EA08
:1047840081031CEA000F43F0080118BF0B46990887
:10479400013B11740D2B0BD8DFE803F0110C070C4F
:1047A4000A161111160A0C070C11536902335361CE
:1047B40010BC70475369013B10BC53617047536987
:1047C400013310BC536170475369023B10BC536101
:1047D400704700BFE89600201D4B1A6B1068916863
:1047E400006810B40842137C546814BF01210021EE
:1047F40003F00303D4F800C0D06843EA81031CEA41
:10480400000F43F0080118BF0B469908013B1174CF
:104814000D2B0BD8DFE803F0110C070C0A1611114D
:10482400160A0C070C1153690233536110BC70470C
:104834005369013B10BC536170475369013310BC89
:10484400536170475369023B10BC5361704700BF0A
:10485400E89600201D4BDA6A10689168006810B46D
:104864000842137C546814BF0121002103F00303A0
:10487400D4F800C0D06843EA81031CEA000F43F077
:10488400080118BF0B469908013B11740D2B0BD876
:10489400DFE803F0110C070C0A161111160A0C07B5
:1048A4000C1153690233536110BC70475369013BC7
:1048B40010BC536170475369013310BC5361704796
:1048C4005369023B10BC5361704700BFE896002057
:1048D4001D4B9A6A10689168006810B40842137CF2
:1048E400546814BF0121002103F00303D4F800C06D
:1048F400D06843EA81031CEA000F43F0080118BFA3
:104904000B469908013B11740D2B0BD8DFE803F01B
:10491400110C070C0A161111160A0C070C11536915
:104924000233536110BC70475369013B10BC53619F
:1049340070475369013310BC536170475369023B9C
:1049440010BC5361704700BFE89600201D4B5A6AA3
:1049540010689168006810B40842137C546814BF4E
:104964000121002103F00303D4F800C0D06843EA16
:1049740081031CEA000F43F0080118BF0B46990895
:10498400013B11740D2B0BD8DFE803F0110C070C5D
:104994000A161111160A0C070C11536902335361DC
:1049A40010BC70475369013B10BC53617047536995
:1049B400013310BC536170475369023B10BC53610F
:1049C400704700BFE89600201D4B1A6A1068916872
:1049D400006810B40842137C546814BF01210021FC
:1049E40003F00303D4F800C0D06843EA81031CEA4F
:1049F400000F43F0080118BF0B469908013B1174DE
:104A04000D2B0BD8DFE803F0110C070C0A1611115B
:104A1400160A0C070C1153690233536110BC70471A
:104A24005369013B10BC536170475369013310BC97
:104A3400536170475369023B10BC5361704700BF18
:104A4400E89600201D4BDA6910689168006810B47C
:104A54000842137C546814BF0121002103F00303AE
:104A6400D4F800C0D06843EA81031CEA000F43F085
:104A7400080118BF0B469908013B11740D2B0BD884
:104A8400DFE803F0110C070C0A161111160A0C07C3
:104A94000C1153690233536110BC70475369013BD5
:104AA40010BC536170475369013310BC53617047A4
:104AB4005369023B10BC5361704700BFE896002065
:104AC4001D4B9A6910689168006810B40842137C01
:104AD400546814BF0121002103F00303D4F800C07B
:104AE400D06843EA81031CEA000F43F0080118BFB1
:104AF4000B469908013B11740D2B0BD8DFE803F02A
:104B0400110C070C0A161111160A0C070C11536923
:104B14000233536110BC70475369013B10BC5361AD
:104B240070475369013310BC536170475369023BAA
:104B340010BC5361704700BFE89600201D4B5A69B2
:104B440010689168006810B40842137C546814BF5C
:104B54000121002103F00303D4F800C0D06843EA24
:104B640081031CEA000F43F0080118BF0B469908A3
:104B7400013B11740D2B0BD8DFE803F0110C070C6B
:104B84000A161111160A0C070C11536902335361EA
:104B940010BC70475369013B10BC536170475369A3
:104BA400013310BC536170475369023B10BC53611D
:104BB400704700BFE89600201D4B1A691068916881
:104BC400006810B40842137C546814BF012100210A
:104BD40003F00303D4F800C0D06843EA81031CEA5D
:104BE400000F43F0080118BF0B469908013B1174EC
:104BF4000D2B0BD8DFE803F0110C070C0A1611116A
:104C0400160A0C070C1153690233536110BC704728
:104C14005369013B10BC536170475369013310BCA5
:104C2400536170475369023B10BC5361704700BF26
:104C3400E89600201D4BDA6810689168006810B48B
:104C44000842137C546814BF0121002103F00303BC
:104C5400D4F800C0D06843EA81031CEA000F43F093
:104C6400080118BF0B469908013B11740D2B0BD892
:104C7400DFE803F0110C070C0A161111160A0C07D1
:104C84000C1153690233536110BC70475369013BE3
:104C940010BC536170475369013310BC53617047B2
:104CA4005369023B10BC5361704700BFE896002073
:104CB4001D4B9A6810689168006810B40842137C10
:104CC400546814BF0121002103F00303D4F800C089
:104CD400D06843EA81031CEA000F43F0080118BFBF
:104CE4000B469908013B11740D2B0BD8DFE803F038
:104CF400110C070C0A161111160A0C070C11536932
:104D04000233536110BC70475369013B10BC5361BB
:104D140070475369013310BC536170475369023BB8
:104D240010BC5361704700BFE89600201D4B5A68C1
:104D340010689168006810B40842137C546814BF6A
:104D44000121002103F00303D4F800C0D06843EA32
:104D540081031CEA000F43F0080118BF0B469908B1
:104D6400013B11740D2B0BD8DFE803F0110C070C79
:104D74000A161111160A0C070C11536902335361F8
:104D840010BC70475369013B10BC536170475369B1
:104D9400013310BC536170475369023B10BC53612B
:104DA400704700BFE89600201D4B1A681068916890
:104DB400006810B40842137C546814BF0121002118
:104DC40003F00303D4F800C0D06843EA81031CEA6B
:104DD400000F43F0080118BF0B469908013B1174FA
:104DE4000D2B0BD8DFE803F0110C070C0A16111178
:104DF400160A0C070C1153690233536110BC704737
:104E04005369013B10BC536170475369013310BCB3
:104E1400536170475369023B10BC5361704700BF34
:104E2400E8960020F8B58A4B01278A4E04461D787F
:104E34003754002D77D1884B1A78002A40F0A5808A
:104E4400864B1F68002F33D0BB798BB3844BF87A21
:104E5400D3F800E060B33B4610E0022941D00329B7
:104E640008D1597BA14200F0C38093F80EC0A44539
:104E740000F0BA8001321A33824219D0197BD5B2BC
:104E84000129EAD1597BA142F4D11A2303FB02730D
:104E9400DC7B012C00F0C180022C00F09380FCB973
:104EA400704E3378002B34D01DF0AEFA347030E0FD
:104EB400231F192B5FD9A4F11E03082B7CD9272C9F
:104EC40000F0B980A4F13A030B2B5AD9A4F12803BA
:104ED400DBB2BF2B04D8644A32F8130000284CD14B
:104EE400F8BD597BA142C5D1604B53F8241043F857
:104EF40024E0AEEB010EBEF1310FD9D91A2303FB26
:104F040002731B8A7345D3D3564C2378002B40F08D
:104F14009980574B0021574A284619701570BDE8EF
:104F2400F840FEF759B8544A002510701D701EF061
:104F340079F8524B1B78002BD2D0514B1B78DA07EF
:104F4400CED5474B4F4A1B6812689B1A0E2BC7D904
:104F540010214D481DF0EAFF2B4621460A224B48FA
:104F64001BF068F939464A481DF0E0FF4748BDE8A0
:104F7400F8401BF037B904F15D00BDE8F8401DF0BE
:104F84002BBBA4F58054A0B2F7E73B4A1D70107008
:104F94001EF048F8394B1B78002BA1D0384B1B78F6
:104FA400DB079DD52E4B374A1B6812689B1A0E2BC4
:104FB40096D911213748CDE704F11300BDE8F84034
:104FC4001DF00ABB34498B5C83F001038B54002B26
:104FD4009AD11DF019FA234C00232548254AFF21B4
:104FE400237003701170F8BD735C002B3FF460AF45
:104FF4001A2303FB0273997B715C00293FF458AFB9
:10500400DC7B012C09D0022C7FF449AF22498B5C54
:1050140083F001038B54002BDBD0124C237863B94B
:1050240014480122124B0021057028461A70BDE86D
:10503400F840FDF7D1BF30209FE71DF0E5F90023CC
:105044002370EDE71DF0E0F90023237061E700BF52
:105054001EA000208C9500201AA000208C96002011
:10506400D49E002030A00020180A0020F87E0020E2
:105074002BA000201A55002025A0002050A00020BD
:105084004FA00020EC9F0020D80B0020204D0020D2
:1050940064240020EC0B0020A093002010B5002312
:1050A40004460E4A0321A382226023630C48C4E908
:1050B4000133C4E90333C4E90633C4E90833C4E95A
:1050C4000A3318F0A9FB0421064818F0BDFB01219E
:1050D400054818F0D3FB204610BD00BF543C002007
:1050E400E0620020E0610020AC960020F8B50446A0
:1050F4004FF440730025FF27A4F8983304F5EB63BD
:10510400764A2030C4F858374FF468732570226209
:105114006570C4F8A803A570A4F85C37E570A5739E
:10512400277165626771A562C4F87853C4F87C532B
:1051340084F89A5384F85E57C4E9E055C4E9E2550B
:10514400C4E9E45514F018FE654B04F5EC6084F8EA
:10515400855703F14C02C4F86037C4F86457C4F8A7
:105164006C27C4F86857C4F8705784F87457C4F8A7
:105174007857C4F87C57C4F8805784F8845784F867
:10518400865784F88757C4F88857C4F88C57C4F8EE
:105194009057C4F8945718F07BFD524B04F5F36014
:1051A40084F81A5803F15802C4F89837A4F81C7804
:1051B40004F50467C4F8A427C4F89C57C4F8A0579E
:1051C400C4F8A85784F8AC57C4F8B057C4F8B45717
:1051D400C4F8C057C4F8C45784F8F65784F8F8578D
:1051E400C4F80458C4F80858C4F80C58C4F8105843
:1051F400C4F81458A4F8185884F81B5884F827588D
:10520400C4F82858C4F82C58C4F83058C4F8345892
:1052140017F080FF344B294604F6880003F16C0232
:10522400C4F840389833C4F84458C4F84C2840F2C1
:105234000112C4F858380123A4F878284FF4807276
:1052440084F87A38C4F84858C4F85058C4F8545804
:10525400C4F85C5884F86058C4F86458C4F86858B2
:1052640084F86C58C4F87058C4F87458C4F87C585E
:10527400A4F8805884F88258C4F8845821F0FCFBC0
:1052840000220023C7E95223C7E9542340F2FF3226
:105294000023C7E95623C4F8A059C4F8A459C4F894
:1052A400A859C4F8AC591BF09FFC034684F8B459C0
:1052B4003846C4F8B03984F8D55CC4F8D65C15F027
:1052C400EDFD04F55860FFF7E9FE204684F8F45D2F
:1052D400C4F80650C4F80A50F8BD00BF903A002044
:1052E400CC3B00206C3D0020983C002000B583B0EE
:1052F400019013F0D9F80198034A044BC0F8C02771
:10530400C0F8C43703B000BD7503000045030000B6
:1053140030B5044683B00D4614F0A0F8FDF7B8F894
:10532400D4F8683794F88527003B02F0FF0118BFD2
:10533400012384F8F43D12B9084603B030BD94F853
:1053440087376FF07E0204F5EC6001912B70D4F87E
:1053540088377F2BA8BF7F239342B8BF13466B8047
:10536400D4F88C377F2BA8BF7F239342B8BF134652
:10537400AB80D4F890377F2BA8BF7F239342B8BF6C
:105384001346AB7118F090FC0199084603B030BD88
:10539400144A10B5087882B013780C4683420DD0B5
:1053A400C0F300111070C0F3C003C0F340020091B9
:1053B400C0F3800100F001001DF01CFAB4F90200F2
:1053C400B4F9041094F9062050EA010300D13AB16B
:1053D400002349B240B202B0BDE810401DF040BA0B
:1053E40002B010BD1E55002090F8F40D704700BFA8
:1053F4002DE9F04F04468BB0019114F02FF894F886
:1054040082380199C3B994F8940D10B90BB0BDE872
:10541400F08F04F6985E03F0FF058C46BEE80F009B
:10542400ACE80F009EE807008CE8070084F8945D60
:1054340001200BB0BDE8F08FD4F884E80A4604F6E6
:10544400840304F6AC0C42F802EB53F8040F9C45B9
:1054540022F8020FF9D194F86C38033B012B0BD9D5
:10546400B1F916309AB2092A28BFFF230B7604F546
:10547400046016F069F8DBE7B1F904300EF48079C2
:10548400B1F908000EF4806AA3F500450023A0F5E5
:105494000040B1F906209C46089360F30F0C47F6D0
:1054A400FF70CDE90633821A65F30F0362F31F43DD
:1054B400B1F90E20801A4A8960F31F4C40F2FF3084
:1054C400824228BF024697018A89824228BF024647
:1054D4001EF4806FCEF3C0204FEA8218CEF3002270
:1054E40017D1D2B18DF82000ADF81470ADF8168044
:1054F400CDE9033C2EF470630DF1080E8C46029343
:10550400BEE80F00ACE80F009EE807008CE8070037
:10551400ADE712B108B10120E4E70EF40075AB4623
:10552400B9F1000F05D120B14D450CBF0220032075
:10553400D8E74FEA5B26BBF1000F00D0B8B91EF4E0
:10554400406F00D1AEB94FEA9A2016B108B10520D8
:10555400C8E7BBF1000F14BF002500F0010515B129
:10556400B9F1000F07D01040C0F10800BAE70320DA
:10557400B8E70420B6E70620B4E700BFD0F85438F3
:105584000BB10120704790F8950D7047D0F8A00733
:10559400003818BF01207047012810B582B073D0BD
:1055A400821E012A35D9454C1DF03CFD23781BB1E0
:1055B400434B1B78DA071DD464201BF0BFFA1DF09F
:1055C40031FD2378A3B13E4B1B78DB0710D53D4B4F
:1055D4003D4A1B6812689B1A0E2B09D90B213B48C4
:1055E4001DF0A4FC3A4802B0BDE810401AF0FABD20
:1055F40002B010BD334B344A1B6812689B1A0E2B41
:10560400DAD9252133481DF091FC31481AF0EAFD1E
:10561400D2E7314A0124019030483149047050687E
:10562400304C00F00F0094600143244C51601CF096
:1056340059FD1DF0F7FC2278002AB5D0204A1278D3
:10564400D107B1D51F4A204912680968521A0E2A97
:10565400AAD90E2124481DF069FC019B0321032BC8
:105664000CBF224822481DF061FC212121481DF075
:105674005DFC17481AF0B6FD35211F481DF056FC95
:1056840013481AF0AFFD8FE70C4C1DF0CBFC2378C8
:10569400002B89D00A4B1B78D80785D5094B0A4AB9
:1056A4001B6812689B1A0E2B7FF67EAF23211348CA
:1056B4001DF03CFC06481AF095FD75E750A000204B
:1056C4004FA00020D49E0020EC9F0020C00C00209E
:1056D400204D0020980C0020F09F002032A00020D4
:1056E40000208000020820802C0C0020000C0020E8
:1056F400040C00203C0C0020600C0020080C00204E
:10570400DFED3F7A40F2FF3220EE270A60EEA70A6F
:10571400BDEEC00AFDEEE00A10EE103A2DE9F041AC
:1057240003F50073074610EE900A364D9342364E49
:1057340000F50074A8BF13463078944223EAE3735B
:10574400A8BF14466A6824EAE47461B96FF30D12C1
:1057540042EA03126A60002837D06FF3973242EAB4
:1057640084326A6011E022F07F4242EA03626A6096
:10577400AA6822F0030242EA1323AB60002833D064
:105784006FF38B0343EA8403AB6000244FF00108FA
:1057940003E00134072C14D0307847FA04F32A6864
:1057A40008FA04F113F0010F22EA010318BF41EAD9
:1057B40002032B600028ECD101341CF093FC072C6D
:1057C400EAD1BDE8F0411CF08DBC1CF08BFC6B6889
:1057D40030786FF3973343EA84336B600028D4D175
:1057E4001CF080FC3078D0E71CF07CFCAB6830788F
:1057F4006FF38B0343EA8403AB600028F0D0C4E763
:105804000080FF43F09F002032A0002008B50B4623
:10581400362800F2B782DFE810F0AB02A10297024B
:105824008D02830279026F0265025B025102470214
:105834003D023302D201C801BE01B401AA01A00194
:1058440096018C01820178016E0164015A015001B4
:1058540046013C01320128011E0114010A01000124
:10586400F600EC00E200D800CE00C400BA00B0009C
:10587400A6009C00920088007E0074006A0060000C
:1058840056004C0042003700DFF8F0C30422D1492F
:105894003620CCF8D8301BF067FC012008BDDFF8B7
:1058A400DCC30422CC493520CCF8D4301BF05CFC9A
:1058B400F3E7DFF8C8C30422C8493420CCF8D03059
:1058C4001BF052FCE9E7DFF8B4C30422C4493320D7
:1058D400CCF8CC301BF048FCDFE7DFF8A0C304228F
:1058E400C0493220CCF8C8301BF03EFCD5E7DFF8C5
:1058F4008CC30422BC493120CCF8C4301BF034FCE6
:10590400CBE7DFF878C30422B8493020CCF8C030A4
:105914001BF02AFCC1E7DFF864C30422B4492F203A
:10592400CCF8BC301BF020FCB7E7DFF850C30422EE
:10593400B0492E20CCF8B8301BF016FCADE7DFF8E8
:105944003CC30422AC492D20CCF8B4301BF00CFC31
:10595400A3E7DFF828C30422A8492C20CCF8B030F0
:105964001BF002FC99E7DFF814C30422A4492B209E
:10597400CCF8AC301BF0F8FB8FE7DFF800C304224F
:10598400A0492A20CCF8A8301BF0EEFB85E7DFF80D
:10599400ECC204229C492920CCF8A4301BF0E4FB7F
:1059A4007BE7DFF8D8C2042298492820CCF8A0303D
:1059B4001BF0DAFB71E7DFF8C4C204229449272004
:1059C400CCF89C301BF0D0FB67E7DFF8B0C20422B0
:1059D40090492620CCF898301BF0C6FB5DE7DFF831
:1059E4009CC204228C492520CCF894301BF0BCFBCB
:1059F40053E7DFF888C2042288492420CCF8903089
:105A04001BF0B2FB49E7DFF874C204228449232067
:105A1400CCF88C301BF0A8FB3FE7DFF860C204220F
:105A240080492220CCF888301BF09EFB35E7DFF854
:105A34004CC204227C492120CCF884301BF094FB16
:105A44002BE7DFF838C2042278492020CCF88030D4
:105A54001BF08AFB21E7DFF824C2042274491F20CB
:105A6400CCF87C301BF080FB17E7DFF810C204226F
:105A740070491E20CCF878301BF076FB0DE7DFF878
:105A8400FCC104226C491D20CCF874301BF06CFB63
:105A940003E7DFF8E8C1042268491C20CCF8703021
:105AA4001BF062FBF9E6DFF8D4C1042264491B2031
:105AB400CCF86C301BF058FBEFE6DFF8C0C10422D1
:105AC40060491A20CCF868301BF04EFBE5E6DFF89D
:105AD400ACC104225C491920CCF864301BF044FBAF
:105AE400DBE6DFF898C1042258491820CCF860306E
:105AF4001BF03AFBD1E6DFF884C104225449172095
:105B0400CCF85C301BF030FBC7E6DFF870C1042230
:105B140050491620CCF858301BF026FBBDE6DFF8C0
:105B24005CC104224C491520CCF854301BF01CFBFA
:105B3400B3E6DFF848C1042248491420CCF85030B9
:105B44001BF012FBA9E6DFF834C1042244491320F8
:105B5400CCF84C301BF008FB9FE6DFF820C1042290
:105B640040491220CCF848301BF0FEFA95E6DFF8E5
:105B74000CC104223C491120CCF844301BF0F4FA47
:105B84008BE6DFF8F8C0042238491020CCF8403006
:105B94001BF0EAFA81E6DFF8E4C0042234490F205E
:105BA400CCF83C301BF0E0FA77E6DFF8D0C00422F2
:105BB40030490E20CCF838301BF0D6FA6DE6DFF809
:105BC400BCC004222C490D20CCF834301BF0CCFA94
:105BD40063E600BF81110000FD110000791200008E
:105BE400F512000071130000ED13000069140000A9
:105BF400E514000061150000DD15000059160000D1
:105C0400D516000051170000CD17000049180000F8
:105C1400C518000041190000BD190000391A000020
:105C2400B51A0000311B0000AD1B0000291C000048
:105C3400A51C0000211D00009D1D0000191E000070
:105C4400951E0000111F00008D1F00000920000098
:105C540085200000012100007D210000F9210000C1
:105C640075220000F12200006D230000E9230000EA
:105C740065240000E12400005D250000E896002072
:105C8400DFF838C1042240490C20CCF830301BF036
:105C94006BFA02E6DFF824C104223C490B20CCF85D
:105CA4002C301BF061FAF8E5DFF810C10422384902
:105CB4000A20CCF828301BF057FAEEE5DFF8FCC0D8
:105CC400042234490920CCF824301BF04DFAE4E5D1
:105CD400DFF8E8C0042230490820CCF820301BF05B
:105CE40043FADAE5DFF8D4C004222C490720CCF8C3
:105CF4001C301BF039FAD0E5DFF8C0C00422284973
:105D04000620CCF818301BF02FFAC6E5DFF8ACC03B
:105D1400042224490520CCF814301BF025FABCE5F4
:105D24000422DFF898C020491046CCF810301BF04C
:105D34001BFAB2E5DFF884C004221C490320CCF826
:105D44000C301BF011FAA8E5DFF870C004221849E2
:105D54000220CCF808301BF007FA9EE5DFF85CC09F
:105D6400042214490120CCF804301BF0FDF994E519
:105D7400DFF848C0042210490020CCF800301BF0A2
:105D8400F3F98AE5002008BDD92500005526000056
:105D9400D12600004D270000C92700004528000037
:105DA400C12800003D290000B9290000352A00005F
:105DB400B12A00002D2B0000A92B0000E89600203A
:105DC4002DE9F0410E4615460446022130461AF0EC
:105DD40069FF022128461AF065FF234B320123494B
:105DE40053F8028003EB0612D76803EB0512C4F8DC
:105DF4000080A760D2F80CC02A0153F802E0002307
:105E04001B4A6361C4F80CC01A4B48681268C4F892
:105E140004E0A3FB02324FF4FA63920C03FB02F298
:105E24004B681B1A9A42FBD8D8F800302146DEF89A
:105E3400002030461F4214BF012300231CEA020F36
:105E440043F0020218BF13462374FFF7DFFC034636
:105E5400214628462376FFF7D9FC227E8318204664
:105E64002376BDE8F08100BFFC400020001000E074
:105E74002C4C002083DE1B43022110B50446084647
:105E84001AF010FF022105201AF00CFF02201AF06C
:105E9400F7FE0346052084F820301AF0F1FE0023B3
:105EA40084F821006362E362A3861DF0BBF80C4B07
:105EB4001B789BB10B4B1B78DB070FD50A4B0B4AA6
:105EC4001B6812689B1A0E2B08D9272108481DF05D
:105ED4002DF80848BDE810401AF084B910BD00BF81
:105EE40050A000204FA00020D49E0020EC9F002052
:105EF400CC0C0020204D0020A94AAA4930B5137EBD
:105F040083B004460D68012B40F2B48072B6536925
:105F140062B6002B1846B8BFD81C80101AD072B6CF
:105F2400D3F1000C03F003010CF0030C58BFCCF1C7
:105F34000001516162B6226862B1B3F5007F06DAEE
:105F440013F5007F40F32081404240B201E06FF03E
:105F54007E009047944A137E012B51D972B653693F
:105F640062B6002B1846B8BFD81C80101AD072B67F
:105F7400D3F1000C03F003010CF0030C58BFCCF177
:105F84000001516162B6626862B1B3F5007F06DA5E
:105F940013F5007F40F3FA80404240B201E06FF015
:105FA4007E00904702201AF06BFE94F82030834262
:105FB40003D0636AEB1A312B18D805201AF060FE5F
:105FC40094F8213083420FD0E36AEB1A312B0BD9BA
:105FD400E562002840F0A48001232563E56184F88C
:105FE4003530237684F8210003B030BD6562002883
:105FF4007CD10123A56284F8343084F82000DCE7E6
:1060040072B6D2E900130968186893681942137CC0
:1060140014BF0121002103F0030343EA8103D16883
:10602400084243F0080118BF0B469808591E5369EB
:1060340010740D2994D801A050F821F06B3F000092
:10604400653F0000773F0000653F0000613D0000B0
:10605400713F00006B3F00006B3F0000713F000088
:10606400613D0000653F0000773F0000653F000090
:106074006B3F000072B6D2E9001309681868936890
:106084001942137C14BF0121002103F0030343EAE6
:106094008103D168084243F0080118BF0B469808F1
:1060A400591E536910740D293FF632AF01A050F800
:1060B40021F000BF5F3F0000593F0000833F000014
:1060C400593F0000113D00007D3F00005F3F00008C
:1060D4005F3F00007D3F0000113D0000593F00007C
:1060E400833F0000593F00005F3F000094F83430C4
:1060F400002B82D00022A36A84F83420EB1A40F2E9
:10610400DB52934244D8294B1B78002B7FF475AFA4
:10611400A368002B3FF471AF0190984701986CE796
:10612400002394F835202376002A3FF45BAF1F4AFE
:1061340084F835301378002B7FF454AF226B40F28F
:10614400DB53AD1A9D4227D96369002B3FF44AAF54
:1061540001909847019845E7013B5361D8E6013324
:106164005361D5E6013B5361FAE601335361F7E627
:10617400023B5361F4E602335361F1E6023B53619F
:10618400C6E602335361C3E67F20E2E67F2008E7D8
:10619400E368002BC0D130E72369002BD8D121E775
:1061A4002C950020D49E00204895002023550020E3
:1061B40010B501210A201AF075FD01210A201AF0F8
:1061C4003DFD012125201AF06DFD012125201AF045
:1061D40035FD012107201AF065FD012107201AF081
:1061E4002DFD00234FF48C72F021204819F0D0FDCE
:1061F40001211E4819F062FD00211C4818F020F905
:106204001A4800224FF0FF3304460321C27643614B
:1062140018F01EFE164B032216492046236119F07E
:1062240083FF0221204618F013FE134B0C2213495E
:106234002046236119F078FF1CF0F4FE104B1B7804
:106244009BB1104B1B78DB070FD50F4B0F4A1B6814
:1062540012689B1A0E2B08D916210D481CF066FEF5
:106264000C48BDE8104019F0BDBF10BDDC9E0020F5
:106274003C005A00F40C00203C007D00F80C002087
:1062840050A000204FA00020D49E0020EC9F0020AE
:10629400080D0020204D002010B5012122201AF005
:1062A40001FD012122201AF0C9FC00234FF48C7255
:1062B400F021204819F06CFD01211E4819F0FEFC64
:1062C40000211C4818F0BCF81A4800226FF0F8238B
:1062D40004460321C276436118F0BAFD164B03222B
:1062E40016492046236119F01FFF0221204618F0A9
:1062F400AFFD134B0B2213492046236119F014FF01
:106304001CF090FE104B1B789BB1104B1B78DB07E5
:106314000FD50F4B0F4A1B6812689B1A0E2B08D916
:1063240016210D481CF002FE0C48BDE8104019F07F
:1063340059BF10BD609F00203C005A00F40C00209F
:1063440054007D00200D002050A000204FA000200C
:10635400D49E0020EC9F00202C0D0020204D002016
:10636400034608461146062B14D90D2B0AD90E3BB9
:1063740000B583B0062B43D8DFE803F04038362B52
:106384001F1B1300DFF8BCC0073B204A3CF9133045
:1063940020F0FCB9DFF8B0C01C4A3CF9133020F0FF
:1063A400F5B91B4B1B4A1B6803B05DF804EB20F0E6
:1063B400EDB9194B194A1B78F6E7194B93ED007A9E
:1063C400184AB7EEC77A8DED007B20F0DFF903B0F1
:1063D40000BD154B154A93ED007AB7EEC77A8DEDE3
:1063E400007B20F0D3F9F2E7114BE7E7114B124A97
:1063F4001B8803B05DF804EB20F0C8B90F4BF6E737
:106404000F4A03B05DF804EB20F0C0B9440D00203E
:10641400EC510020780D002022550020700D002042
:10642400DC510020580D0020C89D0020640D002080
:10643400E451002010A00020500D00200EA00020E8
:10644400D81A0020DC9D0020CC9D0020374A43B29E
:10645400C1EB01112DE9F041064692F900004C0010
:1064640086B0984204F1180254D0314BB3F900308D
:106474009E4207D0062E51D90D2E53D84FF6A04177
:10648400002302E000214FF6FF730027294D0193FA
:106494001E2361F30F07284600934FF48C7361F3B6
:1064A4001F47002118F0B2FF022128466F6118F03F
:1064B400CFFC214B042204F11F0853F826702A82D2
:1064C400A5F812803FB1384620F05AFE39460246FC
:1064D400284619F029FE02A930460E22FFF740FF94
:1064E400982302A8A5F812802B8220F049FE42F2DC
:1064F4000415024602A90F4819F016FE4FF48C73D6
:1065040004F1350200210B48009518F003FF06B092
:10651400BDE8F08100214FF4FC63B6E740F25F412F
:106524000023B2E74FF6FF710023AEE720550020A9
:106534000CA00020DC9E0020883300202DE9F04FC1
:106544002DED048B8FB0002800F0158240F25F42DD
:10655400924BDFF894820292B3F800A0904A04921E
:10656400029B0026002063F30F0663F31F46049B7F
:106574009F1E03F10C04394631F9023F5A4212B20C
:1065840033EA230328BF13469842B8BF18468C4207
:10659400F2D1642840F38082C82840F3F781B0F533
:1065A400967F40F392829FED7F8A4FF0FA0B4FF46F
:1065B400FA797D4C00211625204617F041FF002270
:1065C4000F2320461146CDE900534FF48C7318F085
:1065D4001DFF0221204618F03BFC744B4146072264
:1065E40020466661236119F09FFD714B012120460D
:1065F4004FF0CC08636118F02BFC6E4A4B46142113
:1066040009A8126841F6C30600926B4A20F0BEF84E
:1066140009A820F0B5FD082140F215130246618255
:1066240000EB40012046A3EB410309A9238219F0A2
:106634007BFD40F641032A461C212046CDE9008318
:10664400FA2318F0E3FE44F208237C221C2120469E
:106654000093FA2318F05EFEFA2349221C212046F7
:10666400009618F057FEFA23AF221C21204600960C
:1066740018F050FE42F204132A461C2100932046CF
:10668400FA2318F047FEBAF1000F04D0494A126801
:10669400524500F208820121434818F0D9FB474BC8
:1066A400474A0721636107A84B46002520F06EF88E
:1066B4004FF4B01307A89FED439A236120F060FDC7
:1066C40007A9024638484FF0010819F02DFD5B4632
:1066D4003B4A072107A8DFED3C9A20F057F84FF416
:1066E4008A0307A8DFED398A236120F049FD07A951
:1066F40002462D482E4619F017FD354B0222354926
:106704002948236119F010FD5B46334A072107A885
:1067140020F03CF84FF42B0307A84FF01C0B236127
:1067240020F02EFD07A902461F4819F0FDFC4B4638
:10673400294A072107A84FF07C0920F027F84FF4D5
:106744005A0307A8236120F01BFD07A90246164837
:1067540019F0EAFC214B012221491348236119F065
:10676400E3FC144B14211F4A09A81B6820F00EF8FF
:1067740009A820F005FDE423024609A9638200EB81
:10678400400309485B00C3F58B73238219F0CCFCEA
:10679400054818F025FD05973FE000BF0EA0002036
:1067A400CC9D00200000FA43609F002009000300F4
:1067B40018C618C6EC510020900D002010841084D7
:1067C400A00D0020000000000000CC420000F842B0
:1067D40004007800A40D0020A80D00201C00E40093
:1067E400AC0D0020B00D0020800D0020E12C05F13F
:1067F4001C03A8BFE1241BB227B2B8F1000F00F0BC
:10680400958002354FF0000846F10006A5F1FC0220
:10681400324300F0D780B9469B46AF4BFA221C683E
:106824000023A4FB05011DF041FF5045C0F0B580D5
:10683400844240F2B280A0EB0A00A4EB0A04B1EE59
:10684400086A049907EE900AB8EE677A07EE904A50
:10685400F8EE677AC7EE276A66EE867ABDEEE77AC7
:1068640017EE102A052A1346A8BF052331F9130091
:1068740007EE103A01EB4303B8EEC77A05EE100AAF
:10688400B3F90210B8EEC55A04EE901A77EEC77A3F
:10689400F8EEE44A002A40F0838074EEC53AB3F976
:1068A4000430B6EE007A05EE903AF8EEE55A75EE4D
:1068B400C55A65EE875A67EEA76AB0EE086AF0EE2D
:1068C400002A27EEA64A26EE866AB7EE002AB0EE24
:1068D400447AB0EE463AA4EE626AA6EEE27A94EE08
:1068E400223A74EE666A37EE277A73EE027A27EE5E
:1068F400237AA5EE277AA4EE867AA6EEA57A27EE69
:10690400297AC7EE087A78EEE77AFDEEE77A17EE91
:10691400903A1CB2152C3FF769AF162705F11C03FA
:106924003C461BB2B8F1000F7FF46BAF029909F13A
:10693400FF326A480191611E12B2039309B2013415
:106944000091594617F07CFC4A46644824B2DDE9BC
:106954000213CDE90071594617F072FC029809F14F
:106964000102039B594612B2CDE900405B4817F07F
:1069740067FC039B45E74FF6A042594BDFF8808143
:106984000292584AB3F800A00492E9E59FED568AB2
:106994004FF0640B4FF0C8090BE6B0EE497AB0E74C
:1069A40033F9021CB6EE007A042A03EE901AF8EECC
:1069B400E33A74EEE33A63EE873A7FF770AF74EE2E
:1069C400C55A78E745484446059F18F0C7FA9FED35
:1069D400479ADFED478A474D4CE0191841F1000111
:1069E400A5FB016C2CF0010606EB5C06891B5B1A07
:1069F400A3FB053660F10001580805FB016340EA7A
:106A0400C3705044FA210023A0FB01011DF04EFE87
:106A14001C2140F21512084403B280B21B2B03DD83
:106A24009042A8BF104601B237F9023F4FF6FF72F9
:106A34002A4807EE103A00920423B8EEC77A27EEEC
:106A4400097AC7EE087A78EEE77AFDEEE77A17EE70
:106A5400902A12B2E12AA8BFE122162AB8BF162250
:106A640017F008FF18F1010844F10004A8F1070326
:106A740023430CD0184B1A68A2EB0A035245A3FB1C
:106A84000830AAD80AB91C21CEE75046BAE70FB09D
:106A9400BDEC048BBDE8F08F9FED178A4FF0320BED
:106AA4004FF0640985E5FA200023AAFB00011DF0DC
:106AB400FDFD00F11C0147F6EF3043462A4609B2BA
:106AC4000090204618F0ACFBE5E59FED0C8A4FF0F2
:106AD400960B4FF496796CE5EC510020609F0020F2
:106AE40010A00020DC9D0020000048430000CC42A0
:106AF4000000F842ABAAAAAA0000C84200009643CC
:106B0400880D00202DE9F04F844C8FB000214FF008
:106B14000F0820464FF0FF3517F092FC0022162193
:106B24004FF48C73204607AE05AF4FF01B09CDE937
:106B34000018114618F06AFC0221204618F088F962
:106B4400774B072277492046C4E9043519F0ECFA5B
:106B5400754B01212046636118F07AF9734B1022BA
:106B640073492046236119F0DFFA724B724AADF87B
:106B740018500025059293E8070086E807000121D4
:106B8400204618F065F95C23162229B22046CDE987
:106B9400009818F03BFC37F8021B0023AA1C4FF0A6
:106BA4001F0C56F804AB61F30F0322825046A4F87D
:106BB40012C061F31F436361BAF1000F06D020F0E5
:106BC400DFFA51460246204619F0AEFA5D3540F22E
:106BD4001713ADB29D42D6D1584B0026DFF874B1DD
:106BE4004FF01B09DFF870A1039306EB460516F07E
:106BF400010F40F641084FF05C0305EBC50518BFD3
:106C04004FF000080021454805F13107CDF8009008
:106C1400CDF804803A353FB23A4618F0F7FB484BBA
:106C2400484A4FF6FF711B78107840F25F42C3EB7D
:106C3400C30365823344DBB2834208BF0A460023A0
:106C44000E210AA862F30F0362F31F433E4A6361F5
:106C54003BF9023F00930223238233461FF096FD43
:106C64000AA820F08DFA0AA902462C4819F05CFA09
:106C74005C233A465D212948CDE9009818F0C6FB0B
:106C84003AF9023F65820E2100930AA82F4B304A3D
:106C940063615F23238233461FF078FD0AA820F046
:106CA4006FFA0AA902461D4819F03EFA3A465D23D6
:106CB400BA211A48CDF80480CDF8009018F0A6FB4C
:106CC4004FF0FF3306F10E000E226361BC23C0B205
:106CD4000AA965822382FFF743FB039B53F8045FF1
:106CE40003933DB1284620F04BFA294602460B484F
:106CF40019F01AFA3A21094818F010F801360AA8CE
:106D040020F03EFA0AA90246044819F00DFA072EAB
:106D14007FF46BAF0FB0BDE8F08F00BF609F002021
:106D240009000300280E002018C618C678000800C1
:106D3400B80D0020880900205F04A0FCBC330020AB
:106D44003FA000200CA00020CC0D0020A0FCA0FC43
:106D5400D80D0020CA9D0020DA9D0020DFF884C0F1
:106D6400034608461146DCF80820042B00B58BB016
:106D7400DCF814E00592DCF80C20CDF820E0069253
:106D8400DCF810200792DCF8182009921CD803EBD9
:106D9400830C104A0DEB830302EB8C0293ED057A0E
:106DA4001369B7EEC77A1A783AB10B4A02938DED9C
:106DB400007B1FF0EBFC0BB000BD084A8DED007B9F
:106DC4001FF0E4FC0BB000BD054A0BB05DF804EB0A
:106DD4001FF0DCBC78320020EC0D0020E40D002014
:106DE400D81A0020789C0020C1EB011104282DE959
:106DF400F0414FEA410486B004F1180212B257D8A8
:106E0400334943B2064691F9001099424CD0314BB4
:106E1400B3F90030984257D040F2FF7100230027A5
:106E24002D4D01931E2361F30F07284600934FF461
:106E34008C7361F31F47002118F0E8FA02212846F9
:106E44006F6118F005F8254B042204F11F0853F86C
:106E540026702A82A5F812803FB1384620F090F9B6
:106E640039460246284619F05FF902A930460E2237
:106E7400FFF774FF982302A8A5F812802B8220F054
:106E84007FF942F20415024602A9134819F04CF99D
:106E94004FF48C7304F1350200210F48009518F06B
:106EA40039FA06B0BDE8F08100214FF4FC63B6E77F
:106EB40000211E204FF48C73CDE90001064818F020
:106EC400A5FA06B0BDE8F08100214FF6FF73A6E7EE
:106ED400205500200CA00020DC9E002074330020EC
:106EE400F0B5002287B01F2118264FF48C733A485E
:106EF4000191114600964FF0FF3418F087FA364896
:106F0400022105250746446117F0A2FF334B0322F3
:106F1400334938463B6119F007F9324B0A223249AA
:106F240038463B6119F000F9012138467C6117F0BD
:106F34008FFF2E4B0C212E4AB3F900300DEB0100CC
:106F4400009501331FF022FC2A4B03A83B6120F07B
:106F540017F903A90246384619F0E6F8264B274AE2
:106F64001B6812689A421AD9254B1B88312B20D8EA
:106F74004FF478724FF48C731748019200220096F4
:106F8400114618F043FA14480221446117F060FFD7
:106F94001C492A461C4B1048036119F0C5F800240B
:106FA400E1B201340846FFF71FFF072CF8D107B000
:106FB400F0BD00224FF400414FF48C730648CDE934
:106FC4000061114618F022FA03480221446117F0C7
:106FD4003FFF07220D49DDE7DC9E00200900040085
:106FE400040C002041000400080E00200CA0002026
:106FF400140E0020DE000A00D49E0020E89B00202E
:1070040006A00020000E002055000400F80D00200A
:10701400634B1B78022B00F0A78000220F2118205D
:107024004FF48C73F0B587B04FF0FF365D4C01918F
:10703400114600905C4818F0E9F95B4802210746C4
:10704400466117F005FF594B0322594938463B6105
:1070540019F06AF8574A237852F82350002B7BD151
:1070640040F25F420023504962F30F0362F31F436F
:10707400514AC1E90423284620F082F829460246F1
:10708400494819F051F8484801214C4E0725074654
:10709400466117F0DDFE23780821494AA3EBC303B8
:1070A4000DEB0100128800951344464A0133DBB20C
:1070B4001FF06CFB444B02A83B6120F061F802A96D
:1070C4000246384619F030F8022138467E6117F03E
:1070D400BFFE23783D4A0821013304A81FF056FB64
:1070E4003B4B04A83B6120F04BF804A90246384608
:1070F40019F01AF8374B384A1B6812689A421DD99E
:10710400364B1B88312B31D800224FF4787018216C
:107114004FF48C73CDE900101146234818F076F92A
:107124004FF0FF3320480221436117F091FE0522FE
:107134002B492C4B1C48036118F0F6FF25780024DA
:10714400C5EBC505E1B201346818C0B2FFF77EF99A
:10715400072CF7D107B0F0BD012B1ED0164BC7E9A1
:107164000436002D8FD086E7FFF7BABE18234FF4FC
:1071740000420D48CDE9003200224FF48C731146D1
:1071840018F044F9084A4FF0FF33022110465361C6
:1071940017F05EFE14492A46CBE74FF6A04261E79A
:1071A400215500203FA00020DC9E0020090004009F
:1071B400F40C0020CC0B00204100040018C618C6B3
:1071C4000CA00020140E0020A2000A001C0E0020B7
:1071D400DA000400D49E0020E89B002006A00020D2
:1071E400000E002055000400F80D00202DE9F04F9A
:1071F400574C8FB00021574F2046DFF8789117F095
:107204001FF900221F2116204FF48C734826019188
:1072140011460090204618F0F9F802212046002576
:1072240017F016FE4C4B4FF0FF300B224B49DFF8A2
:1072340048B1C4E90430204618F076FF484B0121D8
:107244002046636117F004FE464B0E224649204651
:10725400236118F069FF15F0010F40F64102BBF9F4
:1072640000004FF024030CBF11460021A6F10E02CA
:10727400A8425FFA85FA12B25BD02046CDE900310C
:107284004FF48C73002118F0C1F840F2FF72002310
:1072940001212046B04662F30F0362F31F4363618A
:1072A40017F0D6FD042359F8041B6682084623828E
:1072B40039B105911FF064FF05990246204618F084
:1072C40033FF0E2206A950460135FFF747FD8223FE
:1072D40006A8A4F8128023821FF052FF06A90246D2
:1072E4002046243618F020FF97ED026A97ED017AC4
:1072F4001021B7EEC66A1D4AB7EEC77A0AA814373A
:107304008DED026B8DED007B1FF040FAC323184A0C
:107314000AA823826261A4F812801FF031FF0AA92F
:107324000246204618F000FF052D94D10FB0BDE8A9
:10733400F08F242343F286112046CDE900314FF427
:107344008C73002118F062F84FF6FF729FE700BFBC
:10735400609F00207832002009000300240E0020E2
:1073640018C618C6B4000800300E0020400E0020D5
:107374004D6B4D6B743300200CA00020094B1B781F
:10738400022B0CD0084B1B7833B1012B01D0FFF733
:10739400B9BB0020FFF7D2B80120FFF7CFB8FFF741
:1073A40025BF00BF215500203FA0002040F2DB5341
:1073B40098422DE9F0410E4682B035D86421344B11
:1073C4004FF48A7201FB00F43248A3FB04135B09F7
:1073D40002FB03F5984600221823CDE900322E4B18
:1073E400A3FB051311465F094FF48C7318F00EF8D4
:1073F4002A4B9C423CD8632D2DD8022E25484FF6AB
:10740400FF734FF0010104460CBF254D254D436128
:1074140017F01EFD244B062229462046236102B0A4
:10742400BDE8F04118F080BE002218204FF48C73A0
:10743400114600900192174817F0E8FF4FF48A7341
:107444004FF6802110200422CDE9000102211148C9
:1074540017F0DCFFD1E7C8EB48110F4A3BB24900F3
:10746400A2FB01214909C90241F4FC6189B2E9E79F
:107474005622A8F132013BB202FB01F16422B1FBB6
:10748400F2F1C1F13F01C9B2490141F47841D9E7B0
:10749400F1197605DC9E00201F85EB51D32A0100EB
:1074A400500E0020580E00207A000800014B188866
:1074B400704700BF06A0002010B5044600202146F6
:1074C40019F0A0FDA521012019F09CFD1BF0AAFDD7
:1074D400144B1B780BB3144B1B78DB071DD5134BD4
:1074E400134A1B6812689B1A0E2B16D9023C1621EC
:1074F4001048E4B21BF01AFD032C0FD80E4B53F8BE
:10750400244020461FF03CFE014620461BF00EFDA1
:107514000A48BDE8104018F065BE10BD1221084CA1
:10752400F3E700BF50A000204FA00020D49E00200D
:10753400EC9F0020740E0020AC0B0020204D002096
:10754400600E002000B5012083B019F041FCA5288D
:1075540003D00023184603B000BD002019F038FC06
:1075640000210090012019F04DFD009B5A1ED2B25B
:10757400042AEED81BF056FD174A009B1278002A05
:10758400E8D0164A1278D207E4D5154A154912688C
:107594000968521A0E2ADDD9182113481BF0C6FCBB
:1075A400009B9A1ED2B2032A13D81049019351F8B2
:1075B4002220104600921FF0E3FD0146DDE900237E
:1075C400104600931BF0B2FC094818F00BFE009B18
:1075D400C0E70321074AF3E750A000204FA0002092
:1075E400D49E0020EC9F00208C0E0020BC0B0020B9
:1075F400204D0020F40C0020322149234D224FF06D
:10760400000C10B5017001218370431D017100F15C
:10761400370180F837C04270C27013F8012F8B42D3
:107624008CEA020CF9D1254C3822042180F805C0DB
:1076340019F088FD2388013323801BF0F3FC204BD1
:107644001A781AB11F4A1278D20704D42288322A2F
:107654001AD0012010BD1C4A1C4912680968521A2C
:107664000E2AF3D92B211A481BF060FC21881948F3
:1076740018F0ACFD012118481BF058FC154818F00F
:10768400B1FD2288322AE4D11BF0CCFC0C4B1B78D0
:10769400002BDED00B4B1B78DB07DAD50A4B0B4AE9
:1076A4001B6812689B1A0E2BD3D930210B481BF090
:1076B4003DFC084818F096FDCBE700BF06A000206B
:1076C40050A000204FA00020D49E0020EC9F00205A
:1076D400A80E0020204D002078260020D40E002083
:1076E40070B590B0064610AB02ACC3F13C0560190E
:1076F40019F06EFB10AB04F8010B9C42F7D1B14BAF
:10770400029A9A4240F0F3809DF80C30012B40F02D
:1077140097800DF10D030DF13F01002413F8012FA3
:10772400994284EA0204F9D19DF80D20944240F074
:10773400188106AA0DF1260132F8023F03F5FA7307
:107744009BB2B3F57A7F00F25981D38903F5FA73BA
:107754009BB2B3F57A7F00F2A8819142ECD1BDF8D7
:107764003A2040F6B8339A4200F2E280BDF83C2059
:107774009A4200F2DD80DDF80E309FED937A07EE39
:10778400903AF4EEC77AF1EE10FA00F1AA81F2EE23
:107794000E6AF4EEE67AF1EE10FA00F3A281DDF857
:1077A400363007EE903AF5EEC07AF1EE10FA00F1B9
:1077B4004181F3EE046AF4EEE67AF1EE10FA00F396
:1077C4003981DDF8123007EE903AF4EEC77AF1EE23
:1077D40010FA00F1A281B2EE0E7AF4EEC77AF1EE5D
:1077E40010FA00F39A819DF83E30053B5A2B00F2C3
:1077F400B081DDF8163042F21C52A3F5FA739342BD
:1078040000F2C38102AD0DF1380C2C461036103550
:107814000FCC644546F8100C46F80C1C46F8082CAE
:1078240046F8043CF1D103CD306071601BF0FAFBE3
:10783400664B1B78002B40F01981012010B070BDFD
:10784400624D1BF0EFFB2B788BB1614B1B78DA0791
:107854000DD5604B604A1B6812689B1A0E2B06D923
:1078640031215E481BF062FB5D4818F0BBFC00232D
:107874004D22322100207270F2704FF001023170FB
:107884004FF07E51C6F81230C6F81630C6F81A30DA
:10789400C6F81E30C6F82230C6F82630C6F82A309C
:1078A400C6F83230337473744FF04603B280132237
:1078B400C6F80610C6F80A106FF07701F38649235C
:1078C400C6F82E00B370B173F2731BF0ABFB2B78C8
:1078D40053B13F4B1B78DA0706D53E4B3E4A1B6833
:1078E40012689B1A0E2B1BD8002010B070BD374DA8
:1078F4001BF098FB2B78002BB9D0354B1B78D9079C
:10790400B5D5344B344A1B6812689B1A0E2BAED97A
:107914002F2134481BF00AFB314818F063FCA6E71A
:107924002F2131481BF002FB2D4818F05BFCDBE7EC
:10793400264D1BF077FB2B78002B98D0244B1B781B
:10794400D90794D5234B244A1B6812689B1A0E2B23
:107954008DD9332125481BF0E9FA214818F042FC5F
:1079640085E71A4D01921BF05DFB2B78002B3FF449
:107974007EAF174B1B78DB077FF579AF154B1649A4
:107984001B6809685B1A0E2B7FF671AF302118480B
:107994001BF0CCFA002301991022114818F04AFC7C
:1079A4000B2114481BF0C2FA0023102221460C4874
:1079B40018F040FC012110481BF0B8FA084818F0F0
:1079C40011FC54E7324D494DCDCCCC3D50A00020A4
:1079D4004FA00020D49E0020EC9F0020380F0020F0
:1079E400204D0020080F00205C11002014100020FE
:1079F4006C0F0020A00F0020782600206F4D1BF094
:107A040011FB2B78002B3FF432AF6D4B1B78DC0756
:107A14007FF52DAF6B4B6C4A1B6812689B1A0E2BBB
:107A24007FF625AF302169481BF080FA684818F0CA
:107A3400D9FB1CE7614D1BF0F5FA2B78002B3FF4C2
:107A440016AF5F4B1B78DB077FF511AF5D4B5E4ACA
:107A54001B6812689B1A0E2B7FF609AF32215D4812
:107A64001BF064FA5A4818F0BDFB00E7544B1B782E
:107A7400DB077FF5E2AE534B534A1B6812689B1A2F
:107A84000E2B7FF6DAAE1E2153481BF04FFA00236B
:107A94000A2201214E4818F0CDFB01214F481BF06A
:107AA40045FA4B4818F09EFBC7E6444D1BF0BAFA62
:107AB4002B78002B3FF4DBAE414B1B78D8077FF5C6
:107AC400D6AE404B404A1B6812689B1A0E2B7FF6B9
:107AD400CEAE302142481BF029FA3D4818F082FB13
:107AE400C5E6364D1BF09EFA2B78002B3FF4BFAE53
:107AF400334B1B78DA077FF5BAAE324B324A1B6838
:107B040012689B1A0E2B7FF6B2AE362135481BF055
:107B14000DFA2F4818F066FBA9E6284D1BF082FAEF
:107B24002B78002B3FF4A3AE254B1B78DC077FF5A5
:107B34009EAE244B244A1B6812689B1A0E2B7FF6B8
:107B440096AE362128481BF0F1F9214818F04AFB7B
:107B54008DE61A4D1BF066FA2B78002B3FF487AEA6
:107B6400174B1B78D8077FF582AE164B164A1B6855
:107B740012689B1A0E2B7FF67AAE37211B481BF036
:107B8400D5F9134818F02EFB71E60C4D1BF04AFA98
:107B94002B78002B3FF46BAE094B1B78D9077FF58C
:107BA40066AE084B084A1B6812689B1A0E2B7FF6B8
:107BB4005EAE0F490648FBF7FBF958E650A00020DB
:107BC4004FA00020D49E0020EC9F0020AC0F00208A
:107BD400204D0020801000208C11002078260020E9
:107BE400E00F002048100020B4100020EC1000200A
:107BF400241100202D494FF0000C0222431D10B522
:107C0400016000F12F01A0F806C0027113F8012FE2
:107C14008B428CEA020CF9D1254C3022402180F8A9
:107C240005C019F08FFA2388013323801BF0FAF979
:107C3400204B1A781AB1204A1278D20704D4228829
:107C4400322A1AD0012010BD1C4A1D491268096845
:107C5400521A0E2AF3D92B211A481BF067F92188EE
:107C6400194818F0B3FA012118481BF05FF91648B7
:107C740018F0B8FA2288322AE4D11BF0D3F90D4B5C
:107C84001B78002BDED00C4B1B78DB07DAD50B4BB3
:107C94000B4A1B6812689B1A0E2BD3D930210C484F
:107CA4001BF044F9084818F09DFACBE7314D4941DF
:107CB40006A0002050A000204FA00020D49E002049
:107CC400EC9F0020AC110020204D002078260020DD
:107CD400D40E002070B58EB006460EAB02ACC3F1D4
:107CE4007005601919F074F80EAB04F8010B9C428E
:107CF400F7D1A04B029A9A4240F0D4809DF80C3000
:107D0400022B40F08E800DF10D030DF1370100249C
:107D140013F8012F8B4284EA0204F9D19DF80D2057
:107D2400944240F0F980DDED047AF5EEC07AF1EE8C
:107D340010FA00F1D080B7EE007AF4EEC77AF1EED3
:107D440010FA00F3C880DDED057AF5EEC07AF1EEA5
:107D540010FA00F12F81F3EE046AF4EEE67AF1EE04
:107D640010FA00F32781DDED067ADFED836AF4EE85
:107D7400E67AF1EE10FA00F13981B1EE046AF4EE1C
:107D8400C67AF1EE10FA00F33181DDED077AF4EEF4
:107D9400E67AF1EE10FA00F16481F4EEC77AF1EEBE
:107DA40010FA00F35E81B6EE007ADDED087AF4EEA7
:107DB400C77AF1EE10FA00F17081B0EE087AF4EEB1
:107DC400C77AF1EE10FA00F368810DF123020DF188
:107DD400330412F8010F031F00F11001DBB2C9B222
:107DE400E32B03D910B1042900F273819442F0D13A
:107DF4009DF83430012B00F2888102AD34460FCD5A
:107E04000FC40FCD0FC495E80F0084E80F001BF0DA
:107E140009F95A4B1B78002B40F0048101200EB065
:107E240070BD564D1BF0FEF82B788BB1544B1B786C
:107E3400DA070DD5534B544A1B6812689B1A0E2B54
:107E440006D9312151481BF071F8514818F0CAF98C
:107E54004FF07E534FF080424649F2604FF07D521E
:107E64003361B36102234B4C3160726173600FCC98
:107E740031620121B362484BF061B3607262F16216
:107E84001BF0D0F82B7853B13D4B1B78DA0706D59D
:107E94003C4B3D4A1B6812689B1A0E2B34D80020B9
:107EA4000EB070BD354D1BF0BDF82B78002BCFD034
:107EB400334B1B78D907CBD5324B334A1B68126836
:107EC4009B1A0E2BC4D92F2134481BF02FF83048AD
:107ED40018F088F9BCE7294D1BF0A4F82B78002B87
:107EE400B6D0274B1B78D807B2D5264B264A1B6839
:107EF40012689B1A0E2BABD9372129481BF016F8B0
:107F0400234818F06FF9A3E72F2126481BF00EF839
:107F14001F4818F067F9C2E7184D01921BF082F868
:107F24002B78002B94D0164B1B78DB0790D5154B80
:107F340015491B6809685B1A0E2B89D930211A4828
:107F44001AF0F4FF002301991022114818F072F975
:107F54000B2116481AF0EAFF0023102221460C4890
:107F640018F068F9012112481AF0E0FF084818F0E7
:107F740039F96DE7314D4941CDCCCC3D50A00020BD
:107F84004FA00020D49E0020EC9F00200812002067
:107F9400204D0020581400209A99993ED8110020B1
:107FA40070120020081400203C120020A00F0020B2
:107FB40078260020614D1BF035F82B78002B3FF418
:107FC40047AF5F4B1B78D9077FF542AF5D4B5E4AE5
:107FD4001B6812689B1A0E2B7FF63AAF38215B4858
:107FE4001AF0A4FF5A4818F0FDF831E7534D1BF07E
:107FF40019F82B78002B3FF42BAF514B1B78DA0781
:108004007FF526AF4F4B504A1B6812689B1A0E2B04
:108014007FF61EAF39214F481AF088FF4C4818F0FC
:10802400E1F815E7464B1B78DB077FF5F7AE454BC8
:10803400454A1B6812689B1A0E2B7FF6EFAE1E2171
:1080440045481AF073FF00230A220221404818F021
:10805400F1F8012141481AF069FF3D4818F0C2F8CF
:10806400DCE6364D1AF0DEFF2B78002B3FF4F0AE41
:10807400334B1B78DB077FF5EBAE324B324A1B6880
:1080840012689B1A0E2B7FF6E3AE392134481AF09E
:108094004DFF2F4818F0A6F8DAE6284D1AF0C2FF73
:1080A4002B78002B3FF4D4AE254B1B78DC077FF5EF
:1080B400CFAE244B244A1B6812689B1A0E2B7FF602
:1080C400C7AE372127481AF031FF214818F08AF843
:1080D400BEE61A4D1AF0A6FF2B78002B3FF4B8AE7B
:1080E400174B1B78D8077FF5B3AE164B164A1B689F
:1080F40012689B1A0E2B7FF6ABAE36211A481AF083
:1081040015FF134818F06EF8A2E60C4D1AF08AFF1A
:108114002B78002B3FF49CAE094B1B78D9077FF5D5
:1081240097AE084B084A1B6812689B1A0E2B7FF601
:108134008FAE0E490648FAF73BFF89E650A00020AF
:108144004FA00020D49E0020EC9F0020A812002005
:10815400204D0020E412002038140020782600204E
:10816400201300205C13002094130020CC13002063
:1081740031224D2343214FF0000C10B549240270E5
:1081840043700222C170431D00F13F0184700271EB
:1081940013F8012F8B428CEA020CF9D1154C4022C2
:1081A400802180F805C018F0CDFF23880133238097
:1081B4001AF038FF104B1B78CBB1104B1B78DB0740
:1081C40015D50F4B0F4A1B6812689B1A0E2B0ED93C
:1081D4002B210D481AF0AAFE21880C4817F0F6FF4F
:1081E40001210B481AF0A2FE084817F0FBFF0120FA
:1081F40010BD00BF06A0002050A000204FA000200A
:10820400D49E0020EC9F00206C140020204D002000
:108214007826002070B592B0064612AB02ACC3F1CA
:10822400C005601918F0D4FD12AB04F8010B9C4290
:10823400F7D1AA4B029A9A4240F016819DF80C306D
:10824400022B40F0B4800DF10D030DF14701002421
:1082540013F8012F994284EA0204F9D19DF80D2004
:10826400944240F0578106AA0DF1260132F8023FEC
:1082740003F5FA739BB2B3F57A7F00F27C81D3895C
:1082840003F5FA739BB2B3F57A7F00F2CB818A428D
:10829400ECD1BDF83A2040F6B8339A4200F2058199
:1082A400BDF83C209A4200F20081DDF80E309FEDCB
:1082B4008C7A07EE903AF4EEC77AF1EE10FA00F1F8
:1082C400CD81F2EE0E6AF4EEE67AF1EE10FA00F3E6
:1082D400C581DDF8363007EE903AF5EEC07AF1EE5E
:1082E40010FA00F16481F3EE046AF4EEE67AF1EE3A
:1082F40010FA00F35C81DDF8123007EE903AF4EEE8
:10830400C77AF1EE10FA00F1C581B2EE0E7AF4EEFE
:10831400C77AF1EE10FA00F3BD819DF83E30053BBB
:108324005A2B00F2EF81DDF8163042F21C52A3F50D
:10833400FA73934200F202829DF83F30092B00F257
:10834400C5819DF84030092B00F2C0819DF8413071
:108354001F2B00F24982B7EE007ADDED117AF4EEBC
:10836400C77AF1EE10FA00F102829FED5E7AF4EE24
:10837400C77AF1EE10FA00F3FA8102AD2C461036FA
:1083840010350FCC46F8043C12AB46F8100C9C4256
:1083940046F80C1C46F8082CF0D11AF043FE524B58
:1083A4001B78002B40F01F81012012B070BD4E4D90
:1083B4001AF038FE2B788BB14C4B1B78DC070DD5AB
:1083C4004B4B4C4A1B6812689B1A0E2B06D9312161
:1083D40049481AF0ABFD494817F004FF31214FF02A
:1083E4007E52002331704D21C6F80A206FF07702C7
:1083F40071704921B2731322B1704321F273F17089
:108404004FF002013E4AB1803E49C6F836204FF093
:108414008542C6F806100021C6F81230C6F8163098
:10842400C6F81A30C6F81E30C6F82230C6F8263010
:10843400C6F82A30C6F83230337473747387C6F8BA
:108444002E10F2631AF0EEFD2B7853B1274B1B78F4
:10845400DA0706D5264B274A1B6812689B1A0E2B8F
:108464001BD8002012B070BD1F4D1AF0DBFD2B7815
:10847400002BB3D01D4B1B78DB07AFD51C4B1D4A1B
:108484001B6812689B1A0E2BA8D92F211E481AF0BC
:108494004DFD1A4817F0A6FEA0E72F211B481AF03D
:1084A40045FD164817F09EFEDBE70F4D1AF0BAFDA6
:1084B4002B78002B92D00D4B1B78DB078ED50C4B01
:1084C4000C4A1B6812689B1A0E2B87D9332110485B
:1084D4001AF02CFD094817F085FE7FE7314D49431A
:1084E400CDCCCC3D0000004450A000204FA0002083
:1084F400D49E0020EC9F0020C8140020204D0020B2
:1085040046020300CDCCCC3D9814002094170020E3
:1085140098150020A24D01921AF084FD2B78002BAF
:108524003FF45CAF9F4B1B78D8077FF557AF9E4B4A
:108534009E491B6809685B1A0E2B7FF64FAF3021EA
:108544009B481AF0F3FC002301991022994817F074
:1085540071FE0B2198481AF0E9FC002310222146F1
:10856400944817F067FE012194481AF0DFFC914803
:1085740017F038FE32E78A4D1AF054FD2B78002BA1
:108584003FF42CAF874B1B78D9077FF527AF864B79
:10859400864A1B6812689B1A0E2B7FF61FAF302188
:1085A40087481AF0C3FC834817F01CFE16E77C4D7D
:1085B4001AF038FD2B78002B3FF410AF794B1B7861
:1085C400D8077FF50BAF784B784A1B6812689B1A63
:1085D4000E2B7FF603AF32217A481AF0A7FC7548B8
:1085E40017F000FEFAE66F4B1B78DB077FF5DCAE75
:1085F4006D4B6E4A1B6812689B1A0E2B7FF6D4AE25
:108604001E2171481AF092FC00230A2202216948B3
:1086140017F010FE012169481AF088FC654817F02C
:10862400E1FDC1E65E4D1AF0FDFC2B78002B3FF412
:10863400D5AE5C4B1B78DA077FF5D0AE5A4B5B4A5C
:108644001B6812689B1A0E2B7FF6C8AE30215F4858
:108654001AF06CFC574817F0C5FDBFE6504D1AF0F0
:10866400E1FC2B78002B3FF4B9AE4E4B1B78DC07B2
:108674007FF5B4AE4C4B4D4A1B6812689B1A0E2B07
:108684007FF6ACAE362152481AF050FC494817F038
:10869400A9FDA3E6424D1AF0C5FC2B78002B3FF44C
:1086A4009DAE404B1B78D9077FF598AE3E4B3F4AB1
:1086B4001B6812689B1A0E2B7FF690AE3621454834
:1086C4001AF034FC3B4817F08DFD87E6344D1AF060
:1086D400A9FC2B78002B3FF481AE324B1B78DC07CE
:1086E4007FF57CAE304B314A1B6812689B1A0E2B07
:1086F4007FF674AE382138481AF018FC2D4817F06C
:1087040071FD6BE6264D1AF08DFC2B78002B3FF49F
:1087140065AE244B1B78DA077FF560AE224B234A03
:108724001B6812689B1A0E2B7FF658AE37212B4814
:108734001AF0FCFB1F4817F055FD4FE6184D1AF0D0
:1087440071FC2B78002B3FF449AE164B1B78DB07EA
:108754007FF544AE144B154A1B6812689B1A0E2B06
:108764007FF63CAE1E491348FAF722FC36E60C4D60
:108774001AF058FC2B78002B3FF430AE094B1B78D1
:10878400D9077FF52BAE084B084A1B6812689B1A61
:108794000E2B7FF623AE13490648FAF709FC1DE6B3
:1087A40050A000204FA00020D49E0020EC9F002069
:1087B400FC140020204D0020A00F0020782600206B
:1087C4003015002004160020C41700206415002072
:1087D400CC15002038160020E0160020701600206A
:1087E400A8160020541700200C4D1AF01BFC2B78FF
:1087F400002B3FF4F3AD0A4B1B78D8077FF5EEADA1
:10880400084B094A1B6812689B1A0E2B7FF6E6ADCB
:1088140006490748FAF7CCFBE0E500BF50A000206A
:108824004FA00020D49E0020EC9F00201C170020A5
:10883400204D002033224D234B214FF0000C10B566
:108844004924027043700322C170431D00F1DB010F
:108854008470027113F8012F8B428CEA020CF9D157
:10886400244CDC22C02180F805C018F06BFC23885E
:10887400013323801AF0D6FB1F4B1A781AB11F4A12
:108884001278D20704D42288322A1AD0012010BDCB
:108894001B4A1C4912680968521A0E2AF3D92B2163
:1088A40019481AF043FB2188184817F08FFC01215E
:1088B40017481AF03BFB154817F094FC2288322A1B
:1088C400E4D11AF0AFFB0C4B1B78002BDED00B4B22
:1088D4001B78DB07DAD50A4B0A4A1B6812689B1A15
:1088E4000E2BD3D930210B481AF020FB074817F080
:1088F40079FCCBE706A0002050A000204FA0002068
:10890400D49E0020EC9F0020E4170020204D00207E
:1089140078260020D40E00202DE9F041B8B0074697
:108924006C4637AEC4F1C005601918F051FA04F86A
:10893400010BB442F8D1A54B009A9A4240F08980C9
:108944009DF80430032B35D10DF105030DF1DB0146
:10895400002413F8012F994284EA0204F9D19DF806
:108964000560B44240F0E6809DF80B40082C00F20C
:108974001181DDF8073007EE903AF5EEC07AF1EE9A
:1089840010FA00F1BB809FED927AF4EEC77AF1EE13
:1089940010FA00F3B380DC226946384618F07EFCF6
:1089A4001AF040FB8B4B1B78002B6BD1012038B0A5
:1089B400BDE8F081874D1AF035FB2B78002B40F091
:1089C400888033230024844A4FF001083B704D23F0
:1089D400C7F807204FF01A0E7B70492307F11402E1
:1089E4002146BB704B236FF0050C7C4EFB704FF09F
:1089F4000303BC71FC72BB800EFB0470A2F1140370
:108A040042F8088C80F810C0417499740533C3F897
:108A14000E609A42F9D101341A32082CECD11AF0C2
:108A240001FB2B788BB16E4B1B78DA070DD56D4BA0
:108A34006D4A1B6812689B1A0E2B06D92F216B48AE
:108A44001AF074FA6A4817F0CDFB002038B0BDE87C
:108A5400F081604D1AF0E6FA2B78002BB1D0604B10
:108A64001B78D907ADD55F4B5F4A1B6812689B1A08
:108A74000E2BA6D92F215F481AF058FA5C4817F03C
:108A8400B1FB9EE7564B1B78DB078FD5554B564AF7
:108A94001B6812689B1A0E2B88D91E2156481AF09F
:108AA40045FA00230A220321514817F0C3FB0B2186
:108AB40052481AF03BFA00230A2221464C4817F088
:108AC400B9FB01214E481AF031FA494817F08AFBE4
:108AD4006CE7434B1B78DA077FF573AF414B424A8F
:108AE4001B6812689B1A0E2B7FF66BAF3121454829
:108AF4001AF01CFA3E4817F075FB62E7354D1AF080
:108B040091FA2B78002B3FF45CAF354B1B78D907D7
:108B14007FF557AF334B344A1B6812689B1A0E2BF0
:108B24007FF64FAF372138481AF000FA304817F073
:108B340059FB46E7274D1AF075FA2B78002B3FF4C2
:108B440040AF274B1B78DB077FF53BAF254B264A0D
:108B54001B6812689B1A0E2B7FF633AF30212B480B
:108B64001AF0E4F9002331461022214817F062FB81
:108B74000B2127481AF0DAF90023102221461C4859
:108B840017F058FB01211E481AF0D0F9184817F0C5
:108B940029FB16E70F4D1AF045FA2B78002B3FF40A
:108BA40010AF0F4B1B78D8077FF50BAF0D4B0E4A58
:108BB4001B6812689B1A0E2B7FF603AF37211548EA
:108BC4001AF0B4F90A4817F00DFBFAE6334D494B95
:108BD4000000484250A000200000A04050003C008B
:108BE4004FA00020D49E0020EC9F002018190020E4
:108BF400204D00201018002048190020681900207A
:108C04007826002040180020E01800207418002066
:108C1400A00F0020A818002010B5332204464D23CD
:108C24004B214920227063700322E170631D04F11B
:108C3400DB014FF0000CA070227113F8012F8B425E
:108C44008CEA020CF9D1DC22C021204684F805C04C
:108C540018F078FA124A1388013313801AF0E2F9F3
:108C6400104B1B78BBB1104B1B78DB0713D50F4B94
:108C74000F4A1B6812689B1A0E2B0CD91B210D4836
:108C84001AF054F9A37943B908210B481AF04EF9A4
:108C94000A4817F0A7FA012010BD06210848F5E795
:108CA40006A0002050A000204FA00020D49E002049
:108CB400EC9F00208019002074190020204D002012
:108CC400582100206FF013014FF00C02431D4FF0A8
:108CD400000C10B50124417000F14401428004707D
:108CE40013F8012F8B428CEA020CF9D1154C452262
:108CF4004FF4087180F804C018F024FA2388013373
:108D040023801AF08FF9104B1B78CBB10F4B1B78D3
:108D1400DB0715D50E4B0F4A1B6812689B1A0E2BE6
:108D24000ED92F210C481AF001F921880B4817F0AD
:108D34004DFA01210A481AF0F9F8084817F052FAD6
:108D4400012010BD06A0002050A000204FA000204C
:108D5400D49E0020EC9F00209C190020204D002070
:108D640078260020F0B593B007466C460DF1450611
:108D7400C4F50875601918F02BF804F8010BB44217
:108D8400F8D14EF60143BDF800209A4211D19DF866
:108D940002300C2B0DD19DF804400DF1050311A8F0
:108DA400002213F8011F984282EA0102F9D1944289
:108DB4005AD032224FF07E510023BA716FF037023D
:108DC4000846C7F82610BA7200220021C7F83500F9
:108DD400C7F80E200320394AC7F82A10C7F8132011
:108DE400C7F82E104FF00101354A7986C7F81720CD
:108DF4003449354AC7F8391001F11051C7F81B201E
:108E0400042201F57121FB71FA772F4A01F6321120
:108E14003B723A624FF480727B72FB723B737B73DA
:108E24007B71BB74C7F83D3087F83400C7F8411034
:108E3400BA841AF0F7F8254B1B7853B1244B1B78EE
:108E4400DB0706D5234B244A1B6812689B1A0E2B9A
:108E540002D8002013B0F0BD332120481AF066F880
:108E64001F4817F0BFF9F4E745226946384618F061
:108E740015FA1AF0D7F8154B1B780BB90120E9E75E
:108E8400134B1B78DA07F9D5124B134A1B68126887
:108E94009B1A0E2BF2D9222112481AF047F800230C
:108EA4000A220C210E4817F0C5F901210E481AF0C8
:108EB4003DF80B4817F096F9E0E700BFCDCCCC3D68
:108EC400CDCC4C3F000019040000484250A00020C3
:108ED4004FA00020D49E0020EC9F0020F019002019
:108EE400204D0020CC190020782600204B2254234A
:108EF40043214FF0000C10B553240270437002223A
:108F0400C170431D00F12B018470027113F8012F0D
:108F14008B428CEA020CF9D1154C2C224FF4F071DF
:108F240080F805C018F00EF92388013323801AF065
:108F340079F8104B1B78CBB10F4B1B78DB0715D599
:108F44000E4B0F4A1B6812689B1A0E2B0ED92A214E
:108F54000C4819F0EBFF21880B4817F037F9012171
:108F64000A4819F0E3FF084817F03CF9012010BD46
:108F740006A0002050A000204FA00020D49E002076
:108F8400EC9F0020241A0020204D00207826002089
:108F9400F0B58DB007460CAB6C460BAEC3F504754B
:108FA400601917F015FF04F8010BB442F8D1494BCE
:108FB400009A9A422FD04B225423002453213A7012
:108FC40043227B700223B97007F10C002146FA702A
:108FD4007B602022BC601DF04FFD7B1D07F12B0040
:108FE400214613F8012F984281EA0201F9D17971DF
:108FF4001AF018F8384B1B7853B1384B1B78DA0742
:1090040006D5374B374A1B6812689B1A0E2B31D88A
:1090140000200DB0F0BD9DF80430022BCBD19DF89B
:1090240005400DF105030DF12B00002213F8011F7B
:10903400984282EA0102F9D19442BCD16D4608AE4D
:109044002C46103710350FCCB44247F8100C47F8B3
:109054000C1C47F8082C47F8043CF1D107CD3860C4
:109064007960BA6019F0DEFF1B4B1B7853B90120FD
:109074000DB0F0BD2E211C4819F058FF1B4817F005
:10908400B1F8C5E7154B1B78DB07F0D5144B154A2F
:109094001B6812689B1A0E2BE9D91D21144819F07C
:1090A40045FF00230A220221104817F0C3F80921C2
:1090B400104819F03BFF00230A229DF807100B48C3
:1090C40017F0B8F801210C4819F030FF074817F0E1
:1090D40089F8CCE74B54534350A000204FA0002004
:1090E400D49E0020EC9F0020501A0020204D002028
:1090F400801A0020A01A002078260020044B0120AA
:1091040004491B68044A03F5FA6308701360704746
:10911400D49E00201CA0002090830020074A1078D1
:1091240050B1074B07491B6809685B1A002B02DB27
:109134000023137070470020704700BF1CA000205C
:10914400D49E0020908300200B4611460022D3F8C1
:1091540000C083641846DCF81C3018470246806C53
:1091640060B1107950B10648D2F8CC100068D2F83A
:10917400C430401A98422CBF00200120704700BF21
:10918400D49E0020012938BF0121C0F8C4107047C3
:10919400012938BF0121C0F8C81070470170704719
:1091A400DFED057AB4EEE70AF1EE10FA30FE270A95
:1091B40080ED020A704700BF00000000032928BFA9
:1091C40000214170704700BF81707047C1707047C3
:1091D400DFED087AB4EEE70AF1EE10FA07D4DFED1A
:1091E400067AB4EEE70AF1EE10FA77FE807AC0ED63
:1091F400077A70470AD7233CA4707D3FDFED087AD5
:10920400B4EEE70AF1EE10FA07D4F7EE007AB4EE02
:10921400E70AF1EE10FA77FE807AC0ED087A70471B
:109224000AD7233CDFED057AB4EEE70AF1EE10FA33
:1092340030FE270A80ED090A704700BFCDCCCC3D33
:1092440002294FF0000380F828101BD0032980F86E
:10925400383016D0042980F8983012D1826900235E
:109264000A49D0F814C00968C0F8A8200122C0F83F
:10927400AC30C0F8A4C0C0F8B030C0F8B41080F866
:10928400B820704780F89830704700BFD49E002003
:10929400B5EEC00AF1EE10FA0AD4DFED087AB4EEA6
:1092A400E70AF1EE10FA37FE800A80ED0B0A7047E8
:1092B4009FED030A80ED0B0A704700BF0000C8420F
:1092C4000000000014294FF0000328BF1421436359
:1092D40080F83010704700BF032928BF012180F8AF
:1092E4004C107047B5EEC00AF1EE10FA0AD4F7EE4E
:1092F400007AB4EEE70AF1EE10FA37FE800A80ED48
:10930400140A70479FED020A80ED140A704700BFEB
:1093140000000000DFED057AF4EEC07AF1EE10FAF9
:1093240077FE807AC0ED157A704700BF0000000018
:10933400DFED057AF4EEC07AF1EE10FA77FE807A6A
:10934400C0ED167A704700BF0000000080F862107C
:10935400704700BFB5EEC00AF1EE10FA0AD4F7EE7A
:10936400007AB4EEE70AF1EE10FA37FE800A80EDD7
:10937400190A70479FED020A80ED190A704700BF71
:1093840000000000002380F8681080F888307047DF
:109394000A2928BF0A21012938BF012180F8691050
:1093A400704700BF642928BF642180F86A107047A1
:1093B40080F86B10704700BF012938BF012180F885
:1093C40089107047012938BF012180F88A1070473D
:1093D400B1F57A6F28BF4FF47A61A0F89A107047FC
:1093E400B1F57A6F28BF4FF47A61A0F89C107047EA
:1093F400632928BF6321052938BF052180F89E1001
:10940400704700BF642928BF642180F89F1070470B
:1094140080F8A010704700BF80F8A110704700BF0B
:10942400002A90ED177ADFED0A6AB8BF524200298C
:1094340092B2B8BF494212FA81F107EE901AF8EEDF
:10944400E77A77EEC77AA7EEA67A80ED177A7047A7
:10945400CDCC4C3E03784B71D0F8C4308268C1F84F
:109464000630D0F8C830C1F80E20C1F80A3043786D
:109474008B74C369C1F81330036AC1F81730436AA7
:10948400C1F81B3090F82830CB77C36A0B6290F890
:10949400303081F8243090F84C3081F82530036D59
:1094A40090F86220C1F82630436DC1F82A30836DEC
:1094B40081F83220C1F82E30436EC1F8353090F86F
:1094C400683081F8333090F8693081F8343090F89E
:1094D4006A3081F8393090F86B3081F83A3090F87E
:1094E400893081F83B3090F88A3081F83C30B0F80C
:1094F4009A30A1F83D30B0F89C30A1F83F3090F894
:109504009E3081F8413090F89F3081F8423090F8D5
:10951400A03081F8433090F8A13081F8443070478E
:1095240090F8B830002B77D0D0F8B430F0EE087A49
:10953400CB1A07EE103AB8EEC77AB4EEE77AF1EE3A
:1095440010FA60D590ED296AB9EE047AD0ED2A6A52
:1095540070EE464A90ED2B5A30EEE63ADFED363A9D
:10956400D0ED2C5A84EEA74AC3EE274AF0EE457A92
:1095740034EE454AE4EE237A74EEE54AE4EEA35A67
:10958400F4EEC77AF1EE10FA34D5F9EE047A80EDF0
:109594002B7AF4EEE75AF1EE10FA22D590F89E30C9
:1095A40005EE902ADFED254A05EE103AF8EE655AED
:1095B400C0ED2C7AB8EE455AC0F8B410E7EEA50A0F
:1095C400A7EE250AC5EE247A30EE460A70EEE60AC6
:1095D400A7EE806AE7EEA06A80ED296AC0ED2A6AE8
:1095E4007047F1EE047AF4EEE75AF1EE10FA77FEE2
:1095F400A57AD3E7B1EE047AF4EEC77AF1EE10FA65
:1096040037FE277AC1E7DFED0E7AB4EEE77AF1EEA2
:1096140010FA77FE877A95E70023012280ED290A64
:10962400C0ED2A0AC0F8AC30C0F8B030C0F8B410AD
:1096340080F8B820704700BF3333B33E0000C842FF
:109644000000FA4330B50446806C2DED028B87B0E0
:1096540020B303681B69984700B3A06C03685B6977
:10966400984794F8B930C0B2082B11D8DFE803F05A
:109674003731474126201A0B05000A284CD0002315
:1096840084F8B93004E0082384F8C10084F8B930C0
:10969400A06C03681B6998470028DED107B0BDECB5
:1096A400028B30BD072384F8C00084F8B930EFE79B
:1096B400062384F8BF0084F8B930E9E794F8BA3097
:1096C40084F8BE00002B0CBF0723052384F8B930AF
:1096D400DEE7022384F8BB0084F8B930D8E7FF281A
:1096E40013D0FE28D4D1012384F8BA3084F8B930D9
:1096F400CEE7042384F8BD0084F8B930C8E7032317
:1097040084F8BC0084F8B930C2E70022012384F84D
:10971400BA2084F8B930BBE794F8BB3094F8BC00A5
:1097240094F8BD20434094F8BE10534094F8BA20F6
:109734004B405AB1B4F8BF20D4F8C4108A429ED822
:1097440094F8BF1094F8C00041404B4094F8C11005
:10975400994294D1B4F9BB3094F8680005EE903A7C
:10976400B4F9BD3094ED055A00EE903ACC4BF8EEC6
:10977400E55AD4ED067A1968F8EEE00A2379002850
:1097840040D0002B40F0BB8070EEE76A94F828309C
:1097940035EEC57AC4ED1D5AC4ED1E0A26EEA66A3E
:1097A400E167A7EE076AF1EEC64A012B94ED086A59
:1097B4000FD194ED093AD4ED073AF7EE002A84EE7E
:1097C400834A36EE633AB0EE636AC4FE624AA3EE9D
:1097D400246AA6EE075AE6EE267A84ED055AC4ED0D
:1097E400067A0120022BC4F8CC10A4F86020207162
:1097F4006BD0042B7FF443AFB0EE650A2046FFF72D
:109804008FFE3CE7002B00F0D480E36F83B3CB1AC8
:10981400F7EE006A07EE103AB8EE477AB4EEE67A4D
:10982400F1EE10FA24DBDFED9F6AB4EEE67AF1EE96
:1098340010FA1DD8D4ED1E4AD4ED1D3A70EEE44A58
:10984400D4ED1B6A75EEE33A94ED1C6A9FED963AEB
:1098540084EE874AC3EE874A34EE464AA4EE036A8E
:1098640034EEE67AE7EE036A84ED1C6AC4ED1B6A03
:1098740070EEE76A94F8283035EEC57AC4ED1D5AC7
:10988400C4ED1E0A26EEA66AE167A7EE076AF1EEAA
:10989400C64A002889D194ED156A9FED844AB4EE36
:1098A400C46AF1EE10FA80DDF4EEC64AF1EE10FA65
:1098B4007FF77BAF0020C4ED055AC4ED060AE066CD
:1098C4002067002084F838008BE794F83030002BB0
:1098D4007FF4D5AED4ED0B5A9FED756A94ED057AFD
:1098E400C5EE866AD4ED067A84F8380027EE267A27
:1098F40067EEA67A84ED0F7AC4ED107ABFE6E36FC3
:1099040007EE100ADFED676ACD1AF8EE474A94EDC8
:109914001C6A07EE105A94ED1B4AB8EE477AB4EE6F
:10992400E67AF1EE10FA76FE876AB0EE677AA6EE72
:10993400267AB0EE456AA4EE266A30EEC77A27EEA0
:10994400077A75EEC66AA6EEA67AF1EEC76AF4EE59
:10995400E46AF1EE10FA3EDD94F88830002B40F012
:10996400A9800123C4ED205AC4ED210A94F82800EB
:1099740084F88830042833D094F8690098423FF67C
:109984007EAE00230120A4F860200022C4ED055A15
:10999400C4ED060AE266226784F8383084F8883019
:1099A400C4ED1D5AC4ED1E0AE1672071C4F8CC1041
:1099B40065E670EEE76A94F8283035EEC57AC4EDB2
:1099C4001D5AC4ED1E0A26EEA66AE167A7EE076AD1
:1099D400F1EEC64A5FE74FF0000C84F888C015E743
:1099E40094F8A100054630BB94F86900984253D816
:1099F40000230120A4F860200022C4ED055AC4ED20
:109A0400060AE266226784F8383084F88830C4EDA8
:109A14001D5AC4ED1E0AE1672071C4F8CC1000235E
:109A2400C4ED295AC4ED2A0AC4F8B410C4F8AC3001
:109A3400C4F8B03023E667EEA77A0391CDED020AAD
:109A4400CDED015AE5EE057ACDE90432B0EE670AB0
:109A540019F0EAFFDDED020AB0EE408ADDED015AAD
:109A640020EEA00AA5EEA50A19F0DEFF94F869001D
:109A7400049BDDED015A9842DDED020A03990BD8EF
:109A840007EE905A059AF8EE677A77EE807AF4EE4C
:109A9400C87AF1EE10FAABD4002B7FF4F0ADBEE738
:109AA400D49E00200000FA439A99993E6F12833A9B
:109AB4000000C84294ED217AD4ED206A30EEC77AD2
:109AC40075EEE66A27EE077AA6EEA67AF1EEC76A85
:109AD400F4EEE64AF1EE10FAFFF643AF0133DBB2DF
:109AE40044E700BF4FF0000C0346A1F800C0A2F801
:109AF40000C090F800C0BCF1000F0FD010B4846C0B
:109B04003CB190F804C0BCF1000F02D010BCF8F7CF
:109B1400B5BE002283F8982010BC7047002280F85C
:109B24009820704700220023026042608360C26074
:109B34000261C361C0E90533704700BF38B505460B
:109B4400172016F017FE044617F04EF8604016F082
:109B54002DFC6521142016F02FFC024B1B681844C1
:109B6400A86038BDD49E002008B52DED028B9FED72
:109B7400228A2249012016F01FFC07EE900AF8EE13
:109B8400E77AC7EE888AF5EE408AF1EE10FAF0D053
:109B94001A49002016F010FC07EE900AB0EE680A8D
:109BA400F8EEE77AC7EE888A19F066FFF8EE007AD5
:109BB40020EE270AB5EE400AF1EE10FA10D4B1EE09
:109BC400C08AB7EEE80A9FED0A7B20EE070BB7EEDA
:109BD400C00B1AF049F920EE080ABDEC028B08BD4F
:109BE40019F022FFB0EE408AEBE700BFAFF300802C
:109BF400182D4454FB2119400024744941420F009C
:109C0400514BDFED527A00B52DED048BD3F80A20C9
:109C140083B0D3F82E1007EE102A08EE101AB4EE13
:109C2400E77AF1EE10FA4BDBB4EEE78AF1EE10FAC4
:109C340064DADFED477A9FED477AF4EEC87A464A54
:109C4400F1EE10FA77FE887AC7EE278A93F8363059
:109C5400D2ED007A08EE103A9FED409A4048B8EEF3
:109C6400488A68EE277AC7EE899AFFF77DFFF1EEFE
:109C7400047AA0EE298AB4EEE78AF1EE10FA38D419
:109C8400DFED387AB7EE007AB4EEE78AF1EE10FA37
:109C940077FE886AC6EE897A37EE677A68EEA77A25
:109CA400314A68EE878A314BFCEEE77AFCEEE88AAB
:109CB400C2ED007AC3ED008A03B0BDEC048B00BD95
:109CC400DFED237AB4EEE78AF1EE10FA03D5224AE7
:109CD400DFED278ABAE7F3EE047A9FED1E7A1E4A77
:109CE400B4EEE78AF1EE10FA77FE887AC7EE278A97
:109CF400ACE79FED207ADFED207ACFE7164A9FED9F
:109D0400177AD2ED007A164868EE277A0192C7EEE8
:109D1400878AFFF729FFDFED0E7A019A0A4BA0EE3E
:109D2400288AB4EEE78AF1EE10FAD1D4F3EE047A7D
:109D34009FED087AB4EEE78AF1EE10FA77FE887A9E
:109D4400C7EE278A82E700BFA89C00206F12833ADF
:109D5400CDCCCC3D00247449944D00200000C84271
:109D64006C9500200000BE42FC8200208883002005
:109D74008096184B3333733FCDCC4C3D10B504461D
:109D84002DED028BFFF7F0FE2046F0EE408AFFF740
:109D9400EBFEB0EE408A2046FFF7E6FE28EE088A86
:109DA400A8EEA88AA0EE008AB0EE480ABDEC028BA9
:109DB40010BD00BF2DE9F04F2DED028B83B01C4682
:109DC400BDF93850BDF93C30BDF84070AB46BDF824
:109DD400446099462B4347EA06051D43ADB235B9A5
:109DE400DFED737AB4EEE70AF1EE10FA2DD4DFF862
:109DF400D8818A4681680346D8F80050A94240F2C7
:109E04009A8042EA040109B241BB1AF0010125D14A
:109E140099829FED687A0021F0EE476A0846024471
:109E2400C3ED036A83ED047A47F6FF7321449A4233
:109E3400A8BF1A469942A8BF19465F4B9A42B8BFB9
:109E44001A469942B8BF19460C46129B1A80139BB6
:109E54001C8003B0BDEC028BBDE8F08F197D69BB9B
:109E64000121587D9D611975002800F08C80996945
:109E7400691A8F422DD807EE90BAD3ED006A9FED90
:109E84004F6AF8EEE77A93ED037A597D77EEA67A76
:109E9400C7EE866A76EE876A00293DD0D969691AC9
:109EA400B14239D3FDEEE67A17EE901A08B207EE06
:109EB400900AF8EEE77A76EEE76A11E0597D11B977
:109EC4000121DD6159759869281A87425ED90029F4
:109ED4009FD0D969691AB1429BD3DFED366A00205D
:109EE40007EE909A93ED017ADFED345AF8EEE77AB3
:109EF40093ED046A77EE877A87EEA57A37EE067AD1
:109F0400FDEEC77A17EE901A09B207EE901AF8EE32
:109F1400E77A37EE677A82E7FDEEE67A9FED257AF7
:109F2400002117EE900A00B207EE900AF8EEE77AE5
:109F340076EEE76A73E79FED226AB0EE087ADFED0A
:109F4400216AC0EE067A0192009067EEA67A87EE47
:109F5400878AFFF709FE009B184620EE080A83ED66
:109F6400000AFFF701FE20EE080A009B6521142079
:109F740083ED010A16F020FAD8F80010009B08447B
:109F8400019A98603DE75975DD6170E707EE90BA74
:109F9400D3ED006A9FED096AF8EEE77A93ED037A50
:109FA40077EEA67AC7EE866A76EE876A76E700BF12
:109FB4006F12833A000000000180FFFF00007A4422
:109FC4000000C8420000FA43D49E002038B52DEDAD
:109FD400068B9FED3F9A2F2105464FF47A74F0EEDD
:109FE400499A3C489FED3C8A18F0A0FFDFED3B8A7C
:109FF4009FED3BAA3B4816F0F5F82846FFF7B4FD61
:10A0040020EE0A0AF4EEC08AA0EE009A79EE809A55
:10A01400F1EE10FAB4EEC80A70FE288AF1EE10FAD6
:10A0240030FE088A013CE8D1DFED2F7A89EEA7AA39
:10A0340089EE270AAAEE4A0AB5EE400AF1EE10FAB2
:10A0440040D4B1EEC09A0B21284818F06FFF0321C9
:10A054002448B7EEE80A16F0F7F8224816F0C2F8DA
:10A064000B21234818F062FFB7EEC80A03211D48EC
:10A0740016F0EAF81B4816F0B5F80C211D4818F044
:10A0840055FFB7EECA0A0321164816F0DDF8154845
:10A0940016F0A8F80E21184818F048FFB7EEC90AC0
:10A0A4000321104816F0D0F80E4816F09BF82F2123
:10A0B400124818F03BFF0B48BDEC068BBDE8384056
:10A0C40016F090B819F0B0FCB0EE409ABBE700BFB0
:10A0D40000000000AC1A0020286B6ECE286B6E4E78
:10A0E40055550541204D002000007A44DC1A00201B
:10A0F400E81A0020F41A0020041B0020141B00207E
:10A10400B0EEC07AD0ED037AF0EE606AF4EEC77A6E
:10A1140070B5F1EE10FA04460D4616462DED048B8B
:10A1240082B001DB9FED3A0AB0EEE67AF4EEC77A2C
:10A13400F1EE10FA01DBDFED366AB7EE006AD4ED1A
:10A14400025A344A344B76EE657A92ED007A94EDF5
:10A15400048A93ED005A27EE877AD4ED060A67EE57
:10A16400857AA5EE807AE5EEA67A28EE070A82EDD6
:10A17400007A28EE278AC3ED007AB5EEC00AF1EE24
:10A1840010FA3EDBF0EE468AB0EEC00ACDED010ACD
:10A1940019F0DEFCB5EEC08A60EE288ADDED010A16
:10A1A400F1EE10FA30DBB7EE009AB0EEC80A19F0FF
:10A1B400CFFCD4ED057A20EE090AF4EEE87AF1EE4C
:10A1C40010FA07D4F1EE677AF4EEE87AF1EE10FAB9
:10A1D40077FEA87AC5ED007AD4ED057AF4EEC07A5C
:10A1E400F1EE10FA07D4F1EE677AF4EEC07AF1EEEC
:10A1F40010FA77FE807AC6ED007A02B0BDEC048BCB
:10A2040070BDFFEE008ABFE7BFEE009ACDE700BF46
:10A2140000000000108300201483002000220A495B
:10A224000A48002310B40A60094C0A4922600260FB
:10A234000A60094C09480A490A4A237003701370DA
:10A244000B6010BC704700BF14830020F07E002018
:10A2540010830020F47E00202EA000201BA00020EC
:10A26400F493002021A000202DE9F041634A84B03A
:10A27400634C1268237890461BB1624B1B689A4268
:10A2840012D20FF0EBF8F8F703F95F4AD2F8683707
:10A2940092F88517003B18BF012382F8F43D00298A
:10A2A40033D104B0BDE8F081584B002258491878E6
:10A2B4000978227020EA01000191F8F70FFE534B50
:10A2C400019900224FF0010E19701046514B93ED85
:10A2D400000A514BD3ED000A0EFA02F321FA02FCF4
:10A2E40003431CF0010FDBB206D04C4D15F802C03D
:10A2F400BCF1000F08BF18460132072AECD1484BC5
:10A3040093F82C10FBF7FCF9BBE7D2F888176FF031
:10A314007E0092F887377F29D2F890770193A8BFFF
:10A324007F218142B8BF01460DB2D2F88C177F2934
:10A33400A8BF7F218142B8BF014602F5EC600EB28E
:10A3440013F0B2FC002207EE906A02A90292F8EE22
:10A35400E70A07EE905A039203AAB8EEE70A3048D8
:10A36400FFF7CEFE019B2A4A002F03F01F03137050
:10A3740039DD2022234908F13C0022700860234D76
:10A3840043EA02042878A04204D021466040F8F74A
:10A39400A5FD2C701F4900229DED020ADDED030A84
:10A3A40010461D4B81ED000A0121DFF870E0C3ED7A
:10A3B400000A01FA02F324FA02FC03431CF0010F21
:10A3C400DBB205D01EF802C0BCF1000F08BF18466E
:10A3D4000132072AEDD1124B93F82C10FBF790F9B8
:10A3E40004B0BDE8F08106D04022064808F13C01E3
:10A3F40022700160C3E72278C1E700BFD49E002029
:10A404001BA00020F4930020606800202EA00020F0
:10A4140021A00020F07E0020F47E0020949C0020E7
:10A42400789C0020002216491648002310B50A60C3
:10A43400154C1649226002600A6015481549164AEF
:10A44400164C037023700B60137018F0EBFD144B63
:10A454001B789BB1134B1B78DB070FD5124B134AA8
:10A464001B6812689B1A0E2B08D91821104818F083
:10A474005DFD1048BDE8104015F0B4BE10BD00BF2E
:10A4840014830020F07E002010830020F47E00203E
:10A494001BA00020F493002021A000202EA0002067
:10A4A40050A000204FA00020D49E0020EC9F00204C
:10A4B400441B0020204D002038B51B4B1A78E2B114
:10A4C4001A49002308681A4A1A4C1B491B4D236079
:10A4D40008601B4C1B492B70D2F80A00D2F806C046
:10A4E400194AC4F800C0086001211360174C1848C9
:10A4F400184A23600370117038BD1720012516F027
:10A5040039F9044616F070FB604015F04FFF6521E1
:10A51400142015F051FF05490F4A0C68024B2044E2
:10A524001D709060CDE700BF27A00020D49E0020BE
:10A53400A89C0020EC9300208083002020A0002011
:10A54400904D0020944D0020949600209096002079
:10A5540028A000201C5500206C950020F8B5424D21
:10A56400FFF7AAFF414A6B68414E1A40317842F422
:10A5740000526A6071B303F00F033E4A1A43AB689A
:10A5840023F003036A6043F002033B4A1A4042F497
:10A5940000623A4B134043F40013C3F3150343F032
:10A5A4000043AB600024012703E00134202C0DD0CC
:10A5B40031782B6807FA04F223EA02032B6000299E
:10A5C400F3D1013417F08EFD202CF1D1BDE8F84011
:10A5D40017F088BD17F086FD6A68294B317813405F
:10A5E40043F400036B60002933D117F07BFD31780D
:10A5F400D5E9012323F0030322F07F4243F0020351
:10A60400C5E901230029C0D117F06CFDAB681D4AD0
:10A6140031781A4042F40062AA600029B9D117F0D7
:10A6240061FDAB6831786FF3153343F40013AB600D
:10A634000029B2D117F056FDAB683178C3F3150386
:10A6440043F00043AB600029ACD117F04BFD3178E7
:10A65400A8E7C2F30D02AB6842F4000223F003033F
:10A664006A6043F0020390E7F09F00200FC0FFFFF1
:10A6740032A000200020800002F0FFFF0308C0FF8A
:10A68400FF3F00FF03F0FFFF2DE9F04F954C93B01F
:10A6940006462378002B00F0C881934B934F1A6829
:10A6A400D7F82E30DFED927A07EE103A3568B4EE23
:10A6B400E77AF1EE10FA0ED497F83940012304F04A
:10A6C4001F0403FA04F415EA040140F0D880894811
:10A6D400017089490B7034893560A4F5004475898B
:10A6E40084EAE473A5F50045A3EBE473B3F5486F7E
:10A6F40007DC85EAE573A3EBE573B3F5486F40F334
:10A70400E2807E4B1B78002B00F00E81DFF80CC238
:10A71400DCF800309A4200F07E81794BDFF8009239
:10A724001B68CCF80020A2EB0308D7F80E20B7F87A
:10A7340032C042459246B7F834E000F2A3810021CA
:10A744000EAB0DF1280B0A460793002C2046069504
:10A75400B8BF04F17F00002D4FEAE010C0F27A8107
:10A76400079B804699ED000ACDE904B30023ADF8B8
:10A774002830ADF83830069BCDE9002143F3CF13E0
:10A7840002B201215F48CDE902CEFFF713FB069A1E
:10A79400BDF93830F96BA3EBE21306EE901A5A496F
:10A7A40007EE903ABDF92830A3EB0803F8EEE77AF8
:10A7B40007EE103A67EEA67AB8EEC77AFDEEE77AAE
:10A7C40027EE267A17EE903ABDEEC77A1D4417EEAF
:10A7D400102A81ED007A14444C4AC2ED007A002319
:10A7E4004B48ADF82830ADF838300378002B00F032
:10A7F4001981836C002B00F015810379002B00F084
:10A8040011810EAAB7EE000A0AA9F8F737F8BDF9C4
:10A814003820BDF9283007EE102A002B00F0718291
:10A8240007EE903AFB6BB8EEC77AF8EEE77A06EEDD
:10A83400903A27EE267A67EEA67ABDEEC77AFDEE49
:10A84400E77A17EE903A1C4417EE103A1D44314A49
:10A8540047F6FF739442B8BF14469542B8BF1546F5
:10A864009C42A8BF1C469D42A8BF1D46A4F50044B7
:10A87400A5F500453481758113B0BDE8F08F0692CB
:10A8840016F0B2F91B490123069A91F800C0BCF1F5
:10A89400000F00F0F381DFF88CC0DCF80010A0EBAF
:10A8A400010E15490978002900F0D8801A4B1B685D
:10A8B400734500F2E58000230F49CCF800000B70CB
:10A8C40025EA040507E70D480023144903700868C6
:10A8D400904200F0A0800A600C4A13600A4A136098
:10A8E4007DE700BF27A00020D49E0020A89C002064
:10A8F4006F12833A28A000201C55002020A00020BD
:10A90400EC9300206C9500209096002094960020F3
:10A914000C5100200180FFFFFC8200208083002076
:10A92400904D0020F8820020D94BDA481A60CDE916
:10A934000832D7F80680FFF717F9D6488DED070AD5
:10A94400FFF712F9D3488DED060AFFF70DF9DDED97
:10A95400067ADDED076A67EEA77A9FEDCF6A9FED71
:10A96400CF7AE6EEA67A06EE908ADDE90832E0EECA
:10A97400007AE7EE866AF4EEC76AF1EE10FA07D4BD
:10A98400B2EE0E7AF4EEC76AF1EE10FA37FE267ACA
:10A99400CDE90823C24BBF4883ED007A9946D7F826
:10A9A4000A80FFF7E1F8BB488DED070AFFF7DCF8F2
:10A9B400B8488DED060AFFF7D7F8DDED067ADDED30
:10A9C400076A67EEA77A9FEDB46A9FEDB47AE6EE64
:10A9D400A67A06EE908ADDE90823E0EE007AE7EE37
:10A9E400866AF4EEC76AF1EE10FA07D4B2EE0E7A74
:10A9F400F4EEC76AF1EE10FA37FE267AA948DFF8BA
:10AA0400C8C2A94980ED007A01200870DCF8000072
:10AA140090427FF485AEA54B1B681C44A44B1B6875
:10AA24001D44DCE680F8983011E7172015F0A2FEEB
:10AA3400054616F0D9F8684015F0B8FC65211420D5
:10AA440015F0BAFC9B4B1A68104401222270914AFB
:10AA5400906023E605F17F03069381E69649096831
:10AA640071453FF62DAF0692944ACCF8000013705E
:10AA7400FFF7C6F8914A1378069A002B3FF420AFEB
:10AA8400254328E60EAA8E490AABD7F8120007928E
:10AA9400C4458A689B46496807C38949386A8A89D4
:10AAA4001A80D1F81620079BD1F8121007C3844AE4
:10AAB400528B1A8000F20F81A8EB0C03B1EE086AE6
:10AAC40006EE903AAAEB0C0307EE903AF8EE666AAB
:10AAD40012ABF8EE677A86EEA77A27EE067AFDEED9
:10AAE400C77A17EE901A05290A46A8BF052207EE71
:10AAF400902A03EB420232F9203CF8EEE77A05EEA5
:10AB0400103A32F91E3C37EE677A04EE903AB8EE0A
:10AB1400C55AF8EEE44A002900F0D88032F9223C04
:10AB2400F6EE007A042903EE903AF8EEE33A74EE76
:10AB3400E33A63EEA73A00F3E18032F91C3CF6EE07
:10AB4400007A05EE903AF8EEE55A75EEC55A65EED0
:10AB5400A75A67EE076AB0EE086AF0EE002A27EEFD
:10AB6400264A26EE866AB7EE002AF0EE447AB0EE64
:10AB7400463AA4EE626AE6EEE27A94EE223A74EE83
:10AB8400666A77EE877A33EE027A67EEA37AE5EEA9
:10AB9400077AE4EE867AE6EEA57AFDEEE77A17EE1A
:10ABA400903A1AB2C64500F29480A8EB0E03B1EEB7
:10ABB400086A07EE903AAAEB0E0307EE103AF8EE95
:10ABC400677A12ABB8EE477AC7EE876A26EE867AC2
:10ABD400FDEEC77A17EE900A05280146A8BF0521A5
:10ABE40007EE901A03EB410131F9103CF8EEE77AD5
:10ABF40005EE103A31F90E3C37EE677A04EE903ADE
:10AC0400B8EEC55AF8EEE44A002866D174EEC53AA7
:10AC140031F90C3CF6EE007A05EE903AF8EEE55A7E
:10AC240075EEC55A65EEA75A67EE076AB0EE086A74
:10AC3400F0EE002A27EE264A26EE866AB7EE002AB0
:10AC4400F0EE447AB0EE463AA4EE626AE6EEE27AB8
:10AC540094EE223A74EE666A77EE877A33EE027ADD
:10AC640067EEA37AE5EE077AE4EE867AE6EEA57A55
:10AC7400FDEEE77A17EE903A19B266E50B702543BC
:10AC84000E490B700F4B1860FEF7BAFF069A22E5C7
:10AC9400EC9300206C9500206F12033DCDCCCC3D8D
:10ACA400904D0020944D002020A00020909600207C
:10ACB40094960020D49E0020888300201C550020F8
:10ACC400BA9C0020F88200208083002074EEC53AEC
:10ACD40033E7002139E5002264E731F9123CF6EE4E
:10ACE400007A042803EE903AF8EEE33A74EEE33A7D
:10ACF40063EEA73A8CDD74EEC55A95E774EEC55A37
:10AD040027E7002A3FF4A3AD8AE500BF2DE9F0410F
:10AD14008AB0A54803A9FAF76BFB18BBA34DA44A54
:10AD24002B78146853B9A34E40F6B8323368E31A4B
:10AD3400934200F2C3800AB0BDE8F0819E4B1B68C9
:10AD4400E41A322CF7D99D4A9D491368097823F0F7
:10AD540001031360002900F06E8117F0C3F900238A
:10AD64002B70E8E7924A0024904903A8914B12689B
:10AD74000C701A60FFF788FCBDF810308F4EC3EBDF
:10AD84008322904C7368A4FB02128D4D6FF30D1354
:10AD9400D20B297843EA02137360002900F0DD80A6
:10ADA400BDF812206FF39733C2EB8222A4FB024258
:10ADB400D20B43EA8230BDF81420824CC2EB8222CB
:10ADC400A4FB0232B36823F0030343EAD2535202D2
:10ADD40060F31702C6E90123002900F08380BDF85F
:10ADE40016206FF38B03C2EB8222A4FB0242D20B28
:10ADF40043EA8203BDF818206FF315337148C2EBA0
:10AE04008222A0FB0202D20B43EA0233BDF81A20CD
:10AE14006C48C2EB8222A0FB0202D20163F315024A
:10AE2400B26032680024012702E001341C2C11D0E6
:10AE3400039B07FA04F0E340DB074CBF0243824361
:10AE440032600029F1D1013417F04CF932681C2C1E
:10AE54002978EDD19DF82430082B20D85A48C35CBA
:10AE6400180740F1F18042F08052C3F3400703F029
:10AE74000104C3F380083260002900F0A780002F8A
:10AE840000F0DC8042F00052B8F1000F00F088803E
:10AE940042F0804254B142F00042326009E022F0B4
:10AEA40080533360002970D022F0E04222F0004247
:10AEB400326017F017F90AB0BDE8F0813F4A136811
:10AEC40043F0010313603E4B1B78002B00F0B0806D
:10AED40017F008F90122384B34602A701C600AB05C
:10AEE400BDE8F08117F0FEF8BDF81620B368C2EB98
:10AEF400822229786FF38B03A4FB0202D20B43EA6C
:10AF04008203B36000297FF475AF17F0EBF8BDF846
:10AF14001820B368C2EB822229786FF31533A4FB9F
:10AF24000202D20B43EA0233B36000297FF46EAF0E
:10AF340017F0D8F8BDF81A30B268C3EB8323297828
:10AF4400A4FB0343DB0162F31503B36000297FF420
:10AF540068AF17F0C7F8297863E717F0C3F8BDF8AE
:10AF640012207368C2EB822229786FF39733A4FB13
:10AF74000242D20B43EA8230706000297FF41BAF97
:10AF840017F0B0F87068297815E7019117F0AAF85E
:10AF940032682B7822F000523260002B3DD0019CA5
:10AFA40022F0804276E700BF6068002038A00020CD
:10AFB400D49E0020CC980020D0980020F09F002040
:10AFC40032A0002001800080243A002017F08AF883
:10AFD40032682B78002F34D042F000523260002BBC
:10AFE4007FF452AF17F07EF832682B78B8F1000F77
:10AFF40018D042F080423260002B7FF44BAF17F040
:10B0040071F833682A7884B143F000433360002A2E
:10B014007FF44FAF17F066F84BE717F063F8326828
:10B024002B78019C22F08042E5E723F00043EDE712
:10B0340017F058F84CE717F055F88EE622F0005256
:10B0440022E722F00052C9E722F080520DE700BF48
:10B0540008B51D4B4FF48072002118601B481BF08B
:10B064000BFD4FF48062002119481BF005FD0023FD
:10B07400184A4FF0FF0C184918480B7080F800C0AC
:10B0840017491848C2E90033174A08601370174B70
:10B09400174A1A6017F0C6FF164B1B789BB1164B64
:10B0A4001B78DB070FD5154B154A1B6812689B1AD2
:10B0B4000E2B08D91821134817F038FF1248BDE8A1
:10B0C400084015F08FB808BD8C9600208C950020A0
:10B0D400F87E0020A093002030A000201A55002004
:10B0E40000950020252C00002BA0002014950020A2
:10B0F400550F000050A000204FA00020D49E002037
:10B10400EC9F0020601B0020204D0020014B1860A4
:10B11400704700BF8C96002010B5124C0120124AD3
:10B124002368124903F5FA53087013600022104B88
:10B134001A7017F077FF0F4B1B7893B10E4B1B78E7
:10B14400DB070ED50D4A236812689B1A0E2B08D90B
:10B1540012210B4817F0EAFE0A48BDE8104015F02A
:10B1640041B810BDD49E0020989300201AA000205E
:10B1740025A0002050A000204FA00020EC9F00201C
:10B184007C1B0020204D0020014B1860704700BF3D
:10B19400EC7E002010B5124C0120124A236812499B
:10B1A40003F5FA53087013600022104B1A7017F05D
:10B1B40039FF0F4B1B7893B10E4B1B78DB070ED571
:10B1C4000D4A236812689B1A0E2B08D911210B48CB
:10B1D40017F0ACFE0A48BDE8104015F003B810BDE6
:10B1E400D49E0020E89300201EA0002025A000206B
:10B1F40050A000204FA00020EC9F0020901B0020B6
:10B20400204D0020704B1A7830B583B032B16F49AD
:10B214006F480A680068121A002A4ADA6D4B1A78D5
:10B2240042B16A4A6C4912680968521A002A01DB61
:10B2340000221A70694B1A783AB3644A6849126852
:10B244000968521A002A20DB664A1078021F192A5C
:10B2540015D9A0F11E02082A40F29680272800F092
:10B26400A780A0F13A020B2A40F29E802838C0B28F
:10B27400BF2808D85C4A32F8100020B100E05D30E5
:10B2840017F002F9554B00221A70584A137873B11B
:10B294005749097807290AD856480068054630B145
:10B2A4004A48012B0068044629D0022B1CD003B065
:10B2B40030BD00221A7017F0B5FE4F4B1B78002BDF
:10B2C400ACD04E4B1B78DB07A8D54D4A3F490B68E1
:10B2D40012689B1A0E2BA1D916214A4817F026FE94
:10B2E400494814F07FFF99E7484B1B68C31A002BA9
:10B2F400DDDB084603B0BDE83040F7F7E3BE434B5F
:10B304001B68C31A002BD2DB414B1A2093F800E0D0
:10B314000EEB8E034FEA8E0C00FB0133EB18987C86
:10B32400031F192B32D9A0F11E03082B44D9272857
:10B3340048D0A0F13A030B2B40D9A0F12803DBB28B
:10B34400BF2B03D8284830F8130000BB2B46D3F892
:10B354000730F444DFED2F7A00EE103A1A23B4EEEE
:10B36400E70A03FB01CC05EB0C03F1EE10FAB3F88A
:10B3740015001FD418B1F7F759F91C4A04440223E5
:10B38400224913700C6092E7133079E75D30019124
:10B3940017F07AF81E4B019993F800E0154B4FEA29
:10B3A4008E0C124A1B68D2E7A0F5805080B267E782
:10B3B400302065E70444E2E71330E8E7A0F5805065
:10B3C40080B2E4E73020E2E71AA00020D49E0020F7
:10B3D400989300201EA00020E89300202DA00020B8
:10B3E4008483002026A00020180A002030A000201A
:10B3F4001A5500208C96002050A000204FA0002059
:10B40400EC9F0020A41B0020204D0020DC93002092
:10B414002CA000200AD7233C10B51C480024F9F7BF
:10B4240065FE1B4B40F20110012221461C639C86E1
:10B43400C3E908041748C3E90044C3E90244C3E963
:10B444000444C3E90644C3E90A44FAF7B9FC0422F4
:10B4540003211148FAF7B4FC15F096FC08230922DD
:10B464000A210E4814F07CFC2323242225210C48B5
:10B4740014F076FC0B4B00229C605C611A605A60ED
:10B48400DA601A61C3E9064410BD00BF6068002099
:10B49400189C00202C95002048950020DC9E00205C
:10B4A400609F00206C9500200846114619F0DABD13
:10B4B400084619F0EDBA00BF084619F0E1BA00BF1A
:10B4C4002DE9F043CB8C17468A8C83B00D46044695
:10B4D4009A424ED0096ADFF82891531C01EBC20648
:10B4E4009BB2B3F5007FAB8436D03B684FF48060E9
:10B4F4004FF080081B684B4536D1019119F0C0FA12
:10B50400019900284FF00003706008BF4FF0000855
:10B514007380A6F80080AB8C013B9BB201EBC300A7
:10B52400426822B131F8335041888D4208D8002254
:10B534004FF6FF7320462260A38003B0BDE8F0837A
:10B5440002EBC10201EBC3130131226041802046AA
:10B55400A38003B0BDE8F0833B684FF47E704FF0E6
:10B564007F081B684B45C8D0014638469847296A6E
:10B57400C7E7B2F5007FDAD0086A52003B6896B29A
:10B58400A8424FEAC6010ED09B681C4A93422AD1B6
:10B5940019F068FD01460029C9D0DFF86490AA8C2F
:10B5A400EE84296299E7164A1B689146934220D19A
:10B5B400084619F065FA01460029B8D0D5F800C04C
:10B5C4006868AA68EB68C1F800C048608A60CB600C
:10B5D400D5F810C06869AA69EB69C1F810C0486160
:10B5E4008A61CB61DBE70A46014638469847014643
:10B5F400D1E7384698470146DEE700BFA99200002C
:10B60400B9920000002966D000882DE9F84F4FF662
:10B61400FF7948453DD0D3F82C80C40900F07F035E
:10B6240008EBC400406810EBC30032D0551E9246AC
:10B634000F46B0F806B00D440126CEB10379042BB1
:10B6440042D0052B3BD0022B26D104461BF098FD9B
:10B6540082450DD1BAF1000F21D07B1E601E01E09E
:10B664009D421CD013F8011F10F8012F9142F7D00E
:10B67400CB450ED04FEADB130BF07F0B08EBC30373
:10B68400586810EBCB0004D086F00106B0F806B081
:10B69400D3E70020BDE8F88FBAF1000FE8D14FF6E8
:10B6A400FF739B45F5D04FEADB130BF07F0B08EBE0
:10B6B400C308D8F8040000EBCB00BDE8F88F03689A
:10B6C40003F10804D888C3E704682046002CBFD0DF
:10B6D4001BF056FDBCE70020704700BF2DE9F8437E
:10B6E40004468068276890B1274D03E019F0D0F92B
:10B6F400A06858B13B6802685B68A260AB42F5D0B1
:10B70400014638469847A0680028F3D12768238E5D
:10B71400FBB10025E36ADFF87090A8460BE019F04E
:10B72400B7F9E36A0135C6F80080218EAAB2C6F8DB
:10B73400048091420ED903EBC506716808460029BE
:10B74400F0D03B685B684B45E9D038469847E36ADC
:10B75400E8E7E36A4FF6FF720021A28604F10C02C7
:10B764002186934207D03A68074952688A4205D134
:10B77400184619F08DF92046BDE8F8833846194675
:10B7840090472046BDE8F883B19200004FF6FF725F
:10B794008B8E934230B50C4683B005462AD10B8E6E
:10B7A4000A6883B904F10C016846FFF789FE009A20
:10B7B400002A32D101214FF6FF7328462A602171F5
:10B7C400AB8003B030BD013BC86A9BB200EBC30C35
:10B7D400DCF804100029E5D030F833E0BCF80200AE
:10B7E4008645DFD901EBC00200EBC3130130ACF88E
:10B7F40002000BE0D909E26A02EBC10203F07F0107
:10B80400526832F8310002EBC102A086044928468E
:10B814002A60AB80516003B030BDBDF80430F5E759
:10B824000000FFFF2DE9F843D0E9017EBEF1030FCC
:10B8340014D81EF0FF0367D0013BFE1D07F1080C6E
:10B844000022DDB23346AC4413F8014F002C08BF8C
:10B8540042F001026345F7D1002A46D00023BE44DA
:10B8640005460E468EF80830036884689868984642
:10B87400C8B1E11D39440737C3889C4210D164B371
:10B884003B46C21D01E0994227D013F801EF12F89C
:10B8940001CFE645F7D0006828B1C3889C42EFD0B9
:10B8A40000680028E8D16868B4F5803FD8F80070D3
:10B8B40081463A6830D2936804F1090220498B42E8
:10B8C40025D1114619F0CEFB28B32B680022C48081
:10B8D4009968016098606A6002E08388013383801C
:10B8E400052330603371BDE8F88302230D440B71E6
:10B8F4004B1E16F8012F03F8012F9D42F9D10023A6
:10B9040001F80E30BDE8F88302230B71F7E7014616
:10B9140038469847D8E73A6852680A498A420AD0B2
:10B924004946384690472A6801210023926888F8DE
:10B9340004101A60FFDE484619F0AAF8F3E700BFC6
:10B94400A9920000B192000043687BB182682DE99E
:10B95400F0410D46D98882B004468A4207D0511C72
:10B964001344A1601D7202B0BDE8F081704752001B
:10B974000168501C88460968B0F5803F06460F46AA
:10B9840012D209680A3289680846144988421DD1CE
:10B9940018461146019319F065FB019B20B1C6803E
:10B9A4000346A2686060DAE73A680D4952688A4241
:10B9B40008D1184619F06CF80122002388F80420F5
:10B9C4006360D0E7194638469047F5E71946019376
:10B9D400034638469847019BE0E700BFA992000060
:10B9E400B19200002DE9F0470D4601798146CA075E
:10B9F40043D4CB062AD411F0600F22D0B9F800400A
:10BA04004FF6FF739C4218D0EA6A4FF6FF7800E0C5
:10BA1400EA6AE30904F07F07A246294602EBC3035E
:10BA24005E6806EBC700C488FFF7DCFFAB8E4445B5
:10BA340026F83730A5F834A0EAD14FF0FF33C9F81F
:10BA44000030002389F80430BDE8F087B9F80030ED
:10BA54004FF6FF7293423AD0EA6AD809AE8E03F0E9
:10BA64007F0402EBC00011F0600F406820F83460DE
:10BA7400AB86E6D0B9F80040C7E7A8680028B8D07C
:10BA8400D9F80020002404E003680446002BB0D059
:10BA940018468242F8D183882A68013B9BB283808E
:10BAA400002BA6D1036854B12360136809495B686D
:10BAB4008B4206D118F0ECFF99F8041099E7AB60BB
:10BAC400F3E701461046984799F8041091E70023DC
:10BAD4001B80FFDEB19200002DE9F84391F800E0ED
:10BAE4000446BEF12B0F00F0DD80BEF12D0F40F0B7
:10BAF400B58091F801E04FF001090131AEF1300653
:10BB0400F6B2BEF12E0F18BF092E8CBF4FF0010EF6
:10BB14004FF0000E00F2AB80092E00F20C8170464B
:10BB24007246B54F12E011F801CFF318ACF13006AC
:10BB340045F100051846F6B22A46092E00F29C800B
:10BB440013F1663F75EB070880F0968095004FF07F
:10BB5400000C830045EA90751B1842EB0505DB18C1
:10BB64006D4116EB0308184655F100082A4628BF14
:10BB74004FF0010CBCF1000FD5D04FF0000C9F4DDD
:10BB84004FF0CC37831816460CF1010C43F1000337
:10BB94000FFA8CFCA5FB032828F0030202EB9802A1
:10BBA4009B1AC31A66F1000207FB03F0B6F5200FD7
:10BBB40005FB0200A3FB053210444FEA53034FEA8E
:10BBC400500243EAC070DDD20D78A5F13003092B91
:10BBD4000B460CD81F4613F8015FA5F13006092E59
:10BBE400F8D9C1F1010161440F440FFA87FC2E2DED
:10BBF40000F0A5801D7805F0DF016746452935D1A1
:10BC04005D782D2D00F08D802B2D00F0E780A5F1BF
:10BC14003006F1B2092929D80133002108E013F8CC
:10BC2400015FA5F130065FFA86F8B8F1090F18D85C
:10BC340001EB810106EB410101EB0C07B7F59A7F9B
:10BC4400EDDDBEF1000F00F0B780B9F1000F40F058
:10BC5400BD8000220123A26023700AE04FF0000996
:10BC64004CE7BEF1000F01D0ACEB010705B3002394
:10BC740023702046BDE8F883BCF1000F40F09580A6
:10BC8400B9F1000F46D04FF000469C45AE41FFF499
:10BC940074AF5B424FF0020265EB45052270C4E9C4
:10BCA4000235E6E791F801E04FF00009013125E79C
:10BCB40007F1260387EAE7754C2BA5EBE77505D852
:10BCC400B0F5000F72F10003C0F0A480114618F023
:10BCD400A9FB002F41EC170B7DDD494B03F1480113
:10BCE40005F001026D1022B193ED006B27EE067B87
:10BCF40025B108338B42F3D19FED3D7BB9F1000FA1
:10BD040001D0B1EE477B0423204684ED027B2370EF
:10BD1400BDE8F88303222046C4E902352270BDE859
:10BD2400F8839D78A5F13006F1B209299ED8023333
:10BD34004FF0010E71E70B4670467246F4465D788B
:10BD44005F1CA5F13006F6B2092E1DD8DFF8C080BD
:10BD5400B0F1993F0CF1FF3372EB080116D2910058
:10BD640017F8015F0FFA83FC830041EA90711B18F6
:10BD740042EB0101DB184941F018A5F1300641F10D
:10BD84000002F6B2092EE3D93B4634E77D787B1CEA
:10BD9400A5F1300109293FF62EAF17F8025FA5F18E
:10BDA4003003092BF2D93B4625E7B5F5801FBFF4D4
:10BDB400E4AE4FF0000C07E70020B9F1000F08D102
:10BDC40010490423C4E90201237052E74FF00042F2
:10BDD40040E70D49F5E791D00C4B7FE79D78A5F13D
:10BDE4003006F1B209293FF641AF023315E700BF2F
:10BDF400000000000000F87F99999919CDCCCCCCB3
:10BE0400801E00600000F07F0000F0FF381E00601C
:10BE14009999010007EE900A002FF8EEE77A1ADDEF
:10BE24000E4B03F1180105F001026D1022B193EDE0
:10BE3400007A67EE877A25B104339942F3D1DFEDB6
:10BE4400087AB9F1000F01D0F1EE677A0123C4ED4D
:10BE5400027A23700DE7F4D0024BE2E7201E006063
:10BE64000000C07F081E006000F10C0200B5D0E99C
:10BE740001E387B007CA8DE80700BEF1000F13D0B5
:10BE84000DF1180C0CE907009EF80420202A0BD1B0
:10BE94000A4601467046FFF7B5FB28B10079B0FAAF
:10BEA40080F0400907B000BD012007B000BD00BF0D
:10BEB40010B500F10C028AB0D0E901E30DF10C0CCD
:10BEC40007CA8CE80700BEF1000F35D006AC84E841
:10BED40007009EF80420202A2ED10A4670460699AF
:10BEE4000193FFF78FFB019B30B3027912F010012D
:10BEF40026D001884FF6FF7C614571D04FEAD11CF2
:10BF0400DB6A01F07F0103EBCC035B6803EBC10345
:10BF1400023A1C2A10D8DFE802F04B0F493B350FD8
:10BF24000F0F300F2B0F280F0F0F0F0F0F0F0F0FC7
:10BF34000F0F210F1A0F15009FED2A0A0AB010BD2A
:10BF44000B46E5E793ED000BB7EEC00BF6E7D3E93C
:10BF5400000118F06DFB00EE100AEFE7D3E90001D1
:10BF640018F05EFB00EE100AE8E790ED000AE5E742
:10BF740090ED000AB8EEC00AE0E790ED000AB8EED2
:10BF8400400ADBE7037800EE103AB8EE400AD5E742
:10BF9400016808312046FFF79FFD9DF81830013BEA
:10BFA400032BC9D8DFE803F019120B060168F1E787
:10BFB4000146EFE79DED080BB7EEC00BBEE7DDE9E8
:10BFC400080118F02DFB00EE100AB7E7DDE90801BF
:10BFD40018F02EFB00EE100AB0E79DED080AADE75D
:10BFE400002395E700000000F0B5054689B00F4630
:10BFF40055F8043B02AC0DF1140C93F83C6095E841
:10C004000700202E84E807008CE807000FD103F115
:10C0140038060A46014601933046FFF7F3FA30B179
:10C024000279019B111F012904D9022A02D0384642
:10C0340009B0F0BD95E8070084E8070005AC84E882
:10C0440007000A4630460599FFF7DCFA0028EFD0CE
:10C054000379042B09D0052B04D0022B18BF002030
:10C0640009B0F0BD00680830E2E70068E0E700BF0F
:10C0740050F8043B00B593F83CC087B007C80DF1F5
:10C08400180EBCF1200F8DE807000EE907000CD153
:10C094000A46014603F13800FFF7B4FA28B10079E3
:10C0A400B0FA80F0400907B000BD0120FBE700BFF3
:10C0B40010B551F8043B88B004460DF1080C07C9CB
:10C0C4008CE807000DF1200C0CE9070093F83C20E4
:10C0D400202A10D10A46014603F138000193FFF7E4
:10C0E40091FA019B38B10279202A04D1C4E90003F2
:10C0F400204608B010BD0020C4E90003204608B063
:10C1040010BD00BF70B584B004AC04E90E00002972
:10C114007BD09DF80C200D46002A48D1029C06468F
:10C12400032C4AD814F0FF0072D0013801F1FF3C0F
:10C1340051FA80F0634613F8011F002908BF42F04A
:10C1440001028342F7D1002A4CD0089B986840B181
:10C15400C3889C4238D00068002832D1B4F5803FAF
:10C1640050D2089B04F109002D491A6813681B6812
:10C174008B4250D118F084FC002843D001236A1E5E
:10C18400C11DC4808380931C12F801CF5B1B01F88E
:10C1940001CF9C42F7D8002304442372089B9B6878
:10C1A4000360089B986005233060337102E0042328
:10C1B40001600371012004B070BD089B98680028D9
:10C1C400CCD0C3889C42C6D16A1EC11D01E09C42EA
:10C1D40014D9931C11F801CF12F801EF5B1BE6454B
:10C1E400F5D0B8E702233371731E1CF8012F844580
:10C1F40003F8012FF9D100233355DBE7838801339A
:10C204008380D0E70123089A1371002004B070BD25
:10C2140002233371EFE7014610469847ACE700BFAD
:10C22400B992000003462DE9F04753F8044B054644
:10C23400D0F804E02DED028B8EB093E807000DF1E9
:10C24400140C8CE80700BEF1000F1FD094F83C30AA
:10C254000BB3202B1AD104F13807A94608AD2346A5
:10C26400B0EE408AA0469CE8070085E807007146C6
:10C27400069A3846FFF7C6F90546A8B1414628464E
:10C28400FFF7B0FB0E2385ED008A2B710EB0BDECD9
:10C29400028BBDE8F087202304F1380784F83C3092
:10C2A4004FF0FF33A363D8E7A58E4FF6FF7308AAB8
:10C2B4000BAE9D42AA4607CA86E8070018D1238E12
:10C2C4002268002B4BD0013BE16A9BB201EBC30017
:10C2D4004568002D43D031F833C041888C453ED9A0
:10C2E40005EBC10203AD01EBC31A013141800CE03F
:10C2F400EA09E36A03EBC2035A6805F07F0303AD5E
:10C3040032F8331002EBC302A1861F4B28462146A4
:10C3140016465360FFF73AFA039D002DB6D00BABD7
:10C32400009430460ECBFFF7EDFE0028AED0BDF8EA
:10C3340010204FF6FF71D9F80000F2807B888B4201
:10C3440019D0E16A8046D80903F07F0301EBC001EC
:10C35400496801EBC303A3F806A07A808EE703AD16
:10C3640004F10C012846FFF7ABF8039B1A463BB9CE
:10C37400012323718AE78046A7F800A07A807DE72D
:10C38400BDF810A0C1E700BF0000FFFF03462DE980
:10C39400F04353F8044B91B005460E460DF11C0CC6
:10C3A400D0F804E093E807008CE80700BEF1000F22
:10C3B4001ED094F83C30F3B1202B19D104F1380786
:10C3C400A9460AAD2346B04626469CE8070085E800
:10C3D40007007146089A3846FFF714F9054698B1E4
:10C3E40031462846FFF7FEFA0423C5F800802B7176
:10C3F40011B0BDE8F083202304F1380784F83C3001
:10C404004FF0FF33A363DBE70AAB93E807000DAB00
:10C4140083E80700214603A8FFF7B8F9039E002E1E
:10C42400E6D0214605A8FFF7B1F9059D002DDFD020
:10C434000DAB009430460ECBFFF764FE0028D7D036
:10C44400BDF818204FF6FF71BDF81000F2807B880C
:10C454008B420ED0E16ADC0903F07F0301EBC401D7
:10C46400496801EBC303D880D9F800307A801E46AE
:10C47400B6E73880F8E700BF037913F0100200B57F
:10C4840085B010D002884FF6FF7C624500F097809B
:10C49400D1F82CC04FEAD21E02F07F010CEBCE0281
:10C4A400526802EBC102023B1C2B17D8DFE803F0F1
:10C4B4002E166D847E16161680166F1671161616B5
:10C4C40016161616161616160F167B161900D2E92E
:10C4D4000003B0F1004F73F1000300D3002005B056
:10C4E40000BD92ED007B9FED386BB4EEC67BF1EEA0
:10C4F40010FAF3DB9FED366BB4EEC67BF1EE10FA67
:10C50400ECD8FDEEC77B17EE900AE8E701466846D3
:10C51400FFF7E2FA9DF80030013B032BDED8DFE899
:10C5240003F01F140C029FED286B9DED027BB4EE0B
:10C53400C67BF1EE10FAD1DBDCE7DDE90203B0F1F2
:10C54400004F73F10003CAD3C8E7DDE9020310F119
:10C55400004243F10003002B18BF002005B000BDCA
:10C56400DDED027A9FED1C7AF4EEC77AF1EE10FA53
:10C57400B4DB9FED1A7AF4EEC77AF1EE10FAADD877
:10C58400FDEEE77A17EE900AA9E70168BFE70068B5
:10C59400A5E7D0ED007A9FED107AF4EEC77AF1EEBC
:10C5A40010FA9BDBE5E7D2E90003D0E7007896E7D1
:10C5B400006820EAE07092E701680831A7E70022EA
:10C5C40071E700BFAFF30080000000000000E0C18D
:10C5D4000000C0FFFFFFDF41000000CFFFFFFF4E60
:10C5E40000B500F10C0289B0D0E901E30DF1080CAB
:10C5F40007CA8CE80700BEF1000F13D00DF1200C20
:10C604000CE907009EF80420202A0BD10A460146B3
:10C6140070460193FEF7F6FF20B10199FFF72CFF56
:10C6240009B000BD002009B000BD00BF000000003B
:10C63400037913F0100200B585B010D002884FF6CC
:10C64400FF7C624500F09780D1F82CC04FEAD21EDF
:10C6540002F07F010CEBCE02526802EBC102023BF6
:10C664001C2B17D8DFE803F02E166D847E161616E1
:10C6740080166F1671161616161616161616161638
:10C684000F167B161900D2E90003B0F1004F73F1C5
:10C69400000300D3002005B000BD92ED007B9FEDA8
:10C6A400386BB4EEC67BF1EE10FAF3DB9FED366B1C
:10C6B400B4EEC67BF1EE10FAECD8FDEEC77B17EEB4
:10C6C400900AE8E701466846FFF706FA9DF800304D
:10C6D400013B032BDED8DFE803F01F140C029FEDAF
:10C6E400286B9DED027BB4EEC67BF1EE10FAD1DB34
:10C6F400DCE7DDE90203B0F1004F73F10003CAD3B4
:10C70400C8E7DDE9020310F1004243F10003002B06
:10C7140018BF002005B000BDDDED027A9FED1C7A44
:10C72400F4EEC77AF1EE10FAB4DB9FED1A7AF4EE68
:10C73400C77AF1EE10FAADD8FDEEE77A17EE900A5B
:10C74400A9E70168BFE70068A5E7D0ED007A9FED8F
:10C75400107AF4EEC77AF1EE10FA9BDBE5E7D2E942
:10C764000003D0E7007896E7006820EAE07092E7DB
:10C7740001680831A7E7002271E700BFAFF300802A
:10C78400000000000000E0C10000C0FFFFFFDF4127
:10C79400000000CFFFFFFF4E037913F0100200B535
:10C7A40087B010D002884FF6FF7C624500F09D8070
:10C7B400D1F82CC04FEAD21E02F07F010CEBCE025E
:10C7C400526802EBC102023B1C2B13D8DFE803F0D2
:10C7D4002A1259838112121286120F125B1212123C
:10C7E400121212121212121270127912150000682B
:10C7F400FF2833D9002007B000BD92ED007BB5EED1
:10C80400C07BF1EE10FAF5DB9FED396BB4EEC67B1D
:10C81400F1EE10FAEED8FCEEC77BCDED017A9DF86F
:10C824000400E8E7014602A8FFF756F99DF808302E
:10C83400013B032BDED8DFE803F01C140A029DED54
:10C84400047BB5EEC07BF1EE10FADDDAD2E7DDE968
:10C854000403B0F5807F73F1000330D2C0B207B097
:10C8640000BDDDE90403B0F5807F73F10003C1D29C
:10C87400F4E7DDED047AF5EEC07AF1EE10FA09DAA8
:10C88400B8E70168CFE7D0ED007AF5EEC07AF1EEB3
:10C8940010FAAFDB9FED187AF4EEC77AF1EE10FAD6
:10C8A400A8D8FCEEE77ACDED017A9DF80400A2E762
:10C8B400D2E90003B0F5807F73F10003CED30020EA
:10C8C400CCE7D2E90003B0F5807F73F1000391D285
:10C8D400C4E700788FE701680831A4E70068B0F581
:10C8E400807F28BF0020C0B285E700226BE700BF2D
:10C8F4000000000000E06F4000007F4300F10C02E4
:10C9040000B5D0E901E387B007CA8DE80700BEF19E
:10C91400000F0FD00DF1180C0CE907009EF804204D
:10C92400202A07D10A460146704607B05DF804EB99
:10C93400FEF768BE002007B000BD00BF00F10C0385
:10C9440070B5044686B00E46D0E901E593E80700C9
:10C954008DE80700BEF1000F33D09EF804300DF1CE
:10C96400180C202B0CE907002BD10A462B467046E5
:10C974000399FEF747FE20B3027912F010010ED09E
:10C9840003884FF6FF718B4245D04FEAD31CE96A06
:10C9940003F07F0301EBCC01496801EBC3010A3AC0
:10C9A400122A0ED8DFE802F00A0D270D0D0D0D0D29
:10C9B4000D0D0D0D0D0D0D0D2D0D10000368FF2B2C
:10C9C4000FD9304606B070BDD1E90023002BF8DB47
:10C9D400B2F5807F73F10003B4BF01230023002B61
:10C9E400EFD02046FFF78AFF0028EBD02946FFF757
:10C9F400D3FE06B070BD0368002BE2DBFF2BF0DD35
:10CA0400DFE70B68B3F5807F4B6873F1000334BF35
:10CA140001230023E3E70021C1E700BF2DE9F04330
:10CA2400446891B050F8045B0DF11C0C07C88CE805
:10CA34000700002C3CD095F83C30002B3CD0202B38
:10CA440035D105F138070AAE2B469CE8070086E885
:10CA540007002146089A3846FEF7D4FD044638BB41
:10CA6400AE8E4FF6FF730AAA0DF1340C9E42B04607
:10CA740007CA8CE8070028D12B8E2A68002B59D0CE
:10CA8400013BE96A9BB201EBC300D0F804C0BCF1DE
:10CA9400000F4FD031F833E041888E454AD90CEB72
:10CAA400C10201EBC3180131418005A81AE000243A
:10CAB400204611B0BDE8F08320234FF0FF3205F18A
:10CAC4003807AA6385F83C30BDE7F209EB6A05A88C
:10CAD40003EBC2035A6806F07F0332F8331002EB0B
:10CAE400C302A9861E4B294616465360FEF74EFE26
:10CAF400059B9946002BDBD00DAB009530460ECB41
:10CB0400FFF700FB0028D3D0BDF818204FF6FF71C3
:10CB1400F2807B888B421AD0E96AD80903F07F033C
:10CB24004C4601EBC001496801EBC303A3F806803E
:10CB34007A80BDE705A805F10C010390FEF7C0FC5F
:10CB4400059B03981A463BB901232B71B0E74C4669
:10CB5400A7F800807A80ABE7BDF81880C2E700BF71
:10CB64000000FFFF50F8043B00B593F83CC087B0C9
:10CB740007C80DF1180EBCF1200F8DE807000EE96F
:10CB8400070008D10A46014603F1380007B05DF8F2
:10CB940004EBFEF737BD002007B000BD0000000025
:10CBA400037913F0100200B585B00FD002884FF658
:10CBB400FF7C62457ED0D1F82CC04FEAD21E02F031
:10CBC4007F010CEBCE02526802EBC102023B1C2B2C
:10CBD4001ED8DFE803F0271D4F6A6D1D1D1D511D72
:10CBE400531D571D1D1D1D1D1D1D1D1D1D1D201DFE
:10CBF400201D0F0092ED007BB5EEC07BF1EE10FA24
:10CC040006DB9FED316BB4EEC67BF1EE10FA53D91F
:10CC1400002005B000BDD2E90003002B18BF00209E
:10CC240005B000BD01466846FEF756FF9DF800308A
:10CC3400013B032BECD8DFE803F015100A029DED4D
:10CC4400027BB5EEC07BF1EE10FADADAE0E7DDE95B
:10CC54000203002B18BF0020DBE7039B002BD7D176
:10CC64000298D6E7DDED027AF5EEC07AF1EE10FA1D
:10CC74000FDACDE70168D6E70068CAE7006820EA62
:10CC8400E070C6E7D0ED007AF5EEC07AF1EE10FA66
:10CC9400BEDB9FED0F7AF4EEC77AF1EE10FAB7D847
:10CCA400FCEEE77A17EE900AB3E701680831BAE7B9
:10CCB4000078AEE7002289E7FCEEC77B17EE900A06
:10CCC400A7E700BFAFF300800000E0FFFFFFEF41E4
:10CCD400FFFF7F4F2DE9F041054686B0884655F8A1
:10CCE400046B03AF96F83C3095E80700202B8DE8E1
:10CCF400070087E807002DD106F138070A463346B6
:10CD040001463846FEF77EFC20B3037913F0100287
:10CD14000ED002884FF6FF718A423CD04FEAD21EF1
:10CD2400F16A02F07F0C01EBCE014A6802EBCC02FF
:10CD34000A3B122B0ED8DFE803F0140D0A0D0D0D7B
:10CD44000D0D0D0D0D0D0D0D0D0D110D29000368AB
:10CD5400002B06DA404606B0BDE8F0815368002B8C
:10CD6400F8D103AC334695E807008DE8070084E862
:10CD740007000A4638460399FEF744FC0028EAD027
:10CD84003146FFF70DFF06B0BDE8F0815368002B74
:10CD9400E0DBE6DDDEE70022CAE700BF00000000BA
:10CDA400037913F0100200B585B010D002884FF655
:10CDB400FF7C624500F09C80D1F82CC04FEAD21E63
:10CDC40002F07F010CEBCE02526802EBC102023B7F
:10CDD4001C2B14D8DFE803F02A1359828013131391
:10CDE40085130F135B131313131313131313131359
:10CDF4006F13781316000068B0F5803F32D300201B
:10CE040005B000BD92ED007BB5EEC07BF1EE10FAEB
:10CE1400F5DB9FED396BB4EEC67BF1EE10FAEED87C
:10CE2400BCEEC77B17EE103A98B2E9E701466846B4
:10CE3400FEF752FE9DF80030013B032BDFD8DFE8FC
:10CE440003F01C140A029DED027BB5EEC07BF1EEEB
:10CE540010FADEDAD3E7DDE90203B0F5803F73F1BF
:10CE640000032FD280B205B000BDDDE90203B0F5A6
:10CE7400803F73F10003C2D2F4E7DDED027AF5EEF0
:10CE8400C07AF1EE10FA09DAB9E70168CFE7D0ED1C
:10CE9400007AF5EEC07AF1EE10FAB0DB9FED187A65
:10CEA400F4EEC77AF1EE10FAA9D8FCEEE77A17EEA1
:10CEB400903A98B2A4E7D2E90003B0F5803F73F149
:10CEC4000003CFD30020CDE7D2E90003B0F5803FC3
:10CED40073F1000393D2C5E7007891E70168083144
:10CEE400A5E70068B0F5803F28BF002080B287E73F
:10CEF40000226CE7AFF3008000000000E0FFEF4089
:10CF040000FF7F472DE9F041054686B0884655F875
:10CF1400046B03AF96F83C3095E80700202B8DE8AE
:10CF2400070087E807002ED106F138070A46334682
:10CF340001463846FEF766FB28B3037913F0100266
:10CF44000ED002884FF6FF718A4253D04FEAD21EA8
:10CF5400F16A02F07F0C01EBCE014A6802EBCC02CD
:10CF64000A3B122B0FD8DFE803F00A0E340E0E0E24
:10CF74000E0E0E0E0E0E0E0E0E0E3B0E120003685B
:10CF8400B3F5803F10D3404606B0BDE8F081D2E946
:10CF94000023002BF7DBB2F5803F73F10003B4BF2D
:10CFA40001230023002BEED003AC334695E80700A1
:10CFB4008DE8070084E807000A4638460399FEF71F
:10CFC40021FB0028E0D03146FFF7EAFE06B0BDE8B9
:10CFD400F0810368002BD6DBB3F5803FE4DBD2E7B6
:10CFE4001368B3F5803F536873F1000334BF012322
:10CFF4000023D7E70022B3E7437E024663B1037EF2
:10D00400B3B1093BDBB2172B16D80F4921FA03F34E
:10D01400DB0711D500235376D2E904318B420FD2BA
:10D02400581C012110611B7851761376002BE8D12E
:10D03400107B0130C0B27047012300201373704786
:10D044004FF480731383F3E7130080000346407E9C
:10D0540008B1187E7047D3E904218A4202D2511CD8
:10D0640019611078012218765A767047437E2DE9AB
:10D07400F041044688B08846002B3FD0037E00214F
:10D0840004F11F00A34F01268E4617E02A2B27FA2E
:10D0940002F220D9D2071ED53F291CD084F819E00A
:10D0A4005FFA8CF100F8013F236965695A1CAB42B1
:10D0B40080F0DA8022611B7866762376A3F1300251
:10D0C40001F1010C092AE7D9A3F12B02452BD2B2B5
:10D0D400DCD9652BE0D06318002204F1200104A8F8
:10D0E40083F82020FEF7F8FC9DF81030013B032B59
:10D0F40000F20D81DFE803F035271E0DD0E904218D
:10D104008A4202D2531C0361137801222376627689
:10D11400B5E79DED067BF7EEC76BB7EEE65AB4EEC6
:10D12400457BF1EE10FA52D10E23C8ED006A88F85F
:10D1340004301CE0DDE90676EEB90A23C8F8007075
:10D1440088F8043013E0DDE9066716F1004347F17F
:10D154000003002B60D10C23C8F8006088F8043069
:10D1640005E0069A0E23C8F8002088F80430002051
:10D1740008B0BDE8F081E4694FF6FF73A28E9A42CD
:10D1840040F08380238E2268002B00F0B280013BA4
:10D19400E06A99B200EBC10CDCF80430002B00F01B
:10D1A400A88030F831E0BCF80200864540F2A18046
:10D1B40003EBC00300EBC1120130ACF80200A8F885
:10D1C40000201A2288F80420C3E90076CFE7E46936
:10D1D4004FF6FF72A38E934264D1238E2268002BF4
:10D1E4006DD0013BE06A9BB200EBC3067168002975
:10D1F40065D030F833707088874260D901EBC00283
:10D2040000EBC313013070801E21A8F8003088F8A9
:10D21400041082ED007BAAE7E4694FF6FF73A28E47
:10D224009A4225D1238E2268002B57D0013BE06A15
:10D2340099B200EBC10CDCF80430002B4ED030F86E
:10D2440031E0BCF80200864548D903EBC00300EB8B
:10D25400C1120130ACF80200A8F800201C2288F8A2
:10D264000420C3E9006782E74FF48073238332E725
:10D27400D109E36A03EBC10302F07F015B6833F871
:10D28400310003EBC103A086E6E7D109E36A03EBAF
:10D29400C10302F07F015B6833F8310003EBC10383
:10D2A400A0868CE7D909E26A02EBC10203F07F0190
:10D2B400526832F8310002EBC102A086A4E704F1FF
:10D2C4000C0102A88DED007BFEF7FAF8029A9DEDA1
:10D2D400007BCAB901230420237149E704F10C013E
:10D2E40002A8FEF7EDF8029B002BF3D0BDF80C204A
:10D2F400B2E704F10C0102A8FEF7E2F8029B002B4E
:10D30400E8D0BDF80C205AE7BDF80C307CE70320C8
:10D314002EE700BF0D0000042DE9F0410646006829
:10D3240088462221036817461B689847736803449C
:10D334007360B7B147441D4D18F8011B22241C4BE0
:10D344005A788A421ED013F8024F9D42F8D13068B1
:10D35400036881B11B68984773681844B8457060C6
:10D36400EAD13068222103681B6898477368034434
:10D374007360BDE8F0815B6806220E4998477368C4
:10D384001844EBE730680368002CE2D01B685C218A
:10D3940098472146D6E900230344146810462268BE
:10D3A4007360904773681844D8E700BF0E1D0020CF
:10D3B400001D0020101D00202DE9F04F467E87B08F
:10D3C4000446002E00F0B080067E00224FF0010AD1
:10D3D4001346934617466276EBB960692369834224
:10D3E40080F0C6805A1C22611D786776B542257686
:10D3F40015D0002D00F0C1805C2D1AD06368B3B144
:10D40400A168DA88914271D00B444A1CA2601D7253
:10D41400637E002BE1D0257E6776B542E9D1606852
:10D42400B0FA80F04009800007B0BDE8F08F637E59
:10D43400D2E7D4E90430834280F02E815A1C226161
:10D444001A7884F819A02276002A00F09680752AAA
:10D4540012D0994B2F2103F112008A4207D013F8FE
:10D46400021F8342F9D1032007B0BDE8F08F5D7835
:10D47400002DF8D06776C1E700254FF0040E6776DB
:10D48400AC462369984203F1010240F2F380226121
:10D494001A7822F020032276002A00F0ED80373B30
:10D4A400402ADBB201DC303AD3B243EA05110F2B38
:10D4B4000EF1FF3E8DB264D81EF0FF0E84F819C041
:10D4C400DFD105F520539BB2B3F5806F45D305F545
:10D4D40010539BB2B3F5806F59D37F2D2B465CD884
:10D4E400C9B22046FEF730FA637E75E74900226828
:10D4F40001F10108D2F800900192B8F5803F1CD2E6
:10D50400D9F800200A31926810466C4A904227D11B
:10D514001846029317F0A6FD029B70B1A0F806808E
:10D524000346A16860606FE7D0E90432934202D2F7
:10D534005A1C02611E78267647E7D9F80020604914
:10D5440052688A4279D1184617F0A2FA0123019A47
:10D55400137100236360637E3EE7C1F3090B3DE76B
:10D564000A4602931946034648469847029BD4E765
:10D5740000232383002E3FF452AF022007B0BDE8FE
:10D58400F08F03200123637607B0BDE8F08FC1F369
:10D59400090343EA8B2303F5803303F03F029B091D
:10D5A40062F07F021F2B8DF811204FF000028DF8DE
:10D5B400102046D903F03F0262F07F028DF812205A
:10D5C400C3F389129BB20F2A58D862F01F020DF1DF
:10D5D4001408D5B28DF8135008F1FF38019607E00E
:10D5E4001E440133A360357218F8015D002D30D05C
:10D5F4006668002EF8D0A368F2889342F0D15A00EE
:10D60400236802F1010902931B68B9F5803F23D214
:10D6140002F10A011A68926810469446274A904219
:10D624003ED13046039317F01DFD039BA0B1A0F833
:10D6340006900646A3686060D2E7194648469047BC
:10D6440084E763F03F030DF11308DDB28DF8125047
:10D65400C2E7019E637EBFE61A68194952688A428E
:10D6640025D1304617F014FA0123029A13710023CE
:10D674006360B9E700232376022083E702F03F02C8
:10D684001B0B0DF1150862F07F0243F0F0058DF8D5
:10D6940013208DF814509FE74FF4807323836CE7B5
:10D6A4000A46184603933146E047039BBEE73146DA
:10D6B40018469047D8E700BFFC1C0020A992000040
:10D6C400B1920000437E2DE9F047964688B0A3B19D
:10D6D40090F818C0BCF1000F1FD0ACF109047546D6
:10D6E4000A460346E4B2172C1ED8DFF870C32CFA9E
:10D6F40004F4E40758D500224276D0E90432934278
:10D7040080F042825A1C0261012293F800C04276E2
:10D7140080F818C0BCF1000FDFD1047B0134E4B2FF
:10D72400204608B0BDE8F08701210173417E61B94C
:10D73400D3E90410814280F05882481C186101200A
:10D7440091F800C0587683F818C0BCF17B0F30D82C
:10D75400BCF15A0F40F26A81ACF15B0CBCF1200FB2
:10D7640027D8DFE81CF0F400260026002600260057
:10D774002600260026002600260026003B0126005F
:10D784002600260026002600260026001F0126006B
:10D794002600260026002600FF002600260026007C
:10D7A4002600260026002C000120597E187300292B
:10D7B400BED011461846FFF759FC0446B0E72024B2
:10D7C4004FF0FF30E9B214710E461060002900F0EA
:10D7D400C780596915464FF0000E4FF0010C0A46F8
:10D7E40018699E49904200F1010483F819E080F021
:10D7F40018811C61007883F819C0A0F10904187617
:10D80400002800F01181E0B2172821FA00F401D8B1
:10D81400E107E5D40124184601931C730295FFF730
:10D8240015FC7D28019B00F096811C46029F002276
:10D834006368A260002B00F0F1812046FFF706FC2C
:10D84400272800F0C581222800F0C2812046FFF776
:10D85400FDFBA0F130020346D2B2092A0AD9A0F195
:10D864005F02D2B21B2A05D9A0F14102D2B2192A11
:10D8740000F2D380626815464FF0000229466276B2
:10D88400002D00F04F81A268E888824200F0828176
:10D8940011440132A2600B72637E002B00F04081C0
:10D8A4006268237E1546A3F13002D2B2092AE3D975
:10D8B400A3F15F02D2B21B2ADED9A3F14102D2B294
:10D8C400192AD9D9002D00F063812046FFF794FB73
:10D8D40000283AD101902046FFF7B8FB3A2840F0DF
:10D8E4009C80019A3846D4E9013162760B441A725D
:10D8F4006168E3690831A2680193FDF783FE019929
:10D90400002800F09C810190FEF76CF8019A114602
:10D914002046721EFFF7D6FEB8B92046FFF76CFB0F
:10D9240098B901902046FFF791FB7D2800F0128101
:10D934002046FFF78BFB2C286FD1019B2046637692
:10D94400FFF75AFB00283FF472AF0446E8E6402490
:10D954004FF0FF30E9B214711060002940F08C8060
:10D964000524DDE6012106201170597E107100297D
:10D9740000F0EC80197E3A4A002955D0107888428C
:10D984004BD10132374900208A42587647D0D3E937
:10D994000410814245D24C1C01201C610978587640
:10D9A4001976E9E75A7E002A00F0CE80197E2E4AC5
:10D9B400002939D0107888422FD101322B49002018
:10D9C4008A4258762BD0D3E90410814229D24C1CC8
:10D9D40001201C61097858761976E9E700210620B0
:10D9E4001170597E1071002900F0B280197E204A0E
:10D9F400D1B11078884210D101321E4900208A42E8
:10DA040058760CD0D3E9041081420AD24C1C012070
:10DA14001C61097858761976EAE7032480E6002425
:10DA24007EE64FF480721A83022479E6BCF1220F59
:10DA340072D1002059689860002900F0908018463F
:10DA440002920193FFF7B8FC044600287FF468AE05
:10DA5400DDE90101FDF7E6FE62E600BF1300800088
:10DA6400181D00201C1D0020281D00202C1D002036
:10DA7400201D0020251D00200024184603925C76FA
:10DA8400CDE90131FFF7B8FA044600287FF448AE27
:10DA94000198FFF7DBFA5D28019B52D00299A0465A
:10DAA400039E1C464F1EE26906A811460192FDF72B
:10DAB4006DFE069900296BD073884FF6FF72BDF88E
:10DAC4001C00934200F08C80019A4FEAD31C03F0AF
:10DAD4007F03D26A02EBCC02526802EBC303D88004
:10DAE40070803A462046FFF7EDFD014620460029A6
:10DAF40040F0DE80FFF780FA0546002840F0D6802B
:10DB04002046FFF7A3FA5D2819D02046FFF79EFAB6
:10DB14002C2882D16576C6E7BCF1270F89D048E668
:10DB240063681D46D4E90432934280F0CD805A1CC8
:10DB340022614FF001021B7862762376B3E6234616
:10DB4400444600225A76EBE5614A3CE7614A1EE707
:10DB5400614A57E72346002214465A76E0E51C68DA
:10DB64002068016809680D465C498D42CDE901329F
:10DB74003FD1282016F084FFDDE90132002831D09E
:10DB84005749416058605AE74FF480730383C4E5F2
:10DB94000424C5E552002168501C8A460968B0F582
:10DBA400803F8046894629D209680A3201938968F0
:10DBB40008464C4988426FD11146284617F052FA5C
:10DBC400019B0146D1B1A1F80680A26861605FE6BD
:10DBD4002046FFF7F1FB00283FF477AE04469FE5AB
:10DBE40030807DE701212171CCE74FF480711983E6
:10DBF400DFE52821A847DDE90132BFE7D9F8003085
:10DC0400394A5B68934255D1284616F041FF0123F7
:10DC14008AF8043000236360637E3EE623682F4A5B
:10DC240018681D4603681B68934247D1282016F0E4
:10DC340027FF002837D02A4A42606060FDE504A827
:10DC4400FDF7A4FD049A1546002AA1D0019906A85F
:10DC5400FDF79CFD069A002A9AD0BDF81C004FF6E9
:10DC6400FF7EBDF814C0E8807988714529D0019BF6
:10DC74004FEAD11E01F07F01DB6A03EBCE035B6840
:10DC840003EBC103A3F806C078802946204601921D
:10DC9400FDF7C8FD019A3AE60346294648469847E7
:10DCA400019B01468EE701222A71C6E7044637E547
:10DCB4000C4635E5294648469847A8E72821984761
:10DCC400B7E7A7F800C0DFE74FF480732383F9E5D3
:10DCD400281D0020181D0020201D0020B9920000DE
:10DCE40001001F00A9920000B192000010B5044683
:10DCF400006803681B68984763680344636010BD49
:10DD0400B4EE400B2DE9F041F1EE10FA8AB006466C
:10DD14000CD1B5EE400B0B46F1EE10FA12D030EEFA
:10DD2400007BB4EE470BF1EE10FA0BD130680422FD
:10DD3400B94903685B6898477368034473600AB021
:10DD4400BDE8F081B5EEC00BF1EE10FA00F12E81C2
:10DD54001946002B00F04581012202EB82020139B1
:10DD64004FEA4202F9D19FEDA67BB4EEC70BF1EE68
:10DD740010FAC0F2C180DFF8B4C20025A74C4FF4FA
:10DD840080700CF140014719401091ED007BB4EE16
:10DD9400C07BF1EE10FA04D83DB294ED007B20EE86
:10DDA400070B6145A4F10804A1F10801EBD1FCEED5
:10DDB400C07B17EE90CABCF1090F0ED96146984C8E
:10DDC400A4FB02020846013BA4FB017163284FEA4D
:10DDD400D2025BB24FEAD101F2D807EE902AB8EE34
:10DDE400676B07EE90CAB8EE677B30EE470B20EE08
:10DDF400060BFCEEC07BB8EE676B17EE904A30EE74
:10DE0400460B30EE000BBCEEC00B10EE101A0C44A7
:10DE1400944210D30CF1010C002D18BFBCF1090F72
:10DE24008CBF0122002240F2D280013500244FF041
:10DE3400010C2DB208E07A4A7A4904FB02F2B1EBF4
:10DE4400720F2CBF01220022002B0FDD72B1744A25
:10DE5400744F00E050B1A2FB0414013BE408D8B2B3
:10DE640002FB04F15BB2B7EB710FF3D20DF126079D
:10DE7400DFF8AC813946A8FB0C20BCF1090F4FEA4E
:10DE8400D00000EB8002ACEB4202844602F1300287
:10DE940001F8012DEFD830687A1A0093D0F800C049
:10DEA400DCF80480C0477268009B02447260002B57
:10DEB40051D1002D3FF443AF30686521ACB2036803
:10DEC4001B6898477368002D03447360C0F2828016
:10DED4003946534DA5FB0432092C4FEAD20202EB1A
:10DEE4008203A4EB430394B203F1300301F8013D30
:10DEF400F0D830687A1A1CE7B5EEC00BF1EE10FAD0
:10DF040027DD9FED417BB4EEC70BF1EE10FA20D86C
:10DF1400DFF81CC1B2EE046B434C4FF480700CF17B
:10DF2400400100252F1A401091ED007B27EE067B5F
:10DF3400B4EEC07BF1EE10FA04DD3DB294ED007B4B
:10DF440020EE070B6145A4F10804A1F10801E9D111
:10DF54002DE700252BE7013B0DF12008304ADBB209
:10DF6400C446C3F11F010DEB010EA2FB0410C0084F
:10DF740000EB8001A4EB4101044630310CF8011D93
:10DF8400F445F2D16A463068A8EB03012E24D31A73
:10DF940002399C770368A8EB01025B6898477368B1
:10DFA40003447360002D3FF4CAAE85E72D2130464B
:10DFB40003938DED000BFFF799FE039B9DED000B82
:10DFC4001946B1EE407B73B1B0EE470BC4E60122B3
:10DFD400002439E764422D213046A4B2FFF786FEBF
:10DFE40076E70122BFE69FED0A6B0122B4EEC60B71
:10DFF400B0EE470BF1EE10FA7FF6BDAE81E700BF3D
:10E0040000000000D0126341F168E388B5F8E43EF3
:10E0140000000000D01263C1281D0020781E00609B
:10E02400CDCCCCCC99999919C01E0060801E00609B
:10E03400381E006003792DE9F0470C4613F01001F7
:10E0440088B005460FD001884FF6FF70814200F07A
:10E05400D481C809D26A01F07F0102EBC002526880
:10E0640002EBC1021146023B3E2B40D8DFE813F01D
:10E074004B0054005A0067006E003F003F003F0011
:10E084007C003F00B6003F00F1003F003F003F002E
:10E094003F003F003F003F003F003F003F003F0084
:10E0A400FA003F002F013F0066013F006D013F0071
:10E0B4003F003F003F003F003F003F003F003F0064
:10E0C4003F003F003F003F003F003F003F003F0054
:10E0D4003F003F003F003F003F003F003F003F0044
:10E0E4003F003F003F003F003F003F009601206893
:10E0F4000422C74903685B68984763680344636004
:10E1040008B0BDE8F087284619F03AF829460246D7
:10E114002046FFF701F9F3E729682068CA88083127
:10E124000368E8E72D68002D00F07081284619F097
:10E1340027F8024629462046FFF7EEF8E0E729686B
:10E144002046CA880831FFF7E7F8D9E720682B781A
:10E1540002685568002B00F052810422AD49A8479B
:10E16400636803446360CBE70DF11E022B684FF034
:10E174000009A94D11464FF0CC3E052713EB0908C1
:10E184009C464E4648F10008A5FB080A2AF0030005
:10E1940000EB9A00A8EB0008B3EB080369F1000058
:10E1A4000EFB03F905FB0099A3FB0530814403F042
:10E1B40001005B08A0FB070A43EAC97310EB0800DF
:10E1C400BCF10A0F4FEA590900F1300076F100065C
:10E1D40001F8010DD2D22068521A8BE72B68DD17A3
:10E1E400002BC0F227810DF11E028B4E4FF0CC386C
:10E1F4004FF0050C114613EB05099E462F4649F1D5
:10E204000009A6FB090A2AF0030000EB9A00A9EB17
:10E214000009B3EB090365F1000008FB03F506FBF5
:10E224000055A3FB0630054403F001005B08A0FB86
:10E234000C0A43EAC57310EB0900BEF10A0F4FEA5A
:10E24400550500F1300077F1000701F8010DD2D235
:10E25400C1E795ED000A06212046B7EEC00AFFF794
:10E264004FFD4DE70DF11E02DFF8ACC14FF0CC3984
:10E274004FF00508D1E9003611469D199A46B64675
:10E2840045F10005ACFB050727F0030000EB970000
:10E294002D1A5B1B66F1000009FB03F60CFB0066FC
:10E2A400A3FB0C30064403F001005B08A0FB080745
:10E2B40043EAC6734019BAF10A0F4FEA560600F151
:10E2C40030007EF1000E01F8010DD6D283E7D1E9CA
:10E2D4000035002DC0F2A4800DF11E024E4E4FF009
:10E2E400CC394FF0050E11465F199A46AC4647F1FA
:10E2F4000007A6FB070828F0030000EB98003F1A6C
:10E30400DB1B65F1000009FB03F506FB0055A3FBCD
:10E314000630054403F001005B08A0FB0E0843EA45
:10E32400C573C019BAF10A0F4FEA550500F1300060
:10E334007CF1000C01F8010DD6D24CE791ED000BF5
:10E3440020460921FFF7DCFCDAE67B212046FFF7B3
:10E35400CDFC4FF6FF762D88B54247D00127A26841
:10E36400E80905F07F052146D36A03EBC00358682A
:10E3740000EBC5052846FFF75DFEED88B54235D0B4
:10E384002068002F87F0010703680CBF2C213A2175
:10E394001B689847636803446360E0E75B21204699
:10E3A400FFF7A4FC4FF6FF762D88B54207D118E09D
:10E3B400206803681B689847636803446360A26825
:10E3C400E90905F07F05D36A03EBC10321465868C8
:10E3D40000EBC5052846FFF72DFEED882C21B5423C
:10E3E400E6D15D212046FFF781FC89E67D212046A8
:10E3F400FFF77CFC08B0BDE8F087002232E6052276
:10E404000649A84763680344636079E62A4691E6AF
:10E41400281D0020181D0020CDCCCCCC201D0020B0
:10E424002D2120460193FFF761FC019B5B4265EBC4
:10E43400450551E72D2120460193FFF757FC019B29
:10E444005B4265EB4505CEE600B5024685B008485B
:10E45400002301A9019002F13800CDE90232FFF74F
:10E46400E9FD0A2005B05DF804EB14F04BBD00BFD4
:10E47400204D00202DE9F04F00239BB09E4A8DF8DB
:10E484002C300AAF0A924FF480220C934FF6FF739C
:10E494001692A2F5A022ADF85C300DF1340B974B27
:10E4A40006A8199206220793012395498DF8243072
:10E4B400CDF854B006970892FDF768FF9DF86430D4
:10E4C400002B40F0158120224FF0FF338DF864209B
:10E4D40018933B46062218A88A49FDF793F8044688
:10E4E400002800F0218139462046FDF77BFA0423F9
:10E4F4002371854B23600A23844A06A808930123C9
:10E50400CDE906728DF82430FEF788FA044630B15E
:10E514003946FDF767FA042323717D4B23607D4B55
:10E524001B78023BDBB2032B5FD87B4A06A8069715
:10E5340052F82380794B07930423089301238DF821
:10E544002430FEF76BFA824600285CD0404618F06F
:10E5540017FE814639465046FDF744FAB9F1030FD8
:10E5640040F22D810C9DADB109F1FF304044EB88A0
:10E574004B450CD108F1FF33EA1D02E0984200F04C
:10E584000F8113F8014F12F8011F8C42F6D02D6849
:10E59400002DECD1B9F5803F80F0FE800A9A09F194
:10E5A40009005F4913681B688B4240F0118116F023
:10E5B40067FA0546002D00F0EF80012309F1FF31D1
:10E5C400A5F806904144AB8008F1FF38EB1D18F81C
:10E5D400012F884503F8012FF9D10023A94489F8B4
:10E5E40008300C9B2B600C95DDE004234B4A06A8F5
:10E5F40008930123CDE906728DF82430FEF70EFA54
:10E60400824600284FD13846FFF71EFF0C980A9F18
:10E6140090B1444C03E016F03BFA0C9858B13B68B7
:10E6240002685B680C92A342F5D0014638469847CD
:10E634000C980028F3D10A9FBDF85820159BEAB125
:10E644000024DFF8E09026460AE016F021FA159B34
:10E6540001342E60BDF85810A2B26E6091420DD9FB
:10E6640003EBC405696808460029F1D03B685B6880
:10E674004B45EAD038469847159BE9E700214FF609
:10E68400FF725B45ADF85810ADF85C2008D03A68CD
:10E69400244952688A4240F08C80184616F0F8F9F2
:10E6A4001BB0BDE8F08F3946DFF85C80FDF79AF9BE
:10E6B40003218946414444464346002213F8010B92
:10E6C400002808BF42F001029942F7D1002A40F025
:10E6D400878002238AF804300AF1FF3314F8012BEF
:10E6E400A14203F8012FF9D100230AF809308AE77F
:10E6F400202B3FF4EEAEFEE6784E002024210020CD
:10E70400301D0020341D0020F40C00203C1D00208E
:10E71400481D002021550020E80900202C1E00205F
:10E72400B9920000B19200000623304A394602A88B
:10E73400CDE9062301238DF82030FDF727F8029D4B
:10E74400002D3FF4D8AE394604A8FDF71FF8049C09
:10E75400002C3FF4D0AE06AB009728460ECBFDF755
:10E76400D1FC00283FF4C7AEBDF814204FF6FF716A
:10E77400BDF80C00EA80BDF862308B422DD01599AB
:10E78400DD0903F07F0301EBC501496801EBC30315
:10E79400D880ADF86220A6E601238DF82C3032E74C
:10E7A400AB880133AB800523CAF800508AF80430E3
:10E7B40029E71946384690471BB0BDE8F08F19F099
:10E7C400FF017FF477AF022389468AF804308BE790
:10E7D4000146104698470546ECE6ADF86000D8E7D8
:10E7E4000C9D002D7FF4C0AED8E600BF341D002080
:10E7F4002DE9F04F00239DB04FF48021BD4A8DF8E0
:10E8040034300DF1200A0E930FAB0CAD0626012413
:10E814000C924FF6FF7250460895ADF864208DF8BF
:10E824002C40CDE91731B44BB4491B93B44BCDE91B
:10E834000936FDF7ABFDB34B50460A9608958DF8A3
:10E844002C400993FEF7EAF838B129460446FDF74F
:10E85400C9F804232371AC4B23600A23AB4A504606
:10E864000A930123CDE908528DF82C30FEF7D6F82F
:10E87400044630B12946FDF7B5F804232371A44BAF
:10E884002360A44A06234FF0010850460A938DF8EA
:10E894002C80CDE90852FEF7C1F80746002800F0A5
:10E8A400958229463E46FDF79DF8202302229A4987
:10E8B4003B714FF0FF3338463B602B46FCF7A2FE1A
:10E8C4000446002800F0C88229462046FDF78AF84D
:10E8D4004023274623714FF0FF332360002F3AD0A3
:10E8E4004FF6FF78DFF86492BB460296BDF86440A9
:10E8F400444500F0B481E209179B03EBC2035F684F
:10E9040004F07F0337F8332007EBC307ADF8642026
:10E91400794B2946384609F102097B6039F9026CC2
:10E92400FDF760F84FF00C033E603B71BBF802301A
:10E93400434500F0BF81179AD90903F07F0302EB26
:10E94400C102526802EBC303DC80744BABF8024093
:10E954004B45CBD1029E002E00F035823379002B3B
:10E9640000F0B581202B40F02E822B460222304647
:10E974006B49FCF747FE0446002800F0398229461B
:10E984002046FDF72FF84023A14623714FF0FF33B3
:10E994002360DFF8BCB1B9F1000F3AD04FF6FF772E
:10E9A40003964FF00C08BDF86440BC4200F095811A
:10E9B400E109179A02EBC102566804F07F0236F8A7
:10E9C400321006EBC206ADF864104B4B29463046B4
:10E9D4000BF1020B73603BF9022C0292FDF702F873
:10E9E400029A86F804803260B9F80220BA4200F034
:10E9F400B5811799D0094B4B02F07F0201EBC0019E
:10EA04005B45496801EBC202D480A9F80240CAD12F
:10EA1400039E002E00F0E680434B1F883379002BC1
:10EA240040F0CD81202333714FF0FF3333602B4608
:10EA3400062230463D49FCF7E5FD0446002800F077
:10EA44003D8329462046FCF7CDFF0A232760237126
:10EA5400374B1F883379002B00F0AB81202B40F01B
:10EA6400C1802B46062230463249FCF7CBFD0446D2
:10EA7400002800F0DC8229462046FCF7B3FF0A2375
:10EA8400276023712C4B1C683379002B00F08B8199
:10EA9400202B40F0A7802B46082230462749FCF75C
:10EAA400B1FD0746002800F0878229463846FCF766
:10EAB40099FF0E233C603B71214B1C683379002B7A
:10EAC40000F06B81202B40F08D802B4604223046D1
:10EAD4001C49FCF797FD0746002800F032822946BE
:10EAE4003846FCF77FFF0E233C603B71164B1C68D5
:10EAF40033792FE0784E00200000FFFF301D002006
:10EB040024210020341D0020F40C00203C1D002092
:10EB1400481D0020A4210020541D0020DA9D00205F
:10EB2400581D0020EA9D00200EA000205C1D00203E
:10EB340010A00020641D0020E45100206C1D002062
:10EB4400C89D0020781D0020DC510020CC9D0020B1
:10EB5400DC9D0020002B00F01A81202B42D12B4693
:10EB6400082230469A49FCF74DFD0746002800F07C
:10EB74001A8329463846FCF735FF0E233C603B7167
:10EB8400944B1F783379002B00F0FB80202B29D184
:10EB94002B46092230469049FCF734FD04460028F0
:10EBA40000F0C78229462046FCF71CFF0A23276091
:10EBB40023718A4B1C683379002B00F0DC80202BF6
:10EBC40010D12B46062230468549FCF71BFD07462B
:10EBD400002800F07B8129463846FCF703FF0A230E
:10EBE4003C603B712846FFF72FFC0E980C9E90B1B9
:10EBF4007C4C03E015F04CFF0E9858B13368026862
:10EC04005B680E92A342F5D00146304698470E98B1
:10EC14000028F3D10C9EBDF86020179B002A00F059
:10EC240087800024DFF8BC8127460AE015F030FF16
:10EC3400179B01342F60BDF86010A2B26F6091423F
:10EC440076D903EBC405696808460029F1D0336816
:10EC54005B684345EAD030469847179BE9E7BDF81F
:10EC640060300C9A5BB1013B17999BB201EBC30076
:10EC7400476827B131F8334041888C4212D80FA934
:10EC84005046FCF71DFC089F002F40F0C68209F196
:10EC94000209554B012299458DF834207FF426AEA4
:10ECA400029E58E601EBC31307EBC10701319CB286
:10ECB40041802DE6002364F30F0364F31F43CBF874
:10ECC4000030494B4B457FF411AE029E43E62023AE
:10ECD40033714FF0FF33336047E6BDF860100C9A90
:10ECE40099B10139179889B200EBC104666866B11D
:10ECF40030F831C06088844507D900EBC11106EBB8
:10ED0400C006013060808CB25FE60FA95046FCF764
:10ED1400D7FB089E002E40F0848201230BF1020BE6
:10ED24008DF83430314B5B457FF43BAE039E70E687
:10ED34004FF6FF720021ADF864200FAAADF8601001
:10ED4400934208D03268274952688A4240F06D8263
:10ED5400184615F09DFE1DB0BDE8F08F0022234B30
:10ED640064F30F025B4564F31F42C9F800207FF48B
:10ED74001AAE039E4DE6202333714FF0FF33336008
:10ED84001FE7202333714FF0FF33336000E7202364
:10ED940033714FF0FF333360E1E6202333714FF0DA
:10EDA400FF33336091E6202333714FF0FF33336038
:10EDB40071E6202333714FF0FF33336051E6202B8B
:10EDC4003FF435AE0EE74FF00009E2E5064685E56F
:10EDD400801D0020225500208C1D0020EC510020B5
:10EDE400981D0020B1920000DA9D0020EA9D0020C9
:10EDF400AC4B294604A808930223099301238DF8F8
:10EE04002830FCF7C3FC049F002FDCD0294606A859
:10EE1400FCF7BCFC069C002CD5D0009538469AE83B
:10EE24000E00FDF76FF90028CDD0BDF81C104FF689
:10EE3400FF72BDF81400F9807388934200F0FE81DC
:10EE4400179ADF0903F07F0302EBC702526802EB53
:10EE5400C303D880718092E5934B294604A88DF8AA
:10EE64002880089302230993FCF790FCDDF81080B6
:10EE7400B8F1000F00F0DF81294606A8FCF786FCF4
:10EE8400069C002C00F0D781009540469AE80E00BD
:10EE9400FDF738F9002800F0CE81BDF81C104FF6BC
:10EEA400FF72BDF81400A8F806107B88934200F0A6
:10EEB400D581179A4FEAD31C03F07F0302EBCC02EF
:10EEC400526802EBC303D8807980FDE4774B29466E
:10EED40004A808930623099301238DF82830FCF72E
:10EEE40055FCDDF81080B8F1000F3FF47BAE2946E5
:10EEF40006A8FCF74BFC069F002F3FF473AE009569
:10EF040040469AE80E00FDF7FDF800283FF46AAE8B
:10EF1400BDF81C104FF6FF72BDF81400A8F80610D7
:10EF24007388934200F09881179A4FEAD31C03F038
:10EF34007F0302EBCC02526802EBC303D8807180DA
:10EF440049E65B4B294604A808930423099301234B
:10EF54008DF82830FCF71AFCDDF81080B8F1000FAA
:10EF64003FF4C4AD294606A8FCF710FC069F002F09
:10EF74003FF4BCAD009540469AE80E00FDF7C2F898
:10EF840000283FF4B3ADBDF81C104FF6FF72BDF876
:10EF94001400A8F806107388934200F05B81179A56
:10EFA4004FEAD31C03F07F0302EBCC02526802EB5E
:10EFB400C303D880718092E53E4B294604A8089388
:10EFC4000823099301238DF82830FCF7DFFBDDF8D3
:10EFD4001080B8F1000F3FF46FAD294606A8FCF786
:10EFE400D5FB069F002F3FF467AD009540469AE895
:10EFF4000E00FDF787F800283FF45EADBDF81C1045
:10F004004FF6FF72BDF81400A8F8061073889342F7
:10F0140000F01E81179A4FEAD31C03F07F0302EB22
:10F02400CC02526802EBC303D88071803DE5224BC9
:10F03400294604A808930623099301238DF8283050
:10F04400FCF7A4FBDDF81080B8F1000F3FF41AAD13
:10F05400294606A8FCF79AFB069C002C3FF412AD47
:10F06400009540469AE80E00FDF74CF800283FF45E
:10F0740009ADBDF81C104FF6FF72BDF81400A8F8D6
:10F0840006107388934200F0E180179A4FEAD31C6C
:10F0940003F07F0302EBCC02526802EBC303D88077
:10F0A4007180E8E4581D0020541D0020981D0020A4
:10F0B400781D00206C1D0020641D0020684B29462B
:10F0C40004A808930623099301238DF82830FCF73C
:10F0D4005DFBDDF81080B8F1000F3FF4B9AC2946B0
:10F0E40006A8FCF753FB069C002C3FF4B1AC00953A
:10F0F40040469AE80E00FDF705F800283FF4A8AC56
:10F10400BDF81C104FF6FF72BDF81400A8F80610E5
:10F114007388934200F09880179A4FEAD31C03F047
:10F124007F0302EBCC02526802EBC303D8807180E8
:10F1340087E44C4B294604A8089309230993012327
:10F144008DF82830FCF722FBDDF81080B8F1000FB1
:10F154003FF42FAD294606A8FCF718FB069C002CAB
:10F164003FF427AD009540469AE80E00FCF7CAFF2D
:10F1740000283FF41EADBDF81C104FF6FF72BDF819
:10F184001400A8F80610738893425BD0179A4FEACC
:10F19400D31C03F07F0302EBCC02526802EBC303DF
:10F1A400D8807180FEE4304B294604A808930823D4
:10F1B400099301238DF82830FCF7E8FADDF8108074
:10F1C400B8F1000F3FF4DCAC294606A8FCF7DEFAE0
:10F1D400069F002F3FF4D4AC009540469AE80E00F9
:10F1E400FCF790FF00283FF4CBACBDF81C104FF6A1
:10F1F400FF72BDF81400A8F80610738893421FD05C
:10F20400179A4FEAD31C03F07F0302EBCC02526837
:10F2140002EBC303D8807180ABE4BDF82440FFF750
:10F2240077BBBDF82440FFF7D0BB19463046904762
:10F234001DB0BDE8F08F0027FFF750BB308009E612
:10F244003080E8E73080ACE7308070E7308027E733
:10F254003080EAE63080ADE6308070E6388033E610
:10F264005C1D00208C1D0020801D00202DE9F04F26
:10F2740000239BB0934A8DF82C300DA90A924FF4C9
:10F2840080220C934FF6FF731692A2F5A022ADF8DC
:10F294005C3006A88C4B15910AA919920622079393
:10F2A40001230691894908928DF82430FDF76EF800
:10F2B400874A9DF8643092F82C50002B40F0F98076
:10F2C40020238DF864304FF0FF3318930AAB0B22E0
:10F2D400804918A8FCF796F90446002800F03A8102
:10F2E4000AA92046FCF77EFB0A23256023719DF8BA
:10F2F4006430002B40F0928020238DF864304FF06E
:10F30400FF33189318A80AAB03227349FCF77AF960
:10F314000446002800F0E8800AA92046FCF762FBB6
:10F324004023A24623714FF0FF332360DFF8B4B1CA
:10F334000BF11009BAF1000F32D04FF6FF760A270D
:10F34400BDF85C40B4426DD0E209159B03EBC203E7
:10F3540004F07F025D6835F8323005EBC205ADF884
:10F364005C305E4B0AA928460BF1010B6B601BF85D
:10F37400018CFCF737FBC5F80080BAF802302F7116
:10F38400B34275D0159AD90903F07F03CB4502EB3C
:10F39400C102526802EBC303DC80AAF80240CFD159
:10F3A4000AA8FFF751F80C980A9D90B14C4C03E061
:10F3B40015F06EFB0C9858B12B6802685B680C92D0
:10F3C400A342F5D00146284698470C980028F3D16B
:10F3D4000A9DBDF85820159B002A54D00024404EA5
:10F3E40027460CE015F054FB159B0134C8F8007057
:10F3F400BDF85810A2B2C8F80470914243D903EB87
:10F40400C408D8F8041008460029EED02B685B68BD
:10F41400B342E7D028469847159BE6E7202B3FF4F4
:10F4240071AF49E0BDF858300A9A9BB1013B159978
:10F434009BB201EBC300456865B131F833404188A4
:10F444008C4207D901EBC31305EBC10501319CB212
:10F45400418086E70DA906A8FCF732F8069D75BB26
:10F4640001239B448DF82C30CB457FF468AF97E79C
:10F474000023D94564F30F0364F31F43CAF8003033
:10F484007FF45EAF8CE74FF6FF720021ADF85C208D
:10F494000DAAADF85810934208D02A681049526852
:10F4A4008A4240F09080184615F0F2FA1BB0BDE88D
:10F4B400F08F202B3FF40AAF4FF0000A36E7BDF877
:10F4C4001C404EE7784E002024210020301D0020EF
:10F4D400789C0020A01D0020AC1D00200000FFFF30
:10F4E400B1920000949C002003233D4A0AA902A87B
:10F4F400CDE9062301238DF82030FCF747F9029D5E
:10F50400002DD9D00AA904A8FCF740F9049C002CCA
:10F51400D2D00AAB2846009306AB0ECBFCF7F2FD23
:10F524000028C9D0BDF814104FF6FF72BDF80C00C6
:10F53400E980BDF8623093424ED0159ADD0903F09C
:10F544007F0302EBC502526802EBC303D880ADF817
:10F554006210E1E6234B0AA902A806930B23079342
:10F5640001238DF82030FCF711F9029E002E3FF4A0
:10F57400BEAE0AA904A8FCF709F9049C002C3FF4C8
:10F58400B6AE0AAB3046009306AB0ECBFCF7BAFD21
:10F5940000283FF4ACAEBDF814204FF6FF71BDF85F
:10F5A4000C00F280BDF862308B4212D01599DE094E
:10F5B40003F07F0301EBC601496801EBC303D88064
:10F5C400ADF862208CE61946284690471BB0BDE88A
:10F5D400F08FADF86000F3E7ADF86000B7E700BF67
:10F5E400AC1D0020A01D00202DE9F04F002397B092
:10F5F400AE4A01248DF81C3009A908934FF6FF7315
:10F6040006924FF48022ADF84C3006ADA84B02A808
:10F614001292A2F5A022039306231191A549049303
:10F62400029515928DF81440FCF7B0FEA24B02A887
:10F63400A24E0393072396F8377002958DF8144071
:10F644000493FDF7EBF930B129460446FCF7CAF9F7
:10F654000A23276023719A4B02A896F83870CDE9E3
:10F6640002530723049301238DF81430FDF7D6F9D0
:10F67400044628B12946FCF7B5F90A23276023710B
:10F68400904B02A896F83970CDE9025308230493ED
:10F6940001238DF81430FDF7C1F9044628B1294639
:10F6A400FCF7A0F90A2327602371D6F82E30012431
:10F6B40002A8029500EE103A834B8DF81440039390
:10F6C40004230493FCF7AEFD804B02A88DF814408C
:10F6D4000393092396F8367002950493FDF79EF977
:10F6E400044628B12946FCF77DF90A2327602371D3
:10F6F400D6F80A300827012402A800EE103A744B09
:10F70400049703938DF814400295FCF78BFD04973E
:10F714000DEB07008DF814400295D6F8063000EE84
:10F72400103A6C4B0393FCF77DFD6B4B0DEB07001C
:10F734008DF814400393062302950493D6F80E70B3
:10F74400FDF76CF9044628B12946FCF74BF90A2366
:10F7540027602371614B02A8778E039306230295D9
:10F76400049301238DF81430FDF758F9044628B1A9
:10F774002946FCF737F90A2327602371584B02A85E
:10F78400B78E039306230295049301238DF8143056
:10F79400FDF744F9044628B12946FCF723F90A2366
:10F7A40027602371F36B012402A8029500EE103A3E
:10F7B4004C4B8DF8144003930B230493FCF732FD58
:10F7C400494B02A88DF81440039302230295049335
:10F7D400FDF724F98246002800F0B8802946D34674
:10F7E400FCF700F940224FF6FF778AF804204FF027
:10F7F400FF32CAF800204FF0000AB6F91280CDF8A3
:10F804000480BDF84C905C464FF00C08D346B945D3
:10F8140039D04FEAD911119A02EBC10209F07F01E4
:10F82400526832F8310002EBC10AADF84C002F4B9C
:10F83400294650460BF1010BCAF80430FCF7D2F804
:10F84400019B8AF80480CAF800306288BA4274D0F6
:10F854001199D00902F07F02BBF1070F01EBC0013F
:10F86400496801EBC202A2F80690A4F802906DD098
:10F874000BF10802BDF84C9006EB4202B945B2F90F
:10F8840002300193C5D1BDF84810069A81B30139FD
:10F89400119889B200EBC10CDCF8043043B330F8A2
:10F8A40031E0BCF8020086453DD821E0784E0020C6
:10F8B40024210020301D0020B01D0020A89C002021
:10F8C400B81D0020C01D0020781D00208C1D0020C4
:10F8D400801D00206C1D0020981D00205C1D002050
:10F8E400641D0020CC1D0020541D00200000FFFFDB
:10F8F40009A902A8FBF7E4FDDDF808A0BAF1000F9E
:10F9040040F00681DA460122A34692448DF81C2079
:10F91400BAF1070F1AD00AF1080206EB4202B2F953
:10F92400023001936DE700EBC11103EBC00A013013
:10F934001FFA81F9ACF8020079E70022BBF1070F46
:10F9440069F30F0269F31F42226091D1764B02A83A
:10F95400CDE902530223049301238DF81430FDF7FB
:10F964005DF88246002800F083802946D346FCF7E0
:10F9740039F840224FF6FF778AF804204FF0FF321F
:10F98400CAF800204FF0000AB6F92080BDF84C40B8
:10F99400BC4236D0E209119B03EBC20304F07F02A0
:10F9A4005B6833F8321003EBC209ADF84C105F4BBF
:10F9B400294648460AF1010AC9F80430FCF712F84E
:10F9C4004FF00C03C9F8008089F80430BBF802300A
:10F9D400BB4243D0119AD90903F07F03BAF1070F50
:10F9E40002EBC102526802EBC303DC80ABF80240B5
:10F9F4003ED0BDF84C400AF11003BC4236F91380E6
:10FA0400C8D1BDF84830069A5BB1013B11999BB24D
:10FA140001EBC300446824B131F833C041888C45FC
:10FA240014D809A902A8FBF74BFDDDF80890B9F139
:10FA3400000F70D1012292448DF81C20BAF1070FF7
:10FA440016D00AF1100236F912809FE701EBC313B6
:10FA540004EBC10901319CB24180A8E70023BAF14B
:10FA6400070F64F30F0364F31F43CBF80030C0D1D6
:10FA74002846FEF7E9FC0898069E90B12C4C03E05A
:10FA840015F006F8089858B1336802685B68089264
:10FA9400A342F5D001463046984708980028F3D190
:10FAA400069EBDF84820119BEAB10024DFF880804F
:10FAB40027460AE014F0ECFF119B01342F60BDF8D7
:10FAC4004810A2B26F6091420DD903EBC405696876
:10FAD40008460029F1D033685B684345EAD03046D4
:10FAE4009847119BE9E74FF6FF720021ADF84C20CF
:10FAF40009AAADF84810934207D032680C495268FD
:10FB04008A420BD1184614F0C3FF17B0BDE8F08F3A
:10FB1400BDF80C908BE6BDF80C4048E7194630461A
:10FB2400904717B0BDE8F08F581D00200000FFFF7C
:10FB3400B19200002DE9F04F0023A1B0AF4A012497
:10FB44008DF8443013A912934FF6FF7310924FF4BB
:10FB54008022ADF874300DF14008A94B0CA81C921A
:10FB6400A2F5A0220D9306231B910A25A5490E9305
:10FB7400CDF830801F928DF83C40FCF707FCA24B77
:10FB84000CA8CDF830800D93A04B8DF83C409E79A5
:10FB94000E95FCF743FF28B104464146FBF722FFCC
:10FBA40025712660994E092501240CA8D6F8073042
:10FBB4000E9500EE103A964B8DF83C400D93CDF81F
:10FBC4003080FCF72FFB934B0CA80E958DF83C402E
:10FBD400F57ACDF830800D93FCF720FF044628B168
:10FBE4004146FBF7FFFE0A23256023718A4B0CA8CC
:10FBF400CDE90C8307230E9301238DF83C30FCF7E9
:10FC04000DFF814648B14146FBF7ECFE402389F8DD
:10FC140004304FF0FF33C9F800307C4BDB7A002B03
:10FC240000F0D0814FF0010BDFF8E0A1CDE903B97A
:10FC3400039B013B0293049B002B00F0B181BDF8B0
:10FC440074304FF6FF72934200F00283D9091B9A75
:10FC540002EBC102546803F07F0234F8321004EB63
:10FC6400C204ADF874106D4A4FF6FF716260049AD5
:10FC740052888A4200F01A841B99D00902F07F024C
:10FC840001EBC001496801EBC202D380049A4146EA
:10FC940020465380FBF7A6FE2023042260492371EB
:10FCA4004FF0FF33204623604346FBF7ABFC9AF842
:10FCB4000C700546002800F0348541462846FBF7C1
:10FCC40091FE0A232F602B7123799AF80D70002B73
:10FCD40040F0F482202323714FF0FF332360434626
:10FCE400082220464F49FBF78DFC0546002800F00A
:10FCF4006A8441462846FBF775FE0A232F602B7160
:10FD040023799AF80E70002B40F0CC8320232371C2
:10FD14004FF0FF3323604346082220464249FBF755
:10FD240071FC0546002800F0C38441462846FBF7D1
:10FD340059FE0A232F602B7123799AF80F70002B38
:10FD440000F0B682202B40F02B8143460C22204643
:10FD54003649FBF757FC0546002800F0FA83414674
:10FD64002846FBF73FFE0A232F602B711A23274AEC
:10FD7400029903FB01231F8A2379002B00F092824E
:10FD8400202B40F00D814346062220462849FBF7EC
:10FD940039FC0546002800F0A38341462846FBF7BA
:10FDA40021FE0A232F602B712379002B00F074822B
:10FDB400202B40F0F5804346052220461D49FBF7E1
:10FDC40021FC8146002800F0388441464846FBF770
:10FDD40009FE402389F804304FF0FF33C9F800309E
:10FDE400B9F1000F00F0DC80029A1A23D3460025F3
:10FDF40003FB02F2CDF818A00292A3E0784E002093
:10FE040024210020301D0020D81D0020E89C002063
:10FE1400E41D0020F01D0020FC1D00200000FFFF59
:10FE2400041E00200C1E0020181E0020241E00208A
:10FE3400341E00203C1E0020D9091B9A02EBC1028B
:10FE4400546803F07F0234F8321004EBC204ADF8B6
:10FE54007410A84A4FF6FF716260B9F802208A4212
:10FE640000F0FE801B99D00902F07F0201EBC00173
:10FE7400496801EBC202D38041462046A9F802300A
:10FE8400FBF7B0FD202307229B4923714FF0FF337A
:10FE9400204623604346FBF7B5FB9BF812700646E9
:10FEA400002800F07D8141463046FBF79BFD0A2384
:10FEB40037603371029A05EB8503AE0013448F4A11
:10FEC4001344B3F813702379002B62D120232371D8
:10FED4004FF0FF3323604346072289492046FBF74E
:10FEE40091FB8246002800F0118141465046FBF701
:10FEF40079FD0A23CAF800708AF80430029B2E4464
:10FF04001E447E4B1E442379B6F81560002B3AD06C
:10FF1400202B40D1434608227A492046FBF772FB46
:10FF24008246002800F09F80013541465046FBF789
:10FF340059FD0A23042DCAF800608AF804302DD034
:10FF44000BF1050BBDF874304FF6FF7293427FF44A
:10FF540073AFBDF87030109A002B71D0013B1B9920
:10FF64009BB201EBC3004468002C69D031F83360C4
:10FF740041888E4264D901EBC31304EBC1040131FF
:10FF84009BB2418065E7202323714FF0FF33236048
:10FF9400C0E7202B9FD00135042DD1D1DDF818A066
:10FFA40003990AF11A0A554BCAB2DB7A082918BF19
:10FFB400934201F101028CBF012300230392002B21
:10FFC4007FF436AE4046FEF73FFA1298109E90B189
:10FFD4004D4C03E014F05CFD129858B1336802688C
:10FFE4005B681292A342F5D00146304698471298B6
:0CFFF4000028F3D1109EBDF870201B9B6C
:02000004600199
:10000000002A00F059820024DFF8008127460BE027
:1000100014F040FD1B9B01342F60BDF87010A2B29C
:100020006F60914240F2488203EBC405696808465C
:100030000029F0D033685B684345E9D030469847E3
:100040001B9BE8E713A90CA8FBF73CFA0C9C002CBF
:1000500040F0B98301350123042D8DF844307FF43D
:1000600071AF9DE7A9F8003008E7BDF874104FF6AE
:10007000FF739942059100F05181CA091B9B03EB64
:10008000C20301F07F025F6837F8321007EBC20746
:10009000ADF87410184B4FF6FF727B60BDF87430EA
:1000A000934200F0D981D9091B9A02EBC102506832
:1000B00003F07F0230F8321000EBC20AADF8741082
:1000C0000D4A4FF6FF71CAF804200F4AFB803A60D0
:1000D00004223A7162888A4200F05E831B99D0093B
:1000E00002F07F0201EBC001496801EBC2020599F1
:1000F000D18063801AE700BF0000FFFF441E00208C
:10010000E89C00204C1E0020541E0020B1920000EC
:10011000BDF874104FF6FF739942079100F0D48038
:10012000CA091B9B03EBC20301F07F025B6833F833
:10013000321003EBC203ADF874100593059B9D4A82
:100140005A604FF6FF72BDF87430934200F05C8144
:10015000D9091B9A02EBC102506803F07F0230F804
:10016000321000EBC20AADF87410924A0599CAF831
:100170000420914ACB800A6004220A714FF6FF7175
:1001800062888A4200F01C831B994FEAD21C02F05D
:100190007F0201EBCC01496801EBC2020799D180D3
:1001A0006380A4E6854BBDF874A00C9307230D93E0
:1001B00001238DF838304FF6FF739A4500F0D38055
:1001C0004FEADA121B9B03EBC2030AF07F025B6863
:1001D00033F8321003EBC203ADF874100593059B9E
:1001E000744A5A604FF6FF73BDF874109942079134
:1001F00000F0E680CA091B9B03EBC2035E6801F0B6
:100200007F0336F8332006EBC306ADF87420694B44
:100210000CAA05987360CDF800800ECAFBF774FF36
:1002200000283FF449AE059B079ADA804FF6FF722B
:100230006388934200F0B3821B9AD90903F07F03CD
:1002400002EBC102526802EBC303A3F806A0079BAE
:1002500063802AE6BDF87030109A5BB1013B1B99B0
:100260009BB201EBC300446824B131F8335041889C
:100270008D420BD813A90CA8FBF724F90C9C002C79
:1002800040F0B18201238DF844308BE601EBC313BB
:1002900004EBC10401319BB24180E6E420232371C9
:1002A0004FF0FF33236088E5202323714FF0FF33A5
:1002B00023606AE5202323714FF0FF33236046E576
:1002C000202B3FF40EAD6DE6BDF87030109A73B17F
:1002D000013B1B999BB201EBC300D0F804E0BEF1D7
:1002E000000F04D031F833C041888C450CD813A9D5
:1002F0000CA8FBF7E7F80C9B0593002B40F08082DD
:1003000001238DF84430FBE50EEBC10201EBC31372
:1003100005924A1C9BB2428007930FE7BDF87030EC
:10032000109A5BB1013B1B999BB201EBC30047687C
:1003300027B131F833C041888C450BD813A90CA8DC
:10034000FBF7C0F80C9F002F3FF484AEBDF83430AB
:1003500005939FE601EBC3134A1C07EBC1079BB251
:100360004280059396E6BDF87030109A5BB1013B70
:100370001B999BB201EBC300466826B131F833C02C
:1003800041888C450CD813A90AA8FBF79BF80A9B57
:100390000593002B40F0318201238DF844308BE52A
:1003A00006EBC10201EBC31305924A1C1FFA83FA44
:1003B000428014E70000FFFF4C1E0020441E002076
:1003C000BDF87030109A5BB1013B1B999BB201EBF9
:1003D000C300466826B131F833C041888C450AD83D
:1003E00013A90AA8FBF76EF80A9E002ED4D0BDF818
:1003F0002C3007930BE701EBC31306EBC106013169
:100400009BB24180079302E7BDF87030109A6BB140
:10041000013B1B999BB201EBC30CDCF8040028B133
:1004200031F833E0BCF802108E450CD813A90CA8A3
:10043000FBF748F8DDF830A0BAF1000F3FF460AFE9
:10044000BDF8343091E601EBC31300EBC10A013172
:100450009BB2ACF8021088E6BDF87030109A6BB110
:10046000013B1B999BB201EBC30CDCF8040028B1E3
:1004700031F833E0BCF802108E450CD813A90CA853
:10048000FBF720F8DDF830A0BAF1000F3FF4E2AD41
:10049000BDF8343014E601EBC31300EBC10A01319F
:1004A0009BB2ACF802100BE6202B3FF436AC79E59A
:1004B000049A1380FFF7ECBB4FF6FF720021ADF8F2
:1004C000742013AAADF87010934208D03268B54971
:1004D00052688A4240F08B81184614F0DBFA21B052
:1004E000BDE8F08FB04B414608A80C9306230D934E
:1004F00001238DF83830FBF74BF9089E002E3FF4AE
:1005000055AC41460AA8FBF743F90A9D002D3FF47C
:100510004DAC0CABCDF8008030460ECBFBF7F4FDB4
:1005200000283FF443ACBDF82C204FF6FF71BDF816
:100530002400F28063888B4200F049811B994FEAC6
:10054000D31C03F07F0301EBCC01496801EBC3032B
:10055000D880628023E4954B414608A80C930C2375
:100560000D9301238DF83830FBF712F9089E002E09
:100570003FF4FEAB41460AA8FBF70AF90A9D002D9D
:100580003FF4F6AB0CABCDF8008030460ECBFBF75A
:10059000BBFD00283FF4ECABBDF82C104FF6FF720A
:1005A000BDF82400F1806388934200F012811B9A09
:1005B0004FEAD31C03F07F0302EBCC02526802EB3C
:1005C000C303D8806180FFF7CCBB794B414608A8B4
:1005D0000C9308230D9301238DF83830FBF7D8F8DE
:1005E000089E002E3FF48EAB41460AA8FBF7D0F8D8
:1005F0000A9D002D3FF486AB0CABCDF80080304651
:100600000ECBFBF781FD00283FF47CABBDF82C102E
:100610004FF6FF72BDF82400F1806388934200F02A
:10062000DA801B9A4FEAD31C03F07F0302EBCC0263
:10063000526802EBC303D8806180FFF75CBB5D4B5F
:10064000414608A80C9305230D9301238DF83830FB
:10065000FBF79EF8089D002D3FF4A4AC41460AA884
:10066000FBF796F8DDF82890B9F1000F3FF49AAC4B
:100670000CABCDF8008028460ECBFBF745FD0028DB
:100680003FF490ACBDF82C104FF6FF72BDF824007B
:10069000E9806388934200F0A0801B9ADD0903F093
:1006A0007F0302EBC502526802EBC303D88061806E
:1006B000FFF78DBB404B414608A80C9308230D93D0
:1006C00001238DF83830FBF763F8089E002E3FF4C5
:1006D00035AB41460AA8FBF75BF80A9D002D3FF4B5
:1006E0002DAB0CABCDF8008030460ECBFBF70CFDEC
:1006F00000283FF423ABBDF82C104FF6FF72BDF875
:100700002400F1806388934269D01B9A4FEAD31C7E
:1007100003F07F0302EBCC02526802EBC303D880E4
:100720006180FFF704BB254B414608A80C930423C6
:100730000D9301238DF83830FBF72AF8089E002E20
:100740003FF4C4AA41460AA8FBF722F80A9D002DEF
:100750003FF4BCAA0CABCDF8008030460ECBFBF7C3
:10076000D3FC00283FF4B2AABDF82C104FF6FF725C
:10077000BDF82400F1806388934232D01B9A4FEA7F
:10078000D31C03F07F0302EBCC02526802EBC303DD
:10079000D8806180FFF793BA059A2280A9E4A4F873
:1007A00000A054E5B1920000341E0020241E002059
:1007B0000C1E00203C1E0020181E0020041E0020DD
:1007C000079A2280ECE4BDF83430FFF744BB208068
:1007D000BFE62080F6E620802EE7208067E72080B5
:1007E0009EE72080D5E7BDF83430FFF73EBA1946C2
:1007F0003046904721B0BDE8F08FBDF82CA0EEE464
:10080000BDF83430079399E42DE9F04300239BB001
:10081000584A4FF6FF750DF134088DF82C300C93C3
:100820004FF480230A924FF0FF32534918A8ADF8D5
:100830005C50CDE91583514BCDE918230AAB062254
:10084000FAF7E2FE002857D004460AA92046FBF733
:10085000CBF804224A4B227123600AA8FDF7F6FD6B
:100860000C980A9E90B1474C03E014F013F90C98D1
:1008700058B1336802685B680C92A342F5D0014618
:10088000304698470C980028F3D10A9EBDF85820AE
:10089000159BEAB10024DFF8EC9027460AE014F03B
:1008A000F9F8159B01342F60BDF85810A2B26F60A3
:1008B00091420DD903EBC405696808460029F1D0BF
:1008C00033685B684B45EAD030469847159BE9E7AB
:1008D00000214FF6FF724345ADF85810ADF85C208B
:1008E00007D03268274952688A4239D1184614F035
:1008F000D1F81BB0BDE8F08306231F4A0AA903A85C
:10090000CDE9072301238DF82430FAF741FF039E38
:10091000002EA2D00AA905A8FAF73AFF059C002CE0
:100920009BD00AAB3046009307AB0ECBFBF7ECFB3A
:10093000002892D0BDF81820BDF81000F280BDF854
:100940006230AB4212D01599DD0903F07F0301EB51
:10095000C501496801EBC303D880ADF8622074E794
:100960001946304690471BB0BDE8F083ADF86000F3
:10097000F3E700BF784E0020242100202000FFFF75
:10098000301D0020B19200002DE9F04389B00446EB
:100990008846CDE90001002800F0E8800379202B8B
:1009A00040F0E4800B4609227449FAF72DFE002836
:1009B00000F0E08005790DF10809EDB16F4B0922D7
:1009C00048460593012306928DF81C30CDE9034873
:1009D000FBF770FAB5EEC00AF1EE10FA00F1C38031
:1009E000F7EE007AB4EEE70AF1EE10FA37FE800A6D
:1009F000634E012586ED020A43460A2220466149DC
:100A0000FAF702FEF8B10379EBB10A235D4A4846D2
:100A1000CDE905230123CDE903488DF81C30FBF710
:100A200049FAB5EEC00AF1EE10FA00F19980F3EE42
:100A3000047AB4EEE70AF1EE10FA37FE800A504E5F
:100A4000012586ED030A504B484605930B23069378
:100A50000123CDE903488DF81C30FBF707FA68B98C
:100A60004846FBF727FADFED497AB4EEE70AF1EEE4
:100A700010FA6CD5424E0125C6ED047A444B484627
:100A800005930B2306930123CDE903488DF81C3011
:100A9000FBF7ECF910BB4846FBF70CFADFED3B7AAD
:100AA000B4EEE70AF1EE10FA48D50923344E394F77
:100AB000484606930123C6ED057A05978DF81C304C
:100AC000CDE90348FBF7D2F988B1F8F719FB05F037
:100AD00033FE09B0BDE8F043FFF796BE2D4F092362
:100AE000484605970693FBF7C1F9A8B9244E092299
:100AF00001234846039406928DF81C30CDE9048703
:100B0000FBF7D8F9F6EE007AB4EEE70AF1EE10FA48
:100B100009D5C6ED067AD8E7002DD6D109B0BDE8D3
:100B2000F043FFF771BEF0EE087AB4EEE70AF1EE9B
:100B300010FA77FE807AC6ED067AC6E7F7EE007AFD
:100B4000B4EEE70AF1EE10FA77FE807AADE7F1EE47
:100B5000047AB4EEE70AF1EE10FA77FE807A89E7BC
:100B60009FED0D0A6BE79FED0C0A41E700250DF1A3
:100B7000080968E705460DF108093DE7601E0020F9
:100B8000789C00206C1E0020CC1D0020CDCCCC3DDC
:100B9000781E0020841E0020000000002DE9F04790
:100BA00090B0DFF8B49103264FF001080546059098
:100BB0000C46CDF81C90089606918DF82480CDE95E
:100BC000020104A8FBF752F930B30AAE0B235F4FC2
:100BD0003046CDE90D730123CDE90B548DF83C303F
:100BE000FBF744F998B901230B2230468DF83C30CD
:100BF000CDE90B54CDE90D72FBF7F4FC544B80F3B7
:100C0000010083F82C00F8F77BFA05F095FD10B091
:100C1000BDE8F047FFF7F8BD0E960AAE0746CDF8DF
:100C2000349030468DF83C80CDE90B54FBF768FEDC
:100C30000028CBD00379402BC8D13046FBF760FEAB
:100C4000804600285DD0017940295AD102884FF6AC
:100C5000FF7C624555D0D009E36A02F07F0203EBC6
:100C6000C000406810EBC2004BD0C28800E0D288C0
:100C7000D009624502F07F0E07F1010703EBC000C7
:100C800003D0426812EBCE02F1D1102FA8BF10277B
:100C900017F0FF02924634D040294FF000074FF67C
:100CA000FF722CD1B8F80010914228D0C80901F089
:100CB0007F0103EBC000406810EBC10015D0C18874
:100CC000BC4600E0C1884FEAD11901F07F0EBCF1AB
:100CD000000F26D0914203EBC9090CF1FF3C0ED066
:100CE000D9F8040010EBCE00ECD11A49C8550137F1
:100CF000F9B28A4505D998F804104029D2D00020CD
:100D0000F3E70B23114F3046CDE90D730123CDE9F5
:100D10000B548DF83C30FBF7A9F800287FF473AF33
:100D200061E721460193FBF7A9FB019BC0B24FF697
:100D3000FF72011FC9B2E329D7D90028D5D000F12D
:100D40001001C9B20429D2D8CFE700BFA01D0020EE
:100D5000789C0020949C0020AC1D0020F0B59BB036
:100D60000C460126CDE9000108A8009DF7F7FCFF1D
:100D7000344B02A88DF81C6005930E23CDE9035473
:100D80000693FBF773F8002800F0388400262E4BFA
:100D9000012702A8059310238DF81C700693CDE956
:100DA0000354FBF763F8002800F01684274B02A8D1
:100DB0000593072306930123CDE903548DF81C30D6
:100DC000FBF754F8074600284BD102A8FBF798FD23
:100DD000002800F0C9840279D10640F11A85038801
:100DE0004FF6FF76B34200F01485D90903F07F0671
:100DF000E36A03EBC1035B6803EBC6031E2A27D833
:100E0000DFE812F0B20426002600260026002600A5
:100E1000EB04260026002600C4042600C404260095
:100E2000D6042600260026002600260026002600DE
:100E30002600260026002600BC042600BC0426004E
:100E4000FA0400BF901E0020A01E0020B41E002047
:100E500001273B46012639467D488DF82530F8F7B5
:100E60009FF97C4B02A80593092306930123CDE942
:100E700003548DF81C30FAF7F9FFC0B902A8FBF74C
:100E800019F8B5EEC00AF1EE10FA00F14C83DFED6F
:100E9000727AB4EEE70AF1EE10FA37FE800A10EE2D
:100EA000103A01266A48CDF82E30F8F77BF96B4BE3
:100EB0000127059308238DF81C700DEB03000693A2
:100EC000CDE90354FAF7D2FF002800F04283644BC7
:100ED00002A80593092306930123CDE903548DF855
:100EE0001C30FAF7C3FFA0B902A8FAF7E3FFDFED61
:100EF0005D7AB4EEE70AF1EE10FA40F1C582B0EE89
:100F0000670A10EE103A01265148CDF83330F8F751
:100F100061F9554B02A80593092306930123CDE9F6
:100F200003548DF81C30FAF7A1FFD0B902A8FAF7E4
:100F3000C1FFDFED4C7AB4EEE70AF1EE10FA00F1F2
:100F4000A082F7EE007AB4EEE70AF1EE10FA37FE6F
:100F5000800A10EE103A01263D48CDF83730F8F7F8
:100F60004FF9424B02A805930B2306930123CDE9C9
:100F700003548DF81C30FAF779FFA0B902A8FAF7EC
:100F800099FFDFED3B7AB4EEE70AF1EE10FA40F19B
:100F90008482B0EE670A10EE103A01262C48CDF894
:100FA0003B30F8F741F9334B02A805930923069328
:100FB0000123CDE903548DF81C30FAF757FF0028C0
:100FC0005CD02D4B02A805930D230693FAF74EFF34
:100FD0000746002861D102A8FBF792FC002800F028
:100FE0001684027912F010030ED003884FF6FF71B9
:100FF0008B4200F03784DE0903F07F01E36A03EBE4
:10100000C6035B6803EBC1031E2A00F2B083DFE86E
:1010100012F0FE03AE03AE03AE03AE03AE0327042D
:10102000AE03AE03AE030504AE030504AE031D0418
:10103000AE03AE03AE03AE03AE03AE03AE03AE0328
:10104000AE03AE03AE030A04AE030A04AE031304F8
:101050000C510020E41D002000004842BC1E00206E
:10106000C81E00200AD7233CD41E0020E01E00200A
:10107000CDCCCC3DEC1E0020F81E002002A8FBF7D2
:10108000B1FA0428A8BF042020EAE070C1B2824867
:101090008DF83F10F8F7D6F80126804B02A805938B
:1010A000082306930123CDE903548DF81C30FAF789
:1010B000DDFEB0B902A8FAF7FDFEB5EEC00AF1EE0A
:1010C00010FA00F12482DFED767AB4EEE70AF1EE51
:1010D00010FA37FE800A01266F488DED100AF8F7E6
:1010E000D9F8704B012702A8059310238DF81C70C6
:1010F0000693CDE90354FAF7B9FE002800F03982CF
:10110000694B012702A805930D238DF81C700693E7
:10111000CDE90354FAF7AAFE002800F00A82634BD7
:1011200002A805930B2306930123CDE903548DF800
:101130001C30FAF79BFEC0B902A8FAF7BBFEB5EE69
:10114000C00AF1EE10FA00F1E881F7EE007AB4EE91
:10115000E70AF1EE10FA37FE800A10EE103A012687
:101160004D48CDF84630F8F7BFF8514B02A805932B
:10117000132306930123CDE903548DF81C30FAF7AD
:1011800075FEC0B902A8FAF795FEB5EEC00AF1EEF9
:1011900010FA00F1C581DFED477AB4EEE70AF1EE0F
:1011A00010FA37FE800A10EE103A01263A48CDF8C0
:1011B0004A30F8F7B1F8404B02A805930B23069389
:1011C0000123CDE903548DF81C30FAF74FFEC0B966
:1011D00002A8FAF76FFEB5EEC00AF1EE10FA00F1C0
:1011E0009981DFED2F7AB4EEE70AF1EE10FA37FEBF
:1011F000800A10EE103A01262748CDF84E30F8F755
:1012000099F82E4B02A805930F2306930123CDE9ED
:1012100003548DF81C30FAF729FE0746002858D1F0
:1012200002A8FBF76DFB00284BD00279D30640F1F2
:10123000F38203884FF6FF76B34200F0ED82D909BE
:1012400003F07F06E36A03EBC1035B6803EBC603AD
:101250001E2A35D8DFE812F0EE02340034003400E4
:1012600034003400C402340034003400A7023400D7
:10127000A7023400C60234003400340034003400C5
:10128000340034003400340034003400A002340050
:10129000A0023400B70200BF0C510020081F00203C
:1012A0000000C842141F0020281F0020381F002003
:1012B000441F00200000FA44581F0020641F002033
:1012C00001273B4601263946B2488DF85230F8F7DF
:1012D0003FF8B14B02A80593112306930123CDE9F2
:1012E00003548DF81C30FAF7C1FDC0B902A8FAF713
:1012F000E1FDB5EEC00AF1EE10FA00F11781F7EE4C
:10130000007AB4EEE70AF1EE10FA37FE800A10EE2A
:10131000103A01269F48CDF85530F8F71DF89F4B3D
:10132000012702A805930E238DF81C700693CDE9C2
:101330000354FAF79BFD002800F09F81984B01278A
:1013400002A805930D238DF81C700693CDE9035474
:10135000FAF78CFD002800F07F81924B012705935E
:1013600008238DF81C700DEB03000693CDE90354A0
:10137000FAF77CFD002800F05F818B4B012702A863
:1013800005930B238DF81C700693CDE90354FAF7EF
:101390006DFD002800F04381844B012702A80593CE
:1013A0000C238DF81C700693CDE90354FAF75EFD0B
:1013B000002800F0C8817E4B012702A80593112365
:1013C0008DF81C700693CDE90354FAF74FFD002801
:1013D00000F0A881774B012702A805930D238DF813
:1013E0001C700693CDE90354FAF740FD002800F085
:1013F0008781714B012702A805930D238DF81C707E
:101400000693CDE90354FAF731FD002800F0668118
:101410006A4B012702A805930D238DF81C700693D3
:10142000CDE90354FAF722FD002800F04681644B11
:10143000012702A805930A238DF81C700693CDE9B5
:101440000354FAF713FD002800F027815D4B0127B4
:1014500002A8059309238DF81C700693CDE9035467
:10146000FAF704FD10B3584F142302A8059706930A
:10147000FAF7FCFC88B3002E42D1FFF7C5F91BB088
:10148000F0BDB0EE670A64E5DFED507AB4EEE70A2E
:10149000F1EE10FA37FE800A33E5DFED4D7AB4EE57
:1014A000E70AF1EE10FA37FE800A74E502A8FBF7AE
:1014B00099F880F308013748C9B28DF86310F7F73F
:1014C000A9FF14238DF81C703F4F02A806930597BF
:1014D000CDE90354FAF7CAFC90B91422012302A8FB
:1014E000039506928DF81C30CDE90447FBF77AF896
:1014F00080F308012748C9B28DF86410F7F78EFF12
:1015000008A8F7F7E1FBFFF77FF91BB0F0BD9FEDEF
:10151000310AE0E59FED2F0A6BE69FED2E0A1CE6EF
:101520009FED2C0A3FE69FED2B0AB8E49FED290AB8
:10153000EDE602A83E46FBF755F80228A8BF0220B8
:1015400020EAE070C1B213488DF84510F7F7C6FEE7
:10155000E5E502A83E46FBF745F80228A8BF0220B1
:1015600020EAE070C1B20B488DF83210F7F728FE80
:10157000ADE402A83E46FBF735F81428A8BF1420B6
:1015800020EAE070C1B203488DF84410F7F79CFEE2
:10159000B6E500BF0C510020741F0020881F0020FA
:1015A000981F0020A81F0020B41F0020C01F00208B
:1015B000D01F0020E41F0020F41F00200420002082
:1015C00014200020202000202C200020A4707D3F2B
:1015D00000007A440000000002A83E46FBF702F833
:1015E000C8280146A148A8BFC8210529B8BF0521C0
:1015F000CDF82A10F7F7CEFDFFF7D8BB02A8FAF70F
:10160000F1FFC82801469948A8BFC8210529B8BFDD
:101610000521CDF82610F7F7B7FDFFF7B8BB02A8F4
:101620003E46FAF7DFFF80F308019048C9B28DF813
:101630005A10F7F7BFFEAFE602A83E46FAF7D2FF10
:101640006428A8BF642020EAE070C1B287488DF802
:101650005910F7F7A9FE90E602A83E46FAF7C2FF36
:101660000A28A8BF0A20B842B8BF3846C1B27F488E
:101670008DF85410F7F78EFE6FE602A83E46FAF793
:10168000B1FFC828A8BFC82020EAE070C1B27748DF
:101690008DF85310F7F778FE50E602A83E46FAF7A9
:1016A000A1FF6428A8BF642020EAE070C1B26F489F
:1016B0008DF86210F7F7A8FEC8E602A83E46FAF7D2
:1016C00091FF6328A8BF63200528B8BF0520C1B2D9
:1016D00066488DF86110F7F78DFEA8E602A83E4631
:1016E000FAF780FFB0F57A6FA8BF4FF47A6020EA6E
:1016F000E07081B2ADF85F005C48F7F773FE87E6F3
:1017000002A83E46FAF76EFFB0F57A6FA8BF4FF415
:101710007A6020EAE07081B2ADF85D005348F7F7D7
:1017200059FE66E602A83E46FAF75CFF6428A8BFA9
:101730006420B842B8BF3846C1B24C488DF85C103E
:10174000F7F742FE46E602A83E46FAF74BFFFA28B4
:10175000A8BFFA20B842B8BF3846C1B243488DF896
:101760005B10F7F72BFE26E60023FFF773BB012182
:101770003E488DF83F10F7F765FD8DE4D3E900236F
:101780001A4314BF01270027FFF763BB0768003F18
:1017900018BF0127FFF75DBBD3E900231A4314BF2D
:1017A000012700278DE50768003F18BF012788E55E
:1017B000D0ED007AF5EE407AF1EE10FA14BF012771
:1017C0000027FFF746BB93ED007BB5EE407BF1EEC3
:1017D00010FA14BF0127002773E50778FFF739BB1C
:1017E00007786EE5D0ED007AF5EE407AF1EE10FA6A
:1017F00014BF0127002764E593ED007BB5EE407B25
:10180000F1EE10FA14BF01270027FFF722BB0021D9
:10181000AEE73B46FFF7F2BA3B4619E501680039EF
:1018200018BF0121A4E7D3E900231A4314BF012103
:1018300000219DE7002345E593ED007BB5EE407B5D
:10184000F1EE10FA14BF0121002191E7D0ED007AEA
:10185000F5EE407AF1EE10FA14BF0121002187E77E
:10186000017885E73B46FFF7CFBB00BF0C51002056
:101870002DE9F04790B0B84A0723012706460B90A0
:101880000C460E938DF83C70CDE902010AA8CDE913
:101890000C12FAF7EBFA002840F0BC810AA8AF4D11
:1018A000FAF7A0FE0928A8BF092020EAE07085F811
:1018B0003700AB4B01250AA80D9307238DF83C5048
:1018C0000E93CDE90B64FAF7D1FA58B90AA82F465E
:1018D000FAF788FE0928A14DA8BF092020EAE07088
:1018E00085F838009F4B01250AA80D9308238DF831
:1018F0003C500E93CDE90B64FAF7B8FA40B90AA848
:101900002F46FAF76FFE954D80F3050085F83900F4
:10191000954B0AA80D9304230E930123CDE90B6484
:101920008DF83C30FAF7A2FAB0B90AA8FAF7C2FA71
:10193000B5EEC00AF1EE10FA00F18081F3EE047A00
:10194000B4EEE70AF1EE10FA37FE800A834D10EE8E
:10195000103A0127C5F82E30844B01250AA80D93B3
:1019600009238DF83C500E93CDE90B64FAF77EFA0B
:10197000A8B90AA82F46FAF735FE7D4A0230774DFE
:1019800082FB0032C317C3EB620303EB83035F2BBD
:10199000A8BF5F23052BB8BF052385F83630754BEC
:1019A0000AA80D9308230E930123CDE90B648DF84B
:1019B0003C30FAF75BFA80B90AA8FAF77BFADFED58
:1019C0006E7AB4EEE70AF1EE10FA40F12E81634D23
:1019D00017EE903A0127C5F80A30684B0AA80D9314
:1019E00008230E930123CDE90B648DF83C30FAF700
:1019F0003DFA80B90AA8FAF75DFADFED5F7AB4EE36
:101A0000E70AF1EE10FA40F10781544D17EE903AD3
:101A10000127C5F806305A4B0AA80D9306230E93EA
:101A20000123CDE90B648DF83C30FAF71FFAB0B909
:101A30000AA8FAF765FF002800F003812146FAF7AB
:101A4000F9FD42F210739842A8BF1846B0F5FA7F2C
:101A5000B8BF4FF4FA70414D0127C5F80E00494B4D
:101A600001250AA80D9306238DF83C500E93CDE96D
:101A70000B64FAF7FBF960B90AA82F46FAF7B2FD32
:101A800040F6B833354D9842A8BF184620EAE070BA
:101A900068863D4B01250AA80D9306238DF83C501E
:101AA0000E93CDE90B64FAF7E1F960B90AA82F4665
:101AB000FAF798FD40F6B833284D9842A8BF18466B
:101AC00020EAE070A886314B0AA80D930B230E93F1
:101AD0000123CDE90B648DF83C30FAF7C7F9B0B9B2
:101AE0000AA8FAF7E7F9F7EE007AB4EEE70AF1EEA2
:101AF00010FA07D4DFED267AB4EEE70AF1EE10FA19
:101B000077FE807A154D17EE903A0127EB63214A54
:101B100002254FF0010804A8079208958DF824804B
:101B2000CDE90564FAF7A2F9814668B9194A0AA80D
:101B30008DF83C80CDE90D25CDE90B64FAF7E0FE88
:101B400010B10379402B45D00223134D04A808930C
:101B50000123079522E000BFB01D0020A89C0020B3
:101B6000B81D0020C01D0020781D00208C1D002005
:101B700067666666801D0020CDCCCC3D6C1D0020C4
:101B8000981D00205C1D0020641D0020CC1D00203D
:101B900000000044541D0020581D00208DF8243002
:101BA000CDE90564FAF762F970B902230AA80B9629
:101BB0000E930123CDE90C458DF83C30FAF7A0FED9
:101BC00010B10379402B3FD0DFB910B0BDE8F0472A
:101BD000FEF71ABE0AA8FAF793FE824618B10379F7
:101BE000402B00F09080874D0223012704A8079521
:101BF00008938DF82470CDE90564FAF737F90028C9
:101C0000D3D0F7F77DFA04F097FD10B0BDE8F047A8
:101C1000FEF7FABD00274CE6F2EE0E7AB4EEE70AC4
:101C2000F1EE10FA77FE807AEFE6F2EE0E7AB4EE7D
:101C3000E70AF1EE10FA77FE807AC8E69FED720AA5
:101C400084E64FF4FA7006E70AA8FAF759FE8246CE
:101C50000028D6D00379402BD3D101884FF6FF77E7
:101C6000B942CED0E36ACA0901F07F0003EBC20299
:101C7000526812EBC002C4D0D288002600E0D2889D
:101C8000D009BA4202F07F0506F1010603EBC0005D
:101C900003D0426812EBC502F1D1072EA8BF072678
:101CA00016F0FF029146ACD00026584D4FF6FF7853
:101CB000414500F08480C80901F07F0103EBC000BA
:101CC000406810EBC10013D0C188324600E0C188E3
:101CD000CF0901F07F0E002A00F08480414503EB1C
:101CE000C70702F1FF326AD0786810EBCE00EED160
:101CF00006F11001013625F81100F1B2894580D9AD
:101D0000BAF80010D4E701884FF6FF7C61453FF434
:101D10006AAFE36ACA0901F07F0003EBC2025268AE
:101D200012EBC0023FF45FAFD2884D4600E0D2888C
:101D3000D009624502F07F0705F1010503EBC00001
:101D400003D0426812EBC702F1D1072DA8BF0725C7
:101D500015F0FF0291463FF446AF00272B4D4FF69A
:101D6000FF72914229D0C80901F07F0103EBC00046
:101D7000406810EBC10015D0C188BC4600E0C188A6
:101D80004FEAD11801F07F0EBCF1000F19D091423B
:101D900003EBC8080CF1FF3C0FD0D8F8040010EB9F
:101DA000CE00ECD105EB470101374882F9B28945F5
:101DB0007FF619AFBAF80010D3E70020F2E7002051
:101DC00096E721460193FAF759FBB0F5FA7F104BDD
:101DD0004FF6FF72A8BF4FF4FA709842B8BF18468A
:101DE000019BDFE721460193FAF748FBB0F5FA7F44
:101DF000074BA8BF4FF4FA709842B8BF1846019B32
:101E000076E700BF581D002000000000A89C0020BD
:101E10000CFEFFFF2DE9F04F99B0B74F0A260124C1
:101E200005460D9088460F9710960E918DF8444008
:101E3000CDE90A010CA8FAF719F8002862D00DF1D3
:101E40004809AE4B484615930A2316930123CDE962
:101E500013588DF85C30FAF709F8A0B94846FAF73C
:101E60004FFD002800F0A4834146FAF797FC031EBB
:101E700018BF0123A24882799A4204D083710124B9
:101E8000F9F746F900E000249E4B484615930923D4
:101E900016930123CDE913588DF85C30F9F7E6FF6E
:101EA000002800F095804FF0000B974E4FF0070A86
:101EB00001270CA80F96CDF840A08DF84470CDE90D
:101EC0000D58F9F7D3FF78B90090484613958DF86F
:101ED0005C70CDF85080CDE9156AFAF711FD18B1A4
:101EE0000379402B00F0AE80002C40F08A80BBF1DB
:101EF000000F40F08D8004F01FFC19B0BDE8F04FDA
:101F0000FEF782BC0DF1480982468DF85C404846D8
:101F1000CDE91576CDE91358FAF7F2FC002890D0F8
:101F2000027912F010030FD003884FF6FF718B4235
:101F300000F09784DC0903F07F01D8F82C3003EB24
:101F4000C4035B6803EBC1031E2A76D801A151F8D4
:101F500022F000BF3FFC000037FE000037FE00000B
:101F600037FE000037FE000037FE00007503010059
:101F700037FE000037FE000037FE00005D03010061
:101F800037FE00005D03010037FE00007F03010003
:101F900037FE000037FE000037FE000037FE00006D
:101FA00037FE000037FE000037FE000037FE00005D
:101FB00037FE000037FE000037FE00004903010035
:101FC00037FE00004903010037FE00001FFE00003D
:101FD0004846F9F76FFFB5EEC00AF1EE10FA00F1CE
:101FE000E482DFED4A7AB4EEE70AF1EE10FA37FE4A
:101FF000800A434A10EE103A4FF0010BC2F8073046
:1020000053E73F48F6F70AFEBBF1000F3FF473AF0A
:10201000F7F776F804F090FB19B0BDE8F04FFEF743
:10202000F3BB93ED007BB5EE407BF1EE10FA14BFED
:1020300001230023002B3FF404AF19B0BDE8F04F9B
:10204000F9F76CB84846FAF75BFC0190002800F0FD
:102050008F820379402B40F08B8203884FF6FF700C
:10206000834200F08582DA09D8F82C5003F07F0310
:1020700005EBC202526812EBC30200F07982D388EA
:10208000002600E0DB88DA09834203F07F0106F1D5
:10209000010605EBC20203D0536813EBC103F1D173
:1020A000082E174BA8BF08260093F7B2DF72002F47
:1020B00000F08C81009B4FF6FF7A02974FF0010BE6
:1020C00003F11406454600270794019A1379402B23
:1020D00040F064821388534500F06082DA09D5F835
:1020E0002CC003F07F030CEBC202546814EBC30452
:1020F00020D0E38839460CE044200020D81D002081
:10210000E89C0020E41D0020FC1D00200000484247
:10211000E388DA0903F07F00002900F0418253458B
:102120000CEBC20201F1FF3100F03882546814EB6D
:10213000C004EDD11A22009BA6F1140146F808BC98
:1021400002FB07334FF0000203915A746FF005024F
:102150001A740B464FF0000205335A737C4AC3F8D9
:102160000E209E42F6D17B4B04228DF85CB0159375
:102170001692CDE91345002C00F0AF802379202B77
:102180002FD12B4673492046F9F73EFA48B303791D
:1021900013F010020DD00288524500F060834FEA20
:1021A000D21EE96A02F07F0C01EBCE014A6802EB15
:1021B000CC020A3B122B14D8DFE813F0C201130043
:1021C000B9011300130013001300130013001300D0
:1021D000130013001300130013001300AF011300CA
:1021E000960101205C4B082206F8080C1593237910
:1021F0008DF85CB0202B1692CDE913452FD12B46DC
:1022000055492046F9F700FA50B3037913F010024C
:102210000DD00288524500F020834FEAD21EE96AB1
:1022200002F07F0C01EBCE014A6802EBCC020A3BC4
:10223000122B14D8DFE813F05201130049011300E8
:1022400013001300130013001300130013001300F6
:1022500013001300130013003F0113002601002098
:102260003E4B082206F8070C159323798DF85CB0D5
:10227000202B1692CDE913452FD12B463749204606
:10228000F9F7C2F948B3037913F010020DD00288B0
:10229000524500F0E0824FEAD21EE96A02F07F0C5C
:1022A00001EBCE014A6802EBCC020A3B122B14D898
:1022B000DFE813F0E2001300D9001300130013004D
:1022C0001300130013001300130013001300130076
:1022D00013001300CF001300B6000020204B002194
:1022E00006F8060C484615930C238DF85CB016933F
:1022F000CDE91345FAF724FB1A4B06F8050C4846BE
:10230000159306231693FAF7FBFA002831D00379C8
:1023100013F010020DD00288524500F09A824FEA65
:10232000D21EE96A02F07F0C01EBCE014A6802EB93
:10233000CC020A3B122B1CD8DFE803F0161B5A1BF9
:102340001B1B1B1B1B1B1B1B1B1B1B1B661B520076
:1023500050003C00041E00200C1E0020181E00200F
:10236000241E0020341E00200368DB43DB0F002BFB
:102370003ED1FA209F4B1A21009A4FF005080F9387
:1023800001FB07238DF844B018820CA8CDF84080DB
:10239000CDE90D45F9F76AFD049078B9954B4846AB
:1023A0001394CDF85880149515938DF85CB0FAF716
:1023B000A7FA18B10379402B00F0FC800137029A8C
:1023C0001A36FBB29A423FF680AE079C8A48F8F76D
:1023D0009FFE002C3FF41CAE8748F6F71FFC17E663
:1023E000136813F10043536843F10003002BC0D17D
:1023F0004846FAF7F7F8B0F5FA7FA8BF4FF4FA703D
:102400003228B8BF3220B5E71368B3F1004F5368E4
:1024100073F1000334BF01230023002BE8D1A8E7A8
:10242000D2E90023002BFFF658AFB2F5807F73F19D
:102430000003B4BF01230023002B3FF44EAF4846F6
:10244000FAF75EFA00283FF448AF2946FAF7A6F9F2
:1024500044E71368B3F5807F536873F1000334BF1A
:1024600001230023E8E70368002BFFF636AFFF2BBC
:10247000CCBF00230123DFE70368FF2B8CBF0023C1
:102480000123D9E7D2E90023002BFFF6E8AEB2F52D
:10249000807F73F10003B4BF0120002000283FF4C7
:1024A000DFAE4846FAF72CFA00283FF4D9AE2946A9
:1024B000FAF774F9D4E61368B3F5807F536873F1C3
:1024C000000334BF01200020E8E700680028FFF681
:1024D000C6AEFF28CCBF00200120DFE70068FF2840
:1024E0008CBF00200120D9E7D2E90023002BFFF6A2
:1024F00078AEB2F5807F73F10003B4BF01230023EF
:10250000002B3FF46EAE4846FAF7FAF900283FF484
:1025100069AE2946FAF742F964E61368B3F5807F9D
:10252000536873F1000334BF01230023E8E7036815
:10253000002BFFF656AEFF2BCCBF00230123DFE7B5
:102540000368FF2B8CBF00230123D9E7D3E90023C5
:102550001A4314BF01230023002B3FF472AC6CE537
:102560000368003B18BF0123002B3FF46AAC64E50D
:10257000214A0023D37229E70378002B3FF461AC92
:102580005BE5D0ED007AF5EE407AF1EE10FA14BF7B
:1025900001230023002B3FF454AC4EE50024C9E591
:1025A0002379202B18BF0C46C4E59FED140A20E5C3
:1025B00003465FE44846FAF7A3F9059000283FF484
:1025C000FDAE017940297FF4F9AE03884FF6FF7024
:1025D00083423FF4F3AEDA09EC6A03F07F0304EBC5
:1025E000C202526812EBC3023FF4E8AED388DDF8B2
:1025F000108006E03C1E0020E89C00200000000047
:10260000DB88DA09834203F07F0C08F1010804EB50
:10261000C20203D0536813EBCC03F1D1B8F1040F1D
:10262000A8BF4FF0040818F0FF0306933FF4C6AEAE
:102630001A23402908974FF6FF7803FB07F34FF062
:10264000000709960493039E40F0AD80059B1A880D
:10265000424500F0A880D109EB6A02F07F0203EB4B
:10266000C1014C6814EBC20414D0E288384600E083
:10267000E288D10902F07F0C002800F0E280424598
:1026800003EBC10100F1FF3000F08D804C6814EBCA
:10269000CC04EDD1764B00214846159307231693C1
:1026A0004FF00103CDE913458DF85C30FAF748F996
:1026B000704BB07448461593FAF722F930B302799B
:1026C00012F010010ED0B0F800C0C44500F0CE806A
:1026D0004FEADC1EE96A0CF07F0C01EBCE01496881
:1026E00001EBCC010A3A122A10D8DFE802F00A0FF7
:1026F0005E0F0F0F0F0F0F0F0F0F0F0F0F0F860F24
:102700007A000268D243D20F002A4ED150205A4B91
:1027100007EB87021593082316934FF001038DF8FA
:102720005C30049B1A44009B1A44A2F813004846EC
:10273000CDE91345BC00FAF7E3F810B3027912F0C3
:1027400010010ED0B0F800C0C44500F08D804FEAF3
:10275000DC1EE96A0CF07F0C01EBCE01496801EB4D
:10276000CC010A3A122A0BD8DFE802F02B0A300A11
:102770000A0A0A0A0A0A0A0A0A0A0A0A5F0A530025
:1027800000203C44049B01371C44009BFAB21C44CB
:10279000069B9342A4F8150058D9059B0536197974
:1027A00040293FF453AF002474E74846F9F71AFF75
:1027B000B0F5FA6FA8BF4FF4FA600128B8BF012046
:1027C000A5E70068C043C00F0028DAD04846F9F7F3
:1027D00009FFB0F5FA6FA8BF4FF4FA6020EAE07085
:1027E000CFE70A6812F100424A6842F10002B2FAE9
:1027F00082F25209002AD8D188E70A68B2F1004F64
:102800004A6872F1000234BF01220022002ACCD1B2
:102810007CE70A68486812F1004240F10000B0FA13
:1028200080F040090028D1D1ABE70A68B2F1004F2F
:102830004A6872F1000234BF012000200028C5D18F
:102840009FE72279202A18BF044623E7DDE90876AE
:10285000B4E500226DE5002227E50022E7E400222E
:10286000A7E45346FFF770BB00217AE7002139E760
:10287000441E00204C1E0020541E00202DE9F04F65
:1028800091B0DFF810830A270126044605900D4613
:10289000CDF81C80089706918DF82460CDE90201DF
:1028A00004A8F9F7E3FA00285ED00AAFB54B384622
:1028B0000D930A230E930123CDE90B458DF83C308F
:1028C000F9F7D4FA002800F0B3800026AE4B4FF0A1
:1028D000010838460D930C238DF83C800E93CDE90A
:1028E0000B45F9F7C3FA002840F0CF803846F9F7D6
:1028F000E1FAB5EEC00AF1EE10FA00F1CC82DFED9C
:10290000A37AB4EEE70AF1EE10FA37FE800A10EE71
:10291000103A9F4ADFF8808201269360052304A8BD
:10292000CDF81C8008938DF82460CDE90545F9F7B2
:102930009DFA002840F0A180052338460B940E93A1
:102940000123CDE90C588DF83C30F9F7D9FF18B1C7
:102950000379402B00F0BB80002E40F08E8011B038
:10296000BDE8F04FFDF750BFCDE90D870AAF8146B6
:102970008DF83C603846CDE90B45F9F7C1FF0028DA
:1029800094D0027912F010030ED003884FF6FF7135
:102990008B4200F08982DE0903F07F01EB6A03EBD2
:1029A000C6035B6803EBC1031E2A00F28B8001A102
:1029B00051F822F0A9060100C1080100C108010078
:1029C000C1080100C1080100C10801007B0C010021
:1029D000C1080100C1080100C1080100290C010063
:1029E000C1080100290C0100C1080100610C0100AF
:1029F000C1080100C1080100C1080100C1080100AF
:102A0000C1080100C1080100C1080100C10801009E
:102A1000C1080100C1080100C1080100150C010036
:102A2000C1080100150C0100C1080100A90801003E
:102A30003846F9F765FF28B12946F9F7AFFE0038A7
:102A400018BF0120524B012698713FE70368DB4312
:102A5000DB0F002B40F0668178204D4B09F1040913
:102A6000009A03EB880308F10108D8815FFA88F324
:102A70009A4272D84648F8F789FB4548F6F738FA83
:102A800011B0BDE8F04FFDF7BFBE05238DF82480DF
:102A9000DFF8048104A80893CDF81C80CDE9054532
:102AA000F9F7E4F900287FF457AF45E793ED007B91
:102AB000B5EE407BF1EE10FA14BF01230023002B8A
:102AC0003FF4F4AE11B0BDE8F04FF8F765BB3846FF
:102AD000F9F716FF0346002800F0B0810279402A7A
:102AE00040F0AC8102884FF6FF7C624500F0A68181
:102AF000D109EE6A02F07F0206EBC101496811EBD1
:102B0000C20100F09B81CA88002400E0D288D1096C
:102B1000624502F07F0004F1010406EBC10103D01D
:102B20004A6812EBC002F1D1082C0193184B4FF008
:102B30002002A8BF0824002103F10C00E4B2009495
:102B4000DC7113F09BFF002C94D0DFF844904FF021
:102B500000084FF6FF7B4FF0010A019A1379402BD2
:102B600040F0928113885B4500F08E81DA0903F012
:102B70007F0306EBC202546814EBC30420D0E28842
:102B800040460CE0502000205C200020000048421D
:102B9000907E0020442000206C200020E288D30991
:102BA00002F07F01002800F071815A4506EBC30353
:102BB00000F1FF3000F068815C6814EBC104EDD1D6
:102BC000A34B38468DF83CA00D930523CDE90B456A
:102BD0000E93F9F795FE48B3027912F010010CD06C
:102BE0000188594500F05A814FEAD11E01F07F0C4F
:102BF00006EBCE01496801EBCC010A3A122A14D83F
:102C0000DFE812F004011300FB00130013001300AF
:102C1000130013001300130013001300130013001C
:102C200013001300F1001300DE000020894B89F827
:102C30000C0038460D9305238DF83CA00E93CDE98A
:102C40000B45F9F75DFE00B3027912F010010CD0CC
:102C50000188594500F026814FEAD11E01F07F0C12
:102C600006EBCE01496801EBCC010A3A122A0BD8D7
:102C7000DFE802F0A00A970A0A0A0A0A0A0A0A0A00
:102C80000A0A0A0A8D0A7C000020734B89F80D009D
:102C900038460D9306238DF83CA00E93CDE90B45E5
:102CA000F9F72EFE00283FF4D7AE037913F0100297
:102CB0000BD002885A4500F0F380D10902F07F0260
:102CC00006EBC101496801EBC2020A3B122B3FF639
:102CD000C3AE01A151F823F04908010055080100D5
:102CE000210B01005508010055080100550801009D
:102CF000550801005508010055080100550801005C
:102D0000550801005508010055080100550801004B
:102D10005508010055080100510B0100550801003C
:102D2000390B01003846F9F75DFCB0F5FA6FA8BF22
:102D30004FF4FA600A28B8BF0A208EE6136813F130
:102D40000043536843F10003B3FA83F35B09002B9C
:102D5000E8D181E61368B3F1004F536873F10003C3
:102D600034BF01230023002BDCD175E6D1E900122A
:102D7000002A89DBB1F5807F72F10002B4BF012225
:102D80000022002A80D02946F9F708FD7DE70A686D
:102D9000B2F5807F4A6872F1000234BF012200223E
:102DA000EFE70268002AFFF66FAFFF2ACCBF0022D0
:102DB0000122E6E70268FF2A8CBF00220122E0E739
:102DC000D1E90012002AFFF630AFB1F5807F72F131
:102DD0000002B4BF01220022002A3FF426AF294698
:102DE000F9F7DCFC22E70A68B2F5807F4A6872F1E5
:102DF000000234BF01220022EEE70268002AFFF63B
:102E000014AFFF2ACCBF00220122E5E70268FF2AA7
:102E10008CBF00220122DFE7D3E900231A4314BF4D
:102E200001230023002B3FF441AD4BE60368003B38
:102E300018BF0123002B3FF439AD43E6074B0021B7
:102E4000202203F10C00D97113F018FE12E600BF26
:102E5000742000207C20002084200020907E002010
:102E600000000000D0ED007AF5EE407AF1EE10FAA5
:102E700014BF01230023002B3FF418AD22E6037892
:102E8000002B3FF413AD1DE6002499E62279202A99
:102E900018BF044694E61FED0E0A38E50021ACE6A3
:102EA000002212E70021E0E64B467DE52DE9F047E0
:102EB00000239AB09E4A4FF6FF750DF1340A8DF843
:102EC0002C300C934FF480230A924FF0FF320746C8
:102ED000984918A8ADF85C50CDE915A3964BCDE9FB
:102EE00018230AAB0622F8F78FFB002800F02E818A
:102EF00004460AA92046F8F777FD042323718F4B77
:102F000023609DF86430002B40F0EA8020238DF888
:102F100064304FF0FF33189318A80AAB0722884992
:102F2000F8F772FB804600284DD0002F00F0848017
:102F3000384614F027F981460AA94046F8F754FDAF
:102F4000B9F1030F40F2D0800C9D9DB1EB889945FB
:102F50000DD17B1EEA1D09EB030002E0834200F065
:102F6000358113F8014F12F8011F8C42F6D02D68FD
:102F7000002DEBD1B9F5803F80F024810A9A09F148
:102F80000900704913681B688B4240F02E8111F0D4
:102F900079FD0546002D00F015810123013FA5F8BC
:102FA0000690AB8009EB0701EB1D17F8012FB94222
:102FB00003F8012FF9D10023A94489F808300C9BAC
:102FC0002B600C9505E107235D4A0AA903A8CDE90A
:102FD000072301238DF82430F8F7DAFB039C7CB338
:102FE0000AA905A8F8F7D4FBDDF81480B8F1000FA2
:102FF00026D00AAB2046009307AB0ECBF9F784F836
:10300000F0B1BDF818204FF6FF71BDF81000E28056
:10301000BDF862308B4200F0ED801599DC0903F0B9
:103020007F0301EBC401496801EBC303D880ADF80D
:103030006220002F7FF47CAF0AA94046F8F7D4FC49
:103040000AA8FBF703FA0C980A9F90B13E4C03E0E4
:1030500011F020FD0C9858B13B6802685B680C9237
:10306000A342F5D00146384698470C980028F3D182
:103070000A9FBDF85820159BEAB10024DFF8C890DC
:1030800026460AE011F006FD159B01342E60BDF8BE
:103090005810A2B26E6091420DD903EBC405696865
:1030A00008460029F1D03B685B684B45EAD03846BA
:1030B0009847159BE9E700214FF6FF725345ADF89D
:1030C0005810ADF85C2008D03A681F4952688A420F
:1030D00040F08580184611F0DDFC1AB0BDE8F0879D
:1030E000202B3FF419AFABE719F0FF0000F0888008
:1030F00001387C1E002257FA80F0234613F8011F86
:10310000002908BF42F001028342F7D1002A54D1BE
:10311000022388F8043008F1FF3314F8012F8442A9
:1031200003F8012FF9D1002308F8093088E700BF20
:10313000784E0020242100202000FFFF8C2000205A
:1031400094200020B9920000B19200002E4B0AA9F1
:1031500003A807930623089301238DF82430F8F77A
:1031600017FB039E002E3FF4CCAE0AA905A8F8F782
:103170000FFB059C002C3FF4C4AE0AAB3046009315
:1031800007AB0ECBF8F7C0FF00283FF4BAAEBDF88E
:103190001820BDF81000F280BDF86230AB422CD090
:1031A0001599DD0903F07F0301EBC501496801EBC7
:1031B000C303D880ADF862209BE60C9D002D7FF400
:1031C000C5AEDBE601238DF82C3039E7AB8801333F
:1031D000AB800523C8F8005088F8043030E7194662
:1031E000384690471AB0BDE8F08701461046984728
:1031F0000546CFE6ADF8600019E7ADF86000D9E705
:10320000022388F804308EE7242100202DE9F047BE
:10321000AA499AB0054613F095FD80B1A849284601
:1032200013F090FD002840F0D480A64B01261B78B7
:10323000B34209D11AB0BDE8F047FDF7E5BA02265E
:10324000A04B1B78B342F5D000230DF1340A9E4AFF
:103250000AAC8DF82C3006A80C934FF480239B49C0
:103260000A920694CDE915A34FF6FF73ADF85C30D2
:10327000974B1993974B07930623089301238DF8D7
:103280002430F9F785F89DF86430002B40F09D80DC
:1032900020238DF864304FF0FF3318932346062225
:1032A0008D4918A8F8F7B0F90746002800F02281E8
:1032B00021463846F8F798FB04233B71874B3B6067
:1032C0009DF86430002B40F0B98020238DF86430E5
:1032D0004FF0FF33189318A8234604228049F8F7CB
:1032E00093F98046002800F0AD80284613F04AFF8D
:1032F000814621464046F8F777FBB9F1030F00F20B
:10330000358119F0FF0100F08781013905F1FF3C9B
:10331000002255FA81F1634613F8010F002808BF17
:1033200042F001029942F7D1002A40F06581022360
:1033300088F8043008F1FF331CF8012F614503F8C9
:10334000012FF9D1002308F809302046FBF77EF859
:103350000C98DDF82880A0B1624C03E011F09AFBD4
:103360000C9860B1D8F8003002685B680C92A342F8
:10337000F4D00146404698470C980028F2D1DDF879
:103380002880BDF85820159B002A37D00024DFF88C
:10339000549127460AE011F07DFB159B01342F6004
:1033A000BDF85810A2B26F60914227D903EBC40553
:1033B000696808460029F1D0D8F800305B684B45B1
:1033C000E9D040469847159BE8E7202B3FF466AFCD
:1033D000BBE74549284613F0B5FC68B34349284686
:1033E00013F0B0FC002800F00B814149284613F08F
:1033F000A9FC002840F00681052621E7002253455C
:10340000ADF858204FF6FF72ADF85C2009D0D8F81F
:103410000020344952688A4240F0EA80184611F090
:1034200039FB0FF0B3FD50200DF08AFB30461AB087
:10343000BDE8F04703F066B9032601E7202B3FF40F
:103440004AAF82E7264B214602A80693042307933E
:1034500001238DF82030F8F79BF9029F002F3FF4ED
:1034600074AF214604A8F8F793F9DDF81080B8F19D
:10347000000F3FF46AAF06AB009438460ECBF8F766
:1034800043FE00283FF461AFBDF814204FF6FF71F2
:10349000BDF80C00FA80BDF862308B4200F0C380AA
:1034A00015994FEAD31C03F07F0301EBCC01496867
:1034B00001EBC303D880ADF8622016E7040C0020AE
:1034C000F40C002021550020784E0020301D0020F3
:1034D0000000FFFF24210020E0200020E820002041
:1034E0002C1E0020B1920000000C0020BC1B00200C
:1034F000C01B00204F4B214602A8069306230793CA
:1035000001238DF82030F8F743F9DDF80890B9F180
:10351000000F3FF4D5AE214604A8F8F739F9049F0F
:10352000002F3FF4CDAE06AB009448460ECBF8F723
:10353000EBFD00283FF4C4AEBDF814204FF6FF7138
:10354000BDF80C00A9F80620BDF862308B4267D0A8
:1035500015994FEAD31C03F07F0301EBCC014968B6
:1035600001EBC303D880ADF86220A1E60C9890B1BE
:10357000C38899450CD16B1EC21D09EB030E01E0F7
:1035800073452CD013F801CF12F8011F8C45F7D0EA
:1035900000680028ECD1B9F5803F39D20A9A09F1C8
:1035A0000900254913681B688B423FD111F06AFA64
:1035B00070B30123013DA0F80690838009EB05015B
:1035C000C31D15F8012FA94203F8012FF9D10023DB
:1035D000814489F808300C9B03600C9002E08388DA
:1035E000013383800523C8F8000088F80430ACE676
:1035F00019464046904714E70C980028B8D1CDE70B
:1036000004261DE60D481AB0BDE8F047FFF74EBC92
:1036100001238DF82C3098E6022388F8043091E6D7
:10362000ADF860009FE7ADF8600044E70146104642
:103630009847BDE7E0200020B99200009C200020C0
:103640002DE9F04F0023CFB04FF48022DFF8D08275
:1036500019AC8DF85C301893A3F58033CDF8588001
:1036600025930368CDE921424FF6FF72ADF88C2017
:103670008268002B00F067841A4416AF3A93002347
:103680003B9224A94FF00A0236A836973D978DF851
:10369000E4308DF8F130CDE93733FAF715F8064606
:1036A00020B99DF8F030002B40F09A80379848B14F
:1036B000369B8B4D1A6813685B68AB4240F04684BA
:1036C00011F0E8F9BDF88830169D002B40F0DB8042
:1036D0002198A04213D0BDF88810BDF88A308B42E3
:1036E0000DD02B68C9007F4A9B68934240F05F85EC
:1036F00011F0BAFCBDF888302190ADF88A30002E68
:1037000040F0E180784B36A8CDE936730323389337
:1037100001238DF8E430F9F727FA28B103791A1F4D
:10372000012A64D9022B62D0704D7149284613F0EA
:1037300009FB0646002800F0F5806E49284613F084
:1037400001FB002800F0A0856B49284613F0FAFA27
:10375000002800F006866949284613F0F3FA00288D
:1037600000F0FB856649284613F0ECFA002800F0CB
:103770007C866449284613F0E5FA002800F0798633
:103780006149284613F0DEFA002801F0FC805F4909
:10379000284613F0D7FA8246002841F0F88026AD7B
:1037A00004235B4E4FF00109284628938DF8A4901E
:1037B000CDE92676F8F75EFC804668B9042336A882
:1037C0008DF8E4903893CDE93676F9F7CDF918B154
:1037D0000379202B01F0F6814E48FFF767FB75E077
:1037E0009DF8943013F0080F18BF03265EE7042BF2
:1037F00000F01D85052B6FD005464749284613F07C
:10380000A1FA002840F0CC83FAF736FE1898169FEC
:1038100090B1334D03E011F03DF9189858B13B6871
:1038200002685B681892AB42F5D00146384698476B
:1038300018980028F3D1169FBDF888302199002BE5
:1038400000F06C830025DFF89890A8460DE011F099
:1038500021F921990135C6F80080BDF88820ABB266
:10386000C6F804809A4240F2598301EBC50670689D
:103870000028EFD03B685B684B45E8D001463846EE
:1038800098472199E6E76FF06049219A99442B689F
:1038900092469B68184602EBC903124A5988904227
:1038A000D3F804C04FEAC101039340F0C3846046DB
:1038B00011F0DAFB039B00283FF40AAF58605B88E5
:1038C0002AF8393004E71548FFF7F0FA3846F7F7D9
:1038D00007FF4FB0BDE8F08F056808358DE700BFE2
:1038E000B1920000A992000008210020482E00207B
:1038F0006C2100209C210020AC210020BC21002054
:10390000CC210020DC210020F42100200422002012
:1039100010220020182200200C210020F42000207A
:10392000784E002036A9BE48F5F796FD4FF4802367
:1039300029AA8DF89C6032934FF6FF73289612AE39
:1039400026ADCDF8988031924FF00108B54A4FF07E
:103950000609ADF8CC303046B34BB44935921393D9
:103960008DF854801295CDF85090F8F711FDB04BBA
:1039700030468DF85480139307239DF8DD8012950F
:103980001493F9F74DF8074658B11299F8F72CF847
:1039900087F80490B8F1000918BF4FF0010987F8C3
:1039A0000090A44B30469DF8EA901393082312959B
:1039B000149301238DF85430F9F732F8074630B1EB
:1039C0001299F8F711F80C23C7F800903B71DDF855
:1039D000E6304FF001083046129500EE103A964B53
:1039E0008DF85480139309231493F8F71DFC934B1F
:1039F0003046DDF8DE9013930E238DF85480129537
:103A00001493F9F70DF8074630B11299F7F7ECFF68
:103A10000A23C7F800903B71894B3046DDF8E290ED
:103A2000139310231295149301238DF85430F8F753
:103A3000F7FF074630B11299F7F7D6FF0A23C7F808
:103A400000903B71DDF8EB304FF00109092730465B
:103A500000EE103A7B4B149713938DF85490129507
:103A6000F8F7E2FBDDF8EF303046149700EE103A3D
:103A7000754B8DF8549013931295F8F7D5FBDDF83C
:103A8000F33030468DF8549000EE103A6F4B12959B
:103A900013930B231493F8F7C7FB6D4B3046149721
:103AA0008DF8549012959DF8F7901393F8F7B8FF9E
:103AB000074630B11299F7F797FF0C23C7F800902B
:103AC0003B71644B30469DF8F79013930D2312958C
:103AD000149301238DF85430F8F7A2FF074650B134
:103AE0001299F7F781FFA9F10103B3FA83F35B0998
:103AF0003B7006233B71584B4FF001089DED3E0A89
:103B000030468DF85480CDE9125308231493F8F70A
:103B10008BFB524B30469DF8FC90139310238DF88D
:103B2000548012951493F8F77BFF074630B1129931
:103B3000F7F75AFF0C23C7F800903B71484B30460B
:103B40009DF8FD9013930D231295149301238DF886
:103B50005430F8F765FF074630B11299F7F744FF84
:103B60000C23C7F800903B71DDF8FE304FF00109DF
:103B70000B27304600EE103A3A4B149713938DF80A
:103B800054901295F8F750FBDDF8023130468DF86D
:103B9000549000EE103A344B129513931323149360
:103BA000F8F742FBDDF806313046149700EE103A84
:103BB0002E4B8DF8549013931295F8F735FB2C4B40
:103BC00030468DF8549013930F239DF80A91129567
:103BD0001493F8F725FF074660B11299F7F704FF31
:103BE000B9F100094FF0060318BF4FF001093B710E
:103BF00087F80090DDF80D314FF00108304612953E
:103C000000EE103A1B4B8DF854801393112314933C
:103C1000F8F70AFB184B30469DF80B912EE000BFD9
:103C20000C5100200000FFFF24210020301D002047
:103C3000B41E0020BC1E0020E41D0020901E0020A9
:103C4000A01E0020C81E0020D41E0020E01E002060
:103C5000EC1E0020F81E0020081F0020141F00206A
:103C6000281F0020381F0020441F0020581F00205C
:103C7000641F0020741F0020881F002013930E2350
:103C80008DF8548012951493F8F7CAFE074630B1A8
:103C90001299F7F7A9FE0C23C7F800903B71B04BBF
:103CA00030469DF80C9113930D2312951493012324
:103CB0008DF85430F8F7B4FE074630B11299F7F793
:103CC00093FE0C23C7F800903B71A64B30469DF83D
:103CD0001191139308231295149301238DF85430F6
:103CE000F8F79EFE074630B11299F7F77DFE0C23D8
:103CF000C7F800903B719C4B30469DF8129113938E
:103D00000B231295149301238DF85430F8F788FE95
:103D1000074630B11299F7F767FE0C23C7F80090F9
:103D20003B71924B4FF00C0930469DF81381139371
:103D300001231295CDF850908DF85430F8F770FEAD
:103D4000074630B11299F7F74FFE87F80490C7F88D
:103D50000080874B30469DF81491139311231295E0
:103D6000149301238DF85430F8F75AFE074630B10A
:103D70001299F7F739FE0C23C7F800903B717D4B81
:103D80003046BDF8159113930D231295149301231A
:103D90008DF85430F8F744FE074630B11299F7F722
:103DA00023FE0C23C7F800903B71734B3046BDF8DF
:103DB000179113930D231295149301238DF854300A
:103DC000F8F72EFE074630B11299F7F70DFE0C23D7
:103DD000C7F800903B71694B30469DF819911393D9
:103DE0000D231295149301238DF85430F8F718FE23
:103DF000074630B11299F7F7F7FD0C23C7F800908A
:103E00003B715F4B30469DF81A9113930A2312952C
:103E1000149301238DF85430F8F702FE074630B1B1
:103E20001299F7F7E1FD0C23C7F800903B71554B51
:103E300030469DF81B911393092312951493012387
:103E40008DF85430F8F7ECFD074630B11299F7F7CA
:103E5000CBFD0C23C7F800903B714B4B30469DF8CF
:103E60001C91139314231295149301238DF854304D
:103E7000F8F7D6FD074630B11299F7F7B5FD0C23D8
:103E8000C7F800903B71414B30461295B3F86090F3
:103E90003F4B13930923149301238DF85430F8F703
:103EA000BFFD074630B11299F7F79EFD0C23C7F806
:103EB00000903B713548F5F753F9364B8046304654
:103EC00013930C231295149301238DF85430F8F7B3
:103ED000A7FD064630B11299F7F786FD062386F84E
:103EE000008033712846FAF7B1FA2898DDF89880F7
:103EF000002800F06481284D05E010F0CBFD2898E3
:103F0000002800F05A81D8F8003002685B682892D7
:103F1000AB42F2D0014640469847F0E700224FF608
:103F2000FF73A142ADF88820ADF88C303FF4D1ACDE
:103F30003B68194A5B6893420DD1084610F0AAFD10
:103F40004FB0BDE8F08F154BFFF796BB014610460A
:103F50009847FFF7B7BB384698474FB0BDE8F08F9A
:103F6000981F0020A81F0020B41F0020C01F0020A1
:103F7000D01F0020E41F0020F41F00200420002098
:103F800014200020202000202C2000200C51002094
:103F9000802100208C210020B192000018460020D2
:103FA000AA49284612F0CEFE10B9FAF723FC2DE4F8
:103FB000A749284612F0C6FE00287FF4B6AB4FF49E
:103FC000802339AA26AD8DF8DC0042934FF6FF73AB
:103FD00041929346ADF80C3136AA9E4B3890284654
:103FE00045939D4BCDF8D88027930623269228939E
:103FF00001238DF8A430F8F713FD064630B1269959
:10400000F7F7F2FC04233371944B3360944B1F6831
:104010009DF81431002B40F0338120238DF81431AA
:104020004FF0FF33449336AB092244A88D49F7F78C
:10403000EBFA0646002800F0D68136A93046F7F79D
:10404000D3FC0A233760337102F070FB36AB0746AE
:1040500028462693844B27930A23289301238DF81F
:10406000A430F8F7DDFC064628B12699F7F7BCFC2A
:1040700006233770337102F053FB9DF81431074665
:10408000002B40F0DF8020238DF814314FF0FF33F8
:10409000449336AB0D2244A87449F7F7B5FA0646A7
:1040A000002800F0628136A93046F7F79DFC0A230C
:1040B000376033716E4B36AA2846CDE926230A2392
:1040C000289301238DF8A4306A4B1F78F8F7A8FCD9
:1040D000064628B12699F7F787FC06233770337117
:1040E00002F034FB36AB064628462693624B2793F4
:1040F0000A23289301238DF8A430F8F791FC054694
:1041000028B12699F7F770FC06232E702B7136A87C
:10411000FAF79CF93898369F90B1584D03E010F0AB
:10412000B9FC389858B13B6802685B683892AB427A
:10413000F5D001463846984738980028F3D1369F85
:10414000BDF808314199EBB10025DFF83091A84660
:104150000AE010F09FFC41990135C6E90088ABB236
:10416000BDF808219A420DD901EBC50670680028F8
:10417000F2D03B685B684B45EBD001463846984728
:104180004199E9E700235945ADF808314FF6FF732F
:10419000ADF80C313FF43AAB3B68384D5B68AB424D
:1041A00040F05F81084610F075FCFFF72FBB0A4610
:1041B000014628469847FFF79DBADDF89880BDF87C
:1041C000C8303199F3B10025DFF8B0902F460AE0EE
:1041D00010F060FC31990135C6E90077ABB2BDF84B
:1041E000C8209A420ED901EBC50670680028F2D0AB
:1041F000D8F800305B684B45EAD001464046984706
:104200003199E8E70023ADF8C8304FF6FF73ADF8F9
:10421000CC3029AB99423FF4F9AAD8F80030174DB9
:104220005B68AB42BED040469847FFF7EFBA0568DF
:10423000FFF7E3BA03460A46284661469847039BC0
:10424000FFF739BB202B3FF424AF33E714210020C4
:10425000202100200000FFFF24210020301D00202D
:10426000D49E00202C210020382100204421002051
:10427000542100203DA0002060210020B1920000C8
:10428000202B3FF4D0AEDFE639AB4FF4802236A9C5
:10429000012541934FF6FF734292A2F5A022ADF89B
:1042A0000C310927B14BB24E279306238DF8DC0061
:1042B000389026A82691AF49CDF8D8804FF00B084A
:1042C000459228938DF8A450F8F762F836AAAA4BC5
:1042D00096ED020A26A8269227938DF8A4502897D7
:1042E000F7F7A2FF36AB96ED030A26A88DF8A45087
:1042F0002693A24B27930A232893F7F795FF36AB13
:1043000096ED040A26A88DF8A45026939C4BCDF870
:10431000A0802793F7F788FF36AB96ED050A26A80D
:10432000CDF8A0802693974B8DF8A4502793F7F7EC
:104330007BFF36AB96ED060A26A828972693924B6C
:104340008DF8A4502793F7F76FFF36A8FAF77EF899
:1043500036A8F7F7C5F9FFF759BAFBF747F9FFF7A2
:1043600055BAFAF785FFFFF751BA884B36A910A85E
:1043700026930D23279301238DF8A030F7F708FA31
:10438000DDF84080B8F1000F3FF494AE36A912A8D2
:10439000F7F7FEF9129E002E3FF48CAE36AB404686
:1043A000009395E80E00F7F7AFFE00283FF482AEC9
:1043B000BDF84C004FF6FF72BDF84410A8F8060097
:1043C000BDF81231934200F06483419A4FEAD31C46
:1043D00003F07F0302EBCC02526802EBC303D980E7
:1043E000ADF812015FE66A4B36A910A8269309239F
:1043F000279301238DF8A030F7F7CAF9DDF8408044
:10440000B8F1000F3FF420AE36A912A8F7F7C0F9B3
:10441000129E002E3FF418AE36AB4046009395E84E
:104420000E00F7F771FE00283FF40EAEBDF84C10F9
:104430004FF6FF72BDF84400A8F80610BDF812311F
:10444000934200F02383419A4FEAD31C03F07F0389
:1044500002EBCC02526802EBC303D880ADF8121114
:10446000EBE538469847FFF7D1B9FBF765FBFFF757
:10447000CDB94FF4802339AA26AD012642934FF6D9
:10448000FF7341929346ADF80C3136AA414B0A278F
:1044900038494593354B8DF8DC0027930623389037
:1044A0002846CDF8D880269228938DF8A460F7F797
:1044B0006FFF36AB28468DF8A4602693364B2897BD
:1044C0002793364B93F80680F8F7AAFA064628B1E8
:1044D0002699F7F789FA3771C6F8008036AB2F4F67
:1044E000012628462693BB688DF8A46000EE103A9A
:1044F0002B4B27930C232893F7F796FE36AB2846D1
:104500008DF8A4602693274BFF79279307232893E0
:10451000F8F786FA064628B12699F7F765FA0A23CE
:104520003760337136AB284626931F4B27930523FC
:10453000289301238DF8A430F8F772FA269F0646D7
:10454000039040B13946F7F74FFA4023269F337165
:104550004FF0FF333360114BDB79002B00F03981D2
:104560004FF00109DFF834800695AEE024210020E9
:10457000789C0020301D0020601E00206C1E002052
:10458000CC1D0020781E0020841E00204421002025
:104590002C2100200000FFFF50200020907E0020F2
:1045A0005C200020EC2100206C200020D909FA6A50
:1045B00002EBC102556803F07F0235F8321005EBBB
:1045C000C205B986A14A4FF6FF716A60039A528804
:1045D0008A4200F0FB80F96AD00902F07F0201EB09
:1045E000C001496801EBC202D380039A39462846CC
:1045F0005380F7F7F9F92023052295492B714FF0E5
:10460000FF3328462B603B4698F80C600496F6F77B
:10461000FBFF0646002800F0908039463046F7F749
:10462000E3F9049B33600A23337198F80D202B794A
:104630000492002B6CD120232B714FF0FF332B60A1
:1046400009F1FF363B460522824928460596F6F7D2
:10465000DBFF0646002800F04E8139463046F7F76A
:10466000C3F9049B33600A23337109F101037A4AC9
:1046700002EB8303DB8804932B79002B4BD0202B98
:1046800011D13B46062228467449F6F7BDFF06467F
:10469000002800F0E78039463046F7F7A5F9049B7B
:1046A00033600A2333716C4B5FFA89F208F1040816
:1046B000DB79B9F1080F18BF934209F101098CBFEA
:1046C00001230023002B00F08480039B002BEAD001
:1046D000BB8E4FF6FF7207F10C01934204917FF4F9
:1046E00065AF3B8E3A68E3B1013BF96A9BB201EBDF
:1046F000C3004568ADB131F8336041888E4210D9AE
:1047000001EBC31305EBC10501319BB2418059E7B1
:10471000202B95D0C7E720232B714FF0FF332B6060
:10472000AFE707F10C010698F6F7CCFE269D002DA9
:1047300040F0878301233B71B5E7454BB98E269343
:1047400005230591279301238DF8A0304FF6FF73C1
:10475000994200F06181CA09FB6A12AE03EBC20301
:104760005A6801F07F0332F8331002EBC303B986B5
:104770000793364B3046079A39465360F7F708F8E7
:10478000129E002E3FF451AFDDF81CA0069B00974F
:1047900050460ECBF7F7B8FC00283FF446AFBDF803
:1047A0004C104FF6FF72AAF806106B88934200F087
:1047B000D381FA6AD80903F07F0302EBC002526882
:1047C00002EBC303059ADA80698026E7039A138017
:1047D0000BE736A8F9F73AFE3898369F80B1204D9E
:1047E00003E010F057F9389848B13B6802685B68FD
:1047F0003892AB42F5D0014638469847F3E7369FEA
:10480000BDF808314199002B3FF4BCAC0025DFF81E
:104810005090A8460BE010F03DF941990135C6E9EA
:104820000088ABB2BDF808219A427FF6ABAC01EB31
:10483000C50670680028F1D03B685B684B45EAD03C
:104840000146384698474199E8E700BF0000FFFF5E
:10485000742000207C200020907E002084200020F6
:10486000B1920000A64BB98E269306230791279399
:1048700001238DF8A0304FF6FF73994200F0EA80D3
:10488000CA09FB6A12AE03EBC2035A6801F07F0348
:1048900032F8331002EBC303B9860593994B3046C7
:1048A000059A39465360F6F773FF129E002E3FF4C7
:1048B000FAAEDDF814A0069B009750460ECBF7F732
:1048C00023FC00283FF4EFAEBDF84C104FF6FF720A
:1048D000AAF806106B88934200F06A81FA6AD80938
:1048E00003F07F0302EBC002526802EBC303079A96
:1048F000DA806980CFE6844BB98E26930523079131
:10490000279301238DF8A0304FF6FF73994264D0AE
:10491000CA09FB6A12AE03EBC2035A6801F07F03B7
:1049200032F8331002EBC303B9860593754B30465A
:10493000059A39465360F6F72BFF129E002E3FF47E
:1049400094AEDDF814A0069B009750460ECBF7F707
:10495000DBFB00283FF489AEBDF84C104FF6FF7228
:10496000AAF806106B88934200F01F81FA6AD809F2
:1049700003F07F0302EBC002526802EBC303079A05
:10498000DA80698069E6F6F7C9FBFEF73FBF5F4949
:10499000284612F0D7F900287ED104235C4E26A8C1
:1049A00028930123CDE926768DF8A430F7F762FB32
:1049B00070B9042336A838930123CDE936768DF8F3
:1049C000E430F8F7D1F818B10379202B00F0BA825F
:1049D0005048FEF76BFAFEF779BF3B8E3A68002B22
:1049E00000F09E80013BF96A9BB201EBC300466870
:1049F000002E00F0958031F833C041888C4540F29C
:104A00008F8006EBC10212AE01EBC31305924A1C64
:104A10009BB24280079389E73B8E3A68002B00F0F7
:104A20008D80013BF96A9BB201EBC3004668002E02
:104A300000F0848031F833C041888C457ED901EB89
:104A4000C31306EBC10201319BB212AE0792418043
:104A500005938EE63B8E3A68002B42D0013BF96A03
:104A60009BB201EBC3004668002E3AD031F833C048
:104A700041888C4535D906EBC10212AE01EBC31358
:104A800005924A1C9BB24280079307E7ADF81001DC
:104A9000E4E4ADF81011A3E41F49284612F052F9DE
:104AA00000285CD1DFF868800426012526A8289616
:104AB0008DF8A450CDE92678F7F7DCFA60B936A86E
:104AC00038968DF8E450CDE93678F8F74DF818B1FE
:104AD0000379202B00F040821048FEF7E7F9FEF73B
:104AE000F5BE12AE07F10C013046F6F7EBFC129B57
:104AF0000593002B3FF41EAEBDF84C300793CDE676
:104B0000842000200000FFFF7C2000203C220020A9
:104B1000102200204C220020742200208422002039
:104B200012AE07F10C013046F6F7CCFC129B059350
:104B3000002B40F01B8201233B7196E512AE07F17A
:104B40000C013046F6F7BEFC129B0793002B40F099
:104B5000898101233B7168E5059B2B8034E616496A
:104B6000284612F0EFF8002840F0A281DFF85080CC
:104B70000426012526A828968DF8A450CDE926788C
:104B8000F7F778FA60B936A838968DF8E450CDE991
:104B90003678F7F7E9FF18B10379202B00F07C8312
:104BA0000648FEF783F9FEF791BE079B2B80E8E6E7
:104BB000079B2B809DE600BFAC220020C022002076
:104BC00010220020042312A908A88DF854901493F1
:104BD000CDE91276F7F76EFA4F468DF8EC90022287
:104BE00036A83A92DDE908390393CDE937399F4B6E
:104BF0003993F7F73BF9064680B99C4B02222846C9
:104C00008DF8AC702993039B2A92CDE92739F7F7E9
:104C100077FE18B10379402B00F0AC81039B022290
:104C2000012736A83A928DF8EC70CDE93739904BD0
:104C30003993F7F71BF9064680B98D4B02222846B7
:104C40008DF8AC702993039B2A92CDE92739F7F7A9
:104C500057FE18B10379402B00F05082039B0125C9
:104C600036A88DF8EC50CDE93739824B39930623BD
:104C70003A93F7F7FBF860B936A8A846F7F7B2FC05
:104C800040F6B8337C4A8342A8BF034623EAE37365
:104C90001380039B012536A88DF8EC50CDE93739F8
:104CA000764B399306233A93F7F7E0F860B936A8C4
:104CB000A846F7F797FC40F6B833714A8342A8BF7D
:104CC000034623EAE3731380039B36A8CDE9373903
:104CD0006C4B399308233A9301238DF8EC30F7F7A6
:104CE000C5F8B0B936A8F7F7E5F8DFED677AB4EEA6
:104CF000E70AF1EE10FA07D4F2EE0E7AB4EEE70A04
:104D0000F1EE10FA77FE807A604B4FF00108C3EDA8
:104D1000007A039B36A8CDE937395D4B39930423DC
:104D20003A9301238DF8EC30F7F7A0F8A8B936A82C
:104D3000F7F7C0F8B5EEC00AF1EE10FA00F15882AC
:104D4000F3EE047AB4EEE70AF1EE10FA77FE807A19
:104D5000504B4FF00108C3ED007A039B36A8CDE914
:104D600037394D4B399308233A9301238DF8EC30B2
:104D7000F7F77CF8B0B936A8F7F79CF8DFED427A80
:104D8000B4EEE70AF1EE10FA07D4F2EE0E7AB4EEC2
:104D9000E70AF1EE10FA77FE807A404B4FF00108F7
:104DA000C3ED007A039B36A8CDE937393C4B3993E4
:104DB00009233A9301238DF8EC30F7F757F80028D0
:104DC00043D136A8374DF7F70DFC0522831C36A8D2
:104DD000399593FBF2F303EB83035F2BA8BF5F23AB
:104DE0009342B8BF1346304A137006233A93F7F73D
:104DF0003DF8F0B9039B36A8379306233A93012375
:104E0000CDE938958DF8EC30F7F77AFD18B14946C1
:104E1000F7F710FC824642F210735146234A9A4536
:104E2000A8BF1946B1F5FA7F0B46B8BF4FF4FA7325
:104E30001360F4F765F901F07FFCFBF7E5FCFEF782
:104E4000E5BCBDF89C30FFF7BDBB164D062336A868
:104E500039953A93F7F70AF80028CBD0B8F1000F4C
:104E6000EBD0E6E7BDF84C30059382E4541D0020FA
:104E7000581D00205C1D00200EA00020641D002095
:104E800010A000206C1D0020CDCCCC3DE4510020B2
:104E9000781D0020C89D0020801D0020DC510020CE
:104EA0008C1D0020981D002022550020EC51002070
:104EB000A249284611F046FFF0B9DFF8BC8204266B
:104EC000012526A828968DF8A450CDE92678F7F775
:104ED000D1F860B936A838968DF8E450CDE9367827
:104EE000F7F742FE18B10379202B00F0DF819448D8
:104EF000FDF7DCFFFEF7EABC9249284611F022FFDD
:104F0000002840F09880DFF870820426012526A84A
:104F100028968DF8A450CDE92678F7F7ABF860B95C
:104F200036A838968DF8E450CDE93678F7F71CFEB0
:104F300018B10379202B00F09B818348FDF7B6FF61
:104F4000FEF7C4BC36A90AA8F7F7B4F8DDE90A01F0
:104F5000FBF71AFDFEF75ABC36A90CA8F7F7AAF81A
:104F6000DDE90C01FBF71AFEFEF750BCBDF84C3032
:104F70000793DBE436A8F7F7C3FC0746002800F0E8
:104F800074810379402B40F0708101884FF6FF72E5
:104F9000914200F06A81D9F82C80CB0901F07F00A2
:104FA00008EBC3035B6813EBC00300F05E81DB8892
:104FB00000E0C388934206F1010608D0D80903F047
:104FC0007F0308EBC000406810EBC300F1D1072E4F
:104FD0003346A8BF072313F0FF039B4600F045812B
:104FE0002A464B460026594D91464FF6FF72914294
:104FF00000F02081CA0901F07F0108EBC20250686D
:1050000010EBC10000F01781C2883146002900F082
:1050100024814FF6FF70824200F00C81D00902F02B
:105020007F0208EBC000406810EBC20000F0038173
:105030000139C288EAE74649284611F083FE00BBE1
:10504000DFF834914FF00408012626A8CDF8A0809F
:105050008DF8A460CDE92679F7F70CF860B936A889
:1050600036978DF8E460CDE93798F7F77DFD18B1F4
:105070000379202B00F006813648FDF717FFFEF775
:1050800025BC3549284611F05DFE002800F07981E5
:105090003249284611F056FE002800F06981304957
:1050A000284611F04FFE0646002800F043812D49A6
:1050B000284611F047FE0646002800F015812A49CF
:1050C000284611F03FFE0146002800F0FE802749E7
:1050D000284611F037FE002840F0F280244B0622CB
:1050E000244936A83892CDE9367301238DF8E4308F
:1050F000F6F77CFF03F0FEF8FEF788BB36A8F7F75B
:10510000FFFB0246002800F092800379402B40F01C
:105110008E8001884FF6FF7C614500F08880D9F8C9
:105120002C70CB0901F07F0007EBC3035B6813EB26
:10513000C0037CD0DB88354621E000BFEC22002094
:10514000FC2200202423002034230020CA9D0020BC
:105150005C2300206C23002094230020A023002047
:10516000B4230020D8230020F023002004240020B2
:10517000102400201824002010220020C38863453A
:1051800005F1010508D0D80903F07F0307EBC00043
:10519000406810EBC300F1D1072DA8BF072515F01B
:1051A000FF0544D028464B4600264FF6FF787D4D3C
:1051B000814641451FD0C80901F07F0107EBC000BF
:1051C000406810EBC10017D0C188B446BCF1000F95
:1051D00024D041450FD0C80901F07F0107EBC00082
:1051E000406810EBC10007D00CF1FF3CC188EDE72F
:1051F000DFED6D7AACE50020B0F5FA7F6B4906F182
:105200000106A8BF4FF4FA708842B8BF0846F1B251
:10521000894525F8020F09D91188CAE71946059270
:105220000493F7F72BF9DDE90432E5E799464FF0EF
:10523000010813E50020B0F5FA7F5C4A06F101068B
:10524000A8BF4FF4FA709042B8BF1046F2B25A4568
:1052500025F8020F07D23988C7E619460493F7F7F5
:105260000DF9049BE7E74D4699464FF00108D5E458
:1052700036A912A8F6F71EFFDDE91201FCF7CAFDF8
:10528000FEF7C4BA36A926A8F6F714FFDDE9260111
:10529000FDF7F4FAFEF7BABA36A90EA8F6F70AFF38
:1052A000DDE90E01FBF75AFDFEF7B0BA36A910A8EA
:1052B000F6F700FFDDE91001FCF7DAFAFEF7A6BA0F
:1052C0003B48FDF7F3FDFEF7A1BA3A4B052236A89D
:1052D0003892CDE9367301238DF8E430F7F7FCFC02
:1052E00002F092FFFEF792BA334B0125334936A8FC
:1052F0008DF8E450CDE9367304233893F6F776FE43
:105300002F4B8046314626A8279303238DF8A450BF
:1053100028932697F7F7F8FD2A4B0546314636A81D
:105320003793F7F7D9FC42460146284602F02AFE99
:10533000FEF76CBA244B0125014626A88DF8A4502F
:10534000CDE926730B232893F7F7C6FC1F4B804645
:10535000314636A837930A2336978DF8E4503893B0
:10536000F7F7D2FD0146404602F084FDFEF74EBA43
:10537000FBF74AFA0DF00AFE32200BF0E1FB18F0C1
:1053800001FA134B04220D4936A83892CDE9367341
:1053900001238DF8E430F6F729FEFDF737FFFEF71D
:1053A00035BA00BFDA9D0020000000000CFEFFFFB0
:1053B00028240020FC23002010220020482E00205A
:1053C000E4230020E8230020C0230020CC23002079
:1053D0002C1E00200BF0DABC284A9FED297AD2ED72
:1053E000006A284BF4EEC76AD3ED007AF1EE10FAAA
:1053F00007D4F4EEC77AF1EE10FA12D59FED220A27
:1054000070479FED217AF4EEC77AF1EE10FAF5D4E9
:10541000B3EE040AF4EEC07AF1EE10FA30FE270A79
:1054200070471A4A9FED1A7AD2ED006A194867EE62
:10543000A67A00B5C7EE876A83B0CDED016AF4F7AE
:1054400095FB104BDDED016AD3ED007A9FED0E7AEE
:10545000E0EE267AF4EEC77AF1EE10FA09D4B3EE54
:10546000040AF4EEC07AF1EE10FA30FE270A03B017
:1054700000BD9FED050A03B000BD00BFDC51002058
:105480006F12833AC89D0020CDCCCC3DE051002066
:105490000000C842F09B00201C4B1B784BBB1C4BF0
:1054A0001C4A1978B2F90030022923D0DFF878C0FD
:1054B00019499CF800C0CCEBCC0CA3EB0C031844AE
:1054C00081FB00310B18C117C1EBA301134BC1EBDA
:1054D000C101401A0730A3FB0013C11A03EB5103AB
:1054E0009B08C3EBC303C01A60440D4B012110801D
:1054F0001970704718440B49431D81FB0301D817ED
:10550000C0EB610000EB8000181AEEE72355002085
:10551000215500200CA00020932449922549922473
:105520001F550020676666663FA000200D4B9B7BE1
:105530009BB90D4BDFED0D7A93ED007AB4EEE77A6F
:10554000F1EE10FA09D4C30707D5094B1B782BB12C
:10555000084B1B7813B900F0FE00704740F00100C3
:10556000704700BF60680020C89D00206F12833A1A
:1055700018A000202FA000206B4B1B7803B17047B0
:105580006A4A6B4B30B5117887B0B3F90030022905
:105590009AB220D0062A1CD9073A062A47D8073BD8
:1055A000644931F91320DFF8C4C10244B2F5FA7F2F
:1055B000A8BF4FF4FA726245B8BF624621F81320C3
:1055C000F3F79EFD01235C495C4A0B70137007B032
:1055D00030BD5B49E5E7042AF4D80DEB8305594A51
:1055E00003EB8303DFF888E107EE900A0DF1040C6A
:1055F00002EB8304B8EEE76AD4ED036A94ED017A16
:10560000BEE80F00ACE80F00DEF80030CCF8003048
:105610006B68D3ED007AE6EE267AF4EEC77AF1EE07
:1056200010FA0DD583ED007AF3F76AFDCAE70E3B59
:10563000062BC5D8DFE803F0736361482D1F0D000A
:1056400094ED027AF4EEC77AF1EE10FA37FE277A7B
:10565000E8E73D4B4FF0190C42F21072196810FB4D
:105660000C109042A8BF1046B0F5FA7FB8BF4FF4B7
:10567000FA701860A4E7354A4FF00503117810FB63
:1056800003135F2BA8BF5F23052BB8BF052313703F
:1056900096E72F4B07EE900A93ED007AF8EEE76A53
:1056A000DFED2C7AA6EEA77AB4EEE77AF1EE10FAE7
:1056B00007D4F2EE0E7AB4EEE77AF1EE10FA77FE46
:1056C000877AC3ED007A7BE707EE900A224B9FEDC5
:1056D000217AF8EEE76AD3ED007AE6EE877AF5EE06
:1056E000C07AF1EE10FA1CD4B3EE047AF4EEC77A65
:1056F000F1EE10FA77FE277AE3E7184BCAE7184A6B
:10570000B2F800C04FF0050340F6B83110FB03C3F8
:105710008B42A8BF0B4623EAE373138050E7114A7C
:10572000EEE7DFED117ACCE723550020215500206C
:105730000CA00020DC9D00201F55002024550020D7
:10574000CC9D0020DC320020EC51002022550020AE
:10575000DC510020CDCCCC3DC89D0020E451002080
:1057600010A000200EA00020000000000CFEFFFF93
:1057700094090020044608B5F1F7A0FE1A21134849
:105780000DF0D6FB631EDBB2032B18D8104A52F87B
:10579000234034B1204611F0F5FC014620460DF0BF
:1057A000C7FB0C480AF020FD0DF0F0FB32200BF097
:1057B000C7F94FF0E023084AC3F80C2DFEE7074C69
:1057C000072120460DF0B4FBEBE700BF3824002092
:1057D000F8090020204D00200400FA05C01B00201D
:1057E00010B5044682B049B10846019111F0CAFCD7
:1057F00023680246019920465B689847204602B01C
:10580000BDE810400AF0F0BC10B5204C237883F0BE
:10581000010323701BB3002107200BF011FA0021B4
:1058200022200BF00DFA0DF0FFFB194B1B78ABB1EA
:10583000184B1B78DB0711D5174B184A1B681268E9
:105840009B1A0E2B0AD92378BBB1112114480DF0F5
:105850006FFB1448BDE810400AF0C6BC10BD012122
:1058600007200BF0EDF9012122200BF0E9F90123CB
:105870000D490E4A0B701370D5E710210C480DF03E
:1058800057FB0848BDE810400AF0AEBC2355002085
:1058900050A000204FA00020D49E0020EC9F0020AC
:1058A00054240020204D00201F55002024550020A6
:1058B0006824002038B5164D2B78012B14BF012425
:1058C00002240DF0B1FB134B1B781BB1124B1B785C
:1058D000DB0706D42B78A34202D02046FFF74AFF0D
:1058E00038BD0E4B0E4A1B6812689B1A0E2BF1D95D
:1058F00027210C480DF01CFB022C4FF003010CBFBC
:1059000009480A480DF014FB09480AF06DFCE1E76C
:105910002155002050A000204FA00020D49E002040
:10592000EC9F00207C240020040C0020F40C0020BC
:10593000204D00201E4B1B78022B37D001201D4A22
:10594000DFF898C010B51C4C23780344A2FB031267
:105950001A49087002F4FF7101EB52029B1AC3EB63
:10596000C3022370164BACF8002018700DF05CFBDE
:10597000144B1B78CBB1144B1B78DB0715D5134B9D
:10598000134A1B6812689B1A0E2B0ED90F2111485F
:105990000DF0CEFA217800230A220F480AF04CFCC1
:1059A0000D48BDE810400AF01FBC10BD704700BF95
:1059B00021550020ABAAAAAA3FA000201F55002015
:1059C0002455002050A000204FA00020D49E00208D
:1059D000EC9F0020A4240020204D00200CA00020DB
:1059E00038B5454B454C1A78B4F90030022A3CD002
:1059F0009AB2062A2FD8424A002122F81310F3F750
:105A00007FFB404D218801223F4B19702B683F4995
:105A1000C8330B603E4B3F491A700A700DF004FB0F
:105A20003D4B1B7803B33D4B1B78DB071CD53C4A31
:105A30002B6812689B1A0E2B16D9152139480DF0C8
:105A400077FAB4F9001038480AF0C2FB3648BDE8CE
:105A500038400AF0C9BB073A062A0DD8334A073B3B
:105A6000002122F81310CAE738BD042BC7D8DFE89D
:105A700003F011151A1F0C000E3B062BBFD8DFE8F0
:105A800003F037332E2A25211C004FF07E52284B7D
:105A90009A61B4E7264B274A9A60B0E74FF08042FC
:105AA000234BDA60ABE74FF07E52214B1A61A6E739
:105AB0004FF07D521E4B5A61A1E71F4B41F28832D5
:105AC0001A609CE71D4B46221A7098E74FF07E52F1
:105AD0001B4B1A6093E71B4B00221A608FE74FF0B5
:105AE0007E52194B1A608AE7184B00221A8086E70B
:105AF000174B00221A8082E7215500200CA00020BD
:105B0000CC9D0020D49E002020550020749C0020B5
:105B1000245500201F55002050A000204FA0002039
:105B2000EC9F0020B4240020204D0020DC9D0020AC
:105B3000789C00209A99993EEC5100202255002033
:105B4000DC510020C89D0020E451002010A000205E
:105B50000EA0002038B5292176480DF0E9F97648E5
:105B60000AF042FB1221754800240DF0E1F9724859
:105B70000AF03AFB724D29216E480DF0D9F96E48B2
:105B80000AF032FB04216F480DF0D2F900230A22FB
:105B90002146694801340AF04FFB03216A480DF0A1
:105BA000C7F935F9021F64480AF012FB052167485E
:105BB0000DF0BEF960480AF017FB072CE2D1644DE6
:105BC0000024042163480DF0B3F900230A22214682
:105BD000594801340AF030FB03215B480DF0A8F965
:105BE00035F9021F54480AF0F3FA052157480DF021
:105BF0009FF951480AF0F8FA072CE2D10C215648D7
:105C00000DF096F9554B4C4819880AF0E1FA03213A
:105C100053480DF08DF948480AF0E6FA0C21514836
:105C20000DF086F9504B444819880AF0D1FA032147
:105C30004B480DF07DF940480AF0D6FA0C214B484C
:105C40000DF076F94A4B01213B4893ED000AB7EE7F
:105C5000C00A0AF0FBFA022146480DF069F93648FD
:105C60000AF0C2FA0C2144480DF062F9434B0121BD
:105C7000314893ED000AB7EEC00A0AF0E7FA0321B3
:105C80003F480DF055F92C480AF0AEFA0C213D487A
:105C90000DF04EF93C4B0121274893ED000AB7EE79
:105CA000C00A0AF0D3FA022132480DF041F9224825
:105CB0000AF09AFA0C2135480DF03AF934490023DC
:105CC0000A2209781C480AF0B7FA022129480DF087
:105CD0002FF919480AF088FA0C212E480DF028F9FE
:105CE0002D4900230A22096813480AF0A5FA032166
:105CF0001B480DF01DF910480AF076FA0C212748D0
:105D00000DF016F92648EFF771FB78B10921254807
:105D10000DF00EF908480AF067FA292105480DF040
:105D200007F90548BDE838400AF05EBA0D211E4863
:105D3000EEE700BFDC240020204D002008250020D5
:105D4000CA9D00201C25002024250020480D00208D
:105D5000DA9D002028250020302500200EA00020FC
:105D60007C0D00204025002010A0002050250020A0
:105D7000E45100206025002064250020C89D0020FB
:105D80007425002078250020DC5100208825002083
:105D90002255002098250020EC510020A825002045
:105DA00060680020D0240020CC2400202DE9F0479A
:105DB000A34C90B0DFF8E082A24DA77BD8F800603A
:105DC0002A78B7B1002A00F069810CA99C482F708D
:105DD000EFF7A0FA002840F0CE809B4F9B4B1A684B
:105DE000B2422FD13D78002D00F0978010B0BDE871
:105DF000F087002AE9D0964A0EA92046CDF83A70DD
:105E000012788DF83E7022F001028DF83820EFF7FD
:105E1000C1FA0DF009F98F4A1278002AD5D08E4ABE
:105E20001278D207D1D58D49D8F800200968521AC6
:105E30000E2ACAD918218A480DF07AF889480AF042
:105E4000D3F9C2E7824DA27B29781E60002A40F078
:105E50001D83854BDFED857A93ED007AB4EEE77A0A
:105E6000F1EE10FA02D4CB0700F13E82804B1A7893
:105E7000002A40F0F5820DF138097E4B187893F82E
:105E80006220002800F0B280D3ED197A002A40F099
:105E9000B280ADF82A20ADF82C2001F00101754840
:105EA000F3F794F9297873484FF00008C1F34001E3
:105EB000F3F78EF94A460DF12E01B7EE000A6D4850
:105EC000ADF82E80ADF83880F3F70EFEBDF82A103D
:105ED000BDF82E30BDF82C201944BDF838301A44D6
:105EE000ADF82A1041EA0203ADF82C209BB2002B3A
:105EF0003FF478AF2878FFF719FBADF83A108DF82A
:105F0000380049464E48ADF83C208DF83E80EFF70A
:105F100041FA3D78002D7FF469AF4948EFF766FA02
:105F200000283FF463AF544A1368F31AB3F57A6F4D
:105F3000FFF45CAF46480EA9A37B16600278404888
:105F40001343CDF83A508DF83E508DF83830EFF7C6
:105F500021FA152149480CF0EBFF2B460A220421B7
:105F600040480AF069F90D2145480CF0E1FF3D4831
:105F70000AF03AF93AE7364DBDF93420BDF932104E
:105F80003C48F3F74FFA2B789DF8300003F00103FB
:105F900000F0010183F00102024040F0868281F0AE
:105FA0000101294F0B4202D0364B3A701A70324B26
:105FB00028701E60A37B1BB140F001008DF83000FB
:105FC000FFF7B4FA2B4B8DF830001A784AB193F8EA
:105FD0002820032A05D193F8983013B10023CDF877
:105FE00032300CA91648EFF7D5F9F7E6F7EE007A4C
:105FF000002A3FF44EAF23483B780278002B73D140
:10600000ADF82A30ADF82C30002A7FF446AF1E4B95
:1060100018881E4BB3F800E01346CDE900231C4B53
:10602000CDE9020E93ED000A0BAB1A4805930DF172
:106030002A03049300231A46F3F7BEFE29782CE7BF
:10604000606800201FA000203DA00020D498002000
:106050001DA0002050A000204FA00020EC9F002099
:10606000D0250020204D0020C89D00206F12833ACB
:1060700018A000200C51002010950020EC250020D5
:10608000042600203EA000200EA0002010A000202A
:10609000E8510020F09B0020D49E0020CDF839204C
:1060A0000EA90F92012220468DF83820EFF772F9E1
:1060B0000CF0BAFFD04A1278002A3FF486AECF4ADD
:1060C0001278D1077FF581AECD49D8F80020096854
:1060D000521A0E2A7FF679AE1621CA480CF028FF14
:1060E000C9480AF081F870E6002A40F02C82C74ABD
:1060F000D8F8003012689B1AC54AD2F800C09C45F7
:1061000040F21F82C34A1088984200F29B821A1AFA
:10611000F1EE085ADFF8348306EE102AACEB0002E9
:1061200008F1020E07EE102AB8EE466AB8EE477A7A
:10613000C6EE076A66EEA56ABDEEE67A17EE102A8D
:106140008DED067A052AA8BF05223EF912E007EE7A
:10615000102A924604EE10EA38F912E0B8EEC77A37
:10616000069A04EE90EAB8EEC44A76EEC76AF8EEF4
:10617000E44A002A40F07E8234EE643ADFF8D0E24E
:10618000B6EE007A3EF91A2006EE102AB8EEC66A7C
:1061900036EE646A26EE076A66EEA65AB0EE085A34
:1061A000B0EE002A66EEA53A25EE855AF7EE001A03
:1061B000B0EE637AF0EE452AA3EEC25AA5EEC27A9B
:1061C000D3EE822A73EEE55A37EE267A72EEA16A92
:1061D00027EE037AA4EEA67AA4EE057AA5EE867AD7
:1061E00027EE877A8C4AB2F800E0BDEEC77A9E456A
:1061F00017EE102A12B200F22282A3EB0E03ACEBD0
:106200000E0CF1EE085ADFF84C8207EE103A06EE5B
:1062100090CA08F1020CB8EE477AF8EE666A87EE8B
:10622000266A66EE256ABDEEE67A17EE103A8DED27
:10623000067A052BA8BF05233CF913C007EE103AD8
:106240009A4604EE10CA38F913C0B8EEC77A069B16
:1062500004EE90CAB8EEC44A76EEC76AF8EEE44A95
:10626000002B40F0F28134EE643ADFF8ECC1B6EE78
:10627000007A3CF91A3006EE103AB8EEC66A36EEED
:10628000646A26EE076A66EEA65AB0EE085AB0EEC9
:10629000002A66EEA53A25EE855AF7EE001AB0EE12
:1062A000637AF0EE452AA3EEC25AA5EEC27AD3EE87
:1062B000822A73EEE55A37EE267A72EEA16A27EE4D
:1062C000037AA4EEA67AA4EE057AA5EE867A67EEA6
:1062D000877A0023ADF82A30FDEEE77AADF82C304E
:1062E00017EE903A1BB298E606920AF07FFC4B4BF1
:1062F000069A1978002900F03F81DFF860C148490B
:10630000DCF80030A0EB030E0B78002B40F021816D
:10631000444A1368734500F22B81434BCCF80000CC
:10632000012093F8009008701870FFF755F83F4966
:10633000DFED3F7A0B7887EE807A3E4907EE903AA0
:106340009FED3D6AD1ED006A3C488DED096AF8EE9B
:10635000677A67EEA66ACDED077AC6EE865A8DEDAE
:10636000087ACDED065AF3F701FCDDED065AF1EEA1
:10637000046ADDED077A9DED087AE5EE807A2A4B16
:10638000284AF4EEE67AF1EE10FA00F14E81DFEDE4
:106390002C5AF7EE006A9DED096AF4EEE57AF1EE0B
:1063A00010FA75FEA75AC5EE867A76EEE76A67EEB2
:1063B000277A187827EE267A224B81452978FCEE39
:1063C000E77ABCEEC77AC3ED007A82ED007A3FF43B
:1063D00052AD002800F0C88041F0010100238DF883
:1063E00038100EA91848CDF83A3089468DF83E305D
:1063F000EEF7D0FF297840E550A000204FA0002004
:10640000EC9F0020B8250020204D0020C49D0020D6
:10641000EC5100200EA0002010A0002018A00020A9
:106420001B5500208C8300202FA000202255002027
:1064300000247449E05100200000C842F09B002075
:106440000000BE420083002060680020CC9D002038
:10645000D09D0020DC9D0020E09D0020F0930020D6
:10646000002221F001018E481A708E4B8DF83810F1
:106470000EA91A70CDF83A2089468B4B8DF83E2034
:1064800001221A70EEF786FF2978F6E4874B1A7816
:10649000002A3FF4F0AC00220DF138091A70814B4C
:1064A0001A700122804B1A70E7E4D8F80020804B64
:1064B000804F1A60012300227F483B707F4B1A7087
:1064C000F3F75EFC7E4BDFED7F6A93ED007ADFED44
:1064D0007E7AA0EE267AB4EEE77AF1EE10FA07D4CF
:1064E000F2EE0E7AB4EEE77AF1EE10FA77FE877AE2
:1064F000764B7148C3ED007AF3F742FC744BDFED45
:10650000716A93ED007ADFED707AA0EE267AB4EE30
:10651000E77AF1EE10FA07D4F2EE0E7AB4EEE77AEB
:10652000F1EE10FA77FE877A6A4B9DF83000C3EDE2
:10653000007A694B28701E60A37B002B3FF440ADAE
:106540003AE5012303700023ADF82A30ADF82C3072
:10655000A3E4624B1B6873450AD8524B0A70197842
:10656000CCF800001A7019B1297801F0FE0135E766
:1065700029780DF1380980E401221A704A4B1A700B
:10658000484B1A70564B1860FEF726FF554BDFED4F
:10659000567A1B7887EE807A9FED546A07EE903A20
:1065A0004C4B4548D3ED006A8DED096AF8EE677AE9
:1065B00067EEA66ACDED077AC6EE865A8DED087AAB
:1065C000CDED065AF3F7D2FADDED065AF1EE046A84
:1065D000DDED077A9DED087AE5EE807AF4EEE67A55
:1065E000F1EE10FA26D4DFED425AF7EE006A9DED87
:1065F000096AF4EEE57AF1EE10FA75FEA75AC5EED7
:10660000867A76EEE76A67EE277A344A27EE267AAC
:10661000384B29780DF13809FCEEE77ABCEEC77AE1
:10662000C2ED007A83ED007A27E4DFED336ADFED17
:10663000337ABCE6DFED306ADFED307AE3E79FEDD9
:10664000307A44E69FED2E7ACAE5A8F10208B6EE4C
:10665000007A38F91A3003EE103A069BB8EEC33AC6
:10666000042B34EE433A23EE073A7FF7FEAD34EEC7
:10667000646A08E6A8F10208B6EE007A38F91A2032
:1066800003EE102A069AB8EEC33A042A34EE433ACF
:1066900023EE073A7FF772AD34EE646A7CE500BF03
:1066A000606800202FA000201B55002018A00020AB
:1066B000C49D00203DA00020F09B00203EA00020B3
:1066C000E45100206F12033DCDCCCC3DE8510020B9
:1066D000DC510020E05100201095002000830020B4
:1066E000F093002022550020002474490000C84285
:1066F0000000BE428C8300203333733FCDCC4C3D31
:1067000000000000054A1278824206D008B5431EF8
:10671000042B00D908BDFFF72DF870472155002044
:10672000014B1868704700BF109500200148EEF734
:106730005DBE00BF6068002001230249024A0B7061
:10674000137070471F55002024550020014B187806
:10675000704700BF2355002008B50AF017FB074813
:10676000F3F7E2F90021064809F068FE054A0649F8
:106770000348BDE808400DF0CBBC00BFF09B0020F3
:1067800004830020884E0020C9E201002DE9F04377
:106790005948BBB0594CEEF7ABFD4FF41670584D4D
:1067A0000AF0CEF9574F266840F2EE28DFF86491E0
:1067B0000CF03AFC2B78002B7BD03B78DA0778D5AD
:1067C0002368D9F800209B1A0E2B72D926684D4FEA
:1067D000DFF840810CF028FC2B78002B73D03B783D
:1067E000DB0770D52368D8F800209B1A0E2B6AD9D6
:1067F000232145480CF09CFB444809F0F5FCF0F7D8
:10680000A3FE002868D10CF00FFC2B78002B40F081
:1068100097812768236807F5FA779F4240F27B83C8
:10682000002603ADB04612E0EEF7AAFE40EA0803E8
:1068300031485FFA83F8EEF7ABFE40EA06030A2020
:10684000DEB20AF07DF923689F4240F2498329466F
:106850002948EEF75FFD2848EEF7C8FD03462648B5
:1068600023B1EEF795FE002840F04A832248EEF768
:10687000BDFD03462048002BD6D0266823689636F7
:106880009E420FD813E0EEF745FD1B48EEF780FE61
:1068900003460A20002B40F033830AF051F92368A5
:1068A0009E4204D92368294613489F42EBD8012011
:1068B00013E023682A789B1B5AB1B3F5FA6F85D889
:1068C0000CF0B2FB74E723689B1BB3F5FA6F81D31E
:1068D0008EE74345F4D979E703AD0D4E3070EEF7FE
:1068E0005DFE3378023B032B00F21783DFE813F0E1
:1068F00020011801DD00140060680020D49E0020F3
:1069000050A000204FA000202C260020204D002069
:1069100021550020EC9F00203221A2480CF008FBFA
:10692000A14809F061FC2846F0F7DCFE002840F0A1
:10693000C9809E4A9E4BD2F800C01F689D4B2846D6
:10694000C3F800C09C4B1F60F1F7C6F9002800F0A7
:106950004D822F46994C0FCF0FC40FCF0FC497E82D
:106960000F0084E80F002846F1F756FC002800F0DD
:106970005C822F46924C0FCF0FC40FCF0FC40FCFA6
:106980000FC497E80F0084E80F002846F1F7C6FF10
:10699000002800F07A82DC2229468A480AF080FC2E
:1069A0002846F2F7F7FA0446002800F0E1802F4667
:1069B000854C0FCF0FC40FCF0FC497E8070084E8B2
:1069C0000700EFF7F7FBEFF769FC3378012B00F0D6
:1069D000CB80013BDBB2032B40F28D821F227B4C2C
:1069E0001823019200227A4F794811460093F02330
:1069F00008F00EFD0023022138467B6108F02AFAD8
:106A0000744B20463B6110F0BDFB214602463846E0
:106A100009F08CFB012107200AF012F96E48F3F708
:106A20008FF83378022B00F04F82032B00F0608246
:106A3000042B00F067826949694A6A4B0846C1E93C
:106A40000023694A694BC1E90223694A694BC1E9DC
:106A50000423EFF713FA062002210AF025F928464D
:106A6000F2F782F9002840F0218100216248F2F714
:106A700097FB4FF4E13261495F48F2F767FB604BE7
:106A80001B78002B40F0DE803378023B012B40F274
:106A9000E68017215B480CF04BFA434809F0A4FB51
:106AA0003BB0BDE8F043FFF755B8202156480CF045
:106AB0003FFA3D4809F098FB2846F0F713FE0028FE
:106AC0003FF437AFDDF81E00DDF82210DDF8262098
:106AD0004E4B4F4C07C3BDF82A100BAA19804D4BE3
:106AE000BDF83E1019804C4BBDF8401019802F4B5B
:106AF000DDF812C0C3F800C0484BDDF83A10196049
:106B00002B4BDDF816709DF842101F60444B197036
:106B1000444BDDF81A1019600FCA07C423800DE733
:106B2000222141480CF004FA1F4809F05DFBFAE607
:106B30001D213E480CF0FCF91B4809F055FBF2E61C
:106B40003B4B1B78D8077FF564AE3A4A236812683E
:106B50009B1A0E2B7FF65DAE292137480CF0E8F921
:106B6000114809F041FB54E6344C4FF4FC6237E71E
:106B7000154F0223324A014607F10C00C7E90023F2
:106B800000232022BB600FF079FF7B1D214607F117
:106B90002B0013F8012F834281EA0201F9D17971A8
:106BA0000FE700BFE4260020204D0020E451002024
:106BB000DC510020E8510020E0510020789C0020AA
:106BC000A89C0020E89C0020907E00202026002029
:106BD000DC9E002008000400F09B0020189C002090
:106BE000953201007533010031370100053601008F
:106BF000DD370100B13601000C510020304D00207E
:106C00002355002060270020C0260020CC9D0020B6
:106C1000DC9D00200EA0002010A00020C89D0020B8
:106C200022550020EC5100207C260020A0260020C8
:106C30004FA00020EC9F00205026002014260020AA
:106C40004B5453430021072009F0FAFF0021222072
:106C500009F0F6FF3378023B012B3FF61AAFB34C35
:106C60004FF4967009F06CFFB14D23682A7843F019
:106C700001032360002A00F030810BF035FA502028
:106C800009F05EFF23682A7823F001032360002ABD
:106C900000F020810BF028FA3378A649032BA64890
:106CA0000CBFA64AA64A09F0B9FAF2E6DDF81210BE
:106CB000A448F2F769FADDF81610A248F2F76AFA6A
:106CC000DDF81A309F4800EE103AF2F76BFA9DF8A3
:106CD0001E109C48F2F774FADDF81F30994800EE58
:106CE000103AF2F777FADDF82330964800EE103AC2
:106CF000F2F786FADDF82730924800EE103AF2F704
:106D000093FA9DF82B108F48F2F79CFA9DED0B0A31
:106D10008C48F2F7BFFA9DF830108A48F2F7D4FA9F
:106D20009DF831108748F2F7D9FADDF832308548FE
:106D300000EE103AF2F7D8FADDF83630814800EE6E
:106D4000103AF2F7E9FADDF83A307E4800EE103AF0
:106D5000F2F7F0FA9DF83E107A48003918BF012189
:106D6000F2F7F6FADDF84130764800EE103AF2F725
:106D7000F3FA9DF83F107348F2F706FB9DF84010B8
:106D80007048F2F707FB9DF845106E48F2F70CFBD0
:106D90009DF846106B48F2F70DFB9DF847106948C7
:106DA000F2F70CFB9DF848106648F2F70DFBBDF8B2
:106DB00049106448F2F70EFBBDF84B106148F2F73A
:106DC00011FB9DF84D105F48F2F714FB9DF84E1033
:106DD0005C48F2F719FB9DF84F105A48F2F71AFB7E
:106DE00058489DF85010F2F719FB3EE6564B4FF00D
:106DF00080414FF07E525548D9604FF07D511A6165
:106E000003F11C049A610222596151495A60996048
:106E10000121504A1860D9620FCA84E80F00284641
:106E2000F1F7FAF900287FF4A4AD4B4B4FF0854100
:106E30004A4AD96341F288311A600222C3F812002B
:106E40009A80474AC3F81600C3F806200022C3F808
:106E50001A00C3F82E204FF07E52C3F81E00C3F86C
:106E60000A20404AC3F82200C3F82600C3F82A00CB
:106E7000C3F83200188258872846D981C3F83620D3
:106E8000F1F74CFD00287FF486AD374A03233749DC
:106E90004FF0010CFA270446C2E90013344B1432B8
:106EA000344942F80C3CA2F1140342F808CC22F811
:106EB000047C9C740533C3F80E109A42F9D101305A
:106EC0001A320828EFD16BE52B48F3F7ADFAF3F748
:106ED000A7F9B0E50BF008F9DCE60BF005F9CCE614
:106EE000B8F1000F15D1002E3FF4E1AC0420F4E41A
:106EF000F3F736FB9FE521491F2251F823406FE548
:106F00000520EAE41848F4F7A5F81D48F4F73EF91F
:106F100091E50320E1E403ADC9E40A2119480CF02E
:106F200007F8054809F060F9FDE400BFF09F002074
:106F300032A0002024270020204D0020000C00203B
:106F4000040C00200C510020789C0020314D494158
:106F50009A99993E58140020A89C0020314D49432D
:106F6000CDCCCC3D46020300E89C0020334D494B7C
:106F700000A0400050003C00EC9B0020080A0020CC
:106F8000907E0020182700202DE9F04F9E4CA1B0E4
:106F90009E482568EEF7B2FF9D48F2F755FB0620A4
:106FA00009F070FE9B4A1378834204D09A490B681B
:106FB000EB1A312B1AD8994EF2F7B2F858B9984F0C
:106FC0003378023B032B00F2BB86DFE813F0C901E4
:106FD000C6011E001C003378023B032B00F2B4866E
:106FE000DFE813F06E0272023702FC0107460D6003
:106FF000002800F0EB818B4B1978002940F0FB82D0
:10700000864E1770D8E7FEF7D1FEF4F7FDF87F4BF8
:107010003A7893F81880002A00F0D180824B83F8E8
:107020000080824A92F90030002B09DB804B1B68FC
:10703000EB1A002B04DBFF207E4B0121107019702E
:107040007D4EB3683BB17D4A236812689B1AB3F545
:10705000FA7F80F0B582794F0BF000FF00282FD027
:107060000BF042FFC1B274480D2918BF0A290CBFAA
:107070000125002527D109F043FBB368002B00F060
:10708000BB806F4912A809F0FFF912A96A4809F0FC
:10709000E7FA804612A809F019FAB8F1000F40F09B
:1070A000A8806849644809F0C3FA88B1FEF752FD28
:1070B0006549614809F04AFA0BF0D0FE0028CFD1AB
:1070C00021B0BDE8F08F09F0A3FA23683B60C3E765
:1070D0005E49594809F0ACFA804618B15C48F2F7AD
:1070E00077FFE5E75B49544809F0A2FA814668B1A9
:1070F00043464246404664210BF0B4FB24215648E7
:107100000BF016FF554809F06FF8D1E754494A488B
:1071100009F08EFA002800F0B98050254FF478432A
:107120004A4649464F48CDE900534FF48C7308F066
:107130006FF94FF4FC632A464946009501934FF4DA
:107140008C73484808F064F951231F22494645488A
:10715000444DCDE900324FF48C73A02208F058F969
:107160000221404807F076FE4FF0FF330B223E49E4
:107170006B614FF0081328462B6108F0D7FF3B4B9B
:107180000B223B4928462B6108F0D0FF394B28469B
:107190000B2239492B6108F0C9FF23682821374A9F
:1071A00003F6B83336481360364A1360364B83F81B
:1071B00000900BF0BDFE294809F016F878E7314938
:1071C0000A68AA1A312A00F2B780174B83F80080A8
:1071D0002D4B1A78002A3FF424AF28490A68AA1ACE
:1071E000312A7FF61EAF00220D601A70F0F7C8F842
:1071F00017E71148FCF724FA13490F4821B0BDE8FE
:10720000F04F09F0A3B900BFD49E0020189C0020C5
:107210000C5100201D550020C4980020215500204D
:107220002355002036A0002035A000202055002046
:10723000749C00201F55002004830020049500202A
:10724000E8270020F01C0020482E0020941D00207C
:10725000F09B0020EC270020F0270020204D00208C
:1072600018280020609F00202428002008005800D3
:10727000302800200800A8003C280020E4930020CB
:1072800048280020AC93002024550020AE4912A8C5
:1072900009F0D4F812A9AD4809F0E2F950B1B36889
:1072A000032B07D90321A94809F0EEF903783A2BFB
:1072B00000F00E8112A809F009F9A54912A809F0F9
:1072C000BDF812A9A14809F0CBF900284BD112A8AA
:1072D00009F0FCF89F4912A809F0B0F812A99B48E0
:1072E00009F0BEF9804612A809F0F0F8B8F1000FD5
:1072F00000F09A819549032212A809F0D3F912A847
:1073000009F02AFA054612A809F0E0F840F6B83369
:10731000284610219D42904DA8BF184620EAE070F3
:1073200028808E480BF004FE29888D4808F050FF15
:107330008B4808F059FFBBE60D60B8F1000F40F034
:10734000AD80884E3378002B00F06781864B002299
:107350001A70EFF75FFE3B78ACE0F3F7D9FC56E626
:10736000F2F784FF53E6B368032BB0D903217748C3
:1073700009F08AF903783A2BA9D112A809F0A6F8E6
:107380000221724809F080F90578303D062D3FF65C
:107390008FAE6E49042212A809F084F912A809F0F0
:1073A000DBF9804612A809F091F8B8F5FA7F40465B
:1073B0006E4BA8BF4FF4FA70DFF8E08108219842C5
:1073C000B8BF184628F815006948A9E0694B0121A3
:1073D000694E1D60694B17701970EDE55E4A0DF13D
:1073E000680C674BB2F800A0664AB2F800B0664A73
:1073F000D2ED007A654ACDED027AD2F80090644A67
:10740000D2F800E0634A92F80080634A176807CB1D
:107410001B88CDF85A00ADF86630604BCDF85E1091
:10742000CDF862200FCBACE80700ACF8003012A812
:10743000029BADF87AA0ADF87CB0CDF84E30CDF817
:107440007690CDF852E08DF87E80CDF85670F0F74A
:10745000D5F85348F1F7F0F9524F3B7833B9524B16
:1074600005F2DC521A6001223F4B1A70F0F720F847
:1074700031287FF6A5AD2E214C480BF059FD384838
:1074800008F0B2FE3B78002B7FF49AAD464B05F531
:10749000FA621A600122344B1A7091E53278D86989
:1074A000012A304EA5EB000014BF01210221EFF7A5
:1074B0007FFF3B7886F80080002B3FF489AEB0E573
:1074C0003B48F0F799FBC7E73A48F0F753FEC3E7AC
:1074D00012A808F0FBFF02211C4809F0D5F8057836
:1074E000303D062D3FF6E4AD1849042212A809F0FC
:1074F000D9F812A809F030F9804612A808F0E6FF82
:10750000B8F5FA7F4046194BA8BF4FF4FA70DFF880
:10751000708008219842B8BF184628F81500264800
:107520000BF006FD29460E4808F052FE03212348C1
:107530000BF0FEFC38F91510094808F049FE084820
:1075400008F052FEB4E500BF742800200483002038
:1075500078280020882800200EA0002098280020ED
:10756000204D002035A000201F5500200CFEFFFFFD
:107570008C280020C89800202155002036A000202B
:10758000CC9D002010A00020E4510020C89D0020C8
:10759000DC51002022550020EC510020DC9D002011
:1075A000E89C002023550020E89B0020882700202D
:1075B000789C0020A89C00207C280020FC2800202B
:1075C0000BF032FDAE4B1B7883B1AE4B1B78D90765
:1075D0000CD5AD4A236812689B1A0E2B06D92E21B2
:1075E000AA480BF0A5FCAA4808F0FEFDA949AA4844
:1075F00008F0ACFF2FE5A9490020A94E09681870D2
:1076000040F2DB53691A3078994234D902380128A4
:107610008CBF02200120FEF7ADF8A24B1A78002A99
:107620007FF495AE3270D3E59F4912A808F006FFAB
:1076300012A9994809F014F8804612A808F046FFEC
:10764000B8F1000F21D09449032212A809F02AF8BA
:1076500012A809F081F8054612A808F037FF40F695
:10766000B83310219148AB42A8BF2B46904D23EA76
:10767000E3732B8056E6EFF721FF4FF0E0238D49AF
:107680008D4AC3F80C1D177096E48C4912A808F0B7
:10769000D5FE12A9804808F0E3FF804612A808F042
:1076A00015FFB8F1000F33D002227B4912A808F071
:1076B000F9FF12A809F056F812A88DED020A08F099
:1076C00005FFDFED7F7A9DED020AB4EEE70AF1EEE9
:1076D00010FA07D4F2EE0E7AB4EEE70AF1EE10FAE1
:1076E00077FE807A774D0E217748C5ED007A0BF052
:1076F0001FFC95ED000A01216548B7EEC00A08F0AD
:10770000A5FD25200BF000FC614808F06DFDCFE4DD
:107710006E4912A808F092FE12A95F4808F0A0FF77
:10772000804612A808F0D2FEB8F1000F33D0032231
:10773000594912A808F0B6FF12A809F013F812A8C8
:107740008DED020A08F0C2FE9DED020AB5EEC00AF8
:10775000F1EE10FA00F19080F3EE047AB4EEE70A4D
:10776000F1EE10FA77FE807A594D0E215948C5ED99
:10777000007A0BF0DDFB95ED000A01214448B7EEDD
:10778000C00A08F063FD032153480BF0D1FB4048C9
:1077900008F02AFD8CE4514912A808F04FFE12A906
:1077A0003D4808F05DFF804612A808F08FFEB8F152
:1077B000000F23D00422384912A808F073FF12A842
:1077C00008F0D0FF12A88DED020A08F07FFEDFED71
:1077D0003C7A9DED020AB4EEE70AF1EE10FA07D406
:1077E000F2EE0E7AB4EEE70AF1EE10FA77FE807A46
:1077F0003B4D0F213B48C5ED007A78E73A4912A886
:1078000008F01CFE12A9244808F02AFF814612A89D
:1078100008F05CFEB9F1000F72D01F49042212A8D3
:1078200008F040FF12A808F097FF054612A808F0DC
:107830004DFEAB1C2D4A2E4D82FB0312DB1710218F
:107840002C48C3EB620303EB83035F2BA8BF5F23CA
:10785000052BB8BF05232B700BF06AFB4346297834
:107860000A220B4808F0E8FC022123480BF060FBD9
:10787000074808F0B9FC1BE4DFED207A74E700BF8D
:1078800050A000204FA00020EC9F0020B82700202F
:10789000204D0020482E002004830020C89800209E
:1078A000215500201F550020AC280020B0280020C2
:1078B00010A000200400FA051D5500204C1A0020DD
:1078C000CDCCCC3DE4510020C4280020D428002099
:1078D000C89D0020D828002074250020E82800201A
:1078E000DC510020F0280020002900206766666631
:1078F00022550020082900206025002000000000FB
:107900001E4912A808F09AFD12A91D4808F0A8FE09
:10791000804612A808F0DAFDB8F1000F3AD0032231
:10792000174912A8DFF8688008F0BCFE12A808F01A
:1079300013FF054612A808F0C9FD42F210730E228B
:107940001049AB42A8BF2B460F4DB3F5FA7F28462E
:10795000B8BF4FF4FA73C8F800302B685B689847DB
:10796000D8F800104B460A22284608F065FC284645
:107970000649FDF735FFFFF79BBB00BF1C29002020
:107980000483002020290020204D00207C0D0020B1
:10799000EC510020CB49CC4808F04AFE002800F00A
:1079A0007C815621C9484FF004080BF0C1FAC84841
:1079B00008F01AFC404608F10108FF2109F024FBF9
:1079C000B8F13C0FF6D112A8EFF78CFE002840F07A
:1079D0006A81DDF84E30F7EE007A07EE103AB4EE29
:1079E000677AF1EE10FA40F05E81BDF87A802421CA
:1079F000B8480BF09DFAB8F1000F40F05881A94645
:107A0000B54804210BF094FAB14808F0EDFB4FF0B3
:107A10007E5304A8CDF81630CDF81A300023CDF8E7
:107A20002230CDF82630CDF82A30CDF82E30CDF8E2
:107A30003230CDF83630CDF83A30ADF82030A74BA3
:107A400004930123ADF814300023CDF83E3041F209
:107A50008833ADF81E30A24BCDF842302D23ADF85F
:107A60004630EFF7CBFD12A8EFF73CFE804630B171
:107A7000BDF87A2040F2D2439A4200F04D81252190
:107A800098480BF055FA4FF00008974804214FF042
:107A9000460A0BF04DFA8E4808F0A6FB08EB0903E6
:107AA00001224FF0000802934FF07E5304A8ADF876
:107AB0001420CDF81630CDF81A30884BCDF822803E
:107AC00004930023CDF82680CDF83E3041F2883370
:107AD000CDF82A80ADF81E30CDF82E80CDF832805A
:107AE000CDF83680CDF83A80CDF84280ADF82080D0
:107AF000ADF846A0EFF782FD0E2009F06BF9C14307
:107B00000E20C9B209F080FA12A8EFF7EBFD80F061
:107B10000109242175480BF00BFA6F495FFA89F9C6
:107B20007148C14518BF084604210BF001FA6848A6
:107B300008F05AFB029A04A89144EFF75FFD674BE7
:107B4000012204A8ADF846A0049341F28833ADF8B1
:107B50001420ADF81E30664BCDF82280CDF81A30D7
:107B6000644BCDF82680CDF81630634BCDF82A80D3
:107B7000CDF83E30CDF82E80CDF83280CDF836806D
:107B8000CDF83A80CDF84280ADF82080EFF736FD91
:107B900012A8EFF7A7FDDDF84E30DFED586A07EECB
:107BA000903A9FED577A77EEE67AF0EEE77AF4EEC8
:107BB000C77AF1EE10FA7ED5DDF87630DFED516A46
:107BC00007EE903A77EEE67AF0EEE77AF4EEC77ACF
:107BD000F1EE10FA6FD5DDF85230F1EE026A252190
:107BE000494807EE903A8DED037A77EEE67AF0EEAB
:107BF000E77ACDED027A0BF09BF9DDED027A9DED8F
:107C0000037AF4EEC77AF1EE10FA58D5324804211F
:107C1000A9440BF08DF92E4808F0E6FA4FF07E5398
:107C2000002504A8CDF81630CDF81A302B4BCDF82E
:107C3000225004930123CDF82650ADF814300023D0
:107C4000CDF82A50CDF83E3041F28833CDF82E5091
:107C5000ADF81E304623CDF83250ADF84630CDF8A1
:107C60003650CDF83A50CDF84250ADF82050EFF7ED
:107C7000C5FC162125480BF05BF92B465FFA89F10C
:107C80000A22134808F0D8FA382121480BF050F99D
:107C90000F4808F0A9FAFFF70BBA1E490C48FDF788
:107CA0009FFDFFF705BA24210A480BF041F94FF078
:107CB00000090D48A5E6252113480BF039F90025E8
:107CC0000948A4E730290020048300203C29002033
:107CD000204D00209429002078270020324D494D66
:107CE000D2043702BC29002080270020E42900208C
:107CF000000090409A99E94033334B419A99E9400A
:107D00006F12833A33334B410C2A0020342A00206F
:107D10004C2A0020882A0020BDF87C2040F237231E
:107D20009A427FF4ACAE9DF87E3025212348029321
:107D30000BF0FEF8029B2D2B7FF4A5AE2048A5E6A4
:107D4000FEF734F8FFF763B91E4A1AAF1E4BB2F8BC
:107D500000A01E4AB2F800B01D4AD2F800801D4AA9
:107D6000D2F800E01C4AD2F800C01C4A92F80090F9
:107D70001B4A1268029207CB1B88CDF85A00ADF857
:107D80006630184BCDF85E10CDF862200FCB07C7D8
:107D9000029A12A83B80ADF87AA0ADF87CB0CDF87D
:107DA0004E80CDF876E0CDF852C08DF87E90CDF8BB
:107DB0005620EFF723FCFFF74FBB00BFBC29002084
:107DC000782700200EA00020CC9D002010A00020CD
:107DD000E4510020C89D0020DC51002022550020E5
:107DE000EC510020DC9D002000B5A1B00346084AFC
:107DF000802168460EF0CCFC68460FF0C3F90146BE
:107E000068460BF095F8034808F0EEF921B000BD84
:107E1000C82A0020204D002000B5A3B00346094A1F
:107E2000009102A880210EF0B3FC02A80FF0AAF97D
:107E3000014602A80BF07CF8034808F0D5F923B0FE
:107E400000BD00BFE42A0020204D002010B50446EC
:107E500082B049B1084601910FF094F923680246B7
:107E6000019920465B689847204602B0BDE8104063
:107E700008F0BAB9B1F5807F70B50C4696B019D04C
:107E8000292130480BF054F821462F4808F0A0F97A
:107E90000B212E480BF04CF84FF480712A4808F063
:107EA00097F9294808F0A0F9294816B0BDE87040B4
:107EB000FFF79ABF064600F1FF0201252548120A86
:107EC00000230570244D25492A80254A096813801E
:107ED000244A25481360254A1370254A11604FF043
:107EE000FF31244A11604FF48052FF210EF0C6FD8D
:107EF000152121480BF01CF800230A2231461248B4
:107F000008F09AF90F211D480BF012F829880E4845
:107F100008F05EF90C4808F067F928882346184AEB
:107F20005021009002A80EF033FC02A80FF02AF9AD
:107F3000014602A80AF0FCFF034808F055F916B004
:107F400070BD00BF082B0020204D0020A00F002096
:107F5000342B002029A0002004A00020D49E002063
:107F600008A00020948300209883002023A00020F4
:107F7000D8930020F84D0020482B0020602B0020D3
:107F8000702B00202DE9F043874D8FB02B78012B0B
:107F900040F09F8094460C46844A8046844941F2D2
:107FA000883610680B681B1AB34204D9814B1B88B2
:107FB000002B40F0D2800B689CF800101360002961
:107FC00000F0EE8000227C4E7C4F1346104608E005
:107FD000FF2A02F1010200F3E3807D541CF8011F27
:107FE000B9B1715603F1060EB1F1FF3FCDB2F5D034
:107FF0000231A3F1020345EA8010114609D0BEF117
:10800000070F20FA03F5E3DC1CF8011F7346002973
:10801000E7D1002A00F0C480694D9146674F296876
:10802000684BD6196FEA010E384610F8011B8EEA2C
:10803000010E08214EF3000C01390CEA030C8CEA06
:108040005E0EF7D18642F0D16FEA0E03B4F5805F81
:108050002B6044D222445C485849B2F5805F2044EA
:1080600088BFC4F5805901244A4609F019F9574BD5
:108070000C2157481C700AF05BFF08EB04015548BF
:1080800008F0A6F8214654480AF052FF534B5148D5
:10809000198808F09DF8132151480AF049FF4D480E
:1080A00008F0A2F8434843464E4A01880131018056
:1080B000302102A80EF06CFB02A80FF063F8014615
:1080C00002A80AF035FF434808F08EF80FB0BDE86B
:1080D000F08345490FB0BDE8F043FFF79DBE43482C
:1080E00004F1C045424B20401968814206D0186017
:1080F00000F1C040019208F027FF019A28462F495D
:1081000096B2019208F0AEFE019A2A4425F01F05AE
:10811000BFF34F8F4FF0E021C1F85C5F2035AA42DA
:10812000FAD8BFF34F8FBFF36F8F1EB3314B751E5D
:10813000C7F1C04013FA85F5013B01E09D4219D01B
:108140001A1919780133125C8A42F7D02A4940463D
:108150000FB0BDE8F043FFF75FBE1D2127480AF0CE
:10816000E7FE1C4808F040F82548FFF73DFE0023D5
:108170002B70ABE70C2116480AF0DAFE08F101017A
:10818000144808F025F8012113480AF0D1FE134BDA
:108190001048198808F01CF80E4808F025F881E707
:1081A00018494046D4E700BF29A00020D8930020FA
:1081B000D49E002008A0002024390020C49700206D
:1081C000948300202083B8ED9883002023A0002012
:1081D000E42B0020204D0020F42B002004A00020E0
:1081E000F82B00200C2C00209C2B002000F0FFFF1F
:1081F000F84D0020C5970020242C0020AC2B002037
:10820000CC2B0020D42B002070B52C4C2378012BD4
:1082100029D12B4D06462B68834207D1294B1D7867
:1082200035BB2948FFF7E0FD257070BD26212748A2
:108230000AF07EFE002310222968254807F0FCFF83
:108240000D2124480AF074FE0023102231462048F4
:1082500007F0F2FF1E4807F0C7FF1F48FFF7C4FDF5
:108260000023237070BD1D48BDE87040FFF7BCBD02
:108270001B494FF0C0441648FFF7E8FD1949144860
:10828000FFF7E4FD184D0AF081FE642008F058FC69
:108290004FF0C04008F058FE144B20464FF4807257
:1082A000191904F5807408F0DDFDAC42F4D14FF0EB
:1082B000E0230F4AC3F80C2DFEE700BF29A00020E1
:1082C0009483002023A00020802C0020382C002044
:1082D000204D0020602C0020702C00209C2B0020C2
:1082E000902C0020C02C002000100060988300C05B
:1082F0000400FA0510B5044610210C480AF018FED7
:108300008CB120460EF03EFF014620460AF010FEDA
:10831000074807F069FF002306480749074A03702A
:108320000B80137010BD0921054CEEE7DC2C0020FA
:10833000204D002029A0002008A0002023A000201C
:10834000D02C0020704700BF704700BF704700BFAF
:1083500000207047704700BF002070470020704722
:1083600001207047064A0021136841602BB11A466C
:108370005B68002BFBD1506070471060704700BFF6
:10838000E496002070B584B0DDF820C010B10BB1C8
:10839000A2B199B91E4615460446624603910A48A1
:1083A0000A4907F03BFF0A49039B22460648CDE9EC
:1083B000005607F033FF002004B070BD04B0BDE8E4
:1083C000704000F0FFBA00BF204D0020F02C0020CC
:1083D000482D002030B59D1C044685B0D0F8C40758
:1083E00040D05D1C35D0DD1C00D1838B808D04F620
:1083F000A14584F8A73C1B0A84F8A52C84F8A83C66
:10840000002360F30703C0F3032040F0200060F373
:108410000F23101D60F31743001260F31F63002049
:10842000C4F8A13C84F8A60CAAB90F4B083229461F
:108430001868D2B2D3F800C040F6B21300932346B6
:10844000D4F89C0B094CC4F800C0FFF79BFF05B0A3
:1084500030BD438BCAE704F6A940039208F020FF21
:10846000039AE2E7038BC1E7D49E0020149C00200E
:10847000D0F8C43783F83810704700BF08B508F04B
:1084800085FC044B04491868044A1B6808601360A3
:1084900008BD00BFD49E0020149C0020109C00202A
:1084A0000020704700207047704700BF38B5534A1E
:1084B0004FF4805E4FF400554FF440444FF4803049
:1084C00043F24201136A13F0020F40F0878013F465
:1084D000005F00F0878013F4805F00F08580002B40
:1084E000F0DA13F4803C40F082805B0640F1838038
:1084F000434C444AD4F88010434B41F003014348B5
:10850000C4F880104FF0404191634FF440415163F3
:108510000521C2F800C00822C0F8B4104FF08061F5
:10852000C0F8A4220A205A680A435A60C3F884108B
:1085300008F006FB364AD2F8403143F00203C2F895
:108540004031D2F840319B07FBD4324D05F0F8F8AA
:1085500001242B1F05F17C0243F8044F9342FBD109
:108560004FF4807200212C480EF088FA00222B492B
:10857000274B0A700321C3F89040C3F8A81128497B
:10858000C3F84821C3F85451C3F84C21C3F858210B
:10859000C3F84011D3F884212249234842F4805281
:1085A000C3F88421D3F85821D3F85421C1F800022C
:1085B0001E4A4FF0E0214FF48030C1F80C01C3F89F
:1085C0004821D3F8482142F01202C3F84821D3F8D9
:1085D000482142F44022C3F8482138BD94625062D9
:1085E00091626FE755626DE7C2F824E06AE74FF4E5
:1085F0008033936266E74023536263E700800D4057
:1086000000C00F4000A00D400080004200801F40CD
:1086100000022E40006000200094002019A00020DD
:10862000158B010000580020F569010004000003CB
:10863000C368002B32D063298CBF002301236BBB9E
:1086400010B582B004460091019308F0CFFADFF82C
:10865000B8E0A060DEF80000DDE90013002841D09A
:10866000DFF8A0C0DCF88C2022F07F42914216D3C4
:108670004369891A23B92DE05869891A58B303460A
:108680001A698A42F8D99869521A1A61A061C4E934
:1086900004139C61A3695C6102B010BD704772B69F
:1086A0004FF00070CCF88C30521ACCF84401A36122
:1086B000DEF800302161013963611A614FF04042F8
:1086C000CEF800409C61CCF88810CCF88C2062B6C3
:1086D00002B010BD034600222161C4E905235C619C
:1086E00002B010BD074B01F1FF3C4FF04042A061CA
:1086F000CEF80040C4E90410C3F888C0C3F88C2049
:10870000CAE700BF00022E40A893002072B6184AA4
:10871000136873B183420ED05B6953B198425B69B1
:10872000FBD181694B6123B100691A6999610244E7
:108730001A6162B670470F484FF0000C5B69C0F8D1
:108740008CC09BB1D0F88C1010B421F07F411C6913
:1087500021441961C0F888104FF04041C0F88C10D6
:10876000C3F818C0136062B610BC70471360E0E72E
:10877000A893002000022E4003698C469A68510697
:1087800070B5054603D41B689A685206FBD5402293
:10879000DCF80860DCF83CE0CCF80820DCF80020CD
:1087A0001A60DCF804205A60DCF80C20DA60DCF88F
:1087B00010201A61DCF814205A61DCF818209A6144
:1087C000DCF81C209D62DA61DCF82C201C68DA627F
:1087D000012CDCF83020DCE90D011A631A46C3F8DD
:1087E0003CE0C3E90D0103D0126811680129FBD1F7
:1087F000C2F800C00122CCF800201A6894451A463D
:108800002DD04FF0000E1068114604680246C1F8E2
:1088100024E08E46A4450862F5D151620021116220
:1088200095F8341011F0FD0F08D10E480168596217
:1088300079B10B62026001209E6070BD0A48016838
:1088400059620029F5D109490B60026001209E6040
:1088500070BD07490B60026001209E6070BD002161
:10886000DBE700BF1895002020950020249500200C
:108870001C9500202DE9F0470C46C98882B0B1F55F
:10888000804F03D9002002B0BDE8F087904699469A
:10889000054604F0A1FF0028F4D0009004F09CFFEE
:1088A00000990346002876D0E08800283BD1DFF805
:1088B0000CA1D5F800E00B60DFF804C101223C4FA9
:1088C00004EA0C0C256866684A608F60CC600CF581
:1088D00080540C610CF500544C610CF540548C61D3
:1088E0000CF58044CC6100245A60C3F808A0DC6019
:1088F0004FF48054C3F83C901C614FF40054C3F80B
:1089000028E05C614FF44054C3E90B809C617046E1
:108910004FF48044C3E90D56DC611A6002B0BDE833
:10892000F047FFF729BFCDE9001304F055FF0246D9
:10893000DDE9001398B394F800C0E0884FEADC1C2E
:10894000D5F800E01B4D4FEA0C268CF0010746EAF3
:10895000004C4CEA05054FF0010CC2F804C0DFF8EA
:1089600060C0956008EA0C0CC2F80C800CF58055CC
:1089700015610CF5005555610CF540550CF5804C12
:108980009561C2F81CC00A601360C2F828E00A4A68
:1089900042EA072A90E7084604F026FF72E70846F5
:1089A000009304F021FF009804F01EFF6AE700BF67
:1089B000800208008000008080800080808100802C
:1089C00000F0FFFF2DE9F84F4FF0E0254FF4803A1B
:1089D00080468946D5F80C719B46C5F88CA1164691
:1089E00007EA0A0704F0F8FE00287FD006F1FF3AF4
:1089F00004465FEA9A3A04D114E0BAF1010A286009
:108A000010D0054604F0E8FE0028F6D1264624687A
:108A1000304604F0E9FEAE42F8D1002F5FD10020CD
:108A2000BDE8F88F00234FF0010EC0F83CB006639C
:108A3000C0F800E03049C0E90D33C0E90A892F4B86
:108A400098F8350043EA002A2346000209EA0102A9
:108A5000B6F5804F02F5805B02F5005C02F54055EB
:108A600002F5804222D840EA0646234A48F28005B1
:108A70004FF0010C09EA020221463543C3F804C055
:108A800002F5805602F540549D6002F5005502F54E
:108A90008042C3F80C9040461E615D619C61DA61C2
:108AA000FFF76AFEA7B90120BDE8F88FC3F804E01C
:108AB000A6F58046C3F808A0C3F80C9009F58049D4
:108AC000C3F810B0C3F814C09D61DA611B68BDE73C
:108AD0004FF0E0234FF48032C3F80C21E3E74FF06E
:108AE000E0234FF48032C3F80C2198E7002F96D092
:108AF000C5F80CA193E700BF00F0FFFF8000004025
:108B00002DE9F843DFF8EC90D9F800505DB14FF053
:108B10000008AB682E6A1A0602D413F07C0F04D149
:108B20003546002EF5D1BDE8F8836B6A002B5CD08A
:108B30001E62AF6A002E47D0736233462846996A98
:108B4000B942C5E908881A6A05D092B11346996AF4
:108B50001A6AB942F9D1596A41B30A6252B39E42C4
:108B60005162C3E9088803621846EFD116461346DE
:108B7000EDE703462C6A1A681B683B61C7F80C8056
:108B8000C7F818802CB12046246A04F02DFE002C72
:108B9000F9D13A6C1AB12846C5F82080904728468A
:108BA000354604F021FE002EB3D1BCE7C9F8002001
:108BB000002AD4D19E4208BF1646C3E908220C4AB7
:108BC000036211602C6AD6E72A682A680849C5E959
:108BD00008663A613A6CFE600B60BE61002ADAD129
:108BE0002846BDE8F84304F0FFBDC9F80060A0E7DF
:108BF000189500201C950020874B30B5D3F84441D0
:108C000083B06103C3F8444109D5844B1B6833B179
:108C10009A6812F0FC0F5CD01B6A002BF8D123037A
:108C200009D57F4B1B6833B19A6812F0FC0F66D0F0
:108C30001B6A002BF8D1A00700F18F8061070FD5C8
:108C4000754BD3F8845145F02A02C3F88421AA0752
:108C500069D42B0704D4734B1A78022A00F09F8042
:108C6000E20107D56F4B1A78012A00F0BF80032A72
:108C700000F0AE80A3012AD5DFF8C4E1DEF80020C1
:108C80002AB35369944600250EE019699D610429B1
:108C900000F2B680586919B110B104690C4404613E
:108CA000CCF814309C460346CCF81450002BECD181
:108CB000CEF800305C4D002411465269C868036844
:108CC0009B68AB42C1E9054455D1002AF4D103B0F9
:108CD00030BD120406D59A6A1846D26B12B10193C0
:108CE0009047019BD3E90851002941D00D621846F5
:108CF000002D38D0696204F077FD2B4688E7150413
:108D000006D59A6A1846D26B12B101939047019B1F
:108D1000D3E9085121B30D621846BDB1696204F070
:108D200063FD2B4680E715F001022AD03D4A1178F9
:108D300001298ED801203D4924F0807410704FF035
:108D40004042C3F88010C3F8842093E7384A11608A
:108D500004F04AFDA0077FF571AFFFF7D1FE6DE784
:108D60002F4A1560D8E7334A116004F03DFD56E7FD
:108D70002A4A1560BBE701929847019A002A9BD1C5
:108D8000A5E728492C4B0A700221019299632B4BCD
:108D9000186800F041FE294B019A1A6059E76807EC
:108DA0007FF568AF03251C4904F080701D7042F206
:108DB0001075C1F880504FF04045C1F88450D1F88B
:108DC0008411890501D51C494A6300283FF452AF3C
:108DD0000420114900221870D1F884011146C0F313
:108DE000816000F069FB154B186043E70A4A0221D5
:108DF0001970D2F8843143F48073C2F8843139E7B2
:108E0000CEF80030013904484FF04043C0F88810D4
:108E1000C0F88C304EE700BF00022E401C950020A9
:108E20002495002019A000202D010000A08601003B
:108E3000209500201895002000A00D406895002086
:108E4000A8930020036B012A2DE9F04F8C4C38BF0A
:108E500001221B7D89B004FB01F1022B4FEA114571
:108E600000F0A6800523012141EA5104A24240F20C
:108E7000EB80013B4FEA4101F6D120231C460393CE
:108E800090F83530A0F84440002B40F0D88005F130
:108E9000840102254FEA5119039A002A00F08480C8
:108EA0004FF0FF370023D2007649BA460093029272
:108EB000CDE906408C469846DDF80CE0CDE9041378
:108EC0009CF8030066469CF802B000214419CDF8D6
:108ED00004C016F8012B0BEB050C834623464A44CD
:108EE000F078944500EB050457D3A34238BF2346DE
:108EF000634538BF6346BB4202D2C2461F4600915B
:108F000001310429E5D1F044DDF804C0029BB8F139
:108F10001F0F9C44D4D9039ADDE9041301330831AF
:108F20009A42C7D1BB2FDDF800B0DDE906403BD83F
:108F3000BAF11F0F5646A0F84840A0F84CB080F890
:108F40004E9080F84F50A0F84AA016D84D4A029F84
:108F500002EB0B0101EBCA010C789A448A784C446D
:108F6000BAF11F0F2A440C708A70CC780A792C440D
:108F70002A44CC700A713944EED901221C23A0F88E
:108F8000466002FA0BF203FA0BF380F8362080F801
:108F90003730012009B0BDE8F08F934238BF134647
:108FA000A34238BF2346A6E7002009B0BDE8F08FF2
:108FB0000F2A4FF0010328BF0F22541E03FA04F4B6
:108FC000B4F5807F43DCE20800D013464FF0FF3E4B
:108FD000573500262B4FF446A0F844303346002185
:108FE000FA5C234402EB5512914238BF1146FF2B25
:108FF000F6D9714501D28E46B4460136A642EDD16E
:10900000BEF1BB0FD0D86D09BCF1FF0FA0F84840EE
:10901000A0F84AC080F84E5006D86346FA5C2A444D
:10902000FA542344FF2BF9D9012C14D0022C1DD063
:10903000042C20D80CF00302112393400CE0663579
:109040004FF002096D0927E70C46039118E720232A
:109050004FF48074BAE7FF234FEADC0C002280F85B
:109060003630A0F846C080F8372092E70CF00102B5
:1090700055239340F0E70CF0070201239340EBE700
:10908000AB2A010000940020B0F846C0BCF11F0FCD
:109090003DD8F0B5B0F844E040F002051C4C07E0C4
:1090A000BE452ED90260A551F444BCF11F0F20D853
:1090B00054F82C204FEA8C06D107F3D402F00601B5
:1090C00022F01F030229B3F84470E9D0BE4518D935
:1090D0001A468242E8D011681F2921F01F02F8D8F1
:1090E0001A68F4440260BCF11F0F40F002021A60DB
:1090F000DED9F0BD1B6823F01F03B3F8442072458E
:10910000E6D39842D0D01A68D207E1D4F2E770478C
:10911000006000202DE9F84306460F4615469946A3
:1091200004F04AFB00287BD0044604F055FB80463F
:10913000002872D06022002120460DF09FFC3C22C6
:10914000002108F104000DF099FC01234022032FB7
:10915000C8F80030C8F80820C4F8108084F83590AA
:109160006361266384F834705ED03DB17368002B70
:1091700065D01A469B6B002BFBD19463317D002F89
:109180003BD101294FF480408CBF00230123DA0634
:109190002B0243EA0133089943EA0143717D0B43F3
:1091A0000343134394F8372043F070436360B37D67
:1091B000F17D1B0443EAC15343EA022394F83620AD
:1091C000134343F08043A36037F0020318D1264BCA
:1091D000D3F85821CAB9616844F00202204641F42C
:1091E000004161602260C3F85841D3F8402142F049
:1091F0002002C3F84021BDE8F88300221046C7E7EB
:10920000032F1ED02046BDE8F883116844F0020306
:10921000204621601360BDE8F883204604F0D4FAAC
:1092200000242046BDE8F883DDE908122046FFF758
:1092300009FE90B14DB9317D2A462846A8E77460F1
:109240009CE72046FFF720FFDCE77368002B90D1F6
:109250001A46317D184674609AE7404604F0C4FA15
:10926000204604F0B1FADBE700022E40F8B590F892
:109270003430044613F0FD0F4DD1036823F01F0373
:10928000984200F0C6801A68194622F01F039C42DB
:10929000F9D163681D0400F1AD802368694A0B6051
:1092A000D2F8403143F04003C2F84031D2F84431A3
:1092B0009806FBD52023C2F84431634E3568E5B1EA
:1092C00028462D6A836AA342F9D1436A002B00F035
:1092D000B2801D62002D00F0AB806B6223691F2BF2
:1092E00003D804E01B681F2B01D98342FAD19842AE
:1092F000E5D004F079FA002DE2D125691F2D05D9BA
:1093000028462D6804F070FA1F2DF9D82046BDE8D4
:10931000F84004F059BA4D4800F1800550F8042F88
:10932000D1070CD422F01F02944203D158E08C42A2
:109330005BD00A46136823F01F01DB07F7D585428F
:10934000ECD1236B94F84E601B7DB4F848E0022BFF
:10935000B4F84A2053D01F2A1BD8B4F84C303C49EB
:1093600094F84FC00B4403EBC2031F7872449D78FE
:10937000D878BF1B1979A5EB0C05A0EB0C001F2AB0
:10938000A1EB0C011F709D70D870197103EBCE0317
:10939000EBD9304E3568002DAFD028462D6A836A50
:1093A000A34206D0002DA8D028462D6A836AA34286
:1093B000F8D1436A002B43D01D62002D3DD06B6273
:1093C00023691F2B03D804E01B681F2B01D983429C
:1093D000FAD19842E6D004F007FA002DE4D18CE7E8
:1093E00023688542036099D1ABE723688542136007
:1093F00094D1A6E74B6843F400434B604DE7FF2A46
:10940000C7D813498B5C9B1B8B547244FF2AF9D934
:10941000BFE70C4AD2F8403123F02003C2F84031B4
:10942000D2F8443113F40043FAD1C2F8583144E77A
:10943000094A136052E735604CE7084A1360BFE7FA
:109440003560BAE700022E401C950020FC5F00202A
:1094500000940020249500201895002020950020DD
:109460000B4B70B51E688EB10A4DF46814B90AE052
:10947000646844B12368DB68AB42F9D02046984762
:109480006468002CF6D1B668002EEED170BD00BF26
:109490006495002031010000064900220B68C0E9F4
:1094A00001222BB11A465B68002BFBD1506070473C
:1094B0000860704708950020F0B583B007460E4657
:1094C000154604F069F900283CD028220021044602
:1094D0000DF0D4FA002308202775A6751A46E57505
:1094E0001946009020460193FFF714FE206030B328
:1094F00004F082F92368154A206115491548DA639A
:109500000122186483F8352013480B680270A3B158
:109510001A469B68002BFBD1946000230F484FF440
:1095200000210F4A2376C2E900010E4A20460C4969
:10953000FFF7A0F9204603B0F0BD0C60EDE7204630
:1095400004F032F90024204603B0F0BDA9760100F2
:1095500064950020E574010034A00020800600011D
:10956000607E0020607600200000000010B5037EC1
:10957000092B00F29480DFE803F016223D404C6195
:10958000697073054F4B504993F805C000234FEAAB
:109590000C4C1A464B604CF4106CBDE81040C1F8FE
:1095A00000C0FFF767B99FED3F7B474A002346495C
:1095B00082ED007BBDE81040424AFFF75BB9DFF85F
:1095C0001CE1424B9EF80010D3F800C00131802905
:1095D00028BF0121BCF1000F53D0634602E09B6815
:1095E000002B4ED05A7D9142F9D10131802908BF1C
:1095F0000121F2E79FED2D7BD7E79FED2E7B324ACD
:109600000023314982ED007BBDE81040304AFFF76E
:1096100031B92C4AB0F822E02B4912F804CB2D4B7B
:1096200043EA0C43DFF8B8C04EEA0C0C0B60002391
:10963000C1F804C0BDE81040FFF71CB9214AB0F8DA
:1096400022E0214992F801C00432E8E71D4AB0F84F
:1096500022E01D4992F802C0F6E79FED187BA4E7CF
:10966000184A1D495388184C0B801B04DFF874C03E
:10967000214663600023C4F800C0BDE81040FFF736
:10968000F9B80B048EF800100F4943F4A0630B6087
:109690000023BDE810401A464B60FFF7EBB810BD41
:1096A000AFF3008080060001000008008006000182
:1096B00000001200800600030000FC078006000284
:1096C0000000090060760020607E00206495002084
:1096D00064760020800600030AA000203AA0002043
:1096E0000000FC0780060002836A186B90F82430A3
:1096F0000133DBB2182B80F8243003D9024B00224F
:109700001A707047FFF732BF34A0002070B50E69A1
:10971000002E3AD00546D36A002837D0315C01319B
:10972000C9B293B35A78032A2FD1C1F132027155CD
:109730001C78520001EB5400D2B23128C8BF144645
:10974000022C13D9302911D806F1020CA3F1020E14
:1097500004238C440131DAB21EF803000233C9B28B
:109760000CF8010F312918BF9442F3D8681C731804
:109770000022C0B2DA70022807D8C5F102023044D4
:10978000D2B2BDE870400DF079B970BD0146C8E7AE
:10979000424B2DE9F04F1C6885B00646002C79D06D
:1097A0004FF00009DFF8008101E06468A4B1A2680D
:1097B00031463B4B2046002AF7D1B8F80050D4F888
:1097C00000C0093D0095DCF80050A847002851D1A1
:1097D000A1466468002CEAD1324BB8F800B003F11E
:1097E00009059B44AB4503D822E04544AB451FD94E
:1097F0006B7895F80080042BF7D1B8F1090FF4D1FC
:10980000264B1C68002CF0D04FF00009ABEB050A8A
:10981000CDF80CB0A7682B4601223146204657B13F
:109820006468002CF6D1DDF80CB04544AB45DFD8B8
:1098300005B0BDE8F08FD4F800C0CDF800A0DCF88A
:1098400000B0D847636868B1B9F1000F0FD0C9F80C
:109850000430F368A1466360F460A6601C46002CE7
:10986000D8D1E0E7A1461C46002CD3D1DBE70B4A58
:109870001360EEE76368B9F1000F08D0C9F804304F
:109880000023C4E90136F46005B0BDE8F08F034A57
:109890001360F5E7DFF810809EE700BF0895002011
:1098A00069760020607600200AA00020C36B2BB1EF
:1098B0001A68544952688A421DD17047816A02462B
:1098C000096B00B5087E83B081F82430092810D8D0
:1098D000DFE800F01427354F5E6C87768105084677
:1098E0000191FFF755FF0A20474B002201991A709A
:1098F000087603B000BD01461846104708680123EA
:10990000DFF80CC142689CF807C06FF31A4242EAC4
:109910000C42426008460B7603B05DF804EBFFF79B
:1099200025BE3A4A02230868B2F802C081F815C081
:10993000426822F07F0242EA0C024260EAE7344BBE
:10994000988893F80FC09A7BA1F81900986842EAAA
:109950000C0293F806C0C1F81E00187C81F81BC0E9
:1099600098701043B3F80EC0A3F800C008D00323CA
:10997000D0E7274B1A79032A02D95A79032A36D01D
:10998000072308460B7603B05DF804EBFFF7EEBD46
:1099900000200191FFF7BAFE1D4B01995A78002A69
:1099A0002CD19B78002BEBD00623B3E7012001914B
:1099B000FFF7ACFE164B01999B78002BF4D1DFE743
:1099C000134A082313485288B2F5006F28BF4FF49A
:1099D000006202809EE70E4A0923B2F807208A83BC
:1099E00098E702200191FFF791FE0199C8E7D88816
:1099F0001A78488422B95A78002AD2D0052389E7F8
:109A0000042387E72901000034A00020607E0020A5
:109A1000607600200AA00020002835D0F8B5C46880
:109A200006466CB1194D0027236820461B699847EC
:109A300023462A68A76064682B605A60002CF3D123
:109A400074682CB12046A46BFFF710FC002CF9D1F0
:109A50003068FFF70BFC0E490B6893B1002201E060
:109A6000224673B11C469B68A642F9D152B193605D
:109A7000206908B103F0CAFE2046BDE8F84003F0B3
:109A800093BEF8BD0B60F3E7704700BF0895002058
:109A900064950020704700BF704700BF704700BF4B
:109AA000704700BFCB0800EBD10C11F0070102D1C9
:109AB000DAB1084607E0C05C0841C1F108019142F3
:109AC00009D20CF1010C1CF8013B8B4008318A4291
:109AD00040EA0300F7D88A4206D201239340013BB3
:109AE00003401F2A98BF184670471046704700BFB2
:109AF0002DE9F04F85B00E9C182C03D9013A18BF00
:109B000001221AB1002005B0BDE8F08F93F804C01F
:109B10000CF1FF3EBEF1010FF4D893F805E0BEF161
:109B2000030FEFD15C7A082C2746EBD99D7A212DC3
:109B3000E8D19D7B002DE5D0062615FB0E6EA645CF
:109B4000E0D109340E9EB442A046DBD805EB4506B1
:109B500003F10F0502E003329642D3D015F802E07C
:109B6000BEF1220FF7D11A44B0F83C47557C127C65
:109B700042EA05229442A0F8BC20C3D3CCEBCC022D
:109B80000E9D44464244AA42BCD8BCF1010F9946FE
:109B90000E4680461B5D7CD0072BB3D109EB070333
:109BA0009A7A052AAED11A7B032AABD1DC7A14F05B
:109BB0000F0C2746A6D01A7C072AA3D15A7C052A67
:109BC000A0D1D97C03299DD19A7C154612F00F02B1
:109BD00098D093F80EE0587B40EA0E2A187D93F84F
:109BE00015E040EA0E2B04F0F000DC7B80289B7D22
:109BF0000294039379D00F2F84D805F0F003802BC3
:109C000080D1039B30460391CDE900B30123FFF7D8
:109C100081FA029B3A46039901930023C8F80C008D
:109C20003046CDF800A0FFF775FA59465246A8F81D
:109C30002E203B4AA8F82C10C8F81000C263D8F8B0
:109C40000C303046374A3849DA630023C8E9053317
:109C5000C8E90733C8E9093399F80220B8F8BC30DD
:109C600088F83E2799F8062088F8302099F80720D0
:109C700088F8312099F8022042EA03424346C8E9B5
:109C80000D1208F5667208F13401FEF7F3FD0120AC
:109C900039E7072B7FF436AF09EB0700837A052BF2
:109CA0007FF430AF017B03297FF42CAFC37A13F02C
:109CB0000F023FF427AF03F0F003802B7FF422AFB5
:109CC00090F80EE0634690F80DC0C07B4CEA0E247D
:109CD000CDE900403046FFF71DFA0023A8F82C40DC
:109CE000C8F80C00C8F81030A9E70F2D3FF60AAFEE
:109CF0006246012330460194CDF800A00291FFF79F
:109D000009FA039B2A46029901930023C8F80C0024
:109D10003046CDF800B0FFF7FDF951465A4686E7C8
:109D2000F97B01005586010081060022406920B1BF
:109D30000368034A1B6A934200D17047184700BF6B
:109D4000A5620100F0B500F1100383B007460A4E8A
:109D5000002500F1280453F8040F20B10268D269ED
:109D6000B24204D11D60A342F5D103B0F0BD01930E
:109D7000B9689047019BF5E79D78010010B504464E
:109D80000321C03003F04AFD04F5F070052103F013
:109D90005DFD04F54870012103F072FD2046BDE829
:109DA0001040FFF779BB00BFD0F86823CB6A93421D
:109DB00014D0D0F86C23934218D0D0F8702393427B
:109DC00016D0D0F874239A4214D0406920B10368A9
:109DD000094A9B68934200D170471847012290F8C6
:109DE000783323EA020380F87833EEE70222F6E7BD
:109DF0000422F4E70822F2E7A1620100C36B1BB161
:109E000001461846FFF7D0BF704700BFC38D002B37
:109E10004DD070B50C46016982B0002944D0D0F80D
:109E20006813002945D090F879E390F878133EEA5A
:109E3000010C39D0B2F1FF3F14BF15461D464FF05B
:109E4000000C012313EA0E0F0CF101022CD0194271
:109E50003ED05FFA82FC5B00BCF1040FF2D1D0F877
:109E600068331E462A4601902146304607F018FA0C
:109E70001C4A019B96420FD926F01F017019BFF3AF
:109E80004F8F4FF0E022C2F8701F20318842FAD87D
:109E9000BFF34F8FBFF36F8F2A463146186902B068
:109EA000BDE87040FEF78EBD002002B070BD0020FE
:109EB0007047D0F838174FF0030EC91A80F879E3CD
:109EC000C0F86813C91AC0F86C13C0F83817ACE7AB
:109ED0000B430CF1DA0C80F8783350F82C301E4626
:109EE000C0E700BFFFFF1F2000B5DDE901CE11B3C1
:109EF000C0F8681301210B462AB10133DA31DBB215
:109F000040F821201946BCF1000F05D00133DA31A9
:109F1000DBB240F821C01946BEF1000F05D0013375
:109F200001F1DA0CD9B240F82CE001238B40013B5F
:109F300080F8793300BD0B46DEE700BF41EA02211D
:109F4000009A41EA0341019B42EA034C0346029A0C
:109F5000C0E90D1C00F134018068FEF78BBC00BF26
:109F6000064A0021136841602BB11A465B68002B3A
:109F7000FBD1506070471060704700BF989600207A
:109F8000F8B50D4B1C687CB105460F4601E06468CE
:109F900054B120683B46AA68294606682046B04767
:109FA0000028F4D0022801D02046F8BD0123204625
:109FB00085F87A33F8BD00BF989600202DE9F0436C
:109FC00000F56672B0F8BC40002583B01444074623
:109FD00080F8BE50A24229D22E462946A8464FF00C
:109FE00001091378FE2B37D003F0030002283DD07F
:109FF000032837D0012832D001320020A24213D8E2
:10A0000003F0FC03842B41D01ED9B02B3AD031D8B9
:10A01000902B37D0A02B05D10EB9052D39D901369B
:10A020000021F6B29442DCD8052D3FD8C5F10602D6
:10A03000681D0021D2B2C0B2920007EB800003B0CD
:10A04000BDE8F0430CF01ABD082B1DD0802B19D0B1
:10A05000042B08BF8046E5E702F20112E2E75078E0
:10A060000232CBE7D2F801000532C7E7B2F80100AF
:10A070000332C3E7C02BD5D1002E18BF013E00210B
:10A08000F6B2CFE70021CDE781B2CBE787F8BE90EB
:10A09000C8E741EA084138460192FFF771FF6B1C9F
:10A0A00007EB8505019A6861DDB2B8E703B0BDE84A
:10A0B000F08300BF034640690A4610B582B028B15C
:10A0C0000468DFF8D4C0E46864454ED12F49506B72
:10A0D000884201D002B010BDB3F8BC10126B8A42A6
:10A0E000F8D118460093FFF769FF009BD3F8581387
:10A0F0009A8D002941D0D8680093FEF763FC009B3D
:10A10000D3F85C1321B19A8DD868FEF75BFC009BF5
:10A11000D3F8601329B19A8DD8680093FEF752FCEA
:10A12000009BD3F8641329B19A8DD8680093FEF789
:10A1300049FC009B986840F24C52C18B9142C9D1B6
:10A14000028CB2F51A7F03D040F22F418A42C1D16E
:10A150000F494FF48022C3E90D120E4A03F1340176
:10A1600002B0BDE81040FEF785BBCDE90031A04745
:10A17000DDE900320028ADD1A8E7D3F83817891AF5
:10A18000881AC3E9D610C3F83807B4E7810600225D
:10A190002109F4037C4E0020556101002DE9F04FA8
:10A1A000B0F8BC3000F56675A7B08146EC180D918B
:10A1B0001AA80A92002130220CF060FCA54250D26D
:10A1C0000026CDF82C903746B246B346B0460896E6
:10A1D00004960F960796099603960C960E96CDE96F
:10A1E00005662B78FE2B00F0588103F0030102294D
:10A1F00000F06181032900F05A81012900F05481A7
:10A2000001350022A5422CD803F0FC03A02B00F25C
:10A210005681732B70D8043BD8B224281FD8242B26
:10A220001DD8DFE803F0641C1C1C531C1C1C1C1CE8
:10A230001C1C1C1C1C1C491C1C1C3A1C1C1C1C1C13
:10A240001C1C1C1C1C1C301C1C1C2100002E00F0A3
:10A2500052810136F6B200231F469A461A93A54250
:10A26000BFD327B0BDE8F08FBAF1FF0F00F06B81CC
:10A270000223A5424FF000074FF0FF0AADF86A2015
:10A280000393AED3EDE7012900F08581022900F0A8
:10A290008881A5420892A4D3E3E7BAF1FF0F00F04A
:10A2A00065810123A5424FF000074FF0FF0AADF88A
:10A2B0006820039395D3D4E7012900F06681022931
:10A2C00000F07281A54204928BD3CAE7BAF1170F4E
:10A2D000C5D81F2AC3D90DEB4A03A5420AF1010ACA
:10A2E000A3F868205FFA8AFAFFF47BAFB9E7A542CA
:10A2F0000792FFF476AFB4E7743B2C2BAFD801A1E3
:10A3000051F823F07F8201005B8001005B80010037
:10A310005B8001005B8001005B8001005B800100CD
:10A320005B8001005B8001005B8001005B800100BD
:10A330005B800100C18101005B8001005B80010046
:10A340005B800100B58101005B8001005B80010042
:10A350005B8001005B8001005B8001005B8001008D
:10A360005B8001005B8001005B8001005B8001007D
:10A370005B800100538001005B8001005B80010075
:10A380005B8001008B8201005B8001005B8001002B
:10A390005B8001005B8001005B8001005B8001004D
:10A3A0005B8001005B8001005B8001005B8001003D
:10A3B0005B80010049800100D3B2A5420993FFF4FC
:10A3C00010AF4EE70B9B93F8BE30002B40F0A780F8
:10A3D000B8F1000F00F0AE80D30700F1AB80D8F8E1
:10A3E0000030D3F81090AF4B994540F0C18112F086
:10A3F000020940F02B81002F00F0D980069B012B31
:10A4000040F0D580059B002B3FF425AFBDF86A20B6
:10A4100003EB0B0A0799CDF84090BDF868901394B0
:10A4200014964C461646DFF88492CDE911750F0458
:10A4300016E0651C012259460A983C43FFF732FB9F
:10A44000049AD8F80030002A5B69C0F2E0804B45DE
:10A4500040F0EC800BF1010BDA4500F0EC802C466B
:10A46000B442E6D3DDE910329A4240F2DD805A1C54
:10A47000D3B20DEB83021093B2F86850B2F86A6061
:10A48000D8E793B2A5420693FFF4ABAEE9E693B2E8
:10A49000A5420593FFF4A5AEE3E66B7803331D44B4
:10A4A000A542FFF49EAEDCE66A780235AAE6D5F84E
:10A4B00001200535A6E6B5F801200335A2E6B02B4C
:10A4C0003FF4C9AEC02B7FF4CAAE002E3FF4C3AE3A
:10A4D000013E16F0FF067FF4BEAEB8F1000F3FF468
:10A4E000BAAED8F80030704A9B69934240F03D8183
:10A4F0000026B046AFE6BDF86830079A43EA02434B
:10A500000E930C9B052B3CD80B9A013602EB830271
:10A510000133F6B2DBB2D2F814800C939BE69DF8BF
:10A520003430099999423FF453AF00231F469A46AD
:10A530001A9394E6DDE9053202FB03BB00231F46B4
:10A540009A461A938BE6039B43F002010DEB8703B7
:10A5500003290391A3F86A207FF481AE0137002319
:10A56000A542FFB20393FFF43CAE7AE6039B43F0AF
:10A5700001010DEB870303290391A3F86820EDD0B7
:10A580006DE6B0460136F6B265E653B2A5420493D5
:10A59000FFF427AE65E653B2A5420893FFF421AE5F
:10A5A0005FE613B208935AE613B2049357E6059B8D
:10A5B000002B3FF450AE5F4610951194DFF8ECA0ED
:10A5C000059D069CCDE9126B049EDDF828B000E0E5
:10A5D0009946224639465846FFF764FAB04207DBEF
:10A5E000089B984204DCD8F800305B69534526D1BB
:10A5F00009F1010327449D42EAD1069ADDE9126B75
:10A60000DDE9105402EB0B0309FB023B23E610F0DB
:10A61000010F0CBF02464FF0FF324B453FF41AAF1B
:10A6200021464046984715E7254603E7024621465E
:10A63000404698470EE7DDE91254149E0BE6079A50
:10A6400040EA0241012240469847D1E7BAF1180F8B
:10A6500040F297800123BDF86890BDF86AE010933E
:10A66000059B002B3FF4F7AD069B4FF0000A0F4906
:10A6700003F1FF3C079A0F910121CDF864B001FA74
:10A680000CF1CDF84CA01497CDF844E0CDF848C0BB
:10A69000CDE91515CDE917461D465C464FEA024B3C
:10A6A00022E000BF917801009978010095780100BF
:10A6B000119B994537D24E4609F101092A46214698
:10A6C0000A984BEA0607FFF7EDF9049AD8F800302C
:10A6D000002A5B6917DB0F9A934234D10AF1010A11
:10A6E000059B2C44534535D9109B002BE0D10DEB35
:10A6F000490309F10109B9F1170FB3F8686028BFE0
:10A700004FF01709DAE7129A1E2AE4D8159A024286
:10A710004FF0010202FA05F2C2F1000242EA000221
:10A7200018BF1046D7E7DDE913329A4210D95A1CF8
:10A730004E46D3B20DEB83021393B2F86A30B2F8EF
:10A7400068901193BAE70246394640469847C5E7F4
:10A750004E46B3E7DDF864B00F96189EDDE9052399
:10A76000DDE9165402FB03BB75E540469847BFE69A
:10A77000089B4046109200930E99049BC847109A7C
:10A7800035E6059B012B8CBF01230023BAF1010F95
:10A7900088BF0023109353B1BAF1010F0CD00F9B67
:10A7A0004FF6FF7E03F47F4909F580795CE74FF6A9
:10A7B000FF7EDDF8409053E7BDF868904FF6FF7ECE
:10A7C00052E700BF30B50446406983B0D1E90B536E
:10A7D00028B10268DFF87CC05268624532D194F833
:10A7E000BE20F2B1012B23D8194B9D4210D9A28D66
:10A7F00025F01F032A44BFF34F8F4FF0E021C1F82B
:10A80000703F20339A42FAD8BFF34F8FBFF36F8F58
:10A810002346A28D2946E06803B0BDE83040FEF72C
:10A82000D1B82A464FF480712046FFF7B7FCDBE72A
:10A830002A46013B204612F8011B41F48071FFF7C4
:10A84000ADFCD1E701939047019B0028CCD1C6E72E
:10A85000FFFF1F209D620100C36B1BB1014618461C
:10A86000FFF7B0BF704700BF704700BF4FEA114C01
:10A870008BB2BCF1090F30B516D1ABB1202B18D873
:10A88000013B4FF0010C416C0CFA03F303EA010E9B
:10A89000002A40F08380BEF1000F04D021EA0301BA
:10A8A00080F841C0416430BDBCF1010FA3F1300E0E
:10A8B00045D0B0F860E1E645F5D1B0F862C19C45FD
:10A8C000F1D8B0F864E1E6449E45ECD9CCF10A0C2D
:10A8D0008C441FFA8CF33F2BE5D800EB83044FF038
:10A8E000010EA3F12001C3F1200CA56C0EFA03F3B5
:10A8F0000EFA01F12EFA0CFC954241EA0C0117D038
:10A90000A264D0F85441D0F8502141EA040CD0F8A8
:10A9100058411A43C0F854C1C0F850212240D0F821
:10A920005C410CEA040C52EA0C0218BF80F841E0CA
:10A93000D0E9524223430A43C0E9523230BDBEF14E
:10A94000090FB6D80121D0F8484100EB830301FA82
:10A950000EFE44EA0E0CD0F84C41C0F848C144EA5F
:10A96000EE7CC0F84CC153F8784C94429BD043F82D
:10A97000782CD0F85841D0E954324EEA030342EA29
:10A98000EE72C0F850312340D0F85C41C0F8542139
:10A990002240134387D080F8411030BDBEF1000F34
:10A9A00081D10B4380F841C0436430BDA0F10C005D
:10A9B000FFF75CBF90F8413013B1012380F84230BB
:10A9C000704700BF01207047704700BF704700BF4D
:10A9D00000220023C0E95223C0E95423704700BF7E
:10A9E0000368DFF810C0DB69634501D1FFF73EBFA4
:10A9F000184700BF6986010000234362436380F863
:10AA00006C3180F82030704770B50D4682B0064634
:10AA100011492B6B11480193EB6A0093D5E90D2383
:10AA200005F0FCFBEC6A74B12B8E63B1102B94BF64
:10AA3000E51804F1100514F8012B0949074805F041
:10AA4000EDFBAC42F7D10749044805F0E7FB0020D5
:10AA500086F8240502B070BD702D0020204D002026
:10AA60009C2D00205C270020A0F10C00FFF7CCBF3C
:10AA70000000000090F87431013BDBB280F87431C3
:10AA80003BB9436103639FED037B80ED527B80ED17
:10AA9000547B7047000000000000000070B50D46B8
:10AAA00082B011461E46044602462B461148CDE9A7
:10AAB0000016114905F0B2FB606910B1002002B028
:10AAC00070BDA36A0BB1AB42F9D10C4BF318012B4B
:10AAD00002D90B4B9E42F1D10A49064805F09EFB74
:10AAE000AA68236820469B6CC4E909259847012081
:10AAF00002B070BD204D0020A42D0020FCFFFEFF01
:10AB000008000100F02D0020A0F11800FFF7C6BFDB
:10AB1000D0F800C000B5DCF818E0DFF810C0E6455A
:10AB200000D100BDF4465DF804EB60476586010086
:10AB3000704700BF012070470023C360C36180F8E5
:10AB400054310372704700BF02680649526A8A4254
:10AB500007D190F841201AB1012280F842207047B5
:10AB600070471047B187010090F8353013B10123C9
:10AB700080F83630704700BF0000000090F8683160
:10AB8000013BDBB280F868313BB9836043629FEDE3
:10AB9000037B80ED4F7B80ED517B70470000000010
:10ABA0000000000003680D4A9B6A934210D190F8A0
:10ABB0007431013BDBB280F8743143B94361036304
:10ABC0009FED047B80ED527B80ED547B7047704796
:10ABD000184700BF0000000000000000718801005D
:10ABE00050F8182C034607491838526A8A4207D190
:10ABF00093F829201AB1012283F82A207047704760
:10AC0000104700BFB18701000000000050F8183C59
:10AC10000E4A9B6A934211D190F85C31013BDBB242
:10AC200080F85C314BB940F8043C83619FED057BB3
:10AC300080ED4C7B80ED4E7B70477047183818478D
:10AC4000AFF30080000000000000000071880100E8
:10AC500050F8183C1838DB69184700BFA0F1180CF1
:10AC600050F8180C00B5D0F818E00448864504D018
:10AC70006046F4465DF804EB604700BD6586010060
:10AC8000002B18BF002801D012B109B9002070476D
:10AC9000FDF798BE2DE9F04F0F46416985B019B117
:10ACA000002005B0BDE8F08F81680029F8D1013A95
:10ACB00018BF0122002AF3D1F98B3C8CDFF8C8C100
:10ACC00004E001320CF1060C0F2AE9D0BCF800E0D8
:10ACD0008E45F6D1BCF802E0A645F2D16A4902EBF6
:10ACE000420201EB420251790029D9D111790E9A21
:10ACF0008946162AD4D9B1FA81F252090029CFD057
:10AD000019790129CCD95979FF29C9D180F895241D
:10AD1000C0F896249A7A222A00F0818009214FF007
:10AD2000000B4FF0000A4FF000080E9A8A42B7D984
:10AD30005A5C03EB010C072A4DD0114490F895247E
:10AD4000B8F1000FF1D0B2FA82F67609002AECD001
:10AD5000CDF804A00446B0F8963402F00F020321A7
:10AD6000384600930123FEF7D5F9C4F89C04002867
:10AD700096D0CDF804B04246B4F898343846032152
:10AD800000933346FEF7C6F9C4F8A004002887D024
:10AD9000D4F89C0404F2A4413C4BB4F89624C36359
:10ADA0002346FDF70FFE3A4BD4F8A004B9F1030F88
:10ADB000C36345D0B9F1040F4ED0B9F1070F56D097
:10ADC0004FF48072002104F148000BF057FE01207F
:10ADD00084F82C9065E79CF801E0BEF1050FACD13A
:10ADE0009CF803E0BEF1030FA7D10D1D5C5D402C64
:10ADF000A646A2D89CF80540002C9ED19CF9026082
:10AE00008A1D9CF80240002E03940EDBA0F898E403
:10AE10009A5CDDF80C8093469CF800208DE75A7A06
:10AE2000142A7FF43DAF1D2179E780F8954413F88B
:10AE300005E0A0F896E49A5C92469CF800207CE736
:10AE400040F201422346134900920522FFF718FF02
:10AE5000012384F86C31B3E740F204430C220E491D
:10AE600000932346FFF70CFF84F86C61A8E740F2DB
:10AE700007422346094900920222FFF701FF0123FE
:10AE800084F86C319CE700BF1C4E002001A3010038
:10AE9000C9870100004E0020084E0020FC4D002014
:10AEA00010B50446032100F5C07002F0B7FC04F5AC
:10AEB0002870072102F0CAFC012104F58C6002F021
:10AEC000DFFC2046FEF7E8FA04F10C00FFF748F833
:10AED00004F11800BDE81040FDF744BA30B5046B2A
:10AEE00097B054B301901E2200210DF10A000BF01F
:10AEF000C5FD019B4FF605724FF0000C93F86611EB
:10AF00002046ADF8082061F3070C93F8672102A9E9
:10AF100062F30F2C93F8692162F3174C93F86A21BE
:10AF200093F86B3162F31F6C20228DF81030CDF84E
:10AF30000CC0FEF76BFF17B030BD426B154612B95F
:10AF4000104617B030BD214601904C220DF10B0088
:10AF50000BF094FD41F25212019B2846ADF80820F7
:10AF6000802293F86AC102A98DF80A20FF228DF889
:10AF70000C2093F8662162F3070493F8672162F3CB
:10AF80000F2493F8692162F3174493F86B2140234F
:10AF90006CF31F648DF813204F22CDF80F40FDF79E
:10AFA00019FA012017B030BD2DE9F041066B84B0CD
:10AFB0008446002E44D000F2E447444D3C46AE4661
:10AFC00010341035BEE80F0044F8043C404B44F800
:10AFD000100C9E4544F80C1C44F8082CEFD19CF84A
:10AFE00066310BBB1A468CF8E6348CF8E5249CF8E5
:10AFF00067211AB39CF868318CF8E73400249CF878
:10B000006B3121218CF8E82430225B0002970192F9
:10B0100009228CF8ED3440F2012330460094FEF70B
:10B020008DFF04B0BDE8F0819CF868218CF8E6340F
:10B030008CF8E5249CF86721002ADBD11346DBE776
:10B04000446BCCB3214F4FF4A97300F2E44800F2F3
:10B05000E64607F1300EA0F8E4343D4610361037CE
:10B060000FCD754546F8100C46F80C1C46F8082C18
:10B0700046F8043CF1D19CF866310BBB1A468CF8BB
:10B08000E7249CF867218CF8E834E2B19CF8683139
:10B090008CF8E93420469CF86B3141468CF8EA2460
:10B0A00032225B008CF8EF344FF0FF33FDF792F95A
:10B0B000012004B0BDE8F081204604B0BDE8F08175
:10B0C0009CF86821DBE71346E2E700BFA8090020EF
:10B0D000D80900200146006B08B598B1B1F8693174
:10B0E000022291F86BC1A1F8E63491F8663101F2C1
:10B0F000E4410A70072281F804C08B71BDE8084062
:10B10000FEF784BE486B00B908BD40F2A222B1F838
:10B11000693191F86BC1A1F8E42491F8662101F23C
:10B12000E441A1F803306FF00103CA71322281F8C3
:10B1300005C0FDF74FF9012008BD00BF70B590F8BC
:10B14000694182B08C4212D0044690F82C000D4622
:10B1500084F86B31431E84F8691184F86A21062B48
:10B160000DD8DFE803F0353B0C41580C0F0090F888
:10B170006A419442E8D190F86B419C42E4D10020AE
:10B1800002B070BD636B002B4BD03222002104F261
:10B19000E44001930BF072FC3E4A84F8F0544FF403
:10B1A000D175137804F2E441019884F8E634013350
:10B1B000A4F8E45403F00F03137030226FF001037E
:10B1C00084F8EF243222FDF705F9012002B070BDAA
:10B1D000204602B0BDE87040FFF7E6BE204602B050
:10B1E000BDE87040FFF77ABE00234FF400624031A3
:10B1F000D4F8A004A4F8E524C4F8E83484F8E714EB
:10B20000C4F8EC340028E0D023460C2204F2E441D8
:10B21000FDF7D8FBD9E7204602B0BDE87040FFF744
:10B2200059BF1D4A4FF0010CC4F8E634C4F8EE349F
:10B23000C4F8EA34C4F8F234A4F8F6341378206B76
:10B2400084F8E534634484F8EF1404F2E4411370A5
:10B25000402344F2010284F8E4C484F8E9340F4B3B
:10B26000A4F8E724C4F8EB3418B11422FEF7CEFD9D
:10B2700085E7D4F8A004002881D023461422FDF7E6
:10B28000A1FB00287FF47BAF0549064804F0C6FF08
:10B2900075E700BF24A0002022A00020014040301C
:10B2A000182E0020204D0020F8B5164690F82C20CE
:10B2B00080F868310446531E0D4680F8661180F808
:10B2C0006761062B00F29980DFE803F04145497B76
:10B2D00093970400436B1F46002B00F0AD80322291
:10B2E00000F2E447002100F2E4400BF0C7FB41F21A
:10B2F000A203A4F8E4348A4B1A78102A00F2CE8014
:10B30000511C01F00F011970334684F8E6242A46D7
:10B310008449854804F082FF55EA06030BD0002ECD
:10B3200040F0D180002D00F0CF80804A804BC4F8DF
:10B33000E724C4F8EB344FF000006FF00103322231
:10B340003946A4F8EF04606BFDF744F837E0BDE838
:10B35000F840FFF729BEBDE8F840FFF7BFBD406BDE
:10B3600000284CD040F2A2334FF06401714AA4F897
:10B37000E4340F2384F8E63440F2FF1315FB013563
:10B3800016FB0131FF2384F8EB3482FB05632B4469
:10B3900082FB01520A445B120021521284F8E73406
:10B3A00084F8E9346FF0010384F8E82484F8EA248F
:10B3B0000A22A4F8EC1404F2E441FDF70BF8012092
:10B3C000F8BD00235C49002265F30F23C0F8E414A4
:10B3D000D0F8A00466F31743C4F8EC24C4F8E834AA
:10B3E0000028ECD023460C2204F2E441FDF7EAFAEF
:10B3F000E5E7BDE8F840FFF76DBE0020F8BD034665
:10B400004E4A84F8F00461F30703C4F8E424D4F846
:10B41000A0044FF4706266F30F23C4F8E82443F4E9
:10B420007F03C4F8EC340028C9D023460D2204F26F
:10B43000E441FDF7C7FAC2E70A46334640493A48B5
:10B4400004F0ECFE1022364B04F2E44184F8E424CC
:10B450001A78C4F8E674102AC4F8EA74C4F8EE74D2
:10B46000C4F8F2741DD8501C00F00F00187055EA93
:10B47000060384F8E5240BD076BB75B3314846F259
:10B4800088026123C4F8E704A4F8EB2484F8ED34BF
:10B49000206B48B11222FEF7B9FC90E7012100228F
:10B4A00031E73A460120E1E7D4F8A004002886D02D
:10B4B00023460C22FDF786FA002880D122491A483B
:10B4C00004F0ACFE7BE7BDB99EB1194A174BC4F836
:10B4D000E724C4F8EB342EE7CDB9B6B1134844F2F3
:10B4E00001024023C4F8E604A4F8EB2484F8ED3408
:10B4F000CEE7002D3FF41FAF002E3FF41CAF0B4BE7
:10B50000C4F8E734C4F8EB3415E7002DC0D0002EA2
:10B51000BED0064BC4F8E634C4F8EA34B8E700BF3E
:10B5200024A00020302E0020204D002028886061BB
:10B53000000140400308208000010FC009000009FD
:10B540004C2E002001404028182E0020002100220F
:10B55000002380F8421080F84110C0E95423C0E96C
:10B560005223704738B50C4605461322234920461E
:10B570000BF0C8FA20B9022385F82C30012038BD21
:10B580000F221F4920460BF0BDFA20B901230120EC
:10B5900085F82C3038BD15221A4920460BF0B2FA36
:10B5A0000028F3D01122184920460BF0ABFA18B945
:10B5B000052385F82C30E1E70D22144920460BF0D5
:10B5C000A1FAB0B10D22124920460BF09BFA60B1EE
:10B5D0000B22104920460BF095FA30B10B220E4990
:10B5E00020460BF08FFA0028C8D1072385F82C30AD
:10B5F000C4E7032385F82C30C0E700BF6C2E002081
:10B60000802E0020902E0020A82E0020BC2E00208E
:10B61000CC2E0020DC2E0020E82E0020F0B50446C1
:10B6200083B00D46214822491F46164604F0F6FD18
:10B63000A36A23B1AB4202D0002003B0F0BD606921
:10B640000028F9D106F47063B3F5A06FF5D106F0C8
:10B650003C0397B1394620460193FFF783FF019BD6
:10B66000082B0CD194F82C30013B062B19D8DFE8BD
:10B6700003F0080B0B1808180B00082B04D001204E
:10B68000DBE7042384F820300A49084804F0C6FDAB
:10B69000A86801216063C4E90905FCF7E9FE0220FE
:10B6A000CBE7089B012BEAD1EEE700BF204D00203D
:10B6B000F42E0020282F0020A0F11800FFF7AEBFC5
:10B6C00010B50446FFF74EFF94F82C30022B0AD039
:10B6D00003F0FB03012B01D0012010BD0423012046
:10B6E00084F8203010BD0123012084F8203010BDE3
:10B6F00010B504461838FFF735FF237D022B07D01D
:10B7000003F0FB03012B01D104232372012010BDA0
:10B7100001230120237210BD2DE9F04100F2E4471E
:10B720000446884682B016460021322238461D461D
:10B730000BF0A4F94023294A84F8EF8484F8E93413
:10B7400084F8EA3484F8ED3484F8EE34137884F81D
:10B75000E634013303F00F031370002384F8E73459
:10B7600084F8EB34012384F8E83484F8EC344FF4A3
:10B77000D173A4F8E4344DB1334604F2EF427019AA
:10B7800013F8011B834202F8011FF9D1606BB0B1BD
:10B79000089B63B96FF0010332223946FCF71AFEA9
:10B7A00005F024FAC4F8700102B0BDE8F081A06A87
:10B7B000194600F56A70FCF73BFF606BEAE7334619
:10B7C000424607490095074804F028FD05F00EFAA7
:10B7D000C4F8700102B0BDE8F08100BF24A00020D1
:10B7E000582F0020204D002090F82C300022013BE3
:10B7F00030B5044685B080F86D21062B14D8DFE8FB
:10B8000003F0042D1313251315001C4A00230120F7
:10B810000292ADF80C3005F093F94FF0FF33062299
:10B8200002A9606BFCF7D6FD05B030BD14490123B9
:10B8300002AA00914FF000010D468DF80810022178
:10B84000FFF76AFF84F86D5105B030BD0023FF2279
:10B85000194605B0BDE83040FFF770BC40F2432305
:10B860000120ADF8083005F06BF94FF0FF330222EC
:10B8700002A9606BFCF7AEFD05B030BD53F4420386
:10B8800090D00300A0F11800FFF7AEBF10B5036B16
:10B89000802480F8E51480F8E44480F86E119BB1B0
:10B8A000044652B9022204F2E4411846FEF7AEFA09
:10B8B00005F09CF9C4F8700110BD03F55F701146E6
:10B8C000FCF7B6FE236BEDE7D0F8A044002CF3D0D4
:10B8D000034600F2E44112222046BDE81040FDF785
:10B8E00071B800BFDFF824C19C44BCF1010F30B532
:10B8F000964685B005D9404A934202D0002005B053
:10B9000030BD43690BB17345F8D18268002AF5D187
:10B9100090F874C104464FF0010501630CF1010C6D
:10B92000C0F814E04023084604F2E4410392CDE954
:10B93000002284F874C184F84150FEF7D5FA636997
:10B9400084F86C51039AD88BB3F820C02B4B03E0DA
:10B95000013206330F2A16D019888142F8D159884E
:10B960006145F5D102EB4202244B03EB42031A7905
:10B97000531E84F82C20062B08D8DFE803F01D3373
:10B9800007071D072700002384F82C304FF0090C0F
:10B990002121052040F2FF320023A4F86211A4F80F
:10B9A00064011749A4F860C11648C4E9562304F09D
:10B9B00035FC012005B030BD4FF0010C4FF4807113
:10B9C00027204FF0FF324FF0FF33E6E70E4A022107
:10B9D0002046FFF75BFF0122002384F8382084F81B
:10B9E0006D31D3E74FF47F4C212136206FF4406254
:10B9F0004FF0FF33D1E700BF080001001C4E0020CC
:10BA0000F02D0020204D002090D00300FCFFFEFF11
:10BA1000A0F10C00FFF766BF2DE9F04182B00546AA
:10BA20000F46144600211E2200F2E6400193089EB4
:10BA30000BF024F801210022019B61F3070285F835
:10BA4000E414402161F30F2285F8E91461F31742F1
:10BA5000264967F31F62C5F8EB2444F20102A5F8FA
:10BA6000E7240A78013202F00F020A7085F8E52413
:10BA70005BB1013B621E05F2EE4114FA83F312F84A
:10BA8000010F9A4201F8010FF9D1286B78B12022F9
:10BA900005F2E441FEF7BAF9DEB905F0A7F8C5F8FA
:10BAA0007001642002B0BDE8F04105F049B8D5F856
:10BAB000A00428B12B4605F2E4412022FCF782FFC6
:10BAC00005F094F8C5F87001002EEAD002B0BDE888
:10BAD000F081286B314600F55F70FCF7A9FD05F099
:10BAE00085F8C5F8700102B0BDE8F08124A00020FF
:10BAF0008B7B102B00D07047F0B5CB7B89B0202B0F
:10BB000000F0A180802B00F089803D2B40F08B80DD
:10BB10000B7C602B40F085804B7D91F816E01A027B
:10BB2000087D4FEA131CCC7D02F470630A7E4CEA58
:10BB30000E1C4FEA022E0343C87E12090EF4706EEB
:10BB400044EA0E044FEA002E0009E61A0EF4706E65
:10BB50004B7E02968E7E42EA031591F8242046EA37
:10BB60000E0EA5EB0C0791F81EC004EB0E0691F823
:10BB7000213001944FEA1C1403964FF0000E0E7F03
:10BB8000049440EA06104FEA0C264FEA022C28449F
:10BB9000120906F470641E0207920CF4706206F437
:10BBA000706691F81DC00692724605964CEA040C28
:10BBB000029E67F30F02049C1B0960F31F4266F3A9
:10BBC0000F0EC87F039E66F31F4E44EA001691F8DD
:10BBD0002000059C2043069CACEB000791F8220056
:10BBE00043EA001391F8230091F8251004430798C5
:10BBF000F31A40EA01100CEB040102913044304981
:10BC0000019CCD818C81A1F800C04E808F800B817A
:10BC10004881C1E904E2029ACA8002E00B7C602BF1
:10BC20003FD009B0F0BD862B01D0982BF9D10B7C09
:10BC3000602BF6D10B7ECA7D1B02214903F4706391
:10BC400013430B83EDE70B7C602BEAD14FF0000C24
:10BC50001C4862468B181432D2B293F815E08A5C05
:10BC600042EA0E2220F8022B93F81BE09A7E42EA69
:10BC70000E22828093F821E093F8202042EA0E22DF
:10BC80000CF1020E428193F8272093F8263043EA04
:10BC9000022362465FFA8EFC0382BCF1060FD9D103
:10BCA000BFE701F11403074817311A7813F801CFE1
:10BCB00042EA0C22994220F8022BF6D1B1E700BFEC
:10BCC000687E0020D47E002010B5044686B041B3C3
:10BCD0000B78812B04D0212B02D0002006B010BDA0
:10BCE000206B039100F55F70FCF710FD03990B7852
:10BCF000812B23D194F83830002B40D094F86E215A
:10BD000094F86D31812A04D094F86F21002A00F054
:10BD1000928001330022DBB284F86F2184F86D3108
:10BD20001BE023B390F838304BB390F86D3180F8B6
:10BD30006F110133DBB280F86D310EE02046FFF762
:10BD4000D7FE94F83830D3B194F86D310022013326
:10BD500084F86F21DBB284F86D310A2B0FD8DFE84D
:10BD600003F0645E5852413309261809110090F817
:10BD70006D31F2E7324A04212046FFF787FD0120AA
:10BD800006B010BD6322002384F86D2184F838309A
:10BD9000F5E7DFF8ACC03021012304AA8DF81010BC
:10BDA00020460321CDF800C0FFF736FEE7E7DFF8B5
:10BDB00090C0012304AA48212046CDF800C08DF888
:10BDC0001030FFF729FEDAE706201D49012304AAF7
:10BDD00084F86D012046009140218DF81030FFF766
:10BDE0001BFECCE7DFF858C046F23D011922049152
:10BDF00005238DF81420204604AA1021CDF800C098
:10BE0000FFF70AFEBBE7DFF838C04FF4C141062256
:10BE1000EDE7DFF82CC046F220011822E7E7084AD8
:10BE200002212046FFF732FDA9E7054A03212046FB
:10BE3000FFF72CFDA3E7012284F86F218DE700BFF7
:10BE400090D00300036B6BB110B5044603F55F702F
:10BE5000FCF75CFC0022204601231146BDE810409F
:10BE6000FFF732BF704700BF436A8BB100B583B0A4
:10BE7000019003F55F70FCF749FC01990022012352
:10BE8000A1F10C00114603B05DF804EBFFF71CBFF5
:10BE9000704700BF10B5044686B0002936D00B7835
:10BEA000212B02D0002006B010BD806A039100F55E
:10BEB0006A70FCF72BFC03992046FFF719FE94F8F3
:10BEC0003A3003B394F86D310133DBB284F86D314D
:10BED000013B0A2B17D8DFE803F02F063D42474D00
:10BEE00053606D742200DFF8F8C046F2860112221A
:10BEF000049105238DF81420204604AA1021CDF8C2
:10BF000000C0FFF709FC012006B010BD23B190F876
:10BF10003A30002BD6D1F6E790F86D31D8E7FF2301
:10BF200020461A461946FFF7BFF90022FF2384F87E
:10BF30003A2084F86D31E6E7DFF8A4C00021012340
:10BF400004AA8DF8101020460821CDF800C0FFF794
:10BF5000E3FBD8E7DFF888C046F29801C7E7DFF8CF
:10BF600080C046F23D01C2E7DFF874C046F220010E
:10BF70001822BDE7DFF868C04FF4C1411822B7E7C7
:10BF8000DFF85CC0012304AA40212046CDF800C0A0
:10BF90008DF81030FFF7C0FBB5E7DFF844C0012390
:10BFA00004AA48212046CDF800C08DF81030FFF7D4
:10BFB000B3FBA8E70023012120461A46FFF7BEF88D
:10BFC000A1E7DFF81CC03021012304AA8DF810106E
:10BFD00020460321CDF800C0FFF79EFB93E700BF8A
:10BFE00090D00300836A6BB110B5044603F56A7004
:10BFF000FCF78CFB0022204601231146BDE81040CF
:10C00000FFF748BF704700BF03698BB100B583B02D
:10C01000019003F56A70FCF779FB01990022012376
:10C02000A1F11800114603B05DF804EBFFF732BF31
:10C03000704700BF2DE9F0419DF81C409046BDF9C6
:10C0400018004C4D002C64D0B5F91020B5F9124001
:10C05000B5F90C60B5F914C0B5F916E0B5F90E5094
:10C060009342B8BF13466045B8BF6046A342A8BF1D
:10C0700023467045A3EB0607A8BF70469E4206EE16
:10C08000907AF8EEE66A6ADCA41B07EE904AB8EEF6
:10C09000E77AC6EE877A431B854205EE903A27EE93
:10C0A000A76AF8EEE55A4BDCAEEB050E07EE10EA98
:10C0B000B8EEC77AC5EE876AB0EE467AA6EEA67AE3
:10C0C000B1EEC76A9FED2C7AB4EEC76AF1EE10FAB2
:10C0D0002CDD36EE477A9FED294AF7EE005A9FEDA8
:10C0E000285AC7EE044AF4EEE54AF1EE10FA75FE5E
:10C0F000A45A85EE867A67EE877A27EE267A67EE6F
:10C10000857A27EE057AC1ED007A88ED007ABDE8E0
:10C11000F081B5F90420B5F90640B5F90060B5F92C
:10C1200008C0B5F90AE0B5F9025099E7DFED157AD4
:10C13000B0EE677AC1ED007A88ED007ABDE8F08153
:10C14000ACEB050C07EE10CAB8EEC77AC5EE876AED
:10C15000B0EE467AA6EEA67AF1EE666AB0E7921BDA
:10C1600007EE902AB8EEE77AC6EE877AF1EE677AA4
:10C1700091E700BF687E00209A99193E9A99593F2D
:10C1800000000045000000000000000090F82C3086
:10C19000032B70B5044686B071D0042B0D4610D029
:10C1A000072B00F0C480D4F89C04002865D02346F7
:10C1B000B4F8962404F2A44106B0BDE87040FCF740
:10C1C00001BCCB6A19785A78082900F09D80012AB1
:10C1D000E9D1D988406C884202D0616484F841205A
:10C1E00004F1440003F1080E00229FEDC07B84EDB2
:10C1F000527B9FEDC07B84ED547B3EF9021F50F8CB
:10C2000004CF8C4512D001604FF00105012184F864
:10C2100041509140D4F8505145EA010CD4F85451A2
:10C2200045EAE171C4F850C1C4F854110132042A3E
:10C23000E3D1197AD4E916208A4200F04D81D4F86E
:10C240005021A165012142F0100284F84110C4F888
:10C2500050215B7AD4F85411834207D042F0200277
:10C260000120E36584F84100C4E954210123D4F896
:10C270009C0484F84230002899D106B070BD9FED2F
:10C280009B7BCA6A80ED527B9FED9A7B80ED547B4D
:10C290001378202B87D10B6B112B84D99388416C99
:10C2A0008B4205D00121436480F8411080F8421090
:10C2B0000432DFF84CE2002132F9023F01294FF04D
:10C2C000010501F10101184698BF98B21EF8013B23
:10C2D00004EB830C05FA03F3DCF84850854210D0D8
:10C2E000CCF848004FF0010084F84100D4F8500128
:10C2F0001843C4F85001D4F8540140EAE370C4F87C
:10C3000054010629D8D1B1E790F86C3193423FF43B
:10C310004AAF80F86C21002A3FF445AF90F895347D
:10C3200000225B0811460233FEF708FF3BE790F856
:10C330003830BBB190F86D31052B13D8DFE803F02E
:10C34000C4BCAFA2030D00213022012300913F2184
:10C350008DF8102004AAFFF75FFB002384F86D31ED
:10C3600084F83830EB6A626C1E465B885BBA9BB21D
:10C370009A4203D00122636484F841203F220023C3
:10C3800004F1440106F1040C4FF0010EC4E95223FC
:10C3900000230022C4E9542300233CF9022F51F862
:10C3A000040F90420FD00A600EFA03F2D4F8500145
:10C3B00084F841E01043C4F85001D4F8540140EA35
:10C3C000E270C4F854010133042BE6D1B4F94C30C7
:10C3D000012502A903AA2046CDE90035B4F9483069
:10C3E000FFF728FE9DED027ADDED037A03AAB8FE81
:10C3F000477ABDEEC77AF8FE677AFDEEE77A0195D7
:10C400002046B4F9543084ED127AC4ED137A0093C7
:10C41000B4F95030FFF70EFE9DED027ADDED037AA0
:10C42000B8FE477ABDEEC77AF8FE677AFDEEE77A86
:10C43000226E84ED147AC4ED157A3379E16D9A4257
:10C4400017D023664FF00102D4E9543084F841201C
:10C4500043F01003C4F8503172798A423FF406AFBA
:10C4600043F020030121E26584F84110C4E954300F
:10C47000FCE672798A4235D194F84130002B3FF4C2
:10C4800092AEF3E60021012304AA009148218DF821
:10C490001030FFF7C1FA042384F86D3162E7002100
:10C4A000012304AA009140218DF81030FFF7B4FA5F
:10C4B000032384F86D3155E7104A0421FFF7E6F9AC
:10C4C000022384F86D314DE70C4A0221FFF7DEF9B3
:10C4D000012384F86D3145E75B7A8342CCD0D4E9FF
:10C4E0005421BBE6D4E95430BAE700BF3F00000056
:10C4F00000000000000000000000000090D00300D9
:10C500000C340020C36B1BB101461846FFF73EBE3A
:10C51000704700BF2DE9F0470B788EB03F2B61D0FC
:10C52000302B03D000200EB0BDE8F08747F6FF7433
:10C53000002590F83920C0E9524500240025C0E9C3
:10C5400054454B790C791B0443EA0423CC782343EC
:10C55000002A40F09A80C26B9B1A426C9A4205D026
:10C560000122436480F8412080F84220CA79402BA0
:10C570008E794FEA02254FEA12148A7A05F4706523
:10C5800046EA05050E7A2F4644EA0614ADF81C501B
:10C590004FEA0225A046ADF81E4005F470654C7ABE
:10C5A0004FEA121244EA0504A146ADF82040CC7AC5
:10C5B00042EA04129246ADF8222000F03E810022A9
:10C5C000B3F5800FADF8262000F03D81B3F1401F98
:10C5D000ADF8242064D0B3F5000F40F03981FF237B
:10C5E0000A9361E0B1F8013040F2FF140025426C7B
:10C5F000C0E9524593424FF000044FF00005C0E9F6
:10C60000544505D00122436480F8412080F842203F
:10C61000CA78C46EA24208D04FF400740025C266E6
:10C620000122C0E9544580F84120A3F50043914E12
:10C6300000224FF0010EB3FA83F35B09C0E918330F
:10C6400016F8013B01EB420C013200EB8304BCF80D
:10C6500004500EFA03F3A76CAF420DD0A564D0F8D6
:10C66000504180F841E01C43C0F85041D0F854419B
:10C6700044EAE374C0F85441042AE1D1012380F86C
:10C68000423000200EB0BDE8F087A3F50042002440
:10C69000B2FA82F280F839405209D203C2635BE7F2
:10C6A0004FF0FF130A920993B1F90D30826E934255
:10C6B00008D0836601234FF4807280F84130002354
:10C6C000C0E95423B1F90F30C26E934209D0C3665A
:10C6D000D0F8503143F40073C0F85031012380F892
:10C6E0004130B1F91130026F934209D00367D0F89D
:10C6F000503143F48063C0F85031012380F8413059
:10C70000B1F91330426F934209D04367D0F85031EA
:10C7100043F40063C0F85031012380F84130B1F98F
:10C720001530826F934209D08367D0F8503143F4BB
:10C730008053C0F85031012380F84130B1F91730EF
:10C74000C26F934209D0C367D0F8503143F400530D
:10C75000C0F85031012380F841308B78D0F8802028
:10C760001909B2EB131F0AD0D0F85031C0F880106D
:10C7700043F48043C0F85031012380F841300DF17B
:10C780001A0C00F1440200F1640400214FF0010E84
:10C7900052F8046F0EFA01F53CF8023F0131B34242
:10C7A0000DD01360D0F8503180F841E02B43C0F831
:10C7B0005031D0F8543143EAE575C0F85451A242E3
:10C7C000E6D101243B4606AA05A9CDF800800194D4
:10C7D0000390FFF72FFC9DED057A4B46DDED067AC1
:10C7E00006AAB8FE477ABDEEC77AF8FE677AFDEE74
:10C7F000E77A0398CDF800A0019480ED127AC0ED9D
:10C80000137AFFF717FC9DED057ADDED067A00231C
:10C81000B8FE477ABDEEC77AF8FE677AFDEEE77A92
:10C82000039880F8424080F8383080ED147AC0EDEB
:10C83000157A00200EB0BDE8F0874FF48032002357
:10C84000CDE9092330E701230A92ADF824302BE724
:10C85000802BADF8282003D1FF23ADF82A3023E741
:10C86000B3F1801F03D14FF0FF130A931CE7ADF81B
:10C870002A2019E73C3E002030B5CC6A83B02378EB
:10C880001BB1012B80F8403005D090F82C3091F886
:10C890003020072B02D0002003B030BD00232146FA
:10C8A00001920546FFF710FA019A08B10120F3E75B
:10C8B00021462846FFF72EFEF8E700BF2DE9F04F8E
:10C8C00083B00D46964604460B7800AF012B80F8E6
:10C8D000403000F0C080112B164609D090F82C3063
:10C8E000072B00F0058100200C37BD46BDE8F08F16
:10C8F000002200236946C7F800D0C0E95223C0E9EE
:10C900005423731DAEF10202DB08002AA1EBC3031E
:10C910009D46E84603DDA91C684604F0C1FC98F872
:10C92000051098F807200B0998F8065002F001024C
:10C9300001F00F0088F8053043EA051388F8072056
:10C9400043EA02330A0788F80A0003D4C64A52F8B9
:10C9500020201343626C9A4203D00122636484F85E
:10C9600042202722002304F1440104F1500C4646E2
:10C97000C4E952230123002251F8040F16F8015F85
:10C98000A8420AD0D4F850011843C4F85001D4F892
:10C9900054011043C4F854010D60DB1852418C451A
:10C9A000EAD198F80420E36D934206D0D4F85031D0
:10C9B000E26543F02003C4F8503198F80820636D15
:10C9C000934206D0D4F85031626543F00803C4F8AE
:10C9D000503198F80920A36D934206D0D4F8503115
:10C9E000A26543F01003C4F850314FF0000E08F177
:10C9F000050C04F1600104F5A4794FF02708012328
:10CA0000724651F804AB4EEA02051CF8010F48EAE1
:10CA10000306AE467D605045B0460BD0D4F8505169
:10CA200045EA030AD4F8545145EA020BC4E954AB71
:10CA300041F8040CDB1852414945E2D17A680123E0
:10CA4000C4F84861C4F84C2184F8423084F86C3151
:10CA5000D7F800D047E7BEF1400F90F82C20F446FD
:10CA600028BF4FF0400C012A4DD0052A00F0BF80AE
:10CA7000032A00F0FB8000200021C4E95201BEF12E
:10CA8000000F00F038814FF0000E013D04F1440822
:10CA9000F14671467246D4E9540643EA0E0E42EA64
:10CAA000090958F804AF0131C4E952E915F801BF8A
:10CAB00089B2D34507D018431643C4E9540695F804
:10CAC00000A0C8F800A0DB1852418C45E5D8D4E995
:10CAD000563203403240134302D0012384F84230DF
:10CAE000012384F86C3101200C37BD46BDE8F08F7E
:10CAF0000023FFF7CFF90028F5D13246294620461A
:10CB0000FFF708FDEFE609796B8843EA0143416CC2
:10CB1000994202D0436480F842202722002304F186
:10CB2000440105F1050804F15009C4E95223D4E990
:10CB300054060123002218F801AF51F804BFD34571
:10CB400007D018431643C4E9540698F800A0C1F86A
:10CB500000A0DB1852414945EDD16A7AE36D93425A
:10CB600005D040F02000C4F850016B7AE365AA7C40
:10CB7000636D934205D040F00800C4F85001AB7CCF
:10CB80006365EA7CA36D934205D040F01000C4F8C1
:10CB90005001EB7CA365BEF10A0F98D909354FF01F
:10CBA000000804F16C0A4FF02709AE464FF480618B
:10CBB000434641EA090943EA08085AF8042FC4E940
:10CBC00052981EF801BF934507D008431E43C4E99D
:10CBD00054069EF80020CAF800200EF10A024918F7
:10CBE000A2EB05025B4192B26245E2D36FE7C978DE
:10CBF000B5F8012042EA0142416C914202D0426400
:10CC000080F8423000220023BEF1050FC4E9522310
:10CC100071D94FF00008043504F1440A4FF48063E1
:10CC2000AE46C1464246D4E9540643EA080842EA01
:10CC300009095AF8041FC4E952891EF801BF8B453F
:10CC400007D018431643C4E954069EF80010CAF8EA
:10CC500000100EF10501DB18A1EB0501524189B26C
:10CC60008C45E2D833E700BF403E00204FF03F083C
:10CC70004FF00009416CC0E952894FF000084FF0B5
:10CC80000009C0E95489D5F80D208A4204D04264D5
:10CC900080F8413080F84230DFF860C000224FF069
:10CCA000010E05EB4203032A02F10102B3F9011060
:10CCB0001CF8013B98BF89B204EB83060EFA03F31C
:10CCC00088BF09B2B06C88420DD0B164D4F850016D
:10CCD000D4F85461184384F841E046EAE373C4F899
:10CCE0005001C4F85431062ADBD10123D4E954069B
:10CCF00084F84230EBE6D4E95406E8E6603E0020D2
:10CD0000A0F11800FFF7DABD30B5CC6A83B0237804
:10CD10001BB1012B80F8343005D090F8203091F809
:10CD20003020072B02D0002003B030BD0C38002388
:10CD3000214601920546FEF7C7FF019A08B101207E
:10CD4000F2E721462846FFF7E5FBF8E7074A084BDC
:10CD5000106BB2F834C0918FC3F80600906BA3F843
:10CD60000AC0D982C3F81200704700BFA80900208A
:10CD7000D47E002010B4019CC1660221C0E91C23AE
:10CD800001220023C0E91E4180F8822080F8833010
:10CD900010BC704703685B69184700BF03689B6954
:10CDA000184700BF00238361704700BF704700BF72
:10CDB000704700BF08460F22034908B509F0A2FEDC
:10CDC000003818BF012008BD802E0020D0F81CC0FC
:10CDD0008C4504D0BCF1000F01D00020704730B565
:10CDE000846883B014B1002003B030BD02F4706CCD
:10CDF000BCF5A06FF7D19C4614460B460546BCF126
:10CE0000000F07D001910F2260460C4909F07AFE0D
:10CE1000019B80B162060CD5012283F83820069A66
:10CE2000012A06D19A680220C5E90623C5F8902098
:10CE3000DAE70120D8E7A861D5E700BF802E0020FF
:10CE400090F88030013BDBB280F8803023B98360FA
:10CE5000C0F8943080F88130704700BF826812B10A
:10CE6000002210467047D0F81CC0BCF1000F01D062
:10CE70008C45F6D1094A934205D0094A934202D023
:10CE8000084A9342ECD190F880300122C1611344EA
:10CE900080F880308B688361104670478000010005
:10CEA00001000C000600010030B5846885B024B193
:10CEB000944202D0002005B030BD15460446F9B1B9
:10CEC00091F83120022AF5D091F8300001281BD0CA
:10CED000164A93421AD0164A934206D01548181A99
:10CEE000B0FA80F040090028E5D0C4F8981094F812
:10CEF00080300120A560034484F8803005B030BD47
:10CF00000A4A9342E7D1F2E7012AE1D1D4F89430FA
:10CF1000002BECD1C4F8941008460A22212100937A
:10CF2000CDE90133FDF70AF8E1E700BF0600010093
:10CF300001000C008000010030B504680B4DD4F8EE
:10CF400010E0039CAE450CD1C1660221C0E91C2350
:10CF50000122002380F8822080F88330C0E91E413E
:10CF600030BDF4460394BDE83040604771AB01002A
:10CF7000704700BF704700BF0023C360704700BF09
:10CF80000368094ADB6993420DD190F88030013B78
:10CF9000DBB280F880302BB98360C0F8943080F821
:10CFA00081307047704718473DAC010008460F229A
:10CFB000034908B509F0A6FD003818BF012008BDD7
:10CFC000802E002050F80C3C0C389B69184700BF9D
:10CFD00050F80C3C0A4ADB6993420ED190F8743049
:10CFE000013BDBB280F8743033B940F8043CC0F840
:10CFF000883080F87530704770470C38184700BF8C
:10D000003DAC010050F80C3C0C385B69184700BF80
:10D01000844650F80C0C30B5D0F810E00C4C039856
:10D02000A6450DD1CCF860100221CCE919230122CC
:10D0300000238CF876208CF87730CCE91B0130BDCA
:10D040000390ACF10C00F446BDE83040604700BFEF
:10D0500071AB010050F8042C12B100221046704749
:10D06000D0F810C0614502D0BCF1000FF6D10A4AD9
:10D07000934205D0094A934202D0094A9342ECD127
:10D0800090F8743001220161134480F874308B6889
:10D09000C3601046704700BF8000010001000C0013
:10D0A00006000100D0F810C0614504D0BCF1000FAB
:10D0B00001D00020704730B550F8044C83B014B153
:10D0C000002003B030BD02F4706CBCF5A06FF7D146
:10D0D0009C4614460B460546BCF1000F07D0019153
:10D0E0000F2260460B4909F00DFD019B80B16206DD
:10D0F0000CD5012283F83820069A012A06D19A68B5
:10D100000220C5E90323C5F88420DAE70120D8E727
:10D11000E860D5E7802E002000B583B00190FCF7D1
:10D120001FFF01980C3003B05DF804EBFBF71AB950
:10D13000704700BF10B50C4651060CD50023DFF830
:10D14000A4E003EB430C01331EF80C10F4449142AD
:10D150002ED0102BF5D10023DFF88CE001E0192B45
:10D1600008D01EF813C00EEB430101339445F6D1ED
:10D17000487810BD51062BD490F8603014F0220F7F
:10D18000174818BF42F040029B074FF0000348BF0A
:10D1900082F0400202E00133602B19D001780130A7
:10D1A0009142F8D114F0110F14D003F01F0010BDFC
:10D1B00090F86030DB0708D49CF901209CF801301E
:10D1C000002A0ADA03F07F02C5E79CF8020010BDCE
:10D1D000002010BD203398B210BD184610BD00BF0E
:10D1E00094440020DC3300204033002010B5044676
:10D1F000D0F8940086B078B1012260344FF0000C72
:10D200004FF400732121CDF800C0CDE9012409229B
:10D21000FCF794FE06B010BDD4F89030002BF9D086
:10D2200094F860304FF4D1720120ADF814208DF8DD
:10D23000163003F085FC6FF00103032205A9D4F832
:10D240009000FBF7C7F806B010BD00BF532A80F866
:10D250005E1080F85F201CD0392A0FD0472A2DD0CD
:10D2600000B583B00190FFF765FF019B5A6AA3F8F0
:10D270005C009AB303B05DF804EB104790F86010BF
:10D28000C1F34002944682F00102D2B294450FD11C
:10D29000704790F86020D14302F0010C01F00101C9
:10D2A0008C45F5D061F3000280F86020FFF79EBF47
:10D2B00062F3410180F86010FFF798BF90F86010AA
:10D2C000C1F38002944682F00102D2B29445DFD0CD
:10D2D00062F3820180F86010FFF788BFFFF728FF34
:10D2E00003B000BD464BCB18072B70B5044682B087
:10D2F00036D9A1F5E023732B02D9002002B070BD0E
:10D3000090F88130002B55D001F007030120CDB2F9
:10D31000C1F3C40198406318064693F84C100140CD
:10D32000002A53D0002932D12A4694F85E102046B4
:10D3300084F85F500193FFF7FDFE226AA4F85C00B9
:10D34000002A59D09047019BA26A1AB1284601933E
:10D350009047019B93F84C20324383F84C2016E011
:10D3600001F00701012390F85EC08B4003EA0C0036
:10D3700082B960B1E26A32B101F16700019390476E
:10D3800094F85EC0019B2CEA030C84F85EC0012077
:10D3900002B070BD0028FAD1A26A32B101F1670073
:10D3A0000193904794F85EC0019B43EA0C0384F814
:10D3B0005E30ECE7036F9B07A6D4C36F072BE6D85C
:10D3C0005A1C0344C26783F83C10E0E70029DED012
:10D3D0002A4694F85E1020460193FFF737FFE26A71
:10D3E000019B12B128469047019B93F84C2022EAFA
:10D3F000060283F84C20CAE7FFF79AFE019BA3E7D9
:10D4000020FFF8FFDFF820C101EA0C0CBCF17F4FD0
:10D4100050D0454B70B5D0F86CE082B0044616464B
:10D420000EEA03030D46B3F5803F3ED0BEF5402F14
:10D4300002D13E4B9D4254D0AAB2002A38D00123DB
:10D4400094F8851084F88330002963D004F18400B7
:10D45000002304E001335FFA83FC61452BD930F8E7
:10D4600002CF6245F6D11EBBA26EDEB232B1A9B2C6
:10D4700070460193904794F88510019B481EC0B2F6
:10D48000B04284F8850013D98A1B03F14401433369
:10D49000023A04EB410104EB4300D2B201325200E4
:10D4A00002B0BDE8704009F057BAFFF71BFFA8B102
:10D4B00002B070BD7047002EFAD0636E23B1A9B2DE
:10D4C0007046984794F885100329F1D84B1C04EB5B
:10D4D000410184F88530A1F88650E9E7D4F86CE082
:10D4E000A4E7D4E91D32D21A002A19D0A6EB03030F
:10D4F0004FF064001146B8BF511C00FB03F303EB6F
:10D50000610303FB02F1002993FBF2F30ADB84F8C9
:10D510008430CDE7002ECBD0636E002BCFD1D5E782
:10D520003223F4E7013BF2E70000FFFF2000060092
:10D530002DE9F84304460E46904600F1450700F1F8
:10D540004B0917F8015F032D1BD9B378AB4218D0F4
:10D55000F378AB4215D03379AB4212D073792A46B7
:10D560002046AB420DD0B379AB420AD0F379AB423F
:10D5700007D094F84410FFF769FEE36A284603B128
:10D580009847B945DDD1B8F1000F14D0E36A93B1E3
:10D590000025012707FA05F394F84420134207D029
:10D5A000327805F167001342C0B201D1E36A9847AF
:10D5B0000135082DEED1771C06F1070917F8015F38
:10D5C000032D29D994F84630AB4225D094F8473042
:10D5D000AB4221D094F84830AB421DD094F849308A
:10D5E000AB4219D094F84A30AB4215D094F84B3086
:10D5F000AB4211D031782A46204684F85F5084F837
:10D600005E10FFF797FD236AA4F85C0023B39847E8
:10D61000A36A0BB128469847B945CFD1B8F1000F9E
:10D6200014D0A36A93B10025012707FA05F394F8F3
:10D630004420134207D1327805F167001342C0B28B
:10D6400001D0A36A98470135082DEED1326873687E
:10D650006264A364BDE8F883FFF76AFDD8E700BF02
:10D6600010B5D0F8942082B0CC6B944202D0002048
:10D6700002B010BD0A6B082AF9D10122C96A0190D3
:10D68000FFF756FF0122019B104683F88120EFE748
:10D6900090F882301BB390F8813010B50446FBB18E
:10D6A00094F88330BBB9A26E92B194F885300BB96F
:10D6B0000EE0A26E013BE06EDBB204EB430184F8A6
:10D6C0008530B1F88610904794F88530002BF0D162
:10D6D000002384F88530002384F8823010BD704721
:10D6E000026F12F00202DBD1C36F022BD8D900F116
:10D6F0003C01FFF71DFFEEE7012380F881300A7837
:10D700009A4201D00020704700B583B019440192BD
:10D71000FFF70EFF019803B000BD00BF012380F8A2
:10D7200075300A789A4201D00020704700B583B066
:10D7300019440C380192FFF7FBFE019803B000BDBD
:10D74000DFF850C00E490F4A0F4B104810B4DCF8F8
:10D750000040CCF800201460D1F800C00C4A0468E6
:10D760000A601946C2F800C01A4603F1400C1C605A
:10D770001B6442F880CF41F8C02F016010BC704795
:10D78000E0930020B0930020E06000200C95002082
:10D7900080600020F8930020024B186808B10268EE
:10D7A0001A607047F8930020024B1A6818600260F4
:10D7B000704700BFF8930020024B186808B1026858
:10D7C0001A607047E0930020024B1A6818600260EC
:10D7D000704700BFE0930020024B186808B1026850
:10D7E0001A6070470C950020024B1A68186002609E
:10D7F000704700BF0C950020034B186818B10168F2
:10D800000022196002607047FC930020024B1A68E6
:10D8100018600260704700BFFC93002001EB4101DB
:10D8200000EB411188420DD2DFF81CC0DCF800206B
:10D8300000E01846034643F8602B99420246F8D8A8
:10D84000CCF80000704700BFE093002000EB811C83
:10D85000604511D2024610B5084C4FEA811E21687E
:10D86000134643F8401B9C4511461A46F8D8AEF1C2
:10D8700040010844206010BD704700BF0C95002097
:10D88000352303FB010188420DD2DFF81CC0DCF810
:10D89000002000E01846034643F8352B9942024623
:10D8A000F8D8CCF800007047FC93002090F82430A2
:10D8B000013BDBB280F8243003B98360704700BFBE
:10D8C000012380F8263070474FEA114C8BB2BCF12F
:10D8D000090F0FD173B1082B12D8013B4FF0010C87
:10D8E00090F827100CFA03F322BB21EA030180F819
:10D8F00027107047BCF1010F03D0144B99421DD083
:10D900007047303B082BFBD801A151F823F000BF32
:10D9100045B7010041B7010039B70100FDB601006C
:10D92000FDB60100FDB60100FDB60100FDB6010027
:10D930003DB70100194380F82710704742637047D4
:10D9400002637047C26270478262704738020C00FF
:10D9500090F826302BB10122002380F8252080F892
:10D960002630704700238361704700BF0368DFF8EB
:10D9700010C05B69634501D1FFF7A6BF184700BF20
:10D98000C5B60100A3F101130146012B03D883683A
:10D990001BB19A4201D00020704791F82430012039
:10D9A0008A60034481F82430704700BF034612B1F7
:10D9B0000878022801D0002070474878042A83F8AC
:10D9C000270091F90200986291F90300D86207D903
:10D9D00091F90400052A186302D091F905205A63D1
:10D9E0000122104683F82520704700BF70B5044619
:10D9F0000D4612481646124902F010FCE3691BB1AD
:10DA0000AB4201D0002070BDA0680028FAD106F416
:10DA10007063B3F5A06FF6D1330602D5049B012BDA
:10DA200001D0012070BD0749044802F0F7FBAB6844
:10DA300002202362C4E9063570BD00BF204D0020DE
:10DA4000942F0020CC2F002070B50E4682B01146D6
:10DA50001D460446024633460E48CDE900150E49E0
:10DA600002F0DCFBA06810B1002002B070BDE369D9
:10DA70000BB1B342F9D1A5F10115012DF4D8074935
:10DA8000044802F0CBFBB3680120C4E9063602B0BB
:10DA900070BD00BF204D0020F42F00203C3000203E
:10DAA00030B50568064CD5F810E0A64503D1012332
:10DAB00080F8263030BDF446BDE83040604700BFF6
:10DAC000BDB601000023C360704700BF026808496B
:10DAD00092698A420AD190F8262032B101210022AF
:10DAE00080F8251080F8262070477047104700BF47
:10DAF0004DB701000368074ADB69934209D190F8EA
:10DB00002430013BDBB280F824300BB983607047CE
:10DB100070471847A9B6010050F80C2C0346074976
:10DB20000C3892698A4207D19A7E22B101210022E3
:10DB300059769A7670477047104700BF4DB701007D
:10DB400050F80C3C074ADB69934208D1037E013B45
:10DB5000DBB2037613B940F8043C704770470C38C9
:10DB6000184700BFA9B60100034612B10878022881
:10DB700001D0002070474878042AD87691F9020035
:10DB8000D86191F90300186207D991F90400052AB8
:10DB9000586202D091F905209A62012210465A7605
:10DBA000704700BF50F80C3C0C385B69184700BF49
:10DBB000844650F80C0C10B5D0F810E006488645A5
:10DBC00003D101238CF81A3010BDACF10C00F446DF
:10DBD000BDE81040604700BFBDB6010070B50E46FD
:10DBE00082B011461D460446A0F10C0233460F4890
:10DBF000CDE900150E4902F011FB54F8040C10B1E8
:10DC0000002002B070BD23690BB19E42F9D1A5F18D
:10DC10000115012DF4D80749044802F0FFFAB36852
:10DC20000120C4E9033602B070BD00BF204D0020C2
:10DC3000F42F00203C30002070B504460D461248F9
:10DC40001646124902F0EAFA23699D4202D00BB14E
:10DC5000002070BD54F8040C0028F9D106F470635C
:10DC6000B3F5A06FF5D1330602D5049B012B01D08B
:10DC7000012070BD0649044802F0D0FAAB680220CA
:10DC80006361C4E9033570BD204D0020942F00204E
:10DC9000CC2F002000B583B00190FCF761F901980A
:10DCA0000C3003B05DF804EBFAF75CBB002380F89E
:10DCB000253080F82730C0E90A33C0E90C337047BB
:10DCC00010B483B00B46CDE90012C27C002A30D0DC
:10DCD00072B6C27CD40708D54FF0E02C4469DCF85A
:10DCE000801121408162CCF88011910708D54FF056
:10DCF000E02C8469DCF884112140C162CCF88411E5
:10DD0000540708D54FF0E02CC469DCF88811214095
:10DD10000163CCF88811110708D54FF0E02C046A94
:10DD2000DCF88C1121404163CCF88C11D2063AD436
:10DD300062B68268934240D0234A83609269234945
:10DD4000C2F3011CC2F3826251F82CC00132BCFB49
:10DD5000F2F103B38B4232D8B1FBF3F2B1FBF2F133
:10DD60008B422ED3B2F5817F1BD2022A27D9023AE9
:10DD7000530803EB032342EA0323C3600268032131
:10DD800000201061516201211364019B136611612F
:10DD900003B010BC70479445EFD34A1CB2F5817FA5
:10DDA000E3D30B4BE9E74FF0E021446AD1F890212F
:10DDB00022408263C1F89021BAE7C368DEE70023FE
:10DDC000DBE71146E9E700BF00C00F40683E0020D6
:10DDD000FF7F7F0090F81CC04160BCF1020FC26061
:10DDE00001D18368184702F01DB900BF304B31499B
:10DDF00010B5D3E9114E9EF80400C8771A6C94F858
:10DE000004C081F81CC0087752B1B2F5004F23D38B
:10DE100029495118274A1964D07682F81BC010BDD1
:10DE200019680F24D86C8C6540F20134CA610C610A
:10DE30004FF47C544C6103210468246883F83D103E
:10DE40001E4B9C4220D1037F4260022BC26020D136
:10DE50008368BDE8104018472468E18B090421D489
:10DE6000E283DEF80010B4F81EE0A4F816E0CC8BD4
:10DE7000240412D4CA83CA8BCA8200210D4A1964B1
:10DE8000D07682F81BC010BD23461146BDE8104075
:10DE90001847BDE8104002F0C5B8CC8B62F3080407
:10DEA000CC83E8E7E18B62F30801E183D9E700BFA7
:10DEB000804C002000800E400180FFFFD1BB01009C
:10DEC000304B314910B5D3E9114E9EF80400C877A4
:10DED0001A6C94F804C081F81CC0087752B1B2F5EE
:10DEE000004F23D329495118274A1964D07682F864
:10DEF0001BC010BD19680F24D86C8C6540F201342A
:10DF0000CA610C614FF47C544C610321046824689D
:10DF100083F83D101E4B9C4220D1037F4260022BB0
:10DF2000C26020D18368BDE8104018472468E18BA7
:10DF3000090421D4E283DEF80010B4F81EE0A4F84E
:10DF400016E0CC8B240412D4CA83CA8BCA82002167
:10DF50000D4A1964D07682F81BC010BD23461146C5
:10DF6000BDE810401847BDE8104002F05BB8CC8B0C
:10DF700062F30804CC83E8E7E18B62F30801E183F4
:10DF8000D9E700BF304C002000800E400180FFFF29
:10DF9000D1BB010043682DE9F04FD3E90041814D29
:10DFA0004FF0B80922684FF00F0B22EA01027E49B8
:10DFB0002260AA6911407D4A0A43AA6190F810E0E4
:10DFC0007B4A03EB0E0603EB8E0E317C02EB011154
:10DFD0008968C1F8009090F811C003EB0C050CF1B2
:10DFE0000A0C95F8241002EB01118968C1F8009021
:10DFF000817C03EB010803EB810198F838A002EB68
:10E000000A1ADAF808A0CAF80090D4F800905F68FD
:10E0100049EA0709C4F80090347CDEF814E002EB0A
:10E0200004146468C4F800E095F8244053F82CC048
:10E0300002EB04146468C4F800C098F83840C96B57
:10E0400002EB0412526811609A6C98F84410116047
:10E050001A6A317F5B6B116095F830201A600222DA
:10E0600003681A61C3F858B0C27C002A32D072B675
:10E07000C37CDD0708D54FF0E0214469D1F8802149
:10E0800022408262C1F880219C0708D54FF0E02130
:10E090008469D1F884212240C262C1F884215907E1
:10E0A00008D54FF0E021C469D1F8882122400263ED
:10E0B000C1F888211A0708D54FF0E021046AD1F889
:10E0C0008C2122404263C1F88C21DF065CD462B609
:10E0D000C27C0368374D8168A9425FD031498560B1
:10E0E0008969354CC1F30117C1F38261334E54F88D
:10E0F00027400131B4FBF1F4B44230D80021C160B3
:10E1000000241C6103245C620724196401211C663D
:10E11000196112B3D60704D5816A4FF0E023C3F822
:10E120000011950704D5C16A4FF0E023C3F804112C
:10E13000540704D5016B4FF0E023C3F80811110711
:10E1400004D5416B4FF0E023C3F80C11D30604D57E
:10E15000826B4FF0E023C3F81021BDE8F08F18491F
:10E16000A1FB0461090DB4FBF1F4AC4288BF01319D
:10E17000B1F5817F14D20229C0D902394C0804EBD1
:10E18000042441EA0421BAE74FF0E022416AD2F8C0
:10E1900090310B408363C2F8903198E7C168AFE7D4
:10E1A0000849ACE700C00F40CFFFFFE310000008B4
:10E1B000FC40002000093D00683E0020FF083D00B3
:10E1C00083DE1B43FF7F7F00704700BFD0F800C095
:10E1D00000B5DCF810E0F4465DF804EB604700BFE2
:10E1E00000B5D0F800C0BDF804E0CDF804E0DCF8DC
:10E1F00038E0F4465DF804EB604700BF00B5D0F8A6
:10E2000000C0BDF804E0CDF804E0DCF83CE0F446E2
:10E210005DF804EB604700BF704700BF01F0030CDE
:10E22000C907B0F90820B0F90A3080F81AC002D442
:10E230008281C3817047194613460A46C381828191
:10E24000704700BF2DE9F0411C4686B08646D0F8E5
:10E2500000C0A142BDF93050BDF8343026D0AA42EA
:10E2600015D0DCF814608046234FBE423AD14046B8
:10E27000CDE900532346DCF82840A047D8F8003009
:10E280001D4ADB6A934228D106B0BDE8F081A14265
:10E290001FDD01310C93DCF83C5070460B1B21460E
:10E2A000AC461BB206B0BDE8F0416047AA420CDDA7
:10E2B0000C93531CDCF838402A465B1B7046A4467E
:10E2C0001BB206B0BDE8F04160472846154602463D
:10E2D000EEE720460C460146DBE7404606B0BDE8C7
:10E2E000F0411847CDE904230391B047D8F800C0A6
:10E2F0000399DDE90423BAE7C5BF0100D0F800C0E7
:10E30000F0B5134D87B0DCF814600446BDF83070EA
:10E31000AE420ED1013B0197009220460B44DCF83F
:10E3200028601BB2B0472368DB6AAB420BD107B051
:10E33000F0BDCDE904230391B047D4F800C00399A0
:10E34000DDE90423E6E7204607B0BDE8F0401847C2
:10E35000C5BF0100D0F800C0F0B5144D87B0DCF89F
:10E3600014600446BDF83070AE420FD1013B0197F6
:10E37000204613441BB200930B46DCF82860B047DC
:10E380002368DB6AAB420BD107B0F0BDCDE90423B3
:10E390000391B047D4F800C00399DDE90423E5E711
:10E3A000204607B0BDE8F040184700BFC5BF0100D8
:10E3B000D0F800C02DE9F04F90469B46DCF81420C1
:10E3C00083B01E4B05460C46BDF930709A42BDF82D
:10E3D000349029D1A344A3451EDDDFF864A00AE0F0
:10E3E0000134CDF80090DCF8386024B2B047D5F89D
:10E3F00000C05C4510DADCF820603B46424621460E
:10E4000056452846ECD00134CDF80090B047D5F8F9
:10E4100000C024B25C45EEDBDCF82C30074A9342A6
:10E4200006D103B0BDE8F08F9047D5F800C0D1E722
:10E43000284603B0BDE8F04F184700BFC5BF010034
:10E44000DDBF01000268B0F90C30B0F90EC010B5A4
:10E45000146C82B0094A944207D10022CDE900C170
:10E460001146FFF7A5FF02B010BD00220191CDF8C3
:10E4700000C01146A04702B010BD00BFADC10100F1
:10E4800030B50468094DD4F840E0BDF90CC0BDF8C2
:10E490001040AE45CDE903C403D1BDE83040FFF7DD
:10E4A00087BFF446BDE83040604700BFADC1010002
:10E4B0002DE9F04F1D460368884616462C4983B067
:10E4C0005A690446BDF930908A42BDF8347041D192
:10E4D000D3F824B03246DFF89CA04146009720468E
:10E4E000D34508BFD3F83CB02B46D847236809F181
:10E4F000FF32D3F824B032440097D34512B231D161
:10E50000D3F83CA041462B462046D04723683246EC
:10E51000DFF864A04146D3F820B020460097D345E9
:10E5200008BFD3F838B04B46D8472268691E4B461F
:10E53000156A204641440097554509B208BF956BBE
:10E540003246A84723680A4ADB6A934205D103B0E2
:10E55000BDE8F08F90472368BAE7204603B0BDE8D6
:10E56000F04F18472B4641462046D847CEE700BF1C
:10E57000C5BF0100F9BF0100DDBF01002DE9F04F6B
:10E5800085B091468046581ABDF938401D46BDF801
:10E590003CB0A21A002AB8BF52420028B8BF40427D
:10E5A000824263DCA4464E46A2464F461C4689463C
:10E5B00065463146A1454EDDA942D4BF4FF0FF3339
:10E5C0000123A9EB040CA7EB0A0A0FFA8CF6002E24
:10E5D000B8BF0136BAF1000F4FEA6606B8BFCAF1FC
:10E5E000000ACDE90020CDE9023C15E0224A94451D
:10E5F00028D10F69224629464046B847A6EB0A03B0
:10E600000134029A1EB2AA1824B2002E02DA15B200
:10E61000039AD6184C4512DCD8F800105B462A46FF
:10E62000D1F818C0DDE90007B842DFDC124B9C4589
:10E630005B460CD10F6940462146B847DEE705B07E
:10E64000BDE8F08F224629464046E047D6E72146FE
:10E650004046E047D2E72646A9423D464C4657464B
:10E66000B146AA460D4604DA0123AAE79A460F46A8
:10E67000A0E74FF0FF33A4E7C9BF0100002361F317
:10E680000F03002162F31F434FF0FF32416001612D
:10E6900001770162C0E90233024BC0E90523024B56
:10E6A0000360704701010001383A00202DE9F04F66
:10E6B0008FB0BDF868509DF860C006951D1EBDF96D
:10E6C00064406ADDC5F1010396460027621C1BB257
:10E6D00082469146F3460393C5EBC5337E1C0891F1
:10E6E0005B000A92029505930CF00103CDF824C05B
:10E6F0000793039BCDF82CE0002B4ADB059A37B239
:10E700000232134405927200013213441BB2039388
:10E71000029B5C1E24B2BC4247DA099B03F0020351
:10E720000493079BABB1DDF82080029B0FFA8BF2BC
:10E73000DAF8000098444F4B066A0FFA88F19E42BF
:10E7400040F08280069B00930FFA89F3866B504657
:10E75000B047049B93B1089B029A46489D1A0FFA52
:10E760008BF20FFA89F329B2DAF800502E6A86424A
:10E7700006980090504608BFAE6BB047BC420BF104
:10E78000FF3B09F10209029407DD039B7E1C002B6D
:10E79000B4DA37B2029CBC4202DA0FB0BDE8F08FA7
:10E7A00003EB460301331BB20393099B079A03F063
:10E7B0000203049312BB002BE0D00B9BDDF82080FA
:10E7C0001A1B0A9B03EB440312B21BB2A8EB06060A
:10E7D000DAF80000274935B2066A8E423BD1069925
:10E7E00000912946866B5046B047029B9C42C5D09B
:10E7F000079B002BAFD00223049396E7DDF820801F
:10E800000B9B08EB0601DAF800501A1B19480FFAA7
:10E8100081FC0A9B296A12B203EB440381421BB2BA
:10E820001DD1069900916146A86BCDE90C230546E0
:10E830005046A847DDE90C2304990029C6D1029B64
:10E840009C427FF472AF99E706980FFA89F3009023
:10E850005046B0477DE7069829460090C3E70698E2
:10E860000D46614600905046CDE90C23A847DDE9EE
:10E870000C23E1E7DDBF0100D0F800C02DE9F04333
:10E880001D461C4EDCF8143087B004461746B342D0
:10E89000BDF8388023D1DCF820906B0016487A1B35
:10E8A0000133CDF80080814512B21BB2204608BF6B
:10E8B000DCF838900591C8472B46032000250599C0
:10E8C0003A46CDF80880CDE900052046FFF7EEFE78
:10E8D0002368DB6AB34208D107B0BDE8F083059135
:10E8E0009847D4F800C00599D5E7204607B0BDE8A1
:10E8F000F0431847C5BF0100DDBF01002DE9F04F0F
:10E9000093B082460291BDF870100D9203919DF86C
:10E910007810026A08919DF87C10BDF874900591FA
:10E92000002A00F0B980117A5B1A0599D2E900B08B
:10E93000DBB2089A114300EBC30230F8337092F84F
:10E9400002800129D37892F9050092F906200E93EE
:10E9500009900F9256D80023A24E10930A93DAF82A
:10E9600000305A69B24255D10E9A002A00F08380D5
:10E97000B8F1000F7FD008991A46059800254FF08E
:10E9800000090023012908BF012811960CBF0121AD
:10E990000021049110991E460D98059C494401FBE5
:10E9A0000401002409B207910F994118494409B2A2
:10E9B000CDE90B93069105E001346D00E4B2EDB2B0
:10E9C000A0454CD916F0070F06F1010603D17B1CB8
:10E9D0001BF807509FB22B06EED5049BFBB1029BA0
:10E9E00050460999D2F8189059187F4B21449945FF
:10E9F000039B08BFD2F8109009B2069AC847DAF80C
:10EA00000020D9E7DAF80030764E10925A690A9061
:10EA1000B242A9D050469047DAF80030A4E70A9BEA
:10EA200002981919089BD2F81C9001FB03010FFAF8
:10EA300083FC6E4B09B2BDF91400994522D1D2F87E
:10EA400040906B4B039A9945009001926346079A58
:10EA500050461DD1FFF7ACFCDAF80020ACE7DDE949
:10EA60000B930E9909F1010C43445FFA8CF9894527
:10EA700090D31346119EDB6AB34240F0058113B078
:10EA8000BDE8F08F039A6346009050460192079AC2
:10EA9000C847DAF800208FE7B0F90C2002998A42C3
:10EAA000EDDDB0F90E200D9CA242E8DD4FF006022C
:10EAB000089D15FB0212002AE1DD059A04EBC20253
:10EAC000002ADCDD027F474E82F00102AF2B94BFAB
:10EAD000002202F001021A440368D4B25A69B24219
:10EAE00040F00B81029F04EB8404089D7A1D41498C
:10EAF000BC46BE4690B2059A2144CDF81890012D2F
:10EB000008BF012AD146039F8A460CBF4FF0010B74
:10EB10004FF0000BDDF83480CDF810B093460C9028
:10EB20000E961AF8016B0FFA8EF20824002509924E
:10EB3000CDF81CC0CDE90AEA1AE00499002934D0C6
:10EB4000D3F818A018FA85F2274812B2BDF91C10A4
:10EB50008245484608BFD3F810A03B46D047D9F8B5
:10EB60000030013C0135760814F0FF046DB260D02E
:10EB7000F207E2D406988742F3D0049900293BD0EB
:10EB800018FA85F2D3F818A0BDF91C100FFA82FC10
:10EB9000154A924540F08F80D3F810A06246034694
:10EBA0004846D047D9F80030DBE71BFB0582D3F895
:10EBB0001CA0BDF920100FFA8BF00FFA82FC0B4A53
:10EBC000924566D1D3F840A06246094B0090484672
:10EBD0009A4501970B46099927D1FFF7E9FBD9F828
:10EBE0000030BEE7C5BF0100C9BF01007DC2010002
:10EBF000ADC10100143400201BFB0582D3F81CA01A
:10EC0000BDF920100FFA8BF00FFA82FC414A9245B1
:10EC100049D1D3F840A062463F4B009048469A4500
:10EC20000B46069901910999D7D0D047D9F8003001
:10EC300097E7DDF81CC0089A0CF1010CDDE90AEA3F
:10EC40001FFA8CFC96440C9A62457FF46AAFCA4660
:10EC5000039ADDF81890DDF810B04A450E9E3FF497
:10EC60000AAFBBF1000F2DD01C6A50462B4ACDF8DD
:10EC700000909442BDF930100D9A08BF9C6B082398
:10EC8000A047DAF80030F6E6504613B0BDE8F04F82
:10EC900018470B4600906246099948460197D047AD
:10ECA000D9F800305DE70B46069900906246019165
:10ECB00048460999B9E7069B62464846D047D9F8C5
:10ECC00000304EE70899059A0298D500DC6901EBFF
:10ECD0008102821808B211B20E4A944211D11C6C02
:10ECE0000D4B0D9A9C4203465046CDE900590DD17B
:10ECF000FFF75EFBDAF80030BDE69047DAF8003047
:10ED0000F0E603460D9A5046CDE90059A047DAF8DF
:10ED10000030B0E67DC20100ADC10100DDBF0100E1
:10ED2000036AF0B587B0002B55D00A2946D00D29CB
:10ED30004ED01A7A91424BD393F80AC08C4547D3F0
:10ED40008A1A5C68D2B204EBC204E27894F802C07A
:10ED50006AB3BCF1000F2AD0C27EB0F910E0057E84
:10ED6000B0F91260477E8AB194F905209444B0F955
:10ED70000C2005FB0CEC944508DD4FF0000EA0F8CC
:10ED800010E01B7B03FB07631EB243820B46324637
:10ED900071460590CDE90257B0F816C0CDF804C011
:10EDA000B0F814C0CDF800C0FFF7A8FD0598217990
:10EDB000038A027E01FB0233038209E04FF0000C5C
:10EDC000428A417EA0F810C01B7B01FB03234382D3
:10EDD000012007B0F0BD0A2932D00D29F8D0C57E38
:10EDE000B0F910C090F818E0B0F91220447E65B177
:10EDF0000625B0F90C601EFB05C5B54205DD02EB2A
:10EE0000C4029C46038212B2428203940B46CDF8A0
:10EE100008E06146B0F816C00590CDF804C0B0F81F
:10EE200014C0CDF800C0FFF769FD0598037E028A83
:10EE300003EB430302EB43030382012007B0F0BD61
:10EE4000428A417E038202EBC1034382012007B064
:10EE5000F0BD00BF01294FF0000338BF012161F36D
:10EE6000070361F30F230383704700BF30B590F8A9
:10EE700068308E46090AB3B9A2B1436B5FFA8EFEC1
:10EE8000501E1B685966DA6D12F4F81FFBD05A6FDA
:10EE9000C3F864E0DA6D12F4F81FFBD001385A6F42
:10EEA000451CEFD130BD012B24D05FFA8EFC6145AB
:10EEB0003DD0002AF6D0531E1FFA8CF511E01160E8
:10EEC000826C446D1460426C446D1460426B15603A
:10EED000826C013B446D1460426C446D14605A1C9A
:10EEE000E0D090F85FC0426BBCF1000FE7D0A2F811
:10EEF00000E0EDE7002AD5D002F1FF3C7246102376
:10EF00001404816C03F1FF334FEA42024CBF846B5F
:10EF1000C46B9BB22160016CC46C0C60416CC46C0E
:10EF20000C60002BECD1BCF1010CE7D230BD90F8A5
:10EF30005F30D0F834C07BB95200CCF80010002A02
:10EF4000B0D0531E826C013B416D1160416D426C2B
:10EF50001160591CF6D130BDACF800E0EFE700BFFE
:10EF600090F96A30002B02DB436A026E1A6090F857
:10EF7000683003B17047426BD37C002BFAD0D807BE
:10EF800004D5906A4FF0E021C1F80001990704D53B
:10EF9000D06A4FF0E021C1F80401580704D5106B86
:10EFA0004FF0E021C1F80801190704D5506B4FF06C
:10EFB000E021C1F80C01DB06DCD5926B4FF0E023B9
:10EFC000C3F81021D6E700BF70B5002A84B0BDF8A1
:10EFD000206006DB1C461D46B0F90E30934200DD72
:10EFE0000CB904B070BD002C05DAA3B2013119448C
:10EFF0005B4209B21DB2B0F90C308B42F1DD1FFA51
:10F0000081FE0EEB050404F1FF3C0FFA8CFCBCF111
:10F01000000FE6DB002902DA25B24FF0000E01688E
:10F02000634592B24C6D15DCA3EB0E034FF0010C5F
:10F0300071469BB2CDF800C0CDE90203A047039B07
:10F0400002981AB2002BCCD0314604B0BDE8704013
:10F05000FFF70CBF0123029071460093ABB2A047AB
:10F060002A460298F0E700BF70B5002984B0BDF8C9
:10F07000206006DB1C461D46B0F90C308B4200DDDB
:10F080000CB904B070BD002C05DAA3B201321A44E9
:10F090005B4212B21DB2B0F90E309342F1DD1FFA9D
:10F0A00082FE0EEB050404F1FF3C0FFA8CFCBCF170
:10F0B000000FE6DB002A02DA25B24FF0000E0268EC
:10F0C000634589B2546D11DCA3EB0E0372460390C5
:10F0D0009DB201230095A04703982AB2002DD0D0FD
:10F0E000314604B0BDE87040FFF7C0BEABB2724617
:10F0F000039000930123A0472A460398F0E700BF3E
:10F100002DE9F04F85B0BDF93850BDF83C80002B9B
:10F1100043D0002D41D0002B1C4641DBB0F90C3010
:10F120008B423ADD002D46DBB0F90EC0944534DD4C
:10F1300014FA81F61FFA81F906F1FF3E0FFA8EFEEE
:10F14000BEF1000F29DB97B2BA462F44BB46013F00
:10F150003FB2002F21DB002902DA34B24FF0000960
:10F16000002A03DA0FFA8BF54FF0000A73452DDD04
:10F17000A3B2BC452FDDAAB20092494606685246AA
:10F180000390766DB04704FB05F232B14146039817
:10F1900005B0BDE8F04FFFF769BE05B0BDE8F08FE0
:10F1A0009CB20131B0F90C302144644209B224B25E
:10F1B0008B42F2DDB6E7ADB20132B0F90EC02A449F
:10F1C0006D4212B22DB29445E7DDB1E7A3EB09041D
:10F1D000A3B224B2CDE7ACEB0A0C1FFA8CF20FFA03
:10F1E0008CF5C9E790F86820034642B190F96A208F
:10F1F000002A03DB826A036E13607047704700B514
:10F2000083B0406BD3E90E120193FEF759FD019BC9
:10F2100093F96A20002A02DB9A6A1B6E136003B01E
:10F2200000BD00BF2DE9F0431C4685B01E460B1EF5
:10F23000BDF8307004DBB0F90C10994200DD14B950
:10F2400005B0BDE8F083002C05DAA1B201320A4412
:10F25000494212B20EB2B0F90E109142F0DD16FA28
:10F2600082FE1FFA82F80EF1FF3C0FFA8CFCBCF113
:10F27000000FE5DB002A03DA0FFA8EF64FF00008E4
:10F2800061452BDD1FFA86F90446054600682049D2
:10F2900042698A4231D194F868202AB395F96A20EC
:10F2A000002A02DBAA6A296E116099B2CDF800909B
:10F2B0004246446D01232846A04726B132463946CE
:10F2C0002846FFF7D3FD2B682846124ADB6A934293
:10F2D00019D105B0BDE8F043FFF742BEA1EB08012C
:10F2E0001FFA81F90EB2CFE704F13400039307C887
:10F2F000FEF7E6FC2068039BD0E720460393904787
:10F300002068039BD1E705B0BDE8F043184700BF74
:10F31000E1CF01005DCD01002DE9F043002A85B069
:10F32000BDF8307006DB1C461E46B0F90E30934225
:10F3300000DD14B905B0BDE8F083002C154605DAF0
:10F34000A3B2013119445B4209B21EB2B0F90C30CC
:10F350008B42EFDD16FA81FC1FFA81F90CF1FF32C6
:10F3600012B2002AE6DB002903DA0FFA8CF64FF01E
:10F37000000993422FDDB3B204468046006822495B
:10F3800042698A4235D194F868204AB398F96A20D4
:10F39000002A04DBD8F82820D8F8601011604FF05C
:10F3A000010CAAB24946CDF800C0406D0446404663
:10F3B000A04726B1324639464046FFF757FDD8F8F8
:10F3C00000304046114ADB6A934218D105B0BDE8CF
:10F3D000F043FFF7C5BDA3EB090293B216B2CBE72A
:10F3E00004F13400039307C8FEF76AFC2068039B0E
:10F3F000CCE72046039390472068039BCFE705B0F6
:10F40000BDE8F043184700BFE1CF01005DCD01002A
:10F410002DE9F04F85B0BDF93850BDF83C80002B88
:10F420005ED0002D5CD0002B1C465CDBB0F90C30AC
:10F430008B4255DD002D61DBB0F90EC094454FDDE8
:10F4400014FA81F61FFA81F906F1FF3E0FFA8EFEDB
:10F45000BEF1000F44DB97B2BA462F44BB46013FD2
:10F460003FB2002F3CDB002902DA34B24FF0000932
:10F47000002A03DA0FFA8BF54FF0000A73454FDDCF
:10F48000A3B2BC4545DD1FFA85FB0646074600686A
:10F490002F4942698A4255D196F86820002A44D003
:10F4A00097F96A20002A02DBBA6A396E1160524667
:10F4B000CDF800B04946466D3846B04704FB05F22A
:10F4C0001AB141463846FFF7D1FC3B683846214A1D
:10F4D000DB6A934232D105B0BDE8F04FFFF740BD83
:10F4E00005B0BDE8F08F9CB20131B0F90C30214479
:10F4F000644209B224B28B42F2DD9BE7ADB2013225
:10F50000B0F90EC02A446D4212B22DB29445E7DD27
:10F5100096E7ACEB0A0C1FFA8CFB0FFA8CF5B4E7FC
:10F52000A3EB090293B214B2ABE706F134000393E4
:10F5300007C8FEF7C5FB3068039BB1E705B0BDE81F
:10F54000F04F18473046039390473068039BAEE76F
:10F55000E1CF01005DCD010070B582B012B209B2F9
:10F5600004469DF918509DF91C600193FFF786F839
:10F570001A481B4A1B4984F86B5062632A01019B9D
:10F5800000EB05152160002184F8696084F86A3079
:10F590008B4284F86810A4F8701082586167ED6897
:10F5A000E166656602F1840502F18802C4E90B5246
:10F5B0000DDB1A0100EB031382582046DB6802F1D1
:10F5C000840588322366C4E9095202B070BD204622
:10F5D0002166C4E9095202B070BD00BFFC400020A2
:10F5E000304C0020AC3A002070B5554B044690F9E1
:10F5F0006A0082B0002914BF0E461E461546002838
:10F6000008DB0121C0B201F04FFB012194F86A0030
:10F6100001F016FB012194F86B0001F045FB01217C
:10F6200094F86B0001F00CFB94F86830D3B929070B
:10F63000606B25644CBF434B07236A07424A48BFAF
:10F6400043F08043C4E90E63404B984218BF904298
:10F650004FD03F4B98424CD094F96900002829DAEA
:10F6600002B070BD012B4CD094F85F30E26B002BE0
:10F6700042D0636B4FF6FF7000211080198001218A
:10F6800094F85D0001F010FB94F85D00012101F099
:10F69000D7FA94F95E000028DEDB0121C0B201F048
:10F6A00003FB94F85E00012101F0CAFA94F96900A5
:10F6B0000028D5DB0121C0B201F0F6FA012194F84F
:10F6C000690001F0BDFA642001F03AFA002194F8D3
:10F6D000690001F0B5FA642001F032FA94F869008B
:10F6E000012101F0ADFAC82002B0BDE8704001F080
:10F6F00027BAFEF74FFCAFE7FF211160626B136082
:10F70000BDE7194694F85400019301F0CDFA0021A9
:10F7100094F8540001F094FA019994F8560001F01D
:10F72000C3FA94F85600002101F08AFA94F95500C2
:10F73000002891DB0021C0B201F0B6FA8CE700BFCF
:10F740000024F40007000080804C0020304C002092
:10F75000D04C002090F8683043B9436B1A6851666A
:10F76000D36D13F4F81FFBD0536F7047012B0BD0F0
:10F7700090F85F20436BF2B11980836C426D1A6080
:10F78000436C426D1A607047082310B40C06826CFB
:10F7900003F1FF334FEA41014CBF846BC46B13F09C
:10F7A000FF032260026CC46C1460426CC46C146071
:10F7B000ECD110BC70471960DFE700BF0368314A25
:10F7C0005B69934270B504460D4656D190F8683097
:10F7D000002B4DD094F96A30002B02DBA36A226E15
:10F7E0001A60D5B194F87010236B2046626E1A60CF
:10F7F000FFF7B0FF2368E26A616EDB6A1160224A9C
:10F8000093423CD194F96A30002B02DB636A226E8A
:10F810001A6094F868301BB170BD94F87110E3E77A
:10F82000626BD37C002BF7D0DD0704D5906A4FF0D4
:10F83000E021C1F800019C0704D5D06A4FF0E02117
:10F84000C1F80401580704D5106B4FF0E021C1F84E
:10F850000801190704D5506B4FF0E021C1F80C01E5
:10F86000DB06D9D5926B4FF0E023C3F8102170BDB1
:10F87000343007C8FEF724FAACE79847B1E7BDE893
:10F8800070401847E1CF01005DCD0100426E08B520
:10F89000036B1A60FFF75EFFC36A426E1A6008BD11
:10F8A00090F8683083B9436B0A0A1B685A66DA6DB0
:10F8B00012F4F81FFBD0C9B25A6F5966DA6D12F410
:10F8C000F81FFBD05B6F7047012B0BD090F85F20C7
:10F8D000436BF2B11980836C426D1A60436C426DC8
:10F8E0001A607047102310B40C04826C03F1FF33CC
:10F8F0004FEA41014CBF846BC46B13F0FF032260DD
:10F90000026CC46C1460426CC46C1460ECD110BC0A
:10F910007047C1F30F221A60836C426D1A60436C0A
:10F92000426D1A60436B1960D5E700BF002909DBFF
:10F9300070B5B0F90CE082B08E4501DD002A02DA24
:10F9400002B070BD7047B0F90EE09645F8DD1E4676
:10F950000123044692B2009389B205686D6DA847F1
:10F960003146204602B0BDE87040FFF799BF00BFA6
:10F97000F0B51C460B1E85B005DBB0F90CE09E45CA
:10F9800001DD002A01DA05B0F0BDB0F90E10914298
:10F99000F9DDD0F800C016461D492746DCF81420D2
:10F9A000044605468A4228D190F86820E2B195F9CC
:10F9B0006A20002A02DBAA6A296E116099B201232B
:10F9C000B2B228460093DCF85440A0473946284696
:10F9D000FFF766FF2B680F4ADB6A934213D105B02D
:10F9E000BDE8F040FFF7BCBA3430039307C8FEF718
:10F9F00067F9D4F800C0039BD9E703939047D4F884
:10FA000000C0039BDAE705B0BDE8F040184700BF2F
:10FA1000E1CF01005DCD0100F8B51F4690F86830D8
:10FA200004460D461646002B5DD094F96A30002B33
:10FA300002DBA36A226E1A60236B2946626E20469F
:10FA40001A60FFF787FEE36A626E1A60C7B100258D
:10FA500006E0013516F8011BFFF77CFEBD420FD012
:10FA600094F868302046022BF3D194F85F30002BD5
:10FA7000EFD0013536F8021BFFF712FFBD42EFD180
:10FA800094F96A30002B02DB636A226E1A6094F8E4
:10FA9000683003B1F8BD626BD37C002BFAD0DD0770
:10FAA00004D5906A4FF0E021C1F800019C0704D50D
:10FAB000D06A4FF0E021C1F80401580704D5106B5B
:10FAC0004FF0E021C1F80801190704D5506B4FF041
:10FAD000E021C1F80C01DB06DCD5926B4FF0E0238E
:10FAE000C3F81021F8BD343007C8FEF7E9F89CE7E9
:10FAF0002DE9F041984690F8683004460D461746C7
:10FB0000002B3AD094F96A30002B02DBA36A226EF4
:10FB10001A60236B2946626E20461A60FFF71AFEB0
:10FB2000E36A626E1A60B8F1000F1AD0002607E08F
:10FB3000013615F8011BFFF70DFE46452F4610D084
:10FB400094F868303D462046022BF1D194F85F309E
:10FB5000002BEDD0013637F8021BFFF7A1FE46451A
:10FB6000EED194F96A30002B02DB636A226E1A60D0
:10FB700094F8683033B1BDE8F081343007C8FEF73F
:10FB80009FF8BFE7626BD37C002BF4D0DD0704D570
:10FB9000906A4FF0E021C1F800019C0704D5D06ABB
:10FBA0004FF0E021C1F80401580704D5106B4FF065
:10FBB000E021C1F80801190704D5506B4FF0E0218E
:10FBC000C1F80C01DB06D6D5926B4FF0E023C3F8E9
:10FBD0001021D0E790F8683003BB436B0A0E1B6816
:10FBE0005A66DA6D12F4F81FFBD0C1F30742586F62
:10FBF0005A66DA6D12F4F81FFBD0C1F30722586F72
:10FC00005A66DA6D12F4F81FFBD0C9B25A6F596602
:10FC1000DA6D12F4F81FFBD05B6F7047012B10B444
:10FC200019D090F85FC00B0C426BBCF1000F28D0CC
:10FC3000D0F848C01380436DCCF80030436C426D5F
:10FC40001A60436B1980836C426D1A60436C426D7D
:10FC500010BC1A60704720230029826C03F1FF3327
:10FC60004FEA4101B4BF846BC46B13F0FF03226001
:10FC7000026CC46C1460426CC46C1460ECD110BC97
:10FC800070474FEA116CC2F800C0826C446D14607A
:10FC9000426C446D14600A0A446B2360836C446DAB
:10FCA0001C60436C446D1C60436B1A60836C426D36
:10FCB0001A60436C426D1A60436B1960C3E700BF62
:10FCC00001F003010023B0F97E20022900B583B0C2
:10FCD00081768DF80730B0F9803028D0032917D00D
:10FCE00001292FD04FF0C00C90F87810C38190F804
:10FCF000793082818DF807C0A0F86C10A0F86E30C2
:10FD000001230DF107023621FFF786FE03B000BD87
:10FD10004FF0600C90F87C10838190F87830C281AD
:10FD20008DF807C0A0F86C10A0F86E30E8E790F8E6
:10FD30007BC090F87C108281C381A0F86CC0A0F8D1
:10FD40006E10DDE74FF0A00C90F87910838190F8E9
:10FD50007B30C2818DF807C0A0F86C10A0F86E301F
:10FD6000CEE700BF10B59C4682B004460B46009219
:10FD7000F0214FF4A072CDF804C000F0EFF8044A6F
:10FD80004FF0000320462260A4F87B3002B010BD83
:10FD90000C3B002030B585B00D4680F87A3000214C
:10FDA0000192044600F01CF9019AF02DA2F1F00333
:10FDB000B3FA83F34FEA53132ED16BB34FF0000124
:10FDC0004FF4A043A4F87B10A4F87830A4F8802066
:10FDD00020462749A4F87E5000F0DAF82368254A27
:10FDE0001B6B93423DD194F879300022D4F87E0009
:10FDF000C02194F878508DF80F103621A2760DF1BD
:10FE00000F02A4F86E300123E0602046A4F86C5085
:10FE1000FFF702FE05B030BD872D09D143B142F690
:10FE2000350142F63403A4F87810A4F87B30CDE70E
:10FE3000D2F5A0734FF0000048BF0133D5F1F001B7
:10FE400048BF0131C3F34703C1F3470184F8793058
:10FE500061F3070084F8781063F30F20A4F87B00A7
:10FE6000B4E70021204605B0BDE83040184700BF88
:10FE700018200060BDDA0100064B42F22102002981
:10FE800018BF0B46A0F8702090F87A2019464367F7
:10FE9000FFF7AABB0048E801B0F86CC0614489B222
:10FEA0000B44013B70B543EA0145B0F86E3004469F
:10FEB0002A211A44BDF8103092B21344013B43EAA0
:10FEC0000246FFF7E3FC29462046FFF783FE204663
:10FED0002B21FFF7DBFC31462046FFF77BFE204657
:10FEE0002C21BDE87040FFF7D1BC00BF01F0030139
:10FEF000002390F87820022990F879C000B583B0EB
:10FF000081768DF807301CD0032911D001291DD02E
:10FF100062F30F03C0216CF31F438DF80710C36613
:10FF200001230DF107023621FFF776FD03B000BD76
:10FF30006CF30F03602162F31F438DF80710C36653
:10FF4000EEE7A0F86C20A0F86EC0E9E7A023A0F8C7
:10FF50006E20A0F86CC08DF80730E1E710B582B0D4
:10FF600004469DF910C0CDF800C09DF914C0CDF82D
:10FF700004C0FFF7F1FA0023044A2046A4F87830C1
:10FF800084F87A30226002B010BD00BF6C3B0020C4
:10FF90002DE9F8430D7805B307464C1C013D94F854
:10FFA000019004F102082178384609F07F064246A4
:10FFB000334608EB0604FFF79BFD19F0800F08D0CD
:10FFC00018F806000134FF2808BF4FF4FA7000F05B
:10FFD000B7FD013DEDB2FF2DE1D1BDE8F88300BFD3
:10FFE00038B5036804460D4A0D461B6D934211D186
:10FFF0000B4942F2210390F87A204167A0F8703053
:02000004600298
:10000000FFF7F2FA2DB129462046BDE83840FFF748
:10001000BFBF38BD00219847F4E700BF75DC010081
:100020000048E801EFF3108272B6437F33B9017FD5
:10003000012907D0032911D0012343770AB962B6F9
:1000400070477047DFF868C0DCF80010F9B1164956
:1000500043610B68086083615861EDE700B5DFF824
:1000600054E01249DEF800C0BCF1000F16D0436125
:100070000B68836158614FF0E0234FF0805C0860AB
:10008000C3F804CD0123437702B962B600BD064B25
:10009000CCF800001860C0E90511CDE7C0E905CC37
:1000A000CEF80000E7E700BFA8960020A096002049
:1000B0009C960020A496002070B5EFF3108272B6D3
:1000C0000C4C206880B10C4E00254369236073B14D
:1000D0009D6102B962B6836845779847EFF3108255
:1000E00072B620680028F0D102B962B670BD3360E4
:1000F000EFE700BFA4960020A0960020FFF7DCBF2A
:100100000449054A4968054B1960136801331360B7
:10011000704700BF001000E0D49E0020D09E002059
:10012000014803F0B7BA00BF304D0020F8B50C46C7
:1001300071B182B106468F1800253368304614F835
:10014000011B1B689847BC420544F6D12846F8BD00
:100150000D462846F8BD1546F8E700BF012A70B5E0
:1001600008BF0A228AB005461E4659B34FF0210C3B
:1001700001E05FFA84FC0CF1FF34B1FBF2F302FB07
:10018000131EBEF1090F0EF1370098BF0EF13000BB
:100190000DEB0C0E914219468EF80400E9D23EB1E7
:1001A0000CF1FF3C2D225FFA8CFC0DEB0C031A7155
:1001B0002B6801A9CCF1220228465B68614498476C
:1001C0000AB070BD30234FF0210C8DF82530E6E7E2
:1001D000002903DB00230A22FFF7C0BF49422D2379
:1001E0000A22FFF7BBBF00BF00B5036883B040F62B
:1001F0000D2C022201A95B68ADF804C0984703B03A
:1002000000BD00BF044B022888BF0346D3F800C0DE
:100210001846DCF804301847204D00200EB400B515
:1002200082B003AA52F8041B019206F04FFB02B001
:100230005DF804EB03B070471AB90368C9B21B68D4
:100240001847FFF78BBF00BF00000000B4EE400B63
:1002500070B5F1EE10FA86B0864680F18280B0EE7D
:10026000C07B9FED486BB4EE467BF1EE10FA6CDC80
:100270009FED467BB4EEC70BF1EE10FA5CDC9FED10
:10028000457BB4EEC70BF1EE10FA55D4B5EEC00BBA
:10029000F1EE10FA61D40023B6EE007B002964D0A1
:1002A0004FF0000C9FED3D6B0CF1010C27EE067B2F
:1002B0006145F9D130EE070B0C460A2270467646AE
:1002C000FCEEC07BB8EE676B17EE901A30EE460B73
:1002D0008DED000BFFF742FF0F2C21464FF02E0350
:1002E00028BF0F2105468DF808300DF10903481E7F
:1002F000B2EE046B02AA53FA80F09DED000B20EEE3
:10030000060BFCEEC07BCDED007A9DF8003007EEC9
:10031000903A3033B8EEE77B02F8013F904230EE7E
:10032000470BECD133684A1C304602A95B68D2B255
:100330009847284606B070BDDEF800300322194900
:100340005B6806B0BDE87040184703680322164991
:100350005B6806B0BDE870401847B1EE400B012362
:100360009AE7036803221149EAE730EE070B0A22F5
:100370007046FCEEC07B17EE901A06B0BDE87040E8
:10038000FFF7ECBEFFFFFFFFFFFFEF7F000000E085
:10039000FFFFEF41000000E0FFFFEFC19A9999993C
:1003A0009999B93F68300020643000206030002007
:1003B00008B1014B1860704728950020884200DB87
:1003C0007047DFF86CC0091ADCF8003003B3164A36
:1003D00000B582FB032EDA179E44C2EB2E42DFF8F3
:1003E00054E00EFB1233DFF850E00EFB02F244F251
:1003F000A71E0EFB0322002A13DA6FF00043D31866
:10040000CCF80030B3FBF1F201FB1233184400BD0D
:10041000064BB3FBF1F2CCF8003001FB1233184469
:1004200070471346ECE700BF5F0B4E8342CE0C1FB4
:10043000289500201DF30100ECF4FFFF0022C0E925
:100440000022826061B110B582B00090084601912F
:1004500006F098FE009B044618B9184602B010BD7D
:100460007047013004F00EFB009B0028F5D00022FD
:10047000019918600270C3E9014406F0D3FD009BA6
:10048000184602B010BD00BF70B50446002582B00A
:100490000E46C0E900550846A56006F073FE10B987
:1004A000204602B070BD03460130019304F0EAFA21
:1004B0000028F5D0019B314605702060C4E9013366
:1004C00006F0B0FD204602B070BD00BF10B5044676
:1004D000006804F0DFFA204610BD00BF30B51446B6
:1004E00083B00346026834B902B114700022184682
:1004F0009A6003B030BD0D4641688C420DD9009022
:10050000611C104604F0B0FD009B024678B199686A
:10051000C3E9000409B901701A689C6029461046B5
:10052000009306F07FFD009B184603B030BD1868AD
:1005300030B1CDE9002304F0ADFADDE900231A6003
:1005400000221846C3E9012203B030BD10B50446AD
:1005500082B059B10846019106F014FE0199024695
:100560002046FFF7BBFF204602B010BD8160204649
:1005700002B010BD03468068F0B50C46196883B020
:100580008518A14204D9002A34D1184603B0F0BD21
:100590000844A04227D9002AF7D05E68B54219D98D
:1005A000671A01260846691CCDE9003204F05CFD9B
:1005B000009B84460028E8D0019AC3E900059868AA
:1005C00020B98CF80000D3F800C098686044AEB140
:1005D0000CEB07042146009300F062FE009B002113
:1005E0001A6851550FE0002ACFD05E68B54205D990
:1005F0000026D7E75E68B542FAD808442146009342
:1006000006F010FD009B18469D6003B0F0BD00BFD2
:1006100010B582B00023044601228DF8041001A910
:100620008DF80530FFF7A6FF204602B010BD00BFD1
:10063000826808B53AB1006859B106F083FBB0FA98
:1006400080F0400908BD49B10878B0FA80F040094F
:1006500008BD0078B0FA80F0400908BD012008BD4F
:100660008A6808B58368934209D3006830B1096885
:1006700039B106F047FAB0FA80F0400908BD002011
:1006800008BD084608BD00BF83688B4203D90068D7
:1006900008B108447047024B002218461A70704790
:1006A00039A0002070B50D46896882B00446914299
:1006B00002D30B4611461A460020C4E90100AB687C
:1006C00020608B4215D3934228BF13462A68D65C1C
:1006D000D0542A6851180FD008460193009106F0B3
:1006E00051FD009902462046FFF7F8FE2A68019B5B
:1006F000D654204602B070BDA160D654F9E700BFC1
:100700002DE9F04107680646E7B18468D4B1B846E0
:10071000454618F8010B05F043FF0028F8D1013CCD
:100720003C4402E0A54205D8013C207805F038FFA2
:100730000028F7D1621CAF42A2EB0502B26004D3DD
:100740000023BB543046BDE8F0813846294600F00E
:10075000A7FD3768B268F3E7006808B104F052B942
:10076000704700BF006810B1002105F00FBE9FED7B
:10077000010A7047000000002A284AD8264B70B5AD
:100780001B780646E3B9254B9B5DFF2B2AD0244AF4
:1007900002EB061291680A6802F44050B0F5805FDF
:1007A00031D01C0620D41F4C2360236AD80704D400
:1007B00002F03AFC236AD907FAD51A4B586A70BD81
:1007C000184C194D01E002F02FFCA36C1B06FAD463
:1007D000AB6C13F08003F6D10F4A13700F4B9B5D87
:1007E000FF2BD4D1002070BD0F4C03F07F0323609A
:1007F000236ADA0704D402F017FC236ADB07FAD570
:10080000094B586A70BD22F480521C060A60EBD472
:10081000C9E70020704700BF3BA000200045002032
:10082000FC40002000400C4000800C40A94AAA4B2C
:1008300090422DE9F047A94CD3F814E09969D4F817
:100840000CC000F2088103F1437303F5F453033342
:10085000A3FB0023DB0D03EB830303EB830202F214
:10086000B63240F227639A4228BF1A469C4BA3FB3C
:100870000232D208203A984D0CF01F04D5F880308F
:10088000944243F0C003C5F880300BD22CF01F0C0B
:10089000924C4CEA020CC4F80CC02368002BFCDA22
:1008A0000CF01F041EF0007327D18E4D2E698E4D63
:1008B000B54300F0FA8081F4805576464FF48057B6
:1008C00016F0605F06D02EF0605E4EEA030E824B9B
:1008D000C3F814E015F4405F07D021F440517E4D79
:1008E0003943A961AB6C1B07FCD44EF0007E7A49FA
:1008F000C1F814E08B6C9F06FCD47C49884200F25E
:10090000DF80012635460EE0082D0CD1042E00F2C2
:1009100091800136022506FB00F38B4200F2C38072
:100920005B008B4206D8013506FB05F300FB03F3A1
:100930008B42E9D9771E05F1FF384FEA872A8EEA04
:1009400087276B4959186B4B99427CD9DFF8E491A2
:100950006C2369486349B0FBF5F0684DB0FBF6F0D5
:100960000E6835404D4508D043F400534FF4805590
:100970000D600B600B68002BFCDA57490B6903F024
:100980000703434504D0C1F810808B6CDE03FCD410
:1009900017F4E05F0BD02EF4E05E0AF4E0534E490A
:1009A00043EA0E0EC1F814E08B6C9D07FCD4544D45
:1009B000544945198D4239D8534BED09A3FB0535F0
:1009C0002D0B6B1E1B028EEA030111F4407F07D032
:1009D0002EF4407E03F440733F4943EA0E034B611B
:1009E0003D494B6923F000734B618B6C9B06FCD433
:1009F000464BA242A3FB00134FF0FF314FEA934353
:100A0000B0FBF5F5B1FBF3F34149086041490D60D6
:100A100041490B6008D22CF01F0C30494CEA02020D
:100A2000CA600B68002BFCDABDE8F0874FF4407316
:100A30000425C8E7771E2E494FF007084FEA872A9A
:100A400059188EEA8727294B99421CD8DFF8E8907D
:100A5000362332487EE7324B984201D80E220AE70D
:100A6000304B984228D9304A904227D9821A2F4BCE
:100A7000120AA3FB0232D20902EB820202EB8202CB
:100A800002F2E242EDE6A3F182532948DFF8AC908E
:100A9000A3F589337E3BA3FB01310B0D03FB00F073
:100AA00043EA090956E7012544E71F468EF0C05680
:100AB0000D464FF0C05303E70F22DCE61222DAE6C0
:100AC000012603464FF0000A77464FF000083546EE
:100AD00037E700BF001C4E0E00C00F40000008406A
:100AE0001F85EB5100800D4040300080FFB19F26F4
:100AF000808D5B00FF7EF64D00643F4D7F300180AE
:100B00007FD1F0087F17B42C9F10E50083DE1B43D4
:100B10002C4C0020284C00204C9E002000B29F2628
:100B2000FF0A6B1B00A4781F0046C32323B24C00AE
:100B3000001BB7006C200080362000800020008061
:100B400000B970472DE9F84F01218146224C234E10
:100B5000234D54E8003F3268286844E80013002B16
:100B6000F7D120494B684FF47A7BDFF87CA01B1A41
:100B700001270BFB02F8DAF80020A2FB03235B45F8
:100B800094BF9844D84454E8003F3268286844E849
:100B90000073002BF7D14B68DAF800C01B1A0BFB6F
:100BA00002F2ACFB03C3B3F57A7F94BFD21802F50F
:100BB0007A72A2EB0802B2F57A7F08D3B9F1010F7D
:100BC00008F57A7809F1FF39DDD1BDE8F88F02F038
:100BD0002BFA0449D7E700BFD89E0020D49E0020FE
:100BE000D09E0020001000E04C9E002010B50F4B5E
:100BF0004FF0010C0E4CDFF844E053E8002F206862
:100C0000DEF8001043E800C2002AF6D1094B5B6809
:100C1000094A5B1A4FF47A71126801FB00F0A2FBDB
:100C200003238B4294BFC018401810BDD89E0020EB
:100C3000D49E0020001000E04C9E0020D09E00209A
:100C4000362812D802010C4B03EB00109B58C268E7
:100C5000D3F804C01CEA020F03D039B1C3F88420D2
:100C60007047836829B9054A1A607047C3F888201D
:100C70007047034A1A607047FC400020383001007A
:100C800038F0010036280BD8064B020103EB0010A8
:100C90009A58C36892681A4214BF01200020704716
:100CA00000207047FC400020362831D802011B4B41
:100CB000012903EB00109B5800B55A68D0E902ECFB
:100CC00012D0042910D022EA0C025A60C9B10229BC
:100CD0001FD003294FF015020CBF114B114BCEF85A
:100CE000003043681A6000BD42EA0C0201295A60D4
:100CF00007D040F63803CEF80030436815221A605A
:100D000000BD38231522CEF8003043681A6000BDBC
:100D10007047054BCEF80030EFE700BFFC400020E5
:100D2000383001003800010038F0010010B4134AD7
:100D30000020134B0121134CDFF84CC0C2F8F032F5
:100D4000C2F8F402C2F8B810C2F8A000C2F8A44079
:100D5000C2F8B0105369DB07FCD551619CF8003034
:100D6000DB07EFD41368054943F0010313600B68F8
:100D7000DB07FCD462B610BC704700BF00802A407D
:100D80000504012401000F0000812A4010B5DFF89E
:100D900040E04FF6FF7C0C480EF17E04A0F5805336
:100DA000002203E0834202F1010203D219880233D8
:100DB0006145F7D12EF8022FA64500F58050EDD100
:100DC000024B01221A7010BD00107C6040A0002070
:100DD0004E9E002041F2BB03984238D81D4B10B5FF
:100DE0001B7882B05BB382081B4BDFF874C0A3FB97
:100DF0000213D11A03EB510318495B09C3EB831E9D
:100E00001C46A2EB0E033CF813C059184FEA4C0CD9
:100E10000A030CEB013CBCEB013F15D900F0030EBB
:100E2000FF204EEA840E134602321B88D9B21B0AF9
:100E30008E4508BF18469445F5D802B010BD019004
:100E4000FFF7A4FF0198CEE7FF2002B010BDFF20FE
:100E5000704700BF40A0002005411004C0070600F5
:100E6000509E002030B583B072B6334B40F2064539
:100E7000324C9C610224DC610024C3F8A040C3F81A
:100E8000F0528518C3F8F442C3F8F842C3F8FC42A4
:100E90004FF47024C3F8A4400124C3F8B04020F0FC
:100EA0001F03BFF34F8F4FF0E024C4F85C3F2033A3
:100EB0009D42FAD8BFF34F8FBFF36F8F1E4D6B6902
:100EC000DC07FCD50123DFF87CC094B220F07F4022
:100ED0006B6144F47024C5F8F0C242F2012CC5F8ED
:100EE000F4C2C5F8BC30C5F8A000C5F8A440124C47
:100EF000C5F8B03001E05B060AD4636913F0010560
:100F0000F9D04123636103B0BDE83040FFF70EBF65
:100F1000082A0DD842B10A48CDE9001200F0C0F904
:100F2000DDE9001211442A46034B40205861E4E7F2
:100F3000A2F108050822EEE700802A40F05AF05A94
:100F400080812A403204180800B5864672B6294BC3
:100F500002212948002298614FF47020D96140F2A3
:100F60000641C3F8F0120121C3F8F422C3F8F822B5
:100F7000C3F8FC22C3F8A020204AC3F8A4000EEA5C
:100F80000202C3F8B010BFF34F8F02F1200302F545
:100F900080514FF0E02C8B422CBF0121802102EBCD
:100FA00041118B42CCF85C2F1A4603F12003F8D193
:100FB000BFF34F8FBFF36F8F0E4A5369D907FCD52C
:100FC00001200F490F4B4FF4702C50610EEA0303C0
:100FD000C2F8F0120749C2F8A030C2F8A4C0C2F8A3
:100FE000B0004B69DB07FCD501235DF804EB4B61D6
:100FF000FFF79CBE00802A40F05AF05A00F0FFFF35
:101000002004180800F0FF0041F2BB03984200F2F0
:101010008E80484B2DE9F0471B78C2B00E4605463E
:10102000002B00F08180AB08434F05F00305A7FBC0
:101030000327DA1B07EB5207404A7F0945EA870579
:10104000C7EB8717DF1B3E4B32F81740FB186000D9
:101050004FEA033800EB0330B0EB033F68D9424658
:10106000FF21134602321B885FFA83FC1B0AAC4542
:1010700008BF19468242F4D38E4244D0B4F5006FC3
:1010800044D302AC4FF48072FF21204605F0F6FCF9
:1010900008F1020208F580532A48934294BF0123C5
:1010A0004FF40063424603EBC72318184000134671
:1010B00002321B888242D9B24FEA13236354F6D11D
:1010C0000DF1070966550DF2071A00254C464046FA
:1010D000FFF73AFF14F801CF02220DF1060108EBE9
:1010E0004500631EBCF1FF0FA3EB090306D043EAE2
:1010F0000C230135ADF80630FFF7B4FE5445E9D1B5
:101100000E4B23F8175042B0BDE8F08702A945EA1C
:101110000625022201340D80FFF7A4FE074B23F8B9
:10112000174042B0BDE8F087FFF730FE7BE770471D
:10113000FF21A1E740A0002005411004509E00209F
:10114000C007060000003E3062B170B505460C468F
:101150008E182046013415F8011BFFF755FFA642F3
:10116000F7D170BD704700BF704700BF36285CD80C
:10117000DFF808C1000170B55CF80030DFF800E16D
:1011800073455BD052D8B3F1844F55D0AEF5804E45
:10119000734549D1344E6044344CDFF8E8C0C4F89C
:1011A000B4C2D0E9015CC0684FF0E02E4FF00054AB
:1011B000042ACEF8104137D8D3F814E02EEA000EF6
:1011C000C3F814E04FF0050EC5F800E0DCF800E0CD
:1011D0004EF4803ECCF800E0D3F804C02CEA000CBA
:1011E000C3F804C0DFF8A0C05CF822C090FAA0F2F7
:1011F000B2FA82F246F8221022D0D9690F2A21EAE7
:101200000001D96120DC52004FF0030ED9680CFABE
:1012100002FC0EFA02F221EA020242EA0C02DA6051
:1012200098615A6902435A6170BD7047DFF85CE00B
:101230007345F9D10E4EAEE70E4EACE70E4EAAE75F
:10124000DA690243DA61EBE7103A4FF0030E1969ED
:1012500052000CFA02FC0EFA02F221EA020242EA01
:101260000C021A61DCE700BF705200200058002019
:1012700070530020F0510020F0520020FC4000206C
:101280000080004221000000980B002000C00042B6
:1012900008B5F5F77BFAF5F777FE01F0C5FEFAE73A
:1012A000844641EA000313F003036DD1403A41D371
:1012B00051F8043B40F8043B51F8043B40F8043B30
:1012C00051F8043B40F8043B51F8043B40F8043B20
:1012D00051F8043B40F8043B51F8043B40F8043B10
:1012E00051F8043B40F8043B51F8043B40F8043B00
:1012F00051F8043B40F8043B51F8043B40F8043BF0
:1013000051F8043B40F8043B51F8043B40F8043BDF
:1013100051F8043B40F8043B51F8043B40F8043BCF
:1013200051F8043B40F8043B51F8043B40F8043BBF
:10133000403ABDD2303211D351F8043B40F8043B5F
:1013400051F8043B40F8043B51F8043B40F8043B9F
:1013500051F8043B40F8043B103AEDD20C3205D36F
:1013600051F8043B40F8043B043AF9D2043208D067
:10137000D2071CBF11F8013B00F8013B01D30B88D9
:1013800003806046704700BF082A13D38B078DD0B7
:1013900010F003038AD0C3F10403D21ADB071CBF89
:1013A00011F8013B00F8013B80D331F8023B20F8F3
:1013B000023B7BE7043AD9D3013A11F8013B00F82C
:1013C000013BF9D20B7803704B7843708B788370B4
:1013D0006046704701F1FF3C70B566464FF0000E65
:1013E00001E00EF1010EB0FBF2F402FB1403092B35
:1013F00003F1370598BF03F130059042204606F807
:10140000015FEED201EB0E0300225A70BEF1000F15
:1014100011D0481C70440CF102021CF8014F10F866
:10142000015DA1EB0C03521A8CF80050013B0470D3
:1014300073449A42EFDB084670BD00BF72B6EFF30B
:101440000583524CC4F884301EF0040F0CBFEFF338
:101450000882EFF309824FF0E0234D4DD3F8280DB9
:10146000D3F82C1DC4E92201D3F8341DD3F8383D3C
:10147000C4E924139369A83444F8103CD36944F8B0
:101480000C3C00F0CFF804ED020A02F057FA0B23EF
:1014900044F8040C4FF0FF323E4844F8283C2B68D7
:1014A000202104355A4042F30003013903EA0003C6
:1014B00083EA5202F7D1A542F1D1344BC3F8A820F8
:1014C000BFF34F8F4FF0E0233149334AC3F8701F09
:1014D000C3F8702FBFF34F8FBFF36F8F2F4A0224D3
:1014E0002F48D36E2F4943F44053D3660460D36929
:1014F0002D4823F07F0343F04003D3610B68834200
:1015000040D8274D00204FF0E0234FF0FF322860F5
:101510000121C5F8080125480C460E46C5F8000112
:10152000C5F80811C3F88021C3F88421C3F88821C5
:10153000C3F88C21C3F8902101E000F0CFF9D5F871
:101540000C31002BF9D04F2CC5F80C6104F10104CB
:10155000F3D9174B022017494FF00042C1F8400160
:101560005A63D5F80C313BB9134814490C4A01634E
:10157000D2F80C31002BFAD04FF0E023104AC3F818
:101580000C2DFEE7FFF752F9BBE700BF00FF272055
:1015900080FF27202083B8EDA0FF272000C00F4048
:1015A000004008402C4C0020803DCD0B009F2400C3
:1015B00000900D4000002E4000800F40F100AD0B68
:1015C0000400FA05094A08B50346106823B103442C
:1015D00007498B4201D8136008BD05F071FB0C224E
:1015E00003464FF0FF301A6008BD00BF844E002054
:1015F00000002820002070474FF0FF30704700BFE8
:101600004FF4005300204B60704700BF012070472B
:101610004FF0FF30704700BF30BFFDE730BFFDE740
:10162000FFF70CBF124AD2F880305B07FBD5D2F827
:1016300080301048C3F30B230F4990ED007A07EE7A
:10164000903A91ED006AB8EE477A0C4AF8EEE77AE4
:101650000B4BD2ED006A77EEC77A93ED007AB8EEC5
:10166000477A67EE867A87EEA60A37EE400A704719
:1016700000810D403C9E0020449E0020489E00209A
:10168000409E002000B521BBDFF8ACC0264B002AED
:101690004FF0010048F2800108BF8021CCF84830AB
:1016A0001860002059601204CCF84C004FF0011C67
:1016B0001E499860C1F8BCC1D1F8B0311C4843F450
:1016C0008033C1F8B0310260D1F8B031002BFBD1CA
:1016D00000BD0904174B4FF0010C4FF0000E41F014
:1016E00080019860C3F800C0596000F58051DFF8B0
:1016F00048C0D96000F50051CCF80CE0196100F544
:10170000405100F58040CCF8083059610749986194
:10171000D1F8B03143F00103C1F8B031D1F8B031A4
:10172000002BFBD1B2E700BF2064002000002E4058
:10173000589C00204064002000000020836B70B59E
:1017400086460E4610461BB1536843F4004353606F
:1017500072B6DEF8342042B31B4B1060D3F8B021D0
:1017600032421ED1194C656805E06268A2EB050C97
:10177000BCF5166F0BD2D3F8402142F48042C3F877
:101780004021D3F8B811D3F840215204EDD53140AF
:1017900007D10D4ACEE90201D2F8B0313343C2F885
:1017A000B031CEF8340062B670BD0749CEE902020E
:1017B000D1F8B0313343C1F8B031CEF83000CEF8B3
:1017C000340062B670BD00BF00002E40001000E083
:1017D00070B5056B95B12B46002403E01B680134FE
:1017E000012B0CD05A681206F8D5036306462CB1BB
:1017F0002846B36B2D689847013CF9D170BD002293
:101800000023C0E90C23F1E700B501BBDFF8A0C05D
:10181000234B0021234A4FF0010E4FF00110996035
:10182000C3F800E0CCE902314FF0800CC3F804C0EB
:10183000C2F8BC01D2F8B0311B4843EA0E03C2F82B
:10184000B0310160D2F8B031002BFBD100BD0904EA
:10185000164BDFF85CC04FF0010E41F0800198603C
:10186000104A596000F58051C3F800E0D96000F5D6
:101870000051CCF84830196100F5405100F5804026
:10188000596100219861CCF84C10D2F8B03143F482
:101890008033C2F8B031D2F8B031002BFBD1B7E7BA
:1018A0002064002000002E40589C0020406400204E
:1018B00000000020074901220B78824023EA02033E
:1018C0000B7033B9044AD2F8483123F08003C2F8D0
:1018D0004831704745A0002000002E402DE9F04718
:1018E000AC4C82B0D4F84461F507C4F8446150D5DB
:1018F000D4F8AC31002B47D0A74D4FF00117DFF8DB
:10190000C082DFF8C092C4F8AC31D5E90A02D4F83D
:10191000403143F40053C4F84031D4F840319904C5
:10192000F5D5D4F8403123F40053C4F84031C4F85D
:10193000B471D4F8B43113F00113FAD11FFA80FC5A
:10194000C8F80030BCF5086F00F0558100F29A80AD
:1019500040F202318C4500F0AA8100F2AA80BCF16D
:10196000820F00F0FA81BCF5817F00F0CB81BCF1E1
:10197000800F40F09B80894802210380FFF744FFDD
:10198000D4F8AC31002BBED1824BD3F8BC41002C33
:1019900042D1700616D57F4BD3F8AC21C3F8AC21E9
:1019A000D3F8BC21C3F8BC21D3F8B041002CFBD143
:1019B0004FF0FF32C3F8B421D3F8843101F03CF981
:1019C000774B1C60F40103D5764B1B6803B1984735
:1019D000B00103D5744B1B6803B19847710708D554
:1019E0006C4BD3F8843113F4007348D06F4B012251
:1019F0001A70684BD3F848311A060AD5330608D551
:101A00006B4A13782BB1013BDBB21370002B00F053
:101A10003A8202B0BDE8F087DFF8A481C3F8BC4188
:101A2000D8F80020144240F0AE815D4B1B681C408A
:101A3000AFD01FFA84F8584D240C11D04FF0010993
:101A400094FAA4F7B7FA87F705EBC71009FA07F776
:101A50004030FFF7BDFEBC43F2D1B8F1000F98D083
:101A6000012798FAA8F4B4FA84F405EBC41007FA35
:101A700004F4FFF7ADFE38EA0408F2D189E74B4AD7
:101A80001370B6E742F221018C4500F09D805FD8CB
:101A9000BCF5106F00F0B78040F621139C4505D1CE
:101AA000B2F5102F4FEA1241C0F0A381C4F8C07103
:101AB00066E7BCF5A06F00F0DC80ACF5D06CBCF143
:101AC000010FF3D83B4B59680029EFD0000C1FFAE7
:101AD00082FE03E019690C330029E7D0B3F800C097
:101AE0008445F7D1B3F802C0F445F3D14FEA102C86
:101AF000120CBCF1030F00F087811B899A4228BFAA
:101B00001A46B0F5007F40F0A781284B1B78002BC8
:101B100040F0B581284929480192FFF7C1FBDFF861
:101B20009CA0019A2AF01F030AEB0201BFF34F8F1A
:101B30004FF0E020C0F8703F20339942FAD8BFF34D
:101B40004F8FBFF36F8F1D481146FFF75DFE17E7FC
:101B500042F221239C4543D042F221339C45A5D13A
:101B60000023C5F84890EB64C9F808300123C9F890
:101B700000308023C9F80430C4F8BC71D4F8B03107
:101B800043F48033C4F8B031D4F8B031002BFBD12A
:101B9000F6E600BF00002E4000000020049E00205A
:101BA0005C9C0020FC9F002000A0002051A0002091
:101BB00053A000202C450020982000600000202029
:101BC000589C002020640020110C07297FF46EAF80
:101BD000AF4BC3E900020122AE48FFF753FDCFE649
:101BE00092B2002ABCD1AC4B000C1A68AB4B1A6005
:101BF000AB4B1870B4E7AB4B0121AB481B780370BB
:101C0000FFF702FEBCE6000CA649A84A08704FF098
:101C1000C8110193C4F8C821C4F8CC11C4F8D0216C
:101C2000C4F8D421C4F8D821C4F8DC2101F006F8A6
:101C300000F082FB00F0CCFD00F042FA9C4A01214A
:101C4000019BAA6411608021936051604FF00112E2
:101C5000EB64C4F8BC21D4F8B02142F48032C4F85B
:101C6000B021944AC8F80030D2F8B031002BFBD133
:101C700086E68F4AEB6493600123AA641360802395
:101C800053604FF001138B4AC4F8BC31D4F8B03123
:101C900043F48033C4F8B031D2F8B031002BFBD11B
:101CA000030C5B0643F08073C2F8543168E612F00F
:101CB000780F7FF4FBAE02F07F017F4B12F0800FB4
:101CC00053F8212014BF42F4803242F0010243F85D
:101CD00021200021764BE96499600121AB641960F1
:101CE0008021744A59604FF00113C2F8BC31D2F818
:101CF000B03143F48033C2F8B031D2F8B031002BA8
:101D0000FBD13DE612F0780F7FF4D0AE02F07F01F8
:101D1000694B12F0800F53F8212014BF22F4803257
:101D200022F0010243F821200021614BE96499600F
:101D30000121AB64196080215E4A59604FF00113A4
:101D4000C2F8BC31D2F8B03143F48033C2F8B031BC
:101D5000D2F8B031002BFBD112E612F078037FF4F9
:101D6000A5AE554902F07F0051F820004E490B8086
:101D700013063BD5C20301D501230B7002214A484B
:101D8000FFF742FDFCE50022414942F22100C8F87C
:101D90000020D1E9002591B281423AD0474B9A42C6
:101DA0007FF443AE464B9D427FF43FAE394A00215B
:101DB000444B1278444D1A7001233D4A136080232E
:101DC000916053603B4BC5E902214FF00112C3F80B
:101DD000BC21D3F8B02142F00102C3F8B021C8F809
:101DE0000010D3F8B021002AFBD11EE6C307C5D5E9
:101DF000C2E7274BC3E90002264AE92310461370C5
:101E00000122FFF73FFCBBE50B789A4228BF1A4638
:101E100081E6A9B20029C1D11E492C4F03C9B9805E
:101E200086284FEA11413860B971B7D172B6284897
:101E3000017841F040010170D3F848110F0606D433
:101E400041F080018020C3F84401C3F8481162B614
:101E5000204B50211970A1E7B0F5E06F7FF45BAE25
:101E60001D4B1B786BB91D49DFF878A001925046D5
:101E7000FFF716FA07238AF80130019A52E617494C
:101E800049E61749F0E70620FFF714FD0BF07AFC4E
:101E9000887E0020509C0020D49E0020EC9F0020D3
:101EA0004FA0002050A00020049E00200200CC0083
:101EB0002064002000002E40C0012E4021090002B5
:101EC0000200010041A0002000000020E49F00204B
:101ED00045A0002053A0002051A000204821006010
:101EE00098200060000020202DE9F043441E83B0BC
:101EF000062C02D903B0BDE8F083124D90460F4680
:101F0000C60105EBC0143C2200210190201D99461A
:101F100004F0B4FDB8FA88F23904520941EA42717A
:101F20000122A951C4F83890A260B9F1000FE1D0A4
:101F30000549019B9A400B681A430A6003B0BDE84B
:101F4000F08300BF000000205C9C00202DE9F043DE
:101F500000F1FF3E83B0BEF1060F02D903B0BDE829
:101F6000F0839146C201124F884602F140060546B1
:101F70003C220021F4190193201D04F07FFDB9FAE1
:101F800089FC4FEA0842019B4FEA5C1C42EA4C7212
:101F9000BA510122A363A260002BDFD0054905F1ED
:101FA00010000B6882401A430A6003B0BDE8F0835A
:101FB000000000205C9C002012044FF0010C8160A6
:101FC00042F08002C0F800C0C36101F5805C01F5F9
:101FD0004053426001F5005201F58041C0F80CC049
:101FE0008161C0E904237047431E062B00D9704766
:101FF00000F1100C064B0A4603EBC01000B54FF081
:10200000010E0EFA0CF15DF804EBFFF797BB00BF71
:1020100040000020431E062B00D970474FF0010CF2
:10202000034B0A460CFA00F103EBC010FFF786BB26
:102030000000002040687047144B0A22DFF850C0AF
:10204000D3F8200220F07F4000EB800300B55B0056
:1020500085B0604538BF18466946FFF7BBF9DFF821
:1020600034C06B460022604619780132013341B119
:102070000A2A20F8021FF7D116228CF8002005B09A
:1020800000BD52008CF8002005B000BD00441F4088
:10209000809698000455002000F0EEBE00F0BCBE13
:1020A00000F022BF00F0DABE00F070BF00F04ABFBF
:1020B0000846114600F03CBF084600F025BF00BFAF
:1020C00080220021064810B504F0D8FC0023054802
:1020D0000C211A4603700720BDE81040FFF736BFF9
:1020E000606500204AA000202DE9F047304E33788B
:1020F000002B58D0DFF8DCA02E4C2F4D9AF8009022
:10210000D5F8008004EB49142C4F0CE03B78002BF1
:1021100049D12B68A3EB08031E2B42D83378002B40
:1021200041D000F081FF2046FFF784FF10F08000CF
:10213000ECD12349234B387048681B681B0CC3EB58
:102140000312214B22F00042A3FB0232120A4B6819
:102150001B1A9A42FBD81D4D00231D4A05EB491559
:1021600007CA85E807000C2229462046FFF724FF0E
:10217000BFF34F8F4FF0E023C3F8705FBFF34F8F73
:10218000BFF36F8F07202146FFF72EFF09F10109EA
:102190000020B9F1030F88BF81468AF80090BDE89E
:1021A000F08701233B704FF0FF30BDE8F08700BFA0
:1021B00050A0002060650020D49E002046A0002092
:1021C000001000E02C4C002011239708C0002020B4
:1021D000F09F00204AA000202DE9F04F334E83B03D
:1021E0003378002B5CD0DFF8E4A08346304C9AF8BB
:1021F0000090304D04EB49142F4FD5F80080019129
:102200000CE03B78002B4BD12B68A3EB0803322B5F
:1022100044D83378002B43D000F006FF2046FFF768
:1022200009FF10F08000ECD12449254B3870486834
:102230001B68244D1B0CC3EB031222F00042A5FBCC
:102240000252120A4B681B1A9A42FBD81E4D019B80
:1022500005EB4915186859682A46002303C208226D
:1022600029462046FFF7A8FEBFF34F8F4FF0E0232B
:10227000C3F8705FBFF34F8FBFF36F8F584621468F
:10228000FFF7B2FE09F101090020B9F10B0F88BF79
:1022900081468AF8009003B0BDE8F08F01233B70BF
:1022A0004FF0FF3003B0BDE8F08F00BF50A000201A
:1022B000E0650020D49E002047A00020001000E030
:1022C0002C4C002011239708400120204BA0002017
:1022D00017494FF0000C0A884B8862F3070CC2F3D1
:1022E000012200B542EA8302B1F804E0C3F383138C
:1022F000C988CEF3051062F30F2C43EA0E1383B0A6
:1023000040EA81108A0863F3174C0A4B694660F370
:102310001F6C8DF804201A8805209B78CDF800C02A
:10232000ADF805208DF80730FFF756FF03B000BD6C
:10233000C87E0020D07E002010B54FF4C07200216E
:10234000094804F09BFB0023084808211A46037043
:102350000420FFF7FBFD0023082105201A46BDE8F5
:102360001040FFF7F3BD00BFE06500204BA0002048
:102370000C4B00220C4800B583B090F800C01888C0
:102380008DF8012069465A889B88ADF80200042028
:102390008DF800C0ADF80420ADF80630FFF71CFF43
:1023A00003B000BDC07E002042A0002000B551B1A6
:1023B000144A137831EA030C05D00B431370C8B1EB
:1023C0004FF0010E02E0C8B14FF0000E0E4A02F1CC
:1023D000060C134619780133814208D09C45F9D187
:1023E00000231178013251B10133062BF9D1BEF12E
:1023F000000F03D05DF804EBFFF7BABF00BD024A3F
:10240000D054F7E742A00020C07E002008B51B4B47
:1024100000201B4903F1060C0A780870197803F8AC
:10242000010B634542EA0102F8D102BB154B0022C1
:1024300003F1080E104619884FF0000C23F8020B28
:10244000002918BF42F001027345F4D10E4B93F8F6
:1024500000E05978188041EA0E01987883F802C0AC
:10246000084318BF42F00102D2B21AB908BDFFF703
:102470007FFFDBE7BDE80840FFF72ABFC07E0020F2
:1024800042A00020C87E0020D07E0020B0F5424F40
:1024900000B519D3030ADF2B15D9F02B5ED0E02B42
:1024A0004ED0E22B70D01C33DBB2032B0BD8C0F321
:1024B000090040B10022444B19880233814277D091
:1024C0000132042AF8D100BD1F2819D80A2842D0A9
:1024D0000B28F8D100222B203C4B4FF0000E03F1CB
:1024E000060C13F8011B814202D1012203F801EC12
:1024F0009C45F6D1002AE6D05DF804EBFFF738BF23
:102500007F28E0D8324B034413F8203C002BDAD06C
:1025100003F03F0013F0400303D10028D3D01A4644
:10252000DAE72C490B7813F0020206D023F00203FD
:102530000B700028E0D00122CEE70028CCD100BDEE
:1025400010F0FF02BFD023490B781A42BBD023EA18
:1025500000030B70D0E700222820BDE710F0FF0039
:10256000B1D01A4B4FF0000C991DE64613F8012B21
:10257000904203D14FF0010C03F801EC9942F5D1E0
:10258000BCF1000FB8D19EE710F0FF009BD0124BBA
:102590001A78824214D05A78824213D09A788242B2
:1025A00091D10222002199545DF804EBFFF790BE0F
:1025B000002305495DF804EB21F81230FFF788BECF
:1025C0000022EFE70122EDE7C87E0020C07E002058
:1025D0009444002042A00020D07E0020B0F5424F5D
:1025E00024D3030ADF2B27D9F02B48D0E02B37D098
:1025F000E22B48D01C33DBB2032B1DD8C0F30900FB
:10260000D0B1314A00B502F1080C9646134619883C
:102610000233814209D09C45F9D10023118802324E
:10262000002947D00133042BF8D100BD1F2804D85E
:102630000A2821D00B2810D070477F28FCD8234BC4
:10264000034413F8200C0028F6D0C0F3801100F0EA
:102650003F004900C9B2FFF7A9BE2B200021FAE7CD
:1026600010F0FF00E8D01A4B1A7830EA0201E3D0EC
:1026700010431870FFF77CBE28200021EBE70021F3
:10268000C0B2FFF793BE10F0FF00D5D0114B197800
:102690008842D1D05A789042CED093F802C060459B
:1026A000CAD079B162B1BCF1000FC5D102229854F1
:1026B000FFF70EBE2EF813005DF804EBFFF708BE1F
:1026C0000122F4E70A46F2E7C87E00209444002085
:1026D00042A00020D07E00202DE9F04F334E83B081
:1026E0003378002B5DD0DFF8E4A08346304C9AF8B5
:1026F0000090304D04EB49142F4FD5F80080019124
:102700000CE03B78002B4CD12B68A3EB08031E2B6D
:1027100045D83378002B44D000F086FC2046FFF7E4
:1027200089FC10F08000ECD12449254B38704868B2
:102730001B68244D1B0CC3EB031222F00042A5FBC7
:102740000252120A4B681B1A9A42FBD81E4D594678
:10275000019E05EB491532462846FEF7A1FD32469B
:10276000002329462046FFF727FCBFF34F8F4FF089
:10277000E023C3F8705FBFF34F8FBFF36F8F062066
:102780002146FFF731FC09F101090020B9F1030FDF
:1027900088BF81468AF8009003B0BDE8F08F01231E
:1027A0003B704FF0FF3003B0BDE8F08F50A0002029
:1027B00060670020D49E002048A00020001000E0A8
:1027C0002C4C002011239708C00220204CA0002090
:1027D00080220021064810B504F050F90023054876
:1027E00008211A4603700620BDE81040FFF7AEBB73
:1027F000606700204CA00020B0F1000C4FF00000FA
:1028000010B518BF4FF0010C82B0DFF854E0ADF8FE
:102810000200ADF804004CF004009DF810400029BF
:1028200018BF844668464CF00201002A18BF8C4647
:1028300001214CF008028DF800100621D2B2002BC5
:1028400018BF94464CF01003DBB2002C18BF9C4616
:102850008EF800C08DF801C0FFF73EFF02B010BD3A
:1028600052A0002000B54FF0010C83B08DF800C0DD
:10287000DFF844C09CF800C08DF801C06FF07E0CFA
:102880006045B8BF60466145B8BF614662458DF896
:1028900002006846B8BF624663458E464FF00601A7
:1028A000B8BF63468DF804208DF803E08DF805303D
:1028B000FFF712FF03B000BD52A0002070B5164D07
:1028C0004FF0E02415494FF40032154E05EB40154A
:1028D00082B001EB4021C4F88C210346328828469F
:1028E0000191FFF769FB019933880B44BFF34F8FC8
:1028F000C4F85C1F20318B42FAD8BFF34F8FBFF36F
:102900006F8F03202946FFF785FB4FF40033C4F88F
:102910000C3102B070BD00BF606400204003202075
:1029200012A00020264B1A884368C3F30E43D21A24
:10293000002AF0B5C46983B028DD2248224D017811
:102940002D78CBB2DFF894C0A942204D09D01CF8F5
:1029500003100F4635F811100E46C1F500718A427A
:102960001AD90133002125F81420082B184D88BFEF
:102970000B4625F8141098BF19460CF80340154B68
:10298000017019680A441A6003B0F0BD204603B014
:10299000BDE8F040FFF792BF0F4906EB47200192D8
:1029A000084401EB4421FEF77BFC019A09492046CB
:1029B000B31825F817300B6813440B60E7E700BF26
:1029C00012A0002043A0002044A00020109E002060
:1029D000209E00200C9E002040032020309E0020DE
:1029E000224B1A78002A3FD102F0FF03204A1278C6
:1029F000002A39D01F4A1288002A35D01E49C2F554
:102A0000006210B5087884B01C4901EB40141C49E1
:102A100001EBC0212046CDE902230191FFF7CCFA5A
:102A2000DDE901120A44BFF34F8F4FF0E020039B12
:102A3000C0F8701F20318A42FAD80193BFF34F8F3C
:102A4000BFF36F8F03202146FFF7CEFA0A4800211B
:102A5000084B027819800132019BD2B2032A98BF39
:102A60001346037004B010BD704700BF4EA0002095
:102A700050A0002014A000204DA00020E0670020FE
:102A8000401320202DE9F04F87B00490002900F07A
:102A9000BF8000235F4C604F4FF00109DFF890A129
:102AA0005E4E029303915E4B5E4A1D783B8802EBBB
:102AB000451284F800900192002B40F0A5809846C2
:102AC0001D469B460198FFF7B5FA10F0800000F014
:102AD0008B80BFF34F8F9AF8003084F800B00DB9A7
:102AE000D6F80080002B7BD13368A3EB0803782B4A
:102AF00000F283804C4B1B78002B71D000F094FACD
:102B00003B88012584F80090002BDBD044491A460D
:102B1000C3F500600D78039900EBC520DFF814B110
:102B20009142584417D20593DDE903210192FEF743
:102B3000B7FB019A4FF04041059B9B1A3B803B4BF2
:102B4000C3F88410BFF34F8F029800231044237002
:102B500007B0BDE8F08F0499FEF7A2FB00230BEB52
:102B6000C5214FF400620198FFF726FA0BEBC5214F
:102B7000BFF34F8F01F1200201F50063934294BF30
:102B8000012340234FF0E02201EB4313C2F8701FF2
:102B900020318B42FAD1BFF34F8FBFF36F8F0320E9
:102BA0000199FFF721FA1E4A13780133DBB2042B97
:102BB00028BF002313703B88039AD11A029A1A4443
:102BC00003910292049A1A4400230492174A3B800C
:102BD000C2F88430BFF34F8F237000297FF463AFB6
:102BE000029807B0BDE8F08F4FF400620C4B8AF8F2
:102BF00000001D7813463A808DE7012302988AF879
:102C0000003007B0BDE8F08F1A46C3F5006082E7D8
:102C10000846E6E74EA0002014A00020D49E002025
:102C20004DA00020E067002050A0002000002E40B2
:102C300049A0002040132020704700BF2D4B0021E9
:102C400080222D4870B51B7800242C4E8B420CBF7F
:102C500040234FF400732A4D33802B8003F00EFF86
:102C6000284A2146284B14704FF4807227481C8054
:102C700003F004FF264A1021264B0220C2E900443B
:102C8000C2E90244244AC3E900441470234AC3E958
:102C90000244234B1C70234614602246FFF756F96A
:102CA000204B224631880320FFF71EF923460122DC
:102CB00029880320FFF74AF920460134FFF7FEFD7B
:102CC000082CF9D1184B00214A221848184C0460EE
:102CD000C3F88410C3F88020D3F84821154942F086
:102CE0008072C3F8482121B1134A137843F00103DD
:102CF000137070BD51A00020E067002012A00020DA
:102D000016A000204DA0002014A000206064002028
:102D1000109E0020209E002043A000200C9E00203A
:102D200044A000202107020000002E40FC9F00204C
:102D3000DD0702000000000054A000202DE9F84F3C
:102D40004FF400324FF0E023C3F88C212B4B1C785A
:102D5000002950D082468B46E4B20027DFF8B490B9
:102D6000274B5046274AABEB07081B78A34204F1D8
:102D7000010437D0092C244B244928BF00241E5DB0
:102D800039F8163031F8165003EB4621ED1A11448C
:102D9000A8452A4617D21E4C42465046FEF780FAF6
:102DA000236839F816105846A3EB0B0388443B44BC
:102DB00029F8168023604FF0E0234FF40032C3F867
:102DC0000C21BDE8F88FFEF76BFA114A2F4430460C
:102DD0001368AA445B1B1360084A1470FFF76EFD6A
:102DE000BB45BDD84FF0E0234FF400323846C3F85E
:102DF0000C21BDE8F88F0846DDE700BF44A00020A5
:102E000043A0002040032020309E0020109E002080
:102E10000C9E0020209E00200B4B0C4A1278197843
:102E2000D3B28A420DD0013309480A4A092B0A4914
:102E300028BF0023C35C31F8131002EB4323585C16
:102E400070474FF0FF30704743A0002044A000209F
:102E5000309E002040032020209E0020054B186853
:102E600000B1704700B583B0019000F0DDF8019823
:102E700003B000BD0C9E00202DE9F84F144E154DF7
:102E800033782A78934220D0DCB2DFF85090DFF814
:102E900050B0DFF85080104F0134082CA24601D901
:102EA0000024A24619F80400DBF8003038F810209E
:102EB00037F81010521A9B1ACBF80030FFF7FEFCBF
:102EC00086F800A02B78A342E6D1BDE8F88F00BFBA
:102ED00044A0002043A00020209E0020309E00201F
:102EE0000C9E0020109E002000B583B001210DF142
:102EF0000700FFF723FF18B19DF8070003B000BDDE
:102F00004FF0FF30FAE700BF084B00B583B01B78E5
:102F10008DF8070033B101210DF10700FFF7B2FD75
:102F200003B000BD03F0FF0003B000BD50A00020BF
:102F3000034B1B780BB1FFF7A5BD03F0FF007047F3
:102F400050A000202DE9F04100240D4E01230D4D2D
:102F5000A0460D4F33703B782846A34205D0FFF7BB
:102F600069F8030658BF08F5006801342035042CC1
:102F7000F1D1BFF34F8F002340463370BDE8F0819D
:102F80004EA00020E06700204DA00020204B1B78C1
:102F900013B1204B1A8802B970471F4BC2F500626B
:102FA0001E481F4930B51B7883B01E4C00EB431000
:102FB00001EBC3210123054623700023CDE9001254
:102FC000FEF7FAFFDDE900120A44BFF34F8F4FF01E
:102FD000E023C3F8701F20318A42FAD8BFF34F8F25
:102FE000BFF36F8F03202946FEF7FEFF0A49002238
:102FF00008480B7802800133DBB2042B28BF13464C
:103000000B70BFF34F8F074B1A7003B030BD00BF7A
:1030100050A0002014A000204DA00020E067002058
:10302000401320204EA000202E4B2DE9F0411E78A9
:1030300086B1DFF8C88098F800305BB90123F1074A
:1030400088F8003040D4B20727D4002388F8003035
:10305000730701D4BDE8F081234B1A68002AF9D028
:10306000EFF30582002AF5D1EFF3108572B61868E8
:10307000002830D01D4C217800292CD1012222704B
:1030800042691A60002A2AD0916105B962B600250A
:103090008368457798472570DCE7154B1B78002B34
:1030A000D3D0144F002557F8044F236820461B69DE
:1030B000984710B163699B6898470D4B01351A78A2
:1030C000EBB29A42EFD8C0E7FFF7C8FE0028BAD0AB
:1030D000AFF30080B7E7002DBCD162B6BAE7064B6C
:1030E0001A60D2E754A000209C96002031A0002056
:1030F00033A00020FC630020A896002037A0002009
:1031000001207047B0F84630B0F848209BB292B228
:10311000934202D2013AD01A7047416B01390A44F6
:10312000D01A7047016972B6B0F84A20B0F84C3036
:1031300092B29BB29A423CBF806B1218C86AD31AF3
:1031400062B6C0F302601844704700BFB0F84A107E
:103150000246B0F84C3089B29BB2994210D001338C
:10316000906B116B984298BF0023994203D9126A61
:10317000D05CC0B270475B1A526AD05CC0B2704774
:10318000D0F810C072B6B0F84A0080B2814201D0C7
:1031900062B6E4E7DCF82C3013F0E06F03D14FF0B7
:1031A000FF3062B67047DCF81C0000214FF0010CC4
:1031B000136AC0F30900A2F84AC0A2F84C10587074
:1031C000EFE700BFB0F84AC00146B0F84C301FFA34
:1031D0008CFC9BB29C4525D0013310B5D1F838E06A
:1031E0009E4515D90A6B1C469A4216D90A6AD25CCA
:1031F000D0B28A6DA1F84C404AB19C451DD3ACEBCE
:103200000303CC6B9C4202D3CB6DC2F8883010BD57
:1032100000240A6B23469A42E8D8486A9A1A825CCC
:10322000D0B2E6E76246006972B6B1F84AC01FFA4A
:103230008CFC624505D062B6CEE7E644AEEB0303F4
:10324000DFE7C36A13F0E06F03D14FF0FF3062B6DF
:103250007047C069C0F30900F9E700BF90F8443037
:1032600043B110B50446FFF7DFFE94F84430002B5D
:10327000F9D110BD704700BF38B54369D3E90312D7
:10328000096811422DD00169044690F844200D468A
:1032900032B1FFF7C9FE94F84430002BF9D16369CD
:1032A0000021104AA961207E03EB0010007D02EB93
:1032B0000010D0F804C00520CCF8000094F819C024
:1032C00003EB0C1393F8343002EB0312A36D526836
:1032D0001060A4F84A10A4F84C1013B1E26DC3F8C2
:1032E000842038BDFC40002007EE901A9FED947AB0
:1032F0000421B6EE005AF8EE677A9FED926A41F625
:10330000FF7CC7EE275A2DE9F04315468E46012271
:10331000046907EE901AF8EEE77A85EEA77A77EE61
:10332000057AFDEEE77A17EE903A6345A8BF63464B
:10333000012BB8BF012307EE903AF8EEE76A76EE6C
:10334000C76AC6EE877AF5EEC07AF1EE10FA01D5BB
:10335000F1EE677AF4EEC67AF1EE10FA03D8B0EE29
:10336000676A8E461A4601312129D2D1416900236C
:10337000866BB1F85870A0F84A30F71BA0F84C30B3
:10338000A0F84630C763B1F85A70A0F84830F61B71
:1033900080F844300664D1E903763B683343AE05D8
:1033A0003B60C5F34023837600F1A580077EDFF8FC
:1033B000C08101EB0717644B97F814C0D7F81C9035
:1033C00008EB0C1CDCF80860DCF804C03360BB6957
:1033D000CCF80030B9F1000F02D03F6AC9F8007094
:1033E000477ED92301EB071797F834C008EB0C1C74
:1033F000DCF808603360BF6BDCF804301F60437E8C
:1034000001EB0313DF6B0FB11B6C3B60BEF1080FC8
:103410000EF1FF3CCCBF4FF0000E4FF0010E42EA20
:103420004E434FEA0C6202F0F8521343002223612C
:103430004B7849681033E260444A42F823104269ED
:103440004FF0010E424905F0030C5778B2F85620B0
:10345000404B7A544FF0021741694A7803EB5213FC
:1034600002F01F029B000EFA02F21A60E762A36AE2
:1034700043F08803A3626B0734D44CF47013AF0697
:10348000827E2AD543F08053002A3CD12E07A361C7
:1034900003D5236943F0005323616369EA0654BFEF
:1034A00023F0805343F080536361EB0503D5236918
:1034B00043F4005323618B686BB1274D2C78002CAB
:1034C0003CD0264B03EB840101E08B422AD053F819
:1034D000042F9042F9D1BDE8F083002AD6D043F002
:1034E000A003D3E705F00F03042B14BF1C4B1D4BA7
:1034F0004CEA0303C3E7477E4FF2D903DFF870803D
:1035000001EB071770E7427E43F0A00301EB0212C4
:1035100092F8342008EB0216B668326822F4404272
:103520003260B3E7611C104A104B297043F8240045
:10353000137843F002031370BDE8F0830121F2E732
:10354000001BB74BEC78AD6038F00100005800204C
:1035500000E400E04038003833A00020FC63002085
:1035600010003C0010003C4054A0002000640020EB
:10357000FC400020EFF31380B8B9EFF310834BB990
:10358000EFF305823AB94FF48073EFF3118050B135
:10359000984208D270470F2A02D8EFF31182704781
:1035A000034B9B5CF1E7184670474FF0FF30F1E7A3
:1035B000F0E300E0036D2DE9F0418846044606691A
:1035C00013B1426DC3F88420A37E2BB172B6B369E8
:1035D00043F00053B36162B6B4F84650636BADB2CA
:1035E0000135AB424CD800273D46B4F848309BB279
:1035F0009D4219D029E073691B0210D5B4F84830F8
:10360000626B9BB201339A4237D91A46E16A9942FA
:103610002ED9E169CB5CDBB2F361A4F84820B4F8A1
:1036200048309BB2AB4210D1FFF7A4FF6369B3F8F7
:1036300056308342DFDAB0F5807FF0D1FFF7F4FC3B
:10364000B4F848309BB2AB42EED0E26AAA4219D934
:10365000E26902F8058072B6012084F84400A4F8FB
:103660004670B36943F40003B36162B6BDE8F0810C
:103670005B1AA16ACB5CDBB2CEE700221346C5E73A
:103680002F46B2E7AD1AA26A02F80580E3E700BF51
:10369000FFF790BF0269536913F4401F70B537D02C
:1036A000D36A13F0E06FC3F3026E2ED0B0F84A4035
:1036B000B0F84C30A4B29EB2D2F81CC0631CB0F873
:1036C0004C10856BCCF3090C89B29D4298BF002346
:1036D000994208D0016B9942A3EB010166D9016AB6
:1036E00001F803C01C460EF1FF3313F0FF0EE3D1C7
:1036F000836DA0F84A4043B1B4425BD3A41B016C74
:10370000A14202D8C16DC3F884105369DD0248D4C8
:10371000D2F818E01EF4000F28D053691C0225D5FA
:10372000B0F846C0B0F848301FFA8CFC9BB206E0F7
:10373000C169C95CC9B2D161D16A490512D4634576
:103740003CD0446B0133C16A9C4298BF002399422C
:10375000A3EB0104ECD8816A095DC9B2D161D16AD9
:103760004905ECD56345A0F8483029D01EF4800FF8
:1037700016D053695B0213D50021036D80F8441005
:1037800013B1416DC3F88810837E2BB172B6936973
:1037900023F00053936162B6936923F4800393612D
:1037A00070BD536943F480135361B1E7446A04F870
:1037B00001C097E7816B891B0C44A0E7A0F8483053
:1037C000936923F400039361936943F48003936145
:1037D000CCE700BF10B500234FF470440F224FF424
:1037E000806EA0F88C411946A0F88E214FF46044F9
:1037F000A0F890310A46B0F8883148F2B82C43F06E
:10380000F003A0F8883101EB4103013100EB4313D1
:1038100004299C80A3F806E05A841A865A805A81AB
:10382000A3F80EC05A82DA825A83DA83EBD1B0F859
:10383000883143F00F03A0F88831B0F8883143F4A1
:103840007063A0F8883110BD374B384A996F3848FB
:1038500041F47F0170B5996741F20106D3F88010F9
:1038600045F6C05543F226040A43C3F88020FFF70B
:10387000B1FF00F58040FFF7ADFF00F58040FFF796
:10388000A9FF00F58040FFF7A5FF0022A0F5031077
:103890004FF00F0E114600EB42134FEA421C01326B
:1038A0009981042A5981A3F80EE09E82DD8020F8D8
:1038B0000C1019829C81EED100221E484FF00F0E91
:1038C00041F20106114645F6C05543F2260400EBCD
:1038D00042134FEA421C01329981042A5981A3F80C
:1038E0000EE09E82DD8020F80C1019829C81EED1C2
:1038F000002211480F2641F20105114645F6C05439
:1039000043F2260E00EB42134FEA421C013299812A
:10391000042A5981DE819D82DC8020F80C101982F6
:10392000A3F80CE0EED170BD00C00F40000003FC16
:1039300000C03D4000001E4000401E40074A506A43
:10394000936A19468446506A936A9942F9D184452C
:10395000F7D1DB0B43EA4040704700BF00400D4009
:1039600008B5D0E900325BB1BAB10F4BA3FB02132B
:10397000DB0803EB4303B2EB83030AD1012008BD4C
:10398000094BA3FB0213DB0803EB4303B2EB8303F6
:1039900001D0D21A4260F02AF0D803F091F91C222B
:1039A000034600201A6008BDABAAAAAA30B583B0AE
:1039B00060B3044621B11D46B2FA82F35B09A2B995
:1039C000206818B362680AB3164B174902FB03F369
:1039D000B1EBB30F1AD3A368FBB900232360636074
:1039E000A360E360012003B030BD0193069BC0E9F2
:1039F0000012C360FFF7B4FF60B1002DF2D062681F
:103A000001992068A56003F039F8EBE703F058F955
:103A100016230360002003B030BD002103F02EF810
:103A2000DBE700BFABAAAAAA5555551500B52DED89
:103A3000028BB0EE408A83B000F066FBB4EE488A99
:103A4000F1EE10FA06D6DFED0C7AB4EEE78AF1EE6D
:103A500010FA03D403B0BDEC028B00BDCDED017AAA
:103A600003F02EF9DDED017A87EEA70A212303602A
:103A700003B0BDEC028B00BD0000000082B08DEDF4
:103A8000010A019AB2F17E5F39D0A2F50003B3F1C9
:103A9000FE4F38D2BFEE000B02F140432A4903F536
:103AA0004D03C3F3C34001EB001091ED404B91ED8A
:103AB000445B91ED467B91ED426BD90DC90590EDCC
:103AC000002B521A03EE902A90ED021BDB15B7EE85
:103AD000E33AA2EE030B03EE903A20EE002BA5EEA4
:103AE000007BB8EEE33BA6EE027BA3EE041B30EEB8
:103AF000010BA2EE070BB7EEC00B02B070479FEDB3
:103B0000130A02B07047530017D0B2F1FF4F18D01C
:103B1000002A0DDBB3F17F4F0AD2DFED0D7A9DED68
:103B2000017A67EE277A17EE902AA2F13862B1E7A0
:103B30009DED010A02B000F0D7BA012002B000F0FA
:103B4000C1BA9DED010AD8E7480500200000000039
:103B50000000004B10EE101A10EE902AA1F5000C98
:103B60005000BCF1FE4F00F1FF336FF0807C7ED23D
:103B7000634538BF002080F0B980BFEE001B01F123
:103B8000404303F54D03C3F3C3426FF31603C91A51
:103B900007EE901ADB15B7EEE75A07EE903AAF4BF7
:103BA00003EB021292ED024B92ED002B00B5A2EE58
:103BB000051B93ED403B93ED426B93ED442BA1EE3F
:103BC000036B93ED465BB8EEE77B37EE047B93ED3A
:103BD000484BA1EE025B2DED028BA1EE047B21EEA2
:103BE000018BB7EEE00A28EE083BA8EE057BA6EEB7
:103BF000037B20EE077B17EE903A48F2BF01C3F338
:103C0000CF338B4283B04CD2B7EE000B944B93ED85
:103C1000402B37EE023B13EE102A33EE423B02F00C
:103C20001F01801803EBC10293ED424B37EE437B3B
:103C300053F831C0D2F804E093ED446B93ED465B4A
:103C4000A7EE046B27EE074B002111EB0C020EEBE5
:103C5000C033A7EE050B43EC172BA6EE040B20EEAA
:103C6000070BB7EEC00B03B0BDEC028B00BD634584
:103C700080F0B1804B00581E604580F09380002991
:103C80004BDB0020B1F5000FBFF477AFDFED757AA5
:103C900020EE270A10EE103A23F00043A3F138611A
:103CA0006BE79FED666BB4EEC67BF1EE10FA16DCA7
:103CB0009FED646BB4EEC67BF1EE10FA43DD4FF07E
:103CC0004C53002860D00193DDED016ABFEE006A1D
:103CD00076EE666AF4EE466AF1EE10FA94D003B01E
:103CE000BDEC028B5DF804EB00F0E6B9002869D06A
:103CF000B1F17E5F3FD0B0F17F4F69D14B00B3F19E
:103D0000FE4F6FEA020234BF00230123D20F934219
:103D100000F08F809FED540A7047C2F3C7537E2B8B
:103D200027D9962B64D80120C3F1960300FA03F338
:103D3000581E10421DD1134214BF01200020000460
:103D400021F000419EE79FED416BB4EEC67BF1EEA2
:103D500010FA30D99FED3F6BB4EEC67BF1EE10FA4E
:103D60007FF552AF03B0BDEC028B5DF804EB00F0C1
:103D70009DB900F0B9B982F480035B0013F5000F20
:103D800026D8B7EE000A70470093DDED006AB7EE63
:103D9000006A76EE866AF4EE466AF1EE10FA3FF4B7
:103DA00033AF9CE7002920EE000A23DB0020BBBBD9
:103DB0009A423CDB704703B0BDEC028B5DF804EB2C
:103DC00000F06EB981F480035B0013F5000FD8D9C1
:103DD00030EE200A70470028F4D04B00B3F17F4F3B
:103DE000F6D8B0F17F4FF3D1B3F1FE4F87D1C8E7DA
:103DF0000020A5E7C2F3C751A1F17F001728D5D84D
:103E0000C1F19600012101FA00F000F1FF3C1CEA2B
:103E1000020FCBD11040CAD0B1EE400A0846C6E727
:103E2000002AC7DAF7EE007A87EE800A704700F0C2
:103E300049B920EEA00A7047AFF3008071D5D1FFD9
:103E4000FFFF5F40E2AAA3FFFFFF5F40000000000A
:103E500000C062C00000000000A062C0580700203F
:103E6000000400200000004B0000000010EE102AAB
:103E7000C2F30A53B3F57D7FB7EEC07A1ED2B3F515
:103E8000667F72D327EE077B27EE071B734B93EDFC
:103E9000142B93ED125B93ED0E3BA7EE025B27EE26
:103EA000012B93ED0C6B93ED104BA7EE036BA1EE82
:103EB000046BA5EE026BB7EEC60B704740F22E41C5
:103EC0008B4255D8654A92ED086B27EE066BFDEEE6
:103ED000C66B92ED0A5B16EE903A03F500031B16D3
:103EE000990706EE903A54BF114602F17001D807C7
:103EF000B8EEE66BA6EE457B27EE076B1CD503F00C
:103F0000030302EBC30291ED185B92ED000B91ED00
:103F10001A3B27EE000BB0EE457B91ED164BA6EE5B
:103F2000037B20EE065B26EE056BA5EE040BA7EEE9
:103F3000060BB7EEC00B704791ED144B26EE065BF7
:103F400091ED127B91ED0E2BA6EE047B26EE054B38
:103F500091ED0C0B91ED103BA6EE020BA5EE030BC1
:103F6000A7EE040BB7EEC00B7047B7EE000A704720
:103F7000B3F5FF6F53D2C2F38361394B03EB810C6E
:103F800053F82110C2F31603C2F3C25043F40003E6
:103F900010B58340DCF82000DCF810C003FB01F111
:103FA000A3FB00E0E3FB0C0101F1005382B09C0F86
:103FB00003F04043C91A8DED010A00F03DFA019A61
:103FC0009FED246B04EBD27241EC170B900754BFAA
:103FD000224B244B27EE067BE10727EE076B20D50B
:103FE0001E4902F0030201EBC20293ED185B92ED51
:103FF000000B93ED1A3B27EE000BB0EE457B93EDE3
:10400000164BA6EE037B20EE065B26EE056BA5EEB7
:10401000040BA7EE060BB7EEC00B02B010BD00F00C
:1040200063B893ED144B26EE065B93ED127B93ED94
:104030000E2BA6EE047B26EE054B93ED0C0B93EDB9
:10404000103BA6EE020BA5EE030BA7EE040BE2E776
:10405000AFF30080182D4454FB21193C8008002048
:10406000783F0020F008002010B582B08DED010AE5
:10407000044602F025FE9DED010A046002B010BD69
:1040800030B1F1EE407A27EE800A2220FFF7ECBF34
:10409000F0EE407A27EE800A2220FFF7E5BF00BF4E
:1040A0009FED010AFFF7ECBF000000109FED010A31
:1040B000FFF7E6BF0000201A9FED010AFFF7E0BFFF
:1040C000000000709FED070AF7EE007ABFEE007A5D
:1040D00000284FF0220047FE877A87EE800AFFF71C
:1040E000C3BF00BF0000000070EE407AB4EE400A8B
:1040F00087EEA77AF1EE10FAB0EE470A02D6212039
:10410000FFF7B2BF704700BFB1EEC00A704700BFF3
:1041100003460846194602F03DBA00BF81F000414F
:1041200002E000BF83F0004330B54FEA41044FEA9C
:10413000430594EA050F08BF90EA020F1FBF54EA37
:10414000000C55EA020C7FEA645C7FEA655C00F0D3
:10415000E2804FEA5454D4EB5555B8BF6D420CDDA4
:104160002C4480EA020281EA030382EA000083EA27
:10417000010180EA020281EA0303362D88BF30BDC7
:1041800011F0004F4FEA01314FF4801C4CEA11311D
:1041900002D0404261EB410113F0004F4FEA03337C
:1041A0004CEA133302D0524263EB430394EA050F07
:1041B00000F0A780A4F10104D5F1200E0DDB02FA76
:1041C0000EFC22FA05F2801841F1000103FA0EF20A
:1041D000801843FA05F359410EE0A5F120050EF1D0
:1041E000200E012A03FA0EFC28BF4CF0020C43FA01
:1041F00005F3C01851EBE37101F0004507D54FF00E
:10420000000EDCF1000C7EEB00006EEB0101B1F55D
:10421000801F1BD3B1F5001F0CD349085FEA3000A3
:104220004FEA3C0C04F101044FEA445212F5800FAE
:1042300080F09A80BCF1004F08BF5FEA500C50F14B
:10424000000041EB045141EA050130BD5FEA4C0C2E
:10425000404141EB0101013C28BFB1F5801FE9D28B
:1042600091F0000F04BF01460020B1FA81F308BFAE
:104270002033A3F10B03B3F120020CDA0C3208DD7A
:1042800002F1140CC2F10C0201FA0CF021FA02F155
:104290000CE002F11402D8BFC2F1200C01FA02F1C5
:1042A00020FA0CFCDCBF41EA0C019040E41AA2BFEA
:1042B00001EB0451294330BD6FEA04041F3C1CDAB2
:1042C0000C340EDC04F11404C4F1200220FA04F0D2
:1042D00001FA02F340EA030021FA04F345EA03017C
:1042E00030BDC4F10C04C4F1200220FA02F001FA3E
:1042F00004F340EA0300294630BD21FA04F02946C0
:1043000030BD94F0000F83F4801306BF81F4801158
:104310000134013D4EE77FEA645C18BF7FEA655CCB
:1043200029D094EA050F08BF90EA020F05D054EA9D
:10433000000C04BF1946104630BD91EA030F1EBFA2
:104340000021002030BD5FEA545C05D140004941A6
:1043500028BF41F0004130BD14F580043CBF01F599
:10436000801130BD01F0004545F0FE4141F470017F
:104370004FF0000030BD7FEA645C1ABF194610465A
:104380007FEA655C1CBF0B46024650EA013406BF5B
:1043900052EA033591EA030F41F4002130BD00BF1A
:1043A00090F0000F04BF0021704730B54FF48064D7
:1043B00004F132044FF000054FF0000150E700BF58
:1043C00090F0000F04BF0021704730B54FF48064B7
:1043D00004F1320410F0004548BF40424FF00001A4
:1043E0003EE700BF42004FEAE2014FEA31014FEAE7
:1043F00002701FBF12F07F4393F07F4F81F0605136
:10440000704732F07F4208BF704793F07F4F04BF80
:1044100041F40021704730B54FF4607401F000455D
:1044200021F000411CE700BF50EA010208BF7047BD
:1044300030B54FF000050AE050EA010208BF7047AE
:1044400030B511F0004502D5404261EB41014FF417
:10445000806404F132045FEA915C3FF4D8AE4FF01F
:1044600003025FEADC0C18BF03325FEADC0C18BF02
:10447000033202EBDC02C2F1200300FA03FC20FA53
:1044800002F001FA03FE40EA0E0021FA02F11444A0
:10449000BDE600BF80F0004002E000BF81F00041B7
:1044A00042001FBF5FEA410392EA030F7FEA226CDA
:1044B0007FEA236C6AD04FEA1262D2EB1363C1BF6A
:1044C000D218414048404140B8BF5B42192B88BFD9
:1044D000704710F0004F40F4000020F07F4018BFFC
:1044E000404211F0004F41F4000121F07F4118BF1C
:1044F000494292EA030F3FD0A2F1010241FA03FCC4
:1045000010EB0C00C3F1200301FA03F100F00043AB
:1045100002D5494260EB4000B0F5000F13D3B0F173
:10452000807F06D340084FEA310102F10102FE2AE2
:1045300051D2B1F1004F40EBC25008BF20F0010052
:1045400040EA03007047490040EB0000013A28BFF1
:10455000B0F5000FEDD2B0FA80FCACF1080CB2EB74
:104560000C0200FA0CF0AABF00EBC25052421843F2
:10457000BCBFD0401843704792F0000F81F4000197
:1045800006BF80F400000132013BB5E74FEA41036A
:104590007FEA226C18BF7FEA236C21D092EA030FD6
:1045A00004D092F0000F08BF0846704790EA010F50
:1045B0001CBF0020704712F07F4F04D1400028BF7D
:1045C00040F00040704712F100723CBF00F500005F
:1045D000704700F0004343F0FE4040F40000704795
:1045E0007FEA226216BF08467FEA23630146420241
:1045F00006BF5FEA412390EA010F40F48000704754
:104600004FF0000304E000BF10F0004348BF4042F9
:104610005FEA000C08BF704743F0964301464FF035
:1046200000001CE050EA010208BF70474FF0000391
:104630000AE000BF50EA010208BF704711F00043D2
:1046400002D5404261EB41015FEA010C02BF8446A2
:104650000146002043F0B64308BFA3F18053A3F501
:104660000003BCFA8CF2083AA3EBC25310DB01FA48
:1046700002FC634400FA02FCC2F12002BCF1004FCC
:1046800020FA02F243EB020008BF20F0010070475D
:1046900002F1200201FA02FCC2F1200250EA4C00B1
:1046A00021FA02F243EB020008BF20EADC707047F7
:1046B00053B94AB9002908BF00281CBF4FF0FF3189
:1046C0004FF0FF3000F09CB9ADF1080C6DE904CE5D
:1046D00000F006F8DDF804E0DDE9022304B07047DD
:1046E0002DE9F04782B00646DDF828E00846B446DA
:1046F0000D46002B4ED18A4214466DD9B2FA82F291
:1047000042B1C2F12003954026FA03F394401D43C1
:1047100006FA02FC260CA7B2B5FBF6F14FEA1C43E1
:1047200006FB115543EA054301FB07F0984209D9FE
:10473000E31801F1FF3580F00381984240F20081D7
:10474000023923441B1A1FFA8CFCB3FBF6F006FB5C
:1047500010334CEA034C00FB07F363450AD914EB12
:104760000C0C00F1FF3580F0ED80634540F2EA80EB
:10477000A444023840EA0140ACEB030C0021BEF136
:10478000000F04D02CFA02F30022CEE9003202B06E
:10479000BDE8F0878B4209D9BEF1000F01D0CEE908
:1047A00000610021084602B0BDE8F087B3FA83F14A
:1047B000174600294DD1834202D3B24200F20F8145
:1047C000B6EB070C60EB030301201D46BEF1000FA2
:1047D000DDD0CEE900C5DAE7002A00F098801A465D
:1047E000B4FA84F3002B40F0AF800B1B270CA6B269
:1047F0000121B3FBF7F54FEA1C4007FB153340EAF4
:10480000034306FB05F8984507D9E31805F1FF3087
:1048100002D2984500F2E8800546A3EB08031FFA90
:104820008CFCB3FBF7F007FB10334CEA034C06FBA0
:1048300000F3634508D914EB0C0C00F1FF3602D2EB
:10484000634500F2CE803046ACEB030C40EA0540F5
:1048500095E7C1F120058B4022FA05FC4CEA030CD8
:1048600000FA01F426FA05F3E84002FA01F943EAF6
:1048700004084FEA1C4206FA01FAB0FBF2F71FFAED
:104880008CF602FB17004FEA184444EA004407FB89
:1048900006F0A0420AD91CEB040407F1FF3380F0B4
:1048A0009C80A04240F29980023F6444241A1FFA7F
:1048B00088F3B4FBF2F002FB104443EA044300FB2C
:1048C00006F69E4209D91CEB030300F1FF3480F089
:1048D00082809E427FD90238634440EA0740A0FBB1
:1048E00009749B1BA3423E46A04664D361D0BEF12F
:1048F000000F0AD0BAEB060263EB080303FA05F5D2
:10490000CA401543CB40CEE9005300213FE773086E
:1049100043EAC1734A08190C41EA02414FEAC67CD6
:104920009BB2B2FBF4F02646A04627461F2243EA7C
:104930000143B1FBF4F1A3EB080341EA004158E75E
:104940002946FFE6284615E71A46C3F120019C4098
:1049500026FA01F320FA01F190400343270C06FAEE
:1049600002FCB1FBF7F0A6B207FB1015190C41EAE7
:10497000054100FB06F58D423BD9611801D28D42FD
:1049800020D8491B0138B1FBF7F5019505FB06F866
:10499000019D9BB207FB151143EA0143434526D213
:1049A000E31805F1FF31C6D24345C4D2A91E234402
:1049B000C1E7BA459BD2B7EB090664EB0C0401389A
:1049C000A04694E7651B29440238B1FBF7F5019531
:1049D00005FB06F8DCE720467FE71F4666E708464A
:1049E000F4E6A44402382FE7023D234415E7019979
:1049F000A1E7491BB1FBF7F5019505FB06F8C7E7F1
:104A0000704700BF0A22002101F0B4BD10B5A1FB20
:104A1000021482B074BB00F045F8034670B350F83E
:104A2000042C22F00302043A242A10D8132A16D99F
:104A30001B2AC0E900441AD9242AC0E902440ABF4B
:104A4000C0E9044400F1100100F1180108E021461A
:104A5000019002F013F8019B184602B010BD014608
:104A600000221846C1E900228A6002B010BD00F1A0
:104A70000801F5E702F024F90C230360002318462F
:104A800002B010BD024B0146186800F00BB800BF21
:104A9000F4500020024B0146186802F085BC00BFAC
:104AA000F45000202DE9F04F01F10B02162A85B0D9
:104AB000804624D8102900F2AB8000F0C9FA022504
:104AC00018211022B74C2144A1F108004E688642FB
:104AD00000F062817268F168B46822F00302324427
:104AE000E1608C60516841F001014046516000F086
:104AF000B5FA06F10804204605B0BDE8F08F32F0A3
:104B0000070200F18580914200F28280019200F05C
:104B10009FFA019AB2F5FC7FC0F0BA81570A7FD0A4
:104B2000042F00F27281970907F139052BB207F1C2
:104B3000380CDB009B4C2344A3F108065B689E42C3
:104B400007D10DE00028DF6880F21381BE4207D054
:104B50003B46596821F00301881A0F28F2DD6546AB
:104B6000236991498B4200F0F1805E6826F00306CC
:104B7000B11A0F2900F391818B480029C4E9040080
:104B800080F27981B6F5007F676880F01981F108BD
:104B900001310FFA81FC76090121B14054F83C0043
:104BA00098600F4304EBCC010839D960676044F882
:104BB0003C30C360AB1001269E40BE4236D83E4218
:104BC00006D125F0030576003E4205F10405FAD032
:104BD00004EBC50A04EBC507A946F9680EE048686E
:104BE00020F0030EAEEB020CBCF10F0F0B46C968B0
:104BF00000F31881BCF1000F80F22D818F42EED1BD
:104C000009F1010919F0030F07F10807E5D17FE168
:104C10000C23C8F800300024204605B0BDE8F08F12
:104C20004FF4007340254FF03F0C83E7A768796885
:104C300021F0030393429A4603D3991A0F2900F3F4
:104C400087805A495A4E0968103111440820CDE92D
:104C5000011202F069F801994B1E03444542834654
:104C600030681D40B0F1FF3F18BF29464046019112
:104C700001F0FEFF411C0546DDE9011200F02B8129
:104C800007EB0A0C844500F224814A4B186800EBBC
:104C900001090BF1FF3EC3F8009000F089813068F4
:104CA00001301BBFA5EB0C0C09EB0C003560186044
:104CB00015F00700814600F04881C0F10800054466
:104CC000CDE901236B1803EA0E015844401A00EAAB
:104CD0000E06314640469B4601F0CAFF421CDDE904
:104CE000012300F09581401B304440F00101186819
:104CF000A56000EB0609A7426960C3F8009017D0D1
:104D0000BAF10F0F40F25E81AAF10C0121F0070CFD
:104D1000796801F0010141EA0C017960052607EB91
:104D20000C01BCF10F0FC1E9016600F263816968F3
:104D3000214B1E684E4538BFC3F800901F4B1E68BC
:104D40004E4501D2C3F800902F46C6E0676831E7B0
:104D5000BD1841F0010142F001027A604046A560B1
:104D6000696000F07BF907F10804204605B0BDE852
:104D7000F08F9A6801931944D760BA604A6842F08C
:104D8000010240464A6000F069F9019B03F1080402
:104D9000204605B0BDE8F08FCE68B1427FF49AAEF0
:104DA0000235DDE62046002028460020A89A002093
:104DB000E0500020789A0020A09A0020A49A0020B9
:104DC000B6F5206F4FEA56207CD3142800F2D3802A
:104DD00000F15C0109B25B30C90004EB010C6158C1
:104DE000ACF1080C8C4503D1A8E089688C4504D04F
:104DF000486820F00300B042F7D8D1F80CC0C3E9EE
:104E0000021CCCF80830CB60D4E6142F72D9542F92
:104E100000F2BA80170B07F16F052BB207F16E0C89
:104E2000DB0087E69D1842F001025A609E68864AC0
:104E3000F1608E60C4E90455C5E902224CF001021C
:104E40006A60404643F80EC0019300F007F9019BE9
:104E500003F10804E0E69E441C46DEF8043043F00B
:104E60000103CEF8043054F8083F4046D9608B6007
:104E700000F0F4F8D0E61E4440467268019342F018
:104E80000102726000F0EAF8019B03F10804C3E636
:104E9000D508691C09B2C90014E69D1842F0010248
:104EA0005A60694A0193C4E90455C5E9022241F0F8
:104EB00001026A604046995100F0D0F8019B03F16D
:104EC0000804A9E6B00900F1390109B23830C90077
:104ED00083E7A74263D0A768796821F00300904276
:104EE000A0EB020102D30F293FF732AF404600F09A
:104EF000B5F890E607F15C052BB207F15B0CDB001F
:104F000018E6514651F808398B428A4640F09A809B
:104F100015F0030F05F1FF35F3D1636823EA0603AB
:104F2000636076009E423FF681AE1EB97EE6760053
:104F300009F104091E42FAD04D4649E680100126C7
:104F400006FA00F00743676059E7CDE902236B18C2
:104F500003EA0E01ABEB010606EA0E0631464046B7
:104F6000019301F085FE431C019B04BF4E46184689
:104F7000DDE90223B7E6542827D8300B00F16F0192
:104F800009B26E30C90028E7B7F5AA7F27D8D70B3A
:104F900007F178052BB207F1770CDB00CAE52B4B44
:104FA000186800EB01090BF1FF3EC3F8009076E6AC
:104FB00015EA0E0F7FF473AEA568514441F001016C
:104FC0006960B5E601236B6090E7B0F5AA7F25D84C
:104FD000F00B00F1780109B27730C900FDE640F22C
:104FE00054539F4224D8930C03F17D0503F17C0CAC
:104FF000EB009FE507F108014046CDE9012302F0EF
:10500000D3F9A568029B6968D3F80090019A8FE6EE
:10501000A9F108010BEB0100002664E640F25451AF
:1050200088420BD8B00C00F17D01C9007C30D4E679
:105030004FF47E737F254FF07E0C7BE54FF47E713D
:105040007E20CAE663686CE728460020789A002034
:10505000014801F065BE00BF709A0020014801F0D0
:1050600061BE00BF709A0020DFF80CC00A460146FE
:10507000DCF8000000F002B8F4500020002900F035
:105080009F802DE9F04383B00C4600928046FFF7E5
:10509000DFFF009901F10B03162B60D81023994212
:1050A00060D854F804EC2EF003029A42A4F10805EB
:1050B00065DAB348806805EB020C6045DCF80460F3
:1050C00000F0908026F0010060444068C0076CD476
:1050D00026F00306901983424CDD1EF0010F0FD11C
:1050E00054F8080C281A0746406820F003000644CC
:1050F0001644B34240F3EF801618B34240F3C98020
:105100004046CDE90023FFF7CDFCDDE9002306464C
:10511000002800F0178154F8041C21F001012944F3
:10512000A0F1080C614500F0AE80043A242A00F298
:10513000CE80132A00F29C80034622461168196033
:105140005168596092689A602146404602F02CF9F5
:105150004046FFF783FF304603B0BDE8F08333F0ED
:1051600007039CD50C23C8F800300026304603B056
:10517000BDE8F0830246DCE90201C160886069682D
:10518000D01A0F2801F0010105EB02061BD81143CC
:105190006960736843F0010373604046FFF75EFF88
:1051A0002646304603B0BDE8F0831EF0010FA7D1BC
:1051B00054F8080C281A0746406820F003009BE7C3
:1051C0001146FFF76FBC19436960E91840F0010010
:1051D0004860736843F0010308317360404602F091
:1051E000E3F8DAE726F00306B01803F1100C604587
:1051F00080F28B801EF0010F82D154F8080C281A1F
:105200000746406820F0030006441644B445B14602
:105210003FF772AF3E46F96856F8080F043A242A61
:10522000C160886000F2A580132A40F2A080216846
:10523000B9606168F9601B2A00F2A480083407F1A4
:1052400010022168116061685160A1689160F918CD
:10525000A9EB03024A4D42F00102A9604A607A6854
:1052600002F00102134340467B60FFF7F7FE98E728
:1052700023680360636843601B2A3BD804F108027B
:1052800000F108035AE750F8041C21F003010A4416
:1052900075E7043A3D46F96855F8080F242AC160BD
:1052A000886020D8132A1CD92168B9606168F96028
:1052B0001B2A3DD8083407F110022168116061688B
:1052C0005160A16891602C4632463D4657E7214621
:1052D00001F042FB38E7DCE90201043AC160886072
:1052E000D8E72A46E9E721462846009301F034FB37
:1052F000009BE8E7A3688360E368C360242A25D0A5
:1053000004F1100200F1100318E71D4A1D449560D6
:10531000C21A42F001026A6054F8042C02F0010241
:105320001343404644F8043CFFF798FE264638E70E
:10533000A1683961E1687961242A10D0103407F13D
:105340001802BAE74046FFF789FE0EE723690361BA
:105350006169416104F1180200F11803EEE6226967
:10536000BA616269FA61183407F12002A5E7324692
:1053700067E721463046009301F0EEFA009B66E7AE
:1053800020460020A1683961E1687961242A03D0B0
:10539000103407F1180254E72269BA616269FA61B0
:1053A000183407F120024CE7000000002DE9F04F0F
:1053B0002DED068B804697B0184600240023CDE9DA
:1053C000043489460021924612914A4611921646AB
:1053D00012F8013B2D2B5FD801A151F823F000BF3B
:1053E0000D3402009532020095320200953202001F
:1053F0009532020095320200953202009532020089
:1054000095320200C9310200C9310200C9310200DF
:10541000C9310200C9310200953202009532020002
:105420009532020095320200953202009532020058
:105430009532020095320200953202009532020048
:105440009532020095320200953202009532020038
:105450009532020095320200953202009532020028
:10546000C9310200953202009532020095320200E5
:105470009532020095320200953202009532020008
:10548000953202009532020095320200AB360200DE
:1054900095320200BF36020000220692302B00F047
:1054A0008280002207922F2B40F2C5844FF0000B20
:1054B0001F4630465D465C4616E0082CC8BF0BEB25
:1054C0008B0B00F10100C8BF03EB4B031190C8BF69
:1054D000A3F1300B0378D8BFA2F130052F2B04F1D4
:1054E00001041F4640F3A28005EB8502392B03EB34
:1054F0004202E2DDB3490893012201F003FB0028D8
:1055000060D1119A531C119351781A460846002C09
:1055100040F0DB80302840F00F8513460022013335
:10552000119318783028114602F10102F7D0A0F14A
:105530003104082C00F2AE818A1C0992A0F1300CD3
:105540001E464FF0000E012405EB85050CEB4505CA
:105550000022013311931978A1F13000092802F1DA
:10556000010700F235848446002800F0FB86099983
:10557000012F3944099100F0F886671C394606E08E
:1055800045000131081B0138824240F34484481E23
:10559000082805EB8500F3DD0BEB8B00400010299C
:1055A000D8BF8346EDE7737803F0DF03582B00F094
:1055B000D783013611963378302BFAD06BB10122A4
:1055C000079270E7089B652B1AD0452B18D0002C4A
:1055D00032D1079B002B00F0B7809FED788BBAF19A
:1055E000000F02D0119BCAF80030069BBBB1B1EE90
:1055F000488BB0EE480B17B0BDEC068BBDE8F08FC2
:10560000002C72D1A6460994079B002B40F0BB8268
:105610009FED6A8BBAF1000F01D0CAF80090B0EE8E
:10562000480B17B0BDEC068BBDE8F08F6549012231
:1056300001F068FA002844D007EE905AB8EE677B74
:10564000092C8DED047B40F3A3820022102C23460D
:105650000892A8BF1023A646914609925A4A02EB27
:10566000C30212ED125B06EE90BA0F2CB8EE666B19
:10567000A5EE076B8DED046B00F3AC80089A002A51
:1056800000F08682089A40F36E82162A40F31E8448
:105690000899C4F125028A42C0F29C804A4BC4F1A9
:1056A0000F040A1B03EBC40403EBC20394ED008B4D
:1056B00093ED007B9DED046B28EE068B28EE078BA7
:1056C0008DE7119A531C11935178A1F13002092AE8
:1056D00000F2D5800992A646002A00F040860121FA
:1056E000DDF824C00991224697E30022CDE9082283
:1056F000119BA646591C11915F782B2F00F0BC809E
:105700002D2F00F0B3804FF0000CA7F13009B9F154
:10571000090F36D8302F119940F0D88001311191FE
:105720000F78302FFAD0A7F13100082840F2CC8052
:105730004FF000095CBB079911437FF44EAF089A04
:10574000002A40F0F4839946692F00F0CF8300F3DC
:10575000C883492F00F0CA834E2F7FF459AF1B49ED
:1057600011A802F081FA00283FF452AF119B1B7878
:10577000282B00F02385164801F070FDB0EE408B19
:105780002DE711934FF00009D4E74FF0000907EE21
:10579000905A099BB8EE677BA9EB0303BEF1000F9B
:1057A00008BFA646102C08932346A8BF1023092C37
:1057B0008DED047B3FF752AF60E700BF00000000B3
:1057C00000000000BC0C0020900600207830002073
:1057D000482E0020089AE31A1344002B40F39980C6
:1057E00023F00F0213F00F0340F00683B2F59A7F07
:1057F00000F39283102A4FEA221300F0F3845548F5
:105800009DED047B0021024613F0010F01F101011F
:105810004FEA630303D092ED006B27EE067B012B6A
:1058200002F10802F0D18DED047B059BA3F15473C6
:10583000059300EBC1009DED046B90ED007B464BA2
:1058400027EE067B17EE902A444913408B428DEDDC
:10585000047B00F26183A1F580118B4240F26284E7
:105860003F4B4FF0FF32CDE9042354E04FF0010CE1
:10587000991C11919F7848E74FF0000CF8E701F070
:10588000DF0145297FF4D8AE00220121A646099206
:1058900008912FE700F0DF0045287FF49EAE4FF01F
:1058A000000E0121CDF824E07446089122E7002380
:1058B0000693721C11927378002B3FF4A9AE164622
:1058C000ECE501230693F4E7A7F13009481C119099
:1058D0004F782F2FC8BF0C9307DCC1E20130119025
:1058E00007782F2FA3F1300905DD09EB8903392F44
:1058F00007EB4303F2DD401A08280C9B40F3B0820B
:1059000044F61F69BCF1000F3FF414AFC9F1000960
:1059100010E740F0AB8200230793009523467246C0
:105920003146404602F04AFB8346002800F0F482EC
:10593000089A099BCDF83CA0002AA3EB0903A8BF55
:10594000002309934FF0000922EAE2730C934C46BE
:10595000CCE000BF680600200000F07F0000A07CC3
:10596000FFFFEF7F991A1F3B9A42A5EB0105C0F29A
:105970007981012202FA01F30A9300230D932F4447
:10598000079B5544AA4552461F44A8BF2A46BA421F
:10599000A8BF3A46002A03DDAD1ABF1AAAEB020AD5
:1059A000099B002B00F30381002D00F31A81089B53
:1059B000002B00F34D81002F00F33D81BAF1000F61
:1059C00008DD21465246404602F004FD0446002808
:1059D00000F03A8112993246404602F091FD81462C
:1059E000002800F031810023C768C360214602F01F
:1059F00067FD0028C0F29B83059D00F03683214699
:105A0000484602F02FFFB0EE007BB4EEC70BF1EE7C
:105A100010FA00F2C080002F40F02C81049B002B74
:105A200040F0C881C5F31303002B40F05781B7EE57
:105A3000007BB4EEC70BF1EE10FA00F1D082B6EEA7
:105A4000007B20EE077BB0EE47ABB1EE477BBD4855
:105A5000DFF808C32840604553EC172B00F00F8196
:105A60000799F1B1B0F1D46F1BD89FEDB06BB4EED4
:105A7000C6ABF1EE10FA11D8BCEECA7B17EE103AA5
:105A8000012B38BF012307EE103AB8EE477BB0EE8A
:105A900047AB0FB9B1EE477B53EC172B03F1D6613F
:105AA0000B1AB0EE480B43EC192B0A9002F0E8FDFC
:105AB000A9EE008B8DED048B18EE905A0A98079B87
:105AC00023B9A04B2B40984200F00F811299404619
:105AD00002F018FA3146404602F014FA21464046D8
:105AE00002F010FA4946404602F00CFADBF80410C6
:105AF000404602F0DDF90646002800F0A580DBF8FC
:105B00001020023292000BF10C010C30FBF7C8FBA5
:105B10009DED048B14AA13A94046B0EE480B02F089
:105B200041FE1290002865D00121404602F004FB9E
:105B30000446002800F08880139A002A76DB099B2F
:105B40000C9F02EB030A079B149DD21A2A447E4B3A
:105B5000013A9A42C5F13605FFF604AF00230D93D2
:105B600001230A930BE71632FFF634AE099BA3EB31
:105B70000909764B03EBC90393ED007B9DED046BA4
:105B800086EE078B2BE508940024119B2246B1E595
:105B90009DED048B23E5B6EE007B20EE077BB0EE97
:105BA00047AB002F7FF453AFB1EE477B4FE7214661
:105BB0001A46404602F0B2FB04461298D4B102469F
:105BC0002146404602F0E6FA0246129892B101469A
:105BD00040460E9202F096F90E9A1292002D7FF72F
:105BE000E6AE12992A46404602F0F4FB12900028D5
:105BF0007FF4DDAEDDF83CA09FED4E8B2223C8F88C
:105C000000300146404602F07DF93146404602F040
:105C100079F92146404602F075F95946404602F0AE
:105C200071F94946404602F06DF9D8E40C9BDDF865
:105C300024A09F1A87E731463A46404602F0CAFB45
:105C4000064600287FF4BAAEDDF83CA01298D3E7F0
:105C500031460C9A404602F061FB064600287FF46C
:105C6000AAAEF1E73A49891A012202FA01F30D932B
:105C70000A9284E6B7EE007BB0EE47ABE7E6A5F10B
:105C8000547305939DED046BB0EE460B8DED0A7BCE
:105C90008DED046B0D9002F0F3FC9DED046B9DED1A
:105CA0000A7B2849A0EE076B16EE905A294B0D98F7
:105CB000294099428DED046B40F29A8018EE902AAB
:105CC00003F154739A4203D118EE103A0133BBD05A
:105CD000214B4FF0FF32CDE90423F7E6B7EE006B1E
:105CE000BFEE007BB0EE46ABB1E651EC1A0B07F00D
:105CF00011FDFEF7A1FB049B41EC170B1F43C5F3FD
:105D000013052F433AEE477B44D19FED0C6BB4EE65
:105D1000C67BF1EE10FA7FF5D9AE9DED048BDDF870
:105D20003CA012986DE700BFAFF300800000C0FFF9
:105D3000FFFFDF41000000000000F07F9535A094D8
:105D4000FFFFCF3F0000F07F02FCFFFF9006002026
:105D5000E2FBFFFFFFFF9F7CFFFFEF7F0000E07F84
:105D6000069B019312AB02900093AC4A13AB11A9AE
:105D7000404601F081FC10F00F0504463FF42DACC5
:105D8000062D40F0E880013600239FED9C8B119694
:105D9000069324E49FED9B6BB4EEC67BF1EE10FA04
:105DA000BBD49FED9A6BB4EEC67BF1EE10FA7FF791
:105DB0008DAEB2E7049B012B90D1002D8ED1DDF882
:105DC0003CA0129822239FED8D8BC8F8003018E775
:105DD00001F0DF01452900F0A380002C7FF4D5AC51
:105DE000079B1A439FED858B3FF414ACFFF7F7BB7D
:105DF00005F15475059562E6894901EBC3039DEDF4
:105E0000046B93ED007B27EE067B8DED047B002A6F
:105E10003FF481ADEAE4013A3A44082A02F1010470
:105E20007FF792AB102CDCBF0BEB8B0B0CEB4B0B0F
:105E30000022FFF78EBB7B490122304600F062FE54
:105E400040B9119A1346013211928346054658789B
:105E5000FFF760BB079B002B3FF4DAABFFF7BDBB3E
:105E600044F61F618945A8BF89464BE55B421A117C
:105E700013F00F030DD06A4901EBC3039DED046BD2
:105E800093ED007B86EE077B8DED047B002A3FF4CB
:105E900042AD1F2A00F3418112F0100318BF6A239C
:105EA00007939DED047B604B01E052100833D0074F
:105EB00003D452100833D107F7D593ED006B52107D
:105EC00027EE067B00F0B8800833F4E7544B03EB71
:105ED000C20393ED008B9DED047B28EE078BFFF74B
:105EE0007EBB6E2F3FF43BACFFF792BB4F4911A82E
:105EF00001F0BAFE00283FF48BAB119B4C49013BEB
:105F000011A8119301F0B0FE10B9119B0133119348
:105F10009FED408BFFF763BB2223C8F80030F7E703
:105F2000002C00F0EA8101210891FFF7E3BB9FED0F
:105F3000338B9946FFF76EBBA0F13103082B55D97F
:105F400020F02000452885D14FF0000ECDF824E048
:105F50000124FFF759BB129A3AB1352114A802F077
:105F6000B3FC1299404601F0CDFF013D042D00F233
:105F7000FE81DFE805F0032E2B200300149B049321
:105F8000139B03F23342159B23F4801343EA02531D
:105F90000593E40502D543F000430593254A1A40D2
:105FA0009DED048B002A7FF41AAB00F089FE2223BA
:105FB0000360FFF714BB4FF0FF326FF00043CDE9F1
:105FC0000423E3057FF5E4AD059BE4E7194B059356
:105FD000F7E7DDE91412159BCDE90412D9E7B6EE17
:105FE000006BBEEE007BB0EE46AB30E513460122FF
:105FF0000992FFF7A3BA00BFAFF3008000000000D2
:10600000000000009535A094FFFFDF3F35E5AF3578
:106010000000E03F000000000000F07F6C44002022
:1060200090060020BC0C0020600900206C3000208D
:10603000703000200000F07F079B8DED047B002B6B
:1060400065D017EE900AC0F30A51C1F16B03002B23
:106050005DDD1F2B52DD342B049240F3FE804FF0A8
:106060005C7305936A23079357E40A9ADDF834C0FA
:10607000DDF83CA0B349C5F31303002F00F08C807A
:106080008B4200F0DD80BCF1000F00F0D4801CEAF0
:10609000050F2FD0B0EE480B02F0F2FA079B002B51
:1060A00000F01281C5F30A53C3F16B03002B40F3D8
:1060B0005381190501F17F53002203F5401343EC8E
:1060C000172BA0EE078B9FED9B7B9F4B28EE078B3A
:1060D00018EE902A1340002B7FF423AE2223C8F839
:1060E00000301EE6BCF1000F00F085801CEA050FB1
:1060F00040F08480079B002BE5D112E64FF0FF3281
:106100009A4017EE103A134004939DED047BB5EED0
:10611000407BF1EE10FA7FF400AC2223C8F8003087
:10612000FFF75BBA02F154730593FFF7F4BBDDE9A7
:1061300004120F43DDF83CA0DCD1C2F31303154673
:10614000002BD7D122F000473F0D3F05B7F1D66FA6
:10615000D0D9D9F814301BB9D9F81030012BC9DDCA
:1061600049460122404602F035F92146814602F0B7
:10617000A7F90028BEDD079B002B00F08180A7F562
:1061800080176FEA17536FEA035305934FF0FF33FD
:1061900004939DED048B96E743BBDDE904010346C0
:1061A00000289FD1079B002B6AD0674F2F40B7F183
:1061B000D66FE4D8B7F15C7F85D802E6634911A8B1
:1061C00014AA01F071FD05287FF4D5AA159B43F0B0
:1061D000FF4343F4E0030593149B04939DED048B6C
:1061E000FFF7FDB95A480021FFF71FBBBCF1000FB4
:1061F0007FF47CAF049B1A423FF47CAFB0EE480BB7
:1062000002F03EFA079B93B3C5F30A53C3F16B0345
:10621000002B76DD190501F17F53002203F54013B1
:1062200043EC172BA0EE478BB5EE408BF1EE10FA46
:106230007FF449AFC5E5049B1A423FF45BAF29E701
:10624000079B049963BB4F1C31D0BCF1000F61D098
:106250001CEA050F3FF465AD1CE7C1F14B014FF09F
:10626000FF338B40034005939DED047B4FE738EEF1
:10627000408BB5EE408BF1EE10FA7FF452ADA0E505
:10628000314B12982B40A3F580136FEA13536FEA3A
:10629000035305934FF0FF3304939DED048BB0E45B
:1062A000294B2B40B3F1D46F12D9481C19D1294B7B
:1062B0009D4233D0244B2B4003F5801305930023DC
:1062C00004939DED048B15E7129838EE008B98E44B
:1062D0001B0DC3F16B034FF0FF3000FA03F399423B
:1062E000E5D0BCF1000F04D01CEA050F3FF4EBAE83
:1062F000D0E611423FF4E7AECCE6002A3FF428AEE8
:1063000011E638EE408BB5EE408BF1EE10FA7FF4DB
:10631000DAAE56E511423FF404ADBBE60131C9D116
:1063200022239FED068B1298C8F8003069E400BF65
:10633000AFF30080000000000000503900000000B2
:106340000000F07FFFFF0F000000F07F804400207E
:1063500068060020FFFFEF7F38EE008BB3E60122D6
:10636000FFF7F7B83A46FFF7F4B8224655E5E505DA
:1063700005D54FF0004305939DED048B15E69FED89
:10638000018B12E6000000000000000010B5234C55
:10639000234B0A4601462068FFF708F8B4EE400B8D
:1063A000F1EE10FA27D6F7EEC07B9FED1E7AF0EEE5
:1063B000E76AF4EE476AF1EE10FA0EDDB0EEC05B6C
:1063C0009FED146BB4EE465BF1EE10FA05DC23682A
:1063D00022221A60B0EE670A10BD17EE903A13F051
:1063E000FF4FF7D110EE902A0F4B1340002BEED148
:1063F000B0EE670A10BD10EE903A002B0B4804DA9D
:1064000000F034FFF1EE407AE4E7BDE8104000F020
:106410002DBF00BFFFFFFFFFFFFFEF7FF450002005
:106420008C4E0020FFFF7F7F0000F07F482E002071
:10643000242B2DE9F84F42D8012B884619463ED02F
:1064400091464B4A82461E46C64670461EF8017B60
:10645000D35D13F00803F8D12D2F70D02B2F05BF7B
:106460009EF800709B469B4600F1020E6FF00043C1
:1064700061BB302F4DD00A2631460022B3FBF6F423
:10648000104606FB143505E03CD006FB00C0012297
:106490001EF8017BA7F1300CBCF1090F06D9A7F15A
:1064A000410CBCF1190F17D8A7F1370C61451CDD61
:1064B000571CEDD08442E7D24FF0FF32E8E700F0FE
:1064C000FFFB162303600020BDE8F88F1029D4D10C
:1064D000302F27D00E46D0E7A7F1610CBCF1190F81
:1064E00003D8A7F1570C6145E2DC511C30D0BBF159
:1064F000000F0CD1B9F1000FE6D0AABBC9F800809B
:10650000BDE8F88F6545C0DA4FF0FF32C0E7404282
:10651000F0E79EF8002002F0DF02582A08D0082693
:106520003146AAE79EF8002002F0DF02582AD1D1B6
:1065300010269EF8017031460EF1020E9DE79EF87E
:1065400000704FF0004300F1020E4FF0010B8FE797
:106550002222CAF80020B9F1000F07D00EF1FF384F
:106560001846C9F80080CBE70346F7E71846ABE7C3
:10657000D93F002000B5DFF818E084461346DEF866
:1065800000005DF804EB0A466146FFF751BF00BF0B
:10659000F450002013460A460146022000F06CBE6B
:1065A000024B0344587800F008007047D83F0020A1
:1065B000024A0349034800F0C9B800BFE850002070
:1065C0001D880200284A00200C4B4168994210B5F2
:1065D000044601D004F024FAA168094B994202D084
:1065E000204604F01DFAE168064B994204D020468B
:1065F000BDE8104004F014BA10BD00BFAC9A0020F2
:10660000149B00207C9B00202DE9F843314A324C3A
:106610003249DFF8DC90DFF8DC80314F1160002573
:1066200004232946082204F15C00C4E903352D4EF9
:10663000A560C4E90055C4E90555656600F01EFA79
:1066400004F15800C4E90749C4E90987E66200F08B
:1066500063FB2946244B6367082204F1C400C4E9A4
:106660001A55C4E91E552567C4F8CC50C4F88050AB
:1066700000F004FA04F1680304F1C000C4F88430A7
:10668000C4E92298C4E9247600F046FB174BC4F80D
:10669000DC30294604F596700822C4E93455C4E973
:1066A0003855C4F8D850C4F83451C4F8E85000F054
:1066B000E5F904F1D003C4E93D87C4F8F09004F58E
:1066C0009470C4F8FC60C4F8EC30BDE8F84300F006
:1066D00023BB00BFE49B0020AC9A0020AD43020026
:1066E0005146020075460200090001001200020036
:1066F000ED4502001146020010B504460A4800F0BC
:106700000FFB636B23B9094B094A1B68626323B112
:10671000BDE81040044800F005BBFFF775FFBDE879
:106720001040014800F0FEBA749A0020E49B00205B
:10673000C5430200014800F0F3BA00BF749A00207C
:10674000014800F0EFBA00BF749A00202DE9F84329
:106750000746884616464FF000097568013D11D47A
:10676000B468A389012B08D9B4F90E30013321464E
:10677000384602D0C04749EA0009013D6B1C04F1CC
:106780006804EED13668002EE7D14846BDE8F883AC
:106790000CB430B5144B0D1E1C689DB01FDB14BF2C
:1067A00001220022AA1A114B0593002121AB1B9153
:1067B000029006900492079202A9209A0193204623
:1067C00002F0E0F8431CBCBF8B23236015B1029B91
:1067D00000221A701DB0BDE8304002B070478B2314
:1067E00023604FF0FF30F5E7F45000200802FFFF70
:1067F00010B50C46B1F90E1000F024FA002803DBA6
:10680000236D0344236510BDA38923F48053A38122
:1068100010BD00BF2DE9F0411F46B1F90C301646FE
:10682000DA050C4605460BD423F48053A381B4F952
:106830000E103B4632462846BDE8F04100F02ABA29
:106840000223B1F90E10002200F0E6F9B4F90C3081
:10685000EAE700BF10B50C46B1F90E1000F0DCF904
:10686000B4F90C30421C0EBF23F4805343F4805320
:106870002065A38110BD00BFB1F90E1000F0BAB9B8
:1068800070B5ADF5067D0E46009313464FF40072C9
:10689000059206A905AA054600F028F898B1024617
:1068A000059B03903146284600F0F4F9039A0590C1
:1068B00006AB9A4204D02846114600F075FD0598B3
:1068C0000DF5067D70BD4FF0FF30F9E700B5DFF83C
:1068D00018E084461346DEF800005DF804EB0A4633
:1068E0006146FFF7CDBF00BFF450002010B59AB04D
:1068F00021B1D2F800C0BCF1000F1CD100214FF42F
:10690000227CADF80CC01991009104914FF6FF7CE8
:1069100002910591144669461A461C9BADF80EC0BB
:1069200002F030F8002814DB009B206000221A706F
:1069300004981AB010BD0091049161464FF4C16CE7
:10694000ADF80CC04FF0000CCDF864C0DEDA8B233C
:10695000036000201AB010BD884270B531D98B1881
:1069600083422ED9032A00EB02011DD941EA030C10
:106970001CF0030F1D4618D14FEA920C0CF1FF36A4
:10698000A1EB8C048C4653F804ED4CF804EDA445BF
:10699000F9D1C6EB867301EB830105EB830CACF1F7
:1069A0000403043902F0030252B102F1FF3C6FEA22
:1069B0000C0C9C4413F8012D01F8012D6345F9D10D
:1069C00070BD032A50D941EA00039B074ED10F2A1C
:1069D00051D922F00F0301F1100601F1100C103B08
:1069E000203100F1100E19445CF8104C4EF8104C98
:1069F0005CF80C4C4EF80C4C5CF8084C4EF8084C0B
:106A00005CF8044C4EF8044C0CF1100C8C450EF163
:106A1000100EE9D1F11812F00C0F034402F00F052B
:106A200003F1100325D025F0030CACF10404264635
:106A30001A1F1C198C465CF804EB42F804EFA242C2
:106A4000F9D1043104333144334405F00302002A00
:106A5000B6D0013A0132013B0A4411F801CB03F8E8
:106A600001CF9142F9D170BD0346F0E7013A0346E8
:106A7000F0E72A46EBE703461546D4E730B584072E
:106A80008646034606D0A2B303F8011B980702F11D
:106A9000FF32F8D1032A26D95FFA81FC0CEB0C2CCB
:106AA0000F2A0CEB0C402AD922F00F0C9C44C3E9AE
:106AB0000000C3E9020010336345F8D112F00C0F57
:106AC00002F00F0417D04FEA940C0CF1FF351A4670
:106AD00003EB8C0C42F8040B6245FBD1043304F049
:106AE000030203EB850322B11A4403F8011B9A4207
:106AF000FBD1704630BD2246002AF5D1F9E7144695
:106B0000E1E700BF8AB340EA01039B0730B50446C2
:106B10008E4618D1032A07D815E0043A23D01CF07A
:106B2000803F20D1032A26D92368DEF80050A3F144
:106B30000131AB4221EA030C2046714604F1040402
:106B40000EF1040EE9D003780C78A3420FD1013A7C
:106B5000024406E06BB110F8013F11F8014FA34267
:106B600005D19042F6D1002030BD10467047181B69
:106B700030BD184630BD20467146E4E710B50446E6
:106B80000843830701D1032A19D8A44601F1FF3E27
:106B900007E01EF8011F03F8011B501E31B19C468F
:106BA00002466346002AF4D1204610BD94440028D2
:106BB000FAD003F8011B6345FBD1204610BD0B46FC
:106BC000A44618681946A0F1013323EA000313F024
:106BD000803F01F10403D9D1043A032A4CF8040B95
:106BE000EFD81946D2E700BF014B93F81002704767
:106BF0008C4E002038B5074C00230546084623601C
:106C0000FAF7FAFC431C00D038BD2368002BFBD0F8
:106C10002B6038BD609C002038B58C46084C11466E
:106C200005461A46604600232360FAF7F1FC431C30
:106C300000D038BD2368002BFBD02B6038BD00BFCF
:106C4000609C002038B58C46084C114605461A4613
:106C5000604600232360FAF7CDFC431C00D038BD0A
:106C60002368002BFBD02B6038BD00BF609C002048
:106C700038B5074C0023054608462360FAF7A2FC06
:106C8000431C00D038BD2368002BFBD02B6038BDDF
:106C9000609C002038B58C46084C114605461A46C3
:106CA000604600232360F9F7ADFA431C00D038BDDD
:106CB0002368002BFBD02B6038BD00BF609C0020F8
:106CC000014B1868704700BFF450002070B50E4E9D
:106CD0000E4DAE4208D0761BB610002455F8043B8A
:106CE00001349847A642F9D8094E0A4D06F046FDF0
:106CF000AE4208D0761BB610002455F8043B013490
:106D00009847A642F9D870BDF01D0060F01D0060E4
:106D1000081E0060F01D0060704700BF704700BF94
:106D2000704700BF704700BF082802D14FF4805061
:106D3000704708B5FFF7C4FF162303604FF0FF301C
:106D400008BD00BF02780B78012A28BF9A4240F0A4
:106D5000D8806DE9044540EA0104CDE902676FF08F
:106D6000000C4FEA44721AB380EA010414F0070FD2
:106D70006BD100F0070420F0070004F0030521F0B8
:106D800007014FEAC505F0E8042314F0040FF1E809
:106D900004670CFA05F462EA040266EA04060BD002
:106DA00063EA0403624667EA0407664604E000BF3C
:106DB000F0E80423F1E8046782FA4CF582EA06045D
:106DC000A4FA8CF46CBB83FA4CF583EA0705A5FAA8
:106DD0008CF595B950E9022351E9026782FA4CF526
:106DE00082EA0604A4FA8CF483FA4CF583EA0705D8
:106DF000A5FA8CF52543DBD09CB92DBAB5FA85F4FC
:106E000024F0070427FA04F1DDE9026723FA04F30A
:106E100003F0FF0001F0FF01FDE80445A0EB0100D5
:106E2000704724BAB4FA84F424F0070426FA04F173
:106E3000DDE9026722FA04F202F0FF0001F0FF012F
:106E4000FDE80445A0EB0100704714F0030F3CD1AE
:106E500010F0030428D150F8082B51F8083B82FAAF
:106E60004CF582EA0305A5FA8CF55DB950F8042CBF
:106E700051F8043C82FA4CF582EA0305A5FA8CF538
:106E8000002DE8D02DBAB5FA85F424F0070423FAD2
:106E900004F122FA04F202F0FF0001F0FF01FDE824
:106EA0000445A0EB010070474FEAC40420F0030042
:106EB00050F8082B21F0030151F8083B0CFA04F4B8
:106EC00062EA040263EA0403C9E710F003041DD078
:106ED000A1EB040120F00300E40750F8042B06D0D6
:106EE00012D28B785FFAA2F4E41A06D12BB1CB78D8
:106EF0005FFAB2F4E41A00D133B920465DF8104BC2
:106F00007047A2EB0300704701F1040150F8042B15
:106F1000CC0721F0030151F8043B48D824D222F0D9
:106F20007F4482FA4CF594EA1325A5FA8CF50AD130
:106F300065B951F8043B84EA0204B4EB036F0ED147
:106F400050F8042BEBE74FEA132355E035F07F456B
:106F50004DD10878FDE80445C0F1000070474FEAC4
:106F6000126203F0FF0347E002EA1C4482FA4CF588
:106F700094EA1345A5FA8CF50AD165B951F8043B9A
:106F800084EA0204B4EB034F0CD150F8042BEBE776
:106F90004FEA134330E015EA1C4528D10B884FEA2D
:106FA000124229E04FEA124203EA1C4324E002F0B5
:106FB000FF0482FA4CF594EA1365A5FA8CF50AD120
:106FC00065B951F8043B84EA0204B4EB032F09D1FC
:106FD00050F8042BEBE74FEA13630DE015F0FF0FB9
:106FE00005D10B684FEA122223F07F4304E04FF0F3
:106FF0000000FDE80445704712BA1BBA82FA4CF44F
:1070000082EA0304A4FA8CF5B5FA85F402FA04F2D4
:1070100003FA04F34FEA1260FDE80445A0EB1360A5
:10702000704700BF80EA0102844612F0030F4FD17F
:1070300011F0030F32D14DF8044D11F0040F51F847
:10704000043B0BD0A3F101329A4312F0803F04BFFE
:107050004CF8043B51F8043B16D100BF51F8044BE7
:10706000A3F101329A4312F0803FA4F101320BD117
:107070004CF8043BA24312F0803F04BF51F8043B9C
:107080004CF8044BEAD023460CF8013B13F0FF0FF9
:107090004FEA3323F8D15DF8044B704711F0010F2C
:1070A00006D011F8012B0CF8012B002A08BF7047FD
:1070B00011F0020FBFD031F8022B12F0FF0F16BFF4
:1070C0002CF8022B8CF8002012F47F4FB3D17047BC
:1070D00011F8012B0CF8012B002AF9D1704700BFE1
:1070E0000000000001F0FF01102A2BDB10F0070F59
:1070F00008D010F8013B013A8B422DD010F0070F59
:1071000042B3F6D1F0B441EA012141EA014122F053
:1071100007047FF000070023F0E80256083C85EAE8
:10712000010586EA010685FA47F5A3FA87F586FA8E
:1071300047F6A5FA87F68EB9EED1F0BC01F0FF0153
:1071400002F0070232B110F8013B013A83EA010371
:1071500013B1F8D10020704701387047002D06BFE9
:1071600035460338073815F0010F07D1013015F403
:10717000807F02BF013015F4C03F0130F0BC013800
:10718000704700BF30B490F800F020F007016FF0B6
:10719000000C10F0070491F820F040F048804FF008
:1071A00000046FF00700D1E9002391F840F000F1EE
:1071B000080082FA4CF2A4FA8CF283FA4CF3A2FA99
:1071C0008CF34BBBD1E9022382FA4CF200F10800A8
:1071D000A4FA8CF283FA4CF3A2FA8CF3E3B9D1E966
:1071E000042382FA4CF200F10800A4FA8CF283FA2C
:1071F0004CF3A2FA8CF37BB9D1E9062301F120010B
:1072000082FA4CF200F10800A4FA8CF283FA4CF3F3
:10721000A2FA8CF3002BC6D0002A04BF04301A4611
:1072200012BAB2FA82F200EBD20030BC7047D1E958
:10723000002304F00305C4F100004FEAC50514F073
:10724000040F91F840F00CFA05F562EA05021CBF44
:1072500063EA050362464FF00004AAE79FED010BC5
:10726000704700BF000000000000F87F9FED010A9A
:10727000704700BF0000C07FF0B51D4C83B00546CD
:107280002068019116461F46FFF74AFD194A0199E9
:10729000136823B35A6820681F2A23DC4DB9541C95
:1072A00002325C6043F82210FFF73CFD002003B07F
:1072B000F0BD03EB820E0124CEF88860D3F888611C
:1072C000944046EA040C022DC3F888C1CEF8087138
:1072D000E5D1D3F88C512543C3F88C51DFE7064B39
:1072E0001360D7E7FFF71EFD4FF0FF30DFE700BF69
:1072F000804E0020D8980020DC980020F8B5064683
:1073000008200C46FFF710FD07463046FDF7A0FEAB
:10731000224A93685D6825F00305A5F111031C1B43
:107320003C44B4FBF7F4013C07FB04F4A74208DC3F
:1073300000213046FFF79CFC184A93682B44984282
:1073400004D03046FDF78AFE0020F8BD6142304689
:10735000FFF78EFC0130114A0DD0114993682D1BA7
:1073600045F001055D600B6830461B1B0B60FDF7A7
:1073700075FE0120F8BD00213046FFF779FC074A71
:107380009268831A0F2BDCDD43F001035360054B39
:1073900003491B68C01A0860D3E700BF20460020DD
:1073A000789A0020E0500020002965D02DE9F041B6
:1073B0000C460746FDF74CFE54F804EC7D49A4F159
:1073C000080C2EF001030CEB03028D685068954207
:1073D00020F003000EF0010600F08B8015185060BD
:1073E0006D6805F00105A846AEBB54F8084CACEB3F
:1073F000040C2344DCF8084001F1080E74456BD0FE
:10740000DCF80C50E560AC60B8F1000F00F08C8047
:1074100043F00100CCF804001360B3F5007F35D2CF
:10742000DA0848685C090132012312B2A340034321
:107430004B6051F83200CCF8080001EBC203083B66
:10744000CCF80C3041F832C0C0F80CC03846BDE86A
:10745000F041FDF703BE85B9034401F1080E9068C1
:10746000704543F001047AD0D268C2609060CCF8D5
:1074700004404CF80330D0E770474EF00102B3F5FA
:10748000007F44F8042C4CF80330C9D3B3F5206FC7
:107490004FEA53204AD2980900F1390212B200F1A2
:1074A0003804D20088188A580838904203D15FE027
:1074B0009268904204D0516821F003019942F7D8B4
:1074C000D068CCE90220C0F808C03846C2F80CC029
:1074D000BDE8F041FDF7C2BDA5BB1844D2E90223C7
:1074E000D3609A6040F00103CCF804304CF80000FF
:1074F000ACE7184446B954F8083CACEB030C18440C
:10750000DCE90223D3609A6040F00103CCF8043038
:10751000294BC1F808C01B68834297D8274B3846CF
:107520001968FFF7EBFE91E7034498E714280FD999
:10753000542824D8180B00F16F0212B200F16E0427
:10754000D200AFE743F00101CCF8041013607DE7EF
:1075500000F15C0212B200F15B04D200A2E7C1E9C3
:1075600004CCCCE902EECCF804404CF803306DE7D3
:10757000A4100123A3404C6823434B60A1E7B0F55E
:10758000AA7F07D8D80B00F1780212B200F1770475
:10759000D20087E740F25452904206D8980C00F18E
:1075A0007D0200F17C04D2007CE74FF47E727E24E1
:1075B00078E700BF20460020E4500020A89A002071
:1075C0002DE9F041D0F810E0BEEB611F05DC00238F
:1075D000036100234361BDE8F08100F114044E1102
:1075E00011F01F0C04EB8E0504EB860327D054F832
:1075F000261004339D4221FA0CF137D9CCF1200832
:1076000027461A6802FA08F20A4347F8042B53F88F
:10761000041B9D4221FA0CF1F3D8AEEB060E4FEAA3
:107620008E0EAEF1050E4FEA9E02231D2EF0030EC4
:1076300043F822109E4489B10EF1040E0EE09D42E3
:1076400088BF00F11002C2D953F8041B42F8041F8E
:107650009D42F9D8AEEB060E04EB8E0EAEEB0403A2
:107660009B10A6450361B4D0BDE8F08141610029BB
:10767000ADD0A646E0E700BF2DE9F04F8946096886
:1076800092468A7885B0302A0090029340F01C829E
:10769000CB1C1A78302A1C4603F10103F9D0A4EB65
:1076A0000108A8F10208B04EB35C002B00F0EE8098
:1076B0002378F25C00231D46002A00F06F812746E4
:1076C00017F8012FB25C002AFAD1A84901930122D0
:1076D0003846FFF717FA019B834600284FD03A78C7
:1076E000002D00F0C781A5EB070B4FEA8B0B02F0D2
:1076F000DF02502A3D464FD0C9F80070002B74D1EC
:107700002A1B013A072A194604DD5210072A01F103
:107710000101FADC009800F0CBFB8146002800F064
:10772000988200F11407AC42019780F00082A146D4
:107730004FF00008039000240CE0202C19D02146C3
:1077400004342A78B25C02F00F028A4048EA020848
:107750004D4553D015F8012D2E2AEED14D45ECD3D1
:10776000824901222846FFF7CDF90028F0D0202CCD
:10777000E5D1002147F8048B04248846E1E7002D79
:1077800000F095813A7802F0DF02A5EB070B502A52
:107790004FEA8B0B3D46AFD16A782B2A00F0688107
:1077A0002D2A40F0E5800120AA78B15C4A1E182AF3
:1077B00005F1020700F2E5807A78B25C10390137F2
:1077C00052B90BE001EB810102EB4102A2F1100181
:1077D00017F8012FB25C0AB1192AF3DD00B1494252
:1077E0008B44C9F80070002B8AD0B8F1000F0CBF91
:1077F00006240024204605B0BDE8F08FDDF80C908B
:1078000047F8048B019BFF1ABB104046C9F81030A3
:1078100000F028FCDAF80050C0EBC700A84255DCA5
:10782000C0F22A81DAF808305B45C0F21881DAF834
:1078300004309B4580F2A780A3EB0B0BAB4570DABD
:107840000BF1FF34002C40F0858126466311019A2C
:1078500004F01F0452F823200123A3401342A5EB98
:107860000B055946484600F08481FFF7A9FEDAF877
:107870000C40DAF804B0022C00F03981032C00F03F
:107880009281012C00F08B8112247DE03749012286
:107890002046FFF737F90346002840F081806278E0
:1078A000B15C651C00297DD0302A2C4640F07D81DA
:1078B00014F8013F302BFBD0F25CB2FA82F34FF0A8
:1078C00001085B09002A7FF4FAAE67E0441B2146F9
:1078D000484601F027F8064678B1621E5311019917
:1078E000012651F8231002F01F0306FA03F30B429E
:1078F00003D0B24200F33481022621464846FFF706
:107900005FFEDAF80830A3445B45C0F2A880DAF8DD
:1079100004305B4540F3DC80A3EB0B0B5D4500F3CB
:107920000A81DAF80C20022A44D0032A00F02B81C5
:10793000012A42D1AB4540D1BBF1010F08D00BF178
:10794000FF31484600F0EEFF002836D0DAF8043068
:1079500002990B60019B0122C9F810201A600E9B4E
:107960006224C3F8009045E7783E0020BC0C00205C
:10797000B15C4A1E182A05F101074FF000007FF69E
:107980001BAF2F46B8E601240E9BC3F80090029B64
:107990002046C3F800B005B0BDE8F08F274694E656
:1079A0002278254602F0DF02502A00F0E880C9F86C
:1079B00000501AE70F9A002ACAD00098494600F0F2
:1079C000A1FA50240E9A00232046136005B0BDE8AA
:1079D000F08FD9F808309E4280F2EA8009EB8602E7
:1079E000731C0121022CC9F81030DDF804805161AC
:1079F00000F0CE80002B40F3008108EB830409F1F6
:107A00001801D9F814308C424FEA530340F2158123
:107A100040460A6843EAC27340F8043B51F8043B0D
:107A20008C424FEA5303F4D8A4EB0902193A08F147
:107A30000401900822F0030241F820300A4403B107
:107A40000432A2EB08039B104245C9F8103000F045
:107A5000D780DAF808300BF1010B5B4565DA009846
:107A6000494600F04FFA0E9A0023A3241360C1E6A2
:107A7000002099E6AB463AE62C1A49460098224681
:107A800000F0A8FCDAF80830ABEB040B9B4581460C
:107A9000E5DCDAF804309B45BFF675AFA3EB0B0BC2
:107AA00000F11402AB450192BFF63BAFC8E67A780D
:107AB000B15C7D1C2F4600293FF419AE17F8012F49
:107AC000B15C0029FAD10EE68C1C4FF00008EAE503
:107AD0000124002E3FF458AFDAF80C30022B06D008
:107AE000032B08D0012B2DD044F010044CE70F9B42
:107AF000C3F101030F930F9B002BF5D0019AD9F826
:107B00001060904602EB8600002104E042F8041B5E
:107B100090427FF65EAF13685F1CF7D00133022CF2
:107B2000136035D015F01F056ED121242CE7019F7D
:107B30004FF0000864E60BF1FF34002E3FF482AEF4
:107B4000012683E6B207CFD5019B1B681E43F307CE
:107B5000D4D4C9E72146484600F0E4FE064675E65F
:107B6000A11E484600F0DEFE00283FF4C5AE032605
:107B7000C3E6FFF725FD0224DAF804B0A9E74FF0C9
:107B8000000B012308E60F9A002A7FF4E1AE14E708
:107B9000DAF80030013BAB4243D02224F4E646F051
:107BA00002060224D0E70224A5E74FF0010886E58B
:107BB000D9F804100098013100F07AF9074600283E
:107BC00041D0D9F8103002339A0009F10C010C3081
:107BD000F9F766FB4946009800F094F93B690121EA
:107BE00007EB8302022C0B443B6107F1140851613F
:107BF000B946CDD09E4295DAFCE60023C9F8103094
:107C00000023C9F8143024E708EB8606C5F12005E7
:107C100056F8040C00F026FAA84286DAD9F810309B
:107C2000E8E66B1105F01F0558F823200123AB404F
:107C3000134214BF21242224A6E6C8F80030002BEA
:107C4000DBD04246FCE6064B06483A46842103F068
:107C500065F8034B03484A46E42103F05FF800BF90
:107C6000C0300020D43000200139036811F8012F02
:107C700003F1010CA2B100B502E011F8012F5AB1D5
:107C80001CF8013BA3F1410EBEF1190F98BF203340
:107C90009342F2D0002000BDC0F800C0012000BD1A
:107CA000C0F800C0012070472DE9F04F0B68154661
:107CB0005A1105EB820213F01F0385B00CBF9046EA
:107CC00002F10408009382460CBF131F134602689A
:107CD000002048F8040C5178002900F0B3801C46BD
:107CE0009C46CDF804A00B46654E8646013281467F
:107CF00082464746214610E0202B00F29D805045E9
:107D000008DDA44502D2BEF1070F68DD65455DD3ED
:107D10004FF0080E12F8013FCBB116F80380B8F10E
:107D2000000FE9D00EF1010EBEF1080F00F10100C5
:107D300041DCDCF800304FEA031B08F00F0848EA8A
:107D40000B03CCF8003012F8013F002BE5D1B84608
:107D50000B46002876D0A44502D2BEF1070F79DD8C
:107D600065455AD2291F624652F8040B41F8040FA8
:107D70009A42F9D9A3EB0C02591C22F003020CF130
:107D8000010C8C4588BF0022291D0A4400201146A1
:107D900004329A420860FAD958F8041C19B106E076
:107DA00053F8042D1AB99D42FAD101232B60052006
:107DB00005B0BDE8F08F6545ACD24CF8049C4FF09F
:107DC000000BACF1040C4FF0010EB6E7ACF104046B
:107DD0004CF8049C8246A4464FF0000E9AE7CEF180
:107DE000080E4FEA8E0ECDE902C7DCF80030E046FF
:107DF000CEF1200B9446D8F8042002FA0BF71F436B
:107E000022FA0EF3C8F8007048F8043FA045F2D3F8
:107E10006246039FDDF808C078E7009A58F8041C12
:107E2000002ABBD0C2F120024FF0FF3020FA02F24C
:107E3000114048F8041CB1E7292BDDF804A0B8462E
:107E40000B4603D0042005B0BDE8F08F0132CAF81C
:107E500000207EE7CEF10802DCF800109200C2F1AB
:107E6000200E66460846776807FA0EF1014327FAA6
:107E700002F0316046F8040FA642F4D370E700BF69
:107E8000783E002082B049B15AB16BB113780B60D3
:107E90001278101E18BF012002B0704701A9002AF5
:107EA000F3D1104602B070476FF00100F4E700BF55
:107EB00030B5436C83B005460C4653B153F82400EB
:107EC00088B1026843F824200023C0E9033303B0DB
:107ED00030BD21220421FCF799FD03466864002887
:107EE000ECD10020F3E7012101FA04F35A1D9200BE
:107EF00028460193FCF78AFD0028F2D0019B4460DC
:107F00008360E1E731B1436C4A6853F822000860AE
:107F100043F82210704700BF2DE9F0410E69174663
:107F20000D461C4601F114024FF0000E11688BB291
:107F300007FB03434FEA134C090C07FB01CC0EF17E
:107F4000010E9BB203EB0C43764542F8043B4FEA2B
:107F50001C44EBDC3CB1AB68B34207DD05EB8603A8
:107F600001365C612E612846BDE8F0816968013107
:107F70008046FFF79DFF0746B0B12A69023205F13E
:107F80000C0192000C30F9F78BF9D8F844306A688C
:107F900053F82210296043F822503D4605EB860332
:107FA00001365C612E61DEE7024B03483A46BA2196
:107FB00002F0B4FEC0300020383100202DE9F84333
:107FC000092B089C1E460546884617463CDD224B79
:107FD00006F10802A3FB02325208012300215B00D4
:107FE0009A4201F10101FADC2846FFF761FF0146E0
:107FF00060B30123092F4461036113DC08F10A0413
:108000000927BE420BDDF61B264414F8013B0A2269
:10801000303B2846FFF780FFB4420146F5D10846C1
:10802000BDE8F88308F10904A146B84414F8013BFF
:108030000A22303B2846FFF76FFF44450146F5D141
:1080400009EB0704083CDCE70021CDE70A46034BB7
:108050000348D32102F062FE398EE338C03000209D
:1080600038310020B0F5803F034636BF03040020BE
:108070001020B3F1807F3CBF1B020830B3F1805F5A
:1080800006D3B3F1804F0FD29A0012D40330704759
:108090001A01B2F1804F00F1040006D29B0108D40E
:1080A0005B00F3D4202070471A46002AFBDB013026
:1080B00070470230704700BF0368590708D0DA07DD
:1080C0001FD499072AD55B08036001221046704728
:1080D0009AB282B91B0CDAB2B2B11022190701D1DF
:1080E00004321B09990714D0D90701D401325B0867
:1080F000036010467047DAB24AB11A0717D104225A
:10810000EFE700221046704718221B0AE6E7082214
:10811000FBE7590707D502329B08E9E79B080222D3
:10812000036010467047DB0804D12022CEE7DB084D
:108130000322DDE70332DBE738B5436C04460D4626
:108140004BB15868B0B102685A6000220123C0E9FF
:108150000323456138BD21220421FCF757FC034667
:1081600060640028EDD1094B0948002240F2451116
:1081700002F0D4FD1C2201212046FCF747FC002818
:10818000F1D001220223C0E90123DEE7C030002044
:10819000383100202DE9F04F0F691569AF4285B0E5
:1081A0000E46904605DB2A4643463D46884617461E
:1081B0001E46D8F80830D8F80410EC19A342B8BF0E
:1081C0000131FFF775FE8446002800F09C801430D2
:1081D00000EB840E704505D20346002143F8041BD2
:1081E0009E45FBD8143606EB870296427CD208F1F6
:1081F000140707EB8505A5EB080308F11508A8454A
:10820000A3F11503CDE902E44FEA930A8CBF0024E1
:1082100001249146E34605E0090C34D1B14500F153
:1082200004005ED956F8041B8AB2002AF4D0CDE9C6
:108230000090B8468646002358F8041BDEF800007C
:108240001FFA81F94FEA114C81B202FB0911000CAF
:10825000194402FB0C0000EB114089B241EA0041D5
:1082600045454EF8041B4FEA1043E5D8DDE9009080
:10827000002C4FEA8A0208BF00220244536056F8DD
:10828000041C090CCAD00368CDF800908846BC468F
:10829000864600221946BCF8009008FB092909EB24
:1082A00011499BB243EA09434EF8043B5CF8043B96
:1082B000DEF800101B0C8AB208FB032303EB194302
:1082C00065454FEA1342E6D8002C4FEA8A02DDF8F2
:1082D000009008BF00220244B145536000F1040041
:1082E000A0D8DDE902E4DC46002C02DC05E0013C1C
:1082F00003D05EF8043D002BF9D06046CCF8104066
:1083000005B0BDE8F08F034B034862464FF4B171EE
:1083100002F004FDC030002038310020F8B512F022
:108320000303144607462FD10E46A4102AD03D6CF5
:10833000002D32D004F0010364103BB92868B8B1B5
:10834000054604F001036410002BF7D02A4631469D
:108350003846FFF71FFF36B17B6C716853F8212058
:10836000326043F8216074B1064628680028E7D1DE
:108370002A4629463846FFF70DFF00232860036090
:108380000546DEE73046F8BD013B0F4A52F8232090
:108390000023FFF7C1FD0646C7E701213846FFF776
:1083A00087FD054640B1012340F27122C0E9043245
:1083B000002338640360BDE7044B05482A4640F2B9
:1083C000451102F0ABFC00BFF4440020C030002097
:1083D000383100202DE9F0470D4691462E69AB68F3
:1083E000496806EB6216741C9C4207464FEA621805
:1083F00004DD5B009C4201F10101FADC3846FFF725
:1084000057FD844600284FD0B8F1000F00F114004A
:108410000BDD08F105010CEB81010346002243F856
:10842000042B8B42FBD100EB8800296905F1140372
:1084300019F01F0803EB810E2ED0C8F12009024667
:108440004FF0000A196801FA08F141EA0A0142F8FE
:10845000041B53F8041B9E4521FA09FAF2D8AEEB2F
:108460000503153B23F0030305F11502964538BFBC
:108470000023043340F803A0BAF1000F00D13446C2
:108480007B6C6A68CCF8104053F822102960604673
:1084900043F82250BDE8F087043853F8042B40F825
:1084A000042F9E45F9D8EAE7034B044862464FF48F
:1084B000EF7102F033FC00BFC030002038310020E3
:1084C00003690A6900B5B3EB020E12D100F1140C76
:1084D00014310CEB820301EB820101E09C4508D2D0
:1084E00053F8040D51F8042D9042F7D003D24FF009
:1084F000FF3E704600BD4FF0010E704600BD00BF4C
:108500002DE9F04F17460A693B69A2EB0308B8F161
:10851000000F83B00C4615D1143107F1140505EB9B
:10852000830501EB830302E0994280F0858053F8D4
:10853000046D55F8042D9642F6D080F08A804FF0F5
:10854000010805E0FBDB3B464FF000080F461C46E8
:108550007968FFF7ADFC002800F086803A6926694B
:10856000C0F80C8007F1100107F11408834600F1F0
:10857000140704F1140008EB820E944600EB860603
:108580000023B946C2460A46019450F8041B52F82B
:10859000045F8CB21FFA85F8A8EB0408090C984414
:1085A000C1EB154101EB28411FFA88F848EA014464
:1085B000864249F8044B4FEA2143E6D8A146019C84
:1085C000301B1538153420F00300A64238BF0020B8
:1085D0000AEB00010431C4198E4562460846DC46A8
:1085E00098BF23461AD9A7EB0A070434C61950F8D6
:1085F000045B13FA85F82B442D0C05EB28459BB240
:1086000043EA05498645C6F800904FEA2543EDD870
:108610000EF1FF335B1A23F003032344B9F1000F7B
:1086200004D153F8041D013A0029FAD06046CCF871
:10863000102003B0BDE8F08F0021FFF739FC84461D
:1086400058B101220023C0E90423604603B0BDE80D
:10865000F08F3B4627461C467AE7074B07486246A1
:1086600040F2372102F05AFB0246034B034840F226
:10867000452102F053FB00BFC030002038310020FC
:1086800082B08DED000B019A154B1340A3F150738E
:10869000002B06DD00221946104641EC100B02B0FB
:1086A00070475B42B3F1A07F4FEA235209DA4FF4DF
:1086B0000023134100221946104641EC100B02B072
:1086C0007047A2F114031E2BDABF4FF00042DA40CC
:1086D000012200231946104641EC100B02B07047EE
:1086E0000000F07FF8B5036900F114040F4604EBB5
:1086F00083010D1F51F8046C3046FFF7B3FCC0F145
:1087000020030A283B6034DDAC42A0F10B031AD2EF
:1087100051F8080C2BB3C3F1200C9E4020FA0CF248
:108720001643A1F108059840AC4246F07F5343F44C
:1087300040131AD251F80C1C21FA0CF108430246DE
:1087400043EC102BF8BD0B280AD006FA03F141F0D8
:108750007F53002043F44013024643EC102BF8BD36
:10876000002046F07F5343F44013024643EC102BA5
:10877000F8BDAC4238BF51F8081CC0F10B0C00F139
:10878000150026FA0CFE34BF21FA0CF1002106FA7E
:1087900000F04EF07F53084343F44013024643EC8D
:1087A000102BF8BD2DE9F043894683B0012157EC29
:1087B000106B9046FFF77CFB0446002846D0C7F3B9
:1087C0000A55C7F313030DB143F480130193331E0D
:1087D00015D101A8FFF770FC019B636101212030D6
:1087E000216115B3A5F233450544C0F13500C9F840
:1087F0000050C8F80000204603B0BDE8F08368468A
:108800000093FFF759FCDDE9002328B1C0F12001F6
:1088100003FA01F10A43C340002B0CBF01210221DE
:108820006261A3612161002DDCD104EB8103A0F220
:108830003240C9F800001869FFF714FCC0EB411082
:10884000C8F80000204603B0BDE8F083034B04489D
:10885000224640F20F3102F061FA00BFC030002022
:1088600038310020F0B583B00E4669460746FFF761
:1088700039FF01A9304655EC104BB0EE407BFFF7B5
:1088800031FF33693A69D21ADDE900315B1A03EB33
:108890004213002B09DD17EE902A02EB035545EC3D
:1088A000174B87EE000B03B0F0BD10EE902A51EC91
:1088B000100BC3EB033302EB035141EC100B87EEBB
:1088C000000B03B0F0BD00BF0139491101F1010CEB
:1088D000116902F1140303EB81018B4200EB8C0C54
:1088E00016D210B5A0F1040E53F8044B4EF8044F05
:1088F0009942F9D8891A153921F003010430084446
:10890000844504D9002340F8043B8445FBD810BDBE
:10891000844505D9002340F8043B8445FBD87047C3
:10892000704700BF03694A11934200F1140009DA4D
:1089300000EB830302E053F8042D82B98342FAD896
:108940000020704700EB8203F8DD11F01F01F5D025
:1089500050F822C02CFA01F28A409445EED0012052
:10896000704700BF49B1FF2A02D80A700120704742
:108970008A2303604FF0FF3070470846704700BFFE
:10898000000000002DE9F04F2DED028BD1B00C4618
:10899000079190460993824602F076F90368119395
:1089A0001846FEF7EFFB08221090002120A8FEF7E2
:1089B00065F8A389180603D52369002B01F06E80A2
:1089C00000239FED728BCDE92533CDE9143327AA1F
:1089D0000D932492174612931393059345462C4604
:1089E0006C4BD3F8CC61FEF7FFF820AA0346009247
:1089F0001AA922465046B047002800F09880C0F2DD
:108A00008E801A9A252A034601D01C44E8E7B4EB6D
:108A10000508064640F08F8000234FF0FF328DF8A6
:108A20005F309B46069301342378049201349946C3
:108A3000A9F120035A2B00F2AF80DFE813F0FE0209
:108A4000AD00AD00FA02AD00AD00AD00DD02AD003D
:108A5000AD00A802B702AD00B302C002AD00BC0277
:108A60005B005B005B005B005B005B005B005B002E
:108A70005B00AD00AD00AD00AD00AD00AD00AD00E0
:108A80002101AD009C01AC03210121012101AD00B8
:108A9000AD00AD00AD00A803AD00AD000803AD0012
:108AA000AD00AD007302AD006103AD00AD009807ED
:108AB000AD00AD00AD00AD00AD00AD00AD00AD004E
:108AC0002101AD009C018701210121012101ED035C
:108AD00087016C00AD000804AD00F8033D041304E9
:108AE0006C00AD0073026A008303AD00AD00FB07AC
:108AF000AD006A00A9F13003002214F8019B02EBDB
:108B0000820203EB4202A9F13003092BF5D9069248
:108B10008EE723788AE723784BF0200B86E708223C
:108B2000002120A8FDF7AAFF01231C4458E7B4EB5D
:108B30000508064610D02599269B01314344072994
:108B4000C7E900582693259117DC0837059B434455
:108B50000593002E7FF460AF269B002B41F003832A
:108B6000079B9B8903F04003002B41F0CF860598BB
:108B700051B0BDEC028BBDE8F08F079924AA504696
:108B800001F022FF0028EBD127AFDFE70000000053
:108B9000000000008C4E0020B9F1000FDCD0002353
:108BA000CDE90B3301228DF8DC908DF85F3008930E
:108BB0000A9204930E9337AD0292269A1BF0840317
:108BC000904600F005819DF85F1009B3DDF894C070
:108BD00000260CF1010101200132786007290DF116
:108BE0005F00CDE92512386000F33E8408377EB17E
:108BF000DDF894C00CF1010118A802323860072991
:108C00004FF00200CDE92512786000F32084083788
:108C1000802B00F06583049B0A995E1A002E00F3F6
:108C2000E8801BF4807F40F021810A9B7B601A441E
:108C3000259B3D600133072B2692259300F3BC83CF
:108C400008371BF0040F05D0069B02995D1A002D12
:108C500000F31884DDE9053102988142ACBF5B184E
:108C60001B180593002A40F0778300232593089B67
:108C70001BB108995046FEF797FB27AF2546AEE695
:108C8000099B073323F00703B3EC028B9FEDA17B15
:108C9000B0EEC86BB4EE476BF1EE10FA099300F337
:108CA0003986B4EE488BF1EE10FA81F14685B9F1C0
:108CB000610F01F07A83B9F1410F01F07084049BD8
:108CC000013301F07F82B9F1670F18EE903A4BF44F
:108CD000807801F0F584B9F1470F01F0F1840023A9
:108CE000089318EE903A002BC1F20885B0EE487B4D
:108CF0000026A9F14103252B01F2DD81DFE813F005
:108D0000A50CDB09DB09DB09700ADD0ADB09DB09DD
:108D1000DB09DB09DB09DB09DB09DB09DB09DB0933
:108D2000DB09DB09DB09DB09DB09DB09DB09DB0923
:108D3000DB09DB09DB09DB09DB09DB09DB09DB0913
:108D4000A50CDB09DB09DB09700ADD0A1BF0200F2B
:108D500040F0DE85099A1BF0100F52F8046B41F0C9
:108D60001C861BF0400F099201F08E8046F3C0383C
:108D7000434636B21FE2B9F1430F03D01BF0100F88
:108D800000F065860822002122A8FDF777FE099AE7
:108D900037AD126822AB2946504602F089FF0A908F
:108DA000013001F0AE850A9B23EAE3730293099B2D
:108DB000269A043309930023CDE90B338DF85F30F5
:108DC000089304930E931BF0840390467FF4FBAE4C
:108DD0000699029E8E1B002E00F321849DF85F10E1
:108DE00000297FF4F3AE049B0A995E1A002E7FF7E8
:108DF00018AF4A49259B0F91102E27DD39464FF0B9
:108E0000100837462E462546079C04E0103F102FD9
:108E100001F1080116DD013340481032072BC1E98A
:108E20000008CDE92532F1DD24AA2146504601F0A3
:108E3000CBFD002840F09882103F102FDDE925324D
:108E400027A9E8DC2C4635463E460F4601330F99EC
:108E500039603244072BCDE925327E6000F364840B
:108E60001BF4807F07F108073FF4DFAEB9F1650F0F
:108E700040F3AC82B5EE408BF1EE10FA40F0528335
:108E8000259B27493960013301320121072B2692A6
:108E90002593796000F37F870837199B0D998B42E2
:108EA00080F2EB84109B11991A44C7E90013259BAB
:108EB00026920133072B259300F3D38508370D9BAA
:108EC0005D1E002D7FF7BDAE1449259B0F91102D1F
:108ED00040F39787A146DDF81C8010260C4604E07D
:108EE0000837103D102D40F38B8701331032072BCC
:108EF000C7E90046CDE92532F2DD24AA41465046B5
:108F000001F062FD002840F02F82DDE9253227AF15
:108F1000E7E700BFFFFFFFFFFFFFEF7FF8450020FF
:108F2000AC0D0020DDF8248058F8045B00238DF898
:108F30005F30002D00F0A185B9F1530F00F03787A5
:108F40001BF010030B9340F03287049B002BC1F2FF
:108F5000FC801A460B992846FEF7C4F89DF85F304E
:108F60000890002801F04884089A521B0A9222EACD
:108F7000E27202920BB1013202920B9BCDF8248077
:108F800004930E930C9308934FF0730915E6099B15
:108F900053F8042B0692002A80F27584069A0993EE
:108FA0005242069223784BF0040B3FE52B238DF8B9
:108FB0005F3023783AE523784BF0800B36E5214685
:108FC00011F8019BB9F12A0F01F09084A9F1300347
:108FD000092B98BF002201F2DD8211F8019B02EB00
:108FE000820203EB4202A9F13003092BF5D942EAD0
:108FF000E27304930C461BE5504601F045FE4368BE
:1090000013931846FEF7BEF815900646504601F039
:109010003BFE826823781492002E3FF407AD002AAD
:109020003FF404AD1278002A3FF400AD4BF4806B9E
:10903000FCE423784BF0010BF8E49DF85F202378E3
:10904000002A7FF4F3AC20228DF85F20EEE41BF0C1
:10905000200F4BF0100000F02884099B073323F009
:1090600007031A46596852F8083B099200228DF806
:109070005F20049A002A18DB53EA010220F4906B67
:1090800015D1049A9AB910F001031A46029300F020
:10909000738630238DF83F31049B0A92CDE90B3360
:1090A0000E9308930DF23F1587E520F4806B50ADC9
:1090B00003F00702DB0843EA4173C908303253EA80
:1090C0000106284605F8012DF2D11BF0010F00F032
:1090D0001582302A00F012823023049905F8013CF1
:1090E000023850AB1B1A99424FF00002B8BF194624
:1090F000CDE90B2208920A93054602910E925CE597
:109100001BF0200F4BF0100121D1099B1A1D099B68
:1091100004981B684FF0000840458DF85F801E469C
:1091200059DB21F0800B002B40F08C850992002840
:1091300040F0E983CDE90B000A900E900290089070
:1091400050AD3AE51BF0200F00F0BE835946099B55
:10915000073323F0070200238DF85F30049BD2F819
:10916000048052F8086B0992002B35DB56EA08039D
:1091700021F0800B31D1049B002B40F0C483CDE95A
:109180000B330A930E930293089350AD15E52378A1
:109190004BF0080B4AE41BF0200F4BF0100300F0DB
:1091A0007A83099A073222F007029B46536852F8E5
:1091B000086B09929846002BC0F2C282049A002ADA
:1091C0000BDB56EA08032BF0800B06D1002A00F0D7
:1091D0004187302607E009928B460A2E78F100037A
:1091E00080F0BF823036049A9DF85F308DF83F6181
:1091F000012AB8BF0122029201220A920DF23F1504
:10920000002B01F06D83029B013302930023CDE913
:109210000B3308930E93D0E42378682B03BF637855
:109220004BF4007B01344BF0400BFFF7FFBB099A76
:109230001BF0200F02F1040300F0888312680599E7
:109240001160C917516009932546FFF7C8BB237801
:109250006C2B03BF63784BF0200B01344BF0100BE9
:10926000FFF7E4BB099A049E52F8041B002047F65E
:1092700030038642ADF860308DF85F000B46C0F2D7
:10928000DB832BF0800545F0020B002940F0D683EC
:10929000002E00F0E686099230230122CDE90A2152
:1092A0000E918DF83F3102960DF23F154FF078097F
:1092B0008E4608910C91A5E31BF0200F40F025830A
:1092C000099A1BF0100F52F8043B41F05E831BF02B
:1092D000400F00F0E9859BB2099258460021C5E68F
:1092E000069B02995E1A002E7FF795AC8B49259B51
:1092F0000F91102E24DD38464FF010082F461946E6
:109300002546864C04E0103E102E00F1080013DDC7
:10931000013110320729C0E90048CDE92512F2DDFC
:10932000079924AA504601F04FFBE8B9103E102ED1
:10933000DDE9251227A8EBDC2C460B463D46074607
:1093400001330F9939603244072BCDE925327E6015
:1093500000F3638508375EE4079924AA504601F0BC
:1093600033FB00283FF481AC089B002B3FF4F8ABA3
:1093700008995046FEF718F8079B9B8903F04003B5
:10938000FFF7F2BB109B11991A44C7E90013259B04
:1093900026920133072B259300F3068707F1080176
:1093A0000028C1F21E810D980D6001330244072B85
:1093B000CDE92532486046DD079924AA504601F0E0
:1093C00003FB0028D0D1269A27AF3AE40D98259BBD
:1093D000012802F1010203F1010307F1080140F342
:1093E00064810120072BCDE925323D60786000F3D0
:1093F0002C821098119E01330244072BC1E90060B2
:10940000CDE9253200F32D8208310D98B5EE408B61
:10941000F1EE10FA00F1FF3600F05F810133013503
:109420003244072BCDE925320D604E6000F34981AF
:1094300008311298486001330244072B1CA8CDE97B
:1094400025320860B8DC01F10807FFF7FABB07997D
:109450000F9324AA504601F0B7FA002884D1269A27
:109460000F9B27AFFFF7D4BB07990F9324AA504651
:1094700001F0AAFA00287FF477AF269A0F9B27AF56
:10948000FFF7B5BB102D259B41F3D580A046DDF835
:109490001C90234C102604E0103D102D07F1080706
:1094A00015DD01331032072BC7E90046CDE925321F
:1094B000F2DD24AA4946504601F086FA00287FF4DE
:1094C00053AF103D102DDDE9253227AFE9DC2146F1
:1094D0004446884601332A44072BC7E90085CDE975
:1094E00025327FF7B7AB079924AA504601F06CFAF2
:1094F00000287FF439AF269AFFF7ACBB049950AA35
:10950000521B91424FF00003B8BF1146CDE90B3317
:1095100008930A9202910E93FFF74FBBF845002083
:10952000DC4000201998002840F300840B9B0D9923
:109530008B42A8BF0B46002B98460ADD1A44C7E9A8
:109540000053259B26920133072B259300F3B48704
:1095500008370B9EB8F1000FA8BFA6EB0806002E37
:1095600000F3AB820B9B1BF4806F03EB050940F00B
:10957000CA82199B0D998B4203DB1BF0010F00F08F
:109580007D85109911980A44C7E900012599269212
:1095900001310729259100F39B8708370D996E1833
:1095A000A6EB0906CD1AAE42A8BF2E46002E0BDD53
:1095B000259BC7F8009001333244072B7E6026922A
:1095C000259300F3D3870837002EA8BFAD1B002DCD
:1095D0007FF737ABB949259B0F91102D40F31184CC
:1095E000A146DDF81C8010260C4604E00837103D2B
:1095F000102D40F3058401331032072BC7E90046D4
:10960000CDE92532F2DD24AA4146504601F0DCF9CD
:1096100000287FF4A9AEDDE9253227AFE7E72599D9
:10962000102E404640F361870F943A46A846079CA7
:10963000A34D1F4604E0103E102E02F1080216DD75
:109640000131103010230729CDE925101560536032
:10965000F1DD24AA2146504601F0B6F900287FF436
:1096600083AE103E102EDDE9251027AAE8DC3B462C
:109670000F9C17462A464546904601F1010C3218C8
:10968000BCF1070FCDE925C2C7F800807E6000F36A
:1096900036839DF85F100837002940F0F880002BD2
:1096A0003FF4B9AA0B46FFF7A5BA1BF0010F7FF4F0
:1096B00098AE0120072BCDE925323D6078607FF719
:1096C000B8AE079924AA504601F07EF900287FF42D
:1096D0004BAEDDE9253227A9ABE60D9801287FF7CF
:1096E000A8AE112875480F9040F3B783A046079F96
:1096F0001025044604E00831103E102E40F3AC83E0
:1097000001331032072BC1E90045CDE92532F2DDE6
:1097100024AA3946504601F057F900287FF424AEB8
:10972000DDE9253227A9E7E7079924AA504601F089
:109730004BF900287FF418AE269A27AFFFF771BACD
:109740002D238DF85F30049B764268EB4808002B90
:10975000FFF643AD0A2E78F100032BF0800BFFF4E7
:1097600041AD0294CDF8289050A9DDF850900897AB
:109770004FF0000C0BF4806426E016EB0803514810
:1097800043F10003A0FB032020F0030202EB900250
:109790009B1AF31A4B484FF0CC32B646474602FBB1
:1097A00003F268F1000800FB0822A3FB0063BEF18E
:1097B0000A0F13444FEA560677F10007294646EA96
:1097C000C3764FEA53082DD33E4D16EB080343F101
:1097D0000003A5FB032020F0030202EB90029B1A7A
:1097E000F31AA3FB053268F1000005FB00225B08B9
:1097F00043EAC27303EB8303A6EB430330330CF15C
:10980000010C01F8013C4D1E002CB6D099F8003037
:109810006345B2D1BCF1FF0FAFD00A2E78F100033F
:1098200080F0B3830499029CCDF8509050AB5A1B42
:109830009142B8BF1146DDF82890089F9DF85F302F
:10984000CDF834C00A920291DAE4079924AA50466E
:1098500001F0BAF800287FF487ADDDE9253227A9A9
:10986000C7E5079924AA504601F0AEF800287FF416
:109870007BADDDE9253227A9C7E51BF0010F3FF4D9
:10988000E0A9FFF70FBB09932378FFF7CFB81E4677
:109890000023FFF79EB9099A0432099909920E68CC
:1098A0004FEAE6789B46434685E4099B1A1D099BCF
:1098B00009921B680021FFF7D9BB00BFF8450020C3
:1098C000DC400020CDCCCCCC099A1BF0100052F823
:1098D000043B41F057801BF0400100F0A8818DF857
:1098E0005F009BB204994FF0000841451E46C0F24C
:1098F000A9812BF0800B002B40F0A481049B0992DE
:10990000002B3FF43CAC00266CE45846FFF7A5BBA7
:109910005B4646E4B5EEC08BF1EE10FA2BF0800BFF
:1099200000F11E839DF85F30B9F1470FCCBFA44D05
:10993000A44D002B40F052870322CDE90B3308934E
:109940000A9204930E930292FFF737B91BF0100F9F
:1099500040F07C821BF0400F40F0A7831BF4007F97
:1099600000F07482099A0599126811706BE4964EA2
:109970001BF0200F00F07D81099B073323F00703C4
:109980001A46586852F8083B09921BF0010140F052
:109990005C81049A8DF85F10002AC0F28B8153EA33
:1099A00000022BF4906B00F0948103F00F02B25C84
:1099B0008DF83F211B0943EA0073020953EA101096
:1099C0000DF23F150BD003F00F001B09305C05F8BA
:1099D000010D43EA0273120953EA0200F3D1049A1B
:1099E00050AB4FF0000E5B1B9A42CDE90BEEB8BFB7
:1099F0001A460A930292CDF820E0CDF838E000290B
:109A00003FF4DBA8029BDDE925C2023302931BF081
:109A100084039046614604D1069E0298361A002EB1
:109A200006DCBEF1000F3FF4E5A80226FFF7D1B82F
:109A30000223F5E5654E9BE74BF0020B0992634E5E
:109A400003F00F020221B25C4FF07809B0E7099BE6
:109A50001B688DF8DC30012302930A9337ADFFF7C2
:109A6000A6B9079924AA504600F0AEFF00287FF45B
:109A70007BAC269A27AFFFF722BA049B0895062BEA
:109A800028BF062302930A932B460495CDE90B3396
:109A90004F4DCDF824800E93FFF78FB840215046EC
:109AA000FBF700F8079B18601861002800F060873A
:109AB000079A40235361FEF783BF102E259B40F386
:109AC0002E874448DDF81C800F9039464FF010096E
:109AD000074604E00831103E102E40F32B8201337C
:109AE0001032072BC1E90079CDE92532F2DD24AA35
:109AF0004146504600F068FF00287FF435ACDDE9B0
:109B0000253227A9E7E70D9BDDF83880CDF83CB07A
:109B1000EB1804930C9BDDF81CB00B94002B4E4605
:109B20003946DDF85090159F0E9531DDB8F1000FE4
:109B300040F32B8108F1FF382598139B01303A44FC
:109B40000728C1E900372692259000F39F8008314D
:109B5000049B99F800009D1B8542A8BF0546002D77
:109B60000CDD259801302A440728C1E900652692BA
:109B7000259000F35E8199F800000831002DACBFFC
:109B8000441B0446002C14DC06440C9B002BCDDC4B
:109B9000B8F1000FCEDCDDE90D35EB189E42CDF8B3
:109BA00050900B9CDDF83CB0B1460F4628BF99465B
:109BB000DFE4102C2598074B2BDD10250A9310E0CD
:109BC0006430002094310020B03100209C3100200E
:109BD000C4310020F8450020103C102C01F1080190
:109BE00016DD0130AE4B10320728C1E90035CDE952
:109BF0002502F1DD24AA5946504600F0E5FE002872
:109C00007FF4B2AB103C102CDDE9250227A9E8DC7B
:109C10000A9B0B60013022440728CDE925024C60E5
:109C200000F3588399F8000008310644ADE71BF4AF
:109C3000007840F0328204998DF85F8000291E463A
:109C4000BFF657AE0992FFF7C8BA53EA000237D001
:109C500030228DF8602000228DF85F20049A8DF864
:109C60006190002A23DB2BF4906242F0020B022168
:109C70009BE6099A1BF0100F52F8043B099214D18D
:109C80001BF0400F0DD09BB200207EE624AA59465F
:109C9000504600F099FE00287FF466AB269A27A96B
:109CA00056E71BF4007F40F0F58100206DE64BF095
:109CB000020B022103F00F022BF4806BB25C77E6FB
:109CC000049B00218B428DF85F10C0F241812BF480
:109CD000906B049A002A00F0CB80012A33788DF82B
:109CE0003F31B8BF0122002302920122CDE90B339C
:109CF00008930A920E930DF23F15FEF75EBF079987
:109D00000F9324AA504600F05FFE00287FF42CAB8E
:109D10009DF85F10269A0F9B002900F0AC801E462C
:109D2000DDF894C0034627AFFEF753BF259B5D497E
:109D30003960013301320121072B26922593796086
:109D400000F37C81083700287FF41CAB0D990BF0E1
:109D500001030B433EF475AF109B11991A44C7E9F8
:109D60000013259B26920133072B259300F31C82B9
:109D700007F10801FFF717BB049B0A93CDE90B33EA
:109D80000E93089350ADFEF718BF0C9B013B09F1F1
:109D9000FF390C93D0E6079924AA504600F014FE30
:109DA00000287FF4E1AA269A27AFFFF776B80822A9
:109DB000002122A81B95FCF761FE049B002B7DDB94
:109DC00000260294CDF82080344698460EE037A94C
:109DD000504601F06DFF411C204400F09484404542
:109DE00009DC06F1040600F0008504461B9A92592E
:109DF00022AB002AEBD10A94DDF82080029C6AE0B5
:109E00004C4601330F9939602A44072B7D60CDE918
:109E100025327EF715AFFFF7CFBA079924AA50462F
:109E200000F0D2FD00287FF49FAA269A27AFFEF704
:109E3000F2BE24AA5946504600F0C6FD00287FF421
:109E400093AA99F80000269A27A997E6099A0599F6
:109E500012681160FFF7F7B9444601330F980860A4
:109E60003244072BCDE925324E607FF7E1AA28E482
:109E7000049BFFF784B9002B00F00981DDF894C042
:109E80000B4627AFFEF7B6BE1BF4007F16BF46F3A6
:109E9000C0184FEAE67876B24346FFF78CB900BFA8
:109EA000F8450020AC0D00201BF4007100F0F98093
:109EB000DBB2099258460021FFF7D8B822AB0093D5
:109EC00000231BAA1946504601F01AFF0A900130E0
:109ED00000F019841B950A9B002B00F09F80632BD8
:109EE00000F34C810023089337AD0822002122A8FB
:109EF000FCF7C4FD0A9E22AB00931BAA33462946F9
:109F0000504601F0FDFE864240F042850A9A002349
:109F1000AB5422EAE27202929DF85F20049312B1E0
:109F2000029A01320292CDE90B33CDF824800E93D0
:109F3000FEF743BE0F4601330F9939603244072BB9
:109F4000CDE925327E6000F323810837FFF70ABB95
:109F500033788DF83F312BF4806B0DF23F153EE5E1
:109F60002D238DF85F30B9F1470F4FF000030893B0
:109F7000049340F3E6800322964D0A92CDE90B3319
:109F80000E9304230293FEF718BE159A1399AD1A87
:109F90002846FCF7F3FD99F801300BB109F10109EE
:109FA0008D4A16EB080343F10003A2FB030727F0D9
:109FB000030000EB97001B1AF31A4FF0CC3168F145
:109FC000000803FB01F102FB0811A3FB023001446E
:109FD0005B0843EAC1764FEA510816EB080343F1E8
:109FE0000003A2FB031020F0030101EB90015B1AB8
:109FF000F31AA3FB023168F100005B0802FB0012B8
:10A0000043EAC27303EB8303A6EB4303303305F843
:10A01000013C4FF0010C013DFFF7F8BB9DF85F30AC
:10A02000CDF82480003B18BF012302930A9B0493C0
:10A03000CDE90B330E930893FEF7BFBD079924AA11
:10A04000504600F0C1FC00287FF48EA91998269A8A
:10A0500027AF78E69DF85F3002920A9250ADFFF785
:10A06000CFB8049B0992CDE90A330E930C93029367
:10A0700050AD4FF078099E460893C3E46E18A6EBE6
:10A080000906CD1AAE42A8BF2E46FFF79DBA27AFEC
:10A09000FEF7C1BDDBB2002077E48DF85F10DBB2C4
:10A0A00020E409925846FEF7E1BF099A0599126823
:10A0B0001180FFF7C8B822AB01931BAB0093B0EE41
:10A0C000470B049A19AB022150468DED027B00F03C
:10A0D000D9FE9DED027B05461BF0010F40F0558235
:10A0E000229B5A1B199B0D92D81C0B93C0F2018224
:10A0F00004999942C0F20B819A4200F392820B9B21
:10A100000A931BF4806F03D00B9B002B00F32D836D
:10A110000A9B23EAE373C34602934FF067090023C7
:10A120000E930C930BF00201002E00F0CA804FF04A
:10A130002D0E8DF85FE0029B013302930023049300
:10A140005DE40322254D0A9218E72846FDF71AF828
:10A150009DF85F300A9020EAE0720292002B3EF4F4
:10A160000CAFFEF708BF079C24AA2146504600F01A
:10A170002BFCA38903F04003FEF7F6BC591C5046A4
:10A18000FAF790FC0546002800F0F6830890ACE64C
:10A19000079924AA504600F017FC00287FF4E4A891
:10A1A000269A27AFFFF7DEB9079924AA504600F098
:10A1B0000BFC00287FF4D8A8DDE92532199827A9DF
:10A1C000FFF7EEB800230893062304934BF480783E
:10A1D000FEF787BD64300020CDCCCCCC943100207C
:10A1E000049B01330D93022122AB01931BAB00931F
:10A1F000B0EE470B19AB0D9A50468DED027B00F087
:10A2000041FE0D9B29F0200CBCF1460F9DED027B19
:10A21000054600EB030100F09880B5EE407BF1EEBF
:10A2200010FA00F0D882229B994288BF4FF0450C6B
:10A2300040F2CF8230205A1C22921870229B8B420F
:10A24000F9D35B1B0D93BCF1470F199B0B9356D0B1
:10A25000BCF1460F00F08F800B9B8DF87090013B96
:10A26000002B1993C0F24C812B22092B8DF8712001
:10A2700000F34F8130228DF872200DF173023033DC
:10A2800002F8013B1CABD31A12930D9B129A012BBF
:10A290001A440A9240F341820A9B109A13440A938B
:10A2A0000A9A2BF4806343F4807B22EAE272002353
:10A2B000CDE90B330E93029234E7049B0D930321F7
:10A2C00092E79DF85FE0BEF1000F7FF434AF049693
:10A2D000FFF795BB24AA5946504600F075FB0028AD
:10A2E0007FF442A899F80000269A27A906444CE476
:10A2F000199B0B934B1BBCF1470F0D933BD10B9B51
:10A300000333C0F2F680049B0B9A93420FDA0B9B47
:10A31000013BA9F10209002B8DF870901993A3DA83
:10A320000B9B2D22C3F101038DF87120A2E70D9B39
:10A330000B9A934200F375811BF0010F0B9B00F009
:10A34000B282109A13440A93DBE62B78302B00F08C
:10A350006182199B1944B5EE407BF1EE10FAC7D02B
:10A36000229B8B42FFF466AF5B1B0D93BCF1470F42
:10A37000199B0B93C3D00B99049A0BF0010300298E
:10A3800043EA020340F3CF82002B40F01A820B9B7A
:10A390000A934FF066091BF4806F40F0E8810A9B36
:10A3A00023EAE373C3460293B9E647F63003ADF8F8
:10A3B0006030049B632B4BF0020B00F35C8118EEC2
:10A3C000903A002BC0F23B81B0EE480B19A800F088
:10A3D00061FCB4EE007B20EE077BB5EE407BF1EE36
:10A3E00010FA40F0408201230026199337AD0896F9
:10A3F000AE480499B3EE004B2B4606E0B5EE407B29
:10A40000F1EE10FA00F00F82114627EE047BFDEE0C
:10A41000C76B4A1E16EE90CA10F80CE0B8EEE65B69
:10A420009C4637EE457B03F801EB0029E6D1B6EEFA
:10A43000005BB4EEC57BF1EE10FA08DCB4EE457BB0
:10A44000F1EE10FA1ED116EE902AD2071AD5CDF8E9
:10A4500088C013F8011C90F80FC08C451A460AD129
:10A460004FF0300E02F801EC229A511E229112F8A0
:10A47000011C6145F6D0392916BF0131817AC9B274
:10A4800002F8011C199A5B1B0D93B9F1610F02F1DF
:10A49000FF33199300F01F8250214FF04109002B28
:10A4A0008DF87010C0F20E822B22092B8DF87120CE
:10A4B0002FDC0DF17202E2E6079924AA504600F063
:10A4C00083FA00287EF450AF269A27AFFFF741B8F1
:10A4D000079924AA504600F077FA00287EF444AF8A
:10A4E000199B269A27AFFFF759B8DFF8CC81FFF701
:10A4F000C4B80B9BA9F10209013B8DF87090199328
:10A500000B9A2D238DF87130C2F101030832BFF68A
:10A51000B1AE0DF17F0CDFF8A4E162461046AEFB50
:10A520000312D20802EB8201A3EB41013031632B0D
:10A5300000F8011C134600F1FF32EFDC303302F863
:10A54000013C831E634580F0C8810DF1710213F850
:10A55000011B02F8011F6345F9D103F5A0736B4499
:10A56000CC3B1B1A1CAA9B1A12938EE6079924AAAD
:10A57000504600F029FA00287EF4F6AE199D0D9B96
:10A58000269A5D1B27AFFFF71FB8049B4FF0470CBF
:10A59000E918E0E600230C460493FEF749BA45F6B5
:10A5A0003003ADF86030049B632B4BF0020B62DC90
:10A5B00018EE903A002B42DBB0EE480B19A800F0E1
:10A5C00069FBB4EE007B20EE077BB5EE407BF1EE3D
:10A5D00010FA01D10123199300263548089637ADAA
:10A5E00007E74642103033480F9052DA1027804672
:10A5F00003E00831103E102E4BDD01331032072BE3
:10A60000C1E90087CDE92532F3DD079924AA504638
:10A6100000F0DAF900287EF4A7AEDDE9253227A99B
:10A62000E8E70D9B109A9A180B9B0A92002B79DD94
:10A630004FF06709AFE6DFF88080FEF74BBF0023DD
:10A64000089337AD2D26B1EE487BB0EE470B19A825
:10A6500000F020FBB4EE007B20EE077BB5EE407BE4
:10A66000F1EE10FA04BF01231993B9F1610F3FF421
:10A67000BFAE0F48BDE6049B5046591CFAF712FACC
:10A680000546002800F03D8108904BF48078FEF7E5
:10A6900028BB01330F9808603244072BCDE92532DF
:10A6A0004E6000F302810831FEF77DBE9C31002030
:10A6B000B0310020F8450020DC400020CDCCCCCCCF
:10A6C000049A002A00F0D480002BC0F22481B0EE5E
:10A6D000487B002622AB01931BAB0093B0EE470BE7
:10A6E00019AB049A022150468DED027B00F0CAFBA3
:10A6F00000239DED027B05460893EDE42D26B1EE87
:10A70000487BFEF7F6BA079B9B890022089243F02C
:10A710004003079A9381FEF727BE1BF0010F3FF419
:10A72000BFADB9E5C3F101031A4422EAE273C3469F
:10A730000A9202934FF06709F1E418EE903A13F091
:10A7400000432BF0800B0B9300F09A802D238DF8A3
:10A750005F30B9F1470F4FF000030893049340F3C3
:10A76000F8800322944D0A9208E44FF06709149987
:10A770000B78FF2B00F0F88000200B9A0E90844697
:10A7800003E001300131FF2B09D0934207DAD21ADE
:10A790004B78002BF5D10B780CF1010CF3E7CDE9E8
:10A7A0000B201491CDF838C00C9A0E9B15991344C8
:10A7B0000A9A01FB03230A9323EAE373C346029335
:10A7C000B0E4109B02EB01094B440A934FF0660979
:10A7D000E1E55B1B0D93199B0B933DE500230322E1
:10A7E00008930A920493FFF7C9BB049B029CDDF80F
:10A7F00020800A93FFF76FBBCDF824801BB3049B26
:10A800000A935A1C029204900E900C904FF0730918
:10A81000FEF7D3B9B5EE407BF1EE10FA1ED1199BCD
:10A820000B93194466E5002A0491FFF62BAE0499B8
:10A83000302001EB030C194601F8010B6145FBD1F7
:10A840001A44531C1EE6049B0A930293089B0E9322
:10A850000C9304934FF07309FEF7AFB90D9BC3F14E
:10A860000103199376E500265448089637ADC0E5F4
:10A87000934273DBB0EE487B0123049E049329E7E7
:10A880009DF85F30B9F1470FCCBF4B4D4C4D002BBD
:10A8900040F08680032204930A920E930C9308934F
:10A8A0000292FEF78AB90A932BE4079924AA50462C
:10A8B00000F08AF800287EF457ADDDE9253227A99B
:10A8C000FEF771BD2D238DF87130C2F101030832FE
:10A8D000FFF61FAEEDE57021E1E502231293D4E40B
:10A8E000CDE90B3308930E93FEF767B9099A6378A5
:10A8F0000C4652F8041B099241EAE1710491FEF7FB
:10A9000095B8079A938943F0400393814FF0FF3342
:10A910000593FEF72CB92D26B1EE487BDAE62949DE
:10A920000F91FFF708BBC34633B9012302934FF0E1
:10A9300066090A93FFF7F3BB109B03F10109049B1F
:10A940004B440A9323EAE37302934FF06609FFF73F
:10A95000E6BB03221A4D0A92FFF710BB01232D26F6
:10A960000493B1EE487BB5E600230E930C931BE7EE
:10A970000C23CAF80030C9E7079B08909B8943F075
:10A980004003C6E65946FEF7C2BB5846FEF78FBFE6
:10A99000079B9B8943F04003BBE65B46FEF77DBF08
:10A9A000002304930E930C93089303230A93042328
:10A9B0000293FEF702B900BF603000209C310020F6
:10A9C00098310020F84500202DE9F04115469268A5
:10A9D00002B32C6807468846083401E00834C9B140
:10A9E0006B68581E002B1146686013DD54F8046C28
:10A9F000002EF3D0334654F8082C4146384602F076
:10AA000015FB431C07D0AA68921B1146AA600834A4
:10AA10000029E5D100200023C5E90133BDE8F0811C
:10AA200070B5002941D006460C4610B1436B002B8F
:10AA30003ED0FBF77FFE636EB4F90C20DD0730D407
:10AA4000900538D52146304600F04CF8E36A0546BB
:10AA500033B1E169304698470028B8BF4FF0FF3561
:10AA6000A3891A0639D4216B41B104F140039942FC
:10AA700002D03046FCF798FC00232363616C21B1BF
:10AA80003046FCF791FC00236364636E0022DB0711
:10AA9000A2811ED5A06DFCF741F9FBF751FE2846B7
:10AAA00070BD002ACED1FBF74BFE0025284670BDB5
:10AAB000FBF722FEBDE7A06DFCF732F9B4F90C30CC
:10AAC000002BBFD1636ED907EDD4A06DFCF72AF936
:10AAD000E9E7A06DFCF726F9DCE721693046FCF7D1
:10AAE00063FCC0E7B1F90C202DE9F0418046100766
:10AAF0000C4650D4496842F400630029A38164DD08
:10AB0000A66A002E44D0002112F48052D8F80050DA
:10AB1000C8F8001065D1E16901234046B047411CE7
:10AB200002466CD0B4F90C30A66A5B0705D56368A1
:10AB3000D21A236B0BB1E36BD21A0023E1694046B2
:10AB4000B047471CB4F90C304DD1D8F800101D297E
:10AB500040D8304ACA40D6073CD52269226023F447
:10AB60000062A281D9044FF00002626003D5D8F8D8
:10AB70000030002B41D0216BC8F8005041B104F1E6
:10AB80004003994202D04046FCF70EFC00232363A9
:10AB90000020BDE8F0810E69002EF9D00D680E602E
:10ABA00092070CBF4B690023AD1B8B600AE02B465C
:10ABB0003246E169676A4046B8470028A5EB0005C0
:10ABC000064406DD002DF2DCE2E7E16B002997DCAC
:10ABD000DEE7A38943F04003A3814FF0FF30BDE8D7
:10ABE000F081226DA1E72269226023F40062A28134
:10ABF000DB044FF000026260BDD52065BBE7D8F8EA
:10AC00000030002B8ED01D2B01D0162BE1D1C8F8BF
:10AC10000050BDE70100402000B5034683B008B1F5
:10AC2000426B52B3B1F90C0098B14A6ED20701D40D
:10AC3000820512D518460091FFF754FF00994A6E1D
:10AC40000346D00702D48A8992050ED5184603B070
:10AC500000BD0346184603B000BD886D0193009106
:10AC6000FCF75EF8DDE90013E4E7886D0093FCF77C
:10AC700059F8009B184603B000BDCDE90001FBF771
:10AC80003BFDDDE90031CDE700487047645000200E
:10AC9000000000004DF804BD83B08DED000B019A5B
:10ACA000DFF870C022F0004300216345016025D821
:10ACB000DDF800C053EA0C0C20D0DFF85CC002EADB
:10ACC0000C0CBCF1000F0AD19FED107B20EE077B2E
:10ACD0008DED007B019A6FF0350122F00043DDE934
:10ACE00000BC6FF31E5242F07F5C1B154CF4001C3D
:10ACF000A3F2FE33CDE900BC0B4403609DED000BD5
:10AD000003B05DF804BB7047AFF3008000000000A3
:10AD100000005043FFFFEF7F0000F07F00B50B4CB9
:10AD20002468864685B0E0689C460C4652B10849C6
:10AD30000094CDE9011273460649624600F0ECFF2B
:10AD4000F6F76CFC04490A46F2E700BFF450002015
:10AD5000CC310020DC310020482E00202DE9F04FBE
:10AD600003690C69A34283B0C0F28880013C01F101
:10AD7000140500F1140855F8243058F82420013344
:10AD800008EB84069A4200964FEA840B05EB840791
:10AD9000B2FBF3F63AD300230191C64629469C46FE
:10ADA00051F8042BDEF800901FFA82FA06FB0A33F2
:10ADB0004FEA134A120C06FB02A29BB21FFA89FA51
:10ADC000AAEB030363441FFA82FCCCEB234C0CEB8D
:10ADD000194C9BB243EA0C438F424EF8043B4FEAB6
:10ADE0002C4C4FEA1243DBD258F80B3001996BB967
:10ADF000009B043B984504D307E0984504F1FF34D9
:10AE000003D21A68043B002AF7D004618146FDF79B
:10AE100057FB00282EDB01364146002255F8040B73
:10AE2000D1F800C01FFA80FE1FFA8CF3A3EB0E03CB
:10AE30001344020CC2EB234202EB1C429BB243EAD6
:10AE40000243AF4241F8043B4FEA2242E6D258F8AF
:10AE5000242008EB84036AB9043B984504D307E037
:10AE6000984504F1FF3403D21A68043B002AF7D056
:10AE7000C9F81040304603B0BDE8F08F002003B0A1
:10AE8000BDE8F08F2DE9F04F93B08DED000B0491EC
:10AE9000816B1C9D069257EC106B0446089341B1E0
:10AEA000C26B4A60012393408B60FDF72BF80023AF
:10AEB000A363B7F10008B4BF012300232B60A34BA9
:10AEC000BCBF28F00048CDF8048033EA080300F046
:10AED00092809DED007BB5EE407BF1EE10FA0DD136
:10AEE000089A012313601D9B13B11D9A984B1360A0
:10AEF000984B0293029813B0BDE8F08F10AAB0EE01
:10AF0000470B11A920468DED027BFDF74BFC5FEA54
:10AF100018539DED027B109A834640F08280119B6E
:10AF2000134403F23241202940F3E281C1F1400190
:10AF300008FA01F803F2124126FA01F148EA010188
:10AF400006EE101AB8EE466B013B16EE901A4FF063
:10AF50000108A1F1F8719FED772BB7EE081B9FED6B
:10AF6000775B9FED784B06EE901A03EE903A36EE43
:10AF7000416BB8EEE33BA6EE025BB0EE456BA3EE91
:10AF8000046BFDEEC65BB5EEC06BF1EE10FACDEDD5
:10AF9000055A00F1C0800599D21A162902F1FF3A2C
:10AFA00000F2A4806C4B03EBC10393ED006BB4EE95
:10AFB000C67BF1EE10FA00F1A281002A40F3C084B2
:10AFC0000027CDE90A178A4400230993049B092B23
:10AFD0003DD8052BC4BF043B0493049BA3F102039B
:10AFE000CCBF00250125032B33D8DFE813F0FA018D
:10AFF000F701ED019201089AC8F3130842F20F73AA
:10B0000058EA060813601BD11D9B002B00F04286F6
:10B01000524B029308331D9A0298136013B0BDE897
:10B02000F08F17EE901AB0EE476BC1F3130141F0A9
:10B030007F51A3F2FF3341F440114FF000088AE73B
:10B040001D9B002B40F06181454B029352E700238A
:10B0500004930025E563294620468DED067BFCF729
:10B0600027FF9DED067B0290002800F0B485119A21
:10B07000029BA363002A75DB05990E2972DC364B0F
:10B0800003EBC10393ED003B87EE036BBDEEC66B94
:10B09000029916EE103A303301F8013B4FF0FF39B8
:10B0A000B8EEC65BA5EE437B0123B2EE044B11E084
:10B0B00087EE036BBDEEC66B013316EE102A4B45CF
:10B0C00002F13002B8EEC65B01F8012BA5EE437B1E
:10B0D00000F0A38427EE047BB5EE407BF1EE10FA7E
:10B0E000E6D1059B013304930D46ECE001230B935D
:10B0F000059BBAF1000FBABFC2F101074FF0000A79
:10B100000027002B80F2F180059BFF1A5B42099318
:10B1100000230A935AE7B8EEE55BB4EE465BF1EE26
:10B1200010FA3FF438AF05990139059133E700BFB4
:10B13000AFF3008061436F63A787D23FB3C8608BD2
:10B14000288AC63FFB799F501344D33F0000F07F0D
:10B15000AD0D0020AC0D0020900600200C32002028
:10B16000183200204FF0FF390695CDF83090B8F135
:10B17000000F00F0E984DDF8248002F2334201215F
:10B1800020469244BD18FCF7D7FF0646002F40F03A
:10B190009F82099B002B00F09383B8F1000F40F0D1
:10B1A00077835946099A2046FDF7B8F8012383466C
:10B1B000099301212046FCF7BFFF0A9B8046002B24
:10B1C00040F04582049B012B40F3AA8201205044A9
:10B1D00010F01F0000F008811B2800F3D582C0F199
:10B1E0001C00054407448244002D05DD59462A46CB
:10B1F0002046FDF7EFF88346BAF1000F05DD414622
:10B2000052462046FDF7E6F880460B9B002B40F0A7
:10B210000082B9F1000F40F3D781099B002B40F069
:10B220002481059B01330493029F012507E05946C1
:10B2300000230A222046FCF76FFE01358346414673
:10B240005846FFF78BFD4D4500F1300A07F801AB7A
:10B25000EDDB029BB9F1000F03F1010209F1FF39A7
:10B260004FF00003D8BF4FF00009914400935946B6
:10B2700001222046FDF7AEF841468346FDF720F94E
:10B28000002840F32083029A02E0914500F02683D3
:10B290004D4609F1FF3915F8013C392BF5D0013342
:10B2A00089F8003041462046FCF72CFE5EB1009B39
:10B2B0002BB1B34203D019462046FCF723FE31469A
:10B2C0002046FCF71FFE59462046FCF71BFE0023D4
:10B2D0002B70089B049A1A601D9B002B3FF40AAE4A
:10B2E00002981D6013B0BDE8F08F9A440A936BE694
:10B2F000C1F1200106FA01F106EE101A22E6059BC3
:10B30000013B059300230B93F2E6AC4B029303330E
:10B3100081E601230D93DDE90523134403F10109BF
:10B320004E46012E0C93B8BF0126172E40F39C8485
:10B33000012204235B0003F11400B042114602F124
:10B340000102F7D9E16320468DED0E7BFCF7B0FDDD
:10B350000290002800F03F84B9F10E0F9DED0E7BA6
:10B36000A06346D8002D44D00599002940F3F1820E
:10B37000934B01F00F0203EBC203CD0593ED006B7D
:10B380004FEA211340F18A838E4A92ED085B03F065
:10B390000F03032187EE054B002B00F0FB81894A48
:10B3A00001E05B100832D80703D45B100832DE07D7
:10B3B000F7D592ED005B5B1001F1010126EE056B04
:10B3C00000F0E8810832F2E701230D93069B002B81
:10B3D00040F38B81069E0C96B146A6E700230D93A1
:10B3E00099E700230D93F1E71C20054407448244AC
:10B3F000FAE6119A002AC0F24081059B0E2B00F359
:10B400003C816F4B059A03EBC20393ED003B069B17
:10B41000002B80F2ED82B9F1000F00F3E98240F0D9
:10B420008682B1EE046B23EE066BB4EEC67BF1EEC2
:10B4300010FA494640F27C82029D312305F8013B17
:10B440002046FCF75FFD059B023304933BE7314642
:10B4500000230A222046FCF75FFD0C9B002B0646CA
:10B4600040F3FA83DDF830900595002F05DD314675
:10B470003A462046FCF7AEFF06460A9B002B40F0FA
:10B48000F6823746029D6B1E4B440A93009B03F0E5
:10B4900001030C9341465846FFF760FC31460B9080
:10B4A00000F1300A5846FDF70BF8414681463A460E
:10B4B0002046FDF725F8C3680146002B36D10990D8
:10B4C0005846FCF7FDFF099906902046FCF71AFD47
:10B4D000069A002A5AD1049B1BB90C9B002B00F042
:10B4E000A483B9F1000F43DB0A9BA9469D4209F8EA
:10B4F00001AB00F0D782594600230A222046FCF710
:10B500000BFDBE42834631464FF000034FF00A0266
:10B51000204635D0FCF700FD3946064600230A22B6
:10B520002046FCF7F9FC4D460746B3E72046FCF7FA
:10B53000E9FCB9F1000F08DB009B03F00102049B5A
:10B5400049EA030952EA09022ED15946012220464E
:10B55000FCF740FF41468346FCF7B2FF002840F36A
:10B560004183BAF1390F00F024830B9B03F1310AB8
:10B5700005F801AB059B0096013304933E4691E626
:10B58000FCF7CAFC4D460646074683E7B9F1000FB3
:10B59000C0F28483049B49EA03090C9B53EA09091E
:10B5A00000F07C83002A9FDDBAF1390F00F001839F
:10B5B0000AF1010305F8013BDCE700BF1832002067
:10B5C0009006002068060020049B022B7FF725AE22
:10B5D000B9F1000F40F0008241464B46052220465B
:10B5E000FCF79AFC014680465846FCF769FF48453F
:10B5F00040F3F281029D312305F8013B414620468C
:10B60000FCF780FC059B02330493002E7FF457AEB9
:10B6100059E641465846FCF753FF0028BFF6F9ADFE
:10B62000594600230A222046059DFCF775FC099B1C
:10B63000013D8346002B7FF40AAF0C9B002B40F3A7
:10B64000FE82059BDDF8309004930595ECE51A46E3
:10B6500001462046FCF762FE049B012B804640F326
:10B66000F98100230A93D8F8103008EB8303186996
:10B67000FCF7F8FCC0F12000A9E50D9B73B9002F81
:10B6800067D1099B002B74D11D461E4691E5119A86
:10B69000002A03DB05990E297FF7B4AE049B012B2A
:10B6A0007FF765AD099B09F1FF384345C0F277810B
:10B6B000B9F1000FA3EB080880F2BE82A7EB0903E3
:10B6C000012120460D93FCF737FD3D460D9F0646B0
:10B6D000BAF1000F7FF75DAD57453B46A8BF534613
:10B6E000ED1AFF1AAAEB030A53E50021E163204695
:10B6F0008DED067BFCF7DCFB9DED067B02900028C0
:10B7000000F06982029BA363002D40F09F81119A93
:10B71000AA42C0F27C8201230C93994606936CE600
:10B72000009B002B7FF452AD019BC3F31303002B4E
:10B730007FF44CAD019B23F000431B0D1B05002B38
:10B740003FF444AD012301350AF1010A0A9318467A
:10B750003DE5BAF1000F00F0FE8157453B46099EDA
:10B76000A8BF5346FD1AAAEB030A2F46002E3FF44A
:10B7700020AD5946099A2046FCF7D0FD00238346A8
:10B7800009933D461E4614E51C283FF42DADC0F13B
:10B790003C002AE684EE065B0B9B3BB1B7EE006BE8
:10B7A000B4EEC65BF1EE10FA00F1E081B1EE0C4BA5
:10B7B00006EE901AB8EEE66BA6EE054B14EE901A64
:10B7C00053EC142BA1F15073B9F1000F00F09B80E2
:10B7D000DDF814C0484643EC142BB64B029DFDEE39
:10B7E000C53B03EBC00212ED022B13EE902A02F1CF
:10B7F000300E0D9A691CB8EEE36B0E4635EE466BC3
:10B80000002A00F05B81B6EE003B83EE025B35EE72
:10B81000445BB4EEC65BF1EE10FA85F800E000F38D
:10B820002782B7EE001BB2EE043B002518E001357D
:10B830008542BFF62CAF26EE036B25EE035BFDEED3
:10B84000C64B14EE902AB8EEE42B303236EE426B43
:10B85000B4EEC56BF1EE10FA01F8012B00F1DF81B7
:10B8600031EE464BB4EEC54BF1EE10FADFD5029A3D
:10B870000CF1010C02E0914200F097810D4611F8A5
:10B88000013D392BF7D001330B70CDF810C01AE50C
:10B89000314642462046FCF741FD5A4601460646DF
:10B8A0002046FCF777FC59460D902046FCF72AFB12
:10B8B000099BDDF834B0B3EB080309937FF471AC56
:10B8C0000123099375E403D11AF0010F7FF4DBAC77
:10B8D0004D4619F8013D302BFAD0E3E4059B029A5E
:10B8E0000233049331231370DCE406EE901AB1EEB8
:10B8F0000C4BB8EEE66BA5EE064B14EE901A53EC2B
:10B90000142BA1F1507343EC142BB1EE046B35EE04
:10B91000466BB4EEC46BF1EE10FA00F35681B1EE53
:10B92000444BB4EEC46BF1EE10FA7FF562AD00212A
:10B930002046FCF7E7FA069B029D5B420493C2E4B3
:10B94000059B0A939A460023C2F101070B93FFF768
:10B950003BBB00F00781059A564B524202F00F01A3
:10B9600003EBC10393ED005B131127EE055B00F0C1
:10B970007981514A022101E05B100832DD0703D4CE
:10B980005B100832D807F7D592ED006B5B1001F120
:10B99000010125EE065B3FF4FFAE0832F2E7099B9A
:10B9A0000A9AA8EB03031A44012120460A92FCF7E5
:10B9B000C3FBCA4407EB09050646CDF82480002FD7
:10B9C0003FF4EFAB57453B46A8BF5346ED1AFF1A6D
:10B9D000AAEB030AFFF7E5BB41462046FCF792FAC3
:10B9E000069B029D5B420493002E7FF468AC6AE4E0
:10B9F000029B5E1C87EE036BBDEEC66B029A16EED1
:10BA0000103AB9F1010F03F13003B8EEC65B3146CD
:10BA10001370A3EE457B7FF447AB37EE077BB4EEA4
:10BA2000C37B059BF1EE10FA03F1010304939C46DE
:10BA300008DCB4EE437BF1EE10FA05D116EE103AB5
:10BA4000DB0701D5029A19E70D463CE40C95A9469F
:10BA5000069589E4009B002B7FF403AEDDE900121C
:10BA6000C2F31303002B00F0C4800A91FBE5716858
:10BA70002046FCF71DFA0546002800F004813369D2
:10BA800002339A0006F10C010C30F5F709FC294647
:10BA900001222046FCF79EFC0746F3E40221B0EEAB
:10BAA000474B79E4059B009601333E460493FFF72C
:10BAB000DEBB00BF9006002068060020029A24EE3C
:10BAC000022B012882F800E014D0B2EE043B029A67
:10BAD000151826EE036BFDEEC65B15EE902A30328C
:10BAE00001F8012BA942B8EEE54B36EE446BF0D1DC
:10BAF000711E0144B6EE005B32EE054BB4EEC64B50
:10BB0000F1EE10FA3FF5B3AE35EE425BB4EEC65B34
:10BB1000F1EE10FA0DDC119A002AFFF6B0AD059A8D
:10BB20000E2A3FF7ACAD059A03EBC20393ED003B41
:10BB300060E70D46013915F8013C302BF9D00CF1C6
:10BB400001030493FFF7BFBB109ADDF82480C2F114
:10BB50003602FFF714BB099E002E7FF40AAE3D4665
:10BB6000FFF727BB0221B0EE475B15E6B9F1000FE6
:10BB70003FF4BBAE0C9800287FF73BACB2EE043B21
:10BB8000B1EE0C4B013106EE901A25EE035B059BDE
:10BB9000B8EEE66BA5EE064B14EE901A03F1FF3CEF
:10BBA00053EC142BA1F1507315E60CF1010C312369
:10BBB0006AE6A946392309F8013B059B0096013343
:10BBC000029A04933E46FFF763BB029D312305F8BA
:10BBD000013B002134E4334B3348002240F2AF11E3
:10BBE000FFF79CF87FF4C4AC1AF0010F7FF4B9ACF6
:10BBF000BEE4019B23F000431B0D1B05002B3FF40B
:10BC000031AD012301350AF1010A0A932BE50D9BA1
:10BC1000002B33D101230C93994606932FE50CF1A9
:10BC2000010304930D46FFF74EBBBAF1390FC0D0A4
:10BC300091453FF79AAC9BE44A46FFF7A0BA049AB5
:10BC4000022A05DC059A049299460595FFF7ECBA9D
:10BC50000595DDF83090BBE4049A0595022AF8DCDE
:10BC6000994602E4022197E50021E163FFF76BBBEF
:10BC70000CF1010304930D46FFF725BB0D9B0693C2
:10BC800099460C930EE5074B07482A4640F2EF21F0
:10BC9000FFF744F8054B0293FFF72CB9002A3FF752
:10BCA00054AC65E4C03000201C3200200C3200206F
:10BCB00030B5044687B05BB110480193D0F8C85145
:10BCC00071B12046A847421C019B10D007B030BD7F
:10BCD00000F5827309480193D0F8C8510029F0D1CA
:10BCE0000A46204603A9A847421C019BEED1002129
:10BCF0008A221960226007B030BD00BF8C4E002040
:10BD000010B582B0049CCDE900344FF0FF3301F050
:10BD100055FC02B010BD00BF0EB400B582B003AB3D
:10BD2000DFF81CC053F8042B01930146DCF8000037
:10BD300000F008F802B05DF804EB03B0704700BFF4
:10BD4000F45000202DE9F04FC5B00DF1500A8346A4
:10BD5000049116460021082250461C460B93FAF720
:10BD60008DFEBBF1000F04D0DBF83430002B00F067
:10BD70004987049B5A6EB3F90C30D00740F14181DA
:10BD8000990400F1A985049943F4005322F4005268
:10BD90008B814A66930401F1AE80049BB3F90C30A9
:10BDA0001D0740F1BD80049A1269002A00F0B88096
:10BDB00003F01A020A2A00F0C2800023CDE91933E9
:10BDC000CDE90E331BAADFF86C980D931892174635
:10BDD0000793B0464546D9F8CC41FAF705FFCDF8B0
:10BDE00000A003462A4612A95846A047002800F0A2
:10BDF000C580C0F2BB80129A252A034601D01D449B
:10BE0000E9E7B5EB0806044640F0BC80002319467C
:10BE10008DF8433008934FF0FF326B78059205F1AF
:10BE20000108039108F101081946A1F120035A2BDA
:10BE300000F2F280DFE813F0E603F000F000DF0329
:10BE4000F000F000F000BF03F000F0000702530222
:10BE5000F00012020004F000F1035B005B005B00E5
:10BE60005B005B005B005B005B005B00F000F000D0
:10BE7000F000F000F000F000F000F000F000D80159
:10BE80009F03F000F000F000F000F000F000F00080
:10BE9000F000F000F0001902F000F000F000AA013C
:10BEA000F000FB02F000F000BA05F000F000F00036
:10BEB000F000F000F000F000F000F000F000D80119
:10BEC0006801F000F000F000950368016D00F000DB
:10BED0008B03F0007D036A0320036D00F000AA01CC
:10BEE0006A005902F000F000FB05F0006A00A1F1C1
:10BEF0003003002218F8011B02EB820203EB42021E
:10BF0000A1F13003092BF5D908928EE798F800309B
:10BF100088E7039B43F02003039398F8003081E700
:10BF2000049D5846294601F05FFA002840F0F68744
:10BF3000B5F90C3003F01A020A2A7FF43EAF0499D7
:10BF4000B1F90E20002AFFF638AF4A6ED20702D4AC
:10BF50009F0540F19087049923463246584601F0E8
:10BF600015F80790079845B0BDE8F08F082200212A
:10BF70005046FAF783FD01231D442CE7B5EB080674
:10BF8000044610D01A9B33441A93199B0133072B94
:10BF9000C7E90086199310DC0837079B33440793E1
:10BFA000002C7FF433AF1A9B002B40F06E87049B6C
:10BFB0000022B3F90C30199218E0049918AA5846D7
:10BFC00001F024F878B91BAFE7E7049918AA58469E
:10BFD00001F01CF8002800F08380099B1BB109992F
:10BFE0005846FBF7E1F9049BB3F90C30049A526E02
:10BFF000D0077FD55B0600F16687079845B0BDE89E
:10C00000F08F9F0540F114819D047FF5BCAE900434
:10C010007FF5C6AE00F071BF0029C4D00023012215
:10C020008DF8AC108DF8433009930A9205932BAD2F
:10C030000692DDE919C0039C14F0840601466246AD
:10C0400026D1089B069C1C1B002C00F3ED839DF859
:10C05000433003B300260C960132012301317B608B
:10C06000072A0DF14303CDE919213B6000F38683D4
:10C0700008370C9B63B1013211AB02313B60072AD8
:10C080004FF00203CDE919217B6000F36B83083781
:10C09000802E00F0EE82059B0A981C1A002C00F3FB
:10C0A00026830A9B3D6001321944072ACDE91921F4
:10C0B0007B6000F34C830837039B5C0705D5089B26
:10C0C000069A9C1A002C00F36583DDE90732069876
:10C0D0008242ACBF9B181B18079300297FF475AFF1
:10C0E00000231993099B1BB109995846FBF75CF98A
:10C0F0001BAF6FE69A053FF57DAF049CA06DFAF784
:10C1000011FEB4F90C3075E7039B980640F13C84AE
:10C110000B9B073323F00702536852F8084B0B922E
:10C120001E46002BC0F23882059A002A07DB039BCB
:10C1300023F08003039354EA060300F08C840A2C56
:10C1400076F1000380F0F7803034059A9DF8433093
:10C150008DF80F41012AB8BF01220692002B00F092
:10C16000AF83069B0133002506930123CDE90953D4
:10C170000DF20F15DDE91921039B13F08406084623
:10C1800094463FF45EAF00230C9365E70B9E0023BB
:10C190008DF8433056F8043B0993002B00F0558589
:10C1A000532900F07284039B13F0100440F06D8457
:10C1B000059A002AC0F2138509982146FAF792FFE2
:10C1C0009DF84330099D002800F08B86421B0A929F
:10C1D00022EAE2720692002B00F00E8501320594ED
:10C1E00006920B960994C5E7432903D0039BDD060D
:10C1F00040F127840822002116A8FAF73FFC0B9A89
:10C200002BAD126816AB29465846FFF751FD0A9030
:10C21000013000F04F860A9B23EAE37306930B9BE1
:10C2200004330B9300238DF843300993059300E703
:10C23000049DA86DFAF774FDB5F90C306A6E990487
:10C240003FF5A8AD9FE50B9B53F8042B0892002AFD
:10C2500080F23D83089A0B9352420892039B43F06D
:10C260000403039398F80030DCE5039B43F01000CF
:10C270009B0640F14E830B9B073323F007031A46BE
:10C28000596852F8083B0B9200228DF84320059A1A
:10C29000002AC0F2118320F49062039253EA010253
:10C2A00000F01E8344AD03F00702DB0843EA41734C
:10C2B000C908303253EA0104284605F8012DF2D1AD
:10C2C000039B13F0010340F09E82059A099344AB4F
:10C2D0005B1B9A42B8BF1A460A930692A9E62B2323
:10C2E0008DF8433098F800309CE503998E0600F1F4
:10C2F000A48003990B9A11F0100052F8043B40F00F
:10C300002783039911F0400100F0CA848DF843009F
:10C310009BB205990026B1421C4606DB039921F029
:10C3200080010391002B00F07B850A2C76F100033D
:10C330000B92FFF409AF039B09970020CDF830B0B2
:10C3400044A9DDF834B0069003F48067CDF8288066
:10C3500025E00690A319B54843F10003A0FB032C88
:10C360002CF0030202EB9C029B1AE31A4FF0CC3232
:10C37000A046B64602FB03F266F1000600FB062269
:10C38000A3FB0043B8F10A0F13444FEA54047EF1B3
:10C39000000E294644EAC3744FEA53062ED3069B87
:10C3A000A24A01330693A31943F100031046A2FBEE
:10C3B000032525F0030202EB95029B1AE31AA3FB67
:10C3C000003266F1000500FB05225B0843EAC273F8
:10C3D00003EB8303A4EB4303303301F8013C4D1E10
:10C3E000002FB7D006989BF800308342B1D1FF28C8
:10C3F000AFD00A2C76F1000380F0AF8405999DF848
:10C400004330CDF834B044AA521B9142B8BF114614
:10C41000DDE90978DDF830B00A920691002B00F0D2
:10C42000EE83069B0133069300230993A2E6039B48
:10C4300043F010019B0640F189820B9B073323F0E8
:10C44000070200238DF84330059B566852F8084BCD
:10C450000B92002BC0F2EE8221F08003039354EA8A
:10C4600006037FF46CAE059B002B40F0DE840A933C
:10C470000693099344ADDCE5059C0B9903980022D3
:10C4800047F630039442ADF844308DF8432051F81C
:10C49000043BC0F2D28220F0800040F00200039002
:10C4A000002B00F0E58303F00F0461481B09045DD5
:10C4B0008DF80F410B9100F05685022106910DF287
:10C4C0000F1503F00F011B09415C05F8011D43EA3C
:10C4D0000273120953EA0201F3D144AB5A1B059BC4
:10C4E0000A929342B8BF1346069A002A00F0398593
:10C4F000DDE91921039C023314F0840606930846F3
:10C50000944600F0E98200230993B4E50398860677
:10C510003FF5B1AE03990B9ACD0652F8043B00F1FA
:10C5200014850398440640F1C8839BB20B92002106
:10C53000AAE603990B9A8C0602F1040340F1F081FC
:10C54000126807991160C91751600B9342E498F87B
:10C5500000306C2B00F08F82039A42F0100203929D
:10C5600060E498F80030682B00F07B82039A42F078
:10C570004002039256E4039A940642F0100300F13D
:10C5800000820B9A04320B9903930C680B92E61706
:10C590003346002BBFF6C8AD2D238DF84330059BE5
:10C5A000644266EB4606002BFFF6C9AD039B23F001
:10C5B00080030393C3E55846FEF766FB43680F9379
:10C5C0001846FAF7DFFD0E9004465846FEF75CFB6E
:10C5D000826898F800300D92002C3FF423AC002ABA
:10C5E0003FF420AC1278002A3FF41CAC039A42F4CA
:10C5F0008062039216E4039B43F00103039398F8CF
:10C6000000300FE49DF8432098F80030002A7FF4B2
:10C6100009AC20228DF8432004E4039B43F08003FF
:10C62000039398F80030FFF7FDBB00BFCDCCCCCC16
:10C630009C3100208C4E0020404610F8011B2A2916
:10C6400000F07784A1F13003092B98BF002200F29B
:10C65000178410F8011B02EB820203EB4202A1F1E6
:10C660003003092BF5D942EAE27305938046FFF7C0
:10C67000DCBB089B06981C1A002C7FF70CAD102C15
:10C6800040F3268438460C95AE4F049D102604E0F6
:10C69000103C102C00F1080015DD01321031072A82
:10C6A000C0E90076CDE91921F2DD18AA29465846DD
:10C6B00000F0ACFC00287FF490AC103C102CDDE9BD
:10C6C00019211BA8E9DC0C9D3B4607460132214499
:10C6D000072ACDE919213B607C6000F3A482059B09
:10C6E0000A981C1A002C07F108077FF7DAAC102C07
:10C6F00040F3ED8238461026924F04E0103C102C97
:10C7000000F1080016DD01328E4B1031072AC0E916
:10C710000036CDE91921F1DD049918AA584600F038
:10C7200075FC00287FF459AC103C102CDDE9192170
:10C730001BA8E8DC3B46074601322144072ACDE925
:10C7400019213B607C6000F3AA800837A9E40499B2
:10C7500018AA584600F05AFC00287FF43EAC1A99FB
:10C760001BAFA9E4049918AA584600F04FFC002812
:10C770007FF433ACDDE919211BAF89E4049918AAD1
:10C78000584600F043FC00287FF427ACDDE919216E
:10C790001BAF6EE4102C199B40F381833A46049E34
:10C7A000694F102504E0103C102C02F1080215DD41
:10C7B00001331031072BC2E90075CDE91931F2DDE3
:10C7C00018AA3146584600F021FC00287FF405AC39
:10C7D000103C102CDDE919311BAAE9DC3E46174656
:10C7E00001332144072BC7E90064CDE919317FF7F4
:10C7F0006CAC049918AA584600F008FC00287FF495
:10C80000ECAB1A9961E4302A00F001823023059ADA
:10C8100005F8013C023844AB1B1A9A42B8BF1A46CD
:10C820000A9306920546EFE000230C93102C464E27
:10C83000624623DD394610232F46049D04E0103C58
:10C84000102C01F1080117DD01321030072AC1E96F
:10C850000063CDE91920F2DD18AA2946584600F0F8
:10C86000D5FB00287FF4B9AB103C102CDDE9192072
:10C870001BA94FF01003E7DC3D460F46013221189B
:10C88000072ACDE919213E607C6000F37A819DF88A
:10C8900043600837002E36D00026FFF7DDBB049931
:10C8A00018AA584600F0B2FB00287FF496ABDDE9E9
:10C8B00019211BAFFFF7F5BB20F480620392F1E46E
:10C8C000099301230A930DF20F15FFF7B2BB0B93E7
:10C8D00098F80030FFF7A6BA92047FF561AAF2E259
:10C8E000059A002A7FF4DEAC10F00102069200F0F7
:10C8F000428130238DF80F31059B0A9209930DF286
:10C900000F15FFF796BB0C9B002B7FF4B4ABFFF722
:10C91000C2BB0B9B1A1D0B9B0B921B680021B3E43F
:10C92000039AD00600F18C81039A510600F195829A
:10C93000039A920540F184810B9A0799126811704D
:10C9400003E600BF08460020EC4000200B9B1A1DA8
:10C950000B9B05981B680026B0428DF843601C466F
:10C9600067DB21F080010391002B7FF4DEAC0B929A
:10C97000002840F05A820A900690099044ADFFF7D3
:10C9800058BB0393FFF7C4BB039B0B9AD90652F81D
:10C99000044B3FF5F8AD039B5E0640F1768144F30E
:10C9A000C0360B9224B23346FFF7BBBBAD48039BA6
:10C9B0009D0640F1B5800B9B073323F007031A4611
:10C9C0005C6852F8083B0B92039A12F0010206923F
:10C9D00040F08C808DF84320059A002AC0F2B78081
:10C9E000039A22F49062039253EA040240F0F38027
:10C9F000059A002A00F0F68103788DF80F310123A3
:10CA000006920A930DF20F15DDE91921039B13F02D
:10CA100084060846944600F0A1829DF84330002B1E
:10CA200000F0AB82002309930C93FFF715BB8E48EF
:10CA3000BDE70B920391FFF782BB40F00200039029
:10CA400031E50B9B1B688DF8AC30012306930A93EC
:10CA50002BADFFF7E4BB002A00F0D4813024FFF7B0
:10CA600074BB039B43F40073039308F1010898F827
:10CA70000030FFF7D7B9039B43F02003039308F17D
:10CA8000010898F80030FFF7CDB9099B13930822ED
:10CA9000002116A8F9F7F2FF059B002BC0F21981BF
:10CAA0000024069725461F460EE02BA95846FFF79F
:10CAB000FFF8411C284400F0FD81B84209DC04F174
:10CAC000040400F008820546139A125916AB002A96
:10CAD000EBD1069F05950AE1089C069B0996E41A8E
:10CAE000002C7FF7C8AA02230C939FE653EA0402A6
:10CAF0005ED100238DF84330059B002BC0F22181CD
:10CB0000039B23F49063039300F0878103788DF8EF
:10CB10000F31069B0A93059B06930DF20F1573E7E1
:10CB20000B9A52F8043B0B92039AD40608D452068F
:10CB300002D59BB2002447E7039A960500F1818154
:10CB4000002441E742F00202039202220692039A75
:10CB500022F48062039203F00F02825C8DF80F21B1
:10CB60001B0943EA0473220953EA14147FF4A7ACA7
:10CB70000DF20F15B1E4059B44ADCDE90933FFF784
:10CB800058BA049918AA584600F040FA06460028F8
:10CB90007FF423AA9DF84330DDE91921002B40F0F2
:10CBA00089800C9B1BAF002B7FF465AAFFF773BA3B
:10CBB00030228DF8442000228DF84320059A8DF80C
:10CBC0004510002A039ABDDB22F4906242F0020273
:10CBD00003920222069203F00F02825CBEE7099DD7
:10CBE0002846FAF7CFFA9DF843300A9020EAE0721F
:10CBF0000692002B7FF4F2AA099D05930B960993E8
:10CC0000FFF717BA5846F9F777FDFFF7B2B8059A5C
:10CC100044AB5B1B9A42B8BF1A460A9300230692A4
:10CC20000993FFF706BA049918AA584600F0EEF9DE
:10CC300000287FF4D2A9DDE919211BAFFFF72BBA39
:10CC40000B9A0799126811607FE4059B074D0B96BC
:10CC5000062B28BF062306930A93099B0593FFF72B
:10CC6000E8B900BFB03100209C310020C431002061
:10CC70000B91002C00F0DC80302301228DF80F3165
:10CC80000DF20F1523460A9232E4039B0B929D0589
:10CC90004ABF44F3C016E61764B23346FFF741BA01
:10CCA000039810F4007600F0CF808DF84310DBB2CB
:10CCB000FFF72FBB1BAFFFF7CFB9039810F400713C
:10CCC00000F0BB80DBB20B920021FFF7DDBAAC4B6A
:10CCD00032E516AB0093002313AA19465846FFF716
:10CCE0000FF80590013000F0E580099B1393059B38
:10CCF000002B7CD0632B00F3B680002309932BAD6F
:10CD00000822002116A8F9F7B9FE059C16AB00937E
:10CD100013AA234629465846FEF7F2FF844240F004
:10CD20001681059900236B5421EAE17206929DF861
:10CD30004320002A40F0B580CDE90A160592FFF79E
:10CD400078B903788DF80F31039B23F48063039344
:10CD5000069B0A930DF20F1556E60E9A0F99AD1A1F
:10CD60002846F9F70BFF9BF801300BB10BF1010BD3
:10CD7000844AA31943F10003A2FB030C2CF0030027
:10CD800000EB9C001B1AE31A4FF0CC3166F1000651
:10CD900003FB01F102FB0611A3FB023001445B0817
:10CDA00043EAC1744E08A31943F10003A2FB031028
:10CDB00020F0030101EB90015B1AE31AA3FB02319F
:10CDC00066F1000002FB00125B0843EAC27303EB4A
:10CDD0008303A4EB4303303305F8013C0120013DFC
:10CDE000FFF701BB059B0A9344A805460CE69DF896
:10CDF0004330099D0B96003B18BF01230693059B0A
:10CE00000A9301E69DF843303BB1059BCDE9093318
:10CE1000012344AD0693FFF7ADB9059BFFF727BB90
:10CE2000059B0B92002B3FF422AB0024FFF78CB93B
:10CE3000059B0A9344ADFFF75BBB03980B92FFF78A
:10CE400023BADBB20024BFE505998DF843600029C1
:10CE50001C46BFF663AAFFF768BA0B9A07991268D7
:10CE60001180FFF772BB591C5846F7F71BFE0546A9
:10CE700000B3099044E7886DF9F754FFFFF76BB8EA
:10CE8000002380460593FEF7D0BF049918AA5846A0
:10CE900000F0BCF800283FF48AA8FFF7A4B83A4E87
:10CEA0009EE4059A0A92069A0B9601320692059321
:10CEB000FFF760B90498B0F90C30426E43F04001BE
:10CEC000D207818109D54FF0FF330793FFF795B85B
:10CED0002B4BFFF7FBBB069F09E79905F3D4FFF740
:10CEE0000CB99BB1059B0B965A1C06920A930590B0
:10CEF0000990FFF73FB9D707E5D4049B9B899E05AE
:10CF0000E1D4049B986DF9F70DFFDCE7059A0993CE
:10CF1000CDE905320B960A92FFF78BB8049A536E4F
:10CF2000D807D0D493899905CDD4906DF9F7FAFE3E
:10CF3000C9E70B9A98F8013052F8041B0B9241EAAA
:10CF4000E17180460591FEF76DBF0846E3E4049A5F
:10CF5000938943F040039381FFF73FB80996FFF7A9
:10CF600070B8069350E5059B0122012BB8BF012341
:10CF70000DF20F150A92FFF7BBBA0993FFF788B8B5
:10CF800008460020CDCCCCCCEC400020F0B50D46BE
:10CF9000ADF2744D164689896A6E1B92EA89ADF826
:10CFA000162021F00201EA69ADF8141009921CA9BB
:10CFB0006A6A0291074606910B924FF48061002243
:10CFC00018A80193049107910892F9F7A5FE32463B
:10CFD000019B02A93846FEF7B5FE061E07DB02A933
:10CFE0003846FDF719FE002818BF4FF0FF36BDF890
:10CFF00014305B0603D5AB8943F04003AB8118982E
:10D00000F9F78CFE30460DF2744DF0BD936810B503
:10D0100014461BB918460023636010BD00F068F881
:10D020000023A3600023636010BD00BF2DE9F0431F
:10D030008E681D46AE420B6883B00C4690463AD8C7
:10D04000B1F90CC01CF4906F0FD13546184641461B
:10D050002A46F9F781FCA3689E1B2368A6602B442F
:10D060000020236003B0BDE8F0834A69096902EB40
:10D0700042025E1A02EBD2726B1C5210334493428E
:10D0800094BF17461F46934288BF1A461CF4806F10
:10D09000814612D01146F7F705FDF0B132462169FD
:10D0A0000190F4F7FDF8A289019B22F4906242F00E
:10D0B0008002A28105E02E46C8E7F7F7DFFF0346AE
:10D0C00038B123613344BE1BA660676123602E46DE
:10D0D000BCE721694846FAF767F9A3890C2243F0B7
:10D0E0004003C9F800204FF0FF30A381BAE700BF2A
:10D0F0009368002B00F0B7802DE9F04FB1F90CC018
:10D100001CF0080F83B00C46804617462DD00B69E3
:10D110005BB31CF002033E6833D04FF0000ADFF827
:10D12000C4B25546B9465D452B46524628BF5B46BC
:10D130004046B5B1E169676AB847002840F38B8083
:10D14000D9F808301B1A8244C9F80830002B79D06E
:10D150002D1A5D452B46524628BF5B464046002DA2
:10D16000E8D1D6E900A50836DDE72146404600F0C3
:10D170003BF9002874D1B4F90CC03E681CF00203DE
:10D18000CBD11CF0010A70D1236800975546002DC1
:10D1900054D01CF4007FD4F80890184600F0AB80FF
:10D1A000A945CB4600F2E4801CF4906F34D021698D
:10D1B0006269A3EB010902EB420202EBD27209F1B0
:10D1C000010352102B44934294BF93469B469342D3
:10D1D00088BF1A461CF4806F00F0E9801146404673
:10D1E000F7F760FC002800F0F7804A4621690190BB
:10D1F000F4F756F8A289019B22F4906242F0800273
:10D20000A28103EB09002361ABEB0903C4F814B05E
:10D21000A3602060A946AB4651465A46F9F79CFBED
:10D22000A2682368A2EB0902A260009A91685B449D
:10D23000491B2360916029B1B4F90CC0D6E900A55F
:10D240000836A4E7002003B0BDE8F08F2146404631
:10D25000FDF7E2FC68B3B4F90C3043F04003A3815E
:10D260004FF0FF30EFE7002070471D469A46184602
:10D27000B946009365B3002831D05246D4E904136F
:10D280002068AA4228BF2A46884204D9A16803EB35
:10D29000010B5A457CDC93426DDCE169009A676AB8
:10D2A0004046B847B0F1000BD5DDBAEB0B0ACDD044
:10D2B0000120D9F80830A3EB0B03C9F80830002B84
:10D2C000C0D0009BA5EB0B055B440093002DD2D191
:10D2D000756833460836002DFAD01B680093009F0E
:10D2E0002A460A213846F9F7FDFE002871D00130A0
:10D2F000A0EB070AC1E722699A4221D36269AA42D8
:10D300001ED86FF00043AB4228BF2B46E16993FB68
:10D31000F2F3676A02FB03F340465246B847B0F1A6
:10D32000000998DD009A9368A3EB0903A5EB0905B2
:10D330009360002B86D0B4F90CC02368CA4426E75A
:10D34000A94528BFA94618464A465146F9F704FBA5
:10D35000A2682368A2EB09024B44A2602360002A62
:10D36000E0D121464046FDF757FC0028DAD072E7AD
:10D37000A946AB4650E700990192F9F7EDFA019AF8
:10D38000A3689B1AA36023681344236093468CE729
:10D3900000995A46F9F7E0FA23685B442360214676
:10D3A0004046FDF739FC00283FF47FAF53E7404685
:10D3B000F7F764FE034600287FF423AF2169404657
:10D3C000F9F7F2FFA3890C22C8F8002023F08003AC
:10D3D00043E76A1C924651E70C22B4F90C30C8F8B6
:10D3E00000203AE700FCFF7F10B5354B0446186873
:10D3F00082B00B4610B1426B002A53D0B3F90C2017
:10D40000110711D51869C8B1B3F90C2012F0010148
:10D4100026D059694FF0000C4942C3F808C0996101
:10D4200020B3002002B010BDD00640D5510723D450
:10D43000186942F008029A810028E5D19A8902F41D
:10D440002072B2F5007FDFD019462046019300F02C
:10D45000C9F8019BB3F90C20186912F00101D8D169
:10D46000940758BF596999600028DAD11106D9D5B7
:10D4700042F040029A811FE0196B61B103F1400054
:10D48000814206D020460193F9F78EFF019BB3F944
:10D490000C200021196318690021C3E9000122F062
:10D4A0002402C6E70191F9F727F9019BA6E70921B4
:10D4B00042F0400221609A814FF0FF30B2E700BF96
:10D4C000F45000202DE9F04F8BB0DDE91589149F51
:10D4D00002901C46B8F1000F57D01668019600293B
:10D4E000C34608BF4FF0FF37002588460391924698
:10D4F00006E0019B53F8040B0193002837D06546E2
:10D50000AF423ED9002C3CD0DBF800300493DBF86E
:10D5100004300593019B02981A68D9F8C8615B46EC
:10D5200006A9B047431C33D000EB050CBC453AD8E4
:10D53000039B013C002BDCD000280DDD08F1FF32FD
:10D54000019E06A900EB020E11F8013B02F8013F13
:10D550007245F9D101968044019BDAF8002053F816
:10D56000040B01930432CAF800200028C7D10399A4
:10D57000D84609B1CAF800000022C8F800200CF112
:10D58000FF3528460BB0BDE8F08F00F58678A4E79C
:10D59000029B05468A21002228461960CBF800200C
:10D5A0000BB0BDE8F08FD846DDF810A0DDF814B060
:10D5B0002846C8E900AB0BB0BDE8F08F00B585B0D8
:10D5C000DFF81CC006980090079801900348006897
:10D5D000CDF808C0FFF776FF05B000BDF45000207D
:10D5E0008C4E0020B1F90C20930706D501F14303BE
:10D5F0000122C1E904320B60704730B50B46B1F926
:10D600000E10002999B0044632DB02AA009300F004
:10D610005BF80028009B29DB4FF4806120460093D3
:10D62000039DF7F73FFA009BB3F90C20002839D08F
:10D6300005F4704142F0800218601861B1F5005F96
:10D640004FF480609A8158613AD1B3F90E1000937B
:10D65000204600F04DF8009BB3F90C2080B322F077
:10D66000030242F001024FF4006117E0B3F90C200D
:10D67000019312F0800F0CBF4FF4806140212046CF
:10D680000091F7F70FFA019B0099B3F90C2048B10C
:10D69000C3E9040142F08002186000210A439A8124
:10D6A00019B030BD9105FBD422F0030203F1430110
:10D6B00042F002020120C3E904109A811960EFE7E9
:10D6C0004FF40061EAE700BF38B5084C0023054677
:10D6D000084611462360F3F793FF431C00D038BD82
:10D6E0002368002BFBD02B6038BD00BF609C00205E
:10D6F00038B5074C0023054608462360F3F786FF3C
:10D70000431C00D038BD2368002BFBD02B6038BDF4
:10D71000609C002041EC170BB5EEC07BF1EE10FAD7
:10D7200001D400F00BB808B581F0004100F006F814
:10D73000404261EB410108BD000000009FED0B7B02
:10D7400041EC160B9FED0B5B26EE077BBCEEC77B17
:10D75000B8EE474BA4EE456BFCEEC67B17EE101AF5
:10D7600017EE900A704700BFAFF300800000000082
:10D770000000F03D000000000000F0415FF800F004
:10D78000A11D00605FF800F04D1D0060000000006A
:04D790000000000095
:04D79400F8B500BF25
:08D798007869FF7F0100000029
:10D7A0000000000000000000000000000000000079
:10D7B0000000000000000000000000000000000069
:10D7C0000000000000000000000000000000000059
:10D7D0000000000000000000000000000000000049
:10D7E0000000000000000000000000000000000039
:10D7F0000000000000000000000000000000000029
:10D800000000000000000000000000000000000018
:10D810000000000000000000000000000000000008
:10D8200000000000000000000000000000000000F8
:10D8300000000000000000000000000000000000E8
:10D8400000000000000000000000000000000000D8
:10D8500000000000000000000000000000000000C8
:10D8600000000000000000000000000000000000B8
:10D8700000000000000000000000000000000000A8
:10D880000000000000000000000000000000000098
:10D890000000000000000000000000000000000088
:10D8A0000000000000000000000000000000000078
:10D8B0000000000000000000000000000000000068
:10D8C0000000000000000000000000000000000058
:10D8D0000000000000000000000000000000000048
:10D8E0000000000000000000000000000000000038
:10D8F0000000000000000000000000000000000028
:10D900000000000000000000000000000000000017
:10D910000000000000000000000000000000000007
:10D9200000000000000000000000000000000000F7
:10D9300000000000000000000000000000000000E7
:10D9400000000000000000000000000000000000D7
:10D9500000000000000000000000000000000000C7
:10D9600000000000000000000000000000000000B7
:10D9700000000000000000000000000000000000A7
:10D980000000000000000000000000000000000097
:10D990000000000000000000000000000000000087
:10D9A0000000000000000000000000000000000077
:10D9B0000000000000000000000000000000000067
:10D9C0000000000000000000000000000000000057
:10D9D0000000000000000000000000000000000047
:10D9E0000000000000000000000000000000000037
:10D9F0000000000000000000000000000000000027
:10DA00000000000000000000000000000000000016
:10DA10000000000000000000000000000000000006
:10DA200000000000000000000000000000000000F6
:10DA300000000000000000000000000000000000E6
:10DA400000000000000000000000000000000000D6
:10DA500000000000000000000000000000000000C6
:10DA600000000000000000000000000000000000B6
:10DA700000000000000000000000000000000000A6
:10DA80000000000000000000000000000000000096
:10DA90000000000000000000000000000000000086
:10DAA0000000000000000000000000000000000076
:10DAB0000000000000000000000000000000000066
:10DAC0000000000000000000000000000000000056
:10DAD0000000000000000000000000000000000046
:10DAE0000000000000000000000000000000000036
:10DAF0000000000000000000000000000000000026
:10DB00000000000000000000000000000000000015
:10DB10000000000000000000000000000000000005
:10DB200000000000000000000000000000000000F5
:10DB300000000000000000000000000000000000E5
:10DB400000000000000000000000000000000000D5
:10DB500000000000000000000000000000000000C5
:10DB600000000000000000000000000000000000B5
:10DB700000000000000000000000000000000000A5
:10DB80000000000000000000000000000000000095
:10DB90000000000000000000000000000000000085
:10DBA000000000000000F03F748515D3B0D9EF3FAE
:10DBB0000F89F96C58B5EF3F515B12D00193EF3FDD
:10DBC0007B517D3CB872EF3FAAB968318754EF3F73
:10DBD0003862756E7A38EF3FE1DE1FF59D1EEF3F2C
:10DBE00015B7310AFE06EF3FCBA93A37A7F1EE3F52
:10DBF0002234124CA6DEEE3F2D89616008CEEE3F46
:10DC0000272A36D5DABFEE3F824F9D562BB4EE3F22
:10DC1000295448DD07ABEE3F85553AB07EA4EE3F70
:10DC2000CD3B7F669EA0EE3F745FECE8759FEE3FB4
:10DC30008701EB7314A1EE3F13CE4C9989A5EE3FFB
:10DC4000DBA02A42E5ACEE3FE5C5CDB037B7EE3FED
:10DC500090F0A38291C4EE3F5D253EB203D5EE3F26
:10DC6000ADD35A999FE8EE3F475EFBF276FFEE3F59
:10DC70009C5285DD9B19EF3F6990EFDC2037EF3F29
:10DC800087A4FBDC1858EF3F5F9B7B33977CEF3F0B
:10DC9000DA90A4A2AFA4EF3F40456E5B76D0EF3F91
:10DCA000000000000000E8429423914BF86AAC3F6A
:10DCB000F3C4FA50CEBFCE3FD6520CFF422EE63F01
:10DCC0000000000000003843FE822B6547154740E6
:10DCD0009423914BF86ABC3EF3C4FA50CEBF2E3F5A
:10DCE000D6520CFF422E963FBEF3F879EC61F63F18
:10DCF000DEAA8C80F77BD5BF3D88AF4AED71F53F3A
:10DD0000DB6DC0A7F0BED2BFB010F0F03995F43F84
:10DD1000673A517FAE1ED0BF8503B8B095C9F33FB7
:10DD2000E92482A6D831CBBFA564880C190DF33F36
:10DD30005877C00A4F57C6BFA08E0B7B225EF23FBA
:10DD400000819CC72BAAC1BF3F341A4A4ABBF13F8E
:10DD50005E0E8CCE764EBABFBAE58AF05823F13FFC
:10DD6000CC1C615A3C97B1BFA70099413F95F03F49
:10DD70001E0CE138F452A2BF000000000000F03F8A
:10DD80000000000000000000AC479AFD8C60EE3FF0
:10DD90008459F25DAAA5AA3FA06A021FB3A4EC3F72
:10DDA000B42E36AA535EBC3FE6FC6A573620EB3FE2
:10DDB00008DB2077E526C53F2DAAA163D1C2E93F44
:10DDC0007047220D86C2CB3FED417803E686E83FDF
:10DDD000E17EA0C88B05D13F624853F5DC67E73F81
:10DDE00009EEB6573004D43FEF39FAFE422EE63F33
:10DDF0003483B848A30ED0BF6A0BE00B5B57D53F06
:10DE000023410AF2FEFFDFBF0080E03779C34143C0
:10DE1000176E05B5B5B89346F5F93FE9034F384D90
:10DE2000321D30F94877825A3CBF737FDD4F15753C
:10DE3000000000000000F03F00000000000024404F
:10DE400000000000000059400000000000408F402A
:10DE5000000000000088C34000000000006AF84095
:10DE60000000000080842E4100000000D0126341B9
:10DE70000000000084D797410000000065CDCD412F
:10DE8000000000205FA00242000000E87648374210
:10DE9000000000A2941A6D42000040E59C30A242AE
:10DEA0000000901EC4BCD64200003426F56B0C4323
:10DEB0000080E03779C3414300A0D88557347643CA
:10DEC00000C84E676DC1AB43003D9160E458E1432B
:10DED000408CB5781DAF154450EFE2D6E41A4B44A0
:10DEE00092D54D06CFF08044F64AE1C7022DB544E5
:10DEF000B49DD9794378EA44BEF3F879EC61F63FF2
:10DF00001930965BC6FEDEBF3D88AF4AED71F53F26
:10DF1000A4FCD432680BDBBFB010F0F03995F43FAD
:10DF20007BB71F0A8B41D7BF8503B8B095C9F33FB4
:10DF30007BCF6D1AE99DD3BFA564880C190DF33F03
:10DF400031B6F2F39B1DD0BFA08E0B7B225EF23F59
:10DF5000F07A3B1B1D7CC9BF3F341A4A4ABBF13FD4
:10DF60009F3CAF93E3F9C2BFBAE58AF05823F13F73
:10DF70005C8D78BFCB60B9BFA70099413F95F03F5A
:10DF8000CE5F47B69D6FAABF000000000000F03FC3
:10DF90000000000000000000AC479AFD8C60EE3FDE
:10DFA0003DF5249FCA38B33FA06A021FB3A4EC3FDB
:10DFB000BA913854A976C43FE6FC6A573620EB3F45
:10DFC000D2E4C44A0B84CE3F2DAAA163D1C2E93F5B
:10DFD0001C65C6F04506D43FED417803E686E83F70
:10DFE000F89F1B2C9C8ED83F624853F5DC67E73FB7
:10DFF000CC7BB14EA4E0DC3F0B6E49C91676D23F14
:10E000007AC675A06919D7BFDDBAA76C0AC7DE3F0B
:10E01000C8F6BE484715E7BF2BB82A654715F73F36
:10E02000000000000000F03F000000000000F0BF12
:10E03000000000000000F0BF000000000000F03F02
:10E0400083C8C96D305F6441182D4454FB21F93FEA
:10E05000000000000000F03F1C620CFDFFFFDFBF6E
:10E06000198F06E15355A53F9D359AE887C056BFE5
:10E07000C3F87B024393F93E03A695595455C5BF97
:10E08000C40B23057610813F24CF7437EB9429BF4E
:10E09000000000000000F03F000000000000F0BFA2
:10E0A000000000000000F0BF000000000000F03F92
:10E0B00083C8C96D305F6441182D4454FB21F93F7A
:10E0C000000000000000F0BF1C620CFDFFFFDF3FFE
:10E0D000198F06E15355A5BF9D359AE887C0563F75
:10E0E000C3F87B024393F9BE03A695595455C5BFA7
:10E0F000C40B23057610813F24CF7437EB9429BFDE
:10E10000BC89D897B2D29C3C33A7A8D523F649390D
:10E110003DA7F444FD0FA5329D978CCF08BA5B252F
:10E12000436FAC64280668111C1C00202C1C0020C6
:10E130003C1C0020809C0020849C0020889C0020A7
:10E140008C9C0020909C002000000000000000003B
:10E150000000FF27100032FF27100032FF271000B9
:10E1600032FF271000320000000000000000000015
:10E1700000000000000000000040004000400000DF
:10E18000E73BE73BE73B0000040C0020000C0020CD
:10E19000BC1B0020C01B0020F40C0020040C00203D
:10E1A000000C0020BC1B002014260020202600208C
:10E1B000B02A0020BC2A002028F029F02AF02BF0F9
:10E1C00020002D003D005B005D005C0000003B0076
:10E1D000270060002C002E002F0039F00000000006
:10E1E000000000000000000000000000000000002F
:10E1F0000000000000000000000049F04AF04BF071
:10E200004CF04DF04EF04FF050F051F052F0000055
:10E2100000000000000000000000000000000000FE
:10E2200000000000000000000000000000000000EE
:10E2300000000000000000000000000000000000DE
:10E2400000000000000000000000000000000000CE
:10E2500000000000000000000000000000000000BE
:10E2600000000000000000000000000000000000AE
:10E27000000000000000000000000000000000009E
:10E28000000000000000000000000000000000008E
:10E29000000000000000000000000000000000007E
:10E2A000000000000000000000000000000000006E
:10E2B000000000000000000000000000000000005E
:10E2C000000000000000000000000000000000004E
:10E2D000000000000000000000000000000000003E
:10E2E000000000000000000000000000000000002E
:10E2F000000000000000000000000000000000001E
:10E30000000000000000000000000000000000000D
:10E3100000000000000000000000000000000000FD
:10E32000000000000000000001E002E004E008E05E
:10E3300010E020E040E080E000000000010000006C
:10E34000030000000200000000000000C81B0020C5
:10E35000DC1B0020F01B0020041C0020040C00200B
:10E36000000C0020BC1B0020C01B0020800D0020E2
:10E37000880D00200C0E00207B2263735F626F7596
:10E380006E645F6B6579223A000000007B226B6946
:10E390006D5F626F756E645F6B6579223A00000095
:10E3A00043494D0041494D005B5553425D20446552
:10E3B000766963653A204D494D204D6F7573652030
:10E3C000696E697469616C697A6564005B55534272
:10E3D0005D204465766963653A20000020446972D7
:10E3E000656374496E707574204A6F7973746963DC
:10E3F0006B20696E697469616C697A6564000000FC
:10E400005B5553425D204A6F79737469636B3A20A0
:10E4100061786573206E65757472616C2028353182
:10E4200032292C204D616E75616C53656E642061DC
:10E4300063746976650000005B5553425D20576147
:10E440006974696E6720666F7220686F73742065E7
:10E450006E756D65726174696F6E2E2E2E000000F0
:10E460005B5553425D205265616479005B454E43C4
:10E470005D20456E636F64657248616E646C6572A1
:10E4800020726561647920285465656E7379203443
:10E490002E3129004D494D0076322E372E302D6118
:10E4A0006C706861000000005B5446545D20544667
:10E4B000543120696E697469616C697A6564000021
:10E4C0004772617068207265616479005B544654DC
:10E4D0005D205446543220696E697469616C697AB2
:10E4E00065640000252B35642070782F73000000D0
:10E4F000253564206D73000025352E3166202525D5
:10E500000000000025352E316620487A000000000A
:10E51000253564202525000025356C75206D730098
:10E52000582D537065656400592D537065656400FE
:10E530002B2F2D25642020543D256C756D73000014
:10E540002B256400203000002D25640030000000E1
:10E55000256C75206D73000045313A706167652048
:10E560002045323A656469740000000076582564DD
:10E570003A252B3564000000765925643A252B3561
:10E580006400000025372E336600000025362E3249
:10E5900066202573000000005752205741524E005C
:10E5A000534156454400000041494D20506172617D
:10E5B0006D7300002025642F256400005025642F12
:10E5C0003300000041494D2053756D6D6172790033
:10E5D00045313A6E61762045323A656469740000CF
:10E5E0005B252E32662E2E252E32665D0000000041
:10E5F0002D3E2041494D00002D3E204D494D00004B
:10E600004D494D20286166746572207265626F6F96
:10E61000742900005B424F4F545D204D6F646520AC
:10E62000736176656420E286922000005B424F4F62
:10E63000545D2050656E64696E67206D6F6465205F
:10E64000E2869220000000005B454550524F4D5D30
:10E65000204D494D2070726F66696C65207361763C
:10E660006564202873657373696F6E2077726974AF
:10E6700065733A005B454550524F4D5D20574152FE
:10E680004E3A2068696768207772697465206672FF
:10E69000657175656E63792074686973207365733D
:10E6A00073696F6E000000005B4D494D5D20507234
:10E6B0006F66696C652076616C69646174696F6E00
:10E6C000206661696C65643A206D61676963206DDD
:10E6D00069736D61746368005B4D494D5D205072D4
:10E6E0006F66696C652076616C69646174696F6ED0
:10E6F000206661696C65643A2076657273696F6E35
:10E70000206D69736D617463680000005B4D494D55
:10E710005D2050726F66696C652076616C6964611A
:10E7200074696F6E206661696C65643A2043524378
:10E73000206572726F722028676F742000000000DD
:10E740002C20657870656374656420005B4D494DCD
:10E750005D2050726F66696C652076616C696461DA
:10E7600074696F6E206661696C65643A2076582022
:10E770006F7574206F662072616E6765000000001F
:10E780005B4D494D5D2050726F66696C6520766106
:10E790006C69646174696F6E206661696C65643A66
:10E7A000207659206F7574206F662072616E6765E0
:10E7B000000000005B4D494D5D2050726F66696C32
:10E7C000652076616C69646174696F6E2066616949
:10E7D0006C65643A2044656C6179206F7574206FB4
:10E7E000662072616E6765005B4D494D5D20507219
:10E7F0006F66696C652076616C69646174696F6EBF
:10E80000206661696C65643A207369676D61506365
:10E8100074206F7574206F662072616E67650000EA
:10E820005B4D494D5D2050726F66696C6520766165
:10E830006C69646174696F6E206661696C65643AC5
:10E84000207266487A206F7574206F662072616E40
:10E85000676500005B4D494D5D2050726F66696CC5
:10E86000652076616C69646174696F6E20666169A8
:10E870006C65643A207266537072656164206F75CE
:10E8800074206F662072616E676500005B4D494DB4
:10E890005D2050726F66696C652076616C69646199
:10E8A00074696F6E206661696C65643A20726644B3
:10E8B000757479506374206F7574206F662072616F
:10E8C0006E6765005B4D494D5D2050726F66696CE7
:10E8D000652076616C69646174696F6E2066616938
:10E8E0006C65643A2074456E644D73206F757420B6
:10E8F0006F662072616E6765000000005B454550E1
:10E90000524F4D5D204D494D2064656661756C74B4
:10E9100073206C6F6164656420286E6F2076616C73
:10E9200069642070726F66696C6529005B454550AB
:10E93000524F4D5D204D494D2070726F66696C6578
:10E94000206C6F6164656420287600005B4545504B
:10E95000524F4D5D2041494D2070726F66696C6564
:10E96000207361766564202873657373696F6E2008
:10E970007772697465733A005B41494D5D2050724E
:10E980006F66696C652076616C69646174696F6E2D
:10E99000206661696C65643A206D61676963206D0A
:10E9A00069736D61746368005B41494D5D2050720D
:10E9B0006F66696C652076616C69646174696F6EFD
:10E9C000206661696C65643A2076657273696F6E62
:10E9D000206D69736D617463680000005B41494D8F
:10E9E0005D2050726F66696C652076616C69646148
:10E9F00074696F6E206661696C65643A20435243A6
:10EA0000206572726F722028676F7420000000000A
:10EA10005B41494D5D2050726F66696C652076617F
:10EA20006C69646174696F6E206661696C65643AD3
:10EA300020656D615F616C706861206F7574206F17
:10EA4000662072616E6765005B41494D5D205072C2
:10EA50006F66696C652076616C69646174696F6E5C
:10EA6000206661696C65643A206E6F6973655F67E3
:10EA7000617465206F7574206F662072616E6765C2
:10EA8000000000005B41494D5D2050726F66696C6B
:10EA9000652076616C69646174696F6E2066616976
:10EAA0006C65643A2073656E73697469766974790C
:10EAB000206F7574206F662072616E6765000000BC
:10EAC0005B41494D5D2050726F66696C65207661CF
:10EAD0006C69646174696F6E206661696C65643A23
:10EAE000206D61785F6465666C656374206F757412
:10EAF000206F662072616E67650000005B41494DC2
:10EB00005D2050726F66696C652076616C69646126
:10EB100074696F6E206661696C65643A2063757212
:10EB200076655F657870206F7574206F66207261FE
:10EB30006E6765005B41494D5D2050726F66696C80
:10EB4000652076616C69646174696F6E20666169C5
:10EB50006C65643A206D617020636F6465206F7529
:10EB600074206F662072616E676500005B41494DDD
:10EB70005D2050726F66696C652076616C696461B6
:10EB800074696F6E206661696C65643A206D6F759B
:10EB900073655F737469636B206F7574206F662093
:10EBA00072616E67650000005B454550524F4D5DD8
:10EBB0002041494D2064656661756C7473206C6FEB
:10EBC0006164656420286E6F2076616C69642070D2
:10EBD000726F66696C6529005B454550524F4D5D0B
:10EBE0002041494D2070726F66696C65206C6F61C1
:10EBF00064656420287600002CE015091408F1F003
:10EC00001E1F20212B29E1F2000000005B4545502A
:10EC1000524F4D5D2043494D2070726F66696C659F
:10EC2000207361766564202873657373696F6E2045
:10EC30007772697465733A005B43494D5D20507289
:10EC40006F66696C652076616C69646174696F6E6A
:10EC5000206661696C65643A206D61676963206D47
:10EC600069736D61746368005B43494D5D20507248
:10EC70006F66696C652076616C69646174696F6E3A
:10EC8000206661696C65643A2076657273696F6E9F
:10EC9000206D69736D617463680000005B43494DCA
:10ECA0005D2050726F66696C652076616C69646185
:10ECB00074696F6E206661696C65643A20435243E3
:10ECC000206572726F722028676F74200000000048
:10ECD0005B43494D5D2050726F66696C65207661BB
:10ECE0006C69646174696F6E206661696C65643A11
:10ECF000207658206F7574206F662072616E67658C
:10ED0000000000005B43494D5D2050726F66696CE6
:10ED1000652076616C69646174696F6E20666169F3
:10ED20006C65643A207659206F7574206F66207286
:10ED3000616E6765000000005B43494D5D205072C5
:10ED40006F66696C652076616C69646174696F6E69
:10ED5000206661696C65643A2064656C6179206F36
:10ED60007574206F662072616E6765005B43494D64
:10ED70005D2050726F66696C652076616C696461B4
:10ED800074696F6E206661696C65643A20736967A7
:10ED90006D61506374206F7574206F662072616EB0
:10EDA000676500005B43494D5D2050726F66696C7A
:10EDB000652076616C69646174696F6E2066616953
:10EDC0006C65643A207266487A206F7574206F66AD
:10EDD0002072616E676500005B43494D5D20507293
:10EDE0006F66696C652076616C69646174696F6EC9
:10EDF000206661696C65643A207266537072656161
:10EE000064206F7574206F662072616E6765000004
:10EE10005B43494D5D2050726F66696C6520766179
:10EE20006C69646174696F6E206661696C65643ACF
:10EE300020726644757479506374206F7574206F06
:10EE4000662072616E6765005B43494D5D205072BC
:10EE50006F66696C652076616C69646174696F6E58
:10EE6000206661696C65643A2074456E644D732058
:10EE70006F7574206F662072616E67650000000018
:10EE80005B43494D5D2050726F66696C6520766109
:10EE90006C69646174696F6E206661696C65643A5F
:10EEA000206178697320696E646578206F757420BD
:10EEB0006F662072616E6765000000005B43494D1C
:10EEC0005D2050726F66696C652076616C69646163
:10EED00074696F6E206661696C65643A2066697258
:10EEE000655F62746E206F7574206F662072616E4C
:10EEF000676500005B43494D5D2050726F66696C29
:10EF0000652076616C69646174696F6E2066616901
:10EF10006C65643A2063696D53656E7369746976D4
:10EF2000697479206F7574206F662072616E6765F1
:10EF3000000000005B454550524F4D5D2043494D58
:10EF40002064656661756C7473206C6F61646564C0
:10EF500020286E6F2076616C69642070726F66691C
:10EF60006C6529005B454550524F4D5D2043494D2E
:10EF70002070726F66696C65206C6F6164656420D7
:10EF8000287600005B454550524F4D5D204B494D62
:10EF90002070726F66696C652073617665642028E5
:10EFA00073657373696F6E207772697465733A0065
:10EFB0005B4B494D5D2050726F66696C65207661D0
:10EFC0006C69646174696F6E206661696C65643A2E
:10EFD000206D61676963206D69736D61746368009A
:10EFE0005B4B494D5D2050726F66696C65207661A0
:10EFF0006C69646174696F6E206661696C65643AFE
:10F000002076657273696F6E206D69736D617463CC
:10F01000680000005B4B494D5D2050726F66696C63
:10F02000652076616C69646174696F6E20666169E0
:10F030006C65643A20435243206572726F722028D7
:10F04000676F7420000000005B4B494D5D205072DB
:10F050006F66696C652076616C69646174696F6E56
:10F06000206661696C65643A206E5F656E747269D2
:10F070006573206F7574206F662072616E6765001E
:10F080005B4B494D5D2050726F66696C65207661FF
:10F090006C69646174696F6E206661696C65643A5D
:10F0A000207369676D615F706374206F7574206F82
:10F0B000662072616E6765005B454550524F4D5D3D
:10F0C000204B494D2064656661756C7473206C6FCC
:10F0D0006164656420286E6F2076616C69642070BD
:10F0E000726F66696C6529005B454550524F4D5DF6
:10F0F000204B494D2070726F66696C65206C6F61A2
:10F1000064656420287600002C20656E7472696541
:10F11000733A2000696E61637469766500000000CF
:10F120005B454550524F4D5D204B494D20746F67F4
:10F13000676C652073617665643A20005B454550D5
:10F14000524F4D5D20457874436F72722070726F1C
:10F1500066696C65207361766564202873657373D6
:10F16000696F6E207772697465733A005B4545502C
:10F17000524F4D5D20457874436F72722070726FEC
:10F1800066696C65206C6F61646564202876000098
:10F190005B454550524F4D5D20457874436F727208
:10F1A0002064656661756C7473206C6F616465645E
:10F1B00020286E6F2076616C69642070726F6669BA
:10F1C0006C6529005B454550524F4D5D20435320EF
:10F1D00070726F66696C6520736176656420287350
:10F1E000657373696F6E207772697465733A000096
:10F1F0005B454550524F4D5D204353206465666129
:10F20000756C7473206C6F6164656420286E6F2068
:10F2100076616C69642070726F66696C65290000A4
:10F220005B454550524F4D5D2043532070726F66D1
:10F23000696C65206C6F616465642028760000004D
:10F240002C2070616972733A200000005B4D494DBB
:10F250005D202D2D2D2047617573732074657374A7
:10F2600020284E3D313030302C207369676D615F4E
:10F270007063743D352529202D2D2D005B4D494DA2
:10F280005D204D696E3A20005B4D494D5D204D611A
:10F29000783A20005B4D494D5D204D65616E3A2006
:10F2A000000000005B4D494D5D2053746444657659
:10F2B0003A2000005B4D494D5D202D2D2D2D2D2D2B
:10F2C0002D2D2D2D2D2D2D2D2D2D2D2D2D2D2D2D6E
:10F2D0002D2D2D2D2D2D2D2D2D2D2D2D2D2D2D2D5E
:10F2E0002D2D2D005B41494D5D2041696D416C67BD
:10F2F0006F726974686D2072656164790000000046
:10F300005B4B494D5D20456E67696E6520696E698E
:10F310007469616C697A6564000000007B226B6926
:10F320006D5F62696E645F61636B223A317D0000DC
:10F330007B2263735F62696E645F61636B223A3143
:10F340007D0000007B226B696D5F62696E645F7493
:10F35000696D656F7574223A317D00004B494D002F
:10F360004D4B434F4D424F0041494D20286166743B
:10F370006572207265626F6F7429000043494D20E9
:10F38000286166746572207265626F6F742900006F
:10F390004B494D20286166746572207265626F6FFB
:10F3A000742900004D4B434F4D424F202861667435
:10F3B0006572207265626F6F74290000582D53705A
:10F3C000656564202870782F73290000592D5370CB
:10F3D000656564202870782F732900005061726180
:10F3E0006D65746572730000765830007658310090
:10F3F0007658320076583300765834007658350007
:10F4000076583600765930007659310076593200F8
:10F4100076593300765934007659350076593600DE
:10F42000582D44656C617900592D44656C617900F3
:10F430005369676D6100000052462D487A00000054
:10F4400052462D537072640052462D4475747900F3
:10F45000542D456E64000000454D412D416C70688F
:10F46000610000004E6F6973652D4761746500008F
:10F4700053656E73697469762E0000004D61782DB6
:10F480004465666C0000000043757276652D457812
:10F490007000000070782F73000000002F2F2727C6
:10F4A00022225C5C6208660C6E0A720D7409000010
:10F4B0005C753030303000007472756500000000FB
:10F4C00066616C73650000006E756C6C0000000076
:10F4D0006F6B0000646576696365000066775F7630
:10F4E000657273696F6E0000322E372E302D616C9D
:10F4F0007068610076580000765900007844656CA9
:10F50000617900007944656C617900007369676D09
:10F5100061506374000000007266487A00000000C9
:10F520007266537072656164000000007266447513
:10F53000747950637400000074456E644D7300006C
:10F540006D6F7573655F737469636B006D617000D7
:10F55000617869735F727800617869735F727900AE
:10F56000666972655F62746E0000000073656E7399
:10F5700069746976697479006B696D5F6163746938
:10F58000766500007369676D615F706374000000E9
:10F590006E5F656E7472696573000000656E7472EB
:10F5A00069657300747970650000000074726967A2
:10F5B00067657230000000007472696767657231B8
:10F5C00000000000747269676765725F6D6F646543
:10F5D000000000006761705F6D73000073746570F8
:10F5E000730000006B6579636F646500686F6C641D
:10F5F0005F6D730070617573655F6D73000000006F
:10F60000656D615F616C7068610000006E6F6973A9
:10F61000655F6761746500006D61785F6465666C45
:10F620006563740063757276655F657870000000CD
:10F6300073616D706C655F74696D655F6D730000FB
:10F640007265616368696E675F74696D655F6D732C
:10F6500000000000656E61626C6564006C6D625F45
:10F660006761746500000000616C7068615F6D69BE
:10F670006E000000616C7068615F6D617800000071
:10F68000616C7068615F7363616C6500636F727257
:10F690005F6D6F6465000000616461707469766518
:10F6A0005F6D6F64650000006A756D705F706374F4
:10F6B000000000006A756D705F696E746572766136
:10F6C0006C5F6D73000000007072696F726974790D
:10F6D0005F6D6F6465000000636F72725F776569CC
:10F6E000676874007377697463685F7468726573C0
:10F6F000686F6C645F7078006465616462616E64F9
:10F700005F7078006164645F6D696D5F73706C69D0
:10F710006E6573006D696D5F73706C696E655F77A0
:10F720006569676874000000676174655F72616491
:10F730006975735F707800007377697463685F66DA
:10F7400072616D6573000000707265645F70637450
:10F75000000000006D61785F737465705F70780001
:10F76000736E61705F69646C655F6D7300000000AB
:10F77000736E61705F636F72725F74696D655F6DE8
:10F7800073000000636F72725F626F785F785F7002
:10F7900078000000636F72725F626F785F795F70EC
:10F7A0007800000074726B5F616C7068615F7063F9
:10F7B0007400000074726B5F6B705F7063740000A4
:10F7C00074726B5F6B645F6D7300000074726B5FCB
:10F7D0007377697463685F6D617267696E5F707873
:10F7E0000000000073746172745F62696E640000EF
:10F7F00063735F656E61626C6564000063735F7361
:10F8000069676D615F706374000000007061697208
:10F81000730000006B65795F610000006B65795FC4
:10F82000620000006475725F6D7300006572726F34
:10F83000720000006D657373616765006D6F6465CC
:10F840005F7377697463683A206D6F6465206D75C6
:10F85000737420626520274D494D272C202741498C
:10F860004D272C202743494D272C20274B494D2736
:10F87000206F7220274D4B434F4D424F2700000011
:10F88000616374696F6E00007265626F6F74696E98
:10F89000670000004A534F4E207061727365206507
:10F8A00072726F7200000000636D640070696E67B1
:10F8B000000000006765745F636F6E666967000033
:10F8C0006765745F73746174757300007570746933
:10F8D0006D655F6D730000006869645F61637469E2
:10F8E000766500006C6173745F696E7075745F6D2E
:10F8F000730000006C6D625F61637469766500007F
:10F90000736C6565705F6D6F646500006765745F3B
:10F910006578745F636F7272656374696F6E0000FF
:10F920006672616D655F61676500000064617461A6
:10F930005F666C6F77696E67000000006765745FD3
:10F9400061696D5F636F6E66696700006765745F0C
:10F9500061696D5F6D617070696E67006765745F86
:10F9600063696D5F636F6E66696700006765745FEA
:10F970006B696D5F636F6E66696700006765745FD2
:10F9800063735F636F6E6669670000006E5F70612E
:10F99000697273006B696D5F62696E645F73746135
:10F9A000727400007365745F636F6E666967000050
:10F9B00064617461000000007365745F636F6E665C
:10F9C0006967207265717569726573202764617457
:10F9D0006127206F626A6563740000007365745F5D
:10F9E00061696D5F636F6E66696700007365745F60
:10F9F00061696D5F636F6E666967207265717569B5
:10FA000072657320276461746127206F626A656381
:10FA1000740000007365745F61696D5F6D61707083
:10FA2000696E67007365745F61696D5F6D617070A9
:10FA3000696E6720726571756972657320276461EC
:10FA4000746127206F626A65637400007365745F78
:10FA50006578745F636F7272656374696F6E0000BE
:10FA60007365745F6578745F636F727265637469E0
:10FA70006F6E207265717569726573202764617499
:10FA80006127206F626A6563740000007365745FAC
:10FA900063696D5F636F6E66696700007365745FAD
:10FAA00063696D5F636F6E66696720726571756902
:10FAB00072657320276461746127206F626A6563D1
:10FAC000740000007365745F6B696D5F636F6E66D1
:10FAD000696700007365745F6B696D5F636F6E6665
:10FAE0006967207265717569726573202764617436
:10FAF0006127206F626A6563740000007365745F3C
:10FB000063735F636F6E6669670000007365745F9F
:10FB100063735F636F6E6669672072657175697282
:10FB2000657320276461746127206F626A6563745E
:10FB3000000000006D6F64655F737769746368002F
:10FB40007265626F6F745F626F6F746C6F61646512
:10FB5000720000006F74615F737461727400000062
:10FB6000746F74616C5F627974657300626C6F634B
:10FB70006B5F73697A6500006F74615F626C6F63BD
:10FB80006B00000073657100616464720000000026
:10FB90006F74615F66696E697368000063726333D6
:10FBA000320000006F74615F61626F727400000068
:10FBB000726561736F6E000062726F777365725F5A
:10FBC00061626F7274000000756E6B6E6F776E20ED
:10FBD000636F6D6D616E64005B4D41494E5D2053F6
:10FBE0007769746368696E6720746F206D6F6465F0
:10FBF0003A2000007B226576656E74223A22736C8F
:10FC0000656570227D0000007B226576656E74223A
:10FC10003A2277616B65227D000000005B454E4310
:10FC20005D204532204C6F6E6720507265737320E3
:10FC3000E28692206D6F6465207377697463682033
:10FC4000746F20005B454E435D205061676520E284
:10FC5000869220005B454E435D20453220526573FD
:10FC6000657420506172616D200000006E6F742019
:10FC7000636F6E6E65637465640000003D3D3D3DDD
:10FC80003D3D3D3D3D3D3D3D3D3D3D3D3D3D3D3DA4
:10FC90003D3D3D3D3D3D3D3D3D3D3D3D3D3D3D3D94
:10FCA0003D3D3D3D3D00000020204D494D20763238
:10FCB0002E372E302D616C70686100002020767820
:10FCC000000000003A20200020207679000000008B
:10FCD0002020582D44656C61793A202000000000F6
:10FCE0002020592D44656C61793A202000000000E5
:10FCF00020205369676D613A202020200000000019
:10FD000020250000202052462D487A3A202020202D
:10FD10000000000020487A00202052462D537072C7
:10FD2000643A202000000000202052462D447574C3
:10FD3000793A2020000000002020542D456E643ABE
:10FD4000202020200000000020204D6F7573653AB0
:10FD500020202020000000005B4E554D2D5D2070BE
:10FD60007265737320E28692204C4D423D31000053
:10FD70005B4E554D2D5D2072656C6561736520E2AB
:10FD80008692204C4D423D30000000005B4B415DAF
:10FD90002048656172746265617420616674657281
:10FDA00020000000207320696E61637469766974B5
:10FDB000790000004D494D204D4F444500000000A2
:10FDC00041494D204D4F4445000000005B4D4149E5
:10FDD0004E5D204D494D2076322E372E302D616CF0
:10FDE00070686120E2809420736574757028290022
:10FDF0005B424F4F545D204175746F2D44657465AF
:10FE00006374696F6E20286B65696E2050656E643F
:10FE1000696E672D4D6F6465290000005B43494D95
:10FE20005D20426F6F7420E2809420636F6E747265
:10FE30006F6C6C6572206465746563746564000042
:10FE40005B41494D5D20426F6F7420E28094206DCC
:10FE50006F75736520646574656374656400000084
:10FE60005B4B494D5D20426F6F7420E28094206BA4
:10FE70006579626F6172642064657465637465643A
:10FE8000000000005B4D4B434F4D424F5D20426FE1
:10FE90006F7420E28094206D6F757365202B206B4A
:10FEA0006579626F6172642064657465637465640A
:10FEB00020284875622900005B4D494D5D20426F46
:10FEC0006F7400005B25735D20427574746F6E2043
:10FED00070756C73652073656E7420E28692206283
:10FEE000726F777365722047616D65706164204140
:10FEF0005049206163746976617465640A0000008A
:10FF00005B4D41494E5D20736574757028292063EF
:10FF10006F6D706C657465005041535300000000B4
:10FF20004641494C000000005B4D41494E5D205761
:10FF300041524E3A2068696768207772697465207B
:10FF40006672657175656E63792074686973207374
:10FF5000657373696F6E00007B22737461747573CF
:10FF6000223A226572726F72222C226D6573736160
:10FF70006765223A22726571756573742074696DC4
:10FF8000656F7574227D00007B0000006D0000002D
:10FF90005B4D494D5D20546573743A204D6F757308
:10FFA000652E6D6F766528302C3130302C3029204D
:10FFB00073656E7400000000746674327465737447
:10FFC0000000000052454420202043533D333700B9
:10FFD000475245454E2044433D333600424C55453B
:10FFE000205253543D3335005B5446545D205446F3
:10FFF000543220636F6C6F72207465737420647266
:02000004600397
:1000000061776E2028522F472F422C2033207329EE
:100010000000000076780000767900005B4D494DC5
:100020005D2076580000000078643A005B4D494D31
:100030005D207659000000005B4D494D5D20582D34
:1000400044656C6179203D200000000079643A002D
:100050005B4D494D5D20592D44656C6179203D20F3
:10006000000000005B4D494D5D205369676D6120C4
:100070003D20000072663A005B4D494D5D205246BE
:100080002D487A203D2000007266733A000000007F
:100090005B4D494D5D2052462D537064203D20003C
:1000A0007266643A000000005B4D494D5D20524687
:1000B0002D44757479203D200000000074653A00DD
:1000C0005B4D494D5D20542D456E64203D20000060
:1000D000656570726F6D5F74657374005B54455332
:1000E000545D20E29480E2948020454550524F4D6B
:1000F00020546573742D537569746520E29480E211
:100100009480E29480E29480E29480E29480E2948D
:1001100080E29480E29480E29480E29480E2948091
:10012000E29480E29480E29480E29480E29480E21F
:10013000948000005B544553545D203120E280944C
:1001400020436F6C6420537461727420446566614F
:10015000756C743A20202020000000005B54455349
:10016000545D203220E280942053617665202B205C
:1001700052656C6F61643A202020202020202020CE
:10018000200000005B544553545D203320E28094EE
:1001900020436865636B73756D20436F7272757071
:1001A00074696F6E3A202020000000005B544553B4
:1001B000545D203420E2809420466C6F617420529C
:1001C0006F756E64747269703A20202020202020A0
:1001D000200000005B544553545D20E29480E2947B
:1001E0008020526573756C743A2000002F342050C3
:1001F00041535320E29480E29480E29480E2948020
:10020000E29480E29480E29480E29480E29480E23E
:100210009480E29480E29480E29480E29480E2947C
:1002200080E29480000000005B4D41494E5D205506
:100230006E6B6E6F776E20636F6D6D616E642E20D6
:1002400027702720666F722068656C702E00000092
:1002500043494D204D4F4445000000004B494D207F
:100260004D4F4445000000007B226F7461223A220A
:100270006572726F72222C226D7367223A22257387
:10028000227D00007B226F7461223A226E61636BD3
:10029000222C22736571223A25752C226D736722F8
:1002A0003A222573227D00005B4F54415D20457248
:1002B000726F7220E2809420626C6F636B5F73696F
:1002C0007A65206D69736D617463683A20676F7435
:1002D00020000000626C6F636B5F73697A655F6D0D
:1002E00069736D61746368005B4F54415D205374A2
:1002F00061727420E280942073697A653D00000089
:100300002062797465732C20626C6F636B733D009F
:100310007B226F7461223A227265616479222C22F9
:10032000626C6F636B5F73697A65223A25752C2264
:10033000626C6F636B73223A25757D006E6F745F1C
:10034000696E5F6F74615F6D6F6465005B4F5441F0
:100350005D204572726F7220E2809420626C6F6340
:100360006B2074696D656F757400000074696D654C
:100370006F7574006261736536345F6572726F7297
:10038000000000005B4F54415D20426C6F636B20A6
:10039000000000002F0000002028536563746F7276
:1003A000203020E286922052414D29007B226F743A
:1003B00061223A2261636B222C22736571223A25F5
:1003C000757D0000666C6173685F76657269667939
:1003D0005F6572726F7200005B4F54415D20457221
:1003E000726F7220E28094204352433332206D6951
:1003F000736D617463683A20676F74203078000011
:100400002C20657870656374656420307800000086
:100410006372635F6D69736D6174636800000000EF
:10042000736563746F72305F6D697373696E6700B3
:100430005B4F54415D204352433332204F4B20E207
:1004400080942077726974696E6720536563746F56
:100450007220302C207265626F6F74696E670000C5
:100460007B226F7461223A226F6B227D00000000B4
:100470006E6F20726561736F6E0000005B4F5441B8
:100480005D2041626F727420E280942000000000C1
:100490000A20212121212121212121212120426CF9
:1004A0007565746F6F7468436F6E74726F6C6C6592
:1004B000723A3A71756575655F446174615F547233
:1004C000616E736665722063616C6C656420776928
:1004D0007468206261642064617461206C696E6577
:1004E0003A2025750A0000000920706970653A25D8
:1004F00070206275666665723A2570206C656E3A8A
:100500002575206472697665723A25700A000000CC
:100510005553424849445061727365723A3A636F69
:100520006E74726F6C206D73673A20257820257881
:10053000203A202578202575203A000020253032E9
:10054000780000004A6F79737469636B436F6E744F
:10055000726F6C6C65723A3A62745F636C61696D5C
:100560005F636F6C6C656374696F6E2825702920FA
:10057000436F6E6E656374696F6E3A257020636CAD
:100580006173733A257820546F703A25780A000019
:10059000094A6F79737469636B436F6E74726F6C21
:1005A0006C657220636C61696D20636F6C6C656350
:1005B00074696F6E0A000000537769746368207471
:1005C00072616E73666572206661696C0A00000074
:1005D0005365742052756D626C6520646174613A74
:1005E0002025642C2025640A000000005365742037
:1005F00052756D626C6520646174612028555342A8
:10060000293A2025642C2025640A00005769726568
:100610006C65737320436F6E74726F6C6C657200DF
:10062000504C415953544154494F4E28522933009C
:100630004E617669676174696F6E20436F6E747284
:100640006F6C6C65720000004D6F74696F6E2043B3
:100650006F6E74726F6C6C657200000058626F7818
:1006600020576972656C65737300000050726F20CB
:10067000436F6E74726F6C6C657200004A6F792DF7
:10068000436F6E20285229004A6F792D436F6E20E8
:10069000284C29004A6F79737469636B436F6E74D9
:1006A000726F6C6C65723A3A636C61696D5F626C13
:1006B0007565746F6F7468202D20436C61737320AF
:1006C00025782025730A00004A6F79737469636B7B
:1006D000436F6E74726F6C6C65723A3A636C6169E9
:1006E0006D5F626C7565746F6F746820496E7465B8
:1006F00072666163650A00000A23232323232323F0
:100700002073775F73656E64434D442825782025F8
:1007100070202575292063616C6C6564207769748D
:10072000682062746472697665725F203D3D203096
:10073000200000004D6F757365436F6E74726F6CAF
:100740006C657220436F6E74726F6C6C65723A3AAE
:10075000636C61696D5F626C7565746F6F7468203E
:100760002D20436C6173732025780A004D6F7573DB
:1007700065436F6E74726F6C6C65723A3A636C614C
:10078000696D5F626C7565746F6F74682054525543
:10079000450A00004D6F757365436F6E74726F6C20
:1007A0006C65723A3A62745F636C61696D5F636F26
:1007B0006C6C656374696F6E2825702920436F6EB9
:1007C0006E656374696F6E3A257020636C61737334
:1007D0003A257820546F703A25780A00094D6F75D4
:1007E0007365436F6E74726F6C6C657220636C61BD
:1007F000696D20636F6C6C656374696F6E0A0000CD
:100800006E616E00696E66006F7666006E6600004F
:10081000696E697479000000616E00004C435F43AB
:100820004F4C4C41544500004C435F435459504594
:10083000000000004C435F4D4F4E4554415259005B
:100840004C435F4E554D4552494300004C435F5465
:10085000494D45004C435F4D455353414745530077
:1008600042616C6C6F632073756363656564656476
:10087000000000002F646174612F6A656E6B696E01
:10088000732F776F726B73706163652F474E552DB1
:10089000746F6F6C636861696E2F61726D2D313595
:1008A0002D352F7372632F6E65776C69622D6379B6
:1008B0006777696E2F6E65776C69622F6C6962630A
:1008C0002F7374646C69622F6764746F612D676540
:1008D000746865782E6300002F646174612F6A6507
:1008E0006E6B696E732F776F726B73706163652FB8
:1008F000474E552D746F6F6C636861696E2F61721E
:100900006D2D31352D352F7372632F6E65776C69C0
:10091000622D63796777696E2F6E65776C69622FD8
:100920006C6962632F7374646C69622F6D70726599
:10093000632E6300494E46004E414E003031323343
:10094000343536373839616263646566000000000B
:1009500030313233343536373839414243444546F5
:1009600000000000286E756C6C2900002C20667554
:100970006E6374696F6E3A200000000061737365E6
:100980007274696F6E2022257322206661696C651E
:10099000643A2066696C6520222573222C206C69DC
:1009A0006E65202564257325730A0000496E66690B
:1009B0006E697479000000004E614E002F6461740E
:1009C000612F6A656E6B696E732F776F726B7370D0
:1009D0006163652F474E552D746F6F6C6368616955
:1009E0006E2F61726D2D31352D352F7372632F6E21
:1009F00065776C69622D63796777696E2F6E6577AD
:100A00006C69622F6C6962632F7374646C69622F06
:100A100064746F612E630000B81C002000000000A9
:100A20000000803FCDCC4C3D482E0020C41C00204F
:100A3000000000000000A0410000003FF41C002066
:100A4000D01C0020CDCCCC3D0000A040CDCCCC3D76
:100A50006C2C0020DC1C0020CDCCCC3D0000803F65
:100A6000CDCC4C3D482E0020E81C00200000003F6B
:100A700000004040CDCCCC3D482E0020B81C0020CA
:100A8000000000000000803FCDCC4C3D482E0020EF
:100A9000C41C0020000000000000A0410000003F36
:100AA000F41C0020D01C0020CDCCCC3D0000A04088
:100AB000CDCCCC3D6C2C0020DC1C0020CDCCCC3D22
:100AC0000000803FCDCC4C3D482E0020E81C00208B
:100AD0000000003F00004040CDCCCC3D482E00201F
:100AE000280A291B2B0952DA51D950D84FD749D19E
:100AF0004CD44BD34ED64AD24DD53AC23BC33CC45C
:100B00003DC53EC63FC740C841C942CA43CB44CC9D
:100B100045CD0000B81C0020C41C0020D01C0020C3
:100B2000DC1C0020E81C0020481C00204C1C00207D
:100B3000501C0020541C0020581C00205C1C00206D
:100B4000601C0020641C0020681C00206C1C00201D
:100B5000701C0020741C0020781C00207C1C0020CD
:100B6000801C0020881C0020901C0020981C002065
:100B7000A01C0020A81C0020B01C0020542F2F55C2
:100B80002A2A562D2D572B2B580A0A59CD315AD1C6
:100B9000325BCE335CD0345D00355ECF365FCA3712
:100BA00060D23861CB3962C93063CC2E03040001B6
:100BB0000205000000000000003E5B4F5B3E3E6B04
:100BC0004F6B3E1C3E7C3E1C183C7E3C181C577DE7
:100BD000571C1C5E7F5E1C00183C1800FFE7C3E733
:100BE000FF0018241800FFE7DBE7FF30483A060E45
:100BF0002629792926407F050507407F05253F5A8C
:100C00003CE73C5A7F3E1C1C08081C1C3E7F1422FB
:100C10007F22145F5F005F5F06097F017F006689A6
:100C2000956A606060606094A2FFA29408047E04EC
:100C30000810207E201008082A1C08081C2A080812
:100C40001E101010100C1E0C1E0C30383E383006D2
:100C50000E3E0E06000000000000005F00000007CE
:100C6000000700147F147F14242A7F2A12231308FC
:100C7000646236495620500008070300001C2241D8
:100C8000000041221C002A1C7F1C2A08083E08087C
:100C9000008070300008080808080000606000202C
:100CA000100804023E5149453E00427F400072490F
:100CB0004949462141494D331814127F10274545B3
:100CC00045393C4A494931412111090736494949C9
:100CD00036464949291E0000140000004034000037
:100CE00000081422411414141414004122140802A0
:100CF000015909063E415D594E7C1211127C7F4913
:100D00004949363E414141227F4141413E7F494967
:100D100049417F090909013E414151737F08080893
:100D20007F00417F41002040413F017F0814224164
:100D30007F404040407F021C027F7F0408107F3EBE
:100D40004141413E7F090909063E4151215E7F092B
:100D5000192946264949493203017F01033F404092
:100D6000403F1F2040201F3F4038403F631408147D
:100D70006303047804036159494D43007F414141B5
:100D80000204081020004141417F04020102044096
:100D900040404040000307080020545478407F281A
:100DA0004444383844444428384444287F38545410
:100DB000541800087E090218A4A49C787F08040433
:100DC0007800447D40002040403D007F10284400D2
:100DD00000417F40007C047804787C080404783863
:100DE00044444438FC1824241818242418FC7C0893
:100DF000040408485454542404043F44243C404010
:100E0000207C1C2040201C3C4030403C44281028C2
:100E1000444C9090907C4464544C4400083641000B
:100E20000000770000004136080002010204023C85
:100E30002623263C1EA1A161123A4040207A385454
:100E400054555921555579412254547842215554CD
:100E5000784020545579400C1E5272123955555520
:100E600059395454545939555454580000457C410B
:100E70000002457D420001457C407D1211127DF04B
:100E8000282528F07C545545002054547C547C0A75
:100E9000097F4932494949323A4444443A324A483E
:100EA00048303A4141217A3A42402078009DA0A042
:100EB0007D3D4242423D3D4040403D3C24FF242494
:100EC000487E4943662B2FFC2F2BFF0929F620C0B3
:100ED000887E090320545479410000447D41304804
:100EE000484A32384040227A007A0A0A727D0D1947
:100EF000317D2629292F28262929292630484D40A9
:100F000020380808080808080808382F10C8ACBAA4
:100F10002F102834FA00007B000008142A14222223
:100F2000142A14085500550055AA55AA55AAFF556C
:100F3000FF55FF000000FF00101010FF00141414F4
:100F4000FF001010FF00FF1010F010F0141414FC3C
:100F5000001414F700FF0000FF00FF1414F404FC59
:100F6000141417101F10101F101F1414141F00103A
:100F70001010F0000000001F101010101F101010B3
:100F800010F010000000FF101010101010101010C2
:100F9000FF10000000FF140000FF00FF00001F1002
:100FA000170000FC04F414141710171414F404F4BC
:100FB0000000FF00F714141414141414F700F714AD
:100FC0001414171410101F101F141414F4141010FC
:100FD000F010F000001F101F0000001F14000000A0
:100FE000FC140000F010F01010FF10FF141414FF98
:100FF000141010101F00000000F010FFFFFFFFFF93
:10100000F0F0F0F0F0FFFFFF0000000000FFFF0F26
:101010000F0F0F0F3844443844FC4A4A4A347E02CA
:10102000020606027E027E0263554941633844444B
:101030003C04407E201E2006027E020299A5E7A500
:10104000991C2A492A1C4C7201724C304A4D4D3071
:101050003048784830BC625A463D3E494949007E96
:101060000101017E2A2A2A2A2A44445F444440512D
:101070004A444040444A51400000FF0103E080FFE1
:10108000000008086B6B083612362436060F090F6D
:1010900006000018180000001010003040FF010189
:1010A000001F01011E00191D1712003C3C3C3C00B2
:1010B0000000000001E002E004E008E010E020E0B1
:1010C00040E080E0FFFFFFFFFFFFFFFFFFFFFFFFAC
:1010D000FFFFFFFFFFFFFFFFFFFFFFFFFFFFFFFF20
:1010E000FFFFFFFFFFFFFFFFFFFFFFFFFFFFFF3ED1
:1010F000FFFFFF3F3435363738393A3B3C3DFFFF81
:10110000FFFEFFFFFF000102030405060708090AAE
:101110000B0C0D0E0F10111213141516171819FFC2
:10112000FFFFFFFFFF1A1B1C1D1E1F20212223246F
:1011300025262728292A2B2C2D2E2F30313233FF1C
:10114000FFFFFFFFFFFFFFFFFFFFFFFFFFFFFFFFAF
:10115000FFFFFFFFFFFFFFFFFFFFFFFFFFFFFFFF9F
:10116000FFFFFFFFFFFFFFFFFFFFFFFFFFFFFFFF8F
:10117000FFFFFFFFFFFFFFFFFFFFFFFFFFFFFFFF7F
:10118000FFFFFFFFFFFFFFFFFFFFFFFFFFFFFFFF6F
:10119000FFFFFFFFFFFFFFFFFFFFFFFFFFFFFFFF5F
:1011A000FFFFFFFFFFFFFFFFFFFFFFFFFFFFFFFF4F
:1011B000FFFFFFFFFFFFFFFFFFFFFFFFFFFFFFFF3F
:1011C000FFFFFFFF080A02060405010900000000F6
:1011D00000000000000000001DCB010029DF01001D
:1011E0004D6101005161010015F40100C5BF01000E
:1011F000C9BF01007DC20100DDBF0100F9BF0100D0
:1012000079C30100C5BF010019C0010015C001006C
:1012100051C10100F9C00100ADC1010041C201008E
:1012200041C00100ADC2010000000000000000004C
:10123000ED780100B17E0100297B01003101000041
:10124000417B010000000000000000001DCB0100F8
:1012500029DF01004D610100516101006DD70100DE
:10126000E1CF010029D70100FDCE010065CE0100CC
:10127000C5CD010079C301005DCD010019C0010099
:10128000B9D5010021D0010015D101000DD2010016
:1012900041C2010041C00100ADC2010015F40100CE
:1012A00015F4010000000000000000001DCB01004B
:1012B00029DF01004D610100516101006DD701007E
:1012C000E1CF010029D70100FDCE010065CE01006C
:1012D000C5CD010079C301005DCD0100BDDA01007B
:1012E000B9D5010021D0010015D101000DD20100B6
:1012F00041C2010041C00100ADC2010075DC010026
:1013000095DC010000000000000000001DCB010082
:1013100029DF01004D610100516101006DD701001D
:10132000E1CF010029D70100FDCE010065CE01000B
:10133000C5CD010079C301005DCD0100E9DC0100EC
:10134000B9D5010021D0010015D101000DD2010055
:1013500041C2010041C00100ADC2010075DC0100C5
:1013600095DC0100000000000000000081B70100D2
:101370009D620100A162010055610100BDB601003E
:10138000C5B601004DB70100A9B60100A562010074
:10139000E9B70100A9B7010061B7010045B8010034
:1013A0009DB8010069B70100C9B80100F1B801009A
:1013B000F4FFFFFF000000005961010035BA010091
:1013C00065B90100C1B801005D6101004161010022
:1013D00045610100D9B90100ADB90100A1B9010011
:1013E00015B901003DB9010049610100000000008C
:1013F0000000000045010000290100002D0100004F
:101400003101000035010000000000000000000074
:10141000B5FE0100ADFE0100A9FE0100A5FE010020
:10142000A1FE01009DFE010099FE010095FE010054
:101430000000000000000000918A0100C587010043
:101440002D01000031010000CD870100E19601006F
:10145000658601006986010005880100B1870100E9
:1014600071880100C187010075A60100419C01003F
:1014700019940100B9A60100F5870100BD9401008F
:10148000E5950100998801000D890100DD870100C3
:1014900045890100A1890100E19D0100F4FFFFFFE2
:1014A000000000000D98010005AB0100318901002A
:1014B000658801002D890100A98701006589010067
:1014C00079890100659C0100E8FFFFFF0000000032
:1014D00059610100B5940100FDAA010035890100A0
:1014E000ED9401008196010045610100058901002C
:1014F000598A01004D8A0100DD890100098A010035
:10150000059E01000000000000000000A5AC0100E5
:101510005DB40100A16201005561010071AB0100E1
:1015200001B201008DB401003DAC0100A5620100D3
:10153000C9AB0100F5B40100B1AB0100A1AB0100E2
:10154000A9AB0100ADAB010059AC010035AD010004
:1015500091AB010099AB01007DAD0100F4FFFFFFED
:101560000000000059610100A1AE010019B50100A1
:1015700075AD0100A9AD01006DAD010071AD0100B7
:1015800051AE01000DAE010001AE0100C1AD010080
:10159000CDAD010049610100000000000000000025
:1015A0008D14020029DF0100010F02005910020012
:1015B000210F0200C10F0200490F0200E5100200D6
:1015C00075100200FD0E0200000000000000000087
:1015D000B9920000B1920000A9920000000102033C
:1015E00000000100000003000000020000000600EF
:1015F0000000040000000C000000080000000900CA
:101600000001020304050000D8399D270054EA2A8E
:1016100000A4781F007B9A17000000000000000063
:1016200000000000000000000000000000000000BA
:1016300000000000000000000000000000000000AA
:1016400000000000000000001011121314151617FE
:101650001819000000000000001A1B1C1D1E1F00AE
:10166000000000000000000000000000000000007A
:101670000000000000000000001A1B1C1D1E1F00BF
:10168000000000000000000000000000000000005A
:10169000000000000000000000000000000000004A
:1016A000000000000000000000000000000000003A
:1016B000000000000000000000000000000000002A
:1016C000000000000000000000000000000000001A
:1016D000000000000000000000000000000000000A
:1016E00000000000000000000000000000000000FA
:1016F00000000000000000000000000000000000EA
:1017000000000000000000000000000000000000D9
:101710000000000000000000A2000000F9A200008C
:1017200083F9A2006E83F9A24E6E83F9444E6E8354
:1017300015444E6E2915444EFC29154427FC2915E5
:101740005727FC29D15727FCF5D1572734F5D15716
:10175000DD34F5D1C0DD34F5DBC0DD3462DBC0DD66
:101760009562DBC0999562DB3C999562433C999503
:1017700090433C994190433C002020202020202091
:101780002020282828282820202020202020202031
:101790002020202020202020208810101010101041
:1017A000101010101010101010040404040404048D
:1017B0000404041010101010101041414141414127
:1017C0000101010101010101010101010101010109
:1017D0000101010110101010101042424242424219
:1017E00002020202020202020202020202020202D9
:1017F0000202020210101010200000000000000081
:1018000000000000000000000000000000000000D8
:1018100000000000000000000000000000000000C8
:1018200000000000000000000000000000000000B8
:1018300000000000000000000000000000000000A8
:101840000000000000000000000000000000000098
:101850000000000000000000000000000000000088
:101860000000000000000000000000000000000078
:1018700000000000000000000000000020202020E8
:101880002020202020202020202020202020202058
:101890002020202020202020202020200000004286
:1018A000C8801F40B8821F400800000000000042AE
:1018B000C4801F40B4821F400400000000C00042EA
:1018C00024801F4014821F401000000000C000420E
:1018D00028801F4018821F402000000000C00042E6
:1018E0002C801F401C821F404000000000C00042AE
:1018F00034801F4024821F4000010000004000424D
:1019000064811F4054831F400004000000400042D7
:1019100080811F4070831F40000002000040004291
:101920007C811F406C831F4000000100004000428A
:1019300068811F4058831F4000080000004000429B
:101940003C811F402C831F400100000000400042EA
:1019500044811F4034831F400400000000400042C7
:1019600040811F4030831F400200000000400042C1
:1019700048811F4038831F400800000000000042DB
:1019800004811F40F4821F40000004000000004258
:1019900008811F40F8821F4000000800000000423C
:1019A00018811F4008831F40000080000000004293
:1019B00014811F4004831F400000400000000042CB
:1019C00000811F40F0821F40000002000000004222
:1019D000FC801F40EC821F4000000100000000421C
:1019E00024811F4014831F400000000400000042B7
:1019F00028811F4018831F4000000008000000429B
:101A00001C811F400C831F400000000100000042A9
:101A100020811F4010831F40000000020000004290
:101A2000EC801F40DC821F400010000000000042DC
:101A3000F0801F40E0821F400020000000000042B4
:101A400034811F4024831F400000004000000042FA
:101A500038811F4028831F40000000800080004222
:101A600094801F4084821F400000040000C0004298
:101A700090801F4080821F40000000800080004254
:101A8000A8801F4098821F40000080000080004214
:101A9000A4801F4094821F4000004000004000428C
:101AA0006C811F405C831F400010000000C000429A
:101AB00030801F4020821F40800000000040004214
:101AC000B0811F40A0831F40000000200040004262
:101AD000AC811F409C831F4000000010004000426A
:101AE00084811F4074831F400000040000400042B6
:101AF00088811F4078831F400000080000000042DA
:101B00002C811F401C831F40000000100000004279
:101B100030811F4020831F40000000200000004251
:101B20000C811F40FC821F4000001000000000429A
:101B300010811F4000831F400000200000800042F1
:101B4000C8811F40B8831F40008000000080004211
:101B5000C4811F40B4831F40004000000080004249
:101B6000C0811F40B0831F40002000000080004261
:101B7000BC811F40AC831F40001000000080004269
:101B8000D0811F40C0831F4000000200008000423F
:101B9000CC811F40BC831F400000010000C00042F8
:101BA00074801F4064821F400000000100C000429A
:101BB00080801F4070821F400000000800C000426B
:101BC00084801F4074821F400000001000C000424B
:101BD0006C801F405C821F400000400000C000423B
:101BE0007C801F406C821F400000000400C0004247
:101BF00078801F4068821F400000000200C0004241
:101C000088801F4078821F400000002035000000BF
:101C1000CEFBFFFFCB03000001000000000000002E
:101C200034000000CEFBFFFFCB03000001000000EA
:101C3000000000002C5E7460616264346667656E4B
:101C4000362D3738271E1F202122232425267333C3
:101C5000762E77785F4445464748494A4B4C4D4E6F
:101C60004F505152535455565758595A5B5C5D2F3B
:101C70003130636D350405060708090A0B0C0D0E9B
:101C80000F101112131415161718191A1B1C1D6F9B
:101C90007170752A05000000190000007D00000029
:101CA00007080C0B06050F000D0E010283840708C0
:101CB0000C0B06050F000D0E01028384FFFFFFFFD2
:101CC000FFFFFFFFFFFF8182090A00000001000003
:101CD000F85000201200000000060000F82100600B
:101CE0000A0000000002000048210060AF00000070
:101CF0000007000098200060AF00000000220200F2
:101D0000485400203F000000002102009C21006098
:101D10000900000000220300B0540020540000001D
:101D200000210300B521006009000000002204002A
:101D3000F05300205500000000210400CE21006077
:101D4000090000000022050088540020280000003F
:101D500000210500E72100600900000000030000E9
:101D60009420006000000000010309047C20006052
:101D700000000000020309043C2000600000000095
:101D800003030904045500200000000000000000C7
:101D900000000000000000003030303030303030C3
:101DA0003030303030303030303030303030303033
:101DB00030303030303030300000000000000000A3
:101DC0000000000000000000204600202046002007
:101DD00028460020284600203046002030460020BB
:101DE000384600203846002040460020404600206B
:101DF000484600204846002050460020504600201B
:101E000058460020584600206046002060460020CA
:101E1000684600206846002070460020704600207A
:101E2000784600207846002080460020804600202A
:101E300088460020884600209046002090460020DA
:101E40009846002098460020A0460020A04600208A
:101E5000A8460020A8460020B0460020B04600203A
:101E6000B8460020B8460020C0460020C0460020EA
:101E7000C8460020C8460020D0460020D04600209A
:101E8000D8460020D8460020E0460020E04600204A
:101E9000E8460020E8460020F0460020F0460020FA
:101EA000F8460020F84600200047002000470020A8
:101EB0000847002008470020104700201047002056
:101EC0001847002018470020204700202047002006
:101ED00028470020284700203047002030470020B6
:101EE0003847002038470020404700204047002066
:101EF0004847002048470020504700205047002016
:101F000058470020584700206047002060470020C5
:101F10006847002068470020704700207047002075
:101F20007847002078470020804700208047002025
:101F300088470020884700209047002090470020D5
:101F40009847002098470020A0470020A047002085
:101F5000A8470020A8470020B0470020B047002035
:101F6000B8470020B8470020C0470020C0470020E5
:101F7000C8470020C8470020D0470020D047002095
:101F8000D8470020D8470020E0470020E047002045
:101F9000E8470020E8470020F0470020F0470020F5
:101FA000F8470020F84700200048002000480020A3
:101FB0000848002008480020104800201048002051
:101FC0001848002018480020204800202048002001
:101FD00028480020284800203048002030480020B1
:101FE0003848002038480020404800204048002061
:101FF0004848002048480020504800205048002011
:1020000058480020584800206048002060480020C0
:102010006848002068480020704800207048002070
:102020007848002078480020804800208048002020
:1020300088480020884800209048002090480020D0
:102040009848002098480020A0480020A048002080
:10205000A8480020A8480020B0480020B048002030
:10206000B8480020B8480020C0480020C0480020E0
:10207000C8480020C8480020D0480020D048002090
:10208000D8480020D8480020E0480020E048002040
:10209000E8480020E8480020F0480020F0480020F0
:1020A000F8480020F848002000490020004900209E
:1020B000084900200849002010490020104900204C
:1020C00018490020184900202049002020490020FC
:1020D00028490020284900203049002030490020AC
:1020E000384900203849002040490020404900205C
:1020F000484900204849002050490020504900200C
:1021000058490020584900206049002060490020BB
:10211000684900206849002070490020704900206B
:10212000784900207849002080490020804900201B
:1021300088490020884900209049002090490020CB
:102140009849002098490020A0490020A04900207B
:10215000A8490020A8490020B0490020B04900202B
:10216000B8490020B8490020C0490020C0490020DB
:10217000C8490020C8490020D0490020D04900208B
:10218000D8490020D8490020E0490020E04900203B
:10219000E8490020E8490020F0490020F0490020EB
:1021A000F8490020F8490020004A0020004A002099
:1021B000084A0020084A0020104A0020104A002047
:1021C000184A0020184A002000000000AC9A0020A5
:1021D000149B00207C9B00200000000000000000F9
:1021E00000000000000000000000000000000000EF
:1021F00000000000000000000000000000000000DF
:1022000000000000000000000000000000000000CE
:1022100000000000000000000000000000000000BE
:1022200000000000000000000000000000000000AE
:10223000000000000000000000000000000000009E
:10224000000000000000000000000000000000008E
:10225000000000000000000000000000000000007E
:1022600001000000000000000E33CDAB34126DE61B
:10227000ECDE05000B000000000000000000000084
:10228000000000000000000000000000000000004E
:10229000000000000000000000000000000000003E
:1022A000000000000000000000000000000000002E
:1022B000000000000000000000000000000000001E
:1022C000000000000000000000000000000000000E
:1022D00000000000000000000000000000000000FE
:1022E00000000000000000000000000000000000EE
:1022F00000000000000000000000000000000000DE
:1023000000000000000000000000000000000000CD
:1023100000000000000000000000000000000000BD
:1023200000000000000000000000000000000000AD
:10233000000000000000000000000000000000009D
:10234000000000000000000000000000000000008D
:10235000000000000000000000000000000000007D
:10236000000000000000000000000000000000006D
:10237000000000000000000000000000000000005D
:10238000000000000000000000000000000000004D
:10239000000000000000000000000000000000003D
:1023A000000000000000000000000000000000002D
:1023B000000000000000000000000000000000001D
:1023C00000000000000000000029DE07007B9A17D3
:1023D00000003A40A81F006000000000000000005C
:1023E00000000000000000000000000000000000ED
:1023F00000000000000000000000000000000000DD
:1024000000000000000000000000000000000000CC
:1024100000000000000000000000000000000000BC
:1024200000C03940381F00600000000000000000BC
:10243000000000000000000000000000000000009C
:10244000000000000000000000000000000000008C
:10245000000000000000000000000000000000007C
:10246000000000000000000000000000000000006C
:1024700000403940C81E006000000000000000005D
:10248000000000000000000000000000000000004C
:10249000000000000000000000000000000000003C
:1024A000000000000000000000000000000000002C
:1024B000000000000000000000000000000000001C
:1024C000703C002000000000E80300000000000055
:1024D000003E002000000000E803000000000000B3
:1024E00000801840984D0020000000005883002014
:1024F00018830020000000000000000028000000F9
:102500004000000028000000400000000000000023
:1025100000000000000000000000000000000000BB
:1025200000000000000000000000000000000000AB
:102530000000803F0000803F021500001DDF010009
:102540000000000068C00F40000000300F000000D5
:10255000020000002C851F4001000000FF00000069
:10256000FF00000000000000000000000E0000005E
:102570000200000030851F4001000000FF00000045
:10258000FF000000000000000000000013024000F7
:102590002600180078000000FFFFFFFF8002000007
:1025A000052000010000000008000FC0000000002E
:1025B0000000000005200001000000005E04DD02B4
:1025C00003005E04EA0203005E04120B03005E04D3
:1025D000190704005E048E0207007E05092007012A
:1025E00079001C2007004C05680201014C052F04EE
:1025F00001014C05D50305014C05C40502014C053C
:10260000CC0902015C0AE82102016D0426C606011C
:102610006D0428C606010000303E0020420C000078
:102620006C9A00204033202000000000430000008E
:10263000000000000000000000000000000000009A
:102640000000000000000000000000004300000047
:10265000000000000000000000000000000000007A
:102660000000000000000000000000004300000027
:10267000000000000000000000000000000000005A
:102680000000000000000000000000004300000007
:10269000000000000000000000000000000000003A
:1026A00000000000000000000000000043000000E7
:1026B000000000000000000000000000000000001A
:1026C00000000000000000000000000043000000C7
:1026D00000000000000000000000000000000000FA
:1026E00000000000000000000000000043000000A7
:1026F00000000000000000000000000000000000DA
:102700000000000000000000000000004300000086
:1027100000000000000000000000000000000000B9
:1027200000000000000000000000000000000000A9
:102730000000000000000000000000000000000099
:102740000000000000000000000000000000000089
:102750000000000000000000000000000000000079
:102760000000000000000000000000000000000069
:102770000000000000000000000000000000000059
:102780000000000000000000000000000000000049
:102790000000000000000000000000000000000039
:1027A0000000000000000000000000000000000029
:1027B0000000000000000000000000000000000019
:1027C0000000000000000000000000000000000009
:1027D00000000000000000000000000000000000F9
:1027E00000000000000000000000000000000000E9
:1027F0000000000061670200815C02000000000030
:10280000D83F0020BC0C0020482E0020482E00207D
:10281000482E0020482E0020482E0020482E002060
:10282000482E0020482E0020482E0020FFFFFFFFEA
:10283000FFFFFFFFFFFFFFFFFFFF0000010041530D
:1028400043494900000000000000000000000000B3
:1028500000000000000000000000000000004153E4
:102860004349490000000000000000000000000093
:102870000000000000000000000000000000000058
:10288000FFFFFFFF00000200000000000300000047
:10289000AC9A0020284A002012010002EF020140F9
:1028A000C01687048002010203010000000000003E
:1028B0000000000000000000000000000000000018
:1028C0000000000000000000CDCCCC3DCDCC4C3F42
:1028D00000004842010000000000484200000000E3
:1028E00000000000000000000000000000000000E8
:1028F0000000000000000000010000000000803F18
:1029000000000000000000000000000000000100C6
:102910000000803F000300000000000000000000F5
:1029200000000000000000000000000000000000A7
:10293000000000000019040000000000000000007A
:1029400000000000000000000000321928280000EC
:102950000000000000000000000000000000000077
:102960000000000000000000000000000000000067
:1029700032000000C8000000000000000000803F9E
:102980000000803F0000803F0000803F881300006F
:1029900065EF010065EF010065EF010065EF0100E3
:1029A00065EF010065EF010065EF010065EF0100D3
:1029B00065EF010065EF010065EF010065EF0100C3
:1029C00065EF010065EF010065EF010065EF0100B3
:1029D00065EF010065EF010065EF010065EF0100A3
:1029E00065EF010065EF010065EF010065EF010093
:1029F00065EF010065EF010065EF010065EF010083
:102A000065EF010065EF010065EF010065EF010072
:102A100065EF010065EF010065EF010065EF010062
:102A200065EF010065EF010065EF010065EF010052
:102A300065EF010065EF010065EF010065EF010042
:102A400065EF010065EF010065EF010065EF010032
:102A500065EF010065EF010065EF010065EF010022
:102A600065EF010065EF010065EF010065EF010012
:102A700065EF010065EF010065EF010065EF010002
:102A800065EF010065EF010065EF010065EF0100F2
:102A900065EF010065EF010065EF010065EF0100E2
:102AA00065EF010065EF010065EF010065EF0100D2
:102AB00065EF010065EF010065EF010065EF0100C2
:102AC00065EF010065EF010065EF010065EF0100B2
:102AD00065EF010065EF010065EF010065EF0100A2
:102AE00065EF010065EF010065EF010065EF010092
:102AF00065EF010065EF010065EF010065EF010082
:102B000065EF010065EF010065EF010065EF010071
:102B100065EF010065EF010065EF010065EF010061
:102B200065EF010065EF010065EF010065EF010051
:102B300065EF010065EF010065EF010065EF010041
:102B400065EF010065EF010065EF010065EF010031
:102B500065EF010065EF010065EF010065EF010021
:102B600065EF010065EF010065EF010065EF010011
:102B700065EF010065EF010065EF010065EF010001
:102B800065EF010065EF010065EF010065EF0100F1
:102B900005010904A101150025017501952005090C
:102BA000190129208102150025073500463B0175D2
:102BB000049501651405010939814205010901A146
:102BC00000150026FF03750A950409300931093202
:102BD00009358102C0150026FF03750A95020936E2
:102BE00009368102C000000005010906A101750136
:102BF0009508050719E029E71500250181029501CF
:102C000075088103950575010508190129059102CB
:102C1000950175039103950675081500257F050735
:102C20001900297F8100C000050C0901A101750A66
:102C3000950419002A9C021500269C0281000501BA
:102C400075089503190029B7150026B7008100C043
:102C500005010902A10185010509190129081500CD
:102C600025019508750181020501093009310938EE
:102C70001581257F750895038106050C0A38021514
:102C800081257F750895018106C005010902A10112
:102C90008502050109300931150026FF7F75109561
:102CA000028102C00C0300000000000000000000D0
:102CB00000000000000000000000FF010101FF0112
:102CC000FF014601010000000000000000000000BC
:102CD00000000000000000000000000000000000F4
:102CE00000000000000000000000000000000000E4
:102CF00000000000000000000000000000000000D4
:102D000000000000000000000000000000000000C3
:102D100000000000000000000000000000000000B3
:102D200000000000000000000000000000000000A3
:102D30000000000000000000000000000000000093
:102D40000000000000000000000000000000000083
:102D50000000000000000000000000000000000073
:102D60000000000000000000000000000000000063
:102D70000000000000000000000000000000000053
:102D80000000000000000000000000000000000043
:102D90000000000000000000000000000000000033
:102DA0000000000000000000000000000000000023
:102DB0000000000000000000000000000000000013
:102DC0000000000000000000000000000000000003
:102DD00000000000000000000000000000000000F3
:102DE00000000000000000000000000000000000E3
:102DF00000000000000000000000000000000000D3
:102E000000000000000000000000000000000000C2
:102E100000000000000000000000000000000000B2
:102E200000000000000000000000000000000000A2
:102E30000000000000000000000000000000000092
:102E40000000000000000000000000000000000082
:102E50000000000000000000000000000000000072
:102E60000000000000000000000000000000000062
:102E70000000000000000000000000000000000052
:102E80000000000000000000000000000000000042
:102E90000000000000000000000000000000000032
:102EA0000000000000000000000000000000000022
:102EB0000000000000000000000000000000000012
:102EC0000000000000000000000000000000000002
:102ED00000000000000000000000000000000000F2
:102EE00000000000000000000000000000000000E2
:102EF00000000000000000000000000000000000D2
:102F000000000000000000000000000000000000C1
:102F100000000000000000000000000000000000B1
:102F200000000000000000000000000000000000A1
:102F30000000000000000000000000000000000091
:102F40000000000000000000000000000000000081
:102F50000000000000000000000000000000000071
:102F60000000000000000000000000000000000061
:102F70000000000000000000000000000000000051
:102F80000000000000000000000000000000000041
:102F90000000000000000000000000000000000031
:102FA0000000000000000000000000000000000021
:102FB0000000000000000000000000000000000011
:102FC0000000000000000000000000000000000001
:102FD00000000000000000000000000000000000F1
:102FE00000000000000000000000000000000000E1
:102FF00000000000000000000000000000000000D1
:1030000000000000000000000000000000000000C0
:1030100000000000000000000000000000000000B0
:1030200000000000000000000000000000000000A0
:103030000000000000000000000000000000000090
:103040000000000000000000000000000000000080
:103050000000000000000000000000000000000070
:103060000000000000000000000000000000000060
:103070000000000000000000000000000000000050
:103080000000000000000000000000000000000040
:103090000000000000000000000000000000000030
:1030A0000000000000000000000000000000000020
:1030B0000000000000000000000000000000000010
:1030C0000000000000000000000000000000000000
:1030D00000000000000000000000000000000000F0
:1030E00000000000000000000000000000000000E0
:1030F00000000000000000000000000000000000D0
:1031000000000000000000000000000000000000BF
:1031100000000000000000000000000000000000AF
:10312000000000000000000000000000000000009F
:10313000000000000000000000000000000000008F
:10314000000000000000000000000000000000007F
:10315000000000000000000000000000000000006F
:10316000000000000000000000000000000000005F
:10317000000000000000000000000000000000004F
:10318000000000000000000000000000000000003F
:10319000000000000000000000000000000000002F
:1031A000000000000000000000000000000000001F
:1031B000000000000000000000000000000000000F
:1031C00000000000000000000000000000000000FF
:1031D00000000000000000000000000000000000EF
:1031E00000000000000000000000000000000000DF
:1031F00000000000000000000000000000000000CF
:1032000000000000000000000000000000000000BE
:1032100000000000000000000000000000000000AE
:10322000000000000000000000000000000000009E
:10323000000000000000000000000000000000008E
:10324000000000000000000000000000000000007E
:10325000000000000000000000000000000000006E
:10326000FFFFFFFFFFFFFFFFFFFFFFFFFFFFFFFF6E
:10327000FFFFFFFFFFFFFFFFFFFFFFFFFFFFFFFF5E
:10328000FFFFFFFFFFFFFFFFFFFFFFFFFFFFFFFF4E
:10329000FFFFFFFFFFFFFFFFFFFFFFFFFFFFFFFF3E
:1032A000FFFFFFFFFFFFFFFFFFFFFFFFFFFFFFFF2E
:1032B000FFFFFFFFFFFFFFFFFFFFFFFFFFFFFFFF1E
:1032C000FFFFFFFFFFFFFFFFFFFFFFFFFFFFFFFF0E
:1032D000FFFFFFFFFFFFFFFFFFFFFFFFFFFFFFFFFE
:1032E000FFFFFFFFFFFFFFFFFFFFFFFFFFFFFFFFEE
:1032F000FFFFFFFFFFFFFFFFFFFFFFFFFFFFFFFFDE
:10330000FFFFFFFFFFFFFFFFFFFFFFFFFFFFFFFFCD
:10331000FFFFFFFFFFFFFFFFFFFFFFFFFFFFFFFFBD
:10332000FFFFFFFFFFFFFFFFFFFFFFFFFFFFFFFFAD
:10333000FFFFFFFFFFFFFFFFFFFFFFFFFFFFFFFF9D
:10334000FFFFFFFFFFFFFFFFFFFFFFFFFFFFFFFF8D
:10335000FFFFFFFFFFFFFFFFFFFFFFFFFFFFFFFF7D
:10336000FFFFFFFFFFFFFFFFFFFFFFFFFFFFFFFF6D
:10337000FFFFFFFFFFFFFFFFFFFFFFFFFFFFFFFF5D
:10338000FFFFFFFFFFFFFFFFFFFFFFFFFFFFFFFF4D
:10339000FFFFFFFFFFFFFFFFFFFFFFFFFFFFFFFF3D
:1033A000FFFFFFFFFFFFFFFFFFFFFFFFFFFFFFFF2D
:1033B000FFFFFFFFFFFFFFFFFFFFFFFFFFFFFFFF1D
:1033C000FFFFFFFFFFFFFFFFFFFFFFFFFFFFFFFF0D
:1033D000FFFFFFFFFFFFFFFFFFFFFFFFFFFFFFFFFD
:1033E000FFFFFFFFFFFFFFFFFFFFFFFFFFFFFFFFED
:1033F000FFFFFFFFFFFFFFFFFFFFFFFFFFFFFFFFDD
:1034000000000000000000000000000000000000BC
:1034100000000000000000000000000000000000AC
:10342000000000000000000000000000000000009C
:10343000000000000000000000000000000000008C
:10344000000000000000000000000000000000007C
:10345000000000000000000000000000000000006C
:10346000000000000000000000000000000000005C
:10347000000000000000000000000000000000004C
:10348000000000000000000000000000000000003C
:10349000000000000000000000000000000000002C
:1034A000000000000000000000000000000000001C
:1034B000000000000000000000000000000000000C
:1034C00000000000000000000000000000000000FC
:1034D00000000000000000000000000000000000EC
:1034E00000000000000000000000000000000000DC
:1034F00000000000000000000000000000000000CC
:1035000000000000000000000000000000000000BB
:1035100000000000000000000000000000000000AB
:10352000000000000000000000000000000000009B
:10353000000000000000000000000000000000008B
:10354000000000000000000000000000000000007B
:10355000000000000000000000000000000000006B
:10356000000000000000000000000000000000005B
:10357000000000000000000000000000000000004B
:10358000000000000000000000000000000000003B
:10359000000000000000000000000000000000002B
:1035A000000000000000000000000000000000001B
:1035B000000000000000000000000000000000000B
:1035C00000000000000000000000000000000000FB
:1035D00000000000000000000000000000000000EB
:1035E00000000000000000000000000000000000DB
:1035F00000000000000000000000000000000000CB
:1036000000000000000000000000000000000000BA
:1036100000000000000000000000000000000000AA
:10362000000000000000000000000000000000009A
:10363000000000000000000000000000000000008A
:10364000000000000000000000000000000000007A
:10365000000000000000000000000000000000006A
:10366000000000000000000000000000000000005A
:10367000000000000000000000000000000000004A
:10368000000000000000000000000000000000003A
:10369000000000000000000000000000000000002A
:1036A000000000000000000000000000000000001A
:1036B000000000000000000000000000000000000A
:1036C00000000000000000000000000000000000FA
:1036D00000000000000000000000000000000000EA
:1036E00000000000000000000000000000000000DA
:1036F00000000000000000000000000000000000CA
:1037000000000000000000000000000000000000B9
:1037100000000000000000000000000000000000A9
:103720000000000000000000000000000000000099
:103730000000000000000000000000000000000089
:103740000000000000000000000000000000000079
:103750000000000000000000000000000000000069
:103760000000000000000000000000000000000059
:103770000000000000000000000000000000000049
:103780000000000000000000000000000000000039
:103790000000000000000000000000000000000029
:1037A0000000000000000000000000000000000019
:1037B0000000000000000000000000000000000009
:1037C00000000000000000000000000000000000F9
:1037D00000000000000000000000000000000000E9
:1037E00000000000000000000000000000000000D9
:1037F00000000000000000000000000000000000C9
:1038000000000000000000000000000000000000B8
:1038100000000000000000000000000000000000A8
:103820000000000000000000000000000000000098
:103830000000000000000000000000000000000088
:103840000000000000000000000000000000000078
:103850000000000000000000000000000000000068
:103860000000000000000000000000000000000058
:103870000000000000000000000000000000000048
:103880000000000000000000000000000000000038
:103890000000000000000000000000000000000028
:1038A0000000000000000000000000000000000018
:1038B0000000000000000000000000000000000008
:1038C00000000000000000000000000000000000F8
:1038D00000000000000000000000000000000000E8
:1038E00000000000000000000000000000000000D8
:1038F00000000000000000000000000000000000C8
:1039000000000000000000000000000000000000B7
:1039100000000000000000000000000000000000A7
:103920000000000000000000000000000000000097
:103930000000000000000000000000000000000087
:103940000000000000000000000000000000000077
:103950000000000000000000000000000000000067
:103960000000000000000000000000000000000057
:103970000000000000000000000000000000000047
:103980000000000000000000000000000000000037
:103990000000000000000000000000000000000027
:1039A0000000000000000000000000000000000017
:1039B0000000000000000000000000000000000007
:1039C00000000000000000000000000000000000F7
:1039D00000000000000000000000000000000000E7
:1039E00000000000000000000000000000000000D7
:1039F00000000000000000000000000000000000C7
:103A000000000000000000000000000000000000B6
:103A100000000000000000000000000000000000A6
:103A20000000000000000000000000000000000096
:103A30000000000000000000000000000000000086
:103A40000000000000000000000000000000000076
:103A50000000000000000000000000000000000066
:103A60000000000000000000000000000000000056
:103A70000000000000000000000000000000000046
:103A80000000000000000000000000000000000036
:103A90000000000000000000000000000000000026
:103AA0000000000000000000000000000000000016
:103AB0000000000000000000000000000000000006
:103AC00000000000000000000000000000000000F6
:103AD00000000000000000000000000000000000E6
:103AE00000000000000000000000000000000000D6
:103AF00000000000000000000000000000000000C6
:103B000000000000000000000000000000000000B5
:103B100000000000000000000000000000000000A5
:103B20000000000000000000000000000000000095
:103B30000000000000000000000000000000000085
:103B40000000000000000000000000000000000075
:103B50000000000000000000000000000000000065
:103B60000000000000000000000000000000000055
:103B70000000000000000000000000000000000045
:103B80000000000000000000000000000000000035
:103B90000000000000000000000000000000000025
:103BA0000000000000000000000000000000000015
:103BB0000000000000000000000000000000000005
:103BC00000000000000000000000000000000000F5
:103BD00000000000000000000000000000000000E5
:103BE00000000000000000000000000000000000D5
:103BF00000000000000000000000000000000000C5
:103C000000000000000000000000000000000000B4
:103C100000000000000000000000000000000000A4
:103C20000000000000000000000000000000000094
:103C30000000000000000000000000000000000084
:103C40000000000000000000000000000000000074
:103C50000000000000000000000000000000000064
:103C60000000000000000000000000000000000054
:103C70000000000000000000000000000000000044
:103C80000000000000000000000000000000000034
:103C90000000000000000000000000000000000024
:103CA0000000000000000000000000000000000014
:103CB0000000000000000000000000000000000004
:103CC00000000000000000000000000000000000F4
:103CD00000000000000000000000000000000000E4
:103CE00000000000000000000000000000000000D4
:103CF00000000000000000000000000000000000C4
:103D000000000000000000000000000000000000B3
:103D100000000000000000000000000000000000A3
:103D20000000000000000000000000000000000093
:103D30000000000000000000000000000000000083
:103D40000000000000000000000000000000000073
:103D50000000000000000000000000000000000063
:103D60000000000000000000000000000000000053
:103D70000000000000000000000000000000000043
:103D80000000000000000000000000000000000033
:103D90000000000000000000000000000000000023
:103DA0000000000000000000000000000000000013
:103DB0000000000000000000000000000000000003
:103DC00000000000000000000000000000000000F3
:103DD00000000000000000000000000000000000E3
:103DE00000000000000000000000000000000000D3
:103DF00000000000000000000000000000000000C3
:103E000000000000000000000000000000000000B2
:103E100000000000000000000000000000000000A2
:103E20000000000000000000000000000000000092
:103E30000000000000000000000000000000000082
:103E40000000000000000000000000000000000072
:103E50000000000000000000000000000000000062
:103E60000000000000000000000000000000000052
:103E70000000000000000000000000000000000042
:103E80000000000000000000000000000000000032
:103E90000000000000000000000000000000000022
:103EA0000000000000000000000000000000000012
:103EB0000000000000000000000000000000000002
:103EC00000000000000000000000000000000000F2
:103ED00000000000000000000000000000000000E2
:103EE00000000000000000000000000000000000D2
:103EF00000000000000000000000000000000000C2
:103F000000000000000000000000000000000000B1
:103F100000000000000000000000000000000000A1
:103F20000000000000000000000000000000000091
:103F30000000000000000000000000000000000081
:103F40000000000000000000000000000000000071
:103F50000000000000000000000000000000000061
:103F60000000000000000000000000000000000051
:103F70000000000000000000000000000000000041
:103F80000000000000000000000000000000000031
:103F90000000000000000000000000000000000021
:103FA0000000000000000000000000000000000011
:103FB0000000000000000000000000000000000001
:103FC00000000000000000000000000000000000F1
:103FD00000000000000000000000000000000000E1
:103FE00000000000000000000000000000000000D1
:103FF00000000000000000000000000000000000C1
:040000056000100087
:00000001FF
